species,class,order,weight_kg,length_cm,conservation_status
Participant rich,Aves,Rodentia,888.213,2975.25,Near Threatened
Nor article,Reptilia,Squamata,2538.626,538.26,Least Concern
On spring,Amphibia,Anura,3306.012,1145.38,Critically Endangered
Majority one,Aves,Squamata,4053.584,1278.56,Vulnerable
Fear model,Amphibia,Anura,36.378,2587.46,Near Threatened
Television hundred,Amphibia,Anura,2172.961,2519.21,Critically Endangered
Order stuff,Amphibia,Carnivora,436.874,1898.77,Critically Endangered
Manager shoulder,Mammalia,Squamata,731.772,1035.46,Least Concern
For force,Actinopterygii,Carnivora,3204.081,546.03,Least Concern
Building pick,Reptilia,Anura,4335.43,1858.13,Near Threatened
One type,Mammalia,Carnivora,3120.103,887.98,Vulnerable
Tax national,Actinopterygii,Carnivora,4699.906,2101.17,Critically Endangered
And those,Reptilia,Primates,936.147,111.19,Critically Endangered
Drug career,Amphibia,Carnivora,4675.359,478.67,Critically Endangered
Could recent,Actinopterygii,Rodentia,1809.982,1486.42,Vulnerable
Wish specific,Mammalia,Passeriformes,2546.115,1992.78,Least Concern
Improve record,Aves,Anura,2110.406,809.14,Near Threatened
Indicate throughout,Aves,Anura,1909.891,2.29,Least Concern
Suddenly history,Actinopterygii,Squamata,449.283,2421.92,Least Concern
Various feel,Mammalia,Squamata,3104.44,2547.14,Endangered
Direction find,Reptilia,Passeriformes,967.258,1357.92,Critically Endangered
Call state,Actinopterygii,Anura,923.695,2554.78,Extinct in the Wild
Fear good,Amphibia,Passeriformes,3803.2,1906.24,Least Concern
So life,Actinopterygii,Primates,2603.861,2465.58,Endangered
Simply every,Aves,Anura,1723.383,139.64,Vulnerable
Class use,Aves,Passeriformes,2747.769,2273.66,Least Concern
Both career,Actinopterygii,Rodentia,703.234,885.03,Critically Endangered
Few truth,Reptilia,Carnivora,3271.951,2037.25,Extinct in the Wild
They read,Mammalia,Primates,177.894,87.57,Critically Endangered
Interest five,Actinopterygii,Squamata,4712.487,928.39,Extinct in the Wild
Cold agreement,Reptilia,Squamata,4896.394,781.49,Extinct in the Wild
Employee no,Aves,Anura,931.358,2324.81,Near Threatened
Most subject,Aves,Anura,3890.666,2010.01,Vulnerable
Father government,Actinopterygii,Passeriformes,2273.818,2754.89,Extinct in the Wild
Guess open,Actinopterygii,Passeriformes,4715.246,1492.42,Near Threatened
Create become,Mammalia,Squamata,4480.663,1838.18,Vulnerable
Station receive,Actinopterygii,Primates,3614.922,912.94,Critically Endangered
Real there,Amphibia,Carnivora,2672.258,845.89,Critically Endangered
Direction better,Actinopterygii,Anura,4038.692,367.81,Endangered
However sound,Reptilia,Carnivora,4456.041,1451.0,Near Threatened
Just follow,Actinopterygii,Squamata,4076.329,382.71,Critically Endangered
Board cultural,Actinopterygii,Rodentia,3285.737,797.67,Extinct in the Wild
Form summer,Aves,Rodentia,4018.023,859.53,Critically Endangered
Anything prevent,Amphibia,Passeriformes,371.971,1802.0,Least Concern
Consumer blood,Aves,Anura,3032.943,643.94,Least Concern
Later water,Actinopterygii,Passeriformes,1886.114,1817.55,Critically Endangered
Authority method,Amphibia,Primates,4222.826,105.09,Endangered
Control American,Amphibia,Primates,1290.421,1545.58,Critically Endangered
Yourself lay,Actinopterygii,Carnivora,3464.699,2397.28,Critically Endangered
Continue newspaper,Mammalia,Squamata,4371.627,461.76,Critically Endangered
Throw impact,Reptilia,Rodentia,1789.923,2097.06,Extinct in the Wild
Listen parent,Actinopterygii,Primates,175.596,2045.24,Least Concern
Shoulder table,Actinopterygii,Rodentia,3994.643,525.53,Least Concern
Serve way,Aves,Rodentia,3957.182,1605.63,Vulnerable
White follow,Aves,Passeriformes,4863.323,1906.94,Least Concern
Network song,Mammalia,Rodentia,1728.434,1756.91,Near Threatened
Agree outside,Amphibia,Carnivora,1530.244,1399.59,Extinct in the Wild
Away sing,Aves,Anura,3011.37,1668.78,Least Concern
Most contain,Actinopterygii,Passeriformes,1956.394,941.26,Critically Endangered
Control accept,Actinopterygii,Rodentia,702.907,2816.96,Least Concern
Other wall,Mammalia,Primates,4080.537,612.38,Endangered
Get money,Actinopterygii,Carnivora,3390.159,2771.72,Extinct in the Wild
Value that,Reptilia,Carnivora,1404.143,2576.38,Endangered
Public next,Reptilia,Squamata,3754.061,1316.35,Critically Endangered
Ready thus,Actinopterygii,Carnivora,3011.785,2184.42,Near Threatened
Set with,Aves,Rodentia,1657.177,1707.06,Critically Endangered
Pay unit,Amphibia,Anura,206.281,2295.08,Endangered
Soldier single,Actinopterygii,Anura,804.268,1534.65,Endangered
Herself including,Mammalia,Squamata,3591.477,1359.48,Near Threatened
Book full,Amphibia,Passeriformes,91.117,510.05,Extinct in the Wild
Word identify,Actinopterygii,Squamata,3659.165,1495.54,Endangered
Summer late,Amphibia,Primates,1014.957,1591.19,Critically Endangered
Safe century,Reptilia,Primates,2476.455,223.5,Endangered
Even no,Actinopterygii,Rodentia,4852.818,448.92,Near Threatened
Its drop,Mammalia,Squamata,1977.361,740.76,Near Threatened
Some teacher,Mammalia,Passeriformes,826.935,231.48,Least Concern
Real culture,Amphibia,Primates,3477.123,1625.55,Near Threatened
Or positive,Aves,Rodentia,4504.528,662.14,Near Threatened
About structure,Reptilia,Passeriformes,1714.992,2073.77,Extinct in the Wild
Full newspaper,Mammalia,Rodentia,4832.815,2094.05,Endangered
Specific study,Mammalia,Passeriformes,642.132,1424.9,Endangered
Spend different,Actinopterygii,Passeriformes,1998.412,2547.98,Vulnerable
National system,Actinopterygii,Primates,2004.108,2232.5,Least Concern
Guy more,Reptilia,Primates,2309.001,2830.83,Vulnerable
Likely even,Aves,Primates,1127.618,2602.79,Endangered
Want particular,Actinopterygii,Primates,3314.098,1154.15,Vulnerable
Before ability,Amphibia,Squamata,823.061,2685.73,Critically Endangered
Walk tonight,Mammalia,Rodentia,434.734,430.11,Least Concern
Role red,Amphibia,Anura,1869.379,2476.46,Vulnerable
White use,Mammalia,Primates,2176.216,801.41,Vulnerable
Center market,Aves,Carnivora,2467.405,2278.03,Vulnerable
Wait just,Actinopterygii,Passeriformes,4076.875,557.88,Vulnerable
Sit truth,Mammalia,Anura,4338.255,2426.38,Least Concern
Would ask,Reptilia,Rodentia,1385.942,1356.57,Near Threatened
Central decade,Aves,Passeriformes,4263.953,1524.6,Critically Endangered
Lay different,Reptilia,Passeriformes,778.251,2717.37,Least Concern
Still when,Amphibia,Primates,4414.717,2486.95,Least Concern
Put until,Mammalia,Carnivora,4296.978,2759.32,Near Threatened
Maintain answer,Reptilia,Primates,2718.178,222.49,Extinct in the Wild
Memory whose,Mammalia,Squamata,1980.122,2466.13,Vulnerable
Movement effort,Actinopterygii,Carnivora,1940.675,2243.42,Near Threatened
Air garden,Reptilia,Carnivora,382.37,84.29,Extinct in the Wild
Against response,Mammalia,Carnivora,3690.264,1785.1,Near Threatened
Individual head,Reptilia,Anura,90.89,353.36,Endangered
Blood defense,Actinopterygii,Rodentia,566.411,2079.62,Critically Endangered
Center especially,Actinopterygii,Rodentia,3172.682,1479.31,Least Concern
Drive analysis,Actinopterygii,Squamata,631.633,657.59,Vulnerable
Old bad,Mammalia,Squamata,1028.638,447.08,Near Threatened
Onto financial,Aves,Primates,911.699,875.12,Critically Endangered
Claim vote,Actinopterygii,Anura,4920.653,1443.51,Critically Endangered
Up glass,Aves,Carnivora,4221.986,229.21,Endangered
Middle short,Amphibia,Rodentia,4993.75,1693.22,Critically Endangered
Newspaper former,Reptilia,Passeriformes,4534.847,2295.43,Endangered
Say a,Aves,Carnivora,4955.82,2389.39,Endangered
Raise do,Actinopterygii,Squamata,3527.105,266.78,Extinct in the Wild
World laugh,Reptilia,Primates,1998.083,1917.58,Critically Endangered
Everyone movement,Reptilia,Passeriformes,1773.925,478.24,Vulnerable
Movement low,Aves,Passeriformes,3493.415,1979.96,Extinct in the Wild
Four join,Mammalia,Squamata,1240.23,2663.83,Least Concern
Agreement moment,Mammalia,Squamata,1368.953,909.01,Vulnerable
Cold black,Reptilia,Passeriformes,1728.007,370.73,Near Threatened
Sound attack,Actinopterygii,Anura,1473.213,1825.95,Vulnerable
Stay manager,Amphibia,Anura,308.302,1040.98,Vulnerable
Easy analysis,Amphibia,Primates,2227.661,2942.64,Vulnerable
Month process,Actinopterygii,Passeriformes,322.864,383.82,Near Threatened
However education,Amphibia,Anura,1110.633,866.86,Least Concern
Town open,Amphibia,Anura,1287.285,221.84,Least Concern
Mrs ready,Amphibia,Anura,2172.961,2816.26,Least Concern
Become who,Actinopterygii,Anura,2645.157,405.89,Near Threatened
Perhaps receive,Aves,Anura,3635.114,2982.69,Vulnerable
Own memory,Mammalia,Anura,3456.735,1573.87,Critically Endangered
Yard approach,Aves,Rodentia,1303.027,1497.05,Endangered
Compare already,Amphibia,Passeriformes,2167.548,2355.43,Vulnerable
Positive look,Aves,Squamata,3270.392,1270.92,Endangered
Note tend,Amphibia,Squamata,2774.038,1503.77,Extinct in the Wild
Choice collection,Mammalia,Carnivora,4544.818,13.72,Endangered
Small people,Aves,Rodentia,254.891,95.38,Endangered
White cell,Aves,Carnivora,1994.041,2990.49,Endangered
Hour popular,Aves,Carnivora,3414.764,844.59,Extinct in the Wild
Best yard,Amphibia,Rodentia,3823.037,1538.34,Extinct in the Wild
Relationship stay,Reptilia,Anura,3458.349,1116.45,Endangered
Scientist treatment,Actinopterygii,Passeriformes,168.867,1573.08,Endangered
North money,Actinopterygii,Squamata,663.471,1044.84,Extinct in the Wild
Stand election,Amphibia,Anura,2592.888,782.84,Near Threatened
Environmental step,Actinopterygii,Passeriformes,285.579,1174.18,Least Concern
Manager theory,Mammalia,Passeriformes,3380.889,2887.86,Critically Endangered
Get since,Amphibia,Primates,3048.246,1912.0,Endangered
Impact affect,Actinopterygii,Squamata,4106.183,586.8,Vulnerable
Whom follow,Actinopterygii,Primates,92.127,491.56,Extinct in the Wild
Little else,Actinopterygii,Squamata,4042.276,2138.81,Vulnerable
Sure none,Mammalia,Anura,2329.931,1607.67,Near Threatened
Professor spend,Actinopterygii,Primates,3357.924,70.15,Near Threatened
By some,Actinopterygii,Anura,4292.429,872.78,Critically Endangered
Approach machine,Amphibia,Anura,1404.567,1481.1,Near Threatened
Card help,Amphibia,Squamata,4330.699,1959.44,Endangered
Fly learn,Actinopterygii,Rodentia,2064.525,237.66,Least Concern
Couple position,Actinopterygii,Passeriformes,2220.352,98.94,Extinct in the Wild
Once generation,Amphibia,Primates,3186.305,343.6,Extinct in the Wild
Wall art,Mammalia,Anura,3519.396,1657.13,Vulnerable
Behind skill,Reptilia,Primates,1904.741,2313.13,Near Threatened
Sport support,Actinopterygii,Passeriformes,1886.213,981.1,Extinct in the Wild
Yeah election,Actinopterygii,Carnivora,4293.776,1615.35,Near Threatened
Unit section,Mammalia,Passeriformes,3650.778,110.48,Extinct in the Wild
Measure writer,Reptilia,Squamata,54.378,949.51,Critically Endangered
Require someone,Actinopterygii,Squamata,2416.983,1371.13,Near Threatened
Sport field,Mammalia,Anura,4670.716,371.74,Near Threatened
Person worry,Actinopterygii,Carnivora,4182.866,2747.96,Critically Endangered
Level ability,Amphibia,Squamata,101.002,1933.55,Endangered
Religious understand,Aves,Carnivora,428.34,2030.32,Critically Endangered
Today including,Reptilia,Carnivora,2720.074,1178.69,Vulnerable
For language,Mammalia,Carnivora,3097.884,664.76,Vulnerable
Institution culture,Mammalia,Anura,4609.438,2287.3,Extinct in the Wild
Between already,Amphibia,Carnivora,1773.565,1574.03,Critically Endangered
Operation yet,Reptilia,Carnivora,1883.852,1864.27,Least Concern
Give source,Reptilia,Anura,2583.436,636.37,Vulnerable
Be major,Mammalia,Anura,2932.237,1133.34,Extinct in the Wild
Actually tend,Amphibia,Rodentia,1172.372,2804.45,Critically Endangered
Along me,Reptilia,Anura,2589.363,28.14,Vulnerable
Suddenly travel,Mammalia,Rodentia,4421.535,2745.36,Extinct in the Wild
Several knowledge,Reptilia,Rodentia,868.722,729.01,Critically Endangered
Theory bank,Reptilia,Primates,2792.823,2695.96,Critically Endangered
Before people,Actinopterygii,Carnivora,4706.03,84.36,Critically Endangered
Free upon,Mammalia,Squamata,1034.085,1440.79,Least Concern
Which civil,Mammalia,Rodentia,2184.899,703.1,Near Threatened
Concern nearly,Reptilia,Squamata,713.16,1390.19,Vulnerable
Image claim,Mammalia,Passeriformes,4965.745,476.23,Least Concern
Know activity,Amphibia,Carnivora,4627.154,1074.79,Extinct in the Wild
Throw finish,Actinopterygii,Carnivora,266.229,737.09,Near Threatened
Trip him,Aves,Anura,361.52,204.76,Endangered
Buy minute,Mammalia,Carnivora,1497.544,903.78,Endangered
Wrong red,Reptilia,Anura,342.853,1343.9,Critically Endangered
If dinner,Actinopterygii,Anura,30.503,2456.71,Critically Endangered
Level with,Amphibia,Anura,3807.852,2159.53,Extinct in the Wild
Control far,Amphibia,Rodentia,1486.589,2012.46,Extinct in the Wild
Time even,Actinopterygii,Rodentia,3298.246,2499.68,Near Threatened
Soldier describe,Reptilia,Carnivora,3757.039,504.94,Extinct in the Wild
Phone tree,Aves,Rodentia,2061.994,2297.75,Endangered
None country,Actinopterygii,Squamata,1179.064,2582.18,Near Threatened
Whole pick,Actinopterygii,Primates,3547.842,1944.33,Near Threatened
Sound mother,Mammalia,Primates,1053.069,2730.66,Critically Endangered
Term draw,Aves,Anura,1345.835,1318.29,Extinct in the Wild
Miss baby,Mammalia,Passeriformes,1775.809,1978.08,Endangered
Join above,Mammalia,Primates,4877.092,2870.24,Endangered
However four,Amphibia,Primates,1911.022,441.14,Extinct in the Wild
Year eight,Mammalia,Primates,1907.532,957.14,Vulnerable
Partner other,Aves,Anura,1650.349,2984.14,Critically Endangered
Special close,Aves,Primates,4662.941,2037.77,Near Threatened
Visit throughout,Actinopterygii,Anura,1345.02,557.41,Critically Endangered
Your network,Aves,Anura,96.098,1747.85,Least Concern
Around cell,Amphibia,Carnivora,311.415,1109.45,Least Concern
Bad evidence,Reptilia,Carnivora,1048.322,2189.51,Endangered
Hit professor,Reptilia,Rodentia,843.942,2124.57,Vulnerable
Front individual,Amphibia,Rodentia,4096.724,510.83,Critically Endangered
Job threat,Reptilia,Passeriformes,2955.423,388.36,Near Threatened
Recently easy,Amphibia,Rodentia,1851.978,1967.94,Vulnerable
Watch again,Mammalia,Passeriformes,4891.63,360.73,Endangered
Expert really,Aves,Primates,2780.427,2846.67,Extinct in the Wild
Hospital tax,Actinopterygii,Squamata,2058.877,1918.55,Least Concern
Help among,Amphibia,Anura,4017.188,619.08,Near Threatened
Modern television,Actinopterygii,Carnivora,1409.048,551.8,Critically Endangered
Lay central,Amphibia,Squamata,3336.603,784.04,Extinct in the Wild
Success effort,Aves,Squamata,1956.228,1041.82,Extinct in the Wild
Catch store,Aves,Rodentia,3169.259,827.34,Near Threatened
Tv responsibility,Mammalia,Rodentia,4925.801,256.8,Least Concern
Significant go,Mammalia,Passeriformes,1992.685,538.59,Endangered
Financial affect,Aves,Passeriformes,390.294,590.31,Vulnerable
Congress opportunity,Mammalia,Carnivora,3285.874,2887.34,Least Concern
Explain care,Actinopterygii,Anura,22.688,2699.37,Endangered
Special investment,Mammalia,Anura,4773.902,2247.33,Least Concern
Source success,Reptilia,Carnivora,854.946,2948.62,Critically Endangered
Until off,Reptilia,Passeriformes,3108.375,2018.18,Critically Endangered
Development question,Aves,Primates,4409.61,2063.04,Endangered
Special adult,Actinopterygii,Squamata,4301.689,470.87,Vulnerable
Political include,Amphibia,Anura,3714.633,343.42,Vulnerable
Sing business,Mammalia,Passeriformes,257.371,2114.21,Near Threatened
Deep television,Reptilia,Primates,3751.696,1427.49,Extinct in the Wild
Piece performance,Mammalia,Rodentia,2167.169,2412.98,Extinct in the Wild
Region begin,Reptilia,Passeriformes,309.744,504.52,Near Threatened
Arm deep,Actinopterygii,Carnivora,2657.345,1486.17,Least Concern
Attention trial,Actinopterygii,Squamata,3503.576,1671.6,Critically Endangered
Light president,Actinopterygii,Primates,2602.887,2267.69,Endangered
Property many,Amphibia,Anura,4036.294,1610.03,Least Concern
Professional education,Reptilia,Rodentia,3607.05,2975.89,Endangered
Rich interest,Reptilia,Squamata,2651.146,2294.08,Least Concern
Trade part,Actinopterygii,Rodentia,3698.597,318.07,Extinct in the Wild
Alone night,Mammalia,Rodentia,2820.929,2023.86,Extinct in the Wild
Half model,Reptilia,Squamata,3259.343,919.83,Vulnerable
Explain attorney,Amphibia,Rodentia,2319.874,2430.59,Critically Endangered
Blue than,Aves,Squamata,4039.89,2446.6,Least Concern
Design world,Actinopterygii,Squamata,3063.512,2296.83,Critically Endangered
Institution rather,Mammalia,Primates,3796.6,681.34,Near Threatened
Since note,Actinopterygii,Passeriformes,3522.117,1301.26,Vulnerable
Through media,Reptilia,Primates,3638.75,1285.73,Endangered
Plan deal,Amphibia,Squamata,308.761,591.89,Least Concern
Charge least,Mammalia,Passeriformes,2501.202,2807.95,Critically Endangered
We of,Amphibia,Primates,2884.009,466.72,Endangered
Middle rise,Mammalia,Anura,4060.042,2049.05,Least Concern
Yes structure,Aves,Primates,2695.601,2233.88,Near Threatened
Somebody continue,Actinopterygii,Squamata,726.658,2243.29,Extinct in the Wild
Room type,Reptilia,Rodentia,2585.409,421.31,Vulnerable
Spring occur,Actinopterygii,Carnivora,4204.912,2861.23,Critically Endangered
Price because,Mammalia,Squamata,3905.155,2853.44,Endangered
Keep dinner,Actinopterygii,Passeriformes,723.65,2757.78,Least Concern
Capital son,Actinopterygii,Anura,2271.612,1539.56,Endangered
Model decision,Amphibia,Carnivora,2767.116,1160.58,Critically Endangered
Into agency,Aves,Carnivora,2310.165,992.92,Extinct in the Wild
Cell condition,Reptilia,Primates,1137.564,2287.06,Critically Endangered
Turn idea,Aves,Anura,2425.562,2485.45,Vulnerable
Remember war,Aves,Passeriformes,2303.881,631.06,Extinct in the Wild
Together appear,Amphibia,Rodentia,1022.945,1176.16,Critically Endangered
Little identify,Amphibia,Carnivora,3943.388,1810.17,Endangered
People ahead,Aves,Rodentia,2829.306,1035.21,Least Concern
Rule begin,Amphibia,Passeriformes,945.186,4.53,Extinct in the Wild
Bit watch,Aves,Carnivora,3473.348,708.99,Critically Endangered
With out,Aves,Primates,4532.41,2690.23,Extinct in the Wild
Early only,Actinopterygii,Squamata,4639.921,2496.68,Extinct in the Wild
Soldier level,Actinopterygii,Rodentia,4338.951,1561.58,Near Threatened
Rate amount,Aves,Primates,2007.93,731.12,Critically Endangered
Report available,Mammalia,Passeriformes,1597.22,2896.82,Near Threatened
Pretty skin,Actinopterygii,Anura,3342.747,544.41,Extinct in the Wild
Fall figure,Aves,Primates,3979.365,224.07,Vulnerable
Compare often,Mammalia,Carnivora,755.693,2290.52,Extinct in the Wild
Condition they,Actinopterygii,Anura,4898.366,815.88,Extinct in the Wild
Turn style,Aves,Carnivora,745.555,1140.74,Vulnerable
Skill young,Mammalia,Anura,2328.685,2873.58,Vulnerable
Test dog,Actinopterygii,Carnivora,4676.252,303.76,Extinct in the Wild
Executive manager,Mammalia,Carnivora,3716.913,885.84,Extinct in the Wild
Agent mother,Mammalia,Squamata,1762.972,2047.91,Critically Endangered
Two theory,Mammalia,Primates,3505.102,2451.33,Endangered
Few pull,Amphibia,Primates,1896.33,1287.21,Endangered
Skin somebody,Aves,Squamata,1816.913,2001.46,Extinct in the Wild
Find film,Aves,Rodentia,2146.618,2003.37,Near Threatened
His father,Mammalia,Carnivora,2216.818,1948.26,Least Concern
Lose order,Actinopterygii,Primates,2598.213,2862.89,Extinct in the Wild
Congress enough,Aves,Squamata,29.464,1846.62,Critically Endangered
Affect science,Amphibia,Carnivora,2957.262,682.94,Extinct in the Wild
Everyone building,Mammalia,Carnivora,1424.565,2958.59,Least Concern
Who pretty,Reptilia,Passeriformes,511.757,237.39,Near Threatened
Why smile,Reptilia,Passeriformes,4758.927,1832.47,Critically Endangered
Arm beat,Reptilia,Carnivora,304.27,1728.43,Least Concern
Bank choice,Actinopterygii,Squamata,148.369,263.21,Vulnerable
Member model,Amphibia,Carnivora,3547.766,595.42,Endangered
What job,Mammalia,Carnivora,262.598,2914.94,Critically Endangered
Stage future,Amphibia,Rodentia,1933.674,1792.59,Vulnerable
Ever style,Aves,Squamata,1424.32,2752.51,Critically Endangered
Effect deep,Amphibia,Squamata,3851.947,646.56,Least Concern
Year figure,Aves,Rodentia,4273.375,1779.46,Extinct in the Wild
Next do,Aves,Rodentia,2920.502,432.82,Near Threatened
Loss almost,Mammalia,Anura,1914.643,2637.39,Endangered
Law design,Reptilia,Squamata,4181.636,2628.91,Vulnerable
Can couple,Reptilia,Squamata,985.005,199.56,Endangered
Professional picture,Mammalia,Rodentia,166.563,1855.4,Critically Endangered
Policy nearly,Mammalia,Primates,4421.343,1636.7,Near Threatened
Green when,Reptilia,Passeriformes,306.442,664.81,Endangered
Decide center,Aves,Anura,2501.721,1224.73,Critically Endangered
Amount sell,Mammalia,Squamata,3819.969,2533.47,Endangered
Whatever medical,Reptilia,Passeriformes,4546.679,1584.05,Endangered
Painting daughter,Actinopterygii,Rodentia,3054.494,1925.98,Critically Endangered
Dog able,Aves,Rodentia,407.343,1341.97,Critically Endangered
Identify decade,Aves,Rodentia,2888.556,849.67,Critically Endangered
Foot two,Amphibia,Squamata,1935.47,1576.76,Near Threatened
Way down,Actinopterygii,Primates,3861.879,643.07,Vulnerable
Career your,Aves,Primates,1148.203,1159.31,Least Concern
Total could,Aves,Carnivora,2419.074,2782.65,Extinct in the Wild
Add year,Aves,Squamata,4550.371,42.53,Extinct in the Wild
Coach rule,Reptilia,Rodentia,4242.913,1272.92,Least Concern
Situation daughter,Aves,Carnivora,2821.335,2123.36,Near Threatened
Be camera,Amphibia,Rodentia,3706.421,2775.98,Extinct in the Wild
Become population,Reptilia,Passeriformes,1438.591,1364.22,Vulnerable
Reduce serve,Amphibia,Squamata,473.264,2983.85,Least Concern
Clear man,Reptilia,Primates,4875.379,2609.28,Endangered
Sport drive,Amphibia,Primates,4487.043,999.54,Extinct in the Wild
Training throw,Aves,Squamata,4248.776,99.07,Critically Endangered
Bank several,Aves,Carnivora,4012.114,103.69,Endangered
Sing north,Reptilia,Anura,3619.905,2972.24,Extinct in the Wild
Employee simply,Mammalia,Anura,1106.992,2132.71,Critically Endangered
Allow whether,Amphibia,Squamata,1961.617,1672.88,Vulnerable
Usually cover,Mammalia,Anura,3502.063,1296.36,Vulnerable
Prepare plant,Mammalia,Carnivora,2648.506,2217.02,Near Threatened
Land culture,Mammalia,Rodentia,2046.013,2547.6,Least Concern
Nation reveal,Aves,Anura,503.521,2397.31,Endangered
Toward nearly,Mammalia,Carnivora,3089.349,1623.68,Near Threatened
Political radio,Reptilia,Squamata,2071.622,148.4,Critically Endangered
Ground system,Actinopterygii,Anura,2094.415,614.02,Critically Endangered
Drop degree,Mammalia,Carnivora,632.161,1386.4,Least Concern
Man kitchen,Actinopterygii,Anura,2381.289,1647.96,Least Concern
Draw institution,Reptilia,Rodentia,1787.512,1870.49,Critically Endangered
Rock world,Mammalia,Passeriformes,360.98,1263.62,Extinct in the Wild
Record religious,Actinopterygii,Primates,4140.541,1749.72,Near Threatened
Article cause,Mammalia,Rodentia,1924.961,934.62,Vulnerable
Stay thought,Amphibia,Passeriformes,1598.114,2740.56,Endangered
Professional career,Reptilia,Primates,3094.239,2336.24,Endangered
Appear they,Reptilia,Anura,4030.195,1909.54,Endangered
Community every,Mammalia,Rodentia,4849.246,2595.94,Near Threatened
Make hear,Actinopterygii,Carnivora,2966.068,428.76,Critically Endangered
Science politics,Reptilia,Carnivora,1966.845,1191.67,Extinct in the Wild
Star production,Amphibia,Rodentia,719.272,1553.86,Endangered
Result store,Aves,Rodentia,4779.863,2842.75,Extinct in the Wild
Ago son,Reptilia,Rodentia,1386.65,448.03,Least Concern
Imagine try,Amphibia,Passeriformes,214.673,183.8,Extinct in the Wild
Town follow,Actinopterygii,Squamata,1443.081,2861.12,Critically Endangered
Crime according,Aves,Squamata,233.744,1981.15,Least Concern
Finally new,Mammalia,Anura,1903.246,2657.8,Vulnerable
Develop always,Reptilia,Anura,368.34,1651.76,Least Concern
Better half,Reptilia,Primates,4675.444,1020.26,Near Threatened
Where most,Actinopterygii,Rodentia,4067.698,2346.27,Endangered
Ground fast,Amphibia,Primates,3225.683,121.52,Endangered
Strategy energy,Mammalia,Carnivora,4762.765,1912.53,Vulnerable
Size issue,Reptilia,Rodentia,2165.518,1805.53,Vulnerable
Our page,Reptilia,Carnivora,1124.034,539.56,Near Threatened
Side camera,Amphibia,Squamata,2816.416,2327.88,Least Concern
Under perhaps,Aves,Carnivora,4441.391,800.4,Extinct in the Wild
Sort single,Mammalia,Rodentia,806.193,399.15,Endangered
Type ability,Reptilia,Primates,2209.765,820.67,Endangered
Country rest,Amphibia,Squamata,1037.284,4.54,Critically Endangered
Establish or,Reptilia,Rodentia,3187.279,2202.6,Vulnerable
Brother same,Aves,Carnivora,2834.342,1730.56,Critically Endangered
Brother recently,Reptilia,Squamata,27.4,2080.85,Vulnerable
Great father,Mammalia,Carnivora,4362.946,2956.49,Critically Endangered
End end,Aves,Squamata,3580.377,1906.18,Critically Endangered
International color,Actinopterygii,Squamata,2442.529,2282.21,Vulnerable
Impact body,Amphibia,Carnivora,3064.589,286.11,Endangered
Marriage agreement,Actinopterygii,Squamata,2559.492,465.47,Least Concern
Song bank,Amphibia,Rodentia,3045.917,894.23,Critically Endangered
Attack deal,Amphibia,Primates,808.525,1169.43,Near Threatened
Guy almost,Actinopterygii,Passeriformes,1246.597,2486.05,Near Threatened
Do former,Reptilia,Primates,2238.49,456.78,Extinct in the Wild
Church herself,Amphibia,Rodentia,4781.524,2162.72,Critically Endangered
Remain subject,Actinopterygii,Primates,2505.119,2034.11,Near Threatened
She economic,Reptilia,Primates,3981.581,1142.1,Endangered
List require,Mammalia,Anura,802.066,165.98,Extinct in the Wild
Already water,Amphibia,Anura,4577.417,452.14,Critically Endangered
Sure wait,Actinopterygii,Primates,4607.804,905.69,Extinct in the Wild
Drive shoulder,Actinopterygii,Squamata,3606.063,2298.07,Endangered
Cause according,Aves,Carnivora,2313.384,654.13,Extinct in the Wild
With indicate,Reptilia,Primates,4246.937,430.95,Endangered
Those right,Aves,Rodentia,4284.272,387.34,Least Concern
Price word,Amphibia,Anura,2659.42,2029.05,Vulnerable
Feeling significant,Amphibia,Squamata,3897.554,2071.29,Least Concern
Prepare marriage,Mammalia,Passeriformes,4142.927,1320.47,Near Threatened
Air tough,Amphibia,Passeriformes,3099.842,729.44,Vulnerable
Cause organization,Reptilia,Carnivora,3241.455,2582.54,Endangered
Industry meet,Amphibia,Anura,2692.098,1684.09,Endangered
But past,Amphibia,Squamata,2638.297,480.26,Extinct in the Wild
Pay trial,Mammalia,Passeriformes,3724.878,2783.97,Least Concern
Bad expert,Actinopterygii,Carnivora,2118.424,2558.63,Critically Endangered
Skin raise,Reptilia,Primates,4965.844,396.99,Extinct in the Wild
Development participant,Amphibia,Carnivora,129.277,262.07,Least Concern
Interesting win,Reptilia,Carnivora,3880.261,1533.6,Extinct in the Wild
Smile hand,Reptilia,Squamata,1590.024,466.88,Critically Endangered
Mention area,Reptilia,Passeriformes,4948.137,1038.73,Critically Endangered
Increase road,Reptilia,Carnivora,1211.648,2691.07,Vulnerable
Police stage,Actinopterygii,Primates,4643.188,2792.46,Vulnerable
Join reduce,Actinopterygii,Carnivora,2617.408,1498.86,Vulnerable
Health far,Reptilia,Anura,4273.2,2514.85,Critically Endangered
Can glass,Mammalia,Anura,4220.295,2612.07,Vulnerable
Student policy,Aves,Squamata,139.315,2125.09,Near Threatened
Mention skill,Aves,Passeriformes,837.839,1596.13,Least Concern
Politics ever,Actinopterygii,Carnivora,3191.787,2570.37,Near Threatened
Model inside,Aves,Passeriformes,964.703,986.48,Critically Endangered
Suddenly seek,Amphibia,Passeriformes,500.469,2764.54,Vulnerable
But pressure,Mammalia,Squamata,2679.023,1026.28,Near Threatened
Fall career,Aves,Carnivora,345.357,2803.97,Endangered
Case particularly,Amphibia,Carnivora,4928.422,1472.62,Least Concern
Fight west,Amphibia,Primates,220.861,621.59,Extinct in the Wild
Appear almost,Reptilia,Primates,4894.729,828.19,Endangered
Stock reflect,Mammalia,Passeriformes,454.867,2669.21,Critically Endangered
Want turn,Amphibia,Anura,4718.942,2886.19,Extinct in the Wild
Section full,Mammalia,Squamata,4409.531,2410.48,Vulnerable
Increase she,Reptilia,Primates,374.755,1462.91,Endangered
Stand education,Actinopterygii,Primates,2323.012,276.49,Vulnerable
On after,Reptilia,Primates,1386.008,2103.13,Extinct in the Wild
Production information,Mammalia,Primates,1469.641,979.99,Least Concern
Which can,Mammalia,Primates,2170.238,2400.77,Least Concern
Center me,Aves,Primates,1697.572,1957.44,Critically Endangered
Prevent recognize,Reptilia,Squamata,1859.792,933.96,Least Concern
Relate child,Aves,Rodentia,3921.747,562.57,Least Concern
These chair,Reptilia,Squamata,1222.555,684.23,Critically Endangered
Fight summer,Amphibia,Anura,3183.916,2605.61,Least Concern
Later just,Mammalia,Passeriformes,4167.429,1958.47,Near Threatened
Represent how,Reptilia,Anura,2539.827,1676.91,Vulnerable
Almost cost,Reptilia,Passeriformes,2166.861,342.98,Least Concern
Catch meeting,Aves,Carnivora,5.241,2609.55,Vulnerable
Mention decade,Actinopterygii,Rodentia,816.735,2115.2,Least Concern
Off nearly,Mammalia,Carnivora,3995.971,1106.63,Critically Endangered
Offer traditional,Amphibia,Anura,3022.329,356.02,Vulnerable
Institution finish,Mammalia,Primates,4327.364,1836.81,Least Concern
Particular conference,Reptilia,Carnivora,3871.365,2027.58,Extinct in the Wild
Until visit,Mammalia,Anura,1259.665,1069.46,Extinct in the Wild
Once open,Mammalia,Squamata,3884.182,1180.78,Endangered
Center growth,Reptilia,Anura,4245.993,2259.09,Endangered
Over likely,Mammalia,Anura,3165.466,1660.7,Critically Endangered
Sport account,Mammalia,Primates,2042.066,1319.65,Near Threatened
To focus,Actinopterygii,Passeriformes,4156.828,2850.23,Near Threatened
Toward report,Aves,Primates,3216.254,797.46,Endangered
Require turn,Mammalia,Carnivora,3359.783,1421.04,Critically Endangered
Simple green,Reptilia,Anura,1431.19,2260.8,Endangered
Of every,Actinopterygii,Carnivora,4893.563,862.14,Least Concern
Enough art,Mammalia,Rodentia,4025.89,1828.21,Least Concern
Record Democrat,Amphibia,Passeriformes,2679.673,168.47,Endangered
Produce among,Amphibia,Primates,3014.647,273.53,Near Threatened
Work TV,Aves,Rodentia,4200.688,1294.86,Extinct in the Wild
Fight amount,Amphibia,Passeriformes,1503.812,2689.98,Least Concern
Account sea,Actinopterygii,Primates,4158.032,1694.98,Near Threatened
Want southern,Mammalia,Squamata,2009.424,2087.11,Extinct in the Wild
Box discover,Amphibia,Passeriformes,4030.924,1148.88,Least Concern
Born real,Mammalia,Anura,4309.356,119.18,Endangered
News save,Reptilia,Squamata,421.513,760.94,Least Concern
Network now,Amphibia,Primates,425.506,1282.71,Endangered
Condition claim,Reptilia,Passeriformes,4148.916,2947.73,Extinct in the Wild
Arrive likely,Amphibia,Carnivora,1031.157,2108.83,Least Concern
Pull huge,Mammalia,Passeriformes,3517.576,2789.7,Critically Endangered
Phone around,Actinopterygii,Squamata,4672.826,2332.28,Critically Endangered
Probably economic,Reptilia,Primates,3230.764,625.61,Critically Endangered
Job child,Amphibia,Carnivora,4387.253,122.88,Vulnerable
Mr finally,Aves,Anura,3352.011,937.55,Endangered
Machine little,Actinopterygii,Anura,813.356,1267.5,Vulnerable
Doctor show,Amphibia,Primates,4545.155,922.19,Least Concern
Purpose perform,Reptilia,Passeriformes,1168.381,84.53,Critically Endangered
Draw board,Actinopterygii,Primates,1247.26,1525.85,Near Threatened
Campaign when,Aves,Squamata,2948.862,2067.82,Endangered
Tough movie,Actinopterygii,Passeriformes,1800.208,609.05,Least Concern
Message speak,Actinopterygii,Anura,483.948,206.46,Critically Endangered
Another cause,Actinopterygii,Primates,576.909,992.74,Extinct in the Wild
Newspaper eight,Amphibia,Squamata,1359.413,597.15,Extinct in the Wild
Food weight,Mammalia,Squamata,1395.647,569.79,Least Concern
Remember investment,Actinopterygii,Primates,3408.718,2753.79,Extinct in the Wild
Career training,Amphibia,Carnivora,4502.085,2737.27,Vulnerable
Film pick,Reptilia,Passeriformes,3777.759,473.64,Vulnerable
Me forward,Actinopterygii,Anura,333.258,265.9,Near Threatened
Order to,Amphibia,Passeriformes,541.538,644.89,Endangered
Could tax,Reptilia,Passeriformes,1967.136,1516.22,Vulnerable
End TV,Aves,Rodentia,3844.729,31.81,Near Threatened
Trial recently,Aves,Rodentia,2756.755,1439.13,Near Threatened
Evidence factor,Amphibia,Anura,4469.171,2774.65,Critically Endangered
Daughter family,Reptilia,Passeriformes,4033.699,2587.51,Extinct in the Wild
Movement leave,Reptilia,Squamata,920.9,609.26,Extinct in the Wild
Test use,Aves,Primates,4675.375,2158.89,Extinct in the Wild
Service authority,Amphibia,Squamata,2384.08,2111.27,Near Threatened
Give would,Reptilia,Rodentia,2510.412,465.47,Vulnerable
Machine stuff,Amphibia,Squamata,508.537,2781.58,Critically Endangered
Else take,Actinopterygii,Primates,2104.355,2315.28,Least Concern
Light increase,Aves,Passeriformes,903.744,1504.19,Near Threatened
Chair north,Reptilia,Anura,41.806,2577.98,Endangered
All too,Mammalia,Anura,2879.04,1319.73,Near Threatened
Figure better,Reptilia,Carnivora,1419.069,1752.69,Critically Endangered
This mind,Amphibia,Carnivora,1001.796,2419.82,Endangered
Add perform,Actinopterygii,Primates,3874.636,1996.52,Endangered
Through suggest,Reptilia,Anura,2729.604,773.41,Near Threatened
Case least,Amphibia,Primates,304.381,2626.08,Extinct in the Wild
Remember investment,Mammalia,Anura,2996.996,2426.77,Vulnerable
International agreement,Amphibia,Squamata,7.797,2303.83,Vulnerable
Hold military,Mammalia,Rodentia,3229.933,40.63,Vulnerable
Year finally,Actinopterygii,Anura,506.987,144.99,Vulnerable
Attack test,Actinopterygii,Passeriformes,4777.934,2813.82,Least Concern
Speak positive,Mammalia,Rodentia,1784.002,868.7,Near Threatened
Southern be,Aves,Carnivora,1501.909,2699.88,Endangered
Consumer support,Reptilia,Passeriformes,425.507,2818.29,Near Threatened
Glass college,Aves,Anura,667.53,1986.16,Critically Endangered
Whether always,Actinopterygii,Primates,2055.522,2589.56,Extinct in the Wild
Take explain,Reptilia,Primates,3285.051,2732.36,Vulnerable
No once,Reptilia,Primates,2646.002,1683.04,Critically Endangered
Only lead,Reptilia,Squamata,3781.837,166.4,Extinct in the Wild
Camera cost,Amphibia,Squamata,3375.765,1644.36,Extinct in the Wild
Out forget,Actinopterygii,Rodentia,4879.032,2619.92,Critically Endangered
Raise yourself,Reptilia,Carnivora,2009.2,695.18,Extinct in the Wild
Interview west,Reptilia,Rodentia,4095.103,433.8,Least Concern
Real trip,Mammalia,Carnivora,1480.683,1731.09,Least Concern
War her,Aves,Carnivora,1572.928,1907.81,Extinct in the Wild
Herself return,Amphibia,Rodentia,2100.23,1645.21,Vulnerable
Popular condition,Actinopterygii,Primates,2217.565,720.39,Critically Endangered
Yet book,Reptilia,Carnivora,4362.468,1319.13,Extinct in the Wild
Maintain eye,Mammalia,Anura,4615.135,2976.13,Vulnerable
Anything hard,Actinopterygii,Carnivora,2062.974,487.62,Least Concern
Pattern serious,Mammalia,Squamata,2288.438,1927.44,Extinct in the Wild
Direction near,Actinopterygii,Rodentia,4541.454,1852.56,Least Concern
Organization foot,Aves,Passeriformes,3741.558,1836.53,Extinct in the Wild
Late pretty,Mammalia,Primates,3007.994,2181.46,Near Threatened
Collection person,Amphibia,Rodentia,4812.979,750.31,Vulnerable
Though consumer,Aves,Carnivora,3300.666,2194.71,Critically Endangered
Power memory,Aves,Passeriformes,834.236,1415.13,Extinct in the Wild
For quality,Aves,Squamata,578.903,1415.84,Near Threatened
Song without,Mammalia,Primates,1099.5,1719.77,Critically Endangered
Result happy,Aves,Primates,1853.045,2396.64,Critically Endangered
Raise billion,Reptilia,Squamata,93.871,831.56,Extinct in the Wild
What provide,Actinopterygii,Primates,4572.219,1898.59,Near Threatened
Share small,Mammalia,Rodentia,1192.76,618.09,Extinct in the Wild
Often total,Reptilia,Squamata,3969.146,2777.65,Endangered
Concern after,Aves,Passeriformes,3144.664,2941.94,Least Concern
Join large,Mammalia,Rodentia,4483.431,1088.56,Extinct in the Wild
Real certain,Aves,Carnivora,566.314,2250.57,Vulnerable
Likely family,Amphibia,Primates,110.338,2564.77,Vulnerable
Forget stand,Actinopterygii,Anura,803.604,2346.74,Endangered
Return war,Amphibia,Anura,1634.884,1295.65,Least Concern
Culture claim,Actinopterygii,Passeriformes,4642.071,1020.28,Endangered
Hold these,Mammalia,Squamata,2455.918,2253.23,Endangered
City push,Amphibia,Carnivora,2279.301,102.23,Vulnerable
Become paper,Reptilia,Rodentia,3389.509,79.36,Critically Endangered
Once win,Amphibia,Primates,1785.106,347.99,Least Concern
Bit yourself,Mammalia,Squamata,2931.321,1167.21,Near Threatened
Idea under,Amphibia,Anura,1457.837,969.36,Least Concern
Chance responsibility,Actinopterygii,Squamata,1942.889,2407.96,Extinct in the Wild
Animal agree,Actinopterygii,Carnivora,2547.423,1413.8,Critically Endangered
Woman listen,Amphibia,Anura,4652.867,2336.53,Least Concern
Traditional apply,Reptilia,Passeriformes,3552.428,1816.43,Vulnerable
Tell simply,Aves,Carnivora,3984.085,1967.58,Critically Endangered
People miss,Amphibia,Passeriformes,2981.933,1383.0,Critically Endangered
From admit,Aves,Carnivora,1870.24,2198.24,Critically Endangered
Left part,Aves,Carnivora,2381.994,2013.22,Vulnerable
Seven them,Aves,Passeriformes,4192.86,2786.59,Near Threatened
East term,Actinopterygii,Passeriformes,856.025,762.65,Least Concern
Half certain,Actinopterygii,Anura,4061.235,87.5,Vulnerable
Behind receive,Mammalia,Rodentia,3806.799,2468.93,Near Threatened
Computer save,Actinopterygii,Anura,3081.078,118.12,Extinct in the Wild
Improve institution,Amphibia,Carnivora,3245.561,2653.48,Critically Endangered
Rather join,Aves,Passeriformes,107.134,2583.87,Vulnerable
Charge moment,Aves,Passeriformes,1650.675,1644.61,Critically Endangered
Change kind,Reptilia,Carnivora,3572.613,1455.03,Least Concern
Republican cultural,Actinopterygii,Carnivora,4175.261,1243.75,Extinct in the Wild
Hold trial,Actinopterygii,Carnivora,4928.801,605.53,Near Threatened
Relate material,Actinopterygii,Squamata,365.99,1367.81,Extinct in the Wild
Degree gas,Aves,Rodentia,254.918,2999.47,Vulnerable
Generation remain,Mammalia,Primates,385.263,446.49,Least Concern
Agent have,Mammalia,Squamata,1064.307,1693.85,Near Threatened
Than six,Mammalia,Squamata,2603.608,1550.14,Endangered
Throw condition,Aves,Passeriformes,4176.363,2169.46,Vulnerable
Buy shake,Mammalia,Rodentia,4132.601,957.48,Vulnerable
Necessary difficult,Mammalia,Primates,2003.653,2768.0,Least Concern
Result wonder,Reptilia,Primates,4896.806,1054.25,Vulnerable
Of agent,Aves,Squamata,3758.19,2959.98,Endangered
Street probably,Amphibia,Anura,3980.949,509.04,Endangered
Western where,Actinopterygii,Passeriformes,840.597,851.28,Critically Endangered
Evidence discussion,Mammalia,Anura,1026.677,85.55,Extinct in the Wild
Heavy pay,Aves,Rodentia,2540.386,2351.68,Extinct in the Wild
Onto seek,Amphibia,Rodentia,174.584,308.57,Least Concern
Carry lot,Reptilia,Squamata,4000.143,120.77,Endangered
Maintain allow,Mammalia,Rodentia,3566.043,304.91,Endangered
Score watch,Mammalia,Squamata,4575.523,156.85,Vulnerable
Surface call,Amphibia,Carnivora,4252.06,941.34,Vulnerable
A business,Aves,Passeriformes,2984.157,849.39,Near Threatened
Soldier wide,Reptilia,Primates,73.529,2939.46,Least Concern
Act system,Aves,Squamata,4749.907,1671.78,Extinct in the Wild
Agency office,Actinopterygii,Anura,641.052,1487.46,Least Concern
Week focus,Reptilia,Anura,3421.18,779.58,Extinct in the Wild
Visit century,Aves,Rodentia,1114.831,1525.99,Endangered
Effort central,Mammalia,Primates,3986.937,599.96,Extinct in the Wild
Family clear,Reptilia,Rodentia,1328.166,2718.02,Extinct in the Wild
Garden mind,Reptilia,Rodentia,1467.075,2946.67,Vulnerable
Effort institution,Actinopterygii,Carnivora,3632.493,1481.31,Near Threatened
Fact material,Reptilia,Carnivora,1272.754,1772.42,Endangered
Reason military,Reptilia,Passeriformes,2407.831,2261.61,Extinct in the Wild
Word real,Mammalia,Carnivora,913.611,720.54,Extinct in the Wild
Goal always,Mammalia,Carnivora,1599.143,1916.44,Least Concern
Live local,Aves,Rodentia,2557.876,2796.26,Vulnerable
Identify growth,Actinopterygii,Carnivora,4982.793,1690.81,Vulnerable
Hotel two,Reptilia,Carnivora,2602.316,1564.54,Critically Endangered
Decide prepare,Mammalia,Passeriformes,2180.927,1834.51,Extinct in the Wild
Rule race,Amphibia,Primates,1283.592,1770.05,Vulnerable
Car decide,Amphibia,Primates,4623.604,715.0,Vulnerable
Watch tonight,Mammalia,Primates,1093.272,688.35,Extinct in the Wild
Low might,Actinopterygii,Passeriformes,3134.836,565.52,Near Threatened
Begin house,Amphibia,Squamata,2241.13,2136.0,Critically Endangered
Thousand avoid,Amphibia,Primates,2736.936,753.36,Least Concern
Success on,Actinopterygii,Squamata,2292.673,1385.54,Least Concern
No others,Mammalia,Rodentia,135.449,2611.8,Critically Endangered
Both store,Amphibia,Carnivora,3897.211,2977.49,Least Concern
Money room,Aves,Rodentia,3411.076,2909.49,Extinct in the Wild
Thing as,Mammalia,Primates,3368.656,1299.92,Least Concern
Rule thousand,Reptilia,Squamata,2922.137,240.69,Near Threatened
Enjoy wide,Reptilia,Anura,165.465,1919.24,Least Concern
President from,Amphibia,Carnivora,645.853,1503.67,Extinct in the Wild
Each and,Mammalia,Passeriformes,961.456,255.29,Critically Endangered
Tough fact,Mammalia,Rodentia,161.108,1820.31,Least Concern
Could society,Mammalia,Anura,71.677,55.92,Extinct in the Wild
Agency town,Mammalia,Passeriformes,1037.858,240.55,Critically Endangered
Tv enjoy,Amphibia,Primates,25.324,1374.83,Vulnerable
Face with,Reptilia,Primates,230.831,2445.8,Least Concern
Begin economy,Mammalia,Anura,4582.342,319.54,Endangered
People friend,Aves,Anura,4243.52,1059.99,Extinct in the Wild
Whole scientist,Reptilia,Carnivora,4672.601,862.52,Vulnerable
Measure common,Mammalia,Squamata,843.063,1835.67,Endangered
Animal almost,Mammalia,Rodentia,921.863,1387.39,Extinct in the Wild
Carry expert,Mammalia,Squamata,4434.006,385.16,Least Concern
Central her,Aves,Passeriformes,978.614,2767.61,Least Concern
Trip including,Amphibia,Squamata,2850.474,1747.65,Vulnerable
Everyone vote,Amphibia,Carnivora,87.539,1931.89,Least Concern
Challenge range,Mammalia,Anura,2639.56,2668.5,Endangered
Miss economy,Mammalia,Passeriformes,2775.863,1146.55,Vulnerable
Thank group,Amphibia,Squamata,4435.354,1209.9,Critically Endangered
Coach law,Aves,Squamata,2574.954,811.4,Vulnerable
Million tend,Aves,Anura,513.65,1558.27,Extinct in the Wild
Billion old,Reptilia,Squamata,3703.611,663.83,Extinct in the Wild
Too visit,Mammalia,Rodentia,2203.456,157.6,Critically Endangered
Safe business,Amphibia,Passeriformes,1589.115,1047.17,Vulnerable
Lose agency,Reptilia,Anura,4123.442,166.49,Extinct in the Wild
Against quality,Amphibia,Passeriformes,1441.588,1941.6,Near Threatened
All control,Actinopterygii,Primates,3070.148,2792.76,Near Threatened
Treat finish,Amphibia,Primates,2544.383,387.46,Endangered
Prevent meet,Mammalia,Squamata,2256.792,784.6,Vulnerable
Half check,Aves,Passeriformes,2290.041,417.33,Vulnerable
Evening head,Mammalia,Carnivora,1714.169,1007.31,Endangered
Drug cell,Reptilia,Primates,160.859,580.59,Near Threatened
Such economy,Aves,Squamata,816.186,1002.37,Least Concern
Charge become,Aves,Anura,3552.096,1548.81,Critically Endangered
Collection include,Reptilia,Carnivora,1305.8,1661.52,Endangered
They where,Aves,Carnivora,1145.684,2536.55,Endangered
Order hold,Actinopterygii,Rodentia,2214.898,475.09,Vulnerable
Main pattern,Actinopterygii,Squamata,757.083,2596.86,Extinct in the Wild
Guess market,Amphibia,Rodentia,4180.517,2682.31,Vulnerable
Risk event,Actinopterygii,Squamata,1666.112,369.73,Extinct in the Wild
Even difference,Amphibia,Rodentia,483.65,2225.47,Endangered
Law day,Reptilia,Anura,2364.803,2710.52,Least Concern
Growth though,Amphibia,Anura,2167.963,2400.36,Vulnerable
Set rise,Amphibia,Primates,1259.338,386.34,Vulnerable
Structure she,Actinopterygii,Anura,4819.619,178.85,Endangered
Media along,Mammalia,Rodentia,132.14,2311.11,Critically Endangered
Appear how,Actinopterygii,Primates,1773.311,190.39,Endangered
Notice recognize,Mammalia,Passeriformes,1735.585,1028.37,Near Threatened
Little everything,Mammalia,Squamata,2688.582,1190.64,Near Threatened
Reality number,Mammalia,Passeriformes,634.904,2318.37,Least Concern
Agent pattern,Aves,Carnivora,443.596,1134.78,Extinct in the Wild
Mind back,Reptilia,Passeriformes,3228.081,88.44,Near Threatened
Machine ever,Aves,Carnivora,1242.224,2294.67,Near Threatened
Test skill,Amphibia,Passeriformes,3280.132,2284.47,Endangered
Program trouble,Aves,Anura,889.445,2677.39,Endangered
Peace ahead,Amphibia,Primates,725.905,1446.28,Least Concern
Billion edge,Reptilia,Anura,1136.826,2431.17,Critically Endangered
Glass its,Aves,Passeriformes,4497.455,2430.09,Endangered
Easy however,Actinopterygii,Primates,2287.001,678.69,Extinct in the Wild
Food build,Actinopterygii,Anura,4107.863,292.44,Critically Endangered
Even that,Mammalia,Primates,3960.561,2703.68,Critically Endangered
Industry effect,Actinopterygii,Primates,3408.026,2120.37,Near Threatened
Listen clearly,Mammalia,Primates,2973.293,630.47,Endangered
Often mind,Amphibia,Squamata,131.927,786.49,Critically Endangered
Situation food,Reptilia,Primates,1472.437,74.22,Vulnerable
Player get,Amphibia,Rodentia,3796.611,1298.17,Near Threatened
Week back,Amphibia,Squamata,3789.878,286.41,Near Threatened
House believe,Amphibia,Rodentia,3219.817,655.57,Near Threatened
Reveal all,Amphibia,Carnivora,531.166,2707.6,Least Concern
Four garden,Amphibia,Anura,4004.515,2933.72,Least Concern
Choose evidence,Reptilia,Rodentia,1113.644,1068.94,Vulnerable
American fire,Amphibia,Primates,1216.749,667.44,Near Threatened
Painting ready,Aves,Anura,4660.38,2684.57,Endangered
Think phone,Amphibia,Primates,2756.699,2500.16,Critically Endangered
Matter turn,Aves,Squamata,3383.84,1240.26,Least Concern
National great,Aves,Passeriformes,3515.622,2854.88,Extinct in the Wild
Section speak,Amphibia,Primates,3617.483,2168.24,Vulnerable
Goal even,Aves,Anura,3659.214,2932.77,Critically Endangered
Garden even,Amphibia,Carnivora,716.248,943.39,Extinct in the Wild
Writer country,Mammalia,Anura,4758.933,950.25,Least Concern
Into these,Mammalia,Squamata,3810.379,1622.63,Endangered
Any study,Reptilia,Squamata,4719.605,1538.07,Least Concern
Face sound,Actinopterygii,Primates,908.121,1009.3,Extinct in the Wild
Us decade,Aves,Squamata,4146.632,2946.29,Extinct in the Wild
Past cost,Aves,Rodentia,2644.475,2948.51,Critically Endangered
Fall guy,Actinopterygii,Carnivora,223.974,1859.26,Extinct in the Wild
Threat challenge,Amphibia,Passeriformes,2194.579,1624.1,Vulnerable
Dream information,Actinopterygii,Passeriformes,2344.718,817.07,Near Threatened
Light west,Aves,Anura,4123.015,455.6,Least Concern
Appear direction,Reptilia,Carnivora,4132.835,1602.13,Critically Endangered
Difficult produce,Amphibia,Primates,1821.145,1251.38,Vulnerable
Describe consider,Amphibia,Rodentia,1367.366,2233.18,Extinct in the Wild
Hospital decision,Aves,Anura,4474.666,163.18,Extinct in the Wild
Along skin,Mammalia,Primates,1080.474,2341.48,Near Threatened
College small,Mammalia,Carnivora,2649.646,334.32,Vulnerable
Brother movement,Aves,Squamata,382.159,1237.17,Vulnerable
Crime anyone,Aves,Rodentia,2526.121,826.5,Critically Endangered
Game us,Amphibia,Carnivora,2966.94,1881.44,Extinct in the Wild
Large way,Aves,Squamata,899.772,2399.04,Least Concern
Mrs spend,Aves,Squamata,3990.124,225.88,Endangered
Civil fly,Aves,Squamata,3469.301,2387.66,Vulnerable
Quality phone,Actinopterygii,Squamata,3386.168,692.44,Near Threatened
Watch collection,Actinopterygii,Passeriformes,1917.1,2521.52,Near Threatened
Size fine,Actinopterygii,Squamata,2146.149,807.16,Least Concern
Car hand,Mammalia,Squamata,425.411,2253.38,Critically Endangered
We recent,Aves,Squamata,4641.171,1770.72,Endangered
But arrive,Mammalia,Passeriformes,4001.907,120.32,Vulnerable
Concern for,Amphibia,Squamata,3184.243,2808.01,Critically Endangered
Coach by,Amphibia,Primates,705.683,2822.72,Least Concern
Similar challenge,Actinopterygii,Carnivora,2553.269,410.85,Critically Endangered
Southern join,Reptilia,Primates,2463.266,2318.09,Extinct in the Wild
Nor take,Actinopterygii,Squamata,3710.869,1076.72,Least Concern
Common effort,Aves,Anura,3368.839,2957.26,Vulnerable
Yes its,Amphibia,Anura,4326.32,2852.36,Vulnerable
Admit reach,Actinopterygii,Anura,2581.049,2200.95,Critically Endangered
Attack create,Aves,Anura,737.219,1262.6,Endangered
Rise face,Actinopterygii,Rodentia,470.729,2912.36,Extinct in the Wild
Medical party,Reptilia,Anura,3744.003,1984.09,Vulnerable
Store each,Actinopterygii,Rodentia,4137.355,1677.09,Least Concern
Example born,Mammalia,Carnivora,1239.767,692.29,Critically Endangered
Politics position,Reptilia,Carnivora,1726.079,785.63,Vulnerable
Kind onto,Amphibia,Carnivora,2886.783,2710.63,Critically Endangered
Likely book,Amphibia,Passeriformes,4731.82,536.84,Vulnerable
Color information,Mammalia,Rodentia,1093.538,1446.87,Least Concern
Fall within,Reptilia,Carnivora,1190.194,283.96,Extinct in the Wild
Majority none,Amphibia,Primates,2508.548,2903.16,Least Concern
Foreign begin,Amphibia,Primates,2951.95,2450.83,Vulnerable
None every,Actinopterygii,Primates,2669.996,1750.69,Critically Endangered
Fear population,Mammalia,Rodentia,1156.359,514.07,Extinct in the Wild
Southern let,Actinopterygii,Primates,2967.959,3.11,Vulnerable
Treat or,Actinopterygii,Anura,3763.383,1933.37,Extinct in the Wild
Now people,Aves,Primates,2796.14,984.37,Near Threatened
Personal bag,Reptilia,Primates,178.087,286.62,Extinct in the Wild
Just positive,Mammalia,Carnivora,4920.157,953.18,Extinct in the Wild
Include everybody,Amphibia,Carnivora,63.881,358.55,Vulnerable
Arm public,Mammalia,Squamata,4284.576,551.18,Least Concern
News happen,Actinopterygii,Rodentia,3777.799,453.04,Critically Endangered
Miss institution,Amphibia,Carnivora,3570.487,590.39,Endangered
Institution government,Aves,Squamata,2178.032,1843.69,Near Threatened
Front bad,Mammalia,Rodentia,69.202,2785.94,Vulnerable
Walk section,Amphibia,Anura,1953.36,1097.24,Near Threatened
Let radio,Reptilia,Anura,1268.881,1469.93,Endangered
Near debate,Mammalia,Rodentia,1342.237,15.16,Critically Endangered
Eye never,Aves,Passeriformes,1371.47,2138.3,Critically Endangered
Authority change,Actinopterygii,Rodentia,736.514,196.5,Vulnerable
Perhaps ability,Mammalia,Squamata,4489.82,1610.77,Critically Endangered
Another leader,Reptilia,Squamata,2504.682,78.14,Endangered
Even future,Reptilia,Primates,3826.478,2520.12,Endangered
Method way,Amphibia,Primates,2198.697,916.14,Endangered
Whatever perhaps,Aves,Passeriformes,2638.778,119.82,Critically Endangered
Bad itself,Amphibia,Passeriformes,1017.742,2339.96,Critically Endangered
Nor speech,Actinopterygii,Squamata,783.398,2575.27,Endangered
Democrat door,Amphibia,Passeriformes,3046.334,1668.57,Critically Endangered
Lawyer notice,Amphibia,Primates,2847.251,154.38,Endangered
Check medical,Actinopterygii,Passeriformes,4868.849,1295.15,Extinct in the Wild
Mean heart,Aves,Carnivora,1819.643,1704.26,Extinct in the Wild
Determine Democrat,Actinopterygii,Rodentia,3162.967,1063.33,Vulnerable
Heart president,Aves,Squamata,47.563,1367.1,Critically Endangered
Show authority,Reptilia,Passeriformes,4630.306,2472.38,Least Concern
Church black,Reptilia,Passeriformes,3257.55,868.23,Vulnerable
Tend pressure,Mammalia,Primates,1956.359,2779.66,Vulnerable
Such defense,Actinopterygii,Anura,2058.467,1640.48,Near Threatened
Play without,Reptilia,Passeriformes,2384.391,608.18,Extinct in the Wild
Among school,Actinopterygii,Passeriformes,3588.998,2233.39,Near Threatened
Effect quickly,Reptilia,Rodentia,3487.911,1336.53,Near Threatened
Military president,Mammalia,Squamata,459.534,1940.79,Endangered
Instead day,Actinopterygii,Carnivora,1634.629,16.71,Critically Endangered
Give describe,Aves,Passeriformes,4393.654,798.36,Least Concern
Middle sign,Mammalia,Carnivora,2376.602,456.67,Endangered
Interest arm,Reptilia,Squamata,568.027,2284.26,Extinct in the Wild
Energy clear,Aves,Passeriformes,1114.376,2475.47,Near Threatened
Increase worker,Aves,Anura,3109.061,2421.49,Endangered
American to,Amphibia,Passeriformes,1350.66,2260.47,Extinct in the Wild
Plant stage,Amphibia,Carnivora,2188.359,2845.19,Vulnerable
Artist tree,Mammalia,Passeriformes,2501.475,873.57,Least Concern
Explain large,Actinopterygii,Squamata,3239.23,305.28,Vulnerable
Source protect,Mammalia,Carnivora,4848.186,127.82,Endangered
Service talk,Reptilia,Passeriformes,2622.057,2809.32,Least Concern
Bar high,Aves,Anura,589.816,2616.15,Endangered
Boy will,Reptilia,Squamata,2049.627,841.25,Endangered
Sea choice,Reptilia,Passeriformes,1471.45,1169.89,Near Threatened
Picture consider,Actinopterygii,Rodentia,3432.906,646.27,Near Threatened
Bring ground,Actinopterygii,Primates,417.789,228.9,Endangered
Report school,Amphibia,Primates,630.112,2281.17,Vulnerable
However relationship,Aves,Carnivora,2541.277,672.19,Near Threatened
Onto teacher,Aves,Passeriformes,1753.223,712.67,Near Threatened
People former,Aves,Passeriformes,495.144,352.63,Vulnerable
Describe strategy,Amphibia,Carnivora,2640.065,511.83,Extinct in the Wild
Describe mention,Reptilia,Anura,1121.045,987.75,Critically Endangered
Age early,Amphibia,Anura,4986.062,214.36,Least Concern
Space ask,Mammalia,Primates,164.41,1946.31,Near Threatened
Attorney style,Reptilia,Anura,1458.277,1492.38,Extinct in the Wild
Stay expert,Reptilia,Rodentia,3419.117,2712.36,Extinct in the Wild
Day site,Amphibia,Anura,1101.437,1092.04,Critically Endangered
Republican population,Aves,Squamata,3326.965,2790.46,Near Threatened
Think recently,Amphibia,Carnivora,2940.633,310.93,Near Threatened
Billion main,Aves,Squamata,4624.927,1173.62,Near Threatened
And prepare,Mammalia,Rodentia,4312.867,2804.57,Endangered
Degree board,Actinopterygii,Squamata,1954.69,2184.78,Endangered
Author rise,Aves,Carnivora,38.187,2386.73,Vulnerable
Kid better,Reptilia,Passeriformes,3217.934,966.19,Near Threatened
Economy scientist,Mammalia,Carnivora,4246.649,1788.58,Least Concern
Word operation,Reptilia,Anura,3342.896,2620.12,Vulnerable
President bad,Actinopterygii,Rodentia,273.849,751.11,Near Threatened
Economy dog,Mammalia,Squamata,982.092,2212.48,Extinct in the Wild
House mind,Actinopterygii,Carnivora,596.084,2364.99,Near Threatened
Author benefit,Amphibia,Anura,2413.459,262.18,Vulnerable
Dog stay,Reptilia,Carnivora,2377.988,2880.85,Near Threatened
Result push,Aves,Rodentia,2162.294,1383.31,Extinct in the Wild
Court contain,Amphibia,Anura,1866.453,2157.7,Least Concern
Spring blue,Actinopterygii,Rodentia,4218.903,2314.0,Critically Endangered
Behavior huge,Aves,Primates,2492.825,661.4,Critically Endangered
Get than,Reptilia,Squamata,3327.404,466.41,Critically Endangered
Medical unit,Actinopterygii,Primates,1708.137,1276.35,Near Threatened
Nearly point,Actinopterygii,Primates,3693.639,2848.92,Near Threatened
Some discover,Aves,Primates,1409.101,146.53,Critically Endangered
Single charge,Amphibia,Carnivora,3708.277,340.49,Critically Endangered
Someone audience,Actinopterygii,Squamata,2810.725,1341.61,Near Threatened
As example,Mammalia,Passeriformes,909.438,1891.52,Near Threatened
Wait follow,Mammalia,Anura,443.137,2650.18,Endangered
Garden read,Mammalia,Squamata,2008.232,1924.87,Least Concern
Soldier street,Mammalia,Squamata,2465.898,1557.43,Least Concern
Personal finish,Reptilia,Anura,3665.816,1927.59,Least Concern
Different thousand,Reptilia,Primates,1194.635,1563.33,Near Threatened
Above nature,Reptilia,Primates,2678.319,370.53,Near Threatened
Without under,Mammalia,Passeriformes,3665.865,1601.9,Vulnerable
Along husband,Actinopterygii,Squamata,3202.457,46.14,Extinct in the Wild
News example,Mammalia,Passeriformes,4548.058,812.7,Vulnerable
Him apply,Amphibia,Carnivora,4238.006,1111.02,Extinct in the Wild
The serve,Mammalia,Primates,4598.78,2784.27,Vulnerable
Operation ball,Actinopterygii,Primates,897.527,2087.64,Least Concern
Everyone crime,Amphibia,Primates,229.692,489.23,Vulnerable
Daughter fall,Reptilia,Primates,788.75,1041.12,Endangered
Situation particular,Actinopterygii,Primates,1173.792,1124.06,Extinct in the Wild
Answer example,Amphibia,Passeriformes,3527.412,1723.95,Extinct in the Wild
Foreign law,Mammalia,Squamata,2655.381,815.83,Vulnerable
Personal game,Actinopterygii,Carnivora,3484.738,1911.13,Extinct in the Wild
Call throw,Mammalia,Rodentia,1574.748,1336.42,Least Concern
Fund from,Actinopterygii,Carnivora,2980.138,231.08,Least Concern
Heavy cut,Mammalia,Carnivora,2870.168,69.86,Critically Endangered
Early trouble,Mammalia,Primates,1157.267,820.95,Least Concern
Boy place,Actinopterygii,Carnivora,1942.043,2933.77,Near Threatened
Make I,Reptilia,Primates,3664.214,2797.19,Critically Endangered
Quality free,Aves,Rodentia,3612.212,339.88,Vulnerable
Garden modern,Amphibia,Carnivora,2259.623,2441.58,Least Concern
Several it,Actinopterygii,Primates,3158.722,2969.91,Vulnerable
Than inside,Aves,Carnivora,4307.478,632.95,Endangered
Air movement,Actinopterygii,Primates,1614.814,450.23,Endangered
Rate cell,Reptilia,Primates,3720.301,1457.56,Extinct in the Wild
From apply,Amphibia,Primates,3356.445,2637.13,Least Concern
Wrong any,Aves,Rodentia,4570.071,1698.6,Extinct in the Wild
Product training,Reptilia,Rodentia,2432.32,524.75,Extinct in the Wild
Lawyer say,Amphibia,Rodentia,1396.875,1313.8,Vulnerable
Hotel think,Reptilia,Passeriformes,221.91,818.88,Extinct in the Wild
Beautiful type,Actinopterygii,Passeriformes,3373.697,1066.37,Vulnerable
Executive yard,Amphibia,Passeriformes,4941.932,2874.34,Near Threatened
Through production,Reptilia,Anura,26.752,2325.33,Near Threatened
Plant food,Amphibia,Anura,4407.856,2341.18,Least Concern
Change direction,Actinopterygii,Carnivora,4854.669,583.16,Least Concern
Street summer,Reptilia,Squamata,1705.505,632.0,Extinct in the Wild
And soon,Aves,Squamata,2587.389,990.08,Least Concern
Point relate,Reptilia,Passeriformes,328.702,232.86,Least Concern
Difference minute,Mammalia,Rodentia,4708.004,2999.27,Near Threatened
Face even,Reptilia,Passeriformes,99.879,2920.54,Vulnerable
Type bag,Amphibia,Carnivora,4071.687,418.31,Critically Endangered
Focus authority,Aves,Squamata,3462.213,1079.85,Endangered
Camera amount,Reptilia,Anura,3191.828,2053.69,Vulnerable
After star,Actinopterygii,Primates,1562.659,1992.2,Least Concern
Might gun,Mammalia,Carnivora,2796.442,942.41,Extinct in the Wild
Establish whose,Amphibia,Anura,391.481,172.09,Near Threatened
Brother decide,Actinopterygii,Anura,974.633,397.13,Extinct in the Wild
Morning case,Amphibia,Squamata,1188.79,467.95,Extinct in the Wild
Sure weight,Aves,Squamata,403.162,412.4,Endangered
Reach floor,Amphibia,Primates,2459.805,1239.3,Vulnerable
Trip least,Amphibia,Carnivora,2368.515,116.76,Endangered
Decide soon,Reptilia,Squamata,2565.144,868.49,Least Concern
American operation,Actinopterygii,Passeriformes,533.432,620.17,Extinct in the Wild
Risk business,Aves,Anura,3052.206,112.72,Extinct in the Wild
Camera I,Aves,Carnivora,3538.257,1956.98,Endangered
Beautiful near,Actinopterygii,Primates,439.111,1013.44,Endangered
Financial behavior,Aves,Rodentia,3809.414,2084.46,Near Threatened
Stock air,Aves,Anura,2178.176,393.36,Endangered
Politics natural,Reptilia,Primates,2849.458,1918.89,Endangered
Himself create,Amphibia,Passeriformes,3447.552,1870.37,Critically Endangered
In possible,Aves,Squamata,379.607,1771.24,Least Concern
Sound wonder,Mammalia,Squamata,1065.026,582.85,Critically Endangered
Southern country,Reptilia,Rodentia,3276.332,1988.83,Endangered
Serve man,Aves,Anura,2584.464,441.78,Least Concern
Her no,Actinopterygii,Carnivora,3261.23,2420.74,Critically Endangered
Serious remember,Actinopterygii,Anura,4469.58,1258.7,Near Threatened
School reveal,Mammalia,Carnivora,2088.385,1314.44,Endangered
Final information,Amphibia,Rodentia,4583.995,1817.95,Critically Endangered
Sound agree,Aves,Primates,901.004,112.33,Least Concern
Close which,Reptilia,Passeriformes,731.601,2321.95,Near Threatened
Produce mean,Reptilia,Primates,2373.914,1239.45,Critically Endangered
Myself anything,Actinopterygii,Primates,4158.273,2596.51,Vulnerable
Catch at,Actinopterygii,Anura,4230.307,2013.56,Near Threatened
Institution project,Mammalia,Primates,65.96,1144.7,Endangered
Present recognize,Reptilia,Passeriformes,3911.333,894.27,Near Threatened
Political particular,Reptilia,Squamata,2157.371,1469.7,Extinct in the Wild
Without a,Amphibia,Anura,4091.05,682.18,Critically Endangered
Body hotel,Reptilia,Primates,2194.484,2584.55,Critically Endangered
Few almost,Aves,Carnivora,1207.719,1026.24,Endangered
Partner resource,Mammalia,Anura,89.382,1752.07,Near Threatened
Set rock,Actinopterygii,Passeriformes,145.336,2939.32,Critically Endangered
Professional discussion,Amphibia,Rodentia,56.088,382.91,Least Concern
Manage top,Actinopterygii,Primates,532.064,589.57,Least Concern
Base direction,Mammalia,Passeriformes,340.832,998.05,Vulnerable
Drug easy,Actinopterygii,Squamata,2015.876,2857.08,Vulnerable
Force draw,Reptilia,Squamata,4771.544,1976.95,Vulnerable
Money or,Reptilia,Passeriformes,4365.454,1467.91,Extinct in the Wild
Work space,Amphibia,Rodentia,3645.96,713.1,Near Threatened
End medical,Actinopterygii,Squamata,933.026,1126.61,Extinct in the Wild
These live,Actinopterygii,Primates,2656.448,13.13,Vulnerable
Together old,Mammalia,Carnivora,1757.222,2355.29,Extinct in the Wild
Yourself PM,Aves,Carnivora,95.186,1528.09,Least Concern
Car drug,Reptilia,Passeriformes,2889.04,1886.18,Critically Endangered
Face successful,Aves,Anura,447.49,255.01,Extinct in the Wild
These magazine,Mammalia,Passeriformes,3061.633,635.3,Least Concern
Write require,Reptilia,Primates,2238.014,1984.57,Endangered
See himself,Reptilia,Carnivora,2834.172,2244.51,Endangered
Indicate involve,Amphibia,Rodentia,3998.789,2362.85,Extinct in the Wild
Address page,Aves,Rodentia,2410.894,6.2,Extinct in the Wild
Simply near,Aves,Squamata,1217.563,298.74,Critically Endangered
Guy view,Reptilia,Primates,1583.388,1054.45,Least Concern
Scene treat,Aves,Anura,4893.481,1234.56,Extinct in the Wild
Because image,Actinopterygii,Passeriformes,4133.404,486.82,Critically Endangered
Evidence color,Amphibia,Rodentia,1439.421,994.8,Vulnerable
Real actually,Amphibia,Primates,3116.852,639.8,Least Concern
Government woman,Reptilia,Carnivora,3176.843,157.98,Endangered
Remember firm,Mammalia,Rodentia,2873.321,2327.71,Near Threatened
Decision unit,Actinopterygii,Passeriformes,2029.447,70.9,Extinct in the Wild
Same of,Reptilia,Squamata,1193.175,2031.14,Extinct in the Wild
If four,Mammalia,Rodentia,447.887,1309.61,Least Concern
Respond each,Mammalia,Rodentia,109.857,2232.04,Extinct in the Wild
Team fast,Reptilia,Primates,3792.641,459.41,Endangered
These professional,Amphibia,Primates,2485.965,2044.76,Endangered
Finish any,Aves,Rodentia,3853.08,2412.01,Near Threatened
Hotel it,Aves,Squamata,4533.603,598.56,Near Threatened
Across could,Actinopterygii,Primates,4843.407,2633.55,Vulnerable
Bar skill,Reptilia,Squamata,1229.121,2340.41,Near Threatened
Surface protect,Aves,Squamata,533.075,987.63,Near Threatened
However probably,Reptilia,Rodentia,2649.994,243.83,Vulnerable
Guess think,Reptilia,Primates,4944.588,1183.23,Critically Endangered
Practice begin,Amphibia,Passeriformes,1910.175,2896.87,Extinct in the Wild
Water machine,Mammalia,Passeriformes,2480.604,684.68,Extinct in the Wild
Week participant,Actinopterygii,Anura,2034.411,2278.92,Endangered
Subject safe,Reptilia,Squamata,2322.362,2486.5,Extinct in the Wild
Cut student,Aves,Anura,564.525,452.87,Extinct in the Wild
Tree offer,Reptilia,Carnivora,1076.589,2379.33,Extinct in the Wild
Long onto,Mammalia,Squamata,1048.989,171.46,Least Concern
Rise employee,Mammalia,Squamata,1301.8,2253.66,Endangered
Than with,Actinopterygii,Primates,3774.542,1079.35,Endangered
Believe score,Amphibia,Anura,664.161,1325.07,Endangered
New long,Reptilia,Carnivora,148.885,1397.54,Extinct in the Wild
Season black,Reptilia,Anura,615.045,1023.53,Critically Endangered
Writer room,Aves,Anura,1181.889,2515.51,Endangered
Represent machine,Mammalia,Carnivora,4442.325,2728.06,Critically Endangered
Blue best,Amphibia,Primates,3886.852,1601.96,Near Threatened
Sure mother,Reptilia,Primates,1266.385,1085.83,Vulnerable
Live hot,Aves,Primates,1624.025,1741.07,Vulnerable
Finally interesting,Mammalia,Rodentia,512.689,567.63,Near Threatened
Nice war,Mammalia,Primates,1333.536,2876.42,Near Threatened
Happen doctor,Aves,Carnivora,2922.478,1077.87,Endangered
Build network,Amphibia,Rodentia,10.396,666.03,Vulnerable
That door,Aves,Primates,2689.675,1550.01,Extinct in the Wild
Debate more,Reptilia,Passeriformes,3444.509,2794.77,Extinct in the Wild
Risk nation,Aves,Rodentia,2490.045,2495.08,Vulnerable
Letter price,Aves,Primates,3582.56,1782.93,Critically Endangered
Cause affect,Reptilia,Passeriformes,270.865,285.51,Near Threatened
Great range,Amphibia,Squamata,1813.767,2259.54,Least Concern
Trip such,Mammalia,Rodentia,2778.07,745.39,Least Concern
Answer indicate,Aves,Anura,1187.967,275.06,Near Threatened
Air opportunity,Aves,Primates,1285.185,2198.66,Endangered
See than,Reptilia,Anura,3794.089,922.41,Vulnerable
Marriage back,Amphibia,Primates,2556.455,1330.76,Endangered
Nation media,Reptilia,Rodentia,3058.503,501.08,Least Concern
Blood people,Aves,Primates,3165.32,1900.43,Endangered
Even close,Amphibia,Passeriformes,745.048,1106.75,Extinct in the Wild
Project us,Amphibia,Primates,1847.087,324.82,Critically Endangered
Scientist cultural,Mammalia,Anura,222.596,491.23,Critically Endangered
Why fear,Reptilia,Rodentia,2262.296,2658.81,Critically Endangered
Mention half,Reptilia,Primates,4271.084,1798.72,Extinct in the Wild
Build bank,Mammalia,Passeriformes,1207.823,2743.5,Endangered
Project girl,Aves,Primates,2610.395,1481.42,Vulnerable
Him for,Actinopterygii,Anura,2725.865,1929.94,Least Concern
Huge wonder,Actinopterygii,Rodentia,3132.61,2444.94,Near Threatened
Car offer,Reptilia,Rodentia,1355.373,1313.33,Vulnerable
Mother occur,Actinopterygii,Rodentia,904.343,1342.52,Critically Endangered
Enter level,Actinopterygii,Carnivora,738.445,272.19,Least Concern
Yes all,Amphibia,Passeriformes,2769.162,896.45,Critically Endangered
State near,Mammalia,Primates,4392.528,2896.66,Vulnerable
Blue few,Aves,Anura,1988.875,2255.86,Critically Endangered
Bag use,Reptilia,Anura,3382.504,343.32,Near Threatened
According morning,Amphibia,Passeriformes,2105.451,2588.66,Vulnerable
Sit song,Actinopterygii,Rodentia,3744.906,2915.37,Vulnerable
Cut however,Actinopterygii,Rodentia,1013.598,262.88,Near Threatened
Attack develop,Reptilia,Primates,2261.905,2697.18,Extinct in the Wild
Before along,Reptilia,Rodentia,1820.958,1661.3,Least Concern
Scientist writer,Aves,Squamata,3672.698,2422.25,Extinct in the Wild
Start history,Actinopterygii,Squamata,4966.461,1306.07,Critically Endangered
Close interesting,Actinopterygii,Anura,275.774,1529.85,Vulnerable
Cultural catch,Actinopterygii,Carnivora,2050.35,2585.77,Near Threatened
Product type,Mammalia,Rodentia,586.201,1471.46,Endangered
Type conference,Mammalia,Primates,547.302,2403.17,Critically Endangered
Prepare yard,Reptilia,Primates,18.367,2461.74,Extinct in the Wild
Fight group,Mammalia,Rodentia,4320.103,343.31,Vulnerable
Especially half,Aves,Primates,3731.372,521.77,Endangered
Street check,Actinopterygii,Passeriformes,2900.3,433.89,Extinct in the Wild
Ability wall,Reptilia,Carnivora,4633.525,2422.05,Critically Endangered
Far company,Actinopterygii,Anura,4655.229,1007.38,Extinct in the Wild
Machine size,Reptilia,Passeriformes,2263.074,1711.59,Critically Endangered
Them blood,Reptilia,Passeriformes,4264.325,1423.93,Endangered
Actually particularly,Amphibia,Anura,12.181,2857.39,Vulnerable
Ask around,Aves,Squamata,3206.208,9.54,Endangered
Piece back,Reptilia,Squamata,4868.142,590.81,Extinct in the Wild
Meet interview,Amphibia,Primates,2412.006,2321.22,Endangered
Including note,Amphibia,Anura,3248.176,1707.39,Least Concern
Interview knowledge,Mammalia,Rodentia,3469.88,1957.25,Near Threatened
List woman,Mammalia,Squamata,4268.153,383.52,Near Threatened
Set piece,Mammalia,Rodentia,4119.044,2688.74,Critically Endangered
Exactly year,Aves,Rodentia,1440.62,2688.04,Extinct in the Wild
Leg small,Amphibia,Passeriformes,65.146,874.45,Near Threatened
Group walk,Mammalia,Carnivora,2278.238,1702.79,Critically Endangered
She Mrs,Amphibia,Passeriformes,2396.612,317.13,Least Concern
Experience society,Actinopterygii,Primates,0.304,1334.35,Endangered
Contain too,Actinopterygii,Carnivora,2934.783,1143.99,Extinct in the Wild
None always,Amphibia,Squamata,236.277,1218.63,Critically Endangered
Toward sense,Reptilia,Passeriformes,3677.322,2461.78,Least Concern
Dog become,Amphibia,Squamata,749.728,1725.79,Least Concern
Again late,Amphibia,Carnivora,4971.032,2568.93,Endangered
Last fly,Aves,Rodentia,3546.829,2782.81,Extinct in the Wild
Feeling everything,Amphibia,Primates,2587.922,1836.31,Least Concern
Ready subject,Reptilia,Anura,3126.369,343.81,Extinct in the Wild
Ahead sure,Aves,Primates,274.038,1129.14,Extinct in the Wild
Step movie,Amphibia,Carnivora,755.708,2761.17,Extinct in the Wild
All important,Mammalia,Primates,3722.395,2795.27,Vulnerable
Thus finally,Mammalia,Carnivora,3860.579,2006.99,Endangered
Kitchen fact,Actinopterygii,Squamata,4133.16,2952.78,Critically Endangered
Claim those,Aves,Squamata,4731.524,1031.17,Near Threatened
Threat author,Mammalia,Primates,2023.807,2900.16,Endangered
Audience particular,Aves,Primates,2244.764,438.26,Vulnerable
Grow call,Mammalia,Rodentia,4648.215,1931.08,Extinct in the Wild
Republican itself,Actinopterygii,Anura,960.722,370.07,Endangered
Will range,Actinopterygii,Carnivora,2860.787,2153.25,Least Concern
It product,Aves,Passeriformes,3252.822,2338.76,Vulnerable
West yard,Mammalia,Squamata,211.897,1797.35,Endangered
Sport knowledge,Reptilia,Anura,3817.298,965.38,Near Threatened
Car himself,Mammalia,Anura,1225.887,726.46,Critically Endangered
Lawyer finish,Reptilia,Anura,1543.587,128.51,Least Concern
Staff carry,Mammalia,Rodentia,3552.413,1190.77,Vulnerable
Serve water,Reptilia,Anura,4574.874,2375.9,Extinct in the Wild
Like carry,Aves,Squamata,1220.562,2253.67,Vulnerable
Of a,Reptilia,Passeriformes,905.275,521.21,Critically Endangered
Small political,Aves,Passeriformes,1527.55,1821.14,Vulnerable
Table appear,Mammalia,Passeriformes,291.597,1691.13,Critically Endangered
Animal dog,Reptilia,Anura,4231.503,900.83,Critically Endangered
Seven agree,Actinopterygii,Anura,4371.797,2812.23,Vulnerable
Music something,Actinopterygii,Primates,3695.883,2054.37,Extinct in the Wild
Black keep,Aves,Anura,3803.477,708.65,Least Concern
Important truth,Actinopterygii,Carnivora,4083.854,2230.87,Near Threatened
Democrat appear,Amphibia,Rodentia,1826.346,2847.58,Extinct in the Wild
Beat catch,Amphibia,Anura,3331.767,324.12,Near Threatened
Possible miss,Mammalia,Rodentia,2937.972,1542.36,Extinct in the Wild
Pick owner,Reptilia,Rodentia,1601.533,502.19,Vulnerable
Majority ability,Mammalia,Rodentia,4872.999,1464.39,Endangered
A discussion,Amphibia,Rodentia,731.309,707.94,Extinct in the Wild
Fall send,Amphibia,Primates,3490.84,2325.51,Vulnerable
North song,Mammalia,Passeriformes,1830.701,525.01,Endangered
Bring wonder,Reptilia,Rodentia,4589.214,2598.21,Least Concern
Specific simple,Amphibia,Anura,2917.038,1145.98,Extinct in the Wild
Such when,Amphibia,Primates,545.376,2472.11,Near Threatened
Need range,Amphibia,Passeriformes,2580.172,2567.69,Near Threatened
News or,Amphibia,Anura,4195.01,2890.58,Extinct in the Wild
Compare cut,Aves,Anura,1558.331,1125.95,Least Concern
General model,Mammalia,Passeriformes,4515.788,2388.73,Critically Endangered
Front city,Actinopterygii,Primates,1924.074,1396.17,Vulnerable
Model chance,Reptilia,Primates,2778.113,2007.2,Vulnerable
Visit position,Amphibia,Rodentia,7.138,1499.64,Vulnerable
So nation,Actinopterygii,Rodentia,3713.726,1778.54,Endangered
Same can,Actinopterygii,Passeriformes,4853.376,668.85,Vulnerable
Without those,Actinopterygii,Carnivora,4049.542,169.58,Near Threatened
Ahead who,Reptilia,Rodentia,1198.63,1163.82,Extinct in the Wild
System just,Mammalia,Passeriformes,4435.251,1434.91,Endangered
Dream arm,Reptilia,Rodentia,3554.754,2621.74,Extinct in the Wild
Yard three,Mammalia,Carnivora,1566.57,2870.07,Least Concern
Employee everything,Reptilia,Passeriformes,824.16,2965.08,Endangered
Nature build,Actinopterygii,Anura,403.227,1122.68,Critically Endangered
Bank moment,Aves,Squamata,2249.457,2917.41,Near Threatened
Sport draw,Amphibia,Squamata,3822.839,1995.26,Critically Endangered
Hold why,Actinopterygii,Anura,3928.847,47.42,Extinct in the Wild
Sometimes partner,Mammalia,Anura,179.59,673.27,Endangered
Stand through,Mammalia,Anura,4630.019,1612.72,Critically Endangered
Show they,Mammalia,Anura,911.52,1059.12,Critically Endangered
Again maybe,Reptilia,Squamata,2350.678,660.73,Endangered
Cause near,Amphibia,Anura,4927.009,2964.75,Critically Endangered
Mean road,Reptilia,Squamata,1086.998,2687.29,Extinct in the Wild
Item site,Amphibia,Squamata,3091.206,2902.06,Extinct in the Wild
Grow fact,Amphibia,Primates,2620.184,2406.92,Extinct in the Wild
How beat,Actinopterygii,Squamata,4668.617,2776.28,Extinct in the Wild
Attention vote,Actinopterygii,Passeriformes,3260.249,2508.81,Least Concern
Life to,Amphibia,Primates,1954.636,1862.17,Least Concern
Character mother,Aves,Primates,2088.125,579.28,Critically Endangered
Partner order,Amphibia,Passeriformes,109.75,2851.11,Least Concern
Idea himself,Aves,Anura,4631.219,744.12,Critically Endangered
Wide rule,Mammalia,Passeriformes,3910.963,1703.44,Vulnerable
Future trial,Amphibia,Squamata,1684.185,1575.92,Endangered
Leave ahead,Reptilia,Rodentia,3533.924,2773.35,Vulnerable
Relate without,Actinopterygii,Anura,4824.329,1659.2,Critically Endangered
Movement mention,Mammalia,Anura,3136.03,553.62,Vulnerable
Rather image,Aves,Rodentia,1174.915,589.05,Least Concern
Skin prepare,Actinopterygii,Passeriformes,4536.52,2648.07,Near Threatened
Age front,Reptilia,Rodentia,2772.447,2255.87,Critically Endangered
Wind list,Reptilia,Squamata,4927.532,1253.05,Critically Endangered
Painting wish,Reptilia,Primates,3731.263,2920.53,Least Concern
Likely important,Aves,Primates,2872.975,2998.7,Critically Endangered
Court others,Amphibia,Carnivora,2886.998,2807.13,Near Threatened
Support beyond,Mammalia,Squamata,4496.727,1908.34,Least Concern
Them will,Amphibia,Primates,4979.922,2863.56,Vulnerable
Near drive,Amphibia,Squamata,1629.291,2615.3,Near Threatened
Color action,Actinopterygii,Passeriformes,1066.818,1036.57,Extinct in the Wild
Sort two,Mammalia,Anura,4605.188,232.34,Least Concern
Clear model,Reptilia,Passeriformes,763.226,1048.28,Vulnerable
Meeting consumer,Aves,Passeriformes,4865.547,2732.56,Extinct in the Wild
Someone understand,Aves,Rodentia,2062.884,2690.35,Vulnerable
Factor nearly,Mammalia,Anura,3437.414,20.45,Extinct in the Wild
Choose room,Mammalia,Passeriformes,3034.263,2382.88,Critically Endangered
Enjoy will,Aves,Squamata,3391.55,175.67,Least Concern
Statement feel,Actinopterygii,Squamata,390.695,2219.71,Endangered
Mother position,Actinopterygii,Primates,3771.235,2101.18,Critically Endangered
Wall food,Reptilia,Carnivora,4748.25,917.68,Least Concern
Color indeed,Mammalia,Rodentia,4350.853,186.48,Vulnerable
Plan travel,Reptilia,Anura,2247.017,405.11,Least Concern
Occur ask,Reptilia,Passeriformes,2123.454,836.79,Near Threatened
Drop hope,Reptilia,Primates,2264.501,1820.34,Vulnerable
Heart draw,Mammalia,Squamata,306.383,530.33,Extinct in the Wild
Investment tell,Mammalia,Passeriformes,800.923,591.15,Near Threatened
This pull,Reptilia,Passeriformes,2802.443,124.79,Critically Endangered
Capital wear,Amphibia,Squamata,3380.601,2561.13,Critically Endangered
Food require,Mammalia,Carnivora,3340.457,385.01,Critically Endangered
Drop human,Aves,Rodentia,2592.89,769.09,Vulnerable
Sister quickly,Aves,Carnivora,3938.938,944.76,Near Threatened
Themselves unit,Reptilia,Rodentia,826.016,2697.06,Near Threatened
Couple song,Amphibia,Carnivora,98.722,2063.25,Vulnerable
Young compare,Amphibia,Anura,3327.513,1204.02,Extinct in the Wild
They land,Mammalia,Squamata,1510.595,2736.89,Endangered
Decide under,Mammalia,Rodentia,3139.743,758.8,Extinct in the Wild
Wall color,Aves,Anura,4469.941,1297.81,Critically Endangered
All kitchen,Reptilia,Squamata,2324.292,1716.96,Extinct in the Wild
School far,Amphibia,Rodentia,2987.229,673.63,Extinct in the Wild
Reduce lawyer,Reptilia,Passeriformes,3337.071,1589.99,Least Concern
Recognize game,Reptilia,Rodentia,1420.416,1509.11,Extinct in the Wild
Single low,Actinopterygii,Passeriformes,1525.248,1295.68,Near Threatened
Ready your,Aves,Squamata,252.432,715.48,Near Threatened
Health call,Actinopterygii,Squamata,4162.608,135.15,Least Concern
Door must,Reptilia,Anura,1292.755,1524.17,Critically Endangered
Most ability,Actinopterygii,Carnivora,3885.487,1460.25,Endangered
Great purpose,Amphibia,Anura,3169.815,532.01,Extinct in the Wild
Population also,Mammalia,Squamata,3838.309,2856.58,Vulnerable
Yeah before,Amphibia,Passeriformes,4326.514,1135.12,Critically Endangered
Environmental training,Mammalia,Carnivora,1499.503,602.02,Vulnerable
Reduce effect,Actinopterygii,Primates,4237.072,1894.03,Vulnerable
Manager avoid,Actinopterygii,Passeriformes,1399.577,2734.22,Extinct in the Wild
Economic pressure,Amphibia,Squamata,4058.256,1339.67,Extinct in the Wild
Only range,Reptilia,Passeriformes,1892.794,2266.86,Vulnerable
Hair important,Aves,Primates,3713.663,1826.38,Vulnerable
Action among,Mammalia,Rodentia,2905.926,153.76,Extinct in the Wild
Prevent foot,Actinopterygii,Primates,97.182,1971.52,Extinct in the Wild
Every above,Reptilia,Passeriformes,290.531,2799.06,Vulnerable
Ever situation,Aves,Anura,722.906,2542.83,Vulnerable
Everything term,Actinopterygii,Passeriformes,2215.655,2087.33,Endangered
Both officer,Amphibia,Carnivora,916.499,2817.1,Endangered
Dog instead,Aves,Anura,1990.821,1902.42,Endangered
Future top,Reptilia,Rodentia,249.577,2898.61,Endangered
Authority face,Reptilia,Passeriformes,4740.506,1858.09,Near Threatened
Method despite,Aves,Carnivora,3324.134,2812.96,Least Concern
Catch be,Mammalia,Passeriformes,4720.9,2090.62,Endangered
Natural physical,Actinopterygii,Squamata,449.545,111.59,Extinct in the Wild
Structure design,Reptilia,Rodentia,2561.665,52.07,Vulnerable
Chance enjoy,Actinopterygii,Squamata,3201.276,2917.16,Endangered
Republican third,Actinopterygii,Squamata,3576.551,186.81,Critically Endangered
Manage stock,Mammalia,Rodentia,1895.82,1129.63,Near Threatened
Take as,Mammalia,Passeriformes,1051.372,1252.88,Critically Endangered
Tree social,Amphibia,Passeriformes,245.419,2306.34,Extinct in the Wild
Tend threat,Aves,Carnivora,4584.515,2784.51,Critically Endangered
End piece,Reptilia,Passeriformes,4891.791,1002.53,Endangered
American perhaps,Amphibia,Squamata,991.533,1233.29,Extinct in the Wild
Indeed pay,Amphibia,Squamata,3892.982,211.61,Extinct in the Wild
Process five,Aves,Carnivora,3943.706,1342.71,Least Concern
Write true,Reptilia,Anura,1307.293,2182.05,Critically Endangered
Try current,Reptilia,Squamata,4314.408,1883.38,Endangered
Life article,Amphibia,Rodentia,1419.907,1264.62,Endangered
Property majority,Mammalia,Anura,4867.992,729.58,Vulnerable
Who reflect,Reptilia,Passeriformes,4622.832,2556.28,Endangered
Night line,Reptilia,Passeriformes,4017.089,2826.16,Near Threatened
Accept participant,Amphibia,Passeriformes,4025.918,852.96,Vulnerable
Force page,Mammalia,Rodentia,4150.337,933.03,Near Threatened
Continue reveal,Reptilia,Primates,1576.599,540.21,Least Concern
Tend up,Amphibia,Primates,1543.961,2823.68,Least Concern
Religious we,Mammalia,Rodentia,2900.899,1224.36,Endangered
We blue,Reptilia,Carnivora,1767.532,2727.17,Extinct in the Wild
A seem,Actinopterygii,Passeriformes,3443.324,1872.45,Vulnerable
Whose word,Reptilia,Passeriformes,708.348,2359.0,Endangered
Interesting several,Actinopterygii,Anura,2670.362,1093.35,Endangered
Opportunity politics,Amphibia,Anura,4432.75,1711.97,Extinct in the Wild
Pm often,Reptilia,Carnivora,1127.79,1791.15,Extinct in the Wild
Sister knowledge,Mammalia,Squamata,4083.463,462.55,Extinct in the Wild
Build strategy,Actinopterygii,Primates,965.704,1425.63,Near Threatened
Child single,Aves,Anura,3797.989,2270.48,Near Threatened
Bar officer,Reptilia,Rodentia,322.005,1158.46,Near Threatened
Perform arrive,Aves,Rodentia,2261.492,2256.31,Extinct in the Wild
Drive audience,Actinopterygii,Rodentia,457.317,2756.52,Critically Endangered
Account appear,Aves,Carnivora,4114.745,538.38,Endangered
Yet ok,Amphibia,Anura,1174.072,2386.35,Endangered
Meet crime,Actinopterygii,Rodentia,3815.393,1122.34,Critically Endangered
Put that,Actinopterygii,Carnivora,2497.373,1295.02,Extinct in the Wild
Itself trade,Reptilia,Rodentia,2068.688,146.19,Near Threatened
Challenge surface,Aves,Primates,700.704,355.73,Endangered
Some lot,Actinopterygii,Anura,2496.022,2837.78,Extinct in the Wild
Much interesting,Actinopterygii,Carnivora,3202.552,473.17,Critically Endangered
Similar drive,Mammalia,Carnivora,2750.856,22.17,Near Threatened
Suddenly remember,Mammalia,Rodentia,3778.883,1171.49,Near Threatened
Also case,Amphibia,Passeriformes,645.276,462.41,Endangered
Program interesting,Mammalia,Squamata,4908.138,1062.03,Critically Endangered
Agency this,Reptilia,Anura,1516.773,2841.57,Critically Endangered
Common home,Mammalia,Primates,4511.289,813.08,Least Concern
Someone actually,Mammalia,Squamata,4142.939,1900.25,Vulnerable
You could,Actinopterygii,Primates,2195.687,1360.03,Extinct in the Wild
Near budget,Actinopterygii,Passeriformes,3346.152,2915.13,Least Concern
Charge strong,Actinopterygii,Rodentia,4538.008,2847.77,Extinct in the Wild
Dinner protect,Mammalia,Passeriformes,747.562,2006.41,Extinct in the Wild
Life arrive,Mammalia,Rodentia,1963.043,684.12,Vulnerable
Many idea,Amphibia,Primates,4041.826,2535.43,Extinct in the Wild
Argue force,Amphibia,Rodentia,2922.884,2185.38,Least Concern
Near into,Reptilia,Primates,2761.519,539.7,Critically Endangered
Major word,Reptilia,Primates,1490.143,628.76,Vulnerable
Great across,Actinopterygii,Primates,1824.514,1604.29,Endangered
Anything family,Reptilia,Squamata,2507.147,2703.66,Vulnerable
Record natural,Aves,Passeriformes,3235.807,2318.06,Endangered
Some road,Aves,Passeriformes,897.104,2204.98,Near Threatened
Whether information,Actinopterygii,Carnivora,3946.302,1744.56,Critically Endangered
West of,Aves,Squamata,1742.056,539.36,Least Concern
Four certainly,Mammalia,Passeriformes,1653.649,574.11,Critically Endangered
Among school,Aves,Squamata,3683.702,1687.67,Endangered
Voice amount,Reptilia,Carnivora,3933.012,1664.98,Vulnerable
Pull culture,Reptilia,Carnivora,1089.152,2159.01,Near Threatened
Color financial,Aves,Rodentia,4547.577,1686.9,Critically Endangered
Participant field,Amphibia,Rodentia,1445.812,160.68,Least Concern
Water rock,Reptilia,Primates,137.768,838.04,Vulnerable
Little democratic,Reptilia,Carnivora,3052.425,771.14,Least Concern
Visit try,Actinopterygii,Rodentia,4367.929,359.33,Near Threatened
It it,Mammalia,Passeriformes,3137.121,2180.21,Endangered
Less rock,Reptilia,Passeriformes,4267.664,479.46,Near Threatened
Figure material,Actinopterygii,Carnivora,2911.845,2084.38,Endangered
Blood middle,Reptilia,Anura,2464.247,2202.96,Critically Endangered
Note daughter,Amphibia,Carnivora,2265.68,963.63,Critically Endangered
Teacher quality,Amphibia,Squamata,4979.067,1301.73,Critically Endangered
Whole Mr,Aves,Rodentia,1474.599,2275.72,Least Concern
Nation perform,Aves,Passeriformes,1390.567,906.72,Extinct in the Wild
Get someone,Reptilia,Rodentia,4533.123,1702.54,Least Concern
Pick project,Amphibia,Rodentia,1129.549,2980.28,Critically Endangered
According ability,Actinopterygii,Carnivora,1961.361,447.36,Vulnerable
With amount,Amphibia,Carnivora,4287.843,657.27,Endangered
Door lawyer,Amphibia,Squamata,35.831,391.6,Critically Endangered
They and,Actinopterygii,Carnivora,1951.277,2905.54,Least Concern
Line rock,Reptilia,Anura,2711.867,991.9,Least Concern
Bed last,Mammalia,Primates,1301.317,352.22,Endangered
Continue her,Actinopterygii,Rodentia,1397.594,1693.35,Vulnerable
Hour step,Mammalia,Rodentia,2503.047,1063.66,Extinct in the Wild
Approach crime,Aves,Passeriformes,974.195,1967.33,Critically Endangered
Apply low,Actinopterygii,Carnivora,4117.091,2394.17,Endangered
Face reason,Amphibia,Primates,4017.577,1040.07,Extinct in the Wild
Night loss,Reptilia,Anura,2224.432,938.75,Near Threatened
Both thing,Actinopterygii,Rodentia,1902.851,2270.07,Endangered
Southern quite,Mammalia,Squamata,1557.374,1382.92,Least Concern
Myself care,Amphibia,Rodentia,1235.45,2237.31,Endangered
Detail grow,Reptilia,Anura,717.708,2958.95,Endangered
Mention summer,Actinopterygii,Anura,4983.155,2232.88,Near Threatened
Effect leave,Mammalia,Rodentia,2766.504,213.59,Near Threatened
Including up,Mammalia,Anura,3609.087,311.16,Vulnerable
Set management,Reptilia,Squamata,2877.132,124.86,Vulnerable
Clear of,Aves,Rodentia,4980.154,1912.72,Endangered
Until past,Aves,Primates,486.844,2083.55,Vulnerable
Key none,Reptilia,Anura,804.253,2527.95,Vulnerable
Hit fact,Mammalia,Squamata,2904.347,508.07,Endangered
Western politics,Amphibia,Squamata,528.804,711.77,Extinct in the Wild
Light experience,Aves,Passeriformes,4969.473,1561.52,Endangered
Tough use,Actinopterygii,Squamata,1446.071,2643.84,Least Concern
Far their,Actinopterygii,Anura,344.63,12.72,Critically Endangered
Benefit whatever,Reptilia,Passeriformes,3997.961,1376.8,Endangered
Various until,Aves,Rodentia,4224.458,2790.91,Vulnerable
Thought medical,Actinopterygii,Squamata,3658.936,2296.32,Critically Endangered
Old local,Actinopterygii,Carnivora,3081.326,1875.73,Vulnerable
By source,Actinopterygii,Anura,3099.157,1485.34,Near Threatened
Service body,Amphibia,Rodentia,3443.51,1500.17,Extinct in the Wild
North current,Reptilia,Passeriformes,2919.434,103.32,Least Concern
Let thing,Actinopterygii,Passeriformes,760.372,147.82,Vulnerable
Right home,Mammalia,Passeriformes,2137.018,120.29,Least Concern
Able word,Amphibia,Anura,2132.434,2690.49,Endangered
Time society,Reptilia,Anura,1675.323,2531.41,Endangered
Teach general,Actinopterygii,Passeriformes,1194.014,1120.87,Endangered
Bank our,Reptilia,Passeriformes,341.466,2072.68,Least Concern
Apply draw,Amphibia,Squamata,3605.77,991.75,Vulnerable
Senior site,Aves,Rodentia,1792.002,1841.07,Extinct in the Wild
What happen,Amphibia,Squamata,3777.935,1105.6,Extinct in the Wild
Enter hair,Aves,Rodentia,2072.054,2847.68,Critically Endangered
Lose Mrs,Reptilia,Anura,1463.435,2497.9,Vulnerable
Policy someone,Reptilia,Carnivora,4815.686,1907.49,Endangered
At direction,Reptilia,Anura,2788.938,892.28,Critically Endangered
Perform treatment,Mammalia,Primates,1482.66,477.6,Near Threatened
Simply sound,Amphibia,Squamata,1734.797,2953.64,Extinct in the Wild
Physical respond,Reptilia,Primates,4412.291,1863.63,Critically Endangered
Including kid,Actinopterygii,Anura,4324.208,1396.84,Extinct in the Wild
The choice,Actinopterygii,Rodentia,3536.137,324.14,Extinct in the Wild
Culture behavior,Reptilia,Passeriformes,3525.652,2884.74,Near Threatened
After can,Aves,Anura,3184.57,273.7,Near Threatened
Several war,Amphibia,Squamata,300.581,2324.77,Extinct in the Wild
Research study,Actinopterygii,Passeriformes,4317.107,1461.19,Least Concern
Last can,Amphibia,Anura,2409.152,1364.99,Least Concern
Say understand,Amphibia,Passeriformes,1648.048,183.24,Endangered
People already,Aves,Squamata,3500.089,1890.89,Least Concern
For various,Reptilia,Rodentia,1403.451,1236.54,Near Threatened
Century cold,Reptilia,Anura,4817.11,1356.68,Extinct in the Wild
A sell,Amphibia,Anura,4599.707,647.58,Near Threatened
Debate next,Aves,Carnivora,2556.625,2567.65,Critically Endangered
Area tell,Reptilia,Carnivora,2891.674,61.98,Least Concern
Benefit force,Mammalia,Anura,2945.734,147.66,Vulnerable
Test also,Aves,Primates,2163.152,2472.7,Endangered
Meet hit,Aves,Anura,4725.034,2887.7,Near Threatened
Rise suggest,Aves,Carnivora,795.678,2688.38,Endangered
Idea interesting,Actinopterygii,Squamata,4967.929,260.43,Near Threatened
Traditional memory,Reptilia,Rodentia,3709.337,1351.51,Near Threatened
Plan discussion,Mammalia,Anura,1306.942,1371.77,Extinct in the Wild
Health structure,Reptilia,Rodentia,1161.298,2202.55,Endangered
Foreign bit,Mammalia,Squamata,561.775,959.64,Extinct in the Wild
Imagine month,Amphibia,Passeriformes,4372.892,313.6,Near Threatened
Traditional situation,Reptilia,Rodentia,3421.501,2712.0,Least Concern
Several down,Reptilia,Passeriformes,3826.112,1760.74,Extinct in the Wild
Body officer,Aves,Primates,1923.946,2236.94,Endangered
Far store,Aves,Anura,2004.159,2076.32,Critically Endangered
Parent south,Aves,Squamata,1493.874,971.98,Critically Endangered
Establish pick,Aves,Primates,2225.223,2709.77,Least Concern
Before foreign,Mammalia,Rodentia,2072.153,1607.47,Near Threatened
Upon door,Mammalia,Primates,3673.335,966.75,Near Threatened
Five generation,Actinopterygii,Primates,3865.799,581.11,Near Threatened
Meeting mother,Actinopterygii,Passeriformes,2226.247,2410.19,Extinct in the Wild
Cell significant,Reptilia,Carnivora,92.974,2758.0,Endangered
Dream affect,Mammalia,Rodentia,82.991,933.19,Critically Endangered
A decade,Actinopterygii,Passeriformes,2764.276,227.24,Vulnerable
Including woman,Reptilia,Primates,2290.054,2667.4,Vulnerable
Whole teach,Reptilia,Rodentia,4385.219,2244.34,Extinct in the Wild
See receive,Mammalia,Squamata,1855.584,2681.62,Extinct in the Wild
Become scene,Actinopterygii,Primates,1826.117,1802.27,Vulnerable
Board fact,Aves,Carnivora,602.018,2970.38,Endangered
Increase training,Mammalia,Anura,197.766,575.54,Extinct in the Wild
Phone concern,Amphibia,Primates,1481.295,1787.92,Near Threatened
Guy then,Mammalia,Anura,2346.811,2288.71,Near Threatened
Region small,Aves,Carnivora,300.242,2942.56,Critically Endangered
Same pretty,Mammalia,Rodentia,1364.595,1884.53,Vulnerable
Friend water,Mammalia,Squamata,42.965,1070.84,Extinct in the Wild
Begin foot,Mammalia,Carnivora,449.213,290.04,Extinct in the Wild
Child pretty,Reptilia,Rodentia,1079.64,381.22,Vulnerable
Include quickly,Mammalia,Rodentia,2546.791,2496.04,Near Threatened
Plant occur,Aves,Carnivora,969.205,1757.56,Endangered
Issue environment,Actinopterygii,Rodentia,367.67,2526.94,Least Concern
Again above,Amphibia,Squamata,1463.871,1576.89,Vulnerable
Leave great,Mammalia,Anura,981.952,2930.38,Critically Endangered
But walk,Aves,Squamata,4549.08,1268.36,Vulnerable
Region blood,Aves,Passeriformes,2298.681,2822.91,Near Threatened
Maintain where,Amphibia,Rodentia,2224.867,854.13,Near Threatened
Development young,Actinopterygii,Passeriformes,2052.574,2635.23,Endangered
Art recently,Amphibia,Anura,1159.057,1668.01,Near Threatened
West continue,Mammalia,Passeriformes,986.94,173.46,Critically Endangered
Game already,Amphibia,Squamata,3676.12,2380.38,Vulnerable
Everyone him,Actinopterygii,Rodentia,2635.487,2626.8,Least Concern
From former,Mammalia,Anura,2154.434,2044.68,Critically Endangered
Speech baby,Actinopterygii,Anura,2934.175,2120.49,Extinct in the Wild
Involve vote,Reptilia,Anura,2568.039,2383.07,Near Threatened
Start scene,Amphibia,Squamata,4665.033,784.21,Vulnerable
Organization mention,Aves,Primates,1284.413,2331.8,Near Threatened
Wear painting,Amphibia,Carnivora,3541.425,1417.64,Endangered
Site learn,Aves,Carnivora,4321.058,933.2,Vulnerable
Candidate build,Mammalia,Carnivora,3125.181,687.53,Vulnerable
Play bring,Amphibia,Carnivora,4469.815,148.45,Least Concern
Fish attention,Actinopterygii,Squamata,192.009,977.71,Near Threatened
Social air,Reptilia,Anura,769.093,702.5,Endangered
Guy no,Amphibia,Squamata,3483.596,2620.92,Vulnerable
Sometimes sing,Amphibia,Squamata,562.935,208.03,Critically Endangered
Media sing,Aves,Anura,3709.163,1080.79,Vulnerable
Example role,Reptilia,Passeriformes,2648.482,2433.06,Near Threatened
Matter plan,Aves,Squamata,3818.596,2280.22,Least Concern
Imagine trial,Amphibia,Anura,4548.75,672.81,Least Concern
Girl civil,Mammalia,Anura,200.641,2867.78,Critically Endangered
Since final,Amphibia,Primates,2781.555,2658.11,Least Concern
Space reflect,Amphibia,Primates,557.578,2127.38,Extinct in the Wild
Population religious,Actinopterygii,Anura,3825.418,1403.84,Endangered
Positive often,Aves,Rodentia,796.177,453.46,Critically Endangered
Memory few,Amphibia,Rodentia,4151.126,2362.21,Extinct in the Wild
Response necessary,Amphibia,Squamata,3181.144,798.27,Endangered
Break easy,Aves,Passeriformes,2606.238,1477.55,Endangered
Picture lead,Aves,Passeriformes,2855.312,2321.4,Vulnerable
Effect imagine,Reptilia,Passeriformes,4663.442,1560.89,Endangered
Look idea,Reptilia,Anura,2678.697,2454.55,Near Threatened
To officer,Reptilia,Passeriformes,3935.719,2645.41,Least Concern
Big establish,Aves,Squamata,1917.53,2153.53,Least Concern
Thousand feel,Reptilia,Anura,626.888,1135.97,Least Concern
Government idea,Reptilia,Anura,1731.029,37.44,Critically Endangered
White probably,Reptilia,Anura,1595.427,1985.13,Critically Endangered
Citizen clearly,Actinopterygii,Squamata,3579.295,2279.18,Near Threatened
According stop,Actinopterygii,Squamata,1198.495,1101.1,Vulnerable
Word senior,Aves,Passeriformes,4513.84,325.03,Vulnerable
Report today,Aves,Carnivora,734.785,219.86,Critically Endangered
Beat south,Reptilia,Carnivora,2001.747,1032.1,Endangered
Energy strong,Aves,Rodentia,2272.434,868.58,Endangered
Significant support,Aves,Carnivora,450.978,2679.17,Endangered
Leg expert,Aves,Anura,4127.579,203.39,Least Concern
Hold military,Amphibia,Primates,2662.681,1370.96,Endangered
North environment,Mammalia,Carnivora,4259.921,200.7,Endangered
Source goal,Reptilia,Carnivora,2489.364,16.32,Near Threatened
Surface stand,Actinopterygii,Primates,4776.005,1782.16,Near Threatened
Away everybody,Reptilia,Passeriformes,1955.74,148.3,Critically Endangered
Measure poor,Actinopterygii,Carnivora,3908.847,2875.83,Vulnerable
Strong article,Aves,Anura,3399.788,864.82,Extinct in the Wild
Play lead,Mammalia,Squamata,2007.387,131.21,Vulnerable
War and,Aves,Squamata,4194.275,1197.18,Vulnerable
Wonder operation,Actinopterygii,Carnivora,1962.435,813.39,Least Concern
Fund likely,Reptilia,Anura,4576.72,2289.18,Critically Endangered
Somebody almost,Mammalia,Passeriformes,605.391,1065.38,Least Concern
Chair painting,Mammalia,Passeriformes,651.783,951.31,Vulnerable
Thought education,Reptilia,Rodentia,4041.095,2589.39,Near Threatened
Become parent,Reptilia,Squamata,1636.53,1802.16,Near Threatened
Everyone contain,Aves,Squamata,3979.226,1916.39,Vulnerable
Assume style,Mammalia,Carnivora,4514.391,1953.95,Critically Endangered
Account he,Reptilia,Squamata,780.907,857.07,Least Concern
Visit tend,Actinopterygii,Primates,3176.239,1336.58,Near Threatened
Yard traditional,Amphibia,Carnivora,3895.607,2522.83,Extinct in the Wild
Serve heavy,Aves,Squamata,1543.832,1612.65,Endangered
Someone bill,Amphibia,Squamata,3582.147,2951.07,Extinct in the Wild
Beat glass,Actinopterygii,Carnivora,1391.566,2365.01,Critically Endangered
From south,Amphibia,Rodentia,3181.094,294.63,Extinct in the Wild
Environmental cut,Reptilia,Carnivora,300.193,266.73,Extinct in the Wild
Word suggest,Actinopterygii,Squamata,1514.317,1786.84,Endangered
Building American,Aves,Squamata,907.552,1771.83,Critically Endangered
Oil capital,Aves,Primates,942.157,2.54,Least Concern
Rather possible,Aves,Passeriformes,2871.656,1497.69,Endangered
Gas home,Amphibia,Squamata,4640.454,1247.89,Vulnerable
Manager debate,Aves,Rodentia,1794.16,1987.0,Vulnerable
Lawyer time,Aves,Anura,3387.081,801.22,Extinct in the Wild
Onto green,Actinopterygii,Carnivora,4587.803,751.04,Endangered
Show capital,Amphibia,Passeriformes,4372.992,1225.33,Critically Endangered
Election myself,Actinopterygii,Primates,2830.557,2311.47,Endangered
Outside call,Reptilia,Squamata,3940.322,1447.46,Extinct in the Wild
Use coach,Mammalia,Carnivora,1251.365,1609.67,Critically Endangered
Field way,Reptilia,Passeriformes,270.458,2402.05,Least Concern
Explain mouth,Actinopterygii,Rodentia,756.431,1489.14,Critically Endangered
Sound successful,Mammalia,Carnivora,3752.294,1121.67,Endangered
Recently rich,Amphibia,Squamata,495.009,808.96,Critically Endangered
Morning hear,Aves,Rodentia,3222.112,2909.02,Extinct in the Wild
Base treatment,Amphibia,Squamata,984.195,2365.93,Least Concern
Rule probably,Mammalia,Squamata,1603.042,26.74,Vulnerable
Concern money,Reptilia,Passeriformes,706.475,2017.43,Critically Endangered
Cultural the,Reptilia,Primates,2969.79,160.03,Vulnerable
Present seem,Actinopterygii,Carnivora,2928.349,670.42,Extinct in the Wild
Family behind,Aves,Carnivora,1173.395,2775.06,Least Concern
Just clear,Amphibia,Anura,1755.381,179.8,Extinct in the Wild
Feel decade,Mammalia,Rodentia,2790.234,139.99,Critically Endangered
Both author,Amphibia,Anura,1555.17,384.06,Critically Endangered
Vote picture,Actinopterygii,Carnivora,4482.271,230.33,Critically Endangered
Across think,Actinopterygii,Passeriformes,3410.083,2443.05,Near Threatened
Lawyer idea,Mammalia,Carnivora,4264.737,887.99,Least Concern
Knowledge successful,Actinopterygii,Primates,4100.084,818.14,Extinct in the Wild
Course with,Actinopterygii,Carnivora,3718.998,2230.61,Critically Endangered
Traditional power,Mammalia,Passeriformes,1763.194,1269.96,Extinct in the Wild
From as,Reptilia,Rodentia,4013.905,2066.63,Extinct in the Wild
All interest,Actinopterygii,Squamata,2796.478,1100.31,Endangered
West risk,Actinopterygii,Primates,4563.587,183.63,Near Threatened
Him cause,Mammalia,Passeriformes,1414.699,950.18,Critically Endangered
Woman expert,Actinopterygii,Anura,862.506,858.08,Near Threatened
Strong point,Actinopterygii,Squamata,2683.824,2902.29,Extinct in the Wild
Its surface,Aves,Anura,3250.579,969.27,Extinct in the Wild
Tend home,Actinopterygii,Rodentia,1921.951,1143.04,Endangered
Wall big,Reptilia,Passeriformes,2215.492,2011.06,Vulnerable
Social site,Reptilia,Squamata,3310.892,2350.29,Least Concern
Story spring,Reptilia,Passeriformes,3244.394,2894.08,Endangered
Base I,Actinopterygii,Anura,3720.303,253.36,Critically Endangered
Tree ability,Reptilia,Rodentia,2539.404,2645.05,Near Threatened
Light career,Mammalia,Anura,948.875,787.85,Least Concern
Region put,Mammalia,Primates,292.609,25.37,Vulnerable
Attention deal,Reptilia,Squamata,4782.046,1495.84,Vulnerable
No travel,Aves,Passeriformes,4713.174,2717.89,Near Threatened
That oil,Amphibia,Carnivora,2615.263,1280.5,Endangered
Memory watch,Aves,Passeriformes,3893.602,2708.0,Least Concern
Right nor,Reptilia,Primates,1193.755,1015.11,Least Concern
Name strategy,Actinopterygii,Squamata,4948.612,488.84,Near Threatened
Partner include,Aves,Rodentia,4377.489,2205.52,Endangered
Feel whatever,Mammalia,Squamata,4004.321,1286.78,Near Threatened
Almost common,Aves,Squamata,1782.649,517.59,Endangered
Away term,Reptilia,Carnivora,2388.462,816.81,Least Concern
Discover bring,Actinopterygii,Anura,2797.425,889.25,Near Threatened
Bag public,Aves,Passeriformes,2042.772,1445.18,Endangered
Rate age,Reptilia,Primates,2690.963,920.84,Least Concern
Kind prove,Amphibia,Rodentia,3131.828,2884.65,Vulnerable
Hold recognize,Aves,Primates,1952.799,2466.93,Extinct in the Wild
Key itself,Aves,Squamata,623.21,1565.96,Least Concern
Start raise,Actinopterygii,Passeriformes,4002.246,712.94,Endangered
Project area,Actinopterygii,Rodentia,2948.343,1868.32,Least Concern
Those practice,Reptilia,Rodentia,3302.929,2202.96,Vulnerable
Soldier worry,Amphibia,Primates,2564.928,325.2,Extinct in the Wild
Baby professor,Mammalia,Carnivora,4201.827,2386.92,Extinct in the Wild
Man science,Reptilia,Passeriformes,1376.55,778.19,Near Threatened
Become sense,Amphibia,Passeriformes,4217.775,155.75,Endangered
Boy campaign,Actinopterygii,Passeriformes,2662.815,244.52,Endangered
Collection soldier,Mammalia,Rodentia,1425.198,2132.78,Least Concern
Teach future,Mammalia,Primates,1255.576,1806.68,Endangered
Practice field,Mammalia,Rodentia,3306.051,2498.23,Extinct in the Wild
Analysis data,Amphibia,Rodentia,903.869,2431.24,Near Threatened
Question control,Mammalia,Carnivora,4127.43,262.03,Critically Endangered
Dream office,Aves,Primates,2081.707,1822.91,Endangered
Maybe check,Aves,Squamata,3487.942,1088.49,Near Threatened
Technology trade,Aves,Rodentia,178.005,187.81,Near Threatened
Start cold,Aves,Primates,3347.13,479.62,Near Threatened
Information popular,Reptilia,Primates,1719.894,154.62,Endangered
Price wish,Mammalia,Rodentia,3390.21,2101.97,Critically Endangered
Source early,Mammalia,Carnivora,4076.921,1967.82,Endangered
Able during,Mammalia,Rodentia,2508.379,390.59,Endangered
Generation seem,Amphibia,Anura,2815.079,2839.12,Near Threatened
Whole itself,Reptilia,Carnivora,2641.897,2041.92,Critically Endangered
Painting behavior,Aves,Anura,4328.292,2260.21,Endangered
But place,Actinopterygii,Squamata,1278.63,214.83,Endangered
Up reveal,Aves,Squamata,2164.291,2049.53,Least Concern
Attention too,Mammalia,Squamata,3678.897,1680.92,Endangered
Save next,Actinopterygii,Anura,3733.461,2450.78,Near Threatened
Firm black,Mammalia,Squamata,1002.853,311.67,Least Concern
Paper choice,Reptilia,Primates,1512.29,2543.96,Vulnerable
Husband level,Actinopterygii,Carnivora,3080.831,357.66,Extinct in the Wild
Form beautiful,Reptilia,Carnivora,731.188,1590.77,Vulnerable
Report up,Reptilia,Primates,998.263,1294.99,Near Threatened
Chair forget,Mammalia,Anura,4097.391,858.39,Extinct in the Wild
Quickly born,Mammalia,Squamata,901.716,195.67,Critically Endangered
Poor executive,Aves,Primates,15.82,2789.99,Extinct in the Wild
Action whether,Reptilia,Anura,2146.348,2220.74,Extinct in the Wild
Resource treat,Actinopterygii,Rodentia,4168.066,1812.66,Vulnerable
Goal sport,Aves,Rodentia,1782.648,1400.42,Near Threatened
Skill huge,Mammalia,Anura,1573.826,2334.55,Critically Endangered
Base really,Aves,Primates,4031.315,2463.61,Extinct in the Wild
Must section,Aves,Carnivora,2438.015,409.75,Endangered
Why share,Amphibia,Anura,3835.817,2710.75,Extinct in the Wild
Glass probably,Mammalia,Rodentia,52.164,1716.07,Near Threatened
Cup skill,Actinopterygii,Carnivora,4310.697,2568.26,Vulnerable
Form decision,Reptilia,Carnivora,3167.646,2227.56,Endangered
Race few,Reptilia,Carnivora,3435.965,1493.81,Critically Endangered
Similar maybe,Actinopterygii,Carnivora,4998.166,337.32,Extinct in the Wild
Television especially,Mammalia,Passeriformes,1208.338,536.41,Endangered
Beat thus,Mammalia,Primates,594.303,733.54,Vulnerable
Detail add,Reptilia,Squamata,3807.332,1037.53,Critically Endangered
Whose admit,Mammalia,Anura,1594.328,451.7,Endangered
Production animal,Mammalia,Anura,3330.384,2150.88,Endangered
Plan feel,Aves,Anura,1716.587,800.28,Near Threatened
Wide again,Reptilia,Passeriformes,4418.031,49.78,Critically Endangered
Together father,Mammalia,Carnivora,4783.861,329.37,Extinct in the Wild
Cell white,Aves,Primates,3529.107,1116.27,Extinct in the Wild
Hope or,Mammalia,Anura,4836.093,1777.26,Near Threatened
Discuss bed,Reptilia,Rodentia,4825.058,2988.83,Least Concern
Even away,Actinopterygii,Primates,3463.428,2876.33,Vulnerable
Of hand,Amphibia,Rodentia,3012.558,633.87,Critically Endangered
Old long,Amphibia,Passeriformes,4941.916,895.72,Least Concern
Authority wait,Mammalia,Rodentia,864.26,1490.54,Near Threatened
Watch present,Mammalia,Squamata,4714.329,968.46,Extinct in the Wild
Happen work,Aves,Passeriformes,735.813,1485.3,Critically Endangered
Let to,Actinopterygii,Rodentia,2297.319,404.31,Least Concern
From so,Mammalia,Squamata,395.198,1831.57,Endangered
Community plan,Reptilia,Anura,3599.586,174.94,Critically Endangered
Wrong ahead,Aves,Rodentia,93.651,6.79,Endangered
Smile American,Actinopterygii,Rodentia,2393.042,1342.04,Critically Endangered
Development floor,Mammalia,Squamata,4155.056,623.58,Least Concern
Total mission,Amphibia,Squamata,4809.18,1120.04,Near Threatened
Prepare ago,Actinopterygii,Passeriformes,3685.063,1663.51,Near Threatened
Security down,Actinopterygii,Carnivora,2417.221,1182.12,Critically Endangered
Present wrong,Aves,Primates,2512.293,1181.14,Extinct in the Wild
Sell economic,Amphibia,Anura,3391.5,1671.29,Least Concern
Leg move,Actinopterygii,Squamata,638.313,2133.77,Least Concern
Difference would,Amphibia,Anura,2987.839,892.36,Near Threatened
Do against,Actinopterygii,Rodentia,4126.093,2387.98,Endangered
Wife main,Mammalia,Squamata,3053.422,1246.57,Near Threatened
Rule site,Aves,Rodentia,3628.835,2126.59,Critically Endangered
Member tend,Amphibia,Carnivora,3096.992,454.22,Near Threatened
Case pull,Aves,Carnivora,3616.869,314.38,Least Concern
Local skin,Reptilia,Passeriformes,4304.242,154.27,Extinct in the Wild
Add seven,Aves,Squamata,3485.45,875.55,Least Concern
Decision all,Actinopterygii,Squamata,518.211,1808.41,Vulnerable
Central strong,Amphibia,Primates,3393.848,886.29,Vulnerable
In Republican,Amphibia,Passeriformes,3270.46,1142.49,Critically Endangered
Would too,Amphibia,Carnivora,3269.507,2917.91,Near Threatened
Item sing,Aves,Primates,1244.344,642.95,Near Threatened
Employee kind,Amphibia,Carnivora,120.715,2665.37,Extinct in the Wild
Professor education,Aves,Anura,587.249,789.24,Least Concern
While road,Amphibia,Rodentia,2450.018,699.68,Extinct in the Wild
Husband level,Aves,Primates,3043.088,424.79,Critically Endangered
Experience now,Mammalia,Passeriformes,120.672,1323.04,Extinct in the Wild
Over sit,Mammalia,Carnivora,1206.196,2562.04,Least Concern
Cell camera,Actinopterygii,Passeriformes,852.863,2560.29,Least Concern
Able amount,Amphibia,Passeriformes,2702.348,648.81,Critically Endangered
Past usually,Amphibia,Squamata,2840.175,1461.64,Critically Endangered
Bed federal,Mammalia,Primates,1152.566,1540.06,Critically Endangered
Feeling along,Aves,Squamata,4570.745,312.53,Vulnerable
Yeah risk,Actinopterygii,Passeriformes,1987.123,2075.13,Extinct in the Wild
Beat base,Reptilia,Anura,1047.925,473.3,Extinct in the Wild
Audience behavior,Amphibia,Rodentia,413.129,1927.46,Near Threatened
By wide,Reptilia,Anura,2080.439,2413.42,Near Threatened
Event gas,Aves,Passeriformes,2596.748,353.28,Least Concern
Close ability,Mammalia,Squamata,1034.988,1749.87,Extinct in the Wild
Stop shoulder,Actinopterygii,Squamata,4149.865,1930.03,Vulnerable
See book,Actinopterygii,Carnivora,4864.472,1892.9,Critically Endangered
Them enter,Actinopterygii,Passeriformes,2630.076,2712.13,Least Concern
Student later,Aves,Rodentia,1414.72,2333.76,Least Concern
Option eye,Reptilia,Anura,2645.988,2777.51,Near Threatened
Music central,Actinopterygii,Carnivora,1591.169,1008.07,Endangered
Anything wife,Amphibia,Carnivora,3550.522,1475.77,Vulnerable
Right challenge,Reptilia,Carnivora,3485.003,1182.54,Least Concern
Response green,Reptilia,Passeriformes,98.055,547.69,Extinct in the Wild
Some degree,Aves,Squamata,4018.422,809.61,Near Threatened
History husband,Mammalia,Primates,4783.591,205.34,Extinct in the Wild
Soon smile,Amphibia,Primates,4613.057,1760.71,Endangered
Ability military,Reptilia,Rodentia,1609.752,2931.23,Least Concern
Military hit,Actinopterygii,Squamata,680.053,413.64,Extinct in the Wild
Must worker,Reptilia,Anura,802.124,1545.54,Endangered
Face firm,Aves,Squamata,1540.599,442.29,Near Threatened
Notice area,Mammalia,Passeriformes,4610.015,2037.29,Near Threatened
True two,Aves,Carnivora,2967.733,2358.95,Least Concern
Ball moment,Mammalia,Squamata,2038.31,1738.24,Extinct in the Wild
Base dark,Aves,Squamata,713.929,2356.46,Vulnerable
Would rich,Mammalia,Squamata,4084.467,619.63,Extinct in the Wild
Woman pull,Reptilia,Passeriformes,698.785,1126.69,Endangered
Deal mouth,Actinopterygii,Passeriformes,1181.389,2893.1,Vulnerable
Staff these,Amphibia,Anura,1975.76,1293.51,Near Threatened
Vote kid,Actinopterygii,Carnivora,250.067,759.59,Endangered
Food suggest,Amphibia,Passeriformes,4994.826,2531.47,Least Concern
Seven force,Mammalia,Rodentia,1519.033,641.31,Least Concern
Church watch,Reptilia,Carnivora,631.677,1156.26,Least Concern
Realize dog,Reptilia,Carnivora,4920.765,264.77,Least Concern
Story second,Mammalia,Primates,781.976,1643.58,Endangered
The single,Amphibia,Primates,3840.432,2554.74,Near Threatened
Carry pattern,Reptilia,Anura,1847.09,2166.7,Extinct in the Wild
Young school,Amphibia,Primates,3814.972,408.8,Endangered
Mr over,Mammalia,Carnivora,1687.561,1122.01,Extinct in the Wild
Head option,Amphibia,Squamata,4619.869,932.8,Least Concern
Far anything,Mammalia,Rodentia,188.921,624.06,Critically Endangered
In finish,Amphibia,Primates,4415.287,2471.42,Critically Endangered
Better bank,Reptilia,Carnivora,4865.116,1772.42,Endangered
Laugh range,Mammalia,Primates,1765.477,2050.03,Vulnerable
Article suddenly,Aves,Squamata,488.357,2474.11,Critically Endangered
Everyone public,Amphibia,Passeriformes,2566.946,1325.29,Near Threatened
Rest eye,Reptilia,Carnivora,2413.024,477.25,Least Concern
Strategy board,Mammalia,Carnivora,1139.114,1937.67,Vulnerable
Eye something,Actinopterygii,Anura,344.025,292.6,Least Concern
Go election,Aves,Squamata,496.331,2702.34,Extinct in the Wild
Picture prepare,Actinopterygii,Rodentia,217.337,2712.37,Extinct in the Wild
Low each,Amphibia,Passeriformes,148.241,1434.79,Near Threatened
Institution thing,Reptilia,Squamata,3066.63,527.9,Critically Endangered
Blood position,Mammalia,Rodentia,4969.769,1048.78,Critically Endangered
Natural fine,Actinopterygii,Anura,4671.164,2927.23,Extinct in the Wild
Within live,Mammalia,Rodentia,4287.334,2290.47,Near Threatened
Quite with,Actinopterygii,Primates,3205.712,546.69,Extinct in the Wild
Heavy page,Mammalia,Anura,3803.66,234.63,Endangered
Tough whose,Amphibia,Passeriformes,1787.033,782.96,Least Concern
Or year,Aves,Carnivora,192.562,2172.01,Near Threatened
Table feel,Actinopterygii,Squamata,90.376,1448.96,Critically Endangered
Month support,Aves,Anura,2250.628,1030.48,Vulnerable
State not,Mammalia,Rodentia,3106.983,2540.94,Extinct in the Wild
Relate investment,Mammalia,Anura,2666.764,2653.72,Least Concern
Write about,Actinopterygii,Squamata,739.163,55.22,Least Concern
Laugh various,Aves,Anura,2791.052,1963.63,Vulnerable
Small run,Reptilia,Primates,1749.22,2552.78,Least Concern
Level theory,Aves,Primates,4127.712,2384.92,Endangered
Others town,Aves,Anura,4944.255,2183.77,Endangered
Mrs worry,Reptilia,Passeriformes,2346.424,369.99,Extinct in the Wild
Majority care,Reptilia,Squamata,2667.293,1708.36,Vulnerable
Why sort,Amphibia,Anura,3195.183,1328.29,Extinct in the Wild
Tell government,Amphibia,Passeriformes,1677.916,1071.19,Endangered
Speak after,Aves,Rodentia,4055.723,1816.55,Critically Endangered
Draw education,Reptilia,Squamata,3635.29,603.99,Least Concern
Adult both,Actinopterygii,Carnivora,4345.974,1701.92,Endangered
Environment seek,Mammalia,Rodentia,348.372,1495.36,Least Concern
American resource,Actinopterygii,Passeriformes,435.386,2413.43,Extinct in the Wild
Building wall,Aves,Anura,3966.891,1594.49,Least Concern
Change health,Aves,Anura,2991.58,510.04,Endangered
Step speak,Aves,Primates,4656.21,1389.67,Endangered
Well indeed,Actinopterygii,Anura,4368.716,2266.64,Least Concern
Usually determine,Mammalia,Primates,403.569,2748.36,Least Concern
Whatever box,Mammalia,Primates,2132.401,1537.07,Least Concern
Test send,Reptilia,Rodentia,3011.24,2338.71,Endangered
Who ten,Aves,Carnivora,1104.213,542.95,Least Concern
Have hospital,Actinopterygii,Carnivora,1075.91,2793.5,Near Threatened
Debate allow,Aves,Squamata,591.509,487.76,Near Threatened
Although less,Aves,Primates,1306.995,2523.12,Least Concern
Must event,Mammalia,Carnivora,2725.46,2508.42,Least Concern
Store lawyer,Reptilia,Rodentia,829.061,2685.14,Critically Endangered
Anyone mention,Reptilia,Squamata,3295.297,5.21,Vulnerable
Above follow,Aves,Primates,3450.759,2031.26,Critically Endangered
Exist available,Amphibia,Squamata,1028.151,952.43,Vulnerable
Concern should,Amphibia,Primates,3490.978,494.89,Extinct in the Wild
Rather adult,Amphibia,Squamata,620.999,1690.63,Near Threatened
Ability get,Amphibia,Anura,1324.597,993.71,Least Concern
Thank clear,Amphibia,Squamata,3896.26,1063.24,Endangered
Green interest,Reptilia,Squamata,3051.461,2262.83,Least Concern
Career general,Actinopterygii,Rodentia,3225.987,690.79,Extinct in the Wild
Run throughout,Amphibia,Rodentia,1004.993,1237.51,Critically Endangered
Offer admit,Mammalia,Primates,4531.79,1504.11,Least Concern
Establish great,Aves,Anura,4695.545,2010.24,Extinct in the Wild
Year ground,Amphibia,Carnivora,4522.891,1250.62,Critically Endangered
Across matter,Aves,Primates,4237.685,1415.35,Near Threatened
Year station,Reptilia,Squamata,4581.885,415.08,Critically Endangered
Reduce film,Reptilia,Rodentia,4082.338,1163.53,Critically Endangered
Relate Mrs,Reptilia,Anura,4170.805,1621.9,Extinct in the Wild
Decide wait,Actinopterygii,Rodentia,2121.956,1168.32,Least Concern
Garden happy,Mammalia,Carnivora,2129.667,915.99,Endangered
Cup level,Amphibia,Anura,68.695,589.44,Endangered
School senior,Aves,Passeriformes,2884.216,2676.91,Critically Endangered
Wall me,Aves,Passeriformes,1100.774,2053.21,Critically Endangered
Majority clear,Reptilia,Rodentia,4209.548,123.13,Least Concern
Argue effect,Mammalia,Primates,2556.996,2448.32,Critically Endangered
Pressure create,Reptilia,Passeriformes,1377.976,200.15,Critically Endangered
Street official,Mammalia,Carnivora,338.087,1752.48,Extinct in the Wild
Perform voice,Mammalia,Anura,424.139,352.69,Near Threatened
Environment PM,Amphibia,Passeriformes,2576.553,452.6,Vulnerable
Where star,Reptilia,Passeriformes,545.197,1180.15,Least Concern
Player bring,Aves,Primates,4430.729,210.07,Vulnerable
Have decision,Mammalia,Carnivora,3057.966,172.48,Extinct in the Wild
However among,Amphibia,Carnivora,3413.234,413.37,Vulnerable
Run we,Reptilia,Rodentia,3896.223,2370.57,Vulnerable
Letter after,Mammalia,Anura,4751.848,1836.54,Endangered
Experience maybe,Aves,Primates,1469.493,1822.46,Extinct in the Wild
Analysis hospital,Reptilia,Rodentia,3592.864,259.59,Least Concern
Catch piece,Mammalia,Squamata,3756.87,2092.2,Near Threatened
Southern common,Amphibia,Anura,2142.451,2750.91,Near Threatened
Practice under,Mammalia,Primates,3395.529,2922.61,Vulnerable
Less difficult,Amphibia,Rodentia,324.342,2394.19,Vulnerable
Reality economic,Actinopterygii,Anura,1426.135,880.77,Critically Endangered
Trial various,Mammalia,Rodentia,1893.795,339.54,Near Threatened
Each list,Amphibia,Rodentia,1708.625,1098.22,Vulnerable
Toward prove,Aves,Primates,189.686,1868.43,Critically Endangered
Never country,Amphibia,Carnivora,4593.288,2691.59,Least Concern
Could real,Actinopterygii,Primates,2267.495,322.17,Endangered
Why recent,Actinopterygii,Primates,4529.179,1222.48,Endangered
Cover positive,Aves,Squamata,1597.351,2740.13,Least Concern
Image suffer,Actinopterygii,Carnivora,1770.189,1200.72,Least Concern
Force class,Amphibia,Carnivora,4927.28,2450.85,Least Concern
Seven about,Actinopterygii,Passeriformes,397.217,2171.45,Least Concern
Black lot,Amphibia,Passeriformes,697.019,1550.45,Critically Endangered
Pressure oil,Amphibia,Rodentia,3499.901,1089.0,Critically Endangered
Chance charge,Actinopterygii,Rodentia,3835.201,2074.15,Extinct in the Wild
Grow dinner,Amphibia,Primates,4985.013,244.43,Extinct in the Wild
Strong at,Mammalia,Primates,4145.177,2516.28,Near Threatened
Around matter,Actinopterygii,Passeriformes,1656.701,30.39,Vulnerable
Key professor,Actinopterygii,Anura,1224.281,1257.64,Vulnerable
Grow his,Amphibia,Passeriformes,2250.463,2291.56,Least Concern
Indeed sing,Actinopterygii,Carnivora,594.985,197.16,Near Threatened
Reason try,Actinopterygii,Carnivora,818.903,712.22,Critically Endangered
Wish ready,Aves,Passeriformes,709.844,2501.09,Critically Endangered
Energy investment,Mammalia,Passeriformes,499.042,2830.25,Extinct in the Wild
Prepare century,Amphibia,Carnivora,1445.606,166.77,Near Threatened
Thank example,Aves,Anura,255.655,619.0,Extinct in the Wild
None financial,Actinopterygii,Anura,1534.689,2934.85,Near Threatened
Board clearly,Amphibia,Anura,2644.272,1911.86,Critically Endangered
Everybody executive,Reptilia,Primates,3510.137,84.54,Critically Endangered
Spring and,Actinopterygii,Squamata,3958.25,1690.19,Extinct in the Wild
These above,Reptilia,Primates,158.59,2784.36,Vulnerable
Cover mother,Aves,Primates,269.73,2348.56,Endangered
Do from,Mammalia,Squamata,1972.339,1098.51,Endangered
Service really,Amphibia,Carnivora,2819.185,161.39,Extinct in the Wild
Prepare away,Aves,Anura,1584.223,2895.41,Vulnerable
Own itself,Reptilia,Squamata,4106.733,1944.41,Critically Endangered
New meet,Mammalia,Squamata,2273.852,633.71,Near Threatened
Girl water,Mammalia,Rodentia,1998.546,1698.28,Endangered
Base low,Amphibia,Carnivora,4410.554,2431.48,Near Threatened
Station alone,Mammalia,Anura,396.437,398.43,Least Concern
Red history,Aves,Squamata,2368.608,1702.53,Endangered
Out myself,Mammalia,Passeriformes,2403.08,996.33,Near Threatened
Party hair,Reptilia,Squamata,3772.498,2659.54,Least Concern
Take century,Reptilia,Squamata,209.133,2711.13,Critically Endangered
Including station,Amphibia,Primates,871.329,1088.72,Least Concern
Several class,Aves,Anura,1860.921,838.67,Vulnerable
Loss quite,Actinopterygii,Primates,324.536,1143.01,Near Threatened
Best institution,Mammalia,Anura,2772.745,262.41,Extinct in the Wild
College stand,Actinopterygii,Passeriformes,3424.715,2793.88,Least Concern
Include similar,Amphibia,Anura,1521.797,2703.76,Endangered
Property artist,Mammalia,Anura,208.602,2991.38,Near Threatened
Send kind,Amphibia,Anura,4262.72,538.09,Near Threatened
Speech ball,Reptilia,Passeriformes,2189.755,1263.94,Least Concern
Whatever car,Reptilia,Primates,3942.505,2261.44,Critically Endangered
Front long,Mammalia,Rodentia,3376.129,800.71,Near Threatened
Them glass,Aves,Rodentia,1690.608,1970.11,Endangered
Fall suddenly,Actinopterygii,Squamata,1916.072,1704.29,Least Concern
Themselves peace,Mammalia,Rodentia,2360.918,480.14,Least Concern
Federal performance,Mammalia,Passeriformes,713.837,990.68,Vulnerable
Job soldier,Amphibia,Primates,4309.947,1652.32,Endangered
Local human,Aves,Primates,2587.219,1862.45,Least Concern
Industry design,Mammalia,Passeriformes,3908.738,2399.4,Least Concern
Voice without,Amphibia,Passeriformes,190.147,1040.26,Extinct in the Wild
Sit debate,Amphibia,Anura,2580.689,305.77,Extinct in the Wild
Add everything,Amphibia,Carnivora,4829.602,1584.65,Extinct in the Wild
Before arrive,Reptilia,Rodentia,118.621,15.92,Vulnerable
Or clear,Amphibia,Squamata,1282.944,175.0,Critically Endangered
Street possible,Actinopterygii,Squamata,3325.546,844.56,Extinct in the Wild
Situation no,Actinopterygii,Squamata,3289.505,478.97,Least Concern
Marriage eight,Mammalia,Anura,1920.101,2865.23,Extinct in the Wild
Business oil,Reptilia,Primates,4080.56,2071.58,Vulnerable
Same country,Amphibia,Carnivora,3372.911,1334.96,Critically Endangered
Hold degree,Reptilia,Anura,2956.378,1.06,Endangered
Street itself,Aves,Squamata,4408.454,867.1,Near Threatened
Player sense,Amphibia,Rodentia,3289.595,2671.13,Vulnerable
While night,Reptilia,Carnivora,3806.429,1849.03,Vulnerable
Write thank,Mammalia,Passeriformes,3567.398,1330.93,Critically Endangered
Again must,Aves,Passeriformes,3138.611,1582.05,Least Concern
Agent career,Actinopterygii,Anura,4727.862,1947.67,Extinct in the Wild
Stand law,Actinopterygii,Rodentia,3550.124,2378.53,Endangered
Magazine usually,Actinopterygii,Primates,1707.188,1997.52,Extinct in the Wild
Box similar,Actinopterygii,Passeriformes,1125.564,1798.77,Least Concern
Case economy,Reptilia,Primates,2474.502,249.48,Near Threatened
Sometimes least,Aves,Passeriformes,216.349,2420.89,Critically Endangered
Idea fine,Mammalia,Squamata,3711.903,2616.74,Critically Endangered
Probably eight,Actinopterygii,Primates,3471.909,397.6,Least Concern
These we,Aves,Anura,4680.014,697.0,Critically Endangered
Suffer recently,Reptilia,Rodentia,2247.573,81.59,Near Threatened
Fire computer,Reptilia,Primates,953.235,896.98,Vulnerable
Girl such,Aves,Rodentia,1066.733,2160.01,Near Threatened
Husband as,Reptilia,Passeriformes,4398.218,1538.47,Least Concern
Team really,Amphibia,Carnivora,2287.597,2603.51,Critically Endangered
These same,Mammalia,Rodentia,3327.121,429.39,Least Concern
Next miss,Reptilia,Carnivora,3451.267,1787.49,Near Threatened
Along other,Actinopterygii,Passeriformes,1897.238,1914.38,Near Threatened
Behavior make,Amphibia,Squamata,3924.638,1477.85,Extinct in the Wild
Paper race,Mammalia,Carnivora,2745.289,362.31,Least Concern
Poor safe,Aves,Rodentia,4730.458,67.88,Endangered
Know nation,Mammalia,Carnivora,1573.388,625.71,Endangered
Owner various,Aves,Primates,3240.084,2580.65,Vulnerable
Him tell,Actinopterygii,Primates,608.493,1920.89,Least Concern
Today music,Actinopterygii,Rodentia,2194.446,172.41,Vulnerable
Key network,Amphibia,Squamata,3797.134,744.77,Least Concern
Consumer thank,Mammalia,Anura,2108.196,1547.81,Near Threatened
Structure and,Aves,Squamata,2307.701,2996.51,Endangered
Into safe,Amphibia,Rodentia,3372.374,2323.53,Vulnerable
Maybe growth,Aves,Primates,4032.361,1361.19,Vulnerable
Eye pass,Reptilia,Carnivora,1802.214,1735.99,Near Threatened
Her none,Reptilia,Carnivora,2990.623,1295.48,Extinct in the Wild
Race sense,Aves,Carnivora,1357.948,753.0,Extinct in the Wild
Play read,Mammalia,Anura,2042.364,2051.76,Least Concern
Strong true,Aves,Carnivora,3888.627,641.94,Endangered
Other move,Reptilia,Passeriformes,4904.019,977.5,Vulnerable
Enjoy begin,Actinopterygii,Passeriformes,3743.724,2718.7,Extinct in the Wild
Operation white,Reptilia,Rodentia,517.21,2101.99,Vulnerable
Mention remember,Reptilia,Rodentia,890.854,1688.19,Endangered
Garden four,Actinopterygii,Carnivora,4796.614,2932.51,Critically Endangered
Economic baby,Reptilia,Primates,2267.921,2601.32,Vulnerable
Certain hotel,Amphibia,Carnivora,3537.256,1455.72,Extinct in the Wild
Far look,Reptilia,Anura,4654.129,376.73,Near Threatened
Sit fight,Mammalia,Anura,2810.035,1848.91,Extinct in the Wild
Country good,Reptilia,Primates,2291.99,66.63,Near Threatened
Ground civil,Mammalia,Rodentia,4061.759,2953.06,Vulnerable
Raise place,Aves,Carnivora,101.592,2049.79,Endangered
Against former,Amphibia,Squamata,4441.603,702.56,Vulnerable
Participant many,Mammalia,Passeriformes,4300.295,1907.95,Extinct in the Wild
Speak two,Actinopterygii,Rodentia,3093.048,2570.29,Endangered
Want spring,Actinopterygii,Squamata,1384.681,622.01,Least Concern
Total until,Aves,Carnivora,4511.434,1855.92,Endangered
Provide certain,Mammalia,Passeriformes,2291.292,346.45,Extinct in the Wild
Social team,Reptilia,Anura,3011.241,443.52,Endangered
Crime consider,Actinopterygii,Primates,3119.174,1346.8,Least Concern
Create summer,Amphibia,Passeriformes,2443.032,1683.89,Near Threatened
Idea second,Mammalia,Primates,2413.909,663.45,Vulnerable
Rich now,Reptilia,Anura,2070.063,2310.27,Extinct in the Wild
Instead national,Actinopterygii,Rodentia,3899.578,1247.57,Endangered
Over factor,Amphibia,Squamata,3713.104,1375.74,Vulnerable
Important beautiful,Mammalia,Anura,3091.414,1431.29,Least Concern
Subject western,Actinopterygii,Squamata,4597.101,989.36,Vulnerable
Financial response,Aves,Rodentia,720.14,1330.08,Vulnerable
Myself nice,Aves,Rodentia,1468.601,2099.9,Vulnerable
Protect standard,Actinopterygii,Anura,242.92,445.71,Near Threatened
Policy himself,Mammalia,Squamata,1857.74,614.75,Least Concern
Late worry,Amphibia,Carnivora,2144.892,1424.45,Least Concern
Course activity,Aves,Primates,1227.034,686.54,Endangered
Common understand,Aves,Squamata,3717.513,658.28,Near Threatened
Section program,Amphibia,Carnivora,311.86,993.97,Near Threatened
Not large,Actinopterygii,Primates,824.484,1634.68,Vulnerable
Serious design,Reptilia,Rodentia,3620.147,294.79,Least Concern
Different maybe,Amphibia,Rodentia,2129.053,613.19,Least Concern
Collection teach,Mammalia,Carnivora,2734.567,947.82,Critically Endangered
Eat exactly,Aves,Rodentia,3596.569,2657.02,Extinct in the Wild
Career eat,Actinopterygii,Rodentia,1985.767,2560.86,Critically Endangered
Purpose nation,Mammalia,Passeriformes,540.26,2713.36,Near Threatened
Big south,Actinopterygii,Rodentia,2219.425,2204.87,Least Concern
One action,Actinopterygii,Anura,2578.868,2884.62,Endangered
Participant themselves,Amphibia,Carnivora,4876.127,1247.01,Vulnerable
American subject,Amphibia,Passeriformes,1700.02,1448.62,Near Threatened
Chance little,Actinopterygii,Squamata,4386.361,1508.46,Least Concern
Talk choice,Reptilia,Primates,3804.142,2248.63,Endangered
Inside network,Reptilia,Anura,3759.804,445.58,Extinct in the Wild
Central administration,Reptilia,Passeriformes,1105.335,286.99,Endangered
Media back,Mammalia,Anura,1220.739,1103.66,Least Concern
Fear toward,Mammalia,Primates,4639.324,2152.55,Extinct in the Wild
Whose act,Mammalia,Passeriformes,3352.755,717.16,Extinct in the Wild
Task get,Aves,Passeriformes,2819.017,483.3,Endangered
Laugh agree,Actinopterygii,Primates,352.247,1810.72,Critically Endangered
Term stay,Mammalia,Rodentia,2557.763,1706.01,Endangered
Sing sort,Aves,Primates,3935.478,1719.57,Extinct in the Wild
It value,Actinopterygii,Carnivora,3154.702,279.27,Least Concern
Interest free,Actinopterygii,Carnivora,1333.218,2498.1,Vulnerable
Agency three,Actinopterygii,Carnivora,2730.064,1493.59,Critically Endangered
Generation ahead,Reptilia,Passeriformes,4207.12,2299.73,Least Concern
Five small,Reptilia,Squamata,457.689,1977.09,Vulnerable
Discover able,Amphibia,Passeriformes,3277.42,1461.8,Vulnerable
Peace next,Actinopterygii,Squamata,4551.837,1129.04,Near Threatened
Couple in,Mammalia,Primates,187.108,2723.83,Critically Endangered
Bed couple,Amphibia,Rodentia,3724.856,870.19,Endangered
Eight local,Aves,Squamata,1121.65,1026.98,Extinct in the Wild
Human behind,Aves,Rodentia,4084.38,2006.98,Critically Endangered
About value,Amphibia,Primates,4390.899,224.13,Least Concern
Both box,Actinopterygii,Rodentia,688.722,517.8,Extinct in the Wild
Technology too,Mammalia,Carnivora,2654.4,1935.73,Endangered
Art receive,Amphibia,Rodentia,1259.292,2516.4,Endangered
Issue suddenly,Aves,Anura,1747.38,2781.9,Vulnerable
Entire wife,Amphibia,Rodentia,863.939,2066.69,Endangered
Station eye,Mammalia,Rodentia,3640.688,1522.63,Vulnerable
Task adult,Reptilia,Primates,1796.596,1021.26,Critically Endangered
Around side,Aves,Primates,1194.635,2428.01,Vulnerable
Argue human,Aves,Anura,1782.153,621.44,Extinct in the Wild
Officer task,Actinopterygii,Squamata,4858.743,2434.16,Least Concern
Industry charge,Reptilia,Squamata,1068.666,2576.89,Critically Endangered
Itself computer,Reptilia,Rodentia,578.688,604.82,Extinct in the Wild
Amount loss,Amphibia,Squamata,2693.186,1342.23,Endangered
Enjoy red,Mammalia,Carnivora,1250.389,486.72,Vulnerable
Might author,Amphibia,Carnivora,1594.682,833.2,Extinct in the Wild
Eye history,Mammalia,Primates,1168.386,2118.6,Near Threatened
Pick watch,Aves,Passeriformes,1094.544,2373.73,Vulnerable
Writer scientist,Actinopterygii,Anura,4816.288,2186.24,Extinct in the Wild
Camera car,Actinopterygii,Squamata,1249.659,2655.84,Endangered
Develop room,Reptilia,Passeriformes,1006.505,449.01,Vulnerable
Hold budget,Aves,Anura,168.563,2150.93,Vulnerable
Try nice,Amphibia,Rodentia,3811.279,2044.09,Vulnerable
Difficult improve,Amphibia,Rodentia,660.246,1886.98,Vulnerable
Pass middle,Mammalia,Carnivora,4063.276,1040.84,Near Threatened
Price care,Reptilia,Squamata,3655.241,2425.54,Vulnerable
Author say,Aves,Squamata,2287.106,1956.88,Extinct in the Wild
Fine adult,Mammalia,Passeriformes,3518.454,1046.17,Critically Endangered
Line control,Mammalia,Primates,1608.983,1692.54,Extinct in the Wild
Music information,Mammalia,Anura,4535.623,2015.48,Near Threatened
Financial authority,Mammalia,Carnivora,182.946,2056.93,Critically Endangered
Understand step,Actinopterygii,Anura,3799.622,1840.22,Extinct in the Wild
Success such,Aves,Rodentia,3644.565,276.44,Least Concern
Customer tend,Reptilia,Passeriformes,1028.652,2416.17,Extinct in the Wild
Know senior,Amphibia,Anura,3865.07,2074.62,Extinct in the Wild
Race different,Amphibia,Carnivora,3301.578,1810.13,Near Threatened
Answer manage,Actinopterygii,Passeriformes,4397.214,2390.97,Endangered
Voice popular,Aves,Rodentia,3890.499,1992.34,Vulnerable
To hair,Reptilia,Primates,1602.412,74.24,Vulnerable
Card buy,Mammalia,Anura,4768.448,2850.46,Vulnerable
Third line,Aves,Rodentia,3161.308,548.59,Extinct in the Wild
Point total,Aves,Carnivora,1300.053,903.85,Extinct in the Wild
Hair attack,Reptilia,Carnivora,3346.278,2057.02,Extinct in the Wild
Court else,Mammalia,Rodentia,29.831,2835.31,Extinct in the Wild
Memory report,Amphibia,Squamata,3268.329,405.42,Endangered
Science PM,Mammalia,Rodentia,4409.16,2424.45,Near Threatened
Charge mother,Aves,Anura,2955.525,2851.31,Extinct in the Wild
Our attorney,Mammalia,Primates,3579.998,1212.63,Endangered
Go by,Actinopterygii,Anura,4495.577,332.31,Critically Endangered
Heavy million,Amphibia,Primates,3008.021,1593.59,Critically Endangered
Such onto,Reptilia,Squamata,3959.086,2398.8,Critically Endangered
Strong order,Mammalia,Carnivora,4164.674,1054.62,Endangered
Then somebody,Mammalia,Carnivora,4701.141,400.75,Extinct in the Wild
Perform through,Reptilia,Squamata,4826.077,1640.15,Least Concern
Glass environmental,Aves,Carnivora,242.236,1221.09,Vulnerable
Play safe,Mammalia,Primates,974.511,2397.99,Vulnerable
Single plant,Mammalia,Squamata,1906.163,1684.69,Least Concern
Board fine,Reptilia,Squamata,4219.225,335.17,Near Threatened
Exactly could,Reptilia,Squamata,3380.103,1864.19,Least Concern
Floor image,Actinopterygii,Anura,1089.564,2314.4,Vulnerable
Major simply,Amphibia,Rodentia,3146.791,554.11,Critically Endangered
Mention product,Amphibia,Carnivora,756.897,549.09,Least Concern
Wall hotel,Actinopterygii,Passeriformes,4966.687,1368.05,Near Threatened
Gun those,Reptilia,Carnivora,2835.505,2574.68,Endangered
This career,Aves,Primates,3219.093,1575.47,Extinct in the Wild
Plant short,Aves,Anura,3312.348,2906.65,Near Threatened
Society now,Amphibia,Carnivora,3596.655,774.77,Endangered
Half eat,Aves,Rodentia,784.243,2524.81,Near Threatened
Condition fact,Actinopterygii,Rodentia,481.148,1412.72,Least Concern
Year increase,Actinopterygii,Passeriformes,2980.039,2457.94,Least Concern
Choice notice,Actinopterygii,Primates,835.124,1716.2,Extinct in the Wild
Off sure,Aves,Squamata,1956.556,160.25,Critically Endangered
Film position,Amphibia,Primates,1258.199,2628.5,Near Threatened
Unit trial,Actinopterygii,Carnivora,3132.899,2088.57,Endangered
Always really,Amphibia,Passeriformes,415.85,168.08,Near Threatened
Mention mission,Amphibia,Anura,1306.169,302.93,Endangered
Economic computer,Mammalia,Rodentia,1520.482,2526.37,Least Concern
Growth feeling,Mammalia,Squamata,3191.993,451.17,Critically Endangered
Law girl,Amphibia,Rodentia,351.135,150.91,Critically Endangered
Agree tough,Actinopterygii,Passeriformes,2651.974,2681.38,Near Threatened
Vote enter,Mammalia,Rodentia,385.057,772.49,Least Concern
Although third,Amphibia,Carnivora,1778.624,1035.23,Critically Endangered
Former leg,Aves,Carnivora,1517.743,1215.76,Extinct in the Wild
After often,Actinopterygii,Passeriformes,1160.188,1301.16,Critically Endangered
Look finally,Amphibia,Anura,4774.365,354.43,Least Concern
Military word,Aves,Carnivora,4709.501,2759.48,Near Threatened
Hotel citizen,Aves,Rodentia,4706.623,33.01,Extinct in the Wild
Or owner,Actinopterygii,Rodentia,351.409,2463.95,Vulnerable
Alone push,Reptilia,Primates,375.794,2667.02,Least Concern
Trouble song,Actinopterygii,Passeriformes,2715.398,315.7,Least Concern
Natural central,Actinopterygii,Passeriformes,4871.091,2212.99,Least Concern
Rock support,Amphibia,Primates,4919.35,1379.54,Critically Endangered
Report Mr,Mammalia,Passeriformes,1142.087,2561.07,Vulnerable
Hospital similar,Amphibia,Anura,4558.466,752.63,Least Concern
Particular front,Actinopterygii,Carnivora,4485.964,1905.84,Endangered
Cost score,Mammalia,Rodentia,3645.075,786.92,Least Concern
Newspaper above,Aves,Carnivora,935.92,1210.61,Vulnerable
Air local,Actinopterygii,Squamata,2.021,1132.89,Critically Endangered
As each,Amphibia,Primates,2165.554,1773.99,Vulnerable
Actually the,Mammalia,Carnivora,1596.081,2034.65,Extinct in the Wild
The activity,Reptilia,Primates,191.744,2883.25,Least Concern
Weight important,Actinopterygii,Rodentia,402.797,391.23,Near Threatened
System idea,Actinopterygii,Carnivora,2463.365,2369.17,Endangered
Audience according,Aves,Squamata,1561.943,144.04,Critically Endangered
Social cost,Aves,Passeriformes,837.43,2037.12,Critically Endangered
Argue number,Aves,Squamata,4474.84,284.8,Vulnerable
Tough politics,Actinopterygii,Rodentia,4589.346,989.96,Extinct in the Wild
Foot radio,Aves,Passeriformes,4934.6,2028.4,Extinct in the Wild
Budget agent,Amphibia,Rodentia,1050.177,2072.05,Near Threatened
Power open,Aves,Passeriformes,847.114,2126.01,Vulnerable
Difficult seek,Amphibia,Carnivora,4469.582,1624.25,Near Threatened
Technology television,Mammalia,Rodentia,2938.011,1040.45,Extinct in the Wild
Success attack,Mammalia,Carnivora,1365.906,1806.84,Near Threatened
Campaign they,Amphibia,Rodentia,4602.506,1171.87,Vulnerable
Many position,Mammalia,Anura,2546.722,2134.43,Least Concern
Everybody create,Mammalia,Squamata,464.716,850.89,Extinct in the Wild
There amount,Mammalia,Rodentia,238.226,926.83,Near Threatened
Land pressure,Amphibia,Anura,1682.013,2082.07,Extinct in the Wild
Dream that,Actinopterygii,Primates,1985.059,2375.31,Vulnerable
Participant watch,Aves,Squamata,2987.379,995.81,Least Concern
Bring yet,Reptilia,Carnivora,3950.098,323.39,Vulnerable
Across better,Mammalia,Rodentia,3398.683,1952.17,Vulnerable
History just,Reptilia,Carnivora,4016.023,1613.64,Least Concern
Plant small,Reptilia,Squamata,1223.051,2040.74,Least Concern
Use police,Aves,Rodentia,1532.041,2514.92,Endangered
Cover wall,Aves,Anura,4984.689,78.08,Extinct in the Wild
Health charge,Aves,Rodentia,3231.14,1732.01,Critically Endangered
Majority again,Reptilia,Passeriformes,2170.138,84.64,Vulnerable
Mean book,Aves,Primates,3365.021,641.24,Near Threatened
Still student,Amphibia,Squamata,299.818,1839.16,Endangered
Point woman,Actinopterygii,Carnivora,1830.499,1943.36,Least Concern
Fund score,Amphibia,Rodentia,2075.58,2349.02,Extinct in the Wild
Drug born,Amphibia,Carnivora,1902.895,1061.74,Extinct in the Wild
Image listen,Reptilia,Squamata,2735.098,641.37,Extinct in the Wild
Outside late,Aves,Primates,501.14,796.37,Extinct in the Wild
Various personal,Mammalia,Primates,4775.954,2966.71,Extinct in the Wild
Onto share,Actinopterygii,Squamata,3012.656,1834.33,Least Concern
Chance option,Actinopterygii,Anura,3376.348,665.32,Endangered
Indicate technology,Actinopterygii,Rodentia,4780.989,1464.46,Least Concern
Like today,Mammalia,Anura,987.851,2931.8,Extinct in the Wild
Road assume,Mammalia,Anura,4612.946,2224.97,Vulnerable
Beautiful entire,Reptilia,Carnivora,1573.228,858.13,Least Concern
Store network,Reptilia,Rodentia,66.721,742.3,Least Concern
Kind as,Mammalia,Anura,3068.941,914.13,Extinct in the Wild
Film public,Aves,Primates,4561.45,1752.49,Least Concern
Inside spend,Aves,Anura,2342.212,828.85,Vulnerable
Mrs almost,Actinopterygii,Squamata,893.226,1058.11,Extinct in the Wild
Know teach,Amphibia,Squamata,3000.269,2429.32,Endangered
Second big,Actinopterygii,Carnivora,1624.436,1614.65,Critically Endangered
Condition serve,Mammalia,Primates,1169.756,1757.08,Least Concern
Tonight usually,Mammalia,Squamata,2226.233,1321.8,Least Concern
Thus ten,Reptilia,Rodentia,3395.898,1333.03,Critically Endangered
Structure PM,Amphibia,Passeriformes,2718.636,1649.91,Least Concern
Machine price,Reptilia,Primates,1951.269,1118.38,Extinct in the Wild
Race hundred,Aves,Passeriformes,585.649,1038.49,Vulnerable
We visit,Actinopterygii,Carnivora,3849.134,1078.98,Endangered
War yet,Amphibia,Anura,1639.165,301.96,Endangered
Agent involve,Aves,Rodentia,1392.884,2096.81,Endangered
Speak respond,Amphibia,Rodentia,4607.685,237.02,Vulnerable
Than discover,Reptilia,Carnivora,2577.724,560.11,Least Concern
Tv social,Reptilia,Primates,3153.97,2567.97,Near Threatened
Wish partner,Aves,Passeriformes,879.74,332.05,Endangered
Official response,Aves,Squamata,1768.229,56.7,Near Threatened
Discuss staff,Actinopterygii,Carnivora,240.694,2826.44,Endangered
Age thank,Reptilia,Rodentia,1645.953,2137.19,Critically Endangered
Miss new,Actinopterygii,Primates,1252.565,803.57,Vulnerable
Magazine maybe,Mammalia,Rodentia,939.568,1450.71,Critically Endangered
Guy ground,Mammalia,Passeriformes,4001.46,2489.59,Near Threatened
Out lawyer,Actinopterygii,Rodentia,3730.881,2860.27,Critically Endangered
Station leave,Mammalia,Carnivora,4282.767,617.02,Vulnerable
Purpose make,Amphibia,Squamata,2440.913,2751.9,Least Concern
Instead black,Mammalia,Passeriformes,1601.041,1099.48,Near Threatened
Something perform,Reptilia,Rodentia,4420.788,2789.84,Near Threatened
Since politics,Mammalia,Rodentia,4553.899,65.01,Endangered
Less southern,Actinopterygii,Rodentia,3427.397,765.31,Endangered
Show debate,Mammalia,Primates,2626.187,2114.24,Least Concern
Other team,Amphibia,Carnivora,1901.253,1878.7,Endangered
Happy against,Actinopterygii,Squamata,3993.673,2986.88,Critically Endangered
Close must,Actinopterygii,Rodentia,4105.929,2911.04,Vulnerable
Most participant,Reptilia,Carnivora,4207.897,188.76,Critically Endangered
War until,Actinopterygii,Carnivora,4609.819,1559.29,Critically Endangered
Red executive,Actinopterygii,Rodentia,4487.361,2430.06,Critically Endangered
Than owner,Mammalia,Rodentia,1614.421,1466.75,Vulnerable
Owner do,Actinopterygii,Squamata,4281.739,1322.13,Near Threatened
Ten move,Mammalia,Primates,4253.974,278.54,Least Concern
Level meeting,Actinopterygii,Anura,4335.756,1444.61,Near Threatened
Property have,Mammalia,Rodentia,3983.901,2270.94,Endangered
Owner much,Mammalia,Squamata,473.231,411.23,Endangered
Usually onto,Reptilia,Squamata,3533.424,476.14,Vulnerable
Anything task,Reptilia,Passeriformes,1483.413,2959.44,Vulnerable
Agree allow,Amphibia,Rodentia,4349.194,1541.17,Least Concern
Side place,Reptilia,Rodentia,412.03,2856.58,Least Concern
Two production,Aves,Squamata,53.371,1155.7,Extinct in the Wild
Military maybe,Amphibia,Passeriformes,3580.829,1959.07,Critically Endangered
Choose spring,Reptilia,Squamata,2350.017,1360.54,Critically Endangered
Drug where,Mammalia,Passeriformes,4021.364,2954.32,Least Concern
Seven live,Mammalia,Primates,3475.667,2207.93,Least Concern
Question on,Reptilia,Squamata,3261.494,1793.78,Extinct in the Wild
Describe over,Reptilia,Passeriformes,4654.565,131.88,Endangered
Like card,Actinopterygii,Passeriformes,4078.09,1089.66,Least Concern
Generation art,Reptilia,Carnivora,1269.726,2373.72,Least Concern
Notice how,Mammalia,Passeriformes,3003.765,2721.8,Least Concern
Eat interesting,Aves,Carnivora,1842.376,2169.46,Endangered
Woman care,Amphibia,Primates,2069.082,2095.38,Critically Endangered
Structure begin,Aves,Passeriformes,3495.109,2043.64,Critically Endangered
Thought sit,Actinopterygii,Anura,3662.075,198.88,Vulnerable
Maybe force,Mammalia,Carnivora,2818.467,1082.82,Least Concern
Political news,Reptilia,Passeriformes,1956.009,886.09,Critically Endangered
Various design,Amphibia,Carnivora,4171.738,2400.02,Critically Endangered
Something join,Actinopterygii,Squamata,80.867,1861.41,Endangered
Worry short,Reptilia,Rodentia,3902.553,1649.37,Critically Endangered
Point audience,Actinopterygii,Rodentia,3062.055,2047.11,Vulnerable
Teacher necessary,Amphibia,Squamata,2567.21,688.46,Least Concern
Operation evidence,Amphibia,Anura,3632.174,1801.97,Critically Endangered
Behavior analysis,Mammalia,Passeriformes,151.563,656.92,Endangered
Window radio,Mammalia,Anura,1771.776,123.68,Near Threatened
Explain couple,Aves,Anura,4044.586,897.34,Endangered
Support watch,Amphibia,Carnivora,1375.607,2127.73,Endangered
Several movement,Actinopterygii,Anura,3849.37,1282.29,Near Threatened
Level class,Amphibia,Carnivora,723.606,2729.16,Endangered
Yourself economic,Reptilia,Squamata,4183.228,226.58,Near Threatened
Share section,Aves,Passeriformes,2025.968,890.3,Endangered
Election talk,Mammalia,Squamata,1026.819,592.21,Critically Endangered
Politics them,Reptilia,Carnivora,408.106,2174.24,Near Threatened
Hope purpose,Aves,Passeriformes,3373.779,1331.9,Critically Endangered
Work step,Amphibia,Passeriformes,31.276,2387.11,Critically Endangered
Natural arm,Aves,Anura,843.377,23.11,Least Concern
Citizen purpose,Actinopterygii,Passeriformes,3730.783,1993.58,Extinct in the Wild
Artist light,Mammalia,Anura,4868.044,2182.68,Endangered
Field agency,Aves,Primates,3610.521,970.21,Vulnerable
Anything want,Reptilia,Carnivora,3013.914,1617.39,Extinct in the Wild
Deep politics,Reptilia,Squamata,1000.523,1399.46,Critically Endangered
Describe quality,Actinopterygii,Primates,4249.999,218.6,Near Threatened
Seek last,Mammalia,Carnivora,1206.395,497.31,Vulnerable
Year however,Mammalia,Passeriformes,1885.582,2475.77,Critically Endangered
Population continue,Amphibia,Primates,1963.115,2690.49,Endangered
Conference heart,Actinopterygii,Carnivora,604.185,1279.17,Vulnerable
Why person,Actinopterygii,Anura,316.432,1739.91,Extinct in the Wild
Opportunity expect,Mammalia,Carnivora,966.541,2851.05,Extinct in the Wild
Check him,Reptilia,Primates,3684.956,916.24,Critically Endangered
Strategy under,Aves,Rodentia,3184.63,1189.97,Least Concern
Record before,Mammalia,Rodentia,4565.303,681.34,Extinct in the Wild
Least police,Amphibia,Rodentia,955.623,243.84,Near Threatened
Relationship suffer,Reptilia,Carnivora,637.208,2240.29,Extinct in the Wild
Upon produce,Reptilia,Squamata,2736.782,846.18,Near Threatened
Form Congress,Aves,Carnivora,3226.997,1428.63,Least Concern
Commercial forget,Actinopterygii,Rodentia,3043.455,2367.82,Endangered
Modern part,Amphibia,Primates,1774.249,424.48,Vulnerable
Remember body,Mammalia,Anura,1833.696,2825.96,Vulnerable
Imagine as,Amphibia,Carnivora,4241.282,331.39,Endangered
In painting,Mammalia,Anura,1948.536,1887.08,Critically Endangered
Shake sense,Amphibia,Passeriformes,3614.569,2768.16,Endangered
Authority wait,Actinopterygii,Anura,4831.664,337.12,Vulnerable
Floor old,Mammalia,Primates,4871.963,856.37,Endangered
Require direction,Reptilia,Carnivora,3465.809,1658.03,Extinct in the Wild
Really parent,Mammalia,Rodentia,954.607,1562.78,Vulnerable
Seem sometimes,Aves,Primates,247.086,2949.28,Endangered
Response finally,Reptilia,Passeriformes,3652.728,27.75,Endangered
Owner mother,Mammalia,Passeriformes,1943.545,242.99,Vulnerable
North key,Aves,Primates,1567.629,2309.71,Extinct in the Wild
Final staff,Aves,Passeriformes,4234.633,1869.51,Endangered
Then able,Aves,Squamata,2057.504,316.86,Extinct in the Wild
Conference develop,Actinopterygii,Passeriformes,1242.37,406.77,Near Threatened
When financial,Aves,Anura,1656.428,1834.75,Endangered
Road actually,Reptilia,Anura,4876.143,1495.42,Endangered
View political,Mammalia,Squamata,3785.863,2330.63,Critically Endangered
Leave stay,Aves,Anura,1788.517,871.66,Near Threatened
Least official,Reptilia,Rodentia,1466.924,287.64,Near Threatened
Your catch,Mammalia,Rodentia,1235.057,522.54,Extinct in the Wild
Who popular,Reptilia,Squamata,4604.502,543.38,Extinct in the Wild
New kid,Aves,Squamata,189.868,460.56,Vulnerable
What no,Aves,Squamata,1125.013,464.48,Endangered
Gun daughter,Aves,Passeriformes,4975.112,678.2,Least Concern
Store once,Actinopterygii,Carnivora,3694.27,1915.34,Extinct in the Wild
State sound,Mammalia,Primates,425.151,1472.6,Vulnerable
Reach wonder,Aves,Carnivora,1878.116,1053.22,Least Concern
Too believe,Actinopterygii,Anura,734.801,28.44,Extinct in the Wild
From nor,Reptilia,Rodentia,2548.105,2244.75,Extinct in the Wild
Board born,Amphibia,Anura,932.978,626.57,Critically Endangered
Relate challenge,Reptilia,Passeriformes,3634.763,1284.2,Critically Endangered
Who probably,Aves,Carnivora,3434.29,610.98,Critically Endangered
Resource admit,Amphibia,Primates,776.476,1861.24,Near Threatened
Center find,Mammalia,Anura,1027.735,2496.18,Near Threatened
Put main,Mammalia,Primates,4000.275,733.35,Critically Endangered
Pm him,Mammalia,Primates,1406.427,2152.06,Least Concern
Several whom,Aves,Anura,575.587,2628.96,Vulnerable
Religious suffer,Reptilia,Primates,4430.998,1792.5,Critically Endangered
Reach degree,Reptilia,Primates,3468.947,1431.33,Endangered
Part human,Amphibia,Rodentia,305.354,1813.23,Endangered
Artist environment,Actinopterygii,Carnivora,1517.784,2505.97,Critically Endangered
Fill know,Mammalia,Passeriformes,1535.162,1457.24,Least Concern
Whatever true,Actinopterygii,Passeriformes,3231.97,1165.29,Critically Endangered
Interest drop,Amphibia,Anura,3484.455,1294.24,Extinct in the Wild
Vote shake,Amphibia,Rodentia,1272.94,2551.27,Near Threatened
Camera ago,Amphibia,Carnivora,60.388,1420.33,Endangered
Mention less,Reptilia,Primates,1823.906,581.89,Vulnerable
Responsibility night,Amphibia,Carnivora,2823.36,2157.61,Critically Endangered
Later boy,Reptilia,Squamata,4945.927,968.31,Near Threatened
Century successful,Actinopterygii,Squamata,2257.509,2866.77,Least Concern
Money student,Reptilia,Anura,2368.112,1751.49,Extinct in the Wild
Plant beyond,Mammalia,Squamata,4964.168,2325.76,Critically Endangered
Coach bag,Reptilia,Carnivora,4933.625,1041.9,Vulnerable
Tonight investment,Actinopterygii,Anura,228.063,177.41,Extinct in the Wild
Practice can,Aves,Primates,1282.852,2802.95,Endangered
Own social,Amphibia,Passeriformes,434.41,1830.0,Least Concern
Again arrive,Aves,Anura,2931.248,2514.26,Least Concern
Rise call,Mammalia,Primates,2128.139,344.35,Least Concern
Forget yard,Actinopterygii,Primates,879.476,1466.47,Vulnerable
Movement control,Amphibia,Rodentia,4613.212,224.09,Endangered
Figure partner,Amphibia,Squamata,3069.233,57.63,Extinct in the Wild
List budget,Amphibia,Carnivora,3315.293,2463.38,Critically Endangered
