species,class,order,weight_kg,length_cm,conservation_status
Turn believe,Amphibia,Passeriformes,3683.165,2575.01,Vulnerable
Four or,Mammalia,Carnivora,1833.254,2029.5,Extinct in the Wild
List song,Aves,Carnivora,307.456,2088.6,Near Threatened
Lay summer,Reptilia,Squamata,1117.918,159.68,Near Threatened
Meeting build,Actinopterygii,Carnivora,3370.774,1057.47,Extinct in the Wild
Consider ok,Reptilia,Anura,2346.841,956.25,Endangered
Home throughout,Mammalia,Rodentia,1883.123,1802.82,Least Concern
Could expect,Amphibia,Anura,4568.227,2197.9,Extinct in the Wild
Nothing protect,Amphibia,Squamata,4821.326,1618.13,Near Threatened
Improve these,Amphibia,Carnivora,733.797,349.7,Least Concern
Media job,Actinopterygii,Carnivora,2971.05,2833.12,Extinct in the Wild
Event international,Amphibia,Passeriformes,4759.93,245.68,Near Threatened
Feeling within,Reptilia,Squamata,3992.664,714.85,Least Concern
Star once,Reptilia,Carnivora,4781.116,464.93,Endangered
Good down,Reptilia,Anura,3087.879,2448.12,Endangered
Many hope,Actinopterygii,Primates,103.36,1359.98,Endangered
Area specific,Mammalia,Anura,4819.379,37.09,Endangered
Family out,Actinopterygii,Squamata,4775.825,2230.42,Critically Endangered
Relationship perhaps,Aves,Squamata,3745.408,173.53,Vulnerable
Attack on,Mammalia,Squamata,3287.063,1616.07,Vulnerable
Store marriage,Reptilia,Squamata,1270.563,831.49,Near Threatened
Run television,Actinopterygii,Primates,879.625,1666.33,Critically Endangered
Send response,Mammalia,Passeriformes,1254.581,720.52,Near Threatened
Development cell,Mammalia,Anura,4449.118,1884.38,Vulnerable
Reality recent,Reptilia,Passeriformes,1785.269,1673.75,Endangered
Leg prevent,Aves,Carnivora,3200.577,2486.3,Near Threatened
School fill,Mammalia,Rodentia,1170.275,2534.87,Vulnerable
Use win,Aves,Anura,1263.227,459.91,Vulnerable
And price,Reptilia,Rodentia,2184.51,1606.93,Extinct in the Wild
Month reason,Mammalia,Rodentia,2347.192,1466.2,Near Threatened
Chance glass,Reptilia,Carnivora,1723.681,1572.55,Least Concern
Chair already,Reptilia,Passeriformes,2700.821,287.38,Near Threatened
Leg law,Actinopterygii,Passeriformes,4050.832,2770.31,Near Threatened
Evening condition,Mammalia,Primates,2251.145,588.3,Least Concern
Detail civil,Reptilia,Passeriformes,3690.118,740.96,Least Concern
Your determine,Amphibia,Carnivora,2829.56,1667.06,Least Concern
Do study,Actinopterygii,Carnivora,3540.573,1852.6,Critically Endangered
Night edge,Aves,Squamata,1741.498,1742.03,Vulnerable
President local,Actinopterygii,Anura,515.625,1895.98,Critically Endangered
High although,Aves,Carnivora,3271.56,2948.98,Extinct in the Wild
Teacher late,Aves,Rodentia,344.676,2521.38,Near Threatened
Night whatever,Reptilia,Rodentia,4897.314,1742.89,Endangered
Start read,Mammalia,Primates,1809.085,1787.48,Extinct in the Wild
Something once,Amphibia,Passeriformes,101.116,2056.76,Vulnerable
Strategy day,Mammalia,Primates,1981.785,464.13,Vulnerable
Senior stand,Amphibia,Primates,4803.5,943.03,Critically Endangered
Political establish,Amphibia,Passeriformes,2388.601,1640.49,Vulnerable
Become last,Actinopterygii,Squamata,1876.756,2624.38,Near Threatened
Action help,Mammalia,Rodentia,3589.515,1746.32,Near Threatened
Raise body,Amphibia,Rodentia,4600.521,1695.16,Least Concern
Professor amount,Amphibia,Primates,3577.493,2130.68,Near Threatened
Other herself,Mammalia,Primates,4642.137,2607.36,Extinct in the Wild
Watch themselves,Actinopterygii,Rodentia,60.762,2203.09,Endangered
These appear,Mammalia,Rodentia,4170.629,2304.53,Vulnerable
Ability simple,Actinopterygii,Primates,4379.206,2341.53,Endangered
According close,Mammalia,Passeriformes,2200.094,2594.57,Extinct in the Wild
Again require,Reptilia,Passeriformes,3580.666,2695.06,Vulnerable
Customer business,Actinopterygii,Carnivora,2229.641,1290.23,Extinct in the Wild
Quality office,Actinopterygii,Carnivora,462.113,783.29,Extinct in the Wild
Detail decade,Actinopterygii,Rodentia,3484.491,1854.46,Least Concern
Only ago,Aves,Squamata,4422.739,1092.02,Extinct in the Wild
Store commercial,Aves,Anura,1549.531,1146.02,Endangered
Threat challenge,Actinopterygii,Anura,1598.523,1367.82,Near Threatened
Check cultural,Aves,Squamata,1827.078,1914.38,Extinct in the Wild
Place economy,Aves,Squamata,1738.702,1967.08,Extinct in the Wild
Believe nothing,Actinopterygii,Rodentia,591.114,2870.49,Near Threatened
Wear including,Reptilia,Carnivora,1956.497,84.86,Critically Endangered
Republican reason,Reptilia,Primates,914.682,971.56,Extinct in the Wild
Difficult shoulder,Aves,Primates,4997.599,216.34,Endangered
Throw budget,Aves,Carnivora,3724.363,965.55,Least Concern
Ability early,Mammalia,Passeriformes,1964.491,1125.72,Vulnerable
Pattern director,Actinopterygii,Carnivora,1102.824,1230.11,Least Concern
Bag reach,Actinopterygii,Squamata,389.882,1927.17,Near Threatened
Laugh politics,Aves,Carnivora,1273.533,2362.27,Vulnerable
Seek design,Actinopterygii,Carnivora,1357.09,577.85,Endangered
Group change,Actinopterygii,Carnivora,1785.621,2662.19,Critically Endangered
Cell indicate,Amphibia,Rodentia,4649.803,390.55,Near Threatened
Expect build,Reptilia,Primates,853.41,1156.06,Extinct in the Wild
Method adult,Aves,Carnivora,277.289,92.8,Endangered
Yet evening,Mammalia,Passeriformes,1916.854,1290.54,Endangered
Picture any,Reptilia,Rodentia,97.415,1649.28,Near Threatened
Minute however,Actinopterygii,Anura,4474.653,201.05,Endangered
Stay civil,Actinopterygii,Carnivora,3317.373,2946.24,Endangered
Seven and,Reptilia,Carnivora,425.123,437.32,Vulnerable
Appear strong,Reptilia,Anura,2516.483,1110.36,Extinct in the Wild
Class reveal,Reptilia,Carnivora,308.585,1280.0,Endangered
Father blood,Mammalia,Passeriformes,4391.926,2493.03,Extinct in the Wild
Former stop,Reptilia,Squamata,2975.868,1258.66,Extinct in the Wild
Blue read,Amphibia,Squamata,486.562,2825.62,Least Concern
Ok bring,Reptilia,Squamata,292.194,2517.03,Endangered
Evening eight,Aves,Squamata,2331.221,145.95,Least Concern
Particular central,Reptilia,Passeriformes,1388.11,107.51,Least Concern
Authority school,Aves,Carnivora,4015.464,291.49,Near Threatened
Yard impact,Reptilia,Squamata,1636.021,765.74,Endangered
Him so,Reptilia,Rodentia,218.488,1136.09,Least Concern
Idea democratic,Mammalia,Anura,4501.959,358.13,Near Threatened
Pattern wait,Actinopterygii,Squamata,4828.891,1241.59,Extinct in the Wild
The leader,Actinopterygii,Anura,807.53,1696.77,Least Concern
Wall group,Aves,Carnivora,1345.005,2403.84,Least Concern
Source feel,Aves,Primates,3102.078,2259.45,Endangered
Movement fund,Reptilia,Squamata,3947.779,887.95,Near Threatened
Here research,Actinopterygii,Anura,3794.33,1040.13,Near Threatened
Professional growth,Mammalia,Carnivora,4377.249,1960.57,Endangered
Wish land,Amphibia,Passeriformes,1844.38,2087.66,Least Concern
Every field,Amphibia,Passeriformes,1889.206,991.02,Critically Endangered
Everything a,Mammalia,Primates,2994.273,832.11,Endangered
Without represent,Mammalia,Carnivora,3210.812,2238.64,Near Threatened
Indicate as,Reptilia,Squamata,4335.647,2485.48,Near Threatened
Against focus,Mammalia,Anura,3402.871,2153.64,Critically Endangered
Option social,Aves,Primates,1091.561,349.56,Least Concern
Level her,Reptilia,Anura,160.356,2658.53,Endangered
Drug foreign,Mammalia,Primates,1324.163,2511.61,Near Threatened
Of detail,Amphibia,Anura,941.029,1271.0,Vulnerable
Sister inside,Reptilia,Anura,4517.085,2942.34,Endangered
Should major,Mammalia,Anura,2058.015,1346.49,Near Threatened
Cause of,Amphibia,Squamata,2008.288,620.38,Least Concern
Head professor,Reptilia,Primates,2272.465,2771.83,Vulnerable
Growth various,Amphibia,Carnivora,721.929,2673.34,Critically Endangered
Simply space,Amphibia,Anura,4686.32,1807.73,Endangered
Treat however,Mammalia,Squamata,616.931,1793.32,Extinct in the Wild
Writer soon,Mammalia,Anura,2704.285,2690.78,Endangered
There stop,Reptilia,Squamata,4200.775,2247.65,Endangered
Fast happen,Mammalia,Primates,2290.58,2006.75,Near Threatened
Place attorney,Amphibia,Rodentia,1657.556,856.98,Vulnerable
Life paper,Reptilia,Anura,1728.773,642.52,Vulnerable
Major word,Mammalia,Squamata,2390.906,2610.78,Critically Endangered
Loss near,Amphibia,Anura,2071.035,1997.98,Vulnerable
Activity as,Amphibia,Primates,528.288,776.54,Endangered
Company while,Amphibia,Squamata,1061.623,1449.83,Near Threatened
Game right,Reptilia,Carnivora,21.944,2006.33,Extinct in the Wild
Relate growth,Actinopterygii,Squamata,4377.657,2925.71,Extinct in the Wild
Major suggest,Aves,Passeriformes,1244.361,1181.21,Critically Endangered
Civil position,Mammalia,Carnivora,3324.402,1416.32,Extinct in the Wild
Only whether,Mammalia,Carnivora,4845.978,1671.35,Vulnerable
Accept already,Mammalia,Squamata,4651.149,2841.41,Critically Endangered
Time why,Amphibia,Passeriformes,2947.415,2905.65,Least Concern
Call catch,Aves,Primates,3533.893,1643.75,Least Concern
Money happy,Actinopterygii,Squamata,4637.133,2917.05,Least Concern
Focus result,Amphibia,Primates,370.783,2624.26,Near Threatened
Us like,Aves,Primates,2413.894,1165.44,Critically Endangered
Increase theory,Actinopterygii,Carnivora,3018.644,1404.34,Least Concern
There truth,Reptilia,Squamata,773.946,2361.6,Endangered
Six moment,Actinopterygii,Passeriformes,54.143,2180.84,Endangered
Summer wrong,Reptilia,Rodentia,2572.548,1667.31,Least Concern
Activity performance,Reptilia,Passeriformes,4112.956,1280.13,Critically Endangered
Executive wrong,Mammalia,Primates,4937.565,1488.22,Least Concern
Season suffer,Amphibia,Carnivora,176.382,638.86,Critically Endangered
Key job,Reptilia,Anura,4580.418,2396.24,Extinct in the Wild
Be head,Aves,Rodentia,4532.484,1145.43,Critically Endangered
Know guy,Amphibia,Squamata,3711.73,2204.62,Critically Endangered
Sea majority,Actinopterygii,Squamata,4210.856,2031.67,Extinct in the Wild
Quality fly,Amphibia,Squamata,3896.958,1687.83,Vulnerable
Fact station,Actinopterygii,Anura,331.686,2065.69,Near Threatened
Join do,Actinopterygii,Squamata,1955.765,2938.05,Vulnerable
Interest as,Actinopterygii,Primates,3948.029,1237.05,Extinct in the Wild
Create success,Amphibia,Anura,1535.943,2641.42,Critically Endangered
Into as,Amphibia,Primates,1959.26,2408.48,Critically Endangered
Others attack,Mammalia,Rodentia,1692.913,677.37,Least Concern
Production decide,Aves,Carnivora,1727.518,2989.25,Near Threatened
Wish human,Reptilia,Primates,3104.86,1422.15,Least Concern
View really,Actinopterygii,Squamata,4558.429,1059.09,Critically Endangered
Wear these,Reptilia,Squamata,569.122,1977.83,Near Threatened
Travel choice,Aves,Squamata,1741.657,1665.49,Near Threatened
According box,Reptilia,Anura,2370.861,2707.93,Near Threatened
Glass drop,Mammalia,Squamata,1097.759,926.58,Critically Endangered
Camera democratic,Aves,Anura,1258.686,231.71,Extinct in the Wild
Wrong red,Actinopterygii,Squamata,3584.653,694.08,Vulnerable
Since hard,Mammalia,Rodentia,2946.666,1220.13,Near Threatened
Resource other,Aves,Anura,4238.031,2345.99,Vulnerable
Doctor nearly,Amphibia,Anura,2572.031,2268.3,Near Threatened
Understand cold,Aves,Passeriformes,3337.813,771.71,Near Threatened
Finish those,Mammalia,Carnivora,2626.861,1139.76,Least Concern
Administration more,Aves,Rodentia,4836.181,2467.29,Critically Endangered
West sport,Actinopterygii,Passeriformes,3594.442,2395.03,Critically Endangered
Test shoulder,Aves,Passeriformes,500.684,9.54,Extinct in the Wild
Top no,Reptilia,Passeriformes,3601.47,1534.71,Least Concern
State expert,Reptilia,Rodentia,1156.458,230.29,Vulnerable
Other condition,Amphibia,Anura,3985.009,411.3,Least Concern
Picture medical,Amphibia,Squamata,2850.946,2949.98,Critically Endangered
So word,Aves,Rodentia,4378.009,2009.2,Extinct in the Wild
Past fast,Amphibia,Passeriformes,4314.234,1171.67,Critically Endangered
Through subject,Aves,Anura,144.713,1095.23,Extinct in the Wild
People voice,Amphibia,Passeriformes,865.424,1134.06,Vulnerable
Ahead party,Amphibia,Passeriformes,2498.067,469.88,Critically Endangered
Discuss notice,Mammalia,Squamata,4551.545,110.69,Near Threatened
Color floor,Actinopterygii,Carnivora,3324.692,1687.49,Endangered
Memory election,Amphibia,Carnivora,4576.257,1560.39,Vulnerable
Early top,Aves,Primates,207.817,2865.91,Endangered
Traditional next,Aves,Passeriformes,2640.269,957.35,Endangered
Effect between,Actinopterygii,Squamata,3833.107,2539.88,Least Concern
Where life,Amphibia,Anura,4496.425,2827.3,Least Concern
Use adult,Mammalia,Rodentia,3092.712,2793.07,Near Threatened
Particularly yourself,Actinopterygii,Rodentia,2471.725,1325.17,Least Concern
Language bit,Mammalia,Passeriformes,3758.064,2350.17,Vulnerable
Gas their,Reptilia,Rodentia,3616.868,1911.09,Near Threatened
Next hand,Aves,Rodentia,1154.047,1462.48,Least Concern
Easy standard,Aves,Carnivora,1439.921,2126.2,Vulnerable
Reflect beyond,Actinopterygii,Rodentia,1224.379,1696.63,Vulnerable
Of city,Mammalia,Passeriformes,4378.055,2086.21,Critically Endangered
This authority,Reptilia,Squamata,2107.707,1260.1,Least Concern
Agency key,Mammalia,Squamata,3715.961,1559.14,Extinct in the Wild
Travel because,Aves,Anura,162.666,327.99,Least Concern
Rise style,Amphibia,Primates,342.297,1320.11,Endangered
Process onto,Actinopterygii,Rodentia,2431.484,263.67,Vulnerable
Happen scientist,Mammalia,Passeriformes,4262.899,547.44,Endangered
Race while,Amphibia,Rodentia,1450.539,354.09,Vulnerable
News trial,Aves,Primates,2215.986,1900.88,Endangered
Reason child,Reptilia,Primates,1559.595,660.63,Near Threatened
Weight subject,Reptilia,Rodentia,733.286,779.46,Endangered
Name movement,Actinopterygii,Squamata,2595.468,1751.76,Near Threatened
Brother six,Mammalia,Primates,30.449,1393.97,Least Concern
Art reflect,Amphibia,Anura,434.784,2552.82,Critically Endangered
Cell ahead,Actinopterygii,Rodentia,2333.428,289.97,Vulnerable
Thousand describe,Mammalia,Anura,3904.639,2565.44,Near Threatened
Occur peace,Actinopterygii,Passeriformes,4719.307,2098.73,Vulnerable
Fill service,Amphibia,Primates,4875.972,113.15,Endangered
Pm carry,Reptilia,Passeriformes,4620.899,2070.98,Endangered
Imagine stand,Amphibia,Squamata,4766.969,1051.44,Extinct in the Wild
General TV,Reptilia,Rodentia,3297.03,777.27,Vulnerable
Our deal,Reptilia,Primates,3055.378,1231.82,Least Concern
Again box,Amphibia,Passeriformes,3066.496,1159.18,Endangered
Box east,Aves,Passeriformes,4397.707,1185.69,Vulnerable
Ahead despite,Actinopterygii,Primates,4400.811,1312.95,Least Concern
Difficult same,Reptilia,Rodentia,4753.331,2086.36,Near Threatened
Information hold,Reptilia,Passeriformes,2778.181,1320.31,Extinct in the Wild
Crime apply,Reptilia,Carnivora,4851.9,1155.5,Least Concern
Continue discuss,Aves,Anura,257.591,797.03,Least Concern
Like join,Mammalia,Anura,3713.82,2895.47,Least Concern
Best key,Mammalia,Rodentia,700.773,1491.55,Least Concern
Them reach,Actinopterygii,Rodentia,3931.849,713.75,Least Concern
Run ok,Actinopterygii,Passeriformes,1296.206,2016.32,Least Concern
Fill pay,Mammalia,Rodentia,649.293,667.24,Endangered
Sea stay,Actinopterygii,Squamata,871.07,2876.9,Vulnerable
Glass agent,Mammalia,Squamata,1296.227,2226.65,Least Concern
Practice blood,Actinopterygii,Primates,21.959,1848.71,Least Concern
People reality,Reptilia,Carnivora,3328.226,1502.17,Near Threatened
Government brother,Mammalia,Anura,2469.678,2395.44,Least Concern
Institution so,Amphibia,Squamata,3841.413,1315.54,Near Threatened
Consider easy,Aves,Passeriformes,4636.206,331.5,Endangered
Part huge,Reptilia,Passeriformes,3071.095,1098.9,Extinct in the Wild
Provide science,Reptilia,Anura,751.6,2364.38,Near Threatened
International national,Reptilia,Squamata,3618.139,352.25,Near Threatened
Book act,Amphibia,Rodentia,2793.695,958.88,Vulnerable
Card pull,Mammalia,Anura,4794.946,905.6,Endangered
Edge strategy,Reptilia,Primates,639.869,2691.92,Vulnerable
Baby during,Actinopterygii,Carnivora,730.631,2241.54,Least Concern
Cover not,Mammalia,Carnivora,83.227,1723.07,Least Concern
Behind focus,Amphibia,Rodentia,550.251,2936.76,Extinct in the Wild
Agency people,Aves,Anura,1477.457,1617.46,Critically Endangered
Like according,Aves,Rodentia,3689.821,2680.35,Endangered
Agree although,Reptilia,Carnivora,409.41,2501.18,Critically Endangered
Campaign point,Reptilia,Carnivora,4235.003,2730.09,Least Concern
Quickly people,Actinopterygii,Primates,1266.7,1968.83,Extinct in the Wild
Door time,Mammalia,Carnivora,1731.708,226.41,Near Threatened
Audience would,Reptilia,Passeriformes,3292.376,2845.05,Least Concern
Force trouble,Aves,Carnivora,4554.771,198.67,Least Concern
Fight million,Amphibia,Carnivora,2294.86,865.15,Vulnerable
Strategy through,Aves,Rodentia,2279.002,1137.05,Near Threatened
City simple,Amphibia,Anura,460.326,993.16,Endangered
Resource help,Aves,Anura,1816.309,2557.28,Vulnerable
Style use,Amphibia,Primates,1149.026,1353.86,Least Concern
Born course,Actinopterygii,Carnivora,4757.045,409.01,Endangered
Strong challenge,Aves,Carnivora,4395.121,1574.03,Critically Endangered
Exactly field,Actinopterygii,Squamata,4998.565,1306.05,Vulnerable
Including relate,Actinopterygii,Anura,708.618,1396.08,Vulnerable
True improve,Aves,Primates,379.318,1207.43,Vulnerable
Would resource,Mammalia,Passeriformes,3542.785,893.27,Critically Endangered
Policy bank,Mammalia,Carnivora,2867.553,462.01,Endangered
Anything up,Mammalia,Primates,3070.661,1226.59,Near Threatened
Clearly film,Actinopterygii,Passeriformes,1405.101,885.18,Critically Endangered
Live arrive,Reptilia,Carnivora,1912.038,1798.34,Critically Endangered
Rich many,Aves,Squamata,716.185,1064.43,Endangered
Individual red,Reptilia,Primates,184.932,2118.67,Endangered
Either teacher,Mammalia,Rodentia,3333.944,2472.09,Critically Endangered
Of pretty,Actinopterygii,Rodentia,4808.004,2096.94,Near Threatened
Including free,Mammalia,Carnivora,3027.323,144.3,Vulnerable
Direction remain,Actinopterygii,Rodentia,2470.772,648.08,Critically Endangered
Nearly easy,Reptilia,Passeriformes,3571.792,1909.64,Vulnerable
Much activity,Reptilia,Primates,877.733,2259.48,Vulnerable
Huge set,Amphibia,Passeriformes,44.577,1886.79,Endangered
Suggest color,Amphibia,Passeriformes,1554.375,1650.3,Extinct in the Wild
News help,Actinopterygii,Squamata,1611.001,2325.43,Critically Endangered
Political major,Amphibia,Anura,3458.322,2390.95,Critically Endangered
Game teacher,Reptilia,Primates,61.435,1399.4,Extinct in the Wild
Anyone Democrat,Aves,Passeriformes,424.191,901.13,Least Concern
Organization administration,Mammalia,Carnivora,1323.062,2988.56,Vulnerable
Training country,Actinopterygii,Primates,2759.052,1656.8,Endangered
Family sometimes,Mammalia,Rodentia,2474.775,2406.69,Critically Endangered
Cut girl,Amphibia,Anura,877.633,1487.63,Extinct in the Wild
Policy treat,Actinopterygii,Rodentia,4341.232,2343.11,Endangered
Foot activity,Mammalia,Squamata,534.205,2043.97,Vulnerable
War song,Reptilia,Squamata,1975.056,1699.72,Critically Endangered
Medical can,Actinopterygii,Rodentia,4250.69,2648.25,Near Threatened
House cold,Actinopterygii,Rodentia,896.758,2960.25,Near Threatened
I culture,Amphibia,Squamata,1748.805,439.79,Vulnerable
Talk customer,Actinopterygii,Anura,475.38,548.76,Near Threatened
Though nor,Aves,Primates,322.662,477.64,Near Threatened
Treat response,Amphibia,Primates,2328.027,1672.75,Endangered
Risk poor,Amphibia,Primates,2377.793,1008.87,Vulnerable
Town people,Actinopterygii,Primates,1217.835,2778.89,Extinct in the Wild
Guess Republican,Aves,Anura,4278.321,2577.18,Critically Endangered
Action experience,Aves,Squamata,1347.548,1149.11,Near Threatened
Plant truth,Amphibia,Primates,3838.64,553.66,Least Concern
Catch offer,Amphibia,Anura,3129.252,2936.48,Vulnerable
Power call,Actinopterygii,Anura,1567.604,239.17,Endangered
Final challenge,Actinopterygii,Squamata,4275.083,165.13,Vulnerable
Movie tree,Mammalia,Squamata,1739.242,397.97,Extinct in the Wild
Rule eat,Reptilia,Anura,1241.804,2200.43,Endangered
Size nothing,Mammalia,Carnivora,4766.591,1285.1,Least Concern
Begin if,Reptilia,Anura,465.045,2714.13,Critically Endangered
Push side,Reptilia,Squamata,4683.791,1503.87,Extinct in the Wild
Increase maintain,Aves,Anura,2113.85,1955.23,Endangered
Approach either,Actinopterygii,Anura,2556.589,619.8,Extinct in the Wild
Shake win,Reptilia,Squamata,503.486,2201.76,Critically Endangered
Mention this,Aves,Rodentia,4346.729,825.62,Endangered
Able surface,Mammalia,Squamata,3605.323,1761.13,Near Threatened
Produce feeling,Actinopterygii,Passeriformes,3944.819,2045.59,Endangered
One option,Actinopterygii,Carnivora,1051.752,2094.75,Extinct in the Wild
Adult last,Reptilia,Carnivora,3014.068,1703.84,Extinct in the Wild
Partner perhaps,Aves,Squamata,2995.241,1646.58,Near Threatened
Rule relate,Actinopterygii,Primates,3688.98,506.66,Critically Endangered
Key suggest,Reptilia,Carnivora,3310.141,2232.54,Extinct in the Wild
Result property,Mammalia,Carnivora,1207.584,2029.36,Endangered
The fund,Reptilia,Squamata,1406.367,407.01,Near Threatened
Same special,Mammalia,Squamata,1071.159,2725.02,Endangered
Camera throughout,Actinopterygii,Anura,2476.582,2402.91,Endangered
Movie friend,Amphibia,Primates,9.738,2190.14,Vulnerable
Race design,Reptilia,Rodentia,1320.735,2263.85,Critically Endangered
Federal himself,Actinopterygii,Carnivora,1114.306,1453.23,Vulnerable
Long us,Aves,Passeriformes,1660.929,1016.64,Vulnerable
Action treatment,Actinopterygii,Primates,1180.689,224.83,Extinct in the Wild
Artist kitchen,Mammalia,Passeriformes,4722.736,141.49,Vulnerable
Much mouth,Mammalia,Anura,3859.979,1698.52,Least Concern
Prepare total,Actinopterygii,Carnivora,2749.798,106.3,Least Concern
Billion lay,Aves,Anura,1694.663,1049.84,Critically Endangered
This always,Mammalia,Primates,1432.327,1502.02,Vulnerable
Goal certainly,Aves,Anura,1724.04,977.34,Near Threatened
Material travel,Aves,Anura,2801.237,865.84,Near Threatened
Technology you,Actinopterygii,Squamata,942.961,5.77,Extinct in the Wild
Environment produce,Reptilia,Primates,4367.411,58.77,Extinct in the Wild
Trip democratic,Mammalia,Primates,1258.798,1182.71,Near Threatened
Wind professor,Aves,Carnivora,1392.854,2513.69,Least Concern
Adult service,Actinopterygii,Passeriformes,3826.144,1880.61,Extinct in the Wild
Mouth right,Amphibia,Passeriformes,2330.489,2564.59,Endangered
Want support,Aves,Primates,276.036,491.69,Endangered
Matter stage,Amphibia,Primates,3303.68,461.99,Near Threatened
Walk laugh,Reptilia,Carnivora,304.157,2917.72,Least Concern
Message such,Mammalia,Passeriformes,63.059,151.79,Vulnerable
Effect every,Actinopterygii,Carnivora,1524.952,2378.5,Near Threatened
Specific interesting,Actinopterygii,Anura,2411.992,2526.27,Near Threatened
Institution impact,Amphibia,Squamata,2948.301,1628.35,Near Threatened
Person day,Aves,Anura,4349.385,2650.49,Extinct in the Wild
Series type,Aves,Carnivora,264.848,2290.07,Extinct in the Wild
Author those,Amphibia,Anura,3473.154,2940.24,Least Concern
Follow music,Actinopterygii,Squamata,3552.608,2068.86,Critically Endangered
Fly weight,Actinopterygii,Primates,3951.621,1328.34,Endangered
Say responsibility,Actinopterygii,Passeriformes,967.919,1181.48,Near Threatened
Executive interview,Reptilia,Anura,205.729,517.98,Endangered
Home strong,Aves,Rodentia,3769.882,1347.64,Critically Endangered
Not effect,Aves,Primates,1533.084,1307.89,Near Threatened
Huge receive,Aves,Primates,4307.04,2264.66,Vulnerable
Wife onto,Mammalia,Primates,319.205,51.4,Vulnerable
Tough husband,Reptilia,Passeriformes,4652.148,965.59,Near Threatened
Meet today,Reptilia,Passeriformes,1021.755,2358.07,Least Concern
Toward minute,Mammalia,Carnivora,3064.511,170.02,Vulnerable
Short change,Actinopterygii,Passeriformes,2661.657,1274.16,Vulnerable
Husband when,Actinopterygii,Passeriformes,885.503,2462.5,Near Threatened
Bag better,Mammalia,Anura,4735.303,466.95,Extinct in the Wild
Bad poor,Aves,Primates,2852.517,2272.32,Least Concern
Throw arm,Aves,Primates,3157.65,243.52,Vulnerable
Administration old,Aves,Primates,300.031,1932.22,Endangered
Trial the,Mammalia,Primates,3143.509,2051.28,Vulnerable
Wife suggest,Mammalia,Anura,2354.185,1981.18,Least Concern
Life feel,Aves,Anura,3167.511,1362.1,Extinct in the Wild
Page far,Aves,Squamata,1502.988,159.27,Least Concern
Than worker,Amphibia,Squamata,4757.114,2637.85,Critically Endangered
Population up,Actinopterygii,Carnivora,441.672,1078.14,Extinct in the Wild
Ever raise,Amphibia,Rodentia,2812.017,2794.19,Vulnerable
Clearly none,Actinopterygii,Primates,685.643,1693.11,Extinct in the Wild
Recently economy,Aves,Primates,1761.719,1195.95,Extinct in the Wild
Worry coach,Aves,Carnivora,3044.927,501.09,Vulnerable
Safe better,Reptilia,Anura,604.626,2823.4,Critically Endangered
Doctor least,Actinopterygii,Anura,2239.622,1236.13,Endangered
Base great,Reptilia,Primates,311.46,580.29,Critically Endangered
Professor mission,Aves,Carnivora,3807.572,3.27,Critically Endangered
Commercial concern,Reptilia,Passeriformes,3108.414,2100.59,Extinct in the Wild
The collection,Mammalia,Squamata,748.481,2701.94,Near Threatened
Get full,Actinopterygii,Anura,4304.035,503.69,Endangered
Role much,Actinopterygii,Carnivora,430.176,841.11,Vulnerable
Manager stay,Actinopterygii,Passeriformes,4279.406,1416.09,Critically Endangered
Explain remain,Reptilia,Carnivora,3510.21,1195.61,Vulnerable
Start human,Aves,Carnivora,2998.695,1038.12,Vulnerable
Audience old,Reptilia,Squamata,2702.675,1381.55,Vulnerable
Room table,Reptilia,Passeriformes,2986.791,2851.27,Vulnerable
Than mind,Reptilia,Carnivora,2762.167,2495.65,Near Threatened
Star push,Reptilia,Passeriformes,3812.241,2951.12,Critically Endangered
Natural call,Mammalia,Rodentia,1146.044,899.17,Near Threatened
Memory which,Mammalia,Rodentia,4728.745,1327.59,Critically Endangered
Maybe subject,Reptilia,Carnivora,168.636,1131.55,Vulnerable
White something,Reptilia,Anura,4.398,1149.49,Near Threatened
Data quality,Aves,Primates,2717.075,996.8,Critically Endangered
Every theory,Amphibia,Passeriformes,625.558,32.31,Near Threatened
Process positive,Actinopterygii,Anura,1193.021,2009.22,Near Threatened
Pay after,Aves,Rodentia,4814.351,2218.53,Least Concern
Stop however,Reptilia,Squamata,380.706,711.9,Extinct in the Wild
Bad allow,Actinopterygii,Primates,1007.924,560.61,Critically Endangered
Area order,Mammalia,Anura,4692.11,1919.3,Least Concern
Recognize deal,Reptilia,Passeriformes,3025.997,2809.13,Least Concern
Speak everybody,Reptilia,Passeriformes,3335.291,2761.87,Extinct in the Wild
No off,Amphibia,Rodentia,3359.134,159.14,Endangered
Later more,Aves,Passeriformes,303.726,2497.74,Near Threatened
White kitchen,Amphibia,Rodentia,1015.641,1726.25,Extinct in the Wild
Point medical,Mammalia,Carnivora,1784.183,2640.56,Endangered
Simply position,Reptilia,Primates,3574.594,2644.39,Extinct in the Wild
Eight team,Aves,Carnivora,3422.464,401.73,Least Concern
Second box,Actinopterygii,Carnivora,4686.647,1434.33,Near Threatened
Choose interview,Amphibia,Rodentia,4696.282,2306.48,Vulnerable
Agency source,Mammalia,Primates,359.057,1694.36,Near Threatened
Term eat,Actinopterygii,Rodentia,1609.253,2231.97,Near Threatened
Morning agreement,Mammalia,Carnivora,2732.693,2745.2,Endangered
Professor quality,Reptilia,Passeriformes,345.909,935.92,Critically Endangered
Cold arm,Amphibia,Rodentia,1950.156,2686.77,Extinct in the Wild
Effect our,Amphibia,Squamata,335.042,2851.88,Near Threatened
Cell time,Reptilia,Anura,3317.659,2002.3,Endangered
Simply billion,Aves,Passeriformes,3665.136,1589.07,Least Concern
Beyond loss,Amphibia,Primates,3065.914,972.05,Extinct in the Wild
Sign though,Reptilia,Passeriformes,4726.157,1542.61,Critically Endangered
Senior third,Mammalia,Anura,561.079,2499.39,Extinct in the Wild
Course also,Mammalia,Squamata,3773.835,1794.79,Near Threatened
Share task,Amphibia,Rodentia,3190.062,62.59,Near Threatened
Require image,Amphibia,Carnivora,4490.511,2131.87,Vulnerable
Maybe read,Amphibia,Passeriformes,3610.199,1002.81,Endangered
Debate child,Mammalia,Anura,56.649,235.99,Endangered
A both,Actinopterygii,Anura,20.966,1916.01,Extinct in the Wild
Measure fight,Reptilia,Rodentia,50.839,2538.01,Least Concern
Several leg,Amphibia,Carnivora,3599.783,2446.51,Endangered
Teach nothing,Mammalia,Rodentia,1155.631,2768.11,Endangered
List close,Aves,Passeriformes,4716.743,420.79,Endangered
Trial check,Mammalia,Squamata,37.157,1847.22,Vulnerable
Care own,Aves,Passeriformes,691.125,1799.77,Least Concern
Capital go,Mammalia,Squamata,4904.092,2192.72,Vulnerable
Hundred future,Actinopterygii,Passeriformes,386.216,638.38,Critically Endangered
Executive I,Aves,Rodentia,363.272,799.36,Extinct in the Wild
Financial ability,Actinopterygii,Anura,3593.593,1464.9,Near Threatened
Seem interesting,Amphibia,Primates,4435.23,2118.26,Critically Endangered
Thank along,Amphibia,Primates,4394.096,2720.72,Vulnerable
Strategy most,Actinopterygii,Rodentia,741.384,1533.68,Vulnerable
Race build,Mammalia,Carnivora,2972.362,612.23,Near Threatened
Box moment,Mammalia,Anura,4392.433,1832.43,Near Threatened
Consider enter,Actinopterygii,Passeriformes,524.923,2627.3,Least Concern
Reflect which,Mammalia,Anura,384.731,2977.19,Endangered
Walk debate,Amphibia,Passeriformes,1129.705,2296.17,Critically Endangered
Around be,Aves,Rodentia,1199.529,2249.63,Near Threatened
Executive early,Amphibia,Carnivora,1738.17,1853.78,Endangered
Goal represent,Amphibia,Passeriformes,4788.006,455.07,Critically Endangered
Strong wait,Mammalia,Carnivora,3510.866,1332.8,Extinct in the Wild
Onto subject,Amphibia,Anura,1433.28,1816.38,Extinct in the Wild
Power child,Amphibia,Anura,1169.154,2890.14,Near Threatened
Great my,Amphibia,Squamata,1918.115,1398.44,Least Concern
Might cup,Mammalia,Rodentia,1383.034,2327.24,Extinct in the Wild
Away imagine,Amphibia,Passeriformes,2510.689,1912.87,Near Threatened
Today cup,Reptilia,Carnivora,4454.178,1549.62,Extinct in the Wild
Per likely,Reptilia,Rodentia,585.464,2795.49,Least Concern
Hard federal,Amphibia,Squamata,2523.391,1799.61,Endangered
Admit pull,Reptilia,Passeriformes,2979.726,1153.4,Least Concern
Political weight,Reptilia,Anura,125.118,275.86,Vulnerable
Store include,Aves,Rodentia,1700.273,2671.18,Vulnerable
Book can,Amphibia,Primates,8.181,2790.32,Extinct in the Wild
Accept reality,Mammalia,Carnivora,4239.031,1436.0,Near Threatened
Response manager,Mammalia,Passeriformes,4839.141,2937.29,Critically Endangered
Decade knowledge,Actinopterygii,Anura,1720.586,2994.8,Endangered
Three world,Reptilia,Passeriformes,81.815,485.6,Critically Endangered
Project stand,Actinopterygii,Passeriformes,516.12,255.73,Endangered
Send me,Actinopterygii,Rodentia,1785.258,1878.54,Endangered
Check state,Mammalia,Primates,1960.237,688.89,Extinct in the Wild
Soon leg,Amphibia,Squamata,250.051,1221.12,Critically Endangered
Himself know,Aves,Primates,1964.706,2803.0,Vulnerable
History true,Actinopterygii,Squamata,3407.658,587.18,Least Concern
Same probably,Reptilia,Rodentia,1093.023,743.39,Endangered
Democrat according,Amphibia,Anura,2779.925,101.89,Extinct in the Wild
Write two,Actinopterygii,Rodentia,1088.517,2712.99,Near Threatened
Particular summer,Amphibia,Passeriformes,3656.507,2113.89,Least Concern
Administration better,Actinopterygii,Carnivora,764.233,2688.01,Critically Endangered
But college,Reptilia,Anura,4749.501,2509.08,Least Concern
None energy,Amphibia,Rodentia,443.27,2697.9,Near Threatened
Paper really,Mammalia,Passeriformes,1383.489,2861.2,Endangered
Try sea,Amphibia,Rodentia,1888.374,2045.29,Critically Endangered
Help about,Actinopterygii,Carnivora,1682.473,1816.53,Least Concern
Evidence great,Amphibia,Primates,2695.035,1127.37,Critically Endangered
Product money,Aves,Passeriformes,2014.718,1621.53,Endangered
Find way,Mammalia,Anura,2258.069,1304.58,Least Concern
Discover series,Mammalia,Primates,3921.03,2905.58,Least Concern
Network increase,Actinopterygii,Anura,3874.439,2616.88,Near Threatened
Allow west,Mammalia,Carnivora,2318.216,2691.68,Vulnerable
Suffer common,Reptilia,Anura,259.982,792.18,Extinct in the Wild
Read early,Mammalia,Anura,3101.031,1155.82,Extinct in the Wild
Change customer,Actinopterygii,Rodentia,3811.233,1503.97,Vulnerable
Where reflect,Actinopterygii,Anura,4754.635,1786.08,Vulnerable
Perhaps lose,Actinopterygii,Carnivora,4151.7,444.27,Critically Endangered
Realize near,Reptilia,Anura,3594.059,2986.83,Vulnerable
Staff trial,Aves,Primates,3052.698,2104.21,Vulnerable
Particular sort,Reptilia,Primates,1687.199,853.82,Extinct in the Wild
Season song,Actinopterygii,Squamata,697.221,202.81,Endangered
Officer hope,Mammalia,Passeriformes,4626.485,1809.67,Near Threatened
Everything pay,Mammalia,Anura,1857.787,16.14,Least Concern
Represent tree,Reptilia,Passeriformes,1540.12,720.34,Vulnerable
Rise very,Reptilia,Primates,609.003,2796.35,Near Threatened
Speak organization,Actinopterygii,Passeriformes,1082.283,1108.64,Vulnerable
Amount husband,Mammalia,Passeriformes,2068.485,1324.81,Near Threatened
Owner break,Reptilia,Carnivora,4778.285,1193.23,Least Concern
Win heart,Actinopterygii,Anura,4689.94,126.67,Least Concern
White station,Amphibia,Squamata,3909.613,2321.63,Endangered
Leg machine,Actinopterygii,Passeriformes,1836.664,450.88,Least Concern
Beyond with,Reptilia,Passeriformes,2047.497,231.12,Endangered
Southern better,Mammalia,Primates,1180.393,596.59,Endangered
Century cover,Aves,Carnivora,4093.838,2255.32,Least Concern
None style,Reptilia,Squamata,3584.353,1373.88,Near Threatened
Almost sign,Mammalia,Passeriformes,2751.291,2596.16,Vulnerable
Current rate,Reptilia,Passeriformes,57.401,1297.84,Endangered
Box treatment,Actinopterygii,Squamata,3073.778,2060.95,Vulnerable
Have president,Reptilia,Passeriformes,4860.64,2987.61,Extinct in the Wild
Process will,Actinopterygii,Rodentia,2093.346,1805.48,Extinct in the Wild
Establish knowledge,Amphibia,Anura,2174.518,641.26,Vulnerable
Court day,Mammalia,Passeriformes,1686.496,2962.79,Vulnerable
Nation cause,Reptilia,Carnivora,2431.551,2047.43,Critically Endangered
Machine ground,Mammalia,Passeriformes,4053.054,2433.33,Vulnerable
Cause ground,Reptilia,Anura,850.126,2800.82,Vulnerable
Deal themselves,Aves,Primates,234.646,2285.83,Near Threatened
Feel well,Amphibia,Primates,1092.223,190.1,Endangered
Memory center,Amphibia,Anura,2290.775,1849.59,Least Concern
Citizen simply,Mammalia,Anura,2491.036,2680.91,Endangered
Smile detail,Aves,Primates,3976.317,2741.05,Vulnerable
Help move,Aves,Carnivora,1175.475,2195.48,Vulnerable
Recently together,Actinopterygii,Rodentia,2176.342,1725.96,Extinct in the Wild
Million score,Mammalia,Passeriformes,1976.314,1122.49,Endangered
Music arrive,Actinopterygii,Passeriformes,4335.537,379.05,Near Threatened
Option identify,Aves,Anura,1407.724,2283.99,Endangered
Usually mouth,Aves,Passeriformes,3913.69,1000.43,Vulnerable
Financial customer,Aves,Squamata,2118.346,1290.13,Endangered
Together research,Reptilia,Anura,2039.392,1345.69,Extinct in the Wild
By attack,Reptilia,Primates,2581.186,1111.75,Near Threatened
Stay next,Amphibia,Primates,3624.797,792.41,Endangered
Treat car,Amphibia,Carnivora,4814.305,2006.05,Least Concern
Base quite,Amphibia,Passeriformes,1666.568,1488.68,Vulnerable
Letter wind,Amphibia,Anura,320.407,2489.33,Critically Endangered
Decade husband,Actinopterygii,Passeriformes,2715.754,2427.41,Endangered
One similar,Aves,Carnivora,3429.998,2077.03,Near Threatened
Suddenly choice,Aves,Rodentia,1730.31,2469.72,Endangered
Consider because,Aves,Anura,2701.582,2498.16,Near Threatened
Blood hundred,Reptilia,Squamata,3144.774,922.59,Near Threatened
Former feel,Amphibia,Rodentia,3675.96,944.16,Endangered
Artist down,Aves,Anura,3033.958,750.7,Endangered
Her building,Mammalia,Primates,3562.59,1748.42,Least Concern
Happy key,Aves,Squamata,1833.558,796.5,Vulnerable
Say which,Mammalia,Passeriformes,4573.752,1457.02,Least Concern
Drug series,Amphibia,Rodentia,3132.541,1900.06,Near Threatened
History gun,Actinopterygii,Carnivora,1684.713,1891.76,Vulnerable
Yourself myself,Aves,Squamata,569.518,266.15,Near Threatened
Truth fear,Mammalia,Carnivora,1046.709,2814.35,Critically Endangered
Government and,Mammalia,Primates,1866.916,1461.55,Critically Endangered
Voice if,Actinopterygii,Rodentia,1661.321,2808.61,Extinct in the Wild
My common,Reptilia,Rodentia,4418.082,2151.08,Least Concern
Interest ahead,Reptilia,Anura,2085.374,2878.9,Critically Endangered
Guy worry,Aves,Primates,4498.215,2808.08,Extinct in the Wild
Allow win,Reptilia,Rodentia,2993.818,2957.01,Critically Endangered
Industry exactly,Reptilia,Carnivora,255.918,1852.38,Extinct in the Wild
Painting order,Actinopterygii,Squamata,3580.932,1012.63,Critically Endangered
Spring wall,Aves,Carnivora,4521.053,2712.35,Near Threatened
Mrs pay,Actinopterygii,Carnivora,2824.56,566.95,Critically Endangered
Discussion yard,Aves,Rodentia,899.619,83.66,Least Concern
Involve green,Mammalia,Squamata,3051.949,2976.91,Vulnerable
Executive water,Mammalia,Rodentia,4458.242,1869.77,Vulnerable
Scientist wait,Actinopterygii,Primates,4231.763,1871.74,Endangered
Official right,Actinopterygii,Squamata,487.681,2348.34,Least Concern
Thus data,Amphibia,Passeriformes,4109.173,1030.35,Extinct in the Wild
Similar less,Mammalia,Carnivora,2155.713,248.53,Vulnerable
Suggest computer,Actinopterygii,Primates,2178.093,1045.46,Endangered
Concern course,Aves,Primates,1797.505,2236.6,Extinct in the Wild
Miss until,Reptilia,Rodentia,1298.563,2000.4,Vulnerable
Story animal,Aves,Carnivora,2382.256,1438.94,Extinct in the Wild
Arrive strong,Actinopterygii,Carnivora,2940.692,2694.17,Endangered
Move them,Aves,Passeriformes,2502.376,1552.66,Vulnerable
Firm book,Mammalia,Rodentia,995.165,1016.19,Vulnerable
Parent future,Reptilia,Rodentia,383.854,2841.19,Vulnerable
Bag right,Actinopterygii,Passeriformes,4226.759,24.9,Near Threatened
High result,Reptilia,Carnivora,4088.463,1252.97,Critically Endangered
Certainly meet,Actinopterygii,Anura,2244.31,2037.83,Near Threatened
Begin once,Actinopterygii,Carnivora,1071.912,2683.53,Extinct in the Wild
Western language,Reptilia,Carnivora,873.222,299.44,Extinct in the Wild
Military partner,Aves,Primates,4137.157,1123.25,Near Threatened
Garden thank,Actinopterygii,Anura,2951.816,2957.82,Vulnerable
Career actually,Actinopterygii,Carnivora,902.065,343.76,Extinct in the Wild
Determine make,Mammalia,Passeriformes,2866.872,1339.58,Endangered
Us fine,Mammalia,Primates,1552.353,1990.52,Critically Endangered
Cover we,Actinopterygii,Primates,758.809,638.22,Least Concern
Next home,Amphibia,Primates,3178.156,1229.73,Critically Endangered
Design same,Amphibia,Squamata,1456.47,650.3,Vulnerable
Bad notice,Actinopterygii,Squamata,1290.623,1338.78,Vulnerable
Also million,Amphibia,Rodentia,2696.244,2578.22,Extinct in the Wild
Someone should,Actinopterygii,Carnivora,547.944,791.81,Endangered
Experience market,Reptilia,Passeriformes,1391.265,1363.42,Near Threatened
Number design,Amphibia,Squamata,4793.373,1710.72,Endangered
Scientist particularly,Aves,Carnivora,3017.342,69.24,Least Concern
Senior mother,Aves,Anura,3702.434,1826.36,Near Threatened
Floor join,Mammalia,Carnivora,2775.657,2447.09,Least Concern
Color prove,Reptilia,Primates,4340.118,2293.41,Endangered
Way line,Amphibia,Carnivora,3688.097,2630.16,Vulnerable
Current discussion,Reptilia,Passeriformes,645.845,1378.94,Near Threatened
Tree gas,Amphibia,Primates,1778.015,1011.26,Endangered
Cultural soon,Aves,Squamata,3973.548,2410.78,Near Threatened
Write yeah,Aves,Primates,2810.934,2238.84,Endangered
Future foreign,Reptilia,Primates,718.728,1410.82,Near Threatened
Same play,Amphibia,Anura,3494.724,2581.85,Critically Endangered
Shoulder scene,Reptilia,Anura,2204.683,1077.51,Vulnerable
Sister speech,Mammalia,Rodentia,1154.204,1134.03,Vulnerable
Arm voice,Reptilia,Squamata,1608.564,1054.5,Endangered
Amount development,Aves,Squamata,3851.988,936.71,Critically Endangered
Half cover,Reptilia,Primates,430.755,1709.61,Least Concern
Down little,Aves,Primates,2260.202,2532.04,Least Concern
Professor policy,Amphibia,Passeriformes,2633.464,111.83,Endangered
Stay under,Aves,Primates,4793.701,2679.17,Vulnerable
Thing imagine,Amphibia,Squamata,3329.796,2722.5,Extinct in the Wild
Including summer,Amphibia,Rodentia,1621.4,177.3,Endangered
Record hit,Actinopterygii,Carnivora,2022.477,1046.95,Extinct in the Wild
Final product,Reptilia,Anura,1212.845,662.76,Critically Endangered
Majority herself,Reptilia,Primates,2174.413,1556.26,Extinct in the Wild
Dark science,Mammalia,Squamata,1882.559,2550.28,Critically Endangered
Middle reveal,Aves,Anura,2825.219,2853.49,Near Threatened
Father oil,Actinopterygii,Rodentia,3158.408,649.82,Extinct in the Wild
Process voice,Amphibia,Anura,3472.117,2118.72,Least Concern
Artist good,Mammalia,Carnivora,3949.207,2197.19,Extinct in the Wild
Garden business,Reptilia,Rodentia,2344.807,2100.38,Near Threatened
Partner through,Amphibia,Squamata,3450.696,2055.55,Critically Endangered
Car game,Aves,Squamata,3250.296,738.9,Critically Endangered
Tree impact,Aves,Carnivora,900.444,404.99,Near Threatened
Exist we,Amphibia,Rodentia,540.552,2863.73,Near Threatened
Alone child,Reptilia,Carnivora,2963.931,2775.29,Critically Endangered
Physical north,Aves,Rodentia,3988.142,1748.21,Extinct in the Wild
History get,Actinopterygii,Anura,4730.473,2630.44,Critically Endangered
List recent,Mammalia,Squamata,1365.533,1011.6,Endangered
Model agent,Aves,Primates,1572.358,1766.98,Extinct in the Wild
Perhaps probably,Aves,Rodentia,1583.632,1202.57,Endangered
Good attention,Amphibia,Rodentia,800.513,966.79,Extinct in the Wild
Sister hope,Amphibia,Passeriformes,38.624,1451.33,Critically Endangered
Tonight several,Amphibia,Anura,759.082,809.74,Critically Endangered
Number ago,Amphibia,Anura,2484.748,2040.13,Vulnerable
Scientist population,Actinopterygii,Passeriformes,4718.432,2427.64,Endangered
People figure,Reptilia,Rodentia,646.034,2107.97,Near Threatened
Issue tough,Aves,Passeriformes,2076.829,790.47,Vulnerable
Quickly clear,Aves,Primates,3418.594,470.39,Extinct in the Wild
Recently ok,Actinopterygii,Squamata,4995.711,2554.26,Near Threatened
Huge tell,Mammalia,Passeriformes,4748.807,1804.52,Critically Endangered
Particular idea,Actinopterygii,Rodentia,4162.031,2623.73,Least Concern
Turn among,Reptilia,Anura,3869.153,439.82,Critically Endangered
Thousand indeed,Mammalia,Anura,749.548,2740.56,Near Threatened
Just easy,Aves,Rodentia,105.285,2627.99,Near Threatened
Ready minute,Mammalia,Squamata,3747.214,812.78,Least Concern
Interesting move,Reptilia,Passeriformes,3371.587,620.85,Near Threatened
Project tree,Mammalia,Passeriformes,2674.135,2563.38,Extinct in the Wild
Control staff,Amphibia,Carnivora,3877.781,43.9,Critically Endangered
Forget get,Reptilia,Passeriformes,1995.636,1693.64,Vulnerable
Ready friend,Mammalia,Carnivora,409.306,1082.94,Critically Endangered
Despite generation,Actinopterygii,Squamata,3751.284,1681.97,Critically Endangered
Shake theory,Mammalia,Carnivora,4018.225,2944.94,Vulnerable
Modern campaign,Reptilia,Primates,3264.931,289.11,Extinct in the Wild
Skill under,Actinopterygii,Squamata,674.137,893.14,Endangered
We from,Aves,Carnivora,3338.558,1010.3,Least Concern
Card account,Reptilia,Rodentia,4199.673,471.59,Extinct in the Wild
Sometimes but,Aves,Anura,574.999,2010.08,Near Threatened
Product question,Mammalia,Passeriformes,174.773,2576.06,Near Threatened
Particular lay,Actinopterygii,Passeriformes,2657.292,2737.51,Near Threatened
Production red,Reptilia,Rodentia,2713.963,2197.27,Extinct in the Wild
Character ahead,Amphibia,Carnivora,1680.555,2088.2,Extinct in the Wild
Debate from,Reptilia,Rodentia,4232.439,888.87,Least Concern
Respond thus,Reptilia,Passeriformes,1450.994,2640.04,Least Concern
Sell same,Mammalia,Passeriformes,616.943,511.28,Near Threatened
Pay morning,Reptilia,Rodentia,4128.86,994.48,Vulnerable
As answer,Reptilia,Squamata,830.571,906.1,Endangered
Us benefit,Reptilia,Rodentia,4068.59,1953.44,Extinct in the Wild
Morning community,Actinopterygii,Primates,1623.707,1023.7,Vulnerable
Last prepare,Mammalia,Carnivora,2148.753,1092.23,Vulnerable
Sister economic,Amphibia,Rodentia,1150.428,320.77,Vulnerable
Certainly high,Amphibia,Rodentia,2299.93,173.67,Vulnerable
Development view,Reptilia,Squamata,1382.999,1317.05,Endangered
Sit some,Aves,Squamata,3799.695,529.16,Near Threatened
Action here,Actinopterygii,Passeriformes,1853.085,220.22,Critically Endangered
Herself visit,Aves,Squamata,3972.173,1788.85,Critically Endangered
Serve finally,Actinopterygii,Anura,4682.825,1090.71,Near Threatened
Military radio,Reptilia,Squamata,4026.39,1252.78,Extinct in the Wild
To view,Mammalia,Anura,1916.946,744.67,Vulnerable
Drive tell,Actinopterygii,Passeriformes,162.964,617.09,Near Threatened
Class relationship,Reptilia,Squamata,1505.11,1471.92,Endangered
Party down,Aves,Squamata,4265.507,519.96,Critically Endangered
Vote exactly,Aves,Passeriformes,3574.495,2964.74,Endangered
Step practice,Amphibia,Primates,861.192,2269.15,Near Threatened
Already stand,Amphibia,Squamata,4839.393,2508.5,Endangered
Mr science,Amphibia,Rodentia,3729.248,2722.9,Least Concern
Forward free,Reptilia,Passeriformes,2219.481,67.41,Near Threatened
Energy ability,Amphibia,Primates,162.568,1606.62,Extinct in the Wild
Politics already,Actinopterygii,Rodentia,212.505,1424.84,Extinct in the Wild
Choice course,Actinopterygii,Passeriformes,187.45,1380.51,Least Concern
Also system,Reptilia,Carnivora,147.617,1331.38,Near Threatened
Actually it,Mammalia,Passeriformes,4835.323,2113.28,Extinct in the Wild
Group do,Aves,Rodentia,3644.848,1519.51,Least Concern
Talk issue,Amphibia,Passeriformes,974.478,2376.78,Least Concern
Bank task,Aves,Passeriformes,1072.745,1874.62,Endangered
Concern peace,Reptilia,Anura,709.846,263.23,Critically Endangered
Church hope,Aves,Passeriformes,2081.561,739.15,Endangered
Direction difference,Actinopterygii,Squamata,1251.041,2203.73,Vulnerable
Trial east,Actinopterygii,Carnivora,4692.316,1296.95,Extinct in the Wild
Black situation,Amphibia,Primates,3004.88,1973.43,Vulnerable
At form,Aves,Carnivora,2594.597,2935.45,Near Threatened
College two,Amphibia,Passeriformes,661.775,122.25,Critically Endangered
Above agent,Mammalia,Squamata,3643.438,79.87,Critically Endangered
Through money,Mammalia,Rodentia,1084.712,480.08,Least Concern
So key,Amphibia,Primates,4136.619,1264.28,Least Concern
Color whether,Mammalia,Carnivora,2838.058,1510.77,Vulnerable
Pm seat,Mammalia,Passeriformes,10.406,356.55,Endangered
Investment performance,Mammalia,Carnivora,4014.629,1285.0,Vulnerable
Myself south,Reptilia,Passeriformes,4971.698,126.53,Near Threatened
By also,Actinopterygii,Passeriformes,3983.439,1537.98,Near Threatened
Rather first,Reptilia,Anura,4850.26,618.84,Least Concern
House itself,Reptilia,Anura,2788.0,1949.65,Extinct in the Wild
Identify computer,Aves,Anura,1297.935,249.78,Least Concern
Sea book,Mammalia,Primates,3715.984,2554.46,Endangered
Investment design,Aves,Anura,2032.934,648.4,Least Concern
Watch red,Actinopterygii,Primates,3258.587,1815.47,Vulnerable
Nearly big,Aves,Rodentia,2490.354,455.34,Extinct in the Wild
Popular security,Reptilia,Carnivora,2187.304,428.97,Vulnerable
City rise,Aves,Rodentia,2499.72,2599.07,Least Concern
Mean break,Mammalia,Carnivora,3923.934,386.75,Near Threatened
Market involve,Reptilia,Anura,3942.052,696.06,Critically Endangered
General word,Aves,Passeriformes,1178.034,777.9,Near Threatened
Choice others,Amphibia,Passeriformes,1849.937,1368.85,Critically Endangered
Reflect able,Amphibia,Passeriformes,1638.67,199.7,Endangered
Remember hour,Actinopterygii,Carnivora,2287.39,2532.92,Critically Endangered
Lawyer organization,Reptilia,Primates,1106.185,1688.05,Near Threatened
Less south,Actinopterygii,Passeriformes,2181.656,2456.53,Least Concern
Their bank,Actinopterygii,Rodentia,50.127,902.36,Near Threatened
Read lead,Aves,Carnivora,1736.237,2802.5,Extinct in the Wild
Public follow,Actinopterygii,Primates,1788.345,56.83,Critically Endangered
Peace argue,Mammalia,Rodentia,2252.349,405.41,Endangered
Now lay,Mammalia,Primates,823.88,2093.37,Least Concern
Lead add,Actinopterygii,Passeriformes,1508.562,2646.62,Endangered
Because across,Amphibia,Squamata,876.97,2763.33,Near Threatened
Magazine beyond,Reptilia,Carnivora,1286.229,1696.09,Vulnerable
As specific,Mammalia,Rodentia,1302.643,415.38,Endangered
Anyone anyone,Mammalia,Carnivora,2188.568,2921.36,Least Concern
Really address,Amphibia,Squamata,2283.692,1860.07,Endangered
Remain woman,Aves,Primates,947.536,1621.57,Least Concern
Measure she,Amphibia,Primates,1249.687,2585.12,Endangered
Certainly too,Amphibia,Squamata,1812.607,2055.63,Endangered
Garden stop,Actinopterygii,Squamata,2120.447,451.92,Extinct in the Wild
Than boy,Aves,Primates,1487.882,262.99,Extinct in the Wild
By close,Amphibia,Carnivora,4461.984,1744.7,Least Concern
Traditional popular,Amphibia,Primates,3272.306,660.53,Extinct in the Wild
Government instead,Mammalia,Carnivora,1497.05,1646.14,Near Threatened
Behind community,Actinopterygii,Carnivora,4274.752,2202.06,Extinct in the Wild
Condition somebody,Actinopterygii,Carnivora,3168.429,1934.02,Critically Endangered
Face ten,Mammalia,Rodentia,2489.174,1672.59,Extinct in the Wild
Institution campaign,Aves,Carnivora,3929.631,1837.28,Extinct in the Wild
Raise than,Amphibia,Squamata,3221.952,2391.8,Extinct in the Wild
Possible development,Reptilia,Anura,2967.459,342.49,Near Threatened
Peace treat,Aves,Passeriformes,3190.887,2710.73,Critically Endangered
But official,Actinopterygii,Carnivora,1204.687,2937.57,Critically Endangered
Cup above,Mammalia,Carnivora,4753.375,1726.62,Least Concern
Agency hand,Amphibia,Passeriformes,463.142,878.01,Endangered
Institution PM,Reptilia,Primates,180.469,495.69,Least Concern
Get table,Mammalia,Anura,44.279,2726.16,Endangered
Green ten,Amphibia,Carnivora,3687.066,2874.59,Critically Endangered
Son standard,Aves,Carnivora,461.185,2325.23,Extinct in the Wild
Seven I,Reptilia,Anura,4422.28,1994.53,Least Concern
Prepare term,Actinopterygii,Squamata,2622.581,2395.39,Critically Endangered
Imagine for,Aves,Rodentia,4331.957,2402.07,Least Concern
Development white,Actinopterygii,Rodentia,3061.979,2261.49,Vulnerable
Benefit beyond,Amphibia,Primates,774.351,1907.17,Least Concern
Agree billion,Amphibia,Primates,4571.629,603.68,Endangered
Truth respond,Aves,Rodentia,2690.357,637.31,Near Threatened
Pattern my,Amphibia,Rodentia,752.606,1512.37,Critically Endangered
Want guy,Amphibia,Primates,1065.965,1149.3,Critically Endangered
Sister marriage,Reptilia,Carnivora,1635.602,1381.73,Least Concern
Hand early,Actinopterygii,Primates,4887.967,1482.2,Critically Endangered
Skin account,Reptilia,Squamata,2172.945,279.13,Vulnerable
Agent ago,Reptilia,Primates,3941.45,2593.42,Vulnerable
Pass recently,Aves,Carnivora,1574.281,557.75,Least Concern
Full key,Mammalia,Carnivora,3307.275,1771.09,Endangered
Program position,Reptilia,Carnivora,1330.597,2974.93,Endangered
Among indeed,Mammalia,Anura,3737.27,1541.34,Near Threatened
Face model,Amphibia,Primates,1967.902,1374.08,Extinct in the Wild
It behind,Mammalia,Anura,1932.726,275.66,Critically Endangered
Line have,Amphibia,Anura,2595.323,951.69,Critically Endangered
Director pay,Mammalia,Rodentia,4388.139,1454.34,Extinct in the Wild
Water which,Reptilia,Rodentia,1870.032,2728.96,Vulnerable
None impact,Aves,Carnivora,4963.807,2694.91,Vulnerable
Read doctor,Aves,Primates,3759.671,2923.35,Endangered
Top never,Aves,Primates,3544.22,1921.53,Endangered
Necessary sign,Reptilia,Squamata,4211.335,1632.75,Endangered
Well international,Reptilia,Squamata,604.901,770.78,Near Threatened
Whole wall,Reptilia,Passeriformes,4757.368,1746.54,Near Threatened
Floor how,Aves,Carnivora,126.68,1046.02,Critically Endangered
This born,Aves,Anura,430.989,1893.38,Critically Endangered
Thing citizen,Mammalia,Anura,1181.091,596.92,Critically Endangered
Reach every,Reptilia,Anura,2763.788,143.98,Extinct in the Wild
Last senior,Reptilia,Primates,2976.927,800.24,Critically Endangered
Service who,Amphibia,Passeriformes,3616.356,2773.04,Least Concern
Difference continue,Mammalia,Primates,1120.658,836.42,Endangered
Open keep,Aves,Anura,4098.838,131.65,Vulnerable
Analysis always,Reptilia,Squamata,3657.346,715.12,Near Threatened
Though film,Actinopterygii,Passeriformes,3551.52,2895.26,Extinct in the Wild
Budget fire,Mammalia,Anura,2218.33,2867.11,Extinct in the Wild
Everyone lay,Reptilia,Passeriformes,1990.108,245.54,Critically Endangered
Thank research,Mammalia,Squamata,4577.51,604.88,Vulnerable
Determine exactly,Aves,Anura,2697.096,323.2,Near Threatened
Dog suggest,Amphibia,Passeriformes,4196.963,1839.59,Near Threatened
Color our,Actinopterygii,Rodentia,4515.175,707.52,Endangered
Modern forget,Mammalia,Rodentia,988.586,814.33,Least Concern
Science gas,Actinopterygii,Rodentia,399.786,1854.16,Near Threatened
Identify set,Mammalia,Squamata,4353.145,2000.85,Vulnerable
Must generation,Amphibia,Carnivora,2144.174,1983.18,Extinct in the Wild
Table drug,Reptilia,Squamata,2772.893,1483.69,Least Concern
Forget world,Amphibia,Squamata,1172.219,1738.08,Least Concern
Leg same,Amphibia,Squamata,54.343,1448.54,Least Concern
Court manager,Aves,Rodentia,2338.067,567.88,Extinct in the Wild
Hotel final,Actinopterygii,Carnivora,3765.676,1412.46,Extinct in the Wild
Wish relationship,Aves,Rodentia,2892.772,521.73,Vulnerable
Player health,Mammalia,Squamata,1497.873,97.16,Endangered
Message prepare,Mammalia,Carnivora,2599.281,139.48,Vulnerable
Establish radio,Reptilia,Anura,2977.255,1138.29,Extinct in the Wild
Size need,Mammalia,Squamata,1777.441,1795.26,Endangered
Movement human,Actinopterygii,Anura,1841.54,166.23,Critically Endangered
School decision,Actinopterygii,Rodentia,1099.858,2110.55,Vulnerable
Perform born,Mammalia,Anura,4761.306,1039.21,Endangered
Let position,Actinopterygii,Primates,3418.252,575.42,Least Concern
Option run,Reptilia,Carnivora,2239.87,2300.44,Critically Endangered
Half ten,Mammalia,Squamata,1715.853,1676.98,Near Threatened
Simple culture,Mammalia,Rodentia,656.013,1591.16,Endangered
Hold history,Amphibia,Rodentia,3005.591,1626.22,Least Concern
Toward cultural,Amphibia,Primates,3167.38,1668.0,Vulnerable
Pull reduce,Amphibia,Squamata,4530.632,625.05,Extinct in the Wild
For manager,Mammalia,Carnivora,180.068,1636.9,Endangered
Standard painting,Aves,Carnivora,3949.172,2192.35,Endangered
Conference state,Amphibia,Rodentia,2250.333,33.61,Near Threatened
Material certainly,Actinopterygii,Squamata,2223.365,2118.18,Endangered
Fact practice,Mammalia,Squamata,4806.526,591.13,Endangered
Century study,Amphibia,Primates,4315.624,273.94,Endangered
Face thing,Amphibia,Rodentia,4154.125,224.74,Critically Endangered
Executive present,Actinopterygii,Squamata,684.834,781.34,Vulnerable
Maybe might,Aves,Primates,1877.647,797.51,Endangered
Little feel,Amphibia,Carnivora,426.788,298.61,Near Threatened
Job last,Mammalia,Passeriformes,3125.704,275.28,Endangered
Focus participant,Reptilia,Carnivora,4903.24,1965.27,Near Threatened
Whom crime,Aves,Passeriformes,4517.791,1438.74,Near Threatened
Gun perform,Mammalia,Squamata,740.065,1322.68,Near Threatened
Save real,Amphibia,Anura,2779.171,297.98,Vulnerable
College international,Amphibia,Anura,3236.095,1618.73,Vulnerable
Nearly during,Amphibia,Primates,1931.956,267.61,Least Concern
Series relationship,Mammalia,Carnivora,2791.776,2056.75,Least Concern
Office sometimes,Actinopterygii,Carnivora,3947.715,1372.0,Endangered
Really price,Actinopterygii,Anura,3893.068,544.75,Least Concern
Resource yeah,Reptilia,Squamata,3834.961,2738.61,Extinct in the Wild
Hour open,Mammalia,Carnivora,1694.526,2879.87,Near Threatened
Civil sense,Amphibia,Squamata,772.974,2741.43,Critically Endangered
Leader need,Aves,Squamata,1830.846,1356.01,Vulnerable
Avoid kitchen,Aves,Rodentia,2495.631,446.87,Vulnerable
Age employee,Actinopterygii,Passeriformes,3479.486,1208.27,Vulnerable
Lot statement,Aves,Anura,998.45,981.24,Near Threatened
Religious capital,Reptilia,Anura,277.261,337.98,Endangered
Sister after,Aves,Primates,1854.204,2308.64,Near Threatened
Admit hope,Actinopterygii,Rodentia,2693.164,605.54,Extinct in the Wild
Rock she,Actinopterygii,Anura,447.187,575.02,Least Concern
Step front,Reptilia,Anura,2687.883,1243.34,Extinct in the Wild
Attention state,Mammalia,Rodentia,2886.319,1087.86,Endangered
Produce her,Amphibia,Passeriformes,794.714,2795.18,Least Concern
Rise suggest,Reptilia,Carnivora,2485.216,314.23,Vulnerable
Style and,Actinopterygii,Passeriformes,899.972,972.61,Least Concern
Discover fear,Mammalia,Rodentia,3833.271,670.88,Vulnerable
Race state,Mammalia,Squamata,3211.517,1283.91,Endangered
Law always,Aves,Passeriformes,4272.164,2504.98,Extinct in the Wild
Art easy,Actinopterygii,Passeriformes,1309.996,775.42,Critically Endangered
Almost together,Aves,Passeriformes,1695.894,467.1,Vulnerable
Difference process,Amphibia,Carnivora,3129.763,2297.34,Critically Endangered
Hot religious,Reptilia,Passeriformes,2815.774,188.97,Critically Endangered
Magazine machine,Reptilia,Passeriformes,2198.188,1547.91,Extinct in the Wild
Senior case,Amphibia,Squamata,2896.571,1783.8,Near Threatened
This civil,Aves,Anura,3755.393,249.03,Vulnerable
Language sing,Mammalia,Primates,1946.204,250.21,Extinct in the Wild
Impact reduce,Reptilia,Squamata,2580.667,856.53,Endangered
Hard type,Mammalia,Anura,1387.065,603.03,Vulnerable
Site rock,Actinopterygii,Passeriformes,4643.156,2570.64,Extinct in the Wild
Focus drive,Amphibia,Squamata,2276.551,1209.44,Extinct in the Wild
Resource reality,Aves,Carnivora,1202.235,1733.6,Near Threatened
Mission professor,Mammalia,Primates,3178.082,586.9,Vulnerable
True if,Aves,Squamata,2520.592,2852.94,Vulnerable
Lay young,Amphibia,Passeriformes,1002.298,385.37,Vulnerable
Woman expect,Mammalia,Carnivora,21.525,2514.73,Vulnerable
Range build,Reptilia,Anura,1520.747,793.21,Least Concern
Right news,Amphibia,Passeriformes,3599.012,1206.57,Endangered
Health answer,Actinopterygii,Primates,4658.158,933.16,Near Threatened
Up strategy,Amphibia,Squamata,1082.153,2054.79,Least Concern
Her reach,Amphibia,Carnivora,1529.196,440.27,Extinct in the Wild
Social join,Reptilia,Squamata,230.46,185.9,Vulnerable
Total crime,Reptilia,Anura,1251.021,1625.3,Vulnerable
Everybody pay,Reptilia,Primates,3776.103,2773.75,Critically Endangered
Lawyer born,Amphibia,Primates,1791.395,2694.9,Extinct in the Wild
Since network,Reptilia,Primates,3751.14,1304.76,Near Threatened
Dream responsibility,Actinopterygii,Anura,4941.977,129.63,Critically Endangered
Movie fill,Actinopterygii,Anura,2112.852,2006.72,Extinct in the Wild
Too actually,Amphibia,Primates,220.406,1219.0,Endangered
Sure more,Reptilia,Primates,980.786,20.46,Vulnerable
Theory item,Mammalia,Primates,2707.459,1497.15,Critically Endangered
Suffer body,Reptilia,Squamata,1478.87,213.17,Near Threatened
Really final,Mammalia,Anura,287.701,1350.35,Vulnerable
Fact husband,Aves,Carnivora,2028.03,1545.84,Vulnerable
Never end,Mammalia,Rodentia,2831.392,2277.26,Vulnerable
Social agency,Mammalia,Primates,1035.854,90.21,Critically Endangered
Second benefit,Actinopterygii,Carnivora,466.995,926.22,Vulnerable
Doctor recent,Actinopterygii,Rodentia,3555.212,2014.07,Least Concern
Walk central,Mammalia,Primates,678.729,2758.24,Least Concern
Key per,Aves,Squamata,2813.908,22.99,Vulnerable
Become thought,Reptilia,Rodentia,2014.779,88.73,Endangered
Expect interesting,Reptilia,Carnivora,24.659,2652.79,Near Threatened
Building color,Reptilia,Primates,541.112,1717.56,Endangered
Teacher huge,Actinopterygii,Rodentia,1256.885,797.92,Least Concern
Space put,Reptilia,Passeriformes,2231.283,1115.13,Least Concern
Stuff able,Mammalia,Anura,45.088,980.39,Least Concern
Bit better,Actinopterygii,Primates,2237.288,1144.33,Critically Endangered
Drop market,Mammalia,Rodentia,3921.307,2584.38,Vulnerable
Life question,Mammalia,Squamata,197.359,1174.17,Critically Endangered
Power that,Mammalia,Passeriformes,2640.294,1111.13,Vulnerable
Word by,Actinopterygii,Passeriformes,4293.023,1826.92,Near Threatened
Bank production,Mammalia,Primates,2587.92,2356.44,Near Threatened
Majority picture,Amphibia,Anura,3631.787,1686.31,Critically Endangered
Mission window,Mammalia,Squamata,533.514,2704.35,Endangered
Sea likely,Actinopterygii,Primates,2062.861,1316.2,Endangered
Magazine involve,Aves,Passeriformes,3530.548,505.79,Critically Endangered
Bring traditional,Actinopterygii,Passeriformes,942.222,561.68,Vulnerable
Majority moment,Mammalia,Carnivora,3608.892,2590.22,Extinct in the Wild
Production artist,Amphibia,Anura,3489.065,740.63,Extinct in the Wild
Attention medical,Aves,Anura,438.509,634.73,Critically Endangered
Nation run,Aves,Squamata,1987.216,2275.81,Endangered
Great store,Reptilia,Carnivora,4641.354,1311.29,Critically Endangered
Mother matter,Mammalia,Passeriformes,2120.401,234.95,Vulnerable
Attention wrong,Actinopterygii,Rodentia,2355.489,1225.41,Extinct in the Wild
Order second,Reptilia,Primates,4362.577,2504.18,Endangered
He base,Aves,Anura,2736.807,2693.92,Least Concern
Page line,Amphibia,Squamata,1936.66,2070.75,Near Threatened
Detail leader,Actinopterygii,Rodentia,1627.53,2845.24,Vulnerable
Action she,Reptilia,Squamata,188.077,1905.8,Near Threatened
Even base,Aves,Primates,1516.027,2667.53,Vulnerable
Herself or,Aves,Passeriformes,1645.595,247.47,Least Concern
Assume face,Amphibia,Squamata,3511.384,2501.79,Endangered
Adult join,Reptilia,Carnivora,3613.952,2075.38,Endangered
Recent lose,Actinopterygii,Carnivora,165.603,2009.44,Critically Endangered
All civil,Amphibia,Squamata,2549.771,1561.84,Extinct in the Wild
Wait significant,Aves,Primates,4562.266,1435.21,Near Threatened
Nation same,Actinopterygii,Squamata,2163.822,401.89,Extinct in the Wild
Beautiful year,Aves,Anura,4896.646,2867.82,Least Concern
Paper notice,Mammalia,Anura,1792.976,25.75,Critically Endangered
Tend into,Amphibia,Primates,4001.537,2920.67,Critically Endangered
Maybe if,Aves,Primates,4620.277,2279.44,Extinct in the Wild
Relate land,Reptilia,Passeriformes,2189.886,1015.16,Extinct in the Wild
Thank likely,Reptilia,Rodentia,1739.776,2091.92,Critically Endangered
Bit standard,Aves,Carnivora,2692.755,1313.88,Critically Endangered
Necessary camera,Amphibia,Rodentia,3416.335,1498.98,Least Concern
That themselves,Amphibia,Passeriformes,1864.03,2391.31,Endangered
Ability professor,Mammalia,Rodentia,2663.792,53.83,Critically Endangered
Wait citizen,Reptilia,Passeriformes,171.196,669.61,Near Threatened
Voice mother,Amphibia,Squamata,143.801,2893.59,Vulnerable
Threat agency,Aves,Carnivora,1443.6,2697.88,Vulnerable
Its foreign,Amphibia,Primates,2597.001,1932.11,Vulnerable
Bit yes,Amphibia,Squamata,1198.884,1035.42,Critically Endangered
Authority exactly,Aves,Anura,3422.565,1401.11,Near Threatened
Development cold,Amphibia,Passeriformes,2007.692,1173.58,Near Threatened
Type win,Mammalia,Carnivora,3555.494,1714.05,Least Concern
Score increase,Reptilia,Anura,3825.15,2290.56,Extinct in the Wild
Personal next,Amphibia,Rodentia,1596.926,1568.49,Critically Endangered
Bed do,Actinopterygii,Primates,847.428,1227.05,Extinct in the Wild
Their voice,Aves,Passeriformes,4491.123,1955.94,Near Threatened
Fall consumer,Aves,Anura,341.878,2738.2,Vulnerable
Sell bar,Aves,Carnivora,2643.927,1667.69,Vulnerable
Share financial,Mammalia,Squamata,4615.046,2737.27,Critically Endangered
Among by,Aves,Passeriformes,4438.185,1607.15,Extinct in the Wild
Baby and,Mammalia,Squamata,1423.344,1888.3,Critically Endangered
Blood owner,Actinopterygii,Anura,3852.58,2605.25,Endangered
Practice see,Aves,Squamata,1118.781,1527.45,Extinct in the Wild
Despite here,Reptilia,Squamata,965.088,2482.63,Endangered
Have Mr,Reptilia,Squamata,3964.155,2099.05,Extinct in the Wild
Expect contain,Mammalia,Rodentia,1100.078,767.82,Endangered
Social peace,Aves,Carnivora,48.393,1860.61,Vulnerable
Serious least,Mammalia,Rodentia,3647.235,1148.68,Least Concern
Fear trip,Actinopterygii,Squamata,1918.082,2693.86,Near Threatened
Market administration,Mammalia,Squamata,2452.181,2010.75,Critically Endangered
As late,Amphibia,Squamata,2706.612,1916.91,Critically Endangered
Project box,Reptilia,Carnivora,582.257,21.31,Extinct in the Wild
Capital behavior,Actinopterygii,Primates,1745.443,624.78,Endangered
Decision scientist,Actinopterygii,Squamata,1669.107,1274.93,Least Concern
A avoid,Reptilia,Passeriformes,1339.994,1314.51,Extinct in the Wild
Some card,Reptilia,Primates,1112.23,2927.57,Least Concern
Contain lot,Reptilia,Anura,1547.805,1891.66,Near Threatened
Social particularly,Actinopterygii,Passeriformes,3606.568,2149.56,Vulnerable
Field kind,Aves,Primates,2871.982,2349.07,Vulnerable
Point expect,Reptilia,Squamata,3678.07,1867.61,Least Concern
And ten,Reptilia,Squamata,1064.892,1447.84,Vulnerable
Hit one,Reptilia,Passeriformes,1070.714,2098.03,Vulnerable
Those student,Aves,Primates,3177.117,2970.54,Near Threatened
Kid remain,Aves,Squamata,3146.59,1041.74,Least Concern
State level,Mammalia,Anura,508.015,1632.93,Extinct in the Wild
Identify history,Mammalia,Squamata,4056.726,1127.93,Least Concern
Soon something,Aves,Primates,1834.813,2034.48,Extinct in the Wild
Industry economy,Amphibia,Passeriformes,4775.333,628.91,Least Concern
Model industry,Actinopterygii,Rodentia,2256.534,22.67,Critically Endangered
Rise while,Reptilia,Carnivora,3834.751,2471.53,Least Concern
Behind student,Aves,Squamata,2235.903,2943.14,Vulnerable
Our trip,Actinopterygii,Primates,1546.135,1939.03,Vulnerable
Could company,Reptilia,Squamata,4218.113,661.59,Extinct in the Wild
Short always,Aves,Passeriformes,826.075,2923.53,Least Concern
Tv able,Reptilia,Squamata,1590.491,81.41,Critically Endangered
Control Mr,Mammalia,Primates,3504.376,2898.78,Near Threatened
Interview term,Amphibia,Carnivora,2617.446,2628.6,Extinct in the Wild
Require gas,Mammalia,Rodentia,4983.93,2362.1,Vulnerable
Kitchen song,Reptilia,Squamata,167.69,2387.17,Critically Endangered
Owner audience,Aves,Squamata,229.297,28.19,Extinct in the Wild
Fight task,Aves,Passeriformes,3685.613,582.24,Vulnerable
Hair knowledge,Amphibia,Passeriformes,548.721,2626.25,Vulnerable
Society important,Mammalia,Primates,2993.343,2578.67,Vulnerable
Reality green,Mammalia,Passeriformes,2597.632,1074.89,Least Concern
Director guess,Actinopterygii,Squamata,62.828,440.99,Vulnerable
Spend according,Actinopterygii,Anura,3683.802,501.8,Vulnerable
Behind walk,Reptilia,Rodentia,2423.499,1553.46,Endangered
Believe science,Amphibia,Rodentia,3825.116,1973.05,Endangered
Fact late,Actinopterygii,Squamata,3248.901,1777.12,Critically Endangered
Question couple,Aves,Anura,3794.264,807.83,Vulnerable
Them kitchen,Mammalia,Primates,4093.675,2844.85,Vulnerable
Nice listen,Reptilia,Primates,3258.103,518.0,Least Concern
Continue interesting,Reptilia,Passeriformes,1168.106,1130.11,Vulnerable
Gas investment,Reptilia,Squamata,1559.11,1708.2,Critically Endangered
Career born,Reptilia,Anura,2897.781,991.9,Extinct in the Wild
Voice science,Aves,Anura,2159.674,2027.24,Extinct in the Wild
Everything most,Mammalia,Primates,919.799,1127.36,Near Threatened
Manager while,Amphibia,Passeriformes,514.725,1889.57,Critically Endangered
Focus career,Amphibia,Anura,1910.967,1331.28,Endangered
Race life,Amphibia,Anura,1106.167,1225.3,Endangered
Under military,Reptilia,Anura,2093.815,2921.9,Least Concern
Young protect,Reptilia,Passeriformes,1039.072,1804.4,Critically Endangered
Now whole,Amphibia,Rodentia,2145.803,2914.44,Least Concern
Claim ago,Mammalia,Rodentia,953.207,1050.07,Vulnerable
Almost I,Actinopterygii,Anura,4201.827,1809.55,Extinct in the Wild
Represent against,Actinopterygii,Squamata,2118.273,224.14,Least Concern
Toward five,Amphibia,Rodentia,3688.297,183.28,Least Concern
Someone later,Actinopterygii,Squamata,323.655,1390.59,Least Concern
Security oil,Amphibia,Passeriformes,4336.955,78.31,Endangered
Walk success,Actinopterygii,Rodentia,2746.158,2568.26,Vulnerable
Inside individual,Aves,Carnivora,3378.63,65.99,Critically Endangered
Arrive born,Aves,Rodentia,2343.195,2602.36,Critically Endangered
Take already,Actinopterygii,Squamata,368.958,1860.51,Critically Endangered
Medical car,Amphibia,Primates,2520.281,585.12,Critically Endangered
Among everyone,Mammalia,Anura,1897.173,2035.6,Vulnerable
Soon company,Reptilia,Anura,4888.495,2970.22,Extinct in the Wild
Dream crime,Actinopterygii,Primates,3110.929,1194.98,Vulnerable
Its film,Aves,Passeriformes,2409.869,737.24,Least Concern
Citizen its,Aves,Carnivora,4242.906,281.5,Endangered
Assume whose,Aves,Carnivora,1103.492,1284.35,Extinct in the Wild
Cut indicate,Actinopterygii,Squamata,2794.986,367.0,Extinct in the Wild
Test quickly,Mammalia,Rodentia,3875.156,1998.02,Vulnerable
Big finish,Aves,Passeriformes,3231.028,1644.71,Endangered
Administration ten,Mammalia,Passeriformes,1546.435,1480.6,Least Concern
Admit specific,Reptilia,Passeriformes,1289.171,910.97,Least Concern
Right leader,Mammalia,Anura,438.683,1703.69,Extinct in the Wild
Nice miss,Mammalia,Passeriformes,320.119,335.4,Extinct in the Wild
Surface subject,Aves,Anura,3877.266,2423.22,Vulnerable
Agreement alone,Mammalia,Carnivora,678.607,1810.02,Vulnerable
Hundred note,Reptilia,Passeriformes,3271.004,264.74,Vulnerable
Movement expect,Actinopterygii,Anura,1184.602,1872.65,Extinct in the Wild
Require week,Aves,Anura,1624.562,1874.76,Least Concern
Key many,Amphibia,Rodentia,2233.859,2647.99,Vulnerable
Behavior station,Mammalia,Rodentia,2868.419,1632.84,Extinct in the Wild
But few,Mammalia,Primates,3735.862,126.74,Vulnerable
Because these,Amphibia,Rodentia,1621.176,2375.86,Least Concern
Everyone me,Reptilia,Carnivora,2537.127,1606.93,Least Concern
With hotel,Actinopterygii,Anura,693.609,2420.84,Endangered
Who never,Actinopterygii,Passeriformes,321.048,560.19,Critically Endangered
Free his,Reptilia,Primates,4443.975,641.93,Least Concern
Then indeed,Actinopterygii,Primates,4233.812,1900.88,Extinct in the Wild
Include popular,Aves,Primates,4668.649,729.3,Least Concern
Source arm,Actinopterygii,Primates,579.014,1050.01,Critically Endangered
Fire never,Reptilia,Anura,236.113,18.3,Endangered
Management learn,Aves,Squamata,1311.648,1808.25,Endangered
I maintain,Actinopterygii,Carnivora,4995.489,53.51,Least Concern
Result enough,Amphibia,Rodentia,2491.117,1934.0,Endangered
Peace condition,Aves,Passeriformes,4646.967,2400.45,Least Concern
Cost time,Actinopterygii,Anura,1831.78,1260.27,Least Concern
Term himself,Aves,Rodentia,1150.601,2482.44,Extinct in the Wild
This most,Aves,Passeriformes,1123.142,2231.68,Extinct in the Wild
Drug his,Aves,Squamata,2069.243,1570.52,Vulnerable
Main huge,Reptilia,Squamata,3133.751,738.05,Extinct in the Wild
This cell,Reptilia,Squamata,4085.811,1691.82,Extinct in the Wild
They will,Actinopterygii,Primates,317.72,2863.2,Vulnerable
Despite education,Mammalia,Anura,2542.498,2131.69,Endangered
Cell determine,Aves,Squamata,3530.693,2093.38,Extinct in the Wild
Wall nation,Amphibia,Anura,4809.311,2531.38,Least Concern
Offer leader,Actinopterygii,Primates,3676.309,2144.11,Vulnerable
Name full,Mammalia,Rodentia,2188.705,1439.32,Extinct in the Wild
Particular finally,Mammalia,Anura,1038.218,963.62,Near Threatened
Term wrong,Amphibia,Rodentia,3494.456,1003.53,Near Threatened
Difficult scientist,Reptilia,Squamata,1614.117,132.8,Near Threatened
Might grow,Mammalia,Carnivora,4098.401,2325.88,Endangered
Church sit,Actinopterygii,Passeriformes,1020.448,1835.58,Critically Endangered
Force left,Reptilia,Squamata,4397.303,1005.99,Near Threatened
Three look,Mammalia,Rodentia,400.529,1973.64,Extinct in the Wild
Mind movie,Amphibia,Primates,4325.242,830.47,Endangered
Spring thing,Mammalia,Anura,1424.406,2997.36,Endangered
Course small,Actinopterygii,Passeriformes,4232.77,2514.92,Extinct in the Wild
Ask environment,Aves,Carnivora,1110.485,1183.03,Extinct in the Wild
Against today,Aves,Passeriformes,984.835,367.0,Endangered
Leave again,Mammalia,Carnivora,2089.537,1883.8,Critically Endangered
Help political,Actinopterygii,Squamata,2909.151,1921.44,Least Concern
Opportunity through,Actinopterygii,Carnivora,2467.18,992.5,Near Threatened
Old among,Amphibia,Primates,1430.427,1262.41,Endangered
Expect when,Mammalia,Anura,4202.184,577.89,Near Threatened
Animal think,Actinopterygii,Rodentia,1348.757,614.08,Vulnerable
Fish create,Mammalia,Rodentia,1606.325,1007.56,Critically Endangered
Do audience,Aves,Primates,208.501,1499.43,Endangered
Official inside,Reptilia,Carnivora,768.426,2749.96,Endangered
Will hair,Reptilia,Passeriformes,380.314,422.73,Critically Endangered
Floor eye,Reptilia,Primates,2974.865,233.75,Critically Endangered
Grow side,Actinopterygii,Anura,2381.496,857.09,Near Threatened
Senior store,Aves,Passeriformes,1005.913,123.28,Least Concern
Security in,Mammalia,Squamata,3304.128,1051.01,Least Concern
Field partner,Mammalia,Carnivora,458.761,1445.25,Near Threatened
Meeting house,Mammalia,Passeriformes,4325.316,1143.99,Vulnerable
Reflect reduce,Reptilia,Passeriformes,1084.008,2656.42,Critically Endangered
Style police,Amphibia,Primates,4310.77,2438.08,Least Concern
Happy growth,Reptilia,Primates,4596.425,841.82,Least Concern
Bar green,Actinopterygii,Carnivora,2173.831,1981.47,Extinct in the Wild
Difficult still,Actinopterygii,Primates,403.781,569.03,Least Concern
Affect mother,Aves,Primates,1776.899,900.92,Near Threatened
Program sport,Actinopterygii,Passeriformes,3233.739,1643.75,Critically Endangered
Later write,Amphibia,Squamata,1340.405,2794.14,Critically Endangered
Choose political,Reptilia,Primates,4145.091,1820.83,Vulnerable
Tonight present,Actinopterygii,Carnivora,1334.277,2511.18,Critically Endangered
Agency statement,Amphibia,Squamata,183.89,836.64,Endangered
Dog agree,Aves,Squamata,3740.888,2333.81,Critically Endangered
Civil wonder,Aves,Passeriformes,625.867,932.4,Extinct in the Wild
Strategy level,Aves,Rodentia,1479.329,589.67,Extinct in the Wild
President history,Aves,Primates,2800.991,1347.34,Critically Endangered
Hospital follow,Amphibia,Passeriformes,3320.987,2610.28,Vulnerable
Draw learn,Actinopterygii,Anura,4255.742,2838.85,Vulnerable
Girl around,Amphibia,Rodentia,948.722,588.65,Critically Endangered
Reveal finish,Amphibia,Squamata,1337.608,1822.63,Endangered
First couple,Reptilia,Carnivora,751.997,1941.22,Least Concern
Rich step,Reptilia,Passeriformes,1802.892,1982.5,Vulnerable
Just money,Aves,Passeriformes,2953.345,1027.45,Near Threatened
Over onto,Actinopterygii,Carnivora,4422.59,97.21,Endangered
Street attack,Amphibia,Anura,4344.889,1240.78,Vulnerable
Local above,Aves,Rodentia,3633.48,1685.64,Extinct in the Wild
Require state,Mammalia,Anura,1019.815,2911.43,Least Concern
Deep claim,Amphibia,Squamata,828.387,2834.57,Near Threatened
Rest commercial,Mammalia,Rodentia,4265.864,805.47,Extinct in the Wild
Cell ago,Actinopterygii,Primates,2603.537,2645.29,Near Threatened
Receive company,Amphibia,Anura,4683.635,1326.9,Critically Endangered
Finally particularly,Mammalia,Carnivora,590.809,1812.25,Extinct in the Wild
Official become,Aves,Rodentia,987.349,2653.41,Critically Endangered
Their guess,Actinopterygii,Anura,4282.998,297.38,Near Threatened
Figure cultural,Reptilia,Carnivora,28.728,1399.66,Vulnerable
Management still,Mammalia,Anura,1637.32,509.43,Extinct in the Wild
Condition court,Amphibia,Squamata,3606.077,2529.0,Endangered
Edge that,Actinopterygii,Primates,1643.964,2719.29,Extinct in the Wild
Work again,Reptilia,Passeriformes,322.299,92.05,Extinct in the Wild
State appear,Actinopterygii,Passeriformes,383.258,969.1,Vulnerable
Anyone yet,Reptilia,Carnivora,3867.874,1867.64,Vulnerable
Pattern thousand,Reptilia,Passeriformes,659.952,1812.79,Near Threatened
Turn foot,Aves,Anura,4946.382,777.27,Least Concern
Beat attorney,Amphibia,Primates,1601.038,2100.42,Extinct in the Wild
Property military,Mammalia,Squamata,3949.48,2740.67,Near Threatened
Science require,Reptilia,Squamata,2697.486,1670.96,Endangered
Reality argue,Reptilia,Primates,3866.883,759.6,Endangered
Stop join,Reptilia,Passeriformes,1274.773,2981.73,Critically Endangered
Instead design,Reptilia,Primates,1852.58,64.92,Vulnerable
Mouth executive,Aves,Squamata,4910.531,1812.03,Extinct in the Wild
We summer,Reptilia,Anura,4120.126,1506.34,Vulnerable
Turn charge,Reptilia,Squamata,1823.947,524.82,Endangered
Specific loss,Mammalia,Rodentia,4217.686,1594.7,Critically Endangered
Rule age,Mammalia,Rodentia,1206.75,340.11,Endangered
Exactly indeed,Reptilia,Primates,3038.222,394.52,Extinct in the Wild
Recently ten,Mammalia,Squamata,2897.497,2112.69,Least Concern
Middle American,Mammalia,Rodentia,4147.38,270.15,Extinct in the Wild
Character image,Aves,Rodentia,2930.196,2606.18,Endangered
Suggest nothing,Mammalia,Anura,1730.972,442.33,Critically Endangered
Economic seat,Actinopterygii,Primates,2857.131,2431.25,Near Threatened
Paper never,Reptilia,Rodentia,3367.04,1085.87,Least Concern
Some watch,Mammalia,Carnivora,856.166,457.9,Extinct in the Wild
Dark everyone,Actinopterygii,Primates,313.833,2017.1,Near Threatened
Blue later,Amphibia,Squamata,3004.873,2863.84,Least Concern
Address laugh,Aves,Passeriformes,1500.946,2018.6,Least Concern
While very,Amphibia,Passeriformes,4542.857,2775.18,Near Threatened
Table player,Aves,Squamata,4859.821,406.43,Extinct in the Wild
Fear too,Amphibia,Anura,857.542,1656.28,Least Concern
Effect high,Actinopterygii,Carnivora,2286.059,1313.48,Critically Endangered
Member risk,Aves,Passeriformes,4504.383,194.08,Endangered
Campaign north,Actinopterygii,Primates,2337.457,2569.68,Vulnerable
Type maintain,Amphibia,Squamata,4158.041,2151.29,Extinct in the Wild
Own view,Aves,Primates,3220.055,2004.99,Vulnerable
Budget follow,Amphibia,Primates,516.164,1206.53,Critically Endangered
Approach serious,Amphibia,Carnivora,4764.134,574.36,Endangered
Sing wrong,Reptilia,Anura,4158.263,67.21,Extinct in the Wild
Blue hospital,Actinopterygii,Squamata,3597.387,1409.72,Vulnerable
Every exactly,Amphibia,Squamata,2875.805,150.99,Near Threatened
Cold me,Mammalia,Rodentia,1509.8,2471.67,Near Threatened
Value local,Mammalia,Squamata,761.593,863.39,Critically Endangered
Pull hear,Actinopterygii,Rodentia,824.422,394.59,Near Threatened
Ahead daughter,Amphibia,Anura,2778.111,215.52,Near Threatened
Hour its,Aves,Anura,776.781,2089.86,Least Concern
Respond current,Mammalia,Carnivora,1009.447,1737.09,Vulnerable
Seat father,Amphibia,Primates,580.306,2020.37,Near Threatened
Political beat,Reptilia,Rodentia,447.847,46.32,Near Threatened
Require door,Reptilia,Passeriformes,3695.801,1316.39,Extinct in the Wild
Writer affect,Aves,Anura,1611.412,2343.75,Near Threatened
Eight under,Amphibia,Passeriformes,799.415,1943.5,Extinct in the Wild
Either west,Actinopterygii,Anura,1540.531,1833.07,Critically Endangered
Pm drop,Reptilia,Primates,2556.8,1855.98,Extinct in the Wild
Fight I,Aves,Rodentia,3735.659,1997.9,Least Concern
Ever hear,Aves,Squamata,2942.447,2958.87,Critically Endangered
Discuss establish,Aves,Carnivora,3735.293,1152.0,Vulnerable
Clear everybody,Actinopterygii,Squamata,1871.24,2635.08,Extinct in the Wild
Use behind,Amphibia,Primates,1920.139,1078.82,Vulnerable
Moment thank,Mammalia,Anura,1539.756,1749.59,Endangered
Then why,Amphibia,Primates,3725.567,2971.76,Least Concern
We national,Aves,Primates,140.406,16.74,Least Concern
The surface,Amphibia,Primates,1171.598,1518.91,Extinct in the Wild
Challenge others,Mammalia,Passeriformes,4910.886,1228.49,Near Threatened
Operation fight,Reptilia,Squamata,2968.526,179.06,Vulnerable
Inside for,Aves,Rodentia,1524.899,1147.19,Extinct in the Wild
Point Mr,Actinopterygii,Primates,1539.979,640.31,Critically Endangered
Fear behind,Actinopterygii,Passeriformes,2258.62,2498.55,Endangered
My health,Aves,Passeriformes,1081.0,2979.53,Vulnerable
For although,Reptilia,Passeriformes,283.473,496.27,Least Concern
Do exist,Aves,Primates,1956.732,2412.59,Least Concern
Room save,Actinopterygii,Rodentia,2466.329,1529.45,Near Threatened
Family catch,Amphibia,Anura,1211.879,621.07,Endangered
Without hour,Reptilia,Carnivora,3362.264,1513.14,Endangered
Environmental rock,Aves,Anura,2721.561,2571.88,Near Threatened
Suffer control,Actinopterygii,Carnivora,2048.638,1962.8,Least Concern
Discuss value,Mammalia,Passeriformes,3679.153,2660.4,Least Concern
Benefit office,Mammalia,Rodentia,2479.764,82.69,Vulnerable
Future then,Aves,Squamata,4698.042,1886.12,Least Concern
Physical them,Aves,Squamata,1169.735,2763.96,Near Threatened
Might act,Reptilia,Passeriformes,129.221,1089.24,Least Concern
Trip authority,Reptilia,Squamata,1380.352,1065.58,Near Threatened
Civil throw,Actinopterygii,Squamata,2719.411,1448.41,Extinct in the Wild
Up letter,Mammalia,Passeriformes,678.498,121.51,Least Concern
Others like,Reptilia,Carnivora,2929.485,1936.33,Near Threatened
Model or,Amphibia,Passeriformes,2962.648,464.33,Extinct in the Wild
Benefit beat,Actinopterygii,Squamata,4552.608,2599.8,Critically Endangered
Management toward,Reptilia,Rodentia,1985.559,1525.11,Vulnerable
Similar letter,Reptilia,Primates,1243.92,443.85,Least Concern
Could describe,Mammalia,Primates,1696.941,524.5,Extinct in the Wild
Name he,Aves,Primates,2921.489,1092.76,Endangered
Radio western,Mammalia,Carnivora,1775.371,1363.45,Endangered
Participant toward,Aves,Rodentia,277.775,1421.9,Critically Endangered
At dark,Actinopterygii,Squamata,2744.495,1639.36,Least Concern
Range in,Amphibia,Carnivora,3653.375,1303.93,Near Threatened
Matter particularly,Amphibia,Primates,3438.691,1061.01,Near Threatened
Entire Republican,Reptilia,Rodentia,4105.198,2281.13,Least Concern
Look develop,Mammalia,Anura,156.985,1605.78,Near Threatened
Much opportunity,Mammalia,Squamata,4010.64,2292.69,Extinct in the Wild
Light early,Amphibia,Passeriformes,508.263,2651.1,Least Concern
Whatever trip,Mammalia,Carnivora,1035.344,2.64,Vulnerable
Upon down,Mammalia,Rodentia,756.988,738.88,Extinct in the Wild
Agency least,Reptilia,Primates,2686.277,1086.58,Near Threatened
Across official,Aves,Squamata,3405.201,1987.37,Near Threatened
Defense brother,Actinopterygii,Primates,4494.019,2458.42,Extinct in the Wild
Over arrive,Amphibia,Anura,2143.383,1982.08,Least Concern
Recent garden,Reptilia,Primates,2902.644,1081.52,Least Concern
Agreement understand,Amphibia,Squamata,887.48,2566.7,Critically Endangered
Watch peace,Actinopterygii,Rodentia,2021.163,2967.56,Endangered
Live record,Aves,Squamata,4995.971,49.82,Critically Endangered
Fine computer,Mammalia,Anura,3175.4,2184.44,Endangered
They continue,Mammalia,Anura,549.307,1722.16,Least Concern
Page account,Aves,Passeriformes,538.693,2028.01,Endangered
Book you,Reptilia,Passeriformes,445.588,147.37,Critically Endangered
Scientist leader,Actinopterygii,Squamata,640.861,1884.28,Critically Endangered
Teach end,Aves,Anura,719.241,2177.41,Endangered
Feel truth,Aves,Passeriformes,1868.76,962.9,Near Threatened
Seat tonight,Actinopterygii,Anura,3209.702,847.28,Extinct in the Wild
Happen idea,Aves,Primates,715.8,2368.9,Extinct in the Wild
Develop various,Aves,Anura,3253.424,438.35,Vulnerable
Pressure scientist,Aves,Squamata,3385.987,330.8,Vulnerable
Institution play,Actinopterygii,Rodentia,2377.996,1970.63,Vulnerable
Whether receive,Reptilia,Carnivora,2314.586,291.13,Near Threatened
Region blood,Aves,Squamata,3911.807,50.4,Least Concern
They book,Mammalia,Carnivora,2070.978,1155.24,Vulnerable
Hair type,Aves,Anura,533.274,1730.28,Extinct in the Wild
Attack home,Reptilia,Rodentia,2611.795,1758.79,Extinct in the Wild
Society at,Amphibia,Squamata,4491.949,1029.58,Endangered
Growth painting,Reptilia,Primates,4373.317,2540.82,Extinct in the Wild
Administration rather,Mammalia,Squamata,3525.676,264.94,Endangered
Above picture,Aves,Rodentia,1579.642,2768.02,Least Concern
Picture even,Aves,Anura,4795.602,1788.03,Least Concern
Administration fine,Actinopterygii,Carnivora,3043.293,213.06,Extinct in the Wild
Might as,Actinopterygii,Carnivora,1575.373,532.83,Vulnerable
Arrive pay,Reptilia,Anura,1819.065,328.56,Vulnerable
Item visit,Reptilia,Passeriformes,1496.964,676.6,Critically Endangered
Class apply,Reptilia,Carnivora,4693.748,1931.71,Vulnerable
Forget account,Reptilia,Squamata,2722.695,2206.23,Extinct in the Wild
Fire amount,Actinopterygii,Squamata,190.054,1170.71,Least Concern
Whole positive,Aves,Passeriformes,3580.623,2890.44,Critically Endangered
Board community,Actinopterygii,Anura,2224.719,24.51,Endangered
Animal someone,Actinopterygii,Carnivora,2134.138,703.96,Vulnerable
Seat dark,Amphibia,Primates,248.817,1190.45,Least Concern
Fill win,Aves,Anura,4783.37,1961.79,Critically Endangered
Child lose,Aves,Primates,4169.994,782.62,Near Threatened
Hope thought,Amphibia,Primates,4330.003,141.96,Vulnerable
Improve rich,Actinopterygii,Primates,2494.998,690.63,Extinct in the Wild
Quite save,Reptilia,Rodentia,4018.049,226.76,Least Concern
Rule far,Aves,Anura,4018.22,1250.29,Extinct in the Wild
Detail agent,Reptilia,Primates,2218.33,2080.71,Critically Endangered
Seek determine,Reptilia,Anura,3991.104,2221.61,Critically Endangered
Per indicate,Mammalia,Rodentia,96.52,2556.23,Vulnerable
Practice window,Actinopterygii,Passeriformes,1792.94,1437.33,Least Concern
Reveal positive,Aves,Carnivora,4415.937,1802.33,Endangered
Various business,Aves,Carnivora,640.84,682.7,Least Concern
Specific physical,Reptilia,Anura,3762.24,2999.63,Vulnerable
Rock accept,Mammalia,Carnivora,726.624,2903.97,Extinct in the Wild
These administration,Amphibia,Passeriformes,4366.818,2660.16,Least Concern
Near can,Amphibia,Squamata,3013.282,1497.63,Vulnerable
You today,Actinopterygii,Squamata,2729.166,158.14,Endangered
Important collection,Amphibia,Carnivora,2055.952,639.17,Critically Endangered
Company others,Mammalia,Squamata,4030.167,941.54,Critically Endangered
Million party,Mammalia,Passeriformes,2273.045,275.81,Critically Endangered
Mouth sure,Amphibia,Squamata,488.212,1090.46,Extinct in the Wild
Almost people,Aves,Primates,2378.402,2339.13,Extinct in the Wild
Although happen,Mammalia,Passeriformes,2042.596,2718.8,Near Threatened
Result avoid,Actinopterygii,Carnivora,4035.71,1576.74,Critically Endangered
Team five,Mammalia,Passeriformes,2019.173,1172.73,Vulnerable
Set him,Aves,Primates,1914.108,2198.25,Least Concern
Find room,Amphibia,Primates,3277.62,2407.18,Vulnerable
Meet could,Mammalia,Carnivora,386.469,289.03,Critically Endangered
Not language,Mammalia,Passeriformes,1746.886,893.18,Extinct in the Wild
Media follow,Amphibia,Rodentia,1740.563,1903.94,Near Threatened
Six by,Reptilia,Anura,1141.458,882.37,Vulnerable
Agreement situation,Reptilia,Anura,539.043,1754.56,Least Concern
Listen direction,Reptilia,Anura,808.563,695.52,Near Threatened
Agent blood,Mammalia,Carnivora,7.495,2528.71,Critically Endangered
Western deal,Amphibia,Passeriformes,1650.614,350.21,Critically Endangered
Can also,Reptilia,Carnivora,2605.903,1496.68,Extinct in the Wild
Necessary college,Reptilia,Rodentia,341.135,775.32,Least Concern
Land president,Reptilia,Rodentia,4300.724,1130.81,Least Concern
Church close,Mammalia,Carnivora,3291.904,2435.82,Near Threatened
Project significant,Actinopterygii,Passeriformes,744.153,1181.65,Near Threatened
Writer candidate,Reptilia,Primates,3677.91,913.32,Near Threatened
Most eye,Amphibia,Anura,4689.773,626.28,Extinct in the Wild
Smile organization,Aves,Squamata,950.59,1364.41,Near Threatened
Respond relate,Actinopterygii,Anura,1332.015,183.47,Endangered
Perhaps dream,Aves,Squamata,569.053,594.49,Extinct in the Wild
Late son,Amphibia,Primates,3126.282,1187.41,Critically Endangered
Base short,Mammalia,Rodentia,1710.794,2400.25,Critically Endangered
Study summer,Amphibia,Primates,2861.664,2191.45,Least Concern
Structure wind,Reptilia,Carnivora,994.275,563.83,Near Threatened
Grow operation,Actinopterygii,Primates,4596.036,1857.03,Least Concern
At return,Actinopterygii,Squamata,2306.158,1138.84,Extinct in the Wild
Those care,Mammalia,Primates,659.162,1583.57,Critically Endangered
Name anyone,Actinopterygii,Anura,4852.457,186.39,Near Threatened
Network vote,Reptilia,Passeriformes,4038.889,2249.26,Endangered
Positive hold,Reptilia,Carnivora,1939.729,2840.79,Least Concern
Occur writer,Reptilia,Anura,4866.127,746.21,Endangered
Yet school,Mammalia,Carnivora,1772.019,2609.86,Extinct in the Wild
Pick one,Mammalia,Squamata,321.639,2839.19,Least Concern
Individual vote,Actinopterygii,Rodentia,4308.161,1882.17,Vulnerable
Total by,Reptilia,Primates,4158.657,2481.8,Critically Endangered
Matter discussion,Mammalia,Anura,3885.017,2484.22,Least Concern
Activity soldier,Aves,Anura,4658.366,2224.04,Endangered
Audience pass,Reptilia,Squamata,4166.484,2702.66,Critically Endangered
Should person,Amphibia,Carnivora,180.445,1508.85,Vulnerable
Card process,Actinopterygii,Squamata,2138.768,2109.06,Near Threatened
Town build,Amphibia,Squamata,320.135,1231.4,Critically Endangered
Win they,Reptilia,Anura,3852.855,1526.83,Extinct in the Wild
Participant heavy,Aves,Carnivora,4338.761,364.62,Extinct in the Wild
Truth baby,Aves,Primates,1728.371,824.26,Extinct in the Wild
Seem federal,Aves,Rodentia,953.836,1872.47,Least Concern
Tough together,Amphibia,Squamata,4355.086,515.65,Vulnerable
Leave moment,Mammalia,Rodentia,1918.98,479.65,Near Threatened
Look official,Aves,Primates,4993.762,1696.05,Vulnerable
Class suggest,Reptilia,Squamata,4575.631,2543.01,Vulnerable
After among,Mammalia,Primates,485.963,2772.04,Vulnerable
Toward strategy,Reptilia,Carnivora,1126.34,983.71,Near Threatened
Believe want,Amphibia,Carnivora,2898.253,1624.87,Extinct in the Wild
Imagine suddenly,Aves,Primates,4592.012,2151.6,Endangered
Book only,Aves,Passeriformes,3519.019,2837.3,Endangered
Option benefit,Mammalia,Rodentia,4088.629,730.97,Extinct in the Wild
However service,Aves,Anura,119.512,225.13,Critically Endangered
Agency model,Aves,Anura,587.382,2304.34,Least Concern
Early politics,Mammalia,Primates,2223.879,340.57,Extinct in the Wild
Their open,Reptilia,Carnivora,1060.047,2528.29,Least Concern
Why floor,Aves,Passeriformes,2983.606,2447.0,Vulnerable
Laugh Mrs,Amphibia,Passeriformes,4591.847,2592.05,Near Threatened
Fly manager,Actinopterygii,Rodentia,387.992,2052.36,Near Threatened
Between truth,Reptilia,Carnivora,213.805,730.24,Extinct in the Wild
Threat mother,Mammalia,Primates,4454.317,2368.69,Extinct in the Wild
Environment walk,Actinopterygii,Primates,4409.479,2003.72,Critically Endangered
Energy career,Aves,Passeriformes,145.741,849.96,Near Threatened
Ball several,Amphibia,Carnivora,3703.074,62.13,Extinct in the Wild
Like never,Amphibia,Carnivora,4921.086,2691.77,Vulnerable
Decade despite,Mammalia,Anura,3857.354,2762.28,Endangered
That physical,Actinopterygii,Anura,2865.746,1379.89,Near Threatened
Road school,Aves,Passeriformes,908.059,2569.39,Least Concern
Situation three,Amphibia,Anura,3946.636,667.73,Extinct in the Wild
Sport local,Aves,Squamata,4040.494,1085.62,Least Concern
Executive special,Amphibia,Rodentia,1829.348,1115.23,Endangered
Standard water,Reptilia,Carnivora,1549.586,86.2,Extinct in the Wild
Soon large,Mammalia,Rodentia,3619.611,1289.01,Critically Endangered
At box,Actinopterygii,Anura,1783.356,581.39,Critically Endangered
Wind cell,Actinopterygii,Carnivora,1816.04,639.13,Endangered
Two decision,Aves,Carnivora,1440.437,150.95,Least Concern
Activity spend,Reptilia,Squamata,1591.371,443.97,Vulnerable
Hour spring,Amphibia,Squamata,2666.465,2623.39,Endangered
Child blue,Reptilia,Passeriformes,4477.282,1999.03,Critically Endangered
Security discuss,Aves,Anura,2216.549,1527.79,Extinct in the Wild
If action,Mammalia,Anura,3443.317,2453.64,Extinct in the Wild
Nothing computer,Actinopterygii,Passeriformes,2881.299,254.27,Extinct in the Wild
Bill laugh,Reptilia,Rodentia,4037.327,582.76,Extinct in the Wild
Begin class,Aves,Anura,3225.728,580.78,Near Threatened
Fill subject,Amphibia,Squamata,3557.876,2292.72,Vulnerable
Coach from,Amphibia,Carnivora,2180.255,1556.53,Least Concern
Song news,Mammalia,Anura,3567.51,736.53,Critically Endangered
Thought arrive,Reptilia,Carnivora,2453.355,589.47,Least Concern
Dream recent,Actinopterygii,Carnivora,766.523,468.34,Critically Endangered
It outside,Reptilia,Passeriformes,3769.449,1571.2,Critically Endangered
Space I,Actinopterygii,Passeriformes,3482.731,2121.93,Extinct in the Wild
State difficult,Actinopterygii,Carnivora,4543.275,384.59,Endangered
Once be,Reptilia,Primates,3747.676,1187.13,Near Threatened
Commercial sing,Amphibia,Primates,4377.572,602.02,Extinct in the Wild
Knowledge together,Reptilia,Carnivora,1529.04,1999.52,Critically Endangered
Blue check,Amphibia,Anura,620.205,842.04,Least Concern
Make somebody,Amphibia,Rodentia,2132.089,2983.22,Vulnerable
Impact ahead,Mammalia,Squamata,247.843,1475.67,Extinct in the Wild
Hospital particularly,Aves,Anura,3531.355,2922.46,Endangered
Site fall,Mammalia,Carnivora,4835.583,745.4,Critically Endangered
Wear alone,Amphibia,Primates,2220.7,1677.74,Vulnerable
Popular responsibility,Actinopterygii,Rodentia,3580.748,2662.72,Endangered
Arm oil,Amphibia,Squamata,0.914,1587.58,Near Threatened
His pull,Reptilia,Rodentia,2754.937,1944.43,Vulnerable
Chance yourself,Reptilia,Primates,1547.362,388.06,Least Concern
Serious into,Amphibia,Primates,3565.231,1158.55,Critically Endangered
Memory pick,Amphibia,Primates,2599.738,1103.69,Extinct in the Wild
Break fish,Aves,Primates,725.481,389.44,Extinct in the Wild
Push speech,Mammalia,Primates,4291.632,1564.23,Vulnerable
Step water,Aves,Anura,234.169,1750.44,Extinct in the Wild
Stage necessary,Actinopterygii,Carnivora,1677.179,97.9,Least Concern
Environment two,Actinopterygii,Primates,2438.485,1282.57,Endangered
Shoulder lead,Amphibia,Squamata,1749.535,1247.93,Extinct in the Wild
Attack station,Aves,Squamata,4830.242,2056.89,Near Threatened
Face race,Actinopterygii,Passeriformes,3936.909,738.68,Vulnerable
Mind class,Amphibia,Rodentia,1633.538,1277.37,Extinct in the Wild
Cover already,Mammalia,Rodentia,347.349,993.91,Least Concern
Meet one,Mammalia,Squamata,4201.836,2873.3,Near Threatened
Quickly establish,Amphibia,Passeriformes,231.391,957.36,Extinct in the Wild
Sure coach,Amphibia,Anura,1403.295,35.23,Extinct in the Wild
Rule law,Mammalia,Squamata,3639.742,833.62,Extinct in the Wild
Race capital,Mammalia,Primates,2729.873,1002.49,Vulnerable
Realize although,Reptilia,Carnivora,3191.434,1851.34,Extinct in the Wild
Per someone,Reptilia,Rodentia,1139.653,246.51,Critically Endangered
Across measure,Mammalia,Carnivora,4023.493,2793.74,Least Concern
Exist find,Aves,Rodentia,3191.534,1480.42,Least Concern
Feeling task,Actinopterygii,Anura,1365.554,536.42,Critically Endangered
Man likely,Actinopterygii,Squamata,2849.933,1589.49,Critically Endangered
Pretty west,Actinopterygii,Anura,303.982,1358.0,Extinct in the Wild
Television visit,Aves,Carnivora,3211.323,993.33,Endangered
Environmental explain,Mammalia,Passeriformes,729.154,207.47,Extinct in the Wild
Word it,Actinopterygii,Rodentia,668.041,269.95,Near Threatened
Some suggest,Mammalia,Rodentia,3454.401,1379.89,Least Concern
Argue near,Aves,Squamata,505.341,1838.39,Near Threatened
Some along,Mammalia,Carnivora,43.175,2222.2,Critically Endangered
Share modern,Actinopterygii,Squamata,2004.361,1676.0,Extinct in the Wild
Investment likely,Aves,Primates,4825.46,1195.43,Vulnerable
Development indicate,Amphibia,Squamata,1234.825,802.78,Least Concern
Detail reach,Mammalia,Primates,4446.043,2873.92,Critically Endangered
Leg hour,Mammalia,Rodentia,2120.587,1560.34,Endangered
Important everyone,Actinopterygii,Primates,3259.2,1887.46,Critically Endangered
Talk child,Reptilia,Passeriformes,4217.572,342.83,Endangered
Left perhaps,Reptilia,Primates,3084.982,1515.63,Endangered
Action role,Aves,Squamata,3149.985,517.6,Critically Endangered
Right blue,Actinopterygii,Primates,2919.785,2568.74,Critically Endangered
Born summer,Reptilia,Primates,151.699,792.8,Near Threatened
Sell we,Reptilia,Rodentia,1515.688,2856.58,Endangered
Occur matter,Mammalia,Rodentia,1431.452,2860.34,Near Threatened
Now instead,Actinopterygii,Anura,764.16,2921.3,Critically Endangered
Just behavior,Mammalia,Anura,2238.739,424.12,Extinct in the Wild
Parent seat,Reptilia,Squamata,2440.604,2741.88,Endangered
Machine listen,Reptilia,Carnivora,4158.676,422.25,Near Threatened
Common discuss,Mammalia,Passeriformes,1027.633,1475.12,Vulnerable
Lot sign,Aves,Carnivora,1889.08,1447.62,Endangered
Threat security,Mammalia,Carnivora,3169.608,766.18,Extinct in the Wild
Authority better,Aves,Carnivora,2153.139,2301.15,Least Concern
But situation,Amphibia,Passeriformes,4301.605,2933.42,Near Threatened
Ago character,Mammalia,Anura,2023.335,1722.2,Critically Endangered
Through camera,Aves,Squamata,2220.777,865.0,Extinct in the Wild
Upon understand,Amphibia,Rodentia,2532.159,263.23,Extinct in the Wild
Camera gun,Reptilia,Passeriformes,1046.047,2768.02,Near Threatened
War three,Mammalia,Passeriformes,2147.205,853.35,Endangered
Central international,Amphibia,Carnivora,78.404,1294.39,Endangered
Drive catch,Amphibia,Passeriformes,3492.43,1736.47,Endangered
Up maintain,Amphibia,Primates,1384.005,1454.11,Critically Endangered
History similar,Reptilia,Passeriformes,1637.275,2282.12,Endangered
Better no,Amphibia,Primates,2760.488,2167.85,Vulnerable
Until them,Actinopterygii,Anura,1816.943,384.61,Least Concern
Study else,Amphibia,Primates,4918.658,881.93,Endangered
Large sing,Mammalia,Carnivora,1913.836,538.65,Near Threatened
Tough none,Actinopterygii,Carnivora,343.599,989.93,Least Concern
Front she,Amphibia,Squamata,2279.839,2050.95,Vulnerable
Own discuss,Aves,Primates,182.361,1552.25,Extinct in the Wild
Work month,Aves,Squamata,1029.461,65.27,Endangered
Government type,Actinopterygii,Rodentia,3328.386,2011.33,Extinct in the Wild
Whom note,Mammalia,Rodentia,4610.974,1861.57,Near Threatened
Remain similar,Mammalia,Rodentia,2406.458,327.26,Least Concern
Sit production,Aves,Primates,4462.531,2965.71,Vulnerable
Plant former,Actinopterygii,Squamata,1899.522,1016.0,Critically Endangered
Could surface,Amphibia,Primates,2065.677,1242.06,Near Threatened
Man race,Mammalia,Primates,4391.339,776.47,Critically Endangered
Here short,Aves,Carnivora,4230.173,2185.61,Extinct in the Wild
Speak center,Mammalia,Carnivora,2839.103,864.05,Vulnerable
Beautiful single,Amphibia,Anura,488.164,2463.02,Vulnerable
Should race,Aves,Anura,219.013,1846.2,Vulnerable
Suddenly argue,Aves,Anura,4389.24,1238.47,Critically Endangered
Deep rate,Actinopterygii,Rodentia,890.702,1269.58,Near Threatened
Movement wear,Amphibia,Passeriformes,4208.069,2566.71,Critically Endangered
Old sign,Reptilia,Carnivora,3338.062,158.34,Near Threatened
Body south,Actinopterygii,Anura,2817.331,716.35,Near Threatened
Artist perform,Actinopterygii,Anura,4643.222,1721.02,Least Concern
Thus much,Reptilia,Squamata,1258.038,1222.87,Extinct in the Wild
Forward anything,Amphibia,Anura,2832.104,2183.71,Endangered
Fish believe,Aves,Anura,2579.45,564.75,Endangered
According relationship,Aves,Passeriformes,4035.623,2661.48,Vulnerable
Small money,Amphibia,Passeriformes,2533.301,1482.02,Vulnerable
Church blood,Mammalia,Rodentia,1427.768,1353.08,Endangered
Police quality,Reptilia,Carnivora,2143.866,1907.86,Least Concern
Officer bill,Amphibia,Passeriformes,1235.485,1056.54,Critically Endangered
Hair work,Mammalia,Primates,213.891,2426.92,Vulnerable
War lay,Aves,Rodentia,3353.974,1630.93,Endangered
Education leader,Aves,Carnivora,4122.839,1720.99,Least Concern
He front,Actinopterygii,Carnivora,1298.04,808.53,Critically Endangered
Trip newspaper,Mammalia,Primates,3423.829,1611.25,Least Concern
Director system,Mammalia,Anura,4307.88,594.31,Critically Endangered
Focus center,Mammalia,Passeriformes,4279.171,1151.7,Critically Endangered
Usually professor,Actinopterygii,Anura,3979.289,1970.79,Least Concern
Son cover,Reptilia,Primates,4326.489,633.29,Near Threatened
Join available,Amphibia,Carnivora,4509.374,1384.28,Critically Endangered
Must decade,Amphibia,Anura,4340.646,1458.51,Extinct in the Wild
Certain role,Reptilia,Carnivora,3777.573,1215.65,Endangered
Performance different,Amphibia,Passeriformes,422.513,1184.44,Vulnerable
Set process,Amphibia,Primates,1346.284,2723.42,Critically Endangered
Bag young,Amphibia,Squamata,1717.5,2198.55,Least Concern
Hot administration,Actinopterygii,Squamata,291.446,1353.23,Least Concern
South tell,Reptilia,Passeriformes,3719.103,375.24,Least Concern
Food season,Mammalia,Carnivora,1678.694,2464.81,Extinct in the Wild
Thank inside,Reptilia,Passeriformes,3439.734,570.63,Extinct in the Wild
Believe crime,Aves,Primates,2934.27,2123.09,Extinct in the Wild
Late lose,Reptilia,Rodentia,177.118,654.38,Endangered
Be shoulder,Actinopterygii,Rodentia,1639.163,250.79,Extinct in the Wild
Receive near,Amphibia,Primates,0.866,345.5,Vulnerable
Training tough,Mammalia,Squamata,3932.694,2578.44,Critically Endangered
Happen language,Mammalia,Rodentia,3867.094,1554.72,Near Threatened
Economy last,Reptilia,Primates,1603.172,165.05,Near Threatened
Law may,Actinopterygii,Rodentia,1170.638,922.37,Vulnerable
Home material,Aves,Anura,2332.917,967.93,Vulnerable
Political economy,Mammalia,Squamata,1906.074,1334.71,Extinct in the Wild
Really rather,Mammalia,Anura,1803.236,138.26,Extinct in the Wild
Nor prove,Amphibia,Passeriformes,4408.925,1434.52,Vulnerable
Else eight,Mammalia,Rodentia,1372.054,1465.91,Vulnerable
Around share,Aves,Primates,4740.873,1785.08,Vulnerable
Situation memory,Actinopterygii,Rodentia,2190.633,2528.45,Endangered
Eye billion,Mammalia,Anura,3771.535,2606.33,Endangered
Hundred evening,Actinopterygii,Squamata,4323.127,323.31,Endangered
Every reality,Mammalia,Anura,1455.674,1282.98,Least Concern
Interest yard,Reptilia,Rodentia,824.23,1613.12,Least Concern
Sound threat,Mammalia,Anura,21.159,841.71,Critically Endangered
City condition,Actinopterygii,Primates,335.055,21.61,Near Threatened
Back each,Reptilia,Anura,2140.345,809.52,Least Concern
Season without,Aves,Carnivora,3437.507,2330.12,Least Concern
Here street,Reptilia,Carnivora,2356.377,1568.0,Extinct in the Wild
Good edge,Amphibia,Passeriformes,2864.509,1533.41,Near Threatened
Color ball,Mammalia,Squamata,1864.715,1009.96,Near Threatened
Above street,Aves,Passeriformes,1882.625,946.76,Least Concern
Finally coach,Reptilia,Rodentia,70.117,1088.95,Vulnerable
Market citizen,Aves,Rodentia,366.786,1207.13,Extinct in the Wild
Part nice,Reptilia,Squamata,318.642,2864.52,Vulnerable
Them role,Amphibia,Primates,2376.615,286.23,Extinct in the Wild
Most car,Mammalia,Squamata,4465.417,1150.71,Vulnerable
Benefit lawyer,Amphibia,Squamata,3022.385,2441.71,Extinct in the Wild
Issue site,Actinopterygii,Squamata,1684.647,1157.85,Near Threatened
Weight story,Actinopterygii,Rodentia,3042.916,2715.13,Vulnerable
Rate happen,Amphibia,Primates,4275.382,1616.99,Extinct in the Wild
Western for,Mammalia,Carnivora,384.977,2260.54,Least Concern
Center human,Aves,Rodentia,4551.562,2580.25,Critically Endangered
Ability something,Mammalia,Squamata,3036.561,1343.05,Endangered
Daughter form,Reptilia,Passeriformes,4458.187,1824.79,Vulnerable
Response look,Mammalia,Primates,4626.396,227.02,Vulnerable
Either occur,Reptilia,Anura,67.381,2334.99,Near Threatened
Less civil,Reptilia,Passeriformes,224.847,1398.9,Least Concern
Because total,Amphibia,Primates,4217.296,2227.78,Critically Endangered
Concern seat,Actinopterygii,Passeriformes,1840.42,2267.16,Extinct in the Wild
That list,Aves,Primates,4581.268,113.2,Vulnerable
Impact when,Mammalia,Anura,1265.738,85.57,Vulnerable
Station cut,Actinopterygii,Passeriformes,3977.934,1832.51,Extinct in the Wild
Huge left,Actinopterygii,Anura,4592.117,2524.3,Vulnerable
Near home,Actinopterygii,Squamata,4575.133,45.75,Critically Endangered
Quality stand,Amphibia,Squamata,1741.955,1646.17,Least Concern
Less in,Mammalia,Anura,4617.568,1985.29,Least Concern
Them task,Amphibia,Passeriformes,110.193,1882.74,Near Threatened
Full paper,Aves,Squamata,3611.69,1387.83,Endangered
Perhaps look,Actinopterygii,Rodentia,3978.518,580.15,Endangered
Finally source,Amphibia,Rodentia,235.295,1851.75,Extinct in the Wild
Successful enough,Mammalia,Squamata,671.092,2921.76,Critically Endangered
Election decade,Mammalia,Anura,4912.535,1740.98,Near Threatened
Million prove,Amphibia,Carnivora,992.507,2020.06,Endangered
Model trial,Aves,Rodentia,4926.081,720.63,Least Concern
Agree ok,Reptilia,Anura,2931.311,2028.42,Least Concern
Try bar,Reptilia,Passeriformes,4038.143,1605.87,Extinct in the Wild
Movie clearly,Aves,Squamata,3932.104,1569.57,Critically Endangered
Perform magazine,Reptilia,Anura,1874.093,200.45,Vulnerable
Thing off,Actinopterygii,Primates,1676.984,2403.56,Least Concern
Those information,Mammalia,Primates,2400.716,2131.01,Endangered
Coach least,Reptilia,Carnivora,793.555,771.4,Near Threatened
Together worry,Mammalia,Primates,1739.286,924.65,Least Concern
Always lot,Aves,Anura,1250.871,635.6,Endangered
Carry impact,Aves,Carnivora,1784.049,2157.63,Least Concern
Charge rock,Amphibia,Squamata,828.978,1557.49,Vulnerable
Unit collection,Amphibia,Anura,46.659,1205.6,Least Concern
Hotel land,Actinopterygii,Anura,2293.598,1879.77,Vulnerable
Check know,Actinopterygii,Passeriformes,4732.989,477.7,Least Concern
Significant beat,Mammalia,Passeriformes,4597.754,913.18,Least Concern
Rather behind,Aves,Carnivora,558.845,1678.5,Endangered
Address treatment,Mammalia,Passeriformes,4398.751,2742.21,Extinct in the Wild
Message where,Actinopterygii,Anura,4207.53,294.86,Endangered
Leave cold,Actinopterygii,Rodentia,3950.611,251.16,Vulnerable
Performance of,Aves,Rodentia,1612.809,191.62,Least Concern
Audience tonight,Mammalia,Squamata,2209.998,2097.06,Least Concern
Myself report,Reptilia,Carnivora,4423.789,2340.68,Critically Endangered
Everyone attention,Mammalia,Squamata,3757.973,1826.03,Endangered
Coach seat,Reptilia,Squamata,1733.788,2976.11,Vulnerable
Kid speech,Aves,Primates,2071.452,1159.42,Endangered
Certain military,Amphibia,Passeriformes,982.794,1663.48,Endangered
Foot worker,Mammalia,Carnivora,665.906,323.7,Endangered
Model like,Aves,Primates,4851.661,822.52,Critically Endangered
Theory single,Mammalia,Rodentia,922.7,2453.79,Extinct in the Wild
Eight election,Aves,Squamata,4412.724,2160.99,Critically Endangered
Between message,Actinopterygii,Anura,4566.171,1954.23,Endangered
Both here,Mammalia,Carnivora,835.572,1072.63,Vulnerable
Season worker,Amphibia,Passeriformes,396.022,869.14,Extinct in the Wild
Step respond,Amphibia,Anura,819.723,2880.15,Near Threatened
Home drug,Mammalia,Squamata,2782.891,165.0,Critically Endangered
Lay no,Aves,Primates,663.963,321.72,Critically Endangered
Role people,Aves,Squamata,556.85,2148.79,Near Threatened
By turn,Amphibia,Anura,341.149,2349.29,Near Threatened
Little risk,Actinopterygii,Squamata,4707.053,1629.24,Least Concern
Politics into,Mammalia,Carnivora,2754.816,1009.31,Near Threatened
Stock message,Mammalia,Carnivora,351.936,331.13,Near Threatened
Maybe address,Aves,Passeriformes,3434.823,807.01,Least Concern
Would speech,Mammalia,Carnivora,4929.788,1518.76,Critically Endangered
Camera pressure,Actinopterygii,Anura,109.629,2831.14,Least Concern
Still instead,Amphibia,Passeriformes,2613.125,33.87,Extinct in the Wild
Exactly employee,Actinopterygii,Passeriformes,1735.402,1360.33,Near Threatened
Establish experience,Reptilia,Carnivora,4924.917,2200.91,Least Concern
Behind difficult,Reptilia,Rodentia,4939.413,2638.48,Endangered
College claim,Mammalia,Rodentia,1449.385,247.75,Least Concern
Show bad,Amphibia,Passeriformes,1104.653,341.99,Least Concern
Hot kind,Mammalia,Anura,1735.248,2948.2,Near Threatened
Hear center,Aves,Passeriformes,4647.243,2580.1,Endangered
Soon couple,Mammalia,Anura,3307.236,747.53,Extinct in the Wild
Near large,Amphibia,Primates,4877.796,1327.63,Near Threatened
Billion can,Reptilia,Squamata,2656.238,1829.54,Extinct in the Wild
Chance should,Amphibia,Rodentia,3611.287,2470.28,Extinct in the Wild
Arrive herself,Aves,Passeriformes,4390.904,2666.93,Critically Endangered
Your address,Amphibia,Rodentia,711.534,234.33,Least Concern
Around fear,Aves,Carnivora,2633.762,306.52,Vulnerable
Hold between,Actinopterygii,Rodentia,224.197,79.68,Extinct in the Wild
I to,Mammalia,Passeriformes,2376.555,732.04,Vulnerable
Candidate consumer,Actinopterygii,Squamata,4364.554,447.24,Least Concern
Red let,Aves,Anura,1884.526,1731.4,Least Concern
Center need,Mammalia,Squamata,3426.762,937.73,Least Concern
According different,Amphibia,Primates,1981.795,1675.78,Critically Endangered
Order receive,Amphibia,Passeriformes,2908.738,2851.45,Least Concern
Customer share,Reptilia,Carnivora,4575.907,105.77,Endangered
Glass group,Actinopterygii,Squamata,194.916,843.63,Extinct in the Wild
Record share,Aves,Primates,587.363,1769.05,Near Threatened
Collection role,Reptilia,Carnivora,2718.229,2287.73,Extinct in the Wild
Build second,Aves,Passeriformes,1304.197,1445.58,Least Concern
Town good,Aves,Carnivora,3163.621,1971.02,Least Concern
Budget trouble,Reptilia,Carnivora,2429.874,2786.39,Near Threatened
Least control,Actinopterygii,Carnivora,390.547,2430.56,Endangered
Kind where,Actinopterygii,Rodentia,2465.375,2142.93,Near Threatened
Of several,Amphibia,Carnivora,3514.647,331.07,Extinct in the Wild
Student including,Aves,Passeriformes,1912.179,55.25,Extinct in the Wild
Word figure,Amphibia,Anura,1551.723,1425.23,Vulnerable
Upon truth,Amphibia,Rodentia,3430.387,2923.64,Extinct in the Wild
Open very,Amphibia,Squamata,4332.16,2656.45,Extinct in the Wild
Affect bed,Reptilia,Carnivora,3864.35,392.09,Endangered
Teacher social,Aves,Passeriformes,2294.016,189.65,Near Threatened
Remember sort,Reptilia,Rodentia,2336.8,2080.8,Least Concern
System grow,Amphibia,Squamata,2185.353,497.69,Near Threatened
Try father,Reptilia,Carnivora,3838.345,1731.15,Critically Endangered
Production blood,Aves,Anura,581.847,1118.7,Extinct in the Wild
Impact a,Mammalia,Anura,3944.425,628.88,Vulnerable
Budget last,Amphibia,Anura,3374.727,956.24,Extinct in the Wild
Industry bring,Mammalia,Carnivora,4431.54,2517.57,Critically Endangered
Else paper,Amphibia,Anura,3081.527,1239.16,Extinct in the Wild
Do east,Aves,Passeriformes,2549.687,2519.0,Vulnerable
Before require,Actinopterygii,Primates,401.652,974.4,Near Threatened
Born actually,Actinopterygii,Passeriformes,4649.817,230.27,Endangered
Wide something,Amphibia,Squamata,1765.908,1799.43,Vulnerable
Body cup,Actinopterygii,Rodentia,1237.422,2833.39,Critically Endangered
Step believe,Amphibia,Rodentia,590.852,1273.49,Endangered
Draw movie,Actinopterygii,Primates,725.963,971.74,Critically Endangered
Executive where,Reptilia,Squamata,2142.778,1790.34,Least Concern
Their early,Aves,Rodentia,1107.094,522.99,Near Threatened
Thus least,Actinopterygii,Passeriformes,2965.493,1374.17,Endangered
And attack,Reptilia,Carnivora,1479.619,704.84,Least Concern
Commercial production,Mammalia,Primates,4009.355,1899.52,Near Threatened
Less you,Mammalia,Squamata,3577.914,605.19,Endangered
Site school,Aves,Carnivora,2884.557,1271.09,Endangered
One training,Aves,Carnivora,4610.39,1019.33,Extinct in the Wild
Day about,Reptilia,Squamata,1862.233,2461.44,Critically Endangered
Tough put,Mammalia,Passeriformes,988.997,315.22,Near Threatened
Three research,Reptilia,Anura,1142.409,1880.75,Endangered
Mother administration,Reptilia,Anura,3523.52,2461.4,Endangered
Including often,Aves,Primates,1700.048,1380.46,Vulnerable
Sense third,Amphibia,Anura,2217.063,1435.7,Vulnerable
Pm hour,Mammalia,Anura,676.434,2934.62,Extinct in the Wild
Similar trade,Reptilia,Carnivora,2631.15,807.74,Endangered
Animal now,Reptilia,Passeriformes,738.285,806.06,Endangered
Themselves possible,Mammalia,Squamata,3484.881,2540.64,Critically Endangered
Writer soon,Actinopterygii,Anura,658.976,1998.73,Near Threatened
Worry force,Mammalia,Passeriformes,1476.356,802.8,Near Threatened
Buy modern,Actinopterygii,Carnivora,4915.283,2453.53,Critically Endangered
Experience available,Amphibia,Squamata,760.038,1883.66,Critically Endangered
Foot popular,Amphibia,Squamata,3361.395,1393.08,Near Threatened
Language agency,Actinopterygii,Anura,259.969,2838.49,Least Concern
Edge note,Mammalia,Primates,1367.728,2334.04,Critically Endangered
Shoulder perhaps,Amphibia,Carnivora,4010.129,370.4,Vulnerable
Up issue,Aves,Rodentia,2586.196,2489.05,Vulnerable
Really result,Aves,Primates,3982.477,1502.36,Vulnerable
Him theory,Mammalia,Passeriformes,3454.949,2521.98,Extinct in the Wild
Generation beautiful,Amphibia,Primates,3539.988,1125.73,Vulnerable
Well card,Reptilia,Squamata,264.382,1676.04,Endangered
Artist from,Actinopterygii,Carnivora,1944.539,2306.47,Extinct in the Wild
Film feeling,Mammalia,Anura,1989.662,2588.66,Extinct in the Wild
Science statement,Reptilia,Rodentia,1569.681,2056.14,Critically Endangered
Blood ever,Reptilia,Rodentia,2390.479,362.08,Critically Endangered
You mouth,Amphibia,Rodentia,4515.769,754.98,Critically Endangered
Around successful,Reptilia,Anura,2781.015,1876.44,Vulnerable
Pm determine,Actinopterygii,Passeriformes,3047.61,543.19,Near Threatened
Recently body,Amphibia,Anura,115.469,2004.92,Least Concern
Successful interview,Reptilia,Rodentia,2662.973,847.27,Endangered
College half,Reptilia,Carnivora,170.587,595.35,Extinct in the Wild
Detail could,Aves,Anura,3682.706,974.99,Vulnerable
Themselves song,Reptilia,Rodentia,2040.586,2116.19,Endangered
Student together,Reptilia,Passeriformes,3682.457,2057.92,Vulnerable
Scene use,Mammalia,Primates,1955.184,388.06,Least Concern
Approach number,Aves,Rodentia,4750.067,562.71,Endangered
Clearly house,Amphibia,Primates,24.076,1198.3,Endangered
City reality,Reptilia,Primates,775.323,1872.78,Endangered
Degree resource,Aves,Passeriformes,599.558,2078.6,Extinct in the Wild
Mission history,Actinopterygii,Anura,4862.123,235.92,Least Concern
Letter walk,Actinopterygii,Anura,3621.726,1066.46,Least Concern
Religious window,Amphibia,Anura,2523.904,1443.44,Least Concern
Least maintain,Aves,Carnivora,1731.178,1787.39,Vulnerable
They personal,Amphibia,Passeriformes,4839.619,878.25,Near Threatened
Care buy,Amphibia,Passeriformes,891.285,665.52,Endangered
Table case,Mammalia,Carnivora,3293.629,2651.82,Least Concern
Individual fast,Aves,Squamata,2465.779,2245.81,Vulnerable
Fund goal,Aves,Squamata,107.212,1353.01,Critically Endangered
Century fast,Actinopterygii,Passeriformes,1560.156,1954.73,Vulnerable
Theory above,Amphibia,Anura,4462.241,1244.4,Endangered
Model cold,Reptilia,Passeriformes,2296.709,2928.8,Near Threatened
Card a,Mammalia,Squamata,327.62,2897.12,Near Threatened
Easy scientist,Actinopterygii,Squamata,872.05,698.43,Critically Endangered
Site person,Actinopterygii,Primates,3159.226,2442.75,Least Concern
Home factor,Amphibia,Rodentia,1320.512,2338.41,Extinct in the Wild
Open success,Actinopterygii,Primates,3733.482,403.44,Least Concern
Travel physical,Reptilia,Carnivora,1150.192,36.4,Endangered
Meet former,Reptilia,Rodentia,2431.035,2260.82,Critically Endangered
Other alone,Aves,Primates,3355.531,134.09,Extinct in the Wild
Democratic road,Aves,Carnivora,1070.312,90.96,Extinct in the Wild
Quality actually,Actinopterygii,Anura,2501.694,1814.46,Extinct in the Wild
Situation set,Actinopterygii,Squamata,1215.928,2593.26,Near Threatened
Husband follow,Mammalia,Rodentia,3714.402,2342.45,Vulnerable
Give professional,Reptilia,Squamata,3110.162,1173.69,Least Concern
Bed middle,Actinopterygii,Rodentia,1203.677,56.79,Critically Endangered
Body soon,Aves,Passeriformes,4602.886,1985.47,Near Threatened
Give cause,Mammalia,Passeriformes,3384.386,2991.89,Least Concern
Tree happy,Aves,Rodentia,77.049,1908.76,Critically Endangered
Wrong partner,Actinopterygii,Passeriformes,4494.103,517.1,Endangered
Nice religious,Mammalia,Primates,4338.386,816.27,Critically Endangered
Water skill,Mammalia,Primates,4682.723,1885.32,Critically Endangered
Life beautiful,Amphibia,Squamata,662.399,2545.31,Critically Endangered
Effect protect,Amphibia,Squamata,3783.649,1298.48,Least Concern
Arm couple,Actinopterygii,Primates,2630.474,1440.66,Near Threatened
Section into,Reptilia,Passeriformes,4565.763,866.53,Endangered
General civil,Aves,Carnivora,1736.566,901.79,Least Concern
Anything a,Aves,Squamata,535.898,2706.19,Endangered
Individual night,Actinopterygii,Carnivora,1279.065,980.84,Critically Endangered
These age,Amphibia,Primates,498.559,2285.26,Critically Endangered
Three firm,Amphibia,Primates,2601.071,710.73,Critically Endangered
None person,Reptilia,Primates,3933.765,785.64,Critically Endangered
Course industry,Reptilia,Squamata,301.289,460.99,Extinct in the Wild
Rule sound,Amphibia,Passeriformes,155.232,2626.26,Vulnerable
Return total,Actinopterygii,Primates,2367.492,1277.8,Vulnerable
Stage everyone,Actinopterygii,Passeriformes,1876.098,1470.82,Extinct in the Wild
Each car,Reptilia,Anura,261.92,2351.33,Endangered
Scientist ever,Aves,Primates,2260.514,1407.08,Extinct in the Wild
Pretty between,Aves,Passeriformes,4889.446,779.59,Critically Endangered
Within deal,Actinopterygii,Passeriformes,2564.087,2668.9,Vulnerable
Organization assume,Mammalia,Primates,2586.775,20.66,Endangered
Daughter with,Actinopterygii,Passeriformes,626.427,912.59,Critically Endangered
Rich plant,Actinopterygii,Squamata,3403.37,2351.47,Extinct in the Wild
Name argue,Reptilia,Anura,282.762,290.23,Vulnerable
Group project,Reptilia,Passeriformes,2164.573,2435.78,Least Concern
His start,Reptilia,Passeriformes,3251.102,460.23,Critically Endangered
Why identify,Actinopterygii,Rodentia,860.863,1933.81,Critically Endangered
Enough section,Actinopterygii,Passeriformes,102.597,2559.88,Endangered
Home anything,Actinopterygii,Anura,2443.944,2488.79,Vulnerable
Product movement,Reptilia,Anura,1627.891,2083.27,Near Threatened
Entire first,Mammalia,Squamata,1218.519,2279.7,Least Concern
Now next,Actinopterygii,Carnivora,2277.774,1323.83,Least Concern
Gas task,Aves,Rodentia,4735.378,2128.1,Critically Endangered
Sell participant,Aves,Squamata,4123.226,2164.26,Near Threatened
Environmental choice,Aves,Anura,309.845,488.62,Near Threatened
Current force,Aves,Passeriformes,1490.366,556.73,Endangered
Page with,Aves,Carnivora,2453.113,2359.36,Near Threatened
Science lawyer,Aves,Anura,3160.956,2900.76,Critically Endangered
Garden apply,Reptilia,Rodentia,2138.917,2240.59,Endangered
Protect man,Mammalia,Primates,5.581,1823.08,Extinct in the Wild
Bring expert,Mammalia,Primates,2096.558,2733.93,Critically Endangered
Middle development,Actinopterygii,Carnivora,3669.637,66.45,Least Concern
Determine commercial,Aves,Primates,3894.026,2836.31,Endangered
Several animal,Amphibia,Passeriformes,4935.085,2016.23,Critically Endangered
Response hotel,Reptilia,Anura,2958.161,1136.34,Vulnerable
Others city,Aves,Anura,1634.763,1854.52,Vulnerable
Wide candidate,Mammalia,Rodentia,2355.28,508.53,Near Threatened
When military,Mammalia,Rodentia,4103.562,2250.68,Critically Endangered
Customer soon,Amphibia,Rodentia,4424.278,2653.03,Endangered
Keep future,Reptilia,Rodentia,2484.613,1144.64,Endangered
Good then,Aves,Primates,3674.495,1517.07,Critically Endangered
Set far,Actinopterygii,Primates,773.787,2284.53,Endangered
Seat account,Reptilia,Passeriformes,1714.487,1832.63,Near Threatened
His physical,Amphibia,Primates,4871.445,2329.63,Vulnerable
Factor heart,Aves,Rodentia,1326.64,1602.53,Critically Endangered
Next save,Amphibia,Anura,3091.995,2999.7,Near Threatened
Camera note,Actinopterygii,Carnivora,1172.755,1373.82,Endangered
Clear ability,Amphibia,Rodentia,3326.564,1826.5,Least Concern
Beyond president,Actinopterygii,Rodentia,2651.408,336.49,Endangered
Hotel exactly,Actinopterygii,Passeriformes,1146.836,783.97,Least Concern
Long mother,Reptilia,Carnivora,4002.741,1246.01,Vulnerable
Miss course,Amphibia,Primates,4350.647,808.95,Endangered
Form tough,Actinopterygii,Carnivora,3723.417,227.15,Endangered
Six worry,Mammalia,Anura,3101.356,1526.26,Extinct in the Wild
Star similar,Mammalia,Rodentia,4577.857,266.98,Extinct in the Wild
Nation political,Aves,Rodentia,3226.027,2387.68,Near Threatened
Little thus,Amphibia,Rodentia,4864.418,1653.07,Extinct in the Wild
Investment yard,Amphibia,Rodentia,910.42,2478.13,Endangered
Medical new,Reptilia,Carnivora,1647.315,1023.63,Extinct in the Wild
Forget itself,Reptilia,Carnivora,3210.637,2273.54,Critically Endangered
Clearly we,Aves,Passeriformes,4871.114,1423.88,Vulnerable
More field,Amphibia,Primates,952.409,1814.26,Endangered
Feel look,Amphibia,Passeriformes,1385.538,2272.7,Near Threatened
Statement sea,Reptilia,Squamata,2591.455,469.0,Vulnerable
State avoid,Mammalia,Passeriformes,197.702,1186.71,Endangered
They realize,Mammalia,Anura,1569.341,2830.01,Endangered
Move order,Aves,Carnivora,1203.193,596.11,Critically Endangered
Will third,Amphibia,Passeriformes,4772.861,2168.86,Least Concern
Game need,Actinopterygii,Rodentia,1670.729,866.25,Vulnerable
Pick whose,Amphibia,Anura,2011.804,2331.62,Endangered
Kid not,Mammalia,Passeriformes,1567.101,1515.58,Endangered
Add whether,Aves,Anura,4039.636,460.17,Near Threatened
Discover protect,Amphibia,Rodentia,4747.181,662.75,Vulnerable
These now,Aves,Carnivora,4140.668,2208.39,Critically Endangered
Throughout laugh,Amphibia,Anura,3764.295,1558.32,Least Concern
People radio,Actinopterygii,Rodentia,4540.538,1131.52,Critically Endangered
President face,Reptilia,Carnivora,3387.373,315.96,Near Threatened
Quality page,Mammalia,Rodentia,4768.779,680.14,Endangered
Information mention,Actinopterygii,Anura,4243.946,2460.11,Near Threatened
Whether couple,Actinopterygii,Anura,1100.28,1966.0,Least Concern
Top positive,Mammalia,Rodentia,977.966,93.79,Least Concern
Itself idea,Actinopterygii,Rodentia,2644.195,1691.47,Extinct in the Wild
Design natural,Mammalia,Rodentia,2068.059,1415.46,Endangered
Ask authority,Actinopterygii,Anura,2068.327,2255.33,Endangered
Figure anyone,Aves,Passeriformes,1535.738,691.59,Extinct in the Wild
Finish subject,Mammalia,Primates,632.421,1869.73,Critically Endangered
Government successful,Actinopterygii,Squamata,920.685,2899.89,Least Concern
Computer explain,Reptilia,Passeriformes,1302.858,721.19,Vulnerable
Possible answer,Mammalia,Squamata,2548.662,2990.88,Least Concern
Actually seven,Aves,Squamata,1406.103,934.59,Extinct in the Wild
Let ready,Aves,Passeriformes,1920.937,2663.04,Near Threatened
Whether ahead,Reptilia,Carnivora,1794.556,2211.9,Critically Endangered
Since room,Aves,Passeriformes,1281.829,2740.56,Least Concern
Draw consumer,Mammalia,Anura,3513.146,475.71,Endangered
Reflect some,Reptilia,Squamata,2828.871,1757.79,Endangered
Along conference,Reptilia,Squamata,4780.0,1745.04,Extinct in the Wild
Support lay,Reptilia,Anura,2857.211,282.99,Vulnerable
Clearly chance,Aves,Anura,4382.792,539.96,Endangered
Policy pull,Reptilia,Carnivora,1475.381,2372.48,Endangered
Rise relationship,Actinopterygii,Primates,2746.284,2179.61,Least Concern
He month,Amphibia,Carnivora,4241.541,1808.58,Least Concern
Keep ground,Aves,Primates,4878.355,1742.83,Vulnerable
Edge because,Actinopterygii,Carnivora,3176.732,1680.8,Extinct in the Wild
Know popular,Aves,Passeriformes,2206.037,103.42,Least Concern
Concern similar,Mammalia,Squamata,4708.49,1567.9,Near Threatened
Soldier feel,Mammalia,Primates,301.334,1171.07,Endangered
Citizen before,Actinopterygii,Rodentia,1472.398,1206.28,Extinct in the Wild
Different tax,Aves,Rodentia,2656.718,2909.92,Critically Endangered
Child start,Reptilia,Rodentia,3442.892,618.84,Vulnerable
Seem art,Reptilia,Passeriformes,662.579,1158.74,Extinct in the Wild
Write so,Mammalia,Rodentia,4650.959,1506.39,Critically Endangered
Movement son,Reptilia,Passeriformes,3893.744,116.4,Extinct in the Wild
Respond back,Reptilia,Primates,4874.774,1295.15,Least Concern
Opportunity price,Aves,Squamata,4933.494,377.28,Least Concern
Nature ok,Amphibia,Squamata,4706.678,479.64,Vulnerable
Court southern,Mammalia,Primates,4076.315,852.37,Near Threatened
Company other,Mammalia,Rodentia,4411.404,2171.39,Near Threatened
Sort decision,Amphibia,Passeriformes,1449.232,1817.44,Critically Endangered
Suffer total,Aves,Passeriformes,855.263,267.25,Extinct in the Wild
Apply impact,Reptilia,Squamata,4256.369,245.53,Endangered
Serious a,Actinopterygii,Anura,108.525,1900.06,Vulnerable
Test others,Actinopterygii,Passeriformes,648.319,2236.53,Least Concern
Section seat,Reptilia,Carnivora,1770.619,35.77,Least Concern
Star eat,Amphibia,Passeriformes,3330.082,731.63,Critically Endangered
Mission each,Mammalia,Anura,1504.237,1957.79,Near Threatened
Yard general,Reptilia,Rodentia,3020.268,2846.94,Endangered
Best southern,Reptilia,Rodentia,2806.24,2182.08,Endangered
Rise huge,Aves,Rodentia,182.881,2226.08,Critically Endangered
Respond inside,Reptilia,Primates,4380.12,1873.63,Near Threatened
Answer tell,Reptilia,Squamata,2987.556,1615.77,Near Threatened
Degree it,Amphibia,Carnivora,1625.953,2562.56,Extinct in the Wild
Let police,Amphibia,Squamata,3503.033,2242.22,Critically Endangered
Wonder particular,Aves,Squamata,3702.702,1602.7,Critically Endangered
Example political,Reptilia,Rodentia,3712.346,814.68,Critically Endangered
Money group,Mammalia,Primates,2506.416,262.49,Near Threatened
Share be,Actinopterygii,Rodentia,4212.882,315.33,Least Concern
Sign particular,Amphibia,Anura,496.966,2225.5,Least Concern
Reason role,Mammalia,Squamata,1031.366,1425.16,Extinct in the Wild
Commercial more,Aves,Squamata,2740.859,2200.0,Least Concern
Morning since,Actinopterygii,Rodentia,592.54,2628.0,Critically Endangered
People growth,Reptilia,Squamata,1429.046,149.44,Endangered
Conference control,Aves,Squamata,1329.275,2679.14,Endangered
Seem movement,Mammalia,Anura,3725.894,2891.35,Extinct in the Wild
View good,Aves,Anura,1759.664,1437.9,Extinct in the Wild
Still build,Mammalia,Passeriformes,2297.794,1577.02,Endangered
Expert serious,Mammalia,Squamata,3623.245,1957.99,Near Threatened
Step recent,Reptilia,Primates,1415.451,2493.32,Critically Endangered
Join whether,Aves,Carnivora,3539.49,2676.18,Endangered
Music agreement,Amphibia,Anura,3546.071,2734.37,Critically Endangered
Single more,Actinopterygii,Rodentia,1301.816,1103.98,Vulnerable
Successful church,Amphibia,Anura,1967.034,1497.61,Vulnerable
College laugh,Actinopterygii,Passeriformes,4420.322,1687.3,Vulnerable
You discuss,Aves,Primates,2369.748,1456.28,Vulnerable
Year into,Mammalia,Anura,3177.013,1655.55,Extinct in the Wild
Rest age,Mammalia,Primates,316.576,2845.62,Vulnerable
Career despite,Actinopterygii,Anura,3537.222,1257.04,Least Concern
Age administration,Aves,Primates,4092.242,444.75,Endangered
Member somebody,Actinopterygii,Anura,1343.589,90.74,Least Concern
Right front,Actinopterygii,Squamata,1021.634,366.4,Least Concern
Reality drop,Aves,Passeriformes,1927.829,1401.01,Near Threatened
Window least,Amphibia,Anura,2683.482,460.58,Extinct in the Wild
Medical none,Mammalia,Passeriformes,4275.66,815.84,Endangered
Black just,Reptilia,Carnivora,16.489,1085.93,Vulnerable
Record attention,Amphibia,Carnivora,795.015,2111.71,Endangered
Exactly various,Actinopterygii,Passeriformes,4108.018,2935.23,Vulnerable
Certain mind,Mammalia,Carnivora,285.677,943.99,Endangered
Good commercial,Amphibia,Primates,4356.262,2331.58,Critically Endangered
Message get,Actinopterygii,Rodentia,1135.275,2641.28,Near Threatened
Pattern so,Reptilia,Rodentia,1365.119,578.78,Near Threatened
Public agreement,Amphibia,Carnivora,2469.031,637.3,Endangered
Recent movement,Amphibia,Carnivora,982.069,2642.51,Near Threatened
Surface exist,Actinopterygii,Anura,3353.034,277.01,Critically Endangered
Let investment,Reptilia,Squamata,2538.99,2852.63,Critically Endangered
Computer page,Amphibia,Squamata,2691.495,1736.48,Least Concern
Son produce,Aves,Passeriformes,4793.354,1878.96,Least Concern
Trial wear,Aves,Passeriformes,93.029,407.77,Near Threatened
Top visit,Amphibia,Carnivora,2962.429,703.97,Near Threatened
Event democratic,Amphibia,Squamata,2419.737,1005.49,Near Threatened
Model degree,Mammalia,Primates,4342.719,1766.5,Near Threatened
Card around,Actinopterygii,Anura,1149.367,2885.22,Least Concern
Source science,Mammalia,Squamata,3463.785,44.2,Near Threatened
Become police,Mammalia,Carnivora,945.273,1139.22,Critically Endangered
Realize son,Mammalia,Rodentia,4201.382,2168.48,Least Concern
Write always,Amphibia,Primates,4290.897,1130.33,Least Concern
Value really,Actinopterygii,Passeriformes,3135.258,1964.38,Critically Endangered
Weight sell,Amphibia,Primates,90.864,2917.42,Vulnerable
Region store,Reptilia,Carnivora,402.922,2527.09,Endangered
Month indicate,Aves,Squamata,1413.881,458.17,Vulnerable
Specific plant,Actinopterygii,Primates,736.771,2396.44,Extinct in the Wild
Ready prepare,Actinopterygii,Primates,4071.404,2628.33,Near Threatened
Debate you,Amphibia,Squamata,1060.796,1369.32,Extinct in the Wild
Seem sister,Actinopterygii,Carnivora,593.776,1751.08,Near Threatened
Population far,Aves,Squamata,3394.845,700.9,Extinct in the Wild
Hotel evening,Aves,Rodentia,2045.968,252.73,Near Threatened
Should act,Aves,Passeriformes,2568.677,707.76,Vulnerable
Small front,Actinopterygii,Anura,4477.718,1847.08,Vulnerable
Their machine,Reptilia,Rodentia,955.326,593.26,Least Concern
Affect seek,Mammalia,Primates,736.75,959.81,Vulnerable
Receive reach,Amphibia,Squamata,3026.126,2202.87,Critically Endangered
Arm we,Mammalia,Passeriformes,1156.484,2801.26,Endangered
Ability issue,Mammalia,Primates,1414.756,2714.62,Endangered
Well produce,Aves,Rodentia,1823.284,1815.19,Near Threatened
View own,Mammalia,Passeriformes,2762.888,11.9,Least Concern
Meeting husband,Aves,Primates,3059.379,1986.42,Vulnerable
Every tree,Amphibia,Passeriformes,3869.715,2104.84,Endangered
Blue economic,Reptilia,Carnivora,3686.912,1789.15,Endangered
She loss,Mammalia,Rodentia,1618.3,1496.16,Vulnerable
Official any,Mammalia,Anura,4713.091,2323.84,Vulnerable
Person safe,Mammalia,Passeriformes,4604.028,1280.22,Vulnerable
Drug anything,Reptilia,Rodentia,2453.311,584.38,Extinct in the Wild
View create,Mammalia,Primates,4752.321,2866.2,Near Threatened
Reflect term,Amphibia,Rodentia,2011.478,2411.57,Critically Endangered
Off room,Amphibia,Rodentia,3719.387,2743.01,Near Threatened
Special reach,Amphibia,Anura,2186.46,2679.31,Least Concern
Nice amount,Reptilia,Anura,3954.137,1755.46,Near Threatened
Least college,Actinopterygii,Passeriformes,673.972,480.38,Vulnerable
Since administration,Reptilia,Primates,4987.35,1780.97,Vulnerable
Make involve,Reptilia,Passeriformes,3908.044,1779.6,Extinct in the Wild
Become friend,Reptilia,Primates,3616.389,1603.8,Near Threatened
Maybe drug,Actinopterygii,Anura,1963.924,1385.34,Near Threatened
Blood help,Reptilia,Anura,2375.416,973.4,Least Concern
Wonder my,Actinopterygii,Passeriformes,2455.078,141.35,Vulnerable
Area easy,Reptilia,Anura,104.922,92.91,Extinct in the Wild
Future meet,Actinopterygii,Primates,4268.456,285.16,Vulnerable
Agency exist,Actinopterygii,Rodentia,3652.587,1658.61,Near Threatened
South knowledge,Aves,Squamata,752.971,1319.52,Critically Endangered
Television such,Amphibia,Carnivora,894.849,1064.28,Endangered
Program describe,Actinopterygii,Passeriformes,4673.332,333.41,Vulnerable
Hotel worry,Reptilia,Squamata,2926.603,2842.89,Critically Endangered
Security approach,Actinopterygii,Primates,3274.233,1540.33,Extinct in the Wild
Current top,Aves,Squamata,4498.255,2200.91,Least Concern
Once participant,Actinopterygii,Carnivora,4370.804,2870.64,Extinct in the Wild
Analysis why,Reptilia,Anura,3971.707,1697.02,Extinct in the Wild
Change field,Aves,Rodentia,3138.264,2958.0,Endangered
Show however,Mammalia,Passeriformes,2573.165,1317.68,Critically Endangered
Arrive free,Mammalia,Carnivora,916.041,1598.03,Endangered
Media third,Amphibia,Primates,2814.408,403.02,Near Threatened
Argue similar,Actinopterygii,Passeriformes,4850.784,361.56,Least Concern
Officer international,Reptilia,Anura,1697.817,2421.56,Extinct in the Wild
End field,Actinopterygii,Squamata,1002.543,2615.72,Least Concern
Ten language,Aves,Passeriformes,2385.234,415.14,Critically Endangered
Individual hair,Aves,Squamata,4808.565,90.92,Endangered
Watch thank,Mammalia,Anura,4446.451,684.65,Near Threatened
Science real,Aves,Rodentia,3492.046,395.95,Critically Endangered
Skill natural,Amphibia,Passeriformes,67.319,720.82,Vulnerable
Scene because,Actinopterygii,Anura,4441.319,1607.98,Extinct in the Wild
Culture message,Aves,Rodentia,3827.871,2290.0,Near Threatened
Off bring,Aves,Primates,1996.996,1570.13,Near Threatened
Fast performance,Mammalia,Anura,1457.876,2137.21,Near Threatened
Apply price,Aves,Anura,1774.171,819.14,Endangered
Production room,Amphibia,Rodentia,3659.894,208.46,Vulnerable
Television cup,Aves,Squamata,2745.062,2875.32,Endangered
Arrive movie,Actinopterygii,Squamata,375.499,830.18,Endangered
Until west,Actinopterygii,Primates,2498.335,1619.83,Near Threatened
Music protect,Mammalia,Anura,3429.09,25.69,Critically Endangered
Authority always,Aves,Anura,3351.031,795.81,Endangered
Tonight want,Amphibia,Carnivora,4566.819,2871.79,Vulnerable
Peace particularly,Reptilia,Squamata,2707.204,152.1,Near Threatened
Major attack,Mammalia,Rodentia,745.732,719.0,Vulnerable
Task until,Reptilia,Squamata,711.075,1380.25,Least Concern
Human population,Aves,Anura,363.188,1510.63,Critically Endangered
Identify stay,Mammalia,Carnivora,2859.462,2004.11,Least Concern
Of stuff,Amphibia,Carnivora,1955.392,132.99,Near Threatened
Time huge,Aves,Passeriformes,3926.15,1169.04,Vulnerable
Evidence food,Amphibia,Passeriformes,398.95,1543.72,Extinct in the Wild
City card,Aves,Carnivora,1063.061,1935.64,Extinct in the Wild
Position music,Aves,Primates,1855.342,2828.82,Critically Endangered
Operation always,Mammalia,Passeriformes,2978.226,2853.13,Extinct in the Wild
Trade offer,Aves,Anura,78.575,1023.61,Critically Endangered
Though development,Amphibia,Squamata,4427.121,1682.89,Near Threatened
Choose garden,Aves,Anura,1357.256,2333.12,Least Concern
Budget around,Aves,Squamata,2655.653,2279.2,Extinct in the Wild
Month increase,Amphibia,Carnivora,165.033,2115.75,Least Concern
Push ten,Amphibia,Anura,1827.279,413.29,Vulnerable
Bed good,Reptilia,Primates,3216.449,615.99,Vulnerable
Former professor,Aves,Carnivora,4951.759,217.55,Near Threatened
Because few,Mammalia,Passeriformes,452.059,2902.06,Least Concern
Consider number,Actinopterygii,Passeriformes,3368.61,439.55,Extinct in the Wild
Recently family,Mammalia,Passeriformes,1561.746,2072.45,Least Concern
Box line,Reptilia,Squamata,1618.168,2091.29,Endangered
Evidence have,Amphibia,Anura,2225.063,2234.39,Critically Endangered
Although example,Aves,Rodentia,2950.561,2286.54,Extinct in the Wild
Out sit,Amphibia,Squamata,268.247,1190.26,Least Concern
Woman live,Mammalia,Rodentia,4792.604,443.17,Vulnerable
Country later,Amphibia,Squamata,4002.125,641.06,Near Threatened
Police mean,Aves,Passeriformes,3134.204,709.63,Critically Endangered
Program such,Actinopterygii,Passeriformes,3678.161,2913.25,Least Concern
Boy hair,Aves,Carnivora,2100.371,2394.2,Critically Endangered
Security mention,Amphibia,Primates,1049.878,2488.32,Endangered
Partner anyone,Amphibia,Squamata,3554.783,2392.28,Least Concern
Upon clearly,Reptilia,Anura,2436.88,1479.41,Extinct in the Wild
Among next,Reptilia,Primates,4751.575,2178.38,Extinct in the Wild
Though tend,Aves,Anura,2766.944,800.42,Endangered
Radio memory,Reptilia,Squamata,285.675,1361.52,Least Concern
Only reduce,Actinopterygii,Primates,2146.631,1897.53,Vulnerable
Discussion few,Amphibia,Passeriformes,1158.062,2004.3,Critically Endangered
Sometimes case,Aves,Passeriformes,1167.464,181.95,Endangered
Late practice,Reptilia,Rodentia,3918.447,407.09,Near Threatened
Nice his,Amphibia,Anura,456.467,1163.13,Vulnerable
Cost positive,Aves,Rodentia,253.24,2910.27,Least Concern
Beyond reduce,Actinopterygii,Passeriformes,382.833,1621.05,Vulnerable
Their agency,Aves,Squamata,1942.439,1198.18,Vulnerable
Power person,Actinopterygii,Squamata,1367.5,367.38,Least Concern
Career through,Aves,Rodentia,4553.409,2304.11,Least Concern
Say of,Actinopterygii,Anura,3000.179,2992.78,Vulnerable
Run movement,Actinopterygii,Anura,2868.21,1305.8,Extinct in the Wild
By visit,Actinopterygii,Rodentia,2399.128,537.85,Least Concern
Lot put,Actinopterygii,Rodentia,1947.418,2813.85,Endangered
Event direction,Amphibia,Carnivora,1814.959,2066.14,Critically Endangered
Personal yes,Amphibia,Squamata,2613.433,1613.58,Critically Endangered
Else quickly,Actinopterygii,Carnivora,82.314,2785.7,Near Threatened
Line ago,Actinopterygii,Squamata,2949.093,1893.12,Critically Endangered
Only until,Amphibia,Passeriformes,3126.811,925.86,Vulnerable
Night side,Mammalia,Primates,4984.89,2124.7,Vulnerable
Trial still,Amphibia,Anura,4879.827,2949.13,Critically Endangered
Day nothing,Reptilia,Rodentia,1100.975,1973.63,Vulnerable
Step deep,Actinopterygii,Anura,2446.375,1065.03,Vulnerable
Parent strategy,Mammalia,Carnivora,847.661,489.25,Near Threatened
Music present,Reptilia,Anura,3273.082,139.65,Endangered
Through than,Mammalia,Primates,4177.616,1633.09,Extinct in the Wild
Its southern,Amphibia,Squamata,1264.693,1343.29,Extinct in the Wild
Hot analysis,Aves,Anura,413.676,977.47,Extinct in the Wild
Feeling their,Mammalia,Anura,3761.316,1479.85,Vulnerable
Clearly probably,Actinopterygii,Passeriformes,3261.492,2245.24,Vulnerable
Soon stuff,Mammalia,Passeriformes,4916.857,648.33,Critically Endangered
Four think,Mammalia,Squamata,4316.212,2981.33,Near Threatened
Within create,Amphibia,Carnivora,3354.013,1934.44,Least Concern
Firm politics,Actinopterygii,Passeriformes,791.8,2567.01,Near Threatened
Debate rule,Actinopterygii,Rodentia,4520.736,1285.51,Extinct in the Wild
Though civil,Aves,Carnivora,253.379,67.74,Least Concern
Record conference,Amphibia,Rodentia,3383.796,196.97,Vulnerable
Hand course,Amphibia,Squamata,2220.56,2696.3,Endangered
Big discuss,Mammalia,Passeriformes,3769.982,1490.88,Vulnerable
Smile culture,Mammalia,Anura,2684.853,850.23,Vulnerable
Plant business,Reptilia,Squamata,1595.079,1250.83,Endangered
Miss paper,Actinopterygii,Anura,3627.482,1015.76,Least Concern
Process cultural,Aves,Rodentia,1711.786,1561.81,Least Concern
Only pattern,Mammalia,Squamata,3149.376,2816.45,Vulnerable
Stay main,Aves,Squamata,1728.331,1337.51,Vulnerable
Effect customer,Actinopterygii,Rodentia,1234.543,2962.33,Endangered
Enjoy address,Actinopterygii,Anura,4303.638,1452.42,Endangered
Bar gun,Amphibia,Carnivora,4164.415,731.8,Extinct in the Wild
Bar trouble,Reptilia,Carnivora,4856.696,2387.42,Extinct in the Wild
Behind everyone,Mammalia,Passeriformes,3651.873,2112.08,Endangered
Environment line,Mammalia,Passeriformes,1025.911,2556.91,Least Concern
Happen agreement,Actinopterygii,Primates,4966.871,1885.74,Vulnerable
Already avoid,Actinopterygii,Squamata,257.652,1662.45,Critically Endangered
Back position,Amphibia,Carnivora,2166.231,1186.73,Least Concern
Religious myself,Actinopterygii,Passeriformes,2115.175,246.99,Endangered
Tv better,Aves,Rodentia,472.319,2612.7,Endangered
Conference success,Actinopterygii,Carnivora,4410.51,1653.99,Near Threatened
Catch color,Aves,Primates,3371.441,1769.97,Least Concern
Throughout rate,Reptilia,Anura,3095.338,2391.27,Endangered
Inside seek,Reptilia,Rodentia,3778.191,1361.35,Vulnerable
Adult short,Aves,Primates,4978.93,709.72,Vulnerable
War free,Mammalia,Anura,3604.571,2112.66,Near Threatened
Word responsibility,Aves,Squamata,1518.63,554.48,Endangered
Consumer where,Actinopterygii,Carnivora,409.755,2042.22,Near Threatened
Note worker,Actinopterygii,Squamata,2124.225,50.92,Near Threatened
Side big,Mammalia,Anura,4418.5,2150.96,Endangered
Middle inside,Amphibia,Primates,811.738,1708.59,Endangered
Stop threat,Mammalia,Anura,4957.813,1435.43,Vulnerable
Pass talk,Mammalia,Passeriformes,3579.51,2023.58,Vulnerable
Popular late,Actinopterygii,Rodentia,3616.876,1542.25,Vulnerable
Understand along,Mammalia,Anura,4905.407,933.17,Near Threatened
How democratic,Reptilia,Rodentia,2950.168,2361.75,Near Threatened
Mother conference,Aves,Rodentia,2951.501,104.38,Least Concern
Present letter,Reptilia,Squamata,2855.619,324.08,Endangered
Building believe,Actinopterygii,Anura,2839.245,1878.22,Near Threatened
Man three,Actinopterygii,Primates,1951.768,2167.28,Extinct in the Wild
Out involve,Aves,Carnivora,673.725,1624.79,Vulnerable
Receive respond,Mammalia,Rodentia,1183.16,2586.69,Least Concern
Company book,Mammalia,Passeriformes,2980.786,2589.39,Near Threatened
Federal pressure,Mammalia,Anura,562.89,297.74,Near Threatened
Hospital sing,Aves,Squamata,3676.165,2536.79,Extinct in the Wild
Bag Republican,Reptilia,Primates,961.993,2403.56,Endangered
Population drug,Reptilia,Primates,2535.591,2138.01,Extinct in the Wild
Want safe,Amphibia,Squamata,2066.605,231.75,Vulnerable
Ok its,Reptilia,Squamata,2940.791,73.18,Critically Endangered
Thousand year,Amphibia,Primates,2337.54,1419.44,Critically Endangered
Whom I,Amphibia,Passeriformes,287.092,345.07,Endangered
Subject name,Aves,Rodentia,2720.071,2515.42,Least Concern
Put walk,Amphibia,Squamata,1904.637,1478.24,Endangered
Nature first,Amphibia,Rodentia,1135.631,2274.44,Extinct in the Wild
Evening leg,Aves,Carnivora,285.519,764.22,Critically Endangered
Why cell,Amphibia,Passeriformes,3919.221,1872.13,Near Threatened
Population any,Amphibia,Primates,906.964,335.56,Least Concern
Ok discussion,Amphibia,Rodentia,3428.83,1397.98,Critically Endangered
Dog chance,Mammalia,Passeriformes,2514.695,554.04,Least Concern
Believe century,Aves,Squamata,1711.859,254.67,Least Concern
Item popular,Aves,Anura,3908.815,2152.58,Vulnerable
Market increase,Aves,Anura,1334.973,346.73,Critically Endangered
Matter site,Mammalia,Primates,2541.169,969.39,Near Threatened
Plant own,Reptilia,Anura,4953.634,567.68,Least Concern
With though,Amphibia,Carnivora,345.461,2560.91,Extinct in the Wild
Treat wear,Reptilia,Carnivora,3286.598,444.53,Extinct in the Wild
Capital finally,Actinopterygii,Anura,2203.46,517.17,Extinct in the Wild
Training issue,Amphibia,Anura,1659.277,2360.98,Least Concern
Responsibility seat,Aves,Squamata,2368.319,43.87,Vulnerable
Send account,Aves,Rodentia,2289.098,132.39,Endangered
Agent a,Amphibia,Carnivora,23.414,1145.81,Least Concern
Brother treatment,Actinopterygii,Passeriformes,2721.674,2380.88,Extinct in the Wild
Sea practice,Mammalia,Anura,4824.968,846.02,Endangered
However seem,Aves,Primates,2179.36,2077.9,Least Concern
Finish return,Aves,Carnivora,2537.861,1827.6,Endangered
Kid team,Reptilia,Rodentia,1712.32,242.69,Critically Endangered
Wind light,Mammalia,Squamata,1454.508,1618.71,Near Threatened
Challenge attack,Amphibia,Rodentia,4658.154,2360.83,Endangered
Pay hear,Actinopterygii,Carnivora,1720.293,1227.86,Least Concern
Message off,Aves,Squamata,4856.956,2163.56,Endangered
Far boy,Mammalia,Rodentia,1358.496,546.5,Extinct in the Wild
Apply list,Reptilia,Passeriformes,117.287,1514.72,Vulnerable
Full her,Actinopterygii,Passeriformes,3704.519,1581.61,Near Threatened
Suffer situation,Reptilia,Passeriformes,3250.17,1395.39,Endangered
Six change,Reptilia,Primates,2441.045,1554.07,Vulnerable
Herself social,Mammalia,Primates,3338.668,872.38,Vulnerable
Magazine always,Aves,Primates,3439.516,2357.34,Vulnerable
Important job,Reptilia,Anura,980.485,1036.45,Extinct in the Wild
Somebody think,Actinopterygii,Anura,338.9,666.11,Critically Endangered
Detail for,Reptilia,Passeriformes,4909.907,2962.11,Near Threatened
Yourself avoid,Reptilia,Passeriformes,4945.116,1618.97,Critically Endangered
Lawyer book,Mammalia,Squamata,2435.668,41.65,Critically Endangered
Television perform,Reptilia,Anura,3914.025,1280.08,Near Threatened
South story,Reptilia,Squamata,4188.456,354.82,Near Threatened
Picture choose,Amphibia,Squamata,3114.353,2846.33,Least Concern
Whole book,Reptilia,Primates,3914.114,123.78,Vulnerable
Agent dark,Amphibia,Rodentia,4965.453,1645.91,Vulnerable
About life,Amphibia,Carnivora,151.957,454.3,Vulnerable
Nearly talk,Amphibia,Anura,3127.676,424.79,Vulnerable
Manage four,Actinopterygii,Rodentia,1487.35,2521.92,Critically Endangered
Company for,Aves,Rodentia,1761.716,1550.17,Near Threatened
Than since,Reptilia,Primates,3488.309,458.63,Endangered
Play him,Mammalia,Passeriformes,4701.138,2592.68,Endangered
Cost surface,Aves,Squamata,4994.673,348.82,Least Concern
Throw without,Aves,Primates,1472.4,2730.44,Extinct in the Wild
Low month,Aves,Passeriformes,2031.748,581.59,Near Threatened
Field kind,Reptilia,Squamata,3330.699,807.09,Extinct in the Wild
Stage morning,Actinopterygii,Primates,1497.143,1060.14,Extinct in the Wild
Stuff every,Aves,Primates,2659.871,478.91,Extinct in the Wild
Enter those,Aves,Rodentia,2648.378,693.26,Least Concern
Agency box,Aves,Squamata,1970.65,1212.93,Vulnerable
Their but,Amphibia,Rodentia,2592.672,357.28,Least Concern
Something nice,Actinopterygii,Rodentia,334.99,758.66,Endangered
However law,Amphibia,Passeriformes,1578.659,1038.9,Vulnerable
Standard big,Mammalia,Carnivora,1695.728,2013.48,Extinct in the Wild
Very size,Reptilia,Passeriformes,2976.51,387.13,Endangered
Meeting seem,Reptilia,Squamata,2174.468,2200.4,Least Concern
They professional,Mammalia,Passeriformes,3073.39,84.39,Least Concern
Threat protect,Amphibia,Squamata,1930.332,774.01,Least Concern
Both only,Amphibia,Anura,2011.263,2447.29,Endangered
Item where,Aves,Primates,2066.598,1422.86,Extinct in the Wild
Word course,Mammalia,Rodentia,1218.381,2170.74,Extinct in the Wild
Front make,Aves,Rodentia,1412.164,1851.95,Vulnerable
Popular after,Mammalia,Passeriformes,732.862,1600.41,Near Threatened
Image Democrat,Reptilia,Squamata,2510.197,1593.67,Critically Endangered
Realize use,Reptilia,Rodentia,4460.094,1623.74,Near Threatened
Hair huge,Aves,Rodentia,1218.61,1039.59,Least Concern
Fish arm,Reptilia,Anura,2544.607,132.26,Near Threatened
Else among,Actinopterygii,Squamata,2882.203,472.86,Vulnerable
Population special,Amphibia,Primates,3174.871,2091.88,Extinct in the Wild
Attack social,Mammalia,Carnivora,4891.806,217.33,Least Concern
Board remain,Aves,Squamata,3299.493,1540.47,Critically Endangered
Decide process,Actinopterygii,Carnivora,3559.651,2102.27,Least Concern
Pm meeting,Reptilia,Primates,4076.743,2461.25,Vulnerable
Police nothing,Mammalia,Squamata,564.371,1497.97,Vulnerable
Edge need,Reptilia,Anura,2614.833,76.54,Critically Endangered
Stand lawyer,Mammalia,Passeriformes,4306.275,2446.62,Endangered
Night real,Reptilia,Squamata,1600.217,593.69,Least Concern
Expert artist,Mammalia,Rodentia,41.918,979.88,Endangered
Detail heavy,Aves,Carnivora,1009.161,1816.03,Vulnerable
Must state,Aves,Anura,3123.074,2464.6,Least Concern
Seat arm,Aves,Carnivora,1039.288,727.92,Near Threatened
Street I,Amphibia,Primates,1948.728,2737.55,Vulnerable
Save few,Actinopterygii,Primates,2730.912,1581.1,Extinct in the Wild
Book price,Reptilia,Rodentia,4256.33,2664.68,Least Concern
Less trial,Aves,Primates,1741.226,809.41,Vulnerable
Amount movement,Amphibia,Carnivora,2810.216,722.35,Critically Endangered
Fear company,Reptilia,Squamata,4367.743,2568.49,Least Concern
Day rise,Amphibia,Squamata,2966.558,2780.04,Endangered
Baby animal,Amphibia,Rodentia,4563.112,589.22,Endangered
Especially character,Actinopterygii,Squamata,1199.497,1354.45,Least Concern
Wish say,Amphibia,Carnivora,33.446,1581.62,Vulnerable
Song let,Aves,Primates,4767.334,1625.39,Near Threatened
Life class,Amphibia,Anura,2536.616,1125.52,Near Threatened
Action stock,Actinopterygii,Anura,177.341,1642.55,Near Threatened
Or future,Reptilia,Passeriformes,1974.007,1308.72,Endangered
Sit decision,Actinopterygii,Passeriformes,3806.33,2169.05,Least Concern
Believe foreign,Amphibia,Passeriformes,337.985,2069.13,Critically Endangered
Hope religious,Amphibia,Rodentia,3150.322,17.95,Critically Endangered
Against however,Actinopterygii,Carnivora,1968.192,491.7,Critically Endangered
Me find,Mammalia,Primates,1800.904,1407.52,Least Concern
Certainly race,Amphibia,Anura,3032.887,651.23,Vulnerable
Human attack,Aves,Squamata,2705.592,1030.34,Critically Endangered
Piece subject,Mammalia,Squamata,4506.039,870.66,Extinct in the Wild
Leg tend,Amphibia,Carnivora,3200.432,567.17,Extinct in the Wild
Else manage,Reptilia,Primates,72.265,116.71,Critically Endangered
Lawyer discussion,Amphibia,Rodentia,4125.101,187.7,Vulnerable
Drug hard,Mammalia,Passeriformes,2270.951,1553.53,Critically Endangered
Business official,Aves,Carnivora,626.96,2202.25,Vulnerable
Brother out,Reptilia,Squamata,4933.265,1101.5,Near Threatened
Score buy,Actinopterygii,Carnivora,974.508,1864.51,Endangered
Same east,Reptilia,Carnivora,4081.83,2407.85,Near Threatened
Always direction,Amphibia,Primates,2165.722,2775.91,Extinct in the Wild
Help little,Actinopterygii,Anura,3120.94,10.34,Extinct in the Wild
Draw mean,Reptilia,Carnivora,1331.363,300.29,Vulnerable
Man be,Amphibia,Passeriformes,2618.153,1852.33,Extinct in the Wild
Fact heart,Aves,Squamata,2191.344,2297.06,Endangered
Weight check,Amphibia,Rodentia,3643.857,2755.74,Least Concern
Teacher close,Aves,Squamata,4435.625,962.12,Least Concern
Me operation,Mammalia,Squamata,127.02,2710.45,Near Threatened
Role truth,Actinopterygii,Carnivora,3863.29,1006.12,Near Threatened
Image hospital,Mammalia,Rodentia,3379.897,845.97,Least Concern
Quickly reduce,Mammalia,Passeriformes,4137.103,1063.52,Least Concern
Pressure physical,Aves,Primates,3373.301,926.08,Critically Endangered
Office at,Actinopterygii,Primates,77.416,2327.79,Critically Endangered
Behind agency,Amphibia,Primates,3298.884,1681.47,Vulnerable
Score through,Aves,Squamata,3246.009,27.28,Extinct in the Wild
Company him,Amphibia,Rodentia,453.523,2668.93,Endangered
Character despite,Reptilia,Anura,4651.358,427.3,Vulnerable
Way sort,Reptilia,Anura,1810.324,1551.42,Extinct in the Wild
Authority agency,Amphibia,Carnivora,3578.907,2405.77,Extinct in the Wild
Approach fill,Mammalia,Primates,385.913,1959.05,Critically Endangered
Surface from,Reptilia,Carnivora,133.492,473.65,Least Concern
Strong stuff,Actinopterygii,Primates,3760.276,1769.77,Critically Endangered
Scientist standard,Reptilia,Anura,2518.17,326.55,Endangered
Service once,Amphibia,Carnivora,2793.526,2885.96,Vulnerable
Coach role,Reptilia,Anura,592.26,1781.32,Least Concern
But imagine,Aves,Passeriformes,2917.442,1126.4,Vulnerable
Answer up,Actinopterygii,Rodentia,4204.519,2658.24,Vulnerable
Think feeling,Amphibia,Passeriformes,476.467,302.08,Endangered
Produce have,Actinopterygii,Anura,3846.922,2990.74,Extinct in the Wild
Loss too,Reptilia,Anura,4683.587,1053.92,Endangered
Someone or,Mammalia,Rodentia,2604.818,1354.55,Least Concern
Could summer,Amphibia,Primates,3653.328,2731.33,Endangered
Develop standard,Amphibia,Carnivora,3234.142,2226.32,Extinct in the Wild
Ever would,Amphibia,Rodentia,499.834,2592.49,Vulnerable
Part reality,Reptilia,Anura,655.255,621.71,Endangered
Deal stand,Aves,Carnivora,2089.332,2213.75,Near Threatened
Financial cover,Amphibia,Carnivora,3651.184,2460.14,Endangered
Customer she,Aves,Squamata,1421.418,1700.7,Critically Endangered
Assume surface,Aves,Passeriformes,3568.291,1604.32,Endangered
Action anyone,Aves,Squamata,522.681,1219.0,Extinct in the Wild
Could discuss,Actinopterygii,Anura,1973.272,1366.11,Vulnerable
Their ability,Mammalia,Squamata,3583.193,1542.87,Vulnerable
Notice name,Amphibia,Carnivora,3706.501,113.87,Least Concern
Place citizen,Actinopterygii,Carnivora,3282.436,1101.4,Least Concern
Form race,Mammalia,Anura,957.53,1672.91,Least Concern
You score,Reptilia,Primates,2668.676,1185.8,Vulnerable
Capital voice,Aves,Anura,488.97,2178.48,Extinct in the Wild
President parent,Amphibia,Anura,3234.248,20.48,Extinct in the Wild
Common history,Actinopterygii,Passeriformes,2568.397,1718.69,Endangered
Community six,Reptilia,Primates,2072.934,1886.38,Extinct in the Wild
Story cost,Mammalia,Squamata,2228.754,1626.53,Near Threatened
Inside nice,Aves,Passeriformes,935.573,1505.44,Least Concern
Recognize practice,Amphibia,Primates,1332.128,1905.62,Critically Endangered
Bring record,Actinopterygii,Primates,3969.48,1898.39,Extinct in the Wild
Offer should,Actinopterygii,Anura,4726.079,1028.13,Vulnerable
Order nothing,Amphibia,Primates,1214.53,908.1,Vulnerable
Benefit ability,Amphibia,Primates,1463.506,2169.23,Least Concern
Gun Mrs,Amphibia,Anura,3573.063,239.71,Endangered
Test pattern,Mammalia,Rodentia,3181.214,2955.73,Endangered
Catch parent,Actinopterygii,Passeriformes,4941.119,2667.93,Least Concern
Suggest community,Reptilia,Squamata,789.795,1610.19,Near Threatened
Follow top,Actinopterygii,Anura,4368.81,2884.65,Extinct in the Wild
Line more,Actinopterygii,Squamata,2918.207,251.28,Least Concern
Response near,Mammalia,Squamata,668.073,12.77,Vulnerable
Something old,Actinopterygii,Carnivora,2664.005,1851.28,Vulnerable
Walk back,Mammalia,Primates,4307.927,1015.54,Least Concern
Condition they,Actinopterygii,Passeriformes,291.638,1003.16,Vulnerable
Body ok,Actinopterygii,Carnivora,3989.345,2846.26,Critically Endangered
Boy particularly,Amphibia,Squamata,4450.003,1775.64,Least Concern
Future for,Amphibia,Rodentia,4930.101,784.1,Extinct in the Wild
War affect,Amphibia,Anura,1603.625,2675.52,Vulnerable
Quite size,Aves,Anura,1596.396,2203.69,Endangered
Relate high,Actinopterygii,Squamata,3771.369,2170.88,Least Concern
Start evidence,Actinopterygii,Squamata,648.352,871.32,Near Threatened
Parent investment,Mammalia,Carnivora,2683.121,2829.27,Endangered
Statement moment,Mammalia,Primates,4601.16,1755.91,Extinct in the Wild
Half similar,Mammalia,Primates,664.292,2844.01,Endangered
Plant center,Actinopterygii,Rodentia,3242.264,2073.24,Extinct in the Wild
Both age,Aves,Rodentia,3295.609,2337.96,Critically Endangered
Where never,Amphibia,Carnivora,2255.982,2038.28,Critically Endangered
Brother something,Actinopterygii,Squamata,3395.93,666.84,Near Threatened
Us least,Reptilia,Rodentia,4902.713,543.03,Least Concern
College whose,Mammalia,Anura,998.767,1642.81,Vulnerable
Parent identify,Mammalia,Passeriformes,4863.472,86.63,Extinct in the Wild
Security difference,Aves,Anura,3484.813,2813.48,Near Threatened
Available community,Actinopterygii,Rodentia,1444.441,66.13,Vulnerable
Series reduce,Aves,Squamata,3936.823,1197.33,Vulnerable
Change system,Amphibia,Rodentia,3370.847,2614.96,Near Threatened
Pattern road,Aves,Rodentia,3529.185,606.43,Least Concern
Hundred all,Reptilia,Carnivora,4460.695,1237.56,Critically Endangered
Growth country,Aves,Passeriformes,1188.762,692.32,Least Concern
Loss create,Amphibia,Passeriformes,2497.138,1244.39,Extinct in the Wild
Side they,Amphibia,Primates,4531.492,2078.93,Critically Endangered
There through,Mammalia,Squamata,1282.848,1730.65,Extinct in the Wild
Life Congress,Actinopterygii,Squamata,702.303,2512.7,Extinct in the Wild
Thank debate,Amphibia,Rodentia,2951.4,1810.59,Vulnerable
Lose stuff,Mammalia,Passeriformes,2497.527,2354.41,Vulnerable
Message though,Amphibia,Squamata,4077.929,1452.91,Vulnerable
Ready test,Actinopterygii,Squamata,4517.562,265.93,Endangered
Reveal peace,Reptilia,Primates,974.398,679.52,Critically Endangered
Beat yard,Aves,Anura,2004.187,773.57,Extinct in the Wild
Half leg,Aves,Primates,4074.302,236.05,Least Concern
Series purpose,Actinopterygii,Carnivora,567.64,1140.17,Least Concern
With painting,Mammalia,Squamata,4928.677,2558.34,Near Threatened
According hand,Aves,Rodentia,4267.93,739.84,Least Concern
Sit beautiful,Actinopterygii,Rodentia,3865.857,1564.15,Extinct in the Wild
For condition,Aves,Squamata,2036.645,2031.95,Least Concern
Community family,Reptilia,Primates,2365.007,2582.71,Endangered
Book along,Aves,Passeriformes,4636.344,2905.22,Vulnerable
Onto career,Mammalia,Primates,1130.303,2179.97,Critically Endangered
Remember thought,Aves,Anura,512.737,246.44,Extinct in the Wild
Question tend,Aves,Passeriformes,202.037,853.99,Least Concern
Such thing,Actinopterygii,Passeriformes,719.945,2195.44,Vulnerable
Box too,Aves,Squamata,1171.133,2206.64,Least Concern
Example deep,Reptilia,Rodentia,897.959,517.05,Endangered
Fund building,Actinopterygii,Carnivora,4290.215,2817.58,Endangered
Mother mind,Aves,Squamata,2332.508,349.46,Near Threatened
Technology area,Mammalia,Squamata,2803.913,1211.75,Critically Endangered
Various college,Mammalia,Rodentia,4085.033,1459.26,Extinct in the Wild
Record name,Actinopterygii,Squamata,1011.63,2747.41,Least Concern
Town themselves,Aves,Squamata,872.769,1414.0,Near Threatened
Send direction,Reptilia,Passeriformes,2875.416,1153.52,Vulnerable
Never long,Aves,Rodentia,4181.985,238.29,Vulnerable
What those,Aves,Anura,2711.682,2352.74,Near Threatened
Type full,Amphibia,Passeriformes,480.283,1124.94,Vulnerable
Always level,Actinopterygii,Passeriformes,2450.9,1304.95,Vulnerable
Shake report,Mammalia,Carnivora,10.972,714.57,Least Concern
Opportunity ok,Aves,Anura,4695.505,1003.87,Critically Endangered
Yard now,Aves,Primates,934.165,2462.24,Critically Endangered
Ground environment,Amphibia,Rodentia,373.88,142.0,Endangered
Note alone,Reptilia,Rodentia,1844.187,126.5,Least Concern
Available huge,Aves,Squamata,2182.549,2528.77,Critically Endangered
Back tend,Amphibia,Primates,1158.946,2681.53,Critically Endangered
Manage local,Actinopterygii,Anura,3851.578,864.91,Critically Endangered
Pattern couple,Actinopterygii,Passeriformes,1596.593,253.39,Endangered
Ago expect,Reptilia,Carnivora,3331.618,2857.78,Vulnerable
Glass city,Amphibia,Primates,1430.987,1810.26,Near Threatened
Too study,Amphibia,Squamata,927.704,483.17,Extinct in the Wild
Including him,Mammalia,Squamata,126.064,531.06,Least Concern
Base hotel,Amphibia,Anura,4118.313,1854.53,Extinct in the Wild
Three machine,Aves,Anura,355.796,140.75,Extinct in the Wild
Mother computer,Aves,Squamata,3505.334,1291.87,Endangered
Opportunity actually,Reptilia,Squamata,1235.846,509.04,Near Threatened
Condition others,Reptilia,Primates,1558.07,543.46,Near Threatened
Charge for,Aves,Passeriformes,4271.768,2588.7,Vulnerable
Such full,Aves,Primates,753.131,2263.58,Extinct in the Wild
The accept,Actinopterygii,Carnivora,248.916,1866.36,Near Threatened
Future standard,Aves,Passeriformes,3224.108,1974.23,Critically Endangered
Have daughter,Aves,Rodentia,4974.148,1869.64,Endangered
Three cover,Mammalia,Carnivora,3196.375,2058.96,Vulnerable
Risk rest,Amphibia,Squamata,1895.532,1045.4,Endangered
Marriage chair,Reptilia,Carnivora,4660.776,401.34,Endangered
School sport,Amphibia,Passeriformes,3409.077,391.35,Near Threatened
Walk it,Aves,Carnivora,2721.698,1920.67,Critically Endangered
Heart player,Reptilia,Passeriformes,4788.977,2019.16,Endangered
Always process,Amphibia,Carnivora,1571.923,493.39,Near Threatened
Ground follow,Mammalia,Primates,601.705,2787.77,Least Concern
Eye note,Reptilia,Primates,1125.743,1179.0,Near Threatened
Newspaper book,Reptilia,Carnivora,3375.581,493.8,Near Threatened
Low himself,Aves,Anura,234.216,2125.49,Least Concern
Response trip,Mammalia,Squamata,1707.351,2304.29,Near Threatened
Room else,Reptilia,Squamata,3495.822,2639.65,Critically Endangered
Do reach,Actinopterygii,Carnivora,4867.877,2369.46,Least Concern
Range drive,Aves,Passeriformes,767.673,2633.36,Vulnerable
East trade,Amphibia,Carnivora,2366.065,2841.51,Least Concern
A positive,Aves,Primates,1610.388,1083.85,Least Concern
Water try,Mammalia,Squamata,4980.528,1750.09,Least Concern
Language move,Mammalia,Primates,4771.099,1236.74,Critically Endangered
Allow tax,Aves,Anura,4197.64,1250.94,Endangered
Sing friend,Aves,Anura,1817.286,2042.84,Near Threatened
Travel per,Actinopterygii,Primates,856.396,853.41,Near Threatened
Need meeting,Aves,Passeriformes,2297.708,561.95,Extinct in the Wild
Everything six,Reptilia,Rodentia,638.765,2200.5,Critically Endangered
Life real,Mammalia,Rodentia,1666.893,562.96,Extinct in the Wild
Personal it,Reptilia,Anura,613.073,997.56,Extinct in the Wild
Painting production,Actinopterygii,Passeriformes,1800.405,944.02,Near Threatened
Why risk,Actinopterygii,Squamata,1540.712,2821.62,Critically Endangered
Small term,Mammalia,Squamata,3523.749,1336.84,Extinct in the Wild
Building draw,Aves,Primates,712.986,802.24,Least Concern
Visit wait,Reptilia,Passeriformes,1135.868,1509.93,Least Concern
Suffer blood,Aves,Rodentia,1829.451,933.74,Least Concern
Might class,Actinopterygii,Passeriformes,686.678,866.27,Endangered
Public four,Mammalia,Passeriformes,1620.618,866.13,Near Threatened
Southern real,Amphibia,Passeriformes,4442.193,1978.99,Critically Endangered
Candidate determine,Aves,Anura,3072.628,240.38,Extinct in the Wild
Less them,Actinopterygii,Carnivora,242.767,2841.64,Extinct in the Wild
Particularly will,Reptilia,Passeriformes,1555.246,1827.54,Critically Endangered
Week yourself,Mammalia,Rodentia,1768.753,2270.05,Least Concern
Image manage,Reptilia,Carnivora,638.282,673.24,Critically Endangered
Language blue,Aves,Carnivora,2161.784,270.65,Vulnerable
Eat training,Actinopterygii,Anura,4479.119,2688.05,Extinct in the Wild
Task floor,Reptilia,Rodentia,3272.493,245.88,Least Concern
Just this,Amphibia,Primates,1091.746,805.13,Extinct in the Wild
Store share,Aves,Squamata,34.397,2098.85,Near Threatened
Up audience,Amphibia,Carnivora,2355.454,841.16,Vulnerable
Imagine both,Actinopterygii,Primates,1507.68,1705.51,Critically Endangered
Method ask,Amphibia,Carnivora,4693.475,2898.21,Endangered
You continue,Reptilia,Passeriformes,2003.215,2267.53,Near Threatened
Really win,Amphibia,Primates,321.479,2423.04,Vulnerable
Environment forward,Reptilia,Squamata,453.21,1595.67,Endangered
In environment,Amphibia,Primates,1427.729,2371.04,Endangered
Today popular,Aves,Squamata,1199.619,2998.98,Vulnerable
Church begin,Mammalia,Squamata,1256.142,2055.43,Extinct in the Wild
Officer fear,Reptilia,Carnivora,4972.965,1873.41,Least Concern
North yourself,Amphibia,Carnivora,1258.973,291.87,Near Threatened
Energy woman,Amphibia,Anura,4819.186,2552.16,Endangered
Body shoulder,Actinopterygii,Carnivora,3201.627,563.16,Least Concern
Return we,Reptilia,Primates,2380.339,2601.53,Least Concern
Computer long,Mammalia,Primates,3312.222,2068.11,Least Concern
Major true,Aves,Anura,3322.929,2517.54,Near Threatened
News without,Aves,Carnivora,2965.655,1041.04,Least Concern
Really skill,Reptilia,Primates,1821.062,137.01,Least Concern
From against,Mammalia,Anura,310.858,1271.98,Endangered
Threat these,Mammalia,Squamata,4320.788,2365.02,Near Threatened
Task stop,Aves,Squamata,4264.21,2743.38,Extinct in the Wild
Music too,Mammalia,Anura,4241.206,2747.47,Least Concern
Statement article,Amphibia,Squamata,3152.411,1826.7,Vulnerable
Population defense,Reptilia,Rodentia,2742.047,1554.91,Vulnerable
Benefit often,Mammalia,Primates,3004.701,1783.35,Endangered
Despite line,Reptilia,Anura,2451.516,2970.07,Least Concern
It middle,Actinopterygii,Rodentia,3663.881,260.07,Extinct in the Wild
Stand participant,Mammalia,Passeriformes,1227.061,2370.51,Least Concern
Detail his,Actinopterygii,Primates,3584.724,425.0,Near Threatened
Night message,Mammalia,Carnivora,559.199,1831.37,Extinct in the Wild
News however,Amphibia,Primates,4117.77,711.33,Extinct in the Wild
Provide live,Amphibia,Rodentia,1684.898,464.9,Vulnerable
Gun house,Actinopterygii,Squamata,553.927,1146.74,Critically Endangered
Significant message,Actinopterygii,Carnivora,622.73,2763.86,Vulnerable
Large born,Reptilia,Squamata,4929.171,801.51,Near Threatened
Walk character,Actinopterygii,Rodentia,395.895,1523.71,Critically Endangered
Example suffer,Amphibia,Squamata,4442.48,825.23,Endangered
American office,Actinopterygii,Primates,2950.472,2050.74,Endangered
Him why,Mammalia,Passeriformes,1465.689,1705.44,Vulnerable
Position think,Reptilia,Carnivora,2625.066,1945.19,Extinct in the Wild
Laugh shake,Mammalia,Anura,3315.593,190.02,Critically Endangered
Kid thought,Aves,Primates,1150.075,2767.23,Near Threatened
Claim choose,Aves,Carnivora,4219.414,524.03,Endangered
Only contain,Reptilia,Passeriformes,183.518,842.88,Near Threatened
Weight condition,Mammalia,Primates,3784.848,400.51,Least Concern
Officer trip,Amphibia,Passeriformes,1196.704,1324.46,Endangered
Dream teach,Mammalia,Anura,92.683,478.82,Critically Endangered
Allow point,Amphibia,Anura,3774.275,250.84,Near Threatened
Win career,Aves,Squamata,2961.303,132.57,Least Concern
Mr president,Aves,Squamata,1572.571,135.61,Near Threatened
General at,Actinopterygii,Anura,2315.536,1351.14,Critically Endangered
Result order,Reptilia,Squamata,3612.255,2351.48,Vulnerable
Laugh food,Amphibia,Carnivora,4740.252,2836.26,Vulnerable
Argue office,Aves,Rodentia,13.252,789.8,Vulnerable
Red some,Actinopterygii,Primates,3992.209,2866.71,Critically Endangered
Mouth above,Mammalia,Rodentia,452.915,344.64,Least Concern
First remember,Aves,Rodentia,312.722,2819.88,Vulnerable
Often product,Amphibia,Rodentia,2719.597,1513.52,Near Threatened
On represent,Amphibia,Primates,1307.297,2941.97,Critically Endangered
Across coach,Aves,Passeriformes,2380.54,349.43,Endangered
Ready return,Reptilia,Rodentia,625.257,2015.46,Critically Endangered
Energy answer,Amphibia,Primates,2628.824,1069.13,Least Concern
Development prepare,Actinopterygii,Passeriformes,107.182,2700.23,Least Concern
It mind,Aves,Anura,2468.951,1420.76,Vulnerable
Pay four,Mammalia,Squamata,3295.456,309.84,Critically Endangered
Front less,Actinopterygii,Squamata,103.774,1740.95,Near Threatened
Thank send,Mammalia,Passeriformes,1837.817,1508.1,Critically Endangered
Worry every,Actinopterygii,Anura,1585.435,748.48,Extinct in the Wild
Peace big,Amphibia,Squamata,1697.522,2457.09,Near Threatened
When also,Aves,Squamata,2920.884,539.76,Endangered
Notice itself,Reptilia,Squamata,2488.289,249.11,Endangered
Outside food,Aves,Passeriformes,2641.349,1732.97,Vulnerable
Music behind,Amphibia,Squamata,1211.665,2510.5,Vulnerable
Do call,Reptilia,Carnivora,2446.97,115.63,Near Threatened
Work share,Amphibia,Rodentia,1515.784,1863.33,Extinct in the Wild
Resource shake,Amphibia,Squamata,1406.722,1409.71,Vulnerable
Will quite,Reptilia,Primates,2476.96,2783.45,Critically Endangered
Without issue,Amphibia,Squamata,1433.003,2060.88,Least Concern
From court,Actinopterygii,Rodentia,3013.235,95.97,Near Threatened
Woman reach,Actinopterygii,Primates,3578.071,1757.04,Endangered
Growth brother,Mammalia,Anura,4918.527,708.16,Endangered
Ball ability,Amphibia,Carnivora,4724.769,1717.32,Endangered
Food off,Amphibia,Anura,560.134,266.51,Endangered
Support quickly,Mammalia,Anura,3183.266,1781.01,Endangered
Hotel edge,Actinopterygii,Passeriformes,2813.545,1106.14,Least Concern
Thought produce,Mammalia,Primates,104.106,2396.38,Vulnerable
Become because,Reptilia,Passeriformes,3483.766,2620.05,Least Concern
Price note,Amphibia,Carnivora,1179.112,1507.04,Vulnerable
Leg light,Actinopterygii,Rodentia,1284.704,2395.27,Near Threatened
Official here,Amphibia,Squamata,4786.981,1320.75,Least Concern
Coach surface,Actinopterygii,Anura,2243.615,1758.17,Vulnerable
Arrive choice,Amphibia,Rodentia,3020.109,2004.46,Vulnerable
Player nor,Amphibia,Passeriformes,4802.277,351.18,Near Threatened
Number hard,Reptilia,Anura,271.491,2613.33,Extinct in the Wild
Talk sound,Reptilia,Anura,4008.736,2374.5,Extinct in the Wild
Guess investment,Aves,Anura,4151.409,545.16,Critically Endangered
Relate such,Aves,Rodentia,1818.6,1243.36,Vulnerable
Sense account,Reptilia,Rodentia,1077.125,623.51,Vulnerable
Trouble sense,Reptilia,Rodentia,3781.19,2592.02,Near Threatened
All politics,Amphibia,Rodentia,456.418,1463.38,Endangered
Their herself,Reptilia,Carnivora,754.597,935.34,Near Threatened
Letter relationship,Amphibia,Rodentia,2942.103,553.24,Extinct in the Wild
Generation make,Reptilia,Anura,1813.371,1091.62,Extinct in the Wild
South wide,Actinopterygii,Primates,1410.73,1918.57,Extinct in the Wild
Strong almost,Actinopterygii,Passeriformes,2345.472,454.71,Least Concern
Analysis husband,Actinopterygii,Rodentia,3197.372,996.28,Extinct in the Wild
Season generation,Actinopterygii,Squamata,246.831,437.16,Extinct in the Wild
Seek front,Reptilia,Carnivora,4665.706,1446.2,Near Threatened
Fast window,Mammalia,Squamata,810.734,1319.19,Extinct in the Wild
Fly indeed,Aves,Carnivora,2375.68,2666.68,Near Threatened
Reveal phone,Actinopterygii,Carnivora,3007.604,413.22,Extinct in the Wild
Apply group,Reptilia,Squamata,12.058,1068.51,Near Threatened
North fund,Mammalia,Carnivora,1357.691,1298.11,Least Concern
Authority ground,Reptilia,Anura,4562.472,812.21,Critically Endangered
Day nation,Mammalia,Anura,527.708,2983.67,Critically Endangered
Film many,Aves,Carnivora,4546.584,760.43,Extinct in the Wild
Pass management,Aves,Carnivora,689.503,1994.59,Near Threatened
Budget song,Actinopterygii,Primates,3700.997,2936.59,Endangered
Party avoid,Reptilia,Rodentia,4965.586,2265.29,Endangered
Turn region,Mammalia,Carnivora,2204.727,2347.74,Critically Endangered
Once on,Amphibia,Rodentia,3147.445,661.51,Vulnerable
Sign PM,Mammalia,Primates,2173.066,1046.96,Least Concern
Spring head,Mammalia,Anura,253.416,723.24,Critically Endangered
Discuss defense,Mammalia,Primates,1100.766,1329.15,Near Threatened
Teacher total,Mammalia,Carnivora,4693.344,453.81,Vulnerable
Kind beyond,Aves,Anura,719.393,1004.82,Least Concern
Season require,Actinopterygii,Squamata,2344.885,2963.59,Critically Endangered
Who family,Reptilia,Rodentia,2452.422,403.47,Near Threatened
Full should,Reptilia,Carnivora,3953.368,1256.05,Extinct in the Wild
Skin number,Aves,Primates,888.573,2967.35,Critically Endangered
Idea modern,Actinopterygii,Squamata,2865.479,2945.66,Near Threatened
Represent also,Mammalia,Squamata,2971.043,153.3,Vulnerable
Minute force,Amphibia,Carnivora,336.522,690.53,Extinct in the Wild
Answer reality,Reptilia,Squamata,3919.428,2841.75,Critically Endangered
Son apply,Aves,Passeriformes,3429.245,692.61,Extinct in the Wild
International opportunity,Aves,Carnivora,550.631,220.36,Critically Endangered
Factor bed,Aves,Rodentia,4793.015,2033.48,Least Concern
Government develop,Aves,Carnivora,2845.15,2725.71,Endangered
Material price,Actinopterygii,Anura,1117.092,1993.06,Endangered
Factor none,Aves,Passeriformes,4496.431,365.87,Extinct in the Wild
Senior thousand,Reptilia,Passeriformes,99.572,2552.81,Critically Endangered
Road partner,Amphibia,Primates,458.986,2527.2,Critically Endangered
Network lawyer,Actinopterygii,Passeriformes,4683.993,1514.86,Extinct in the Wild
Boy coach,Amphibia,Rodentia,230.173,2771.62,Vulnerable
Fight attack,Actinopterygii,Passeriformes,2096.267,577.66,Near Threatened
Analysis road,Actinopterygii,Squamata,1508.104,1111.95,Vulnerable
New approach,Reptilia,Passeriformes,468.449,2783.5,Critically Endangered
Director then,Mammalia,Passeriformes,3369.511,1613.81,Endangered
Talk different,Amphibia,Passeriformes,3139.546,994.5,Endangered
Impact truth,Mammalia,Squamata,1112.071,2858.85,Critically Endangered
Suffer will,Amphibia,Primates,878.18,870.64,Near Threatened
More score,Actinopterygii,Primates,2412.8,2099.56,Extinct in the Wild
Sound film,Actinopterygii,Squamata,2168.558,192.27,Critically Endangered
Mother line,Actinopterygii,Anura,4113.826,467.0,Vulnerable
Age stop,Amphibia,Squamata,3381.065,1825.86,Extinct in the Wild
Exactly child,Aves,Anura,3279.194,2718.2,Critically Endangered
Indeed trial,Amphibia,Rodentia,4554.904,326.39,Vulnerable
Before not,Aves,Carnivora,1200.674,582.28,Endangered
Analysis draw,Reptilia,Squamata,1939.148,2292.54,Critically Endangered
Among dinner,Reptilia,Squamata,3250.328,1854.28,Least Concern
Say senior,Mammalia,Carnivora,3407.345,2337.58,Critically Endangered
Campaign culture,Mammalia,Squamata,4055.647,2782.46,Extinct in the Wild
Pm form,Reptilia,Primates,2721.439,2924.46,Near Threatened
Music against,Actinopterygii,Carnivora,1843.52,1717.78,Vulnerable
Race wife,Mammalia,Squamata,4158.03,54.49,Vulnerable
Turn a,Aves,Rodentia,2342.962,1433.45,Least Concern
Reality so,Reptilia,Rodentia,4844.806,2422.59,Critically Endangered
Check computer,Amphibia,Carnivora,4422.244,129.03,Critically Endangered
Exist require,Aves,Carnivora,2335.898,2743.91,Extinct in the Wild
Direction manage,Reptilia,Rodentia,3279.065,387.84,Critically Endangered
Kitchen task,Mammalia,Passeriformes,1013.868,2529.86,Endangered
Decade nothing,Aves,Primates,2751.114,2807.43,Extinct in the Wild
Western performance,Actinopterygii,Carnivora,90.645,1879.39,Least Concern
Education throughout,Mammalia,Squamata,1206.6,2438.66,Vulnerable
Agent heavy,Reptilia,Primates,1489.784,2472.07,Least Concern
Card power,Amphibia,Squamata,4505.789,53.4,Endangered
Happen yet,Aves,Rodentia,1867.716,1413.92,Near Threatened
Data around,Actinopterygii,Passeriformes,3193.36,734.21,Critically Endangered
Produce if,Reptilia,Rodentia,4312.129,369.71,Endangered
National letter,Aves,Carnivora,1925.26,553.41,Endangered
Firm radio,Reptilia,Rodentia,2481.246,381.46,Vulnerable
Sister ten,Reptilia,Rodentia,1822.43,925.22,Extinct in the Wild
Treat up,Actinopterygii,Squamata,3678.224,2885.87,Vulnerable
Who price,Mammalia,Rodentia,3548.599,66.62,Least Concern
Team next,Actinopterygii,Rodentia,2882.788,1190.85,Near Threatened
Medical them,Amphibia,Passeriformes,3328.97,2811.99,Least Concern
Exactly north,Mammalia,Anura,2300.158,389.7,Critically Endangered
Lead fire,Mammalia,Squamata,4054.02,2618.52,Vulnerable
Three direction,Aves,Carnivora,1820.666,422.3,Vulnerable
Source nature,Mammalia,Primates,125.142,2947.01,Vulnerable
Evening national,Aves,Passeriformes,4214.214,287.62,Vulnerable
Stay nice,Actinopterygii,Anura,4788.171,2967.21,Endangered
Herself child,Actinopterygii,Passeriformes,3782.529,1993.45,Critically Endangered
Television role,Amphibia,Carnivora,2277.375,87.95,Critically Endangered
Financial and,Aves,Primates,2551.076,2143.65,Extinct in the Wild
Middle though,Mammalia,Anura,3489.82,2090.47,Vulnerable
Decision evening,Amphibia,Carnivora,1800.882,2209.09,Near Threatened
Tend serve,Amphibia,Rodentia,4723.939,201.46,Endangered
Score nice,Aves,Carnivora,1198.603,492.38,Critically Endangered
Glass tough,Mammalia,Passeriformes,3900.633,1877.25,Critically Endangered
Organization during,Reptilia,Carnivora,3735.21,2065.85,Critically Endangered
Friend season,Mammalia,Rodentia,1480.784,1474.72,Least Concern
Police unit,Actinopterygii,Primates,1667.75,250.45,Endangered
High mother,Aves,Passeriformes,4933.71,872.09,Near Threatened
Deep image,Amphibia,Squamata,4029.213,935.07,Least Concern
Meet decide,Reptilia,Anura,889.659,857.93,Critically Endangered
Month dinner,Mammalia,Anura,1219.698,1320.38,Least Concern
Debate ready,Aves,Rodentia,2216.178,1574.13,Vulnerable
Maintain keep,Actinopterygii,Squamata,497.661,1156.44,Vulnerable
Respond on,Reptilia,Squamata,3060.266,2534.44,Least Concern
Blue develop,Mammalia,Rodentia,2532.527,1667.81,Extinct in the Wild
Unit foot,Actinopterygii,Carnivora,4126.485,222.38,Least Concern
Language room,Reptilia,Rodentia,3587.668,70.38,Vulnerable
East information,Mammalia,Primates,215.628,2428.23,Least Concern
Lose kitchen,Mammalia,Primates,860.794,316.87,Least Concern
Red appear,Aves,Primates,133.897,2781.12,Extinct in the Wild
Sister line,Actinopterygii,Primates,4057.856,289.47,Vulnerable
Billion thought,Actinopterygii,Primates,4807.698,1964.85,Least Concern
Center central,Mammalia,Passeriformes,3985.406,1845.88,Extinct in the Wild
Attack firm,Aves,Passeriformes,3804.179,2844.65,Critically Endangered
Election technology,Actinopterygii,Primates,1589.359,2878.83,Critically Endangered
Idea gas,Actinopterygii,Anura,404.083,657.41,Endangered
Idea strategy,Actinopterygii,Primates,1900.179,64.3,Least Concern
Several many,Amphibia,Anura,1365.562,1914.22,Critically Endangered
Especially network,Mammalia,Passeriformes,4616.354,1949.12,Least Concern
Everything race,Mammalia,Rodentia,727.857,405.37,Critically Endangered
Mission according,Amphibia,Passeriformes,832.131,650.94,Vulnerable
Physical once,Actinopterygii,Passeriformes,4095.252,2976.11,Extinct in the Wild
Down fear,Actinopterygii,Squamata,153.55,103.39,Least Concern
Democrat purpose,Amphibia,Primates,2732.649,1623.86,Extinct in the Wild
Within set,Amphibia,Primates,1381.162,253.12,Near Threatened
Receive kitchen,Reptilia,Primates,1195.972,1944.43,Critically Endangered
Sit drop,Reptilia,Squamata,4365.463,1242.94,Extinct in the Wild
Agreement company,Actinopterygii,Anura,1655.01,2119.45,Extinct in the Wild
Beat exist,Aves,Primates,2888.711,1174.72,Critically Endangered
Sell painting,Reptilia,Rodentia,1447.283,63.57,Critically Endangered
Fact in,Mammalia,Carnivora,4594.44,856.26,Extinct in the Wild
Because value,Reptilia,Primates,3983.04,767.68,Near Threatened
Executive class,Amphibia,Primates,2486.783,2730.74,Vulnerable
After interview,Mammalia,Squamata,4781.29,6.34,Extinct in the Wild
Everybody government,Amphibia,Anura,2489.425,511.19,Least Concern
Though give,Aves,Anura,2057.264,252.19,Least Concern
Yet man,Reptilia,Passeriformes,693.946,2720.44,Endangered
Season recently,Reptilia,Squamata,893.309,2306.55,Critically Endangered
Record probably,Actinopterygii,Passeriformes,2418.49,226.54,Extinct in the Wild
Ground interview,Amphibia,Squamata,2041.655,1446.25,Least Concern
Discuss huge,Actinopterygii,Squamata,3412.085,2631.81,Vulnerable
The throughout,Mammalia,Passeriformes,1845.12,2135.29,Near Threatened
Rate treatment,Actinopterygii,Anura,4926.489,1619.51,Least Concern
Who claim,Amphibia,Primates,3202.755,1314.53,Vulnerable
Occur mission,Actinopterygii,Rodentia,3787.859,1839.61,Endangered
Affect action,Aves,Carnivora,3949.69,2913.27,Vulnerable
Leader together,Aves,Primates,2513.251,1068.37,Vulnerable
Manage just,Mammalia,Rodentia,43.699,706.7,Near Threatened
Part history,Mammalia,Carnivora,1218.097,51.48,Least Concern
Science then,Amphibia,Primates,3589.835,1482.98,Vulnerable
Room type,Mammalia,Carnivora,3802.341,2822.03,Near Threatened
Protect face,Mammalia,Rodentia,1828.89,2388.89,Near Threatened
Film far,Reptilia,Rodentia,3833.843,2964.89,Least Concern
General prevent,Reptilia,Squamata,2543.777,2100.38,Near Threatened
Alone note,Aves,Rodentia,1871.262,2124.46,Endangered
Hair home,Aves,Anura,3184.783,404.77,Vulnerable
Force fish,Mammalia,Rodentia,1151.209,1670.56,Extinct in the Wild
Indeed finally,Aves,Primates,3248.838,1718.14,Near Threatened
Catch west,Actinopterygii,Primates,2082.246,384.28,Vulnerable
Pm support,Mammalia,Passeriformes,2547.949,1896.18,Critically Endangered
Every position,Mammalia,Rodentia,1778.724,136.66,Vulnerable
Worker science,Aves,Rodentia,4873.129,1196.01,Vulnerable
Care society,Reptilia,Anura,221.945,1936.01,Near Threatened
Anything process,Mammalia,Squamata,862.246,2907.48,Critically Endangered
Economic knowledge,Amphibia,Rodentia,394.011,2457.0,Critically Endangered
Despite only,Mammalia,Squamata,1365.833,98.01,Near Threatened
Can pattern,Actinopterygii,Primates,2977.599,1739.39,Extinct in the Wild
Action truth,Actinopterygii,Primates,2795.71,94.47,Extinct in the Wild
Part blue,Reptilia,Squamata,668.696,566.58,Least Concern
Food rule,Mammalia,Anura,1383.79,1977.52,Critically Endangered
Side state,Actinopterygii,Anura,2878.563,1245.67,Extinct in the Wild
Ready everything,Aves,Rodentia,3574.258,856.93,Vulnerable
Or manage,Amphibia,Primates,2309.315,831.94,Critically Endangered
Form investment,Amphibia,Anura,4222.772,456.59,Near Threatened
Thus by,Actinopterygii,Passeriformes,1175.561,636.59,Endangered
Other teach,Reptilia,Primates,399.498,2077.11,Near Threatened
Thought whether,Amphibia,Rodentia,1262.906,1577.35,Vulnerable
Actually act,Actinopterygii,Anura,4479.799,840.79,Vulnerable
Impact cell,Aves,Carnivora,2652.214,2429.26,Least Concern
Identify window,Actinopterygii,Passeriformes,2341.726,1778.22,Near Threatened
Across everyone,Actinopterygii,Carnivora,995.927,537.41,Vulnerable
Decide large,Amphibia,Primates,3915.039,423.66,Near Threatened
Manage we,Actinopterygii,Rodentia,2875.151,1377.54,Near Threatened
Take south,Reptilia,Carnivora,142.753,2144.41,Least Concern
Myself arrive,Aves,Carnivora,2970.935,2135.54,Critically Endangered
Early former,Mammalia,Anura,1679.976,908.64,Vulnerable
Write every,Mammalia,Rodentia,2129.32,1070.39,Least Concern
Issue foot,Actinopterygii,Passeriformes,1210.221,1522.35,Vulnerable
Full nation,Amphibia,Rodentia,3601.909,2160.15,Near Threatened
Reflect leave,Aves,Anura,2533.662,1057.08,Vulnerable
Detail wife,Amphibia,Carnivora,233.263,40.86,Near Threatened
Resource model,Mammalia,Anura,648.948,2830.85,Near Threatened
Head game,Amphibia,Squamata,4171.437,766.27,Least Concern
Dinner including,Amphibia,Passeriformes,3155.328,2351.05,Critically Endangered
Onto adult,Mammalia,Carnivora,2511.196,1639.14,Endangered
Player soon,Actinopterygii,Primates,4375.914,1245.79,Vulnerable
Clearly get,Mammalia,Primates,3075.686,2979.7,Vulnerable
Word yourself,Mammalia,Carnivora,255.535,2155.85,Critically Endangered
Produce wear,Actinopterygii,Carnivora,2760.348,2846.02,Critically Endangered
Action today,Amphibia,Squamata,1193.607,845.6,Endangered
Home family,Aves,Squamata,3723.538,2829.55,Endangered
Process heavy,Aves,Anura,3245.324,428.06,Endangered
Role financial,Amphibia,Carnivora,2112.803,972.6,Near Threatened
Many himself,Actinopterygii,Rodentia,430.336,871.19,Critically Endangered
Analysis author,Reptilia,Rodentia,756.872,58.92,Endangered
Great have,Reptilia,Passeriformes,2515.631,29.82,Near Threatened
Reality despite,Reptilia,Primates,2198.282,969.8,Least Concern
Apply build,Actinopterygii,Primates,3753.852,1155.24,Endangered
Seven low,Actinopterygii,Primates,4315.583,1396.96,Critically Endangered
Act ask,Aves,Rodentia,148.394,834.79,Critically Endangered
Court operation,Aves,Carnivora,1610.311,730.66,Extinct in the Wild
Fly member,Reptilia,Anura,538.395,2036.16,Vulnerable
Benefit dark,Actinopterygii,Rodentia,1408.366,210.38,Extinct in the Wild
Career a,Aves,Rodentia,1355.638,842.73,Least Concern
Involve exactly,Aves,Anura,1105.581,1300.0,Vulnerable
Body space,Mammalia,Rodentia,1470.489,1634.2,Endangered
Career pick,Aves,Primates,4227.742,260.14,Least Concern
Popular prove,Aves,Squamata,175.488,231.65,Extinct in the Wild
Effect medical,Reptilia,Rodentia,2570.264,180.36,Critically Endangered
Interview language,Reptilia,Anura,1749.783,1457.28,Least Concern
Traditional identify,Amphibia,Passeriformes,2164.75,342.61,Near Threatened
Story thousand,Amphibia,Squamata,3975.597,719.67,Endangered
Draw serve,Reptilia,Passeriformes,192.578,2300.89,Extinct in the Wild
Bank treatment,Amphibia,Anura,4519.229,2132.67,Critically Endangered
Good door,Mammalia,Primates,4120.125,652.07,Extinct in the Wild
Partner first,Actinopterygii,Squamata,304.355,1192.39,Least Concern
Show former,Mammalia,Primates,3485.145,100.76,Endangered
Remain rock,Reptilia,Squamata,4268.351,1633.3,Critically Endangered
Successful land,Actinopterygii,Squamata,4989.678,1906.72,Endangered
Science treat,Aves,Passeriformes,1098.573,2794.05,Least Concern
Court individual,Reptilia,Passeriformes,1343.322,316.16,Extinct in the Wild
Although nearly,Aves,Rodentia,622.06,2355.74,Critically Endangered
Soon design,Aves,Rodentia,1381.787,2600.38,Vulnerable
Identify environmental,Amphibia,Squamata,4990.936,1845.56,Least Concern
Apply give,Actinopterygii,Anura,4650.476,615.79,Endangered
Style former,Actinopterygii,Rodentia,4953.863,114.13,Near Threatened
Mean big,Mammalia,Rodentia,3617.259,2631.52,Critically Endangered
Writer treatment,Mammalia,Primates,3995.945,195.78,Endangered
Third drop,Reptilia,Carnivora,3338.277,2490.53,Near Threatened
Term argue,Mammalia,Primates,1472.3,1094.22,Extinct in the Wild
Floor size,Reptilia,Passeriformes,1910.305,2923.93,Least Concern
Look only,Reptilia,Rodentia,4949.534,1376.94,Critically Endangered
Just collection,Reptilia,Carnivora,152.957,2112.75,Vulnerable
Outside treatment,Amphibia,Passeriformes,3339.268,694.89,Endangered
For more,Amphibia,Rodentia,1754.649,2424.01,Least Concern
Rate account,Actinopterygii,Squamata,223.121,2249.87,Critically Endangered
Room water,Aves,Passeriformes,3021.712,295.25,Critically Endangered
Teach forward,Aves,Squamata,3440.982,2421.01,Vulnerable
Trial wonder,Mammalia,Primates,203.316,1018.25,Least Concern
You keep,Actinopterygii,Anura,3323.999,69.14,Endangered
Speak meet,Mammalia,Rodentia,3425.754,2609.43,Critically Endangered
Reach education,Amphibia,Squamata,1811.179,2203.79,Extinct in the Wild
Expect very,Actinopterygii,Carnivora,3099.193,2187.25,Extinct in the Wild
Stage six,Mammalia,Squamata,3570.2,1349.46,Extinct in the Wild
Body true,Amphibia,Primates,1306.795,1566.96,Critically Endangered
Give bring,Actinopterygii,Primates,774.703,731.09,Extinct in the Wild
Federal miss,Aves,Rodentia,1759.7,2893.49,Extinct in the Wild
Young stay,Amphibia,Carnivora,4370.737,1418.97,Endangered
Add you,Reptilia,Primates,607.579,2947.4,Endangered
Time treat,Amphibia,Anura,2239.461,2802.85,Near Threatened
Model bag,Mammalia,Anura,1666.631,2476.31,Endangered
Record part,Actinopterygii,Squamata,2387.623,2343.55,Least Concern
Far end,Aves,Rodentia,912.677,558.94,Least Concern
Team newspaper,Amphibia,Anura,975.825,1130.41,Critically Endangered
East behind,Aves,Carnivora,2813.629,104.22,Vulnerable
Future quickly,Aves,Primates,1284.018,2152.67,Least Concern
Show account,Amphibia,Rodentia,3973.358,701.17,Least Concern
Charge tree,Actinopterygii,Passeriformes,1213.772,2679.62,Near Threatened
Show article,Aves,Anura,4015.297,875.32,Near Threatened
Owner figure,Amphibia,Primates,4122.499,1020.33,Critically Endangered
Look travel,Reptilia,Squamata,3741.043,2335.12,Least Concern
Better may,Mammalia,Carnivora,711.361,1588.65,Vulnerable
Dream entire,Actinopterygii,Squamata,3698.441,471.44,Near Threatened
Forget woman,Aves,Rodentia,834.933,1550.11,Endangered
Sound technology,Aves,Rodentia,4911.291,2500.08,Near Threatened
Agency the,Aves,Rodentia,4157.748,2621.13,Endangered
Teach media,Amphibia,Rodentia,3077.221,301.58,Vulnerable
Debate require,Reptilia,Anura,3193.141,1975.2,Near Threatened
Study dark,Reptilia,Passeriformes,2713.938,2465.84,Least Concern
Pattern because,Reptilia,Passeriformes,4237.511,2978.13,Vulnerable
Yes size,Reptilia,Anura,3452.365,581.81,Vulnerable
Inside someone,Aves,Carnivora,4629.638,145.09,Extinct in the Wild
Event quite,Aves,Passeriformes,855.473,2026.7,Vulnerable
And four,Mammalia,Squamata,4390.879,2816.22,Critically Endangered
Entire once,Actinopterygii,Squamata,1952.872,477.06,Near Threatened
For understand,Amphibia,Passeriformes,3802.023,2944.82,Least Concern
Today miss,Aves,Passeriformes,364.441,56.37,Critically Endangered
Factor bag,Mammalia,Primates,2929.398,373.74,Critically Endangered
On range,Aves,Squamata,1443.886,1241.35,Extinct in the Wild
Charge owner,Amphibia,Carnivora,1867.851,2193.86,Vulnerable
Hour throw,Actinopterygii,Rodentia,2037.527,457.25,Vulnerable
Meet national,Mammalia,Primates,2513.531,1931.84,Least Concern
Discuss exist,Actinopterygii,Carnivora,2152.69,1991.88,Least Concern
Prove do,Reptilia,Squamata,1587.644,730.69,Near Threatened
Card animal,Amphibia,Rodentia,2905.064,469.65,Vulnerable
Card special,Amphibia,Anura,1700.899,672.56,Critically Endangered
Candidate group,Amphibia,Passeriformes,2123.191,2109.23,Least Concern
Without ability,Amphibia,Carnivora,1911.616,1044.52,Endangered
Until clear,Aves,Primates,3149.068,2486.09,Critically Endangered
Effort mean,Actinopterygii,Rodentia,1326.53,1884.89,Endangered
Will weight,Reptilia,Rodentia,2177.186,230.04,Endangered
Himself light,Aves,Passeriformes,32.023,2258.22,Near Threatened
Policy music,Amphibia,Passeriformes,175.051,822.08,Extinct in the Wild
Religious create,Aves,Passeriformes,185.883,829.73,Endangered
Today our,Mammalia,Rodentia,1030.064,494.69,Extinct in the Wild
Bed special,Reptilia,Anura,2174.617,2576.92,Vulnerable
Usually work,Reptilia,Passeriformes,3333.766,2366.23,Least Concern
Price discussion,Reptilia,Rodentia,1529.634,1732.72,Endangered
Heart reflect,Mammalia,Anura,1831.215,1193.46,Extinct in the Wild
Do itself,Actinopterygii,Rodentia,500.207,66.35,Critically Endangered
Staff safe,Aves,Primates,1798.672,2409.36,Near Threatened
Wait keep,Amphibia,Squamata,2728.05,2600.91,Near Threatened
Role participant,Amphibia,Carnivora,1402.931,2981.04,Near Threatened
Option technology,Reptilia,Rodentia,4155.166,1300.29,Extinct in the Wild
Trip trial,Reptilia,Rodentia,568.222,2693.71,Extinct in the Wild
Former nor,Reptilia,Anura,924.088,2154.95,Least Concern
For act,Actinopterygii,Passeriformes,1047.519,2792.88,Critically Endangered
Feeling window,Amphibia,Passeriformes,2954.999,1444.95,Extinct in the Wild
Simple tend,Reptilia,Carnivora,1389.054,1005.34,Near Threatened
Operation first,Aves,Carnivora,1549.169,2744.07,Extinct in the Wild
Site both,Aves,Passeriformes,3272.601,2023.81,Extinct in the Wild
Quite although,Actinopterygii,Carnivora,4775.28,2204.73,Critically Endangered
Bit weight,Actinopterygii,Squamata,1603.731,454.28,Extinct in the Wild
Number score,Aves,Passeriformes,207.075,2113.67,Least Concern
Huge meeting,Aves,Primates,2207.597,1739.92,Extinct in the Wild
Defense us,Amphibia,Passeriformes,1188.66,139.31,Least Concern
You husband,Reptilia,Primates,1013.498,57.86,Endangered
Tough all,Actinopterygii,Passeriformes,2937.512,1944.35,Near Threatened
Fact movie,Mammalia,Passeriformes,627.428,894.19,Endangered
Whole success,Mammalia,Anura,2848.471,2233.67,Vulnerable
Thought but,Mammalia,Anura,2206.362,1045.26,Least Concern
Water attack,Actinopterygii,Primates,877.951,2175.49,Vulnerable
Place me,Mammalia,Rodentia,4642.515,523.18,Critically Endangered
Could far,Actinopterygii,Primates,2694.371,386.33,Endangered
Public seven,Mammalia,Primates,4995.319,926.2,Least Concern
Congress owner,Actinopterygii,Carnivora,4000.126,2276.79,Extinct in the Wild
Television structure,Actinopterygii,Carnivora,891.358,2384.19,Least Concern
Who hour,Amphibia,Carnivora,703.611,89.38,Extinct in the Wild
Out I,Aves,Anura,3534.823,2229.36,Least Concern
Drug painting,Mammalia,Squamata,1127.899,687.06,Least Concern
Business charge,Amphibia,Squamata,1544.228,1051.31,Vulnerable
Kitchen sound,Actinopterygii,Primates,3055.041,2537.11,Vulnerable
Through computer,Reptilia,Anura,2485.979,1700.89,Least Concern
Avoid hour,Aves,Squamata,3571.299,1352.09,Least Concern
Assume simple,Amphibia,Anura,443.693,2470.81,Critically Endangered
Cell floor,Actinopterygii,Passeriformes,3671.852,432.65,Vulnerable
Career method,Amphibia,Passeriformes,2991.647,2287.32,Endangered
Could audience,Amphibia,Passeriformes,2783.914,92.99,Critically Endangered
Break land,Amphibia,Primates,556.282,300.1,Least Concern
Up of,Reptilia,Passeriformes,375.84,456.08,Endangered
North age,Reptilia,Anura,460.14,1923.67,Endangered
Fall game,Amphibia,Anura,531.315,2355.68,Vulnerable
Evidence attack,Actinopterygii,Squamata,1573.774,313.13,Least Concern
Risk information,Reptilia,Anura,3168.31,167.21,Extinct in the Wild
Claim pay,Actinopterygii,Primates,2378.989,1959.51,Vulnerable
Rate make,Aves,Passeriformes,4389.595,1169.27,Critically Endangered
Stuff back,Amphibia,Carnivora,4886.537,1472.32,Extinct in the Wild
