species,class,order,weight_kg,length_cm,conservation_status
Head top,Aves,Primates,2240.818,2605.81,Endangered
Spend school,Amphibia,Anura,228.665,2240.62,Least Concern
Trip industry,Actinopterygii,Passeriformes,1063.543,1116.67,Vulnerable
Trade wide,Reptilia,Carnivora,4121.626,848.64,Least Concern
Current cup,Amphibia,Anura,4130.071,294.69,Critically Endangered
Order other,Aves,Primates,1736.702,1358.12,Vulnerable
Good including,Aves,Passeriformes,1335.172,2120.46,Critically Endangered
Say fact,Amphibia,Primates,2876.222,2439.61,Critically Endangered
View without,Mammalia,Passeriformes,2020.559,2849.44,Endangered
Police ball,Amphibia,Anura,2344.874,1802.65,Near Threatened
Indicate knowledge,Aves,Carnivora,2083.913,1465.56,Endangered
Future tell,Reptilia,Rodentia,3943.427,1591.86,Critically Endangered
Find can,Aves,Anura,4774.953,189.83,Critically Endangered
Maybe identify,Reptilia,Carnivora,2427.067,1168.25,Least Concern
Card media,Reptilia,Carnivora,2355.542,1094.16,Least Concern
Leave family,Mammalia,Rodentia,828.945,2972.91,Endangered
Might budget,Amphibia,Squamata,846.191,1078.11,Least Concern
Thank fly,Amphibia,Carnivora,4115.951,939.99,Critically Endangered
Tend give,Amphibia,Squamata,3010.075,187.41,Near Threatened
Season peace,Actinopterygii,Primates,1431.383,2038.35,Near Threatened
Space however,Reptilia,Carnivora,3886.274,2945.74,Near Threatened
Moment develop,Actinopterygii,Carnivora,3755.76,1051.69,Vulnerable
Ahead bad,Mammalia,Squamata,1468.377,2630.32,Critically Endangered
Population believe,Reptilia,Passeriformes,818.027,2472.28,Critically Endangered
Base response,Reptilia,Rodentia,1499.058,2102.04,Least Concern
Mention ago,Reptilia,Carnivora,3673.384,2846.33,Near Threatened
Standard national,Amphibia,Passeriformes,1284.669,497.81,Vulnerable
Expert including,Aves,Anura,3627.089,1532.98,Vulnerable
College name,Amphibia,Rodentia,4107.828,1684.92,Least Concern
Always wait,Reptilia,Carnivora,572.589,2121.78,Vulnerable
Blue analysis,Amphibia,Primates,152.642,2834.16,Near Threatened
Evening particularly,Amphibia,Passeriformes,1392.131,2047.9,Extinct in the Wild
Entire board,Actinopterygii,Primates,674.662,107.96,Critically Endangered
Environmental use,Reptilia,Rodentia,3481.733,1558.03,Extinct in the Wild
Interest scene,Amphibia,Primates,3252.586,568.12,Critically Endangered
Alone herself,Mammalia,Passeriformes,1048.89,1336.3,Extinct in the Wild
Near meeting,Mammalia,Rodentia,4579.781,573.62,Near Threatened
Line meet,Amphibia,Squamata,3066.629,1484.01,Least Concern
According drug,Reptilia,Rodentia,2159.47,1002.08,Vulnerable
I ask,Actinopterygii,Rodentia,3314.84,574.51,Least Concern
Low artist,Mammalia,Squamata,161.959,581.59,Extinct in the Wild
Which degree,Mammalia,Anura,3304.289,1435.54,Vulnerable
Vote play,Actinopterygii,Passeriformes,357.337,2185.86,Critically Endangered
Three control,Actinopterygii,Anura,843.038,260.02,Least Concern
From operation,Mammalia,Primates,134.84,1722.72,Least Concern
Rule watch,Amphibia,Passeriformes,3552.932,323.53,Extinct in the Wild
Eye green,Aves,Primates,4720.493,2567.12,Least Concern
Operation discover,Mammalia,Anura,796.662,2083.32,Near Threatened
Affect want,Aves,Rodentia,1470.108,129.95,Least Concern
Risk line,Mammalia,Squamata,2617.995,1038.24,Near Threatened
Republican best,Reptilia,Rodentia,951.458,1088.72,Near Threatened
Spring voice,Actinopterygii,Passeriformes,69.149,207.92,Endangered
Feeling answer,Amphibia,Squamata,3121.849,781.34,Vulnerable
Area nature,Actinopterygii,Rodentia,692.409,1191.72,Critically Endangered
Fine local,Actinopterygii,Passeriformes,838.916,978.75,Near Threatened
Range child,Amphibia,Passeriformes,4440.949,2714.07,Near Threatened
Watch Mrs,Aves,Carnivora,633.817,2938.7,Critically Endangered
Method step,Aves,Passeriformes,3205.457,1248.92,Least Concern
Like music,Aves,Primates,682.726,1993.68,Least Concern
Serious authority,Actinopterygii,Primates,4549.421,2410.2,Vulnerable
Pattern go,Actinopterygii,Primates,2442.208,2053.95,Critically Endangered
Area media,Reptilia,Carnivora,1504.659,230.01,Vulnerable
Spend entire,Actinopterygii,Rodentia,4267.112,850.17,Endangered
Maybe group,Amphibia,Primates,2076.754,1506.45,Least Concern
Hour hot,Actinopterygii,Squamata,4949.569,2155.21,Least Concern
Let professional,Amphibia,Rodentia,875.907,373.23,Endangered
Onto thank,Amphibia,Carnivora,4252.958,2049.44,Near Threatened
Push base,Mammalia,Rodentia,3699.208,728.37,Vulnerable
President either,Mammalia,Carnivora,1092.417,2787.93,Critically Endangered
Training consider,Actinopterygii,Anura,676.324,2551.39,Near Threatened
Church break,Reptilia,Carnivora,4147.547,2470.85,Near Threatened
Special business,Actinopterygii,Squamata,243.557,801.79,Vulnerable
Occur board,Reptilia,Squamata,1795.436,1099.82,Extinct in the Wild
Stay eye,Amphibia,Primates,1923.873,2484.79,Vulnerable
Customer ok,Aves,Rodentia,1464.815,2816.33,Extinct in the Wild
Local suffer,Aves,Rodentia,2266.381,2376.96,Least Concern
Continue feel,Reptilia,Squamata,3146.189,2257.07,Least Concern
Trip sport,Mammalia,Squamata,3158.475,2191.83,Vulnerable
Author Republican,Reptilia,Passeriformes,4289.321,2526.37,Least Concern
Same through,Aves,Passeriformes,4078.148,2246.93,Endangered
Enough brother,Amphibia,Squamata,1572.207,1277.06,Endangered
Us listen,Reptilia,Anura,3934.77,2372.59,Extinct in the Wild
Nothing image,Aves,Rodentia,1621.803,1545.81,Critically Endangered
Catch so,Reptilia,Carnivora,1173.203,1569.03,Least Concern
Nearly minute,Amphibia,Carnivora,16.23,2927.86,Endangered
See everything,Aves,Squamata,2382.569,2687.12,Extinct in the Wild
Management front,Amphibia,Carnivora,1389.844,2784.36,Critically Endangered
Heavy enter,Actinopterygii,Primates,2554.549,744.34,Critically Endangered
Subject clear,Amphibia,Passeriformes,1321.778,221.02,Endangered
Thing full,Mammalia,Carnivora,291.631,1710.12,Critically Endangered
Film father,Reptilia,Primates,1067.755,2916.21,Vulnerable
Data future,Aves,Anura,3380.519,20.66,Least Concern
Key truth,Mammalia,Primates,3804.796,1458.42,Least Concern
Accept or,Aves,Anura,4694.727,936.6,Critically Endangered
Major particularly,Reptilia,Primates,4385.78,1864.05,Near Threatened
Very story,Actinopterygii,Primates,916.243,593.98,Critically Endangered
Visit control,Mammalia,Squamata,3410.102,1556.74,Critically Endangered
Effort station,Reptilia,Primates,4363.722,1149.19,Vulnerable
Available fast,Actinopterygii,Anura,3178.319,1087.39,Least Concern
Forget drug,Mammalia,Rodentia,55.686,342.37,Extinct in the Wild
New under,Aves,Squamata,2587.923,2336.77,Endangered
Bed born,Actinopterygii,Squamata,4360.351,2947.8,Endangered
Commercial test,Amphibia,Primates,978.412,555.57,Near Threatened
Stand dog,Actinopterygii,Passeriformes,369.962,2581.34,Vulnerable
Event discover,Aves,Rodentia,1278.043,1935.85,Vulnerable
Money east,Aves,Carnivora,466.181,1185.85,Critically Endangered
Himself skin,Reptilia,Squamata,3516.847,6.07,Vulnerable
Participant by,Mammalia,Rodentia,4379.535,2643.43,Critically Endangered
Especially resource,Mammalia,Primates,939.926,1459.29,Extinct in the Wild
Leg sea,Mammalia,Rodentia,3153.752,2623.82,Extinct in the Wild
Collection cell,Reptilia,Anura,4607.387,723.73,Critically Endangered
Seem far,Aves,Rodentia,1693.598,2983.93,Near Threatened
Should nothing,Amphibia,Passeriformes,1663.935,2049.98,Near Threatened
By teacher,Reptilia,Anura,4673.949,1888.57,Extinct in the Wild
Smile feel,Reptilia,Rodentia,1309.172,770.43,Near Threatened
Everybody theory,Actinopterygii,Passeriformes,1160.48,977.79,Near Threatened
Production rather,Reptilia,Carnivora,676.476,460.88,Vulnerable
Detail choose,Amphibia,Carnivora,4942.599,2181.84,Vulnerable
Company stay,Mammalia,Squamata,4731.928,139.56,Vulnerable
Spend tax,Aves,Rodentia,4111.964,1520.38,Least Concern
Final leg,Reptilia,Carnivora,2776.267,2264.99,Near Threatened
He land,Amphibia,Primates,2002.779,2515.61,Near Threatened
Field huge,Actinopterygii,Carnivora,940.598,2634.55,Critically Endangered
During professional,Mammalia,Rodentia,702.495,2140.89,Critically Endangered
Practice be,Mammalia,Passeriformes,1426.674,1757.87,Critically Endangered
Artist nearly,Mammalia,Carnivora,696.889,1751.39,Endangered
Trouble reduce,Actinopterygii,Rodentia,2420.914,1245.63,Endangered
Serve trial,Mammalia,Rodentia,566.504,2561.17,Least Concern
Future east,Reptilia,Passeriformes,3056.155,1721.63,Critically Endangered
Game join,Reptilia,Primates,877.567,606.96,Least Concern
Specific better,Mammalia,Rodentia,2264.493,1815.13,Critically Endangered
Third practice,Aves,Rodentia,4763.508,2370.27,Endangered
Personal material,Actinopterygii,Squamata,1228.922,1645.5,Endangered
Wife shake,Reptilia,Squamata,2192.21,1978.78,Endangered
Money yes,Actinopterygii,Rodentia,3917.264,1764.9,Vulnerable
Hand listen,Reptilia,Rodentia,3551.141,864.2,Critically Endangered
Gas also,Mammalia,Carnivora,2471.003,755.13,Critically Endangered
Like natural,Actinopterygii,Passeriformes,4064.985,1481.88,Near Threatened
Investment moment,Actinopterygii,Carnivora,4194.959,882.75,Vulnerable
Base color,Aves,Rodentia,3489.007,2351.54,Least Concern
Before local,Reptilia,Anura,944.039,477.71,Vulnerable
Simply protect,Amphibia,Passeriformes,4031.006,396.19,Near Threatened
Send prepare,Actinopterygii,Anura,4185.996,1262.41,Least Concern
Late beyond,Amphibia,Passeriformes,4281.03,1759.99,Critically Endangered
Run also,Reptilia,Primates,3480.042,1107.99,Extinct in the Wild
Next government,Mammalia,Carnivora,4597.068,1065.27,Near Threatened
Trip half,Mammalia,Passeriformes,2785.668,575.18,Endangered
Sometimes once,Mammalia,Primates,4164.703,313.42,Near Threatened
Top simple,Mammalia,Anura,1570.251,1248.2,Least Concern
Public return,Amphibia,Carnivora,4069.868,1479.28,Endangered
Old officer,Reptilia,Primates,843.049,149.77,Extinct in the Wild
Human above,Actinopterygii,Anura,3355.849,2886.72,Near Threatened
Test military,Aves,Passeriformes,1719.153,218.13,Vulnerable
Civil happen,Aves,Anura,4730.39,2453.6,Vulnerable
Professor know,Amphibia,Rodentia,1814.466,2208.82,Extinct in the Wild
Rich father,Aves,Carnivora,4921.186,944.93,Least Concern
Rather east,Actinopterygii,Primates,1027.556,2850.18,Vulnerable
Wife sister,Amphibia,Anura,183.024,1089.18,Critically Endangered
Drug similar,Mammalia,Squamata,1971.48,187.95,Near Threatened
Sell bag,Actinopterygii,Carnivora,3965.383,2716.49,Critically Endangered
Individual successful,Amphibia,Passeriformes,4106.294,732.53,Critically Endangered
Consider style,Actinopterygii,Primates,1159.994,2801.03,Endangered
Mrs in,Reptilia,Passeriformes,157.749,2950.87,Critically Endangered
Change usually,Reptilia,Carnivora,3868.865,1936.78,Critically Endangered
Out hold,Amphibia,Anura,930.556,2669.16,Critically Endangered
Language nor,Aves,Anura,3532.127,2081.5,Critically Endangered
Here answer,Actinopterygii,Passeriformes,4059.255,1581.82,Vulnerable
Notice point,Mammalia,Rodentia,172.344,197.62,Near Threatened
General series,Amphibia,Carnivora,1670.9,503.32,Least Concern
Hit heavy,Actinopterygii,Rodentia,4853.577,1943.86,Extinct in the Wild
Second city,Actinopterygii,Rodentia,2940.747,1490.26,Extinct in the Wild
Pressure sea,Aves,Squamata,2501.657,153.83,Extinct in the Wild
Term nor,Amphibia,Squamata,2251.111,2393.23,Endangered
Among like,Mammalia,Anura,1811.922,2383.21,Vulnerable
Dog save,Mammalia,Passeriformes,2711.443,193.99,Endangered
Prove seek,Mammalia,Anura,2843.176,79.09,Vulnerable
Site operation,Amphibia,Anura,3329.171,1123.75,Vulnerable
Sound American,Amphibia,Rodentia,1309.103,2920.95,Extinct in the Wild
Drug century,Reptilia,Anura,3552.311,2633.99,Least Concern
At near,Reptilia,Squamata,2894.781,533.62,Critically Endangered
Example of,Amphibia,Primates,2745.542,2681.21,Vulnerable
Majority outside,Aves,Anura,107.513,2932.48,Least Concern
Maybe develop,Mammalia,Squamata,4121.027,301.81,Near Threatened
Give itself,Actinopterygii,Carnivora,537.892,121.74,Extinct in the Wild
Less attack,Mammalia,Carnivora,2600.544,1238.17,Near Threatened
Wish market,Amphibia,Anura,2154.459,883.34,Near Threatened
Happen class,Mammalia,Rodentia,1298.872,1334.08,Least Concern
Public likely,Mammalia,Anura,1016.106,2946.06,Least Concern
Peace mouth,Actinopterygii,Rodentia,4499.927,287.95,Vulnerable
Special huge,Amphibia,Rodentia,2354.108,2190.95,Vulnerable
Pass pattern,Mammalia,Squamata,4579.812,692.18,Least Concern
Suddenly often,Aves,Rodentia,3914.982,1676.71,Near Threatened
Their everyone,Aves,Carnivora,830.297,2169.19,Near Threatened
Still I,Reptilia,Carnivora,3140.664,2896.08,Near Threatened
Somebody government,Aves,Carnivora,1792.329,2493.57,Endangered
Include sea,Actinopterygii,Primates,585.11,2278.75,Least Concern
Become economic,Amphibia,Rodentia,4427.678,140.2,Critically Endangered
Without partner,Actinopterygii,Carnivora,319.621,384.63,Extinct in the Wild
East ahead,Mammalia,Primates,1869.244,2245.3,Least Concern
Have amount,Amphibia,Squamata,1937.06,663.22,Least Concern
Available voice,Actinopterygii,Rodentia,1234.275,2890.97,Near Threatened
Somebody order,Actinopterygii,Squamata,437.692,2777.36,Least Concern
Challenge paper,Aves,Anura,1599.24,396.39,Vulnerable
Cup trade,Aves,Primates,733.542,1278.94,Least Concern
Good center,Reptilia,Carnivora,590.65,1357.77,Endangered
Public along,Amphibia,Squamata,1374.617,2627.17,Near Threatened
Church step,Amphibia,Carnivora,1227.001,2845.04,Critically Endangered
Up across,Mammalia,Carnivora,89.079,357.62,Least Concern
Company employee,Actinopterygii,Squamata,3524.272,1562.89,Endangered
Affect big,Actinopterygii,Passeriformes,2387.542,1503.46,Critically Endangered
Here exactly,Actinopterygii,Anura,3039.787,763.43,Endangered
Community add,Aves,Carnivora,3303.805,1310.03,Vulnerable
Lay sing,Reptilia,Passeriformes,900.746,1488.39,Least Concern
Space check,Actinopterygii,Squamata,4812.724,509.29,Least Concern
Traditional few,Mammalia,Squamata,56.842,1627.24,Vulnerable
House civil,Reptilia,Passeriformes,2298.131,485.31,Extinct in the Wild
Know industry,Actinopterygii,Squamata,278.723,2071.74,Near Threatened
Mission deep,Amphibia,Rodentia,4936.833,1519.81,Vulnerable
Individual defense,Mammalia,Anura,2114.44,854.77,Endangered
Star difficult,Actinopterygii,Primates,725.648,1607.79,Critically Endangered
Movement treatment,Aves,Passeriformes,2812.133,1041.22,Extinct in the Wild
Police college,Actinopterygii,Passeriformes,223.447,319.21,Least Concern
Total economy,Actinopterygii,Passeriformes,2418.793,2201.62,Critically Endangered
North clear,Actinopterygii,Rodentia,3601.321,1698.82,Near Threatened
Fire expert,Actinopterygii,Carnivora,3408.74,2258.47,Vulnerable
Get low,Mammalia,Rodentia,4360.005,2348.02,Vulnerable
Green ask,Mammalia,Squamata,2488.298,1173.26,Vulnerable
Garden safe,Actinopterygii,Primates,495.808,255.0,Vulnerable
Economic memory,Mammalia,Passeriformes,1528.361,2846.8,Near Threatened
Five all,Aves,Squamata,3103.515,32.9,Critically Endangered
Generation same,Actinopterygii,Anura,600.662,1976.93,Endangered
Break task,Aves,Anura,797.864,2598.48,Critically Endangered
Poor a,Amphibia,Rodentia,4091.358,2548.86,Critically Endangered
Week tonight,Mammalia,Squamata,4132.876,2645.02,Near Threatened
Under seven,Amphibia,Squamata,965.77,1394.91,Near Threatened
Education try,Amphibia,Anura,3034.789,1790.99,Near Threatened
Past different,Aves,Rodentia,4211.768,2997.03,Near Threatened
Organization event,Aves,Primates,4188.606,1768.71,Near Threatened
Light keep,Amphibia,Passeriformes,2056.278,1096.29,Critically Endangered
Reach modern,Actinopterygii,Squamata,2029.918,900.27,Extinct in the Wild
Debate when,Actinopterygii,Squamata,899.753,1464.4,Extinct in the Wild
Energy ahead,Actinopterygii,Anura,1210.667,832.03,Near Threatened
From age,Amphibia,Primates,538.425,2262.69,Near Threatened
Information might,Aves,Rodentia,2146.282,2208.11,Vulnerable
Adult PM,Aves,Rodentia,4920.295,1275.89,Near Threatened
Carry physical,Amphibia,Anura,4434.389,2996.55,Extinct in the Wild
Still near,Reptilia,Carnivora,298.661,1556.62,Vulnerable
Not white,Mammalia,Passeriformes,352.327,239.12,Least Concern
Available participant,Aves,Squamata,3216.556,1365.3,Vulnerable
Determine minute,Amphibia,Passeriformes,909.122,1145.1,Critically Endangered
Subject check,Amphibia,Anura,723.66,414.36,Extinct in the Wild
Action tough,Amphibia,Anura,3872.951,2890.75,Least Concern
Early color,Aves,Passeriformes,1209.631,1575.4,Vulnerable
Moment indicate,Aves,Primates,3756.703,1752.22,Endangered
Expect reason,Amphibia,Squamata,2787.44,2017.08,Near Threatened
Per such,Aves,Squamata,1713.484,2352.7,Extinct in the Wild
Type everything,Actinopterygii,Rodentia,1048.032,1437.87,Critically Endangered
Sport unit,Reptilia,Passeriformes,2344.021,954.19,Extinct in the Wild
Cup research,Actinopterygii,Squamata,720.507,2886.53,Least Concern
Field school,Actinopterygii,Squamata,2864.566,45.58,Extinct in the Wild
Throughout enjoy,Mammalia,Passeriformes,1389.143,279.74,Near Threatened
Cultural late,Amphibia,Anura,4740.266,1456.45,Vulnerable
Design finish,Amphibia,Passeriformes,2910.789,377.25,Extinct in the Wild
Concern of,Amphibia,Rodentia,1.85,725.15,Extinct in the Wild
Argue push,Amphibia,Carnivora,3651.72,1714.86,Least Concern
Threat enter,Actinopterygii,Carnivora,3809.634,622.14,Least Concern
Maintain evening,Amphibia,Anura,4874.329,2.67,Near Threatened
Listen best,Actinopterygii,Rodentia,2621.58,1414.93,Vulnerable
Time color,Reptilia,Carnivora,4410.926,1615.85,Near Threatened
Deal church,Reptilia,Passeriformes,2922.427,1561.96,Endangered
Plan thousand,Amphibia,Squamata,4229.323,464.69,Critically Endangered
Major study,Reptilia,Passeriformes,1353.38,603.11,Endangered
News meet,Amphibia,Carnivora,4988.776,2792.31,Critically Endangered
Social drug,Actinopterygii,Anura,4875.969,2951.18,Extinct in the Wild
Laugh language,Actinopterygii,Primates,614.246,2591.02,Critically Endangered
Wall state,Actinopterygii,Passeriformes,724.267,2939.16,Endangered
Everything bag,Actinopterygii,Squamata,1526.128,1467.38,Vulnerable
Write value,Aves,Carnivora,47.102,2233.66,Endangered
American government,Aves,Squamata,766.84,812.26,Near Threatened
Daughter worry,Mammalia,Passeriformes,2015.838,2261.52,Extinct in the Wild
Past thus,Aves,Carnivora,2154.158,789.13,Endangered
Next official,Mammalia,Passeriformes,4764.037,392.8,Vulnerable
Have nature,Mammalia,Squamata,3493.257,836.3,Near Threatened
Go few,Amphibia,Rodentia,4900.764,2536.23,Endangered
Choose and,Mammalia,Carnivora,3122.323,376.69,Least Concern
Offer matter,Actinopterygii,Passeriformes,1368.229,1123.8,Extinct in the Wild
Suffer place,Aves,Primates,4559.416,2668.2,Endangered
Pass computer,Mammalia,Rodentia,3297.635,782.1,Least Concern
Pass policy,Reptilia,Rodentia,1605.145,2689.13,Vulnerable
Various information,Reptilia,Passeriformes,1636.784,1429.92,Least Concern
Garden generation,Amphibia,Anura,1475.92,1288.46,Extinct in the Wild
Beautiful wall,Amphibia,Primates,4039.214,2704.1,Extinct in the Wild
Machine benefit,Actinopterygii,Squamata,4126.533,446.84,Vulnerable
Actually center,Aves,Carnivora,879.978,198.15,Extinct in the Wild
Address somebody,Reptilia,Carnivora,2743.136,198.68,Near Threatened
Mention hope,Aves,Carnivora,2996.007,1472.93,Least Concern
Admit effect,Aves,Carnivora,4165.754,445.25,Critically Endangered
Show total,Actinopterygii,Squamata,4015.807,1258.58,Endangered
Lose rate,Mammalia,Passeriformes,1490.889,1095.05,Near Threatened
Anyone more,Mammalia,Carnivora,2810.511,320.91,Extinct in the Wild
Apply how,Actinopterygii,Carnivora,994.178,696.05,Extinct in the Wild
Situation phone,Reptilia,Rodentia,1396.335,2552.8,Critically Endangered
Mention view,Mammalia,Carnivora,315.426,1356.97,Least Concern
Under for,Aves,Carnivora,1495.684,2941.54,Near Threatened
President Congress,Mammalia,Primates,2251.743,1075.83,Endangered
Republican billion,Aves,Passeriformes,1255.009,119.46,Vulnerable
Popular because,Mammalia,Rodentia,4285.686,78.94,Endangered
Adult store,Aves,Primates,171.584,2982.55,Critically Endangered
Yard class,Reptilia,Carnivora,986.896,401.84,Near Threatened
Purpose participant,Reptilia,Carnivora,4894.847,33.44,Critically Endangered
Consider instead,Reptilia,Primates,3347.53,1143.55,Extinct in the Wild
Shake itself,Mammalia,Carnivora,389.995,1624.87,Critically Endangered
Again nature,Aves,Rodentia,4739.037,443.65,Endangered
Staff practice,Amphibia,Primates,1575.011,1596.77,Least Concern
Audience understand,Aves,Squamata,3644.639,261.37,Critically Endangered
Off woman,Reptilia,Carnivora,1485.478,1681.9,Extinct in the Wild
In page,Reptilia,Rodentia,3765.59,873.67,Least Concern
Help factor,Mammalia,Rodentia,1432.139,2741.39,Endangered
Current finally,Amphibia,Anura,1033.292,1886.57,Critically Endangered
Happy physical,Amphibia,Squamata,2087.46,1328.09,Least Concern
Member catch,Mammalia,Passeriformes,3320.42,1540.37,Near Threatened
Activity certainly,Reptilia,Anura,2994.47,16.04,Endangered
Power identify,Aves,Passeriformes,4356.398,353.09,Extinct in the Wild
Service want,Reptilia,Squamata,3431.739,21.28,Vulnerable
Through perform,Amphibia,Carnivora,169.046,2760.89,Near Threatened
Nothing teach,Reptilia,Squamata,1186.51,2145.23,Extinct in the Wild
Course political,Mammalia,Rodentia,2999.614,2621.75,Near Threatened
First enjoy,Aves,Primates,2801.874,1812.75,Critically Endangered
However music,Amphibia,Carnivora,2861.402,2379.35,Least Concern
Enough company,Aves,Carnivora,2591.579,1246.32,Least Concern
Officer camera,Actinopterygii,Rodentia,4097.377,557.78,Endangered
Affect a,Aves,Passeriformes,4440.96,2641.6,Vulnerable
Dog road,Aves,Passeriformes,725.873,2812.61,Endangered
Also media,Amphibia,Rodentia,1666.457,680.71,Extinct in the Wild
Lawyer low,Aves,Passeriformes,594.925,258.88,Extinct in the Wild
Space pretty,Actinopterygii,Anura,4045.805,2281.4,Least Concern
Although first,Reptilia,Primates,3322.288,743.51,Extinct in the Wild
Available agency,Aves,Squamata,1301.919,2130.98,Near Threatened
Law manage,Mammalia,Rodentia,1575.403,725.17,Endangered
President arrive,Mammalia,Rodentia,3467.238,1340.68,Critically Endangered
Democrat because,Aves,Primates,3086.09,1449.45,Vulnerable
Deep beat,Reptilia,Passeriformes,4831.115,234.91,Extinct in the Wild
Produce eat,Mammalia,Carnivora,800.226,2247.28,Critically Endangered
Network blood,Actinopterygii,Primates,1834.964,2644.67,Extinct in the Wild
None factor,Aves,Passeriformes,3285.373,1426.23,Critically Endangered
Peace onto,Actinopterygii,Passeriformes,1658.3,2724.61,Vulnerable
Pull whom,Mammalia,Rodentia,4679.457,2734.94,Vulnerable
Catch magazine,Amphibia,Carnivora,3944.249,337.85,Least Concern
Bring choose,Aves,Squamata,3964.35,1278.41,Endangered
Safe room,Mammalia,Anura,496.098,738.91,Least Concern
Yourself explain,Aves,Squamata,211.099,1885.6,Critically Endangered
Since chair,Amphibia,Anura,2218.898,1000.81,Near Threatened
Strategy five,Actinopterygii,Passeriformes,1530.884,2331.57,Vulnerable
Rate child,Amphibia,Primates,470.214,1839.35,Endangered
Treat bag,Actinopterygii,Primates,1969.991,1550.92,Critically Endangered
Defense which,Amphibia,Anura,3293.719,2934.46,Endangered
Near environment,Mammalia,Passeriformes,3056.904,768.39,Near Threatened
Particular chance,Actinopterygii,Squamata,131.618,2391.25,Least Concern
Site federal,Reptilia,Carnivora,2056.164,2500.03,Endangered
Affect shoulder,Mammalia,Anura,1814.03,1576.72,Critically Endangered
Southern art,Reptilia,Rodentia,4702.716,171.22,Near Threatened
Capital traditional,Amphibia,Rodentia,2841.306,978.45,Extinct in the Wild
Evening understand,Actinopterygii,Primates,297.666,2223.26,Near Threatened
Project responsibility,Aves,Anura,752.611,12.58,Critically Endangered
Ahead always,Reptilia,Squamata,4792.679,2076.06,Least Concern
Claim the,Actinopterygii,Passeriformes,629.057,921.66,Endangered
Arrive artist,Actinopterygii,Primates,2253.974,1944.31,Critically Endangered
Stand rise,Reptilia,Anura,1081.044,2596.62,Near Threatened
Pm here,Reptilia,Rodentia,2942.926,1364.55,Endangered
Himself spring,Aves,Carnivora,1633.973,1158.76,Vulnerable
Usually black,Amphibia,Anura,3523.819,2738.84,Vulnerable
Name range,Reptilia,Carnivora,4920.476,233.17,Vulnerable
Structure long,Aves,Anura,2654.356,1324.13,Near Threatened
Artist whose,Aves,Passeriformes,2945.437,2775.19,Extinct in the Wild
Interview weight,Amphibia,Rodentia,2603.867,268.32,Endangered
Policy film,Aves,Carnivora,4142.907,2612.15,Least Concern
Side lose,Amphibia,Primates,1678.185,1417.28,Critically Endangered
Probably bag,Amphibia,Rodentia,4081.079,720.73,Extinct in the Wild
Ability light,Aves,Rodentia,2797.924,2065.52,Least Concern
Just area,Aves,Squamata,4559.66,95.81,Least Concern
Raise so,Actinopterygii,Squamata,4285.248,2257.09,Critically Endangered
Amount decade,Actinopterygii,Passeriformes,3719.854,2546.04,Extinct in the Wild
These rather,Reptilia,Carnivora,2104.081,11.53,Extinct in the Wild
Discuss be,Mammalia,Primates,4838.652,1537.28,Near Threatened
Product exist,Amphibia,Anura,3248.393,2035.99,Near Threatened
Here why,Reptilia,Carnivora,2319.107,268.02,Extinct in the Wild
Treat table,Mammalia,Anura,1147.012,1765.72,Vulnerable
Trip contain,Actinopterygii,Squamata,3987.221,2728.1,Least Concern
Remain national,Mammalia,Passeriformes,2811.655,254.48,Least Concern
Reduce personal,Aves,Carnivora,3643.65,912.51,Least Concern
Security region,Reptilia,Passeriformes,4555.928,1109.37,Least Concern
Mean least,Amphibia,Anura,2558.84,2405.84,Critically Endangered
Own year,Mammalia,Carnivora,788.395,1854.78,Critically Endangered
Early price,Aves,Primates,2104.825,2503.58,Least Concern
Easy there,Mammalia,Passeriformes,4517.237,1950.83,Near Threatened
Finally long,Aves,Anura,113.49,520.21,Vulnerable
Ground best,Mammalia,Anura,3599.716,381.3,Critically Endangered
Trial go,Actinopterygii,Carnivora,2758.727,912.53,Vulnerable
Political owner,Actinopterygii,Anura,4690.438,2617.74,Critically Endangered
Significant south,Actinopterygii,Passeriformes,3415.792,972.25,Critically Endangered
Exist central,Reptilia,Primates,1661.842,1167.64,Endangered
Fill college,Reptilia,Passeriformes,2977.409,1524.03,Least Concern
Industry pass,Amphibia,Passeriformes,4144.226,2482.86,Least Concern
War cost,Mammalia,Anura,655.649,2208.65,Endangered
Maybe article,Aves,Squamata,4033.277,1899.14,Vulnerable
Watch phone,Actinopterygii,Squamata,2896.66,1606.84,Critically Endangered
Visit budget,Reptilia,Anura,3623.979,2774.29,Extinct in the Wild
Material six,Reptilia,Anura,2837.355,2696.25,Near Threatened
Consider former,Reptilia,Squamata,1225.157,1309.63,Near Threatened
Government thank,Reptilia,Passeriformes,4475.583,1421.56,Endangered
Tell meet,Aves,Anura,3108.351,2854.44,Endangered
Response call,Mammalia,Squamata,1627.963,2504.04,Least Concern
Eye poor,Aves,Primates,2207.257,2172.63,Extinct in the Wild
Why improve,Reptilia,Primates,2919.745,178.78,Endangered
Believe low,Actinopterygii,Rodentia,4236.299,1121.95,Critically Endangered
Item book,Mammalia,Carnivora,1902.843,2949.29,Vulnerable
Test ago,Mammalia,Primates,3778.501,1101.29,Endangered
Movement he,Actinopterygii,Squamata,2652.428,2682.04,Endangered
First instead,Actinopterygii,Anura,4494.99,2072.51,Least Concern
Wonder oil,Actinopterygii,Squamata,605.404,1445.72,Extinct in the Wild
Foreign happy,Reptilia,Passeriformes,605.869,1086.45,Endangered
Thing dark,Reptilia,Carnivora,3461.469,1000.42,Vulnerable
Coach Mrs,Actinopterygii,Squamata,831.37,666.19,Critically Endangered
He but,Actinopterygii,Carnivora,95.616,712.23,Least Concern
Admit beyond,Amphibia,Rodentia,139.782,2196.78,Endangered
View would,Reptilia,Primates,1071.76,1147.86,Near Threatened
Need top,Amphibia,Rodentia,4599.128,910.37,Critically Endangered
About peace,Amphibia,Primates,1705.869,1185.89,Vulnerable
At each,Mammalia,Primates,1516.75,850.77,Near Threatened
Performance short,Actinopterygii,Passeriformes,2504.535,2796.49,Critically Endangered
Machine alone,Aves,Passeriformes,3834.068,531.78,Endangered
Stage task,Amphibia,Passeriformes,4113.448,2088.58,Least Concern
These project,Amphibia,Rodentia,2543.791,196.73,Extinct in the Wild
Friend seek,Reptilia,Squamata,728.633,9.29,Least Concern
Hotel husband,Aves,Anura,1532.484,265.63,Near Threatened
Stay to,Mammalia,Anura,2736.626,1257.7,Near Threatened
Skill turn,Actinopterygii,Squamata,4016.528,2870.05,Vulnerable
Interview really,Aves,Passeriformes,2831.842,1987.33,Extinct in the Wild
Color public,Amphibia,Squamata,3864.349,2314.96,Near Threatened
As effort,Amphibia,Primates,872.382,2233.42,Near Threatened
Whose hit,Actinopterygii,Rodentia,690.53,2309.11,Extinct in the Wild
Chair type,Actinopterygii,Squamata,1169.543,712.04,Near Threatened
Affect chance,Aves,Rodentia,1242.706,23.32,Critically Endangered
Woman remain,Aves,Rodentia,311.494,2810.6,Extinct in the Wild
Life air,Amphibia,Primates,3241.043,1699.24,Endangered
Husband best,Reptilia,Carnivora,2517.779,2518.25,Vulnerable
Actually or,Mammalia,Squamata,3498.493,1855.36,Critically Endangered
End argue,Amphibia,Anura,3503.749,2817.33,Least Concern
Simply sense,Reptilia,Rodentia,825.27,2130.61,Least Concern
Another care,Actinopterygii,Carnivora,1427.157,2062.02,Extinct in the Wild
Fill approach,Mammalia,Squamata,2757.664,342.22,Vulnerable
Series anyone,Actinopterygii,Squamata,86.415,2064.23,Vulnerable
Surface trip,Mammalia,Passeriformes,2920.249,2601.3,Critically Endangered
Standard friend,Amphibia,Carnivora,1046.365,2338.07,Least Concern
Low day,Aves,Rodentia,2935.813,490.2,Extinct in the Wild
Will environmental,Mammalia,Rodentia,2395.454,523.53,Critically Endangered
Sign know,Reptilia,Carnivora,1536.781,906.13,Least Concern
Other pull,Aves,Primates,3589.673,2287.91,Endangered
Film finish,Reptilia,Rodentia,2860.241,209.08,Critically Endangered
Push fast,Amphibia,Rodentia,2081.562,1118.17,Vulnerable
Song well,Amphibia,Passeriformes,3374.524,744.77,Least Concern
Vote with,Actinopterygii,Passeriformes,2797.219,898.18,Vulnerable
Possible staff,Amphibia,Passeriformes,1401.6,2597.94,Vulnerable
Wall speech,Amphibia,Anura,3094.575,2558.83,Vulnerable
Enough region,Aves,Anura,3290.985,671.42,Least Concern
Major church,Reptilia,Primates,3688.341,996.28,Near Threatened
War find,Actinopterygii,Passeriformes,4765.874,1073.76,Near Threatened
Simply drop,Reptilia,Primates,1326.3,516.17,Critically Endangered
Team hear,Mammalia,Passeriformes,3823.952,1992.61,Near Threatened
Worry employee,Amphibia,Anura,2673.616,390.6,Critically Endangered
Not rate,Reptilia,Squamata,1562.399,2531.14,Endangered
Behind kitchen,Reptilia,Primates,3735.008,2633.24,Endangered
Focus father,Aves,Carnivora,1408.652,929.92,Vulnerable
Experience energy,Actinopterygii,Passeriformes,2425.636,1191.41,Near Threatened
Ok fast,Amphibia,Carnivora,4587.892,2416.06,Endangered
Church coach,Aves,Squamata,4757.832,1508.05,Critically Endangered
Trip help,Amphibia,Rodentia,13.021,344.87,Extinct in the Wild
Difficult left,Aves,Rodentia,549.09,1530.93,Endangered
Second member,Mammalia,Anura,3260.659,581.07,Extinct in the Wild
Head conference,Reptilia,Anura,1094.153,1317.65,Near Threatened
Challenge cup,Reptilia,Primates,948.781,1294.44,Vulnerable
Often name,Actinopterygii,Squamata,851.825,76.51,Near Threatened
Goal study,Aves,Passeriformes,388.236,1535.33,Vulnerable
Group my,Aves,Rodentia,3683.287,1261.05,Near Threatened
Least over,Actinopterygii,Rodentia,3951.238,398.17,Vulnerable
Effect word,Mammalia,Rodentia,489.612,1048.71,Endangered
Effort southern,Amphibia,Carnivora,430.531,1653.7,Critically Endangered
Rise suddenly,Reptilia,Passeriformes,4547.331,1446.02,Endangered
Stand local,Amphibia,Passeriformes,829.862,2490.36,Endangered
Rate support,Mammalia,Anura,4241.201,2601.91,Vulnerable
Out add,Aves,Primates,3606.912,2215.01,Least Concern
Speak choose,Reptilia,Squamata,3142.936,2551.6,Endangered
Term reduce,Aves,Carnivora,1439.928,660.15,Vulnerable
Pattern happen,Aves,Anura,715.72,2655.83,Endangered
Worry pattern,Amphibia,Passeriformes,3198.43,1676.05,Near Threatened
Accept debate,Amphibia,Passeriformes,2079.869,895.46,Endangered
Himself local,Reptilia,Rodentia,2391.52,2667.75,Critically Endangered
Enter big,Reptilia,Passeriformes,793.53,359.37,Extinct in the Wild
Thought stock,Amphibia,Squamata,1935.328,2818.05,Near Threatened
News behind,Reptilia,Squamata,1747.83,139.88,Near Threatened
Owner game,Reptilia,Passeriformes,1101.311,1125.63,Least Concern
Hot other,Mammalia,Passeriformes,1642.238,15.6,Extinct in the Wild
Bank very,Actinopterygii,Rodentia,4450.41,2232.26,Extinct in the Wild
Purpose hand,Mammalia,Carnivora,449.977,2158.79,Vulnerable
Culture series,Amphibia,Squamata,205.808,1916.25,Critically Endangered
Word feel,Reptilia,Passeriformes,4813.286,1871.9,Critically Endangered
However special,Reptilia,Anura,3888.002,2451.08,Extinct in the Wild
Consider science,Amphibia,Rodentia,4396.244,1329.43,Vulnerable
Clearly likely,Reptilia,Primates,4481.677,854.5,Endangered
Activity of,Actinopterygii,Primates,2054.45,1097.4,Least Concern
Occur six,Reptilia,Anura,1347.365,1210.02,Near Threatened
Leader west,Amphibia,Anura,4140.674,1867.35,Endangered
Catch serious,Actinopterygii,Anura,807.552,2233.81,Vulnerable
Value lawyer,Mammalia,Carnivora,305.135,1356.28,Near Threatened
Either common,Reptilia,Carnivora,1596.408,106.34,Least Concern
Glass blood,Actinopterygii,Carnivora,2474.102,1804.96,Vulnerable
Strong four,Reptilia,Primates,2222.534,1599.58,Near Threatened
Measure address,Aves,Squamata,4174.726,2015.11,Vulnerable
Effort mean,Actinopterygii,Carnivora,895.049,98.77,Vulnerable
Concern buy,Amphibia,Anura,1633.808,833.68,Critically Endangered
Service size,Reptilia,Rodentia,2824.681,740.76,Vulnerable
Measure heart,Reptilia,Primates,3707.161,1389.66,Vulnerable
Computer rule,Mammalia,Carnivora,3163.149,2662.17,Endangered
Region deep,Amphibia,Rodentia,956.021,2847.19,Least Concern
Woman itself,Reptilia,Rodentia,1115.738,1021.14,Vulnerable
Adult each,Mammalia,Carnivora,3217.892,2543.81,Critically Endangered
First information,Mammalia,Primates,2830.387,2999.91,Endangered
Type fine,Aves,Squamata,1711.332,1863.67,Least Concern
Some music,Mammalia,Rodentia,4735.537,2395.98,Endangered
Film history,Mammalia,Passeriformes,2719.91,2998.61,Endangered
Child among,Aves,Carnivora,11.188,569.99,Least Concern
Middle season,Reptilia,Rodentia,4421.374,1062.73,Endangered
Want head,Amphibia,Carnivora,655.072,2892.31,Extinct in the Wild
Fear yard,Actinopterygii,Rodentia,1046.505,1445.11,Vulnerable
Character spend,Actinopterygii,Carnivora,404.932,734.6,Extinct in the Wild
Trade past,Amphibia,Passeriformes,4336.98,2441.88,Endangered
Three all,Aves,Squamata,2932.383,233.64,Endangered
Reveal use,Reptilia,Carnivora,4607.281,870.08,Extinct in the Wild
Either tree,Aves,Rodentia,4558.208,1652.8,Vulnerable
Anyone only,Aves,Primates,2814.246,2478.87,Extinct in the Wild
Edge standard,Aves,Squamata,4979.905,420.05,Extinct in the Wild
Future question,Mammalia,Anura,2976.408,1784.24,Vulnerable
Ground wrong,Aves,Passeriformes,4194.065,1397.01,Near Threatened
Could girl,Amphibia,Carnivora,4115.054,2105.9,Vulnerable
State lawyer,Amphibia,Primates,1766.734,733.57,Extinct in the Wild
Change thought,Actinopterygii,Passeriformes,829.209,2182.25,Least Concern
Economic car,Mammalia,Carnivora,2462.159,1648.67,Extinct in the Wild
Try mention,Aves,Passeriformes,4440.691,2062.5,Endangered
First store,Amphibia,Carnivora,1271.566,1718.1,Vulnerable
Scientist floor,Amphibia,Passeriformes,2980.395,2926.1,Least Concern
List investment,Actinopterygii,Anura,208.654,21.46,Extinct in the Wild
Region crime,Actinopterygii,Squamata,638.819,211.73,Critically Endangered
Standard decision,Reptilia,Carnivora,2788.991,1447.76,Critically Endangered
Learn play,Amphibia,Anura,1349.907,919.8,Endangered
Official alone,Actinopterygii,Carnivora,2304.719,1360.65,Critically Endangered
Throw movement,Aves,Carnivora,3642.476,135.11,Vulnerable
Explain always,Amphibia,Anura,618.346,2732.49,Vulnerable
Pick sometimes,Reptilia,Carnivora,654.632,2805.12,Critically Endangered
Specific family,Actinopterygii,Squamata,3819.602,2408.07,Critically Endangered
Go must,Mammalia,Passeriformes,1795.152,92.39,Extinct in the Wild
Improve as,Aves,Carnivora,3740.903,278.53,Near Threatened
That outside,Amphibia,Squamata,4924.686,1918.5,Critically Endangered
Source individual,Amphibia,Carnivora,3473.758,646.46,Endangered
Serious control,Amphibia,Passeriformes,1948.146,2712.93,Endangered
Computer Democrat,Amphibia,Passeriformes,3661.833,2896.57,Near Threatened
Travel building,Reptilia,Rodentia,1906.289,1171.37,Endangered
Apply official,Actinopterygii,Primates,225.575,2634.06,Endangered
Top already,Amphibia,Passeriformes,2349.631,1257.35,Least Concern
Would her,Aves,Carnivora,363.214,2933.27,Least Concern
Computer either,Reptilia,Squamata,4381.717,731.36,Critically Endangered
Their moment,Aves,Squamata,681.71,2723.46,Extinct in the Wild
Recent could,Reptilia,Anura,1594.824,2765.32,Endangered
Traditional hotel,Reptilia,Passeriformes,4947.989,253.09,Near Threatened
Seem join,Reptilia,Squamata,3977.954,2014.86,Critically Endangered
Kid everything,Mammalia,Primates,1007.996,724.09,Extinct in the Wild
Crime usually,Actinopterygii,Primates,444.837,2222.24,Endangered
Reduce impact,Actinopterygii,Anura,2712.737,353.64,Endangered
Professor suffer,Amphibia,Squamata,442.576,2824.85,Critically Endangered
Floor sister,Reptilia,Carnivora,4095.503,2112.17,Endangered
Very scientist,Aves,Rodentia,309.032,1189.27,Endangered
Trip mention,Aves,Rodentia,979.545,1442.84,Near Threatened
Agent who,Aves,Rodentia,4104.296,1362.56,Least Concern
Long part,Aves,Carnivora,4194.921,2087.33,Critically Endangered
Peace campaign,Actinopterygii,Passeriformes,4763.942,1294.44,Least Concern
Statement wide,Amphibia,Anura,2016.344,261.92,Endangered
Growth specific,Actinopterygii,Passeriformes,4612.871,759.06,Vulnerable
Relationship base,Amphibia,Squamata,3759.558,1487.09,Extinct in the Wild
Anything girl,Reptilia,Primates,4713.178,690.82,Critically Endangered
West in,Aves,Carnivora,2077.905,1922.53,Least Concern
Police more,Actinopterygii,Anura,2229.94,1686.11,Vulnerable
Level happen,Aves,Carnivora,1152.536,475.76,Least Concern
Campaign night,Amphibia,Carnivora,3387.833,1870.36,Critically Endangered
Hit new,Aves,Passeriformes,4359.21,1125.6,Extinct in the Wild
Fish card,Mammalia,Squamata,1477.215,1279.81,Extinct in the Wild
Man increase,Aves,Passeriformes,4977.742,2254.61,Endangered
Ready hope,Amphibia,Rodentia,3735.387,1580.82,Vulnerable
Audience fight,Aves,Carnivora,1214.15,2460.14,Extinct in the Wild
Thing office,Aves,Carnivora,264.978,2294.68,Vulnerable
Economic go,Reptilia,Carnivora,1057.158,1878.27,Critically Endangered
Respond value,Mammalia,Carnivora,4707.97,2059.95,Endangered
Final fish,Aves,Passeriformes,4238.56,2229.29,Least Concern
Tree bill,Mammalia,Anura,4456.449,1604.21,Near Threatened
Individual development,Aves,Rodentia,1681.88,1007.7,Extinct in the Wild
Onto face,Aves,Rodentia,89.045,2013.93,Least Concern
Instead sign,Reptilia,Squamata,1618.793,41.57,Critically Endangered
Fire idea,Reptilia,Squamata,4858.435,1240.99,Endangered
Live cover,Reptilia,Primates,3251.8,2050.76,Extinct in the Wild
Remain firm,Actinopterygii,Rodentia,4560.379,2468.21,Vulnerable
Hundred answer,Actinopterygii,Rodentia,4072.425,493.83,Endangered
Establish each,Aves,Squamata,2809.654,2475.99,Vulnerable
Event matter,Reptilia,Anura,3005.681,505.46,Least Concern
She article,Amphibia,Squamata,1969.818,32.75,Critically Endangered
Indicate collection,Mammalia,Carnivora,69.086,2409.23,Near Threatened
Travel able,Mammalia,Squamata,4538.422,535.61,Vulnerable
Gun tough,Reptilia,Passeriformes,2286.952,2685.29,Extinct in the Wild
Lawyer read,Aves,Squamata,1303.375,44.99,Least Concern
Road test,Aves,Primates,1925.356,576.45,Near Threatened
Several affect,Actinopterygii,Primates,1992.306,2300.82,Extinct in the Wild
Live that,Reptilia,Carnivora,4829.596,2807.85,Least Concern
Such shake,Mammalia,Primates,4566.959,2515.25,Vulnerable
Scientist military,Actinopterygii,Primates,463.7,524.22,Endangered
Ten third,Reptilia,Passeriformes,2084.248,502.51,Extinct in the Wild
Respond then,Aves,Anura,1821.894,1377.3,Endangered
Force form,Aves,Anura,4660.379,23.48,Least Concern
Thing young,Actinopterygii,Passeriformes,3094.97,2302.0,Vulnerable
Exactly cultural,Actinopterygii,Squamata,3704.822,337.5,Vulnerable
Million threat,Mammalia,Passeriformes,3985.128,1149.24,Critically Endangered
Strategy save,Mammalia,Squamata,2374.258,1971.53,Critically Endangered
Light skill,Mammalia,Rodentia,844.538,1112.5,Least Concern
Get itself,Reptilia,Anura,4774.622,2702.27,Critically Endangered
Husband stock,Amphibia,Passeriformes,2278.263,259.88,Critically Endangered
Girl doctor,Actinopterygii,Primates,181.505,728.93,Endangered
Someone item,Mammalia,Carnivora,3427.906,2409.01,Vulnerable
Research contain,Reptilia,Rodentia,4620.609,1132.12,Extinct in the Wild
Life general,Amphibia,Squamata,2431.836,2913.75,Critically Endangered
Feel letter,Mammalia,Passeriformes,2047.399,1481.49,Endangered
Start buy,Amphibia,Rodentia,4535.782,935.13,Near Threatened
Material minute,Mammalia,Passeriformes,1846.438,1047.28,Vulnerable
Fine drop,Mammalia,Squamata,4325.833,1653.07,Extinct in the Wild
Treat oil,Reptilia,Anura,2760.346,864.37,Endangered
Purpose health,Reptilia,Passeriformes,4524.424,2893.51,Critically Endangered
Claim news,Actinopterygii,Squamata,3687.957,2593.42,Critically Endangered
Dream page,Reptilia,Passeriformes,715.913,980.46,Vulnerable
Author seek,Actinopterygii,Anura,603.319,2370.16,Endangered
Drive price,Reptilia,Primates,1030.201,2867.02,Near Threatened
Page main,Actinopterygii,Anura,3906.802,218.4,Extinct in the Wild
My cell,Aves,Passeriformes,3050.413,2927.45,Vulnerable
Because eat,Mammalia,Passeriformes,3147.286,2603.4,Endangered
Realize member,Reptilia,Passeriformes,3663.412,1684.66,Critically Endangered
Speech ready,Actinopterygii,Passeriformes,205.782,2649.15,Near Threatened
Market again,Reptilia,Anura,803.368,467.83,Endangered
North blue,Actinopterygii,Passeriformes,4986.864,1748.71,Critically Endangered
Central government,Aves,Carnivora,2500.719,2290.75,Vulnerable
Charge agent,Reptilia,Primates,1483.315,1932.24,Critically Endangered
Morning thus,Aves,Squamata,2047.468,180.44,Extinct in the Wild
Record wind,Aves,Rodentia,2023.705,2605.32,Vulnerable
He mother,Actinopterygii,Primates,3605.407,2635.74,Near Threatened
Same cut,Amphibia,Rodentia,3690.637,1785.85,Vulnerable
Do record,Aves,Squamata,4518.181,1046.65,Critically Endangered
Voice brother,Aves,Primates,261.285,2598.08,Least Concern
Eight treatment,Aves,Anura,2356.119,2147.13,Critically Endangered
Remember look,Reptilia,Rodentia,1445.04,2876.45,Endangered
Same rich,Amphibia,Squamata,1233.298,2843.7,Near Threatened
Hotel author,Amphibia,Passeriformes,4213.655,561.77,Extinct in the Wild
Street ago,Mammalia,Squamata,3161.402,2249.57,Near Threatened
Better newspaper,Mammalia,Squamata,4421.147,2781.36,Endangered
Occur newspaper,Aves,Passeriformes,2190.861,633.47,Vulnerable
Perform case,Actinopterygii,Primates,4449.489,2618.78,Near Threatened
Year feel,Aves,Anura,4381.177,279.18,Vulnerable
There same,Actinopterygii,Carnivora,1668.074,2408.22,Critically Endangered
Crime sea,Amphibia,Primates,3009.486,1951.48,Vulnerable
Find material,Reptilia,Rodentia,4844.574,1595.68,Endangered
Hundred member,Reptilia,Squamata,2719.375,2861.59,Critically Endangered
Difficult president,Amphibia,Rodentia,3672.563,1597.91,Extinct in the Wild
Phone suggest,Amphibia,Primates,1367.417,1576.84,Extinct in the Wild
Issue course,Amphibia,Primates,207.569,842.46,Endangered
Response the,Reptilia,Primates,4917.726,2172.89,Least Concern
Black industry,Mammalia,Rodentia,125.769,1452.94,Near Threatened
Music race,Aves,Rodentia,1463.013,1659.22,Critically Endangered
Television military,Amphibia,Rodentia,2332.569,2173.79,Extinct in the Wild
Fill various,Amphibia,Rodentia,4987.944,1585.88,Critically Endangered
Far sell,Amphibia,Anura,1660.851,2824.47,Endangered
Great late,Aves,Primates,2542.412,2373.06,Least Concern
Financial security,Mammalia,Squamata,4510.802,1756.11,Near Threatened
Decade risk,Mammalia,Rodentia,4703.292,1814.34,Critically Endangered
Far shoulder,Actinopterygii,Primates,1120.484,2677.89,Extinct in the Wild
Interesting paper,Mammalia,Rodentia,4613.133,2336.52,Least Concern
Sport thousand,Reptilia,Anura,1452.206,2307.19,Endangered
Thousand picture,Amphibia,Primates,2713.871,1413.87,Extinct in the Wild
Democrat pretty,Mammalia,Squamata,3664.169,1127.74,Near Threatened
Serious treatment,Reptilia,Passeriformes,3231.713,2384.43,Least Concern
Push realize,Mammalia,Squamata,973.148,539.33,Critically Endangered
House window,Aves,Anura,1365.245,2339.59,Critically Endangered
Professional plan,Mammalia,Primates,2384.914,2660.98,Least Concern
Soon plant,Reptilia,Anura,501.704,2257.98,Critically Endangered
Article across,Reptilia,Passeriformes,3841.074,1789.75,Endangered
Main window,Reptilia,Primates,2855.13,1043.33,Endangered
Growth popular,Amphibia,Rodentia,2934.444,275.08,Endangered
According quickly,Amphibia,Primates,186.191,1869.67,Extinct in the Wild
Four safe,Reptilia,Primates,19.464,1449.87,Critically Endangered
Money road,Mammalia,Primates,901.085,600.62,Critically Endangered
Note bed,Amphibia,Carnivora,3941.592,2806.97,Least Concern
Per key,Amphibia,Carnivora,739.595,2805.32,Extinct in the Wild
Tonight bring,Aves,Rodentia,1518.255,2113.27,Extinct in the Wild
Car wall,Mammalia,Primates,128.507,2242.19,Extinct in the Wild
I behind,Mammalia,Rodentia,522.721,2499.21,Least Concern
Phone design,Aves,Anura,601.472,2917.39,Endangered
Study training,Mammalia,Anura,2575.211,1173.62,Endangered
Land tree,Amphibia,Carnivora,4197.245,1830.81,Endangered
Leg toward,Reptilia,Carnivora,1602.436,2697.17,Endangered
Focus without,Actinopterygii,Rodentia,1636.832,2809.08,Extinct in the Wild
Yes item,Reptilia,Carnivora,4669.411,192.25,Extinct in the Wild
Role with,Amphibia,Squamata,2161.34,2477.11,Endangered
Economy system,Reptilia,Anura,3731.371,1489.77,Least Concern
Loss price,Mammalia,Passeriformes,490.285,829.14,Endangered
Himself paper,Mammalia,Carnivora,831.898,2804.2,Vulnerable
Bring analysis,Amphibia,Rodentia,3456.986,2365.93,Extinct in the Wild
Opportunity what,Actinopterygii,Carnivora,3620.776,333.7,Endangered
Loss charge,Reptilia,Anura,262.294,1667.21,Near Threatened
Either finally,Reptilia,Carnivora,3367.917,216.35,Near Threatened
Former big,Amphibia,Anura,3523.064,1797.34,Extinct in the Wild
Though sense,Amphibia,Passeriformes,2091.925,214.34,Vulnerable
Respond nation,Amphibia,Primates,3187.926,2765.78,Extinct in the Wild
On model,Reptilia,Primates,2836.608,1777.19,Endangered
Avoid course,Actinopterygii,Anura,902.054,866.32,Least Concern
Interview difficult,Aves,Primates,451.164,1285.7,Extinct in the Wild
Range Mr,Mammalia,Anura,3874.093,398.85,Critically Endangered
Development away,Amphibia,Carnivora,1208.287,1125.98,Vulnerable
Else week,Amphibia,Carnivora,1077.955,336.95,Critically Endangered
Maintain man,Aves,Primates,3188.019,843.09,Endangered
Wrong Congress,Mammalia,Squamata,220.791,1348.48,Critically Endangered
Clear write,Mammalia,Primates,4591.208,2303.82,Near Threatened
Interest peace,Aves,Anura,4915.872,376.27,Extinct in the Wild
Field area,Actinopterygii,Rodentia,4270.044,253.98,Near Threatened
When form,Aves,Squamata,1912.663,2209.33,Extinct in the Wild
Send according,Aves,Primates,2904.821,1944.89,Near Threatened
Agreement cell,Actinopterygii,Rodentia,1244.535,480.11,Vulnerable
Work minute,Aves,Passeriformes,1930.892,2087.24,Vulnerable
Oil total,Reptilia,Anura,46.078,1137.44,Endangered
Item bag,Reptilia,Anura,659.421,771.27,Endangered
Century hope,Amphibia,Passeriformes,281.103,2433.46,Vulnerable
Write fall,Actinopterygii,Rodentia,2501.807,167.07,Endangered
Other walk,Reptilia,Anura,2633.461,808.9,Endangered
Perhaps father,Mammalia,Rodentia,24.916,844.85,Critically Endangered
Party billion,Actinopterygii,Rodentia,1209.366,905.81,Critically Endangered
Education do,Amphibia,Primates,3917.846,1623.12,Critically Endangered
Onto research,Reptilia,Carnivora,2535.592,1306.7,Least Concern
Whom name,Mammalia,Anura,2194.739,1883.82,Near Threatened
Year father,Mammalia,Passeriformes,3734.622,1016.55,Vulnerable
Sound page,Mammalia,Anura,771.684,2750.2,Least Concern
Happy minute,Actinopterygii,Anura,1364.1,2820.19,Critically Endangered
Mouth election,Actinopterygii,Carnivora,939.317,1677.45,Least Concern
Seat forward,Mammalia,Squamata,2958.077,1980.86,Extinct in the Wild
Reach middle,Amphibia,Primates,2340.296,1214.07,Near Threatened
Often center,Mammalia,Anura,4974.369,1368.34,Extinct in the Wild
Drive too,Mammalia,Anura,1496.722,922.93,Vulnerable
Situation everybody,Amphibia,Primates,2890.117,1788.41,Extinct in the Wild
Close discuss,Aves,Rodentia,1779.533,1245.27,Endangered
Camera degree,Amphibia,Rodentia,1817.782,601.49,Least Concern
Their stage,Reptilia,Primates,3853.438,2705.65,Near Threatened
Understand mother,Aves,Anura,3103.773,2243.62,Vulnerable
Option among,Reptilia,Squamata,2664.216,1219.14,Critically Endangered
Court edge,Amphibia,Primates,4849.378,650.41,Extinct in the Wild
Upon return,Mammalia,Rodentia,2236.592,690.57,Least Concern
Bag there,Reptilia,Carnivora,1486.096,2450.07,Vulnerable
Live chance,Amphibia,Carnivora,649.437,1197.36,Endangered
Fast general,Reptilia,Carnivora,1424.15,2698.14,Vulnerable
Sound wear,Reptilia,Squamata,4838.021,475.82,Vulnerable
Sure half,Reptilia,Primates,353.521,2650.7,Endangered
Build item,Mammalia,Carnivora,3959.961,1122.63,Endangered
Question court,Amphibia,Carnivora,1246.53,216.93,Critically Endangered
Across style,Mammalia,Carnivora,1948.718,953.87,Extinct in the Wild
Position somebody,Mammalia,Primates,2060.058,2291.36,Near Threatened
Various money,Reptilia,Rodentia,4218.661,231.2,Critically Endangered
Daughter tend,Mammalia,Primates,4743.581,2548.66,Endangered
My seek,Mammalia,Rodentia,4242.073,827.3,Least Concern
Imagine those,Aves,Carnivora,2746.236,349.99,Critically Endangered
Reality as,Amphibia,Anura,1171.91,993.09,Extinct in the Wild
Tend see,Aves,Primates,3758.631,2633.9,Least Concern
Might compare,Aves,Primates,2780.311,1554.79,Critically Endangered
Send conference,Mammalia,Primates,581.949,1296.09,Extinct in the Wild
Fill financial,Amphibia,Passeriformes,3135.402,1906.82,Near Threatened
Return environmental,Aves,Primates,838.72,2734.07,Endangered
Upon wall,Actinopterygii,Passeriformes,1573.145,2794.73,Critically Endangered
Friend speak,Aves,Passeriformes,3659.282,2412.83,Vulnerable
Still dream,Actinopterygii,Squamata,4754.644,2284.8,Near Threatened
Offer woman,Aves,Primates,2777.06,2575.4,Extinct in the Wild
Model husband,Actinopterygii,Anura,4661.488,563.0,Extinct in the Wild
Early lawyer,Amphibia,Primates,3773.311,2676.9,Extinct in the Wild
On join,Aves,Primates,4851.777,848.04,Least Concern
Fine million,Actinopterygii,Squamata,1593.696,1144.44,Critically Endangered
Natural despite,Reptilia,Squamata,3995.633,772.41,Endangered
Outside beautiful,Reptilia,Anura,1981.246,1736.48,Endangered
Sell relate,Amphibia,Rodentia,1911.206,256.84,Least Concern
Hard religious,Actinopterygii,Rodentia,176.313,428.77,Near Threatened
Late purpose,Reptilia,Anura,651.525,2500.71,Extinct in the Wild
Wind trouble,Aves,Squamata,3057.39,2025.66,Least Concern
Your suffer,Amphibia,Primates,4445.742,2742.41,Near Threatened
Walk break,Actinopterygii,Squamata,3153.964,630.38,Least Concern
Possible far,Actinopterygii,Primates,4352.675,2627.81,Endangered
Long vote,Actinopterygii,Primates,4223.509,2942.74,Endangered
Check theory,Reptilia,Rodentia,20.948,2101.55,Critically Endangered
Region great,Aves,Squamata,1838.009,702.77,Critically Endangered
Kitchen fly,Mammalia,Passeriformes,1365.499,1772.76,Vulnerable
Serious institution,Amphibia,Squamata,1007.19,2923.32,Least Concern
Notice set,Aves,Carnivora,1333.757,1222.51,Critically Endangered
Send clear,Mammalia,Anura,4417.969,2756.28,Extinct in the Wild
Speech century,Amphibia,Primates,4251.012,1648.27,Extinct in the Wild
This fast,Aves,Passeriformes,1355.519,2373.78,Critically Endangered
Nice no,Aves,Carnivora,2130.396,1480.49,Near Threatened
Since contain,Reptilia,Passeriformes,1294.949,2589.92,Critically Endangered
Should close,Actinopterygii,Anura,2208.681,1188.68,Vulnerable
Difference great,Amphibia,Primates,3448.094,1675.8,Extinct in the Wild
Soldier across,Mammalia,Rodentia,2456.248,602.81,Least Concern
According company,Reptilia,Rodentia,336.86,995.33,Endangered
Event leg,Reptilia,Passeriformes,232.797,1977.14,Least Concern
Future radio,Aves,Rodentia,1131.362,2629.8,Critically Endangered
Hard hundred,Amphibia,Squamata,4197.53,1557.69,Critically Endangered
Somebody arrive,Amphibia,Carnivora,1278.222,1442.13,Endangered
Affect school,Amphibia,Rodentia,2223.462,830.41,Endangered
Manage realize,Actinopterygii,Carnivora,1005.415,1522.37,Near Threatened
Per decision,Reptilia,Squamata,1899.74,1461.66,Near Threatened
Watch magazine,Reptilia,Rodentia,2240.14,555.14,Vulnerable
Break almost,Reptilia,Carnivora,2520.465,712.57,Least Concern
Shake live,Reptilia,Carnivora,1901.386,1420.76,Critically Endangered
Ball send,Aves,Passeriformes,3002.668,416.99,Near Threatened
Able relationship,Actinopterygii,Passeriformes,309.727,2931.35,Vulnerable
Poor wind,Aves,Passeriformes,211.701,2478.22,Vulnerable
Table task,Reptilia,Squamata,3661.949,1604.85,Critically Endangered
Country respond,Actinopterygii,Primates,2537.957,1203.48,Endangered
Left leg,Mammalia,Primates,1894.79,1934.25,Extinct in the Wild
Fill ready,Aves,Passeriformes,425.915,1887.7,Endangered
Medical final,Actinopterygii,Rodentia,2912.445,1423.06,Extinct in the Wild
Board visit,Actinopterygii,Anura,2919.131,2524.7,Least Concern
Somebody magazine,Aves,Rodentia,2647.336,2204.3,Near Threatened
Over daughter,Aves,Rodentia,4016.673,598.2,Near Threatened
Middle put,Aves,Carnivora,1771.795,2860.64,Extinct in the Wild
Trade can,Aves,Passeriformes,2196.209,2940.13,Near Threatened
Everybody quality,Amphibia,Anura,502.267,1145.07,Extinct in the Wild
Page style,Amphibia,Rodentia,2351.38,1300.35,Least Concern
Arm able,Mammalia,Passeriformes,2720.089,884.75,Near Threatened
Again doctor,Actinopterygii,Rodentia,4141.225,353.79,Vulnerable
Onto like,Actinopterygii,Passeriformes,2295.01,2481.94,Least Concern
Laugh suggest,Actinopterygii,Squamata,2148.175,1615.89,Critically Endangered
Seat improve,Aves,Carnivora,3567.28,2265.39,Extinct in the Wild
Prepare again,Aves,Passeriformes,4422.539,2073.13,Least Concern
Group election,Aves,Squamata,2862.738,2644.67,Endangered
Describe send,Mammalia,Passeriformes,2589.228,2290.48,Endangered
Firm identify,Reptilia,Squamata,4072.997,2118.42,Near Threatened
Strong pretty,Reptilia,Anura,2657.712,2872.83,Extinct in the Wild
Open most,Actinopterygii,Passeriformes,3771.748,1047.35,Near Threatened
Quality professional,Aves,Carnivora,2651.461,26.55,Critically Endangered
Night sure,Amphibia,Rodentia,2726.493,583.98,Near Threatened
Future use,Aves,Squamata,2753.809,1416.31,Extinct in the Wild
Reduce leg,Actinopterygii,Squamata,3320.54,2891.31,Critically Endangered
Century hospital,Reptilia,Squamata,3589.351,2431.88,Extinct in the Wild
Plan between,Amphibia,Squamata,3225.252,2742.83,Vulnerable
Experience worry,Reptilia,Carnivora,1696.83,490.03,Extinct in the Wild
Player look,Amphibia,Primates,878.215,1664.06,Vulnerable
Movement art,Mammalia,Primates,2878.501,2212.53,Critically Endangered
Drive might,Reptilia,Primates,3995.599,1804.68,Vulnerable
Tax statement,Mammalia,Rodentia,2809.294,2134.76,Least Concern
Black the,Reptilia,Squamata,2258.694,1364.72,Least Concern
Effort not,Actinopterygii,Anura,2685.336,2529.51,Extinct in the Wild
Son fact,Actinopterygii,Anura,4969.249,118.43,Endangered
Wind threat,Mammalia,Carnivora,2707.101,785.01,Near Threatened
Concern suffer,Amphibia,Anura,4800.368,2089.37,Critically Endangered
Check onto,Amphibia,Carnivora,3051.082,2741.5,Extinct in the Wild
Simple town,Actinopterygii,Carnivora,3494.156,2974.23,Least Concern
Politics read,Aves,Carnivora,1447.833,1813.92,Endangered
Material benefit,Amphibia,Passeriformes,415.052,2337.97,Endangered
Number let,Mammalia,Rodentia,2942.357,2078.29,Extinct in the Wild
A international,Aves,Primates,3499.837,998.91,Endangered
Piece week,Aves,Carnivora,55.626,1042.44,Near Threatened
Travel themselves,Actinopterygii,Passeriformes,4853.952,2577.74,Extinct in the Wild
Safe election,Aves,Carnivora,461.213,2382.84,Extinct in the Wild
Could film,Aves,Rodentia,1937.688,799.09,Near Threatened
Task local,Amphibia,Rodentia,2637.621,1145.53,Endangered
Base she,Reptilia,Rodentia,3877.363,215.14,Critically Endangered
Heart yet,Reptilia,Passeriformes,2316.1,1133.04,Critically Endangered
With today,Reptilia,Primates,1508.718,2340.13,Vulnerable
Cold outside,Mammalia,Carnivora,1478.596,437.1,Near Threatened
West key,Amphibia,Anura,4554.077,187.44,Vulnerable
Whose cold,Mammalia,Passeriformes,4664.327,1329.1,Vulnerable
Lay seek,Actinopterygii,Passeriformes,1124.981,792.96,Least Concern
Reason note,Mammalia,Squamata,360.686,148.62,Critically Endangered
Expect push,Amphibia,Squamata,580.447,1659.57,Endangered
I ago,Mammalia,Passeriformes,1450.279,1385.66,Near Threatened
By close,Mammalia,Carnivora,273.676,117.77,Extinct in the Wild
Face quickly,Aves,Primates,407.384,2428.07,Extinct in the Wild
While minute,Actinopterygii,Anura,1191.721,1635.95,Critically Endangered
Mr deal,Amphibia,Anura,1181.787,2531.54,Critically Endangered
Far growth,Amphibia,Squamata,4414.264,2804.41,Endangered
Draw area,Amphibia,Rodentia,598.658,341.15,Extinct in the Wild
Reality audience,Reptilia,Passeriformes,2995.871,575.16,Vulnerable
Citizen authority,Mammalia,Carnivora,2305.127,617.83,Near Threatened
Majority cold,Amphibia,Passeriformes,4514.308,3.59,Extinct in the Wild
Dog recently,Aves,Carnivora,28.474,2220.83,Vulnerable
Wait move,Aves,Carnivora,946.43,346.9,Endangered
Market tax,Reptilia,Squamata,4229.972,1631.72,Extinct in the Wild
Piece direction,Aves,Carnivora,2880.13,2677.21,Endangered
Everything civil,Amphibia,Rodentia,1072.777,2096.9,Critically Endangered
Usually smile,Aves,Rodentia,3387.396,619.18,Least Concern
Late return,Actinopterygii,Squamata,4681.761,2780.1,Vulnerable
Speech sing,Actinopterygii,Anura,4476.062,2881.77,Extinct in the Wild
Exactly structure,Mammalia,Anura,2454.331,2213.04,Least Concern
Now thought,Actinopterygii,Carnivora,799.046,959.74,Vulnerable
Safe purpose,Actinopterygii,Anura,415.699,1835.74,Endangered
That rest,Mammalia,Anura,3563.463,335.45,Endangered
During stand,Reptilia,Carnivora,4612.615,113.24,Endangered
Be benefit,Actinopterygii,Rodentia,4192.726,182.72,Extinct in the Wild
Hit nearly,Actinopterygii,Squamata,145.024,2893.89,Vulnerable
World prevent,Aves,Primates,2463.459,1828.22,Vulnerable
Yes sister,Reptilia,Rodentia,222.257,362.46,Vulnerable
Less type,Aves,Passeriformes,2838.972,110.74,Least Concern
Beyond total,Actinopterygii,Rodentia,3137.272,1357.83,Critically Endangered
Collection main,Mammalia,Anura,3692.456,2688.13,Endangered
Message most,Actinopterygii,Primates,2727.199,1371.68,Vulnerable
Call consumer,Aves,Anura,4752.111,204.49,Least Concern
Bar position,Amphibia,Squamata,4446.061,1473.21,Near Threatened
Try mission,Reptilia,Passeriformes,1626.481,2368.42,Near Threatened
Score modern,Actinopterygii,Carnivora,3150.116,2586.42,Vulnerable
Manage group,Actinopterygii,Primates,1414.117,1553.72,Near Threatened
Produce my,Mammalia,Carnivora,3187.075,2398.54,Least Concern
Book force,Reptilia,Rodentia,4432.027,555.64,Vulnerable
Near four,Aves,Carnivora,2904.465,2090.53,Vulnerable
Outside north,Reptilia,Carnivora,3777.722,1865.39,Extinct in the Wild
Rock save,Actinopterygii,Passeriformes,1250.46,2232.53,Critically Endangered
Off way,Amphibia,Carnivora,4575.615,1028.26,Extinct in the Wild
Put democratic,Mammalia,Anura,1725.571,1359.75,Least Concern
Artist officer,Mammalia,Primates,4722.74,733.48,Endangered
Trial similar,Aves,Anura,62.334,2480.68,Extinct in the Wild
Community minute,Aves,Squamata,3590.501,1577.8,Critically Endangered
Manager during,Reptilia,Rodentia,2738.686,211.48,Endangered
Value benefit,Actinopterygii,Carnivora,2851.73,973.16,Extinct in the Wild
Challenge himself,Reptilia,Anura,2080.823,1449.37,Vulnerable
Husband travel,Aves,Passeriformes,152.065,2009.51,Critically Endangered
Seek their,Mammalia,Primates,3073.209,1137.69,Extinct in the Wild
Middle anything,Mammalia,Rodentia,2696.759,1047.7,Near Threatened
Arrive four,Actinopterygii,Rodentia,945.402,2864.63,Critically Endangered
Artist loss,Reptilia,Anura,2583.183,1769.28,Vulnerable
Beat after,Actinopterygii,Primates,667.32,1902.07,Near Threatened
During strong,Mammalia,Anura,538.412,1644.46,Vulnerable
Summer doctor,Amphibia,Rodentia,3280.808,1024.21,Near Threatened
Consider what,Aves,Rodentia,434.22,2966.81,Endangered
Son forget,Aves,Rodentia,1474.573,61.8,Least Concern
Person town,Reptilia,Anura,2972.879,1485.37,Near Threatened
Political seek,Mammalia,Primates,1675.877,2031.5,Endangered
Above great,Amphibia,Primates,205.463,2421.25,Endangered
Health by,Aves,Passeriformes,887.057,1867.89,Near Threatened
Number wide,Aves,Anura,3114.843,2291.06,Endangered
Understand body,Aves,Anura,2355.781,944.87,Endangered
Federal because,Mammalia,Passeriformes,3210.333,231.69,Endangered
Soldier share,Actinopterygii,Passeriformes,4815.674,1024.02,Extinct in the Wild
Support risk,Reptilia,Carnivora,3099.873,1734.91,Critically Endangered
Edge piece,Reptilia,Rodentia,1755.034,2279.35,Near Threatened
Art home,Mammalia,Anura,3232.358,1161.02,Extinct in the Wild
Bar list,Actinopterygii,Rodentia,2052.279,2417.19,Extinct in the Wild
Someone sea,Mammalia,Passeriformes,3310.643,2678.68,Near Threatened
Himself serious,Aves,Carnivora,3091.594,2337.2,Critically Endangered
Industry develop,Mammalia,Squamata,4962.881,83.95,Near Threatened
When example,Reptilia,Primates,4322.635,501.8,Near Threatened
Contain card,Actinopterygii,Rodentia,4329.819,1715.31,Least Concern
Keep him,Mammalia,Rodentia,4952.388,2366.19,Vulnerable
City movement,Reptilia,Rodentia,4666.885,1756.7,Least Concern
Their administration,Reptilia,Rodentia,3782.7,259.72,Extinct in the Wild
Their be,Reptilia,Carnivora,2539.707,1019.71,Extinct in the Wild
Lead well,Aves,Passeriformes,3778.76,1846.47,Near Threatened
Risk reduce,Mammalia,Rodentia,3161.94,1298.54,Endangered
Military thank,Aves,Anura,4584.247,710.5,Near Threatened
Candidate much,Reptilia,Passeriformes,4112.118,2654.6,Critically Endangered
Three against,Mammalia,Passeriformes,303.02,2681.85,Critically Endangered
Win course,Actinopterygii,Primates,3255.861,227.81,Critically Endangered
Woman anyone,Mammalia,Anura,3484.934,1325.55,Near Threatened
Soon throughout,Actinopterygii,Anura,2780.404,131.07,Near Threatened
Before wide,Actinopterygii,Squamata,1824.763,2955.75,Endangered
Prevent environmental,Aves,Passeriformes,1003.085,2070.77,Critically Endangered
Report affect,Actinopterygii,Rodentia,1977.252,480.36,Endangered
Upon support,Reptilia,Passeriformes,2602.064,2343.6,Extinct in the Wild
Their how,Amphibia,Rodentia,4370.451,248.1,Least Concern
Parent order,Reptilia,Squamata,950.334,851.58,Extinct in the Wild
Ask evening,Mammalia,Carnivora,4154.089,1960.77,Critically Endangered
Wind threat,Actinopterygii,Rodentia,4900.365,2934.63,Vulnerable
Its benefit,Reptilia,Carnivora,2928.073,2017.22,Endangered
Paper contain,Actinopterygii,Squamata,4724.811,1641.02,Near Threatened
Capital important,Mammalia,Carnivora,4996.229,2455.17,Vulnerable
Without tax,Amphibia,Passeriformes,3880.357,2809.68,Endangered
Since single,Mammalia,Rodentia,2081.501,2330.02,Critically Endangered
Myself hand,Aves,Squamata,1526.809,2575.95,Near Threatened
Young fire,Reptilia,Rodentia,619.718,85.84,Least Concern
Or particularly,Actinopterygii,Primates,1090.16,1154.82,Vulnerable
Left successful,Aves,Squamata,4284.578,1569.7,Near Threatened
Door just,Mammalia,Passeriformes,4211.786,811.78,Near Threatened
Sound material,Mammalia,Carnivora,2845.246,948.78,Extinct in the Wild
Land attorney,Aves,Rodentia,3607.792,1151.26,Least Concern
One subject,Reptilia,Primates,3264.123,155.87,Least Concern
Trip get,Reptilia,Primates,4055.879,1829.45,Vulnerable
Whose sea,Amphibia,Carnivora,1008.509,1263.13,Endangered
Why over,Reptilia,Primates,2807.12,2280.42,Critically Endangered
Senior fear,Mammalia,Squamata,1373.199,2933.43,Critically Endangered
What team,Mammalia,Anura,4807.532,591.85,Near Threatened
Hear these,Mammalia,Squamata,833.561,432.88,Vulnerable
Subject concern,Amphibia,Passeriformes,2268.613,2427.14,Endangered
Ball ask,Mammalia,Passeriformes,1125.039,247.84,Extinct in the Wild
Specific product,Actinopterygii,Passeriformes,3386.344,1457.0,Near Threatened
Image out,Mammalia,Passeriformes,1382.504,1723.93,Extinct in the Wild
Product ready,Amphibia,Squamata,1172.19,1275.95,Vulnerable
Until memory,Aves,Primates,4580.838,692.87,Critically Endangered
Finish teacher,Reptilia,Carnivora,3010.803,1614.21,Endangered
Usually yourself,Actinopterygii,Carnivora,435.796,1418.74,Vulnerable
Skill everything,Aves,Anura,4416.105,1065.38,Critically Endangered
Beat fast,Reptilia,Squamata,1478.771,2461.29,Near Threatened
By station,Amphibia,Rodentia,1418.058,2500.53,Vulnerable
Various population,Actinopterygii,Passeriformes,700.695,1588.51,Extinct in the Wild
Without radio,Actinopterygii,Primates,3075.812,2456.52,Endangered
Seven be,Mammalia,Passeriformes,834.996,325.79,Least Concern
Campaign consider,Mammalia,Rodentia,3164.489,1596.26,Critically Endangered
Agree remember,Amphibia,Carnivora,1177.777,2281.74,Near Threatened
Drug fire,Mammalia,Anura,3953.452,1743.29,Least Concern
Use method,Actinopterygii,Rodentia,891.378,1972.21,Endangered
Debate government,Amphibia,Squamata,1567.334,2119.93,Extinct in the Wild
Allow which,Reptilia,Anura,2676.696,1410.45,Near Threatened
Too perform,Actinopterygii,Anura,3373.067,2302.65,Near Threatened
Whole party,Mammalia,Primates,700.966,2601.78,Least Concern
Say film,Mammalia,Rodentia,50.499,2717.14,Vulnerable
Letter cost,Amphibia,Passeriformes,2976.556,2640.35,Extinct in the Wild
Every space,Amphibia,Anura,3297.573,2830.45,Extinct in the Wild
Activity operation,Amphibia,Squamata,1571.764,1638.57,Vulnerable
Grow music,Mammalia,Squamata,3449.461,2725.76,Vulnerable
Difficult enter,Reptilia,Anura,4120.074,691.01,Vulnerable
Campaign hundred,Amphibia,Passeriformes,4587.317,1434.24,Critically Endangered
Both wait,Mammalia,Carnivora,1194.281,2049.23,Near Threatened
Bring instead,Amphibia,Anura,4902.613,1843.55,Least Concern
Sister read,Aves,Primates,2897.872,1601.26,Extinct in the Wild
Effort ready,Reptilia,Anura,1222.436,1750.11,Near Threatened
Near economy,Reptilia,Anura,3407.027,128.69,Vulnerable
Itself thank,Actinopterygii,Anura,535.072,249.13,Near Threatened
Election and,Reptilia,Anura,2625.98,817.14,Endangered
Religious around,Mammalia,Carnivora,828.333,1212.21,Near Threatened
Rule court,Amphibia,Rodentia,1178.04,2753.38,Extinct in the Wild
Art drop,Mammalia,Squamata,1287.819,915.44,Near Threatened
Claim service,Actinopterygii,Passeriformes,3387.93,2390.13,Vulnerable
Idea physical,Actinopterygii,Carnivora,2032.267,437.98,Critically Endangered
She officer,Amphibia,Rodentia,2047.102,2946.03,Extinct in the Wild
Must color,Mammalia,Anura,807.226,116.99,Vulnerable
Hundred difference,Mammalia,Passeriformes,4257.737,1333.98,Extinct in the Wild
Stand safe,Actinopterygii,Anura,4660.996,1799.89,Least Concern
East weight,Actinopterygii,Carnivora,1280.852,1352.6,Least Concern
Cell five,Mammalia,Squamata,2303.472,1048.5,Vulnerable
Blue writer,Actinopterygii,Passeriformes,2053.729,1953.98,Extinct in the Wild
Paper end,Aves,Anura,1732.076,2526.99,Vulnerable
Less wait,Reptilia,Primates,3565.649,215.45,Least Concern
Beyond with,Actinopterygii,Carnivora,3480.262,1822.17,Least Concern
Certain herself,Mammalia,Carnivora,960.484,2579.89,Critically Endangered
Five think,Amphibia,Passeriformes,1804.058,2665.01,Least Concern
Senior suggest,Reptilia,Primates,2953.491,2927.73,Near Threatened
Cell staff,Actinopterygii,Rodentia,1233.181,1811.51,Vulnerable
Sea fill,Aves,Passeriformes,4094.652,1666.86,Endangered
Great sometimes,Aves,Squamata,524.994,2366.34,Least Concern
Large address,Reptilia,Carnivora,2965.958,2697.46,Endangered
Early job,Actinopterygii,Anura,4784.619,1556.38,Endangered
Mention sense,Amphibia,Rodentia,4815.884,267.17,Least Concern
War room,Actinopterygii,Primates,1988.366,2203.17,Critically Endangered
Choose dog,Amphibia,Rodentia,80.218,2299.46,Vulnerable
Give rest,Amphibia,Primates,4388.814,1165.82,Least Concern
What hundred,Aves,Carnivora,4919.004,1169.99,Extinct in the Wild
Himself art,Aves,Anura,764.382,1076.84,Critically Endangered
Happy north,Amphibia,Passeriformes,504.871,1895.88,Least Concern
Close his,Aves,Primates,2220.295,2280.34,Least Concern
Minute when,Aves,Squamata,1385.274,1259.14,Least Concern
Light strong,Amphibia,Anura,1884.514,1335.08,Vulnerable
Human expect,Aves,Primates,3929.622,189.84,Vulnerable
Low need,Mammalia,Rodentia,946.14,1690.48,Least Concern
Protect large,Mammalia,Anura,1501.214,1698.19,Least Concern
Try boy,Aves,Carnivora,904.689,297.45,Endangered
Score way,Reptilia,Carnivora,4846.575,2252.05,Vulnerable
Table land,Amphibia,Passeriformes,153.933,1450.99,Endangered
But yard,Actinopterygii,Passeriformes,794.515,2444.8,Least Concern
Across various,Reptilia,Primates,1171.147,1652.34,Near Threatened
Else less,Aves,Primates,1841.067,1697.56,Least Concern
Also home,Reptilia,Carnivora,3342.655,2016.39,Extinct in the Wild
Talk purpose,Actinopterygii,Primates,430.602,1594.59,Extinct in the Wild
Production politics,Mammalia,Carnivora,173.963,1825.83,Endangered
Hundred ready,Amphibia,Anura,2484.933,987.91,Critically Endangered
Southern claim,Mammalia,Squamata,2602.398,739.97,Critically Endangered
Hit the,Actinopterygii,Rodentia,4393.651,1096.38,Critically Endangered
Forward million,Aves,Rodentia,2562.467,2316.54,Critically Endangered
Energy final,Actinopterygii,Squamata,575.621,1603.94,Near Threatened
Eight large,Amphibia,Passeriformes,4646.414,1527.75,Endangered
Little design,Mammalia,Primates,4281.44,1309.29,Near Threatened
Side address,Reptilia,Passeriformes,3411.285,935.22,Extinct in the Wild
View two,Actinopterygii,Passeriformes,2800.486,225.96,Critically Endangered
This blood,Amphibia,Squamata,1771.28,2928.67,Least Concern
Best a,Amphibia,Rodentia,3366.98,2995.56,Extinct in the Wild
Generation most,Mammalia,Rodentia,2652.236,2521.47,Endangered
Child discussion,Aves,Anura,3893.877,2873.77,Critically Endangered
Than wind,Actinopterygii,Rodentia,1343.695,2255.84,Extinct in the Wild
Respond ground,Mammalia,Passeriformes,2214.075,2759.99,Extinct in the Wild
Test himself,Aves,Rodentia,3597.131,1004.41,Near Threatened
Whose debate,Reptilia,Anura,639.822,1686.02,Vulnerable
Kitchen green,Amphibia,Anura,1817.387,449.32,Vulnerable
Center brother,Amphibia,Passeriformes,4971.073,2621.0,Critically Endangered
Future century,Aves,Passeriformes,2551.813,2941.91,Near Threatened
Drive control,Mammalia,Carnivora,4144.82,2430.41,Endangered
Response back,Aves,Anura,1245.327,2968.18,Extinct in the Wild
Fine alone,Aves,Carnivora,3309.387,2013.96,Near Threatened
Sort ask,Mammalia,Rodentia,1333.082,1154.12,Near Threatened
Edge where,Reptilia,Anura,979.34,1779.2,Critically Endangered
Certain no,Aves,Anura,2351.121,845.54,Near Threatened
Kid do,Actinopterygii,Squamata,1509.269,1547.7,Least Concern
Citizen someone,Mammalia,Anura,282.012,1414.14,Near Threatened
Attention smile,Amphibia,Squamata,4676.556,1278.7,Extinct in the Wild
Nature team,Mammalia,Anura,4250.869,208.69,Endangered
Test yet,Amphibia,Passeriformes,2757.572,1070.43,Extinct in the Wild
Finish miss,Reptilia,Carnivora,1011.321,1131.03,Extinct in the Wild
Feel weight,Amphibia,Carnivora,4612.279,468.76,Near Threatened
New nation,Reptilia,Passeriformes,4296.042,2026.63,Least Concern
Thus agree,Reptilia,Passeriformes,3094.608,611.5,Least Concern
Film beat,Mammalia,Passeriformes,211.758,1203.72,Critically Endangered
System Republican,Reptilia,Anura,3542.904,2285.52,Endangered
Cost usually,Mammalia,Rodentia,3653.005,1403.43,Least Concern
Bank upon,Amphibia,Rodentia,3376.086,2349.69,Least Concern
Station nearly,Aves,Carnivora,2967.189,2265.53,Near Threatened
Main computer,Mammalia,Primates,1950.416,1616.59,Critically Endangered
Environmental Republican,Aves,Passeriformes,506.519,2503.59,Least Concern
Purpose arm,Aves,Anura,492.633,1456.01,Near Threatened
Wall analysis,Aves,Passeriformes,2082.948,1116.19,Extinct in the Wild
Evening street,Mammalia,Squamata,1045.446,1329.55,Endangered
We soon,Actinopterygii,Carnivora,230.895,2156.35,Endangered
Bit girl,Reptilia,Carnivora,348.483,754.46,Vulnerable
Work difficult,Reptilia,Passeriformes,1756.24,687.69,Extinct in the Wild
War study,Actinopterygii,Squamata,512.926,1012.09,Near Threatened
Benefit senior,Mammalia,Rodentia,1915.397,1916.74,Critically Endangered
Must manage,Actinopterygii,Squamata,1240.935,2693.36,Extinct in the Wild
Surface student,Actinopterygii,Squamata,1655.774,1469.46,Vulnerable
Note some,Reptilia,Passeriformes,345.45,2284.95,Vulnerable
Them rule,Reptilia,Rodentia,1159.239,2863.8,Least Concern
Picture southern,Actinopterygii,Anura,1119.053,2223.78,Extinct in the Wild
View black,Amphibia,Carnivora,3113.051,2731.86,Least Concern
Impact civil,Amphibia,Squamata,4562.413,2839.61,Endangered
Knowledge dog,Reptilia,Passeriformes,4517.395,1548.13,Least Concern
Later anything,Actinopterygii,Squamata,4356.29,123.51,Vulnerable
Energy entire,Actinopterygii,Anura,957.404,2190.56,Near Threatened
Three us,Aves,Carnivora,307.251,2538.58,Critically Endangered
Simply product,Amphibia,Primates,2306.697,1497.05,Critically Endangered
Test American,Mammalia,Rodentia,848.069,582.31,Near Threatened
Claim lead,Actinopterygii,Rodentia,3393.921,64.7,Vulnerable
After suddenly,Actinopterygii,Rodentia,4261.187,1089.28,Vulnerable
Others better,Aves,Squamata,1192.113,2064.91,Vulnerable
Know company,Actinopterygii,Primates,2588.324,1595.88,Endangered
Inside main,Amphibia,Squamata,4285.327,340.01,Least Concern
Case whole,Amphibia,Anura,2959.982,698.2,Critically Endangered
Those bag,Mammalia,Passeriformes,4880.187,102.19,Critically Endangered
Dog conference,Mammalia,Primates,1380.872,1881.65,Critically Endangered
Relationship explain,Reptilia,Rodentia,3403.089,1837.78,Extinct in the Wild
Field become,Mammalia,Carnivora,3287.826,1462.78,Extinct in the Wild
Often any,Mammalia,Primates,1590.536,1570.88,Extinct in the Wild
Relationship school,Amphibia,Passeriformes,1859.128,1678.02,Near Threatened
Seat laugh,Aves,Passeriformes,4528.511,1931.18,Near Threatened
Employee ever,Amphibia,Squamata,3024.987,2857.35,Near Threatened
Huge factor,Aves,Squamata,4408.232,423.41,Endangered
Someone indeed,Mammalia,Anura,1921.822,2983.17,Near Threatened
Far interesting,Mammalia,Primates,2146.156,2714.31,Near Threatened
Debate force,Amphibia,Primates,1007.259,324.79,Extinct in the Wild
Human sort,Amphibia,Anura,365.175,2594.65,Critically Endangered
Common quality,Amphibia,Squamata,797.318,1307.14,Near Threatened
Style bag,Amphibia,Passeriformes,256.57,2394.74,Critically Endangered
White though,Aves,Rodentia,1158.885,811.14,Critically Endangered
Personal sport,Reptilia,Squamata,4757.472,908.91,Near Threatened
Walk somebody,Amphibia,Rodentia,2661.198,615.35,Vulnerable
Article easy,Aves,Squamata,2228.016,2029.03,Endangered
Seven onto,Actinopterygii,Primates,2524.479,26.66,Vulnerable
Than buy,Aves,Passeriformes,3541.142,242.1,Endangered
Fall nothing,Reptilia,Rodentia,4791.213,541.29,Least Concern
Thing this,Aves,Rodentia,3031.981,2185.89,Vulnerable
Form explain,Amphibia,Rodentia,2353.069,1580.42,Least Concern
Child site,Reptilia,Anura,3951.51,377.77,Critically Endangered
Stuff care,Amphibia,Carnivora,1553.176,372.47,Extinct in the Wild
Return focus,Aves,Rodentia,4336.347,1788.14,Near Threatened
Cover none,Actinopterygii,Squamata,4261.902,390.51,Extinct in the Wild
Century beat,Amphibia,Carnivora,2687.016,2805.83,Critically Endangered
Shake down,Actinopterygii,Passeriformes,318.059,335.23,Critically Endangered
Deal walk,Reptilia,Rodentia,4200.977,2864.04,Least Concern
With within,Actinopterygii,Carnivora,4424.87,1311.84,Vulnerable
Research reach,Aves,Carnivora,2614.055,63.08,Critically Endangered
Use thus,Reptilia,Rodentia,300.821,1129.91,Vulnerable
Record above,Mammalia,Passeriformes,3890.117,2781.58,Endangered
Out maintain,Aves,Primates,550.228,669.32,Vulnerable
Into ever,Actinopterygii,Squamata,993.931,1313.0,Endangered
Major prepare,Reptilia,Squamata,3031.696,1478.4,Extinct in the Wild
Choice everybody,Amphibia,Squamata,914.238,536.93,Least Concern
Loss letter,Actinopterygii,Passeriformes,3834.23,2809.81,Endangered
Doctor join,Amphibia,Anura,3393.802,2216.5,Vulnerable
Still report,Reptilia,Rodentia,374.113,972.16,Critically Endangered
History second,Reptilia,Passeriformes,4170.67,1669.64,Near Threatened
Democrat country,Mammalia,Carnivora,3322.294,455.48,Near Threatened
Prepare we,Reptilia,Rodentia,3168.295,1025.79,Least Concern
As set,Aves,Passeriformes,4088.036,2258.46,Near Threatened
Power drop,Reptilia,Carnivora,2670.904,958.71,Extinct in the Wild
Close attention,Actinopterygii,Primates,4562.608,2152.12,Near Threatened
Within worry,Mammalia,Carnivora,1732.932,1936.95,Critically Endangered
Sign use,Reptilia,Anura,3936.574,2726.95,Endangered
World bag,Reptilia,Carnivora,4364.074,1537.4,Near Threatened
Say voice,Amphibia,Primates,1392.879,660.33,Least Concern
Mind me,Aves,Carnivora,4863.649,1621.24,Least Concern
Space director,Actinopterygii,Carnivora,4992.686,1136.59,Critically Endangered
Effect grow,Mammalia,Anura,1155.908,2850.87,Critically Endangered
Writer traditional,Actinopterygii,Squamata,4058.177,1883.87,Critically Endangered
Reduce city,Actinopterygii,Anura,4535.609,1624.61,Endangered
Experience hotel,Mammalia,Rodentia,2927.146,1262.2,Vulnerable
Wish only,Mammalia,Rodentia,2035.755,2932.67,Critically Endangered
Maybe old,Actinopterygii,Carnivora,1788.221,246.49,Endangered
Always fast,Mammalia,Squamata,4946.412,2177.8,Critically Endangered
Near long,Aves,Primates,3684.953,2830.12,Least Concern
Action soon,Amphibia,Rodentia,880.354,2944.89,Extinct in the Wild
Beautiful soldier,Mammalia,Primates,4507.376,2604.74,Critically Endangered
Article realize,Mammalia,Passeriformes,4960.804,2838.04,Near Threatened
Blue song,Amphibia,Squamata,4579.842,1192.79,Critically Endangered
Support ball,Reptilia,Rodentia,2997.711,1271.29,Extinct in the Wild
Together speak,Mammalia,Anura,4881.511,2619.32,Critically Endangered
Reveal group,Reptilia,Rodentia,3751.413,20.37,Vulnerable
Help section,Aves,Carnivora,1990.882,989.14,Endangered
World general,Aves,Carnivora,1902.743,500.78,Near Threatened
After system,Mammalia,Rodentia,3476.358,2064.17,Vulnerable
Plan guess,Actinopterygii,Anura,1142.886,188.02,Near Threatened
Teach board,Actinopterygii,Carnivora,4319.286,1280.52,Endangered
Issue lose,Mammalia,Anura,4776.264,700.76,Endangered
Hard environment,Mammalia,Anura,1572.002,1400.76,Near Threatened
Worry discover,Amphibia,Passeriformes,4837.602,1932.02,Endangered
Now everyone,Mammalia,Carnivora,3536.129,1691.22,Extinct in the Wild
Because over,Actinopterygii,Anura,2687.17,1529.64,Vulnerable
Among home,Aves,Rodentia,2684.975,1187.62,Near Threatened
Home director,Actinopterygii,Anura,1417.775,1878.24,Least Concern
Heavy direction,Aves,Squamata,2910.338,2289.12,Vulnerable
Hard business,Aves,Rodentia,2683.233,2129.26,Critically Endangered
Past administration,Amphibia,Carnivora,4640.241,2078.36,Near Threatened
Brother once,Aves,Passeriformes,3738.213,2181.76,Least Concern
Less value,Actinopterygii,Passeriformes,1972.567,497.12,Least Concern
Goal during,Reptilia,Primates,88.606,1321.68,Least Concern
History keep,Reptilia,Carnivora,928.614,84.92,Vulnerable
Give another,Aves,Anura,3602.461,2024.03,Endangered
Mother somebody,Mammalia,Passeriformes,4153.603,396.94,Least Concern
Ever build,Aves,Carnivora,3656.881,2099.15,Endangered
Safe nearly,Aves,Squamata,1397.774,369.93,Least Concern
Third true,Reptilia,Carnivora,2489.46,521.42,Least Concern
About quality,Amphibia,Passeriformes,4110.04,2620.28,Least Concern
Prove and,Mammalia,Primates,4201.805,102.01,Near Threatened
Court agree,Reptilia,Squamata,332.034,2831.37,Endangered
Poor game,Aves,Anura,616.201,1207.16,Least Concern
Arrive specific,Reptilia,Passeriformes,4404.73,734.02,Vulnerable
Young have,Reptilia,Carnivora,3647.361,2620.59,Least Concern
Environmental list,Amphibia,Anura,2203.164,2440.26,Least Concern
Though find,Actinopterygii,Carnivora,2016.881,2613.02,Least Concern
Coach occur,Mammalia,Primates,3331.585,794.59,Least Concern
Stand total,Actinopterygii,Passeriformes,3697.504,1208.52,Extinct in the Wild
Or special,Actinopterygii,Squamata,1657.07,2750.85,Endangered
Choose parent,Actinopterygii,Squamata,1985.277,2828.68,Extinct in the Wild
Better show,Amphibia,Anura,2804.429,501.59,Vulnerable
Usually interview,Reptilia,Squamata,1476.634,2970.1,Extinct in the Wild
When just,Amphibia,Rodentia,4380.239,1900.33,Extinct in the Wild
Area federal,Reptilia,Squamata,3556.863,1905.81,Critically Endangered
Drug enjoy,Reptilia,Primates,3867.477,2271.92,Least Concern
Information ever,Mammalia,Squamata,559.596,210.96,Extinct in the Wild
Fish factor,Mammalia,Anura,1565.516,2868.76,Near Threatened
Such focus,Actinopterygii,Anura,3755.324,2442.32,Least Concern
Task relationship,Mammalia,Passeriformes,251.728,1725.46,Near Threatened
Back result,Aves,Passeriformes,3831.922,1535.18,Vulnerable
Professor let,Amphibia,Squamata,4295.018,2488.92,Endangered
Often all,Aves,Squamata,370.967,433.9,Vulnerable
Behind nation,Amphibia,Rodentia,3799.728,2604.82,Endangered
It land,Actinopterygii,Carnivora,296.709,2149.84,Endangered
Executive plan,Amphibia,Carnivora,2792.762,1731.69,Extinct in the Wild
Successful item,Mammalia,Anura,2574.298,2989.77,Endangered
Better difference,Amphibia,Passeriformes,3952.526,2942.28,Least Concern
Maybe leader,Reptilia,Squamata,1901.286,290.95,Near Threatened
Care turn,Mammalia,Rodentia,4372.174,1660.96,Least Concern
Husband put,Reptilia,Passeriformes,2962.643,1919.26,Vulnerable
Marriage notice,Reptilia,Primates,3398.556,873.81,Vulnerable
Assume because,Reptilia,Rodentia,3995.039,1138.73,Endangered
Push difference,Aves,Carnivora,895.259,1069.31,Near Threatened
Road should,Amphibia,Passeriformes,1242.464,2809.66,Vulnerable
White lose,Aves,Passeriformes,953.662,2415.31,Vulnerable
Together know,Aves,Squamata,3979.792,1177.88,Critically Endangered
Decade major,Actinopterygii,Squamata,3988.49,2053.74,Extinct in the Wild
Kid good,Aves,Passeriformes,1366.69,360.68,Least Concern
From thus,Actinopterygii,Passeriformes,4990.647,1404.4,Extinct in the Wild
Understand now,Actinopterygii,Passeriformes,622.936,589.86,Least Concern
Vote blue,Mammalia,Primates,2857.459,179.59,Extinct in the Wild
Meet media,Reptilia,Anura,4923.669,1350.47,Near Threatened
Ahead what,Amphibia,Primates,4383.155,361.93,Extinct in the Wild
Just check,Reptilia,Passeriformes,542.225,1027.8,Least Concern
Strategy marriage,Actinopterygii,Rodentia,820.677,2324.62,Endangered
Student school,Reptilia,Primates,1190.02,2299.53,Extinct in the Wild
Next PM,Aves,Primates,2676.559,766.84,Near Threatened
Brother finish,Amphibia,Primates,1331.535,1408.92,Critically Endangered
Himself happen,Aves,Anura,1029.624,143.99,Near Threatened
Whole through,Reptilia,Passeriformes,2519.691,796.59,Near Threatened
Oil hear,Actinopterygii,Carnivora,1239.507,250.05,Extinct in the Wild
Policy view,Amphibia,Primates,1591.856,2907.81,Least Concern
Generation might,Reptilia,Passeriformes,2393.619,1548.17,Near Threatened
Along level,Actinopterygii,Rodentia,3409.532,264.95,Near Threatened
Its story,Reptilia,Squamata,1042.891,2505.48,Vulnerable
Question television,Amphibia,Passeriformes,3600.968,2343.45,Near Threatened
Reach myself,Aves,Passeriformes,2962.554,1381.12,Near Threatened
Health church,Actinopterygii,Primates,3563.019,1689.25,Vulnerable
Until think,Aves,Anura,3130.491,451.84,Critically Endangered
Save price,Reptilia,Anura,4992.777,2951.9,Vulnerable
Movie very,Mammalia,Passeriformes,4184.033,1172.84,Least Concern
Some break,Amphibia,Carnivora,1980.633,1939.46,Critically Endangered
Government some,Reptilia,Carnivora,1990.894,2997.49,Least Concern
Wife coach,Actinopterygii,Passeriformes,3920.493,1705.62,Critically Endangered
Indeed at,Reptilia,Anura,1402.057,2384.66,Critically Endangered
Debate control,Amphibia,Passeriformes,341.435,2288.88,Least Concern
Want seven,Mammalia,Carnivora,3701.081,1737.08,Endangered
Drive purpose,Actinopterygii,Rodentia,483.779,2933.01,Critically Endangered
Create land,Amphibia,Passeriformes,4491.293,349.13,Near Threatened
Few Democrat,Mammalia,Squamata,1746.594,1963.5,Critically Endangered
Approach cause,Actinopterygii,Carnivora,3595.376,1300.73,Near Threatened
Itself miss,Amphibia,Squamata,2962.167,1914.56,Critically Endangered
Region company,Actinopterygii,Anura,1511.865,1800.23,Least Concern
Ever particularly,Actinopterygii,Rodentia,1683.627,1511.31,Vulnerable
Technology certainly,Reptilia,Passeriformes,2135.467,1980.51,Critically Endangered
New test,Actinopterygii,Squamata,4957.061,728.73,Vulnerable
Today minute,Mammalia,Rodentia,4339.108,964.22,Critically Endangered
Put tough,Actinopterygii,Anura,2520.404,1510.28,Critically Endangered
Someone happen,Actinopterygii,Primates,4575.955,2444.19,Near Threatened
Later meet,Mammalia,Rodentia,1235.023,1620.82,Endangered
Art else,Amphibia,Carnivora,1555.504,161.96,Near Threatened
Early green,Mammalia,Rodentia,1292.107,114.56,Endangered
Produce century,Reptilia,Passeriformes,175.336,348.65,Extinct in the Wild
Still more,Actinopterygii,Carnivora,3793.031,1395.77,Critically Endangered
Large white,Actinopterygii,Primates,4084.444,274.5,Near Threatened
Family model,Mammalia,Primates,1423.575,1033.72,Least Concern
Condition future,Mammalia,Primates,1188.421,2450.28,Critically Endangered
Establish instead,Amphibia,Anura,4643.172,2425.38,Near Threatened
Republican until,Mammalia,Primates,3027.902,1952.76,Vulnerable
Again key,Amphibia,Rodentia,3729.949,897.29,Endangered
Reason bit,Actinopterygii,Carnivora,4962.592,1250.02,Least Concern
Continue everything,Actinopterygii,Primates,4636.285,855.45,Endangered
Remember prove,Mammalia,Squamata,704.607,1876.1,Least Concern
Court true,Aves,Carnivora,4388.817,2119.16,Extinct in the Wild
Theory special,Reptilia,Squamata,2986.755,1220.02,Critically Endangered
Speak guess,Amphibia,Anura,3660.82,1559.06,Vulnerable
Here add,Mammalia,Passeriformes,2736.944,2197.01,Least Concern
Significant walk,Amphibia,Passeriformes,1411.741,2712.01,Vulnerable
Choice difference,Actinopterygii,Primates,866.152,2396.37,Critically Endangered
Skill color,Aves,Primates,4325.699,2578.2,Least Concern
Its follow,Amphibia,Squamata,4027.297,2593.02,Extinct in the Wild
Couple grow,Actinopterygii,Rodentia,1000.881,2241.56,Vulnerable
Window stop,Amphibia,Anura,2794.577,400.4,Endangered
New also,Amphibia,Carnivora,3622.535,413.85,Critically Endangered
Paper teacher,Mammalia,Squamata,1102.669,1051.92,Near Threatened
Federal what,Actinopterygii,Anura,2444.637,734.21,Near Threatened
Market get,Reptilia,Primates,3833.633,1646.37,Near Threatened
Interesting media,Mammalia,Rodentia,3988.832,172.92,Critically Endangered
Its collection,Reptilia,Squamata,2852.253,1049.2,Least Concern
Energy focus,Reptilia,Passeriformes,4803.949,2055.75,Critically Endangered
Wrong happy,Amphibia,Primates,2352.736,2531.32,Least Concern
Ahead ask,Aves,Anura,1088.063,2998.33,Critically Endangered
Into need,Aves,Carnivora,642.652,2591.3,Vulnerable
Same trouble,Amphibia,Squamata,1084.996,1297.9,Vulnerable
Enjoy push,Aves,Primates,2510.052,2554.91,Endangered
Common while,Reptilia,Primates,1939.787,2037.4,Extinct in the Wild
Everything family,Aves,Carnivora,242.185,2960.7,Least Concern
Teach it,Reptilia,Primates,3015.265,2131.84,Critically Endangered
Goal radio,Amphibia,Passeriformes,1991.103,1665.67,Extinct in the Wild
Worker watch,Actinopterygii,Anura,4617.803,2823.96,Least Concern
Health health,Mammalia,Anura,1212.471,578.28,Endangered
Itself something,Aves,Carnivora,3560.277,80.89,Critically Endangered
Group note,Reptilia,Rodentia,1688.292,1084.63,Critically Endangered
Democrat today,Actinopterygii,Primates,439.427,2601.18,Vulnerable
Discussion popular,Actinopterygii,Primates,3855.195,2002.05,Least Concern
Better edge,Actinopterygii,Squamata,3420.439,2528.43,Extinct in the Wild
Better seem,Mammalia,Primates,3720.281,1721.68,Endangered
Take remember,Mammalia,Rodentia,2490.257,378.79,Extinct in the Wild
Ok night,Mammalia,Anura,871.122,1836.4,Vulnerable
Night marriage,Actinopterygii,Rodentia,479.544,573.86,Extinct in the Wild
Force be,Amphibia,Carnivora,2452.756,1699.11,Near Threatened
Heart hair,Aves,Anura,2695.511,726.71,Endangered
Try car,Mammalia,Squamata,3672.579,1582.5,Least Concern
Early score,Aves,Carnivora,1120.767,936.48,Near Threatened
Cover source,Mammalia,Primates,901.833,760.79,Endangered
Collection police,Mammalia,Squamata,1444.218,728.84,Vulnerable
Data spring,Reptilia,Primates,3236.748,497.72,Near Threatened
Rich wait,Amphibia,Carnivora,2488.703,1459.93,Endangered
Author across,Aves,Squamata,1149.398,435.39,Endangered
Design design,Aves,Passeriformes,3133.491,1840.04,Extinct in the Wild
On wonder,Mammalia,Squamata,162.762,404.05,Extinct in the Wild
Need establish,Reptilia,Anura,3624.56,1744.23,Vulnerable
South project,Reptilia,Passeriformes,4916.315,1972.04,Extinct in the Wild
Particular think,Reptilia,Rodentia,664.149,2676.53,Endangered
Do learn,Amphibia,Anura,4171.018,2901.5,Critically Endangered
South beat,Mammalia,Passeriformes,459.682,2238.12,Least Concern
Art voice,Mammalia,Carnivora,2396.657,1664.81,Vulnerable
Activity example,Aves,Anura,1385.674,265.37,Critically Endangered
Street help,Amphibia,Carnivora,1681.427,501.0,Vulnerable
Newspaper concern,Mammalia,Passeriformes,3645.143,415.81,Vulnerable
Feeling industry,Amphibia,Anura,498.342,967.93,Extinct in the Wild
Work cold,Actinopterygii,Anura,2096.382,1173.87,Endangered
Accept weight,Amphibia,Passeriformes,3830.077,607.51,Critically Endangered
Century view,Amphibia,Squamata,25.066,1467.55,Near Threatened
Bank consumer,Aves,Rodentia,1725.581,779.72,Endangered
First out,Mammalia,Carnivora,3829.326,2543.85,Endangered
Color school,Reptilia,Carnivora,1683.349,1465.93,Endangered
And dark,Aves,Primates,3780.738,743.74,Endangered
Television building,Reptilia,Passeriformes,99.148,1612.73,Vulnerable
Fish eight,Amphibia,Rodentia,1702.045,1379.83,Least Concern
Certain character,Reptilia,Passeriformes,1994.192,803.61,Endangered
Consumer political,Amphibia,Carnivora,3575.649,317.37,Least Concern
American standard,Mammalia,Squamata,3078.233,240.0,Vulnerable
Paper course,Mammalia,Passeriformes,2731.969,2457.08,Critically Endangered
Project free,Actinopterygii,Primates,4048.161,736.36,Vulnerable
First decision,Aves,Rodentia,1948.863,1094.67,Near Threatened
Star anyone,Reptilia,Anura,4553.272,2950.29,Near Threatened
During help,Amphibia,Anura,1051.034,2452.49,Endangered
Yes herself,Mammalia,Passeriformes,3001.303,200.56,Least Concern
Suggest give,Amphibia,Squamata,3889.012,1197.13,Vulnerable
Identify suffer,Reptilia,Squamata,604.299,2804.75,Near Threatened
Little that,Reptilia,Primates,970.258,542.5,Extinct in the Wild
Fear magazine,Actinopterygii,Primates,4479.336,1608.2,Critically Endangered
Note three,Aves,Squamata,3379.447,297.95,Critically Endangered
Kind manager,Actinopterygii,Squamata,895.065,2951.32,Near Threatened
Everyone bill,Amphibia,Passeriformes,2506.259,361.18,Endangered
Trial ok,Mammalia,Passeriformes,1675.288,564.98,Endangered
Seven certainly,Aves,Carnivora,1656.693,2542.46,Vulnerable
Feel consider,Aves,Passeriformes,372.091,1213.32,Extinct in the Wild
White challenge,Actinopterygii,Primates,785.034,109.39,Critically Endangered
You end,Actinopterygii,Anura,4663.475,1442.98,Near Threatened
Area her,Amphibia,Rodentia,1509.655,1647.21,Vulnerable
Stock brother,Mammalia,Carnivora,4384.855,648.41,Least Concern
Federal apply,Mammalia,Primates,3003.215,1877.27,Endangered
East various,Actinopterygii,Anura,1095.485,2363.62,Critically Endangered
Science common,Aves,Primates,3797.509,415.72,Near Threatened
Yard thought,Actinopterygii,Passeriformes,147.891,2608.57,Least Concern
Away than,Mammalia,Squamata,4764.921,2248.88,Vulnerable
Provide plan,Actinopterygii,Squamata,1604.372,674.3,Vulnerable
Agent few,Reptilia,Primates,3565.022,2862.76,Near Threatened
Power method,Reptilia,Anura,1918.794,1272.32,Endangered
End rule,Aves,Anura,1215.728,1022.74,Extinct in the Wild
World pick,Reptilia,Rodentia,4095.86,364.89,Near Threatened
Customer good,Reptilia,Anura,494.018,878.09,Critically Endangered
New south,Aves,Rodentia,3937.11,1320.42,Extinct in the Wild
Here already,Reptilia,Carnivora,325.974,929.83,Critically Endangered
Fight wish,Reptilia,Squamata,110.979,2564.09,Critically Endangered
Story short,Reptilia,Anura,95.476,2189.11,Endangered
Major above,Mammalia,Squamata,1256.875,2796.03,Least Concern
Support enter,Reptilia,Rodentia,4320.861,897.08,Least Concern
Media news,Mammalia,Anura,3943.995,549.92,Vulnerable
Explain really,Mammalia,Rodentia,1138.65,2846.22,Near Threatened
How fly,Reptilia,Rodentia,2314.79,1323.08,Vulnerable
Machine visit,Mammalia,Carnivora,3584.076,383.65,Endangered
Woman clearly,Reptilia,Passeriformes,2028.439,786.9,Endangered
Ability hit,Actinopterygii,Passeriformes,142.854,2235.67,Extinct in the Wild
Action watch,Aves,Anura,4394.231,699.88,Vulnerable
Under various,Reptilia,Primates,4410.567,2308.17,Least Concern
Education view,Aves,Rodentia,3047.422,661.44,Extinct in the Wild
Unit mean,Aves,Rodentia,2040.123,1882.84,Near Threatened
Item peace,Amphibia,Primates,2524.291,1192.8,Endangered
Know bring,Reptilia,Carnivora,2218.775,830.79,Extinct in the Wild
Recently find,Actinopterygii,Rodentia,3460.109,2675.55,Extinct in the Wild
Together bring,Reptilia,Passeriformes,2282.413,873.5,Near Threatened
Purpose sea,Reptilia,Primates,363.112,2564.94,Endangered
Stay Republican,Mammalia,Carnivora,3688.516,1436.9,Critically Endangered
Across glass,Amphibia,Passeriformes,2655.239,1183.13,Critically Endangered
Whom movie,Actinopterygii,Anura,3745.371,1703.24,Near Threatened
Want man,Amphibia,Squamata,864.586,472.2,Extinct in the Wild
Heavy available,Mammalia,Carnivora,3602.984,417.72,Extinct in the Wild
Drug in,Actinopterygii,Primates,4793.611,2621.78,Near Threatened
Doctor meeting,Amphibia,Rodentia,3375.256,1222.26,Near Threatened
Wrong radio,Mammalia,Carnivora,1223.913,2960.36,Extinct in the Wild
Step doctor,Amphibia,Carnivora,2918.224,1912.5,Near Threatened
Open question,Aves,Anura,2580.937,942.31,Vulnerable
Executive also,Reptilia,Anura,354.434,2434.19,Critically Endangered
Wide some,Mammalia,Passeriformes,1864.74,808.85,Critically Endangered
Always carry,Reptilia,Carnivora,2199.164,830.06,Vulnerable
Last follow,Reptilia,Carnivora,3305.345,2407.07,Near Threatened
Past spend,Actinopterygii,Rodentia,4180.569,2210.05,Near Threatened
Political suffer,Actinopterygii,Anura,1954.604,1481.38,Extinct in the Wild
Gun charge,Amphibia,Passeriformes,3725.042,2865.87,Endangered
Window four,Actinopterygii,Squamata,17.111,1510.53,Near Threatened
Alone help,Reptilia,Primates,2837.942,1133.8,Near Threatened
Kitchen interest,Aves,Primates,2340.726,672.93,Vulnerable
Hope oil,Reptilia,Carnivora,1622.072,2970.23,Near Threatened
Herself this,Actinopterygii,Squamata,2298.604,444.42,Extinct in the Wild
Later throw,Aves,Rodentia,4885.173,130.96,Extinct in the Wild
Play society,Aves,Primates,1621.735,2596.83,Extinct in the Wild
Write job,Mammalia,Primates,2333.48,921.32,Extinct in the Wild
Value attention,Mammalia,Rodentia,1801.151,705.54,Near Threatened
Attorney our,Aves,Primates,1461.501,2540.64,Critically Endangered
Economy black,Amphibia,Carnivora,90.819,2263.08,Least Concern
Five paper,Mammalia,Primates,1711.349,2418.28,Critically Endangered
Force state,Actinopterygii,Primates,4048.826,1121.34,Least Concern
Customer company,Aves,Anura,2896.801,2503.66,Endangered
Person key,Amphibia,Passeriformes,4029.888,1005.99,Vulnerable
Fact how,Aves,Rodentia,2380.992,1588.51,Endangered
Pretty sport,Reptilia,Carnivora,4036.108,2142.21,Critically Endangered
Data part,Mammalia,Passeriformes,2898.063,1645.57,Critically Endangered
Eat activity,Mammalia,Carnivora,984.101,717.41,Near Threatened
May front,Mammalia,Rodentia,2940.83,380.67,Near Threatened
Congress nor,Aves,Squamata,3834.301,1754.41,Endangered
Enter enjoy,Mammalia,Anura,4150.062,2234.3,Vulnerable
Human yard,Reptilia,Carnivora,2048.629,2669.46,Vulnerable
Evidence contain,Reptilia,Carnivora,4263.977,769.01,Critically Endangered
Increase PM,Aves,Primates,1981.999,1548.62,Critically Endangered
Prepare must,Actinopterygii,Primates,4499.085,2567.7,Least Concern
Be boy,Aves,Passeriformes,3803.401,2983.95,Least Concern
Maintain artist,Actinopterygii,Anura,2381.481,605.78,Extinct in the Wild
Line plant,Actinopterygii,Primates,3821.449,2878.26,Critically Endangered
Animal give,Aves,Squamata,4390.369,322.19,Least Concern
Color piece,Amphibia,Anura,4303.735,1284.2,Critically Endangered
Recognize similar,Mammalia,Passeriformes,461.802,2830.14,Extinct in the Wild
Shake single,Actinopterygii,Rodentia,4809.537,1072.54,Least Concern
Instead which,Aves,Squamata,1353.569,942.6,Near Threatened
Tonight whose,Mammalia,Primates,1963.974,2823.85,Least Concern
Write listen,Mammalia,Carnivora,790.831,2872.89,Near Threatened
Whatever son,Mammalia,Carnivora,4894.956,990.81,Near Threatened
Bring quickly,Aves,Passeriformes,4262.941,1444.03,Endangered
Nothing memory,Amphibia,Anura,4657.963,300.56,Vulnerable
About father,Mammalia,Rodentia,1410.824,2424.18,Critically Endangered
Listen prepare,Reptilia,Anura,4288.713,1167.76,Endangered
Glass few,Reptilia,Primates,3468.413,1325.16,Near Threatened
Fill citizen,Aves,Rodentia,2326.132,1155.13,Critically Endangered
Civil design,Actinopterygii,Passeriformes,460.662,550.84,Near Threatened
Throw recognize,Amphibia,Carnivora,517.905,86.64,Endangered
Team few,Amphibia,Squamata,1271.795,1184.34,Critically Endangered
Apply company,Reptilia,Squamata,3675.952,2524.67,Extinct in the Wild
Short officer,Reptilia,Rodentia,3947.89,1883.85,Extinct in the Wild
Including bag,Actinopterygii,Carnivora,3535.025,2929.59,Least Concern
These over,Reptilia,Anura,2260.101,514.85,Least Concern
Fly college,Mammalia,Anura,2143.08,2658.47,Least Concern
Fear threat,Reptilia,Primates,3483.783,2508.7,Least Concern
Another federal,Amphibia,Primates,4479.423,2272.36,Extinct in the Wild
Sport quickly,Actinopterygii,Carnivora,2244.512,2873.92,Extinct in the Wild
Society news,Mammalia,Carnivora,3183.633,131.3,Least Concern
Raise economy,Amphibia,Squamata,2088.37,805.3,Critically Endangered
Source them,Mammalia,Passeriformes,3464.962,1868.02,Extinct in the Wild
Six page,Mammalia,Squamata,3255.613,500.12,Critically Endangered
Threat people,Aves,Rodentia,357.752,2333.55,Vulnerable
Statement chance,Reptilia,Passeriformes,4431.854,1724.9,Extinct in the Wild
Effort study,Aves,Anura,962.723,2929.1,Least Concern
Continue recent,Actinopterygii,Squamata,1459.147,23.74,Vulnerable
Peace economic,Amphibia,Primates,226.993,1467.02,Least Concern
Three physical,Mammalia,Rodentia,1971.911,1444.65,Near Threatened
Behind step,Reptilia,Carnivora,1596.186,2741.97,Vulnerable
Discuss cell,Reptilia,Carnivora,4941.777,2388.63,Vulnerable
According person,Amphibia,Anura,783.627,2628.43,Critically Endangered
Environment small,Mammalia,Rodentia,1652.041,1978.5,Least Concern
Local sure,Actinopterygii,Rodentia,3543.707,711.21,Endangered
Actually star,Amphibia,Passeriformes,1291.925,2378.38,Near Threatened
City east,Reptilia,Primates,2306.9,2843.14,Least Concern
Space by,Actinopterygii,Squamata,2782.871,1375.68,Critically Endangered
Rule admit,Amphibia,Primates,3549.255,684.46,Endangered
Foreign view,Amphibia,Carnivora,1505.33,495.12,Vulnerable
Ten watch,Amphibia,Squamata,1888.109,2099.43,Endangered
Task family,Mammalia,Rodentia,2374.598,440.85,Near Threatened
Movement hotel,Actinopterygii,Anura,2317.165,18.29,Extinct in the Wild
Believe call,Mammalia,Carnivora,3160.661,567.18,Endangered
Range right,Reptilia,Passeriformes,3844.165,302.37,Least Concern
Individual drug,Aves,Rodentia,1355.065,151.32,Extinct in the Wild
Wait college,Actinopterygii,Carnivora,3417.127,2963.51,Extinct in the Wild
Something art,Mammalia,Primates,936.495,2175.13,Critically Endangered
Again power,Actinopterygii,Carnivora,2107.855,839.12,Least Concern
Off write,Mammalia,Primates,36.43,1698.95,Endangered
Increase others,Reptilia,Carnivora,3187.568,1642.33,Near Threatened
Idea prove,Mammalia,Carnivora,545.297,344.21,Endangered
City area,Reptilia,Rodentia,2090.455,958.98,Near Threatened
Power human,Aves,Carnivora,4891.322,1796.19,Vulnerable
Process figure,Reptilia,Primates,1724.681,2204.04,Vulnerable
Surface certain,Mammalia,Primates,1124.725,489.39,Endangered
Discover night,Reptilia,Rodentia,3546.392,2623.11,Near Threatened
Choose learn,Actinopterygii,Primates,2891.405,524.19,Near Threatened
Reach successful,Mammalia,Anura,4202.803,1713.84,Least Concern
Leader find,Amphibia,Carnivora,3885.161,901.8,Critically Endangered
Deep second,Amphibia,Rodentia,2080.486,1745.04,Least Concern
Career life,Reptilia,Squamata,3510.435,2508.86,Least Concern
Change large,Mammalia,Anura,3625.763,2691.86,Vulnerable
Second across,Aves,Rodentia,3532.609,797.67,Vulnerable
Second road,Amphibia,Anura,272.529,757.71,Endangered
Much here,Aves,Squamata,3948.388,2264.88,Least Concern
Form send,Actinopterygii,Squamata,1860.96,786.55,Near Threatened
Situation song,Reptilia,Rodentia,4364.532,522.92,Critically Endangered
Discussion authority,Reptilia,Carnivora,2154.822,2565.53,Least Concern
Space necessary,Amphibia,Carnivora,2665.41,525.81,Endangered
Eye green,Reptilia,Passeriformes,4911.43,487.5,Critically Endangered
Heavy behavior,Actinopterygii,Rodentia,3925.742,989.66,Vulnerable
Federal full,Aves,Anura,4958.621,62.7,Vulnerable
Wait miss,Aves,Squamata,4983.298,2018.87,Critically Endangered
Want benefit,Aves,Carnivora,2000.838,71.53,Endangered
Reality defense,Aves,Squamata,2493.606,969.54,Endangered
News go,Amphibia,Carnivora,4476.832,454.36,Least Concern
Movie how,Actinopterygii,Carnivora,2582.451,2900.32,Extinct in the Wild
Air guy,Actinopterygii,Squamata,2853.709,1557.81,Endangered
Age year,Mammalia,Rodentia,2594.863,245.22,Near Threatened
Real carry,Reptilia,Rodentia,3581.99,1903.45,Endangered
Probably television,Mammalia,Carnivora,1812.808,2004.01,Endangered
Way civil,Amphibia,Anura,4649.07,1318.37,Critically Endangered
Least develop,Amphibia,Carnivora,778.622,402.12,Least Concern
Again pretty,Reptilia,Rodentia,3483.067,627.74,Endangered
Difficult tax,Aves,Primates,4156.911,536.5,Critically Endangered
Support probably,Reptilia,Carnivora,363.493,2218.03,Least Concern
Establish soon,Mammalia,Primates,738.046,2805.12,Extinct in the Wild
Although long,Amphibia,Primates,1970.929,415.22,Near Threatened
Try network,Actinopterygii,Anura,401.228,42.54,Endangered
Unit wide,Aves,Passeriformes,1958.725,2814.93,Vulnerable
Fund dark,Reptilia,Primates,1630.473,2930.07,Critically Endangered
Firm who,Actinopterygii,Passeriformes,3739.292,1428.33,Critically Endangered
Worker read,Reptilia,Squamata,4123.66,901.08,Vulnerable
Out lawyer,Aves,Carnivora,2585.882,2384.99,Least Concern
Find teach,Amphibia,Carnivora,1150.235,918.16,Endangered
Amount PM,Amphibia,Anura,4431.168,1576.21,Least Concern
Where onto,Mammalia,Rodentia,3327.989,2080.0,Vulnerable
Receive attention,Actinopterygii,Passeriformes,3504.034,74.32,Near Threatened
Sometimes easy,Aves,Passeriformes,2404.403,548.75,Critically Endangered
Purpose avoid,Amphibia,Passeriformes,262.585,1540.13,Extinct in the Wild
Travel bill,Aves,Passeriformes,700.101,2635.64,Critically Endangered
Do cup,Amphibia,Primates,3081.867,202.31,Extinct in the Wild
Small ten,Aves,Anura,109.222,1555.34,Least Concern
Buy man,Amphibia,Rodentia,93.348,882.88,Vulnerable
To he,Actinopterygii,Squamata,655.439,1545.13,Extinct in the Wild
Special green,Actinopterygii,Rodentia,4618.807,2193.9,Least Concern
Somebody stuff,Amphibia,Anura,3871.042,79.99,Extinct in the Wild
Most let,Aves,Rodentia,4787.532,839.59,Vulnerable
Maybe real,Mammalia,Squamata,4869.342,2648.61,Critically Endangered
Difficult piece,Aves,Squamata,2926.94,1042.71,Near Threatened
Mr eat,Actinopterygii,Primates,34.014,2097.36,Endangered
Conference identify,Aves,Carnivora,3643.059,263.52,Vulnerable
Respond animal,Reptilia,Primates,1639.662,1591.04,Extinct in the Wild
Approach gun,Mammalia,Rodentia,4144.892,934.36,Least Concern
Use lead,Mammalia,Primates,2079.687,67.38,Extinct in the Wild
Adult edge,Aves,Anura,2567.686,785.69,Vulnerable
Take exist,Aves,Squamata,1509.319,18.44,Least Concern
Rate technology,Amphibia,Passeriformes,2986.036,2210.36,Critically Endangered
Wife my,Reptilia,Squamata,935.235,1272.25,Extinct in the Wild
Sign color,Aves,Primates,903.508,253.59,Vulnerable
Economy outside,Aves,Rodentia,3986.844,1143.14,Extinct in the Wild
Old stop,Amphibia,Squamata,3958.773,1914.42,Critically Endangered
Computer right,Reptilia,Carnivora,4116.338,626.98,Critically Endangered
Hotel hit,Reptilia,Rodentia,2656.732,1053.18,Near Threatened
Report candidate,Aves,Carnivora,1022.958,599.91,Critically Endangered
Them town,Reptilia,Carnivora,4727.322,2863.35,Critically Endangered
Officer wish,Amphibia,Squamata,4100.972,884.39,Near Threatened
Finally remain,Reptilia,Carnivora,2268.652,1984.8,Vulnerable
Against require,Mammalia,Anura,3890.156,858.34,Near Threatened
Second little,Amphibia,Primates,337.784,2160.96,Least Concern
Ahead enough,Mammalia,Squamata,2146.739,2856.6,Near Threatened
Wide against,Reptilia,Carnivora,4811.53,2736.73,Critically Endangered
Surface theory,Actinopterygii,Squamata,4765.322,248.82,Near Threatened
Follow around,Amphibia,Passeriformes,979.13,2137.97,Vulnerable
To live,Aves,Rodentia,2427.205,454.94,Near Threatened
Purpose they,Mammalia,Primates,2959.207,391.83,Vulnerable
Sell cover,Reptilia,Anura,2190.777,1329.12,Least Concern
Bit address,Amphibia,Rodentia,2455.4,1531.1,Vulnerable
Gun bed,Reptilia,Primates,242.065,2267.44,Critically Endangered
Democratic but,Reptilia,Primates,3573.436,565.51,Critically Endangered
According will,Mammalia,Anura,1728.832,1320.69,Vulnerable
Mission card,Reptilia,Passeriformes,2341.425,2096.25,Near Threatened
Imagine wish,Mammalia,Rodentia,1932.829,2405.72,Least Concern
Meet subject,Reptilia,Primates,765.074,1016.53,Endangered
Tv prevent,Aves,Rodentia,3822.189,1851.42,Vulnerable
Radio become,Amphibia,Anura,441.037,1598.79,Extinct in the Wild
Determine voice,Reptilia,Passeriformes,1856.287,1497.01,Near Threatened
Size compare,Reptilia,Anura,3697.51,529.06,Near Threatened
Since peace,Amphibia,Anura,4698.547,857.12,Vulnerable
General decide,Amphibia,Primates,4254.124,1537.54,Vulnerable
Week turn,Reptilia,Squamata,2349.025,217.43,Endangered
Consider direction,Amphibia,Squamata,2083.165,721.84,Vulnerable
During decade,Reptilia,Primates,432.207,463.8,Critically Endangered
Just listen,Amphibia,Anura,644.196,2014.05,Least Concern
Author federal,Reptilia,Rodentia,388.197,1109.57,Near Threatened
Chance those,Actinopterygii,Rodentia,906.045,2688.27,Extinct in the Wild
Agency choose,Amphibia,Passeriformes,2418.726,1205.04,Vulnerable
Plant foreign,Amphibia,Carnivora,1641.525,2361.08,Extinct in the Wild
Future agency,Reptilia,Passeriformes,2333.814,2612.03,Near Threatened
Name nation,Mammalia,Primates,2882.554,249.58,Endangered
Will treatment,Mammalia,Primates,4115.899,2041.25,Critically Endangered
Forget art,Mammalia,Anura,4215.731,1901.12,Extinct in the Wild
Daughter meeting,Mammalia,Primates,3389.98,169.21,Endangered
Gun increase,Aves,Primates,723.56,297.12,Extinct in the Wild
Minute security,Reptilia,Squamata,1862.328,2744.1,Endangered
Forward child,Reptilia,Passeriformes,3301.418,2174.86,Vulnerable
Culture develop,Reptilia,Primates,3484.345,126.14,Vulnerable
More gun,Reptilia,Carnivora,2541.852,209.07,Least Concern
Out difficult,Reptilia,Rodentia,2517.779,238.96,Near Threatened
Second PM,Aves,Passeriformes,3576.803,899.74,Least Concern
Remain here,Reptilia,Rodentia,1823.361,2220.99,Endangered
Light prepare,Reptilia,Squamata,1363.739,1954.97,Least Concern
Seat medical,Aves,Carnivora,1441.331,1896.23,Near Threatened
Current full,Amphibia,Carnivora,2670.43,740.24,Vulnerable
Strong morning,Amphibia,Carnivora,4465.32,2836.17,Extinct in the Wild
Professor certain,Reptilia,Rodentia,1991.194,2490.75,Near Threatened
Quality fish,Actinopterygii,Passeriformes,885.243,2540.82,Least Concern
Customer knowledge,Reptilia,Squamata,1044.689,231.82,Endangered
By research,Amphibia,Anura,1880.964,1088.88,Least Concern
Under against,Actinopterygii,Squamata,4048.549,2416.42,Near Threatened
East group,Reptilia,Rodentia,1187.708,946.2,Near Threatened
Current lawyer,Aves,Anura,3514.378,2614.16,Extinct in the Wild
Increase box,Amphibia,Rodentia,2953.859,1352.22,Critically Endangered
Focus world,Actinopterygii,Passeriformes,2052.523,2560.43,Vulnerable
Question treat,Reptilia,Primates,3129.207,1941.37,Extinct in the Wild
Start raise,Actinopterygii,Squamata,513.367,207.2,Least Concern
General student,Amphibia,Carnivora,3396.157,2430.92,Critically Endangered
Necessary heavy,Actinopterygii,Squamata,1168.099,1294.04,Critically Endangered
Moment often,Actinopterygii,Carnivora,1055.829,2045.45,Critically Endangered
Like claim,Aves,Passeriformes,3078.173,2729.73,Vulnerable
Walk skill,Reptilia,Rodentia,1754.403,490.35,Endangered
Key scene,Amphibia,Rodentia,2624.221,182.82,Vulnerable
Group write,Aves,Passeriformes,1856.498,1854.54,Least Concern
Appear test,Reptilia,Anura,2612.738,1997.69,Critically Endangered
Else box,Amphibia,Rodentia,982.876,1138.47,Extinct in the Wild
Learn attack,Reptilia,Passeriformes,3186.158,2548.38,Critically Endangered
Fine ability,Aves,Passeriformes,3494.346,1794.95,Vulnerable
Option color,Mammalia,Squamata,1980.428,1905.7,Extinct in the Wild
Any expert,Mammalia,Passeriformes,1767.035,2703.18,Least Concern
Walk his,Mammalia,Primates,3164.743,476.18,Critically Endangered
Parent community,Actinopterygii,Rodentia,4389.358,745.36,Extinct in the Wild
Difficult manager,Amphibia,Anura,1888.594,1082.39,Least Concern
Author meet,Actinopterygii,Passeriformes,776.238,1364.26,Least Concern
Matter population,Actinopterygii,Rodentia,1840.389,407.22,Vulnerable
Hit impact,Aves,Anura,3193.838,1946.92,Least Concern
Lead dark,Aves,Carnivora,4585.771,1109.37,Extinct in the Wild
Mean list,Actinopterygii,Carnivora,2166.89,2417.99,Vulnerable
Think worker,Amphibia,Primates,828.133,1892.37,Extinct in the Wild
Partner prevent,Aves,Squamata,1532.023,423.16,Critically Endangered
Represent structure,Reptilia,Squamata,1888.985,787.25,Vulnerable
Floor board,Amphibia,Carnivora,1176.816,311.99,Vulnerable
While television,Mammalia,Primates,3299.851,2128.56,Vulnerable
May while,Amphibia,Primates,4125.684,2046.31,Extinct in the Wild
Once wait,Reptilia,Primates,640.471,1347.73,Extinct in the Wild
Green record,Amphibia,Squamata,1379.062,1939.79,Vulnerable
Direction experience,Aves,Rodentia,4560.818,2644.86,Least Concern
Less hard,Mammalia,Rodentia,2940.09,781.64,Near Threatened
Trade vote,Mammalia,Carnivora,4231.262,2333.61,Near Threatened
Reality simply,Amphibia,Rodentia,963.775,1357.65,Near Threatened
Back around,Mammalia,Primates,4018.707,1814.45,Critically Endangered
Table sound,Amphibia,Rodentia,4395.511,2665.67,Endangered
Top statement,Mammalia,Rodentia,4493.49,2030.39,Vulnerable
Short admit,Mammalia,Carnivora,3132.792,2912.16,Endangered
Thought now,Reptilia,Carnivora,4831.487,661.93,Near Threatened
Consumer price,Aves,Carnivora,2911.962,1519.5,Least Concern
Word spend,Amphibia,Rodentia,864.74,787.28,Least Concern
Protect decision,Mammalia,Carnivora,357.577,2096.31,Near Threatened
Continue can,Mammalia,Primates,1954.09,2011.43,Critically Endangered
Need figure,Amphibia,Primates,855.899,400.37,Endangered
Environment but,Actinopterygii,Passeriformes,367.67,1033.66,Vulnerable
Tell indeed,Amphibia,Carnivora,25.875,1757.63,Least Concern
Politics environmental,Amphibia,Primates,1828.909,2517.44,Near Threatened
Data involve,Amphibia,Squamata,3052.708,2848.65,Near Threatened
Size window,Actinopterygii,Rodentia,4839.529,2516.41,Near Threatened
Of already,Actinopterygii,Primates,1832.321,576.19,Near Threatened
Eat seem,Reptilia,Rodentia,3688.584,1069.33,Least Concern
Inside read,Mammalia,Carnivora,2181.638,2663.36,Critically Endangered
Hot radio,Aves,Rodentia,1407.925,1649.93,Extinct in the Wild
Term wonder,Aves,Squamata,3278.717,2322.18,Least Concern
Growth within,Actinopterygii,Passeriformes,115.573,2322.34,Vulnerable
Political magazine,Reptilia,Anura,4294.967,854.88,Critically Endangered
Natural community,Reptilia,Passeriformes,1158.269,2417.26,Least Concern
They physical,Actinopterygii,Rodentia,4273.008,1042.1,Near Threatened
Market stage,Mammalia,Primates,1891.07,751.54,Vulnerable
Management act,Amphibia,Passeriformes,2427.046,2458.25,Near Threatened
Phone from,Amphibia,Squamata,2327.992,55.87,Least Concern
Past officer,Amphibia,Rodentia,4843.04,1204.23,Least Concern
Many teach,Reptilia,Primates,2948.84,2228.24,Least Concern
Everyone no,Mammalia,Passeriformes,3800.982,1230.38,Critically Endangered
Cause building,Mammalia,Squamata,4697.512,1289.73,Critically Endangered
Up news,Amphibia,Passeriformes,4276.763,286.13,Vulnerable
Wonder man,Actinopterygii,Anura,1363.584,916.27,Near Threatened
Local American,Actinopterygii,Anura,2558.641,1307.97,Vulnerable
Stage government,Amphibia,Anura,3163.325,1701.53,Vulnerable
Offer painting,Mammalia,Rodentia,3674.454,2266.7,Near Threatened
Lay wind,Mammalia,Primates,4903.328,1120.54,Least Concern
School score,Reptilia,Passeriformes,2443.207,2992.45,Endangered
Forward gun,Reptilia,Passeriformes,4906.908,1275.37,Endangered
Company wonder,Amphibia,Anura,1405.338,2900.16,Least Concern
Before modern,Mammalia,Anura,4921.777,1576.7,Near Threatened
Quite affect,Mammalia,Passeriformes,343.266,214.1,Endangered
Night early,Actinopterygii,Rodentia,1632.186,2053.81,Vulnerable
Effort country,Reptilia,Rodentia,3520.32,986.98,Extinct in the Wild
Attack service,Mammalia,Carnivora,743.598,1989.29,Endangered
Beautiful strategy,Mammalia,Carnivora,1416.86,2564.35,Extinct in the Wild
Score paper,Actinopterygii,Carnivora,3345.762,935.58,Endangered
Player reveal,Actinopterygii,Carnivora,1598.491,2956.07,Extinct in the Wild
Enjoy draw,Actinopterygii,Carnivora,4984.878,174.12,Near Threatened
Industry travel,Amphibia,Rodentia,4870.82,2083.5,Near Threatened
Executive air,Reptilia,Squamata,4144.925,1462.84,Near Threatened
Shoulder probably,Mammalia,Carnivora,1965.616,2449.85,Critically Endangered
Information be,Aves,Primates,670.627,452.53,Critically Endangered
May stand,Mammalia,Squamata,1514.204,2189.2,Vulnerable
Himself various,Aves,Passeriformes,276.114,2533.8,Critically Endangered
Make laugh,Aves,Primates,3233.085,1423.46,Extinct in the Wild
Hit clearly,Actinopterygii,Rodentia,1992.123,543.3,Critically Endangered
Coach determine,Aves,Passeriformes,1480.343,1167.34,Critically Endangered
Break eight,Actinopterygii,Primates,677.041,243.81,Critically Endangered
Why listen,Actinopterygii,Primates,4962.899,2574.92,Extinct in the Wild
Citizen prepare,Amphibia,Carnivora,3531.071,399.62,Endangered
Article form,Amphibia,Rodentia,581.881,2562.62,Endangered
Rich see,Actinopterygii,Carnivora,960.066,1513.72,Extinct in the Wild
See case,Reptilia,Passeriformes,4013.211,1856.56,Critically Endangered
Store foreign,Amphibia,Squamata,604.103,2712.67,Vulnerable
Have area,Reptilia,Anura,1508.421,922.07,Critically Endangered
Fight argue,Reptilia,Anura,2028.367,2322.19,Near Threatened
Sit really,Aves,Rodentia,4940.024,2224.07,Near Threatened
Site language,Reptilia,Squamata,4860.655,1367.78,Vulnerable
Today environment,Reptilia,Passeriformes,3553.22,2914.99,Endangered
Late issue,Actinopterygii,Rodentia,2799.783,2847.66,Extinct in the Wild
Floor fill,Reptilia,Passeriformes,2542.405,792.42,Endangered
Identify attack,Aves,Rodentia,1133.679,2381.05,Extinct in the Wild
Determine party,Aves,Passeriformes,2283.376,449.34,Least Concern
Idea usually,Amphibia,Carnivora,447.913,2883.04,Least Concern
Next program,Aves,Passeriformes,3982.782,1391.15,Extinct in the Wild
Toward process,Aves,Squamata,4808.283,2794.38,Extinct in the Wild
Yeah certainly,Mammalia,Squamata,3625.243,1400.36,Critically Endangered
Teacher word,Mammalia,Carnivora,4757.353,2335.01,Extinct in the Wild
Arm phone,Mammalia,Rodentia,1463.717,2616.17,Extinct in the Wild
Bad pick,Amphibia,Carnivora,587.358,105.42,Least Concern
Draw issue,Reptilia,Rodentia,633.406,1560.0,Near Threatened
Car budget,Reptilia,Carnivora,2727.922,503.3,Vulnerable
Especially late,Aves,Squamata,1097.709,600.93,Critically Endangered
Clearly now,Amphibia,Passeriformes,383.835,120.67,Endangered
Republican base,Mammalia,Passeriformes,2512.265,94.8,Near Threatened
Knowledge late,Amphibia,Anura,4219.764,2707.87,Critically Endangered
His family,Actinopterygii,Squamata,4062.472,976.61,Vulnerable
Drug want,Amphibia,Anura,4577.437,2416.54,Endangered
While suffer,Amphibia,Squamata,1752.316,2552.81,Endangered
Then begin,Aves,Rodentia,2195.795,1051.19,Least Concern
Difference once,Actinopterygii,Passeriformes,1798.068,72.1,Critically Endangered
During section,Amphibia,Squamata,3134.236,2480.57,Least Concern
Around on,Actinopterygii,Squamata,2267.359,110.49,Critically Endangered
Ever impact,Mammalia,Rodentia,1899.575,301.41,Least Concern
Herself animal,Aves,Anura,669.38,1922.08,Endangered
Technology artist,Reptilia,Primates,2428.79,2433.38,Critically Endangered
They account,Actinopterygii,Primates,981.104,1368.07,Near Threatened
Thank effect,Mammalia,Squamata,97.44,1445.75,Vulnerable
Enjoy condition,Actinopterygii,Rodentia,3320.2,591.17,Endangered
Responsibility agree,Amphibia,Carnivora,1902.686,287.92,Endangered
Compare measure,Actinopterygii,Passeriformes,3686.899,1361.28,Extinct in the Wild
Fine cause,Actinopterygii,Squamata,85.117,316.72,Least Concern
Admit career,Actinopterygii,Passeriformes,4921.819,1124.99,Least Concern
Sister purpose,Mammalia,Primates,4937.75,1913.61,Extinct in the Wild
Sport health,Reptilia,Passeriformes,4379.158,1296.44,Vulnerable
Perhaps husband,Amphibia,Carnivora,2017.549,103.54,Extinct in the Wild
Discuss his,Amphibia,Primates,2240.139,2012.13,Least Concern
Others father,Reptilia,Anura,829.566,2135.2,Critically Endangered
Democratic notice,Amphibia,Carnivora,3000.355,1018.09,Near Threatened
Stage prevent,Mammalia,Rodentia,1551.717,2203.34,Near Threatened
Feel simply,Aves,Anura,4854.144,655.93,Extinct in the Wild
Federal enter,Actinopterygii,Squamata,1594.94,2453.14,Least Concern
So situation,Aves,Primates,2156.89,1474.0,Near Threatened
Top interview,Aves,Carnivora,926.019,1635.9,Least Concern
May free,Actinopterygii,Anura,3529.824,1721.61,Critically Endangered
Other though,Reptilia,Passeriformes,2232.161,401.6,Endangered
Miss least,Aves,Passeriformes,3778.028,2277.82,Vulnerable
Purpose chance,Mammalia,Rodentia,1840.465,1078.66,Extinct in the Wild
Relate within,Actinopterygii,Primates,4844.668,1563.47,Least Concern
Speak avoid,Reptilia,Primates,4690.586,1737.51,Near Threatened
Shoulder way,Mammalia,Passeriformes,2560.782,1173.26,Extinct in the Wild
Power quality,Aves,Carnivora,3352.831,1544.0,Extinct in the Wild
Various around,Mammalia,Rodentia,1225.899,1834.75,Extinct in the Wild
Two success,Actinopterygii,Primates,1257.194,1844.6,Endangered
Example enter,Mammalia,Anura,671.757,721.38,Extinct in the Wild
Decision no,Amphibia,Squamata,4889.45,733.58,Extinct in the Wild
Become open,Actinopterygii,Carnivora,1039.248,2314.39,Vulnerable
Man cause,Mammalia,Rodentia,4601.26,2364.49,Endangered
Whatever international,Amphibia,Squamata,4218.711,132.03,Extinct in the Wild
Husband series,Amphibia,Carnivora,2716.684,694.48,Least Concern
Address new,Amphibia,Anura,3817.199,385.86,Critically Endangered
Education remain,Reptilia,Anura,785.872,2103.95,Critically Endangered
Turn several,Aves,Squamata,4010.097,471.88,Vulnerable
Appear pay,Amphibia,Primates,463.747,2405.96,Vulnerable
Little hair,Actinopterygii,Squamata,3126.956,709.17,Critically Endangered
Wear hand,Aves,Carnivora,316.332,279.46,Vulnerable
American want,Mammalia,Anura,1401.991,2670.02,Critically Endangered
Official position,Amphibia,Anura,1669.643,1629.76,Near Threatened
Development tax,Aves,Rodentia,4109.179,2713.59,Endangered
Think any,Amphibia,Squamata,1563.458,598.81,Extinct in the Wild
Star same,Aves,Anura,2772.952,2739.51,Critically Endangered
Remain father,Actinopterygii,Anura,4175.69,1670.95,Least Concern
Chair radio,Mammalia,Squamata,3070.967,1264.95,Near Threatened
Near little,Aves,Rodentia,2084.12,2225.35,Critically Endangered
Daughter either,Amphibia,Anura,1072.89,1804.09,Extinct in the Wild
Gun middle,Mammalia,Squamata,639.987,1973.32,Extinct in the Wild
Structure what,Amphibia,Anura,4119.636,1771.26,Near Threatened
Lawyer avoid,Actinopterygii,Passeriformes,3313.428,2250.55,Least Concern
Risk education,Amphibia,Squamata,2264.757,2645.92,Least Concern
Result person,Mammalia,Passeriformes,2493.633,2970.54,Extinct in the Wild
Art young,Aves,Anura,37.964,356.11,Extinct in the Wild
Cup car,Aves,Rodentia,3619.208,310.31,Endangered
Find kind,Aves,Squamata,3402.003,1144.78,Critically Endangered
Task thus,Amphibia,Rodentia,1695.966,1081.08,Critically Endangered
Behind garden,Aves,Carnivora,4336.536,174.01,Near Threatened
Front former,Mammalia,Rodentia,1104.188,2635.63,Critically Endangered
Lose despite,Reptilia,Carnivora,3744.673,1601.46,Critically Endangered
Them land,Aves,Carnivora,59.935,2353.43,Near Threatened
Health PM,Aves,Carnivora,2018.495,1285.16,Vulnerable
Around represent,Amphibia,Primates,3194.549,2938.68,Least Concern
Gun specific,Actinopterygii,Carnivora,2985.235,120.84,Endangered
Build must,Actinopterygii,Carnivora,961.825,2674.84,Critically Endangered
Particularly market,Amphibia,Primates,199.675,2190.55,Endangered
Son may,Mammalia,Anura,1377.36,132.74,Vulnerable
A last,Aves,Rodentia,3405.226,1198.36,Critically Endangered
Study day,Actinopterygii,Squamata,4462.506,586.42,Least Concern
Certainly threat,Aves,Anura,3533.181,2905.18,Critically Endangered
Week station,Actinopterygii,Primates,299.331,1833.57,Endangered
Fire work,Mammalia,Squamata,3626.264,2041.77,Critically Endangered
Recent gun,Aves,Primates,918.203,2805.88,Least Concern
Ball cultural,Aves,Anura,3492.73,2234.07,Near Threatened
Include local,Amphibia,Squamata,4296.183,1229.14,Near Threatened
Part price,Amphibia,Rodentia,1923.059,2079.65,Near Threatened
Cup improve,Aves,Anura,476.105,591.94,Endangered
Go section,Amphibia,Carnivora,1442.042,2582.82,Vulnerable
President road,Mammalia,Passeriformes,3341.46,1716.1,Vulnerable
Standard might,Amphibia,Anura,4632.793,522.3,Least Concern
Baby week,Mammalia,Rodentia,4229.516,839.71,Near Threatened
Policy nation,Reptilia,Anura,988.098,2368.86,Vulnerable
Resource team,Actinopterygii,Anura,364.362,2330.58,Critically Endangered
Reveal until,Reptilia,Primates,2083.468,2406.91,Least Concern
There blue,Mammalia,Primates,3924.718,88.41,Near Threatened
Task sea,Amphibia,Passeriformes,3191.214,923.73,Critically Endangered
Commercial mind,Actinopterygii,Rodentia,2809.882,266.77,Near Threatened
Season hear,Mammalia,Passeriformes,1966.487,1027.26,Near Threatened
Believe more,Actinopterygii,Passeriformes,3286.68,497.42,Least Concern
Ready area,Aves,Carnivora,1543.483,745.53,Least Concern
Fall law,Actinopterygii,Anura,4098.583,1509.61,Near Threatened
Difference bed,Actinopterygii,Carnivora,1094.886,237.86,Near Threatened
Investment ability,Aves,Passeriformes,4040.187,1681.0,Least Concern
Read price,Actinopterygii,Rodentia,2729.693,1431.08,Critically Endangered
The class,Actinopterygii,Primates,2710.368,2521.93,Near Threatened
Benefit alone,Mammalia,Carnivora,1214.28,689.64,Extinct in the Wild
Operation kid,Mammalia,Primates,3108.427,2580.27,Extinct in the Wild
Create mind,Actinopterygii,Carnivora,439.562,2042.19,Critically Endangered
Final nation,Mammalia,Carnivora,1234.246,247.36,Vulnerable
Garden sure,Amphibia,Squamata,611.062,833.28,Endangered
Black activity,Aves,Squamata,995.282,660.01,Critically Endangered
Number grow,Reptilia,Rodentia,157.254,1619.65,Endangered
Around keep,Aves,Anura,1626.096,1336.23,Critically Endangered
Drop section,Reptilia,Primates,2868.337,959.7,Near Threatened
Night decide,Reptilia,Rodentia,2633.817,2486.29,Vulnerable
Always end,Reptilia,Passeriformes,3993.14,2828.72,Near Threatened
Like sit,Actinopterygii,Rodentia,2179.314,2625.22,Extinct in the Wild
Catch as,Reptilia,Carnivora,1651.996,1070.29,Endangered
Her onto,Actinopterygii,Squamata,721.328,1300.21,Extinct in the Wild
Always keep,Aves,Primates,3269.048,2234.14,Critically Endangered
Last poor,Mammalia,Anura,621.562,1069.41,Endangered
Factor police,Reptilia,Passeriformes,1424.843,1524.97,Endangered
Spend purpose,Aves,Primates,3660.329,1250.71,Critically Endangered
Factor realize,Aves,Carnivora,302.355,2361.07,Vulnerable
Level skin,Aves,Primates,4186.236,2697.4,Vulnerable
Little rather,Actinopterygii,Anura,2157.074,2241.02,Vulnerable
Boy seek,Mammalia,Passeriformes,1221.694,2845.42,Endangered
Serious music,Reptilia,Rodentia,2571.964,916.03,Endangered
Difference accept,Actinopterygii,Passeriformes,4533.16,816.97,Endangered
Year miss,Aves,Carnivora,1779.276,1330.4,Critically Endangered
Scene western,Reptilia,Anura,4665.84,703.62,Least Concern
Network great,Mammalia,Rodentia,382.98,2055.62,Critically Endangered
Face bed,Reptilia,Anura,3712.586,350.63,Vulnerable
Interesting head,Amphibia,Anura,3193.786,1044.07,Extinct in the Wild
Senior method,Mammalia,Squamata,264.506,2015.25,Near Threatened
Especially majority,Reptilia,Anura,1399.551,896.67,Near Threatened
Future able,Reptilia,Rodentia,4138.187,339.71,Endangered
Take time,Reptilia,Primates,3053.455,380.85,Endangered
Behavior challenge,Amphibia,Passeriformes,715.253,878.3,Least Concern
Real under,Aves,Anura,2367.307,1577.09,Extinct in the Wild
Class ever,Reptilia,Primates,2807.185,1199.66,Near Threatened
Set table,Aves,Rodentia,654.185,1478.1,Least Concern
Part for,Reptilia,Anura,3385.804,1934.58,Vulnerable
And computer,Mammalia,Carnivora,1318.486,699.33,Endangered
Cost democratic,Aves,Carnivora,2377.95,275.1,Critically Endangered
View require,Mammalia,Passeriformes,551.174,1508.32,Least Concern
Boy safe,Mammalia,Passeriformes,1849.073,414.65,Near Threatened
Project quite,Aves,Anura,1992.967,2460.24,Critically Endangered
Provide summer,Aves,Squamata,999.26,1644.57,Critically Endangered
Mr north,Amphibia,Rodentia,1614.539,115.34,Near Threatened
Trouble probably,Mammalia,Squamata,942.737,1436.21,Near Threatened
Yourself prevent,Mammalia,Carnivora,2685.906,1800.7,Endangered
Assume myself,Aves,Anura,4212.788,1850.8,Extinct in the Wild
Will film,Reptilia,Anura,1547.108,638.81,Critically Endangered
Seek feeling,Reptilia,Squamata,3298.973,1199.73,Extinct in the Wild
Writer people,Aves,Rodentia,1667.326,1966.13,Least Concern
Move say,Actinopterygii,Squamata,1374.472,1440.14,Endangered
Such audience,Mammalia,Carnivora,641.987,1645.48,Least Concern
Society key,Aves,Anura,4716.783,2961.81,Extinct in the Wild
Particular court,Amphibia,Anura,611.396,2244.14,Endangered
Treat style,Amphibia,Anura,1575.213,914.89,Vulnerable
Baby concern,Mammalia,Primates,2776.832,1529.64,Near Threatened
Miss listen,Amphibia,Carnivora,2823.335,2300.77,Least Concern
Network foreign,Reptilia,Primates,1051.977,2524.93,Endangered
Mean over,Reptilia,Passeriformes,741.351,2933.82,Critically Endangered
Store state,Actinopterygii,Primates,238.172,1327.71,Extinct in the Wild
Call peace,Actinopterygii,Passeriformes,537.729,2371.99,Endangered
To even,Aves,Primates,2001.292,695.84,Near Threatened
Service listen,Amphibia,Passeriformes,1772.522,2781.49,Vulnerable
After tonight,Actinopterygii,Primates,3753.702,2078.16,Least Concern
Ball American,Mammalia,Rodentia,2254.992,1355.48,Near Threatened
Four environmental,Mammalia,Carnivora,4990.566,1672.06,Critically Endangered
Whether TV,Mammalia,Passeriformes,2258.497,469.49,Least Concern
Year life,Mammalia,Primates,460.865,835.27,Endangered
Everybody event,Actinopterygii,Carnivora,2900.164,758.03,Vulnerable
Election eat,Actinopterygii,Rodentia,3025.752,1374.37,Least Concern
Purpose ten,Reptilia,Squamata,3520.6,173.65,Near Threatened
Probably card,Mammalia,Passeriformes,1461.276,791.97,Critically Endangered
Here work,Reptilia,Anura,1253.792,1159.54,Extinct in the Wild
Worker huge,Mammalia,Anura,3774.611,2352.63,Endangered
Cost leader,Amphibia,Rodentia,1873.364,2588.83,Near Threatened
Program win,Aves,Primates,1.319,1856.22,Near Threatened
Door bag,Aves,Passeriformes,498.624,1806.04,Near Threatened
Anyone seem,Mammalia,Anura,4867.239,839.7,Least Concern
Eye follow,Mammalia,Anura,4649.352,416.11,Near Threatened
Quality onto,Amphibia,Primates,4129.391,1240.44,Least Concern
Task growth,Mammalia,Carnivora,2009.428,511.2,Endangered
Happy anything,Reptilia,Primates,260.304,795.53,Near Threatened
Far drive,Aves,Primates,2975.898,429.05,Near Threatened
None name,Actinopterygii,Rodentia,808.916,857.91,Near Threatened
Economic ball,Aves,Squamata,1273.845,1275.7,Near Threatened
Cold family,Mammalia,Primates,4552.548,1238.87,Least Concern
Finish fall,Reptilia,Carnivora,10.495,2762.93,Least Concern
Discuss certain,Mammalia,Squamata,456.328,1394.67,Vulnerable
List sit,Aves,Carnivora,4086.114,1713.73,Least Concern
Relationship summer,Reptilia,Primates,2118.941,883.7,Least Concern
Bank factor,Mammalia,Passeriformes,3033.11,1844.56,Least Concern
Fire buy,Actinopterygii,Squamata,4935.475,114.61,Extinct in the Wild
Investment first,Mammalia,Anura,2713.759,529.69,Vulnerable
Image attention,Reptilia,Primates,3895.457,326.11,Endangered
Information such,Actinopterygii,Carnivora,1326.386,2981.0,Near Threatened
Deep meeting,Reptilia,Squamata,138.515,1010.5,Least Concern
Television any,Actinopterygii,Passeriformes,213.36,1966.24,Near Threatened
Tend their,Actinopterygii,Squamata,3509.592,2601.55,Critically Endangered
Either indeed,Reptilia,Squamata,4132.347,1895.91,Vulnerable
Significant now,Aves,Primates,785.759,2449.3,Least Concern
Bag style,Mammalia,Squamata,864.068,1957.58,Near Threatened
Color beat,Actinopterygii,Rodentia,2189.69,2196.6,Extinct in the Wild
One office,Aves,Rodentia,1968.997,2783.25,Endangered
Street hot,Aves,Rodentia,3245.34,543.61,Critically Endangered
Difference lose,Reptilia,Rodentia,4886.018,536.72,Near Threatened
Throw water,Actinopterygii,Anura,3038.712,2140.59,Endangered
History manager,Reptilia,Anura,4714.252,2316.99,Critically Endangered
Size natural,Mammalia,Anura,960.134,2771.49,Vulnerable
Last late,Mammalia,Squamata,3008.323,1442.84,Extinct in the Wild
Maintain building,Mammalia,Rodentia,4877.045,1527.44,Least Concern
Individual opportunity,Aves,Anura,1288.358,2671.01,Critically Endangered
Bag dog,Reptilia,Anura,1354.716,719.5,Least Concern
Computer part,Amphibia,Passeriformes,1426.76,103.68,Endangered
Shoulder teach,Reptilia,Passeriformes,125.644,360.04,Endangered
Learn environmental,Amphibia,Squamata,2253.768,1634.58,Extinct in the Wild
Program several,Reptilia,Primates,1959.006,2902.01,Endangered
Question agent,Mammalia,Anura,12.397,720.97,Extinct in the Wild
Language trade,Reptilia,Passeriformes,2696.244,2281.52,Least Concern
Skill picture,Reptilia,Passeriformes,2187.678,1502.98,Least Concern
Either street,Reptilia,Anura,3557.45,582.97,Least Concern
Special responsibility,Amphibia,Primates,4435.812,1652.98,Extinct in the Wild
Partner region,Actinopterygii,Rodentia,2169.371,397.04,Endangered
Total pick,Amphibia,Carnivora,2316.596,2885.73,Extinct in the Wild
Entire field,Reptilia,Squamata,1197.022,1575.47,Critically Endangered
Answer reality,Amphibia,Anura,763.968,2279.39,Endangered
Sound a,Actinopterygii,Squamata,1231.428,291.93,Least Concern
Red until,Actinopterygii,Passeriformes,2130.771,1501.66,Critically Endangered
Safe always,Amphibia,Primates,116.167,357.72,Near Threatened
Sound coach,Actinopterygii,Primates,747.562,795.72,Least Concern
Probably physical,Actinopterygii,Primates,1946.487,2080.63,Critically Endangered
Arrive success,Mammalia,Anura,777.041,1325.96,Vulnerable
Then share,Amphibia,Passeriformes,222.273,2406.41,Vulnerable
Report season,Amphibia,Squamata,3518.66,2612.02,Near Threatened
Might artist,Actinopterygii,Primates,697.067,2322.96,Least Concern
To brother,Actinopterygii,Rodentia,2194.095,1354.77,Extinct in the Wild
Surface relationship,Aves,Primates,3233.201,999.07,Least Concern
Until response,Reptilia,Anura,2717.447,2263.43,Near Threatened
However those,Mammalia,Rodentia,3750.815,1224.43,Critically Endangered
Everything culture,Amphibia,Passeriformes,4423.949,2908.71,Critically Endangered
Use employee,Aves,Squamata,2725.157,2286.55,Critically Endangered
Fear tree,Amphibia,Squamata,777.733,2577.43,Critically Endangered
This anything,Aves,Squamata,4393.308,2529.51,Endangered
Wish different,Reptilia,Squamata,3794.803,2781.94,Endangered
I author,Aves,Anura,65.416,1764.98,Critically Endangered
Down do,Aves,Primates,2696.112,1217.3,Least Concern
Why ground,Amphibia,Anura,4430.366,1704.87,Vulnerable
Reach education,Amphibia,Passeriformes,3630.058,1216.05,Least Concern
Education experience,Mammalia,Primates,3391.534,1801.45,Vulnerable
Send window,Aves,Rodentia,1691.753,1905.76,Critically Endangered
How memory,Amphibia,Anura,2930.52,2130.92,Critically Endangered
Impact nation,Actinopterygii,Passeriformes,2985.575,1396.18,Extinct in the Wild
Later bed,Mammalia,Squamata,3895.952,2000.75,Endangered
Return today,Reptilia,Carnivora,4617.867,536.67,Least Concern
Her budget,Reptilia,Passeriformes,1761.844,231.55,Endangered
New case,Amphibia,Anura,1786.486,2160.34,Critically Endangered
Might collection,Amphibia,Primates,2839.902,2447.61,Extinct in the Wild
Church fear,Amphibia,Passeriformes,1774.729,197.26,Near Threatened
Senior here,Reptilia,Squamata,3944.041,1953.49,Vulnerable
Scientist send,Aves,Primates,3820.577,2045.5,Near Threatened
Direction hair,Actinopterygii,Passeriformes,3300.398,1759.53,Extinct in the Wild
Break garden,Actinopterygii,Anura,2879.669,765.59,Extinct in the Wild
Tree front,Actinopterygii,Primates,88.532,462.4,Extinct in the Wild
Local anything,Aves,Squamata,660.159,1344.34,Extinct in the Wild
Lot us,Mammalia,Squamata,577.238,1201.05,Least Concern
Health step,Reptilia,Carnivora,1952.476,2686.2,Extinct in the Wild
Money star,Aves,Carnivora,1634.258,1170.23,Vulnerable
Many ahead,Mammalia,Primates,4258.741,869.17,Extinct in the Wild
Now speech,Aves,Carnivora,1778.498,622.65,Endangered
Story record,Actinopterygii,Primates,351.43,2162.44,Near Threatened
Admit should,Reptilia,Carnivora,4988.94,654.73,Extinct in the Wild
Phone hold,Amphibia,Carnivora,191.021,2473.58,Endangered
Turn strong,Amphibia,Passeriformes,427.941,2724.02,Critically Endangered
Account candidate,Mammalia,Carnivora,2447.911,1612.96,Vulnerable
Effort campaign,Amphibia,Rodentia,3682.363,307.16,Endangered
Produce up,Amphibia,Carnivora,4865.299,123.42,Endangered
Institution stuff,Mammalia,Carnivora,4026.481,2716.44,Vulnerable
Budget white,Reptilia,Primates,1509.46,124.09,Critically Endangered
Building film,Actinopterygii,Rodentia,3388.288,1027.67,Extinct in the Wild
Better site,Actinopterygii,Carnivora,1387.558,2267.98,Critically Endangered
Able loss,Aves,Rodentia,1242.069,385.06,Near Threatened
Room box,Actinopterygii,Squamata,1347.665,206.09,Vulnerable
Program floor,Mammalia,Passeriformes,636.342,388.02,Least Concern
Probably whatever,Mammalia,Primates,4485.783,1554.5,Endangered
On television,Actinopterygii,Carnivora,1659.616,499.07,Least Concern
Indicate event,Mammalia,Rodentia,4660.27,1234.88,Endangered
Foreign ever,Actinopterygii,Carnivora,649.947,2680.5,Endangered
Perhaps exist,Amphibia,Carnivora,2853.902,72.6,Near Threatened
Matter black,Aves,Anura,4867.271,1300.33,Near Threatened
History on,Aves,Passeriformes,2210.24,2648.92,Extinct in the Wild
Dinner forward,Actinopterygii,Anura,3651.173,2944.38,Extinct in the Wild
Baby spring,Aves,Anura,509.343,2424.09,Extinct in the Wild
Land talk,Aves,Carnivora,87.887,1980.45,Critically Endangered
Culture this,Aves,Passeriformes,4474.459,2404.99,Critically Endangered
Major there,Actinopterygii,Squamata,4612.111,2382.42,Near Threatened
Free lead,Mammalia,Rodentia,63.279,770.47,Near Threatened
Others performance,Aves,Rodentia,3481.024,360.44,Endangered
Cultural indicate,Mammalia,Rodentia,1405.006,1088.76,Least Concern
Per eye,Actinopterygii,Passeriformes,1715.57,643.89,Least Concern
Security Democrat,Mammalia,Anura,4500.061,203.69,Endangered
Skill determine,Aves,Passeriformes,1399.354,75.86,Endangered
Raise technology,Reptilia,Primates,4290.1,2875.11,Least Concern
Wonder significant,Actinopterygii,Carnivora,4152.733,766.84,Critically Endangered
Every each,Mammalia,Rodentia,879.339,378.29,Least Concern
Wonder safe,Reptilia,Rodentia,597.38,2908.15,Endangered
Risk represent,Amphibia,Squamata,2316.519,629.22,Endangered
Culture wide,Aves,Primates,4851.897,2237.73,Vulnerable
Front not,Actinopterygii,Anura,3757.074,1312.41,Least Concern
Issue style,Aves,Carnivora,4915.908,1433.1,Near Threatened
Television few,Amphibia,Rodentia,1137.808,698.59,Near Threatened
Admit boy,Amphibia,Anura,1550.975,2045.93,Vulnerable
Expect look,Aves,Anura,625.587,2527.26,Least Concern
Program owner,Actinopterygii,Passeriformes,4536.097,242.52,Critically Endangered
Set around,Mammalia,Anura,4055.147,1637.03,Vulnerable
Station use,Reptilia,Primates,706.577,514.91,Critically Endangered
Practice easy,Aves,Squamata,1287.872,2154.23,Extinct in the Wild
Billion third,Mammalia,Primates,3263.42,1944.82,Critically Endangered
Peace stop,Mammalia,Primates,2140.998,1663.36,Near Threatened
Candidate myself,Mammalia,Passeriformes,3052.858,1467.67,Vulnerable
Bring wind,Actinopterygii,Anura,4426.988,1374.98,Vulnerable
Challenge different,Aves,Rodentia,2660.823,718.96,Least Concern
Ok yeah,Mammalia,Rodentia,2284.515,88.0,Extinct in the Wild
Anyone low,Reptilia,Primates,4159.238,2716.18,Extinct in the Wild
Seek amount,Aves,Passeriformes,1788.934,1328.05,Least Concern
Drive interest,Mammalia,Primates,4011.954,2939.98,Critically Endangered
Adult dog,Amphibia,Passeriformes,611.416,2064.86,Near Threatened
Improve join,Aves,Primates,2030.973,1936.96,Endangered
Outside cultural,Mammalia,Squamata,3575.919,1793.85,Least Concern
Certainly natural,Amphibia,Squamata,3342.749,721.75,Near Threatened
Phone same,Actinopterygii,Anura,3985.166,172.08,Least Concern
Political just,Actinopterygii,Anura,2102.727,1225.03,Vulnerable
Section behind,Amphibia,Passeriformes,4412.322,217.11,Critically Endangered
Issue explain,Reptilia,Carnivora,2445.389,421.78,Endangered
Key first,Mammalia,Anura,4599.901,2089.46,Endangered
Article produce,Amphibia,Squamata,736.825,2301.99,Near Threatened
Will executive,Aves,Squamata,339.402,2629.84,Near Threatened
Series public,Reptilia,Rodentia,2590.515,1356.47,Critically Endangered
Skill mention,Reptilia,Anura,2397.572,428.64,Least Concern
Garden vote,Actinopterygii,Carnivora,1689.945,1484.19,Near Threatened
Not poor,Aves,Carnivora,3106.649,2980.86,Least Concern
Nature why,Actinopterygii,Carnivora,948.613,2052.73,Extinct in the Wild
Mention attack,Mammalia,Rodentia,4895.711,957.78,Endangered
Soldier then,Mammalia,Anura,83.667,1001.39,Endangered
Physical else,Mammalia,Rodentia,2688.609,2961.01,Near Threatened
Study night,Reptilia,Carnivora,3388.291,605.4,Extinct in the Wild
News try,Reptilia,Passeriformes,664.493,1101.22,Extinct in the Wild
Expert another,Actinopterygii,Passeriformes,2981.193,1707.99,Least Concern
Within economy,Amphibia,Squamata,4414.173,640.91,Extinct in the Wild
Morning purpose,Mammalia,Passeriformes,2795.535,190.14,Near Threatened
Future year,Mammalia,Squamata,3123.73,2224.48,Endangered
Him laugh,Actinopterygii,Passeriformes,4130.564,1219.0,Extinct in the Wild
Recognize few,Mammalia,Rodentia,4519.712,357.81,Near Threatened
Wrong act,Aves,Anura,970.054,2494.48,Endangered
Game have,Amphibia,Carnivora,4210.53,2608.54,Endangered
Minute whole,Actinopterygii,Squamata,3065.207,2256.71,Near Threatened
Party build,Amphibia,Passeriformes,2546.913,1514.37,Near Threatened
Professor physical,Aves,Rodentia,4465.466,2632.23,Endangered
Hotel indicate,Actinopterygii,Carnivora,1097.54,1116.84,Vulnerable
Present choice,Actinopterygii,Passeriformes,4813.154,2351.64,Extinct in the Wild
Black necessary,Aves,Carnivora,245.963,738.43,Near Threatened
Begin worry,Actinopterygii,Carnivora,1110.623,1832.53,Extinct in the Wild
Subject particularly,Actinopterygii,Primates,1468.448,576.86,Near Threatened
Table candidate,Actinopterygii,Squamata,2446.932,495.34,Near Threatened
Year job,Actinopterygii,Passeriformes,4136.578,1453.6,Endangered
Process serious,Mammalia,Squamata,3406.874,355.93,Extinct in the Wild
Race security,Mammalia,Carnivora,4057.144,825.54,Critically Endangered
Fire increase,Amphibia,Rodentia,2062.788,1019.02,Near Threatened
Avoid between,Mammalia,Carnivora,315.775,206.07,Extinct in the Wild
Catch west,Actinopterygii,Squamata,610.779,2335.46,Critically Endangered
Give win,Mammalia,Passeriformes,3291.55,2434.14,Endangered
Pay investment,Mammalia,Primates,3231.864,33.96,Near Threatened
Generation program,Mammalia,Carnivora,503.453,264.28,Near Threatened
Want star,Amphibia,Carnivora,1402.175,1339.17,Endangered
Very role,Actinopterygii,Primates,418.525,1362.55,Extinct in the Wild
Role social,Aves,Carnivora,3510.149,704.68,Near Threatened
Trouble task,Reptilia,Squamata,973.236,1299.75,Vulnerable
Economic although,Mammalia,Primates,1434.975,703.72,Near Threatened
Executive perhaps,Actinopterygii,Primates,4514.898,1371.62,Near Threatened
State someone,Aves,Carnivora,2100.602,2734.54,Least Concern
Religious manager,Mammalia,Primates,4854.894,1730.88,Vulnerable
Relate great,Aves,Anura,2076.88,832.17,Least Concern
Option a,Actinopterygii,Primates,3570.894,2761.09,Critically Endangered
Ten parent,Amphibia,Primates,576.615,1991.44,Critically Endangered
Sure when,Aves,Passeriformes,4197.972,1853.44,Endangered
Lot director,Reptilia,Passeriformes,1650.765,2108.44,Extinct in the Wild
Either baby,Amphibia,Carnivora,3684.577,532.07,Extinct in the Wild
Series around,Actinopterygii,Squamata,3381.861,283.27,Critically Endangered
Head center,Actinopterygii,Passeriformes,1370.882,1358.19,Endangered
Education only,Reptilia,Primates,781.225,2026.21,Endangered
Trouble they,Amphibia,Passeriformes,616.059,1761.66,Vulnerable
Collection lead,Aves,Squamata,4592.893,2632.61,Critically Endangered
Ability sea,Actinopterygii,Carnivora,1984.258,184.3,Critically Endangered
Debate strong,Actinopterygii,Squamata,3793.05,2863.99,Endangered
Sure main,Reptilia,Primates,316.887,902.92,Extinct in the Wild
Possible trial,Aves,Primates,3424.949,1970.4,Critically Endangered
Sit pressure,Actinopterygii,Rodentia,2391.372,440.82,Least Concern
Only form,Mammalia,Passeriformes,3156.015,1993.15,Extinct in the Wild
Well help,Actinopterygii,Passeriformes,3258.004,1515.25,Vulnerable
Industry ball,Aves,Rodentia,3735.463,182.68,Endangered
Despite walk,Mammalia,Anura,1159.048,2841.83,Extinct in the Wild
Thousand simple,Actinopterygii,Primates,2129.137,2175.68,Critically Endangered
Thought teacher,Aves,Rodentia,4894.26,1430.54,Critically Endangered
Business unit,Aves,Passeriformes,4376.478,2897.56,Vulnerable
Work size,Actinopterygii,Primates,1276.688,400.61,Endangered
Report shoulder,Actinopterygii,Rodentia,4742.784,748.49,Near Threatened
Present share,Reptilia,Primates,1254.775,400.32,Extinct in the Wild
Here often,Actinopterygii,Squamata,1929.763,898.75,Least Concern
Left our,Mammalia,Squamata,3090.547,1252.14,Vulnerable
Agreement sit,Mammalia,Passeriformes,2662.798,1906.21,Extinct in the Wild
Republican bank,Reptilia,Anura,2017.796,2507.0,Near Threatened
Concern center,Actinopterygii,Carnivora,2707.298,357.92,Endangered
Article figure,Mammalia,Carnivora,605.632,1929.12,Vulnerable
It protect,Reptilia,Rodentia,1616.1,1342.28,Endangered
Design research,Mammalia,Primates,2554.869,54.11,Near Threatened
Fish think,Reptilia,Passeriformes,2102.156,2916.15,Near Threatened
Under set,Mammalia,Anura,147.87,2704.08,Critically Endangered
Project assume,Aves,Passeriformes,3667.193,1768.26,Critically Endangered
Direction something,Actinopterygii,Anura,1099.917,2845.87,Endangered
Statement miss,Actinopterygii,Anura,92.906,2509.65,Endangered
Major base,Reptilia,Rodentia,145.007,1554.22,Near Threatened
Want take,Reptilia,Squamata,2650.779,67.97,Vulnerable
Go third,Amphibia,Carnivora,2582.887,872.76,Critically Endangered
Hour add,Reptilia,Squamata,2037.672,2212.24,Vulnerable
Fast southern,Reptilia,Passeriformes,4603.997,2871.82,Endangered
Tree population,Aves,Passeriformes,4624.763,596.7,Vulnerable
Laugh although,Amphibia,Rodentia,620.158,1403.34,Critically Endangered
Minute relationship,Aves,Primates,1149.487,2595.44,Least Concern
Learn especially,Amphibia,Squamata,513.521,1663.75,Endangered
Chance as,Mammalia,Primates,388.058,1913.86,Endangered
Old but,Amphibia,Anura,3449.764,924.23,Least Concern
Long thank,Reptilia,Primates,2299.359,2871.02,Near Threatened
Production good,Mammalia,Squamata,1865.09,674.4,Vulnerable
Rich order,Amphibia,Squamata,2133.128,1740.11,Vulnerable
Drug development,Actinopterygii,Passeriformes,3105.132,1096.06,Least Concern
Doctor evening,Actinopterygii,Anura,2405.935,358.09,Least Concern
Federal easy,Actinopterygii,Passeriformes,1618.512,566.67,Critically Endangered
Paper there,Mammalia,Anura,2781.938,2891.33,Vulnerable
Ahead dream,Mammalia,Squamata,3048.519,1991.22,Endangered
Nature rock,Aves,Primates,4667.845,732.99,Least Concern
Daughter push,Aves,Primates,1682.207,701.69,Extinct in the Wild
Trial will,Amphibia,Rodentia,3114.67,519.21,Critically Endangered
Task region,Aves,Rodentia,214.951,697.56,Vulnerable
Its fill,Actinopterygii,Primates,3082.804,1156.42,Endangered
Thought practice,Actinopterygii,Rodentia,4066.583,2243.04,Near Threatened
Understand must,Mammalia,Squamata,3697.064,1046.94,Endangered
Someone then,Actinopterygii,Anura,2223.287,43.32,Extinct in the Wild
Environmental able,Aves,Rodentia,2416.445,2238.1,Extinct in the Wild
Yourself pattern,Aves,Primates,941.599,2338.27,Near Threatened
Force today,Mammalia,Carnivora,2283.366,1922.36,Vulnerable
May newspaper,Aves,Anura,935.168,1558.13,Endangered
Television throughout,Aves,Anura,127.187,2479.4,Critically Endangered
Fast control,Mammalia,Primates,3734.136,1658.43,Vulnerable
Four pressure,Amphibia,Primates,3014.261,2441.3,Endangered
Fear director,Amphibia,Anura,4183.37,1979.37,Endangered
Sure without,Amphibia,Carnivora,1557.384,2274.78,Vulnerable
Part together,Aves,Squamata,1096.036,773.99,Endangered
Four big,Amphibia,Squamata,4676.585,1972.86,Near Threatened
Claim work,Amphibia,Carnivora,4111.126,2300.3,Vulnerable
Military threat,Actinopterygii,Primates,1846.171,1785.94,Endangered
Reason stuff,Aves,Anura,3180.915,2282.54,Vulnerable
Onto director,Mammalia,Passeriformes,3572.92,1519.6,Endangered
Whom purpose,Amphibia,Passeriformes,1274.38,1436.72,Near Threatened
Service gas,Actinopterygii,Squamata,3826.264,1776.33,Least Concern
Common kid,Amphibia,Rodentia,3439.997,1343.41,Critically Endangered
Own water,Amphibia,Squamata,2889.853,1897.2,Near Threatened
Bar newspaper,Aves,Anura,3425.923,1308.77,Vulnerable
Fill question,Aves,Anura,3353.687,530.25,Endangered
Reduce country,Aves,Primates,3095.791,1847.87,Vulnerable
Believe student,Amphibia,Carnivora,4913.076,472.63,Vulnerable
Local need,Actinopterygii,Primates,4893.256,2371.81,Extinct in the Wild
Make our,Mammalia,Anura,2953.597,1595.48,Near Threatened
Anyone truth,Aves,Squamata,388.307,2865.29,Near Threatened
Over do,Actinopterygii,Carnivora,4049.639,2380.15,Extinct in the Wild
Walk better,Reptilia,Anura,2730.54,1215.41,Vulnerable
One nearly,Amphibia,Squamata,1779.448,569.03,Extinct in the Wild
Together write,Amphibia,Squamata,4006.145,1739.08,Least Concern
Whom see,Actinopterygii,Carnivora,806.712,2583.37,Endangered
Shoulder before,Reptilia,Anura,3634.911,2490.02,Extinct in the Wild
Son while,Mammalia,Primates,2234.806,1145.38,Least Concern
Financial consumer,Reptilia,Rodentia,1716.551,1541.51,Least Concern
Machine responsibility,Amphibia,Passeriformes,3125.837,87.85,Least Concern
Fact place,Aves,Carnivora,598.023,640.77,Near Threatened
Who herself,Mammalia,Primates,277.234,585.28,Vulnerable
Hour from,Reptilia,Rodentia,1599.339,883.51,Critically Endangered
Choice born,Actinopterygii,Carnivora,4570.792,1428.81,Vulnerable
Husband affect,Mammalia,Carnivora,1.623,429.86,Vulnerable
Strong as,Amphibia,Squamata,783.848,458.61,Endangered
General range,Mammalia,Passeriformes,917.675,2596.21,Extinct in the Wild
Whether modern,Mammalia,Primates,3108.512,2194.78,Extinct in the Wild
Argue from,Amphibia,Anura,1845.416,89.7,Endangered
Design positive,Aves,Passeriformes,2662.587,1085.38,Extinct in the Wild
Evening meeting,Actinopterygii,Carnivora,2449.641,2350.3,Extinct in the Wild
Weight sister,Aves,Rodentia,2944.082,2199.41,Vulnerable
Spring fill,Reptilia,Primates,3568.314,2774.02,Least Concern
Trip force,Actinopterygii,Anura,293.254,2285.54,Vulnerable
Number then,Mammalia,Rodentia,3778.636,1120.67,Endangered
Fish heart,Actinopterygii,Squamata,3219.114,60.26,Critically Endangered
Body vote,Actinopterygii,Primates,2586.329,2922.59,Critically Endangered
Character minute,Aves,Rodentia,793.788,2952.37,Vulnerable
Determine guess,Reptilia,Primates,4643.829,2817.62,Least Concern
Stuff later,Aves,Primates,1577.202,2606.92,Near Threatened
Father nature,Mammalia,Rodentia,2994.542,425.06,Least Concern
May much,Aves,Carnivora,1918.411,570.8,Least Concern
Finish personal,Aves,Carnivora,1040.639,1711.03,Vulnerable
Reveal leave,Amphibia,Rodentia,4975.36,2253.11,Endangered
Young benefit,Actinopterygii,Rodentia,2776.812,206.12,Vulnerable
May guy,Reptilia,Primates,1961.763,1105.61,Near Threatened
Organization yard,Aves,Carnivora,682.244,1700.16,Least Concern
Key individual,Aves,Anura,3762.313,731.16,Near Threatened
Half almost,Amphibia,Anura,1416.342,268.59,Critically Endangered
Author role,Actinopterygii,Primates,1515.715,2827.77,Least Concern
Democratic north,Reptilia,Carnivora,2612.696,1309.22,Near Threatened
Too actually,Reptilia,Carnivora,3854.547,2205.75,Extinct in the Wild
Particular save,Amphibia,Anura,1102.961,140.91,Vulnerable
Letter open,Reptilia,Rodentia,1589.754,573.9,Endangered
People eye,Amphibia,Passeriformes,774.677,691.48,Near Threatened
Still reduce,Amphibia,Primates,4434.169,2578.44,Extinct in the Wild
Material interesting,Amphibia,Carnivora,3430.933,342.06,Endangered
Director chair,Amphibia,Primates,3002.096,1761.89,Critically Endangered
Price media,Amphibia,Passeriformes,4864.597,1747.09,Endangered
Difference wind,Actinopterygii,Carnivora,2549.206,1377.82,Critically Endangered
Air large,Mammalia,Rodentia,768.379,1397.33,Least Concern
Blood first,Aves,Carnivora,888.671,1759.09,Near Threatened
Civil example,Amphibia,Primates,4016.249,1247.9,Critically Endangered
Explain light,Aves,Passeriformes,4950.293,854.18,Endangered
Hour relate,Amphibia,Anura,1179.493,356.82,Endangered
Bit month,Reptilia,Squamata,4204.857,1681.76,Critically Endangered
Suddenly democratic,Reptilia,Primates,1964.526,2224.03,Vulnerable
View now,Reptilia,Squamata,2810.207,2068.81,Least Concern
Trade enough,Actinopterygii,Rodentia,2329.138,315.07,Extinct in the Wild
Finally someone,Amphibia,Passeriformes,912.261,814.1,Endangered
Many word,Mammalia,Passeriformes,3093.368,2693.14,Vulnerable
Herself describe,Reptilia,Carnivora,199.039,2701.04,Critically Endangered
Bill animal,Amphibia,Anura,4007.888,759.16,Extinct in the Wild
Peace every,Reptilia,Carnivora,4842.554,1088.72,Critically Endangered
Always hundred,Aves,Squamata,4269.728,2140.91,Extinct in the Wild
Stand among,Aves,Squamata,3864.053,1011.1,Least Concern
Quality current,Mammalia,Squamata,4079.227,1171.94,Near Threatened
Group skin,Mammalia,Primates,4340.921,1822.8,Extinct in the Wild
Here entire,Aves,Squamata,3776.613,32.91,Extinct in the Wild
Little what,Aves,Anura,3493.893,171.21,Vulnerable
My gun,Mammalia,Carnivora,2540.462,418.26,Critically Endangered
Over low,Actinopterygii,Squamata,3398.194,2499.43,Endangered
Whole base,Mammalia,Rodentia,4821.533,2222.86,Least Concern
Beautiful money,Mammalia,Primates,274.0,2893.16,Vulnerable
Spend behavior,Aves,Primates,3358.992,1557.13,Least Concern
Kid cultural,Mammalia,Rodentia,4493.339,2259.75,Extinct in the Wild
Particularly almost,Amphibia,Carnivora,14.67,397.56,Vulnerable
Meeting prepare,Mammalia,Anura,1750.627,2524.87,Endangered
Investment administration,Reptilia,Passeriformes,3205.84,606.37,Near Threatened
Series agree,Actinopterygii,Passeriformes,4968.294,2220.84,Endangered
Travel myself,Actinopterygii,Squamata,1742.468,1634.04,Near Threatened
Give above,Aves,Passeriformes,1513.373,2012.37,Near Threatened
Right clearly,Aves,Anura,3663.736,1.21,Near Threatened
Against left,Actinopterygii,Rodentia,1922.943,2173.89,Near Threatened
Mrs song,Actinopterygii,Anura,3462.927,1902.04,Critically Endangered
Boy fight,Mammalia,Passeriformes,2741.135,136.4,Critically Endangered
Stuff fund,Actinopterygii,Primates,2490.705,998.87,Near Threatened
Day scene,Aves,Anura,1060.522,789.86,Near Threatened
Material figure,Reptilia,Primates,1422.01,2071.53,Least Concern
Enjoy animal,Reptilia,Rodentia,2888.005,1382.73,Endangered
Large though,Reptilia,Rodentia,4637.684,1644.81,Critically Endangered
Manager kind,Reptilia,Primates,2959.521,511.1,Extinct in the Wild
However wind,Reptilia,Carnivora,3998.297,2660.28,Least Concern
Past large,Aves,Passeriformes,600.477,1326.93,Critically Endangered
Cup drive,Mammalia,Passeriformes,610.691,405.74,Least Concern
Line wear,Aves,Passeriformes,4723.135,558.52,Vulnerable
Case television,Actinopterygii,Squamata,1968.262,145.18,Extinct in the Wild
Kitchen oil,Reptilia,Primates,2226.825,2688.22,Vulnerable
Loss room,Amphibia,Squamata,2734.719,85.6,Least Concern
Here create,Actinopterygii,Anura,1348.772,1722.31,Critically Endangered
Natural itself,Actinopterygii,Squamata,2638.583,1294.93,Least Concern
Contain society,Amphibia,Anura,2792.116,2236.27,Near Threatened
Either hand,Aves,Passeriformes,4205.268,2728.39,Endangered
Past sport,Amphibia,Carnivora,4018.454,52.05,Least Concern
Science significant,Aves,Passeriformes,4574.784,1113.68,Critically Endangered
For total,Amphibia,Anura,891.773,48.96,Extinct in the Wild
Anything democratic,Mammalia,Rodentia,4780.949,2890.8,Extinct in the Wild
Not wish,Amphibia,Rodentia,3036.056,309.26,Near Threatened
Heart thought,Reptilia,Passeriformes,2514.424,2636.58,Critically Endangered
Body series,Actinopterygii,Passeriformes,2129.955,358.56,Vulnerable
Remain nation,Amphibia,Anura,958.083,2287.6,Near Threatened
Tv look,Amphibia,Anura,3965.672,652.97,Extinct in the Wild
Recently hundred,Mammalia,Passeriformes,86.86,1637.26,Vulnerable
Sister world,Actinopterygii,Anura,574.217,27.69,Vulnerable
Sister friend,Reptilia,Primates,3256.926,422.67,Endangered
Six class,Mammalia,Anura,2775.444,2444.63,Least Concern
Space range,Reptilia,Primates,1213.11,1838.89,Extinct in the Wild
Line public,Aves,Squamata,1106.812,915.59,Critically Endangered
Kid how,Amphibia,Anura,1275.171,2456.23,Extinct in the Wild
Budget evidence,Reptilia,Squamata,4502.198,1693.57,Endangered
It himself,Amphibia,Primates,332.724,145.73,Vulnerable
Too ten,Aves,Passeriformes,845.411,1323.81,Vulnerable
Area attorney,Actinopterygii,Carnivora,1770.411,102.31,Vulnerable
Available off,Amphibia,Passeriformes,1744.522,2925.38,Endangered
Believe them,Aves,Primates,1001.483,1809.59,Vulnerable
Develop rock,Mammalia,Carnivora,4685.628,1662.88,Endangered
End result,Aves,Squamata,2629.518,2519.18,Least Concern
Others boy,Mammalia,Squamata,4598.082,447.0,Vulnerable
Which technology,Reptilia,Squamata,4056.662,327.02,Least Concern
Add summer,Aves,Passeriformes,4536.256,201.54,Critically Endangered
Oil many,Aves,Primates,3148.601,2488.9,Critically Endangered
Before wait,Aves,Carnivora,3720.32,107.51,Endangered
Able decade,Mammalia,Rodentia,2405.985,958.12,Endangered
Smile lot,Mammalia,Passeriformes,2495.268,1872.02,Endangered
Nation factor,Aves,Squamata,4807.017,716.6,Extinct in the Wild
Process song,Aves,Squamata,683.331,2938.59,Least Concern
Film girl,Aves,Passeriformes,1409.256,4.75,Endangered
Above although,Actinopterygii,Squamata,2972.488,1469.55,Critically Endangered
Sound style,Mammalia,Squamata,3459.441,1646.64,Vulnerable
Including present,Actinopterygii,Rodentia,195.437,2083.79,Vulnerable
About include,Actinopterygii,Squamata,1192.405,2658.8,Endangered
Now city,Mammalia,Passeriformes,4430.911,2243.97,Endangered
Allow those,Amphibia,Anura,3358.096,361.22,Near Threatened
Technology short,Actinopterygii,Passeriformes,1388.1,2071.13,Least Concern
Force some,Actinopterygii,Carnivora,3096.231,278.74,Least Concern
Care very,Aves,Anura,1740.322,584.54,Extinct in the Wild
Money over,Actinopterygii,Primates,4793.78,995.6,Vulnerable
Number artist,Aves,Squamata,730.836,30.58,Extinct in the Wild
Lot not,Reptilia,Anura,1641.051,101.11,Endangered
Guy age,Reptilia,Rodentia,2028.889,757.01,Endangered
Firm while,Aves,Passeriformes,3609.812,1201.39,Vulnerable
Place strong,Reptilia,Rodentia,4706.208,899.21,Critically Endangered
Away good,Amphibia,Primates,3276.219,2992.05,Extinct in the Wild
Page stand,Amphibia,Anura,455.323,816.62,Endangered
Letter old,Mammalia,Primates,2292.577,1271.85,Extinct in the Wild
Employee outside,Amphibia,Anura,1054.303,2717.74,Near Threatened
Plan at,Aves,Anura,3301.459,1552.19,Vulnerable
That effort,Actinopterygii,Passeriformes,2937.303,2154.35,Vulnerable
Cut strategy,Amphibia,Passeriformes,4065.259,413.44,Endangered
Tree spend,Reptilia,Rodentia,2558.733,106.71,Near Threatened
Town church,Aves,Rodentia,2722.557,1212.73,Near Threatened
Interview research,Actinopterygii,Anura,242.485,1735.48,Extinct in the Wild
Improve house,Amphibia,Squamata,92.438,1177.18,Endangered
War before,Amphibia,Squamata,3002.015,1473.34,Critically Endangered
Grow push,Aves,Primates,3661.682,380.51,Extinct in the Wild
Hear hit,Mammalia,Primates,447.294,980.59,Least Concern
Improve see,Mammalia,Squamata,759.136,2617.03,Extinct in the Wild
Nation create,Reptilia,Squamata,4917.265,1064.63,Vulnerable
Agency daughter,Actinopterygii,Rodentia,364.547,2815.09,Extinct in the Wild
Human rest,Reptilia,Rodentia,2594.347,628.3,Vulnerable
Food goal,Amphibia,Anura,2605.458,2375.72,Vulnerable
A bring,Amphibia,Rodentia,3213.937,2083.98,Critically Endangered
Whatever ok,Actinopterygii,Passeriformes,3335.625,419.41,Near Threatened
Out nation,Mammalia,Carnivora,4617.11,2071.19,Vulnerable
Apply travel,Mammalia,Primates,505.998,1648.64,Least Concern
Attorney bar,Mammalia,Anura,4560.228,1824.86,Least Concern
Street fine,Reptilia,Primates,845.175,256.41,Near Threatened
Here available,Actinopterygii,Rodentia,4961.539,1320.81,Endangered
Strong activity,Amphibia,Squamata,1432.316,2473.27,Extinct in the Wild
Only clearly,Mammalia,Primates,3486.738,2189.77,Near Threatened
Why recognize,Actinopterygii,Passeriformes,2718.214,1475.35,Endangered
Game although,Amphibia,Anura,2164.179,1457.94,Near Threatened
Respond budget,Aves,Anura,2476.072,1102.3,Endangered
Scene daughter,Actinopterygii,Carnivora,540.332,1172.74,Vulnerable
Position onto,Aves,Rodentia,2260.712,2019.95,Vulnerable
Life simple,Mammalia,Squamata,1556.106,710.32,Vulnerable
Operation commercial,Actinopterygii,Anura,4565.193,2418.39,Extinct in the Wild
Employee where,Aves,Primates,994.154,442.77,Vulnerable
Every opportunity,Actinopterygii,Squamata,1319.304,2010.31,Least Concern
Able under,Amphibia,Squamata,3614.757,2875.6,Critically Endangered
Democrat adult,Mammalia,Carnivora,495.303,1615.33,Critically Endangered
Agent myself,Aves,Squamata,2495.266,729.85,Extinct in the Wild
News somebody,Amphibia,Primates,1621.95,2282.35,Near Threatened
Ready bed,Amphibia,Carnivora,3769.144,2308.56,Vulnerable
Artist occur,Aves,Anura,350.648,1506.48,Critically Endangered
Property worker,Mammalia,Anura,2598.448,2271.74,Near Threatened
During morning,Actinopterygii,Rodentia,3674.627,2898.91,Near Threatened
Middle late,Amphibia,Squamata,1217.25,1018.11,Vulnerable
Child already,Aves,Anura,4131.62,2655.42,Least Concern
Entire suffer,Mammalia,Anura,1216.764,2123.37,Vulnerable
Debate involve,Reptilia,Squamata,4413.117,2610.95,Critically Endangered
Mrs agree,Amphibia,Primates,4525.922,2794.04,Endangered
Get loss,Amphibia,Anura,4988.178,586.84,Critically Endangered
Something never,Mammalia,Anura,4101.65,777.66,Endangered
Seven can,Reptilia,Squamata,2824.156,1085.73,Near Threatened
Special hundred,Amphibia,Carnivora,674.664,521.07,Critically Endangered
Contain least,Amphibia,Anura,4003.174,1815.42,Least Concern
Receive everybody,Actinopterygii,Primates,181.048,2368.46,Least Concern
Safe summer,Actinopterygii,Squamata,2282.011,165.37,Least Concern
The body,Mammalia,Anura,3194.621,2869.76,Near Threatened
Just set,Amphibia,Squamata,1584.999,1057.38,Extinct in the Wild
Ok husband,Reptilia,Passeriformes,3902.507,2420.04,Vulnerable
Trouble shake,Reptilia,Passeriformes,1513.146,2335.85,Endangered
Drug sport,Aves,Rodentia,1378.044,2881.1,Extinct in the Wild
Lose talk,Actinopterygii,Carnivora,1373.935,2657.74,Least Concern
Know body,Mammalia,Squamata,1214.539,406.89,Endangered
Republican be,Amphibia,Rodentia,4924.877,2467.86,Extinct in the Wild
Chance site,Actinopterygii,Rodentia,657.396,2460.15,Extinct in the Wild
Describe strong,Actinopterygii,Rodentia,800.72,145.35,Endangered
Cause answer,Amphibia,Squamata,438.49,1299.02,Near Threatened
Understand plant,Actinopterygii,Squamata,785.557,775.75,Vulnerable
Meeting new,Mammalia,Squamata,506.782,1886.6,Least Concern
Thank must,Actinopterygii,Anura,1217.629,341.03,Endangered
Author space,Reptilia,Carnivora,4938.699,1874.22,Extinct in the Wild
East write,Mammalia,Primates,2398.607,2880.51,Extinct in the Wild
Evidence last,Reptilia,Passeriformes,2206.329,2110.59,Critically Endangered
Another simply,Mammalia,Carnivora,2946.485,180.58,Near Threatened
President cell,Aves,Carnivora,4704.23,530.3,Extinct in the Wild
Up left,Mammalia,Squamata,2901.498,1923.81,Least Concern
Certainly within,Aves,Carnivora,4375.228,2222.39,Least Concern
Guy data,Amphibia,Rodentia,4395.628,1222.01,Extinct in the Wild
Risk television,Amphibia,Carnivora,1263.05,2991.28,Extinct in the Wild
So minute,Actinopterygii,Carnivora,4719.184,2608.19,Endangered
Visit report,Mammalia,Passeriformes,2831.242,2493.1,Endangered
Sure five,Amphibia,Squamata,1390.354,1717.0,Vulnerable
Back writer,Reptilia,Primates,343.635,1097.13,Endangered
View beautiful,Actinopterygii,Squamata,4225.266,2911.91,Least Concern
Month race,Mammalia,Anura,2786.009,356.87,Least Concern
All assume,Actinopterygii,Primates,3539.79,652.79,Near Threatened
Else source,Actinopterygii,Anura,565.252,2194.43,Extinct in the Wild
Moment girl,Aves,Passeriformes,165.791,2085.17,Least Concern
Well key,Actinopterygii,Anura,1467.172,1030.87,Vulnerable
Buy sport,Reptilia,Anura,3218.106,1663.82,Vulnerable
And to,Reptilia,Squamata,2785.103,1056.34,Endangered
Represent put,Reptilia,Rodentia,1946.427,2743.08,Endangered
See product,Mammalia,Anura,967.82,107.14,Least Concern
Attack clearly,Aves,Carnivora,2719.161,464.39,Critically Endangered
World major,Mammalia,Carnivora,2023.701,2146.77,Extinct in the Wild
Beyond face,Amphibia,Passeriformes,2132.997,1823.48,Endangered
Data somebody,Aves,Squamata,13.55,1747.52,Near Threatened
Already line,Aves,Primates,1420.087,1465.24,Vulnerable
Him city,Reptilia,Passeriformes,2364.955,1460.64,Endangered
Voice course,Mammalia,Passeriformes,272.638,2441.78,Endangered
Current tend,Reptilia,Squamata,4642.247,2664.73,Endangered
Contain off,Reptilia,Carnivora,2478.212,1382.81,Least Concern
Store right,Mammalia,Rodentia,1548.268,963.37,Extinct in the Wild
Affect story,Amphibia,Passeriformes,2033.074,1624.31,Vulnerable
Small reduce,Aves,Passeriformes,2539.646,78.58,Extinct in the Wild
Generation miss,Amphibia,Anura,4063.834,2618.64,Near Threatened
Management huge,Amphibia,Rodentia,4812.703,2253.08,Critically Endangered
Blue history,Amphibia,Carnivora,1581.076,2571.43,Near Threatened
Base feeling,Reptilia,Passeriformes,4984.863,306.76,Endangered
Structure talk,Aves,Rodentia,382.089,1506.7,Least Concern
Person include,Aves,Carnivora,1279.881,378.53,Least Concern
Oil mean,Actinopterygii,Passeriformes,2753.302,206.69,Near Threatened
Though only,Aves,Rodentia,1539.363,929.56,Least Concern
The see,Mammalia,Passeriformes,4079.233,1817.44,Critically Endangered
Accept about,Actinopterygii,Rodentia,2588.983,541.48,Endangered
Big let,Reptilia,Carnivora,2061.351,2098.58,Endangered
Art alone,Reptilia,Primates,108.4,902.33,Near Threatened
Yeah company,Actinopterygii,Passeriformes,888.535,118.05,Critically Endangered
Rise five,Aves,Rodentia,4482.555,988.94,Critically Endangered
Pm piece,Amphibia,Anura,4192.692,1346.97,Near Threatened
Nearly concern,Aves,Rodentia,4959.045,2531.84,Vulnerable
Trouble happen,Actinopterygii,Anura,1556.348,1555.11,Least Concern
Now away,Actinopterygii,Anura,709.377,1289.76,Extinct in the Wild
Population become,Reptilia,Primates,2797.843,2008.17,Near Threatened
Education walk,Amphibia,Rodentia,4317.185,1105.13,Least Concern
Management difference,Reptilia,Carnivora,338.02,448.18,Critically Endangered
Majority investment,Actinopterygii,Squamata,1421.225,626.08,Endangered
Others blood,Amphibia,Anura,1299.875,68.4,Least Concern
War culture,Mammalia,Carnivora,4162.266,1584.6,Least Concern
Seven drive,Amphibia,Anura,3581.133,545.89,Endangered
Order paper,Mammalia,Rodentia,847.686,1844.1,Endangered
Happen get,Actinopterygii,Primates,3952.461,2050.36,Critically Endangered
Company concern,Aves,Passeriformes,2403.623,1499.44,Critically Endangered
Them film,Actinopterygii,Anura,3228.58,2288.66,Near Threatened
Message exactly,Actinopterygii,Passeriformes,1038.11,2933.08,Least Concern
Sure gas,Amphibia,Squamata,990.674,350.2,Endangered
Enjoy assume,Actinopterygii,Carnivora,2047.015,2108.37,Least Concern
Enter hot,Actinopterygii,Squamata,1416.962,2568.02,Extinct in the Wild
Protect gun,Mammalia,Rodentia,1993.018,1676.83,Extinct in the Wild
Among evening,Amphibia,Anura,102.74,2047.18,Critically Endangered
Writer according,Mammalia,Primates,4015.945,2157.88,Extinct in the Wild
Area late,Actinopterygii,Anura,4479.22,2213.32,Vulnerable
Develop his,Amphibia,Rodentia,1093.284,1498.11,Critically Endangered
Water home,Amphibia,Passeriformes,303.313,1070.64,Critically Endangered
Nearly company,Mammalia,Passeriformes,2334.576,1748.65,Endangered
Black value,Actinopterygii,Rodentia,455.521,2831.42,Endangered
Notice dark,Aves,Anura,355.761,1784.39,Least Concern
Somebody amount,Actinopterygii,Passeriformes,3927.491,1784.59,Critically Endangered
Third collection,Aves,Rodentia,742.104,940.89,Least Concern
Spend around,Aves,Passeriformes,2229.074,984.04,Vulnerable
Inside evening,Mammalia,Anura,4000.947,2257.77,Endangered
Energy husband,Mammalia,Anura,4808.519,1541.01,Vulnerable
Table picture,Aves,Passeriformes,2329.414,2906.91,Endangered
Forward question,Amphibia,Passeriformes,852.392,316.9,Endangered
Win ball,Amphibia,Carnivora,4901.653,1163.21,Extinct in the Wild
Hard suffer,Reptilia,Carnivora,4803.848,2505.6,Near Threatened
Must first,Aves,Rodentia,2024.289,1368.94,Extinct in the Wild
Other heavy,Actinopterygii,Carnivora,4323.977,1464.91,Vulnerable
We budget,Amphibia,Passeriformes,3081.219,1289.04,Vulnerable
Allow method,Aves,Carnivora,1031.813,1708.54,Least Concern
Little attorney,Reptilia,Primates,2565.718,2659.3,Endangered
Quite themselves,Amphibia,Rodentia,3520.055,1912.96,Least Concern
Term easy,Amphibia,Rodentia,151.342,2237.51,Vulnerable
Rich return,Aves,Rodentia,277.973,1531.39,Least Concern
Draw chair,Actinopterygii,Primates,3363.368,1864.34,Near Threatened
Boy capital,Reptilia,Primates,4322.052,2587.72,Extinct in the Wild
Possible guy,Amphibia,Rodentia,2450.968,2549.62,Endangered
Same model,Aves,Anura,3912.628,18.1,Extinct in the Wild
Leg color,Reptilia,Passeriformes,1824.697,1923.49,Vulnerable
Few get,Mammalia,Passeriformes,3802.699,1419.95,Endangered
Teacher this,Aves,Carnivora,4139.657,82.12,Vulnerable
Fill tree,Aves,Rodentia,444.947,2770.88,Endangered
Appear method,Mammalia,Carnivora,825.893,935.99,Extinct in the Wild
Visit husband,Reptilia,Squamata,2907.14,2786.03,Least Concern
Bit mean,Actinopterygii,Carnivora,3414.404,2536.34,Least Concern
Majority minute,Amphibia,Primates,1017.038,916.4,Least Concern
Individual poor,Actinopterygii,Primates,3988.902,1492.92,Least Concern
Decision page,Mammalia,Passeriformes,1739.018,50.79,Near Threatened
A item,Actinopterygii,Carnivora,3494.922,1790.57,Critically Endangered
Decide score,Mammalia,Carnivora,4638.309,881.81,Critically Endangered
Kitchen necessary,Aves,Passeriformes,4859.665,947.73,Critically Endangered
Value group,Aves,Primates,704.056,2669.82,Extinct in the Wild
Evening entire,Amphibia,Rodentia,1688.576,2977.98,Endangered
Trial in,Mammalia,Squamata,4261.779,1881.78,Critically Endangered
Room prevent,Reptilia,Primates,1553.674,434.51,Vulnerable
Between your,Reptilia,Rodentia,358.961,2131.44,Extinct in the Wild
Pressure long,Amphibia,Squamata,961.63,314.4,Near Threatened
Mind we,Mammalia,Carnivora,3893.308,1775.81,Least Concern
Phone rate,Actinopterygii,Primates,4594.533,631.72,Endangered
Including sort,Amphibia,Rodentia,3566.233,168.25,Least Concern
Listen room,Actinopterygii,Squamata,1196.227,1963.22,Critically Endangered
Stage really,Mammalia,Passeriformes,2646.835,1558.16,Extinct in the Wild
Fall leader,Amphibia,Squamata,534.124,2181.32,Critically Endangered
Away break,Aves,Anura,757.405,2282.49,Extinct in the Wild
Gun later,Actinopterygii,Rodentia,3303.829,1034.82,Vulnerable
Part clearly,Actinopterygii,Squamata,3395.808,974.02,Least Concern
Mind edge,Actinopterygii,Carnivora,2499.932,725.65,Least Concern
Without physical,Reptilia,Rodentia,4368.356,233.22,Near Threatened
Toward day,Reptilia,Anura,4259.304,2572.44,Critically Endangered
Mission successful,Mammalia,Rodentia,404.842,1252.71,Endangered
Local resource,Mammalia,Rodentia,862.64,1920.06,Least Concern
American civil,Mammalia,Passeriformes,2704.194,1047.9,Vulnerable
From who,Reptilia,Rodentia,73.915,1852.68,Least Concern
Marriage full,Actinopterygii,Squamata,4770.92,1958.61,Vulnerable
Police major,Actinopterygii,Primates,924.203,414.93,Extinct in the Wild
War deal,Amphibia,Squamata,4640.224,2343.77,Vulnerable
May wall,Mammalia,Anura,3460.169,2803.08,Least Concern
Also get,Amphibia,Carnivora,552.167,293.04,Near Threatened
Green board,Mammalia,Passeriformes,639.099,208.41,Vulnerable
Sing color,Actinopterygii,Passeriformes,399.583,1962.38,Near Threatened
Do this,Mammalia,Carnivora,3828.79,777.71,Endangered
Story lawyer,Reptilia,Anura,2768.02,26.73,Endangered
More hand,Aves,Anura,207.898,1662.79,Extinct in the Wild
Half thing,Mammalia,Rodentia,1529.939,374.7,Critically Endangered
Consumer question,Actinopterygii,Anura,1623.184,2203.0,Vulnerable
Car home,Aves,Carnivora,746.739,1882.76,Near Threatened
Director best,Aves,Passeriformes,1675.562,621.86,Extinct in the Wild
Admit game,Aves,Carnivora,1356.063,1668.92,Vulnerable
Increase court,Aves,Passeriformes,2835.292,1086.0,Critically Endangered
Risk network,Actinopterygii,Carnivora,283.667,1222.79,Near Threatened
Author exist,Aves,Rodentia,4421.043,1835.84,Critically Endangered
Might line,Aves,Carnivora,1172.621,283.58,Vulnerable
Certainly half,Mammalia,Squamata,4755.502,2462.54,Critically Endangered
Modern international,Mammalia,Anura,1941.529,33.76,Endangered
Word dark,Actinopterygii,Primates,3016.429,2858.23,Critically Endangered
Support long,Aves,Primates,4265.264,96.67,Least Concern
Significant source,Mammalia,Squamata,4403.842,2335.48,Least Concern
Baby poor,Aves,Carnivora,1502.559,402.35,Least Concern
Debate listen,Reptilia,Squamata,4656.351,2750.69,Vulnerable
Leader class,Mammalia,Passeriformes,433.118,1053.12,Least Concern
Customer tell,Reptilia,Primates,1051.489,68.71,Least Concern
Available staff,Aves,Carnivora,2181.666,248.59,Endangered
Probably book,Amphibia,Anura,945.84,2055.1,Extinct in the Wild
Many opportunity,Mammalia,Carnivora,4876.447,165.09,Vulnerable
Page industry,Mammalia,Primates,3194.825,710.28,Extinct in the Wild
Word institution,Amphibia,Carnivora,1612.391,1148.56,Least Concern
American trouble,Reptilia,Squamata,1318.185,578.17,Vulnerable
Pass house,Mammalia,Carnivora,3313.677,1534.54,Critically Endangered
Bad third,Actinopterygii,Rodentia,2379.753,1598.91,Vulnerable
Them current,Reptilia,Carnivora,349.359,1816.11,Near Threatened
Result task,Aves,Passeriformes,2255.801,1940.52,Extinct in the Wild
Goal scientist,Reptilia,Primates,3276.259,678.18,Extinct in the Wild
Report bar,Actinopterygii,Rodentia,2513.175,1779.97,Extinct in the Wild
Rise cultural,Aves,Carnivora,2662.952,417.18,Endangered
Design option,Aves,Anura,2500.378,2241.05,Extinct in the Wild
If test,Reptilia,Primates,3806.825,2123.72,Vulnerable
Concern exist,Amphibia,Passeriformes,2573.758,2598.84,Near Threatened
Born control,Aves,Passeriformes,3503.787,1021.64,Vulnerable
Commercial realize,Reptilia,Primates,4864.533,2121.47,Endangered
Help product,Aves,Squamata,3902.888,1364.01,Endangered
Mean get,Actinopterygii,Rodentia,1053.537,1965.16,Critically Endangered
Role if,Actinopterygii,Anura,2930.132,1217.84,Extinct in the Wild
Show truth,Amphibia,Passeriformes,3581.982,847.24,Endangered
And bad,Mammalia,Rodentia,101.069,2052.01,Extinct in the Wild
Remember speech,Reptilia,Primates,2673.116,1558.91,Least Concern
Wide hear,Reptilia,Squamata,1989.615,2743.03,Critically Endangered
Leave effort,Reptilia,Anura,3471.312,2579.65,Critically Endangered
Move decade,Aves,Passeriformes,4410.39,1333.61,Least Concern
Six yes,Aves,Passeriformes,546.816,520.63,Vulnerable
Rich they,Aves,Passeriformes,1661.853,2628.55,Endangered
Act thus,Aves,Anura,4151.799,2432.44,Extinct in the Wild
Stage add,Reptilia,Primates,1814.618,409.62,Endangered
I answer,Aves,Rodentia,384.858,2631.83,Critically Endangered
News mention,Amphibia,Primates,2439.088,2017.94,Extinct in the Wild
Yes life,Reptilia,Primates,1518.428,1102.11,Vulnerable
Interesting national,Amphibia,Carnivora,4585.548,1063.92,Extinct in the Wild
Provide several,Amphibia,Squamata,1534.384,485.73,Critically Endangered
Term through,Amphibia,Carnivora,4235.242,156.07,Endangered
Important class,Reptilia,Passeriformes,4191.103,956.65,Near Threatened
Boy technology,Aves,Primates,3234.572,1329.29,Extinct in the Wild
Agreement machine,Actinopterygii,Rodentia,773.41,2310.77,Extinct in the Wild
Back friend,Reptilia,Carnivora,3357.132,1960.6,Near Threatened
Science my,Actinopterygii,Squamata,4075.342,2529.52,Extinct in the Wild
Garden right,Aves,Carnivora,2606.672,1465.39,Critically Endangered
Prepare million,Reptilia,Anura,3365.001,1532.05,Critically Endangered
Clearly white,Amphibia,Primates,931.213,1694.05,Near Threatened
Step protect,Aves,Carnivora,256.162,798.18,Endangered
While difference,Actinopterygii,Rodentia,535.956,2827.89,Extinct in the Wild
Pm medical,Reptilia,Carnivora,2681.341,881.15,Endangered
Not capital,Mammalia,Anura,4664.505,1358.33,Near Threatened
According save,Aves,Carnivora,3137.841,747.64,Least Concern
See car,Aves,Rodentia,753.757,655.83,Vulnerable
Magazine sure,Actinopterygii,Passeriformes,4830.742,1057.2,Near Threatened
Develop product,Amphibia,Squamata,4720.805,74.58,Least Concern
Physical about,Actinopterygii,Squamata,1278.316,2763.01,Critically Endangered
Bit certainly,Reptilia,Rodentia,1656.239,2351.81,Near Threatened
Shoulder others,Actinopterygii,Rodentia,3305.386,481.59,Least Concern
Southern simple,Mammalia,Squamata,3353.191,1443.48,Critically Endangered
History what,Actinopterygii,Squamata,3138.345,2740.77,Endangered
Green effect,Reptilia,Squamata,67.718,272.17,Extinct in the Wild
Fish good,Actinopterygii,Rodentia,3730.989,2362.84,Vulnerable
However heart,Reptilia,Anura,2142.252,829.18,Extinct in the Wild
Trouble tax,Amphibia,Rodentia,2642.61,74.63,Least Concern
Their positive,Amphibia,Rodentia,2029.99,523.42,Endangered
Every piece,Mammalia,Carnivora,663.371,64.14,Extinct in the Wild
Paper Congress,Aves,Rodentia,853.362,1750.2,Critically Endangered
Summer energy,Reptilia,Primates,3039.464,2275.84,Vulnerable
First meeting,Actinopterygii,Rodentia,2678.415,1132.89,Critically Endangered
Itself see,Reptilia,Squamata,1293.603,2604.94,Extinct in the Wild
Girl pattern,Aves,Rodentia,4140.829,1524.92,Least Concern
Include take,Reptilia,Squamata,57.882,605.82,Critically Endangered
Us chair,Actinopterygii,Carnivora,4504.09,2218.45,Endangered
Fish cost,Actinopterygii,Rodentia,1006.729,2282.75,Critically Endangered
Would whose,Mammalia,Carnivora,1377.843,625.82,Near Threatened
Project stay,Reptilia,Anura,1043.445,2736.81,Near Threatened
Age fact,Amphibia,Passeriformes,558.584,2242.14,Vulnerable
Like describe,Actinopterygii,Passeriformes,2855.235,959.17,Vulnerable
Continue beat,Amphibia,Primates,1336.286,1381.92,Near Threatened
Form health,Reptilia,Anura,2492.554,77.31,Critically Endangered
Still serious,Mammalia,Rodentia,4063.258,2396.62,Critically Endangered
Read that,Aves,Carnivora,330.307,2242.07,Least Concern
Protect during,Reptilia,Passeriformes,4176.861,2373.84,Extinct in the Wild
Meet the,Aves,Primates,2351.089,133.23,Vulnerable
Man which,Aves,Passeriformes,3413.916,1656.73,Vulnerable
Attack back,Actinopterygii,Primates,3528.962,1378.58,Extinct in the Wild
Blood play,Actinopterygii,Anura,4482.759,90.51,Critically Endangered
Man example,Mammalia,Anura,3900.102,539.73,Endangered
Along police,Aves,Squamata,1388.587,287.99,Least Concern
Such call,Amphibia,Rodentia,1386.871,138.79,Near Threatened
East right,Reptilia,Passeriformes,4639.175,2135.07,Critically Endangered
Technology enjoy,Mammalia,Squamata,1409.526,986.37,Near Threatened
Ten term,Mammalia,Primates,3126.445,1588.83,Least Concern
Bed sport,Amphibia,Primates,3049.54,2742.59,Critically Endangered
Power wall,Reptilia,Carnivora,1582.982,2170.21,Vulnerable
Born focus,Aves,Rodentia,1518.693,58.1,Near Threatened
New newspaper,Aves,Passeriformes,3649.885,811.28,Near Threatened
Deep around,Mammalia,Primates,4420.862,2403.83,Extinct in the Wild
Scientist important,Aves,Rodentia,1986.175,2319.35,Extinct in the Wild
Water end,Mammalia,Squamata,2154.734,2813.72,Critically Endangered
Significant have,Actinopterygii,Anura,527.191,888.3,Near Threatened
Do cause,Reptilia,Rodentia,3143.823,1709.51,Extinct in the Wild
Hope thus,Reptilia,Passeriformes,1828.981,38.2,Near Threatened
And special,Actinopterygii,Carnivora,1888.91,22.04,Vulnerable
Kitchen same,Mammalia,Carnivora,1346.847,2737.43,Vulnerable
Purpose similar,Amphibia,Rodentia,2305.655,785.3,Extinct in the Wild
Baby party,Amphibia,Anura,4770.962,736.33,Extinct in the Wild
Important degree,Actinopterygii,Anura,4306.367,2615.61,Endangered
Less happen,Reptilia,Carnivora,3702.98,1072.44,Endangered
Heavy vote,Amphibia,Primates,4179.319,1203.28,Near Threatened
Surface until,Mammalia,Primates,1692.961,1485.96,Endangered
Recognize specific,Actinopterygii,Anura,3484.617,674.31,Vulnerable
Republican center,Aves,Anura,3045.077,883.69,Least Concern
Worry trial,Mammalia,Passeriformes,4824.901,1915.89,Extinct in the Wild
Recently skin,Amphibia,Primates,4401.918,1173.22,Critically Endangered
Hundred agent,Aves,Rodentia,280.231,2687.44,Vulnerable
Deep cold,Amphibia,Anura,392.505,2984.75,Near Threatened
Second me,Reptilia,Passeriformes,3466.222,2363.68,Near Threatened
Child develop,Actinopterygii,Passeriformes,339.36,1188.5,Vulnerable
Way education,Aves,Passeriformes,2336.311,1492.31,Near Threatened
Meet order,Aves,Passeriformes,3888.459,783.92,Near Threatened
Sea where,Amphibia,Passeriformes,4190.921,2924.95,Critically Endangered
Security up,Mammalia,Passeriformes,3349.78,2871.73,Least Concern
Past physical,Mammalia,Anura,2375.177,1000.05,Extinct in the Wild
Issue writer,Mammalia,Anura,831.722,2357.41,Near Threatened
Close nation,Reptilia,Anura,3684.633,695.27,Endangered
Until but,Aves,Anura,2308.94,945.81,Near Threatened
Easy adult,Amphibia,Anura,4777.318,2671.12,Endangered
Hope total,Reptilia,Carnivora,932.386,2642.64,Endangered
Less them,Aves,Passeriformes,356.361,742.63,Extinct in the Wild
College force,Aves,Squamata,1285.893,241.92,Extinct in the Wild
Check color,Actinopterygii,Primates,4216.719,477.8,Least Concern
Agent however,Actinopterygii,Squamata,1455.316,1035.62,Least Concern
Point seven,Reptilia,Rodentia,263.797,1772.65,Vulnerable
Past outside,Amphibia,Passeriformes,550.096,1145.43,Least Concern
Treat effort,Aves,Primates,4495.411,307.41,Endangered
Administration her,Reptilia,Squamata,2553.532,2772.41,Endangered
Analysis modern,Aves,Primates,1962.685,1718.68,Extinct in the Wild
Leave huge,Amphibia,Passeriformes,4450.228,1595.27,Vulnerable
Behind list,Aves,Anura,2191.852,238.08,Least Concern
Occur level,Reptilia,Squamata,3086.811,747.2,Near Threatened
Others early,Actinopterygii,Rodentia,2429.867,1142.65,Vulnerable
Money north,Aves,Squamata,2463.865,763.47,Extinct in the Wild
World look,Mammalia,Rodentia,308.521,952.99,Vulnerable
Relate administration,Reptilia,Carnivora,2324.339,1175.16,Extinct in the Wild
Week character,Actinopterygii,Primates,1175.037,2502.57,Extinct in the Wild
Crime American,Actinopterygii,Rodentia,2286.845,2239.0,Critically Endangered
City majority,Aves,Anura,4122.914,2820.41,Least Concern
Prove grow,Reptilia,Rodentia,4444.941,273.07,Vulnerable
Watch system,Reptilia,Squamata,3714.415,14.71,Near Threatened
Thing employee,Reptilia,Rodentia,4420.14,2873.16,Near Threatened
On control,Reptilia,Rodentia,4071.11,382.3,Vulnerable
Yourself important,Actinopterygii,Anura,3350.58,2189.31,Least Concern
Radio speak,Actinopterygii,Anura,2267.446,2593.47,Endangered
Others offer,Mammalia,Carnivora,4234.159,2702.78,Critically Endangered
Dinner glass,Mammalia,Carnivora,4320.203,2607.18,Extinct in the Wild
Big address,Amphibia,Rodentia,3307.995,263.83,Endangered
Ahead and,Aves,Anura,2681.309,2819.73,Near Threatened
According true,Actinopterygii,Carnivora,2907.223,756.82,Near Threatened
Moment national,Mammalia,Primates,2553.089,975.96,Vulnerable
Type church,Aves,Rodentia,4516.972,121.64,Near Threatened
Lot result,Amphibia,Squamata,3782.83,2276.29,Critically Endangered
Off hit,Reptilia,Anura,1924.304,1557.14,Extinct in the Wild
Room company,Reptilia,Rodentia,85.308,952.71,Extinct in the Wild
Appear want,Mammalia,Passeriformes,4165.25,248.83,Least Concern
Go be,Aves,Squamata,162.73,945.04,Endangered
Voice than,Actinopterygii,Anura,3434.347,1097.33,Vulnerable
Financial interview,Actinopterygii,Passeriformes,3751.261,2843.89,Endangered
Particular capital,Aves,Carnivora,33.26,1693.06,Least Concern
Later fight,Reptilia,Primates,4812.486,1417.68,Critically Endangered
Civil baby,Reptilia,Anura,4097.483,1067.96,Least Concern
Art major,Amphibia,Anura,3623.088,2663.01,Vulnerable
Attention take,Aves,Rodentia,3675.613,1491.32,Least Concern
These hot,Aves,Passeriformes,1192.974,1921.99,Endangered
Unit paper,Mammalia,Anura,4302.616,1056.44,Endangered
Concern public,Amphibia,Primates,1831.363,2335.19,Near Threatened
Official right,Amphibia,Anura,3879.995,1002.58,Extinct in the Wild
Black reach,Aves,Carnivora,4637.335,2200.8,Endangered
Eye me,Amphibia,Carnivora,3094.671,1731.53,Near Threatened
Behind soldier,Aves,Squamata,2337.97,967.55,Critically Endangered
Unit avoid,Actinopterygii,Passeriformes,636.964,1890.9,Near Threatened
Despite former,Mammalia,Carnivora,3559.804,1349.77,Near Threatened
Tonight meeting,Amphibia,Squamata,2623.545,2458.34,Extinct in the Wild
Morning your,Actinopterygii,Primates,3198.76,1974.79,Extinct in the Wild
Name serve,Mammalia,Squamata,4942.139,2736.17,Vulnerable
Sign system,Mammalia,Carnivora,1808.786,46.57,Vulnerable
Administration price,Aves,Rodentia,288.023,2456.96,Critically Endangered
Him evening,Mammalia,Anura,1623.382,235.66,Endangered
Form make,Aves,Anura,2519.208,1720.06,Near Threatened
Positive your,Actinopterygii,Carnivora,2366.932,1338.5,Extinct in the Wild
Create site,Reptilia,Carnivora,4519.903,780.77,Vulnerable
Continue prepare,Actinopterygii,Anura,1784.622,2378.71,Extinct in the Wild
Office century,Actinopterygii,Anura,2005.921,2333.95,Near Threatened
Example trade,Reptilia,Squamata,2601.263,1472.75,Endangered
Range network,Actinopterygii,Primates,4413.621,1577.83,Endangered
Population mean,Mammalia,Carnivora,1682.754,1336.98,Extinct in the Wild
Almost week,Reptilia,Anura,4799.188,2052.14,Near Threatened
Price them,Amphibia,Carnivora,4002.449,2467.21,Extinct in the Wild
You oil,Actinopterygii,Carnivora,2403.386,1985.69,Endangered
Environment on,Aves,Passeriformes,2643.919,644.17,Vulnerable
Maybe throw,Aves,Anura,2235.562,88.92,Vulnerable
Hot lay,Reptilia,Carnivora,1407.031,1620.43,Extinct in the Wild
Investment student,Aves,Anura,926.542,1048.64,Endangered
Agreement chance,Actinopterygii,Carnivora,3242.56,600.37,Endangered
Night anyone,Amphibia,Passeriformes,1412.521,1509.43,Extinct in the Wild
You degree,Reptilia,Anura,1155.023,2289.46,Near Threatened
Think part,Amphibia,Anura,9.634,1373.07,Extinct in the Wild
Plan up,Aves,Squamata,1809.991,197.03,Endangered
Approach both,Actinopterygii,Primates,4417.84,2448.35,Least Concern
World keep,Reptilia,Primates,266.615,458.16,Near Threatened
Deep history,Aves,Carnivora,175.693,447.34,Extinct in the Wild
Low within,Mammalia,Primates,1744.729,702.82,Endangered
Turn represent,Actinopterygii,Carnivora,991.868,297.93,Extinct in the Wild
Prove part,Mammalia,Anura,3574.563,2039.36,Critically Endangered
Degree hear,Mammalia,Squamata,3678.027,2524.83,Endangered
Set evidence,Reptilia,Carnivora,3154.843,295.85,Vulnerable
Free east,Aves,Carnivora,2019.126,1432.26,Vulnerable
Partner than,Reptilia,Carnivora,2870.941,549.61,Extinct in the Wild
Ever hospital,Actinopterygii,Squamata,1897.057,1173.23,Critically Endangered
Rate seat,Reptilia,Anura,1450.981,1215.2,Extinct in the Wild
Manage method,Mammalia,Primates,556.129,2562.68,Least Concern
Born focus,Mammalia,Rodentia,2438.862,1617.29,Endangered
White get,Amphibia,Anura,978.826,1696.73,Critically Endangered
Cause add,Reptilia,Rodentia,2367.506,1533.57,Endangered
You pick,Reptilia,Rodentia,1105.649,960.66,Critically Endangered
See cause,Mammalia,Passeriformes,599.583,1847.44,Near Threatened
Gas positive,Mammalia,Primates,547.615,1333.51,Critically Endangered
Hear send,Mammalia,Anura,3642.905,2206.24,Endangered
Another even,Amphibia,Rodentia,2350.145,1148.92,Least Concern
South talk,Aves,Carnivora,4414.331,2110.54,Near Threatened
Term go,Reptilia,Carnivora,4789.802,2222.57,Least Concern
Collection several,Aves,Carnivora,4776.646,2885.97,Endangered
Woman doctor,Reptilia,Carnivora,4539.486,2826.08,Critically Endangered
Century hundred,Amphibia,Anura,4621.615,1955.51,Critically Endangered
Against hair,Actinopterygii,Squamata,2174.232,1525.84,Endangered
Kitchen bed,Amphibia,Primates,290.733,1448.3,Least Concern
Everything source,Mammalia,Carnivora,4710.475,2108.81,Extinct in the Wild
Factor dog,Reptilia,Carnivora,3757.616,2759.14,Near Threatened
Whose budget,Aves,Carnivora,2930.335,2153.07,Critically Endangered
Every edge,Actinopterygii,Rodentia,4534.814,2543.21,Vulnerable
Pay treatment,Aves,Primates,4578.051,363.02,Extinct in the Wild
Respond through,Amphibia,Carnivora,235.509,929.51,Vulnerable
Arm themselves,Aves,Carnivora,4856.004,2692.79,Critically Endangered
Cover foot,Reptilia,Rodentia,1263.607,242.23,Extinct in the Wild
However commercial,Reptilia,Passeriformes,1777.588,648.73,Vulnerable
Usually better,Aves,Carnivora,3081.046,542.92,Critically Endangered
Notice daughter,Actinopterygii,Squamata,4341.669,1789.42,Vulnerable
Participant its,Aves,Passeriformes,6.761,9.86,Vulnerable
Discover support,Aves,Carnivora,1816.221,2002.42,Critically Endangered
President avoid,Mammalia,Primates,2029.419,2363.02,Vulnerable
Position determine,Aves,Passeriformes,3321.933,792.76,Least Concern
Probably no,Amphibia,Squamata,3520.573,1336.19,Extinct in the Wild
Establish security,Reptilia,Squamata,4761.825,901.58,Vulnerable
More detail,Aves,Rodentia,613.198,10.23,Endangered
Money your,Mammalia,Passeriformes,4421.886,475.38,Critically Endangered
Security explain,Amphibia,Passeriformes,2507.05,2482.08,Critically Endangered
Teach film,Mammalia,Passeriformes,4109.409,2284.6,Critically Endangered
Social though,Mammalia,Anura,4435.811,2694.98,Critically Endangered
Choose kitchen,Aves,Primates,2517.903,190.85,Endangered
Reveal authority,Mammalia,Squamata,512.196,2192.81,Near Threatened
Order own,Reptilia,Primates,460.297,1416.99,Least Concern
Go firm,Actinopterygii,Rodentia,44.144,1240.77,Endangered
Plant final,Mammalia,Primates,3685.556,901.7,Vulnerable
Sea send,Reptilia,Carnivora,969.171,880.33,Extinct in the Wild
Outside different,Reptilia,Anura,3579.401,2714.71,Near Threatened
Check piece,Reptilia,Passeriformes,2489.017,2719.53,Vulnerable
Important maybe,Aves,Anura,970.129,2129.93,Critically Endangered
If future,Aves,Anura,3475.835,1381.49,Least Concern
Near everyone,Mammalia,Anura,4454.621,2773.42,Endangered
Blue enough,Aves,Carnivora,798.819,2837.09,Least Concern
Financial maintain,Reptilia,Carnivora,3803.943,2710.95,Vulnerable
She great,Actinopterygii,Rodentia,727.603,978.24,Critically Endangered
Region husband,Aves,Squamata,3850.311,1208.06,Extinct in the Wild
Support line,Mammalia,Passeriformes,4060.802,2292.94,Near Threatened
Six director,Amphibia,Primates,3435.234,1560.11,Critically Endangered
One itself,Mammalia,Rodentia,1777.277,2870.96,Endangered
People hand,Aves,Rodentia,3426.348,2327.68,Vulnerable
Both discussion,Amphibia,Rodentia,2257.132,2908.02,Critically Endangered
Consider success,Actinopterygii,Primates,3889.45,276.49,Extinct in the Wild
Necessary action,Reptilia,Squamata,1362.046,2843.95,Extinct in the Wild
These part,Actinopterygii,Primates,4913.469,13.0,Near Threatened
Fund fine,Amphibia,Rodentia,94.552,1390.1,Vulnerable
Hot cost,Actinopterygii,Primates,849.851,1380.3,Extinct in the Wild
Home machine,Actinopterygii,Rodentia,328.979,6.55,Critically Endangered
Heavy stuff,Amphibia,Squamata,1979.967,1861.66,Near Threatened
Strategy nature,Reptilia,Anura,2645.061,305.19,Vulnerable
Focus ground,Mammalia,Rodentia,2522.972,2068.83,Critically Endangered
Only education,Amphibia,Primates,4013.853,2475.11,Endangered
Make use,Actinopterygii,Carnivora,3225.974,2384.03,Vulnerable
Opportunity choose,Mammalia,Anura,3220.832,818.23,Endangered
Nation deal,Actinopterygii,Anura,4376.572,1837.75,Extinct in the Wild
Call past,Actinopterygii,Anura,2176.496,351.84,Endangered
Worker consider,Reptilia,Anura,3088.567,1062.65,Critically Endangered
Foot PM,Mammalia,Rodentia,1557.366,2443.73,Near Threatened
Guess lose,Actinopterygii,Squamata,875.973,57.63,Extinct in the Wild
Respond huge,Reptilia,Passeriformes,3287.102,937.74,Vulnerable
Itself expert,Mammalia,Carnivora,4904.198,1877.15,Least Concern
Down kind,Actinopterygii,Rodentia,3248.717,1601.41,Vulnerable
History drive,Actinopterygii,Squamata,2930.206,48.86,Endangered
Industry today,Aves,Passeriformes,4717.589,2425.6,Critically Endangered
She long,Amphibia,Carnivora,4027.454,323.21,Vulnerable
Happen itself,Amphibia,Primates,1134.769,1204.64,Vulnerable
Side foot,Amphibia,Passeriformes,3649.546,2783.46,Extinct in the Wild
Take put,Reptilia,Rodentia,386.617,2701.36,Near Threatened
Pattern someone,Actinopterygii,Primates,4515.713,2544.43,Critically Endangered
Serve safe,Amphibia,Rodentia,4227.764,297.75,Critically Endangered
Structure arrive,Mammalia,Squamata,2439.854,60.12,Critically Endangered
Against try,Amphibia,Passeriformes,2028.718,2722.94,Near Threatened
Use Democrat,Actinopterygii,Squamata,3611.362,2628.94,Near Threatened
Service account,Amphibia,Anura,1292.922,2942.97,Least Concern
Glass including,Aves,Passeriformes,4771.84,103.44,Near Threatened
Wrong even,Mammalia,Passeriformes,3576.371,2748.85,Critically Endangered
Sister benefit,Aves,Primates,1658.605,1603.2,Critically Endangered
Design Mrs,Actinopterygii,Carnivora,3304.005,192.33,Endangered
Four enjoy,Mammalia,Primates,814.12,2667.96,Least Concern
Despite deep,Mammalia,Passeriformes,1738.473,121.02,Vulnerable
Fill authority,Actinopterygii,Primates,4098.933,2266.78,Critically Endangered
Southern feeling,Amphibia,Primates,3892.065,2644.06,Near Threatened
Oil spring,Aves,Passeriformes,4630.364,1269.31,Extinct in the Wild
System television,Aves,Squamata,2362.312,234.56,Extinct in the Wild
Woman shoulder,Reptilia,Passeriformes,1827.691,2398.67,Least Concern
Improve important,Actinopterygii,Anura,4308.723,37.48,Vulnerable
Great sit,Mammalia,Primates,2639.881,850.69,Critically Endangered
Take television,Reptilia,Carnivora,1873.54,7.02,Near Threatened
Arm if,Amphibia,Passeriformes,2150.894,195.04,Vulnerable
Hear arm,Reptilia,Anura,3464.057,519.37,Endangered
Support share,Actinopterygii,Carnivora,3219.626,1972.42,Near Threatened
Statement article,Mammalia,Primates,4563.292,1491.29,Least Concern
Option range,Actinopterygii,Carnivora,1199.211,1002.06,Endangered
Whole sport,Amphibia,Rodentia,2190.333,2710.67,Critically Endangered
Thought keep,Reptilia,Passeriformes,4731.97,1282.38,Extinct in the Wild
Try country,Mammalia,Rodentia,2835.909,1269.36,Extinct in the Wild
Rather tonight,Reptilia,Passeriformes,1660.487,884.26,Endangered
Everybody music,Aves,Squamata,4929.654,639.0,Vulnerable
Second father,Mammalia,Carnivora,798.562,1187.51,Near Threatened
Standard debate,Mammalia,Squamata,2822.54,1746.67,Endangered
Chance than,Reptilia,Passeriformes,3130.587,402.05,Critically Endangered
Expect us,Aves,Passeriformes,1432.322,2203.22,Extinct in the Wild
Quite management,Mammalia,Passeriformes,2757.056,2399.81,Near Threatened
Up so,Aves,Passeriformes,3680.022,1449.95,Least Concern
Should soldier,Actinopterygii,Primates,3152.921,129.06,Critically Endangered
Low choose,Reptilia,Primates,3263.051,319.88,Endangered
Early defense,Actinopterygii,Squamata,4919.999,1073.8,Vulnerable
Poor rise,Reptilia,Carnivora,3274.35,2999.12,Extinct in the Wild
Simple former,Actinopterygii,Squamata,3657.69,1995.33,Vulnerable
Open spring,Aves,Squamata,2729.8,2201.55,Endangered
Safe south,Mammalia,Squamata,1600.779,1092.72,Vulnerable
General way,Actinopterygii,Rodentia,437.991,506.28,Near Threatened
Something newspaper,Reptilia,Squamata,3498.66,2899.41,Extinct in the Wild
Simply wish,Aves,Passeriformes,501.325,2299.48,Endangered
Hope act,Aves,Primates,2657.056,2104.95,Endangered
About whom,Reptilia,Anura,4080.522,601.4,Least Concern
Year foot,Amphibia,Anura,1499.216,2459.7,Extinct in the Wild
Husband detail,Reptilia,Anura,2625.826,737.32,Near Threatened
Of age,Mammalia,Squamata,4048.129,1241.74,Critically Endangered
Goal wear,Mammalia,Carnivora,3646.915,1325.67,Critically Endangered
View at,Aves,Anura,389.566,1609.53,Extinct in the Wild
Education fly,Reptilia,Passeriformes,4490.988,432.7,Extinct in the Wild
Item college,Aves,Carnivora,1413.159,2340.62,Least Concern
Ground authority,Reptilia,Squamata,4052.272,1088.75,Least Concern
Majority value,Aves,Rodentia,3306.64,564.29,Near Threatened
Lose sometimes,Mammalia,Squamata,2659.013,1657.92,Least Concern
Number run,Mammalia,Carnivora,30.821,491.74,Endangered
Leave someone,Actinopterygii,Anura,150.567,2049.07,Critically Endangered
Allow firm,Amphibia,Rodentia,2701.071,1876.08,Near Threatened
Pattern reach,Reptilia,Anura,3361.92,359.74,Near Threatened
Include attention,Reptilia,Carnivora,2206.431,1603.96,Critically Endangered
Responsibility tough,Mammalia,Primates,1628.927,1461.85,Near Threatened
Nation wish,Reptilia,Carnivora,4625.092,2903.79,Least Concern
Near site,Amphibia,Anura,2041.795,2359.47,Extinct in the Wild
Glass standard,Actinopterygii,Anura,1848.983,587.53,Vulnerable
Ago quite,Mammalia,Squamata,4293.015,1577.35,Near Threatened
Cultural factor,Aves,Carnivora,1320.398,77.16,Extinct in the Wild
Appear low,Aves,Carnivora,382.689,134.64,Endangered
Would necessary,Actinopterygii,Anura,47.919,1530.36,Vulnerable
Reason people,Reptilia,Carnivora,3507.694,2092.77,Extinct in the Wild
Country red,Mammalia,Passeriformes,2106.218,110.94,Endangered
It break,Amphibia,Passeriformes,4036.417,1618.94,Vulnerable
Others hour,Aves,Anura,477.469,685.12,Vulnerable
Election at,Amphibia,Rodentia,2297.023,1391.23,Vulnerable
Safe foreign,Reptilia,Passeriformes,3362.64,2709.98,Critically Endangered
Pretty suddenly,Reptilia,Anura,515.688,538.81,Critically Endangered
Summer whole,Actinopterygii,Rodentia,235.825,1346.12,Critically Endangered
Pass any,Mammalia,Anura,3729.41,2109.09,Extinct in the Wild
Low Mrs,Amphibia,Squamata,3368.561,2413.06,Vulnerable
The wind,Mammalia,Anura,1546.736,571.24,Vulnerable
Follow you,Mammalia,Primates,4971.258,2573.92,Least Concern
No chair,Aves,Primates,1087.987,951.27,Vulnerable
Party accept,Reptilia,Squamata,1435.21,1049.0,Extinct in the Wild
Letter not,Actinopterygii,Squamata,523.472,47.07,Vulnerable
Painting stuff,Mammalia,Rodentia,1399.924,549.54,Endangered
Maybe table,Mammalia,Squamata,4391.079,2700.67,Endangered
Player today,Reptilia,Squamata,1977.635,248.96,Least Concern
Recent kind,Mammalia,Carnivora,4855.285,1256.71,Critically Endangered
Across money,Reptilia,Anura,2772.812,296.87,Least Concern
Industry green,Aves,Primates,2446.005,618.65,Endangered
Onto hospital,Amphibia,Rodentia,2589.789,2095.98,Endangered
Plan side,Aves,Rodentia,1869.886,475.48,Least Concern
Face page,Actinopterygii,Primates,802.388,2106.16,Critically Endangered
Fast first,Aves,Anura,1152.464,2007.74,Critically Endangered
Their though,Actinopterygii,Primates,1550.907,2143.02,Vulnerable
Practice I,Actinopterygii,Carnivora,280.158,567.49,Vulnerable
Deal north,Aves,Primates,4282.738,967.45,Least Concern
Lead agreement,Mammalia,Passeriformes,4699.707,504.86,Critically Endangered
Fly hot,Aves,Passeriformes,816.818,3.47,Extinct in the Wild
Adult movie,Actinopterygii,Anura,4342.951,1147.84,Near Threatened
Cold idea,Actinopterygii,Primates,1144.543,2246.86,Critically Endangered
Notice treatment,Mammalia,Anura,64.536,1951.86,Vulnerable
Tonight leave,Aves,Rodentia,898.035,2314.96,Extinct in the Wild
Free mother,Reptilia,Passeriformes,3815.719,743.64,Least Concern
Indeed under,Amphibia,Carnivora,4532.153,1327.46,Least Concern
Run reason,Aves,Rodentia,1553.352,493.48,Least Concern
Character worry,Amphibia,Anura,923.354,2693.24,Vulnerable
Large large,Amphibia,Squamata,4722.569,2196.65,Critically Endangered
Ago another,Aves,Rodentia,425.399,2413.18,Extinct in the Wild
Game to,Aves,Anura,168.729,1103.64,Extinct in the Wild
Party suddenly,Reptilia,Squamata,1681.202,2924.33,Endangered
Year most,Actinopterygii,Rodentia,1178.204,775.47,Extinct in the Wild
Customer natural,Amphibia,Passeriformes,1321.356,935.45,Endangered
Nor garden,Reptilia,Primates,4302.934,1889.9,Near Threatened
By military,Mammalia,Rodentia,2784.497,1928.66,Critically Endangered
Simply letter,Actinopterygii,Carnivora,4849.383,860.65,Near Threatened
Green kid,Amphibia,Primates,4460.51,1210.81,Extinct in the Wild
The floor,Actinopterygii,Squamata,666.494,775.6,Critically Endangered
Note care,Aves,Passeriformes,979.815,2454.32,Near Threatened
Throughout not,Amphibia,Passeriformes,3205.732,2131.5,Extinct in the Wild
Letter camera,Aves,Squamata,4437.034,1503.11,Vulnerable
Series more,Actinopterygii,Rodentia,4473.652,829.12,Least Concern
Why claim,Reptilia,Rodentia,2999.25,148.81,Extinct in the Wild
Suggest positive,Mammalia,Anura,482.437,569.4,Endangered
Early to,Reptilia,Squamata,44.026,1096.69,Critically Endangered
Garden appear,Mammalia,Passeriformes,2611.958,13.52,Vulnerable
Range case,Aves,Anura,4314.93,757.77,Extinct in the Wild
Phone son,Aves,Rodentia,1541.721,1585.58,Endangered
Us debate,Aves,Primates,1476.565,2598.21,Endangered
Rich list,Aves,Carnivora,405.071,2469.93,Extinct in the Wild
Customer wife,Amphibia,Anura,108.622,1219.49,Near Threatened
Board mouth,Reptilia,Passeriformes,3996.756,562.81,Extinct in the Wild
Federal each,Mammalia,Passeriformes,2638.114,1291.95,Extinct in the Wild
Benefit themselves,Amphibia,Passeriformes,3828.688,2618.49,Near Threatened
Summer walk,Mammalia,Carnivora,4128.482,2234.48,Least Concern
Picture officer,Mammalia,Anura,3895.95,1303.85,Vulnerable
House appear,Reptilia,Rodentia,587.242,1654.8,Least Concern
Often authority,Actinopterygii,Anura,3370.398,2258.49,Critically Endangered
Blood month,Mammalia,Primates,220.215,2702.26,Extinct in the Wild
Doctor particular,Actinopterygii,Rodentia,216.561,347.55,Critically Endangered
Individual network,Reptilia,Rodentia,3583.838,2246.6,Critically Endangered
Here about,Amphibia,Anura,4766.576,2725.47,Extinct in the Wild
At five,Aves,Squamata,2803.418,843.12,Vulnerable
Focus learn,Reptilia,Anura,488.79,2752.46,Near Threatened
Rock hour,Amphibia,Passeriformes,2957.853,816.77,Critically Endangered
Business suddenly,Amphibia,Anura,3487.197,2544.67,Critically Endangered
Number and,Mammalia,Rodentia,4945.97,2847.65,Endangered
Well may,Aves,Passeriformes,76.652,2426.57,Vulnerable
Senior continue,Amphibia,Anura,4374.129,2704.24,Least Concern
Onto likely,Amphibia,Squamata,3345.183,1000.94,Critically Endangered
Republican fast,Actinopterygii,Carnivora,2013.111,917.25,Near Threatened
Style fly,Mammalia,Passeriformes,81.635,995.19,Critically Endangered
Return statement,Mammalia,Squamata,1538.572,297.74,Critically Endangered
Mrs myself,Aves,Primates,3046.86,512.38,Endangered
Also believe,Actinopterygii,Primates,1719.378,1946.5,Critically Endangered
Picture skin,Mammalia,Anura,3712.337,1354.46,Least Concern
Group security,Actinopterygii,Rodentia,1291.162,2766.57,Vulnerable
Feeling history,Actinopterygii,Carnivora,1550.093,1609.08,Vulnerable
Relationship force,Amphibia,Anura,3297.344,1205.25,Vulnerable
Player summer,Aves,Rodentia,236.609,1675.33,Near Threatened
Born care,Mammalia,Squamata,1251.774,2002.73,Near Threatened
Street ever,Actinopterygii,Passeriformes,1271.115,89.73,Extinct in the Wild
Quality cold,Actinopterygii,Passeriformes,3680.993,1696.72,Critically Endangered
Watch pick,Mammalia,Primates,4633.694,2876.45,Near Threatened
Sort within,Amphibia,Primates,4325.897,693.47,Near Threatened
Send right,Actinopterygii,Passeriformes,700.457,348.24,Extinct in the Wild
Others lead,Aves,Rodentia,3332.588,1231.7,Extinct in the Wild
Feeling west,Actinopterygii,Primates,271.089,268.2,Near Threatened
Soldier follow,Aves,Anura,2515.418,695.0,Endangered
Send organization,Aves,Carnivora,3840.644,2022.0,Endangered
Partner store,Actinopterygii,Primates,4239.683,140.43,Vulnerable
Cup team,Mammalia,Passeriformes,4397.924,1097.72,Vulnerable
Can employee,Reptilia,Primates,4002.107,431.46,Critically Endangered
If loss,Actinopterygii,Passeriformes,580.161,2327.31,Endangered
Member success,Mammalia,Squamata,4626.951,2444.7,Critically Endangered
Sell sea,Aves,Primates,642.842,230.79,Critically Endangered
Land his,Mammalia,Rodentia,3949.384,798.25,Least Concern
Notice game,Mammalia,Squamata,3571.083,604.15,Critically Endangered
Recognize candidate,Reptilia,Anura,2367.77,2679.53,Near Threatened
Although west,Aves,Rodentia,2736.211,1101.64,Least Concern
Along despite,Mammalia,Rodentia,694.78,1724.74,Near Threatened
Raise indicate,Aves,Primates,4472.324,625.68,Least Concern
Her chair,Actinopterygii,Squamata,691.325,760.17,Endangered
Democrat class,Aves,Squamata,4124.731,1553.75,Least Concern
Situation its,Reptilia,Squamata,4914.981,1453.32,Endangered
Guess east,Reptilia,Anura,752.595,2397.37,Critically Endangered
Heart service,Actinopterygii,Anura,3775.593,214.33,Least Concern
Believe leave,Mammalia,Anura,3795.521,542.2,Endangered
Tell yard,Reptilia,Carnivora,2978.503,2700.44,Critically Endangered
Development ground,Reptilia,Anura,73.093,1990.24,Vulnerable
Situation center,Amphibia,Carnivora,22.579,1836.89,Least Concern
Remain expert,Reptilia,Anura,4385.127,1481.82,Near Threatened
Take job,Amphibia,Squamata,2827.473,1374.35,Endangered
Friend beyond,Mammalia,Passeriformes,992.819,1512.81,Endangered
Life federal,Mammalia,Rodentia,1447.437,2382.14,Vulnerable
Change last,Aves,Primates,3136.809,2163.14,Endangered
Report green,Actinopterygii,Rodentia,4854.804,1007.18,Vulnerable
But play,Aves,Primates,1838.775,480.81,Critically Endangered
Night address,Mammalia,Carnivora,2940.408,2021.59,Critically Endangered
Where machine,Mammalia,Passeriformes,3534.974,1771.44,Endangered
Person eye,Amphibia,Rodentia,3289.083,1473.42,Vulnerable
Ever myself,Reptilia,Rodentia,826.658,107.47,Near Threatened
Former movement,Aves,Rodentia,2114.904,742.03,Critically Endangered
Debate life,Amphibia,Rodentia,4716.917,1643.4,Vulnerable
Remain from,Reptilia,Anura,939.344,451.34,Critically Endangered
Significant down,Amphibia,Squamata,1903.284,1384.3,Critically Endangered
Ahead realize,Mammalia,Rodentia,3875.353,2392.73,Extinct in the Wild
Try education,Actinopterygii,Carnivora,4114.369,1501.96,Critically Endangered
Less citizen,Reptilia,Rodentia,4760.629,1249.04,Critically Endangered
Strategy section,Mammalia,Passeriformes,3748.466,425.32,Extinct in the Wild
Close foreign,Reptilia,Rodentia,561.079,2666.7,Near Threatened
The interesting,Reptilia,Rodentia,4198.78,2076.91,Near Threatened
Not fall,Aves,Squamata,4511.997,415.13,Endangered
Simple by,Amphibia,Primates,4521.584,1139.52,Least Concern
College southern,Mammalia,Rodentia,21.338,437.53,Least Concern
Senior dream,Actinopterygii,Carnivora,3780.677,2623.99,Extinct in the Wild
Purpose window,Amphibia,Passeriformes,1202.892,1452.75,Extinct in the Wild
How yourself,Actinopterygii,Primates,2728.88,2909.45,Least Concern
Your difficult,Aves,Anura,3319.797,2203.87,Extinct in the Wild
A present,Reptilia,Rodentia,37.983,2088.86,Extinct in the Wild
Majority experience,Amphibia,Rodentia,2788.603,2755.68,Extinct in the Wild
Figure development,Mammalia,Carnivora,4166.28,2040.22,Critically Endangered
Agency each,Reptilia,Carnivora,584.085,1718.14,Endangered
Position foot,Amphibia,Primates,4016.026,547.6,Least Concern
Happen whatever,Reptilia,Anura,3586.416,1326.5,Near Threatened
A ago,Aves,Passeriformes,387.276,1487.94,Vulnerable
While wide,Reptilia,Squamata,16.736,2375.55,Critically Endangered
Nearly economic,Mammalia,Anura,4810.587,582.34,Vulnerable
Range little,Mammalia,Anura,4962.629,1607.39,Least Concern
Tax left,Mammalia,Anura,2582.837,194.16,Critically Endangered
Tree him,Mammalia,Rodentia,1037.182,1480.33,Endangered
Behind may,Amphibia,Passeriformes,537.198,1239.34,Extinct in the Wild
Trouble interest,Aves,Passeriformes,3442.313,816.88,Critically Endangered
Give between,Actinopterygii,Carnivora,3810.445,2469.68,Near Threatened
President radio,Aves,Anura,555.809,2149.97,Extinct in the Wild
Fine time,Mammalia,Passeriformes,1943.438,1701.96,Extinct in the Wild
Reality end,Amphibia,Carnivora,3650.566,2884.35,Extinct in the Wild
Space example,Amphibia,Carnivora,4513.402,1364.73,Critically Endangered
Onto nation,Reptilia,Carnivora,1788.845,2426.14,Vulnerable
Staff travel,Actinopterygii,Carnivora,2099.119,905.59,Critically Endangered
Memory thought,Actinopterygii,Rodentia,4859.686,1910.46,Vulnerable
Sport determine,Amphibia,Passeriformes,1114.092,2809.64,Near Threatened
Professional someone,Reptilia,Primates,1227.833,2434.83,Endangered
Outside total,Aves,Passeriformes,2732.9,2255.35,Vulnerable
Somebody manage,Reptilia,Squamata,2997.352,2462.84,Near Threatened
Ten defense,Mammalia,Primates,580.388,1669.96,Endangered
Bank perhaps,Aves,Anura,3574.178,377.65,Least Concern
Wonder get,Reptilia,Rodentia,2345.168,517.04,Critically Endangered
See when,Aves,Carnivora,4272.176,2920.46,Near Threatened
Himself a,Actinopterygii,Carnivora,806.114,1508.16,Critically Endangered
Might save,Aves,Primates,1050.936,1025.75,Near Threatened
Sister feel,Mammalia,Carnivora,4579.474,1934.38,Extinct in the Wild
Consider hard,Aves,Passeriformes,404.885,99.62,Critically Endangered
Many prepare,Aves,Carnivora,1096.105,1932.84,Endangered
Activity major,Aves,Passeriformes,3879.43,20.25,Endangered
Think her,Aves,Rodentia,4388.305,2906.85,Endangered
Friend room,Actinopterygii,Anura,2721.058,1711.82,Least Concern
Attack customer,Amphibia,Squamata,1510.414,2317.78,Extinct in the Wild
Short camera,Amphibia,Passeriformes,1260.557,1557.49,Least Concern
Management ago,Mammalia,Squamata,931.245,2116.98,Extinct in the Wild
Maintain produce,Mammalia,Anura,2065.937,554.48,Near Threatened
End happy,Actinopterygii,Passeriformes,1179.527,2432.76,Near Threatened
Gas billion,Reptilia,Squamata,2725.066,845.03,Vulnerable
Other director,Actinopterygii,Primates,1187.659,2876.99,Vulnerable
Seat lead,Amphibia,Carnivora,238.889,46.53,Vulnerable
Hold art,Amphibia,Rodentia,2030.563,1552.68,Extinct in the Wild
Current page,Mammalia,Squamata,4196.178,2772.36,Endangered
Team brother,Aves,Primates,4151.143,1986.32,Critically Endangered
A customer,Aves,Carnivora,3716.7,995.9,Vulnerable
To someone,Aves,Primates,1400.958,2796.42,Endangered
Able give,Amphibia,Anura,2159.192,371.83,Vulnerable
Coach reveal,Actinopterygii,Rodentia,2056.059,2581.44,Least Concern
Professional others,Mammalia,Rodentia,658.737,2285.41,Critically Endangered
Idea could,Amphibia,Carnivora,628.976,886.25,Vulnerable
Congress young,Aves,Primates,4279.134,221.18,Vulnerable
Million offer,Mammalia,Primates,4778.837,700.52,Endangered
Trouble first,Amphibia,Rodentia,3614.526,946.54,Critically Endangered
Guess beautiful,Mammalia,Rodentia,220.405,2812.79,Extinct in the Wild
True beautiful,Reptilia,Primates,3128.927,1386.02,Critically Endangered
Cup least,Amphibia,Anura,4260.856,2363.72,Near Threatened
Citizen two,Reptilia,Squamata,4587.344,2470.5,Vulnerable
Agree focus,Aves,Passeriformes,1939.299,1043.92,Vulnerable
Light cup,Aves,Primates,4064.447,920.93,Endangered
Service give,Actinopterygii,Carnivora,1591.375,301.48,Vulnerable
Such more,Mammalia,Primates,350.279,13.25,Least Concern
Student whole,Amphibia,Primates,4621.166,2583.48,Vulnerable
Necessary couple,Reptilia,Carnivora,2247.311,814.53,Vulnerable
Mention source,Actinopterygii,Primates,852.771,523.16,Endangered
Phone participant,Actinopterygii,Rodentia,1386.895,204.47,Endangered
All whom,Aves,Primates,1302.883,609.29,Least Concern
Attack ball,Aves,Passeriformes,2282.259,22.68,Critically Endangered
Network turn,Mammalia,Rodentia,422.399,510.39,Least Concern
Lot improve,Actinopterygii,Primates,4615.495,119.61,Endangered
Dream position,Reptilia,Squamata,3188.723,1008.56,Least Concern
Nor off,Mammalia,Primates,2915.332,1663.82,Vulnerable
Stock pattern,Amphibia,Squamata,3619.544,2515.12,Endangered
Marriage none,Mammalia,Squamata,3747.014,365.03,Vulnerable
Staff personal,Reptilia,Carnivora,560.946,2401.64,Near Threatened
Later imagine,Actinopterygii,Passeriformes,4733.903,626.38,Extinct in the Wild
Show kitchen,Reptilia,Anura,3059.53,1353.23,Vulnerable
Answer matter,Reptilia,Rodentia,1784.353,1005.46,Vulnerable
Smile mouth,Reptilia,Passeriformes,4128.743,405.15,Critically Endangered
Model center,Reptilia,Rodentia,4723.209,691.63,Vulnerable
Type state,Mammalia,Carnivora,1017.95,2956.49,Near Threatened
Family heart,Mammalia,Carnivora,138.67,2994.01,Extinct in the Wild
Nor phone,Actinopterygii,Anura,3156.006,2538.67,Endangered
Start truth,Mammalia,Squamata,4951.715,2639.88,Critically Endangered
However wear,Reptilia,Anura,3627.059,810.85,Near Threatened
After far,Aves,Rodentia,4472.183,2856.14,Endangered
Clearly value,Reptilia,Passeriformes,1142.197,431.52,Critically Endangered
Common trouble,Reptilia,Primates,4496.378,307.53,Vulnerable
Trip other,Reptilia,Passeriformes,3450.231,2342.3,Critically Endangered
Keep keep,Amphibia,Squamata,4172.834,955.71,Critically Endangered
During base,Mammalia,Primates,202.231,970.57,Extinct in the Wild
Meet who,Amphibia,Rodentia,2666.489,1771.55,Critically Endangered
Kind others,Reptilia,Carnivora,1826.429,2003.31,Extinct in the Wild
Few believe,Mammalia,Carnivora,1525.678,1463.98,Extinct in the Wild
Family sound,Aves,Carnivora,4144.586,1287.64,Extinct in the Wild
Memory level,Amphibia,Carnivora,4016.212,881.67,Extinct in the Wild
Tend shake,Amphibia,Anura,1171.403,330.86,Least Concern
Play material,Amphibia,Carnivora,2770.419,2466.13,Near Threatened
See every,Actinopterygii,Primates,3256.082,2169.54,Least Concern
Someone analysis,Amphibia,Squamata,2690.944,291.42,Extinct in the Wild
Water that,Reptilia,Anura,1990.007,609.05,Near Threatened
Story cover,Aves,Carnivora,3433.444,820.43,Vulnerable
Church religious,Aves,Primates,3812.869,2903.76,Critically Endangered
Who ability,Actinopterygii,Carnivora,3716.57,92.5,Least Concern
Main head,Actinopterygii,Anura,697.982,2841.25,Critically Endangered
Threat seek,Actinopterygii,Primates,1060.611,1197.28,Least Concern
Full hour,Reptilia,Passeriformes,3090.312,1469.38,Endangered
Beyond stay,Amphibia,Anura,2580.872,2678.75,Near Threatened
Community industry,Aves,Primates,3767.108,1149.15,Near Threatened
Yourself Congress,Actinopterygii,Squamata,4876.367,1244.04,Critically Endangered
Personal day,Actinopterygii,Anura,2671.46,565.11,Vulnerable
President area,Aves,Primates,1525.413,336.53,Least Concern
Difference and,Reptilia,Rodentia,4093.872,2575.18,Extinct in the Wild
Store tell,Aves,Rodentia,2092.437,325.36,Endangered
Up remember,Reptilia,Rodentia,2293.287,537.36,Vulnerable
Color garden,Aves,Squamata,3821.414,815.4,Endangered
Open again,Aves,Anura,3079.829,1738.62,Vulnerable
May left,Aves,Carnivora,2508.129,1371.0,Vulnerable
Ahead that,Mammalia,Carnivora,2644.25,1958.26,Near Threatened
Guess movement,Amphibia,Squamata,4985.467,2090.02,Critically Endangered
Easy suffer,Actinopterygii,Primates,631.755,611.52,Least Concern
Body simply,Aves,Primates,1609.05,1104.82,Least Concern
Reach next,Actinopterygii,Passeriformes,2440.548,1307.57,Near Threatened
Education country,Aves,Carnivora,2292.385,2893.93,Extinct in the Wild
Mind Republican,Amphibia,Primates,3955.972,1975.98,Near Threatened
Expert sister,Actinopterygii,Squamata,2922.247,2424.0,Endangered
Bring back,Mammalia,Anura,2257.402,672.67,Vulnerable
Attorney simple,Actinopterygii,Rodentia,3563.814,1307.2,Extinct in the Wild
Avoid require,Aves,Primates,3329.646,1161.4,Extinct in the Wild
Name civil,Aves,Passeriformes,3106.002,2555.28,Least Concern
Name beautiful,Amphibia,Squamata,1519.214,596.36,Least Concern
Reach president,Amphibia,Primates,1884.337,2793.86,Extinct in the Wild
Story half,Amphibia,Rodentia,4496.028,1076.75,Extinct in the Wild
Study against,Aves,Anura,991.312,442.54,Least Concern
Important protect,Amphibia,Carnivora,4908.59,1829.88,Extinct in the Wild
Certainly contain,Amphibia,Passeriformes,2895.762,1069.99,Least Concern
Read sister,Amphibia,Squamata,2969.506,112.17,Least Concern
Trouble kind,Aves,Rodentia,1824.994,1202.2,Extinct in the Wild
Might want,Aves,Anura,2312.806,2851.22,Endangered
New if,Actinopterygii,Squamata,2299.402,2818.41,Extinct in the Wild
Scientist price,Aves,Carnivora,4919.929,2219.69,Endangered
Thus middle,Reptilia,Rodentia,1862.496,2620.7,Endangered
Future all,Amphibia,Rodentia,3326.744,80.01,Least Concern
Section rest,Amphibia,Primates,855.738,2927.93,Near Threatened
Teach human,Amphibia,Carnivora,240.626,2675.52,Critically Endangered
Five nature,Mammalia,Passeriformes,4240.64,2264.96,Least Concern
Sell year,Actinopterygii,Carnivora,3172.05,552.33,Endangered
Financial fight,Amphibia,Carnivora,1506.412,592.34,Least Concern
Democratic wide,Amphibia,Anura,4171.644,527.1,Least Concern
Suddenly far,Aves,Passeriformes,2434.365,1668.4,Near Threatened
Bed right,Actinopterygii,Primates,288.221,2351.91,Vulnerable
Institution kitchen,Amphibia,Squamata,2738.492,137.19,Least Concern
Believe word,Actinopterygii,Anura,4680.191,621.45,Least Concern
Behind although,Aves,Rodentia,601.868,1625.19,Vulnerable
Rise work,Amphibia,Carnivora,1155.695,1735.78,Endangered
Student like,Mammalia,Rodentia,1807.31,786.59,Near Threatened
Tend popular,Amphibia,Anura,1092.681,1623.25,Least Concern
His quickly,Actinopterygii,Anura,2285.967,2099.98,Least Concern
Society use,Reptilia,Rodentia,3978.862,2720.35,Vulnerable
Site media,Aves,Squamata,2073.571,880.56,Vulnerable
Project impact,Mammalia,Passeriformes,1672.99,557.64,Vulnerable
Cut economy,Amphibia,Squamata,1057.631,101.29,Critically Endangered
Oil player,Actinopterygii,Carnivora,1470.237,2778.98,Endangered
Often west,Reptilia,Rodentia,3898.926,824.62,Endangered
Throw happen,Actinopterygii,Carnivora,3170.37,338.95,Critically Endangered
Turn clearly,Mammalia,Rodentia,1819.31,1022.05,Extinct in the Wild
Yet people,Actinopterygii,Carnivora,2004.104,2295.81,Least Concern
Long avoid,Reptilia,Passeriformes,1361.702,2097.12,Least Concern
Consumer clearly,Actinopterygii,Passeriformes,109.965,2443.09,Least Concern
With question,Mammalia,Carnivora,3799.402,2721.27,Vulnerable
Religious order,Mammalia,Carnivora,1115.581,503.95,Critically Endangered
Still wind,Amphibia,Carnivora,2881.087,1575.95,Endangered
Traditional Congress,Reptilia,Rodentia,4924.866,2002.16,Least Concern
Claim individual,Amphibia,Passeriformes,2316.096,2224.6,Critically Endangered
Sometimes each,Amphibia,Carnivora,1707.324,653.89,Least Concern
Mind others,Amphibia,Primates,514.962,1772.93,Extinct in the Wild
Before up,Reptilia,Rodentia,4911.885,1056.28,Critically Endangered
Lot industry,Reptilia,Passeriformes,3605.272,1863.31,Near Threatened
Mind something,Reptilia,Rodentia,943.752,2927.66,Least Concern
Wonder need,Amphibia,Carnivora,1707.975,1049.34,Near Threatened
One upon,Reptilia,Squamata,2.58,1386.63,Endangered
Story house,Mammalia,Carnivora,2571.684,2910.13,Least Concern
Second firm,Reptilia,Carnivora,962.652,1452.52,Near Threatened
Education kind,Amphibia,Passeriformes,1880.052,2073.27,Near Threatened
Pay those,Reptilia,Rodentia,1623.348,1666.26,Near Threatened
Include once,Actinopterygii,Anura,2998.187,954.12,Least Concern
Cost give,Aves,Passeriformes,1441.716,2065.98,Endangered
Officer end,Amphibia,Carnivora,4896.289,1947.11,Vulnerable
Parent contain,Actinopterygii,Primates,4935.38,2450.92,Near Threatened
Wide into,Mammalia,Passeriformes,2030.402,2387.22,Endangered
System task,Actinopterygii,Squamata,4268.714,1549.9,Least Concern
Let entire,Amphibia,Anura,4953.771,2093.01,Least Concern
Meeting blue,Reptilia,Squamata,3018.066,1506.67,Critically Endangered
Loss difficult,Amphibia,Passeriformes,111.264,755.74,Near Threatened
Line seat,Reptilia,Passeriformes,35.323,1.82,Vulnerable
Common act,Reptilia,Anura,2560.038,2715.05,Least Concern
Sure level,Amphibia,Rodentia,1829.496,180.93,Extinct in the Wild
Whom sell,Reptilia,Primates,155.707,2262.37,Extinct in the Wild
Charge might,Amphibia,Passeriformes,1788.738,2437.78,Vulnerable
Possible just,Reptilia,Carnivora,4895.805,2703.24,Vulnerable
Deal management,Reptilia,Passeriformes,432.659,2484.89,Near Threatened
Person find,Amphibia,Anura,531.474,2035.19,Vulnerable
Herself appear,Aves,Carnivora,888.45,629.81,Near Threatened
Write language,Reptilia,Anura,3720.211,128.72,Least Concern
Lay stand,Mammalia,Primates,451.134,1432.64,Vulnerable
Foot far,Amphibia,Primates,2294.9,2263.83,Critically Endangered
Form difficult,Reptilia,Carnivora,4192.838,619.79,Endangered
Term keep,Mammalia,Rodentia,1415.815,1556.63,Endangered
Community include,Actinopterygii,Rodentia,4754.899,1239.61,Vulnerable
Card true,Amphibia,Carnivora,4365.045,2008.22,Least Concern
Especially get,Reptilia,Carnivora,1347.865,2209.71,Vulnerable
Ball item,Mammalia,Carnivora,182.908,634.33,Least Concern
Create energy,Amphibia,Rodentia,1646.087,2126.82,Near Threatened
Weight exist,Reptilia,Anura,666.784,1613.63,Vulnerable
Good beyond,Amphibia,Carnivora,2295.278,2458.82,Least Concern
Through way,Actinopterygii,Anura,659.816,1509.82,Extinct in the Wild
Look movement,Aves,Primates,4833.522,1065.69,Extinct in the Wild
Occur three,Aves,Squamata,3974.872,2072.62,Extinct in the Wild
Have spend,Mammalia,Anura,3211.595,2116.53,Extinct in the Wild
Worker but,Aves,Primates,2311.531,1672.25,Extinct in the Wild
Spring difficult,Amphibia,Carnivora,1442.525,330.46,Critically Endangered
Arm own,Actinopterygii,Primates,1856.352,2685.87,Extinct in the Wild
Government never,Reptilia,Rodentia,2574.84,1555.59,Near Threatened
Chair body,Mammalia,Rodentia,661.801,1446.42,Extinct in the Wild
Population hospital,Reptilia,Passeriformes,4626.002,2370.36,Extinct in the Wild
Loss analysis,Aves,Carnivora,1067.448,1840.39,Extinct in the Wild
City turn,Amphibia,Passeriformes,3946.278,1270.56,Extinct in the Wild
Rise specific,Reptilia,Primates,1109.476,1185.78,Critically Endangered
Treatment well,Actinopterygii,Rodentia,177.465,2534.62,Least Concern
Note candidate,Reptilia,Passeriformes,1659.455,2488.04,Vulnerable
Game according,Reptilia,Passeriformes,4813.939,2026.79,Endangered
Prevent point,Actinopterygii,Primates,4191.519,264.47,Critically Endangered
Else name,Mammalia,Squamata,1110.078,646.44,Near Threatened
Challenge individual,Reptilia,Carnivora,2581.487,2365.39,Near Threatened
Go none,Mammalia,Rodentia,4848.858,1183.41,Near Threatened
Around man,Reptilia,Passeriformes,3917.502,1942.87,Vulnerable
Fight about,Amphibia,Squamata,2041.284,2760.9,Endangered
Whatever deal,Mammalia,Squamata,2075.779,1289.53,Least Concern
Walk develop,Aves,Primates,4254.069,1552.01,Extinct in the Wild
Different economy,Reptilia,Squamata,4394.681,1417.93,Least Concern
Family fact,Mammalia,Passeriformes,4428.466,589.01,Endangered
