species,class,order,weight_kg,length_cm,conservation_status
Save evening,Reptilia,Squamata,887.685,1105.84,Near Threatened
Window soon,Mammalia,Passeriformes,1223.227,2164.68,Vulnerable
Eye might,Aves,Rodentia,3005.732,280.91,Critically Endangered
Next southern,Mammalia,Carnivora,1002.95,1298.89,Endangered
Whatever Democrat,Amphibia,Passeriformes,1591.271,170.82,Endangered
Take seem,Aves,Primates,3135.483,1347.99,Endangered
Short drug,Amphibia,Anura,3283.893,2277.24,Extinct in the Wild
White anyone,Reptilia,Carnivora,3391.133,2004.34,Least Concern
Although return,Aves,Rodentia,4534.379,2521.42,Vulnerable
Suddenly fund,Aves,Primates,2037.58,631.87,Least Concern
Never vote,Amphibia,Anura,1416.207,837.4,Extinct in the Wild
Behind none,Reptilia,Passeriformes,1723.661,943.63,Extinct in the Wild
Record movement,Reptilia,Squamata,3186.87,2007.98,Endangered
Knowledge would,Actinopterygii,Passeriformes,4073.012,2780.56,Extinct in the Wild
Opportunity participant,Amphibia,Passeriformes,60.772,201.82,Near Threatened
Table word,Mammalia,Carnivora,3583.356,67.99,Extinct in the Wild
Second give,Mammalia,Rodentia,2912.497,353.16,Critically Endangered
Magazine produce,Aves,Anura,4532.233,1378.38,Vulnerable
Oil class,Amphibia,Anura,83.273,1347.33,Extinct in the Wild
Stuff theory,Aves,Carnivora,3480.706,1363.69,Critically Endangered
Assume past,Mammalia,Anura,3735.679,1932.37,Extinct in the Wild
Night range,Amphibia,Primates,151.106,2003.41,Critically Endangered
Cultural check,Actinopterygii,Passeriformes,349.409,1351.78,Vulnerable
Woman study,Actinopterygii,Carnivora,2224.085,1012.33,Critically Endangered
Half real,Amphibia,Anura,2578.573,2648.58,Critically Endangered
Set way,Mammalia,Primates,606.485,1430.36,Vulnerable
Front return,Mammalia,Anura,544.336,509.21,Extinct in the Wild
Executive student,Amphibia,Squamata,3445.382,2895.17,Vulnerable
Least with,Mammalia,Primates,2220.744,222.98,Vulnerable
Past sense,Amphibia,Primates,4606.33,1486.4,Endangered
Sense soon,Reptilia,Rodentia,1763.038,2324.97,Vulnerable
Realize stage,Amphibia,Passeriformes,548.586,541.8,Near Threatened
Necessary campaign,Amphibia,Squamata,3897.035,827.6,Critically Endangered
Little visit,Aves,Carnivora,4998.007,2013.69,Vulnerable
Speak detail,Mammalia,Anura,1320.144,134.04,Least Concern
Should nor,Amphibia,Rodentia,3409.748,722.98,Extinct in the Wild
Sort people,Reptilia,Anura,2978.771,880.58,Vulnerable
Imagine think,Reptilia,Rodentia,2930.105,164.21,Vulnerable
Each staff,Mammalia,Rodentia,2307.941,909.57,Critically Endangered
Compare manage,Amphibia,Carnivora,798.983,2772.34,Critically Endangered
Meeting foreign,Reptilia,Rodentia,872.676,973.23,Least Concern
Argue series,Actinopterygii,Primates,2463.045,2274.33,Least Concern
Raise professional,Amphibia,Carnivora,1568.453,610.98,Near Threatened
When service,Amphibia,Anura,4238.342,1086.27,Endangered
Anything not,Mammalia,Passeriformes,3944.094,1482.23,Vulnerable
Message himself,Amphibia,Rodentia,2446.162,2559.28,Critically Endangered
Now out,Amphibia,Rodentia,2.82,2226.2,Vulnerable
Carry feel,Aves,Primates,3134.718,2550.05,Endangered
Week travel,Aves,Passeriformes,536.929,1032.74,Critically Endangered
Middle explain,Actinopterygii,Squamata,639.087,205.42,Least Concern
Owner stage,Amphibia,Passeriformes,4488.674,2277.02,Least Concern
Themselves skin,Aves,Squamata,465.625,2794.3,Near Threatened
Plan keep,Amphibia,Carnivora,4668.62,713.16,Least Concern
Over matter,Actinopterygii,Rodentia,103.804,360.39,Critically Endangered
Less loss,Actinopterygii,Squamata,3717.956,205.14,Critically Endangered
After wish,Actinopterygii,Anura,1445.098,2515.58,Least Concern
Exist drive,Aves,Passeriformes,2035.323,2303.09,Least Concern
Theory student,Amphibia,Passeriformes,1116.569,1922.61,Near Threatened
Policy opportunity,Mammalia,Rodentia,3137.321,2360.76,Extinct in the Wild
School American,Reptilia,Primates,2361.791,1617.73,Extinct in the Wild
Degree soon,Reptilia,Squamata,903.119,2774.79,Near Threatened
Range religious,Reptilia,Carnivora,659.131,275.31,Critically Endangered
List magazine,Aves,Anura,1373.621,1736.58,Least Concern
First wide,Amphibia,Squamata,67.454,1501.05,Vulnerable
Challenge here,Actinopterygii,Rodentia,2676.306,53.45,Near Threatened
Work page,Actinopterygii,Passeriformes,1593.525,1152.17,Critically Endangered
Government country,Actinopterygii,Squamata,4457.525,1266.4,Endangered
Allow dog,Actinopterygii,Passeriformes,1554.409,2752.04,Critically Endangered
Establish notice,Actinopterygii,Squamata,2753.391,1557.35,Extinct in the Wild
Defense up,Reptilia,Squamata,697.798,220.94,Extinct in the Wild
Ball first,Mammalia,Anura,2599.738,1705.61,Endangered
Character lay,Amphibia,Passeriformes,3868.187,161.51,Near Threatened
And will,Actinopterygii,Squamata,4524.642,1339.76,Vulnerable
Interesting garden,Amphibia,Passeriformes,525.818,2733.92,Near Threatened
Two scientist,Amphibia,Squamata,3418.989,2379.28,Near Threatened
Environment total,Actinopterygii,Squamata,2036.525,1411.75,Extinct in the Wild
Guy understand,Aves,Passeriformes,1381.968,1282.59,Near Threatened
Article should,Reptilia,Anura,874.232,1455.06,Least Concern
Election wall,Amphibia,Squamata,2624.214,485.58,Vulnerable
Ok say,Mammalia,Primates,1578.191,2789.93,Near Threatened
Service heavy,Amphibia,Primates,317.197,1092.34,Least Concern
Cut would,Actinopterygii,Primates,2103.706,2390.03,Critically Endangered
Positive four,Actinopterygii,Anura,1837.578,2713.19,Near Threatened
Cover threat,Reptilia,Passeriformes,3786.152,1379.16,Endangered
These matter,Amphibia,Passeriformes,3747.695,2713.78,Vulnerable
Hundred ever,Amphibia,Primates,4617.172,1621.18,Near Threatened
Ok work,Amphibia,Primates,3669.455,2206.4,Near Threatened
Very similar,Actinopterygii,Passeriformes,997.922,1399.72,Critically Endangered
Type over,Aves,Rodentia,370.92,1817.0,Extinct in the Wild
Reflect fear,Aves,Rodentia,4062.446,1063.22,Near Threatened
Network body,Reptilia,Primates,2744.429,2172.2,Least Concern
Thing kind,Reptilia,Rodentia,2828.809,1990.24,Extinct in the Wild
Phone drop,Actinopterygii,Passeriformes,3654.71,1650.3,Least Concern
Assume prove,Mammalia,Passeriformes,4873.867,1153.38,Endangered
Station church,Aves,Carnivora,4451.903,1402.41,Critically Endangered
Owner stock,Mammalia,Primates,4834.01,2092.33,Critically Endangered
Exist cost,Aves,Rodentia,4677.808,2374.06,Near Threatened
This sure,Actinopterygii,Rodentia,2881.003,860.48,Critically Endangered
Wide enter,Amphibia,Anura,3554.404,2917.73,Near Threatened
By agent,Mammalia,Passeriformes,2253.522,57.37,Extinct in the Wild
Relate avoid,Aves,Carnivora,3642.584,1243.19,Least Concern
Happen than,Amphibia,Passeriformes,432.967,1372.67,Endangered
Democrat thousand,Aves,Anura,1130.237,2686.59,Extinct in the Wild
Election far,Amphibia,Passeriformes,4221.425,1426.48,Near Threatened
Close cell,Aves,Rodentia,3216.743,843.59,Extinct in the Wild
May stop,Mammalia,Anura,517.948,1264.06,Vulnerable
Couple card,Mammalia,Rodentia,415.888,1725.84,Least Concern
Part shoulder,Reptilia,Anura,653.769,1855.52,Endangered
Indeed say,Reptilia,Rodentia,2542.343,1829.19,Extinct in the Wild
Success detail,Amphibia,Squamata,751.462,567.91,Critically Endangered
Million green,Reptilia,Carnivora,4798.165,624.17,Endangered
Character his,Mammalia,Passeriformes,2298.688,699.31,Endangered
Third personal,Aves,Anura,4062.108,2359.14,Least Concern
Nor every,Aves,Carnivora,4232.621,2462.26,Critically Endangered
Trade I,Mammalia,Carnivora,4986.664,1890.76,Least Concern
Meeting water,Actinopterygii,Rodentia,4999.932,2180.32,Critically Endangered
Central worker,Reptilia,Passeriformes,904.544,2190.91,Extinct in the Wild
Decade store,Reptilia,Rodentia,650.26,2208.44,Endangered
Clearly research,Actinopterygii,Primates,1736.638,1784.51,Endangered
Executive star,Actinopterygii,Passeriformes,3938.349,1658.06,Vulnerable
Wonder about,Actinopterygii,Anura,2517.776,1132.26,Extinct in the Wild
Fall message,Mammalia,Passeriformes,3335.089,2413.13,Least Concern
Finally likely,Reptilia,Carnivora,3757.267,731.91,Least Concern
Baby wrong,Mammalia,Carnivora,3164.323,105.71,Endangered
Involve reveal,Amphibia,Carnivora,1501.216,906.77,Extinct in the Wild
Compare certain,Amphibia,Carnivora,4765.405,1690.56,Critically Endangered
Law fast,Mammalia,Passeriformes,2678.079,1278.83,Least Concern
Rest top,Reptilia,Squamata,2740.004,999.04,Near Threatened
Democratic one,Aves,Carnivora,2074.539,2502.81,Vulnerable
Myself challenge,Amphibia,Anura,46.146,1011.2,Vulnerable
Into hold,Mammalia,Carnivora,273.78,835.03,Vulnerable
Three report,Mammalia,Passeriformes,4355.244,2530.96,Endangered
Win allow,Reptilia,Passeriformes,3564.778,1143.43,Extinct in the Wild
Reflect whom,Amphibia,Passeriformes,58.441,2518.65,Critically Endangered
Late population,Aves,Squamata,1526.063,1729.54,Endangered
Dream dark,Actinopterygii,Squamata,483.076,1644.09,Vulnerable
Street herself,Reptilia,Rodentia,4124.961,599.51,Extinct in the Wild
Pass focus,Mammalia,Rodentia,4205.678,2128.77,Least Concern
Various field,Aves,Squamata,4040.577,2878.6,Critically Endangered
Campaign guess,Reptilia,Primates,2405.511,2557.09,Near Threatened
Floor this,Reptilia,Rodentia,2928.618,2174.43,Extinct in the Wild
Personal second,Aves,Carnivora,1396.742,1020.04,Extinct in the Wild
Plant look,Actinopterygii,Carnivora,2907.06,1895.08,Critically Endangered
Sense human,Reptilia,Anura,4836.895,2992.94,Near Threatened
Drug accept,Mammalia,Carnivora,4317.741,352.21,Endangered
Entire its,Amphibia,Passeriformes,3333.063,1949.09,Extinct in the Wild
Possible perhaps,Amphibia,Passeriformes,2620.785,90.73,Endangered
Building outside,Reptilia,Anura,1109.48,455.2,Near Threatened
Radio tree,Aves,Primates,4651.489,1252.3,Near Threatened
Term consider,Actinopterygii,Passeriformes,3145.266,1093.39,Vulnerable
Everything entire,Actinopterygii,Rodentia,3915.5,1914.75,Extinct in the Wild
Involve care,Amphibia,Squamata,4725.142,1059.38,Critically Endangered
Evidence federal,Reptilia,Primates,1928.68,767.33,Endangered
Off can,Amphibia,Primates,539.217,1255.13,Least Concern
Above magazine,Reptilia,Carnivora,1600.952,51.97,Near Threatened
Speech contain,Actinopterygii,Carnivora,2014.214,1480.33,Near Threatened
Break as,Actinopterygii,Rodentia,3608.445,1745.69,Vulnerable
Dinner sense,Reptilia,Primates,3431.412,2704.14,Endangered
Grow sport,Reptilia,Rodentia,3112.899,2834.33,Extinct in the Wild
Interest according,Mammalia,Squamata,134.9,2089.95,Extinct in the Wild
During rich,Mammalia,Passeriformes,2926.074,2737.59,Extinct in the Wild
Conference avoid,Reptilia,Rodentia,4798.311,1869.06,Least Concern
Interview tonight,Mammalia,Rodentia,3019.615,1935.05,Least Concern
Amount opportunity,Aves,Anura,4979.723,2807.04,Least Concern
Such agent,Amphibia,Carnivora,2598.526,251.89,Near Threatened
Major up,Actinopterygii,Anura,3598.248,1233.03,Near Threatened
System report,Reptilia,Rodentia,1666.749,24.82,Critically Endangered
Nature avoid,Aves,Squamata,3303.088,376.63,Critically Endangered
Human story,Mammalia,Passeriformes,1560.776,2350.42,Extinct in the Wild
Better seat,Aves,Primates,2800.383,2040.54,Endangered
Certainly stuff,Mammalia,Carnivora,399.492,2263.09,Vulnerable
Customer development,Amphibia,Rodentia,4895.015,1520.94,Near Threatened
Protect smile,Reptilia,Passeriformes,833.094,99.38,Endangered
Too prepare,Mammalia,Primates,2943.371,273.54,Vulnerable
Growth goal,Mammalia,Passeriformes,317.214,1702.66,Near Threatened
Arrive newspaper,Amphibia,Rodentia,1948.218,445.19,Extinct in the Wild
Produce own,Aves,Primates,4992.617,854.74,Near Threatened
Let system,Actinopterygii,Primates,1261.652,2617.84,Near Threatened
Next on,Reptilia,Anura,4108.034,1436.62,Critically Endangered
Them up,Actinopterygii,Anura,3754.818,1839.83,Near Threatened
Many number,Reptilia,Rodentia,2248.678,2015.6,Critically Endangered
Occur establish,Aves,Squamata,1859.668,764.54,Near Threatened
Country research,Reptilia,Primates,1281.227,841.71,Extinct in the Wild
Research indicate,Reptilia,Primates,50.834,1666.11,Least Concern
Into her,Amphibia,Carnivora,18.471,1509.5,Near Threatened
Member behavior,Reptilia,Anura,2418.957,2928.14,Critically Endangered
Inside compare,Actinopterygii,Rodentia,3023.039,205.51,Critically Endangered
Agreement building,Reptilia,Carnivora,4941.472,1211.18,Endangered
Community new,Mammalia,Primates,3925.36,1891.34,Least Concern
Right until,Actinopterygii,Carnivora,2058.866,194.76,Endangered
Then interview,Actinopterygii,Passeriformes,4131.171,204.7,Endangered
Sort truth,Amphibia,Squamata,4626.146,1677.45,Vulnerable
Subject subject,Reptilia,Passeriformes,4734.453,1156.26,Endangered
This away,Aves,Primates,1546.642,317.17,Extinct in the Wild
City term,Reptilia,Squamata,1363.718,343.52,Near Threatened
Loss western,Aves,Passeriformes,2990.36,2361.92,Extinct in the Wild
Their walk,Reptilia,Anura,2468.158,1433.01,Near Threatened
Activity military,Actinopterygii,Squamata,4111.503,178.42,Extinct in the Wild
Method hot,Aves,Passeriformes,646.592,1203.27,Endangered
Visit night,Aves,Rodentia,4489.95,141.14,Near Threatened
Low themselves,Amphibia,Passeriformes,1501.009,1083.12,Near Threatened
Heavy board,Amphibia,Carnivora,4649.265,513.26,Endangered
Top cup,Mammalia,Carnivora,274.714,2863.32,Vulnerable
Social myself,Mammalia,Rodentia,3214.129,1641.3,Vulnerable
Low act,Amphibia,Passeriformes,2302.961,2556.47,Near Threatened
Section record,Reptilia,Primates,4918.245,1986.06,Near Threatened
With adult,Amphibia,Primates,3823.73,993.61,Vulnerable
Yes factor,Mammalia,Squamata,4975.219,226.12,Extinct in the Wild
Part scientist,Actinopterygii,Passeriformes,370.824,1093.0,Least Concern
Opportunity young,Aves,Anura,2671.999,255.54,Near Threatened
Southern bit,Reptilia,Passeriformes,3839.066,490.4,Near Threatened
After cell,Aves,Passeriformes,1999.843,2754.24,Near Threatened
Describe service,Amphibia,Passeriformes,1904.8,1203.29,Vulnerable
Believe relationship,Amphibia,Carnivora,4102.276,2174.7,Least Concern
Her challenge,Amphibia,Primates,1436.751,837.36,Near Threatened
Training store,Reptilia,Primates,2084.112,158.94,Near Threatened
Near amount,Reptilia,Primates,4393.396,2861.47,Extinct in the Wild
Tonight individual,Aves,Primates,2554.778,2248.66,Near Threatened
Hold step,Actinopterygii,Carnivora,412.937,2248.66,Near Threatened
Enough nice,Mammalia,Anura,1764.868,2409.06,Near Threatened
Politics our,Reptilia,Passeriformes,2383.062,2399.99,Extinct in the Wild
Space on,Amphibia,Squamata,143.661,2201.38,Least Concern
Forget per,Mammalia,Primates,470.961,766.51,Least Concern
Then option,Actinopterygii,Rodentia,4938.219,2717.21,Critically Endangered
Senior news,Aves,Primates,786.493,598.3,Critically Endangered
Call computer,Amphibia,Passeriformes,2451.023,1155.56,Least Concern
Stuff phone,Aves,Primates,4485.233,239.56,Critically Endangered
Safe describe,Amphibia,Rodentia,3197.511,2559.63,Extinct in the Wild
Pick fall,Actinopterygii,Rodentia,2688.106,2033.44,Least Concern
Such throw,Actinopterygii,Anura,3278.958,2514.29,Critically Endangered
Heavy bit,Mammalia,Anura,3180.564,1740.07,Critically Endangered
Home hold,Amphibia,Carnivora,2307.237,1196.04,Vulnerable
Sure our,Mammalia,Carnivora,2958.163,611.49,Near Threatened
Increase improve,Actinopterygii,Anura,3720.463,2658.04,Extinct in the Wild
Democrat wear,Aves,Squamata,1993.322,704.68,Critically Endangered
Such road,Aves,Squamata,1414.516,2948.53,Endangered
Letter college,Reptilia,Carnivora,2589.523,95.85,Endangered
Difficult artist,Aves,Rodentia,386.484,431.78,Critically Endangered
Realize huge,Actinopterygii,Anura,1031.859,1383.41,Near Threatened
Know bad,Actinopterygii,Anura,1760.623,477.23,Endangered
Happy our,Mammalia,Carnivora,1261.993,1076.33,Near Threatened
Kid culture,Amphibia,Primates,3521.089,2620.57,Endangered
Would program,Amphibia,Passeriformes,3553.848,875.12,Critically Endangered
Clear say,Mammalia,Passeriformes,1867.598,1319.92,Extinct in the Wild
Into character,Amphibia,Primates,2053.711,254.63,Near Threatened
Name item,Aves,Rodentia,4348.671,1336.48,Extinct in the Wild
As series,Amphibia,Passeriformes,3462.422,458.55,Extinct in the Wild
Step explain,Reptilia,Primates,2002.881,2110.12,Near Threatened
Worker cup,Amphibia,Primates,2458.002,2998.88,Least Concern
Long assume,Amphibia,Passeriformes,4697.27,830.25,Vulnerable
Term stay,Actinopterygii,Primates,3447.198,2747.85,Critically Endangered
Voice few,Aves,Anura,1222.516,1876.66,Endangered
Like later,Mammalia,Anura,2564.345,2157.65,Near Threatened
Follow opportunity,Mammalia,Primates,1436.896,545.81,Near Threatened
Case food,Aves,Passeriformes,707.95,2489.36,Critically Endangered
Create treat,Actinopterygii,Passeriformes,4565.891,232.6,Critically Endangered
Two when,Aves,Carnivora,3558.941,790.74,Near Threatened
Develop truth,Amphibia,Carnivora,2610.43,872.9,Endangered
Whose activity,Amphibia,Squamata,4050.189,2974.69,Least Concern
College skin,Actinopterygii,Carnivora,4769.643,2638.4,Vulnerable
Peace word,Actinopterygii,Carnivora,4661.631,2426.4,Vulnerable
Management drive,Actinopterygii,Carnivora,3509.786,2663.11,Critically Endangered
Current race,Aves,Rodentia,2672.08,1195.61,Least Concern
Student summer,Actinopterygii,Carnivora,2997.211,2384.03,Least Concern
Else too,Mammalia,Squamata,151.396,2205.37,Least Concern
Leave rich,Reptilia,Carnivora,2.017,186.02,Vulnerable
For owner,Reptilia,Anura,332.614,1204.0,Least Concern
Theory art,Actinopterygii,Anura,1824.72,2093.26,Least Concern
Somebody than,Aves,Squamata,4285.839,110.18,Extinct in the Wild
Although explain,Reptilia,Passeriformes,2260.393,2901.06,Least Concern
Against represent,Amphibia,Primates,4675.141,474.69,Least Concern
Card how,Aves,Primates,3348.452,1134.99,Extinct in the Wild
Occur clearly,Reptilia,Passeriformes,526.374,1374.86,Endangered
Staff majority,Amphibia,Primates,1953.308,479.04,Endangered
Full yes,Actinopterygii,Squamata,4406.37,1474.17,Near Threatened
Pick beyond,Actinopterygii,Rodentia,4590.559,738.81,Near Threatened
Apply again,Actinopterygii,Rodentia,181.011,1704.63,Near Threatened
Heavy western,Mammalia,Squamata,2249.312,1471.64,Endangered
War difference,Reptilia,Primates,1315.367,703.09,Critically Endangered
Yourself owner,Amphibia,Carnivora,446.476,2016.7,Critically Endangered
Employee energy,Reptilia,Squamata,1941.163,1179.04,Least Concern
Little meeting,Aves,Carnivora,874.569,2108.6,Endangered
Result break,Actinopterygii,Primates,459.483,337.82,Least Concern
Thus Democrat,Mammalia,Primates,4720.216,2737.91,Critically Endangered
Avoid wife,Aves,Primates,791.77,2279.86,Near Threatened
Lot read,Aves,Anura,4255.072,2210.41,Near Threatened
Audience inside,Aves,Squamata,2382.203,2036.05,Least Concern
Society lay,Reptilia,Carnivora,3697.047,1979.89,Critically Endangered
Himself apply,Mammalia,Anura,4498.906,1148.05,Least Concern
Message second,Actinopterygii,Rodentia,4135.786,2334.52,Near Threatened
Detail agreement,Aves,Anura,547.024,2011.62,Extinct in the Wild
Amount two,Mammalia,Rodentia,3168.622,1419.2,Extinct in the Wild
Young could,Amphibia,Rodentia,20.889,2693.07,Vulnerable
Travel test,Mammalia,Carnivora,2515.419,2570.9,Vulnerable
Make have,Aves,Passeriformes,2114.555,2900.53,Critically Endangered
Democrat soon,Aves,Squamata,1091.385,2391.71,Critically Endangered
Upon dog,Mammalia,Anura,2823.889,2332.99,Extinct in the Wild
Suffer risk,Reptilia,Primates,2522.042,2153.03,Vulnerable
Ago somebody,Mammalia,Squamata,2483.681,1464.14,Extinct in the Wild
Cover expect,Mammalia,Anura,2618.266,1438.52,Near Threatened
Such resource,Amphibia,Carnivora,1902.302,863.43,Critically Endangered
Chair spring,Aves,Anura,4145.263,1894.69,Critically Endangered
Economic how,Reptilia,Squamata,4190.244,2160.18,Least Concern
Person remain,Mammalia,Primates,2423.34,67.25,Least Concern
Type think,Aves,Passeriformes,3086.063,706.92,Vulnerable
Political some,Amphibia,Carnivora,2542.928,2093.0,Least Concern
Situation issue,Aves,Passeriformes,1654.389,2462.92,Endangered
Sense nice,Reptilia,Carnivora,3473.094,1244.52,Extinct in the Wild
Represent huge,Amphibia,Carnivora,96.654,2477.38,Endangered
Recently question,Mammalia,Rodentia,4506.038,753.74,Critically Endangered
Enjoy audience,Reptilia,Squamata,4023.618,1728.91,Vulnerable
Positive increase,Actinopterygii,Anura,4734.533,1314.23,Vulnerable
What themselves,Aves,Carnivora,3130.624,2845.8,Extinct in the Wild
He clearly,Actinopterygii,Carnivora,1127.493,1467.45,Extinct in the Wild
Reduce particular,Reptilia,Passeriformes,4019.939,1778.87,Near Threatened
Brother most,Amphibia,Primates,691.499,2909.29,Vulnerable
Beautiful expect,Aves,Primates,576.936,285.7,Endangered
Quickly admit,Amphibia,Carnivora,2711.501,160.69,Critically Endangered
Car modern,Actinopterygii,Carnivora,4851.8,801.97,Critically Endangered
Explain interest,Reptilia,Rodentia,4059.018,884.56,Endangered
Dream big,Reptilia,Primates,4822.323,507.81,Near Threatened
Until serious,Mammalia,Passeriformes,266.599,2028.83,Least Concern
Large teach,Amphibia,Anura,1135.099,339.35,Extinct in the Wild
Remain itself,Reptilia,Primates,1772.995,271.89,Vulnerable
Onto explain,Amphibia,Primates,2299.259,1213.96,Endangered
Follow amount,Reptilia,Primates,4978.226,1538.92,Extinct in the Wild
Along book,Reptilia,Primates,4755.741,958.23,Critically Endangered
Floor other,Aves,Rodentia,1844.773,795.29,Vulnerable
Outside manage,Amphibia,Carnivora,2198.724,2723.46,Least Concern
Admit make,Actinopterygii,Anura,1690.318,2549.26,Near Threatened
Per clear,Amphibia,Primates,2770.465,1008.42,Endangered
Box provide,Actinopterygii,Primates,3110.97,2669.82,Endangered
School star,Aves,Rodentia,1169.221,2864.01,Vulnerable
Create attack,Amphibia,Rodentia,4719.825,821.03,Endangered
Modern write,Reptilia,Anura,2657.512,2423.2,Vulnerable
Third teach,Actinopterygii,Primates,1073.794,2237.38,Least Concern
History guy,Amphibia,Squamata,2136.305,2590.57,Critically Endangered
But none,Amphibia,Carnivora,2996.259,1520.32,Vulnerable
Must sport,Mammalia,Carnivora,3407.342,2708.36,Extinct in the Wild
Because project,Aves,Rodentia,481.84,27.33,Extinct in the Wild
Area phone,Aves,Squamata,1014.681,2199.39,Endangered
Cost word,Amphibia,Anura,2826.679,849.38,Least Concern
Watch ago,Actinopterygii,Primates,1079.58,1360.7,Endangered
Billion candidate,Mammalia,Rodentia,4918.899,1427.43,Vulnerable
Team rest,Reptilia,Anura,2069.65,2361.78,Near Threatened
Song raise,Aves,Primates,1280.756,877.97,Extinct in the Wild
Thing pass,Amphibia,Carnivora,179.722,435.5,Extinct in the Wild
Particular agreement,Reptilia,Primates,2318.877,11.32,Vulnerable
Crime chair,Aves,Squamata,1287.519,2059.46,Vulnerable
Identify yes,Reptilia,Primates,1458.483,1935.03,Least Concern
Number week,Actinopterygii,Carnivora,2646.561,1909.7,Extinct in the Wild
Tonight tonight,Mammalia,Anura,1434.367,2434.48,Endangered
Purpose ever,Amphibia,Rodentia,868.623,567.17,Vulnerable
Rock nor,Aves,Squamata,4488.343,1228.43,Critically Endangered
Record leave,Amphibia,Rodentia,13.98,1700.59,Extinct in the Wild
Level line,Amphibia,Anura,1009.716,1123.72,Extinct in the Wild
General new,Reptilia,Primates,3376.688,2720.74,Endangered
Future sing,Mammalia,Primates,2961.551,803.25,Extinct in the Wild
Medical hair,Actinopterygii,Carnivora,4170.026,654.83,Endangered
Box want,Mammalia,Anura,4982.795,1118.72,Critically Endangered
Lot voice,Reptilia,Carnivora,4107.012,1621.54,Vulnerable
Wide couple,Amphibia,Passeriformes,514.394,2512.42,Least Concern
Blood growth,Aves,Anura,28.207,1154.59,Least Concern
Section here,Reptilia,Passeriformes,3854.831,1950.72,Near Threatened
Help American,Reptilia,Passeriformes,3334.434,542.68,Extinct in the Wild
Several step,Reptilia,Carnivora,3861.805,610.33,Endangered
Concern per,Amphibia,Primates,3702.39,109.77,Least Concern
Begin sort,Aves,Primates,3314.726,2127.97,Near Threatened
Study school,Reptilia,Squamata,639.02,1244.14,Endangered
Blood laugh,Reptilia,Rodentia,1351.01,1956.81,Least Concern
Investment part,Actinopterygii,Squamata,4921.025,1774.46,Critically Endangered
Allow sometimes,Aves,Passeriformes,4040.77,1605.16,Endangered
Painting too,Amphibia,Rodentia,666.476,1803.93,Endangered
Agency loss,Actinopterygii,Squamata,2160.449,2230.16,Vulnerable
Likely where,Amphibia,Primates,3296.59,1493.06,Vulnerable
Information garden,Amphibia,Primates,3637.649,2058.22,Least Concern
Cup show,Aves,Passeriformes,3358.978,2628.36,Least Concern
Bag physical,Mammalia,Anura,3364.503,670.47,Vulnerable
Follow member,Amphibia,Rodentia,3361.893,758.22,Endangered
Enjoy almost,Aves,Primates,3080.576,1473.61,Vulnerable
Red its,Amphibia,Anura,3.724,2271.22,Critically Endangered
Yet receive,Amphibia,Anura,1033.779,1352.08,Critically Endangered
Position clearly,Mammalia,Anura,2574.164,2123.13,Extinct in the Wild
Sound mention,Aves,Passeriformes,4029.176,1349.29,Extinct in the Wild
Suffer national,Reptilia,Primates,893.745,2176.04,Near Threatened
Happen indicate,Mammalia,Passeriformes,727.343,858.17,Vulnerable
Far lay,Reptilia,Anura,4318.805,2363.94,Critically Endangered
Yard street,Amphibia,Primates,3030.526,295.65,Near Threatened
Never kind,Amphibia,Anura,1988.439,568.18,Vulnerable
Why player,Reptilia,Anura,2834.732,2586.73,Least Concern
Front child,Actinopterygii,Squamata,4230.597,2453.98,Endangered
Ball draw,Actinopterygii,Passeriformes,2706.546,257.76,Extinct in the Wild
Tax skill,Aves,Squamata,756.987,100.13,Near Threatened
Blood across,Aves,Anura,4535.512,1877.7,Endangered
Score remember,Actinopterygii,Carnivora,4244.668,299.79,Vulnerable
Single under,Aves,Rodentia,4769.876,1903.82,Critically Endangered
Beyond measure,Aves,Anura,2964.925,2941.6,Endangered
Whatever above,Aves,Carnivora,4308.717,2107.43,Extinct in the Wild
Bad role,Actinopterygii,Squamata,2007.575,861.72,Extinct in the Wild
Congress painting,Actinopterygii,Anura,1329.5,1563.74,Near Threatened
Hospital morning,Reptilia,Anura,888.499,2513.94,Extinct in the Wild
Red allow,Amphibia,Carnivora,4100.895,785.99,Least Concern
With vote,Amphibia,Primates,1507.287,673.57,Extinct in the Wild
Better process,Amphibia,Primates,1201.097,199.84,Endangered
Former model,Actinopterygii,Carnivora,3287.751,2415.31,Critically Endangered
Despite officer,Aves,Anura,3772.987,619.26,Extinct in the Wild
Remember prevent,Amphibia,Carnivora,2599.203,2480.08,Extinct in the Wild
Say old,Reptilia,Anura,1040.0,2990.86,Vulnerable
President sure,Reptilia,Carnivora,3430.743,2581.89,Near Threatened
Fear simply,Amphibia,Squamata,2414.967,57.96,Near Threatened
Local strong,Reptilia,Passeriformes,3196.592,979.81,Endangered
Century social,Mammalia,Carnivora,1323.31,2750.57,Least Concern
Until almost,Mammalia,Rodentia,2955.926,2370.49,Extinct in the Wild
Event manage,Mammalia,Rodentia,103.758,560.26,Extinct in the Wild
Great girl,Aves,Rodentia,4994.098,2792.43,Near Threatened
Suddenly customer,Reptilia,Primates,4526.474,1881.94,Critically Endangered
Miss attorney,Aves,Squamata,2960.551,1409.16,Endangered
Sing analysis,Actinopterygii,Carnivora,607.724,2011.41,Least Concern
Little thus,Aves,Anura,4722.569,2262.95,Least Concern
Remain team,Amphibia,Rodentia,1907.291,1882.01,Endangered
Either remain,Aves,Squamata,2729.892,2842.65,Critically Endangered
Seem direction,Reptilia,Anura,1917.114,532.94,Critically Endangered
Political American,Actinopterygii,Squamata,1298.21,350.54,Least Concern
They able,Reptilia,Squamata,4726.936,893.83,Extinct in the Wild
Somebody she,Amphibia,Rodentia,3809.015,114.01,Vulnerable
Fund safe,Mammalia,Primates,4978.981,2013.49,Least Concern
Surface stage,Reptilia,Anura,3519.01,1681.74,Near Threatened
Vote maintain,Amphibia,Squamata,152.988,2310.92,Near Threatened
Difficult new,Aves,Primates,2551.107,2052.2,Critically Endangered
Return turn,Aves,Carnivora,2282.417,2827.4,Endangered
Build plan,Actinopterygii,Carnivora,3878.797,741.11,Endangered
Learn radio,Amphibia,Passeriformes,2639.147,1570.93,Critically Endangered
Image class,Aves,Primates,4904.014,2519.47,Least Concern
Up parent,Reptilia,Primates,712.824,2817.11,Extinct in the Wild
News budget,Aves,Rodentia,2472.335,1416.72,Endangered
Week happy,Mammalia,Anura,4856.24,1546.41,Extinct in the Wild
Economic month,Aves,Primates,3929.513,1938.82,Near Threatened
Wish go,Aves,Squamata,164.439,316.7,Endangered
Head military,Actinopterygii,Carnivora,2537.722,556.17,Extinct in the Wild
Shoulder let,Actinopterygii,Squamata,1124.391,1071.3,Critically Endangered
Single often,Mammalia,Anura,1560.432,2482.13,Vulnerable
Goal system,Amphibia,Carnivora,3643.924,2311.58,Near Threatened
Politics provide,Mammalia,Carnivora,4323.149,1711.12,Vulnerable
Nothing recognize,Actinopterygii,Rodentia,2505.119,2636.31,Critically Endangered
Edge manage,Actinopterygii,Rodentia,292.291,2440.35,Vulnerable
Move receive,Actinopterygii,Primates,1757.308,63.47,Vulnerable
Buy street,Reptilia,Anura,1801.622,627.19,Endangered
First media,Reptilia,Carnivora,4402.187,2536.41,Critically Endangered
Question team,Aves,Anura,1199.843,156.14,Vulnerable
Land exactly,Aves,Squamata,2671.97,190.34,Endangered
Somebody need,Amphibia,Squamata,598.76,1886.82,Extinct in the Wild
For issue,Reptilia,Anura,4535.345,1639.39,Vulnerable
Live establish,Amphibia,Anura,3177.818,544.41,Near Threatened
Bill number,Actinopterygii,Primates,2310.823,2199.74,Near Threatened
Marriage they,Aves,Passeriformes,3004.807,673.52,Near Threatened
Organization little,Reptilia,Passeriformes,3084.595,1627.28,Critically Endangered
Environment movement,Amphibia,Primates,3025.215,95.19,Vulnerable
Try us,Mammalia,Rodentia,3783.178,1866.98,Extinct in the Wild
Education state,Aves,Carnivora,4269.256,815.67,Near Threatened
Design likely,Actinopterygii,Anura,1125.514,2761.05,Extinct in the Wild
Because fast,Amphibia,Primates,200.119,1032.65,Vulnerable
Generation to,Amphibia,Carnivora,4671.434,1389.06,Near Threatened
Two play,Mammalia,Anura,2068.134,1397.87,Least Concern
Police open,Reptilia,Anura,338.844,2868.01,Near Threatened
Audience serve,Actinopterygii,Carnivora,1449.719,1312.12,Vulnerable
Certain color,Aves,Rodentia,265.519,1419.5,Critically Endangered
Down for,Mammalia,Passeriformes,3560.49,2916.96,Extinct in the Wild
Same of,Amphibia,Anura,4700.329,87.37,Extinct in the Wild
Pull respond,Aves,Primates,3231.849,1886.23,Critically Endangered
Different add,Reptilia,Primates,1019.08,1882.52,Least Concern
Buy instead,Aves,Primates,4414.03,2562.4,Near Threatened
Collection admit,Actinopterygii,Squamata,2479.622,402.33,Extinct in the Wild
Itself window,Amphibia,Squamata,4379.517,211.69,Critically Endangered
Campaign threat,Amphibia,Carnivora,4564.152,1425.45,Least Concern
Like finally,Actinopterygii,Passeriformes,471.912,1739.97,Vulnerable
Per society,Mammalia,Primates,1643.047,1719.91,Near Threatened
Debate television,Aves,Primates,2386.656,80.32,Endangered
Task almost,Actinopterygii,Anura,4731.472,2550.73,Critically Endangered
Occur play,Aves,Rodentia,4869.925,2967.49,Near Threatened
Traditional even,Mammalia,Anura,1830.96,2078.22,Vulnerable
Great reduce,Amphibia,Rodentia,1870.383,1442.33,Near Threatened
Up one,Mammalia,Carnivora,2329.727,1622.64,Extinct in the Wild
Reflect despite,Aves,Carnivora,1605.991,140.61,Endangered
Important situation,Mammalia,Passeriformes,1294.613,34.74,Extinct in the Wild
Able would,Aves,Carnivora,480.082,1513.82,Endangered
Important lead,Reptilia,Passeriformes,1290.694,656.26,Near Threatened
Officer need,Actinopterygii,Carnivora,424.273,178.08,Critically Endangered
Nor remember,Aves,Squamata,2576.14,1231.4,Endangered
Mr computer,Actinopterygii,Squamata,3649.999,2149.75,Least Concern
Long tend,Amphibia,Anura,538.012,23.08,Vulnerable
Product without,Aves,Rodentia,828.944,2550.22,Near Threatened
Difference attorney,Amphibia,Squamata,4224.691,445.49,Endangered
Main rate,Reptilia,Primates,1981.279,1399.39,Endangered
Vote would,Mammalia,Anura,1479.476,50.98,Extinct in the Wild
Eight expect,Reptilia,Squamata,1057.492,698.2,Extinct in the Wild
Listen last,Amphibia,Primates,3727.378,1136.02,Endangered
Agreement coach,Aves,Primates,4859.78,66.95,Extinct in the Wild
Happen society,Reptilia,Passeriformes,225.676,2045.21,Extinct in the Wild
Hour reflect,Mammalia,Anura,2307.021,1455.23,Extinct in the Wild
Ago specific,Aves,Passeriformes,4688.002,872.23,Extinct in the Wild
Still right,Mammalia,Carnivora,3926.945,2614.28,Critically Endangered
Tax information,Actinopterygii,Carnivora,3130.173,1011.76,Least Concern
Herself fast,Reptilia,Anura,1537.832,2.43,Endangered
Form well,Aves,Squamata,3795.757,373.22,Near Threatened
Reason statement,Aves,Squamata,3676.562,594.79,Vulnerable
Case voice,Actinopterygii,Anura,3928.21,1995.21,Endangered
According owner,Aves,Anura,4666.207,1699.38,Extinct in the Wild
Southern how,Mammalia,Carnivora,4474.715,1129.03,Least Concern
Toward contain,Reptilia,Squamata,4071.867,2838.69,Least Concern
Lawyer million,Aves,Carnivora,2315.329,1616.88,Near Threatened
Seat same,Reptilia,Squamata,4127.597,521.88,Endangered
Low sea,Reptilia,Squamata,1952.666,1814.82,Endangered
Garden scene,Mammalia,Primates,4928.623,509.75,Extinct in the Wild
Create ahead,Mammalia,Carnivora,1185.511,2324.06,Extinct in the Wild
Still condition,Aves,Anura,1302.801,1623.1,Critically Endangered
Idea deep,Actinopterygii,Squamata,2076.224,2045.02,Vulnerable
Rest trial,Actinopterygii,Primates,3645.456,634.55,Extinct in the Wild
Research staff,Aves,Primates,3745.487,2186.28,Near Threatened
Blood actually,Aves,Primates,4834.835,944.55,Near Threatened
Forget pay,Mammalia,Primates,2257.814,1574.48,Vulnerable
Direction well,Amphibia,Rodentia,4235.51,218.2,Extinct in the Wild
Series art,Amphibia,Passeriformes,4474.205,2737.48,Endangered
Candidate drop,Actinopterygii,Squamata,1809.327,2933.15,Critically Endangered
Series remember,Mammalia,Anura,4739.672,356.95,Vulnerable
Answer follow,Amphibia,Primates,645.491,1115.41,Near Threatened
Role just,Actinopterygii,Rodentia,537.008,1931.35,Critically Endangered
Message accept,Amphibia,Passeriformes,1201.807,1900.44,Near Threatened
Avoid media,Reptilia,Squamata,2288.944,107.75,Endangered
Positive tend,Aves,Anura,4547.762,268.28,Extinct in the Wild
Service behavior,Reptilia,Anura,2801.572,335.75,Near Threatened
Book cell,Aves,Anura,3003.487,2511.84,Endangered
Behind manager,Mammalia,Squamata,89.235,2893.46,Vulnerable
Until land,Actinopterygii,Rodentia,2453.298,236.94,Endangered
Wear including,Reptilia,Rodentia,597.089,1655.64,Endangered
Kind apply,Actinopterygii,Carnivora,3267.391,2189.2,Endangered
Keep send,Amphibia,Passeriformes,3519.964,2815.81,Endangered
Support possible,Mammalia,Squamata,1531.403,1054.91,Vulnerable
Room national,Mammalia,Squamata,3650.99,1245.08,Extinct in the Wild
Window feel,Aves,Primates,1027.435,1441.5,Vulnerable
Create future,Amphibia,Anura,3132.244,1526.09,Endangered
Field base,Amphibia,Carnivora,4559.343,1988.2,Vulnerable
Red maybe,Aves,Carnivora,521.593,617.58,Vulnerable
Service think,Actinopterygii,Passeriformes,1451.652,944.65,Endangered
Budget expert,Mammalia,Primates,3193.983,848.53,Endangered
Debate evening,Mammalia,Primates,378.798,512.13,Least Concern
Source late,Mammalia,Anura,53.228,1103.64,Least Concern
Difficult half,Amphibia,Primates,155.246,103.47,Near Threatened
Population scientist,Aves,Passeriformes,2328.44,24.6,Endangered
Paper dinner,Mammalia,Anura,4517.939,518.17,Near Threatened
Building blood,Amphibia,Anura,4440.211,42.06,Critically Endangered
People keep,Mammalia,Anura,1789.488,2711.3,Vulnerable
Even though,Mammalia,Primates,1538.176,707.48,Near Threatened
Sound media,Reptilia,Rodentia,1374.361,377.16,Critically Endangered
Happy their,Actinopterygii,Rodentia,4850.679,361.41,Near Threatened
Able win,Mammalia,Squamata,1579.164,915.4,Endangered
Begin each,Mammalia,Rodentia,3959.707,2993.58,Endangered
A material,Reptilia,Squamata,8.331,1417.61,Endangered
Thus early,Actinopterygii,Passeriformes,3858.292,2458.91,Extinct in the Wild
Better like,Amphibia,Primates,4789.25,1143.22,Vulnerable
Agree him,Actinopterygii,Squamata,2925.477,1117.21,Near Threatened
If current,Reptilia,Rodentia,4556.106,1360.62,Vulnerable
Time player,Actinopterygii,Carnivora,4293.094,713.79,Least Concern
Political ask,Actinopterygii,Squamata,55.958,2052.25,Near Threatened
Also team,Aves,Rodentia,602.352,534.6,Endangered
Usually forward,Reptilia,Primates,3114.147,1020.23,Vulnerable
Eat number,Mammalia,Primates,2927.237,597.44,Endangered
Leave fill,Aves,Rodentia,692.6,357.41,Near Threatened
Second season,Actinopterygii,Rodentia,858.162,2979.13,Vulnerable
Son result,Amphibia,Squamata,1088.701,2284.74,Near Threatened
Enter whole,Mammalia,Passeriformes,4628.251,372.53,Vulnerable
Before large,Amphibia,Primates,4622.926,1637.33,Vulnerable
Push effort,Mammalia,Carnivora,2505.411,2362.74,Critically Endangered
Out carry,Mammalia,Squamata,1460.505,789.01,Endangered
Thank quality,Actinopterygii,Carnivora,4181.002,486.13,Vulnerable
Central two,Mammalia,Rodentia,1799.232,2074.86,Endangered
Daughter save,Reptilia,Passeriformes,2509.449,2200.19,Endangered
Wonder many,Mammalia,Carnivora,1131.815,297.44,Vulnerable
Your idea,Amphibia,Squamata,4814.444,2097.69,Endangered
Claim reason,Mammalia,Passeriformes,4263.175,2724.78,Endangered
Political before,Reptilia,Rodentia,3439.819,1455.79,Least Concern
Little impact,Amphibia,Squamata,799.638,1557.08,Extinct in the Wild
Difference budget,Actinopterygii,Passeriformes,3536.482,2191.67,Near Threatened
Design generation,Mammalia,Squamata,1569.765,2105.1,Critically Endangered
Southern officer,Mammalia,Primates,3684.382,1527.23,Critically Endangered
Far current,Amphibia,Carnivora,2632.184,2883.96,Near Threatened
Culture trouble,Reptilia,Primates,2081.667,1917.15,Vulnerable
Admit pay,Amphibia,Primates,392.959,1830.8,Extinct in the Wild
Responsibility hand,Aves,Primates,353.622,480.28,Least Concern
Activity speech,Actinopterygii,Passeriformes,1579.212,2132.67,Endangered
Tv drug,Aves,Anura,1093.71,738.47,Vulnerable
Season across,Actinopterygii,Carnivora,1203.46,2599.52,Critically Endangered
Campaign feeling,Mammalia,Anura,785.574,2785.6,Critically Endangered
Player discover,Actinopterygii,Passeriformes,3969.008,1294.49,Endangered
Within case,Reptilia,Squamata,1977.086,2354.06,Endangered
Admit film,Reptilia,Carnivora,3918.055,2445.15,Critically Endangered
Pretty right,Amphibia,Anura,235.011,2012.42,Extinct in the Wild
Entire exist,Mammalia,Anura,2595.754,2755.63,Extinct in the Wild
Prepare beautiful,Aves,Anura,3670.71,2594.11,Endangered
Authority bag,Mammalia,Rodentia,2171.87,1456.61,Near Threatened
Throughout population,Aves,Rodentia,1605.305,879.32,Critically Endangered
Address market,Reptilia,Primates,4261.192,1356.89,Extinct in the Wild
The public,Aves,Rodentia,2922.685,1470.9,Least Concern
Data garden,Reptilia,Primates,2611.034,1514.66,Extinct in the Wild
State certain,Mammalia,Passeriformes,1491.861,2609.67,Vulnerable
Letter shake,Actinopterygii,Rodentia,2638.864,2355.43,Extinct in the Wild
Magazine exactly,Mammalia,Carnivora,2847.52,1565.62,Near Threatened
Especially recognize,Mammalia,Squamata,2205.258,860.61,Extinct in the Wild
Feeling fear,Amphibia,Squamata,4480.927,2524.62,Critically Endangered
Face place,Aves,Passeriformes,4829.221,1398.63,Extinct in the Wild
Serve couple,Aves,Anura,1324.44,2303.67,Endangered
Painting call,Actinopterygii,Carnivora,3971.682,2720.74,Critically Endangered
Under and,Actinopterygii,Squamata,4311.523,1502.58,Least Concern
Watch play,Amphibia,Carnivora,1722.608,1239.03,Endangered
Newspaper door,Reptilia,Carnivora,1809.839,2438.94,Critically Endangered
But challenge,Mammalia,Rodentia,676.438,256.54,Vulnerable
National send,Mammalia,Squamata,1704.177,43.5,Vulnerable
Western suddenly,Reptilia,Rodentia,221.172,2641.86,Critically Endangered
Scene form,Actinopterygii,Passeriformes,2398.133,2754.34,Near Threatened
Do however,Aves,Rodentia,2936.965,1305.38,Vulnerable
Young former,Aves,Primates,974.352,2123.53,Extinct in the Wild
Doctor meeting,Aves,Squamata,526.309,2145.54,Near Threatened
Organization adult,Amphibia,Anura,4955.849,810.29,Endangered
Green home,Mammalia,Carnivora,391.949,2489.88,Critically Endangered
Teach none,Reptilia,Anura,970.212,2222.2,Least Concern
Night idea,Mammalia,Carnivora,2021.861,2180.52,Critically Endangered
See organization,Reptilia,Squamata,3344.049,900.58,Endangered
Positive remain,Actinopterygii,Anura,3969.999,2486.68,Near Threatened
Along involve,Reptilia,Rodentia,2960.273,1482.41,Near Threatened
Able edge,Reptilia,Carnivora,2463.192,2767.35,Critically Endangered
Whole manage,Actinopterygii,Anura,497.22,2347.88,Extinct in the Wild
Color behind,Mammalia,Carnivora,2438.902,1572.84,Critically Endangered
Quite feeling,Amphibia,Primates,2801.302,2327.57,Vulnerable
These director,Mammalia,Primates,1993.015,247.47,Least Concern
Movement meet,Aves,Squamata,4681.03,1295.43,Near Threatened
Left dream,Aves,Carnivora,3250.604,1104.56,Least Concern
Two seek,Mammalia,Squamata,2817.352,241.8,Endangered
Bank trade,Reptilia,Squamata,4426.087,408.89,Endangered
Note medical,Amphibia,Carnivora,3961.529,1807.45,Least Concern
Health drug,Reptilia,Rodentia,1459.448,1658.41,Extinct in the Wild
Small research,Reptilia,Rodentia,1312.1,1113.29,Least Concern
Speak activity,Aves,Primates,1139.084,1118.47,Extinct in the Wild
Away team,Reptilia,Passeriformes,2310.81,1982.12,Extinct in the Wild
Return fact,Amphibia,Rodentia,800.242,303.73,Vulnerable
Deal day,Reptilia,Primates,2859.785,2142.03,Near Threatened
Five civil,Aves,Passeriformes,264.317,2990.91,Extinct in the Wild
Where team,Aves,Rodentia,1155.9,1312.9,Extinct in the Wild
Mr scientist,Actinopterygii,Carnivora,714.431,372.31,Endangered
Often once,Reptilia,Rodentia,1881.903,702.02,Near Threatened
Relate your,Amphibia,Passeriformes,2333.924,107.15,Endangered
Method bit,Actinopterygii,Anura,3473.201,298.5,Critically Endangered
Finish glass,Mammalia,Passeriformes,2546.896,2641.14,Extinct in the Wild
Media carry,Amphibia,Carnivora,1361.755,1927.12,Near Threatened
Watch task,Actinopterygii,Squamata,2697.729,2787.85,Near Threatened
Listen six,Actinopterygii,Squamata,718.112,237.14,Least Concern
Budget all,Amphibia,Primates,1868.437,1359.23,Vulnerable
Avoid charge,Amphibia,Passeriformes,4282.268,744.95,Vulnerable
Black dinner,Mammalia,Anura,442.967,472.47,Critically Endangered
Star from,Amphibia,Rodentia,3392.85,2622.69,Critically Endangered
Black low,Actinopterygii,Rodentia,4952.095,259.45,Vulnerable
Own try,Actinopterygii,Primates,3946.249,445.0,Critically Endangered
Answer us,Actinopterygii,Primates,2909.414,2269.45,Extinct in the Wild
Lay country,Aves,Carnivora,1034.421,1362.81,Endangered
Help agree,Reptilia,Squamata,1196.704,1341.43,Least Concern
Set conference,Mammalia,Passeriformes,4525.372,2840.55,Least Concern
West training,Amphibia,Carnivora,1245.141,1681.28,Vulnerable
Inside ago,Mammalia,Rodentia,1759.145,72.58,Extinct in the Wild
Economy food,Mammalia,Rodentia,2820.664,2803.63,Critically Endangered
Buy about,Aves,Passeriformes,1206.774,2505.72,Endangered
Central focus,Aves,Anura,3501.262,2814.51,Endangered
Gun drop,Mammalia,Carnivora,4644.115,1467.0,Near Threatened
Skill option,Amphibia,Primates,2487.819,361.18,Vulnerable
Tv such,Mammalia,Squamata,2976.451,141.36,Critically Endangered
Prevent identify,Amphibia,Primates,4618.619,2056.29,Extinct in the Wild
Employee computer,Amphibia,Primates,3444.021,1010.52,Critically Endangered
Build contain,Reptilia,Primates,1272.962,2463.55,Vulnerable
Community per,Amphibia,Carnivora,3263.232,2532.68,Near Threatened
Hear buy,Reptilia,Squamata,3801.626,1842.39,Endangered
Religious author,Actinopterygii,Primates,3939.119,353.55,Near Threatened
Size crime,Reptilia,Passeriformes,4521.627,1919.08,Near Threatened
Consumer so,Actinopterygii,Rodentia,2159.934,2501.49,Critically Endangered
Question moment,Reptilia,Primates,1176.324,245.59,Extinct in the Wild
Seek international,Actinopterygii,Squamata,2569.17,1214.57,Vulnerable
Defense big,Amphibia,Carnivora,560.616,75.65,Vulnerable
Yourself animal,Mammalia,Passeriformes,2843.382,1158.44,Least Concern
Now within,Reptilia,Carnivora,2243.216,235.35,Endangered
Man send,Reptilia,Anura,3534.961,1107.85,Extinct in the Wild
Send worry,Mammalia,Anura,3246.493,478.61,Extinct in the Wild
Leave produce,Actinopterygii,Squamata,840.841,347.71,Endangered
Dark house,Reptilia,Anura,2407.682,2971.09,Critically Endangered
Care your,Mammalia,Anura,3795.599,1590.56,Least Concern
Could ability,Reptilia,Rodentia,749.901,2764.29,Least Concern
Then great,Aves,Carnivora,3725.572,1662.71,Extinct in the Wild
Order smile,Mammalia,Primates,3246.39,2629.2,Near Threatened
Create specific,Actinopterygii,Anura,2668.69,526.87,Endangered
Style per,Aves,Passeriformes,3720.196,489.69,Least Concern
Bed project,Reptilia,Carnivora,4436.675,2985.86,Vulnerable
Ahead leader,Actinopterygii,Rodentia,2965.687,927.12,Endangered
Imagine sign,Actinopterygii,Squamata,4594.803,1194.07,Least Concern
They learn,Actinopterygii,Primates,155.175,1110.7,Least Concern
Entire television,Mammalia,Anura,1419.991,1849.96,Endangered
Administration fear,Reptilia,Primates,576.292,701.18,Near Threatened
Republican design,Amphibia,Primates,2779.331,1831.94,Least Concern
Question senior,Actinopterygii,Rodentia,908.969,176.87,Least Concern
Although make,Mammalia,Rodentia,2430.031,1767.47,Critically Endangered
Interesting dinner,Reptilia,Anura,4866.274,2989.83,Vulnerable
Buy democratic,Reptilia,Primates,4268.587,595.51,Endangered
Statement when,Amphibia,Passeriformes,2998.601,699.96,Critically Endangered
Western nearly,Reptilia,Rodentia,3940.892,1456.21,Least Concern
Radio most,Aves,Carnivora,2156.567,2661.19,Extinct in the Wild
Second your,Aves,Anura,2975.312,316.36,Near Threatened
Four moment,Reptilia,Squamata,2855.929,257.74,Endangered
Can let,Reptilia,Passeriformes,3731.465,1003.39,Endangered
Continue anything,Amphibia,Anura,2017.747,252.49,Least Concern
Suggest usually,Amphibia,Carnivora,2166.871,963.34,Least Concern
Before figure,Amphibia,Rodentia,4509.177,2100.7,Least Concern
Society field,Reptilia,Primates,432.935,2685.36,Endangered
Rise kind,Amphibia,Rodentia,4250.988,829.35,Vulnerable
Bring girl,Reptilia,Rodentia,49.688,1854.45,Near Threatened
Raise society,Mammalia,Rodentia,3718.774,866.94,Critically Endangered
Light adult,Amphibia,Primates,3022.371,1486.41,Critically Endangered
Space purpose,Mammalia,Carnivora,157.823,771.79,Near Threatened
Else increase,Reptilia,Rodentia,4934.418,824.65,Critically Endangered
Network wear,Reptilia,Primates,3132.011,1120.96,Near Threatened
Agree place,Mammalia,Passeriformes,1651.295,175.76,Endangered
Send hit,Mammalia,Passeriformes,4769.737,1639.29,Least Concern
Choice exactly,Aves,Anura,4648.115,1333.27,Endangered
Difficult million,Mammalia,Carnivora,4260.254,2162.41,Critically Endangered
Region organization,Amphibia,Carnivora,2491.748,1518.1,Vulnerable
Let out,Mammalia,Rodentia,2830.115,877.65,Near Threatened
Truth north,Reptilia,Primates,707.872,619.9,Near Threatened
Provide leg,Aves,Anura,954.385,1851.15,Extinct in the Wild
Up not,Reptilia,Primates,3283.528,2874.39,Vulnerable
Ready about,Amphibia,Carnivora,4786.821,29.7,Endangered
Travel challenge,Actinopterygii,Carnivora,1545.973,1418.31,Least Concern
Something second,Reptilia,Primates,2534.844,760.06,Near Threatened
Move marriage,Reptilia,Anura,4570.705,2414.44,Least Concern
Suffer career,Mammalia,Rodentia,1850.659,1236.69,Endangered
Determine around,Amphibia,Squamata,153.966,1182.39,Critically Endangered
Force might,Amphibia,Rodentia,684.54,1415.9,Extinct in the Wild
Commercial type,Aves,Primates,562.635,1136.06,Endangered
Fish along,Aves,Squamata,2771.022,1409.74,Endangered
Among why,Reptilia,Rodentia,4830.76,2249.35,Extinct in the Wild
Knowledge choice,Reptilia,Passeriformes,3148.689,676.41,Near Threatened
Sign international,Amphibia,Rodentia,2111.625,1150.54,Endangered
Government perhaps,Amphibia,Anura,2928.278,390.7,Least Concern
Employee prevent,Actinopterygii,Squamata,219.738,2515.79,Critically Endangered
Toward people,Reptilia,Passeriformes,168.013,2276.55,Endangered
Huge environment,Aves,Squamata,1069.911,1911.52,Near Threatened
Court describe,Amphibia,Anura,4930.115,719.46,Vulnerable
Group ball,Amphibia,Carnivora,1925.726,1849.6,Near Threatened
Full data,Actinopterygii,Passeriformes,784.832,2752.62,Endangered
Daughter against,Actinopterygii,Rodentia,2385.549,381.36,Critically Endangered
Response movie,Amphibia,Anura,2121.76,436.12,Near Threatened
Likely you,Aves,Primates,943.239,1074.01,Endangered
Rich campaign,Actinopterygii,Anura,3966.084,2277.09,Critically Endangered
Certain spring,Aves,Anura,454.448,1362.09,Critically Endangered
Sit one,Reptilia,Rodentia,4244.388,2956.55,Least Concern
Long three,Actinopterygii,Primates,1521.296,2813.44,Near Threatened
Season personal,Aves,Carnivora,1692.381,2666.47,Endangered
Give onto,Aves,Carnivora,2318.104,901.14,Near Threatened
Choose available,Mammalia,Squamata,877.983,717.49,Least Concern
Last mind,Aves,Anura,2586.97,1592.04,Vulnerable
Score almost,Amphibia,Passeriformes,349.668,1894.21,Least Concern
Bill upon,Mammalia,Passeriformes,3249.523,1633.46,Least Concern
Fast picture,Reptilia,Carnivora,3959.723,1200.2,Least Concern
As thank,Reptilia,Squamata,3176.611,1364.22,Near Threatened
Arrive line,Aves,Squamata,3849.106,473.63,Extinct in the Wild
Whose agreement,Actinopterygii,Rodentia,4078.159,1984.91,Extinct in the Wild
Project purpose,Reptilia,Primates,4798.733,1807.06,Near Threatened
Draw course,Reptilia,Anura,527.417,1569.79,Critically Endangered
Nor available,Amphibia,Carnivora,1414.691,1535.23,Critically Endangered
Available away,Actinopterygii,Squamata,2882.315,1365.44,Vulnerable
Grow short,Amphibia,Primates,3885.547,2414.38,Near Threatened
Animal economy,Reptilia,Anura,75.494,750.94,Critically Endangered
Future brother,Aves,Squamata,655.161,316.23,Critically Endangered
Expert medical,Actinopterygii,Squamata,753.514,864.43,Least Concern
Reality many,Mammalia,Passeriformes,3083.003,1325.45,Vulnerable
Always cold,Amphibia,Anura,159.932,713.02,Extinct in the Wild
Have hope,Amphibia,Anura,1130.393,1019.32,Endangered
Family record,Aves,Carnivora,791.201,2647.2,Critically Endangered
Here compare,Reptilia,Squamata,3934.02,2442.59,Vulnerable
Vote add,Actinopterygii,Rodentia,4354.415,2442.71,Critically Endangered
Note our,Mammalia,Primates,3637.748,1923.86,Least Concern
Month hope,Mammalia,Anura,4404.913,1639.67,Vulnerable
Why person,Aves,Anura,100.065,2265.16,Vulnerable
Election simply,Actinopterygii,Anura,3375.898,2918.48,Extinct in the Wild
Structure interest,Amphibia,Rodentia,2542.869,1947.19,Near Threatened
Voice third,Amphibia,Passeriformes,3339.881,1436.09,Vulnerable
Central student,Amphibia,Rodentia,1051.977,1062.51,Critically Endangered
Stuff occur,Amphibia,Squamata,466.676,1588.64,Vulnerable
Member take,Reptilia,Squamata,4339.751,1874.55,Vulnerable
Final all,Aves,Anura,1929.384,421.11,Extinct in the Wild
Fire human,Aves,Passeriformes,1061.143,2195.7,Endangered
Budget control,Mammalia,Rodentia,3565.504,1352.75,Endangered
Give many,Reptilia,Rodentia,654.64,2758.94,Critically Endangered
Leave address,Actinopterygii,Rodentia,3150.355,2028.85,Vulnerable
Probably director,Aves,Primates,4940.411,1605.2,Least Concern
Civil loss,Actinopterygii,Carnivora,4271.462,313.15,Near Threatened
Quickly white,Aves,Passeriformes,718.357,2198.84,Near Threatened
Fight plant,Amphibia,Squamata,946.34,516.46,Endangered
Final prevent,Amphibia,Carnivora,4901.554,2150.14,Vulnerable
Both big,Aves,Passeriformes,4824.041,924.33,Vulnerable
Yeah message,Actinopterygii,Carnivora,896.182,620.85,Extinct in the Wild
Ready country,Aves,Passeriformes,249.246,17.47,Endangered
Specific safe,Mammalia,Primates,1647.22,933.58,Vulnerable
How mean,Reptilia,Squamata,3099.728,2347.1,Near Threatened
Ball notice,Aves,Squamata,2305.358,2835.21,Critically Endangered
Minute policy,Aves,Primates,2711.641,758.57,Critically Endangered
Per throughout,Reptilia,Rodentia,3007.574,1748.03,Critically Endangered
Under child,Reptilia,Squamata,3062.774,1183.28,Near Threatened
Animal focus,Amphibia,Rodentia,1692.187,1911.03,Near Threatened
Room it,Reptilia,Primates,4456.648,2281.5,Least Concern
Economy series,Actinopterygii,Primates,906.508,1097.43,Critically Endangered
Enter benefit,Aves,Anura,980.319,266.89,Near Threatened
Fear answer,Mammalia,Passeriformes,2224.049,407.65,Endangered
Hope agency,Amphibia,Primates,2852.175,1037.47,Near Threatened
Throw opportunity,Actinopterygii,Passeriformes,373.454,2783.11,Extinct in the Wild
Much recognize,Reptilia,Anura,2117.863,2010.04,Near Threatened
Impact language,Aves,Squamata,3720.872,2694.67,Vulnerable
Art activity,Reptilia,Carnivora,2646.708,702.86,Vulnerable
Protect radio,Aves,Rodentia,3857.425,1916.36,Critically Endangered
Project set,Aves,Primates,3350.048,854.41,Near Threatened
Service across,Reptilia,Carnivora,3770.766,2329.15,Endangered
Girl president,Aves,Anura,3806.987,88.04,Critically Endangered
Suffer travel,Mammalia,Anura,4055.788,2451.44,Near Threatened
Art guess,Aves,Passeriformes,4426.832,2356.22,Least Concern
Ahead data,Reptilia,Rodentia,3190.688,2091.02,Extinct in the Wild
Necessary do,Mammalia,Primates,2013.295,29.43,Least Concern
Create often,Actinopterygii,Carnivora,3221.115,1423.21,Near Threatened
Remain gas,Amphibia,Passeriformes,3473.644,2375.89,Endangered
Wind itself,Mammalia,Carnivora,4728.221,1648.69,Endangered
Hundred size,Aves,Passeriformes,2147.236,2576.1,Extinct in the Wild
Blue many,Amphibia,Primates,4622.944,2396.15,Endangered
Wind magazine,Amphibia,Carnivora,1940.464,669.05,Critically Endangered
Sure surface,Amphibia,Squamata,1331.807,2701.85,Endangered
Account leader,Amphibia,Squamata,3420.58,13.82,Extinct in the Wild
Executive enjoy,Actinopterygii,Rodentia,4021.277,383.45,Endangered
How system,Aves,Anura,110.496,1887.66,Vulnerable
Policy if,Mammalia,Anura,3297.19,2804.85,Near Threatened
Change easy,Mammalia,Carnivora,2907.549,1744.51,Critically Endangered
Edge degree,Aves,Carnivora,4935.219,2273.2,Least Concern
Break friend,Actinopterygii,Carnivora,22.708,819.58,Near Threatened
Number get,Reptilia,Rodentia,4436.127,2420.19,Near Threatened
Vote develop,Actinopterygii,Anura,2591.477,2167.24,Critically Endangered
Blood woman,Aves,Primates,1003.024,1236.38,Endangered
No tree,Actinopterygii,Carnivora,4533.988,1303.68,Extinct in the Wild
Environmental simply,Actinopterygii,Anura,4682.598,742.05,Extinct in the Wild
Generation language,Mammalia,Passeriformes,2113.182,2691.05,Near Threatened
Mean Republican,Actinopterygii,Carnivora,3295.779,1941.17,Endangered
West they,Mammalia,Anura,3036.425,1156.96,Vulnerable
Never my,Aves,Carnivora,4543.653,2624.26,Extinct in the Wild
So everyone,Amphibia,Squamata,1403.66,362.9,Least Concern
Color accept,Mammalia,Passeriformes,3704.985,637.3,Extinct in the Wild
Ask chair,Actinopterygii,Squamata,3260.668,1766.91,Least Concern
Firm onto,Actinopterygii,Rodentia,4899.544,2317.55,Endangered
Positive star,Mammalia,Passeriformes,2908.28,688.64,Near Threatened
Owner approach,Reptilia,Carnivora,3480.902,2596.78,Least Concern
While rather,Actinopterygii,Primates,367.557,2296.61,Endangered
Hand nice,Actinopterygii,Carnivora,4419.173,1200.48,Endangered
Together game,Amphibia,Primates,2544.946,2104.88,Endangered
Performance later,Aves,Primates,3878.828,2726.71,Near Threatened
Fire student,Mammalia,Squamata,1354.342,2063.48,Near Threatened
Test bit,Amphibia,Primates,4675.529,779.19,Vulnerable
Ask civil,Actinopterygii,Anura,2208.835,148.72,Critically Endangered
Activity spring,Aves,Primates,1407.892,2588.83,Vulnerable
Year grow,Aves,Carnivora,3686.143,2191.1,Near Threatened
Six worry,Reptilia,Squamata,4638.162,1506.24,Extinct in the Wild
Type perform,Actinopterygii,Anura,262.757,1931.55,Endangered
Media many,Reptilia,Squamata,4286.173,1820.88,Vulnerable
First hand,Amphibia,Carnivora,4489.767,2497.63,Critically Endangered
College down,Amphibia,Anura,4791.14,2181.94,Least Concern
Good either,Aves,Squamata,3095.56,1227.65,Least Concern
Either stock,Actinopterygii,Passeriformes,1929.374,2151.67,Least Concern
Woman its,Aves,Rodentia,3602.699,2131.6,Critically Endangered
Home audience,Reptilia,Passeriformes,3709.151,1426.52,Extinct in the Wild
Under father,Actinopterygii,Primates,512.492,1812.6,Extinct in the Wild
Final operation,Reptilia,Primates,540.82,2904.55,Least Concern
Discuss however,Reptilia,Passeriformes,2790.889,1398.36,Near Threatened
Several first,Actinopterygii,Rodentia,1545.796,929.71,Least Concern
Item report,Reptilia,Passeriformes,3133.327,1178.02,Least Concern
West measure,Actinopterygii,Rodentia,3561.749,2578.48,Near Threatened
Employee region,Amphibia,Primates,2190.678,1176.9,Least Concern
Organization management,Reptilia,Carnivora,1101.384,261.95,Vulnerable
Once letter,Amphibia,Passeriformes,4013.798,2400.5,Vulnerable
Apply yes,Actinopterygii,Anura,3132.95,102.39,Extinct in the Wild
Include majority,Amphibia,Rodentia,4518.418,1167.37,Least Concern
Sure create,Mammalia,Rodentia,4571.229,376.68,Critically Endangered
Job necessary,Mammalia,Passeriformes,2907.149,1930.7,Near Threatened
Other individual,Reptilia,Anura,2036.264,828.97,Least Concern
Mr they,Aves,Carnivora,4555.862,670.14,Endangered
Whole available,Reptilia,Passeriformes,4770.695,2547.19,Critically Endangered
Like exist,Reptilia,Passeriformes,2749.726,2604.28,Extinct in the Wild
Attack must,Mammalia,Anura,2570.981,2824.35,Extinct in the Wild
Manage focus,Reptilia,Carnivora,4759.263,2270.53,Near Threatened
Would again,Actinopterygii,Squamata,1264.027,2995.32,Vulnerable
Nice money,Reptilia,Squamata,4723.456,1585.4,Extinct in the Wild
Decade sure,Actinopterygii,Passeriformes,4877.883,2296.71,Extinct in the Wild
Option baby,Reptilia,Primates,1474.142,2980.08,Endangered
Also reduce,Reptilia,Primates,1982.591,1676.41,Endangered
Morning ability,Amphibia,Carnivora,3530.85,2945.24,Endangered
Thus must,Mammalia,Carnivora,3457.967,231.83,Near Threatened
Court each,Amphibia,Anura,1553.755,2626.05,Vulnerable
Enjoy book,Reptilia,Squamata,3984.479,2323.28,Near Threatened
Music look,Mammalia,Primates,3249.436,570.26,Near Threatened
Entire site,Reptilia,Anura,1518.773,1442.09,Endangered
Kitchen participant,Reptilia,Anura,1131.36,2546.06,Vulnerable
Move child,Actinopterygii,Squamata,1670.876,24.79,Endangered
Job international,Actinopterygii,Anura,3742.231,1152.51,Near Threatened
Lot arrive,Mammalia,Carnivora,165.407,946.95,Least Concern
Throw soldier,Amphibia,Squamata,1263.534,1888.36,Endangered
Understand history,Aves,Rodentia,4238.638,1376.67,Vulnerable
But official,Reptilia,Rodentia,1923.302,635.11,Least Concern
Town feeling,Aves,Rodentia,2055.072,2049.44,Endangered
Language everybody,Reptilia,Rodentia,7.414,1252.78,Critically Endangered
Current report,Amphibia,Carnivora,239.976,85.41,Critically Endangered
Walk career,Amphibia,Anura,3281.897,859.62,Extinct in the Wild
Improve affect,Mammalia,Primates,4335.543,351.0,Near Threatened
Return ball,Aves,Primates,4682.923,2142.04,Near Threatened
Difference large,Aves,Primates,4622.477,463.85,Critically Endangered
Easy claim,Reptilia,Anura,2338.195,1043.15,Extinct in the Wild
Institution course,Amphibia,Anura,1513.694,731.11,Near Threatened
Yes rise,Mammalia,Rodentia,493.767,286.15,Critically Endangered
Especially clear,Amphibia,Rodentia,2043.446,2311.46,Vulnerable
Should for,Mammalia,Primates,596.555,1004.33,Endangered
Agency believe,Reptilia,Rodentia,4979.331,1635.23,Least Concern
Sure away,Aves,Squamata,2580.51,1595.64,Extinct in the Wild
Ball unit,Reptilia,Rodentia,2840.654,2313.17,Near Threatened
Police spring,Mammalia,Squamata,1417.727,27.97,Near Threatened
Cost stage,Actinopterygii,Rodentia,224.655,2657.13,Critically Endangered
Share degree,Amphibia,Carnivora,2164.687,2073.46,Critically Endangered
Show alone,Reptilia,Primates,158.017,2031.32,Least Concern
Able base,Actinopterygii,Anura,4660.569,1514.03,Endangered
Far everyone,Reptilia,Primates,3395.931,827.23,Vulnerable
Training shoulder,Mammalia,Squamata,1844.37,684.03,Least Concern
Treatment article,Reptilia,Primates,1176.444,2815.2,Vulnerable
Second drive,Amphibia,Anura,266.91,901.56,Critically Endangered
Picture me,Actinopterygii,Squamata,3830.683,1876.68,Critically Endangered
Up at,Actinopterygii,Passeriformes,4207.371,359.77,Extinct in the Wild
Campaign accept,Reptilia,Anura,53.059,484.08,Least Concern
Nation hot,Mammalia,Rodentia,135.695,1139.58,Endangered
Drop again,Reptilia,Rodentia,3737.899,487.35,Endangered
Hit parent,Mammalia,Rodentia,4217.459,2824.59,Extinct in the Wild
Draw energy,Mammalia,Rodentia,3988.466,1873.85,Near Threatened
Radio medical,Reptilia,Anura,4493.993,526.68,Least Concern
Want write,Reptilia,Squamata,2094.97,946.91,Endangered
View reduce,Mammalia,Rodentia,359.759,2184.69,Vulnerable
Participant enter,Mammalia,Carnivora,4502.905,2234.28,Endangered
Reduce in,Amphibia,Anura,1015.622,1991.34,Endangered
Hotel memory,Actinopterygii,Anura,669.015,1201.33,Extinct in the Wild
Continue start,Mammalia,Passeriformes,2591.41,1938.63,Vulnerable
Song job,Amphibia,Passeriformes,3846.745,2792.0,Vulnerable
Necessary attack,Amphibia,Carnivora,427.109,924.92,Least Concern
Realize address,Actinopterygii,Carnivora,1627.281,1966.59,Near Threatened
Subject want,Reptilia,Carnivora,4654.884,1917.93,Least Concern
Per share,Reptilia,Anura,4404.268,508.82,Near Threatened
From involve,Actinopterygii,Primates,1334.802,2713.42,Near Threatened
As hot,Actinopterygii,Squamata,3317.043,2731.18,Vulnerable
School a,Aves,Rodentia,4103.305,1881.78,Critically Endangered
Step yard,Amphibia,Squamata,582.559,216.57,Extinct in the Wild
View save,Actinopterygii,Rodentia,1654.233,2156.82,Vulnerable
Chance arm,Amphibia,Primates,978.007,1970.27,Critically Endangered
South avoid,Actinopterygii,Rodentia,2457.363,454.46,Near Threatened
Never skin,Mammalia,Anura,3829.56,1417.56,Near Threatened
Significant effect,Reptilia,Anura,4734.541,1919.5,Endangered
Page support,Reptilia,Carnivora,2287.738,349.54,Vulnerable
Way act,Aves,Primates,2609.992,728.51,Endangered
Age industry,Actinopterygii,Carnivora,4951.75,1696.03,Critically Endangered
Citizen before,Actinopterygii,Primates,2016.469,2579.03,Extinct in the Wild
Them buy,Aves,Squamata,830.309,2592.25,Endangered
Mouth view,Aves,Anura,4194.927,2671.05,Least Concern
Ok article,Reptilia,Rodentia,3696.165,2523.11,Near Threatened
Decision eye,Actinopterygii,Primates,4728.308,2508.68,Least Concern
Own including,Reptilia,Squamata,1614.92,107.34,Extinct in the Wild
Image long,Actinopterygii,Squamata,1437.138,803.98,Near Threatened
Every company,Mammalia,Rodentia,1334.057,415.74,Critically Endangered
Ahead debate,Reptilia,Carnivora,4383.142,2426.52,Vulnerable
May woman,Reptilia,Primates,4684.313,933.62,Endangered
Protect tonight,Amphibia,Anura,1141.849,1714.75,Endangered
Thank glass,Amphibia,Carnivora,4921.917,416.01,Endangered
Organization series,Reptilia,Primates,4725.634,217.56,Near Threatened
Tend agreement,Reptilia,Carnivora,4804.458,2789.44,Endangered
Professional fast,Aves,Primates,382.91,2681.97,Near Threatened
Customer bring,Mammalia,Passeriformes,4545.147,41.64,Extinct in the Wild
Ask person,Aves,Rodentia,1177.426,152.93,Vulnerable
Than anything,Aves,Primates,1340.693,823.0,Least Concern
Shoulder could,Mammalia,Rodentia,923.905,550.56,Endangered
Admit opportunity,Mammalia,Rodentia,642.33,1295.54,Least Concern
Each fall,Aves,Passeriformes,1188.041,789.48,Least Concern
Assume rock,Reptilia,Passeriformes,325.154,2818.64,Vulnerable
Author along,Aves,Primates,3568.99,2600.71,Vulnerable
Someone edge,Amphibia,Passeriformes,2349.405,2462.39,Endangered
Assume two,Aves,Carnivora,4427.747,1527.5,Near Threatened
Never whatever,Amphibia,Primates,2866.327,2041.65,Vulnerable
Against best,Amphibia,Passeriformes,4248.97,1610.18,Least Concern
Than when,Reptilia,Squamata,1762.933,1377.98,Least Concern
Region seven,Actinopterygii,Carnivora,12.611,1213.27,Extinct in the Wild
Quickly four,Mammalia,Squamata,2514.437,92.56,Vulnerable
Issue so,Amphibia,Primates,524.596,1287.54,Critically Endangered
Theory authority,Amphibia,Passeriformes,2351.27,2364.73,Endangered
Recently describe,Amphibia,Primates,51.808,1659.61,Near Threatened
Land score,Amphibia,Primates,4595.547,2300.31,Critically Endangered
Must American,Mammalia,Rodentia,4601.234,2111.46,Near Threatened
That cell,Reptilia,Rodentia,1781.523,1329.08,Endangered
Popular get,Aves,Passeriformes,2733.808,1960.27,Least Concern
Investment six,Mammalia,Squamata,154.743,1126.53,Vulnerable
Set director,Reptilia,Squamata,4876.064,1469.21,Near Threatened
Cold spring,Amphibia,Carnivora,745.343,1820.0,Near Threatened
Job middle,Actinopterygii,Primates,1271.09,688.23,Vulnerable
New go,Actinopterygii,Carnivora,1370.718,2765.65,Near Threatened
Fish region,Mammalia,Rodentia,2715.591,647.86,Extinct in the Wild
Protect face,Amphibia,Passeriformes,3295.844,1952.27,Critically Endangered
Run interesting,Mammalia,Squamata,1186.722,674.55,Least Concern
Inside government,Mammalia,Anura,1370.517,1178.15,Vulnerable
None financial,Aves,Squamata,3820.175,2595.36,Near Threatened
House others,Amphibia,Carnivora,3848.161,997.62,Endangered
Note teacher,Amphibia,Squamata,100.484,2217.51,Near Threatened
Investment upon,Actinopterygii,Carnivora,1979.815,2992.68,Near Threatened
Forward start,Mammalia,Passeriformes,4420.173,569.78,Critically Endangered
Fall heavy,Amphibia,Primates,2790.227,1760.84,Least Concern
If grow,Reptilia,Rodentia,3356.316,486.96,Endangered
Give model,Aves,Primates,2656.384,2298.22,Extinct in the Wild
Cause likely,Actinopterygii,Carnivora,4788.423,1230.9,Least Concern
Book home,Mammalia,Passeriformes,493.525,1420.27,Least Concern
Six begin,Aves,Squamata,4799.928,1950.06,Vulnerable
Attack sister,Amphibia,Passeriformes,4829.812,53.83,Endangered
Republican apply,Reptilia,Rodentia,771.188,719.83,Near Threatened
And role,Aves,Rodentia,1253.474,1478.74,Critically Endangered
Care challenge,Actinopterygii,Squamata,1559.698,500.87,Vulnerable
Teacher easy,Reptilia,Rodentia,4935.513,2269.99,Critically Endangered
Seem for,Reptilia,Rodentia,4627.389,2073.48,Vulnerable
Financial consumer,Aves,Passeriformes,4135.87,2637.19,Critically Endangered
Project officer,Actinopterygii,Squamata,398.85,658.12,Endangered
Our large,Aves,Anura,4419.282,2205.03,Critically Endangered
Treat easy,Aves,Anura,284.335,2536.08,Least Concern
Song officer,Mammalia,Squamata,1217.451,351.22,Critically Endangered
Behavior father,Reptilia,Primates,1629.4,2639.49,Near Threatened
Population enough,Aves,Carnivora,4561.744,1034.56,Critically Endangered
Region less,Amphibia,Rodentia,1725.272,806.98,Least Concern
Beyond but,Aves,Anura,4825.628,1212.51,Least Concern
Series watch,Amphibia,Squamata,2152.613,1917.9,Vulnerable
Nearly science,Aves,Rodentia,4051.876,1296.39,Extinct in the Wild
Goal event,Mammalia,Rodentia,282.747,2652.79,Extinct in the Wild
Common against,Amphibia,Rodentia,3028.753,693.43,Endangered
Base fly,Amphibia,Passeriformes,2480.403,1168.9,Least Concern
Ground again,Amphibia,Anura,13.248,1100.47,Extinct in the Wild
Affect plan,Mammalia,Primates,3111.767,774.52,Vulnerable
Cover can,Reptilia,Primates,4249.522,1025.19,Vulnerable
Lawyer agency,Actinopterygii,Rodentia,2643.825,2912.33,Critically Endangered
Popular his,Reptilia,Primates,729.863,622.61,Near Threatened
Receive late,Aves,Rodentia,1505.917,1474.83,Near Threatened
Marriage never,Aves,Rodentia,1340.768,131.92,Near Threatened
Little sit,Mammalia,Primates,2815.559,1775.46,Least Concern
Always strategy,Amphibia,Carnivora,4752.095,2694.64,Critically Endangered
College less,Aves,Anura,3328.052,2936.2,Extinct in the Wild
About raise,Actinopterygii,Anura,3042.499,2527.79,Vulnerable
Short get,Aves,Rodentia,1488.385,2447.48,Vulnerable
Newspaper throughout,Aves,Rodentia,1518.336,1611.04,Endangered
Whole blood,Amphibia,Squamata,755.13,1426.94,Vulnerable
Huge interesting,Reptilia,Passeriformes,4368.201,1613.62,Endangered
Can body,Aves,Squamata,2417.141,200.57,Critically Endangered
Clear personal,Mammalia,Squamata,3219.574,2704.0,Least Concern
Whose single,Actinopterygii,Carnivora,1664.264,118.01,Least Concern
Work mission,Actinopterygii,Primates,3233.874,474.92,Vulnerable
Institution project,Actinopterygii,Rodentia,3212.676,77.93,Near Threatened
Mind but,Amphibia,Passeriformes,2388.631,2312.65,Vulnerable
Natural guess,Reptilia,Passeriformes,1543.645,524.04,Near Threatened
Traditional need,Amphibia,Rodentia,2450.202,1493.41,Critically Endangered
Tend financial,Amphibia,Squamata,4944.117,2546.7,Least Concern
Life would,Mammalia,Rodentia,958.428,1717.42,Least Concern
Choice arm,Mammalia,Passeriformes,690.843,2938.54,Vulnerable
Least television,Mammalia,Primates,3357.496,2297.17,Near Threatened
Along law,Mammalia,Primates,1459.352,1738.51,Endangered
Hundred vote,Aves,Passeriformes,1111.265,948.09,Critically Endangered
Available often,Amphibia,Passeriformes,863.139,2716.54,Critically Endangered
Forget executive,Reptilia,Carnivora,882.127,848.23,Extinct in the Wild
Shake audience,Mammalia,Rodentia,2993.574,2375.42,Near Threatened
Probably force,Aves,Squamata,1934.374,537.72,Critically Endangered
Mention concern,Aves,Passeriformes,329.955,809.97,Least Concern
With charge,Actinopterygii,Anura,3285.418,1339.21,Least Concern
Commercial class,Aves,Primates,2730.457,2981.24,Extinct in the Wild
According the,Actinopterygii,Rodentia,1737.539,554.19,Critically Endangered
Sort agreement,Mammalia,Primates,3960.721,1698.4,Least Concern
Part physical,Actinopterygii,Rodentia,73.984,1874.9,Near Threatened
Institution security,Actinopterygii,Primates,4109.555,1436.47,Near Threatened
Ten place,Reptilia,Carnivora,1406.528,100.18,Vulnerable
Person however,Actinopterygii,Carnivora,4238.805,2520.1,Vulnerable
Boy activity,Aves,Rodentia,3612.104,1745.51,Least Concern
Performance fire,Aves,Passeriformes,1204.01,438.1,Endangered
Half experience,Amphibia,Passeriformes,995.315,1310.92,Near Threatened
Treatment blue,Aves,Rodentia,3794.496,2272.82,Critically Endangered
Number choose,Actinopterygii,Anura,2053.701,2356.16,Least Concern
Best various,Reptilia,Rodentia,3716.83,2054.45,Critically Endangered
Agency today,Amphibia,Passeriformes,2752.092,2048.19,Endangered
Enough go,Aves,Passeriformes,3246.178,2359.32,Vulnerable
Ago firm,Actinopterygii,Passeriformes,2458.616,1501.94,Near Threatened
Possible seat,Reptilia,Primates,3046.777,922.76,Vulnerable
Law their,Amphibia,Anura,4892.873,1595.39,Endangered
Point strong,Amphibia,Rodentia,747.771,2322.1,Critically Endangered
West town,Aves,Primates,1381.517,286.53,Least Concern
Open health,Mammalia,Squamata,510.633,447.73,Critically Endangered
True word,Actinopterygii,Rodentia,71.095,1458.06,Vulnerable
Quickly cell,Reptilia,Primates,1099.711,1251.83,Least Concern
Activity economy,Aves,Anura,1204.361,488.19,Near Threatened
Discussion son,Amphibia,Rodentia,1669.757,2008.57,Near Threatened
Part peace,Mammalia,Anura,877.062,1411.42,Critically Endangered
Someone evidence,Reptilia,Primates,3567.037,2683.45,Extinct in the Wild
Partner prepare,Reptilia,Squamata,1890.034,1717.77,Vulnerable
Rise agency,Reptilia,Anura,24.321,1420.85,Near Threatened
As factor,Mammalia,Passeriformes,2658.328,394.53,Vulnerable
Decide event,Aves,Primates,3396.069,2579.08,Critically Endangered
Must pass,Mammalia,Primates,3104.767,426.18,Critically Endangered
Listen reflect,Mammalia,Passeriformes,1470.176,1721.1,Vulnerable
Reveal plan,Actinopterygii,Anura,2921.812,1343.35,Vulnerable
Drug television,Actinopterygii,Squamata,568.184,2049.5,Near Threatened
Six civil,Mammalia,Passeriformes,2765.629,2946.71,Extinct in the Wild
Art paper,Reptilia,Passeriformes,2773.761,138.4,Critically Endangered
Democrat executive,Mammalia,Carnivora,943.992,2528.23,Critically Endangered
Line plan,Amphibia,Anura,1729.988,734.71,Least Concern
Five trade,Actinopterygii,Primates,930.4,2938.88,Least Concern
Remember girl,Actinopterygii,Carnivora,2435.606,2247.67,Extinct in the Wild
Customer brother,Reptilia,Rodentia,248.731,1989.49,Vulnerable
Different could,Aves,Carnivora,3343.637,2617.62,Endangered
Watch against,Amphibia,Rodentia,3081.839,2723.04,Critically Endangered
Money guy,Actinopterygii,Carnivora,108.002,2264.17,Vulnerable
Rate over,Actinopterygii,Carnivora,3818.621,2733.25,Endangered
American know,Reptilia,Passeriformes,4177.885,2519.22,Critically Endangered
Hotel debate,Aves,Squamata,4132.45,2846.37,Endangered
Church education,Reptilia,Squamata,1009.185,2048.57,Vulnerable
Plan language,Actinopterygii,Anura,3637.607,1017.9,Endangered
Plan weight,Aves,Squamata,4103.875,2128.44,Critically Endangered
Try why,Mammalia,Squamata,3349.07,1927.16,Extinct in the Wild
Hour somebody,Mammalia,Carnivora,4878.792,2447.32,Extinct in the Wild
Bring run,Mammalia,Passeriformes,3281.971,1653.8,Endangered
Accept close,Aves,Rodentia,2389.348,1129.5,Near Threatened
Relate season,Actinopterygii,Anura,3562.558,785.21,Near Threatened
Policy country,Mammalia,Passeriformes,1651.483,6.07,Near Threatened
Dog both,Actinopterygii,Rodentia,3363.727,1564.89,Vulnerable
War begin,Amphibia,Primates,3318.78,2999.46,Critically Endangered
Account professor,Mammalia,Rodentia,4894.822,960.34,Extinct in the Wild
Enter exist,Mammalia,Anura,1316.963,2951.15,Critically Endangered
Company actually,Mammalia,Anura,3667.16,212.57,Critically Endangered
Position focus,Reptilia,Primates,3901.729,2382.54,Extinct in the Wild
Occur maybe,Reptilia,Primates,1170.001,959.6,Near Threatened
Next spend,Reptilia,Rodentia,3855.787,291.68,Critically Endangered
Team just,Reptilia,Passeriformes,1044.245,2847.0,Endangered
Quality least,Actinopterygii,Rodentia,24.911,1505.39,Endangered
Matter require,Actinopterygii,Rodentia,944.105,1101.55,Endangered
Kid us,Reptilia,Carnivora,755.531,333.84,Near Threatened
Ball opportunity,Aves,Primates,3693.487,2961.86,Endangered
Why interesting,Amphibia,Squamata,1024.05,296.34,Endangered
We window,Mammalia,Anura,192.517,1296.01,Critically Endangered
Edge heavy,Mammalia,Squamata,976.232,1017.75,Vulnerable
Camera future,Mammalia,Passeriformes,3710.939,1245.89,Least Concern
Live sing,Amphibia,Passeriformes,2582.043,682.67,Critically Endangered
Check pass,Reptilia,Squamata,2351.978,1210.79,Endangered
Believe among,Amphibia,Anura,4574.766,716.78,Vulnerable
Ago follow,Actinopterygii,Primates,1377.012,809.52,Vulnerable
Fact quite,Aves,Squamata,3642.035,898.74,Critically Endangered
Never ability,Actinopterygii,Primates,230.768,1420.02,Least Concern
Beautiful not,Mammalia,Squamata,493.268,757.73,Critically Endangered
Lawyer long,Amphibia,Primates,2174.515,2563.85,Extinct in the Wild
Sea develop,Actinopterygii,Anura,701.948,192.89,Critically Endangered
Else here,Aves,Carnivora,1847.964,1163.23,Extinct in the Wild
Born soldier,Mammalia,Squamata,4860.969,2081.04,Extinct in the Wild
Off deal,Actinopterygii,Squamata,802.01,632.28,Least Concern
Run example,Aves,Rodentia,3755.909,1709.89,Extinct in the Wild
Every include,Reptilia,Anura,454.528,31.05,Endangered
Bar though,Mammalia,Primates,137.867,731.42,Near Threatened
Represent shoulder,Aves,Primates,1963.321,1658.61,Vulnerable
Voice property,Actinopterygii,Anura,4645.131,1592.59,Near Threatened
Material deal,Aves,Primates,1218.102,2501.46,Endangered
Hour sometimes,Amphibia,Squamata,602.183,468.23,Critically Endangered
Within plant,Reptilia,Squamata,4324.836,1479.55,Critically Endangered
Church low,Aves,Primates,138.711,558.08,Endangered
Republican quality,Mammalia,Rodentia,1227.382,2405.76,Least Concern
Ball research,Reptilia,Rodentia,3677.876,63.87,Near Threatened
No weight,Amphibia,Primates,3826.969,57.58,Endangered
Class many,Mammalia,Primates,2899.259,217.11,Critically Endangered
Have establish,Mammalia,Squamata,1136.644,894.15,Critically Endangered
Republican whose,Reptilia,Passeriformes,3652.514,286.53,Vulnerable
Ball American,Actinopterygii,Passeriformes,4063.819,1159.45,Vulnerable
Five quite,Mammalia,Passeriformes,4897.655,2815.2,Vulnerable
Player morning,Mammalia,Primates,4908.251,1684.58,Critically Endangered
Hot order,Mammalia,Squamata,801.785,929.48,Vulnerable
Let amount,Amphibia,Rodentia,1447.345,266.41,Vulnerable
It program,Mammalia,Passeriformes,1501.704,265.34,Near Threatened
Federal report,Aves,Squamata,4098.528,272.36,Near Threatened
Bed memory,Reptilia,Squamata,516.42,243.68,Least Concern
Necessary media,Amphibia,Anura,4239.773,2047.41,Vulnerable
Impact save,Aves,Primates,2248.638,2257.41,Critically Endangered
Speech commercial,Aves,Passeriformes,4061.783,1306.51,Critically Endangered
Skin issue,Actinopterygii,Anura,1321.215,680.59,Extinct in the Wild
Past hold,Reptilia,Rodentia,238.592,2539.46,Critically Endangered
Degree deal,Reptilia,Anura,168.937,2519.46,Extinct in the Wild
Face ok,Reptilia,Carnivora,222.634,1475.02,Endangered
Amount by,Actinopterygii,Anura,3587.126,1161.46,Least Concern
Late nor,Mammalia,Primates,1974.144,2362.19,Least Concern
Another yard,Mammalia,Primates,528.33,1068.94,Least Concern
Early participant,Mammalia,Passeriformes,2924.504,77.65,Least Concern
Garden make,Aves,Passeriformes,1248.606,1952.07,Extinct in the Wild
War year,Amphibia,Carnivora,2642.958,2098.59,Endangered
Window performance,Reptilia,Passeriformes,173.349,782.81,Near Threatened
Wait kid,Amphibia,Carnivora,2280.111,821.22,Endangered
See short,Actinopterygii,Primates,2841.333,274.85,Vulnerable
Need might,Reptilia,Squamata,4589.477,58.95,Near Threatened
Move all,Aves,Carnivora,2487.206,86.41,Near Threatened
Such attention,Reptilia,Primates,717.452,402.9,Vulnerable
Sell upon,Aves,Passeriformes,3977.242,888.75,Endangered
Particular draw,Aves,Anura,1599.271,589.56,Vulnerable
Kid stuff,Amphibia,Passeriformes,4078.165,1004.31,Near Threatened
Could method,Mammalia,Squamata,4121.535,2772.09,Critically Endangered
Speak son,Amphibia,Rodentia,3030.865,853.84,Vulnerable
Role appear,Reptilia,Rodentia,1230.374,2555.19,Vulnerable
Music significant,Aves,Rodentia,197.605,712.2,Near Threatened
Cut theory,Mammalia,Carnivora,83.515,2249.09,Near Threatened
Author research,Amphibia,Carnivora,2315.011,1855.96,Near Threatened
Decade interview,Amphibia,Carnivora,547.794,1178.09,Near Threatened
Note authority,Actinopterygii,Anura,3668.188,1282.75,Least Concern
Sell several,Aves,Primates,3542.046,1850.73,Vulnerable
Drive dinner,Actinopterygii,Passeriformes,2906.598,1147.13,Vulnerable
Stay contain,Actinopterygii,Squamata,1998.222,2281.02,Endangered
Will condition,Actinopterygii,Passeriformes,3835.288,259.37,Vulnerable
Entire find,Mammalia,Passeriformes,16.604,1961.28,Critically Endangered
Side entire,Actinopterygii,Carnivora,2092.558,959.24,Vulnerable
Production game,Aves,Anura,523.614,497.92,Endangered
Station house,Amphibia,Carnivora,2453.459,622.42,Near Threatened
Time staff,Amphibia,Squamata,3367.371,2955.34,Vulnerable
Whose argue,Actinopterygii,Passeriformes,4173.774,738.91,Least Concern
Thing almost,Reptilia,Rodentia,3268.19,1414.96,Vulnerable
Country occur,Aves,Squamata,2876.889,2305.2,Critically Endangered
Fill black,Aves,Carnivora,98.462,1707.29,Vulnerable
Guy city,Amphibia,Squamata,1726.26,2097.55,Least Concern
Catch fill,Mammalia,Squamata,4958.602,1237.39,Extinct in the Wild
Knowledge church,Aves,Primates,120.449,869.11,Endangered
Animal church,Reptilia,Squamata,1213.634,1650.17,Endangered
Usually case,Mammalia,Primates,4981.194,922.88,Extinct in the Wild
Gun do,Mammalia,Squamata,3756.727,2813.92,Endangered
Small story,Amphibia,Carnivora,4538.004,2795.46,Critically Endangered
Current seek,Actinopterygii,Carnivora,2589.777,2539.0,Critically Endangered
Quickly fact,Aves,Rodentia,2971.807,1251.67,Vulnerable
Finish arm,Aves,Carnivora,1651.792,57.19,Endangered
Trial tend,Actinopterygii,Squamata,3601.188,763.53,Near Threatened
Wait maybe,Mammalia,Rodentia,4687.364,1677.91,Endangered
Choose movement,Reptilia,Passeriformes,4934.813,2771.52,Extinct in the Wild
Fast mind,Mammalia,Passeriformes,3701.627,2280.09,Near Threatened
Amount positive,Aves,Primates,278.619,574.14,Extinct in the Wild
Sell sit,Mammalia,Passeriformes,20.463,785.9,Critically Endangered
Small deep,Reptilia,Passeriformes,2662.172,2967.55,Endangered
Someone list,Aves,Carnivora,2876.862,1109.57,Critically Endangered
Cup draw,Actinopterygii,Passeriformes,3121.99,311.71,Critically Endangered
Effort notice,Mammalia,Passeriformes,3697.452,1648.15,Least Concern
Last time,Reptilia,Carnivora,2538.693,463.8,Endangered
Quickly should,Aves,Primates,4398.905,667.24,Endangered
Real take,Reptilia,Rodentia,4143.534,789.18,Endangered
Explain anything,Mammalia,Primates,2377.852,1236.59,Extinct in the Wild
Since article,Actinopterygii,Carnivora,3696.084,482.39,Endangered
Without able,Aves,Anura,731.346,573.73,Near Threatened
Process federal,Amphibia,Squamata,4366.187,638.24,Critically Endangered
Threat nor,Aves,Carnivora,3864.33,322.36,Near Threatened
Physical less,Actinopterygii,Carnivora,4662.725,482.44,Extinct in the Wild
How late,Actinopterygii,Anura,4419.156,474.21,Near Threatened
Professor hotel,Amphibia,Anura,4191.991,1148.98,Vulnerable
Together line,Actinopterygii,Anura,1278.594,1490.96,Critically Endangered
Start resource,Actinopterygii,Primates,849.624,1588.02,Vulnerable
Inside section,Amphibia,Primates,4455.127,267.87,Vulnerable
Pull very,Amphibia,Passeriformes,2867.078,550.03,Endangered
Seven growth,Reptilia,Carnivora,527.263,272.79,Endangered
Anyone old,Actinopterygii,Carnivora,4253.439,1221.96,Extinct in the Wild
Material box,Amphibia,Carnivora,3718.827,2674.27,Near Threatened
Treat common,Aves,Passeriformes,3721.089,2085.42,Vulnerable
Bit official,Reptilia,Primates,3463.689,997.88,Extinct in the Wild
Second business,Mammalia,Carnivora,84.958,2452.83,Extinct in the Wild
Miss know,Amphibia,Passeriformes,1239.269,2493.02,Vulnerable
Offer sea,Aves,Squamata,4255.499,2001.68,Endangered
Law office,Actinopterygii,Primates,1484.878,269.7,Least Concern
Yet experience,Reptilia,Passeriformes,2093.973,2140.54,Near Threatened
Debate would,Mammalia,Carnivora,1341.869,1076.17,Critically Endangered
Majority skill,Amphibia,Squamata,4293.841,1226.35,Endangered
On various,Mammalia,Primates,4406.104,2949.75,Vulnerable
Hot admit,Actinopterygii,Rodentia,3444.019,1685.2,Endangered
Hear author,Actinopterygii,Anura,1597.713,2654.75,Endangered
Sometimes reach,Mammalia,Primates,4370.191,2120.23,Near Threatened
Follow with,Mammalia,Rodentia,2668.597,1106.46,Extinct in the Wild
What official,Mammalia,Primates,4427.872,1043.05,Critically Endangered
Order agent,Aves,Carnivora,3037.204,297.01,Vulnerable
Could give,Amphibia,Primates,2362.98,2613.04,Near Threatened
Measure very,Actinopterygii,Squamata,1448.365,1913.69,Critically Endangered
Sell wind,Mammalia,Carnivora,3866.918,894.35,Vulnerable
Foreign specific,Reptilia,Squamata,754.903,1100.28,Critically Endangered
Region chair,Reptilia,Carnivora,2485.232,341.0,Endangered
North indeed,Actinopterygii,Rodentia,510.436,1357.83,Extinct in the Wild
Leave always,Reptilia,Squamata,3303.586,1246.57,Critically Endangered
Night place,Reptilia,Squamata,4195.739,2348.54,Vulnerable
Arm speak,Mammalia,Anura,1977.448,797.6,Near Threatened
However approach,Amphibia,Squamata,3010.913,61.06,Endangered
Program shake,Amphibia,Primates,2596.774,1964.18,Near Threatened
Thing game,Actinopterygii,Squamata,3216.282,1268.16,Vulnerable
Now past,Aves,Primates,2619.714,1294.82,Vulnerable
Pretty also,Reptilia,Anura,3577.241,266.11,Extinct in the Wild
Realize just,Amphibia,Squamata,840.214,691.45,Endangered
Capital the,Reptilia,Passeriformes,1534.249,1259.65,Vulnerable
Baby character,Actinopterygii,Rodentia,3967.391,1898.21,Endangered
Couple phone,Reptilia,Anura,4221.915,1490.71,Vulnerable
Couple first,Reptilia,Rodentia,3590.346,2841.0,Endangered
Product health,Aves,Primates,1943.031,209.09,Endangered
Dog evidence,Amphibia,Rodentia,4762.691,2259.08,Critically Endangered
Big yet,Mammalia,Squamata,1377.929,1406.51,Vulnerable
His gas,Actinopterygii,Primates,3757.728,2378.77,Vulnerable
Garden painting,Reptilia,Anura,4734.589,2500.31,Extinct in the Wild
Control describe,Mammalia,Squamata,1536.971,1809.72,Critically Endangered
Face time,Reptilia,Primates,753.613,1510.4,Endangered
Play garden,Mammalia,Anura,4386.681,233.08,Critically Endangered
Capital economic,Aves,Anura,1613.4,430.29,Vulnerable
Write mother,Mammalia,Anura,761.32,2306.63,Least Concern
Feeling television,Actinopterygii,Anura,3905.643,1779.7,Endangered
Impact goal,Reptilia,Carnivora,2520.318,1970.09,Vulnerable
Ever rock,Mammalia,Anura,4339.705,65.57,Extinct in the Wild
Democrat fill,Mammalia,Squamata,4537.661,1280.02,Critically Endangered
Property responsibility,Actinopterygii,Primates,2456.166,2430.33,Critically Endangered
Pay she,Aves,Primates,4908.472,743.25,Vulnerable
Feeling more,Amphibia,Squamata,1854.017,2077.59,Near Threatened
Likely provide,Amphibia,Anura,3162.019,1021.31,Extinct in the Wild
Democrat drive,Amphibia,Carnivora,2335.824,1866.95,Near Threatened
Prevent some,Reptilia,Squamata,93.009,1407.08,Near Threatened
Career born,Reptilia,Squamata,2322.706,2421.15,Near Threatened
Writer business,Amphibia,Anura,3836.337,2564.74,Endangered
Upon own,Reptilia,Rodentia,3064.112,627.06,Vulnerable
Degree agreement,Aves,Carnivora,4925.994,2642.44,Least Concern
Own send,Amphibia,Passeriformes,1549.855,201.87,Near Threatened
Energy process,Mammalia,Anura,2095.282,189.85,Least Concern
Piece article,Mammalia,Passeriformes,3357.68,898.64,Endangered
Professor newspaper,Amphibia,Rodentia,3856.503,464.74,Vulnerable
Safe vote,Actinopterygii,Primates,3843.397,2875.57,Extinct in the Wild
Win true,Mammalia,Rodentia,175.701,1053.07,Endangered
Current whether,Amphibia,Rodentia,4373.471,1679.0,Near Threatened
Process include,Aves,Passeriformes,2310.109,1699.21,Least Concern
Stay example,Aves,Carnivora,4075.187,1976.96,Vulnerable
Pressure guy,Mammalia,Passeriformes,700.442,1967.57,Critically Endangered
Responsibility cause,Reptilia,Passeriformes,4406.527,2475.09,Extinct in the Wild
Around reason,Reptilia,Rodentia,3318.928,532.82,Least Concern
Matter matter,Actinopterygii,Primates,1152.059,651.2,Critically Endangered
Speech third,Reptilia,Rodentia,2117.683,1576.12,Vulnerable
Reason prepare,Mammalia,Anura,4955.589,1451.15,Near Threatened
Serve enter,Mammalia,Passeriformes,2342.601,1219.83,Critically Endangered
Hear dream,Amphibia,Passeriformes,22.117,1491.63,Near Threatened
Easy ask,Actinopterygii,Carnivora,1971.528,355.14,Extinct in the Wild
Great network,Aves,Squamata,3702.353,2395.82,Vulnerable
Blood window,Reptilia,Primates,1510.368,2485.76,Least Concern
Because commercial,Aves,Rodentia,3590.358,217.07,Vulnerable
All through,Actinopterygii,Passeriformes,59.147,431.51,Near Threatened
Far really,Amphibia,Passeriformes,4205.423,193.88,Extinct in the Wild
Human green,Amphibia,Primates,3824.036,2036.42,Least Concern
Matter very,Aves,Carnivora,4928.542,661.05,Vulnerable
Agreement no,Reptilia,Carnivora,1488.443,1501.48,Critically Endangered
Although put,Aves,Primates,2839.014,1935.27,Near Threatened
Bad direction,Aves,Squamata,1541.28,1872.19,Least Concern
Major eight,Actinopterygii,Carnivora,4703.089,2810.48,Critically Endangered
Never stand,Amphibia,Passeriformes,1226.943,1905.03,Vulnerable
Begin someone,Aves,Primates,66.221,2887.66,Least Concern
Ok out,Mammalia,Passeriformes,4394.6,1452.62,Vulnerable
Voice arm,Reptilia,Primates,2480.602,1818.67,Endangered
Base scientist,Amphibia,Passeriformes,4848.188,16.45,Vulnerable
Significant together,Reptilia,Anura,2111.674,2443.19,Critically Endangered
While writer,Reptilia,Primates,3187.817,664.75,Near Threatened
Face water,Mammalia,Anura,4309.716,2124.88,Extinct in the Wild
Pay various,Actinopterygii,Primates,1194.125,1971.56,Extinct in the Wild
Hear responsibility,Reptilia,Carnivora,2178.887,1616.56,Critically Endangered
Study idea,Aves,Rodentia,1736.215,951.48,Extinct in the Wild
Exactly almost,Aves,Passeriformes,2631.627,1519.31,Vulnerable
Far section,Reptilia,Squamata,1772.03,868.53,Vulnerable
Kitchen girl,Reptilia,Anura,246.91,831.03,Near Threatened
Big generation,Actinopterygii,Squamata,3771.2,456.21,Least Concern
Because hand,Reptilia,Squamata,429.474,588.43,Least Concern
Rest letter,Actinopterygii,Passeriformes,1806.95,2781.71,Extinct in the Wild
Open fear,Reptilia,Anura,484.089,1478.24,Critically Endangered
Summer TV,Amphibia,Rodentia,1105.589,1220.25,Endangered
Money treat,Aves,Primates,1363.048,2963.16,Least Concern
Action increase,Reptilia,Rodentia,1280.117,1882.96,Critically Endangered
Whatever add,Actinopterygii,Carnivora,207.956,271.97,Extinct in the Wild
Fish idea,Mammalia,Rodentia,2469.517,2021.45,Critically Endangered
Continue another,Amphibia,Primates,931.844,459.91,Endangered
Control science,Reptilia,Anura,2057.869,2789.82,Extinct in the Wild
Keep word,Amphibia,Squamata,4225.135,2806.34,Near Threatened
Push anything,Actinopterygii,Carnivora,2930.696,528.18,Extinct in the Wild
Agree television,Amphibia,Carnivora,4011.954,2369.11,Least Concern
Citizen guy,Actinopterygii,Carnivora,1966.975,1842.14,Endangered
Economy certainly,Actinopterygii,Anura,2155.218,1758.89,Vulnerable
Many determine,Amphibia,Rodentia,2909.984,2012.93,Near Threatened
They it,Aves,Anura,51.476,445.12,Extinct in the Wild
Couple enjoy,Amphibia,Anura,3295.803,489.69,Extinct in the Wild
Paper station,Actinopterygii,Anura,3351.05,1552.03,Near Threatened
Eight pattern,Amphibia,Squamata,4869.027,2557.91,Endangered
Something year,Aves,Squamata,55.404,963.61,Least Concern
Agency one,Aves,Primates,3000.578,2387.06,Critically Endangered
Probably happy,Amphibia,Passeriformes,347.907,102.83,Extinct in the Wild
Realize social,Reptilia,Carnivora,4252.145,1419.01,Extinct in the Wild
Carry sometimes,Mammalia,Rodentia,779.323,1781.87,Near Threatened
Under sometimes,Reptilia,Carnivora,487.97,2474.87,Near Threatened
Live she,Mammalia,Anura,2468.953,1690.62,Least Concern
Black sing,Mammalia,Squamata,1878.08,2269.67,Near Threatened
Commercial yard,Reptilia,Squamata,2317.98,2136.16,Near Threatened
Seem rock,Actinopterygii,Rodentia,2389.396,1772.79,Endangered
Begin space,Amphibia,Rodentia,1935.06,2553.28,Least Concern
Center writer,Amphibia,Passeriformes,636.308,2356.15,Critically Endangered
Sister mention,Actinopterygii,Anura,3741.742,1930.52,Vulnerable
Must possible,Amphibia,Passeriformes,4060.5,280.87,Near Threatened
Money use,Mammalia,Anura,1388.921,2073.34,Endangered
Song measure,Aves,Anura,4641.44,441.67,Critically Endangered
Action south,Amphibia,Primates,4202.573,2591.01,Vulnerable
Season process,Aves,Rodentia,4949.773,747.16,Vulnerable
Particular but,Amphibia,Carnivora,4755.713,2003.61,Vulnerable
Significant my,Mammalia,Rodentia,241.291,65.38,Critically Endangered
Into heavy,Mammalia,Squamata,3441.065,1779.18,Extinct in the Wild
Record bed,Reptilia,Anura,119.967,2550.96,Least Concern
Heart western,Aves,Squamata,1990.452,1198.68,Endangered
Feel participant,Actinopterygii,Anura,2521.612,372.7,Critically Endangered
Risk leg,Reptilia,Anura,3221.569,42.18,Critically Endangered
Begin church,Mammalia,Primates,4050.59,2747.92,Near Threatened
Pull method,Mammalia,Anura,2892.116,1565.83,Critically Endangered
Run leave,Reptilia,Squamata,2152.903,2181.79,Near Threatened
Why teacher,Aves,Squamata,2717.225,217.84,Endangered
Ability range,Amphibia,Carnivora,3290.083,716.78,Critically Endangered
Worry get,Aves,Rodentia,1218.63,482.78,Vulnerable
Different production,Aves,Squamata,228.624,1822.15,Near Threatened
Reason almost,Actinopterygii,Carnivora,3098.251,2669.58,Endangered
Adult sing,Mammalia,Passeriformes,826.385,925.44,Critically Endangered
Professional education,Mammalia,Passeriformes,4969.583,2225.11,Near Threatened
System too,Aves,Primates,2000.564,6.1,Near Threatened
Fall like,Reptilia,Passeriformes,3983.825,2410.31,Extinct in the Wild
First century,Amphibia,Passeriformes,859.882,1141.41,Vulnerable
Culture protect,Actinopterygii,Primates,1780.305,263.67,Endangered
Strong hair,Aves,Rodentia,4188.961,612.06,Near Threatened
Part scientist,Reptilia,Carnivora,1100.89,984.72,Critically Endangered
Suffer people,Aves,Carnivora,3361.961,2719.14,Near Threatened
Claim sense,Amphibia,Anura,4585.289,547.14,Least Concern
Hope thousand,Actinopterygii,Rodentia,612.932,1964.39,Least Concern
Service interest,Amphibia,Rodentia,2605.036,2852.77,Endangered
Raise door,Amphibia,Anura,1067.907,2458.25,Critically Endangered
Light I,Amphibia,Squamata,825.105,1948.8,Extinct in the Wild
Common thing,Mammalia,Anura,3164.667,2901.56,Least Concern
Much leader,Mammalia,Primates,1458.804,1353.56,Least Concern
Near serious,Amphibia,Carnivora,3651.216,379.4,Critically Endangered
Century save,Aves,Passeriformes,961.711,557.87,Vulnerable
Trip expect,Mammalia,Primates,2036.907,1357.05,Vulnerable
Lose civil,Aves,Anura,3194.156,2750.42,Critically Endangered
Ten agreement,Actinopterygii,Squamata,3369.167,2843.29,Near Threatened
That something,Mammalia,Carnivora,490.591,2915.9,Near Threatened
Instead office,Mammalia,Primates,4961.028,1507.83,Vulnerable
Treatment thought,Actinopterygii,Anura,4203.313,1273.2,Vulnerable
Win create,Amphibia,Primates,958.791,1230.63,Extinct in the Wild
Why Democrat,Amphibia,Anura,4626.638,2724.06,Vulnerable
Cultural meeting,Reptilia,Rodentia,4546.638,2735.16,Least Concern
Chance each,Reptilia,Passeriformes,909.694,1068.13,Vulnerable
Compare quite,Mammalia,Anura,4105.997,2004.68,Vulnerable
Late black,Amphibia,Passeriformes,3257.488,427.31,Near Threatened
Raise free,Actinopterygii,Anura,3277.793,1333.8,Critically Endangered
Section institution,Actinopterygii,Rodentia,4233.321,1.65,Near Threatened
Town green,Actinopterygii,Passeriformes,1852.325,2392.83,Vulnerable
Start guy,Mammalia,Rodentia,51.655,591.92,Least Concern
Provide likely,Reptilia,Passeriformes,4933.298,810.28,Extinct in the Wild
Scientist low,Mammalia,Rodentia,615.157,2160.09,Extinct in the Wild
Area beyond,Amphibia,Squamata,4872.34,1171.4,Critically Endangered
Bag pretty,Reptilia,Rodentia,4350.987,724.9,Critically Endangered
Much together,Mammalia,Primates,4269.61,1799.26,Endangered
Marriage weight,Amphibia,Passeriformes,4872.735,2021.07,Vulnerable
Live rock,Aves,Carnivora,4769.515,2867.51,Vulnerable
Check city,Actinopterygii,Carnivora,821.684,1759.47,Extinct in the Wild
Simple now,Actinopterygii,Rodentia,4736.065,2973.05,Least Concern
Change pay,Mammalia,Primates,538.152,2611.02,Extinct in the Wild
According view,Amphibia,Squamata,3187.033,291.08,Least Concern
Adult million,Mammalia,Anura,4590.203,1094.78,Near Threatened
Animal some,Actinopterygii,Anura,2345.129,2842.71,Critically Endangered
Former good,Reptilia,Carnivora,2866.773,1811.68,Vulnerable
Officer name,Reptilia,Passeriformes,413.793,2939.44,Vulnerable
Call notice,Mammalia,Primates,2936.059,1444.77,Vulnerable
Type meet,Amphibia,Squamata,4180.001,967.95,Near Threatened
Yeah live,Mammalia,Primates,1296.115,489.99,Extinct in the Wild
Cause purpose,Amphibia,Passeriformes,4922.091,1696.99,Vulnerable
Teach certainly,Reptilia,Primates,4342.6,2854.93,Extinct in the Wild
Speak nation,Mammalia,Anura,250.508,162.73,Critically Endangered
Half reason,Amphibia,Squamata,1706.04,33.53,Critically Endangered
Main song,Amphibia,Rodentia,1995.123,16.04,Critically Endangered
Account player,Reptilia,Rodentia,3529.74,381.62,Endangered
Item paper,Actinopterygii,Passeriformes,2408.234,1159.91,Extinct in the Wild
Majority everything,Amphibia,Squamata,55.184,812.05,Critically Endangered
Hand law,Aves,Primates,242.048,1694.34,Extinct in the Wild
Guess sort,Amphibia,Carnivora,410.901,2654.07,Endangered
Class range,Actinopterygii,Primates,3406.356,1321.93,Least Concern
Worker different,Mammalia,Passeriformes,1579.164,1119.04,Extinct in the Wild
Writer worker,Amphibia,Anura,1595.215,359.16,Extinct in the Wild
Line officer,Amphibia,Carnivora,3722.453,1059.47,Endangered
Consider enter,Actinopterygii,Passeriformes,573.977,1360.7,Least Concern
Carry film,Mammalia,Rodentia,146.2,2161.64,Extinct in the Wild
Structure appear,Amphibia,Passeriformes,1835.698,2421.94,Near Threatened
Tough cup,Actinopterygii,Squamata,3760.722,980.81,Endangered
After say,Aves,Squamata,1478.26,695.28,Near Threatened
Computer crime,Aves,Squamata,673.363,1454.21,Vulnerable
Star rest,Actinopterygii,Anura,100.832,1768.89,Near Threatened
Month daughter,Actinopterygii,Passeriformes,142.826,1020.8,Extinct in the Wild
Close federal,Actinopterygii,Passeriformes,2403.537,2628.75,Critically Endangered
Pull opportunity,Mammalia,Passeriformes,2681.031,770.47,Extinct in the Wild
Government show,Aves,Anura,4621.95,2830.54,Vulnerable
Situation during,Reptilia,Passeriformes,4732.507,208.82,Least Concern
Oil water,Actinopterygii,Primates,2538.183,295.52,Near Threatened
Budget development,Aves,Primates,3929.325,1690.77,Endangered
Instead necessary,Actinopterygii,Carnivora,2143.617,577.52,Vulnerable
Institution television,Mammalia,Primates,3178.952,370.91,Endangered
Peace pressure,Aves,Passeriformes,2974.806,2323.57,Extinct in the Wild
Sell form,Mammalia,Squamata,3194.79,2549.17,Vulnerable
Here would,Mammalia,Rodentia,2403.189,2347.5,Near Threatened
Make sit,Reptilia,Primates,4479.322,775.47,Critically Endangered
Join arrive,Reptilia,Carnivora,1154.163,1154.62,Endangered
Floor yourself,Amphibia,Rodentia,4967.606,2435.41,Critically Endangered
Baby receive,Mammalia,Squamata,1376.579,2897.48,Extinct in the Wild
What again,Reptilia,Carnivora,1404.266,2024.38,Extinct in the Wild
Art general,Aves,Primates,108.245,40.44,Endangered
Present list,Actinopterygii,Passeriformes,2712.961,2935.94,Endangered
Magazine both,Amphibia,Rodentia,2706.855,128.19,Endangered
Security have,Aves,Anura,4873.109,2678.96,Least Concern
Plant enjoy,Actinopterygii,Passeriformes,389.2,295.91,Endangered
Change civil,Amphibia,Anura,3979.178,2298.25,Least Concern
Recent southern,Aves,Primates,1746.937,854.93,Endangered
Detail century,Amphibia,Carnivora,773.972,2991.95,Near Threatened
Positive color,Mammalia,Passeriformes,603.047,281.48,Extinct in the Wild
Majority south,Aves,Carnivora,3337.926,307.8,Critically Endangered
Include note,Actinopterygii,Carnivora,4728.138,603.12,Extinct in the Wild
Would star,Actinopterygii,Passeriformes,3735.876,2772.54,Near Threatened
Wish toward,Reptilia,Rodentia,2262.165,1780.88,Vulnerable
Majority hotel,Reptilia,Passeriformes,4459.997,216.17,Critically Endangered
Still doctor,Actinopterygii,Rodentia,1711.654,2814.45,Least Concern
Loss mission,Aves,Rodentia,1109.135,2021.7,Least Concern
Capital firm,Reptilia,Carnivora,4968.671,2150.9,Extinct in the Wild
Light expect,Mammalia,Primates,1612.811,2840.78,Near Threatened
Especially summer,Reptilia,Primates,1646.843,1344.39,Near Threatened
Down because,Amphibia,Squamata,252.394,157.3,Least Concern
Phone ball,Aves,Anura,4866.618,2217.9,Extinct in the Wild
Under history,Reptilia,Carnivora,4692.483,2551.34,Critically Endangered
Over social,Mammalia,Squamata,1983.686,86.46,Vulnerable
Note serious,Amphibia,Primates,665.608,1911.94,Near Threatened
Tv leader,Aves,Rodentia,4479.427,373.39,Extinct in the Wild
Ago skin,Aves,Primates,2210.637,1923.7,Endangered
Drug different,Actinopterygii,Primates,185.937,1026.26,Critically Endangered
School environment,Actinopterygii,Squamata,4703.594,1036.87,Least Concern
Likely finally,Mammalia,Squamata,4560.725,460.38,Vulnerable
Consumer long,Mammalia,Rodentia,3985.149,786.6,Vulnerable
Save expect,Reptilia,Rodentia,1685.838,2467.5,Extinct in the Wild
Hot process,Reptilia,Passeriformes,211.861,870.01,Critically Endangered
Who run,Reptilia,Rodentia,2698.841,1096.44,Least Concern
Show customer,Amphibia,Rodentia,2167.649,2550.89,Extinct in the Wild
Customer happy,Actinopterygii,Squamata,2274.531,346.24,Critically Endangered
Fast note,Actinopterygii,Passeriformes,1616.118,1318.05,Critically Endangered
Mention off,Reptilia,Carnivora,2487.296,1518.96,Near Threatened
Wear put,Aves,Rodentia,818.597,1487.92,Near Threatened
Environment few,Mammalia,Rodentia,4643.299,1241.28,Endangered
Matter right,Mammalia,Carnivora,1974.254,1069.36,Critically Endangered
Tough few,Actinopterygii,Carnivora,2915.484,563.06,Endangered
Trial natural,Aves,Rodentia,3484.837,2715.64,Vulnerable
Learn better,Aves,Carnivora,1304.275,817.29,Endangered
Box really,Aves,Primates,98.454,1693.28,Near Threatened
Gas debate,Amphibia,Anura,1037.068,405.14,Endangered
Whom of,Amphibia,Squamata,1334.426,2844.77,Extinct in the Wild
Republican employee,Amphibia,Carnivora,4756.153,1737.34,Critically Endangered
Really usually,Aves,Rodentia,2842.294,1848.18,Extinct in the Wild
Last never,Aves,Passeriformes,3089.815,1829.72,Extinct in the Wild
Sense now,Actinopterygii,Anura,1320.02,2929.53,Vulnerable
Wall far,Actinopterygii,Anura,1904.515,1584.13,Vulnerable
Find form,Mammalia,Primates,4577.348,589.64,Extinct in the Wild
Road left,Aves,Carnivora,1453.096,2933.34,Endangered
Seat structure,Amphibia,Primates,4824.343,2507.85,Near Threatened
Effect herself,Actinopterygii,Squamata,1106.838,2813.92,Vulnerable
Set religious,Aves,Primates,2082.497,1757.43,Vulnerable
Collection or,Amphibia,Primates,1619.532,2541.7,Critically Endangered
Expert understand,Actinopterygii,Passeriformes,3060.71,17.09,Extinct in the Wild
Turn across,Reptilia,Rodentia,4847.957,1604.32,Vulnerable
Land have,Aves,Passeriformes,139.382,92.06,Critically Endangered
Free service,Actinopterygii,Passeriformes,209.804,141.56,Near Threatened
Discussion next,Aves,Squamata,3549.933,97.1,Endangered
Situation model,Mammalia,Passeriformes,1224.244,2771.9,Critically Endangered
Spend wall,Actinopterygii,Rodentia,4468.868,1261.01,Least Concern
Fine Mrs,Amphibia,Anura,3145.906,145.24,Endangered
Radio news,Reptilia,Passeriformes,3881.707,2558.29,Extinct in the Wild
Service without,Aves,Squamata,587.975,1283.44,Endangered
Body stage,Actinopterygii,Rodentia,1974.083,182.67,Vulnerable
Should outside,Mammalia,Squamata,325.533,2459.79,Extinct in the Wild
Garden carry,Reptilia,Anura,3019.465,98.09,Vulnerable
Under offer,Aves,Rodentia,3022.771,2932.38,Vulnerable
Board her,Aves,Squamata,3762.868,2804.06,Endangered
Economic out,Amphibia,Anura,361.118,1258.54,Critically Endangered
Way should,Aves,Squamata,1272.698,1585.07,Extinct in the Wild
Role seek,Mammalia,Rodentia,4508.237,1399.06,Vulnerable
Prepare clear,Actinopterygii,Passeriformes,1947.025,304.0,Critically Endangered
Travel leg,Mammalia,Carnivora,1299.915,118.75,Near Threatened
Know century,Reptilia,Passeriformes,790.291,2804.89,Vulnerable
Nature door,Reptilia,Primates,4988.607,29.75,Vulnerable
Finish season,Reptilia,Primates,3565.495,702.53,Endangered
Let apply,Aves,Rodentia,4629.064,2895.53,Critically Endangered
Environmental same,Reptilia,Carnivora,1884.97,2743.64,Critically Endangered
Front senior,Amphibia,Primates,1567.494,955.97,Endangered
Friend short,Aves,Primates,1179.151,388.01,Least Concern
By among,Reptilia,Passeriformes,3294.5,938.84,Extinct in the Wild
Nice common,Mammalia,Passeriformes,1201.307,1853.87,Extinct in the Wild
Someone share,Amphibia,Rodentia,3783.391,1483.48,Endangered
Thought bed,Mammalia,Carnivora,679.269,1682.67,Least Concern
Add factor,Amphibia,Anura,2367.672,1452.24,Endangered
Compare learn,Reptilia,Rodentia,1771.5,2902.92,Near Threatened
Rich their,Reptilia,Passeriformes,4485.785,1115.17,Vulnerable
Do just,Amphibia,Squamata,1237.114,473.9,Extinct in the Wild
Individual two,Actinopterygii,Passeriformes,4358.006,2497.71,Endangered
Travel level,Amphibia,Rodentia,1653.502,1415.02,Vulnerable
After evening,Aves,Rodentia,4330.264,1759.41,Critically Endangered
Father debate,Aves,Anura,269.478,888.6,Near Threatened
Receive trip,Reptilia,Primates,1518.766,417.78,Vulnerable
Cover election,Aves,Rodentia,1252.616,2874.02,Near Threatened
Organization later,Aves,Primates,4591.826,658.99,Least Concern
Brother travel,Amphibia,Anura,4360.14,2204.48,Near Threatened
Around course,Aves,Primates,3915.543,1602.81,Vulnerable
Leader poor,Aves,Primates,271.363,2561.2,Least Concern
Quickly range,Reptilia,Carnivora,4753.331,813.74,Endangered
Town summer,Actinopterygii,Squamata,4064.523,1579.53,Vulnerable
Trial each,Amphibia,Passeriformes,1037.807,1812.46,Extinct in the Wild
Compare fine,Aves,Carnivora,3060.343,1604.24,Endangered
Spring two,Aves,Primates,2004.68,2988.29,Endangered
Entire court,Mammalia,Carnivora,4698.708,394.4,Endangered
Voice or,Amphibia,Passeriformes,2431.593,1955.23,Near Threatened
Speak worry,Aves,Squamata,2232.853,753.35,Least Concern
Management between,Aves,Passeriformes,1733.41,1378.52,Critically Endangered
Summer trial,Amphibia,Passeriformes,816.281,1410.49,Endangered
Consumer cold,Reptilia,Passeriformes,2686.85,874.72,Endangered
List produce,Actinopterygii,Carnivora,2464.876,2731.15,Extinct in the Wild
Stage discover,Reptilia,Carnivora,3518.107,2013.26,Near Threatened
Family lawyer,Amphibia,Rodentia,3822.089,1281.16,Endangered
Nation argue,Amphibia,Rodentia,2506.097,2574.71,Near Threatened
Itself measure,Aves,Passeriformes,2516.797,525.74,Endangered
Imagine plan,Aves,Passeriformes,4752.933,241.31,Critically Endangered
Summer eight,Actinopterygii,Anura,3519.196,2192.26,Least Concern
Cultural capital,Amphibia,Passeriformes,4489.542,2787.06,Endangered
Audience build,Amphibia,Anura,2783.808,2154.64,Least Concern
South during,Actinopterygii,Squamata,1619.667,877.77,Vulnerable
Let series,Actinopterygii,Squamata,2101.431,711.23,Vulnerable
Once base,Actinopterygii,Anura,1985.54,212.85,Critically Endangered
Test election,Amphibia,Anura,2726.098,1343.93,Endangered
Indeed attorney,Amphibia,Anura,4248.987,1001.76,Vulnerable
Child against,Mammalia,Rodentia,2279.896,2635.87,Near Threatened
Coach most,Reptilia,Primates,4092.206,655.07,Near Threatened
Off hour,Actinopterygii,Primates,3853.986,390.23,Critically Endangered
Former worry,Aves,Anura,3262.761,1638.99,Vulnerable
Thing stage,Aves,Rodentia,1710.962,2243.78,Critically Endangered
Section machine,Amphibia,Squamata,1131.42,2885.68,Critically Endangered
System black,Mammalia,Anura,3653.146,2507.76,Extinct in the Wild
Perhaps deal,Mammalia,Anura,1479.569,2980.05,Vulnerable
Want author,Reptilia,Carnivora,2226.859,436.02,Extinct in the Wild
Recent sea,Reptilia,Anura,2936.954,696.2,Endangered
Tough home,Aves,Carnivora,3617.622,2145.59,Vulnerable
Poor floor,Mammalia,Carnivora,3875.055,2380.43,Endangered
Matter kid,Reptilia,Carnivora,1185.737,2151.54,Near Threatened
Occur your,Amphibia,Squamata,2724.716,2693.99,Vulnerable
Million within,Actinopterygii,Squamata,4855.526,635.68,Vulnerable
Cold pull,Reptilia,Carnivora,3106.317,476.37,Least Concern
Mr executive,Reptilia,Squamata,1350.937,1848.49,Endangered
House act,Actinopterygii,Carnivora,1994.825,728.92,Vulnerable
Oil use,Amphibia,Squamata,2731.744,637.71,Critically Endangered
Science trial,Amphibia,Primates,4803.78,2861.66,Endangered
Cultural speak,Amphibia,Anura,4118.544,2557.18,Extinct in the Wild
Defense make,Actinopterygii,Rodentia,3128.06,1633.62,Extinct in the Wild
Continue human,Actinopterygii,Anura,3897.385,818.75,Extinct in the Wild
Nice describe,Amphibia,Squamata,3112.151,2528.09,Near Threatened
Nation Mrs,Amphibia,Primates,3261.822,747.14,Least Concern
Them measure,Mammalia,Carnivora,4378.11,572.23,Near Threatened
Turn reality,Reptilia,Anura,2388.888,796.19,Vulnerable
Information friend,Aves,Rodentia,2799.387,1416.69,Vulnerable
Include major,Mammalia,Passeriformes,1455.166,2481.05,Least Concern
Challenge true,Mammalia,Squamata,2118.154,2714.8,Vulnerable
Myself land,Mammalia,Squamata,2925.753,1008.24,Extinct in the Wild
Respond win,Aves,Rodentia,4261.001,60.43,Extinct in the Wild
Social open,Aves,Anura,2361.424,944.33,Endangered
Easy talk,Actinopterygii,Anura,3290.098,2760.84,Near Threatened
Finally just,Aves,Squamata,1325.43,2205.45,Critically Endangered
Enough position,Actinopterygii,Squamata,107.342,2057.26,Vulnerable
Style property,Aves,Passeriformes,1231.299,2795.56,Critically Endangered
Trial dream,Actinopterygii,Passeriformes,4565.675,2954.65,Vulnerable
Into act,Actinopterygii,Primates,1954.068,1714.11,Near Threatened
Its through,Aves,Primates,867.38,2201.28,Vulnerable
Country particularly,Reptilia,Passeriformes,2545.261,2532.16,Extinct in the Wild
Past music,Reptilia,Passeriformes,967.723,543.53,Least Concern
Training on,Aves,Passeriformes,3917.325,825.37,Near Threatened
Anything politics,Actinopterygii,Squamata,3028.698,1295.16,Least Concern
Few business,Reptilia,Passeriformes,2740.483,2007.43,Least Concern
If like,Mammalia,Primates,3334.471,1815.3,Critically Endangered
Camera five,Mammalia,Primates,1107.421,1999.08,Endangered
Door with,Amphibia,Rodentia,144.446,1204.08,Least Concern
A in,Mammalia,Primates,2954.304,1622.74,Extinct in the Wild
Radio wish,Mammalia,Passeriformes,213.819,198.33,Least Concern
Per color,Actinopterygii,Carnivora,2730.751,681.29,Endangered
Event former,Amphibia,Rodentia,3774.861,1255.03,Least Concern
Picture fine,Mammalia,Carnivora,3520.579,483.95,Vulnerable
System remember,Mammalia,Passeriformes,1800.273,206.35,Critically Endangered
Point time,Amphibia,Passeriformes,1331.282,872.92,Near Threatened
Car well,Aves,Passeriformes,43.144,1060.89,Endangered
Speak no,Amphibia,Carnivora,2332.859,2424.47,Extinct in the Wild
Debate throw,Mammalia,Carnivora,3531.979,1844.55,Extinct in the Wild
Discuss cultural,Actinopterygii,Rodentia,45.583,1043.68,Endangered
Serve right,Amphibia,Rodentia,309.151,272.19,Endangered
Couple really,Amphibia,Anura,1791.649,1789.27,Endangered
Human part,Aves,Squamata,1516.921,168.5,Critically Endangered
Hit research,Aves,Carnivora,3442.315,1289.3,Extinct in the Wild
Reduce first,Reptilia,Rodentia,2193.235,2548.21,Critically Endangered
Television owner,Actinopterygii,Primates,3495.638,1004.66,Endangered
Apply money,Aves,Primates,4989.944,1971.34,Extinct in the Wild
Age heart,Aves,Squamata,1022.817,1829.2,Least Concern
Yes control,Actinopterygii,Carnivora,2574.149,2446.51,Least Concern
Firm short,Aves,Anura,1767.472,38.77,Near Threatened
Control mind,Mammalia,Primates,4006.207,655.36,Critically Endangered
Century hotel,Amphibia,Squamata,3764.112,2782.7,Least Concern
Him road,Aves,Carnivora,1032.988,1582.78,Near Threatened
Four buy,Amphibia,Rodentia,533.493,952.74,Least Concern
Hard degree,Aves,Primates,3882.411,1590.23,Critically Endangered
Play sense,Actinopterygii,Passeriformes,1635.491,828.4,Vulnerable
Huge certain,Aves,Rodentia,1217.27,620.05,Critically Endangered
One yeah,Amphibia,Primates,1981.566,746.8,Vulnerable
Southern since,Amphibia,Primates,894.185,1160.84,Critically Endangered
Couple industry,Amphibia,Squamata,1729.677,1858.18,Least Concern
Last development,Actinopterygii,Rodentia,3981.8,402.28,Vulnerable
Note night,Actinopterygii,Rodentia,2812.559,845.56,Endangered
Draw not,Actinopterygii,Primates,2475.612,23.61,Near Threatened
Loss audience,Actinopterygii,Anura,15.574,198.54,Critically Endangered
Middle accept,Reptilia,Primates,1565.821,1489.12,Vulnerable
Return summer,Mammalia,Rodentia,3844.059,1667.69,Least Concern
Window vote,Aves,Anura,1471.996,2802.04,Vulnerable
Feeling describe,Aves,Rodentia,2942.399,550.65,Critically Endangered
Key cell,Mammalia,Rodentia,1316.274,1062.04,Extinct in the Wild
Research change,Mammalia,Carnivora,1096.273,1710.73,Critically Endangered
Which sport,Actinopterygii,Squamata,1306.294,1867.64,Least Concern
Discuss college,Amphibia,Passeriformes,1928.453,1340.64,Critically Endangered
Property relationship,Aves,Rodentia,4730.461,2929.15,Least Concern
Discussion life,Mammalia,Anura,3030.616,1698.23,Endangered
Feeling they,Aves,Anura,2928.383,2661.43,Extinct in the Wild
Win concern,Aves,Squamata,509.713,2361.18,Extinct in the Wild
Center peace,Amphibia,Passeriformes,4899.205,518.93,Critically Endangered
Democrat herself,Mammalia,Anura,1599.807,287.07,Extinct in the Wild
Sign make,Actinopterygii,Passeriformes,3806.49,1740.99,Near Threatened
Teacher score,Mammalia,Carnivora,3055.379,2546.1,Critically Endangered
War Mr,Reptilia,Squamata,3174.11,1740.21,Near Threatened
Increase every,Aves,Squamata,4913.552,2021.02,Endangered
Bill half,Mammalia,Squamata,1516.464,2551.12,Critically Endangered
Hair wall,Mammalia,Rodentia,1647.944,1527.01,Near Threatened
Identify direction,Mammalia,Squamata,2986.509,2456.43,Least Concern
More term,Aves,Primates,2524.128,397.7,Endangered
Speech fear,Mammalia,Carnivora,4320.187,2412.62,Vulnerable
Letter science,Mammalia,Passeriformes,3820.47,2625.41,Critically Endangered
Pattern top,Aves,Rodentia,2859.199,833.82,Endangered
Sport of,Reptilia,Carnivora,1886.659,2658.5,Extinct in the Wild
Speech training,Actinopterygii,Primates,3047.138,2125.22,Least Concern
Surface fund,Amphibia,Carnivora,4650.75,1506.1,Extinct in the Wild
Team available,Actinopterygii,Carnivora,3407.476,2304.39,Least Concern
Trip high,Reptilia,Carnivora,478.832,706.79,Least Concern
Age star,Aves,Anura,2012.102,2000.55,Endangered
Range bring,Actinopterygii,Squamata,4502.471,2327.72,Vulnerable
Sometimes this,Actinopterygii,Primates,1543.468,108.08,Extinct in the Wild
Not shoulder,Aves,Carnivora,2034.581,1012.92,Least Concern
Nearly early,Mammalia,Anura,1692.494,1740.6,Near Threatened
Improve rich,Mammalia,Squamata,1571.321,2622.21,Critically Endangered
Teach end,Amphibia,Passeriformes,2839.562,2302.19,Endangered
Some gun,Reptilia,Carnivora,3876.203,2313.76,Endangered
Gas military,Mammalia,Rodentia,2417.754,1365.28,Extinct in the Wild
Any man,Aves,Squamata,2087.485,1294.95,Vulnerable
Wear science,Actinopterygii,Squamata,4254.251,1132.99,Vulnerable
Strategy PM,Actinopterygii,Anura,634.917,1409.02,Least Concern
Cause sell,Mammalia,Squamata,3938.13,2734.45,Near Threatened
Start build,Mammalia,Anura,1361.08,2123.08,Near Threatened
Still series,Mammalia,Rodentia,3653.048,1940.97,Critically Endangered
Reach make,Actinopterygii,Carnivora,4324.008,2566.93,Near Threatened
Wife wrong,Aves,Carnivora,4354.897,115.51,Least Concern
Herself people,Actinopterygii,Rodentia,522.147,1750.46,Vulnerable
Water own,Amphibia,Anura,3776.609,1474.56,Vulnerable
Deal difficult,Amphibia,Passeriformes,1876.916,304.36,Near Threatened
Key site,Reptilia,Primates,3762.197,1764.19,Extinct in the Wild
Animal serious,Amphibia,Rodentia,1311.595,2056.7,Near Threatened
Beautiful letter,Amphibia,Squamata,4065.79,2997.06,Near Threatened
Challenge family,Mammalia,Carnivora,1327.189,2618.19,Endangered
Seat place,Mammalia,Carnivora,4610.821,1919.99,Near Threatened
Stop assume,Amphibia,Anura,2157.204,726.37,Critically Endangered
Interesting across,Mammalia,Primates,4011.314,457.2,Vulnerable
Newspaper many,Actinopterygii,Primates,2861.076,1192.77,Endangered
Responsibility talk,Reptilia,Anura,2700.894,2922.43,Critically Endangered
Political study,Amphibia,Passeriformes,1200.039,2152.7,Critically Endangered
Bar whom,Reptilia,Carnivora,4931.736,915.18,Critically Endangered
Spend bank,Actinopterygii,Rodentia,4043.462,1026.68,Vulnerable
Pm so,Reptilia,Anura,3053.124,2748.82,Vulnerable
Son force,Amphibia,Squamata,390.686,482.7,Vulnerable
Weight phone,Actinopterygii,Anura,4868.357,2575.22,Extinct in the Wild
Sport deep,Actinopterygii,Rodentia,4155.237,297.43,Critically Endangered
Mr miss,Amphibia,Passeriformes,3349.051,2180.24,Vulnerable
Official lead,Reptilia,Carnivora,4455.496,233.42,Near Threatened
Certain commercial,Amphibia,Primates,4095.261,857.62,Near Threatened
Reach item,Reptilia,Carnivora,4923.98,149.36,Vulnerable
Help visit,Amphibia,Passeriformes,4682.046,1884.94,Extinct in the Wild
Arrive recently,Amphibia,Anura,4674.689,324.44,Vulnerable
Standard pressure,Aves,Rodentia,117.873,2317.99,Vulnerable
Under fill,Actinopterygii,Rodentia,4573.931,2615.84,Least Concern
Catch leader,Aves,Squamata,2684.379,494.62,Critically Endangered
Scientist head,Aves,Primates,3347.184,758.29,Vulnerable
Center degree,Reptilia,Carnivora,3023.796,2079.14,Critically Endangered
Glass single,Mammalia,Rodentia,422.522,918.93,Critically Endangered
Economic even,Mammalia,Anura,4354.785,321.07,Vulnerable
Use three,Actinopterygii,Primates,4480.513,2522.62,Least Concern
These herself,Aves,Squamata,3969.35,456.42,Least Concern
Fall yard,Reptilia,Anura,1041.364,1780.07,Vulnerable
Young police,Amphibia,Rodentia,4110.831,1390.27,Near Threatened
Whatever social,Actinopterygii,Squamata,1961.061,2691.25,Vulnerable
Word then,Mammalia,Anura,4908.149,1309.05,Vulnerable
Force word,Mammalia,Squamata,1237.067,997.64,Extinct in the Wild
Agent certain,Amphibia,Anura,1670.518,2089.73,Critically Endangered
Budget west,Actinopterygii,Anura,567.09,1968.71,Endangered
Pretty us,Aves,Primates,2134.679,930.72,Endangered
Writer pressure,Aves,Rodentia,884.569,82.22,Critically Endangered
Sure create,Mammalia,Passeriformes,1860.521,285.71,Vulnerable
Cell adult,Amphibia,Passeriformes,1497.632,2113.0,Extinct in the Wild
Hot attorney,Actinopterygii,Passeriformes,1358.177,17.99,Least Concern
Media few,Reptilia,Anura,4671.332,424.09,Endangered
Worker program,Aves,Passeriformes,1883.378,577.63,Least Concern
Week figure,Reptilia,Rodentia,1415.761,2437.66,Least Concern
As help,Mammalia,Anura,153.736,1384.16,Vulnerable
I road,Reptilia,Passeriformes,545.307,723.59,Critically Endangered
Usually whole,Reptilia,Passeriformes,198.177,997.73,Near Threatened
Government else,Mammalia,Primates,2469.608,1444.88,Endangered
Blue position,Mammalia,Primates,3186.298,898.81,Endangered
Relationship name,Actinopterygii,Primates,2722.732,566.67,Least Concern
Feel yard,Reptilia,Passeriformes,2644.543,2718.95,Vulnerable
Situation mention,Mammalia,Rodentia,994.9,83.67,Least Concern
Else station,Reptilia,Passeriformes,2914.426,595.62,Near Threatened
Month season,Mammalia,Carnivora,4756.333,1609.61,Critically Endangered
Him opportunity,Mammalia,Rodentia,3309.218,2644.5,Extinct in the Wild
Position member,Aves,Rodentia,3154.632,663.66,Critically Endangered
Picture single,Amphibia,Carnivora,1802.578,145.67,Critically Endangered
Involve about,Mammalia,Rodentia,4286.008,2039.17,Critically Endangered
Current everybody,Aves,Carnivora,2199.598,2288.69,Critically Endangered
Reach house,Mammalia,Primates,1186.989,1002.54,Vulnerable
Interest short,Amphibia,Squamata,2915.123,2993.17,Least Concern
Term partner,Amphibia,Anura,117.768,1681.24,Endangered
I rather,Mammalia,Rodentia,658.932,1407.79,Vulnerable
Training hit,Amphibia,Primates,3998.179,1986.23,Critically Endangered
Might agree,Actinopterygii,Anura,223.775,2739.97,Vulnerable
Need book,Aves,Anura,4673.307,1640.61,Near Threatened
This I,Actinopterygii,Anura,1657.042,115.1,Least Concern
Paper yard,Aves,Rodentia,737.995,2794.8,Endangered
Radio join,Aves,Rodentia,4651.76,2471.67,Critically Endangered
Skill sense,Mammalia,Anura,4037.873,1584.02,Critically Endangered
Hundred once,Reptilia,Squamata,1841.787,1824.05,Endangered
Middle a,Mammalia,Passeriformes,113.448,2565.1,Near Threatened
Least before,Aves,Passeriformes,827.112,570.89,Least Concern
Whose admit,Mammalia,Passeriformes,1314.886,2080.18,Near Threatened
Paper experience,Aves,Carnivora,1601.953,2539.14,Vulnerable
Reach feel,Actinopterygii,Carnivora,4085.814,2002.33,Least Concern
Southern now,Amphibia,Anura,2704.847,750.1,Critically Endangered
Cause care,Amphibia,Carnivora,2059.664,195.77,Vulnerable
Dark no,Actinopterygii,Squamata,4210.805,2026.3,Near Threatened
House others,Reptilia,Rodentia,2257.596,1388.68,Critically Endangered
Hear physical,Aves,Squamata,2299.463,1636.47,Near Threatened
West stock,Reptilia,Carnivora,375.504,2724.92,Vulnerable
Ago study,Reptilia,Passeriformes,2654.188,331.15,Least Concern
Why small,Mammalia,Passeriformes,3513.874,856.06,Vulnerable
Where politics,Mammalia,Anura,3622.359,1224.7,Vulnerable
And work,Amphibia,Primates,439.744,993.41,Endangered
Need draw,Aves,Carnivora,3834.74,2398.49,Near Threatened
Prevent they,Reptilia,Primates,875.669,1185.84,Critically Endangered
Move respond,Amphibia,Rodentia,3511.663,1720.64,Extinct in the Wild
Theory be,Reptilia,Rodentia,3404.184,1951.3,Endangered
Around join,Aves,Primates,2766.503,1442.58,Endangered
Wide meet,Reptilia,Passeriformes,3495.269,223.52,Endangered
Financial out,Actinopterygii,Rodentia,605.275,2690.56,Vulnerable
Point music,Mammalia,Passeriformes,4564.352,894.8,Critically Endangered
Group stand,Mammalia,Anura,2504.973,1863.88,Critically Endangered
Necessary speak,Aves,Carnivora,1601.854,2140.47,Extinct in the Wild
Parent moment,Amphibia,Passeriformes,3112.999,267.2,Near Threatened
Operation somebody,Amphibia,Carnivora,300.681,2025.08,Least Concern
Same involve,Aves,Rodentia,1803.656,219.0,Least Concern
Small such,Reptilia,Primates,1900.556,2707.03,Critically Endangered
Determine ability,Mammalia,Carnivora,1440.173,1080.79,Near Threatened
Help building,Actinopterygii,Passeriformes,4734.482,932.45,Critically Endangered
Decide western,Reptilia,Rodentia,1015.067,2063.42,Extinct in the Wild
Others detail,Reptilia,Passeriformes,2600.543,762.48,Extinct in the Wild
Any bar,Reptilia,Rodentia,3940.988,2359.23,Critically Endangered
Future glass,Actinopterygii,Primates,192.688,1393.29,Vulnerable
Simply head,Amphibia,Passeriformes,1232.83,972.74,Extinct in the Wild
Like whole,Mammalia,Anura,598.52,2744.07,Critically Endangered
Option she,Reptilia,Anura,2631.613,169.43,Near Threatened
Support form,Aves,Rodentia,3421.819,983.68,Least Concern
Enter outside,Amphibia,Carnivora,2028.957,1964.44,Extinct in the Wild
Speech none,Actinopterygii,Squamata,133.549,51.27,Endangered
Want team,Mammalia,Rodentia,914.794,936.05,Critically Endangered
Degree walk,Amphibia,Primates,4817.721,1827.22,Least Concern
Each job,Amphibia,Rodentia,3226.75,2248.91,Near Threatened
Knowledge computer,Reptilia,Primates,1789.914,792.6,Near Threatened
Because himself,Actinopterygii,Carnivora,3784.39,2561.71,Least Concern
Huge door,Amphibia,Primates,1625.425,1835.48,Endangered
Base process,Reptilia,Squamata,4986.004,941.59,Endangered
Foot common,Aves,Passeriformes,4956.259,2782.21,Vulnerable
Key mention,Mammalia,Primates,1218.159,2897.9,Vulnerable
Big teacher,Actinopterygii,Primates,3310.729,2620.97,Critically Endangered
Future itself,Reptilia,Rodentia,1298.184,634.13,Least Concern
Activity question,Mammalia,Squamata,4080.196,2332.35,Near Threatened
Certain choose,Aves,Carnivora,3825.16,2906.35,Endangered
Simple skill,Actinopterygii,Anura,4996.377,1710.54,Critically Endangered
Sometimes himself,Mammalia,Squamata,4856.525,954.72,Near Threatened
Thing do,Amphibia,Rodentia,2626.906,566.93,Extinct in the Wild
Personal start,Aves,Carnivora,1596.366,2376.22,Vulnerable
Exist behavior,Aves,Rodentia,3343.936,323.58,Endangered
Claim change,Mammalia,Primates,783.277,1031.47,Near Threatened
Instead security,Aves,Carnivora,4971.008,302.53,Near Threatened
Discuss student,Aves,Rodentia,2919.573,1174.34,Endangered
Sometimes after,Mammalia,Rodentia,2299.134,2373.86,Least Concern
Something bed,Actinopterygii,Passeriformes,4435.086,2862.58,Critically Endangered
Heavy call,Reptilia,Anura,2328.535,578.68,Least Concern
Camera recognize,Amphibia,Carnivora,1400.738,1201.46,Vulnerable
Deep audience,Aves,Passeriformes,1458.695,2387.71,Endangered
Technology drive,Mammalia,Carnivora,2158.412,2454.92,Endangered
Option learn,Mammalia,Primates,2727.07,2697.37,Near Threatened
Tonight off,Reptilia,Rodentia,1155.654,2139.79,Extinct in the Wild
Tv apply,Amphibia,Carnivora,4620.637,1320.67,Critically Endangered
Trade never,Amphibia,Squamata,1360.935,1641.32,Extinct in the Wild
Hand religious,Reptilia,Primates,115.838,2743.8,Extinct in the Wild
That total,Actinopterygii,Primates,469.895,1562.29,Near Threatened
Doctor news,Amphibia,Squamata,658.486,1660.17,Near Threatened
More just,Reptilia,Anura,4441.516,759.14,Least Concern
Bit economic,Aves,Rodentia,2389.278,1838.06,Extinct in the Wild
Herself break,Reptilia,Anura,3978.958,104.3,Critically Endangered
Present reason,Mammalia,Passeriformes,1835.329,2758.89,Critically Endangered
Edge chair,Aves,Carnivora,2205.426,210.74,Vulnerable
News lead,Mammalia,Squamata,4513.52,1766.88,Vulnerable
Require writer,Mammalia,Passeriformes,1820.764,1005.25,Extinct in the Wild
Threat need,Actinopterygii,Anura,3384.438,1739.19,Near Threatened
Carry customer,Mammalia,Primates,4637.724,2020.31,Critically Endangered
Imagine capital,Reptilia,Squamata,4607.25,1525.01,Near Threatened
Red finally,Reptilia,Carnivora,2374.954,2977.34,Least Concern
Free fast,Actinopterygii,Anura,498.344,2760.3,Critically Endangered
Rest program,Aves,Squamata,3060.622,2279.86,Least Concern
Mention remember,Amphibia,Primates,2109.646,1302.57,Near Threatened
Somebody professional,Actinopterygii,Squamata,3070.451,569.21,Critically Endangered
We itself,Mammalia,Passeriformes,3154.26,2648.55,Near Threatened
Name high,Reptilia,Primates,3959.437,2419.27,Critically Endangered
Really power,Actinopterygii,Squamata,3466.134,376.28,Critically Endangered
Conference four,Reptilia,Squamata,4709.957,395.29,Vulnerable
Know all,Amphibia,Rodentia,3992.889,1543.6,Vulnerable
Because beat,Aves,Carnivora,2251.789,1683.56,Vulnerable
Bring care,Amphibia,Rodentia,3386.508,2544.25,Vulnerable
Necessary surface,Aves,Anura,2530.949,1800.71,Near Threatened
Song deal,Reptilia,Passeriformes,2749.643,2789.89,Critically Endangered
Feel sea,Mammalia,Primates,4982.336,659.17,Vulnerable
Whole yes,Amphibia,Primates,3017.061,2528.15,Least Concern
Dream message,Actinopterygii,Rodentia,4490.479,887.61,Endangered
Develop unit,Reptilia,Carnivora,4768.049,15.79,Least Concern
Season fine,Actinopterygii,Rodentia,4792.569,1116.75,Near Threatened
Trade individual,Actinopterygii,Primates,456.15,1921.27,Vulnerable
Project leader,Aves,Rodentia,3363.095,1046.97,Near Threatened
Necessary improve,Aves,Carnivora,1072.731,1951.88,Least Concern
Stay source,Mammalia,Anura,1415.774,1402.53,Critically Endangered
Just understand,Amphibia,Squamata,3607.793,1451.31,Vulnerable
Nor new,Reptilia,Squamata,1291.563,1497.06,Vulnerable
Gas music,Amphibia,Anura,3886.75,1439.58,Critically Endangered
Manager look,Actinopterygii,Squamata,1027.332,2556.38,Endangered
Have step,Actinopterygii,Primates,4483.305,277.2,Endangered
Shake hotel,Mammalia,Primates,4887.314,1393.13,Least Concern
Recent raise,Reptilia,Rodentia,3093.937,185.61,Least Concern
Change cost,Actinopterygii,Rodentia,9.033,1218.49,Near Threatened
Hand total,Amphibia,Carnivora,1920.094,2152.64,Vulnerable
Fly improve,Amphibia,Carnivora,35.845,1095.13,Endangered
Whatever tough,Amphibia,Squamata,4288.27,694.83,Endangered
Yard never,Mammalia,Squamata,4482.313,984.42,Vulnerable
Plant plan,Amphibia,Primates,4073.44,1556.66,Least Concern
Turn class,Amphibia,Passeriformes,4386.765,1775.12,Vulnerable
Magazine vote,Aves,Passeriformes,2234.947,2779.6,Critically Endangered
Happen party,Actinopterygii,Primates,3741.984,1863.42,Extinct in the Wild
Over hope,Aves,Carnivora,2765.924,2077.76,Vulnerable
Expect since,Reptilia,Squamata,1822.559,2221.09,Near Threatened
Impact walk,Actinopterygii,Passeriformes,4344.474,646.12,Vulnerable
Response argue,Mammalia,Anura,109.026,2468.16,Near Threatened
Popular anything,Actinopterygii,Primates,4079.349,838.7,Least Concern
Discussion member,Reptilia,Carnivora,3982.114,987.98,Endangered
Personal week,Reptilia,Carnivora,4513.447,1381.62,Endangered
Such stand,Mammalia,Anura,1206.457,2037.76,Extinct in the Wild
Goal tend,Reptilia,Carnivora,2968.827,938.57,Endangered
Out true,Reptilia,Primates,2579.121,41.18,Extinct in the Wild
Traditional family,Amphibia,Primates,3495.308,2743.83,Extinct in the Wild
Rather here,Amphibia,Squamata,1435.849,556.51,Vulnerable
Create take,Aves,Carnivora,1306.528,1595.01,Near Threatened
Record two,Reptilia,Anura,675.613,1254.16,Vulnerable
Change already,Amphibia,Carnivora,4752.057,183.76,Near Threatened
Third program,Mammalia,Anura,2909.855,2956.1,Least Concern
Star different,Actinopterygii,Carnivora,4554.599,616.17,Vulnerable
Represent for,Reptilia,Anura,4349.822,248.55,Near Threatened
Discuss take,Actinopterygii,Passeriformes,1293.954,2320.66,Vulnerable
New stage,Actinopterygii,Primates,877.665,2228.65,Least Concern
Make like,Mammalia,Passeriformes,193.972,1286.35,Extinct in the Wild
Animal thus,Reptilia,Carnivora,113.913,1870.0,Critically Endangered
Occur matter,Reptilia,Carnivora,4638.767,2987.07,Extinct in the Wild
Kid space,Actinopterygii,Squamata,4652.152,2767.78,Critically Endangered
Always lawyer,Reptilia,Rodentia,3051.254,1241.49,Extinct in the Wild
Under top,Reptilia,Rodentia,2039.908,2278.34,Near Threatened
Unit notice,Reptilia,Rodentia,731.678,44.47,Least Concern
Stage crime,Reptilia,Anura,2716.454,138.45,Endangered
Material care,Reptilia,Rodentia,4611.442,1583.16,Extinct in the Wild
Technology peace,Amphibia,Anura,2618.748,1882.07,Endangered
Thus table,Amphibia,Squamata,2403.584,167.34,Vulnerable
Thing yeah,Aves,Passeriformes,2288.339,651.66,Critically Endangered
Success decade,Actinopterygii,Passeriformes,1005.674,421.47,Extinct in the Wild
Mission natural,Actinopterygii,Primates,244.064,372.0,Near Threatened
Wonder others,Aves,Primates,2731.27,2876.22,Extinct in the Wild
Rock involve,Aves,Carnivora,2069.947,2879.13,Critically Endangered
Gun resource,Reptilia,Primates,3201.248,1512.33,Extinct in the Wild
Range sit,Aves,Carnivora,2206.797,1998.1,Endangered
Key my,Mammalia,Squamata,2575.259,2453.09,Extinct in the Wild
Spend run,Aves,Anura,262.509,1580.54,Near Threatened
After move,Reptilia,Squamata,3385.102,2332.92,Least Concern
Though really,Mammalia,Passeriformes,3758.058,1840.34,Extinct in the Wild
Mother main,Aves,Passeriformes,4347.545,2049.34,Vulnerable
Per first,Amphibia,Passeriformes,68.505,1313.26,Critically Endangered
American identify,Mammalia,Squamata,4311.461,1623.94,Critically Endangered
College opportunity,Reptilia,Rodentia,1260.855,2488.19,Critically Endangered
Six because,Aves,Rodentia,3292.022,711.86,Critically Endangered
Guess serve,Reptilia,Anura,3616.016,1532.07,Critically Endangered
Woman staff,Reptilia,Primates,1923.628,1618.94,Extinct in the Wild
About break,Mammalia,Squamata,1055.656,2394.26,Least Concern
Country choice,Actinopterygii,Primates,466.525,2273.3,Extinct in the Wild
Enter board,Reptilia,Primates,3191.308,515.59,Least Concern
Society occur,Reptilia,Rodentia,4412.326,1124.83,Extinct in the Wild
Finish population,Reptilia,Anura,1565.435,1847.45,Least Concern
Card direction,Actinopterygii,Rodentia,2784.443,2116.33,Extinct in the Wild
Amount fast,Aves,Passeriformes,2397.492,864.59,Vulnerable
Write knowledge,Mammalia,Anura,3862.726,2882.21,Vulnerable
World million,Actinopterygii,Rodentia,3072.767,1968.17,Critically Endangered
Contain wife,Aves,Carnivora,530.678,2108.39,Vulnerable
Really agree,Reptilia,Carnivora,3081.812,1440.15,Extinct in the Wild
Leader peace,Actinopterygii,Primates,2949.876,2542.17,Least Concern
Feel we,Actinopterygii,Rodentia,4997.494,2583.1,Near Threatened
Himself church,Amphibia,Rodentia,1954.146,1873.58,Near Threatened
Among maybe,Reptilia,Primates,692.727,2061.14,Vulnerable
Future even,Amphibia,Rodentia,244.029,2127.34,Endangered
Do career,Actinopterygii,Passeriformes,1922.985,2191.55,Least Concern
Idea course,Actinopterygii,Rodentia,4127.465,2937.88,Endangered
Never safe,Aves,Anura,4801.532,1857.15,Least Concern
Adult artist,Aves,Squamata,3852.535,886.67,Least Concern
Especially every,Mammalia,Anura,902.057,2696.49,Near Threatened
Enter against,Reptilia,Rodentia,274.828,1016.81,Extinct in the Wild
Me specific,Reptilia,Primates,3727.582,322.55,Extinct in the Wild
Inside minute,Actinopterygii,Squamata,2104.959,1707.83,Vulnerable
Center off,Aves,Carnivora,3805.092,1739.88,Vulnerable
Rather space,Amphibia,Anura,790.844,2705.69,Near Threatened
Research oil,Mammalia,Primates,3477.573,2678.97,Near Threatened
Scientist miss,Aves,Squamata,2450.418,1283.45,Vulnerable
While blood,Amphibia,Passeriformes,2160.912,433.43,Critically Endangered
Imagine senior,Amphibia,Anura,261.657,1867.65,Near Threatened
Each goal,Reptilia,Anura,1116.033,1596.34,Endangered
Particularly blue,Mammalia,Squamata,3685.793,726.19,Critically Endangered
Always practice,Reptilia,Rodentia,3379.605,2843.45,Endangered
Through call,Reptilia,Carnivora,4353.852,883.01,Near Threatened
Career senior,Mammalia,Anura,2962.027,2478.48,Endangered
Think majority,Amphibia,Primates,430.643,2651.09,Extinct in the Wild
Necessary possible,Amphibia,Carnivora,365.535,525.87,Vulnerable
Difficult recently,Actinopterygii,Rodentia,3579.867,2922.46,Least Concern
City fall,Amphibia,Carnivora,1382.359,1044.04,Near Threatened
Everything level,Reptilia,Passeriformes,383.718,83.39,Vulnerable
Method fast,Actinopterygii,Anura,2613.22,1944.92,Least Concern
Remain forward,Reptilia,Rodentia,1212.303,1612.32,Near Threatened
Week that,Mammalia,Rodentia,2455.622,464.14,Critically Endangered
Key business,Actinopterygii,Carnivora,2403.079,2520.72,Near Threatened
Worker institution,Aves,Passeriformes,4580.613,2233.81,Near Threatened
Window popular,Aves,Primates,1631.942,503.52,Vulnerable
Send rest,Reptilia,Rodentia,2695.399,1756.81,Endangered
Instead material,Amphibia,Carnivora,321.087,2271.55,Critically Endangered
Involve future,Mammalia,Passeriformes,4235.773,833.76,Critically Endangered
Sure she,Reptilia,Rodentia,858.951,378.74,Vulnerable
Show situation,Aves,Passeriformes,4507.652,224.7,Near Threatened
Your economy,Aves,Primates,2008.314,2404.81,Near Threatened
Analysis floor,Mammalia,Primates,1869.714,11.55,Near Threatened
Player situation,Actinopterygii,Anura,3876.797,644.37,Near Threatened
Attention whose,Reptilia,Passeriformes,946.585,2861.34,Endangered
Realize early,Reptilia,Primates,4464.275,268.35,Near Threatened
Weight series,Actinopterygii,Carnivora,4114.315,1395.49,Critically Endangered
Direction section,Reptilia,Squamata,751.911,829.47,Least Concern
Officer include,Amphibia,Primates,4085.054,2978.72,Extinct in the Wild
Movement question,Aves,Carnivora,2510.52,674.21,Critically Endangered
Figure Mr,Reptilia,Primates,4919.444,1402.17,Endangered
Threat something,Actinopterygii,Anura,2554.006,1075.47,Critically Endangered
Be base,Actinopterygii,Rodentia,4914.929,278.57,Critically Endangered
Writer room,Mammalia,Squamata,1785.152,452.57,Least Concern
Goal become,Mammalia,Squamata,1966.366,570.75,Near Threatened
Positive theory,Amphibia,Anura,4539.374,1833.27,Endangered
Position despite,Aves,Primates,3473.046,795.26,Least Concern
Themselves effort,Mammalia,Rodentia,3470.694,936.43,Least Concern
Treatment list,Amphibia,Anura,1453.274,997.27,Endangered
Character shoulder,Actinopterygii,Squamata,1229.785,2270.48,Vulnerable
Hotel should,Mammalia,Passeriformes,3121.457,119.7,Endangered
Easy process,Aves,Anura,1923.025,1221.28,Vulnerable
Know success,Reptilia,Carnivora,3246.973,1597.97,Endangered
Cultural myself,Mammalia,Squamata,3184.699,533.57,Critically Endangered
Account part,Aves,Anura,3491.226,484.52,Near Threatened
Commercial coach,Reptilia,Rodentia,2586.227,2828.08,Endangered
Serious late,Actinopterygii,Squamata,2196.793,2269.91,Near Threatened
Traditional very,Aves,Primates,3887.165,1538.26,Near Threatened
College give,Aves,Rodentia,2693.533,2268.62,Critically Endangered
Eight unit,Mammalia,Rodentia,4486.958,1749.76,Near Threatened
World within,Actinopterygii,Anura,2995.537,2538.08,Critically Endangered
Company ability,Amphibia,Squamata,2145.288,2812.16,Critically Endangered
Degree federal,Amphibia,Passeriformes,2610.57,1035.03,Vulnerable
Tough build,Actinopterygii,Passeriformes,3474.388,2656.83,Endangered
Majority stuff,Mammalia,Anura,2574.321,133.01,Vulnerable
End camera,Mammalia,Rodentia,2321.623,942.94,Vulnerable
Performance little,Aves,Primates,1741.954,1269.54,Near Threatened
Offer help,Amphibia,Primates,710.196,2857.62,Vulnerable
Institution what,Actinopterygii,Rodentia,2816.346,674.98,Least Concern
Action foreign,Mammalia,Rodentia,1316.83,1390.97,Endangered
First reach,Amphibia,Anura,781.526,2666.92,Vulnerable
Between identify,Amphibia,Rodentia,1943.035,1624.64,Extinct in the Wild
Save cultural,Mammalia,Primates,1616.438,2588.11,Extinct in the Wild
Thousand prove,Reptilia,Carnivora,2997.134,178.81,Vulnerable
Card law,Aves,Anura,4479.592,358.66,Vulnerable
Happen court,Actinopterygii,Passeriformes,3496.409,316.84,Least Concern
Marriage expert,Actinopterygii,Rodentia,1071.877,250.76,Critically Endangered
Always enjoy,Aves,Primates,4051.368,2536.56,Critically Endangered
Important direction,Aves,Anura,818.336,2925.18,Endangered
Thought ago,Mammalia,Carnivora,3132.235,1752.0,Endangered
Open wind,Actinopterygii,Primates,3225.53,883.8,Least Concern
State hard,Amphibia,Primates,972.542,2353.96,Critically Endangered
Create site,Mammalia,Anura,4415.775,1719.34,Critically Endangered
Agreement standard,Actinopterygii,Squamata,37.028,252.54,Endangered
Edge though,Reptilia,Anura,1169.801,1998.63,Extinct in the Wild
Water every,Aves,Rodentia,3885.057,780.09,Least Concern
One though,Amphibia,Primates,3860.503,2368.3,Extinct in the Wild
Say large,Aves,Carnivora,2011.044,1943.73,Critically Endangered
Situation network,Mammalia,Anura,3131.604,2611.88,Extinct in the Wild
Myself blood,Amphibia,Carnivora,4279.655,2185.3,Extinct in the Wild
Newspaper short,Mammalia,Anura,1117.416,90.78,Vulnerable
Set account,Amphibia,Passeriformes,789.849,64.35,Least Concern
Look entire,Reptilia,Carnivora,4334.377,2002.74,Endangered
Improve agency,Amphibia,Squamata,1381.653,387.88,Critically Endangered
Life leave,Actinopterygii,Primates,2776.214,1727.47,Critically Endangered
Per reach,Aves,Rodentia,418.581,118.76,Critically Endangered
Also paper,Mammalia,Anura,8.569,1746.48,Endangered
Yard on,Aves,Carnivora,1697.97,30.57,Extinct in the Wild
Answer but,Mammalia,Rodentia,163.343,352.22,Least Concern
Democrat letter,Amphibia,Carnivora,677.807,438.51,Near Threatened
Fill serve,Actinopterygii,Squamata,2309.334,2755.16,Vulnerable
Eye step,Amphibia,Passeriformes,2912.015,727.56,Critically Endangered
Use organization,Amphibia,Carnivora,4658.945,2007.75,Near Threatened
Lot base,Mammalia,Passeriformes,1888.34,1473.15,Least Concern
Cell record,Amphibia,Rodentia,3428.521,1543.7,Near Threatened
Road simply,Reptilia,Squamata,4445.715,2130.68,Least Concern
Less difficult,Amphibia,Carnivora,2649.284,2608.89,Critically Endangered
Before agent,Mammalia,Anura,4791.577,1425.56,Near Threatened
Throughout this,Reptilia,Primates,2568.696,1861.35,Near Threatened
Have everyone,Actinopterygii,Carnivora,421.59,2467.81,Least Concern
Vote soon,Amphibia,Rodentia,14.524,2065.05,Endangered
Nature we,Mammalia,Primates,3489.918,1434.23,Vulnerable
Pressure physical,Amphibia,Primates,667.031,2600.35,Vulnerable
National agent,Reptilia,Passeriformes,3995.642,354.19,Least Concern
Agree tend,Amphibia,Passeriformes,3470.842,2671.58,Critically Endangered
South sort,Mammalia,Anura,4976.36,1938.37,Near Threatened
With staff,Amphibia,Anura,1546.823,2736.09,Vulnerable
Help least,Reptilia,Primates,1880.673,436.63,Critically Endangered
One too,Reptilia,Anura,4208.732,1891.7,Vulnerable
Computer sign,Actinopterygii,Passeriformes,3217.973,1741.33,Near Threatened
West various,Actinopterygii,Carnivora,1354.663,1270.29,Critically Endangered
Include once,Mammalia,Rodentia,2636.315,2160.72,Least Concern
Race interest,Actinopterygii,Squamata,2012.575,2104.36,Endangered
Skin use,Amphibia,Rodentia,1418.129,2726.07,Vulnerable
Use actually,Amphibia,Primates,53.562,1998.8,Extinct in the Wild
Run school,Aves,Carnivora,4421.224,1790.99,Least Concern
Western yet,Actinopterygii,Passeriformes,955.695,1430.82,Vulnerable
Activity choice,Reptilia,Primates,1831.624,94.9,Near Threatened
Anyone represent,Aves,Squamata,4323.83,807.16,Endangered
Here carry,Actinopterygii,Squamata,2450.488,2190.5,Near Threatened
Agreement process,Amphibia,Carnivora,2970.38,247.42,Critically Endangered
Former allow,Mammalia,Squamata,669.535,245.41,Near Threatened
Window lawyer,Mammalia,Passeriformes,1067.563,695.85,Near Threatened
Police control,Mammalia,Passeriformes,4168.877,636.08,Least Concern
Wife me,Amphibia,Squamata,351.668,1164.7,Extinct in the Wild
Leader ago,Actinopterygii,Primates,642.994,1060.36,Extinct in the Wild
Operation break,Actinopterygii,Anura,2175.929,2517.8,Vulnerable
Time understand,Actinopterygii,Passeriformes,2979.495,2439.34,Critically Endangered
Rock affect,Aves,Squamata,4541.161,1087.06,Endangered
Simple big,Amphibia,Passeriformes,148.512,2857.86,Endangered
She reduce,Amphibia,Anura,3324.641,1317.26,Endangered
Bank last,Actinopterygii,Squamata,4298.186,2387.5,Vulnerable
Fear budget,Reptilia,Primates,52.586,879.25,Vulnerable
Play ok,Aves,Rodentia,461.02,2212.87,Least Concern
Ok yard,Actinopterygii,Anura,2153.598,1342.34,Endangered
Game blood,Amphibia,Anura,1411.363,2256.17,Endangered
Start size,Actinopterygii,Rodentia,283.634,961.21,Least Concern
Street president,Amphibia,Rodentia,4698.945,319.71,Extinct in the Wild
Season analysis,Amphibia,Carnivora,4209.651,1847.61,Near Threatened
Free recognize,Actinopterygii,Passeriformes,4120.142,471.11,Extinct in the Wild
Window Mrs,Aves,Squamata,4981.2,2025.93,Near Threatened
View them,Aves,Anura,1050.45,1315.64,Critically Endangered
Campaign act,Aves,Carnivora,182.825,870.63,Critically Endangered
Type small,Aves,Primates,4041.481,532.56,Endangered
Race perhaps,Actinopterygii,Carnivora,3261.907,787.74,Critically Endangered
Edge rate,Aves,Passeriformes,4835.411,2345.02,Extinct in the Wild
Choose career,Aves,Squamata,980.609,2195.77,Extinct in the Wild
Necessary who,Aves,Passeriformes,435.216,2556.58,Critically Endangered
Shake machine,Amphibia,Squamata,2372.114,1740.15,Extinct in the Wild
Whole visit,Reptilia,Squamata,4713.02,2388.16,Critically Endangered
These huge,Actinopterygii,Rodentia,2695.351,947.13,Near Threatened
Model agreement,Amphibia,Primates,3042.046,2783.91,Endangered
Most bring,Actinopterygii,Primates,1658.139,1949.15,Near Threatened
Along data,Actinopterygii,Anura,1382.677,2301.16,Endangered
Sit security,Mammalia,Rodentia,978.741,2280.3,Endangered
Scientist pick,Mammalia,Squamata,4172.89,2761.88,Near Threatened
Her happy,Aves,Squamata,4475.072,815.24,Endangered
Radio item,Actinopterygii,Rodentia,1807.662,441.77,Least Concern
Such contain,Mammalia,Passeriformes,557.295,1345.07,Vulnerable
New out,Amphibia,Primates,1831.381,2131.24,Endangered
Strong bit,Reptilia,Rodentia,255.624,2827.23,Least Concern
Everyone avoid,Actinopterygii,Squamata,4783.608,1822.35,Least Concern
Democratic special,Aves,Rodentia,840.524,802.4,Extinct in the Wild
Interview write,Aves,Squamata,2979.319,1982.8,Vulnerable
Star see,Actinopterygii,Primates,1336.564,1206.82,Near Threatened
Major management,Aves,Squamata,4122.847,2542.83,Vulnerable
Give rich,Actinopterygii,Passeriformes,3485.38,1075.42,Endangered
Material Congress,Aves,Squamata,4520.636,262.95,Critically Endangered
Magazine the,Reptilia,Squamata,2392.768,2303.62,Near Threatened
Doctor stop,Mammalia,Passeriformes,2798.288,2233.64,Vulnerable
Perform media,Actinopterygii,Primates,3990.164,358.37,Endangered
Marriage present,Reptilia,Anura,956.011,294.31,Vulnerable
Determine realize,Amphibia,Anura,1885.894,1664.28,Critically Endangered
Dream heavy,Amphibia,Rodentia,3728.189,151.73,Vulnerable
Material commercial,Aves,Rodentia,1452.821,2464.7,Endangered
Quite fund,Reptilia,Rodentia,3499.634,2113.72,Critically Endangered
Camera fight,Mammalia,Passeriformes,556.256,2409.59,Vulnerable
Recognize page,Actinopterygii,Squamata,1385.266,2960.49,Endangered
Important late,Actinopterygii,Anura,1863.933,2251.98,Least Concern
Partner three,Mammalia,Squamata,1499.375,858.78,Least Concern
White how,Amphibia,Squamata,3158.535,978.88,Endangered
Consider child,Amphibia,Squamata,274.787,2833.93,Critically Endangered
Anyone price,Reptilia,Passeriformes,4560.447,1349.37,Least Concern
Involve medical,Aves,Rodentia,476.751,1391.06,Critically Endangered
Week Democrat,Reptilia,Passeriformes,4822.713,2434.45,Endangered
Professor late,Reptilia,Carnivora,1005.089,2221.65,Least Concern
Difficult federal,Mammalia,Anura,697.852,2646.21,Least Concern
Case scientist,Reptilia,Rodentia,3027.372,1723.1,Vulnerable
Religious statement,Aves,Passeriformes,2130.013,1078.77,Endangered
Rate exist,Aves,Carnivora,3139.667,262.95,Vulnerable
Friend order,Mammalia,Passeriformes,1799.641,2248.09,Least Concern
Perform first,Amphibia,Rodentia,4732.083,2332.22,Least Concern
Attention heavy,Aves,Anura,4734.574,2639.7,Vulnerable
Probably act,Amphibia,Primates,2009.602,171.0,Near Threatened
Decision raise,Amphibia,Primates,681.896,1878.55,Critically Endangered
Range tell,Amphibia,Passeriformes,3932.127,858.54,Near Threatened
Language course,Mammalia,Squamata,4086.17,92.63,Critically Endangered
Individual then,Aves,Rodentia,3923.074,2622.53,Critically Endangered
Unit ball,Mammalia,Passeriformes,1156.501,2192.06,Endangered
Management then,Aves,Squamata,4027.885,2667.14,Endangered
Republican rest,Amphibia,Squamata,4722.797,1813.25,Endangered
Sort glass,Actinopterygii,Passeriformes,3760.195,2171.4,Vulnerable
News from,Amphibia,Anura,3012.591,2246.79,Least Concern
Exactly car,Actinopterygii,Anura,3794.71,324.0,Vulnerable
Training service,Mammalia,Passeriformes,4135.787,1356.75,Extinct in the Wild
Dog southern,Reptilia,Carnivora,1382.407,2567.63,Near Threatened
Bill room,Aves,Carnivora,2423.951,780.08,Least Concern
Movie fine,Aves,Rodentia,1598.815,375.66,Critically Endangered
Wife a,Reptilia,Anura,708.402,636.36,Critically Endangered
Until end,Actinopterygii,Anura,14.105,1764.44,Endangered
Executive expect,Amphibia,Carnivora,4931.975,424.83,Least Concern
Language pay,Mammalia,Carnivora,920.22,1759.07,Critically Endangered
Past test,Reptilia,Passeriformes,3261.627,2258.36,Critically Endangered
Generation personal,Mammalia,Squamata,4900.019,146.01,Vulnerable
Investment audience,Reptilia,Carnivora,937.038,1270.68,Critically Endangered
Song collection,Mammalia,Squamata,875.949,1703.28,Vulnerable
Try risk,Mammalia,Rodentia,849.727,1075.54,Endangered
Four evening,Amphibia,Squamata,2586.719,2688.33,Vulnerable
Natural also,Actinopterygii,Carnivora,1741.176,531.47,Endangered
Create step,Amphibia,Passeriformes,1047.989,1583.57,Vulnerable
Then often,Mammalia,Primates,12.922,282.56,Near Threatened
Name respond,Actinopterygii,Carnivora,873.717,879.94,Extinct in the Wild
Stuff piece,Aves,Primates,546.03,720.28,Critically Endangered
Upon around,Reptilia,Passeriformes,17.222,477.65,Vulnerable
Follow staff,Reptilia,Anura,4693.277,1037.14,Near Threatened
Finally how,Amphibia,Primates,1511.573,590.01,Endangered
Remember woman,Amphibia,Rodentia,2442.805,1355.71,Extinct in the Wild
Worry you,Actinopterygii,Passeriformes,1986.635,1827.57,Extinct in the Wild
Newspaper anyone,Reptilia,Anura,1954.055,1571.69,Vulnerable
Me much,Aves,Passeriformes,1212.892,317.9,Extinct in the Wild
Car rate,Aves,Rodentia,4509.018,2882.19,Vulnerable
Treat trial,Amphibia,Carnivora,2325.52,2491.76,Near Threatened
Story plant,Amphibia,Squamata,4879.266,93.0,Vulnerable
Hot process,Amphibia,Primates,184.456,1780.02,Endangered
Face common,Actinopterygii,Rodentia,307.152,588.98,Near Threatened
Stop poor,Reptilia,Rodentia,4528.492,2397.41,Least Concern
Democrat daughter,Mammalia,Primates,3041.676,983.72,Near Threatened
Draw capital,Actinopterygii,Anura,855.589,708.72,Near Threatened
North foot,Aves,Carnivora,2742.907,1706.94,Least Concern
Want citizen,Amphibia,Carnivora,1055.596,1396.82,Least Concern
Shake size,Amphibia,Primates,1981.499,1084.42,Extinct in the Wild
Process group,Reptilia,Passeriformes,3600.182,2746.92,Vulnerable
Business modern,Aves,Squamata,2569.022,999.1,Extinct in the Wild
Without way,Amphibia,Anura,3556.28,2767.5,Least Concern
Impact seek,Aves,Squamata,3860.446,45.22,Critically Endangered
Student sign,Reptilia,Rodentia,1878.737,865.69,Extinct in the Wild
Report wait,Amphibia,Anura,1924.46,901.81,Endangered
Door star,Actinopterygii,Squamata,3761.438,2212.26,Extinct in the Wild
Bag clear,Mammalia,Passeriformes,3194.161,2422.62,Least Concern
Enter civil,Aves,Rodentia,226.104,127.9,Vulnerable
Continue both,Actinopterygii,Anura,4641.126,540.78,Extinct in the Wild
Down suddenly,Reptilia,Passeriformes,3293.747,1931.05,Least Concern
Significant Mrs,Mammalia,Anura,1001.077,2912.81,Endangered
Or range,Aves,Squamata,3501.998,2846.96,Endangered
Dog as,Mammalia,Primates,3957.276,2574.76,Extinct in the Wild
Indicate room,Actinopterygii,Passeriformes,2050.56,2793.95,Critically Endangered
Result because,Mammalia,Rodentia,4976.947,1997.41,Critically Endangered
At next,Actinopterygii,Primates,125.597,762.14,Near Threatened
History open,Aves,Anura,4569.762,1185.35,Near Threatened
Hotel beat,Actinopterygii,Anura,3024.801,1829.24,Endangered
Over marriage,Amphibia,Passeriformes,2685.124,851.76,Extinct in the Wild
Approach at,Aves,Primates,2259.845,2552.84,Least Concern
Listen Republican,Aves,Rodentia,1501.091,1820.78,Endangered
Line visit,Aves,Anura,4656.299,265.61,Least Concern
Guess one,Mammalia,Carnivora,1335.432,2319.66,Near Threatened
Law film,Reptilia,Anura,1340.644,266.28,Least Concern
Him stock,Amphibia,Anura,3263.792,1115.24,Vulnerable
Her knowledge,Reptilia,Primates,1835.007,2310.18,Least Concern
Up police,Actinopterygii,Anura,302.446,2241.51,Critically Endangered
Treat pull,Amphibia,Passeriformes,3853.007,897.0,Endangered
Sell trade,Amphibia,Passeriformes,2144.377,2930.51,Vulnerable
Table debate,Actinopterygii,Primates,1354.335,1909.17,Least Concern
Occur away,Aves,Anura,420.443,2411.64,Extinct in the Wild
Mission team,Aves,Anura,1401.472,2189.8,Near Threatened
Treat cold,Amphibia,Rodentia,284.454,761.45,Least Concern
School may,Reptilia,Rodentia,4921.141,452.76,Near Threatened
Idea first,Mammalia,Carnivora,4239.848,1670.92,Near Threatened
Reveal their,Actinopterygii,Squamata,3863.774,108.17,Critically Endangered
Create type,Aves,Carnivora,3784.701,1239.7,Near Threatened
Wall rich,Mammalia,Rodentia,3182.976,1816.22,Extinct in the Wild
Role rise,Aves,Squamata,3124.789,1092.74,Least Concern
Back government,Mammalia,Squamata,4494.216,2619.44,Least Concern
Another night,Reptilia,Passeriformes,217.049,2545.82,Least Concern
Expect certainly,Mammalia,Anura,10.25,807.53,Least Concern
Major turn,Reptilia,Carnivora,4496.719,2608.31,Extinct in the Wild
Though again,Reptilia,Passeriformes,4836.616,530.88,Critically Endangered
Beyond radio,Actinopterygii,Rodentia,2600.948,2048.5,Least Concern
Suddenly how,Reptilia,Primates,339.068,2686.0,Endangered
Usually paper,Aves,Passeriformes,3081.715,1567.84,Endangered
Reach in,Amphibia,Primates,4853.565,1845.02,Extinct in the Wild
Even miss,Mammalia,Anura,4616.107,1183.09,Vulnerable
Case vote,Aves,Anura,4563.152,568.53,Vulnerable
Light parent,Amphibia,Squamata,2631.601,775.77,Critically Endangered
Night those,Mammalia,Carnivora,4344.368,2243.65,Critically Endangered
Entire series,Reptilia,Anura,1017.515,1142.92,Near Threatened
Eat less,Aves,Rodentia,4334.208,1361.11,Vulnerable
Certain suggest,Mammalia,Carnivora,2425.157,571.14,Endangered
Participant who,Amphibia,Passeriformes,1520.613,1399.84,Least Concern
Radio market,Actinopterygii,Anura,1625.85,1121.6,Critically Endangered
Sister will,Reptilia,Squamata,303.134,1827.05,Endangered
Moment difficult,Reptilia,Passeriformes,4373.056,2780.73,Extinct in the Wild
Wonder front,Amphibia,Squamata,1965.501,2739.45,Critically Endangered
Job figure,Aves,Rodentia,746.5,667.23,Extinct in the Wild
Back data,Actinopterygii,Primates,4087.147,863.17,Extinct in the Wild
Recently treatment,Reptilia,Carnivora,4536.4,2355.7,Endangered
Run senior,Mammalia,Rodentia,3951.551,30.11,Endangered
Side surface,Mammalia,Squamata,283.099,2534.78,Critically Endangered
Own sign,Mammalia,Anura,1728.694,2706.19,Vulnerable
Voice seven,Reptilia,Carnivora,979.337,913.82,Near Threatened
Oil indicate,Mammalia,Anura,1838.517,2518.85,Near Threatened
Action once,Mammalia,Passeriformes,4240.886,2943.15,Endangered
Listen box,Aves,Anura,737.334,2078.52,Critically Endangered
Example bank,Reptilia,Rodentia,3642.966,1817.05,Near Threatened
Board business,Reptilia,Squamata,2500.48,2862.96,Endangered
Necessary sure,Actinopterygii,Passeriformes,1952.95,2451.01,Least Concern
Trouble father,Amphibia,Passeriformes,2449.212,143.99,Extinct in the Wild
Eat physical,Reptilia,Anura,4481.364,931.75,Vulnerable
Move bring,Actinopterygii,Carnivora,3960.028,1599.25,Extinct in the Wild
Instead bad,Amphibia,Anura,1249.936,701.73,Least Concern
Everybody remain,Mammalia,Passeriformes,4915.665,1550.16,Vulnerable
Example quickly,Actinopterygii,Squamata,883.766,2587.98,Extinct in the Wild
Among commercial,Reptilia,Rodentia,4071.815,1916.49,Extinct in the Wild
Mrs as,Actinopterygii,Primates,3343.538,349.57,Least Concern
Billion care,Reptilia,Rodentia,2264.918,1635.82,Near Threatened
Hundred case,Aves,Anura,724.606,1989.01,Endangered
Population song,Amphibia,Anura,1970.682,233.4,Near Threatened
Action off,Aves,Carnivora,1926.399,2240.99,Least Concern
Activity think,Amphibia,Squamata,3930.261,1951.51,Endangered
Local impact,Aves,Squamata,4472.68,1306.02,Vulnerable
Pick need,Reptilia,Carnivora,1332.87,773.6,Critically Endangered
Industry worry,Amphibia,Carnivora,4851.292,1828.32,Extinct in the Wild
Far usually,Actinopterygii,Squamata,3527.776,1619.31,Endangered
Pull some,Actinopterygii,Passeriformes,900.83,2860.74,Vulnerable
Process blue,Amphibia,Squamata,2262.036,1836.2,Endangered
Ground body,Amphibia,Anura,1087.233,347.18,Least Concern
Teacher keep,Reptilia,Rodentia,3121.969,1442.06,Extinct in the Wild
Result real,Reptilia,Anura,749.427,2193.37,Extinct in the Wild
With however,Reptilia,Anura,901.374,2272.32,Near Threatened
Prove painting,Amphibia,Passeriformes,3974.573,1091.19,Near Threatened
Six light,Actinopterygii,Carnivora,2915.354,2059.49,Near Threatened
Thus letter,Aves,Passeriformes,4974.733,174.0,Near Threatened
Evidence huge,Actinopterygii,Rodentia,4635.355,2168.16,Critically Endangered
Military political,Aves,Squamata,4990.704,726.88,Near Threatened
Side choice,Aves,Primates,1216.806,2480.31,Vulnerable
Direction participant,Reptilia,Anura,3461.158,1910.19,Extinct in the Wild
Present want,Reptilia,Primates,3269.106,2091.39,Critically Endangered
Natural almost,Mammalia,Rodentia,2373.854,841.9,Least Concern
Drop local,Actinopterygii,Passeriformes,4740.9,2949.5,Critically Endangered
Position this,Actinopterygii,Anura,597.81,735.06,Least Concern
Character movement,Actinopterygii,Anura,2695.661,477.36,Least Concern
Pretty central,Amphibia,Primates,2084.188,269.09,Endangered
Animal wear,Aves,Carnivora,1292.608,2326.14,Least Concern
His stay,Mammalia,Squamata,2844.89,230.86,Least Concern
Wind prove,Mammalia,Squamata,2276.334,813.61,Near Threatened
Just usually,Reptilia,Squamata,3053.733,1622.17,Near Threatened
Guess trial,Reptilia,Carnivora,940.08,1778.23,Vulnerable
Program some,Aves,Carnivora,1236.479,1685.68,Vulnerable
Believe make,Reptilia,Passeriformes,2787.5,1627.86,Critically Endangered
Song book,Mammalia,Squamata,211.087,1016.23,Extinct in the Wild
Truth prevent,Amphibia,Primates,2428.295,1535.56,Endangered
Paper ball,Actinopterygii,Anura,1757.1,2676.35,Least Concern
Tv nature,Actinopterygii,Anura,2186.161,867.02,Critically Endangered
Trip process,Reptilia,Carnivora,1406.672,2441.1,Vulnerable
Star director,Reptilia,Anura,4047.896,2094.33,Vulnerable
Blue research,Amphibia,Primates,2444.671,1030.41,Endangered
Moment society,Aves,Rodentia,1859.675,683.99,Least Concern
Other indeed,Amphibia,Primates,3443.76,966.41,Near Threatened
Woman local,Aves,Anura,1820.672,2392.64,Vulnerable
Share food,Mammalia,Anura,1659.433,1133.14,Near Threatened
Traditional bar,Amphibia,Anura,1088.617,2371.18,Near Threatened
Possible research,Mammalia,Passeriformes,2112.585,1955.71,Least Concern
Pretty food,Amphibia,Squamata,1689.445,895.48,Extinct in the Wild
Worry physical,Mammalia,Squamata,2436.855,1321.37,Near Threatened
Seek else,Actinopterygii,Anura,2222.369,2247.62,Vulnerable
Investment call,Actinopterygii,Passeriformes,1522.16,1210.1,Critically Endangered
Great become,Amphibia,Rodentia,4010.702,2883.5,Extinct in the Wild
Daughter want,Aves,Squamata,2304.268,1720.5,Vulnerable
Level treatment,Mammalia,Squamata,1989.556,1169.98,Critically Endangered
Eat subject,Reptilia,Anura,3095.234,128.03,Least Concern
Office give,Mammalia,Carnivora,3534.184,1846.68,Extinct in the Wild
National report,Aves,Rodentia,1281.938,2312.57,Least Concern
Describe kitchen,Amphibia,Passeriformes,3210.182,2454.96,Least Concern
Yes nearly,Aves,Rodentia,3851.985,801.37,Near Threatened
Than provide,Amphibia,Squamata,4369.964,2425.59,Extinct in the Wild
Animal future,Actinopterygii,Primates,2735.197,1603.9,Critically Endangered
Television Republican,Amphibia,Anura,1425.798,718.78,Critically Endangered
Another ten,Aves,Passeriformes,1682.2,2174.41,Near Threatened
Study who,Mammalia,Squamata,376.443,2235.2,Vulnerable
Recognize serve,Mammalia,Squamata,2704.322,1511.05,Least Concern
Economic water,Actinopterygii,Carnivora,1318.743,444.38,Endangered
Treat suddenly,Reptilia,Carnivora,3500.429,1878.46,Near Threatened
Open improve,Mammalia,Primates,2629.71,1941.06,Vulnerable
Operation society,Actinopterygii,Rodentia,934.33,1602.9,Least Concern
Data money,Amphibia,Carnivora,118.801,2004.27,Vulnerable
Cell eye,Actinopterygii,Primates,1052.875,1282.88,Endangered
Feel early,Mammalia,Anura,493.263,2635.41,Vulnerable
Believe ever,Reptilia,Rodentia,558.918,301.93,Critically Endangered
Only night,Mammalia,Passeriformes,1657.077,568.83,Critically Endangered
Bad pick,Actinopterygii,Rodentia,3702.205,331.11,Vulnerable
Year enough,Amphibia,Squamata,3349.238,1794.41,Extinct in the Wild
She trade,Actinopterygii,Rodentia,1399.959,300.76,Near Threatened
Successful water,Aves,Rodentia,3490.677,1313.28,Endangered
Once public,Mammalia,Rodentia,4163.374,132.26,Vulnerable
Memory run,Aves,Squamata,3648.093,2951.39,Critically Endangered
It federal,Aves,Squamata,1732.726,2654.41,Endangered
Late subject,Aves,Squamata,2034.991,2164.65,Extinct in the Wild
Into key,Amphibia,Anura,2730.671,1528.4,Near Threatened
Husband physical,Mammalia,Rodentia,4952.949,1283.72,Near Threatened
Military relationship,Reptilia,Passeriformes,386.115,644.58,Least Concern
Create democratic,Aves,Carnivora,2715.202,645.61,Critically Endangered
Pm where,Actinopterygii,Rodentia,2735.412,1444.45,Critically Endangered
Good exactly,Reptilia,Squamata,1761.794,2781.35,Vulnerable
Product form,Reptilia,Squamata,4336.503,2270.82,Extinct in the Wild
Season apply,Aves,Rodentia,2059.867,878.0,Vulnerable
Lose style,Amphibia,Passeriformes,4233.125,2638.06,Critically Endangered
Skill prepare,Actinopterygii,Passeriformes,3181.481,545.99,Near Threatened
Tree pretty,Aves,Primates,2007.711,492.56,Near Threatened
Education security,Aves,Passeriformes,1828.201,1250.9,Vulnerable
Body tend,Amphibia,Carnivora,4632.465,2324.0,Near Threatened
Certain general,Actinopterygii,Anura,3039.904,726.82,Least Concern
Food others,Reptilia,Rodentia,4340.089,2182.24,Vulnerable
Apply answer,Reptilia,Passeriformes,4214.829,733.69,Near Threatened
Benefit vote,Mammalia,Squamata,3432.516,741.18,Critically Endangered
View mind,Amphibia,Passeriformes,717.079,628.73,Critically Endangered
Interview relate,Amphibia,Carnivora,2421.717,2676.94,Least Concern
Simply message,Aves,Primates,2711.389,1701.22,Near Threatened
Bag us,Actinopterygii,Squamata,4520.44,342.22,Extinct in the Wild
Window door,Reptilia,Passeriformes,4551.74,418.67,Endangered
Serve over,Amphibia,Squamata,4601.951,1146.96,Least Concern
Environment interest,Mammalia,Squamata,2113.769,1483.22,Least Concern
Probably light,Reptilia,Carnivora,3537.196,1366.26,Critically Endangered
Natural later,Amphibia,Primates,602.713,2820.58,Vulnerable
Seven prepare,Mammalia,Passeriformes,4571.311,1734.29,Critically Endangered
Hair no,Amphibia,Anura,1614.56,1350.44,Extinct in the Wild
Practice author,Aves,Rodentia,283.544,1149.64,Critically Endangered
Small career,Aves,Passeriformes,633.652,1396.89,Extinct in the Wild
Anyone campaign,Reptilia,Passeriformes,649.692,2008.66,Critically Endangered
Language they,Aves,Passeriformes,4622.217,1397.92,Extinct in the Wild
Back lot,Actinopterygii,Primates,357.917,1494.6,Vulnerable
Former majority,Mammalia,Passeriformes,4192.807,2813.17,Extinct in the Wild
Director eye,Mammalia,Carnivora,1394.982,751.29,Critically Endangered
Reveal city,Amphibia,Passeriformes,4621.173,1175.23,Least Concern
Then picture,Mammalia,Primates,2532.346,1817.28,Near Threatened
Power well,Amphibia,Passeriformes,4475.968,740.19,Least Concern
Throughout board,Actinopterygii,Carnivora,3701.742,361.22,Vulnerable
Wait meeting,Actinopterygii,Rodentia,2806.77,1263.76,Vulnerable
Rest bill,Amphibia,Squamata,3590.446,858.13,Extinct in the Wild
Add seven,Actinopterygii,Rodentia,3551.719,2688.34,Near Threatened
Term quality,Actinopterygii,Primates,1027.633,703.97,Near Threatened
Almost suddenly,Mammalia,Primates,1513.697,1815.38,Near Threatened
Safe difficult,Amphibia,Primates,3570.479,1942.87,Least Concern
Treatment past,Reptilia,Primates,2024.652,1036.91,Endangered
Nor remember,Actinopterygii,Squamata,2921.438,2688.6,Extinct in the Wild
Help agree,Mammalia,Rodentia,4291.082,79.81,Critically Endangered
Feel maintain,Mammalia,Squamata,222.239,633.4,Critically Endangered
Claim summer,Actinopterygii,Anura,4031.423,2494.71,Near Threatened
Two PM,Actinopterygii,Passeriformes,3154.157,257.45,Near Threatened
Then action,Reptilia,Squamata,140.48,1886.6,Endangered
Such show,Aves,Anura,3110.433,796.5,Near Threatened
Mrs ok,Amphibia,Rodentia,55.827,984.78,Near Threatened
Sure similar,Amphibia,Anura,720.785,2388.68,Extinct in the Wild
Fight third,Amphibia,Primates,1134.919,1977.21,Critically Endangered
Why color,Actinopterygii,Anura,4131.953,629.77,Near Threatened
Democrat huge,Reptilia,Primates,1722.368,889.73,Near Threatened
Organization party,Mammalia,Anura,2487.893,2946.63,Least Concern
Fact mention,Aves,Anura,328.263,1883.72,Endangered
Coach wrong,Aves,Squamata,3854.547,188.42,Vulnerable
Four writer,Reptilia,Primates,1177.964,761.39,Critically Endangered
Brother full,Actinopterygii,Passeriformes,2271.554,2707.99,Extinct in the Wild
Model whatever,Aves,Squamata,1544.244,1274.88,Vulnerable
Future page,Aves,Carnivora,4549.099,236.77,Endangered
Itself past,Aves,Squamata,2667.266,2083.27,Critically Endangered
Strong action,Amphibia,Squamata,4852.595,330.45,Endangered
Bag defense,Aves,Squamata,1282.056,1910.39,Vulnerable
Successful boy,Reptilia,Rodentia,825.88,1875.77,Near Threatened
Color people,Reptilia,Passeriformes,4505.719,2756.09,Near Threatened
Father expect,Aves,Passeriformes,3176.457,2991.76,Least Concern
Claim necessary,Actinopterygii,Rodentia,4777.399,2439.18,Least Concern
Event management,Actinopterygii,Squamata,2743.424,1048.87,Extinct in the Wild
Able conference,Mammalia,Passeriformes,4641.186,2213.07,Vulnerable
Kitchen country,Mammalia,Rodentia,3379.953,105.6,Critically Endangered
Goal year,Actinopterygii,Primates,586.377,1141.11,Critically Endangered
Job beat,Actinopterygii,Rodentia,2435.42,294.5,Least Concern
Every instead,Mammalia,Squamata,2074.452,2053.7,Least Concern
Wait thing,Mammalia,Squamata,2353.317,2122.74,Critically Endangered
Think front,Aves,Primates,3799.851,497.04,Least Concern
Indeed our,Reptilia,Primates,2471.927,680.07,Least Concern
Really discuss,Reptilia,Squamata,3336.276,2978.47,Least Concern
Crime hundred,Aves,Anura,34.419,2945.32,Extinct in the Wild
That worker,Reptilia,Passeriformes,1366.308,1795.2,Extinct in the Wild
Sound conference,Mammalia,Squamata,1616.091,1392.33,Endangered
Republican phone,Reptilia,Passeriformes,3072.675,1373.49,Vulnerable
Card church,Actinopterygii,Anura,574.083,565.46,Least Concern
Often miss,Aves,Squamata,3967.308,718.15,Extinct in the Wild
Small will,Reptilia,Rodentia,2412.368,1196.52,Least Concern
Go development,Actinopterygii,Anura,4366.817,2531.27,Endangered
Economic however,Actinopterygii,Primates,3584.113,602.72,Endangered
Cold either,Amphibia,Anura,1035.815,2817.71,Near Threatened
Present necessary,Actinopterygii,Rodentia,1835.81,1772.72,Endangered
Miss try,Actinopterygii,Rodentia,1275.671,105.68,Endangered
History five,Reptilia,Passeriformes,4766.297,1656.27,Endangered
Drop food,Mammalia,Rodentia,3967.789,1175.17,Extinct in the Wild
Always among,Aves,Rodentia,3655.843,1588.44,Endangered
Specific contain,Mammalia,Anura,4071.251,1112.0,Endangered
Big himself,Reptilia,Passeriformes,4316.844,557.31,Critically Endangered
Show thus,Amphibia,Primates,3309.603,1168.18,Near Threatened
Day industry,Aves,Anura,1234.64,2076.87,Vulnerable
Teach plant,Reptilia,Carnivora,3682.357,2022.11,Extinct in the Wild
Action real,Reptilia,Anura,2543.802,260.24,Endangered
Film their,Reptilia,Rodentia,1804.845,837.93,Extinct in the Wild
Pretty throughout,Aves,Passeriformes,1241.819,545.55,Critically Endangered
Live state,Aves,Rodentia,4508.441,680.64,Near Threatened
Record without,Actinopterygii,Carnivora,932.666,2896.37,Near Threatened
Ok describe,Mammalia,Primates,4377.837,141.04,Endangered
Represent piece,Actinopterygii,Rodentia,3864.507,2734.06,Critically Endangered
Like somebody,Reptilia,Rodentia,2600.033,420.54,Critically Endangered
Even particularly,Aves,Rodentia,2100.135,2995.93,Critically Endangered
Magazine body,Mammalia,Squamata,2593.078,1439.77,Least Concern
How industry,Reptilia,Squamata,3123.872,2521.99,Vulnerable
Also score,Actinopterygii,Primates,243.371,1590.59,Least Concern
Peace seem,Reptilia,Anura,1668.193,159.12,Critically Endangered
Him soon,Actinopterygii,Passeriformes,1412.641,2944.07,Near Threatened
Nearly operation,Amphibia,Carnivora,3290.932,375.14,Critically Endangered
Statement act,Reptilia,Passeriformes,3567.818,532.67,Near Threatened
Crime parent,Mammalia,Carnivora,522.213,1237.37,Critically Endangered
Simple public,Amphibia,Primates,1687.938,1018.4,Near Threatened
Bag four,Aves,Squamata,2224.032,2534.68,Extinct in the Wild
Feeling kitchen,Mammalia,Passeriformes,378.07,2065.53,Critically Endangered
Ok north,Actinopterygii,Primates,1437.507,1055.35,Extinct in the Wild
Majority skin,Reptilia,Passeriformes,4788.215,533.59,Endangered
Military professional,Mammalia,Anura,4735.724,26.7,Critically Endangered
Everybody buy,Amphibia,Rodentia,1780.171,1540.71,Least Concern
Central itself,Mammalia,Rodentia,4971.209,699.54,Vulnerable
Parent simple,Mammalia,Rodentia,3476.939,2685.63,Endangered
Something tonight,Mammalia,Primates,541.355,236.44,Vulnerable
Certainly health,Actinopterygii,Carnivora,2589.61,629.16,Extinct in the Wild
Tv score,Reptilia,Primates,1222.342,1683.28,Least Concern
Wait shake,Amphibia,Primates,1642.63,2050.42,Vulnerable
Resource eye,Mammalia,Squamata,2700.318,305.33,Extinct in the Wild
Similar decide,Amphibia,Passeriformes,3215.04,2329.63,Near Threatened
Might argue,Actinopterygii,Primates,442.38,515.82,Endangered
American hard,Mammalia,Carnivora,2900.482,1053.91,Least Concern
Class trouble,Mammalia,Primates,1976.128,2792.54,Near Threatened
Hard full,Reptilia,Carnivora,714.876,1314.1,Extinct in the Wild
Allow church,Actinopterygii,Carnivora,4757.081,1174.5,Extinct in the Wild
Cut industry,Aves,Primates,365.504,775.35,Extinct in the Wild
Step pass,Aves,Carnivora,2845.627,1237.35,Endangered
International team,Actinopterygii,Anura,900.866,827.85,Extinct in the Wild
Themselves fly,Amphibia,Passeriformes,86.862,1042.96,Vulnerable
Question soon,Amphibia,Squamata,3578.388,1105.21,Near Threatened
Wide thing,Amphibia,Squamata,1916.147,809.12,Least Concern
Kid as,Reptilia,Primates,2187.76,2277.59,Vulnerable
Close in,Actinopterygii,Rodentia,1185.322,2512.88,Critically Endangered
Step million,Aves,Passeriformes,1070.311,1612.05,Extinct in the Wild
Stuff method,Aves,Primates,2513.104,1594.47,Least Concern
Fight early,Aves,Passeriformes,2025.554,296.88,Endangered
Table design,Reptilia,Anura,732.124,1698.74,Near Threatened
Try food,Actinopterygii,Rodentia,4876.328,1391.63,Critically Endangered
Thought instead,Amphibia,Rodentia,1388.751,787.08,Least Concern
Your good,Amphibia,Primates,1244.888,1032.99,Least Concern
Wrong safe,Actinopterygii,Anura,267.123,1382.14,Critically Endangered
Little oil,Amphibia,Squamata,1745.923,2263.74,Vulnerable
Ever shake,Aves,Anura,1788.202,578.93,Near Threatened
Best technology,Actinopterygii,Squamata,2289.926,1078.93,Endangered
Cost reality,Mammalia,Primates,1901.176,2595.61,Extinct in the Wild
Measure another,Amphibia,Anura,4864.066,1694.9,Extinct in the Wild
Enough later,Reptilia,Passeriformes,4632.497,1395.51,Critically Endangered
Left call,Actinopterygii,Anura,4274.666,2418.53,Least Concern
Smile be,Amphibia,Primates,4522.037,1866.83,Critically Endangered
With mother,Mammalia,Primates,2622.749,2220.07,Extinct in the Wild
The head,Aves,Primates,3802.812,1747.81,Critically Endangered
North establish,Actinopterygii,Primates,3010.937,1247.52,Vulnerable
Difficult nature,Mammalia,Rodentia,254.603,2336.95,Extinct in the Wild
Sure note,Reptilia,Passeriformes,1464.799,749.28,Vulnerable
Clearly bag,Mammalia,Squamata,657.305,673.36,Critically Endangered
Only ground,Reptilia,Carnivora,2610.742,1989.35,Extinct in the Wild
Job road,Amphibia,Primates,2579.772,1155.2,Extinct in the Wild
Region manage,Reptilia,Squamata,4103.173,208.67,Endangered
Improve person,Aves,Squamata,706.72,864.21,Vulnerable
Eat upon,Actinopterygii,Squamata,1205.191,2127.86,Endangered
Item can,Mammalia,Squamata,4418.789,1286.21,Extinct in the Wild
Us word,Amphibia,Primates,4710.722,2309.05,Least Concern
Season agreement,Amphibia,Anura,4655.399,924.06,Least Concern
Wear place,Actinopterygii,Passeriformes,2877.918,1745.81,Vulnerable
Cold help,Actinopterygii,Anura,1270.229,44.44,Near Threatened
Force father,Mammalia,Primates,1447.813,2214.33,Vulnerable
Three evidence,Amphibia,Rodentia,2321.522,2908.1,Vulnerable
Rate employee,Actinopterygii,Carnivora,3600.59,2257.88,Near Threatened
Subject ability,Actinopterygii,Rodentia,1933.874,1229.35,Extinct in the Wild
Learn important,Mammalia,Carnivora,4679.666,1344.08,Extinct in the Wild
Determine idea,Actinopterygii,Primates,2864.068,1566.95,Endangered
By debate,Actinopterygii,Primates,4773.325,1137.25,Extinct in the Wild
Development tend,Amphibia,Squamata,232.837,1701.58,Least Concern
Us simply,Actinopterygii,Anura,951.976,2449.19,Least Concern
Bag reason,Amphibia,Passeriformes,1196.532,2477.79,Near Threatened
Painting her,Mammalia,Squamata,881.282,549.37,Least Concern
Cause in,Amphibia,Anura,423.092,491.01,Extinct in the Wild
Chair something,Actinopterygii,Squamata,1920.513,297.95,Extinct in the Wild
Participant writer,Aves,Rodentia,1191.236,619.03,Critically Endangered
Can understand,Mammalia,Carnivora,2928.329,2829.43,Near Threatened
Reality cover,Actinopterygii,Carnivora,1601.955,2740.45,Extinct in the Wild
Main reason,Amphibia,Passeriformes,3693.722,666.14,Near Threatened
Successful sell,Mammalia,Rodentia,568.869,2319.16,Critically Endangered
Strong government,Actinopterygii,Squamata,1614.266,1846.92,Extinct in the Wild
History specific,Aves,Carnivora,1526.755,2844.63,Critically Endangered
Generation few,Mammalia,Rodentia,858.931,1536.16,Endangered
Product success,Aves,Anura,684.432,205.35,Vulnerable
Avoid bed,Mammalia,Anura,2820.013,1978.24,Vulnerable
Manager defense,Amphibia,Squamata,4758.237,190.92,Critically Endangered
Set together,Mammalia,Anura,2866.957,1236.45,Critically Endangered
Environment address,Aves,Rodentia,1382.597,2132.17,Near Threatened
News strong,Actinopterygii,Carnivora,4849.838,2355.21,Near Threatened
Only be,Reptilia,Rodentia,2709.279,2832.34,Extinct in the Wild
Middle buy,Actinopterygii,Carnivora,1436.236,2938.4,Endangered
Ten should,Reptilia,Primates,2625.368,1755.08,Near Threatened
Its foot,Reptilia,Squamata,4142.831,987.85,Near Threatened
Inside fund,Mammalia,Primates,320.717,724.13,Near Threatened
Process some,Actinopterygii,Rodentia,2722.575,1739.19,Extinct in the Wild
Plan some,Aves,Passeriformes,3979.932,1146.02,Extinct in the Wild
Exactly too,Mammalia,Primates,1495.507,2092.39,Least Concern
Moment arrive,Actinopterygii,Passeriformes,78.205,552.03,Extinct in the Wild
Mr lose,Actinopterygii,Passeriformes,3160.655,1357.76,Vulnerable
Experience resource,Actinopterygii,Squamata,3947.297,2404.14,Extinct in the Wild
Shoulder rock,Aves,Rodentia,2852.208,1761.42,Extinct in the Wild
Fast large,Actinopterygii,Rodentia,1249.324,347.71,Near Threatened
Remember inside,Reptilia,Rodentia,4818.725,437.28,Near Threatened
Accept break,Reptilia,Squamata,276.947,2821.39,Extinct in the Wild
Attorney sound,Aves,Primates,1941.658,256.62,Vulnerable
Moment seem,Mammalia,Rodentia,1240.487,576.92,Near Threatened
Identify no,Aves,Passeriformes,1555.635,1926.51,Endangered
Heavy level,Amphibia,Squamata,2737.998,695.53,Endangered
Thus provide,Mammalia,Primates,4077.735,330.85,Vulnerable
Particular alone,Actinopterygii,Carnivora,3897.057,1466.32,Least Concern
Analysis animal,Reptilia,Rodentia,1141.823,1767.33,Near Threatened
Television here,Reptilia,Passeriformes,313.343,2810.22,Endangered
Source sure,Actinopterygii,Squamata,3531.007,1995.71,Vulnerable
Once pass,Amphibia,Rodentia,1585.266,518.41,Extinct in the Wild
Between decision,Amphibia,Passeriformes,961.827,2146.85,Critically Endangered
Collection choice,Aves,Rodentia,3222.536,831.97,Least Concern
Daughter eat,Actinopterygii,Rodentia,3721.406,2336.46,Vulnerable
Against begin,Actinopterygii,Passeriformes,2681.173,561.95,Near Threatened
Ahead environmental,Mammalia,Passeriformes,3283.363,1416.16,Vulnerable
Support painting,Aves,Primates,2227.714,2841.41,Vulnerable
Success go,Reptilia,Anura,2360.696,1433.79,Critically Endangered
Reflect impact,Aves,Rodentia,2292.251,779.84,Critically Endangered
Table perhaps,Aves,Primates,4318.34,2460.27,Critically Endangered
Three best,Actinopterygii,Carnivora,2676.047,278.53,Critically Endangered
Seem instead,Aves,Carnivora,2696.461,1165.91,Least Concern
Officer decision,Mammalia,Rodentia,4851.659,1225.24,Extinct in the Wild
Role section,Reptilia,Primates,3644.175,1733.17,Endangered
Boy low,Amphibia,Squamata,3473.499,1612.6,Least Concern
Billion level,Aves,Primates,2963.643,997.09,Extinct in the Wild
Including job,Actinopterygii,Rodentia,928.23,2304.75,Critically Endangered
Great sport,Reptilia,Squamata,1343.4,839.34,Least Concern
Always budget,Mammalia,Primates,2952.756,842.43,Critically Endangered
Young seven,Amphibia,Carnivora,244.667,1142.54,Endangered
Others practice,Reptilia,Primates,1762.112,2309.58,Vulnerable
Item store,Amphibia,Rodentia,1556.914,1319.06,Critically Endangered
Who why,Aves,Passeriformes,1165.474,1312.24,Extinct in the Wild
Pretty window,Aves,Anura,1129.369,1346.57,Least Concern
Phone miss,Aves,Rodentia,3339.301,1395.18,Endangered
Dinner goal,Mammalia,Rodentia,1380.179,2168.73,Extinct in the Wild
Result tend,Reptilia,Passeriformes,573.949,2020.06,Vulnerable
Everything book,Amphibia,Anura,623.932,694.21,Endangered
Mean decade,Mammalia,Carnivora,2405.989,2107.48,Endangered
Responsibility soldier,Mammalia,Rodentia,761.436,1051.19,Vulnerable
Relationship everything,Actinopterygii,Squamata,578.563,2385.81,Critically Endangered
Practice attorney,Mammalia,Anura,3643.782,1281.62,Vulnerable
Court involve,Mammalia,Rodentia,3173.066,2929.6,Endangered
War phone,Mammalia,Passeriformes,2717.262,1604.81,Critically Endangered
Pretty have,Actinopterygii,Rodentia,3451.384,2220.88,Near Threatened
Listen effect,Actinopterygii,Anura,3614.653,988.95,Critically Endangered
Ball often,Aves,Passeriformes,1951.846,537.6,Least Concern
Manager drive,Reptilia,Carnivora,2491.802,499.81,Extinct in the Wild
Organization public,Actinopterygii,Rodentia,3461.99,2784.74,Critically Endangered
Degree minute,Amphibia,Primates,62.673,1846.39,Extinct in the Wild
Long tree,Amphibia,Rodentia,3215.589,2946.03,Extinct in the Wild
Capital many,Amphibia,Squamata,4808.221,2914.5,Critically Endangered
Rise heavy,Reptilia,Squamata,3585.445,2852.2,Near Threatened
Story yet,Mammalia,Squamata,4120.193,1253.8,Critically Endangered
Couple human,Actinopterygii,Carnivora,280.563,22.14,Least Concern
Prevent many,Actinopterygii,Squamata,1229.204,2472.34,Least Concern
View decision,Amphibia,Passeriformes,95.608,899.71,Critically Endangered
Represent task,Amphibia,Anura,804.978,2088.82,Endangered
Realize you,Aves,Primates,1138.841,2023.3,Endangered
Amount might,Aves,Squamata,4784.658,591.52,Near Threatened
Improve bank,Actinopterygii,Carnivora,2136.971,1501.19,Endangered
Into would,Reptilia,Rodentia,3448.651,496.33,Endangered
Human everything,Amphibia,Passeriformes,99.685,2413.98,Near Threatened
And lay,Aves,Rodentia,4139.469,796.61,Vulnerable
Yeah according,Aves,Anura,261.833,1610.95,Extinct in the Wild
Plan energy,Mammalia,Rodentia,4179.327,739.23,Critically Endangered
Book purpose,Reptilia,Carnivora,4046.89,380.36,Critically Endangered
Chance edge,Aves,Primates,2849.33,1236.85,Endangered
Model oil,Aves,Primates,2714.42,30.03,Extinct in the Wild
Happy full,Reptilia,Passeriformes,1527.44,206.07,Extinct in the Wild
Response moment,Mammalia,Primates,3506.844,2174.01,Critically Endangered
Gun base,Actinopterygii,Passeriformes,1343.113,1029.06,Vulnerable
Medical sound,Actinopterygii,Primates,1512.74,2640.56,Critically Endangered
Interesting truth,Reptilia,Primates,1898.041,2993.02,Extinct in the Wild
And item,Mammalia,Primates,247.886,2576.74,Endangered
Positive trouble,Actinopterygii,Rodentia,3767.316,620.52,Vulnerable
Training a,Mammalia,Carnivora,1870.979,514.23,Extinct in the Wild
Some member,Actinopterygii,Anura,4319.512,2261.3,Critically Endangered
Prepare response,Amphibia,Rodentia,2376.033,2051.67,Extinct in the Wild
That role,Amphibia,Squamata,3028.713,619.2,Endangered
Across if,Mammalia,Carnivora,221.832,2655.5,Critically Endangered
Happen send,Mammalia,Carnivora,496.205,1914.6,Least Concern
Short sell,Aves,Carnivora,1017.781,1580.1,Vulnerable
Hope hospital,Reptilia,Anura,3796.801,2586.56,Endangered
Today field,Reptilia,Carnivora,2958.854,1688.81,Near Threatened
Could wonder,Reptilia,Anura,4635.992,2584.44,Critically Endangered
Community act,Mammalia,Passeriformes,4337.034,2880.65,Endangered
Eat new,Aves,Squamata,2336.051,1748.74,Endangered
Turn simply,Actinopterygii,Squamata,325.854,199.15,Near Threatened
Here eat,Reptilia,Rodentia,3485.106,2547.2,Least Concern
Dream parent,Mammalia,Carnivora,1513.5,2206.63,Extinct in the Wild
Especially many,Mammalia,Squamata,881.004,923.87,Near Threatened
Community card,Actinopterygii,Anura,4488.524,1653.59,Endangered
Contain office,Reptilia,Passeriformes,2932.78,1693.98,Extinct in the Wild
Drug owner,Actinopterygii,Passeriformes,2610.932,410.57,Near Threatened
According upon,Mammalia,Carnivora,4733.289,1469.82,Critically Endangered
Reach nature,Actinopterygii,Carnivora,1938.873,1645.31,Endangered
Fall film,Amphibia,Squamata,3934.102,2065.28,Endangered
Health PM,Actinopterygii,Anura,1452.882,2905.1,Least Concern
Common trouble,Actinopterygii,Primates,839.334,1464.34,Near Threatened
Bank through,Amphibia,Passeriformes,4454.513,2189.96,Near Threatened
Risk four,Amphibia,Rodentia,4572.959,2092.56,Critically Endangered
Practice surface,Mammalia,Primates,2776.373,2294.28,Critically Endangered
Trouble two,Mammalia,Passeriformes,4252.046,1349.01,Vulnerable
Soldier that,Aves,Carnivora,402.947,2299.32,Near Threatened
Theory sing,Aves,Carnivora,1439.663,1612.5,Least Concern
Learn turn,Actinopterygii,Carnivora,3003.261,1451.51,Vulnerable
Account father,Actinopterygii,Squamata,2703.25,1482.89,Least Concern
Policy red,Reptilia,Squamata,2642.236,1489.78,Vulnerable
Door maybe,Amphibia,Primates,2885.612,2706.39,Near Threatened
Need report,Aves,Rodentia,1455.949,579.33,Vulnerable
House usually,Reptilia,Primates,3141.98,1800.82,Vulnerable
Trip that,Actinopterygii,Squamata,4927.084,29.81,Critically Endangered
Force few,Amphibia,Passeriformes,3108.951,1378.59,Extinct in the Wild
Night speak,Actinopterygii,Carnivora,2550.024,309.83,Near Threatened
Care now,Aves,Carnivora,3921.044,2535.96,Endangered
Often cover,Reptilia,Passeriformes,43.663,1896.84,Critically Endangered
Sound maintain,Actinopterygii,Squamata,1468.272,182.35,Critically Endangered
Discuss young,Actinopterygii,Rodentia,4767.954,2030.67,Critically Endangered
Money fire,Actinopterygii,Primates,1551.097,1325.44,Endangered
Decide realize,Mammalia,Anura,1164.437,1993.59,Extinct in the Wild
Other plan,Aves,Anura,63.529,1282.48,Extinct in the Wild
Early serious,Reptilia,Squamata,4905.996,459.02,Critically Endangered
Size thus,Mammalia,Carnivora,1371.951,679.97,Near Threatened
Parent guess,Mammalia,Carnivora,4887.703,2119.91,Near Threatened
Account increase,Amphibia,Passeriformes,4599.849,528.86,Critically Endangered
Last history,Actinopterygii,Rodentia,4848.931,681.61,Critically Endangered
Probably home,Amphibia,Anura,866.372,914.8,Least Concern
Oil road,Actinopterygii,Anura,2994.303,1783.77,Vulnerable
Security talk,Amphibia,Rodentia,2653.568,2318.73,Least Concern
Beautiful check,Amphibia,Primates,3838.067,1053.92,Vulnerable
Effort imagine,Mammalia,Squamata,2874.882,249.34,Endangered
Around car,Mammalia,Anura,2498.383,1242.91,Least Concern
Hundred paper,Aves,Primates,1265.878,1831.01,Vulnerable
Whatever field,Amphibia,Anura,466.261,46.71,Extinct in the Wild
Respond himself,Aves,Anura,2755.028,756.4,Critically Endangered
Big tell,Amphibia,Primates,1685.893,2302.06,Extinct in the Wild
Item later,Amphibia,Squamata,2544.126,711.11,Endangered
Brother soon,Aves,Passeriformes,511.174,294.09,Endangered
Dinner her,Reptilia,Carnivora,4135.011,1720.89,Extinct in the Wild
Lead wear,Reptilia,Carnivora,4768.456,2649.92,Least Concern
Newspaper but,Reptilia,Passeriformes,923.38,886.04,Near Threatened
Market if,Actinopterygii,Passeriformes,586.906,2095.62,Least Concern
Nature culture,Mammalia,Primates,4835.085,2363.17,Extinct in the Wild
Result will,Aves,Carnivora,1158.191,1840.16,Extinct in the Wild
Nearly they,Mammalia,Primates,3253.735,1268.4,Critically Endangered
Democratic standard,Aves,Primates,1933.24,722.46,Extinct in the Wild
Month nearly,Aves,Anura,1026.594,2064.06,Extinct in the Wild
Realize learn,Aves,Squamata,4362.749,189.73,Least Concern
Sometimes live,Actinopterygii,Passeriformes,1850.213,355.72,Critically Endangered
Sure of,Actinopterygii,Squamata,1315.515,522.78,Critically Endangered
Risk wall,Actinopterygii,Squamata,4187.19,1749.07,Near Threatened
Talk certain,Actinopterygii,Passeriformes,3208.311,1974.82,Critically Endangered
Response political,Actinopterygii,Carnivora,514.521,232.5,Least Concern
Hotel style,Reptilia,Carnivora,3826.295,2307.33,Extinct in the Wild
Send environmental,Aves,Carnivora,1794.001,2254.64,Least Concern
Sit blue,Amphibia,Anura,4127.689,1582.49,Endangered
However place,Actinopterygii,Rodentia,3101.002,1140.94,Endangered
Consider traditional,Aves,Carnivora,3132.37,1987.45,Endangered
Check its,Mammalia,Squamata,3066.511,2973.79,Critically Endangered
Treatment drop,Aves,Anura,1997.733,370.41,Extinct in the Wild
Adult down,Aves,Passeriformes,3950.265,99.03,Least Concern
Ask before,Reptilia,Squamata,2965.839,2451.28,Near Threatened
Specific chair,Mammalia,Primates,119.039,2313.29,Extinct in the Wild
Nor decade,Mammalia,Anura,1012.391,577.89,Endangered
Clearly protect,Aves,Squamata,3571.082,101.11,Endangered
Film operation,Aves,Primates,3792.947,2259.26,Near Threatened
Right thus,Reptilia,Anura,834.723,713.71,Endangered
Main likely,Mammalia,Passeriformes,4011.995,1344.98,Vulnerable
Help arm,Actinopterygii,Squamata,4225.723,2446.13,Endangered
Phone court,Mammalia,Primates,4307.888,1314.53,Critically Endangered
Thus expect,Aves,Carnivora,4316.649,971.41,Near Threatened
Town store,Aves,Carnivora,4333.15,2836.02,Extinct in the Wild
Yourself court,Mammalia,Rodentia,1394.749,527.63,Endangered
You road,Aves,Squamata,184.306,580.89,Endangered
If cost,Amphibia,Rodentia,3536.033,1327.33,Critically Endangered
Fast various,Amphibia,Passeriformes,4037.612,1554.53,Endangered
Impact national,Amphibia,Primates,2563.77,805.77,Vulnerable
Paper explain,Actinopterygii,Squamata,3615.305,646.53,Vulnerable
Everything floor,Reptilia,Anura,2791.979,569.41,Vulnerable
Become improve,Reptilia,Passeriformes,612.086,2267.22,Near Threatened
Myself usually,Mammalia,Carnivora,4977.676,233.41,Vulnerable
Why perhaps,Actinopterygii,Rodentia,1615.196,2891.59,Near Threatened
Four yeah,Reptilia,Primates,4505.885,1682.76,Near Threatened
Yes peace,Actinopterygii,Rodentia,4812.866,1761.94,Vulnerable
Hour get,Mammalia,Anura,3178.919,1730.45,Vulnerable
Character plan,Amphibia,Primates,128.329,1316.01,Vulnerable
Lay least,Amphibia,Passeriformes,4495.104,591.45,Near Threatened
Join know,Mammalia,Anura,2435.768,2654.6,Least Concern
Few involve,Mammalia,Rodentia,2778.088,528.61,Least Concern
Our interview,Reptilia,Primates,1107.938,2453.45,Endangered
Hotel value,Reptilia,Passeriformes,2286.159,2170.82,Extinct in the Wild
Ball soon,Amphibia,Passeriformes,4472.931,1792.39,Near Threatened
Fill thousand,Reptilia,Squamata,4378.001,1939.42,Critically Endangered
Morning start,Actinopterygii,Passeriformes,2847.694,2150.11,Critically Endangered
Blue interview,Aves,Primates,4402.044,2124.03,Least Concern
Contain collection,Actinopterygii,Rodentia,2861.559,2751.03,Near Threatened
Administration role,Actinopterygii,Passeriformes,2574.206,2442.54,Extinct in the Wild
Position dream,Actinopterygii,Anura,2810.214,1521.61,Extinct in the Wild
Ground then,Mammalia,Carnivora,2541.701,1010.3,Vulnerable
Hospital respond,Actinopterygii,Rodentia,3477.847,2963.06,Critically Endangered
Floor design,Mammalia,Primates,4907.206,752.49,Endangered
Threat assume,Amphibia,Carnivora,2845.215,1952.39,Endangered
Lay father,Reptilia,Passeriformes,4967.056,2282.94,Least Concern
Do prepare,Reptilia,Passeriformes,1247.427,197.57,Extinct in the Wild
Life product,Aves,Passeriformes,1226.12,89.45,Vulnerable
Although it,Reptilia,Rodentia,2655.532,913.61,Endangered
Live hand,Actinopterygii,Anura,869.794,82.15,Critically Endangered
Agree wrong,Reptilia,Carnivora,634.077,1352.08,Extinct in the Wild
Life prepare,Reptilia,Rodentia,4883.354,2988.7,Extinct in the Wild
Open never,Reptilia,Primates,3537.809,2771.39,Vulnerable
High difficult,Aves,Passeriformes,1222.145,347.7,Least Concern
Unit bag,Mammalia,Rodentia,1339.642,691.57,Endangered
Republican yeah,Mammalia,Primates,3580.527,1562.62,Endangered
Create visit,Mammalia,Primates,1409.919,1693.63,Vulnerable
Into past,Reptilia,Squamata,349.544,1720.53,Least Concern
Party organization,Actinopterygii,Carnivora,1596.082,541.16,Vulnerable
Pretty door,Actinopterygii,Squamata,3117.195,1377.17,Least Concern
Ask policy,Aves,Carnivora,2415.474,2316.9,Critically Endangered
White consumer,Actinopterygii,Rodentia,3348.371,2675.02,Near Threatened
See style,Aves,Passeriformes,1199.594,492.95,Near Threatened
Step drive,Mammalia,Rodentia,4945.196,1741.09,Least Concern
Better whether,Reptilia,Squamata,3393.802,2143.73,Critically Endangered
Talk minute,Aves,Primates,1139.65,944.46,Critically Endangered
Second stay,Aves,Rodentia,4787.189,188.63,Critically Endangered
Team drive,Actinopterygii,Anura,2334.878,838.35,Least Concern
Five both,Mammalia,Anura,4664.825,2481.45,Critically Endangered
Several cultural,Reptilia,Passeriformes,1785.849,1204.04,Least Concern
Everybody question,Reptilia,Rodentia,4557.37,2217.31,Endangered
Officer among,Amphibia,Carnivora,4289.771,625.67,Extinct in the Wild
Its future,Aves,Primates,4967.735,1292.84,Vulnerable
Have none,Amphibia,Rodentia,2226.064,768.93,Critically Endangered
Bag certain,Aves,Rodentia,2219.874,2820.39,Least Concern
Affect wind,Mammalia,Passeriformes,1253.476,141.97,Near Threatened
Charge financial,Aves,Anura,3368.148,2648.23,Least Concern
Catch lose,Reptilia,Anura,543.485,1089.69,Critically Endangered
Ask learn,Aves,Primates,3906.961,1784.46,Least Concern
Data seven,Mammalia,Squamata,1820.804,1267.99,Extinct in the Wild
Member Mr,Amphibia,Primates,3441.092,1013.66,Vulnerable
Share trouble,Actinopterygii,Carnivora,4358.445,2983.52,Near Threatened
Beat blood,Amphibia,Squamata,1715.736,242.23,Vulnerable
Day idea,Reptilia,Rodentia,3154.552,561.59,Endangered
Book think,Aves,Squamata,1089.451,2943.69,Endangered
History sister,Reptilia,Squamata,3362.308,1108.56,Critically Endangered
Determine region,Actinopterygii,Carnivora,1569.364,2443.34,Vulnerable
Money class,Mammalia,Rodentia,3828.574,2806.01,Least Concern
Night station,Amphibia,Passeriformes,4733.314,1480.49,Endangered
Stand green,Reptilia,Primates,2660.703,219.3,Endangered
Effort responsibility,Mammalia,Anura,2506.616,374.95,Vulnerable
If black,Mammalia,Passeriformes,1068.466,2581.78,Critically Endangered
Lead soldier,Reptilia,Anura,1433.854,2986.04,Least Concern
Chance tend,Mammalia,Passeriformes,4840.944,2621.01,Extinct in the Wild
Situation none,Mammalia,Passeriformes,4119.005,2805.16,Extinct in the Wild
Well however,Mammalia,Anura,996.133,235.55,Extinct in the Wild
Sing condition,Actinopterygii,Rodentia,3819.974,2783.46,Extinct in the Wild
Check explain,Aves,Primates,1271.569,2180.1,Critically Endangered
To field,Amphibia,Passeriformes,4224.696,1166.1,Critically Endangered
Game young,Mammalia,Rodentia,1638.703,1891.11,Endangered
Dog top,Aves,Squamata,4547.003,2915.78,Near Threatened
Whom service,Reptilia,Squamata,1510.569,2427.22,Extinct in the Wild
Magazine among,Actinopterygii,Rodentia,4308.955,371.3,Endangered
Attack manager,Mammalia,Squamata,18.403,2459.15,Near Threatened
Popular senior,Mammalia,Anura,2871.241,1009.65,Critically Endangered
Sound allow,Amphibia,Passeriformes,3897.395,269.67,Critically Endangered
Win teacher,Mammalia,Squamata,3693.592,1626.04,Extinct in the Wild
Serious themselves,Mammalia,Squamata,966.398,1406.94,Extinct in the Wild
Believe try,Reptilia,Rodentia,4361.291,2567.9,Extinct in the Wild
Claim against,Aves,Primates,275.923,383.27,Near Threatened
Entire save,Mammalia,Primates,3153.486,1574.38,Critically Endangered
With government,Mammalia,Rodentia,3335.064,2774.8,Extinct in the Wild
Hot feel,Mammalia,Rodentia,3861.277,2514.31,Near Threatened
Exactly dog,Amphibia,Anura,3669.503,874.86,Least Concern
Hair school,Mammalia,Passeriformes,3108.214,2348.91,Vulnerable
Turn great,Reptilia,Passeriformes,722.666,1266.34,Critically Endangered
Toward laugh,Amphibia,Squamata,4770.698,902.59,Least Concern
Back design,Aves,Squamata,486.194,1635.52,Vulnerable
Special conference,Mammalia,Primates,459.337,1301.89,Vulnerable
Concern north,Aves,Squamata,2203.287,2817.99,Least Concern
Sound for,Mammalia,Rodentia,3419.394,93.2,Vulnerable
Pick center,Reptilia,Carnivora,4673.362,2344.6,Extinct in the Wild
Improve choose,Mammalia,Passeriformes,4477.468,1848.82,Endangered
Congress on,Aves,Carnivora,1268.79,683.11,Vulnerable
From cost,Amphibia,Carnivora,2422.161,2319.82,Vulnerable
Over drug,Actinopterygii,Rodentia,2652.697,1698.3,Extinct in the Wild
Final try,Mammalia,Carnivora,3606.346,744.93,Endangered
Red public,Aves,Carnivora,293.947,2710.45,Vulnerable
Company so,Mammalia,Rodentia,2922.599,2097.33,Least Concern
Memory market,Actinopterygii,Primates,2058.598,527.72,Endangered
Service during,Aves,Squamata,4456.49,2385.22,Endangered
Mrs unit,Reptilia,Primates,4994.843,1896.41,Endangered
As stay,Mammalia,Primates,2872.994,553.58,Least Concern
Approach receive,Mammalia,Carnivora,665.316,599.15,Endangered
Long girl,Reptilia,Primates,2867.498,1027.31,Endangered
Note so,Actinopterygii,Squamata,4844.702,1172.89,Endangered
Bad kind,Aves,Squamata,721.034,1042.51,Endangered
Than international,Actinopterygii,Passeriformes,1067.651,631.85,Endangered
Admit time,Actinopterygii,Anura,432.282,1474.79,Least Concern
Language reveal,Reptilia,Rodentia,1749.377,307.87,Vulnerable
Week agree,Mammalia,Squamata,3667.492,1579.25,Extinct in the Wild
Detail each,Mammalia,Squamata,2522.643,1351.19,Near Threatened
Condition guy,Aves,Carnivora,557.666,2416.31,Near Threatened
Policy nature,Amphibia,Carnivora,660.008,51.3,Vulnerable
Suffer sister,Aves,Primates,4885.915,2378.47,Vulnerable
Talk our,Mammalia,Anura,4960.712,1263.7,Extinct in the Wild
Nearly then,Actinopterygii,Primates,2693.038,2325.55,Vulnerable
Item we,Mammalia,Primates,1243.35,787.19,Near Threatened
Task hundred,Reptilia,Squamata,4652.523,2141.49,Vulnerable
Issue business,Actinopterygii,Rodentia,4913.296,1045.61,Near Threatened
Pressure Congress,Mammalia,Squamata,4295.136,1539.6,Extinct in the Wild
Teacher cause,Mammalia,Squamata,2893.708,911.95,Critically Endangered
Star force,Mammalia,Primates,4918.16,1387.58,Endangered
Professor available,Actinopterygii,Primates,1643.524,634.23,Near Threatened
Truth themselves,Reptilia,Passeriformes,1863.088,1524.57,Least Concern
Hot wait,Mammalia,Passeriformes,174.868,1258.65,Endangered
Environmental reduce,Amphibia,Squamata,3839.154,2595.75,Critically Endangered
Will rich,Mammalia,Rodentia,2601.132,1711.71,Critically Endangered
Animal just,Amphibia,Anura,4252.707,1783.47,Least Concern
Plant thought,Amphibia,Passeriformes,4385.715,1237.33,Near Threatened
Oil statement,Mammalia,Carnivora,3691.277,66.77,Vulnerable
Professional receive,Actinopterygii,Squamata,4547.279,231.64,Near Threatened
Trade happen,Reptilia,Rodentia,4587.393,1072.1,Endangered
Point religious,Amphibia,Primates,2736.494,1906.48,Endangered
Nothing wear,Amphibia,Primates,449.58,2554.95,Near Threatened
Plan including,Reptilia,Primates,4469.394,929.75,Critically Endangered
Hundred reflect,Amphibia,Rodentia,1514.845,1160.01,Near Threatened
Seven three,Aves,Anura,4430.671,1763.35,Endangered
Kind think,Mammalia,Rodentia,634.026,115.62,Near Threatened
Maintain themselves,Reptilia,Rodentia,1441.74,2113.45,Least Concern
Sit show,Amphibia,Primates,2956.99,758.44,Vulnerable
Common friend,Mammalia,Carnivora,4480.832,2627.4,Extinct in the Wild
Seem include,Amphibia,Anura,3367.303,2996.84,Endangered
Walk team,Aves,Squamata,1669.196,509.24,Near Threatened
Forward parent,Reptilia,Squamata,1498.377,2627.88,Critically Endangered
Stuff government,Aves,Passeriformes,3022.97,480.08,Near Threatened
Forward push,Aves,Primates,164.14,2079.38,Extinct in the Wild
Garden because,Reptilia,Carnivora,2674.135,665.44,Vulnerable
Third figure,Aves,Passeriformes,3962.364,1314.35,Vulnerable
Pm firm,Mammalia,Passeriformes,1974.368,1439.26,Extinct in the Wild
Individual tend,Actinopterygii,Anura,3301.04,2339.53,Vulnerable
Issue meet,Actinopterygii,Anura,3958.038,622.01,Endangered
Federal speak,Aves,Passeriformes,1138.286,2379.38,Endangered
Go crime,Reptilia,Passeriformes,2173.93,898.25,Least Concern
Smile certain,Aves,Rodentia,38.252,2895.55,Extinct in the Wild
Worry glass,Actinopterygii,Squamata,651.28,1023.67,Near Threatened
Young two,Actinopterygii,Carnivora,4459.133,2829.51,Least Concern
Institution lead,Reptilia,Carnivora,1374.758,138.32,Near Threatened
Practice ago,Mammalia,Carnivora,4606.676,713.11,Vulnerable
Indicate single,Aves,Primates,4008.286,1935.76,Least Concern
Fall big,Amphibia,Passeriformes,144.116,1712.05,Extinct in the Wild
Money star,Actinopterygii,Passeriformes,2636.165,2921.1,Critically Endangered
Here age,Actinopterygii,Rodentia,2451.733,353.23,Endangered
Call force,Amphibia,Squamata,4573.206,2745.27,Vulnerable
Service medical,Aves,Squamata,4681.504,2893.97,Least Concern
Board day,Reptilia,Passeriformes,4443.531,2264.45,Near Threatened
Behavior daughter,Reptilia,Squamata,4642.925,2897.37,Vulnerable
Hot team,Actinopterygii,Rodentia,766.261,1382.42,Endangered
Couple say,Mammalia,Passeriformes,1787.271,2099.55,Least Concern
Nice at,Aves,Carnivora,1764.256,194.48,Critically Endangered
Career next,Amphibia,Primates,3665.964,2281.74,Near Threatened
Wind soldier,Aves,Carnivora,756.316,1068.13,Extinct in the Wild
Price model,Actinopterygii,Primates,2916.828,874.76,Least Concern
Today someone,Reptilia,Carnivora,1439.879,1158.85,Endangered
Should race,Mammalia,Passeriformes,2777.72,516.38,Least Concern
Pattern property,Reptilia,Rodentia,1647.82,1935.02,Vulnerable
Human case,Mammalia,Primates,485.639,2374.95,Vulnerable
Member director,Actinopterygii,Passeriformes,3794.491,196.16,Vulnerable
Plant must,Actinopterygii,Carnivora,3443.001,1432.98,Least Concern
Threat look,Actinopterygii,Passeriformes,4123.788,2909.02,Least Concern
President out,Actinopterygii,Primates,3524.674,2579.64,Extinct in the Wild
College pattern,Actinopterygii,Squamata,398.394,2551.08,Vulnerable
Check scientist,Amphibia,Squamata,631.857,1304.57,Extinct in the Wild
Mr strong,Amphibia,Primates,4186.496,201.83,Extinct in the Wild
Health woman,Amphibia,Rodentia,4589.246,1442.74,Endangered
Part key,Reptilia,Rodentia,3184.941,2653.71,Least Concern
Discuss forget,Actinopterygii,Passeriformes,2674.469,1806.38,Endangered
Population action,Amphibia,Squamata,4483.997,313.38,Critically Endangered
Another feel,Reptilia,Rodentia,1523.944,185.02,Vulnerable
Personal ten,Actinopterygii,Passeriformes,4808.737,2715.71,Least Concern
Style on,Amphibia,Carnivora,4660.908,2162.74,Endangered
Education ahead,Amphibia,Passeriformes,1943.385,2667.4,Critically Endangered
Around money,Actinopterygii,Primates,778.995,1715.92,Least Concern
Card wide,Mammalia,Carnivora,1874.051,2394.2,Vulnerable
Say to,Amphibia,Passeriformes,1442.096,2616.2,Least Concern
Very environment,Mammalia,Primates,91.196,1433.21,Vulnerable
Great more,Actinopterygii,Carnivora,1983.824,1105.64,Least Concern
Us challenge,Reptilia,Carnivora,4073.673,2474.64,Extinct in the Wild
Produce candidate,Aves,Passeriformes,708.545,540.48,Endangered
Light recently,Aves,Anura,4977.671,200.33,Least Concern
Poor green,Mammalia,Squamata,1569.62,2807.33,Critically Endangered
Light if,Reptilia,Anura,561.699,387.92,Extinct in the Wild
Team parent,Aves,Carnivora,639.006,1518.66,Critically Endangered
Line gun,Mammalia,Passeriformes,2052.83,2878.47,Vulnerable
Eight guess,Amphibia,Anura,2312.293,754.19,Vulnerable
Here soldier,Mammalia,Carnivora,3656.589,2960.79,Vulnerable
Figure health,Mammalia,Primates,1603.607,1189.98,Extinct in the Wild
Yourself rate,Amphibia,Carnivora,2912.749,624.05,Near Threatened
House nothing,Aves,Primates,4277.42,1140.45,Endangered
Walk some,Actinopterygii,Anura,3599.495,361.86,Endangered
Stay mention,Amphibia,Carnivora,2731.578,975.41,Endangered
Price his,Aves,Anura,1680.789,2666.03,Critically Endangered
Cut physical,Mammalia,Primates,4884.228,1088.22,Critically Endangered
Miss throughout,Aves,Carnivora,2094.167,2721.89,Extinct in the Wild
Father kitchen,Amphibia,Carnivora,2517.945,2541.12,Extinct in the Wild
Staff we,Amphibia,Squamata,2237.736,2467.12,Vulnerable
Age not,Amphibia,Squamata,4173.764,1093.54,Extinct in the Wild
Defense civil,Mammalia,Carnivora,1146.437,569.01,Endangered
Why food,Actinopterygii,Squamata,1541.453,832.84,Extinct in the Wild
Receive never,Actinopterygii,Passeriformes,2942.537,268.83,Vulnerable
Whole rise,Aves,Rodentia,1597.7,2173.71,Near Threatened
Great federal,Reptilia,Primates,1895.057,1388.44,Least Concern
Use state,Aves,Anura,1031.736,203.11,Critically Endangered
Wrong minute,Actinopterygii,Squamata,3183.74,63.98,Extinct in the Wild
Two small,Mammalia,Primates,4273.216,1186.23,Extinct in the Wild
Lawyer technology,Aves,Carnivora,3310.661,2550.32,Endangered
Time run,Amphibia,Passeriformes,3791.031,456.51,Vulnerable
Brother past,Mammalia,Primates,1463.885,2791.06,Near Threatened
Near poor,Reptilia,Passeriformes,3167.673,1951.31,Vulnerable
People over,Mammalia,Squamata,3172.237,1464.74,Vulnerable
Fear begin,Reptilia,Carnivora,204.936,683.57,Least Concern
Ever commercial,Reptilia,Squamata,2199.265,407.96,Least Concern
Whatever north,Amphibia,Anura,4712.203,13.73,Vulnerable
Team keep,Actinopterygii,Carnivora,76.635,20.48,Vulnerable
Goal art,Aves,Passeriformes,3664.726,1059.99,Vulnerable
Nice reflect,Mammalia,Carnivora,4412.821,1793.54,Vulnerable
Leave population,Mammalia,Rodentia,3657.62,729.29,Endangered
Rather official,Actinopterygii,Primates,1147.322,2668.15,Endangered
Story cost,Amphibia,Primates,3425.762,287.03,Extinct in the Wild
Young surface,Reptilia,Primates,4043.937,2103.61,Endangered
Necessary note,Amphibia,Rodentia,957.996,2854.22,Extinct in the Wild
Market take,Reptilia,Squamata,2060.617,1868.1,Endangered
Require story,Amphibia,Squamata,3155.439,2678.76,Near Threatened
Stuff speech,Aves,Passeriformes,3296.193,2668.11,Vulnerable
Recognize agent,Actinopterygii,Passeriformes,3305.705,1459.68,Vulnerable
Third yard,Mammalia,Anura,2151.111,2004.86,Near Threatened
Stuff if,Aves,Rodentia,3892.74,2200.18,Vulnerable
Project design,Amphibia,Carnivora,772.933,850.54,Endangered
Something off,Aves,Rodentia,1249.806,270.49,Endangered
Series two,Actinopterygii,Primates,2874.683,1910.57,Critically Endangered
Process meeting,Amphibia,Squamata,412.986,1393.15,Extinct in the Wild
Production foot,Actinopterygii,Squamata,1417.076,2164.28,Extinct in the Wild
Leg for,Mammalia,Rodentia,1822.712,1724.06,Near Threatened
Artist my,Amphibia,Primates,1081.775,353.49,Endangered
Report us,Reptilia,Primates,656.342,489.84,Near Threatened
Three family,Actinopterygii,Carnivora,252.962,1036.95,Endangered
Show material,Amphibia,Rodentia,3183.757,1659.12,Critically Endangered
Their view,Aves,Rodentia,1337.693,1605.75,Near Threatened
Outside moment,Aves,Anura,1501.486,597.03,Near Threatened
Large bill,Actinopterygii,Anura,619.701,1147.33,Least Concern
Central hold,Actinopterygii,Squamata,2547.64,1361.78,Endangered
Ago generation,Mammalia,Passeriformes,549.655,762.43,Vulnerable
Stand him,Amphibia,Rodentia,1029.877,2312.56,Endangered
Magazine firm,Mammalia,Carnivora,2259.853,727.21,Least Concern
Color resource,Actinopterygii,Passeriformes,3751.774,2783.97,Extinct in the Wild
General themselves,Reptilia,Rodentia,3764.451,1940.62,Vulnerable
Final news,Aves,Anura,2261.395,2502.56,Endangered
Catch them,Actinopterygii,Anura,4694.893,603.2,Near Threatened
Phone now,Mammalia,Carnivora,1629.16,2359.71,Extinct in the Wild
Medical include,Reptilia,Passeriformes,3704.071,458.09,Near Threatened
Capital current,Mammalia,Squamata,1230.072,1291.55,Extinct in the Wild
Organization clear,Aves,Passeriformes,400.955,1113.7,Least Concern
Moment maintain,Amphibia,Rodentia,4733.046,746.61,Near Threatened
Benefit still,Aves,Anura,936.614,1647.62,Near Threatened
Science sing,Aves,Primates,3313.389,660.74,Critically Endangered
Pretty herself,Aves,Rodentia,546.071,2379.94,Vulnerable
Try need,Actinopterygii,Anura,3298.613,1843.07,Critically Endangered
Everybody fast,Aves,Passeriformes,1051.59,360.11,Critically Endangered
Though seat,Mammalia,Squamata,1630.911,599.55,Extinct in the Wild
Material TV,Reptilia,Passeriformes,3750.535,2342.61,Vulnerable
Word reduce,Reptilia,Primates,1498.703,893.21,Near Threatened
South ten,Aves,Carnivora,2976.57,2913.8,Critically Endangered
Study wear,Mammalia,Squamata,4317.631,609.08,Critically Endangered
Type technology,Amphibia,Carnivora,1937.965,1520.64,Near Threatened
Station nearly,Reptilia,Passeriformes,3029.67,1252.93,Vulnerable
Recent enjoy,Mammalia,Carnivora,3400.895,125.27,Critically Endangered
Agency than,Mammalia,Squamata,883.833,1408.41,Near Threatened
Each I,Amphibia,Rodentia,487.994,2885.81,Critically Endangered
Child score,Reptilia,Carnivora,3798.058,1160.05,Extinct in the Wild
Carry leave,Aves,Carnivora,1952.888,2687.95,Vulnerable
Growth blue,Amphibia,Passeriformes,3468.133,2554.08,Near Threatened
Message these,Amphibia,Squamata,929.506,2796.72,Near Threatened
Write would,Aves,Passeriformes,4519.524,1747.12,Vulnerable
Soon person,Mammalia,Anura,252.599,376.09,Near Threatened
Key personal,Reptilia,Squamata,232.019,1049.42,Near Threatened
Year project,Amphibia,Rodentia,4242.204,950.32,Endangered
Both among,Aves,Squamata,4702.086,2837.46,Critically Endangered
Generation believe,Aves,Primates,1800.171,2858.77,Extinct in the Wild
Growth his,Reptilia,Squamata,4718.307,2968.64,Extinct in the Wild
Serve many,Actinopterygii,Carnivora,1662.801,2533.59,Extinct in the Wild
Wall president,Amphibia,Passeriformes,1103.081,1669.87,Critically Endangered
Food culture,Mammalia,Passeriformes,189.3,1608.95,Near Threatened
Hope traditional,Actinopterygii,Passeriformes,66.041,1806.87,Vulnerable
Do he,Reptilia,Squamata,1589.783,2045.72,Extinct in the Wild
Class participant,Amphibia,Squamata,642.389,2543.27,Extinct in the Wild
Prepare name,Reptilia,Passeriformes,4962.831,1880.02,Least Concern
Process world,Mammalia,Passeriformes,2084.592,878.82,Extinct in the Wild
Mission forget,Actinopterygii,Rodentia,3691.809,2064.85,Vulnerable
Few require,Actinopterygii,Passeriformes,659.352,899.98,Endangered
Save cover,Actinopterygii,Anura,3358.961,389.85,Near Threatened
Artist product,Mammalia,Squamata,4175.659,2843.83,Extinct in the Wild
Major phone,Reptilia,Primates,2865.844,1565.94,Near Threatened
Foreign plan,Reptilia,Carnivora,4997.555,1303.15,Least Concern
Language form,Aves,Passeriformes,2689.342,1620.94,Near Threatened
Whatever bar,Aves,Primates,2405.908,1663.57,Least Concern
Plant movie,Aves,Primates,3758.092,171.95,Critically Endangered
Important teacher,Aves,Primates,2717.65,2401.99,Vulnerable
Life at,Aves,Passeriformes,534.689,1569.88,Endangered
Position less,Aves,Passeriformes,1646.816,1007.07,Endangered
Economy we,Mammalia,Carnivora,4308.967,1517.66,Critically Endangered
Walk smile,Actinopterygii,Anura,65.743,663.8,Extinct in the Wild
Respond town,Amphibia,Anura,2751.407,706.8,Critically Endangered
Raise from,Amphibia,Passeriformes,4014.018,66.72,Critically Endangered
Nice final,Actinopterygii,Squamata,468.475,421.67,Least Concern
Pretty market,Reptilia,Primates,2314.362,1167.48,Least Concern
Available trial,Aves,Primates,4450.936,2617.97,Vulnerable
Structure machine,Amphibia,Primates,2867.185,2620.2,Least Concern
Instead painting,Actinopterygii,Passeriformes,3971.974,44.75,Least Concern
Sea treat,Aves,Rodentia,2550.085,958.62,Least Concern
Early Republican,Reptilia,Squamata,4427.41,2517.14,Extinct in the Wild
Market former,Aves,Squamata,640.201,229.55,Vulnerable
Memory store,Amphibia,Passeriformes,1859.637,893.99,Endangered
Also total,Mammalia,Squamata,265.681,1442.26,Extinct in the Wild
Enjoy stuff,Aves,Anura,3127.818,2791.2,Near Threatened
Growth ever,Actinopterygii,Primates,2459.723,1793.41,Critically Endangered
Especially note,Mammalia,Passeriformes,996.273,1918.62,Extinct in the Wild
On certain,Mammalia,Primates,4038.74,2052.83,Extinct in the Wild
Gas say,Actinopterygii,Squamata,2098.046,1510.86,Vulnerable
Plan scene,Reptilia,Passeriformes,447.628,2759.97,Least Concern
Simple determine,Aves,Primates,4170.26,2572.75,Vulnerable
They yes,Aves,Passeriformes,2652.964,1981.42,Vulnerable
Girl bed,Reptilia,Rodentia,1081.601,77.17,Extinct in the Wild
Ready seven,Reptilia,Passeriformes,1508.187,260.73,Least Concern
Test fact,Mammalia,Primates,600.804,1530.08,Vulnerable
Challenge together,Amphibia,Primates,3210.86,798.84,Critically Endangered
Customer federal,Aves,Anura,3986.414,820.78,Least Concern
Exactly wind,Actinopterygii,Anura,3708.247,2632.58,Critically Endangered
Including write,Mammalia,Carnivora,497.164,148.38,Least Concern
Join commercial,Actinopterygii,Rodentia,182.591,702.22,Least Concern
Store pretty,Amphibia,Rodentia,4882.42,2535.16,Vulnerable
Executive election,Reptilia,Rodentia,2308.301,1346.1,Vulnerable
Information forward,Aves,Rodentia,2712.564,2306.53,Extinct in the Wild
Subject call,Actinopterygii,Carnivora,125.977,1594.1,Endangered
Two spend,Actinopterygii,Carnivora,1646.781,6.82,Endangered
Tv pressure,Reptilia,Anura,3784.679,989.81,Least Concern
Rest something,Aves,Primates,3687.167,2044.93,Critically Endangered
Military risk,Aves,Squamata,1664.172,1962.38,Extinct in the Wild
Establish should,Aves,Anura,3446.311,679.96,Critically Endangered
Protect financial,Actinopterygii,Passeriformes,1331.618,2758.28,Near Threatened
Final trade,Actinopterygii,Squamata,2682.76,448.18,Vulnerable
Executive executive,Reptilia,Anura,2701.902,1593.88,Near Threatened
Heavy lay,Mammalia,Primates,3330.189,1535.84,Endangered
Congress probably,Aves,Carnivora,3027.463,13.14,Endangered
Practice road,Actinopterygii,Anura,2636.391,426.83,Vulnerable
Indicate star,Mammalia,Carnivora,3500.38,2047.46,Endangered
Size hair,Amphibia,Anura,4529.436,1376.21,Vulnerable
Goal four,Amphibia,Rodentia,1936.266,1457.77,Near Threatened
Focus their,Reptilia,Carnivora,4548.165,1254.45,Critically Endangered
Church thus,Actinopterygii,Anura,758.883,416.72,Least Concern
Employee amount,Mammalia,Carnivora,206.605,1335.53,Extinct in the Wild
Sort community,Aves,Passeriformes,2654.285,2734.37,Near Threatened
Serve opportunity,Actinopterygii,Primates,1359.935,2685.88,Vulnerable
Heart may,Mammalia,Rodentia,1846.897,311.56,Extinct in the Wild
Red whose,Aves,Squamata,2323.58,2490.93,Critically Endangered
Maintain cup,Reptilia,Primates,3057.632,2229.72,Vulnerable
Manage others,Mammalia,Squamata,322.251,1814.58,Critically Endangered
Paper population,Actinopterygii,Passeriformes,340.027,2350.49,Near Threatened
Structure table,Actinopterygii,Passeriformes,436.162,1136.93,Least Concern
Meet purpose,Reptilia,Passeriformes,766.669,533.56,Near Threatened
Nor man,Amphibia,Rodentia,1884.736,291.35,Near Threatened
Responsibility reach,Actinopterygii,Anura,4531.732,159.47,Critically Endangered
Away billion,Amphibia,Rodentia,2956.526,752.27,Near Threatened
Possible yourself,Actinopterygii,Anura,2858.584,1946.11,Near Threatened
Water item,Aves,Primates,469.437,381.27,Vulnerable
Poor fly,Amphibia,Carnivora,4325.55,377.22,Extinct in the Wild
And left,Amphibia,Primates,4986.856,2723.18,Extinct in the Wild
Own trial,Aves,Passeriformes,1659.741,1505.69,Least Concern
Job information,Amphibia,Anura,3222.703,2003.13,Vulnerable
Likely medical,Mammalia,Passeriformes,2338.626,1206.53,Near Threatened
Section mission,Actinopterygii,Primates,2999.895,1209.02,Vulnerable
Whose identify,Mammalia,Anura,2087.803,2694.37,Critically Endangered
Camera anything,Mammalia,Squamata,4070.144,877.47,Critically Endangered
Strong vote,Reptilia,Squamata,3930.802,2570.99,Least Concern
Federal man,Actinopterygii,Carnivora,4592.314,142.08,Least Concern
Table century,Actinopterygii,Anura,1341.946,2137.51,Least Concern
Heart tell,Aves,Passeriformes,3713.373,1107.91,Endangered
Trade half,Aves,Primates,4835.749,456.66,Critically Endangered
Me indeed,Aves,Anura,4207.064,2525.3,Vulnerable
Bad investment,Actinopterygii,Primates,2308.84,2902.71,Critically Endangered
Stop economic,Amphibia,Carnivora,3337.523,1696.78,Critically Endangered
Just remember,Reptilia,Squamata,1320.883,1894.69,Near Threatened
Decide civil,Aves,Anura,3786.101,2994.78,Critically Endangered
Crime everybody,Reptilia,Squamata,4139.87,2670.07,Least Concern
Police yeah,Actinopterygii,Anura,4429.797,1245.52,Critically Endangered
Such what,Actinopterygii,Rodentia,1029.909,1689.58,Least Concern
Ask hot,Amphibia,Squamata,2212.851,2088.57,Near Threatened
Let rock,Mammalia,Squamata,4911.429,2743.1,Critically Endangered
Shoulder force,Reptilia,Anura,1679.824,847.67,Near Threatened
Manage Republican,Reptilia,Anura,3426.159,2887.5,Extinct in the Wild
Better perform,Amphibia,Carnivora,25.399,2732.98,Endangered
Method down,Aves,Anura,1758.611,2798.33,Extinct in the Wild
Hold plan,Aves,Rodentia,4981.047,282.5,Endangered
Strategy impact,Amphibia,Primates,2982.127,2853.25,Near Threatened
Myself entire,Aves,Carnivora,1317.851,1012.75,Vulnerable
Technology analysis,Reptilia,Passeriformes,1793.46,48.12,Vulnerable
Base success,Reptilia,Anura,3503.277,2195.03,Vulnerable
At thank,Mammalia,Carnivora,861.654,1094.71,Near Threatened
See trade,Reptilia,Carnivora,4861.442,936.38,Least Concern
Near benefit,Reptilia,Passeriformes,3462.026,1800.68,Vulnerable
Result religious,Mammalia,Anura,2562.841,1722.69,Extinct in the Wild
Will each,Amphibia,Anura,3257.779,2795.22,Endangered
Than need,Reptilia,Rodentia,4257.013,2941.43,Critically Endangered
Toward wonder,Reptilia,Primates,2942.76,1682.7,Critically Endangered
Ok heart,Amphibia,Passeriformes,599.25,2475.34,Least Concern
Growth suffer,Amphibia,Squamata,4155.915,2990.14,Vulnerable
Tv because,Actinopterygii,Carnivora,2331.385,2830.21,Critically Endangered
Claim red,Reptilia,Squamata,2869.814,1596.88,Least Concern
Return bit,Aves,Passeriformes,3188.509,2502.94,Vulnerable
Anything war,Reptilia,Primates,1951.269,1981.44,Endangered
By design,Reptilia,Rodentia,491.541,1088.15,Near Threatened
Natural exactly,Amphibia,Primates,990.531,360.19,Endangered
Commercial go,Aves,Passeriformes,3701.193,1193.5,Near Threatened
Then beautiful,Aves,Passeriformes,3997.533,1037.56,Vulnerable
Medical resource,Aves,Carnivora,1317.09,2607.72,Endangered
Us else,Reptilia,Passeriformes,4704.23,332.13,Extinct in the Wild
Participant new,Mammalia,Carnivora,2430.382,2381.55,Critically Endangered
Decision year,Aves,Carnivora,2030.35,1901.43,Endangered
Sit rich,Aves,Primates,3229.661,2833.26,Least Concern
Budget knowledge,Actinopterygii,Primates,51.949,2184.19,Least Concern
Team occur,Reptilia,Squamata,524.202,936.68,Critically Endangered
Wonder contain,Actinopterygii,Passeriformes,878.109,2431.04,Critically Endangered
Thing interview,Amphibia,Anura,2911.201,582.29,Near Threatened
Their local,Reptilia,Squamata,1367.703,2998.63,Near Threatened
Management south,Actinopterygii,Primates,4355.55,2058.57,Near Threatened
Mean serious,Reptilia,Rodentia,846.534,828.69,Endangered
Pay single,Mammalia,Primates,3407.46,1580.18,Critically Endangered
With benefit,Mammalia,Primates,2589.252,1943.92,Critically Endangered
Officer across,Reptilia,Rodentia,3740.633,721.66,Vulnerable
Right star,Amphibia,Rodentia,3094.617,2298.04,Least Concern
Note fly,Actinopterygii,Anura,1543.276,1328.28,Extinct in the Wild
Hair training,Aves,Anura,3632.572,1043.99,Endangered
Out husband,Aves,Primates,926.186,270.59,Near Threatened
Thousand no,Actinopterygii,Passeriformes,1837.155,2393.03,Vulnerable
Exist else,Reptilia,Passeriformes,4805.766,2824.06,Vulnerable
Level million,Actinopterygii,Anura,1445.389,574.94,Vulnerable
Enter cause,Amphibia,Carnivora,3559.811,820.62,Vulnerable
American production,Amphibia,Passeriformes,3227.315,2215.81,Vulnerable
Project kitchen,Aves,Passeriformes,2393.269,2460.74,Extinct in the Wild
Room medical,Reptilia,Primates,1478.526,462.96,Critically Endangered
Each well,Reptilia,Carnivora,2664.985,2451.05,Near Threatened
At next,Amphibia,Carnivora,3981.589,2154.07,Endangered
Security much,Reptilia,Anura,4209.561,2160.56,Extinct in the Wild
Base strategy,Reptilia,Rodentia,511.935,751.25,Endangered
Success tonight,Actinopterygii,Passeriformes,3320.545,686.41,Extinct in the Wild
Threat occur,Reptilia,Primates,2759.95,2141.54,Vulnerable
Arm pattern,Amphibia,Primates,3586.483,278.97,Near Threatened
Rich finally,Mammalia,Squamata,4512.598,2196.44,Critically Endangered
Identify right,Actinopterygii,Carnivora,3754.827,2089.26,Vulnerable
Work message,Aves,Primates,2393.003,1051.81,Near Threatened
Some up,Aves,Primates,3480.712,1141.11,Vulnerable
Machine radio,Amphibia,Anura,679.112,1191.19,Critically Endangered
Stop Congress,Aves,Anura,5.531,2881.52,Critically Endangered
Local skill,Amphibia,Anura,4620.254,422.87,Critically Endangered
News this,Aves,Squamata,2875.149,1128.28,Endangered
Education sometimes,Amphibia,Passeriformes,2905.398,2771.37,Near Threatened
Break policy,Amphibia,Carnivora,2987.785,1526.17,Least Concern
Much kind,Amphibia,Primates,464.12,1669.3,Near Threatened
Often economic,Reptilia,Rodentia,2576.201,1444.98,Near Threatened
Mean south,Aves,Passeriformes,283.267,1443.41,Near Threatened
Well wear,Amphibia,Squamata,2014.549,13.92,Extinct in the Wild
Art message,Reptilia,Squamata,886.142,1196.81,Near Threatened
Leader another,Mammalia,Passeriformes,1296.743,2540.61,Endangered
Today check,Actinopterygii,Carnivora,2271.124,2804.39,Least Concern
Three she,Actinopterygii,Carnivora,3905.68,2009.63,Near Threatened
Go special,Actinopterygii,Squamata,3108.487,2019.57,Vulnerable
Money anyone,Reptilia,Anura,3804.413,1750.43,Critically Endangered
Idea house,Mammalia,Primates,3827.806,1421.88,Extinct in the Wild
Growth clearly,Reptilia,Passeriformes,1817.98,2487.34,Extinct in the Wild
Create high,Aves,Carnivora,3977.423,2215.93,Extinct in the Wild
Nor strong,Reptilia,Carnivora,2111.353,1932.4,Extinct in the Wild
Him in,Reptilia,Rodentia,1447.287,2196.83,Extinct in the Wild
Democratic bit,Aves,Anura,3788.815,2294.67,Extinct in the Wild
Unit national,Reptilia,Rodentia,4964.022,585.29,Near Threatened
Feeling it,Reptilia,Carnivora,1477.428,1807.72,Endangered
Material exactly,Aves,Rodentia,2386.402,122.13,Extinct in the Wild
Quickly available,Amphibia,Primates,2078.175,2745.68,Endangered
Wait field,Amphibia,Carnivora,2812.1,394.85,Endangered
Size fear,Actinopterygii,Carnivora,4194.194,2926.19,Critically Endangered
Suffer within,Mammalia,Passeriformes,849.165,592.98,Critically Endangered
Push office,Mammalia,Carnivora,2770.808,916.6,Endangered
Set imagine,Actinopterygii,Squamata,3636.627,8.66,Extinct in the Wild
Wait certain,Mammalia,Squamata,4680.939,2464.65,Extinct in the Wild
Upon begin,Amphibia,Carnivora,2188.784,872.56,Near Threatened
Former item,Aves,Passeriformes,1276.878,946.84,Endangered
Defense air,Amphibia,Rodentia,3146.945,1021.81,Critically Endangered
Entire produce,Reptilia,Rodentia,4154.594,1062.88,Endangered
Toward candidate,Actinopterygii,Squamata,297.211,1875.02,Vulnerable
Reveal speech,Aves,Rodentia,4362.605,928.29,Critically Endangered
Than especially,Amphibia,Passeriformes,4496.403,5.46,Vulnerable
Off popular,Actinopterygii,Passeriformes,1775.586,1446.3,Least Concern
Way occur,Reptilia,Passeriformes,2165.296,1318.78,Critically Endangered
Become or,Actinopterygii,Passeriformes,3786.867,424.96,Endangered
Seat south,Mammalia,Anura,2040.201,2630.52,Least Concern
Card certainly,Amphibia,Primates,2548.693,457.94,Critically Endangered
Home hospital,Aves,Passeriformes,1071.651,721.91,Extinct in the Wild
Start son,Amphibia,Squamata,470.085,2925.7,Endangered
Born culture,Amphibia,Carnivora,3371.029,408.08,Near Threatened
Effect four,Amphibia,Carnivora,2169.658,1042.01,Endangered
On financial,Amphibia,Rodentia,3183.724,1812.41,Critically Endangered
Mouth read,Reptilia,Rodentia,4942.455,1821.33,Extinct in the Wild
Ok voice,Aves,Rodentia,1203.896,358.22,Least Concern
Media inside,Actinopterygii,Squamata,2581.999,2726.1,Least Concern
Him local,Aves,Carnivora,3955.037,1066.95,Least Concern
Hair quite,Amphibia,Squamata,89.073,492.22,Extinct in the Wild
Increase nation,Mammalia,Anura,4669.5,2297.76,Endangered
Our everyone,Reptilia,Passeriformes,2596.913,441.45,Vulnerable
Instead decade,Amphibia,Passeriformes,213.956,1052.86,Vulnerable
Myself piece,Actinopterygii,Primates,125.977,1878.71,Critically Endangered
Tough expert,Amphibia,Passeriformes,894.092,1103.8,Endangered
Expect fact,Aves,Primates,3539.557,89.44,Near Threatened
Trade return,Mammalia,Anura,1124.642,1403.33,Extinct in the Wild
Former store,Mammalia,Rodentia,210.027,2680.62,Critically Endangered
I room,Mammalia,Passeriformes,4461.339,1550.19,Extinct in the Wild
Sense speech,Mammalia,Rodentia,2013.909,2549.77,Endangered
Poor help,Mammalia,Squamata,4512.752,2448.5,Vulnerable
Himself college,Reptilia,Primates,3789.286,1976.1,Extinct in the Wild
Rise our,Reptilia,Carnivora,465.339,1211.19,Extinct in the Wild
Answer explain,Reptilia,Primates,1293.164,94.26,Near Threatened
When blood,Reptilia,Squamata,1743.732,165.24,Endangered
Forward garden,Mammalia,Passeriformes,4156.19,1728.18,Endangered
Beat manager,Aves,Rodentia,2937.793,601.19,Vulnerable
Human without,Actinopterygii,Anura,2509.917,941.64,Least Concern
Before ball,Reptilia,Passeriformes,3201.236,1785.79,Near Threatened
Season our,Reptilia,Primates,257.056,1699.28,Endangered
Concern cover,Aves,Carnivora,3854.785,1950.38,Vulnerable
Individual between,Actinopterygii,Primates,2825.206,2593.24,Endangered
Voice media,Amphibia,Anura,3146.874,38.69,Critically Endangered
Often use,Aves,Primates,4402.585,1209.96,Vulnerable
Within sound,Mammalia,Squamata,2929.57,2075.28,Least Concern
Through attention,Mammalia,Squamata,743.215,506.04,Vulnerable
On imagine,Aves,Passeriformes,102.414,1991.97,Extinct in the Wild
Hotel town,Amphibia,Passeriformes,3553.704,1979.24,Critically Endangered
Build lose,Aves,Passeriformes,2140.924,2062.12,Endangered
Sing myself,Aves,Rodentia,2521.852,754.29,Endangered
Both six,Aves,Passeriformes,1871.285,1931.36,Extinct in the Wild
Purpose group,Mammalia,Primates,3552.03,2697.45,Vulnerable
Approach result,Actinopterygii,Passeriformes,2472.768,225.04,Endangered
Meeting fall,Aves,Anura,4897.262,2206.84,Critically Endangered
Must truth,Mammalia,Anura,2978.834,1464.82,Least Concern
Traditional able,Amphibia,Passeriformes,4919.983,2637.47,Extinct in the Wild
Item worry,Mammalia,Passeriformes,202.402,2794.39,Extinct in the Wild
Participant hope,Aves,Anura,2928.817,2194.15,Near Threatened
Energy wear,Actinopterygii,Anura,327.072,330.69,Vulnerable
Anything modern,Reptilia,Rodentia,4063.471,607.44,Extinct in the Wild
Sound ten,Aves,Primates,3328.969,2414.16,Endangered
Cause director,Aves,Squamata,3626.305,2331.99,Vulnerable
Religious think,Amphibia,Passeriformes,4530.91,2728.49,Vulnerable
Girl yourself,Aves,Passeriformes,3720.0,1320.41,Vulnerable
Pull assume,Actinopterygii,Carnivora,1573.343,2758.14,Extinct in the Wild
Sing security,Aves,Squamata,856.938,1.3,Endangered
Because vote,Aves,Passeriformes,4109.697,2308.08,Endangered
Whole about,Reptilia,Carnivora,3574.752,705.21,Critically Endangered
System southern,Mammalia,Rodentia,2579.229,248.45,Endangered
Name today,Mammalia,Anura,580.873,2567.2,Critically Endangered
Address career,Amphibia,Passeriformes,921.829,2750.83,Critically Endangered
Reach discuss,Aves,Carnivora,3907.171,87.3,Vulnerable
Rock decision,Reptilia,Anura,3142.416,1873.81,Least Concern
Crime top,Amphibia,Rodentia,1212.607,821.32,Endangered
Able level,Mammalia,Carnivora,4484.456,2953.91,Extinct in the Wild
Skin wear,Reptilia,Squamata,3391.258,2091.88,Least Concern
Response summer,Reptilia,Carnivora,2705.967,2049.96,Critically Endangered
Quality with,Actinopterygii,Anura,200.628,2469.01,Extinct in the Wild
Fill black,Reptilia,Squamata,2418.009,310.25,Vulnerable
Plant board,Aves,Carnivora,769.432,1871.43,Extinct in the Wild
Son oil,Mammalia,Passeriformes,4412.824,1819.53,Extinct in the Wild
Use partner,Aves,Carnivora,4356.312,2347.73,Critically Endangered
Magazine himself,Actinopterygii,Rodentia,3318.517,2034.24,Critically Endangered
Time response,Reptilia,Passeriformes,1120.651,624.72,Least Concern
Particularly quite,Actinopterygii,Passeriformes,973.835,2648.17,Endangered
Nation article,Aves,Primates,4652.698,2889.16,Least Concern
To difficult,Amphibia,Rodentia,4787.027,380.04,Vulnerable
Thought create,Reptilia,Carnivora,14.673,982.38,Near Threatened
Development enter,Reptilia,Primates,3834.879,179.08,Critically Endangered
Fact American,Actinopterygii,Primates,1844.735,333.06,Endangered
White agree,Amphibia,Rodentia,2106.719,521.65,Vulnerable
Could dog,Actinopterygii,Carnivora,2252.84,2189.15,Near Threatened
Political commercial,Amphibia,Anura,4704.273,790.03,Critically Endangered
Must church,Aves,Anura,4795.44,2469.78,Endangered
Put price,Amphibia,Passeriformes,3251.653,523.16,Near Threatened
Mrs fire,Actinopterygii,Primates,4179.801,398.64,Endangered
Only gas,Aves,Primates,918.393,554.12,Vulnerable
Job media,Aves,Rodentia,3582.762,687.18,Critically Endangered
Region degree,Mammalia,Primates,1453.292,1385.12,Vulnerable
Section test,Reptilia,Rodentia,3129.239,1148.62,Endangered
Article plant,Amphibia,Passeriformes,1470.846,2286.52,Vulnerable
Law he,Aves,Primates,1109.654,1320.71,Critically Endangered
Garden office,Reptilia,Passeriformes,3692.87,450.72,Critically Endangered
Section soldier,Actinopterygii,Primates,1891.212,2303.65,Near Threatened
To site,Aves,Rodentia,2595.739,1514.23,Critically Endangered
American particular,Reptilia,Squamata,3246.96,2065.03,Extinct in the Wild
Which institution,Reptilia,Rodentia,4286.896,2095.15,Least Concern
Voice unit,Amphibia,Anura,1486.091,31.0,Extinct in the Wild
Order commercial,Aves,Passeriformes,3397.563,1163.84,Critically Endangered
Trial bit,Mammalia,Carnivora,31.293,2228.96,Vulnerable
Thing vote,Reptilia,Passeriformes,2558.5,1605.77,Endangered
Wide some,Mammalia,Squamata,3660.629,2974.4,Near Threatened
Town business,Mammalia,Passeriformes,4211.533,89.11,Endangered
Health into,Aves,Carnivora,3966.222,2628.32,Near Threatened
Huge guy,Reptilia,Anura,3727.372,386.74,Least Concern
Public stop,Reptilia,Squamata,2989.899,2171.0,Vulnerable
Himself reflect,Amphibia,Rodentia,337.58,851.42,Extinct in the Wild
Simply religious,Amphibia,Primates,2438.5,2890.68,Extinct in the Wild
Actually receive,Aves,Primates,3124.169,468.4,Extinct in the Wild
Old agent,Amphibia,Carnivora,2139.523,1427.45,Vulnerable
No person,Actinopterygii,Carnivora,1404.593,2693.41,Endangered
Involve billion,Mammalia,Carnivora,1726.509,2159.37,Least Concern
Ground practice,Mammalia,Primates,3639.292,1210.55,Vulnerable
Hair paper,Actinopterygii,Squamata,552.283,1424.41,Critically Endangered
Key interesting,Aves,Rodentia,4408.031,1690.49,Critically Endangered
Carry foot,Aves,Squamata,754.549,2486.09,Near Threatened
Main season,Reptilia,Passeriformes,4908.203,2024.19,Critically Endangered
Even them,Aves,Anura,2445.712,1633.82,Near Threatened
Show court,Aves,Squamata,2063.228,1980.39,Least Concern
Institution structure,Amphibia,Rodentia,3296.104,2382.01,Vulnerable
Create college,Mammalia,Rodentia,642.769,675.74,Endangered
Remain whom,Actinopterygii,Squamata,989.071,1545.08,Vulnerable
Why garden,Actinopterygii,Squamata,270.294,431.14,Extinct in the Wild
Truth result,Reptilia,Primates,3486.702,50.44,Endangered
Within investment,Reptilia,Carnivora,2254.107,123.78,Vulnerable
Election much,Reptilia,Squamata,3783.462,619.35,Extinct in the Wild
Plant boy,Actinopterygii,Primates,3331.576,863.9,Vulnerable
Draw discuss,Amphibia,Primates,1625.071,2841.17,Vulnerable
Herself behavior,Mammalia,Rodentia,1795.376,2210.6,Vulnerable
Agreement country,Aves,Primates,1836.606,524.95,Endangered
Assume successful,Mammalia,Primates,3580.782,2089.75,Critically Endangered
Detail church,Mammalia,Primates,4158.277,1753.11,Vulnerable
Nice agree,Reptilia,Anura,100.25,1092.4,Endangered
Call end,Amphibia,Passeriformes,964.786,2418.64,Critically Endangered
Approach with,Mammalia,Rodentia,2141.339,934.49,Critically Endangered
Player another,Reptilia,Rodentia,156.386,86.89,Vulnerable
Through return,Actinopterygii,Carnivora,3129.823,734.15,Endangered
Respond dream,Aves,Anura,1622.491,894.87,Least Concern
Deal these,Amphibia,Passeriformes,891.131,145.97,Near Threatened
Maybe candidate,Reptilia,Carnivora,1589.757,2047.79,Vulnerable
Around its,Mammalia,Passeriformes,3820.205,434.29,Extinct in the Wild
Development lay,Mammalia,Passeriformes,2576.025,857.4,Least Concern
Player however,Actinopterygii,Squamata,2957.811,427.37,Near Threatened
Certainly start,Reptilia,Squamata,3974.858,142.33,Critically Endangered
Blood form,Actinopterygii,Anura,3795.458,2711.11,Extinct in the Wild
Building thus,Aves,Anura,4298.354,1345.34,Near Threatened
Brother that,Actinopterygii,Rodentia,2208.971,1440.63,Vulnerable
Put production,Aves,Carnivora,2678.158,1478.79,Extinct in the Wild
Tree natural,Amphibia,Squamata,2585.838,196.2,Extinct in the Wild
Where doctor,Aves,Primates,2049.534,2551.43,Endangered
I thus,Mammalia,Primates,2806.78,1117.85,Least Concern
Young decade,Amphibia,Carnivora,2506.328,1866.95,Critically Endangered
Later question,Reptilia,Carnivora,2929.298,2245.68,Extinct in the Wild
Law look,Aves,Primates,614.262,1704.08,Near Threatened
Business guess,Amphibia,Carnivora,4850.409,2198.56,Endangered
Thing PM,Aves,Passeriformes,59.642,2693.36,Least Concern
Me series,Actinopterygii,Rodentia,1120.744,396.32,Endangered
Detail them,Amphibia,Rodentia,651.254,2388.72,Least Concern
Tell paper,Reptilia,Passeriformes,2230.967,2942.5,Endangered
So six,Reptilia,Anura,4726.148,1633.21,Endangered
Wonder however,Mammalia,Carnivora,4892.815,1028.18,Critically Endangered
Experience current,Actinopterygii,Carnivora,2863.589,2975.02,Endangered
Surface international,Reptilia,Passeriformes,4370.172,2560.72,Critically Endangered
Reach yes,Reptilia,Anura,713.351,2442.23,Extinct in the Wild
Series piece,Amphibia,Passeriformes,690.935,2376.77,Extinct in the Wild
Information fast,Mammalia,Carnivora,2539.506,1793.3,Least Concern
Laugh once,Aves,Passeriformes,3515.725,1607.82,Critically Endangered
Grow building,Actinopterygii,Carnivora,2651.098,458.19,Vulnerable
Deep any,Mammalia,Anura,136.471,2311.87,Vulnerable
Arrive event,Actinopterygii,Passeriformes,3504.785,1128.1,Vulnerable
Bar check,Actinopterygii,Carnivora,763.663,1547.83,Critically Endangered
Whom power,Mammalia,Squamata,3575.644,884.64,Endangered
Learn well,Reptilia,Rodentia,4816.379,2109.49,Vulnerable
Economy institution,Actinopterygii,Primates,2746.437,2823.62,Near Threatened
Field apply,Aves,Anura,2820.204,1137.33,Endangered
Yourself report,Aves,Anura,970.736,2206.84,Near Threatened
For cost,Reptilia,Squamata,794.543,2882.32,Vulnerable
Rest sister,Amphibia,Anura,1217.561,1824.52,Extinct in the Wild
Note without,Actinopterygii,Squamata,504.403,2951.12,Extinct in the Wild
Military chance,Reptilia,Rodentia,2148.637,2311.25,Near Threatened
Wrong meeting,Actinopterygii,Carnivora,3676.318,1687.65,Extinct in the Wild
Too spend,Reptilia,Squamata,49.032,2141.54,Near Threatened
Trial inside,Amphibia,Anura,228.327,2316.55,Critically Endangered
Style woman,Reptilia,Squamata,2590.301,481.13,Least Concern
Less in,Mammalia,Squamata,894.585,1608.83,Near Threatened
Hundred walk,Amphibia,Passeriformes,3515.959,1245.66,Critically Endangered
Security rest,Actinopterygii,Carnivora,4142.61,1795.74,Endangered
Test tree,Aves,Squamata,2477.76,1904.39,Endangered
Think his,Actinopterygii,Squamata,1705.432,1579.6,Vulnerable
Town trial,Actinopterygii,Rodentia,4758.106,1386.43,Endangered
Sit one,Amphibia,Carnivora,3699.344,954.57,Least Concern
Fund type,Aves,Primates,960.937,1544.69,Critically Endangered
Compare office,Amphibia,Primates,645.04,2730.08,Endangered
To spring,Actinopterygii,Rodentia,719.327,2219.95,Vulnerable
Need focus,Aves,Squamata,2420.299,1692.61,Vulnerable
House recently,Reptilia,Carnivora,2976.453,259.73,Extinct in the Wild
Today knowledge,Actinopterygii,Anura,383.001,1629.78,Critically Endangered
Season understand,Mammalia,Rodentia,1967.752,2174.88,Extinct in the Wild
Catch nothing,Aves,Anura,4181.884,2792.03,Near Threatened
Able few,Actinopterygii,Rodentia,3237.644,1222.6,Endangered
Might his,Actinopterygii,Anura,3236.854,2172.21,Extinct in the Wild
Letter society,Actinopterygii,Rodentia,2302.223,2370.03,Least Concern
Likely mention,Reptilia,Squamata,4806.332,871.41,Vulnerable
Much pay,Reptilia,Rodentia,4345.46,2905.5,Vulnerable
Large get,Amphibia,Passeriformes,1001.33,2042.19,Endangered
Oil understand,Amphibia,Passeriformes,1024.437,2441.95,Least Concern
Discussion financial,Actinopterygii,Primates,3905.572,1405.73,Least Concern
Fear certain,Actinopterygii,Anura,3797.154,513.49,Least Concern
Mind although,Reptilia,Anura,2064.956,2207.23,Extinct in the Wild
Future stage,Amphibia,Passeriformes,1874.437,1986.62,Vulnerable
Center growth,Amphibia,Anura,3162.458,1753.72,Least Concern
Prove position,Amphibia,Rodentia,2608.05,2787.14,Vulnerable
Water respond,Mammalia,Passeriformes,4288.941,1194.64,Near Threatened
Wear score,Aves,Anura,1235.403,2417.0,Least Concern
Different ahead,Amphibia,Anura,3184.165,2613.21,Least Concern
Mrs pretty,Mammalia,Primates,725.886,2535.93,Endangered
Better fill,Reptilia,Passeriformes,2560.234,1616.75,Least Concern
Might front,Amphibia,Primates,1622.43,1134.94,Extinct in the Wild
Security appear,Reptilia,Anura,4678.143,2190.18,Extinct in the Wild
Something fight,Reptilia,Rodentia,1195.965,2377.14,Extinct in the Wild
Prove machine,Amphibia,Passeriformes,1869.85,1447.69,Near Threatened
Support past,Amphibia,Primates,2983.231,1800.71,Endangered
Threat mother,Aves,Rodentia,1474.7,2942.21,Critically Endangered
Change compare,Actinopterygii,Primates,1522.508,837.67,Least Concern
Enough himself,Aves,Primates,1853.637,2014.08,Extinct in the Wild
Understand environmental,Mammalia,Squamata,3588.863,544.71,Vulnerable
Experience value,Actinopterygii,Carnivora,2142.196,1578.97,Endangered
North growth,Actinopterygii,Squamata,2041.445,2586.56,Least Concern
It certainly,Mammalia,Anura,4771.857,2978.4,Endangered
Attorney trip,Reptilia,Primates,1319.011,2329.14,Extinct in the Wild
Physical tree,Reptilia,Squamata,1126.684,2742.41,Near Threatened
Finish claim,Reptilia,Anura,3156.704,646.08,Endangered
Character poor,Reptilia,Squamata,1699.461,1446.32,Extinct in the Wild
Represent occur,Mammalia,Anura,2477.426,1227.09,Extinct in the Wild
Either record,Mammalia,Primates,4423.084,1810.53,Least Concern
Keep former,Actinopterygii,Squamata,849.849,2571.6,Vulnerable
Style quality,Aves,Primates,3281.668,1294.43,Endangered
Short service,Mammalia,Passeriformes,3326.596,1777.82,Vulnerable
Pattern leader,Amphibia,Passeriformes,3761.789,1859.65,Critically Endangered
Information artist,Reptilia,Anura,4775.547,1996.15,Critically Endangered
Eat hot,Amphibia,Rodentia,3151.213,2774.24,Endangered
Billion yard,Aves,Primates,3805.639,2242.39,Extinct in the Wild
Skill yes,Actinopterygii,Primates,4010.336,1869.28,Extinct in the Wild
Picture end,Mammalia,Squamata,188.635,2218.65,Near Threatened
Listen media,Aves,Carnivora,2833.513,333.65,Endangered
Public responsibility,Aves,Carnivora,3363.293,2547.17,Vulnerable
Mother style,Aves,Rodentia,3729.428,135.94,Near Threatened
Charge mean,Amphibia,Squamata,4511.93,2763.02,Vulnerable
Hand find,Amphibia,Squamata,3338.142,2785.8,Vulnerable
Sit without,Actinopterygii,Passeriformes,240.497,2970.68,Endangered
Individual today,Actinopterygii,Squamata,2111.195,406.0,Least Concern
Door cost,Reptilia,Primates,2822.788,1137.37,Near Threatened
Serve serious,Aves,Primates,2362.352,90.07,Near Threatened
Side project,Amphibia,Passeriformes,1104.862,2534.46,Endangered
Page forget,Actinopterygii,Anura,4583.949,2786.89,Endangered
Threat rule,Actinopterygii,Anura,1648.716,54.55,Least Concern
Speech behind,Amphibia,Squamata,4066.833,2161.13,Least Concern
Structure campaign,Mammalia,Passeriformes,1225.688,1142.18,Near Threatened
Teach low,Mammalia,Passeriformes,1578.025,732.61,Vulnerable
Option father,Actinopterygii,Anura,3689.453,275.12,Least Concern
Only seek,Actinopterygii,Squamata,1668.193,2654.95,Endangered
Experience range,Reptilia,Squamata,2150.97,2856.7,Vulnerable
Leg factor,Reptilia,Primates,225.236,1862.19,Near Threatened
Write turn,Mammalia,Primates,1852.861,81.43,Near Threatened
Tend eye,Reptilia,Rodentia,1287.233,2495.56,Extinct in the Wild
Six inside,Aves,Rodentia,1739.865,719.59,Critically Endangered
Dinner exactly,Mammalia,Anura,1406.05,126.69,Endangered
Source almost,Aves,Squamata,1743.177,440.13,Least Concern
Cover nearly,Aves,Carnivora,1568.868,732.59,Endangered
Eat upon,Amphibia,Squamata,1896.886,543.24,Least Concern
Product skin,Mammalia,Squamata,1833.256,1835.14,Least Concern
Everybody bar,Reptilia,Carnivora,1526.412,2589.53,Vulnerable
Dinner today,Reptilia,Squamata,4406.861,2386.65,Endangered
Role soldier,Aves,Squamata,3115.136,1135.92,Vulnerable
We ok,Actinopterygii,Carnivora,330.411,805.31,Extinct in the Wild
Mention eight,Amphibia,Primates,4208.145,2659.05,Endangered
Expect work,Actinopterygii,Rodentia,3145.317,2241.26,Least Concern
General save,Amphibia,Passeriformes,2210.204,1569.86,Near Threatened
Debate it,Mammalia,Anura,4133.675,257.25,Critically Endangered
Gas simply,Mammalia,Squamata,4441.316,2751.59,Endangered
Wrong particular,Mammalia,Carnivora,2942.578,2610.61,Near Threatened
Plant yet,Mammalia,Anura,3642.256,2353.4,Least Concern
Where language,Aves,Squamata,2600.052,1395.24,Endangered
Be country,Actinopterygii,Carnivora,3712.708,2996.24,Vulnerable
Board become,Aves,Carnivora,4706.312,1903.87,Near Threatened
Mission provide,Actinopterygii,Squamata,606.196,222.9,Critically Endangered
Shake far,Actinopterygii,Primates,1756.701,2568.32,Extinct in the Wild
Director where,Amphibia,Carnivora,2495.746,2096.16,Critically Endangered
Sign trade,Mammalia,Rodentia,282.794,2378.8,Near Threatened
Wait sea,Reptilia,Passeriformes,3878.931,888.89,Near Threatened
Read police,Reptilia,Passeriformes,4612.149,2144.35,Vulnerable
Budget bad,Reptilia,Carnivora,499.222,2197.69,Extinct in the Wild
Effect major,Reptilia,Rodentia,4694.781,1937.13,Least Concern
Why somebody,Reptilia,Primates,1616.14,1448.02,Endangered
Charge raise,Amphibia,Carnivora,524.624,661.11,Extinct in the Wild
Herself discover,Aves,Primates,2215.981,1767.52,Extinct in the Wild
Speech dinner,Amphibia,Rodentia,1244.234,2129.47,Least Concern
See wrong,Amphibia,Primates,4902.155,754.32,Vulnerable
Hold perhaps,Actinopterygii,Squamata,2764.663,2096.77,Vulnerable
Affect key,Aves,Primates,3386.333,163.05,Extinct in the Wild
Hit discuss,Aves,Squamata,2055.132,2925.35,Vulnerable
Institution fire,Amphibia,Rodentia,3985.347,1056.45,Endangered
Window land,Mammalia,Squamata,4393.697,432.64,Least Concern
Agency if,Amphibia,Primates,3274.0,124.19,Extinct in the Wild
Company need,Reptilia,Rodentia,280.815,2635.54,Near Threatened
Forward third,Aves,Anura,2980.733,1829.78,Least Concern
Cut dog,Aves,Squamata,4788.776,2941.37,Least Concern
Human model,Reptilia,Primates,1928.082,332.51,Critically Endangered
Prepare put,Amphibia,Anura,1576.363,1072.78,Extinct in the Wild
Spend yard,Amphibia,Primates,2156.327,1414.96,Near Threatened
Room daughter,Mammalia,Rodentia,2335.174,928.2,Endangered
Without design,Reptilia,Primates,717.884,1060.24,Critically Endangered
Guy cup,Reptilia,Passeriformes,4359.41,2373.82,Extinct in the Wild
Clearly to,Reptilia,Rodentia,44.35,1925.1,Near Threatened
Large western,Aves,Primates,2950.706,2703.52,Critically Endangered
East eat,Amphibia,Carnivora,240.363,1826.35,Extinct in the Wild
Act recent,Aves,Carnivora,4541.25,888.14,Near Threatened
See continue,Reptilia,Rodentia,2223.444,1810.92,Endangered
On color,Actinopterygii,Passeriformes,2253.301,2367.5,Extinct in the Wild
Imagine gun,Actinopterygii,Squamata,4945.621,530.26,Critically Endangered
Role deep,Mammalia,Anura,2608.223,707.67,Critically Endangered
Kitchen live,Actinopterygii,Squamata,322.829,1424.91,Least Concern
Method health,Actinopterygii,Squamata,4199.063,1143.8,Endangered
It to,Amphibia,Rodentia,261.013,2538.68,Extinct in the Wild
Hair great,Actinopterygii,Squamata,404.149,1772.05,Extinct in the Wild
Station street,Amphibia,Anura,3670.044,1886.04,Vulnerable
Professor cultural,Actinopterygii,Carnivora,3397.282,2815.71,Near Threatened
Can next,Mammalia,Carnivora,1236.168,1625.57,Near Threatened
Daughter young,Amphibia,Anura,598.949,1013.95,Least Concern
Morning special,Actinopterygii,Squamata,2678.144,1135.28,Endangered
Minute require,Mammalia,Carnivora,3286.879,154.24,Endangered
Note sister,Actinopterygii,Primates,2255.726,862.42,Extinct in the Wild
Owner will,Mammalia,Anura,3177.312,1512.12,Near Threatened
Wife perhaps,Mammalia,Primates,1995.675,2658.86,Near Threatened
Daughter set,Amphibia,Passeriformes,3680.749,2117.0,Endangered
Right see,Reptilia,Rodentia,4978.626,2450.17,Extinct in the Wild
None start,Aves,Squamata,1940.404,1734.88,Extinct in the Wild
Business benefit,Reptilia,Squamata,1872.11,2673.16,Near Threatened
Right per,Aves,Rodentia,3715.998,2883.81,Vulnerable
Everyone relationship,Actinopterygii,Primates,60.201,2201.46,Least Concern
Soldier training,Aves,Carnivora,1440.048,1220.2,Near Threatened
Although law,Amphibia,Passeriformes,426.066,969.34,Vulnerable
Back police,Reptilia,Anura,643.315,2824.66,Endangered
Trouble many,Aves,Primates,609.865,988.03,Endangered
Loss draw,Reptilia,Squamata,1162.48,592.93,Near Threatened
Tend reason,Reptilia,Carnivora,4830.34,1997.32,Vulnerable
Couple choice,Actinopterygii,Passeriformes,3192.818,2342.14,Vulnerable
Language interview,Actinopterygii,Anura,2310.094,684.4,Critically Endangered
Mrs my,Aves,Squamata,4687.832,335.88,Near Threatened
You program,Mammalia,Primates,4604.355,1058.41,Least Concern
Then adult,Aves,Squamata,4397.376,2086.28,Near Threatened
Between item,Actinopterygii,Carnivora,482.11,2149.23,Endangered
Theory mouth,Amphibia,Passeriformes,738.635,563.16,Near Threatened
War water,Amphibia,Anura,973.345,690.62,Vulnerable
Bring suffer,Actinopterygii,Rodentia,1932.168,2318.9,Extinct in the Wild
Include Congress,Aves,Primates,2885.532,528.11,Vulnerable
Our miss,Mammalia,Passeriformes,2281.567,1187.71,Endangered
Anything yet,Mammalia,Carnivora,2500.946,1532.09,Endangered
Or forget,Reptilia,Passeriformes,2759.9,2944.83,Near Threatened
Agency south,Actinopterygii,Primates,1503.192,2303.49,Least Concern
Only professional,Actinopterygii,Passeriformes,3051.107,769.39,Critically Endangered
Magazine where,Actinopterygii,Squamata,1149.637,1689.8,Near Threatened
Place any,Actinopterygii,Primates,3537.773,1868.0,Extinct in the Wild
Parent record,Actinopterygii,Squamata,2318.557,727.17,Critically Endangered
Old occur,Actinopterygii,Rodentia,2428.28,2563.95,Extinct in the Wild
Interesting me,Aves,Squamata,3388.452,2814.47,Vulnerable
Through money,Aves,Primates,3010.987,2839.06,Least Concern
Finally capital,Amphibia,Carnivora,2032.122,541.26,Endangered
Big actually,Actinopterygii,Anura,2253.846,26.25,Least Concern
Care sign,Amphibia,Squamata,498.347,1503.84,Vulnerable
Great including,Reptilia,Primates,3813.986,2278.4,Critically Endangered
Door plant,Aves,Carnivora,4782.251,2674.84,Least Concern
Blood full,Aves,Primates,3009.988,480.05,Near Threatened
Drop address,Reptilia,Primates,2579.9,2700.06,Least Concern
Off there,Amphibia,Primates,3934.762,1042.2,Near Threatened
Pick you,Actinopterygii,Primates,1385.726,1635.69,Near Threatened
Future likely,Aves,Passeriformes,1106.76,2657.91,Critically Endangered
Whether off,Reptilia,Primates,411.537,803.79,Least Concern
Argue may,Aves,Carnivora,4348.625,2216.16,Vulnerable
Big value,Aves,Passeriformes,3787.844,1128.79,Endangered
Personal discuss,Reptilia,Squamata,4147.079,878.41,Vulnerable
Ground owner,Amphibia,Passeriformes,4671.592,1035.9,Endangered
Perform stay,Aves,Primates,4047.431,847.56,Endangered
Wind quickly,Reptilia,Rodentia,4291.382,175.32,Least Concern
Late most,Aves,Primates,4687.17,397.29,Endangered
Decade open,Reptilia,Squamata,2151.636,1189.87,Vulnerable
Bank administration,Reptilia,Carnivora,362.404,1095.91,Near Threatened
Somebody better,Reptilia,Rodentia,4354.596,1830.06,Near Threatened
Catch stage,Mammalia,Primates,4149.602,397.76,Vulnerable
Group standard,Reptilia,Passeriformes,4182.905,943.81,Extinct in the Wild
Break direction,Mammalia,Squamata,3808.204,911.4,Critically Endangered
Seem practice,Reptilia,Anura,2006.773,1036.62,Endangered
New administration,Aves,Anura,4405.046,864.08,Endangered
Interest light,Amphibia,Carnivora,2787.453,1892.79,Critically Endangered
Show quite,Aves,Primates,3935.626,940.2,Endangered
Brother kid,Actinopterygii,Passeriformes,3625.464,1063.01,Extinct in the Wild
Huge him,Reptilia,Rodentia,2430.756,2102.74,Critically Endangered
Mouth middle,Aves,Squamata,4749.703,1068.72,Near Threatened
Open several,Mammalia,Passeriformes,2081.512,2190.82,Endangered
Risk administration,Actinopterygii,Passeriformes,2933.631,623.31,Vulnerable
Seem seat,Aves,Primates,2403.372,49.38,Endangered
Attack case,Actinopterygii,Carnivora,4236.644,769.09,Endangered
Finally series,Aves,Carnivora,4481.033,306.04,Near Threatened
Few anything,Actinopterygii,Carnivora,3120.51,920.41,Critically Endangered
Success different,Actinopterygii,Passeriformes,2943.648,10.01,Critically Endangered
Early prevent,Actinopterygii,Rodentia,2889.328,360.76,Least Concern
Tree account,Amphibia,Passeriformes,2607.124,1527.1,Endangered
Mission edge,Mammalia,Passeriformes,3672.095,1631.18,Critically Endangered
Current certain,Reptilia,Squamata,1409.114,2311.9,Endangered
Real increase,Amphibia,Anura,2027.902,1873.58,Vulnerable
Explain experience,Reptilia,Primates,212.061,71.87,Critically Endangered
Reduce current,Aves,Squamata,1497.473,2891.28,Extinct in the Wild
Them plant,Amphibia,Primates,3554.299,890.36,Endangered
Attention without,Amphibia,Squamata,1020.142,1220.87,Critically Endangered
Stuff ability,Actinopterygii,Rodentia,2789.873,1459.72,Critically Endangered
Never beautiful,Amphibia,Carnivora,285.905,2654.42,Extinct in the Wild
Letter more,Aves,Primates,2118.99,127.05,Extinct in the Wild
Culture board,Mammalia,Squamata,1468.694,2425.24,Endangered
Employee eye,Amphibia,Carnivora,1862.402,614.9,Critically Endangered
Management perhaps,Mammalia,Rodentia,1594.085,1851.28,Critically Endangered
Realize local,Reptilia,Squamata,3954.587,1944.49,Near Threatened
Would way,Reptilia,Carnivora,1173.179,2178.49,Critically Endangered
Away true,Mammalia,Rodentia,3326.514,1557.12,Near Threatened
Recognize third,Mammalia,Squamata,4435.423,2924.07,Near Threatened
Machine add,Amphibia,Rodentia,4708.083,2229.27,Near Threatened
Factor as,Actinopterygii,Rodentia,69.923,2180.48,Near Threatened
Establish skill,Aves,Carnivora,735.175,1696.86,Extinct in the Wild
Song continue,Aves,Carnivora,1719.796,253.84,Near Threatened
Read end,Actinopterygii,Rodentia,4083.616,1589.94,Critically Endangered
From year,Reptilia,Anura,2787.757,184.22,Least Concern
Chair experience,Aves,Anura,3953.059,1423.92,Vulnerable
Fear up,Actinopterygii,Anura,1154.269,1668.63,Least Concern
Worry shoulder,Mammalia,Anura,2118.203,1431.9,Least Concern
Seven box,Amphibia,Squamata,2911.356,2082.33,Critically Endangered
Agreement stage,Amphibia,Passeriformes,3871.371,1505.98,Extinct in the Wild
Course way,Actinopterygii,Anura,3131.689,1925.26,Endangered
Agreement success,Actinopterygii,Squamata,4704.68,71.05,Endangered
Method family,Mammalia,Anura,1569.664,1476.77,Endangered
Few next,Actinopterygii,Rodentia,3852.238,1443.63,Extinct in the Wild
Yard professor,Actinopterygii,Rodentia,2168.135,2671.46,Vulnerable
Note policy,Reptilia,Rodentia,3084.759,2373.61,Vulnerable
Simple all,Reptilia,Squamata,2587.196,2045.17,Critically Endangered
Project series,Amphibia,Primates,1085.668,867.92,Near Threatened
Beautiful these,Reptilia,Carnivora,118.875,1282.68,Least Concern
Happen sound,Mammalia,Squamata,3645.043,2089.83,Vulnerable
Under main,Actinopterygii,Passeriformes,1185.519,1915.38,Endangered
Be who,Aves,Anura,1271.708,2337.37,Critically Endangered
By mother,Mammalia,Passeriformes,4079.066,2571.73,Critically Endangered
Dinner save,Actinopterygii,Squamata,2284.988,1819.99,Critically Endangered
Collection particular,Reptilia,Anura,2405.848,2424.1,Critically Endangered
Station appear,Mammalia,Rodentia,421.354,1311.29,Vulnerable
Environment hair,Actinopterygii,Primates,3853.354,1203.96,Near Threatened
Write tonight,Mammalia,Passeriformes,3165.876,1846.5,Endangered
Former your,Actinopterygii,Rodentia,4355.579,1302.3,Endangered
Food would,Mammalia,Rodentia,125.516,1614.72,Critically Endangered
Road hour,Reptilia,Rodentia,1547.907,2114.81,Least Concern
Color produce,Amphibia,Primates,2247.429,645.86,Near Threatened
Give agency,Mammalia,Rodentia,922.205,656.44,Least Concern
Response two,Actinopterygii,Passeriformes,3459.388,1567.19,Critically Endangered
Than reason,Actinopterygii,Primates,3873.31,975.13,Least Concern
I wrong,Mammalia,Passeriformes,4349.985,54.23,Vulnerable
Institution then,Reptilia,Primates,78.486,1824.15,Critically Endangered
Development suggest,Actinopterygii,Passeriformes,552.13,393.47,Endangered
Coach party,Mammalia,Primates,1371.004,2926.44,Endangered
Pattern learn,Mammalia,Carnivora,1935.672,2647.31,Critically Endangered
System ability,Reptilia,Anura,2512.3,800.73,Endangered
Expert attention,Reptilia,Primates,195.194,836.66,Extinct in the Wild
Collection bag,Aves,Squamata,702.147,2705.03,Near Threatened
Beyond her,Aves,Anura,1202.664,636.24,Critically Endangered
Idea interview,Actinopterygii,Rodentia,4323.285,2541.13,Critically Endangered
Trip tree,Amphibia,Primates,3410.296,991.2,Least Concern
Do down,Reptilia,Passeriformes,4154.175,2839.36,Critically Endangered
Hundred red,Actinopterygii,Carnivora,4396.161,998.11,Critically Endangered
Claim hear,Reptilia,Passeriformes,3177.354,1029.34,Least Concern
Nice night,Amphibia,Squamata,826.592,988.45,Near Threatened
Your focus,Amphibia,Anura,4891.785,1934.72,Critically Endangered
Produce his,Actinopterygii,Squamata,146.417,2274.14,Least Concern
Think believe,Mammalia,Carnivora,3190.323,1050.43,Near Threatened
Sell daughter,Mammalia,Squamata,4565.683,512.64,Least Concern
Edge amount,Mammalia,Rodentia,4648.391,1139.77,Vulnerable
Grow watch,Reptilia,Carnivora,2137.743,121.33,Extinct in the Wild
Government live,Amphibia,Passeriformes,1856.345,2876.01,Vulnerable
Participant different,Mammalia,Squamata,2973.856,1891.71,Extinct in the Wild
System throughout,Mammalia,Primates,3525.583,2624.13,Vulnerable
Ball against,Aves,Squamata,1075.718,2239.2,Near Threatened
Side voice,Amphibia,Carnivora,535.303,1376.3,Vulnerable
Play news,Aves,Rodentia,4955.071,2616.46,Least Concern
Finish become,Reptilia,Carnivora,3273.79,272.62,Extinct in the Wild
Trip free,Aves,Rodentia,4254.714,752.76,Least Concern
Head I,Amphibia,Squamata,2575.446,33.96,Least Concern
Rise able,Aves,Primates,3364.573,214.59,Endangered
National everything,Amphibia,Primates,1475.477,1261.48,Extinct in the Wild
Security single,Reptilia,Carnivora,4771.73,2533.39,Vulnerable
Drug along,Amphibia,Primates,4663.998,1991.23,Vulnerable
Animal there,Mammalia,Carnivora,356.49,1995.18,Critically Endangered
View police,Amphibia,Squamata,2208.952,1972.94,Extinct in the Wild
Chair international,Amphibia,Squamata,2025.933,115.95,Endangered
Hope usually,Reptilia,Rodentia,506.335,92.69,Near Threatened
Fast treat,Reptilia,Anura,1742.516,2670.44,Near Threatened
Fight hot,Amphibia,Anura,1903.321,2785.85,Endangered
Sense tonight,Actinopterygii,Primates,910.081,1544.23,Extinct in the Wild
Forget party,Aves,Anura,491.614,771.98,Extinct in the Wild
While kind,Reptilia,Carnivora,4520.969,913.81,Vulnerable
Which build,Amphibia,Primates,127.025,1551.06,Extinct in the Wild
Argue fund,Mammalia,Rodentia,3090.225,91.37,Least Concern
Recognize believe,Actinopterygii,Carnivora,456.46,1886.75,Least Concern
Middle treat,Mammalia,Carnivora,1603.379,1967.94,Endangered
Too me,Amphibia,Primates,4521.725,2883.98,Least Concern
Pass leg,Mammalia,Anura,139.586,2227.44,Critically Endangered
Item suggest,Reptilia,Passeriformes,4264.202,1676.45,Critically Endangered
Sister personal,Aves,Anura,4611.296,1659.36,Near Threatened
Few have,Aves,Rodentia,4698.189,114.27,Extinct in the Wild
Keep choose,Amphibia,Squamata,2435.024,783.73,Endangered
Yes find,Actinopterygii,Carnivora,2184.222,1458.07,Vulnerable
Church public,Reptilia,Rodentia,2931.698,2408.16,Vulnerable
Central property,Mammalia,Rodentia,1406.785,570.53,Endangered
Letter especially,Aves,Passeriformes,3286.931,1924.09,Extinct in the Wild
Way member,Aves,Primates,616.197,2452.41,Near Threatened
Again occur,Reptilia,Primates,19.656,1417.86,Vulnerable
Management like,Aves,Primates,339.606,1094.62,Endangered
Hot sit,Actinopterygii,Anura,4769.85,1807.97,Near Threatened
Camera sit,Aves,Anura,2324.467,1898.15,Vulnerable
Skin force,Actinopterygii,Passeriformes,3047.977,537.15,Extinct in the Wild
General who,Aves,Rodentia,390.603,1517.67,Least Concern
Stage unit,Amphibia,Rodentia,2615.682,290.16,Critically Endangered
Face rather,Actinopterygii,Anura,1994.01,1286.23,Vulnerable
Modern feel,Mammalia,Rodentia,3120.088,462.91,Extinct in the Wild
True reality,Amphibia,Anura,4432.909,2354.26,Vulnerable
Few make,Mammalia,Carnivora,3634.935,910.52,Near Threatened
Coach good,Reptilia,Squamata,2664.9,1059.63,Extinct in the Wild
Knowledge language,Aves,Rodentia,2128.153,2224.1,Extinct in the Wild
Foreign authority,Amphibia,Squamata,388.276,1145.27,Near Threatened
Owner adult,Amphibia,Passeriformes,3076.472,2329.39,Vulnerable
