species,class,order,weight_kg,length_cm,conservation_status
Technology himself,Mammalia,Rodentia,1711.449,2580.57,Vulnerable
Almost must,Reptilia,Primates,1679.075,2660.78,Near Threatened
Also wind,Reptilia,Rodentia,582.839,1071.03,Critically Endangered
Mouth subject,Aves,Squamata,4731.436,2627.57,Near Threatened
Employee old,Amphibia,Anura,625.19,2879.88,Vulnerable
Certainly our,Reptilia,Primates,1504.462,38.92,Extinct in the Wild
Way reality,Aves,Passeriformes,3763.33,2545.77,Near Threatened
Cultural establish,Reptilia,Rodentia,1667.729,1609.12,Endangered
Begin material,Aves,Anura,834.188,730.13,Least Concern
Size occur,Aves,Rodentia,2854.989,668.9,Least Concern
Month throw,Mammalia,Rodentia,4519.249,2346.38,Extinct in the Wild
Fear personal,Reptilia,Primates,2823.784,2559.7,Critically Endangered
Ground from,Aves,Anura,2808.216,1465.85,Extinct in the Wild
Modern fire,Reptilia,Squamata,2893.842,1442.88,Least Concern
Free result,Reptilia,Passeriformes,4195.718,1980.88,Extinct in the Wild
Often six,Reptilia,Anura,4609.941,1596.21,Near Threatened
Result statement,Aves,Squamata,3926.878,1609.46,Vulnerable
Conference face,Actinopterygii,Anura,3553.659,500.28,Near Threatened
Goal surface,Actinopterygii,Carnivora,4421.647,216.78,Least Concern
Enough need,Aves,Rodentia,1567.181,1387.13,Vulnerable
Such song,Aves,Passeriformes,4872.633,2558.57,Near Threatened
Attorney safe,Aves,Primates,4131.069,631.1,Near Threatened
Mean name,Actinopterygii,Squamata,2495.531,2435.2,Least Concern
Take on,Reptilia,Passeriformes,788.243,2482.03,Endangered
Message top,Aves,Passeriformes,4657.376,2697.57,Least Concern
Nothing a,Aves,Primates,3325.147,2154.0,Critically Endangered
Participant head,Reptilia,Primates,1806.054,2957.67,Critically Endangered
News health,Reptilia,Primates,3498.546,457.38,Critically Endangered
Relate business,Amphibia,Carnivora,4955.613,291.78,Vulnerable
Discover member,Amphibia,Primates,3104.66,1850.26,Near Threatened
Total your,Amphibia,Squamata,562.073,2749.74,Extinct in the Wild
Contain modern,Amphibia,Carnivora,320.632,1418.03,Extinct in the Wild
Suddenly color,Reptilia,Squamata,137.752,2176.96,Vulnerable
Entire remember,Actinopterygii,Passeriformes,1012.587,969.46,Extinct in the Wild
Reality bed,Reptilia,Anura,3617.66,1694.03,Extinct in the Wild
Guess money,Mammalia,Passeriformes,653.716,200.45,Least Concern
Media first,Actinopterygii,Rodentia,2890.039,896.83,Least Concern
Team use,Mammalia,Passeriformes,3316.557,1073.0,Extinct in the Wild
Develop represent,Amphibia,Passeriformes,372.099,750.53,Least Concern
Financial throw,Amphibia,Primates,4438.999,538.59,Extinct in the Wild
Eye story,Amphibia,Rodentia,4067.956,2743.92,Endangered
Maybe probably,Actinopterygii,Passeriformes,1858.688,2966.24,Least Concern
Although poor,Reptilia,Passeriformes,4870.807,1012.49,Near Threatened
Significant detail,Mammalia,Anura,2338.613,2002.01,Near Threatened
Risk position,Mammalia,Carnivora,2881.73,1378.99,Least Concern
Day hit,Reptilia,Carnivora,4349.949,2728.49,Endangered
Term stock,Aves,Anura,374.701,519.4,Least Concern
News identify,Amphibia,Anura,280.958,1595.85,Endangered
Affect create,Aves,Primates,1266.211,607.32,Vulnerable
Piece hard,Amphibia,Primates,4402.312,89.21,Least Concern
Improve conference,Reptilia,Primates,2835.113,1958.15,Least Concern
Idea understand,Reptilia,Anura,345.989,1885.52,Least Concern
Street alone,Reptilia,Primates,1571.015,1683.95,Vulnerable
Only cover,Aves,Rodentia,1710.04,1028.11,Near Threatened
Stop character,Amphibia,Anura,2716.073,839.52,Critically Endangered
Matter evidence,Aves,Passeriformes,1825.4,527.03,Endangered
Any raise,Reptilia,Carnivora,378.347,1687.84,Near Threatened
Natural something,Aves,Carnivora,4258.688,2418.5,Vulnerable
My summer,Aves,Anura,3395.789,1942.05,Least Concern
Weight eye,Aves,Passeriformes,1121.594,2031.47,Vulnerable
Court may,Aves,Primates,3608.295,1843.15,Vulnerable
Very discover,Actinopterygii,Rodentia,1914.597,876.61,Least Concern
Poor who,Reptilia,Rodentia,2454.531,1097.24,Vulnerable
Seek now,Amphibia,Squamata,2170.96,1263.42,Critically Endangered
And involve,Amphibia,Anura,3176.299,194.31,Near Threatened
Five structure,Actinopterygii,Carnivora,3733.142,2112.57,Near Threatened
Party school,Amphibia,Squamata,1114.941,114.03,Least Concern
These skill,Actinopterygii,Squamata,3706.077,2796.61,Endangered
Education guy,Amphibia,Passeriformes,519.902,1475.01,Least Concern
Set issue,Aves,Passeriformes,3536.306,100.35,Near Threatened
Best issue,Reptilia,Carnivora,4708.293,957.67,Least Concern
Into allow,Reptilia,Squamata,4615.792,1299.67,Critically Endangered
Cultural increase,Actinopterygii,Squamata,2230.333,1612.14,Extinct in the Wild
Especially save,Aves,Rodentia,4760.842,94.47,Critically Endangered
Hard travel,Actinopterygii,Anura,90.107,1632.19,Vulnerable
Represent enough,Amphibia,Squamata,4906.735,549.04,Vulnerable
Others board,Mammalia,Carnivora,3569.654,784.7,Near Threatened
Send consumer,Actinopterygii,Rodentia,2707.764,1691.43,Least Concern
Realize image,Reptilia,Passeriformes,3979.607,1858.86,Least Concern
Big price,Reptilia,Anura,4818.908,1251.55,Endangered
Ok before,Actinopterygii,Primates,493.897,181.06,Least Concern
Senior how,Actinopterygii,Primates,3591.316,11.8,Critically Endangered
Hundred former,Actinopterygii,Primates,477.573,2993.89,Least Concern
Quite author,Reptilia,Rodentia,3816.855,1885.95,Extinct in the Wild
Else wonder,Reptilia,Squamata,1158.402,1855.01,Extinct in the Wild
Character big,Reptilia,Anura,4269.576,1335.18,Near Threatened
Material might,Aves,Carnivora,2265.828,2692.1,Critically Endangered
Design exist,Aves,Passeriformes,4156.578,1559.48,Extinct in the Wild
Reveal under,Aves,Anura,4990.303,2578.04,Near Threatened
Take capital,Mammalia,Anura,3858.772,2125.33,Least Concern
Type question,Mammalia,Passeriformes,1986.537,2960.61,Critically Endangered
Special dinner,Reptilia,Squamata,2897.326,2720.81,Endangered
Administration age,Mammalia,Passeriformes,76.879,213.66,Endangered
Part production,Mammalia,Passeriformes,1661.589,1012.57,Extinct in the Wild
Defense show,Reptilia,Primates,4420.049,769.78,Vulnerable
Should if,Actinopterygii,Squamata,357.328,534.94,Least Concern
Ask defense,Aves,Squamata,3384.287,2714.82,Vulnerable
Like road,Actinopterygii,Squamata,285.321,272.96,Near Threatened
Girl statement,Reptilia,Squamata,1021.209,440.29,Near Threatened
Agent yes,Actinopterygii,Anura,603.065,1211.69,Vulnerable
Partner day,Reptilia,Primates,1984.512,2838.04,Least Concern
Miss word,Amphibia,Anura,132.216,944.27,Least Concern
Project soon,Amphibia,Carnivora,4713.607,1778.2,Least Concern
Treatment way,Aves,Anura,4270.31,2602.12,Critically Endangered
Blue possible,Amphibia,Squamata,3680.462,12.49,Near Threatened
Color most,Amphibia,Anura,278.7,2663.73,Vulnerable
Imagine visit,Mammalia,Primates,4106.685,1454.66,Near Threatened
Beat leg,Reptilia,Anura,324.314,2779.36,Extinct in the Wild
Evidence pattern,Actinopterygii,Rodentia,4184.582,1149.15,Extinct in the Wild
Guy adult,Mammalia,Anura,619.176,2324.95,Endangered
Bed party,Reptilia,Passeriformes,2871.696,1316.04,Vulnerable
Could scientist,Actinopterygii,Passeriformes,810.895,1497.7,Endangered
Wall data,Reptilia,Squamata,3741.695,1272.54,Near Threatened
Green artist,Amphibia,Passeriformes,889.115,1844.74,Extinct in the Wild
Against writer,Reptilia,Squamata,219.316,318.8,Extinct in the Wild
Cultural one,Aves,Squamata,4543.823,1102.11,Vulnerable
Someone pick,Mammalia,Anura,1616.307,328.43,Extinct in the Wild
Nothing development,Amphibia,Passeriformes,3720.95,1866.9,Vulnerable
Market into,Amphibia,Anura,4255.857,378.46,Least Concern
Court letter,Reptilia,Carnivora,4279.012,2881.73,Extinct in the Wild
Weight direction,Aves,Squamata,3843.448,572.85,Least Concern
Defense check,Actinopterygii,Squamata,913.539,745.86,Least Concern
To Congress,Mammalia,Anura,2871.792,2374.3,Least Concern
Nothing upon,Mammalia,Passeriformes,958.755,1206.48,Vulnerable
Capital region,Mammalia,Squamata,598.214,701.09,Near Threatened
Follow good,Amphibia,Passeriformes,4116.02,1409.13,Extinct in the Wild
Exist down,Reptilia,Squamata,1439.329,34.43,Vulnerable
Soon address,Mammalia,Passeriformes,1686.337,857.87,Near Threatened
Turn place,Reptilia,Primates,4291.083,1126.48,Near Threatened
Act outside,Aves,Anura,3691.031,877.37,Endangered
Rate according,Actinopterygii,Anura,4026.612,1358.94,Vulnerable
Thousand bed,Amphibia,Carnivora,1215.31,1430.48,Critically Endangered
Because Democrat,Reptilia,Primates,2731.655,530.65,Near Threatened
Almost school,Actinopterygii,Primates,3048.725,2492.33,Extinct in the Wild
Detail threat,Reptilia,Carnivora,3509.917,2888.71,Least Concern
Old some,Mammalia,Carnivora,4879.088,317.04,Extinct in the Wild
Ten education,Mammalia,Carnivora,2754.849,1723.12,Critically Endangered
Work tough,Actinopterygii,Carnivora,2745.573,1106.88,Vulnerable
Simply worry,Mammalia,Rodentia,1429.411,2749.4,Endangered
After child,Amphibia,Rodentia,4502.646,545.16,Least Concern
Need government,Amphibia,Rodentia,2997.956,732.96,Endangered
Company every,Reptilia,Squamata,4790.711,1481.21,Near Threatened
Energy event,Amphibia,Primates,2696.242,2072.76,Critically Endangered
Difficult film,Aves,Carnivora,3875.985,1483.65,Least Concern
Season skill,Reptilia,Rodentia,2917.433,2969.26,Least Concern
Subject seat,Aves,Carnivora,3921.779,1086.83,Least Concern
Keep instead,Aves,Anura,2017.184,2690.31,Least Concern
Act will,Amphibia,Carnivora,1934.887,209.29,Endangered
Process exist,Reptilia,Primates,4638.873,2569.82,Extinct in the Wild
Security relate,Reptilia,Rodentia,691.291,1935.74,Extinct in the Wild
Item light,Actinopterygii,Passeriformes,4813.293,409.58,Least Concern
Approach power,Mammalia,Rodentia,1889.271,1247.92,Near Threatened
That worry,Actinopterygii,Passeriformes,1784.858,2587.32,Critically Endangered
Magazine threat,Amphibia,Primates,1298.907,469.73,Endangered
Treat range,Aves,Rodentia,4552.449,2988.37,Critically Endangered
Walk check,Amphibia,Primates,1440.902,880.25,Least Concern
Marriage edge,Mammalia,Anura,343.157,1207.05,Endangered
Current tend,Amphibia,Rodentia,3842.108,703.75,Extinct in the Wild
At cell,Amphibia,Primates,204.215,2231.69,Critically Endangered
Nearly five,Amphibia,Anura,3168.328,1845.85,Extinct in the Wild
Owner especially,Reptilia,Primates,809.439,396.61,Extinct in the Wild
Growth grow,Mammalia,Primates,2556.541,2176.52,Critically Endangered
Firm mission,Actinopterygii,Carnivora,338.448,1938.43,Endangered
Car check,Reptilia,Primates,4993.567,2336.66,Near Threatened
Instead here,Reptilia,Rodentia,980.543,1884.28,Vulnerable
Attorney phone,Aves,Carnivora,2332.031,716.21,Near Threatened
Effort start,Reptilia,Primates,2093.792,42.27,Vulnerable
Tv rate,Amphibia,Anura,3963.984,1066.74,Critically Endangered
Become more,Amphibia,Passeriformes,2762.266,2435.51,Least Concern
Discover car,Amphibia,Rodentia,1758.219,368.56,Critically Endangered
Personal ability,Reptilia,Carnivora,2879.97,1778.72,Endangered
Visit against,Amphibia,Squamata,2877.36,2087.44,Extinct in the Wild
Meeting notice,Aves,Anura,1529.109,556.15,Extinct in the Wild
Growth pressure,Mammalia,Primates,4516.523,113.6,Least Concern
Truth what,Reptilia,Carnivora,3697.754,391.46,Near Threatened
Wonder whatever,Mammalia,Squamata,1108.477,1122.96,Endangered
Suggest international,Reptilia,Passeriformes,2832.785,2664.06,Extinct in the Wild
Process ago,Actinopterygii,Rodentia,2423.693,1895.43,Near Threatened
Pressure return,Reptilia,Anura,4696.782,1510.18,Extinct in the Wild
View bring,Aves,Passeriformes,3564.331,429.98,Endangered
Risk hot,Aves,Rodentia,1788.78,245.03,Least Concern
Example seat,Mammalia,Primates,1649.239,1530.21,Critically Endangered
Task part,Actinopterygii,Squamata,3901.506,2272.64,Extinct in the Wild
Will town,Actinopterygii,Squamata,2941.613,1342.86,Least Concern
Free relationship,Amphibia,Primates,1883.545,2164.37,Near Threatened
Air beat,Aves,Rodentia,4758.259,1577.06,Vulnerable
Accept like,Mammalia,Rodentia,4987.436,219.26,Vulnerable
Student law,Aves,Carnivora,2128.907,1223.31,Extinct in the Wild
Should thousand,Aves,Primates,4218.567,285.61,Endangered
Push be,Reptilia,Passeriformes,1915.605,2456.94,Least Concern
War determine,Actinopterygii,Carnivora,3682.475,2192.0,Endangered
Rate determine,Mammalia,Rodentia,3689.933,879.84,Endangered
Agreement now,Mammalia,Rodentia,1205.052,592.46,Near Threatened
Ever door,Reptilia,Squamata,4011.207,2465.39,Extinct in the Wild
Apply strong,Mammalia,Squamata,595.415,2571.39,Critically Endangered
Power may,Reptilia,Primates,3569.56,1832.36,Endangered
Work system,Actinopterygii,Rodentia,4103.794,1081.38,Extinct in the Wild
Stop clear,Amphibia,Carnivora,437.552,1289.21,Extinct in the Wild
Put human,Reptilia,Passeriformes,374.831,151.87,Endangered
Reflect big,Amphibia,Squamata,4154.846,1828.12,Near Threatened
Work least,Aves,Anura,3316.594,2937.66,Extinct in the Wild
Thus each,Aves,Anura,4632.463,1766.38,Near Threatened
Officer treatment,Aves,Passeriformes,381.675,1865.94,Extinct in the Wild
Environmental manage,Reptilia,Rodentia,3392.923,2307.54,Least Concern
Ground mission,Mammalia,Passeriformes,2813.059,2136.58,Near Threatened
Lay heart,Amphibia,Carnivora,1254.95,46.07,Vulnerable
Watch at,Amphibia,Passeriformes,102.657,1877.99,Critically Endangered
Represent save,Amphibia,Anura,4314.335,493.47,Critically Endangered
Environment war,Mammalia,Anura,2552.66,1751.24,Vulnerable
Fear mouth,Actinopterygii,Primates,2221.773,695.91,Critically Endangered
Everybody eye,Reptilia,Squamata,414.233,1868.21,Endangered
Finally under,Amphibia,Rodentia,113.078,2039.8,Extinct in the Wild
Red TV,Amphibia,Primates,2483.175,452.02,Critically Endangered
Environmental which,Aves,Rodentia,2313.854,2713.31,Near Threatened
Side civil,Amphibia,Passeriformes,1242.015,318.03,Critically Endangered
Paper choose,Mammalia,Carnivora,2246.284,2138.37,Extinct in the Wild
Feeling evening,Reptilia,Passeriformes,410.67,2503.78,Near Threatened
Race happen,Amphibia,Primates,66.301,2211.07,Least Concern
Bit ahead,Actinopterygii,Primates,3836.369,213.89,Least Concern
Sometimes skin,Actinopterygii,Passeriformes,1691.439,1980.12,Endangered
Out left,Aves,Anura,2607.93,734.28,Endangered
Hear meet,Aves,Anura,3354.334,2371.74,Vulnerable
Meeting around,Aves,Anura,3507.856,1091.46,Near Threatened
Say full,Mammalia,Squamata,251.201,2376.04,Vulnerable
Always everything,Aves,Rodentia,56.257,1240.84,Critically Endangered
Friend people,Amphibia,Primates,3925.134,1498.93,Vulnerable
Material view,Aves,Squamata,512.706,2285.85,Near Threatened
Black language,Mammalia,Carnivora,1028.717,435.2,Endangered
Hit finally,Mammalia,Rodentia,2999.736,1245.78,Endangered
Fly get,Aves,Anura,2122.83,1227.38,Critically Endangered
Watch beautiful,Aves,Rodentia,4314.725,1507.43,Critically Endangered
Rock computer,Aves,Squamata,4174.801,1785.28,Critically Endangered
My bit,Aves,Primates,4961.686,248.1,Extinct in the Wild
Remember forget,Reptilia,Carnivora,4364.923,1041.94,Near Threatened
Career picture,Mammalia,Carnivora,91.385,138.16,Endangered
Level yard,Mammalia,Anura,304.148,1672.13,Critically Endangered
Just right,Amphibia,Carnivora,2738.187,2823.08,Endangered
Half despite,Aves,Rodentia,617.421,1991.08,Critically Endangered
Admit if,Actinopterygii,Anura,3058.025,2621.09,Least Concern
This everyone,Actinopterygii,Anura,4098.816,1929.55,Extinct in the Wild
Hit body,Aves,Anura,3597.04,2813.61,Endangered
Growth Republican,Aves,Rodentia,1187.422,87.21,Near Threatened
Identify wear,Actinopterygii,Anura,4676.75,2916.98,Least Concern
Kind who,Mammalia,Passeriformes,1762.196,2028.69,Near Threatened
Science middle,Actinopterygii,Anura,1938.822,1771.26,Extinct in the Wild
Move positive,Actinopterygii,Carnivora,1423.186,1675.9,Endangered
After science,Aves,Carnivora,3887.887,1742.89,Extinct in the Wild
Lose note,Reptilia,Rodentia,3174.873,2079.58,Near Threatened
Game support,Aves,Primates,3171.327,1039.13,Vulnerable
Various find,Amphibia,Passeriformes,2682.064,1767.85,Extinct in the Wild
Food type,Amphibia,Squamata,1918.892,2202.17,Vulnerable
Training ok,Reptilia,Carnivora,4537.446,373.66,Extinct in the Wild
Black other,Reptilia,Carnivora,4617.126,2660.61,Least Concern
Discover place,Actinopterygii,Squamata,634.608,2418.26,Extinct in the Wild
New in,Amphibia,Primates,3216.354,911.57,Endangered
Cell compare,Aves,Anura,2032.518,1769.5,Critically Endangered
Fact seek,Amphibia,Squamata,2411.175,1118.74,Extinct in the Wild
Just table,Reptilia,Rodentia,3900.467,162.96,Least Concern
Receive back,Mammalia,Squamata,2806.599,1048.21,Critically Endangered
War government,Aves,Anura,2149.425,1288.27,Extinct in the Wild
And ball,Mammalia,Rodentia,3430.914,1499.14,Near Threatened
Everybody radio,Aves,Rodentia,205.73,2894.91,Extinct in the Wild
Protect pull,Mammalia,Rodentia,2237.324,1619.52,Extinct in the Wild
Anyone building,Mammalia,Passeriformes,2860.54,2258.36,Vulnerable
Enjoy especially,Amphibia,Squamata,2199.862,2667.14,Vulnerable
Today because,Actinopterygii,Primates,3898.666,1539.58,Vulnerable
Central minute,Actinopterygii,Carnivora,4239.785,95.47,Extinct in the Wild
Collection performance,Mammalia,Primates,4555.73,2147.08,Near Threatened
Three time,Amphibia,Passeriformes,1122.91,679.29,Near Threatened
Save nor,Mammalia,Primates,4071.007,663.56,Endangered
Might tell,Actinopterygii,Passeriformes,2878.24,1596.72,Extinct in the Wild
Believe each,Mammalia,Rodentia,989.606,936.42,Least Concern
Wife industry,Aves,Carnivora,4635.268,1691.21,Least Concern
To process,Reptilia,Rodentia,4507.19,2351.11,Least Concern
Head section,Actinopterygii,Rodentia,3976.791,2242.03,Extinct in the Wild
Watch beyond,Reptilia,Squamata,1687.764,2592.94,Endangered
Billion ago,Amphibia,Carnivora,4422.933,2115.88,Near Threatened
Study information,Aves,Rodentia,1779.523,2504.53,Critically Endangered
Care course,Reptilia,Rodentia,1178.832,423.97,Extinct in the Wild
Close building,Amphibia,Squamata,1212.147,1242.75,Critically Endangered
Staff expect,Aves,Primates,1736.865,217.89,Near Threatened
Nice west,Amphibia,Carnivora,1111.5,1600.82,Endangered
Interest early,Mammalia,Primates,1085.349,2744.09,Vulnerable
Article ok,Reptilia,Primates,4404.893,1893.97,Near Threatened
Indeed bill,Actinopterygii,Squamata,2876.646,254.0,Least Concern
Address they,Amphibia,Carnivora,1660.201,2367.14,Endangered
Prepare hot,Amphibia,Squamata,1277.233,2825.54,Critically Endangered
Commercial skin,Reptilia,Rodentia,1697.273,1930.0,Critically Endangered
Away up,Reptilia,Rodentia,2715.836,1415.07,Near Threatened
Staff detail,Mammalia,Passeriformes,133.019,621.97,Critically Endangered
Modern store,Aves,Primates,1235.385,1734.9,Near Threatened
Middle central,Aves,Primates,631.506,2999.26,Extinct in the Wild
Born new,Mammalia,Anura,2918.85,838.55,Near Threatened
Friend fill,Aves,Carnivora,19.555,47.18,Vulnerable
Goal church,Reptilia,Carnivora,1123.041,2016.61,Endangered
Stay before,Aves,Passeriformes,1940.054,1585.37,Least Concern
Stop include,Actinopterygii,Carnivora,454.937,804.75,Extinct in the Wild
Reality create,Actinopterygii,Rodentia,492.619,1106.01,Critically Endangered
Investment old,Actinopterygii,Rodentia,1668.051,2222.02,Extinct in the Wild
Hit by,Mammalia,Passeriformes,1882.109,112.13,Critically Endangered
Economy long,Mammalia,Anura,3051.346,1957.32,Endangered
Tonight city,Actinopterygii,Carnivora,2171.805,1273.64,Least Concern
Movement song,Actinopterygii,Squamata,2871.521,917.61,Least Concern
Herself interview,Aves,Carnivora,1298.421,666.39,Least Concern
Company agency,Amphibia,Rodentia,1680.438,2666.18,Least Concern
Information agent,Aves,Primates,1683.193,1947.34,Endangered
Until what,Reptilia,Carnivora,237.037,1996.72,Endangered
Morning such,Actinopterygii,Rodentia,3517.526,2553.91,Critically Endangered
Political fill,Reptilia,Primates,2388.989,1310.3,Least Concern
Information level,Aves,Anura,1403.752,792.16,Critically Endangered
Feel threat,Actinopterygii,Squamata,1091.334,799.98,Critically Endangered
Third station,Aves,Squamata,52.007,1941.77,Near Threatened
Agency writer,Reptilia,Passeriformes,2885.243,2122.15,Endangered
Face four,Amphibia,Carnivora,4644.61,1151.84,Critically Endangered
Like quality,Amphibia,Carnivora,1395.427,1361.34,Extinct in the Wild
Relationship feeling,Actinopterygii,Passeriformes,1945.368,1763.79,Vulnerable
Though hope,Mammalia,Rodentia,1131.131,1698.51,Critically Endangered
Serve result,Actinopterygii,Primates,4154.294,450.94,Near Threatened
Sing know,Amphibia,Passeriformes,816.399,2191.62,Critically Endangered
Before degree,Actinopterygii,Primates,952.677,2194.48,Extinct in the Wild
Then grow,Amphibia,Primates,2821.787,1771.28,Near Threatened
Hope away,Actinopterygii,Rodentia,992.498,884.36,Extinct in the Wild
So week,Reptilia,Carnivora,3001.436,2715.41,Critically Endangered
Feeling including,Mammalia,Squamata,191.636,2279.09,Critically Endangered
City measure,Mammalia,Rodentia,2605.72,355.23,Critically Endangered
Area budget,Amphibia,Carnivora,105.007,231.48,Least Concern
Hospital executive,Reptilia,Rodentia,3652.031,2517.45,Extinct in the Wild
Wait particularly,Aves,Passeriformes,288.657,1119.16,Near Threatened
Father almost,Aves,Anura,948.666,929.13,Least Concern
Threat hear,Aves,Carnivora,1203.758,1095.29,Least Concern
To year,Reptilia,Primates,1953.555,919.82,Least Concern
Game important,Mammalia,Primates,4377.574,1257.53,Least Concern
Civil through,Reptilia,Primates,3404.548,430.04,Near Threatened
Team cell,Amphibia,Primates,4428.201,2740.84,Near Threatened
Surface poor,Amphibia,Squamata,1836.911,2753.64,Critically Endangered
Push expect,Amphibia,Anura,4950.415,500.47,Near Threatened
Head wide,Amphibia,Anura,3916.883,642.47,Near Threatened
Instead interesting,Amphibia,Rodentia,529.896,2735.37,Endangered
May almost,Aves,Carnivora,1268.289,1602.35,Least Concern
Individual leave,Reptilia,Passeriformes,4617.972,1164.84,Critically Endangered
Large pattern,Reptilia,Rodentia,3007.81,559.34,Endangered
Must song,Actinopterygii,Anura,4594.589,1900.13,Extinct in the Wild
Seek money,Mammalia,Primates,1105.883,2667.19,Extinct in the Wild
Control not,Amphibia,Squamata,2382.829,491.06,Extinct in the Wild
Season home,Amphibia,Anura,1949.895,682.58,Extinct in the Wild
Likely cover,Reptilia,Primates,4945.086,504.27,Extinct in the Wild
Manage environment,Aves,Passeriformes,365.554,2896.56,Vulnerable
Detail cover,Reptilia,Rodentia,1748.146,196.07,Vulnerable
Some institution,Reptilia,Carnivora,631.839,2182.2,Near Threatened
Process half,Actinopterygii,Primates,3340.743,402.74,Endangered
Break unit,Mammalia,Anura,2256.57,980.02,Near Threatened
Rate mind,Actinopterygii,Rodentia,4613.074,153.86,Least Concern
Authority whole,Reptilia,Rodentia,2876.498,2102.82,Least Concern
Sense wait,Aves,Squamata,1858.649,1210.85,Vulnerable
About already,Amphibia,Squamata,2471.575,2030.06,Critically Endangered
Tonight reflect,Aves,Passeriformes,1225.431,1315.49,Least Concern
Time after,Reptilia,Rodentia,4454.389,1424.37,Near Threatened
Change listen,Actinopterygii,Carnivora,1110.317,403.26,Near Threatened
That surface,Reptilia,Squamata,1240.938,2983.49,Vulnerable
Issue family,Reptilia,Primates,2480.894,180.4,Extinct in the Wild
Real though,Mammalia,Carnivora,3635.82,2343.36,Extinct in the Wild
Strong hundred,Reptilia,Primates,2632.308,1224.8,Near Threatened
Stand easy,Aves,Carnivora,4359.823,921.56,Vulnerable
Board thousand,Mammalia,Squamata,3277.402,1905.42,Least Concern
Official billion,Reptilia,Rodentia,4270.531,1379.61,Endangered
Professor home,Amphibia,Rodentia,2674.187,378.51,Least Concern
Space away,Aves,Primates,4573.244,447.92,Extinct in the Wild
So near,Amphibia,Carnivora,4986.634,1606.09,Near Threatened
Eat campaign,Actinopterygii,Squamata,1760.77,339.14,Critically Endangered
Task movement,Mammalia,Primates,3838.889,524.76,Least Concern
Population doctor,Amphibia,Carnivora,1018.677,2437.38,Critically Endangered
Beyond identify,Reptilia,Rodentia,4815.904,1479.47,Near Threatened
Score key,Amphibia,Passeriformes,563.48,1458.05,Near Threatened
Person try,Amphibia,Carnivora,2351.029,70.44,Near Threatened
Executive plan,Amphibia,Rodentia,3553.552,174.05,Endangered
Break program,Aves,Passeriformes,3484.883,45.42,Vulnerable
Cold let,Actinopterygii,Primates,966.423,9.39,Vulnerable
Magazine lose,Amphibia,Anura,4316.065,2213.71,Endangered
Against early,Aves,Passeriformes,4242.192,129.43,Critically Endangered
Time address,Amphibia,Passeriformes,2705.416,2073.72,Extinct in the Wild
Design area,Mammalia,Primates,3837.293,2444.84,Least Concern
Defense project,Actinopterygii,Carnivora,3329.201,1204.14,Endangered
More white,Mammalia,Anura,1449.391,2691.04,Least Concern
Television worker,Aves,Passeriformes,4169.007,1380.32,Critically Endangered
Instead color,Aves,Carnivora,372.887,64.8,Near Threatened
Billion positive,Mammalia,Primates,916.418,48.68,Least Concern
Source sing,Amphibia,Passeriformes,1285.744,2428.94,Vulnerable
Partner money,Actinopterygii,Squamata,1637.087,1780.15,Vulnerable
Early through,Actinopterygii,Rodentia,1281.214,1004.08,Vulnerable
Never hand,Actinopterygii,Rodentia,2936.554,1159.19,Endangered
Production in,Reptilia,Primates,52.664,2070.55,Vulnerable
Just six,Amphibia,Anura,4627.836,2241.63,Critically Endangered
Trouble agree,Mammalia,Anura,1534.963,767.72,Least Concern
Indeed seem,Actinopterygii,Passeriformes,3345.97,2668.86,Vulnerable
White something,Mammalia,Rodentia,3610.672,1957.71,Near Threatened
Participant whom,Reptilia,Primates,571.203,1848.09,Least Concern
Year road,Actinopterygii,Rodentia,592.246,1885.71,Endangered
Mrs television,Actinopterygii,Carnivora,4076.734,1883.06,Near Threatened
Admit road,Amphibia,Anura,2108.658,2951.32,Least Concern
Into order,Amphibia,Anura,740.246,898.77,Vulnerable
Financial rate,Aves,Carnivora,3121.772,1502.02,Endangered
New dream,Reptilia,Anura,1688.849,1595.15,Near Threatened
Oil or,Reptilia,Passeriformes,1711.408,2686.84,Endangered
Clear whether,Amphibia,Primates,2832.313,2041.57,Near Threatened
Mention tough,Amphibia,Rodentia,583.841,569.48,Least Concern
Age practice,Mammalia,Primates,2722.688,2590.85,Extinct in the Wild
Piece speech,Aves,Primates,2538.785,450.91,Endangered
Add world,Aves,Passeriformes,537.771,808.69,Vulnerable
Again item,Reptilia,Rodentia,2296.269,2973.1,Vulnerable
Them parent,Reptilia,Passeriformes,2242.676,2264.02,Critically Endangered
Exactly run,Actinopterygii,Squamata,539.203,14.88,Near Threatened
Own among,Aves,Anura,991.725,653.18,Vulnerable
Side attorney,Amphibia,Rodentia,4012.003,2229.13,Critically Endangered
Crime off,Actinopterygii,Passeriformes,106.939,1409.76,Critically Endangered
Become fund,Mammalia,Anura,1312.529,2933.38,Critically Endangered
Yeah interest,Actinopterygii,Rodentia,3041.27,1044.29,Vulnerable
Detail white,Mammalia,Primates,1945.594,2199.72,Extinct in the Wild
Everybody present,Reptilia,Squamata,4213.282,2457.24,Extinct in the Wild
Adult establish,Aves,Primates,3067.053,670.8,Critically Endangered
Knowledge believe,Mammalia,Rodentia,3579.276,2829.84,Vulnerable
Four such,Amphibia,Passeriformes,2572.406,144.45,Critically Endangered
Student theory,Actinopterygii,Passeriformes,3583.361,2676.18,Extinct in the Wild
Young allow,Mammalia,Carnivora,4795.012,591.24,Extinct in the Wild
Force adult,Mammalia,Squamata,1988.269,640.73,Critically Endangered
Offer game,Reptilia,Anura,4865.527,1744.04,Vulnerable
Instead my,Aves,Primates,583.448,309.68,Vulnerable
Figure yard,Amphibia,Rodentia,1703.17,2599.66,Least Concern
First information,Aves,Squamata,4033.361,1596.59,Vulnerable
Soldier after,Amphibia,Carnivora,1940.194,2412.43,Endangered
Suffer information,Aves,Rodentia,826.086,20.17,Vulnerable
Traditional animal,Actinopterygii,Squamata,4869.716,2614.94,Near Threatened
Realize use,Actinopterygii,Passeriformes,749.82,1113.89,Critically Endangered
Kind within,Amphibia,Primates,836.881,420.77,Vulnerable
Agreement should,Reptilia,Carnivora,4947.706,1167.69,Near Threatened
Detail crime,Actinopterygii,Rodentia,3626.045,234.83,Critically Endangered
Newspaper ago,Reptilia,Squamata,4785.893,2975.5,Endangered
Range year,Reptilia,Primates,4055.12,2270.74,Critically Endangered
Financial door,Reptilia,Passeriformes,2856.563,573.32,Near Threatened
Full prepare,Aves,Squamata,404.07,633.0,Extinct in the Wild
Report fight,Reptilia,Rodentia,619.201,2977.5,Near Threatened
Music something,Amphibia,Primates,4408.574,1051.26,Endangered
Send large,Aves,Primates,3171.061,1854.96,Critically Endangered
Admit beyond,Mammalia,Rodentia,2524.258,876.32,Near Threatened
Light worry,Actinopterygii,Passeriformes,713.609,1532.34,Least Concern
Could risk,Amphibia,Carnivora,4359.946,1219.75,Vulnerable
Wonder focus,Mammalia,Primates,3864.167,585.32,Vulnerable
Career eye,Actinopterygii,Passeriformes,4984.071,1785.58,Endangered
Though future,Actinopterygii,Carnivora,3176.25,1810.22,Critically Endangered
Paper movie,Actinopterygii,Anura,2938.118,2524.02,Extinct in the Wild
Certain magazine,Mammalia,Primates,3349.753,2873.96,Critically Endangered
Medical data,Amphibia,Anura,3066.313,1131.71,Extinct in the Wild
Difficult assume,Aves,Anura,2896.15,961.11,Extinct in the Wild
Sing lead,Actinopterygii,Primates,501.948,92.62,Vulnerable
Music common,Reptilia,Passeriformes,3885.861,955.51,Endangered
Likely goal,Aves,Carnivora,4103.502,1830.87,Critically Endangered
Leave upon,Amphibia,Squamata,4631.018,760.79,Vulnerable
Often fish,Aves,Carnivora,2405.175,8.27,Least Concern
Meeting speak,Mammalia,Passeriformes,4163.472,123.31,Critically Endangered
Action sure,Amphibia,Primates,2969.481,1502.61,Extinct in the Wild
Million half,Mammalia,Anura,2379.053,1344.72,Critically Endangered
Catch section,Reptilia,Squamata,4621.195,2388.53,Least Concern
City move,Aves,Squamata,3720.774,1868.59,Endangered
Both clear,Amphibia,Passeriformes,4616.6,2459.78,Near Threatened
Size resource,Mammalia,Squamata,3788.217,2943.43,Extinct in the Wild
Its radio,Reptilia,Rodentia,4065.862,1272.43,Endangered
Military situation,Reptilia,Primates,3665.884,404.72,Vulnerable
Social watch,Actinopterygii,Primates,4789.263,260.38,Least Concern
Carry computer,Mammalia,Primates,4964.225,937.43,Extinct in the Wild
Simple store,Amphibia,Primates,4585.029,2943.97,Extinct in the Wild
Build feeling,Mammalia,Anura,3600.021,2127.75,Vulnerable
Big put,Reptilia,Primates,1117.116,529.04,Critically Endangered
Pretty like,Reptilia,Anura,3191.687,1220.93,Critically Endangered
Available just,Reptilia,Anura,2598.508,1183.37,Least Concern
Daughter than,Aves,Passeriformes,3089.029,1856.54,Critically Endangered
Kid always,Mammalia,Anura,3638.238,2462.62,Least Concern
Our open,Aves,Squamata,2797.563,569.8,Near Threatened
Know party,Actinopterygii,Carnivora,710.893,1205.12,Critically Endangered
Form western,Amphibia,Carnivora,4290.225,1243.27,Extinct in the Wild
Trouble green,Mammalia,Carnivora,755.785,1106.93,Vulnerable
Perhaps probably,Aves,Squamata,3044.471,487.04,Critically Endangered
I early,Reptilia,Carnivora,184.781,722.71,Endangered
Economy safe,Amphibia,Squamata,2859.336,2255.64,Near Threatened
Listen think,Actinopterygii,Anura,1101.965,943.88,Critically Endangered
Onto billion,Mammalia,Squamata,137.345,481.41,Extinct in the Wild
Nature traditional,Actinopterygii,Squamata,3739.977,1116.14,Least Concern
Each product,Actinopterygii,Primates,358.219,540.0,Near Threatened
Late deep,Amphibia,Primates,1110.445,2753.35,Critically Endangered
Industry range,Aves,Anura,2822.775,2897.83,Least Concern
Enough start,Reptilia,Passeriformes,313.243,176.07,Near Threatened
Provide music,Aves,Squamata,2847.551,1334.7,Vulnerable
Describe follow,Reptilia,Anura,225.87,2861.6,Critically Endangered
Against forward,Reptilia,Rodentia,3439.172,1270.09,Least Concern
Hair floor,Aves,Squamata,2096.14,1819.12,Vulnerable
Sport single,Amphibia,Passeriformes,1950.056,1790.75,Critically Endangered
Deal establish,Actinopterygii,Rodentia,751.43,705.63,Critically Endangered
Letter later,Reptilia,Squamata,3497.352,270.06,Endangered
Environment audience,Mammalia,Squamata,632.261,2075.48,Critically Endangered
Claim four,Mammalia,Rodentia,2981.51,2345.2,Near Threatened
Last today,Aves,Anura,2543.628,1841.13,Vulnerable
Training realize,Aves,Squamata,409.935,501.73,Least Concern
Report structure,Actinopterygii,Rodentia,3045.441,1606.51,Vulnerable
Push air,Amphibia,Carnivora,1133.165,1855.07,Critically Endangered
Structure herself,Mammalia,Carnivora,838.298,1415.06,Vulnerable
In century,Mammalia,Anura,2313.464,2024.48,Near Threatened
Church away,Amphibia,Carnivora,355.437,2340.17,Extinct in the Wild
Newspaper information,Mammalia,Primates,367.822,1007.38,Vulnerable
Himself news,Actinopterygii,Primates,3453.228,234.47,Critically Endangered
Easy appear,Reptilia,Squamata,2585.699,2677.77,Critically Endangered
Building away,Reptilia,Rodentia,4128.631,1321.08,Near Threatened
Listen ready,Amphibia,Anura,4751.02,634.64,Vulnerable
Forward without,Amphibia,Anura,4209.61,321.51,Critically Endangered
Term however,Amphibia,Anura,4594.474,291.64,Vulnerable
Area give,Mammalia,Carnivora,3848.484,476.13,Critically Endangered
Continue ahead,Amphibia,Anura,2426.857,481.02,Extinct in the Wild
Green stop,Reptilia,Squamata,632.848,539.25,Least Concern
Goal task,Actinopterygii,Anura,722.062,2494.98,Near Threatened
Several arm,Aves,Rodentia,4454.467,2104.29,Least Concern
Light left,Mammalia,Squamata,4080.107,2762.95,Endangered
Project skin,Amphibia,Rodentia,2635.06,793.43,Extinct in the Wild
Friend law,Aves,Primates,4574.908,1934.25,Vulnerable
Hotel actually,Aves,Primates,975.865,2337.58,Critically Endangered
Industry task,Aves,Primates,1498.818,2742.61,Near Threatened
Indicate recently,Amphibia,Carnivora,4810.607,2953.1,Least Concern
Scene company,Amphibia,Rodentia,979.102,1061.99,Vulnerable
Direction century,Aves,Rodentia,911.921,2870.23,Endangered
Thank medical,Mammalia,Squamata,2393.454,1809.29,Endangered
North court,Reptilia,Primates,59.566,384.76,Near Threatened
Government outside,Aves,Passeriformes,4380.1,375.8,Least Concern
Why reach,Mammalia,Rodentia,493.929,1595.45,Near Threatened
Bar play,Reptilia,Rodentia,921.121,1021.3,Endangered
She help,Mammalia,Rodentia,3348.53,2982.8,Endangered
Care young,Actinopterygii,Primates,3538.07,620.98,Extinct in the Wild
Early region,Amphibia,Squamata,2848.183,793.0,Critically Endangered
Quite science,Reptilia,Rodentia,2150.437,2834.4,Least Concern
Establish else,Reptilia,Passeriformes,2317.238,1034.55,Near Threatened
Place while,Actinopterygii,Primates,2592.268,2688.05,Least Concern
Space child,Reptilia,Anura,1406.017,2610.44,Vulnerable
Prevent responsibility,Mammalia,Primates,2562.592,2915.78,Extinct in the Wild
Partner hair,Aves,Anura,3087.543,2420.81,Vulnerable
Report I,Aves,Passeriformes,2593.285,1234.18,Endangered
Left where,Mammalia,Carnivora,3545.809,460.32,Extinct in the Wild
Night school,Reptilia,Passeriformes,1585.613,1088.91,Extinct in the Wild
Relate between,Reptilia,Passeriformes,830.271,1273.34,Critically Endangered
Opportunity wear,Reptilia,Anura,3604.32,234.17,Extinct in the Wild
Set across,Reptilia,Squamata,3919.651,1940.06,Critically Endangered
Information coach,Mammalia,Carnivora,2733.527,1250.69,Endangered
Environmental production,Amphibia,Rodentia,2840.556,1553.11,Endangered
Computer report,Actinopterygii,Anura,1430.763,1717.93,Least Concern
Piece seven,Reptilia,Rodentia,3255.3,770.54,Critically Endangered
Look draw,Actinopterygii,Primates,4677.368,2144.07,Near Threatened
White idea,Aves,Passeriformes,1463.292,1832.82,Vulnerable
Toward under,Aves,Anura,651.545,2185.09,Endangered
Place environment,Mammalia,Rodentia,2561.06,402.54,Least Concern
Indeed edge,Reptilia,Carnivora,3780.567,2126.79,Endangered
Western window,Reptilia,Carnivora,3714.244,1166.6,Endangered
Just say,Aves,Passeriformes,4101.733,851.39,Vulnerable
Might ago,Actinopterygii,Rodentia,3078.703,80.02,Vulnerable
Hour two,Mammalia,Rodentia,847.302,575.16,Near Threatened
Finish performance,Mammalia,Squamata,1026.123,1757.08,Near Threatened
Hospital floor,Actinopterygii,Squamata,719.609,518.23,Near Threatened
Much responsibility,Mammalia,Primates,962.542,2030.78,Vulnerable
Financial TV,Reptilia,Rodentia,4569.107,2228.88,Vulnerable
Mission Mrs,Mammalia,Rodentia,1768.976,957.42,Near Threatened
Loss staff,Reptilia,Primates,4606.049,1620.14,Vulnerable
Someone side,Aves,Squamata,7.998,460.55,Critically Endangered
Modern him,Reptilia,Primates,3612.158,2367.34,Vulnerable
Half production,Aves,Carnivora,4281.77,1143.15,Endangered
Apply difficult,Mammalia,Anura,2198.342,670.85,Endangered
Form blue,Mammalia,Squamata,2879.558,2919.48,Critically Endangered
Glass reality,Mammalia,Rodentia,4889.873,1089.42,Vulnerable
Two first,Reptilia,Squamata,4008.944,937.47,Endangered
Say relate,Actinopterygii,Carnivora,2495.475,797.64,Critically Endangered
Range draw,Actinopterygii,Primates,3196.783,361.79,Endangered
Management protect,Amphibia,Squamata,1870.531,976.32,Endangered
Decade responsibility,Reptilia,Anura,3957.658,217.96,Vulnerable
Need action,Amphibia,Rodentia,2002.303,2472.54,Critically Endangered
Plant arm,Reptilia,Passeriformes,3321.578,98.78,Vulnerable
Popular leave,Mammalia,Squamata,3059.507,1271.41,Near Threatened
Including job,Reptilia,Squamata,2965.782,2244.37,Near Threatened
Stuff quite,Actinopterygii,Primates,1540.017,1212.24,Near Threatened
Real year,Aves,Squamata,2005.588,2138.06,Near Threatened
Themselves form,Actinopterygii,Passeriformes,1469.969,51.38,Critically Endangered
Food write,Reptilia,Carnivora,4036.487,2357.86,Near Threatened
People develop,Aves,Passeriformes,4457.018,2228.94,Critically Endangered
Ability try,Actinopterygii,Anura,4232.231,313.97,Least Concern
Laugh life,Reptilia,Primates,2428.74,939.87,Least Concern
Culture scene,Mammalia,Rodentia,1300.619,2789.86,Endangered
Let girl,Actinopterygii,Squamata,445.839,1116.4,Vulnerable
Fear hear,Actinopterygii,Squamata,329.241,2227.39,Extinct in the Wild
Base another,Mammalia,Carnivora,2904.151,1181.31,Least Concern
Some program,Aves,Anura,2000.577,68.7,Endangered
Everybody school,Reptilia,Primates,3611.404,653.53,Near Threatened
Open more,Reptilia,Rodentia,4203.085,2346.91,Critically Endangered
Surface peace,Amphibia,Passeriformes,1695.337,2988.9,Vulnerable
Foot reach,Amphibia,Passeriformes,608.69,706.81,Near Threatened
Painting analysis,Amphibia,Rodentia,607.604,901.04,Endangered
Great open,Amphibia,Anura,1379.958,766.61,Extinct in the Wild
Compare try,Amphibia,Carnivora,3016.051,1549.03,Extinct in the Wild
Put prepare,Aves,Anura,1851.393,1966.04,Near Threatened
Public where,Reptilia,Carnivora,1582.185,1261.1,Critically Endangered
Than building,Amphibia,Primates,2565.343,1857.42,Near Threatened
Type control,Mammalia,Rodentia,1162.28,2570.88,Critically Endangered
Class night,Mammalia,Rodentia,4631.756,353.32,Extinct in the Wild
Traditional quality,Mammalia,Rodentia,719.691,292.24,Critically Endangered
Opportunity commercial,Actinopterygii,Anura,3944.549,511.86,Vulnerable
Talk clear,Amphibia,Anura,973.543,49.92,Critically Endangered
Computer focus,Mammalia,Squamata,2805.329,1350.83,Endangered
History college,Reptilia,Carnivora,3599.316,1485.99,Near Threatened
Across Republican,Amphibia,Carnivora,1115.17,1455.04,Least Concern
Born fall,Aves,Anura,3715.846,2427.12,Critically Endangered
System think,Mammalia,Rodentia,1067.696,193.54,Near Threatened
Federal maybe,Reptilia,Anura,1047.8,1926.54,Vulnerable
Rock situation,Amphibia,Carnivora,4608.647,841.31,Near Threatened
Think successful,Amphibia,Anura,115.284,2231.9,Endangered
Form suffer,Actinopterygii,Rodentia,3817.768,1119.17,Least Concern
Especially how,Amphibia,Primates,4973.575,1650.27,Endangered
Become subject,Amphibia,Rodentia,2941.97,2674.65,Extinct in the Wild
Southern form,Aves,Primates,2046.861,1894.27,Near Threatened
Choice fish,Mammalia,Carnivora,4793.071,1043.01,Critically Endangered
Purpose can,Actinopterygii,Anura,1746.305,2237.14,Near Threatened
Another often,Mammalia,Rodentia,4921.949,2008.97,Endangered
Safe result,Actinopterygii,Squamata,3398.298,2679.99,Endangered
Simple maintain,Mammalia,Carnivora,4092.689,556.69,Extinct in the Wild
Theory with,Aves,Rodentia,4391.889,158.91,Critically Endangered
Hotel check,Mammalia,Passeriformes,1217.954,2447.43,Near Threatened
Green front,Amphibia,Squamata,4388.641,768.23,Vulnerable
Goal technology,Aves,Passeriformes,2856.168,100.98,Near Threatened
People school,Amphibia,Anura,3709.423,1584.79,Near Threatened
Parent left,Mammalia,Carnivora,715.944,775.64,Critically Endangered
Next painting,Mammalia,Primates,170.162,2488.88,Least Concern
Argue yeah,Amphibia,Squamata,2687.071,2389.91,Near Threatened
Behavior sing,Aves,Rodentia,4484.919,2259.9,Least Concern
Difficult beautiful,Reptilia,Carnivora,1795.463,979.78,Extinct in the Wild
Return sign,Mammalia,Rodentia,3690.31,2416.54,Near Threatened
Defense right,Actinopterygii,Carnivora,1721.61,2752.37,Least Concern
Day must,Amphibia,Rodentia,1616.988,2308.16,Vulnerable
Receive former,Aves,Carnivora,586.508,2190.72,Endangered
Nature past,Reptilia,Passeriformes,2999.318,1722.49,Critically Endangered
Approach economy,Actinopterygii,Passeriformes,4581.471,1712.92,Critically Endangered
School only,Reptilia,Passeriformes,1164.452,2207.19,Critically Endangered
Hair focus,Amphibia,Squamata,1450.095,2755.72,Extinct in the Wild
Discuss some,Mammalia,Squamata,2490.989,1267.99,Near Threatened
Glass finally,Reptilia,Rodentia,1591.055,496.34,Near Threatened
Teach per,Aves,Rodentia,3719.623,2910.88,Least Concern
Month both,Aves,Primates,790.498,786.87,Extinct in the Wild
Page car,Reptilia,Primates,4405.327,923.49,Endangered
Spring suffer,Mammalia,Passeriformes,329.182,261.61,Critically Endangered
Everyone threat,Amphibia,Squamata,3482.599,1383.32,Least Concern
Claim meet,Actinopterygii,Anura,4536.687,925.08,Vulnerable
Affect plan,Mammalia,Passeriformes,940.743,591.99,Critically Endangered
Summer about,Aves,Passeriformes,2233.634,1495.56,Extinct in the Wild
High big,Actinopterygii,Primates,2478.212,6.29,Vulnerable
Two become,Amphibia,Squamata,2417.046,1175.15,Endangered
Security very,Amphibia,Primates,1772.013,1167.55,Extinct in the Wild
Rest arm,Amphibia,Passeriformes,4374.135,2671.74,Endangered
Wind well,Reptilia,Anura,3986.123,1699.84,Least Concern
Maybe buy,Aves,Rodentia,210.719,1706.68,Critically Endangered
Light reality,Aves,Squamata,4616.141,1783.73,Least Concern
Hotel try,Mammalia,Primates,4621.327,2287.06,Near Threatened
Television so,Mammalia,Rodentia,103.884,1975.18,Vulnerable
Push their,Actinopterygii,Carnivora,4977.16,1877.94,Endangered
Control store,Mammalia,Passeriformes,1846.824,32.45,Critically Endangered
Sea thing,Amphibia,Passeriformes,1489.406,1702.35,Extinct in the Wild
Most rule,Actinopterygii,Carnivora,1599.558,2554.27,Least Concern
Certain defense,Mammalia,Rodentia,1494.938,773.14,Extinct in the Wild
Out head,Reptilia,Carnivora,558.384,2227.62,Extinct in the Wild
Conference product,Mammalia,Rodentia,2537.745,2071.25,Critically Endangered
Book if,Actinopterygii,Squamata,4598.886,1132.18,Critically Endangered
Admit board,Amphibia,Primates,2276.655,2899.71,Extinct in the Wild
Ten reflect,Reptilia,Carnivora,1126.858,2365.09,Near Threatened
Glass wife,Amphibia,Squamata,1218.839,469.16,Least Concern
Store recently,Reptilia,Passeriformes,2790.371,2495.51,Least Concern
Past first,Actinopterygii,Carnivora,4651.77,1135.71,Near Threatened
West shoulder,Reptilia,Carnivora,4293.767,2453.08,Vulnerable
Fall game,Aves,Passeriformes,1704.248,1235.75,Near Threatened
I phone,Aves,Primates,196.225,854.35,Critically Endangered
Avoid food,Actinopterygii,Carnivora,1212.031,2117.52,Least Concern
White cell,Aves,Carnivora,2794.416,2786.61,Vulnerable
School to,Aves,Rodentia,4097.123,1930.18,Extinct in the Wild
Former investment,Amphibia,Rodentia,2573.426,2233.95,Endangered
Value strategy,Amphibia,Rodentia,2129.053,94.73,Extinct in the Wild
Dog figure,Reptilia,Anura,4144.256,745.67,Critically Endangered
Street theory,Aves,Carnivora,812.309,1393.94,Near Threatened
Become appear,Reptilia,Squamata,394.709,624.32,Vulnerable
Country take,Amphibia,Rodentia,2.567,174.1,Least Concern
East probably,Reptilia,Anura,4798.281,1617.19,Vulnerable
Ten play,Mammalia,Carnivora,2024.899,657.64,Vulnerable
Relate the,Reptilia,Rodentia,3231.741,1350.47,Vulnerable
Chance himself,Actinopterygii,Primates,1680.458,2503.74,Least Concern
Quite himself,Aves,Passeriformes,4599.252,2587.43,Least Concern
Develop coach,Actinopterygii,Squamata,1839.533,324.59,Extinct in the Wild
Would early,Aves,Anura,1002.968,2928.39,Extinct in the Wild
Land officer,Aves,Primates,3927.874,2042.95,Vulnerable
Position happen,Aves,Rodentia,2007.845,456.24,Critically Endangered
Such million,Mammalia,Primates,258.202,7.09,Least Concern
President ground,Mammalia,Carnivora,2714.117,509.21,Near Threatened
Audience image,Amphibia,Anura,4364.312,1504.34,Least Concern
Result fall,Actinopterygii,Primates,3557.292,2441.04,Vulnerable
Well standard,Amphibia,Primates,2022.064,2237.12,Endangered
Believe phone,Reptilia,Carnivora,878.756,1173.35,Extinct in the Wild
Gas back,Actinopterygii,Primates,838.69,2923.94,Least Concern
Take collection,Reptilia,Primates,2642.521,635.97,Critically Endangered
Home PM,Actinopterygii,Rodentia,4085.904,349.38,Vulnerable
People sense,Actinopterygii,Passeriformes,444.893,2226.89,Extinct in the Wild
See risk,Mammalia,Primates,4736.327,532.18,Critically Endangered
Kind onto,Mammalia,Rodentia,188.808,364.13,Least Concern
Something early,Aves,Anura,3347.79,358.1,Vulnerable
Whole herself,Amphibia,Anura,2625.843,979.52,Near Threatened
Ready wish,Aves,Squamata,2429.84,1494.87,Least Concern
Late front,Actinopterygii,Anura,404.192,2816.03,Critically Endangered
Type for,Reptilia,Squamata,4601.886,2648.2,Extinct in the Wild
Resource Democrat,Actinopterygii,Rodentia,1074.421,1678.86,Near Threatened
Marriage pay,Amphibia,Anura,3689.903,2276.03,Extinct in the Wild
Focus every,Actinopterygii,Carnivora,3771.739,749.48,Endangered
This prevent,Mammalia,Rodentia,2919.936,2909.16,Extinct in the Wild
Book week,Aves,Rodentia,2787.126,1076.41,Extinct in the Wild
Easy adult,Actinopterygii,Passeriformes,4791.466,1158.7,Vulnerable
Management middle,Aves,Primates,1253.349,1713.11,Extinct in the Wild
Sister value,Aves,Squamata,3942.189,2652.56,Vulnerable
Easy reality,Aves,Anura,4033.435,1180.34,Least Concern
Light free,Amphibia,Squamata,1144.177,2701.49,Critically Endangered
Morning Congress,Mammalia,Primates,2242.471,2067.94,Vulnerable
Current begin,Mammalia,Carnivora,692.951,433.7,Critically Endangered
Value interest,Reptilia,Primates,1286.242,442.25,Near Threatened
Address same,Reptilia,Squamata,776.426,662.5,Least Concern
Moment mention,Amphibia,Squamata,27.058,2598.4,Vulnerable
Statement hundred,Aves,Anura,4241.775,1163.55,Near Threatened
Tree send,Actinopterygii,Rodentia,3372.833,1276.54,Endangered
Particular main,Mammalia,Squamata,2795.77,1275.61,Endangered
Loss ahead,Mammalia,Primates,1250.094,1119.61,Extinct in the Wild
Development arrive,Reptilia,Rodentia,3743.668,315.23,Critically Endangered
Argue training,Reptilia,Squamata,3722.546,1213.85,Critically Endangered
Anyone save,Actinopterygii,Passeriformes,3485.288,2402.27,Vulnerable
Paper card,Amphibia,Anura,470.297,2284.74,Vulnerable
Product left,Mammalia,Rodentia,2837.77,1216.38,Critically Endangered
Pass history,Amphibia,Squamata,4039.758,1968.89,Vulnerable
Operation since,Actinopterygii,Squamata,1216.887,549.81,Extinct in the Wild
Money speech,Reptilia,Anura,541.888,1402.31,Vulnerable
Floor nothing,Aves,Rodentia,480.047,905.42,Extinct in the Wild
Language fast,Reptilia,Passeriformes,2644.279,2314.41,Endangered
Thus nearly,Mammalia,Primates,790.859,817.48,Endangered
Imagine drug,Aves,Rodentia,3778.288,1845.85,Vulnerable
Road authority,Actinopterygii,Anura,2763.77,499.89,Near Threatened
Interview art,Aves,Anura,525.233,228.97,Least Concern
Student level,Actinopterygii,Squamata,2771.003,2616.42,Vulnerable
Less after,Mammalia,Carnivora,2249.945,846.59,Least Concern
Step option,Amphibia,Primates,3184.511,362.71,Near Threatened
Happen perform,Amphibia,Passeriformes,4654.64,2936.88,Extinct in the Wild
Sign already,Mammalia,Squamata,4454.007,530.98,Vulnerable
Adult arrive,Amphibia,Squamata,2118.722,2935.71,Vulnerable
White he,Reptilia,Carnivora,4367.299,1162.67,Least Concern
Real follow,Aves,Passeriformes,4763.113,149.35,Endangered
Painting discuss,Actinopterygii,Primates,2039.58,2164.62,Near Threatened
Sing decade,Reptilia,Primates,4634.714,1645.99,Vulnerable
Finish customer,Reptilia,Passeriformes,3216.815,1580.65,Critically Endangered
Pass hour,Reptilia,Rodentia,2116.038,1717.2,Near Threatened
Science yourself,Aves,Rodentia,1994.146,1783.27,Endangered
Common discover,Mammalia,Anura,4722.406,2670.89,Least Concern
Fly process,Reptilia,Rodentia,3330.331,2926.94,Vulnerable
Oil address,Aves,Passeriformes,62.983,2539.52,Endangered
Professor physical,Mammalia,Rodentia,3958.43,2854.19,Extinct in the Wild
Cut group,Aves,Anura,2131.656,327.4,Vulnerable
Change under,Amphibia,Carnivora,4490.363,1069.3,Least Concern
Ability ago,Amphibia,Rodentia,632.529,600.23,Vulnerable
Have event,Reptilia,Carnivora,2776.816,949.97,Vulnerable
While free,Amphibia,Squamata,2834.55,2285.1,Least Concern
Nice well,Actinopterygii,Passeriformes,4509.106,2269.97,Critically Endangered
Someone animal,Mammalia,Passeriformes,2859.342,2637.37,Extinct in the Wild
Help property,Actinopterygii,Rodentia,1296.942,862.2,Near Threatened
Could realize,Amphibia,Carnivora,1751.659,499.94,Endangered
Law modern,Actinopterygii,Primates,3636.653,2299.84,Vulnerable
Yard south,Reptilia,Passeriformes,4776.62,993.59,Critically Endangered
Claim late,Actinopterygii,Anura,2005.333,2246.98,Critically Endangered
Seat tell,Amphibia,Primates,555.165,677.23,Endangered
Recently decide,Amphibia,Squamata,74.28,1715.44,Vulnerable
Amount choice,Aves,Rodentia,4161.569,2380.96,Endangered
Clearly official,Mammalia,Rodentia,1006.017,879.33,Critically Endangered
Trouble source,Mammalia,Squamata,1434.144,2034.23,Vulnerable
Into success,Reptilia,Passeriformes,1087.747,952.92,Near Threatened
Car be,Amphibia,Carnivora,3352.274,1900.08,Near Threatened
Everyone land,Mammalia,Rodentia,3750.936,1752.36,Extinct in the Wild
Expert both,Reptilia,Squamata,2545.328,1259.11,Endangered
Customer since,Amphibia,Rodentia,999.31,1886.53,Endangered
Room picture,Aves,Passeriformes,4212.706,2824.79,Vulnerable
Pressure catch,Actinopterygii,Primates,1741.157,633.4,Least Concern
Nice lot,Actinopterygii,Rodentia,4788.995,487.72,Vulnerable
Experience mention,Actinopterygii,Primates,3120.171,2329.72,Near Threatened
Manage husband,Actinopterygii,Rodentia,3207.556,250.42,Critically Endangered
Born thank,Amphibia,Squamata,3233.093,763.24,Extinct in the Wild
Ability environment,Mammalia,Primates,2577.82,175.79,Vulnerable
Stage trouble,Mammalia,Passeriformes,2467.886,2843.94,Least Concern
American opportunity,Amphibia,Passeriformes,1232.43,1105.84,Near Threatened
Fall between,Reptilia,Passeriformes,4255.161,1199.88,Near Threatened
Environmental modern,Amphibia,Rodentia,797.417,1248.14,Vulnerable
Return artist,Amphibia,Anura,2575.203,2369.73,Extinct in the Wild
Dog manager,Mammalia,Passeriformes,2589.276,948.59,Vulnerable
School career,Amphibia,Squamata,3933.117,2560.48,Extinct in the Wild
Admit firm,Amphibia,Rodentia,442.952,981.66,Endangered
Scientist painting,Mammalia,Passeriformes,835.155,2920.87,Extinct in the Wild
Central about,Actinopterygii,Squamata,4322.241,2703.83,Near Threatened
Subject watch,Actinopterygii,Passeriformes,2552.98,2908.14,Critically Endangered
Stuff hear,Mammalia,Anura,1179.877,1447.52,Near Threatened
Free tell,Mammalia,Anura,4896.724,1485.04,Endangered
Son prevent,Aves,Passeriformes,2733.56,2049.75,Critically Endangered
Between minute,Amphibia,Passeriformes,1673.738,2317.05,Extinct in the Wild
Family sister,Amphibia,Squamata,2624.929,1218.64,Extinct in the Wild
Like world,Amphibia,Carnivora,2293.175,75.18,Critically Endangered
National product,Actinopterygii,Carnivora,1105.879,800.4,Critically Endangered
I claim,Mammalia,Carnivora,4903.515,640.03,Least Concern
Thank guy,Mammalia,Primates,4437.794,1745.62,Endangered
Plant phone,Reptilia,Carnivora,2038.747,1536.6,Extinct in the Wild
Answer letter,Aves,Carnivora,3161.312,2968.39,Endangered
Plant card,Aves,Squamata,814.424,1580.02,Least Concern
Too how,Actinopterygii,Squamata,1442.177,1592.81,Extinct in the Wild
Now she,Aves,Squamata,3693.125,1155.19,Critically Endangered
Agree black,Reptilia,Squamata,283.915,1380.97,Near Threatened
Court hospital,Mammalia,Anura,4770.82,2108.95,Endangered
Home our,Actinopterygii,Rodentia,1390.728,745.66,Least Concern
Operation most,Actinopterygii,Primates,2817.923,1015.71,Least Concern
Range wind,Amphibia,Carnivora,1289.488,2599.65,Critically Endangered
Purpose chance,Actinopterygii,Anura,3120.977,2411.44,Extinct in the Wild
Structure history,Actinopterygii,Carnivora,240.398,2194.2,Near Threatened
Weight son,Amphibia,Anura,3827.846,260.1,Extinct in the Wild
Baby perhaps,Amphibia,Carnivora,2240.365,2176.35,Vulnerable
Either listen,Aves,Primates,1174.842,2679.11,Vulnerable
Heavy someone,Reptilia,Primates,2757.399,2950.15,Extinct in the Wild
Democratic apply,Mammalia,Anura,755.509,2606.01,Near Threatened
Think camera,Reptilia,Primates,189.167,2193.43,Endangered
Move eat,Reptilia,Rodentia,3481.968,2387.46,Extinct in the Wild
Require owner,Amphibia,Anura,1884.965,1719.09,Endangered
Health perhaps,Amphibia,Squamata,512.86,2377.54,Critically Endangered
Chair eye,Actinopterygii,Primates,4805.338,325.92,Critically Endangered
They explain,Aves,Rodentia,4074.732,2539.57,Critically Endangered
Bad PM,Reptilia,Anura,2066.607,2068.88,Endangered
Wear sign,Reptilia,Squamata,3350.455,1458.77,Least Concern
Scientist just,Aves,Rodentia,268.496,607.86,Critically Endangered
Per party,Actinopterygii,Rodentia,3762.792,2621.08,Critically Endangered
Every country,Mammalia,Squamata,3049.849,1718.99,Near Threatened
Provide finally,Mammalia,Primates,192.405,2833.85,Vulnerable
Important rest,Reptilia,Anura,241.12,585.71,Near Threatened
Audience we,Mammalia,Primates,3441.198,2182.18,Vulnerable
Whom will,Mammalia,Rodentia,1378.721,1619.91,Endangered
Modern with,Reptilia,Squamata,1058.974,1855.4,Critically Endangered
Dog service,Aves,Passeriformes,3.035,2003.15,Near Threatened
Far your,Actinopterygii,Squamata,3082.117,114.65,Vulnerable
Pm everyone,Mammalia,Carnivora,2790.365,2883.15,Critically Endangered
Technology color,Reptilia,Anura,3548.545,1347.28,Endangered
Newspaper challenge,Mammalia,Primates,1392.152,2897.14,Extinct in the Wild
Give who,Mammalia,Primates,1603.614,2019.77,Near Threatened
Couple will,Amphibia,Carnivora,1452.97,1127.68,Vulnerable
Yeah picture,Mammalia,Anura,1706.948,993.06,Near Threatened
Understand history,Reptilia,Primates,3302.087,1257.04,Vulnerable
Federal respond,Aves,Primates,4540.923,673.22,Vulnerable
Health evidence,Reptilia,Passeriformes,3741.827,1338.53,Critically Endangered
Same finish,Amphibia,Rodentia,3766.876,370.2,Vulnerable
Box education,Reptilia,Passeriformes,1779.336,1921.49,Critically Endangered
Consider remain,Aves,Carnivora,1873.839,2237.5,Least Concern
Drop bar,Mammalia,Carnivora,3412.036,140.36,Vulnerable
Sense support,Mammalia,Squamata,1085.732,31.9,Extinct in the Wild
Trip level,Actinopterygii,Squamata,1388.505,1031.78,Extinct in the Wild
Available must,Mammalia,Passeriformes,3403.354,221.4,Vulnerable
Head rise,Actinopterygii,Carnivora,937.014,63.9,Extinct in the Wild
Up word,Aves,Carnivora,3297.547,142.01,Least Concern
Open front,Mammalia,Primates,1160.022,1086.69,Vulnerable
Family figure,Mammalia,Anura,2020.718,30.34,Critically Endangered
Congress send,Reptilia,Passeriformes,1117.824,1343.25,Endangered
Result Mr,Reptilia,Anura,2910.822,249.12,Endangered
Parent sit,Reptilia,Rodentia,3218.884,493.94,Near Threatened
Stock none,Mammalia,Anura,1629.88,2779.0,Critically Endangered
Morning relationship,Aves,Passeriformes,2066.927,749.13,Extinct in the Wild
Sing fine,Reptilia,Primates,605.776,947.62,Endangered
Television across,Actinopterygii,Rodentia,3493.175,770.46,Least Concern
Option character,Reptilia,Anura,184.264,1598.3,Near Threatened
War individual,Amphibia,Carnivora,3119.34,1151.86,Vulnerable
Pull morning,Actinopterygii,Carnivora,50.074,2008.46,Critically Endangered
Cell oil,Aves,Primates,3873.24,441.05,Endangered
Successful television,Actinopterygii,Primates,4270.528,935.41,Least Concern
Discuss various,Reptilia,Passeriformes,4869.102,1484.37,Least Concern
Staff world,Amphibia,Squamata,2528.868,1235.78,Critically Endangered
Responsibility television,Reptilia,Squamata,2327.94,744.03,Critically Endangered
Admit newspaper,Mammalia,Passeriformes,4258.983,678.06,Critically Endangered
Us green,Reptilia,Squamata,2482.408,2191.86,Vulnerable
Enough animal,Reptilia,Squamata,3521.194,1842.1,Least Concern
Well join,Reptilia,Carnivora,4162.33,2851.18,Least Concern
Personal money,Aves,Squamata,527.273,1359.56,Endangered
Goal agency,Amphibia,Primates,3290.401,2879.95,Vulnerable
Defense ever,Reptilia,Squamata,1844.594,2281.64,Vulnerable
Example everything,Reptilia,Rodentia,761.236,747.77,Extinct in the Wild
Research surface,Aves,Anura,875.009,1321.52,Critically Endangered
Eat particularly,Amphibia,Passeriformes,473.446,646.49,Critically Endangered
Security none,Amphibia,Primates,3565.552,787.07,Vulnerable
Weight shake,Aves,Squamata,3746.477,414.07,Vulnerable
Growth west,Amphibia,Squamata,4428.728,27.25,Extinct in the Wild
North daughter,Reptilia,Rodentia,1953.439,2287.73,Near Threatened
Special color,Amphibia,Primates,1381.856,1357.87,Extinct in the Wild
Everybody ground,Actinopterygii,Anura,2027.834,1990.76,Extinct in the Wild
Natural picture,Amphibia,Carnivora,1113.227,1570.22,Critically Endangered
Dream keep,Aves,Carnivora,35.528,870.38,Extinct in the Wild
Political stuff,Amphibia,Passeriformes,1749.065,1290.85,Least Concern
East western,Amphibia,Squamata,1765.682,1006.97,Least Concern
Hand around,Actinopterygii,Rodentia,142.4,2424.62,Vulnerable
Dog think,Aves,Passeriformes,4411.204,1118.99,Extinct in the Wild
Many discuss,Amphibia,Rodentia,380.731,792.11,Extinct in the Wild
Line north,Amphibia,Carnivora,4420.335,2856.52,Extinct in the Wild
Factor identify,Amphibia,Primates,3326.867,755.43,Extinct in the Wild
Plan religious,Mammalia,Squamata,894.891,2470.5,Vulnerable
Rise determine,Mammalia,Squamata,2858.024,2099.05,Near Threatened
Break piece,Reptilia,Passeriformes,2024.046,2894.32,Extinct in the Wild
Follow save,Amphibia,Passeriformes,1683.199,2717.14,Near Threatened
Could all,Reptilia,Rodentia,4568.939,1607.07,Endangered
Ready spend,Amphibia,Primates,4156.802,1795.82,Critically Endangered
Real wear,Actinopterygii,Passeriformes,4776.042,722.74,Vulnerable
Say poor,Reptilia,Squamata,2758.262,1737.96,Vulnerable
Help ask,Reptilia,Primates,1980.247,286.99,Near Threatened
I machine,Aves,Carnivora,1349.067,278.97,Endangered
Sing own,Reptilia,Passeriformes,3146.971,2715.81,Endangered
Attorney local,Amphibia,Rodentia,558.873,2866.89,Near Threatened
Product summer,Mammalia,Rodentia,55.353,352.31,Near Threatened
Medical total,Amphibia,Passeriformes,977.504,1376.48,Endangered
Reduce hotel,Mammalia,Carnivora,3237.648,2803.9,Endangered
Score turn,Amphibia,Carnivora,3019.691,1477.33,Extinct in the Wild
Case detail,Reptilia,Rodentia,2016.096,25.74,Endangered
Sister brother,Aves,Squamata,4423.563,2080.42,Vulnerable
Art light,Amphibia,Primates,207.586,1706.84,Extinct in the Wild
Also actually,Aves,Primates,1626.704,1433.89,Critically Endangered
Court choose,Aves,Anura,4023.818,2440.18,Least Concern
True minute,Reptilia,Carnivora,1541.967,1590.9,Critically Endangered
Run force,Reptilia,Rodentia,184.148,2133.19,Endangered
Across environment,Mammalia,Passeriformes,1189.838,2588.24,Near Threatened
Claim win,Actinopterygii,Carnivora,3063.435,2721.78,Critically Endangered
Real organization,Amphibia,Carnivora,822.244,2988.79,Near Threatened
Vote again,Mammalia,Rodentia,1459.882,2866.02,Extinct in the Wild
Nearly around,Aves,Carnivora,4156.348,1667.5,Extinct in the Wild
Training about,Actinopterygii,Passeriformes,4088.98,2099.73,Least Concern
Site claim,Actinopterygii,Passeriformes,1591.986,415.34,Critically Endangered
Notice media,Reptilia,Primates,223.801,640.81,Extinct in the Wild
Cover scientist,Actinopterygii,Passeriformes,69.826,1768.79,Near Threatened
Thus seek,Aves,Primates,3614.087,556.11,Near Threatened
With country,Aves,Rodentia,3219.867,1359.07,Near Threatened
Position gas,Actinopterygii,Rodentia,1278.967,2552.15,Vulnerable
Customer lead,Amphibia,Primates,2344.529,1422.72,Near Threatened
Reach product,Aves,Squamata,4111.072,2870.81,Endangered
Woman record,Mammalia,Primates,223.924,477.43,Near Threatened
Young public,Reptilia,Passeriformes,1298.302,1056.02,Near Threatened
Century item,Reptilia,Primates,803.925,487.37,Vulnerable
Best consumer,Actinopterygii,Squamata,4543.811,1101.08,Critically Endangered
Decade discussion,Actinopterygii,Squamata,1143.36,815.71,Endangered
Sea look,Actinopterygii,Passeriformes,763.444,1189.94,Near Threatened
Office only,Reptilia,Primates,376.63,454.64,Critically Endangered
Future car,Reptilia,Squamata,59.926,2286.33,Vulnerable
International magazine,Actinopterygii,Squamata,3430.652,1587.5,Vulnerable
Agency color,Aves,Carnivora,528.742,2502.14,Extinct in the Wild
Away order,Mammalia,Anura,1950.62,2770.63,Near Threatened
Until safe,Actinopterygii,Rodentia,435.992,2340.57,Critically Endangered
Travel ask,Amphibia,Passeriformes,4989.772,2851.0,Near Threatened
Go animal,Mammalia,Passeriformes,325.985,620.7,Extinct in the Wild
Business local,Reptilia,Primates,550.786,2209.33,Vulnerable
Option clear,Reptilia,Rodentia,1176.754,2208.57,Vulnerable
Way forget,Aves,Carnivora,4001.324,2802.87,Extinct in the Wild
Majority provide,Mammalia,Rodentia,996.874,142.04,Vulnerable
Look near,Actinopterygii,Primates,1183.255,2500.78,Least Concern
Enjoy admit,Actinopterygii,Anura,16.849,1917.25,Critically Endangered
Lawyer imagine,Mammalia,Squamata,3557.378,2262.56,Extinct in the Wild
Develop set,Amphibia,Primates,223.12,2668.6,Endangered
Different product,Aves,Carnivora,293.782,46.09,Least Concern
Mention fight,Aves,Squamata,1564.361,2605.01,Extinct in the Wild
Current partner,Aves,Anura,2621.783,2317.28,Vulnerable
Appear why,Actinopterygii,Squamata,1309.872,1515.14,Extinct in the Wild
Leg partner,Reptilia,Rodentia,1524.991,2928.33,Least Concern
Everyone allow,Aves,Rodentia,3475.886,1878.56,Vulnerable
Fund cut,Mammalia,Anura,1347.149,2262.17,Least Concern
Republican decision,Mammalia,Primates,2773.046,696.3,Extinct in the Wild
Could more,Actinopterygii,Rodentia,47.299,782.25,Extinct in the Wild
That opportunity,Mammalia,Carnivora,390.288,1881.6,Vulnerable
Respond station,Mammalia,Rodentia,816.099,159.22,Least Concern
Country dark,Reptilia,Passeriformes,1702.083,805.72,Least Concern
Concern together,Actinopterygii,Squamata,4886.636,112.92,Near Threatened
Place shake,Aves,Carnivora,54.055,375.78,Critically Endangered
Force against,Reptilia,Passeriformes,94.194,804.9,Vulnerable
International indicate,Mammalia,Carnivora,618.845,339.95,Vulnerable
Against sometimes,Reptilia,Squamata,1793.362,1531.62,Critically Endangered
Information someone,Mammalia,Anura,2023.089,602.09,Vulnerable
Bag control,Amphibia,Primates,2918.64,221.9,Vulnerable
This region,Aves,Passeriformes,2099.176,1940.25,Vulnerable
Type treatment,Mammalia,Anura,875.457,1761.94,Endangered
Figure necessary,Reptilia,Passeriformes,1683.375,2903.07,Least Concern
Several model,Aves,Carnivora,4984.242,563.5,Extinct in the Wild
Force feeling,Aves,Rodentia,4852.781,312.08,Least Concern
History almost,Amphibia,Squamata,168.177,2899.53,Vulnerable
Adult prevent,Reptilia,Squamata,4797.618,1991.56,Near Threatened
Section policy,Mammalia,Anura,4734.15,853.76,Endangered
Rise stuff,Amphibia,Passeriformes,1974.058,305.2,Extinct in the Wild
Century same,Reptilia,Rodentia,1726.061,2492.29,Near Threatened
Understand wife,Reptilia,Primates,4467.786,1493.85,Extinct in the Wild
Situation treat,Reptilia,Carnivora,4614.525,56.88,Near Threatened
Especially energy,Amphibia,Anura,4080.421,431.36,Near Threatened
Write site,Actinopterygii,Carnivora,321.698,1767.4,Critically Endangered
Community bad,Aves,Primates,1149.81,2664.06,Extinct in the Wild
Blood know,Aves,Primates,4628.31,2959.88,Vulnerable
Region create,Reptilia,Passeriformes,263.831,240.43,Critically Endangered
Million appear,Mammalia,Passeriformes,315.088,1974.89,Critically Endangered
Community although,Mammalia,Rodentia,1344.991,1226.65,Least Concern
Relate son,Amphibia,Anura,3865.793,1936.04,Least Concern
Can after,Mammalia,Anura,2102.754,1133.5,Extinct in the Wild
Stop fish,Aves,Passeriformes,4110.061,671.67,Vulnerable
Much rate,Reptilia,Carnivora,4352.915,487.73,Critically Endangered
Necessary memory,Mammalia,Carnivora,2751.179,2490.47,Critically Endangered
Age black,Mammalia,Passeriformes,1007.579,204.59,Vulnerable
Center method,Amphibia,Passeriformes,3289.927,2132.99,Endangered
Property seem,Actinopterygii,Carnivora,1435.393,2010.13,Endangered
Administration price,Mammalia,Rodentia,64.149,138.3,Vulnerable
Professor walk,Amphibia,Primates,2013.791,1031.15,Endangered
Area suffer,Mammalia,Anura,4444.383,1335.06,Least Concern
Red as,Reptilia,Passeriformes,4128.056,2009.46,Critically Endangered
Several commercial,Actinopterygii,Primates,1533.371,1270.31,Endangered
Top return,Amphibia,Anura,1951.239,2026.89,Least Concern
Memory morning,Amphibia,Rodentia,2200.016,1112.25,Near Threatened
His list,Reptilia,Primates,27.835,775.18,Endangered
Either us,Aves,Carnivora,1484.158,2909.42,Near Threatened
Series build,Amphibia,Carnivora,2753.49,2592.81,Near Threatened
Matter economy,Aves,Carnivora,1158.199,2554.69,Least Concern
Risk the,Mammalia,Carnivora,3979.32,1236.43,Vulnerable
School every,Amphibia,Rodentia,1643.039,820.47,Vulnerable
Push agree,Amphibia,Rodentia,2506.919,1977.3,Vulnerable
Network piece,Aves,Anura,887.914,144.49,Endangered
Front anything,Reptilia,Primates,2531.473,330.21,Extinct in the Wild
Of stuff,Aves,Carnivora,2215.935,1157.85,Vulnerable
Pass member,Actinopterygii,Rodentia,2024.814,2374.41,Near Threatened
Reach team,Actinopterygii,Carnivora,3240.759,2590.82,Endangered
School born,Mammalia,Carnivora,3834.229,2536.12,Critically Endangered
Left opportunity,Aves,Carnivora,3235.606,710.97,Extinct in the Wild
Fall series,Amphibia,Carnivora,4605.98,933.89,Vulnerable
Travel society,Amphibia,Carnivora,1001.011,964.66,Vulnerable
Memory oil,Amphibia,Squamata,1715.414,1487.69,Extinct in the Wild
Fear blue,Actinopterygii,Passeriformes,2327.771,2646.67,Least Concern
Goal raise,Actinopterygii,Rodentia,4460.812,1294.84,Least Concern
Figure sound,Reptilia,Passeriformes,2778.357,883.72,Least Concern
Listen near,Reptilia,Carnivora,3282.79,1643.3,Extinct in the Wild
Structure already,Amphibia,Carnivora,2119.965,1969.57,Vulnerable
Tend really,Aves,Rodentia,4934.648,1811.43,Critically Endangered
Gun set,Amphibia,Squamata,1419.802,263.4,Vulnerable
Successful entire,Reptilia,Anura,733.32,38.61,Vulnerable
Join talk,Mammalia,Squamata,3587.488,1282.93,Extinct in the Wild
Man yeah,Aves,Carnivora,906.503,2667.74,Endangered
Your interview,Mammalia,Anura,76.184,1861.94,Extinct in the Wild
Different create,Reptilia,Rodentia,4510.099,2768.72,Vulnerable
Example start,Reptilia,Carnivora,89.893,416.34,Least Concern
School go,Aves,Squamata,1795.045,826.77,Extinct in the Wild
Institution prepare,Aves,Passeriformes,1955.54,1994.62,Near Threatened
Nothing main,Aves,Primates,3535.558,935.15,Extinct in the Wild
Police general,Actinopterygii,Carnivora,2966.615,2961.64,Endangered
Series learn,Amphibia,Anura,295.844,2481.0,Endangered
Policy director,Reptilia,Carnivora,4304.084,2445.61,Extinct in the Wild
Possible also,Amphibia,Primates,2317.163,2288.47,Endangered
Particularly cut,Reptilia,Carnivora,1308.728,727.11,Vulnerable
People trade,Amphibia,Primates,4095.055,348.73,Extinct in the Wild
Always war,Actinopterygii,Carnivora,1597.487,1487.63,Vulnerable
Something enjoy,Actinopterygii,Primates,2982.658,2897.1,Least Concern
When without,Mammalia,Squamata,1764.745,220.81,Extinct in the Wild
Meeting cause,Mammalia,Primates,2507.268,295.14,Least Concern
Card hotel,Reptilia,Rodentia,4064.226,2295.48,Critically Endangered
Training onto,Amphibia,Passeriformes,3642.228,2681.62,Vulnerable
Budget beyond,Actinopterygii,Passeriformes,534.801,1456.54,Vulnerable
Summer four,Aves,Passeriformes,1543.295,859.68,Critically Endangered
Together case,Mammalia,Carnivora,1131.367,2987.4,Extinct in the Wild
Majority leave,Actinopterygii,Rodentia,2992.1,1193.32,Least Concern
Record in,Aves,Passeriformes,2745.122,123.06,Least Concern
Perform remain,Actinopterygii,Squamata,3257.624,1663.46,Endangered
They pressure,Amphibia,Passeriformes,4942.732,601.42,Near Threatened
Recognize happen,Reptilia,Primates,1692.556,115.09,Endangered
Two play,Aves,Passeriformes,3527.686,1832.33,Vulnerable
Say make,Aves,Anura,3968.762,1586.22,Extinct in the Wild
Data very,Amphibia,Anura,1337.892,561.05,Vulnerable
Able authority,Mammalia,Anura,3929.644,2934.3,Vulnerable
Attack and,Aves,Carnivora,299.257,477.84,Critically Endangered
Expert then,Actinopterygii,Squamata,1002.842,1914.91,Least Concern
Leg suffer,Reptilia,Passeriformes,3961.592,1062.02,Near Threatened
Table learn,Reptilia,Anura,3577.802,2227.94,Vulnerable
High poor,Amphibia,Anura,3179.162,1170.33,Critically Endangered
During discuss,Aves,Primates,3750.824,2042.37,Vulnerable
Back stock,Mammalia,Passeriformes,3002.223,272.81,Endangered
Stay must,Reptilia,Rodentia,4072.315,1801.31,Near Threatened
Well picture,Actinopterygii,Primates,2654.532,2708.77,Near Threatened
Grow friend,Reptilia,Passeriformes,3217.887,1624.97,Near Threatened
Television whole,Actinopterygii,Passeriformes,3891.229,1023.6,Near Threatened
Might myself,Mammalia,Squamata,2156.632,610.23,Extinct in the Wild
Guy military,Mammalia,Anura,3658.153,787.47,Endangered
Not suggest,Reptilia,Carnivora,440.607,1965.88,Critically Endangered
Bad concern,Aves,Primates,161.066,907.04,Near Threatened
Collection street,Actinopterygii,Rodentia,1898.546,852.71,Endangered
Business despite,Amphibia,Passeriformes,2699.051,492.82,Critically Endangered
Weight be,Amphibia,Rodentia,3559.458,341.06,Critically Endangered
Former reflect,Amphibia,Primates,2036.196,592.54,Critically Endangered
Thus shoulder,Amphibia,Carnivora,4211.997,978.73,Least Concern
Radio run,Aves,Rodentia,1181.533,783.29,Critically Endangered
Again today,Amphibia,Passeriformes,363.979,717.44,Least Concern
Find week,Actinopterygii,Rodentia,2333.174,2158.83,Near Threatened
Include civil,Reptilia,Carnivora,1113.261,1544.85,Extinct in the Wild
Great out,Reptilia,Passeriformes,1987.781,880.67,Critically Endangered
Answer down,Mammalia,Primates,4859.236,1723.14,Least Concern
Decade analysis,Actinopterygii,Primates,3023.027,2877.08,Extinct in the Wild
Range meet,Aves,Primates,1731.991,1903.27,Extinct in the Wild
Though nor,Reptilia,Carnivora,1267.207,2659.96,Near Threatened
Across indicate,Amphibia,Primates,1406.98,2074.67,Near Threatened
Thing field,Aves,Primates,3911.131,1054.17,Least Concern
Nearly do,Aves,Anura,3678.503,739.1,Critically Endangered
Modern natural,Amphibia,Anura,102.141,1585.29,Vulnerable
Deep result,Aves,Passeriformes,2467.725,837.58,Vulnerable
Resource billion,Aves,Squamata,1667.182,2627.37,Near Threatened
Organization then,Mammalia,Passeriformes,1783.756,388.69,Vulnerable
American our,Actinopterygii,Primates,3095.654,2011.8,Near Threatened
Response name,Aves,Passeriformes,530.169,977.13,Least Concern
Service manager,Amphibia,Rodentia,2419.37,1042.81,Endangered
Must including,Actinopterygii,Carnivora,2730.588,2676.39,Vulnerable
Dinner yourself,Amphibia,Squamata,2609.109,2011.27,Least Concern
Authority us,Mammalia,Rodentia,1334.665,2571.05,Extinct in the Wild
Or trouble,Amphibia,Passeriformes,2405.437,2974.29,Least Concern
Pattern civil,Actinopterygii,Passeriformes,4294.205,928.56,Least Concern
Foreign amount,Mammalia,Carnivora,787.439,2263.94,Endangered
Finish agree,Actinopterygii,Passeriformes,2364.982,1760.68,Near Threatened
When someone,Actinopterygii,Passeriformes,162.081,1233.51,Endangered
Claim walk,Mammalia,Squamata,1052.807,2445.59,Critically Endangered
Technology white,Actinopterygii,Carnivora,4896.352,1450.91,Least Concern
Direction billion,Aves,Passeriformes,4311.939,1667.37,Critically Endangered
Information loss,Mammalia,Carnivora,4765.056,1660.38,Critically Endangered
Ago throughout,Aves,Passeriformes,1069.087,2598.37,Endangered
Beat act,Aves,Squamata,2938.415,2317.3,Extinct in the Wild
Teach task,Mammalia,Carnivora,2066.058,1961.69,Least Concern
Nature leave,Aves,Primates,3420.851,650.58,Least Concern
Trial affect,Mammalia,Anura,3068.156,1817.98,Extinct in the Wild
Perhaps many,Aves,Anura,507.554,606.77,Near Threatened
Thought population,Aves,Squamata,665.724,2696.1,Critically Endangered
Forward involve,Aves,Rodentia,3578.394,1543.94,Least Concern
Word yes,Aves,Anura,4045.877,43.27,Vulnerable
Inside start,Reptilia,Anura,362.309,2825.19,Near Threatened
Pick likely,Mammalia,Carnivora,3451.12,2732.26,Near Threatened
Simple learn,Reptilia,Primates,2827.937,1961.26,Vulnerable
Age never,Aves,Squamata,3540.561,82.03,Least Concern
Get total,Mammalia,Anura,673.605,1653.7,Critically Endangered
Recognize agent,Amphibia,Squamata,4865.758,105.57,Critically Endangered
Partner away,Actinopterygii,Passeriformes,3762.891,1769.1,Critically Endangered
Ability change,Actinopterygii,Squamata,1475.598,217.15,Endangered
Score both,Amphibia,Squamata,4231.377,593.19,Near Threatened
Note must,Mammalia,Squamata,805.872,1106.75,Critically Endangered
This character,Reptilia,Passeriformes,1444.73,2630.67,Vulnerable
Exist response,Reptilia,Anura,3349.251,805.23,Critically Endangered
Want east,Aves,Carnivora,2961.03,412.73,Near Threatened
Cut fear,Actinopterygii,Anura,453.216,648.45,Critically Endangered
Reason country,Aves,Squamata,977.895,2536.7,Near Threatened
West should,Actinopterygii,Squamata,3379.086,373.14,Vulnerable
Town politics,Mammalia,Primates,2861.564,87.51,Extinct in the Wild
Bit human,Amphibia,Primates,4137.156,2446.49,Endangered
Plant activity,Actinopterygii,Rodentia,1069.022,2741.09,Extinct in the Wild
Spring structure,Mammalia,Passeriformes,273.124,797.96,Extinct in the Wild
Enjoy enough,Mammalia,Passeriformes,4568.866,1702.83,Critically Endangered
Wish force,Actinopterygii,Primates,627.339,1502.26,Endangered
Morning happen,Actinopterygii,Rodentia,214.563,220.47,Endangered
Party never,Mammalia,Passeriformes,225.99,1439.25,Near Threatened
Notice item,Amphibia,Primates,3963.758,604.95,Least Concern
Information do,Aves,Rodentia,3555.542,86.01,Endangered
Carry dog,Reptilia,Passeriformes,921.514,132.03,Near Threatened
Majority agree,Aves,Primates,3116.594,1439.13,Least Concern
Color pass,Actinopterygii,Rodentia,2527.661,1168.18,Least Concern
Thank threat,Reptilia,Rodentia,4116.817,1324.3,Critically Endangered
New red,Aves,Carnivora,769.821,1081.72,Critically Endangered
Trial admit,Mammalia,Squamata,2047.847,1518.68,Vulnerable
This her,Amphibia,Rodentia,1898.49,1059.09,Endangered
Course executive,Reptilia,Anura,2171.551,1114.98,Near Threatened
Fill recently,Reptilia,Passeriformes,2175.989,2565.52,Near Threatened
Region listen,Reptilia,Carnivora,469.966,2595.75,Endangered
Eat even,Actinopterygii,Primates,4456.861,1335.19,Least Concern
Situation receive,Aves,Rodentia,3271.251,84.9,Critically Endangered
Debate not,Amphibia,Rodentia,3111.541,1401.98,Least Concern
Activity east,Mammalia,Passeriformes,83.592,553.54,Least Concern
Poor stage,Amphibia,Squamata,285.702,1547.09,Endangered
Exactly area,Amphibia,Squamata,3736.828,183.43,Vulnerable
Per kitchen,Reptilia,Carnivora,4293.989,1366.26,Endangered
Wall blood,Reptilia,Primates,2350.784,1140.57,Endangered
Trial use,Mammalia,Passeriformes,4410.506,524.37,Critically Endangered
It somebody,Mammalia,Rodentia,3183.371,499.58,Extinct in the Wild
During kitchen,Actinopterygii,Rodentia,596.746,2409.05,Critically Endangered
Successful child,Aves,Anura,3675.723,46.28,Endangered
Detail ball,Mammalia,Carnivora,970.816,1197.53,Extinct in the Wild
Whom same,Reptilia,Rodentia,4121.993,2279.32,Vulnerable
History store,Mammalia,Passeriformes,3301.506,2733.87,Near Threatened
Natural carry,Aves,Squamata,2304.425,2186.65,Critically Endangered
Early under,Aves,Squamata,3214.345,2198.98,Least Concern
Audience peace,Reptilia,Rodentia,1586.015,2301.14,Vulnerable
Dog bank,Actinopterygii,Squamata,545.888,522.31,Endangered
Check but,Amphibia,Primates,2883.183,671.35,Vulnerable
Lay model,Amphibia,Primates,2987.904,1874.93,Critically Endangered
Course west,Aves,Anura,3782.225,99.61,Vulnerable
Vote agreement,Actinopterygii,Primates,4614.085,1310.24,Least Concern
Positive forget,Amphibia,Passeriformes,1756.992,953.99,Critically Endangered
Region mention,Aves,Passeriformes,3376.425,2942.97,Near Threatened
Environmental couple,Actinopterygii,Carnivora,2601.929,1154.6,Vulnerable
Will young,Actinopterygii,Squamata,1316.713,1476.66,Critically Endangered
Political central,Actinopterygii,Anura,2238.393,1882.97,Endangered
Change night,Mammalia,Anura,2730.13,2597.13,Near Threatened
Congress probably,Aves,Passeriformes,3546.34,1656.18,Critically Endangered
Human official,Aves,Anura,453.225,742.36,Vulnerable
What trade,Mammalia,Passeriformes,1353.596,1545.71,Endangered
Behavior process,Aves,Squamata,390.435,486.81,Least Concern
Almost institution,Reptilia,Carnivora,3591.102,899.11,Least Concern
Rise view,Actinopterygii,Primates,759.081,2896.01,Critically Endangered
Mention best,Amphibia,Squamata,3789.783,2708.7,Least Concern
Attention week,Amphibia,Passeriformes,1359.579,2442.97,Critically Endangered
Will knowledge,Amphibia,Anura,1819.071,190.95,Vulnerable
Nature security,Aves,Primates,1928.202,2545.16,Endangered
Face along,Mammalia,Primates,4697.181,2882.76,Vulnerable
Laugh risk,Mammalia,Rodentia,3519.287,2107.51,Vulnerable
Choose share,Amphibia,Carnivora,3840.894,982.35,Vulnerable
Agreement thousand,Aves,Passeriformes,2320.539,2728.41,Critically Endangered
Law talk,Amphibia,Primates,4417.412,2787.93,Endangered
During fact,Aves,Passeriformes,3260.888,2059.63,Extinct in the Wild
Indicate wife,Actinopterygii,Anura,275.743,2944.12,Extinct in the Wild
With agree,Actinopterygii,Anura,3836.457,1476.8,Extinct in the Wild
Something the,Aves,Anura,2702.068,2298.12,Least Concern
Also suggest,Mammalia,Primates,3252.643,2247.65,Near Threatened
Relationship surface,Mammalia,Squamata,1156.944,258.9,Least Concern
Interview maintain,Amphibia,Rodentia,1692.003,1361.81,Critically Endangered
Although cause,Mammalia,Anura,1505.252,341.64,Endangered
Country part,Aves,Primates,2454.252,424.94,Extinct in the Wild
Be represent,Actinopterygii,Rodentia,4793.018,2305.1,Near Threatened
Rock south,Amphibia,Primates,1788.927,2548.94,Vulnerable
Respond direction,Aves,Passeriformes,563.473,678.28,Endangered
Position talk,Amphibia,Anura,1536.222,360.27,Least Concern
Argue activity,Reptilia,Squamata,2521.343,498.45,Least Concern
Both lose,Actinopterygii,Rodentia,3255.015,24.5,Vulnerable
Box time,Mammalia,Carnivora,4763.821,1438.47,Extinct in the Wild
Consumer daughter,Actinopterygii,Anura,668.214,356.98,Extinct in the Wild
Writer industry,Actinopterygii,Passeriformes,1858.572,2473.69,Least Concern
Technology customer,Amphibia,Anura,4742.117,2186.98,Vulnerable
Listen month,Amphibia,Rodentia,1302.46,1501.77,Extinct in the Wild
Event put,Reptilia,Rodentia,4928.523,1812.4,Least Concern
Better as,Aves,Carnivora,404.931,2515.31,Extinct in the Wild
Across lot,Actinopterygii,Passeriformes,1992.584,1862.18,Near Threatened
Culture speech,Mammalia,Passeriformes,609.368,1369.63,Vulnerable
Whole them,Actinopterygii,Carnivora,397.428,2110.13,Near Threatened
Development near,Amphibia,Carnivora,3338.376,544.43,Endangered
Pay worker,Amphibia,Rodentia,2600.448,2491.37,Near Threatened
Order across,Aves,Anura,4158.876,200.97,Endangered
From win,Actinopterygii,Carnivora,4802.578,1217.86,Least Concern
Federal agency,Aves,Anura,2448.715,7.82,Near Threatened
Personal improve,Amphibia,Anura,2627.408,1475.6,Vulnerable
Team professor,Amphibia,Anura,751.603,1802.59,Critically Endangered
Fact year,Reptilia,Primates,3909.088,1665.5,Critically Endangered
Son field,Amphibia,Squamata,2406.516,2928.49,Near Threatened
Also leader,Actinopterygii,Carnivora,2005.435,1477.83,Extinct in the Wild
Type town,Reptilia,Passeriformes,475.799,369.62,Critically Endangered
Unit piece,Reptilia,Anura,4744.126,1749.57,Near Threatened
Everyone ask,Aves,Passeriformes,2164.253,1922.48,Vulnerable
Court they,Reptilia,Passeriformes,2118.469,1220.84,Least Concern
Finally poor,Amphibia,Anura,3259.65,70.08,Endangered
Just begin,Mammalia,Passeriformes,2794.537,2864.09,Near Threatened
Four often,Reptilia,Passeriformes,1693.365,1687.75,Vulnerable
Type thank,Actinopterygii,Passeriformes,3151.098,227.55,Extinct in the Wild
Message fall,Amphibia,Squamata,1353.734,2074.58,Extinct in the Wild
Create where,Amphibia,Rodentia,1458.712,2637.2,Extinct in the Wild
Either body,Amphibia,Anura,85.63,2867.19,Extinct in the Wild
We end,Mammalia,Anura,2563.128,1107.11,Extinct in the Wild
Evening energy,Amphibia,Passeriformes,4791.296,1007.46,Vulnerable
Provide especially,Reptilia,Anura,573.547,1751.19,Near Threatened
Best head,Actinopterygii,Rodentia,4697.8,693.17,Near Threatened
Season suffer,Reptilia,Carnivora,3431.405,1370.85,Endangered
Nor small,Aves,Carnivora,4846.082,504.19,Critically Endangered
After director,Actinopterygii,Primates,2649.172,936.67,Extinct in the Wild
Leader operation,Actinopterygii,Passeriformes,3118.507,2399.06,Vulnerable
Fire write,Aves,Carnivora,865.213,1109.29,Critically Endangered
Hold model,Mammalia,Carnivora,1750.847,967.81,Vulnerable
Spend magazine,Actinopterygii,Squamata,3903.835,1029.9,Near Threatened
General idea,Actinopterygii,Passeriformes,1247.839,2048.65,Vulnerable
Citizen alone,Mammalia,Anura,3199.131,1654.09,Near Threatened
Leg for,Reptilia,Primates,42.654,2710.96,Extinct in the Wild
Lot throughout,Mammalia,Primates,4200.918,956.16,Least Concern
Thank choice,Amphibia,Passeriformes,4875.611,914.8,Extinct in the Wild
Lose thousand,Mammalia,Rodentia,778.391,2451.78,Extinct in the Wild
High if,Amphibia,Primates,1279.931,1745.0,Vulnerable
Clearly wide,Actinopterygii,Passeriformes,1041.22,264.53,Near Threatened
Yeah find,Amphibia,Passeriformes,4211.104,259.04,Near Threatened
But matter,Aves,Carnivora,3181.858,900.35,Vulnerable
True current,Mammalia,Primates,1831.887,1647.37,Critically Endangered
Or despite,Actinopterygii,Primates,3617.947,2019.26,Endangered
Fall worker,Actinopterygii,Passeriformes,4982.817,1589.81,Near Threatened
Decade film,Mammalia,Anura,1709.017,106.47,Critically Endangered
Second finally,Aves,Anura,2895.859,153.68,Critically Endangered
Task Republican,Mammalia,Carnivora,4780.689,758.17,Near Threatened
Structure organization,Aves,Rodentia,4940.729,1130.77,Endangered
General conference,Reptilia,Passeriformes,3905.54,2002.03,Endangered
Possible mean,Aves,Passeriformes,877.56,920.63,Near Threatened
Always too,Amphibia,Carnivora,276.702,1532.79,Endangered
Religious mission,Actinopterygii,Squamata,4898.147,1237.37,Vulnerable
Beat model,Actinopterygii,Primates,3963.978,97.94,Endangered
Tell head,Actinopterygii,Anura,4407.612,2055.75,Vulnerable
Feel act,Amphibia,Primates,277.9,1438.24,Least Concern
Focus thought,Aves,Anura,479.03,1441.98,Vulnerable
Number seek,Amphibia,Squamata,2868.969,931.93,Vulnerable
Building him,Actinopterygii,Primates,3156.807,2873.23,Endangered
Agency I,Actinopterygii,Anura,136.79,2270.87,Near Threatened
Challenge level,Aves,Anura,24.333,2269.47,Extinct in the Wild
Way successful,Reptilia,Carnivora,3049.076,2497.68,Vulnerable
Little break,Aves,Rodentia,364.364,1662.13,Least Concern
Realize impact,Actinopterygii,Primates,3153.603,100.38,Endangered
He someone,Mammalia,Passeriformes,3785.301,1580.69,Extinct in the Wild
Understand over,Aves,Anura,1932.342,1665.89,Endangered
Win successful,Aves,Carnivora,517.571,321.02,Endangered
Magazine nice,Amphibia,Rodentia,4973.877,552.55,Extinct in the Wild
Call project,Actinopterygii,Squamata,4681.456,2990.24,Vulnerable
Avoid subject,Amphibia,Rodentia,4798.577,1354.37,Endangered
Political result,Actinopterygii,Anura,754.512,1240.05,Near Threatened
Public their,Mammalia,Squamata,2844.921,2467.68,Extinct in the Wild
Democratic pay,Mammalia,Primates,232.447,2875.6,Endangered
Avoid politics,Aves,Anura,2025.293,495.05,Extinct in the Wild
Last thus,Mammalia,Primates,4629.916,1472.82,Least Concern
After rest,Actinopterygii,Primates,753.956,2179.57,Near Threatened
Almost analysis,Aves,Squamata,904.956,66.63,Extinct in the Wild
Loss window,Aves,Primates,2084.728,1605.16,Extinct in the Wild
Provide step,Actinopterygii,Rodentia,396.668,1187.49,Least Concern
Us or,Actinopterygii,Rodentia,2082.666,1281.97,Critically Endangered
Kitchen religious,Actinopterygii,Squamata,1196.117,1975.7,Endangered
Local family,Amphibia,Primates,29.823,1981.04,Extinct in the Wild
Military statement,Amphibia,Anura,4758.982,1079.59,Extinct in the Wild
Traditional them,Mammalia,Rodentia,1013.255,709.97,Critically Endangered
Make operation,Amphibia,Primates,897.802,931.62,Least Concern
Public quite,Mammalia,Rodentia,3132.1,2913.57,Vulnerable
Loss strong,Amphibia,Rodentia,28.39,1451.79,Least Concern
Or strong,Amphibia,Anura,1451.129,2058.59,Least Concern
Reason culture,Amphibia,Squamata,4051.773,1236.03,Extinct in the Wild
Civil give,Amphibia,Rodentia,2521.097,2769.2,Endangered
Leave decision,Actinopterygii,Anura,48.351,322.29,Least Concern
Budget million,Reptilia,Anura,1115.436,1067.15,Near Threatened
Purpose phone,Aves,Anura,305.149,1101.53,Vulnerable
Tell check,Actinopterygii,Carnivora,2866.437,1138.23,Extinct in the Wild
Wrong special,Reptilia,Carnivora,2177.929,1515.97,Critically Endangered
Capital old,Reptilia,Squamata,2999.63,2380.6,Least Concern
Chair I,Amphibia,Primates,1100.749,2241.42,Vulnerable
Age possible,Mammalia,Carnivora,2430.412,1932.47,Extinct in the Wild
Indeed enjoy,Amphibia,Rodentia,2500.858,1999.29,Vulnerable
Rock at,Amphibia,Primates,4530.585,1544.65,Endangered
Future see,Actinopterygii,Primates,3750.763,2980.64,Critically Endangered
Have suddenly,Amphibia,Passeriformes,4819.104,525.11,Critically Endangered
Address growth,Mammalia,Passeriformes,2249.287,344.27,Critically Endangered
Kid hotel,Reptilia,Rodentia,4249.876,310.31,Least Concern
Mission all,Aves,Passeriformes,2048.395,2199.19,Critically Endangered
Paper fight,Reptilia,Squamata,1994.865,2422.9,Extinct in the Wild
Leave keep,Reptilia,Squamata,585.171,1661.86,Extinct in the Wild
Unit discuss,Mammalia,Primates,4280.96,2903.1,Vulnerable
Move store,Reptilia,Passeriformes,1911.497,206.19,Critically Endangered
Officer upon,Reptilia,Passeriformes,3791.793,80.81,Extinct in the Wild
Six service,Amphibia,Rodentia,434.031,750.77,Least Concern
Building item,Amphibia,Primates,2432.346,1994.6,Near Threatened
Rock something,Aves,Rodentia,834.652,114.17,Endangered
Space despite,Reptilia,Passeriformes,1985.031,2164.52,Endangered
Budget should,Mammalia,Squamata,4851.751,971.33,Vulnerable
Determine member,Amphibia,Primates,1488.333,2587.39,Extinct in the Wild
Reflect from,Mammalia,Primates,2545.732,1539.03,Extinct in the Wild
Visit center,Actinopterygii,Rodentia,1126.445,2453.01,Extinct in the Wild
End throw,Amphibia,Anura,1671.496,224.42,Critically Endangered
Style lay,Aves,Passeriformes,1331.147,775.78,Extinct in the Wild
Box natural,Aves,Rodentia,2002.754,523.63,Critically Endangered
Agreement century,Aves,Carnivora,4430.503,1457.71,Least Concern
Forget whether,Amphibia,Carnivora,4704.199,742.82,Vulnerable
Various who,Reptilia,Carnivora,635.215,1746.57,Extinct in the Wild
Conference small,Mammalia,Anura,3574.566,2172.4,Critically Endangered
Law himself,Aves,Squamata,2898.034,63.19,Endangered
Exist catch,Mammalia,Rodentia,2512.596,1952.14,Critically Endangered
Several important,Mammalia,Carnivora,1522.489,2667.05,Near Threatened
Prevent develop,Reptilia,Anura,3787.401,2255.31,Near Threatened
Mr understand,Aves,Squamata,3712.291,2044.73,Critically Endangered
Official without,Reptilia,Anura,1184.379,898.15,Endangered
Without community,Reptilia,Anura,4045.006,2973.27,Least Concern
Better trouble,Mammalia,Passeriformes,2425.795,2201.72,Near Threatened
Professional meeting,Amphibia,Anura,2459.587,1786.73,Extinct in the Wild
Already final,Amphibia,Squamata,4744.518,1984.22,Least Concern
Allow early,Actinopterygii,Carnivora,4821.011,710.87,Endangered
Particularly little,Amphibia,Passeriformes,53.145,422.09,Vulnerable
Second pay,Reptilia,Carnivora,2216.994,2944.81,Critically Endangered
Religious summer,Mammalia,Squamata,1208.984,2028.8,Endangered
First series,Mammalia,Passeriformes,200.5,110.83,Near Threatened
Eat into,Actinopterygii,Passeriformes,541.417,969.99,Least Concern
White prove,Aves,Primates,2211.271,95.91,Near Threatened
Nearly base,Mammalia,Rodentia,2558.531,1301.15,Critically Endangered
Light make,Mammalia,Rodentia,1043.144,1565.44,Least Concern
System would,Mammalia,Squamata,4867.158,1716.5,Near Threatened
Miss practice,Actinopterygii,Squamata,2638.481,616.74,Critically Endangered
Floor born,Aves,Passeriformes,3552.253,1893.66,Extinct in the Wild
Avoid choose,Actinopterygii,Carnivora,2050.318,2329.61,Vulnerable
Behavior reach,Amphibia,Anura,3544.527,790.83,Critically Endangered
Modern little,Aves,Rodentia,1502.32,2752.33,Least Concern
Among clear,Reptilia,Passeriformes,2393.872,1355.2,Vulnerable
Security this,Aves,Carnivora,2130.016,535.29,Least Concern
Focus look,Actinopterygii,Passeriformes,616.613,596.44,Critically Endangered
Section student,Amphibia,Squamata,2009.57,1268.43,Critically Endangered
Plant good,Mammalia,Squamata,3062.677,2497.97,Endangered
Commercial identify,Mammalia,Anura,4381.667,2869.24,Least Concern
Study since,Actinopterygii,Rodentia,1978.362,441.38,Vulnerable
Music source,Mammalia,Carnivora,628.676,2969.32,Vulnerable
Camera find,Mammalia,Squamata,3194.013,2390.02,Vulnerable
Shake amount,Mammalia,Rodentia,307.594,2527.26,Endangered
Eight citizen,Mammalia,Carnivora,47.104,958.67,Least Concern
Student someone,Amphibia,Rodentia,2020.333,317.34,Least Concern
Break pass,Aves,Carnivora,830.366,527.98,Critically Endangered
Decade issue,Reptilia,Carnivora,311.931,380.85,Least Concern
Soon partner,Amphibia,Primates,2966.581,1476.27,Endangered
Follow family,Actinopterygii,Carnivora,4449.109,1436.86,Endangered
Program sort,Amphibia,Carnivora,1973.468,559.68,Extinct in the Wild
Occur eat,Actinopterygii,Squamata,4590.411,2345.18,Endangered
Community bit,Aves,Rodentia,2571.011,1410.2,Extinct in the Wild
Each theory,Actinopterygii,Primates,3840.424,2912.67,Least Concern
Outside take,Mammalia,Passeriformes,1693.404,2577.23,Critically Endangered
Nation present,Mammalia,Squamata,78.65,364.07,Critically Endangered
Raise book,Reptilia,Passeriformes,1485.23,2810.08,Vulnerable
Drive direction,Actinopterygii,Passeriformes,4518.667,2434.34,Near Threatened
Husband others,Reptilia,Primates,1020.927,148.51,Extinct in the Wild
Second message,Amphibia,Primates,1436.335,515.93,Critically Endangered
Get natural,Reptilia,Passeriformes,3615.422,2687.96,Least Concern
With really,Actinopterygii,Passeriformes,950.31,1431.02,Critically Endangered
Growth people,Aves,Rodentia,4193.108,523.98,Critically Endangered
Everybody strong,Aves,Squamata,2822.473,556.81,Vulnerable
Technology then,Reptilia,Anura,3494.665,1790.53,Critically Endangered
Service goal,Reptilia,Rodentia,224.165,2666.15,Extinct in the Wild
Need doctor,Amphibia,Passeriformes,3345.536,688.25,Extinct in the Wild
Director author,Amphibia,Passeriformes,3422.947,371.21,Vulnerable
Operation happen,Amphibia,Primates,1263.342,2502.01,Extinct in the Wild
Family difficult,Reptilia,Passeriformes,146.637,819.56,Endangered
Treat available,Actinopterygii,Rodentia,3461.579,1952.15,Extinct in the Wild
Dinner language,Actinopterygii,Squamata,4647.116,1178.43,Least Concern
Nice upon,Actinopterygii,Rodentia,630.291,430.85,Endangered
After you,Reptilia,Carnivora,446.417,444.5,Endangered
Idea whose,Aves,Primates,4170.07,2747.12,Least Concern
Interview one,Reptilia,Squamata,1320.085,385.55,Critically Endangered
Article war,Aves,Carnivora,4407.568,2571.35,Least Concern
Dinner whom,Mammalia,Passeriformes,4721.885,2207.21,Critically Endangered
Fine people,Amphibia,Rodentia,3430.92,1666.59,Vulnerable
Evening each,Amphibia,Primates,2158.073,1203.49,Endangered
Tree entire,Reptilia,Rodentia,4291.69,349.02,Extinct in the Wild
Dinner daughter,Reptilia,Primates,1066.354,2822.29,Endangered
Ago range,Reptilia,Squamata,150.232,2452.48,Critically Endangered
Military get,Mammalia,Anura,4174.505,743.42,Vulnerable
By good,Reptilia,Rodentia,2891.162,1011.99,Vulnerable
Pick way,Actinopterygii,Passeriformes,1593.14,392.62,Extinct in the Wild
Eye discover,Reptilia,Passeriformes,1220.502,2352.45,Critically Endangered
Fear mother,Actinopterygii,Rodentia,2365.401,1535.87,Vulnerable
Physical usually,Amphibia,Anura,4973.162,2553.95,Endangered
Poor big,Actinopterygii,Rodentia,4376.51,82.03,Vulnerable
Season foot,Aves,Anura,505.84,1385.61,Endangered
Way cell,Mammalia,Rodentia,2849.011,724.27,Near Threatened
Rule same,Reptilia,Squamata,104.433,751.87,Vulnerable
Receive policy,Actinopterygii,Squamata,3206.149,2895.89,Near Threatened
Choose explain,Amphibia,Passeriformes,2812.514,1822.94,Endangered
Sing idea,Amphibia,Rodentia,1206.571,1884.07,Vulnerable
Let strategy,Reptilia,Rodentia,607.301,924.92,Endangered
Century ahead,Aves,Passeriformes,1724.202,71.55,Extinct in the Wild
Mind security,Mammalia,Rodentia,3693.652,1786.88,Extinct in the Wild
Guess agreement,Actinopterygii,Anura,3288.293,2183.6,Vulnerable
Dream describe,Mammalia,Squamata,4957.886,2283.01,Least Concern
Tough job,Amphibia,Anura,1671.101,1802.47,Critically Endangered
Wrong cold,Reptilia,Rodentia,3690.003,298.99,Endangered
Free loss,Mammalia,Rodentia,950.024,2974.17,Extinct in the Wild
Unit free,Mammalia,Anura,3270.913,629.12,Vulnerable
Final fund,Mammalia,Passeriformes,1180.814,2417.69,Endangered
Back rule,Aves,Carnivora,311.853,1532.32,Extinct in the Wild
Maintain short,Aves,Rodentia,2583.84,721.46,Vulnerable
Beyond nearly,Mammalia,Primates,392.768,2937.06,Near Threatened
End Republican,Reptilia,Passeriformes,2811.008,602.5,Critically Endangered
Skill wife,Reptilia,Carnivora,301.006,2145.79,Least Concern
Whole focus,Amphibia,Carnivora,2986.544,1371.16,Near Threatened
Key production,Actinopterygii,Passeriformes,3013.925,1916.74,Near Threatened
Real answer,Aves,Anura,2205.204,490.76,Least Concern
Exist hot,Reptilia,Squamata,538.014,1983.33,Critically Endangered
Money agency,Aves,Primates,1070.608,73.09,Critically Endangered
Into action,Mammalia,Passeriformes,4501.778,2709.45,Extinct in the Wild
Increase recognize,Aves,Squamata,3097.433,1490.87,Endangered
Stage actually,Aves,Primates,3334.525,843.6,Critically Endangered
Remember window,Aves,Anura,4224.029,904.54,Vulnerable
Focus part,Aves,Carnivora,3917.508,197.73,Critically Endangered
No interest,Reptilia,Primates,3869.15,707.1,Least Concern
Second piece,Reptilia,Anura,499.887,1061.17,Extinct in the Wild
Purpose mind,Actinopterygii,Passeriformes,1310.606,1712.33,Near Threatened
Media television,Reptilia,Rodentia,3574.646,76.76,Endangered
Guess you,Reptilia,Rodentia,2010.932,2795.21,Vulnerable
Development seem,Actinopterygii,Carnivora,1060.986,1408.54,Least Concern
Their debate,Aves,Primates,1663.212,2834.7,Endangered
Have pay,Amphibia,Carnivora,2607.816,907.79,Extinct in the Wild
Pass lot,Aves,Anura,2263.852,568.93,Extinct in the Wild
Party language,Mammalia,Squamata,1391.192,2794.07,Critically Endangered
Spend know,Reptilia,Rodentia,1217.677,91.57,Near Threatened
Travel alone,Aves,Squamata,3798.867,190.92,Endangered
Now call,Mammalia,Primates,4199.838,1183.95,Vulnerable
Reduce employee,Mammalia,Carnivora,4863.617,57.9,Endangered
Whole customer,Aves,Carnivora,4495.669,2353.26,Vulnerable
Baby say,Reptilia,Primates,4572.273,101.28,Critically Endangered
Cultural across,Reptilia,Primates,2868.601,1894.45,Vulnerable
Conference issue,Reptilia,Primates,2244.707,2920.89,Extinct in the Wild
Administration worry,Actinopterygii,Carnivora,951.414,1338.25,Endangered
Effort actually,Reptilia,Primates,3032.0,1662.46,Endangered
Simple nature,Amphibia,Squamata,98.986,2783.22,Critically Endangered
Well him,Reptilia,Primates,771.271,2713.36,Extinct in the Wild
Camera here,Actinopterygii,Squamata,4353.023,2867.18,Critically Endangered
Social probably,Actinopterygii,Squamata,961.228,2607.0,Endangered
More mean,Amphibia,Squamata,4742.612,2292.92,Vulnerable
Key yeah,Actinopterygii,Primates,919.497,1797.18,Critically Endangered
Week all,Reptilia,Carnivora,1088.984,2364.88,Vulnerable
Doctor season,Amphibia,Primates,2845.006,1945.24,Critically Endangered
Similar hear,Aves,Anura,4556.016,2700.25,Critically Endangered
Country when,Actinopterygii,Anura,3186.643,2898.69,Extinct in the Wild
Guy most,Mammalia,Rodentia,1224.775,730.64,Extinct in the Wild
Organization game,Aves,Squamata,1911.927,156.76,Vulnerable
Receive population,Reptilia,Rodentia,585.741,698.87,Least Concern
Shake through,Actinopterygii,Primates,1254.553,1859.57,Critically Endangered
Action long,Amphibia,Carnivora,2117.923,401.57,Least Concern
Building seven,Reptilia,Rodentia,1916.862,953.55,Near Threatened
Next trip,Aves,Squamata,374.173,111.22,Near Threatened
Respond arrive,Aves,Squamata,2107.853,1124.8,Critically Endangered
Boy accept,Reptilia,Carnivora,4157.034,2186.05,Near Threatened
Answer herself,Reptilia,Squamata,4659.706,2279.83,Least Concern
Model deal,Mammalia,Rodentia,1409.113,742.23,Extinct in the Wild
Sit yes,Aves,Primates,3729.119,880.55,Critically Endangered
Scene sound,Actinopterygii,Rodentia,1165.994,2074.16,Critically Endangered
Toward role,Amphibia,Rodentia,874.019,2179.58,Near Threatened
Statement consumer,Amphibia,Primates,701.198,1243.46,Critically Endangered
Through away,Actinopterygii,Passeriformes,1198.143,292.49,Critically Endangered
Rise finish,Aves,Squamata,562.098,2311.73,Least Concern
Science increase,Actinopterygii,Carnivora,1491.091,1405.92,Least Concern
Always reveal,Actinopterygii,Squamata,2569.14,1939.64,Near Threatened
Writer many,Mammalia,Primates,3588.352,2815.14,Vulnerable
Fast goal,Reptilia,Squamata,4429.077,1412.47,Extinct in the Wild
Unit standard,Mammalia,Anura,670.412,581.35,Vulnerable
Argue provide,Mammalia,Carnivora,3372.544,1806.19,Vulnerable
Eight leg,Reptilia,Anura,2351.377,105.41,Critically Endangered
Future brother,Reptilia,Primates,2763.275,2089.09,Critically Endangered
Cause including,Mammalia,Squamata,23.857,2676.0,Near Threatened
Call citizen,Aves,Rodentia,1499.73,2308.54,Critically Endangered
Actually oil,Amphibia,Primates,1706.164,2882.8,Near Threatened
Drop student,Mammalia,Carnivora,1902.218,245.01,Near Threatened
Young since,Aves,Primates,4468.652,2174.6,Vulnerable
Future fly,Mammalia,Primates,1014.153,1455.95,Critically Endangered
He American,Amphibia,Squamata,2829.568,379.43,Endangered
Black body,Aves,Anura,1081.894,456.89,Extinct in the Wild
Meet method,Amphibia,Passeriformes,693.5,791.34,Extinct in the Wild
Top time,Actinopterygii,Carnivora,206.072,1400.18,Extinct in the Wild
Top amount,Reptilia,Rodentia,4332.627,523.78,Vulnerable
Late impact,Amphibia,Squamata,56.354,249.49,Endangered
Could recently,Mammalia,Carnivora,3547.608,216.85,Endangered
Media father,Amphibia,Primates,4241.926,2749.63,Vulnerable
Family still,Reptilia,Rodentia,1644.553,857.39,Critically Endangered
Blue analysis,Aves,Passeriformes,1720.332,1639.73,Extinct in the Wild
Change tax,Actinopterygii,Carnivora,2263.174,1641.5,Endangered
World forget,Amphibia,Passeriformes,4844.36,2891.52,Least Concern
Program seat,Aves,Rodentia,3261.612,2622.2,Vulnerable
National share,Amphibia,Carnivora,2599.909,2743.92,Extinct in the Wild
Enter could,Aves,Primates,2585.467,1652.39,Near Threatened
Senior fact,Reptilia,Carnivora,3710.234,419.69,Critically Endangered
Night goal,Mammalia,Carnivora,2063.457,1870.63,Critically Endangered
Great former,Amphibia,Rodentia,1197.903,2825.03,Extinct in the Wild
Hope between,Actinopterygii,Passeriformes,3983.531,43.2,Endangered
Seat woman,Reptilia,Carnivora,4247.332,1776.97,Least Concern
Lose fine,Amphibia,Squamata,4478.237,870.24,Least Concern
Country industry,Mammalia,Primates,3043.744,326.04,Endangered
Modern attorney,Amphibia,Primates,1979.688,1534.58,Extinct in the Wild
Set field,Amphibia,Passeriformes,727.464,2841.48,Extinct in the Wild
Two become,Reptilia,Anura,4034.3,2668.62,Extinct in the Wild
Language agency,Amphibia,Rodentia,4185.252,2176.73,Least Concern
Reveal usually,Reptilia,Primates,4496.761,399.16,Critically Endangered
Often agency,Amphibia,Passeriformes,3072.791,1562.04,Critically Endangered
Help learn,Actinopterygii,Carnivora,3662.702,821.46,Vulnerable
Every carry,Actinopterygii,Primates,2904.831,1570.31,Least Concern
Herself close,Reptilia,Anura,1827.567,1843.27,Endangered
Action around,Reptilia,Primates,1472.61,608.84,Extinct in the Wild
Race authority,Aves,Passeriformes,2429.344,2131.82,Extinct in the Wild
Anything positive,Aves,Rodentia,689.166,1327.94,Near Threatened
Parent above,Actinopterygii,Carnivora,4610.838,1466.16,Endangered
Series cost,Mammalia,Anura,252.668,572.48,Endangered
Every unit,Aves,Rodentia,3017.611,2321.69,Endangered
Son group,Reptilia,Primates,102.48,361.61,Vulnerable
Where ever,Reptilia,Squamata,2013.468,2987.7,Least Concern
Another red,Aves,Primates,4103.004,1926.44,Critically Endangered
Happen fish,Actinopterygii,Rodentia,3012.627,2329.21,Extinct in the Wild
Night call,Aves,Anura,104.634,1027.59,Critically Endangered
High local,Mammalia,Squamata,3729.702,334.39,Vulnerable
Management this,Reptilia,Anura,4659.92,1864.48,Vulnerable
Value teacher,Aves,Rodentia,193.677,1554.63,Vulnerable
Pull wrong,Amphibia,Passeriformes,4568.041,2272.39,Endangered
Once sometimes,Aves,Anura,3547.941,894.52,Vulnerable
Control memory,Mammalia,Squamata,383.241,924.32,Endangered
Collection end,Aves,Passeriformes,650.505,1291.35,Critically Endangered
West citizen,Amphibia,Anura,711.375,1171.01,Vulnerable
National between,Aves,Squamata,1325.45,1627.19,Near Threatened
Gun garden,Actinopterygii,Primates,2527.437,258.93,Critically Endangered
Cold unit,Amphibia,Carnivora,2883.599,2921.92,Least Concern
Share explain,Amphibia,Primates,4299.748,452.33,Endangered
Save campaign,Actinopterygii,Primates,2047.004,1745.43,Extinct in the Wild
Now week,Aves,Carnivora,3159.78,2369.29,Least Concern
News cell,Aves,Rodentia,1680.54,1285.79,Endangered
Of hot,Amphibia,Squamata,4960.425,1472.8,Endangered
Green use,Amphibia,Rodentia,3783.888,152.09,Critically Endangered
Would no,Mammalia,Rodentia,3013.092,1447.02,Extinct in the Wild
Image carry,Aves,Carnivora,4972.692,606.19,Near Threatened
My evidence,Actinopterygii,Carnivora,360.695,531.45,Critically Endangered
Wall as,Aves,Squamata,3883.646,1695.1,Extinct in the Wild
Box recent,Mammalia,Anura,4875.335,1801.87,Extinct in the Wild
Practice second,Amphibia,Squamata,2693.408,1349.38,Critically Endangered
Product think,Amphibia,Passeriformes,1772.581,1318.51,Vulnerable
Often issue,Reptilia,Squamata,3736.576,2022.79,Critically Endangered
Floor goal,Aves,Rodentia,57.424,2014.19,Extinct in the Wild
Morning provide,Amphibia,Rodentia,4090.583,43.66,Vulnerable
Us develop,Actinopterygii,Anura,8.524,95.3,Extinct in the Wild
Level history,Amphibia,Rodentia,1840.496,626.36,Vulnerable
Science mission,Aves,Rodentia,911.569,1970.74,Least Concern
World ability,Aves,Passeriformes,1040.145,283.7,Extinct in the Wild
Material later,Actinopterygii,Squamata,1728.732,1995.36,Near Threatened
Space cultural,Aves,Anura,3659.313,2884.97,Near Threatened
With education,Mammalia,Squamata,499.593,1723.75,Vulnerable
Well compare,Amphibia,Carnivora,4432.733,602.24,Least Concern
Analysis field,Aves,Primates,1970.758,2779.4,Extinct in the Wild
Process decade,Amphibia,Passeriformes,1.413,610.16,Vulnerable
Executive ever,Mammalia,Anura,1871.522,1980.11,Vulnerable
Always fund,Reptilia,Primates,4587.005,2235.88,Vulnerable
Interesting beat,Actinopterygii,Anura,3883.391,1595.02,Vulnerable
Result street,Amphibia,Primates,4087.476,947.65,Least Concern
Outside remember,Mammalia,Rodentia,4579.755,858.56,Near Threatened
West tax,Amphibia,Passeriformes,2971.712,2524.52,Extinct in the Wild
Network such,Actinopterygii,Anura,2196.15,2420.38,Critically Endangered
Rich radio,Amphibia,Anura,567.679,168.38,Vulnerable
Experience American,Actinopterygii,Squamata,824.876,691.4,Critically Endangered
Occur ready,Actinopterygii,Anura,4039.75,1089.08,Extinct in the Wild
Base quite,Actinopterygii,Anura,614.4,1018.28,Vulnerable
Matter store,Aves,Primates,2700.94,1683.22,Near Threatened
Class Mrs,Reptilia,Rodentia,3154.628,1401.95,Near Threatened
Total however,Mammalia,Anura,4641.735,2446.32,Endangered
Wall than,Reptilia,Primates,1164.5,109.21,Least Concern
Challenge foot,Mammalia,Primates,2884.754,2939.03,Near Threatened
Next experience,Actinopterygii,Carnivora,445.446,2572.14,Extinct in the Wild
Child true,Mammalia,Anura,1355.821,1771.2,Endangered
Various collection,Actinopterygii,Carnivora,486.404,638.57,Endangered
Indeed mother,Actinopterygii,Passeriformes,2781.606,2097.84,Near Threatened
Social plant,Reptilia,Rodentia,3182.49,1781.88,Extinct in the Wild
Leave reduce,Mammalia,Passeriformes,4763.689,2779.79,Extinct in the Wild
House clearly,Actinopterygii,Carnivora,4810.01,1358.58,Least Concern
Quite claim,Aves,Anura,2392.959,1028.85,Least Concern
Anything art,Aves,Anura,4714.639,2063.02,Least Concern
Piece order,Aves,Primates,1870.787,1345.16,Near Threatened
Kid research,Reptilia,Passeriformes,4701.32,1622.62,Endangered
She citizen,Reptilia,Passeriformes,3348.684,2684.99,Endangered
Set age,Amphibia,Squamata,2520.137,852.91,Extinct in the Wild
Until product,Amphibia,Squamata,3415.543,2297.35,Critically Endangered
Drive fear,Aves,Squamata,4598.581,1364.3,Critically Endangered
One cut,Aves,Primates,4479.27,1859.94,Extinct in the Wild
School behind,Reptilia,Rodentia,1197.244,2474.78,Least Concern
Late member,Aves,Carnivora,3483.961,1563.34,Near Threatened
Finish film,Actinopterygii,Carnivora,2093.368,2686.59,Critically Endangered
Staff often,Reptilia,Primates,360.144,1005.36,Extinct in the Wild
World serious,Reptilia,Squamata,4658.106,379.95,Near Threatened
Foreign role,Amphibia,Anura,2939.233,911.69,Near Threatened
Product season,Actinopterygii,Carnivora,4877.57,803.13,Near Threatened
Southern a,Mammalia,Carnivora,2483.722,1416.82,Near Threatened
Here reduce,Amphibia,Carnivora,1826.108,54.12,Endangered
Data nearly,Amphibia,Anura,1970.624,1996.92,Least Concern
Entire concern,Actinopterygii,Rodentia,2963.069,2498.82,Least Concern
Rich able,Reptilia,Squamata,3772.922,1011.32,Extinct in the Wild
Toward less,Mammalia,Passeriformes,4418.71,1702.69,Least Concern
Staff hundred,Actinopterygii,Passeriformes,2154.531,2256.08,Vulnerable
Inside east,Mammalia,Primates,3199.968,823.97,Endangered
Instead suffer,Amphibia,Passeriformes,2146.179,821.15,Vulnerable
Paper throw,Reptilia,Anura,3740.014,856.57,Near Threatened
Message thing,Reptilia,Anura,317.21,1014.88,Critically Endangered
Buy chair,Aves,Carnivora,1800.483,2187.22,Endangered
Mrs thus,Amphibia,Passeriformes,4814.917,1132.3,Near Threatened
American off,Aves,Carnivora,1234.301,263.76,Least Concern
Quality more,Actinopterygii,Carnivora,3931.31,378.46,Extinct in the Wild
Ready their,Amphibia,Carnivora,678.183,146.98,Near Threatened
Half affect,Actinopterygii,Primates,4431.709,2885.21,Vulnerable
Exactly daughter,Aves,Primates,2403.902,1437.67,Critically Endangered
Performance by,Aves,Primates,539.364,2164.13,Critically Endangered
Pick music,Actinopterygii,Carnivora,754.551,16.57,Least Concern
Road away,Amphibia,Passeriformes,4086.741,1755.94,Vulnerable
Color onto,Actinopterygii,Primates,558.83,152.72,Endangered
Personal decide,Amphibia,Anura,173.555,2595.28,Vulnerable
Visit dream,Mammalia,Squamata,1107.559,1842.29,Least Concern
Age Mr,Reptilia,Carnivora,1124.454,1487.97,Least Concern
Audience nice,Amphibia,Carnivora,1991.391,227.47,Critically Endangered
Believe just,Amphibia,Passeriformes,1875.629,1316.42,Least Concern
Traditional camera,Reptilia,Primates,4685.031,52.05,Vulnerable
Us drive,Actinopterygii,Squamata,568.606,756.34,Extinct in the Wild
Social show,Reptilia,Primates,3376.065,340.24,Least Concern
Education stay,Actinopterygii,Squamata,3672.667,626.2,Near Threatened
Safe gun,Actinopterygii,Squamata,1078.83,961.48,Endangered
National stuff,Aves,Rodentia,3057.235,1304.54,Extinct in the Wild
Door difference,Reptilia,Rodentia,1147.956,2221.96,Endangered
Kind state,Amphibia,Anura,4421.34,111.01,Extinct in the Wild
Necessary sell,Aves,Passeriformes,4294.412,1725.12,Critically Endangered
Goal record,Actinopterygii,Primates,3034.502,204.48,Extinct in the Wild
Direction care,Mammalia,Passeriformes,3368.862,213.2,Least Concern
Seem military,Reptilia,Anura,4223.807,1121.32,Near Threatened
Arrive staff,Mammalia,Carnivora,3554.759,1458.32,Least Concern
Board prove,Aves,Squamata,2578.666,1516.57,Vulnerable
Medical any,Mammalia,Anura,2824.892,527.37,Near Threatened
Audience total,Mammalia,Rodentia,539.525,2738.24,Endangered
Capital participant,Actinopterygii,Primates,4390.255,396.23,Extinct in the Wild
Point institution,Actinopterygii,Squamata,13.05,869.14,Endangered
Race yourself,Mammalia,Passeriformes,4291.588,232.61,Near Threatened
Baby happy,Mammalia,Anura,2373.166,934.23,Endangered
List book,Actinopterygii,Squamata,1297.952,581.38,Vulnerable
Where fear,Amphibia,Primates,2940.117,618.21,Least Concern
Opportunity attorney,Amphibia,Squamata,1249.434,1942.83,Critically Endangered
Stop eye,Amphibia,Rodentia,3593.576,2431.65,Least Concern
Population theory,Actinopterygii,Squamata,4302.018,1915.74,Vulnerable
Three so,Reptilia,Passeriformes,1287.827,2603.31,Vulnerable
Bad however,Amphibia,Rodentia,4279.022,2817.37,Vulnerable
Election challenge,Actinopterygii,Squamata,3054.742,801.58,Extinct in the Wild
Often every,Amphibia,Squamata,175.418,1972.72,Critically Endangered
Kind well,Actinopterygii,Rodentia,1313.298,2824.01,Extinct in the Wild
Act particular,Aves,Passeriformes,3618.627,2568.98,Extinct in the Wild
Suggest toward,Actinopterygii,Anura,2493.157,2789.71,Critically Endangered
Organization western,Aves,Anura,4856.309,915.68,Least Concern
The style,Amphibia,Carnivora,3162.229,1814.18,Vulnerable
More nothing,Amphibia,Squamata,1646.047,56.54,Vulnerable
Seek simple,Amphibia,Anura,4770.746,778.54,Endangered
Home skin,Reptilia,Squamata,1301.504,1908.86,Critically Endangered
Industry last,Amphibia,Carnivora,2824.899,2527.75,Least Concern
Place husband,Aves,Rodentia,794.64,862.4,Extinct in the Wild
Let him,Reptilia,Anura,1525.481,1543.02,Near Threatened
Amount road,Actinopterygii,Passeriformes,952.364,2229.8,Endangered
According heart,Aves,Anura,1367.215,700.3,Endangered
Suddenly yeah,Reptilia,Anura,1435.293,804.29,Vulnerable
Factor on,Actinopterygii,Rodentia,2732.254,1426.25,Endangered
Certainly in,Amphibia,Passeriformes,3588.835,2753.36,Critically Endangered
Already cost,Amphibia,Anura,1537.946,213.99,Near Threatened
Financial bring,Mammalia,Squamata,3238.586,384.55,Least Concern
Kid necessary,Actinopterygii,Squamata,2444.649,777.09,Least Concern
Save as,Amphibia,Anura,4119.714,618.21,Vulnerable
Ground possible,Amphibia,Primates,4819.875,1060.96,Least Concern
Crime event,Reptilia,Rodentia,2085.035,2630.81,Endangered
National reach,Actinopterygii,Passeriformes,4577.635,2261.64,Least Concern
Claim center,Mammalia,Squamata,2424.566,2877.41,Endangered
What large,Aves,Rodentia,643.833,1090.53,Critically Endangered
Age report,Aves,Rodentia,4588.939,1869.33,Least Concern
Near student,Reptilia,Squamata,2968.249,2844.04,Vulnerable
Rate for,Aves,Carnivora,339.627,39.53,Endangered
Him rest,Aves,Rodentia,3468.262,2424.64,Near Threatened
Street back,Actinopterygii,Rodentia,1632.049,814.36,Least Concern
Prevent black,Reptilia,Squamata,2800.233,526.99,Near Threatened
Commercial or,Mammalia,Rodentia,2499.464,2266.57,Critically Endangered
Affect about,Reptilia,Primates,4362.177,1231.45,Least Concern
Federal attention,Amphibia,Squamata,2659.625,77.32,Near Threatened
Hospital item,Reptilia,Passeriformes,2601.925,623.47,Endangered
Language think,Amphibia,Passeriformes,1166.458,394.68,Near Threatened
Get teach,Mammalia,Carnivora,3363.378,2828.38,Extinct in the Wild
Become talk,Reptilia,Squamata,3909.412,431.88,Near Threatened
Action minute,Aves,Passeriformes,2247.822,2895.97,Extinct in the Wild
Break decision,Reptilia,Rodentia,1847.807,1781.25,Near Threatened
Major miss,Mammalia,Primates,2165.189,1073.7,Vulnerable
Relationship act,Actinopterygii,Passeriformes,3838.612,638.52,Endangered
Career role,Actinopterygii,Anura,2645.81,1732.86,Critically Endangered
Watch particularly,Aves,Carnivora,4054.457,1520.12,Extinct in the Wild
Newspaper cold,Amphibia,Passeriformes,974.38,2251.37,Critically Endangered
Indeed nation,Amphibia,Squamata,640.258,479.55,Critically Endangered
Parent production,Aves,Squamata,2327.513,848.46,Critically Endangered
Skill hospital,Reptilia,Carnivora,1632.573,2228.63,Vulnerable
Great sister,Mammalia,Rodentia,4409.089,1415.83,Critically Endangered
Quickly dream,Aves,Primates,267.026,5.33,Extinct in the Wild
Voice series,Amphibia,Passeriformes,364.095,1432.06,Vulnerable
Laugh small,Reptilia,Squamata,4442.384,2464.88,Endangered
Through real,Actinopterygii,Anura,2737.401,1588.91,Endangered
Woman worry,Actinopterygii,Passeriformes,548.278,2570.7,Vulnerable
Garden wait,Aves,Carnivora,3220.777,263.47,Endangered
Activity one,Mammalia,Rodentia,34.799,21.33,Least Concern
Business most,Amphibia,Carnivora,1581.296,940.24,Vulnerable
Record still,Mammalia,Passeriformes,385.977,2990.29,Least Concern
Defense get,Amphibia,Passeriformes,942.192,2399.84,Critically Endangered
Indicate investment,Reptilia,Rodentia,3413.16,1565.56,Vulnerable
Red nearly,Aves,Carnivora,3149.977,2482.42,Near Threatened
Few agreement,Aves,Carnivora,535.089,414.65,Critically Endangered
State history,Actinopterygii,Carnivora,700.221,1043.14,Extinct in the Wild
Allow western,Amphibia,Passeriformes,3953.588,2879.26,Critically Endangered
Determine west,Amphibia,Carnivora,2602.93,1160.55,Near Threatened
Visit near,Mammalia,Carnivora,1291.393,256.49,Least Concern
Billion child,Actinopterygii,Squamata,1952.358,2554.42,Vulnerable
Something start,Amphibia,Passeriformes,3110.326,2372.69,Vulnerable
Business about,Actinopterygii,Passeriformes,627.859,2519.51,Least Concern
Summer page,Reptilia,Anura,3085.156,740.53,Near Threatened
Value turn,Actinopterygii,Primates,670.4,1613.07,Critically Endangered
Professional between,Mammalia,Primates,4309.546,1797.13,Near Threatened
Others child,Aves,Primates,1253.491,373.48,Vulnerable
Tax from,Amphibia,Squamata,358.651,1309.12,Vulnerable
Receive somebody,Mammalia,Passeriformes,3913.317,690.36,Least Concern
Raise great,Aves,Squamata,2555.31,2945.3,Vulnerable
Leader top,Mammalia,Rodentia,4478.81,855.0,Endangered
Where then,Aves,Rodentia,3149.675,2638.26,Near Threatened
Learn experience,Aves,Squamata,2637.815,2951.52,Least Concern
Foot out,Amphibia,Primates,1324.982,309.71,Vulnerable
Pm remember,Amphibia,Rodentia,3829.237,1525.54,Vulnerable
Four news,Amphibia,Anura,702.979,2501.16,Endangered
Throw six,Amphibia,Squamata,1770.924,1059.85,Extinct in the Wild
Later reflect,Actinopterygii,Passeriformes,2498.999,201.87,Least Concern
Trouble down,Aves,Passeriformes,45.132,1221.64,Extinct in the Wild
Middle give,Reptilia,Carnivora,3877.758,1986.18,Extinct in the Wild
Explain that,Aves,Rodentia,2786.393,2850.89,Vulnerable
Until without,Amphibia,Anura,3269.82,2132.03,Extinct in the Wild
Identify police,Aves,Primates,3476.452,381.19,Critically Endangered
Its morning,Actinopterygii,Squamata,248.245,2591.61,Endangered
Art last,Mammalia,Rodentia,1462.641,185.99,Endangered
Campaign raise,Reptilia,Primates,4595.164,1941.56,Vulnerable
Energy claim,Amphibia,Passeriformes,1406.091,476.53,Near Threatened
Small old,Actinopterygii,Rodentia,4929.956,2763.72,Extinct in the Wild
Early can,Mammalia,Squamata,1214.26,2807.07,Vulnerable
Network number,Amphibia,Anura,132.15,2965.31,Extinct in the Wild
Resource sell,Reptilia,Squamata,675.109,289.79,Least Concern
Book poor,Actinopterygii,Carnivora,1761.26,934.45,Vulnerable
Hour debate,Mammalia,Squamata,1511.472,1735.26,Vulnerable
Where radio,Aves,Rodentia,1386.579,1906.82,Vulnerable
Teacher own,Mammalia,Squamata,616.873,1518.37,Near Threatened
These power,Actinopterygii,Anura,1929.037,2760.66,Vulnerable
High couple,Aves,Squamata,3260.682,2326.9,Extinct in the Wild
Standard camera,Amphibia,Rodentia,3283.477,1060.43,Least Concern
Mind from,Amphibia,Passeriformes,3432.175,1831.67,Critically Endangered
Even cut,Amphibia,Primates,4770.874,244.79,Critically Endangered
Senior anything,Aves,Primates,3709.823,606.22,Endangered
See eye,Aves,Carnivora,2749.434,1843.46,Near Threatened
Only I,Aves,Squamata,3172.76,998.92,Critically Endangered
Service form,Actinopterygii,Anura,1832.62,427.0,Near Threatened
So space,Reptilia,Squamata,3259.67,289.37,Near Threatened
Market yeah,Aves,Anura,1588.88,2707.0,Near Threatened
Campaign newspaper,Mammalia,Rodentia,4370.816,1279.21,Near Threatened
To poor,Mammalia,Squamata,3904.857,1598.19,Vulnerable
People small,Mammalia,Rodentia,3156.061,584.48,Vulnerable
Their article,Actinopterygii,Rodentia,4248.235,664.27,Critically Endangered
Issue movement,Amphibia,Carnivora,3302.027,834.74,Least Concern
Candidate start,Reptilia,Carnivora,2353.743,2025.13,Near Threatened
Recognize table,Amphibia,Squamata,3963.153,2054.12,Least Concern
Knowledge four,Aves,Squamata,1722.976,1399.75,Least Concern
Vote support,Aves,Squamata,1045.07,900.73,Extinct in the Wild
Skill blood,Amphibia,Squamata,3686.405,1890.46,Vulnerable
Stuff senior,Amphibia,Anura,2616.048,1117.67,Extinct in the Wild
Evidence push,Amphibia,Primates,3933.053,1742.3,Extinct in the Wild
Impact suddenly,Amphibia,Anura,2159.061,1235.18,Critically Endangered
Couple identify,Mammalia,Rodentia,6.3,2622.01,Least Concern
Star detail,Aves,Primates,1455.017,2304.22,Critically Endangered
Base kid,Reptilia,Rodentia,4303.435,1639.58,Near Threatened
Important college,Amphibia,Primates,727.277,2506.55,Critically Endangered
Finally itself,Actinopterygii,Carnivora,278.526,2413.24,Near Threatened
Top democratic,Reptilia,Rodentia,4642.586,180.36,Endangered
Fund indicate,Actinopterygii,Rodentia,4932.795,1328.29,Extinct in the Wild
Whose now,Actinopterygii,Passeriformes,1198.725,2605.71,Least Concern
Require pressure,Amphibia,Carnivora,4681.845,2278.92,Near Threatened
Magazine left,Amphibia,Passeriformes,1578.893,1076.99,Extinct in the Wild
Against sign,Actinopterygii,Passeriformes,2861.269,1045.02,Endangered
New help,Mammalia,Passeriformes,4928.299,126.75,Critically Endangered
Majority clear,Mammalia,Carnivora,2122.597,1292.61,Extinct in the Wild
Table especially,Aves,Carnivora,1564.686,2544.71,Endangered
Establish picture,Actinopterygii,Primates,3272.139,341.3,Vulnerable
Morning least,Mammalia,Anura,2917.972,1653.04,Critically Endangered
Job physical,Aves,Anura,4795.018,2249.24,Least Concern
Particularly money,Amphibia,Squamata,3204.049,2417.27,Extinct in the Wild
Perhaps focus,Reptilia,Passeriformes,1482.619,1493.54,Critically Endangered
Region quickly,Aves,Primates,3141.055,785.38,Critically Endangered
Official to,Amphibia,Squamata,3598.687,1514.47,Vulnerable
Finish development,Aves,Rodentia,3423.921,545.51,Endangered
Usually foreign,Actinopterygii,Primates,2399.817,2087.39,Extinct in the Wild
Economic eat,Aves,Carnivora,1664.286,2984.51,Endangered
Real church,Mammalia,Passeriformes,3820.398,1234.48,Near Threatened
Movie politics,Actinopterygii,Anura,2658.493,486.93,Least Concern
Music call,Actinopterygii,Passeriformes,1863.993,1321.55,Critically Endangered
Other seem,Aves,Carnivora,4465.311,2912.11,Endangered
Education measure,Amphibia,Carnivora,311.646,543.43,Critically Endangered
Voice serious,Actinopterygii,Carnivora,1893.093,2670.0,Critically Endangered
Day get,Reptilia,Passeriformes,944.632,1675.92,Least Concern
Center trade,Aves,Primates,3962.888,2724.19,Critically Endangered
Whom listen,Aves,Primates,119.305,152.4,Least Concern
Half big,Mammalia,Rodentia,1070.019,588.62,Critically Endangered
Almost born,Aves,Primates,4797.994,2776.37,Least Concern
Time inside,Mammalia,Passeriformes,946.805,2144.68,Endangered
Exist become,Mammalia,Primates,1634.619,2461.74,Near Threatened
However least,Mammalia,Carnivora,4327.145,814.33,Vulnerable
Both until,Aves,Passeriformes,1465.916,814.65,Vulnerable
Age author,Mammalia,Primates,4773.716,273.37,Critically Endangered
Line baby,Reptilia,Carnivora,801.562,994.25,Extinct in the Wild
Parent approach,Amphibia,Rodentia,1895.299,318.74,Endangered
There operation,Amphibia,Rodentia,1749.009,652.62,Least Concern
Traditional young,Aves,Anura,3472.132,382.42,Near Threatened
Almost just,Aves,Squamata,4768.988,130.89,Critically Endangered
Make might,Reptilia,Carnivora,475.317,1891.02,Extinct in the Wild
Put its,Mammalia,Squamata,1177.95,2327.66,Near Threatened
Former just,Aves,Squamata,2471.57,493.33,Endangered
Always adult,Mammalia,Primates,1404.342,717.11,Near Threatened
Want necessary,Aves,Carnivora,4706.388,2985.7,Endangered
Couple image,Amphibia,Passeriformes,144.579,2819.45,Extinct in the Wild
Finish late,Mammalia,Primates,1925.811,2499.34,Extinct in the Wild
It shake,Reptilia,Carnivora,3838.703,2500.8,Vulnerable
Idea truth,Mammalia,Primates,4275.68,1638.09,Critically Endangered
Light religious,Reptilia,Anura,497.678,562.67,Endangered
Be staff,Reptilia,Passeriformes,4157.972,22.6,Endangered
Mention treatment,Reptilia,Squamata,1210.789,1788.76,Vulnerable
Fly build,Reptilia,Primates,343.048,1614.94,Critically Endangered
Eight raise,Aves,Primates,1746.855,2621.04,Least Concern
Where son,Aves,Squamata,823.743,688.4,Extinct in the Wild
Center crime,Amphibia,Passeriformes,346.921,2643.78,Least Concern
Enjoy memory,Reptilia,Passeriformes,472.689,1906.33,Critically Endangered
Alone two,Reptilia,Passeriformes,3537.078,2308.36,Extinct in the Wild
Study anything,Actinopterygii,Carnivora,4858.209,2254.13,Near Threatened
Study course,Actinopterygii,Passeriformes,593.268,2734.99,Near Threatened
Happen sister,Mammalia,Rodentia,3668.657,634.69,Extinct in the Wild
Me war,Reptilia,Rodentia,2228.753,1700.44,Extinct in the Wild
Cost deep,Amphibia,Carnivora,4541.76,2559.12,Least Concern
Bad every,Reptilia,Primates,3558.059,298.92,Extinct in the Wild
Notice lot,Aves,Primates,2385.306,1895.73,Vulnerable
Scientist it,Amphibia,Carnivora,3092.439,532.26,Least Concern
Do expect,Actinopterygii,Anura,165.88,1305.64,Vulnerable
Discussion cultural,Reptilia,Anura,141.028,753.01,Extinct in the Wild
Large radio,Mammalia,Rodentia,813.013,736.06,Least Concern
Site condition,Mammalia,Primates,3226.634,2340.85,Critically Endangered
Represent somebody,Actinopterygii,Anura,1525.602,952.8,Extinct in the Wild
Direction summer,Reptilia,Rodentia,2949.494,2223.16,Near Threatened
Inside build,Amphibia,Carnivora,2880.721,2988.38,Extinct in the Wild
Leader pass,Aves,Anura,383.514,1514.14,Vulnerable
Ever chance,Actinopterygii,Anura,1703.231,1101.59,Vulnerable
Cut rule,Aves,Rodentia,3319.903,2678.23,Extinct in the Wild
Behavior miss,Amphibia,Squamata,1389.126,1759.48,Extinct in the Wild
Hour visit,Amphibia,Primates,978.037,1315.25,Near Threatened
Specific defense,Reptilia,Primates,2754.548,1882.84,Endangered
Morning girl,Mammalia,Squamata,1312.633,2479.63,Extinct in the Wild
Network candidate,Actinopterygii,Squamata,2743.648,1696.7,Least Concern
Skill consumer,Aves,Squamata,1111.258,2230.87,Vulnerable
Way safe,Amphibia,Anura,2884.71,1358.55,Near Threatened
Require able,Aves,Carnivora,2413.795,2063.11,Critically Endangered
Claim avoid,Reptilia,Passeriformes,3537.16,2125.82,Extinct in the Wild
Act might,Actinopterygii,Passeriformes,869.144,3.72,Extinct in the Wild
Table sure,Amphibia,Passeriformes,2228.541,412.8,Critically Endangered
Surface wife,Amphibia,Passeriformes,3444.471,668.98,Extinct in the Wild
Machine loss,Reptilia,Anura,1587.766,202.51,Near Threatened
Poor can,Mammalia,Passeriformes,4848.484,2076.64,Extinct in the Wild
Happen well,Reptilia,Squamata,4995.91,2360.36,Extinct in the Wild
Artist music,Actinopterygii,Carnivora,3380.638,1602.63,Critically Endangered
May speak,Amphibia,Passeriformes,4403.975,89.67,Near Threatened
Future middle,Aves,Primates,1832.072,584.23,Vulnerable
Traditional research,Aves,Carnivora,2478.931,2414.51,Extinct in the Wild
Energy cup,Mammalia,Squamata,1856.7,331.63,Vulnerable
Mother high,Aves,Anura,1974.855,557.45,Least Concern
Generation green,Amphibia,Primates,2694.808,2873.31,Near Threatened
Forward myself,Amphibia,Squamata,188.308,1004.62,Critically Endangered
Where girl,Amphibia,Anura,1701.868,747.94,Near Threatened
Cut natural,Actinopterygii,Primates,4229.671,1966.92,Vulnerable
They return,Reptilia,Passeriformes,4957.035,2701.97,Vulnerable
As forward,Mammalia,Carnivora,2575.353,783.34,Vulnerable
Produce structure,Amphibia,Rodentia,3239.873,2774.74,Critically Endangered
Order already,Reptilia,Primates,2767.076,1009.08,Extinct in the Wild
Or guess,Actinopterygii,Anura,493.778,869.59,Least Concern
Car anything,Mammalia,Rodentia,297.289,220.11,Extinct in the Wild
Clearly hear,Aves,Anura,4495.141,1673.98,Endangered
Dark soon,Amphibia,Anura,1578.683,964.59,Extinct in the Wild
Follow understand,Amphibia,Rodentia,4055.936,557.46,Endangered
At care,Aves,Rodentia,1609.409,2014.43,Extinct in the Wild
Agency but,Aves,Squamata,3071.331,1710.27,Vulnerable
Their price,Aves,Passeriformes,3679.628,130.88,Least Concern
Put black,Amphibia,Passeriformes,3028.027,238.38,Critically Endangered
Start success,Amphibia,Primates,3831.681,839.41,Near Threatened
Ready somebody,Amphibia,Carnivora,2037.374,421.45,Near Threatened
Generation forward,Mammalia,Passeriformes,2395.899,895.61,Vulnerable
Event something,Mammalia,Carnivora,4206.12,298.13,Endangered
Painting interest,Aves,Anura,836.106,748.91,Near Threatened
Wish phone,Mammalia,Carnivora,3037.102,2213.94,Vulnerable
Rate hope,Amphibia,Passeriformes,1308.758,97.75,Vulnerable
Team animal,Aves,Squamata,2761.611,2945.88,Critically Endangered
Stock affect,Aves,Passeriformes,1769.278,1539.67,Vulnerable
Increase once,Amphibia,Anura,3429.315,1338.17,Least Concern
Alone human,Actinopterygii,Passeriformes,355.253,230.71,Extinct in the Wild
Crime member,Mammalia,Anura,2527.199,2098.63,Endangered
Manage PM,Amphibia,Carnivora,3229.779,2519.81,Vulnerable
Attack address,Reptilia,Anura,2827.955,1264.34,Vulnerable
Recent hour,Reptilia,Passeriformes,1900.867,201.03,Near Threatened
Wrong tend,Actinopterygii,Squamata,2361.987,1046.02,Near Threatened
Total easy,Actinopterygii,Primates,1572.578,111.93,Endangered
Gas finally,Reptilia,Anura,2191.046,2100.12,Critically Endangered
Any late,Mammalia,Primates,3057.202,1737.62,Extinct in the Wild
See mouth,Reptilia,Rodentia,1714.915,2993.13,Near Threatened
Cover surface,Reptilia,Passeriformes,3867.704,2145.54,Extinct in the Wild
Company more,Aves,Passeriformes,3561.13,1458.79,Critically Endangered
Pick ago,Reptilia,Primates,3749.957,81.44,Least Concern
White natural,Aves,Passeriformes,1265.688,44.87,Least Concern
Explain home,Mammalia,Passeriformes,4819.202,2217.78,Vulnerable
Ten beat,Amphibia,Rodentia,3225.605,1603.54,Critically Endangered
Member less,Actinopterygii,Primates,3339.626,2874.46,Vulnerable
Should in,Mammalia,Anura,4340.596,2422.01,Least Concern
Career million,Reptilia,Passeriformes,4161.785,464.17,Vulnerable
Through size,Amphibia,Primates,3100.127,705.05,Endangered
Father financial,Actinopterygii,Passeriformes,2776.092,2195.65,Endangered
See help,Amphibia,Passeriformes,2858.795,1429.75,Critically Endangered
Lot word,Mammalia,Passeriformes,4413.877,819.39,Least Concern
Upon behind,Mammalia,Primates,1853.983,339.39,Extinct in the Wild
Stop young,Amphibia,Anura,266.326,2389.88,Least Concern
Several late,Reptilia,Squamata,1652.256,313.33,Extinct in the Wild
Factor light,Mammalia,Squamata,3734.578,1733.23,Endangered
Seat door,Amphibia,Primates,2731.072,462.78,Critically Endangered
Skill character,Aves,Squamata,2146.415,1174.33,Critically Endangered
Action number,Actinopterygii,Squamata,2982.579,1467.16,Least Concern
Nearly environment,Amphibia,Passeriformes,4095.11,1833.07,Near Threatened
Foreign full,Mammalia,Anura,3790.109,1251.65,Extinct in the Wild
Consider beautiful,Reptilia,Carnivora,4067.388,584.51,Extinct in the Wild
However camera,Actinopterygii,Squamata,2020.465,1371.95,Near Threatened
Animal cut,Mammalia,Anura,582.944,817.5,Near Threatened
Court manage,Aves,Carnivora,3150.801,1886.8,Near Threatened
Size successful,Amphibia,Passeriformes,551.229,845.59,Least Concern
Cultural require,Actinopterygii,Carnivora,3111.68,2570.83,Least Concern
Single scientist,Amphibia,Rodentia,2343.526,1964.66,Critically Endangered
Capital they,Reptilia,Anura,156.334,314.23,Critically Endangered
Mean letter,Aves,Carnivora,2702.375,1341.66,Vulnerable
Wrong truth,Mammalia,Anura,1239.422,1790.15,Vulnerable
Indeed decade,Reptilia,Carnivora,2148.418,2330.88,Least Concern
Foreign four,Actinopterygii,Anura,2951.115,2894.8,Vulnerable
Popular deal,Amphibia,Primates,165.713,535.52,Vulnerable
Teacher current,Amphibia,Passeriformes,3381.051,304.57,Extinct in the Wild
Man evidence,Actinopterygii,Anura,4711.012,1900.09,Near Threatened
Travel main,Aves,Primates,3803.071,222.43,Endangered
Point question,Aves,Rodentia,1954.233,1051.97,Critically Endangered
Report most,Actinopterygii,Squamata,718.275,135.37,Vulnerable
Surface finally,Actinopterygii,Squamata,2527.96,235.8,Endangered
Drive take,Actinopterygii,Anura,4145.722,1526.34,Critically Endangered
Wish western,Aves,Passeriformes,2956.665,640.01,Vulnerable
Writer watch,Amphibia,Squamata,2130.886,68.63,Vulnerable
Effect or,Amphibia,Carnivora,3070.882,268.61,Vulnerable
Good society,Actinopterygii,Primates,3387.804,2866.22,Extinct in the Wild
Event art,Mammalia,Anura,4610.484,413.63,Least Concern
Film treat,Aves,Squamata,1941.324,2022.44,Vulnerable
Ever strategy,Aves,Primates,4414.197,969.93,Near Threatened
Bad firm,Amphibia,Anura,3969.8,273.7,Endangered
Perform argue,Actinopterygii,Primates,4134.344,1181.07,Endangered
Oil building,Amphibia,Rodentia,2960.63,2917.95,Critically Endangered
Garden seek,Aves,Carnivora,4143.238,168.56,Critically Endangered
Million about,Aves,Passeriformes,3079.989,1990.9,Near Threatened
Left husband,Amphibia,Passeriformes,1784.796,2225.76,Least Concern
Every line,Aves,Carnivora,4690.572,2223.4,Endangered
Fact picture,Mammalia,Carnivora,3307.431,2405.47,Vulnerable
Finally on,Amphibia,Primates,3690.149,470.81,Near Threatened
Easy weight,Mammalia,Primates,2264.383,2648.11,Least Concern
Actually response,Mammalia,Primates,2257.73,1806.0,Near Threatened
Six quality,Amphibia,Squamata,2009.716,431.7,Near Threatened
Section treat,Aves,Passeriformes,3362.547,522.89,Extinct in the Wild
Her spend,Aves,Passeriformes,1660.99,211.71,Least Concern
Like play,Reptilia,Rodentia,1067.165,1626.75,Endangered
Able a,Amphibia,Rodentia,3470.131,682.02,Extinct in the Wild
Pressure fill,Amphibia,Primates,1155.58,2236.81,Vulnerable
Style word,Actinopterygii,Carnivora,1097.09,1824.88,Extinct in the Wild
So continue,Amphibia,Squamata,591.66,1576.57,Endangered
Campaign want,Aves,Squamata,1038.938,1618.3,Near Threatened
Next realize,Aves,Carnivora,1953.349,1076.48,Least Concern
Least ok,Amphibia,Rodentia,2446.224,1136.46,Vulnerable
Decide dream,Actinopterygii,Squamata,4123.412,1045.05,Near Threatened
Several church,Aves,Anura,4102.467,1469.13,Vulnerable
Amount series,Reptilia,Squamata,454.984,2468.48,Extinct in the Wild
Degree staff,Amphibia,Carnivora,2695.057,224.23,Critically Endangered
Identify article,Mammalia,Squamata,843.892,1430.82,Near Threatened
Plan argue,Reptilia,Anura,1054.554,775.66,Vulnerable
Rock indicate,Mammalia,Carnivora,1874.668,1982.98,Critically Endangered
Us act,Aves,Rodentia,4628.997,2878.15,Vulnerable
Special skill,Mammalia,Primates,2267.6,1170.11,Near Threatened
Summer second,Reptilia,Squamata,2934.715,1961.32,Near Threatened
Hand understand,Aves,Squamata,4676.713,1596.17,Vulnerable
Near want,Reptilia,Carnivora,2037.882,1522.2,Critically Endangered
Plan sell,Actinopterygii,Passeriformes,3938.966,377.53,Endangered
My situation,Actinopterygii,Passeriformes,1025.525,607.44,Least Concern
Kind operation,Actinopterygii,Passeriformes,1480.798,253.86,Least Concern
Different identify,Actinopterygii,Squamata,2857.97,1148.62,Near Threatened
Account serve,Aves,Anura,3763.211,2227.04,Vulnerable
Civil effort,Mammalia,Passeriformes,1394.917,540.37,Least Concern
Next language,Actinopterygii,Squamata,1358.283,2890.85,Critically Endangered
Various drug,Amphibia,Squamata,1616.402,2879.27,Critically Endangered
Face sit,Actinopterygii,Primates,3821.0,550.24,Endangered
Professional five,Reptilia,Rodentia,770.809,2475.21,Extinct in the Wild
Relate rule,Amphibia,Squamata,1728.805,155.41,Endangered
Class executive,Amphibia,Primates,4017.441,2179.21,Vulnerable
Quite PM,Reptilia,Carnivora,112.42,2460.06,Endangered
Occur serve,Actinopterygii,Anura,2195.637,2952.78,Endangered
Fish land,Mammalia,Primates,4624.033,1533.1,Vulnerable
Feel result,Amphibia,Anura,4369.033,403.26,Least Concern
Pass drop,Actinopterygii,Primates,512.398,848.81,Endangered
Range example,Aves,Squamata,3465.353,678.48,Endangered
Race offer,Mammalia,Rodentia,3744.59,1087.47,Vulnerable
Around chance,Aves,Squamata,177.451,736.08,Least Concern
Large race,Aves,Passeriformes,2268.504,878.24,Critically Endangered
Goal nearly,Actinopterygii,Anura,3764.406,1005.3,Endangered
Part move,Mammalia,Squamata,3464.103,1803.76,Least Concern
Season big,Actinopterygii,Rodentia,3531.518,1780.27,Least Concern
Everybody get,Mammalia,Carnivora,4928.491,601.4,Least Concern
Guy speech,Amphibia,Carnivora,3713.599,834.61,Critically Endangered
Modern now,Amphibia,Carnivora,3334.505,274.82,Vulnerable
Name act,Aves,Squamata,270.571,2350.51,Least Concern
Common up,Amphibia,Squamata,591.819,1153.14,Vulnerable
Rise very,Mammalia,Anura,3785.62,2974.17,Endangered
Out marriage,Aves,Squamata,938.039,519.95,Extinct in the Wild
Owner morning,Amphibia,Squamata,4446.661,359.0,Vulnerable
Someone later,Actinopterygii,Passeriformes,3307.273,1340.89,Vulnerable
Tell too,Reptilia,Primates,1447.179,2551.36,Extinct in the Wild
Fact effect,Aves,Passeriformes,1926.771,1415.45,Critically Endangered
Opportunity pay,Aves,Passeriformes,632.03,876.24,Least Concern
Red soldier,Mammalia,Carnivora,3089.251,2235.75,Vulnerable
Economic ask,Actinopterygii,Squamata,2558.512,2850.7,Endangered
Walk whether,Mammalia,Carnivora,56.103,1912.58,Critically Endangered
Wall international,Actinopterygii,Passeriformes,1772.731,2329.27,Vulnerable
Long seat,Actinopterygii,Passeriformes,2283.514,1959.15,Least Concern
Worker create,Amphibia,Squamata,3575.529,2708.77,Endangered
Because out,Aves,Primates,3766.799,1314.52,Least Concern
Return stuff,Aves,Rodentia,2023.152,2259.32,Least Concern
Arm beat,Amphibia,Rodentia,495.248,2110.87,Critically Endangered
Case maybe,Mammalia,Passeriformes,3123.649,2593.46,Vulnerable
Indeed American,Reptilia,Primates,4356.131,2136.08,Endangered
Million on,Amphibia,Rodentia,4299.553,268.62,Vulnerable
However she,Mammalia,Carnivora,3680.587,2382.21,Vulnerable
Cut wide,Reptilia,Squamata,2375.886,610.35,Extinct in the Wild
Service executive,Mammalia,Carnivora,2369.413,1603.07,Near Threatened
Five human,Actinopterygii,Carnivora,1418.83,2254.42,Least Concern
Tell lose,Aves,Carnivora,3829.455,1302.74,Vulnerable
Enjoy piece,Mammalia,Primates,4035.152,2884.93,Endangered
Picture break,Reptilia,Squamata,3824.663,2876.24,Least Concern
Body true,Reptilia,Passeriformes,2056.75,2829.6,Least Concern
Success some,Amphibia,Squamata,1045.384,2322.84,Near Threatened
Heart moment,Reptilia,Carnivora,2779.763,969.77,Vulnerable
Back nor,Aves,Primates,1955.373,2270.39,Critically Endangered
Prepare yet,Reptilia,Carnivora,210.76,2587.36,Vulnerable
Receive war,Actinopterygii,Squamata,984.853,978.11,Endangered
Kitchen down,Aves,Passeriformes,440.142,1173.63,Endangered
Perform try,Actinopterygii,Primates,1097.203,1090.22,Critically Endangered
Professor food,Mammalia,Squamata,4842.096,2352.52,Least Concern
Treat wrong,Actinopterygii,Anura,934.22,2289.95,Extinct in the Wild
Cause remain,Amphibia,Primates,3962.61,2251.94,Least Concern
Someone receive,Actinopterygii,Carnivora,3271.883,2167.82,Extinct in the Wild
Choice able,Aves,Primates,2933.715,2901.27,Extinct in the Wild
Somebody deep,Amphibia,Passeriformes,688.801,1741.21,Near Threatened
Budget paper,Reptilia,Squamata,397.259,1775.32,Least Concern
Drive here,Aves,Squamata,3021.512,359.24,Vulnerable
Question half,Aves,Squamata,1055.707,973.25,Extinct in the Wild
Most listen,Mammalia,Squamata,4783.881,2485.2,Critically Endangered
Good really,Reptilia,Anura,1013.203,876.66,Vulnerable
Trial under,Amphibia,Rodentia,937.759,1034.75,Vulnerable
Smile doctor,Mammalia,Carnivora,4431.299,1905.99,Vulnerable
Management inside,Reptilia,Anura,3201.783,2441.42,Critically Endangered
Responsibility worry,Mammalia,Primates,414.984,2852.23,Vulnerable
Would six,Reptilia,Carnivora,3341.884,2829.67,Extinct in the Wild
Upon look,Actinopterygii,Anura,1547.036,1517.64,Critically Endangered
Official small,Aves,Primates,2065.637,364.62,Least Concern
Without experience,Amphibia,Rodentia,145.908,2267.89,Least Concern
Public simple,Reptilia,Squamata,3965.206,1296.9,Least Concern
Next particularly,Actinopterygii,Carnivora,990.975,2311.88,Critically Endangered
Fear at,Aves,Anura,4660.225,867.71,Near Threatened
Everyone beat,Aves,Primates,4447.2,290.7,Critically Endangered
Lead may,Reptilia,Carnivora,4722.976,1787.87,Vulnerable
Often large,Aves,Passeriformes,1519.147,1875.88,Near Threatened
Loss Mr,Mammalia,Rodentia,1880.105,1595.13,Least Concern
These college,Reptilia,Primates,993.934,446.19,Near Threatened
After teacher,Actinopterygii,Passeriformes,2240.678,2487.89,Critically Endangered
Process somebody,Mammalia,Squamata,3967.539,924.18,Vulnerable
Customer matter,Actinopterygii,Passeriformes,2617.862,1860.56,Least Concern
Body include,Reptilia,Anura,1325.465,1292.25,Critically Endangered
Present father,Aves,Squamata,4328.56,828.56,Least Concern
Leave bag,Actinopterygii,Squamata,3294.134,1877.22,Endangered
Go piece,Amphibia,Primates,3800.036,2457.17,Endangered
Middle executive,Aves,Squamata,1299.793,72.12,Extinct in the Wild
Material identify,Amphibia,Passeriformes,3438.19,1766.16,Vulnerable
Smile few,Actinopterygii,Anura,2756.459,1286.78,Endangered
Candidate maintain,Amphibia,Carnivora,3861.901,2107.49,Endangered
Example dog,Actinopterygii,Anura,3120.211,1408.87,Vulnerable
Word carry,Reptilia,Passeriformes,4452.783,616.87,Critically Endangered
Near hard,Amphibia,Passeriformes,3502.657,586.08,Endangered
Benefit case,Aves,Anura,2645.054,1772.77,Endangered
Kid especially,Reptilia,Anura,2863.748,2587.79,Endangered
Hard information,Actinopterygii,Carnivora,3496.922,1686.14,Extinct in the Wild
Day carry,Amphibia,Anura,2950.268,965.96,Least Concern
Attorney clearly,Mammalia,Carnivora,4198.591,388.52,Least Concern
Leg allow,Actinopterygii,Carnivora,1501.26,2412.0,Vulnerable
Particular future,Aves,Squamata,1110.531,1530.17,Endangered
People animal,Reptilia,Squamata,3063.93,2430.89,Critically Endangered
Tv really,Amphibia,Anura,459.909,1658.68,Critically Endangered
Fly market,Amphibia,Anura,2392.338,638.74,Least Concern
Center you,Amphibia,Squamata,1554.632,280.14,Least Concern
Produce question,Actinopterygii,Passeriformes,3630.412,2920.51,Least Concern
Nor dream,Amphibia,Anura,195.031,357.07,Critically Endangered
Almost financial,Amphibia,Carnivora,3570.757,1802.55,Extinct in the Wild
Include no,Aves,Primates,926.077,1313.36,Least Concern
Service anyone,Aves,Squamata,2638.454,750.08,Critically Endangered
Soon hope,Reptilia,Passeriformes,2957.255,430.99,Critically Endangered
Different former,Actinopterygii,Rodentia,3355.667,2364.01,Least Concern
Floor quite,Amphibia,Squamata,4889.394,1968.35,Vulnerable
Professor instead,Mammalia,Carnivora,4563.485,853.94,Vulnerable
Eat rise,Mammalia,Rodentia,1517.746,2614.76,Vulnerable
Fast drug,Actinopterygii,Anura,4892.778,37.12,Near Threatened
Mother simple,Reptilia,Primates,4724.147,1030.03,Critically Endangered
Wife trade,Amphibia,Anura,3023.96,100.17,Near Threatened
Point benefit,Reptilia,Passeriformes,1838.857,401.48,Near Threatened
Our part,Actinopterygii,Rodentia,4931.615,1970.49,Endangered
Certainly husband,Mammalia,Primates,2588.371,854.85,Least Concern
Base card,Mammalia,Carnivora,1202.539,2006.76,Vulnerable
Seat surface,Aves,Passeriformes,2997.822,2651.19,Near Threatened
Event six,Mammalia,Carnivora,940.268,2992.72,Least Concern
Contain peace,Reptilia,Rodentia,810.111,1881.63,Vulnerable
List exactly,Mammalia,Rodentia,3443.158,914.74,Extinct in the Wild
Road and,Actinopterygii,Primates,2828.069,377.92,Least Concern
Who open,Reptilia,Rodentia,1923.89,1674.26,Extinct in the Wild
Weight data,Actinopterygii,Rodentia,2509.707,811.78,Endangered
Music film,Reptilia,Rodentia,3157.079,2675.46,Near Threatened
Effect plan,Amphibia,Squamata,4732.055,2639.19,Vulnerable
Program over,Aves,Primates,1230.963,1873.27,Least Concern
Step worry,Aves,Rodentia,3328.499,2275.67,Near Threatened
Address tree,Reptilia,Rodentia,1261.73,1360.9,Critically Endangered
Certainly method,Mammalia,Carnivora,1076.246,673.58,Near Threatened
Civil act,Reptilia,Squamata,4362.715,979.42,Extinct in the Wild
Two group,Mammalia,Squamata,4446.538,2527.1,Near Threatened
Drive best,Mammalia,Anura,4948.408,1183.59,Endangered
Thus charge,Mammalia,Anura,447.173,929.88,Vulnerable
Television gas,Mammalia,Primates,4418.083,2859.17,Vulnerable
Tough machine,Aves,Carnivora,1908.659,1388.66,Endangered
Trade station,Aves,Carnivora,3272.279,317.97,Vulnerable
Affect after,Aves,Anura,1831.666,1668.24,Extinct in the Wild
Air decade,Aves,Passeriformes,2726.269,2952.98,Critically Endangered
Human nothing,Aves,Anura,424.147,1881.56,Extinct in the Wild
Blood pay,Amphibia,Passeriformes,4544.628,244.19,Extinct in the Wild
Weight great,Mammalia,Passeriformes,2655.337,2912.74,Least Concern
Agreement section,Actinopterygii,Anura,1350.759,874.19,Near Threatened
Its him,Reptilia,Carnivora,4903.985,212.45,Endangered
Later gun,Mammalia,Primates,885.069,2407.49,Extinct in the Wild
Top suggest,Aves,Primates,4644.559,1695.5,Critically Endangered
Recently career,Aves,Anura,2206.153,1884.51,Extinct in the Wild
Series room,Reptilia,Passeriformes,4172.748,1863.22,Endangered
Budget teacher,Amphibia,Anura,1924.422,2871.57,Extinct in the Wild
Happy general,Amphibia,Primates,58.404,1454.09,Near Threatened
Item sing,Amphibia,Passeriformes,1247.828,2897.74,Least Concern
Eat guy,Reptilia,Anura,3559.395,2783.32,Endangered
Similar discover,Amphibia,Rodentia,3494.861,2627.34,Extinct in the Wild
Several establish,Actinopterygii,Passeriformes,636.495,185.14,Extinct in the Wild
Another both,Actinopterygii,Anura,2962.635,35.86,Near Threatened
Energy sea,Reptilia,Squamata,1738.093,2380.18,Critically Endangered
Old remain,Aves,Passeriformes,3356.716,1733.05,Vulnerable
Develop environmental,Amphibia,Anura,70.444,2657.02,Extinct in the Wild
Majority record,Reptilia,Squamata,2556.032,1609.61,Near Threatened
Behind Democrat,Amphibia,Rodentia,2758.108,646.35,Extinct in the Wild
Explain development,Aves,Primates,2162.526,2335.85,Endangered
Line bag,Amphibia,Passeriformes,813.778,2433.56,Vulnerable
Each here,Mammalia,Anura,307.014,925.25,Near Threatened
Station how,Mammalia,Squamata,3788.708,432.45,Near Threatened
General bag,Actinopterygii,Squamata,1383.304,1431.81,Critically Endangered
Company boy,Actinopterygii,Squamata,3467.41,2462.38,Near Threatened
Television card,Amphibia,Anura,4544.833,1802.82,Extinct in the Wild
Responsibility wrong,Amphibia,Carnivora,1649.112,2708.41,Endangered
Recent thousand,Mammalia,Rodentia,3043.859,623.85,Critically Endangered
Leg write,Aves,Anura,4183.865,2166.71,Vulnerable
Marriage partner,Actinopterygii,Carnivora,3677.956,2655.01,Critically Endangered
Production thing,Amphibia,Squamata,1052.025,2580.03,Critically Endangered
High list,Mammalia,Squamata,2141.508,1547.32,Near Threatened
Discover onto,Mammalia,Squamata,1671.372,754.07,Endangered
Low put,Reptilia,Primates,2626.603,2667.75,Critically Endangered
Throughout law,Mammalia,Carnivora,3234.64,2673.12,Near Threatened
Order father,Actinopterygii,Squamata,2784.634,2405.64,Near Threatened
Clearly account,Mammalia,Primates,413.598,2302.52,Vulnerable
Board in,Aves,Rodentia,862.743,87.55,Vulnerable
Lawyer their,Mammalia,Primates,2787.78,1611.13,Least Concern
Week surface,Reptilia,Anura,4473.705,2999.13,Extinct in the Wild
Safe time,Amphibia,Primates,4860.997,1835.67,Critically Endangered
Describe sea,Mammalia,Primates,1375.32,996.31,Extinct in the Wild
Authority know,Reptilia,Carnivora,1369.505,2866.84,Endangered
Wrong middle,Aves,Anura,4805.274,1515.13,Near Threatened
Interesting hope,Amphibia,Passeriformes,562.635,1340.66,Endangered
Successful design,Actinopterygii,Rodentia,1836.768,1884.84,Endangered
Focus main,Actinopterygii,Squamata,2763.648,963.13,Endangered
Season the,Reptilia,Squamata,3789.632,1136.8,Vulnerable
Sing for,Mammalia,Squamata,3530.762,1305.75,Least Concern
These measure,Reptilia,Passeriformes,88.935,1145.51,Critically Endangered
Manage college,Actinopterygii,Rodentia,2723.895,1569.21,Vulnerable
Cold authority,Aves,Carnivora,4631.862,2692.7,Critically Endangered
Everybody deal,Amphibia,Rodentia,1492.791,622.12,Critically Endangered
News police,Amphibia,Squamata,1253.537,2485.67,Near Threatened
Site western,Actinopterygii,Passeriformes,4814.318,2670.38,Least Concern
Show after,Mammalia,Carnivora,1575.865,1909.09,Critically Endangered
Education gun,Amphibia,Carnivora,4614.475,2613.94,Critically Endangered
Fill stop,Aves,Primates,1459.153,367.51,Least Concern
Thousand writer,Amphibia,Squamata,3917.457,1431.95,Critically Endangered
Pull check,Amphibia,Anura,4754.171,653.16,Endangered
Serve choose,Mammalia,Squamata,4746.402,1068.85,Extinct in the Wild
Particularly study,Mammalia,Passeriformes,2486.559,2426.36,Critically Endangered
Culture despite,Actinopterygii,Primates,3392.858,2684.34,Critically Endangered
Film ten,Actinopterygii,Squamata,265.234,2364.25,Endangered
End he,Reptilia,Rodentia,840.152,1237.79,Critically Endangered
Carry keep,Reptilia,Primates,3431.604,712.76,Near Threatened
Own middle,Actinopterygii,Primates,2584.46,1481.42,Endangered
Place often,Reptilia,Anura,2010.244,1013.31,Near Threatened
Could simple,Mammalia,Rodentia,3917.844,458.91,Endangered
Relationship late,Amphibia,Anura,1016.543,2322.49,Least Concern
Make remain,Aves,Squamata,4696.311,51.6,Vulnerable
Side light,Reptilia,Passeriformes,1987.328,1739.07,Near Threatened
Born stop,Amphibia,Squamata,3237.433,2655.26,Least Concern
Arm else,Actinopterygii,Anura,1473.803,1886.64,Critically Endangered
Short all,Amphibia,Primates,3214.254,898.31,Critically Endangered
Bad reach,Amphibia,Carnivora,1914.916,2271.92,Vulnerable
Suffer billion,Reptilia,Passeriformes,3187.313,289.6,Extinct in the Wild
Right recent,Aves,Anura,3173.849,1001.69,Near Threatened
Now term,Amphibia,Rodentia,1281.974,2399.21,Near Threatened
Too billion,Mammalia,Anura,1967.323,379.13,Extinct in the Wild
Man must,Mammalia,Carnivora,2594.123,961.22,Endangered
Here similar,Actinopterygii,Squamata,2829.41,2839.86,Near Threatened
Special should,Reptilia,Passeriformes,918.33,2682.55,Vulnerable
Mouth dog,Actinopterygii,Rodentia,2243.912,2773.07,Critically Endangered
Blue peace,Actinopterygii,Rodentia,1601.553,421.34,Vulnerable
House can,Actinopterygii,Squamata,180.805,1709.66,Least Concern
Or next,Actinopterygii,Rodentia,1312.327,987.26,Least Concern
Officer old,Amphibia,Carnivora,1921.861,456.28,Extinct in the Wild
Street seven,Amphibia,Primates,2926.137,1704.64,Least Concern
Car per,Mammalia,Passeriformes,1381.621,515.06,Near Threatened
Increase professional,Mammalia,Passeriformes,1199.964,1099.1,Least Concern
Look easy,Actinopterygii,Anura,3590.603,2308.39,Least Concern
Put record,Actinopterygii,Rodentia,4862.5,1412.42,Least Concern
Wrong speak,Amphibia,Passeriformes,3675.637,1732.56,Extinct in the Wild
Discover newspaper,Mammalia,Rodentia,4236.202,608.7,Extinct in the Wild
Citizen catch,Reptilia,Carnivora,1592.379,270.02,Least Concern
Local agency,Mammalia,Anura,2791.83,1679.81,Critically Endangered
Health stock,Mammalia,Anura,3780.536,2846.23,Near Threatened
Memory enter,Reptilia,Primates,1501.975,910.81,Vulnerable
Site value,Aves,Carnivora,2292.081,127.38,Least Concern
If safe,Amphibia,Squamata,541.672,1239.82,Extinct in the Wild
Wind century,Aves,Anura,3666.343,494.56,Extinct in the Wild
We allow,Reptilia,Primates,686.122,481.24,Extinct in the Wild
Develop finish,Amphibia,Rodentia,1612.196,2363.8,Endangered
Month table,Aves,Anura,2131.329,1085.55,Near Threatened
Goal another,Aves,Carnivora,3724.504,1341.47,Critically Endangered
Guy drive,Aves,Primates,4499.278,1392.07,Vulnerable
Term lay,Mammalia,Squamata,2413.971,2858.76,Vulnerable
Enjoy officer,Aves,Primates,3301.515,1431.2,Endangered
Trouble case,Amphibia,Rodentia,3078.244,2117.58,Extinct in the Wild
Outside final,Amphibia,Primates,4117.322,2236.73,Critically Endangered
Economy rule,Amphibia,Primates,1261.454,2880.11,Near Threatened
Quickly good,Reptilia,Anura,2543.596,2730.29,Extinct in the Wild
But team,Aves,Passeriformes,2892.92,1168.42,Critically Endangered
Run much,Reptilia,Primates,1727.146,1684.31,Critically Endangered
Crime later,Aves,Rodentia,2617.599,1501.4,Least Concern
Everything Mr,Amphibia,Passeriformes,1912.34,498.01,Least Concern
Above forget,Reptilia,Passeriformes,4505.967,1567.51,Endangered
Institution single,Mammalia,Primates,3494.958,1197.63,Least Concern
Feeling stay,Reptilia,Carnivora,2510.051,1977.36,Endangered
Trial important,Reptilia,Carnivora,2636.261,2400.2,Endangered
Parent decide,Actinopterygii,Primates,4511.832,1682.6,Endangered
Throughout blue,Actinopterygii,Passeriformes,2559.942,2632.55,Extinct in the Wild
Myself human,Actinopterygii,Carnivora,4691.203,1745.36,Endangered
Suddenly political,Mammalia,Passeriformes,626.489,90.2,Critically Endangered
Generation threat,Aves,Anura,2516.346,2461.86,Near Threatened
Lot market,Actinopterygii,Passeriformes,4382.796,1406.29,Critically Endangered
Interest quickly,Aves,Primates,4098.221,1646.68,Vulnerable
Little party,Reptilia,Primates,302.615,1285.44,Critically Endangered
Board your,Amphibia,Carnivora,2116.122,2978.46,Critically Endangered
Also sound,Amphibia,Rodentia,3103.376,541.9,Critically Endangered
Though me,Actinopterygii,Carnivora,2338.301,963.32,Extinct in the Wild
Wrong glass,Amphibia,Passeriformes,3949.336,2730.75,Least Concern
Since accept,Mammalia,Anura,3039.413,2573.66,Least Concern
Wide interesting,Reptilia,Squamata,1790.08,2358.17,Extinct in the Wild
Body rock,Amphibia,Carnivora,80.301,735.91,Vulnerable
Finish kitchen,Reptilia,Anura,1836.584,2478.54,Vulnerable
Until magazine,Actinopterygii,Squamata,3700.951,1224.17,Least Concern
Find save,Amphibia,Anura,4554.04,1302.05,Near Threatened
Congress range,Reptilia,Primates,4148.365,2552.79,Least Concern
Policy campaign,Reptilia,Passeriformes,3420.166,2400.45,Endangered
Recently activity,Reptilia,Anura,56.174,934.41,Vulnerable
Keep might,Amphibia,Rodentia,2653.949,115.79,Critically Endangered
Dinner party,Amphibia,Carnivora,4637.185,2395.86,Near Threatened
Book best,Actinopterygii,Primates,2352.086,318.82,Critically Endangered
Tend recently,Reptilia,Carnivora,3363.247,1239.08,Least Concern
Nature important,Mammalia,Squamata,3847.146,698.31,Endangered
Whatever suddenly,Actinopterygii,Primates,2809.268,1030.05,Near Threatened
If example,Aves,Squamata,2268.435,1670.11,Least Concern
End far,Actinopterygii,Carnivora,3108.854,2354.98,Extinct in the Wild
Agency fast,Reptilia,Anura,3257.486,1779.24,Endangered
Know reach,Actinopterygii,Primates,30.02,772.12,Vulnerable
Run where,Aves,Anura,3381.054,552.69,Near Threatened
Talk for,Amphibia,Carnivora,650.828,25.32,Extinct in the Wild
Time series,Amphibia,Rodentia,131.113,1937.16,Near Threatened
National common,Mammalia,Passeriformes,338.855,457.88,Least Concern
Admit guy,Actinopterygii,Anura,4964.576,762.94,Critically Endangered
Upon where,Actinopterygii,Carnivora,3040.327,1842.81,Near Threatened
Owner training,Mammalia,Carnivora,3467.7,950.98,Endangered
Everybody certainly,Mammalia,Carnivora,364.255,1190.72,Near Threatened
Someone hand,Actinopterygii,Squamata,843.538,2929.01,Critically Endangered
Research figure,Aves,Carnivora,2606.683,1088.21,Critically Endangered
Fire safe,Actinopterygii,Rodentia,1072.067,264.48,Critically Endangered
Heart skin,Aves,Passeriformes,312.415,2485.75,Critically Endangered
Family responsibility,Aves,Rodentia,915.509,1198.68,Vulnerable
Soldier doctor,Amphibia,Carnivora,4803.025,617.25,Critically Endangered
Organization indicate,Aves,Rodentia,240.668,2857.06,Critically Endangered
Follow short,Aves,Primates,4190.261,780.38,Least Concern
Executive style,Amphibia,Rodentia,1599.03,2996.79,Extinct in the Wild
Information many,Reptilia,Squamata,2885.257,716.02,Endangered
Rest line,Actinopterygii,Carnivora,1732.766,1996.45,Extinct in the Wild
Recently policy,Mammalia,Carnivora,3396.196,2277.8,Critically Endangered
General main,Aves,Primates,1537.915,129.54,Extinct in the Wild
Development hope,Aves,Carnivora,4006.757,1299.99,Near Threatened
Person first,Mammalia,Anura,3887.062,1178.62,Extinct in the Wild
Beat same,Actinopterygii,Primates,25.547,453.37,Least Concern
Bring rise,Amphibia,Carnivora,1734.665,1238.33,Extinct in the Wild
Pay audience,Amphibia,Rodentia,2776.285,542.05,Vulnerable
Performance might,Amphibia,Carnivora,2159.117,1220.34,Vulnerable
Determine moment,Aves,Anura,1457.216,349.54,Critically Endangered
Indicate center,Aves,Primates,1144.269,2736.14,Least Concern
Far real,Amphibia,Squamata,4693.814,1467.21,Endangered
Sometimes wait,Amphibia,Anura,4296.302,2234.2,Critically Endangered
Beat book,Actinopterygii,Squamata,2053.098,1178.31,Extinct in the Wild
Region then,Actinopterygii,Anura,1791.988,2291.13,Least Concern
Great firm,Actinopterygii,Carnivora,1269.95,2335.34,Endangered
Star do,Actinopterygii,Rodentia,4399.514,454.72,Extinct in the Wild
Eat where,Amphibia,Rodentia,3049.321,1685.44,Endangered
Others generation,Amphibia,Primates,340.854,2578.55,Endangered
Southern management,Amphibia,Anura,336.537,526.8,Least Concern
Civil big,Actinopterygii,Anura,2177.289,587.57,Vulnerable
Boy world,Mammalia,Carnivora,3897.987,2607.28,Extinct in the Wild
Sing region,Mammalia,Squamata,2959.682,2554.32,Vulnerable
Statement care,Amphibia,Rodentia,2934.137,2727.82,Near Threatened
Avoid house,Amphibia,Carnivora,2223.614,734.39,Critically Endangered
School newspaper,Reptilia,Primates,2435.677,250.58,Critically Endangered
Think second,Aves,Anura,44.073,2157.62,Extinct in the Wild
Eye teach,Amphibia,Anura,2428.226,1823.09,Vulnerable
Instead traditional,Amphibia,Passeriformes,4080.6,1909.96,Endangered
Keep blood,Aves,Passeriformes,261.036,2997.29,Least Concern
Special ago,Mammalia,Carnivora,1857.704,600.1,Least Concern
Than require,Reptilia,Rodentia,811.254,2011.95,Vulnerable
Put nice,Actinopterygii,Carnivora,4878.085,2110.39,Least Concern
Mrs owner,Aves,Squamata,3717.753,932.44,Vulnerable
Goal contain,Aves,Passeriformes,4173.004,2135.87,Near Threatened
Market democratic,Reptilia,Rodentia,872.843,612.59,Extinct in the Wild
Discuss computer,Reptilia,Primates,1990.659,1763.34,Near Threatened
Can treatment,Mammalia,Carnivora,4865.696,113.63,Critically Endangered
True age,Aves,Carnivora,1220.41,2836.44,Vulnerable
Seven television,Mammalia,Rodentia,1839.971,1052.17,Endangered
Likely anyone,Reptilia,Squamata,1010.515,750.08,Extinct in the Wild
Place young,Mammalia,Passeriformes,3548.417,838.14,Near Threatened
Course coach,Amphibia,Squamata,1099.386,1219.02,Vulnerable
None prepare,Aves,Carnivora,506.401,432.16,Critically Endangered
Represent quickly,Actinopterygii,Squamata,3679.709,1089.54,Extinct in the Wild
Hour store,Aves,Rodentia,3891.491,2333.91,Near Threatened
Always air,Mammalia,Primates,4180.179,1835.73,Near Threatened
Ground total,Aves,Carnivora,3896.151,2640.81,Critically Endangered
Write close,Reptilia,Rodentia,106.776,1557.13,Least Concern
Store develop,Aves,Rodentia,2460.868,2354.27,Near Threatened
Country class,Aves,Primates,137.678,2399.39,Least Concern
Tax must,Amphibia,Anura,1195.15,1598.15,Least Concern
Top firm,Actinopterygii,Passeriformes,4839.422,2887.88,Critically Endangered
Of already,Actinopterygii,Carnivora,23.704,2783.85,Near Threatened
Energy recent,Actinopterygii,Carnivora,941.945,2582.6,Critically Endangered
Power by,Reptilia,Carnivora,241.231,17.2,Extinct in the Wild
Others food,Mammalia,Passeriformes,3983.593,259.84,Extinct in the Wild
Try face,Actinopterygii,Carnivora,3272.246,1133.5,Extinct in the Wild
Development down,Reptilia,Rodentia,3269.776,1164.73,Critically Endangered
Matter public,Mammalia,Anura,4876.246,2663.59,Least Concern
Part popular,Aves,Rodentia,537.457,886.14,Extinct in the Wild
Much technology,Aves,Carnivora,2400.191,2438.52,Near Threatened
Relate compare,Aves,Rodentia,2479.83,788.76,Vulnerable
Letter read,Mammalia,Carnivora,1973.54,1233.37,Critically Endangered
Beautiful lay,Actinopterygii,Rodentia,1622.283,2096.72,Extinct in the Wild
Democrat keep,Reptilia,Carnivora,4050.986,2204.49,Extinct in the Wild
Interesting store,Reptilia,Primates,4727.381,20.11,Extinct in the Wild
Number term,Actinopterygii,Rodentia,2818.873,2400.48,Critically Endangered
Father take,Actinopterygii,Anura,2253.408,1219.91,Vulnerable
Name possible,Amphibia,Carnivora,4384.201,2214.13,Endangered
Congress pay,Amphibia,Primates,1196.88,1817.15,Near Threatened
Play boy,Aves,Primates,3722.686,637.78,Least Concern
Less civil,Aves,Carnivora,3513.885,1236.68,Endangered
Available whom,Aves,Passeriformes,151.961,1666.32,Critically Endangered
Person talk,Actinopterygii,Primates,2901.252,67.08,Critically Endangered
Carry political,Aves,Anura,854.143,216.7,Vulnerable
Paper today,Amphibia,Passeriformes,313.725,2928.8,Endangered
Add history,Mammalia,Primates,3381.085,2755.65,Extinct in the Wild
Few another,Actinopterygii,Squamata,2876.5,2073.49,Near Threatened
Kind ground,Aves,Squamata,1590.968,2632.14,Near Threatened
Worry government,Amphibia,Squamata,2678.207,517.07,Endangered
Him kitchen,Reptilia,Anura,3941.354,2176.76,Vulnerable
Plan different,Mammalia,Anura,2814.341,1417.76,Vulnerable
Rock town,Actinopterygii,Passeriformes,4734.444,1419.36,Extinct in the Wild
Place short,Reptilia,Passeriformes,3051.363,2054.82,Vulnerable
Someone program,Reptilia,Primates,928.187,1653.78,Near Threatened
Would what,Mammalia,Passeriformes,3173.689,2097.66,Extinct in the Wild
Moment state,Aves,Passeriformes,4855.49,1191.19,Critically Endangered
Behind relate,Aves,Squamata,3626.42,774.98,Critically Endangered
Person heart,Reptilia,Squamata,4871.614,2226.71,Least Concern
Lose research,Actinopterygii,Anura,3866.522,547.52,Least Concern
War person,Mammalia,Passeriformes,2409.293,2041.25,Endangered
Various civil,Mammalia,Squamata,583.636,668.05,Near Threatened
But many,Amphibia,Anura,1428.235,933.14,Critically Endangered
Century writer,Reptilia,Squamata,4155.469,2037.95,Endangered
Citizen serve,Aves,Passeriformes,685.595,2837.25,Vulnerable
Remember let,Actinopterygii,Primates,4587.998,797.8,Least Concern
Child point,Aves,Carnivora,1148.411,2983.25,Critically Endangered
Watch available,Mammalia,Carnivora,4870.144,2551.57,Near Threatened
Have well,Aves,Carnivora,3602.116,1405.42,Vulnerable
Simply upon,Reptilia,Carnivora,2434.683,87.75,Near Threatened
Attorney enjoy,Aves,Passeriformes,1790.762,853.94,Extinct in the Wild
Husband pass,Amphibia,Anura,549.801,545.28,Least Concern
Paper sure,Mammalia,Primates,948.076,1200.8,Vulnerable
Treatment not,Actinopterygii,Rodentia,1879.073,126.83,Vulnerable
Now small,Reptilia,Carnivora,4812.428,1627.33,Critically Endangered
At interview,Amphibia,Passeriformes,1958.058,1466.91,Endangered
Its be,Reptilia,Anura,3425.852,1353.13,Extinct in the Wild
Mouth safe,Reptilia,Anura,67.463,2222.71,Extinct in the Wild
Part person,Reptilia,Carnivora,4634.783,19.56,Extinct in the Wild
Some so,Mammalia,Passeriformes,3491.585,2804.23,Critically Endangered
Part control,Actinopterygii,Squamata,1784.627,826.87,Endangered
Tend music,Actinopterygii,Rodentia,1425.768,2046.41,Extinct in the Wild
Major central,Aves,Rodentia,1943.597,2658.73,Extinct in the Wild
Seem behavior,Actinopterygii,Primates,86.733,1201.92,Extinct in the Wild
Computer when,Mammalia,Anura,1467.243,680.92,Critically Endangered
Continue drop,Actinopterygii,Carnivora,2066.805,1437.84,Vulnerable
Board daughter,Mammalia,Passeriformes,1374.685,674.05,Extinct in the Wild
Laugh doctor,Reptilia,Primates,3450.249,1870.6,Critically Endangered
Teach control,Amphibia,Squamata,1034.202,988.1,Vulnerable
Career as,Reptilia,Squamata,1488.6,1924.78,Extinct in the Wild
Writer coach,Actinopterygii,Squamata,1908.683,1607.49,Least Concern
Day let,Amphibia,Carnivora,3832.544,1016.56,Vulnerable
Begin I,Aves,Rodentia,1615.92,16.98,Least Concern
Sister single,Aves,Anura,3057.072,42.15,Vulnerable
Before develop,Actinopterygii,Rodentia,2897.463,1302.82,Endangered
Early modern,Actinopterygii,Primates,3591.054,1490.56,Least Concern
Drop find,Amphibia,Carnivora,2065.885,2956.1,Near Threatened
Animal trouble,Mammalia,Carnivora,2849.369,1937.4,Vulnerable
Almost find,Mammalia,Carnivora,3300.017,1752.56,Endangered
Television tax,Reptilia,Primates,1160.433,1598.65,Critically Endangered
Past wide,Mammalia,Squamata,2369.949,2560.66,Vulnerable
Hear outside,Actinopterygii,Rodentia,367.873,534.97,Near Threatened
Play lawyer,Amphibia,Carnivora,1432.966,508.11,Vulnerable
Above manage,Actinopterygii,Passeriformes,2312.25,2039.21,Near Threatened
High consider,Amphibia,Primates,1614.645,2778.29,Endangered
Key cost,Mammalia,Rodentia,4700.501,1033.17,Least Concern
Various building,Reptilia,Primates,3223.114,2637.54,Critically Endangered
Interview discover,Mammalia,Rodentia,3579.767,2624.74,Extinct in the Wild
Look purpose,Actinopterygii,Anura,2791.81,1905.94,Extinct in the Wild
Action thank,Amphibia,Primates,1372.203,1295.44,Near Threatened
Not chair,Amphibia,Passeriformes,2901.915,2933.63,Vulnerable
Film follow,Actinopterygii,Anura,3736.953,2496.56,Near Threatened
Past decide,Amphibia,Passeriformes,2171.338,2157.84,Vulnerable
Wife rich,Actinopterygii,Anura,4274.12,2903.64,Vulnerable
Management hair,Amphibia,Squamata,4720.514,628.26,Endangered
Leave show,Amphibia,Passeriformes,1845.012,936.26,Endangered
System day,Aves,Carnivora,3237.544,2913.85,Near Threatened
Shake station,Mammalia,Squamata,745.165,1930.28,Near Threatened
Door west,Amphibia,Anura,2116.133,2358.18,Near Threatened
Center buy,Reptilia,Rodentia,3415.499,2466.57,Near Threatened
Stock ever,Amphibia,Squamata,973.198,1490.46,Critically Endangered
Raise wrong,Mammalia,Anura,3892.761,688.41,Vulnerable
Medical phone,Actinopterygii,Carnivora,4515.364,1372.95,Least Concern
Security better,Actinopterygii,Carnivora,1127.784,2320.77,Vulnerable
Realize institution,Mammalia,Anura,2106.979,89.56,Endangered
Expect game,Amphibia,Squamata,2108.14,303.75,Near Threatened
Several believe,Reptilia,Primates,441.782,2590.07,Critically Endangered
Management young,Mammalia,Passeriformes,2915.176,2307.14,Critically Endangered
Society later,Actinopterygii,Squamata,1105.041,2529.08,Endangered
Effort single,Amphibia,Rodentia,529.832,1201.13,Least Concern
Try partner,Actinopterygii,Primates,4451.485,512.38,Critically Endangered
Use break,Mammalia,Passeriformes,345.49,718.3,Endangered
There onto,Amphibia,Anura,1363.187,804.52,Near Threatened
According thousand,Aves,Squamata,504.539,1259.92,Near Threatened
Executive music,Amphibia,Passeriformes,3061.424,1275.82,Near Threatened
Live choice,Reptilia,Rodentia,3424.335,587.15,Critically Endangered
Up process,Reptilia,Squamata,4000.145,2265.55,Critically Endangered
Land treatment,Mammalia,Rodentia,1534.07,892.59,Extinct in the Wild
Watch rate,Amphibia,Primates,2898.278,385.59,Endangered
Anything why,Reptilia,Passeriformes,3481.283,2259.84,Extinct in the Wild
Compare center,Actinopterygii,Anura,2332.379,741.26,Near Threatened
Play whole,Aves,Squamata,3484.663,2692.05,Extinct in the Wild
Agreement war,Actinopterygii,Carnivora,2356.301,1726.28,Endangered
Newspaper yes,Reptilia,Carnivora,48.647,1427.07,Least Concern
Wind building,Amphibia,Squamata,3148.236,1986.15,Extinct in the Wild
Decision my,Aves,Carnivora,123.227,1493.4,Endangered
Act top,Amphibia,Carnivora,4646.744,722.66,Extinct in the Wild
Allow lawyer,Actinopterygii,Rodentia,706.32,902.39,Least Concern
Film baby,Actinopterygii,Carnivora,3041.333,244.89,Vulnerable
Into remember,Actinopterygii,Primates,3778.33,1.51,Critically Endangered
North less,Reptilia,Anura,4447.16,958.48,Vulnerable
Course month,Reptilia,Primates,2574.87,2992.07,Least Concern
Machine cell,Amphibia,Rodentia,3917.355,1464.48,Extinct in the Wild
Able particular,Amphibia,Passeriformes,4070.47,1850.47,Least Concern
Kitchen plan,Mammalia,Anura,3782.064,1344.81,Extinct in the Wild
Get economic,Amphibia,Squamata,1548.026,595.1,Near Threatened
Or subject,Reptilia,Passeriformes,3668.681,1040.81,Near Threatened
Without woman,Actinopterygii,Anura,862.523,1129.78,Near Threatened
Able family,Reptilia,Primates,2968.154,2777.52,Near Threatened
Respond forget,Aves,Rodentia,1656.817,945.94,Critically Endangered
Message hear,Reptilia,Anura,4048.478,2412.46,Critically Endangered
National film,Mammalia,Squamata,3115.877,1076.07,Least Concern
Congress sort,Amphibia,Anura,1129.607,2556.26,Least Concern
Structure establish,Reptilia,Primates,1690.18,2457.39,Vulnerable
Word thing,Amphibia,Carnivora,4836.05,2622.71,Endangered
Person factor,Actinopterygii,Primates,3458.377,1778.96,Critically Endangered
Now sign,Reptilia,Squamata,3353.294,672.11,Extinct in the Wild
Worry figure,Actinopterygii,Passeriformes,2475.604,2112.35,Near Threatened
Rule trouble,Mammalia,Passeriformes,1109.924,2198.27,Least Concern
Past later,Mammalia,Passeriformes,887.356,512.27,Near Threatened
Which population,Amphibia,Carnivora,3862.347,951.33,Extinct in the Wild
General there,Actinopterygii,Carnivora,1397.706,1961.6,Least Concern
Education speak,Mammalia,Carnivora,3005.59,2014.76,Critically Endangered
Executive world,Actinopterygii,Squamata,1189.807,2347.22,Near Threatened
Music president,Actinopterygii,Rodentia,4943.404,2982.52,Extinct in the Wild
Task enough,Aves,Primates,984.951,36.39,Endangered
Thing nor,Reptilia,Primates,3598.486,2163.89,Near Threatened
Fire challenge,Reptilia,Squamata,4265.811,73.13,Near Threatened
Before occur,Mammalia,Primates,2639.522,292.53,Critically Endangered
Avoid feel,Mammalia,Passeriformes,3633.024,1794.26,Endangered
Century beyond,Mammalia,Passeriformes,1445.752,266.76,Endangered
Day reflect,Actinopterygii,Squamata,3250.57,597.19,Near Threatened
Image must,Actinopterygii,Carnivora,2546.858,2946.84,Vulnerable
Money defense,Amphibia,Squamata,2407.038,1756.17,Endangered
Stop machine,Mammalia,Primates,684.889,1733.69,Vulnerable
Race to,Actinopterygii,Squamata,4826.143,2166.12,Vulnerable
Old station,Mammalia,Primates,4306.02,1884.49,Endangered
Ball fire,Amphibia,Anura,2949.031,2783.57,Least Concern
Process last,Reptilia,Squamata,316.476,1744.96,Extinct in the Wild
School though,Actinopterygii,Anura,3025.092,2838.03,Near Threatened
Model product,Aves,Squamata,2565.199,435.81,Near Threatened
Reflect former,Actinopterygii,Squamata,2256.57,352.55,Vulnerable
Base serious,Reptilia,Anura,3804.349,2930.82,Critically Endangered
Tonight history,Amphibia,Rodentia,445.896,780.82,Vulnerable
Exactly feeling,Reptilia,Passeriformes,4659.056,1986.89,Critically Endangered
Travel father,Amphibia,Passeriformes,2039.948,637.07,Critically Endangered
Dinner space,Amphibia,Anura,1629.804,159.9,Endangered
Instead list,Reptilia,Squamata,2848.301,1504.17,Vulnerable
Five effort,Mammalia,Passeriformes,182.752,2926.32,Extinct in the Wild
Hard sit,Reptilia,Carnivora,851.777,365.14,Near Threatened
Mission ability,Reptilia,Carnivora,617.567,683.37,Extinct in the Wild
Performance through,Aves,Carnivora,4152.27,1269.9,Vulnerable
Break political,Actinopterygii,Carnivora,4904.572,2071.43,Least Concern
Stop goal,Reptilia,Passeriformes,2657.999,288.74,Vulnerable
As of,Actinopterygii,Primates,2858.921,836.81,Endangered
Expect around,Actinopterygii,Rodentia,2455.757,1769.26,Extinct in the Wild
Market whole,Reptilia,Rodentia,1474.505,2756.84,Critically Endangered
Summer none,Aves,Passeriformes,240.367,64.05,Endangered
Term throughout,Amphibia,Carnivora,104.331,586.45,Endangered
Concern sign,Reptilia,Squamata,2146.258,1754.56,Extinct in the Wild
Someone long,Reptilia,Passeriformes,675.546,2514.23,Critically Endangered
One feeling,Reptilia,Rodentia,444.57,985.07,Least Concern
Any according,Aves,Primates,2064.114,13.78,Vulnerable
Hot himself,Mammalia,Rodentia,3914.793,1145.64,Critically Endangered
True cover,Reptilia,Rodentia,3112.564,536.75,Vulnerable
Close huge,Reptilia,Anura,4725.533,632.25,Endangered
Decide seek,Reptilia,Passeriformes,2370.799,1463.51,Least Concern
Production close,Aves,Squamata,2371.251,2675.97,Vulnerable
Draw run,Aves,Anura,3945.331,704.67,Vulnerable
Let even,Actinopterygii,Passeriformes,578.54,371.56,Vulnerable
Single never,Amphibia,Squamata,4791.816,180.24,Least Concern
These pattern,Amphibia,Squamata,2266.97,86.37,Least Concern
Author identify,Actinopterygii,Squamata,3568.724,1852.98,Critically Endangered
Voice part,Aves,Carnivora,4346.568,724.16,Endangered
Development issue,Amphibia,Rodentia,629.947,2636.88,Critically Endangered
Store sport,Aves,Passeriformes,2171.367,1554.05,Least Concern
Street rate,Reptilia,Primates,1138.118,2954.6,Endangered
Generation simply,Aves,Anura,2283.669,699.46,Near Threatened
Strong rise,Reptilia,Squamata,3992.662,2248.34,Least Concern
Discussion treatment,Reptilia,Squamata,4647.435,1524.83,Near Threatened
Account thousand,Amphibia,Anura,2869.95,859.95,Least Concern
High eat,Reptilia,Carnivora,4716.615,337.3,Extinct in the Wild
Budget put,Aves,Rodentia,616.667,2475.85,Endangered
Central leader,Amphibia,Rodentia,3372.039,881.49,Critically Endangered
Black trouble,Actinopterygii,Anura,4915.035,2024.01,Near Threatened
Move teach,Mammalia,Passeriformes,3611.726,2489.92,Extinct in the Wild
Begin there,Amphibia,Passeriformes,2761.317,1955.7,Endangered
Better example,Mammalia,Squamata,4702.194,1663.18,Endangered
End boy,Aves,Primates,3495.588,560.64,Critically Endangered
Talk firm,Actinopterygii,Rodentia,3355.507,422.69,Extinct in the Wild
Agency that,Actinopterygii,Rodentia,849.505,473.88,Extinct in the Wild
Interview eat,Mammalia,Squamata,1728.615,715.33,Near Threatened
Try message,Reptilia,Passeriformes,1132.096,2727.09,Least Concern
Will sing,Mammalia,Rodentia,2063.729,172.7,Near Threatened
Throughout would,Actinopterygii,Carnivora,3476.844,181.33,Vulnerable
Black point,Mammalia,Anura,1650.132,326.02,Vulnerable
Identify similar,Reptilia,Anura,573.432,600.95,Near Threatened
Number radio,Reptilia,Primates,1850.067,2996.46,Extinct in the Wild
History fast,Aves,Carnivora,2523.194,2282.14,Vulnerable
Official adult,Actinopterygii,Rodentia,3447.509,2634.23,Vulnerable
Manage picture,Actinopterygii,Carnivora,261.977,2006.85,Vulnerable
Under word,Amphibia,Primates,2725.703,399.07,Critically Endangered
Full budget,Amphibia,Rodentia,4953.466,1302.02,Least Concern
Candidate behavior,Aves,Rodentia,4505.86,1862.86,Near Threatened
Brother son,Aves,Anura,4186.039,825.76,Endangered
Each pressure,Actinopterygii,Rodentia,530.985,1533.3,Least Concern
Race bill,Actinopterygii,Anura,3613.605,2950.2,Near Threatened
Discover approach,Actinopterygii,Primates,130.633,2608.71,Extinct in the Wild
Meet list,Actinopterygii,Anura,2690.362,944.37,Least Concern
Court imagine,Reptilia,Rodentia,3460.576,1555.25,Least Concern
World animal,Actinopterygii,Anura,99.057,2061.14,Near Threatened
Company radio,Amphibia,Passeriformes,4000.747,2150.63,Critically Endangered
Carry never,Aves,Anura,2793.64,2069.79,Critically Endangered
Represent name,Actinopterygii,Passeriformes,3850.027,1721.11,Vulnerable
Time see,Actinopterygii,Squamata,616.6,2201.35,Least Concern
Material sing,Reptilia,Squamata,2371.645,1087.95,Critically Endangered
Bank affect,Aves,Carnivora,218.717,1673.03,Extinct in the Wild
Entire sign,Aves,Squamata,3139.354,663.36,Least Concern
Customer southern,Mammalia,Carnivora,3482.962,1218.08,Least Concern
Human trip,Mammalia,Anura,3615.491,2952.17,Endangered
Before challenge,Actinopterygii,Carnivora,2631.124,1476.97,Least Concern
Quality time,Mammalia,Primates,3153.74,1283.46,Endangered
Among recognize,Aves,Carnivora,2187.331,1560.54,Endangered
Good property,Actinopterygii,Carnivora,139.578,949.12,Least Concern
Party approach,Amphibia,Passeriformes,3809.32,2009.08,Critically Endangered
Girl consider,Amphibia,Passeriformes,821.47,1593.66,Least Concern
Authority make,Aves,Squamata,2538.168,2837.45,Near Threatened
Budget help,Amphibia,Carnivora,792.421,1597.87,Least Concern
Seven today,Mammalia,Rodentia,1262.173,602.41,Near Threatened
Should Congress,Actinopterygii,Primates,3667.709,1712.4,Least Concern
Kitchen executive,Mammalia,Rodentia,1414.694,370.71,Endangered
International feel,Reptilia,Anura,3062.791,2040.53,Critically Endangered
Large player,Amphibia,Rodentia,859.942,2333.99,Least Concern
Few development,Actinopterygii,Squamata,243.556,705.82,Endangered
With would,Mammalia,Anura,3373.878,1065.48,Near Threatened
Language line,Reptilia,Carnivora,1375.473,1129.12,Endangered
Her run,Amphibia,Passeriformes,4053.26,2968.72,Critically Endangered
Pay prepare,Aves,Anura,2652.726,289.25,Vulnerable
Shoulder fine,Reptilia,Primates,369.04,2848.13,Endangered
New really,Mammalia,Squamata,1296.701,819.37,Endangered
We agent,Reptilia,Anura,1005.797,1470.42,Endangered
Certain outside,Actinopterygii,Passeriformes,2807.885,684.32,Endangered
No radio,Mammalia,Carnivora,4410.027,2624.16,Critically Endangered
Law magazine,Aves,Squamata,2357.254,2814.21,Vulnerable
See against,Actinopterygii,Carnivora,2435.502,836.87,Vulnerable
Single develop,Mammalia,Carnivora,1881.316,122.88,Extinct in the Wild
Share rule,Aves,Primates,1204.585,268.42,Vulnerable
With good,Mammalia,Squamata,4276.147,2340.65,Endangered
Stand civil,Aves,Carnivora,884.721,1301.04,Critically Endangered
Summer one,Amphibia,Rodentia,3489.104,2308.89,Least Concern
Sign quite,Amphibia,Squamata,2028.158,817.15,Near Threatened
Kitchen season,Mammalia,Anura,4243.705,763.55,Extinct in the Wild
Travel why,Reptilia,Passeriformes,269.809,1679.3,Critically Endangered
Development red,Amphibia,Squamata,466.858,562.01,Critically Endangered
Offer sell,Reptilia,Rodentia,3804.103,2498.61,Critically Endangered
Rate special,Amphibia,Anura,1206.827,1751.51,Vulnerable
Leave huge,Reptilia,Passeriformes,1775.565,1966.19,Extinct in the Wild
Language thing,Actinopterygii,Squamata,4445.793,2603.42,Endangered
Gas floor,Aves,Carnivora,21.111,1795.29,Endangered
Child food,Reptilia,Anura,2706.612,1536.02,Extinct in the Wild
Make ten,Aves,Rodentia,4680.5,1086.66,Vulnerable
Listen especially,Actinopterygii,Passeriformes,176.714,409.47,Extinct in the Wild
Add never,Aves,Carnivora,2139.409,2861.18,Extinct in the Wild
Inside collection,Actinopterygii,Rodentia,4666.25,2556.66,Critically Endangered
Rise notice,Mammalia,Squamata,2277.115,578.1,Vulnerable
Tree economic,Reptilia,Rodentia,2975.137,2102.64,Extinct in the Wild
Bed affect,Aves,Carnivora,4970.254,1760.13,Extinct in the Wild
Form grow,Mammalia,Carnivora,1399.938,1508.67,Extinct in the Wild
Style yard,Aves,Rodentia,903.684,2151.83,Critically Endangered
Tv discussion,Amphibia,Primates,578.134,1030.18,Endangered
Main though,Mammalia,Rodentia,2091.116,1796.19,Vulnerable
Recognize energy,Amphibia,Passeriformes,232.451,648.36,Critically Endangered
Serve participant,Amphibia,Squamata,203.874,1717.79,Endangered
Yes weight,Aves,Passeriformes,4928.341,1903.9,Endangered
Item put,Actinopterygii,Primates,1984.807,1789.05,Least Concern
Room if,Amphibia,Carnivora,1363.407,878.83,Vulnerable
Forward if,Aves,Squamata,920.723,2029.77,Endangered
Evening return,Amphibia,Carnivora,1677.509,2016.46,Endangered
My standard,Amphibia,Rodentia,3576.407,720.24,Near Threatened
Miss in,Reptilia,Anura,826.941,2756.25,Least Concern
Left security,Mammalia,Rodentia,3751.51,457.63,Critically Endangered
Chair certain,Actinopterygii,Rodentia,917.487,142.04,Vulnerable
Hospital begin,Amphibia,Squamata,443.505,1389.02,Critically Endangered
Have fly,Aves,Squamata,2134.959,2866.67,Vulnerable
Approach director,Mammalia,Passeriformes,334.157,274.54,Extinct in the Wild
Goal treatment,Amphibia,Passeriformes,4418.641,1714.41,Least Concern
Between young,Aves,Primates,647.878,1045.93,Least Concern
Tough enjoy,Mammalia,Anura,3902.362,1901.19,Endangered
Account gun,Amphibia,Rodentia,2789.728,2022.31,Extinct in the Wild
News year,Aves,Rodentia,969.302,1017.01,Endangered
Guy throughout,Actinopterygii,Rodentia,4471.864,1337.0,Critically Endangered
Significant listen,Actinopterygii,Passeriformes,3174.192,131.93,Near Threatened
Travel who,Reptilia,Primates,2405.955,849.95,Near Threatened
Find game,Amphibia,Squamata,196.23,608.37,Endangered
Church society,Amphibia,Passeriformes,2780.98,2754.06,Vulnerable
Partner nearly,Mammalia,Rodentia,1996.005,414.71,Least Concern
Term relate,Amphibia,Carnivora,3180.227,1535.75,Near Threatened
Idea stuff,Mammalia,Squamata,3374.678,2532.82,Least Concern
Service buy,Mammalia,Primates,1449.674,1374.38,Critically Endangered
Cut apply,Aves,Anura,2797.67,593.99,Vulnerable
Toward let,Reptilia,Primates,2117.999,512.93,Near Threatened
Service strategy,Mammalia,Anura,607.756,2767.56,Critically Endangered
Hear yourself,Amphibia,Primates,4368.292,1917.69,Least Concern
Shake production,Reptilia,Primates,2428.404,811.14,Critically Endangered
Give audience,Aves,Anura,3510.716,1412.07,Endangered
Specific ten,Amphibia,Squamata,2159.732,2233.68,Critically Endangered
Manage national,Actinopterygii,Rodentia,2327.752,2987.91,Critically Endangered
Skill knowledge,Amphibia,Rodentia,1696.484,1306.01,Endangered
Recent born,Actinopterygii,Squamata,1134.056,589.65,Endangered
Every research,Reptilia,Carnivora,4381.757,2491.61,Near Threatened
Challenge face,Aves,Anura,1375.018,1657.66,Least Concern
Hard thousand,Reptilia,Rodentia,3147.757,2969.19,Endangered
Remember Mr,Actinopterygii,Passeriformes,1730.979,2313.06,Endangered
Real long,Reptilia,Carnivora,91.036,1289.0,Critically Endangered
Case really,Mammalia,Primates,3237.883,1330.6,Vulnerable
Member yet,Amphibia,Primates,1667.812,2216.07,Critically Endangered
Have not,Amphibia,Passeriformes,3955.807,475.49,Near Threatened
Man cut,Reptilia,Passeriformes,1343.719,2855.41,Critically Endangered
Effort resource,Amphibia,Passeriformes,1441.474,501.89,Least Concern
Candidate management,Mammalia,Anura,4394.941,721.77,Extinct in the Wild
Investment media,Reptilia,Rodentia,2954.75,268.88,Vulnerable
During act,Aves,Primates,1331.588,1374.92,Endangered
Five adult,Aves,Passeriformes,2237.848,1089.7,Least Concern
Its under,Amphibia,Rodentia,342.93,1547.37,Near Threatened
Throughout recent,Aves,Primates,768.692,991.28,Near Threatened
Others husband,Amphibia,Passeriformes,1467.53,2417.69,Near Threatened
Young never,Amphibia,Carnivora,902.372,214.48,Least Concern
Energy idea,Mammalia,Carnivora,4222.567,2520.38,Near Threatened
Place best,Aves,Primates,4203.786,75.37,Vulnerable
Herself these,Amphibia,Primates,2558.66,2184.32,Critically Endangered
Treatment then,Mammalia,Passeriformes,3678.049,2850.07,Endangered
Data maintain,Aves,Primates,794.014,1719.65,Critically Endangered
Want red,Actinopterygii,Passeriformes,2083.56,358.55,Near Threatened
Nice professor,Reptilia,Primates,4719.97,2488.22,Vulnerable
Plant among,Amphibia,Anura,2819.123,2334.33,Vulnerable
Thing nothing,Reptilia,Primates,4309.545,790.68,Least Concern
Employee admit,Actinopterygii,Squamata,4263.529,2249.67,Extinct in the Wild
Near including,Amphibia,Passeriformes,2636.089,1991.85,Least Concern
Card despite,Actinopterygii,Passeriformes,4794.873,2402.92,Vulnerable
Last consider,Mammalia,Rodentia,1368.476,2502.26,Extinct in the Wild
Before information,Aves,Primates,1332.632,992.64,Near Threatened
It south,Amphibia,Anura,465.344,2369.08,Least Concern
Born far,Aves,Primates,3071.416,1321.84,Vulnerable
Scientist wish,Reptilia,Primates,1863.79,424.49,Endangered
What human,Mammalia,Carnivora,4876.763,1470.36,Critically Endangered
Opportunity despite,Actinopterygii,Primates,1990.307,1364.24,Near Threatened
Trip project,Actinopterygii,Anura,1169.196,1263.63,Near Threatened
Usually stage,Mammalia,Primates,4671.138,1701.0,Endangered
Land all,Reptilia,Carnivora,4488.279,2965.18,Extinct in the Wild
Sometimes per,Mammalia,Rodentia,1294.962,1093.69,Critically Endangered
Eye popular,Actinopterygii,Rodentia,1533.575,943.76,Critically Endangered
Quality rate,Mammalia,Anura,4576.99,342.54,Near Threatened
Agency where,Aves,Squamata,2261.359,302.91,Extinct in the Wild
Season necessary,Aves,Passeriformes,3467.367,243.64,Least Concern
Rule will,Aves,Carnivora,1255.692,2221.38,Vulnerable
Country surface,Reptilia,Passeriformes,4692.051,1054.89,Vulnerable
Door always,Reptilia,Squamata,254.577,827.98,Extinct in the Wild
Foreign when,Amphibia,Passeriformes,3990.816,2587.21,Vulnerable
They at,Amphibia,Passeriformes,2167.424,1590.74,Endangered
Build baby,Mammalia,Squamata,1150.722,2373.9,Extinct in the Wild
Listen sort,Reptilia,Rodentia,3755.608,1644.75,Near Threatened
Reveal outside,Amphibia,Primates,4390.606,1561.61,Vulnerable
Design phone,Reptilia,Squamata,1743.247,2183.08,Endangered
May attorney,Amphibia,Anura,2007.713,2388.76,Extinct in the Wild
Word have,Amphibia,Anura,621.054,1291.49,Critically Endangered
Republican military,Reptilia,Passeriformes,3089.593,2310.81,Extinct in the Wild
Decision laugh,Reptilia,Rodentia,2024.752,1151.0,Near Threatened
Stop majority,Mammalia,Squamata,3914.896,2896.75,Extinct in the Wild
Describe find,Mammalia,Squamata,2630.298,2450.26,Vulnerable
Key she,Reptilia,Passeriformes,1150.41,994.4,Critically Endangered
Brother history,Actinopterygii,Anura,3534.557,194.97,Near Threatened
Carry number,Reptilia,Squamata,1323.072,263.34,Least Concern
Take election,Aves,Passeriformes,1252.997,1393.5,Extinct in the Wild
Father blue,Aves,Anura,1749.089,86.05,Critically Endangered
Site kind,Reptilia,Primates,1955.602,1301.29,Critically Endangered
Share want,Reptilia,Primates,529.688,2708.31,Least Concern
Others call,Reptilia,Squamata,4013.137,1269.61,Least Concern
Performance whatever,Amphibia,Carnivora,838.541,2531.86,Near Threatened
Begin would,Mammalia,Squamata,624.337,477.97,Near Threatened
Ten fact,Reptilia,Carnivora,3747.981,621.96,Critically Endangered
Travel move,Amphibia,Passeriformes,1157.576,495.95,Least Concern
Continue white,Amphibia,Anura,4393.62,647.08,Extinct in the Wild
Early analysis,Mammalia,Carnivora,1151.431,1033.08,Critically Endangered
Throw bit,Mammalia,Carnivora,3065.328,1288.89,Critically Endangered
One could,Reptilia,Anura,119.694,2544.83,Near Threatened
Decision top,Aves,Passeriformes,141.237,1054.95,Critically Endangered
Relate door,Amphibia,Carnivora,4346.365,1981.7,Vulnerable
Crime card,Actinopterygii,Passeriformes,3251.978,863.03,Extinct in the Wild
Past watch,Mammalia,Primates,4549.184,2733.55,Critically Endangered
Feel statement,Mammalia,Carnivora,2925.437,2399.28,Endangered
Important medical,Amphibia,Squamata,2979.523,1728.68,Least Concern
