species,class,order,weight_kg,length_cm,conservation_status
For social,Aves,Squamata,722.632,567.96,Least Concern
Staff knowledge,Reptilia,Anura,424.831,268.9,Extinct in the Wild
So nice,Actinopterygii,Primates,2739.237,1436.57,Least Concern
Situation particularly,Aves,Squamata,2758.572,711.7,Endangered
East everything,Reptilia,Anura,3541.549,1949.75,Near Threatened
Conference deep,Aves,Carnivora,1537.492,2916.02,Critically Endangered
Article expect,Actinopterygii,Primates,4852.095,393.16,Extinct in the Wild
Quite travel,Actinopterygii,Squamata,4962.589,1321.89,Vulnerable
Side learn,Mammalia,Squamata,3947.598,284.22,Vulnerable
Day marriage,Reptilia,Primates,2679.977,1051.38,Extinct in the Wild
Impact result,Mammalia,Rodentia,2874.111,1905.89,Near Threatened
Including street,Mammalia,Passeriformes,630.633,1934.82,Near Threatened
Few statement,Amphibia,Carnivora,2135.405,1207.61,Near Threatened
Voice tell,Reptilia,Rodentia,1397.317,1338.51,Near Threatened
Forward lawyer,Actinopterygii,Squamata,4129.646,1243.55,Vulnerable
Cost outside,Aves,Squamata,4788.413,60.66,Least Concern
Great challenge,Aves,Squamata,4015.675,2682.87,Critically Endangered
Any vote,Aves,Passeriformes,3836.14,1696.28,Vulnerable
Big against,Mammalia,Anura,2720.165,2764.41,Near Threatened
Tough center,Mammalia,Primates,3416.492,661.14,Critically Endangered
Just tax,Mammalia,Carnivora,3528.418,954.96,Vulnerable
During blue,Amphibia,Squamata,1912.179,1158.39,Least Concern
Well send,Aves,Squamata,3583.663,1855.38,Near Threatened
Form customer,Aves,Anura,2141.813,1777.86,Critically Endangered
Rock somebody,Aves,Rodentia,393.517,1548.2,Least Concern
Health spend,Amphibia,Rodentia,1772.491,1723.62,Vulnerable
Nearly some,Aves,Passeriformes,2994.532,1030.57,Least Concern
Line thank,Actinopterygii,Rodentia,3130.361,1595.56,Critically Endangered
Fine receive,Reptilia,Carnivora,758.77,1688.78,Least Concern
So short,Aves,Squamata,447.732,2973.41,Near Threatened
Though wait,Amphibia,Squamata,4783.864,2754.23,Critically Endangered
Concern sure,Aves,Carnivora,90.238,2410.49,Endangered
Authority inside,Amphibia,Rodentia,2185.558,2680.4,Least Concern
Understand site,Reptilia,Rodentia,1372.085,1719.15,Least Concern
Even news,Mammalia,Passeriformes,711.433,1081.87,Extinct in the Wild
Research my,Amphibia,Passeriformes,1506.563,983.8,Vulnerable
Behavior marriage,Amphibia,Rodentia,906.844,52.91,Least Concern
Able at,Amphibia,Rodentia,4919.779,2688.93,Least Concern
Item add,Actinopterygii,Passeriformes,3219.678,508.92,Vulnerable
Trial heavy,Actinopterygii,Anura,2999.775,967.5,Near Threatened
And popular,Actinopterygii,Squamata,2286.953,2985.85,Critically Endangered
Develop southern,Mammalia,Passeriformes,4868.101,1656.6,Least Concern
Should rest,Actinopterygii,Squamata,3368.159,693.95,Endangered
Class scientist,Amphibia,Rodentia,3148.175,2726.19,Critically Endangered
Agreement dark,Reptilia,Carnivora,182.217,2081.28,Endangered
Natural director,Aves,Anura,620.974,1084.82,Endangered
How board,Reptilia,Rodentia,2841.468,1059.93,Critically Endangered
Talk military,Reptilia,Passeriformes,1949.185,379.7,Endangered
Enter he,Mammalia,Carnivora,4790.612,2217.16,Critically Endangered
Book challenge,Actinopterygii,Primates,702.74,2134.21,Least Concern
Blood learn,Actinopterygii,Anura,1525.947,1860.65,Near Threatened
Site argue,Amphibia,Anura,3945.821,677.51,Extinct in the Wild
Suffer politics,Mammalia,Carnivora,169.37,387.74,Endangered
Indicate lose,Actinopterygii,Passeriformes,2729.621,1195.77,Endangered
Fight side,Mammalia,Squamata,4799.059,1629.22,Vulnerable
Do form,Aves,Primates,4556.385,1808.17,Near Threatened
Suffer employee,Amphibia,Squamata,649.8,1254.98,Near Threatened
Free rock,Aves,Passeriformes,2612.987,2450.25,Critically Endangered
Third purpose,Mammalia,Passeriformes,1903.447,591.03,Least Concern
Stay thousand,Mammalia,Anura,4795.723,2445.07,Least Concern
Successful rich,Aves,Squamata,1319.531,1835.26,Near Threatened
Author culture,Amphibia,Carnivora,4559.309,397.0,Endangered
Accept however,Aves,Squamata,2031.505,1750.79,Vulnerable
Include explain,Mammalia,Primates,3126.179,1775.08,Endangered
Chance girl,Actinopterygii,Passeriformes,3942.666,1229.63,Extinct in the Wild
Inside everybody,Aves,Anura,4675.002,1613.09,Least Concern
Find we,Amphibia,Carnivora,467.98,1785.51,Vulnerable
President character,Amphibia,Squamata,277.074,2934.96,Extinct in the Wild
If road,Aves,Primates,4599.442,2719.13,Extinct in the Wild
Goal across,Mammalia,Carnivora,1874.648,1155.44,Vulnerable
Foot half,Reptilia,Primates,604.628,2543.07,Endangered
Hit produce,Actinopterygii,Anura,3084.259,2149.6,Least Concern
Growth trip,Reptilia,Primates,4255.498,1894.01,Endangered
Low use,Reptilia,Rodentia,2605.815,267.09,Vulnerable
Government method,Amphibia,Passeriformes,2067.593,316.41,Extinct in the Wild
Identify late,Mammalia,Carnivora,2667.326,1643.58,Near Threatened
Walk bed,Actinopterygii,Squamata,356.1,2864.77,Critically Endangered
Fast north,Mammalia,Carnivora,3045.609,2517.66,Endangered
Top certainly,Actinopterygii,Squamata,1658.407,2927.43,Vulnerable
Natural yard,Actinopterygii,Primates,3691.052,1076.46,Vulnerable
President can,Aves,Primates,4326.441,1988.36,Near Threatened
Kid while,Actinopterygii,Anura,1304.615,2102.54,Least Concern
Officer attorney,Aves,Rodentia,4788.787,603.29,Extinct in the Wild
Them you,Aves,Squamata,149.174,2287.88,Vulnerable
Property stock,Reptilia,Passeriformes,2392.627,2009.82,Endangered
Bank much,Mammalia,Carnivora,723.488,2974.03,Extinct in the Wild
Professor piece,Aves,Carnivora,656.105,1707.11,Extinct in the Wild
Exist discover,Aves,Squamata,4499.957,2240.12,Endangered
Agency he,Aves,Carnivora,4950.229,2098.47,Extinct in the Wild
Debate statement,Mammalia,Squamata,3829.09,2438.11,Endangered
Account event,Reptilia,Anura,3436.172,2607.02,Endangered
Only address,Actinopterygii,Primates,976.748,2716.75,Near Threatened
Experience perform,Amphibia,Squamata,583.844,1371.75,Extinct in the Wild
A response,Amphibia,Carnivora,4519.732,1198.74,Critically Endangered
Thought our,Actinopterygii,Primates,1861.169,308.72,Critically Endangered
Change group,Aves,Squamata,2103.76,773.43,Critically Endangered
Other bed,Aves,Carnivora,2240.297,2920.0,Vulnerable
Language listen,Mammalia,Anura,4012.764,2813.99,Near Threatened
Treatment responsibility,Aves,Primates,1588.692,1562.6,Extinct in the Wild
Special whole,Reptilia,Anura,482.614,2067.81,Critically Endangered
Whole son,Mammalia,Passeriformes,1277.173,615.5,Critically Endangered
Sport well,Reptilia,Primates,4552.771,824.01,Least Concern
He book,Actinopterygii,Passeriformes,2461.004,62.18,Endangered
Bill service,Actinopterygii,Carnivora,1058.816,2800.39,Least Concern
Step instead,Amphibia,Carnivora,3263.796,2064.16,Extinct in the Wild
National push,Aves,Primates,3168.002,1495.23,Near Threatened
Site operation,Actinopterygii,Anura,169.275,385.95,Endangered
Toward field,Mammalia,Passeriformes,2859.176,2361.16,Vulnerable
Individual fish,Mammalia,Passeriformes,4843.719,101.95,Critically Endangered
Also decision,Actinopterygii,Squamata,4727.665,2037.87,Critically Endangered
Benefit recent,Actinopterygii,Squamata,3941.271,739.2,Critically Endangered
Group garden,Aves,Anura,4043.417,1044.18,Critically Endangered
Wish task,Reptilia,Squamata,601.655,1115.87,Critically Endangered
Base red,Amphibia,Squamata,974.986,2283.26,Vulnerable
Represent best,Reptilia,Passeriformes,4004.177,2882.92,Critically Endangered
Reduce yeah,Aves,Anura,1037.861,1612.97,Critically Endangered
Expect perhaps,Reptilia,Rodentia,92.507,466.32,Extinct in the Wild
Factor new,Mammalia,Squamata,4740.304,2256.89,Extinct in the Wild
Us floor,Aves,Rodentia,2.936,2073.61,Endangered
Same small,Aves,Carnivora,1468.332,2869.75,Vulnerable
Once prevent,Actinopterygii,Primates,3202.233,801.36,Vulnerable
Next add,Actinopterygii,Anura,579.875,637.67,Endangered
Likely traditional,Mammalia,Passeriformes,1412.316,2759.95,Endangered
Somebody concern,Aves,Rodentia,1856.953,568.94,Extinct in the Wild
Choose notice,Actinopterygii,Rodentia,2971.233,2078.72,Endangered
Bank big,Amphibia,Carnivora,4344.631,824.33,Vulnerable
Happy maintain,Amphibia,Passeriformes,2144.82,387.68,Critically Endangered
Find let,Mammalia,Squamata,2646.001,2508.27,Extinct in the Wild
Pressure guess,Aves,Anura,1410.963,2415.47,Near Threatened
Stay popular,Amphibia,Passeriformes,4587.919,2902.51,Vulnerable
Wind probably,Reptilia,Passeriformes,1607.936,1257.17,Extinct in the Wild
Edge light,Actinopterygii,Carnivora,4397.607,2998.66,Least Concern
Radio network,Mammalia,Carnivora,3148.782,2857.68,Least Concern
Media up,Actinopterygii,Carnivora,2356.709,2627.25,Vulnerable
You case,Reptilia,Rodentia,2840.137,1344.03,Near Threatened
Stock wall,Reptilia,Passeriformes,4434.236,2068.05,Endangered
Sea bag,Mammalia,Passeriformes,2694.618,2541.07,Least Concern
Piece Congress,Mammalia,Passeriformes,3955.652,2089.39,Near Threatened
List situation,Amphibia,Anura,4685.419,1583.69,Least Concern
Decade that,Aves,Squamata,4174.519,2856.21,Critically Endangered
Need challenge,Actinopterygii,Passeriformes,4454.752,2347.73,Extinct in the Wild
Interview teacher,Actinopterygii,Rodentia,4573.937,299.7,Least Concern
Major hope,Mammalia,Carnivora,4543.341,2041.88,Endangered
And sister,Mammalia,Primates,1576.477,2966.89,Endangered
Inside work,Aves,Primates,937.154,281.12,Near Threatened
Look walk,Mammalia,Passeriformes,1128.035,496.22,Vulnerable
Town ability,Aves,Anura,4672.957,585.54,Near Threatened
Table pay,Amphibia,Primates,2761.507,1365.46,Extinct in the Wild
Leave miss,Aves,Carnivora,1376.936,2855.43,Least Concern
Example image,Amphibia,Anura,4752.489,2750.15,Critically Endangered
Place chair,Aves,Carnivora,3014.613,2679.87,Endangered
Experience home,Actinopterygii,Squamata,4808.893,1154.14,Extinct in the Wild
Sport appear,Aves,Anura,609.239,2211.26,Endangered
Decade operation,Reptilia,Passeriformes,2602.229,571.31,Near Threatened
Fear southern,Amphibia,Anura,2046.129,1891.72,Near Threatened
Area trouble,Aves,Rodentia,953.716,1782.48,Vulnerable
Know person,Mammalia,Anura,565.721,4.79,Vulnerable
Summer inside,Aves,Squamata,610.545,256.52,Extinct in the Wild
Speak fall,Reptilia,Passeriformes,4721.756,577.97,Critically Endangered
Ready try,Mammalia,Carnivora,3296.761,227.5,Vulnerable
Product night,Mammalia,Passeriformes,3636.827,940.36,Vulnerable
Yeah more,Amphibia,Rodentia,2147.882,1953.03,Least Concern
Suffer assume,Mammalia,Squamata,3575.373,508.85,Near Threatened
As challenge,Aves,Squamata,545.921,2116.95,Near Threatened
Remain rather,Actinopterygii,Passeriformes,1822.431,1969.13,Vulnerable
American fund,Mammalia,Carnivora,1568.005,1583.59,Endangered
Herself position,Reptilia,Passeriformes,4674.528,1470.27,Least Concern
Evening what,Reptilia,Passeriformes,1340.177,745.36,Vulnerable
Along live,Amphibia,Passeriformes,1352.196,2253.0,Endangered
Tv possible,Actinopterygii,Squamata,2580.454,2067.06,Least Concern
Rate dog,Mammalia,Passeriformes,306.787,1344.51,Near Threatened
Might somebody,Amphibia,Passeriformes,3474.703,1268.29,Near Threatened
Five increase,Aves,Anura,2154.958,315.91,Extinct in the Wild
Truth purpose,Aves,Primates,4373.896,2442.86,Extinct in the Wild
Movie site,Amphibia,Carnivora,3053.963,2243.02,Extinct in the Wild
Spring scene,Amphibia,Primates,3010.071,2817.48,Near Threatened
Since lead,Actinopterygii,Primates,1907.595,2610.68,Critically Endangered
Do participant,Mammalia,Carnivora,41.28,781.13,Extinct in the Wild
Matter old,Actinopterygii,Anura,3675.829,1034.1,Least Concern
Upon begin,Actinopterygii,Carnivora,4308.462,1024.93,Extinct in the Wild
Here just,Reptilia,Passeriformes,3478.122,2848.19,Endangered
Heavy within,Mammalia,Passeriformes,4096.017,1632.41,Extinct in the Wild
Church have,Reptilia,Carnivora,2873.152,1211.31,Least Concern
While same,Actinopterygii,Squamata,2043.624,1506.0,Endangered
Manager morning,Amphibia,Anura,1363.666,2196.94,Endangered
Artist rise,Aves,Primates,2744.09,199.22,Extinct in the Wild
Help expect,Reptilia,Rodentia,3695.283,1867.89,Critically Endangered
Consumer real,Aves,Anura,4736.193,2318.83,Near Threatened
One kind,Mammalia,Anura,3331.897,926.64,Near Threatened
Thousand interesting,Actinopterygii,Anura,3232.289,1033.78,Critically Endangered
Set many,Amphibia,Rodentia,4563.752,2565.09,Endangered
Also particular,Reptilia,Rodentia,4196.294,670.85,Near Threatened
Company must,Mammalia,Carnivora,2141.311,697.29,Vulnerable
Stand value,Aves,Carnivora,4803.948,490.14,Endangered
Already vote,Mammalia,Primates,1253.806,1293.57,Near Threatened
Animal surface,Reptilia,Rodentia,1690.643,1326.81,Least Concern
News east,Actinopterygii,Rodentia,3617.676,1142.89,Extinct in the Wild
But scientist,Mammalia,Squamata,294.302,1869.31,Least Concern
House morning,Amphibia,Rodentia,1731.107,1443.14,Least Concern
Shake serious,Actinopterygii,Passeriformes,4011.096,2777.62,Vulnerable
Capital short,Mammalia,Rodentia,1369.594,1817.95,Extinct in the Wild
Lot year,Amphibia,Passeriformes,4787.528,400.18,Near Threatened
Color year,Reptilia,Anura,65.513,956.22,Least Concern
State issue,Mammalia,Anura,1677.413,940.08,Endangered
Building relationship,Reptilia,Rodentia,121.708,608.06,Least Concern
Final happy,Aves,Primates,698.845,1249.12,Extinct in the Wild
Wear far,Mammalia,Anura,1789.816,2093.9,Critically Endangered
Never poor,Reptilia,Rodentia,1105.845,1574.35,Extinct in the Wild
Hand bit,Mammalia,Rodentia,4917.844,284.1,Vulnerable
Line billion,Actinopterygii,Carnivora,165.34,1980.19,Endangered
Its north,Amphibia,Passeriformes,4431.116,1674.68,Endangered
Help carry,Actinopterygii,Squamata,2873.739,2375.03,Near Threatened
Put weight,Amphibia,Carnivora,896.568,1218.43,Vulnerable
Near prepare,Amphibia,Rodentia,2720.772,326.6,Near Threatened
West fund,Amphibia,Rodentia,574.226,2507.05,Near Threatened
Morning one,Aves,Primates,2443.703,626.09,Near Threatened
Hard rate,Actinopterygii,Passeriformes,747.153,947.5,Critically Endangered
Still huge,Amphibia,Carnivora,250.59,490.8,Endangered
Idea attorney,Aves,Primates,3777.615,452.33,Critically Endangered
Clear despite,Aves,Passeriformes,1753.128,314.86,Vulnerable
Available such,Amphibia,Carnivora,2228.721,1792.15,Near Threatened
Fall protect,Aves,Passeriformes,4895.207,2510.03,Extinct in the Wild
Official charge,Reptilia,Rodentia,2722.836,336.17,Least Concern
Right form,Aves,Anura,1214.784,2523.0,Least Concern
Actually ago,Amphibia,Passeriformes,3797.891,1185.68,Near Threatened
Process find,Aves,Rodentia,4504.139,1666.99,Endangered
Stop authority,Amphibia,Primates,2887.723,1097.05,Least Concern
End since,Reptilia,Squamata,1787.312,366.0,Extinct in the Wild
Fund manage,Reptilia,Carnivora,790.842,1362.75,Least Concern
Politics go,Reptilia,Passeriformes,2075.989,2480.56,Least Concern
If hand,Actinopterygii,Anura,4762.299,2909.3,Vulnerable
Rock other,Aves,Primates,3002.248,1254.2,Critically Endangered
Small song,Actinopterygii,Rodentia,930.366,553.89,Extinct in the Wild
Behavior foreign,Mammalia,Squamata,1521.87,556.59,Least Concern
Able say,Amphibia,Rodentia,1977.808,41.22,Vulnerable
Everybody condition,Actinopterygii,Anura,4733.446,1280.67,Vulnerable
Pm field,Reptilia,Passeriformes,4710.694,2572.63,Vulnerable
Traditional bad,Aves,Carnivora,3016.174,1405.26,Endangered
Language couple,Mammalia,Rodentia,1172.97,2753.46,Extinct in the Wild
Bar heavy,Amphibia,Carnivora,3317.148,1281.16,Near Threatened
Fund wall,Aves,Primates,2807.399,1449.96,Least Concern
Above draw,Actinopterygii,Carnivora,2310.416,1918.25,Extinct in the Wild
Inside on,Actinopterygii,Anura,826.721,1512.69,Vulnerable
Across a,Actinopterygii,Anura,1982.4,515.28,Critically Endangered
Practice science,Amphibia,Rodentia,2603.767,198.56,Least Concern
Little serious,Mammalia,Rodentia,949.548,1915.02,Extinct in the Wild
Defense size,Reptilia,Carnivora,3976.284,880.75,Critically Endangered
On change,Amphibia,Rodentia,4963.505,1533.92,Least Concern
Executive hospital,Actinopterygii,Passeriformes,4297.623,2544.13,Endangered
At fund,Mammalia,Rodentia,2477.544,2874.99,Near Threatened
Share night,Actinopterygii,Squamata,3304.153,218.33,Critically Endangered
Prepare he,Mammalia,Carnivora,702.997,1040.84,Near Threatened
Grow her,Amphibia,Anura,3321.894,1981.66,Vulnerable
Add no,Amphibia,Carnivora,4693.847,1471.77,Near Threatened
You cold,Mammalia,Primates,4006.227,1891.16,Vulnerable
Drop wife,Mammalia,Rodentia,4560.293,454.95,Vulnerable
Lot character,Actinopterygii,Primates,1767.0,2754.82,Extinct in the Wild
Call ground,Actinopterygii,Primates,271.955,2577.87,Least Concern
Moment soon,Actinopterygii,Rodentia,1023.139,2834.28,Endangered
Reach customer,Amphibia,Passeriformes,3916.57,2427.52,Endangered
Statement unit,Reptilia,Passeriformes,4728.588,2665.1,Critically Endangered
Build consumer,Amphibia,Anura,3590.915,826.44,Extinct in the Wild
Will he,Mammalia,Primates,1538.837,1778.16,Vulnerable
Red safe,Reptilia,Primates,3879.65,5.25,Critically Endangered
Tv phone,Aves,Passeriformes,150.88,1669.9,Extinct in the Wild
Stage accept,Actinopterygii,Primates,1202.547,461.26,Near Threatened
Especially brother,Mammalia,Primates,4625.822,872.51,Vulnerable
Research girl,Mammalia,Carnivora,2219.605,2624.4,Near Threatened
White quite,Reptilia,Rodentia,2423.005,542.81,Endangered
Us participant,Actinopterygii,Squamata,3083.925,1340.0,Least Concern
Movement paper,Mammalia,Carnivora,3787.584,171.35,Near Threatened
They public,Amphibia,Anura,3734.807,1845.25,Near Threatened
Shoulder institution,Mammalia,Passeriformes,4876.695,2447.83,Vulnerable
Statement friend,Aves,Primates,556.739,221.64,Least Concern
Make stuff,Mammalia,Rodentia,2260.948,1514.79,Vulnerable
Place become,Aves,Passeriformes,1814.147,866.99,Endangered
Leg more,Amphibia,Primates,3620.027,1353.03,Vulnerable
Some but,Actinopterygii,Carnivora,3903.478,2482.92,Least Concern
Question parent,Reptilia,Passeriformes,3320.396,1152.08,Least Concern
Us decade,Reptilia,Primates,3489.475,95.59,Extinct in the Wild
Else enough,Aves,Rodentia,87.584,343.49,Critically Endangered
Arrive heavy,Amphibia,Carnivora,1713.005,2136.32,Critically Endangered
Early western,Mammalia,Squamata,3712.323,403.93,Least Concern
Until wait,Reptilia,Passeriformes,4233.097,165.58,Endangered
Its dream,Reptilia,Primates,1047.75,1906.78,Critically Endangered
Minute lay,Amphibia,Squamata,2949.494,1932.17,Vulnerable
True sit,Reptilia,Rodentia,1023.123,2806.19,Vulnerable
Operation important,Actinopterygii,Primates,1085.142,1135.46,Extinct in the Wild
Can enjoy,Aves,Carnivora,4063.739,827.07,Near Threatened
Clearly manage,Mammalia,Passeriformes,1011.678,1381.88,Least Concern
Role lawyer,Aves,Passeriformes,96.084,2834.77,Endangered
Area might,Mammalia,Primates,1541.977,2744.54,Near Threatened
Ahead itself,Actinopterygii,Primates,414.125,2540.01,Vulnerable
Pay allow,Mammalia,Anura,106.812,1171.67,Least Concern
Me discussion,Amphibia,Primates,994.522,393.0,Vulnerable
Name able,Reptilia,Primates,46.378,2254.55,Extinct in the Wild
Team tough,Mammalia,Primates,4017.308,2362.56,Near Threatened
Which half,Actinopterygii,Passeriformes,3440.684,1889.7,Near Threatened
Picture dark,Amphibia,Rodentia,1478.776,1063.92,Extinct in the Wild
Surface only,Aves,Carnivora,3504.529,1758.92,Least Concern
Development allow,Actinopterygii,Rodentia,199.781,1249.78,Endangered
Yourself either,Mammalia,Squamata,3487.377,1403.96,Endangered
Upon street,Amphibia,Anura,573.371,1315.75,Vulnerable
Method letter,Amphibia,Primates,389.117,2043.47,Endangered
Ground alone,Mammalia,Squamata,2471.93,1284.3,Critically Endangered
Impact music,Amphibia,Rodentia,4165.501,596.39,Endangered
Response thought,Reptilia,Squamata,4825.279,865.14,Vulnerable
Check fall,Actinopterygii,Rodentia,1916.172,2110.96,Critically Endangered
Figure debate,Mammalia,Squamata,1327.094,2936.65,Critically Endangered
A image,Mammalia,Primates,2253.103,2419.21,Extinct in the Wild
Exactly election,Aves,Squamata,3904.01,496.81,Endangered
Least such,Amphibia,Anura,742.232,480.68,Least Concern
Year I,Actinopterygii,Squamata,2504.97,1040.36,Vulnerable
Customer lot,Reptilia,Rodentia,3150.086,2602.15,Near Threatened
And reflect,Actinopterygii,Rodentia,620.926,329.91,Endangered
White next,Aves,Primates,1280.54,2441.22,Least Concern
Work available,Amphibia,Anura,2969.228,501.07,Critically Endangered
Might perhaps,Actinopterygii,Anura,3038.942,2233.69,Least Concern
Off hit,Mammalia,Anura,3070.626,2456.79,Endangered
Single include,Actinopterygii,Rodentia,818.371,562.13,Near Threatened
Ball and,Amphibia,Squamata,4174.826,1417.11,Critically Endangered
Section dinner,Reptilia,Passeriformes,3197.641,2192.12,Least Concern
Clearly hot,Actinopterygii,Passeriformes,1971.099,95.73,Near Threatened
Leg table,Amphibia,Squamata,3322.696,1117.81,Endangered
Program physical,Actinopterygii,Squamata,3710.147,1309.16,Extinct in the Wild
Everyone message,Actinopterygii,Passeriformes,4438.445,2140.03,Least Concern
Owner dog,Mammalia,Carnivora,3058.825,191.5,Vulnerable
Professional realize,Mammalia,Squamata,1444.043,2269.8,Extinct in the Wild
Use too,Amphibia,Anura,3591.115,199.91,Critically Endangered
Ball serious,Mammalia,Squamata,593.578,1379.79,Critically Endangered
Realize very,Aves,Carnivora,2595.635,2855.2,Vulnerable
So degree,Reptilia,Passeriformes,3692.342,1831.54,Endangered
Than these,Reptilia,Primates,830.083,1029.29,Extinct in the Wild
Summer public,Aves,Rodentia,4527.627,2971.75,Critically Endangered
Answer media,Mammalia,Carnivora,4840.693,365.07,Critically Endangered
Natural policy,Aves,Rodentia,3028.864,1969.74,Extinct in the Wild
Usually their,Aves,Passeriformes,1470.166,163.18,Extinct in the Wild
Type one,Mammalia,Carnivora,242.902,1515.8,Extinct in the Wild
Dark husband,Actinopterygii,Anura,2757.472,1090.65,Extinct in the Wild
Huge old,Actinopterygii,Passeriformes,4338.724,714.8,Extinct in the Wild
Pull show,Actinopterygii,Passeriformes,1539.003,830.6,Critically Endangered
Tonight politics,Aves,Squamata,2168.936,824.08,Vulnerable
Believe so,Actinopterygii,Squamata,1961.408,1774.68,Extinct in the Wild
Discuss cultural,Mammalia,Anura,2432.495,1723.01,Least Concern
Mention computer,Mammalia,Carnivora,1740.944,2012.49,Vulnerable
Language benefit,Actinopterygii,Squamata,65.841,1449.56,Critically Endangered
Rich policy,Aves,Carnivora,1182.031,2801.51,Endangered
Quickly must,Actinopterygii,Squamata,4106.439,1738.97,Least Concern
Claim eye,Actinopterygii,Rodentia,205.126,1409.78,Critically Endangered
General put,Mammalia,Carnivora,838.658,1462.1,Vulnerable
First stay,Reptilia,Passeriformes,704.169,191.93,Endangered
Boy activity,Actinopterygii,Passeriformes,1737.766,2796.55,Near Threatened
Important push,Reptilia,Passeriformes,985.312,2801.16,Endangered
Future picture,Aves,Squamata,2000.769,1092.35,Least Concern
Store girl,Reptilia,Passeriformes,2082.147,2485.7,Extinct in the Wild
Chance PM,Reptilia,Anura,1603.371,604.87,Vulnerable
Defense detail,Mammalia,Squamata,2978.456,911.07,Least Concern
Take what,Actinopterygii,Squamata,3690.304,712.66,Endangered
Citizen Congress,Actinopterygii,Rodentia,1295.893,1887.05,Least Concern
Challenge chance,Actinopterygii,Carnivora,952.742,2358.55,Near Threatened
Accept anyone,Amphibia,Squamata,1261.903,2316.09,Extinct in the Wild
Part attention,Amphibia,Anura,4894.146,2899.94,Least Concern
Half finish,Reptilia,Rodentia,899.051,2572.01,Extinct in the Wild
Word check,Mammalia,Anura,3448.624,2381.45,Extinct in the Wild
Very why,Mammalia,Anura,291.958,2878.7,Near Threatened
Two size,Aves,Rodentia,1256.611,376.72,Vulnerable
North investment,Mammalia,Carnivora,3697.027,1103.71,Least Concern
Institution weight,Amphibia,Rodentia,4307.461,1466.3,Vulnerable
Alone enough,Reptilia,Squamata,1239.817,2394.66,Endangered
Imagine notice,Reptilia,Rodentia,2052.844,1780.49,Near Threatened
Factor sort,Aves,Carnivora,977.436,898.97,Endangered
Wrong spend,Amphibia,Carnivora,1602.924,1670.51,Near Threatened
Easy garden,Actinopterygii,Rodentia,2746.618,144.31,Endangered
For trade,Amphibia,Primates,3683.327,367.47,Least Concern
Total what,Mammalia,Squamata,2593.612,2851.44,Least Concern
Chair approach,Mammalia,Primates,2227.123,1699.77,Near Threatened
Yes offer,Actinopterygii,Squamata,4416.451,1840.52,Endangered
Central now,Reptilia,Anura,1544.448,2029.58,Vulnerable
Race scene,Mammalia,Passeriformes,2299.884,2434.95,Extinct in the Wild
Mr population,Actinopterygii,Squamata,3019.276,62.49,Near Threatened
Test others,Actinopterygii,Passeriformes,4395.249,766.29,Critically Endangered
Most security,Amphibia,Anura,4926.829,2720.67,Endangered
Customer nation,Aves,Primates,3305.126,659.32,Vulnerable
Available prepare,Aves,Anura,124.675,1470.17,Near Threatened
Outside floor,Actinopterygii,Anura,4103.63,766.85,Least Concern
Believe threat,Actinopterygii,Rodentia,234.371,2585.41,Least Concern
Head discuss,Actinopterygii,Squamata,133.369,2275.03,Least Concern
Drug federal,Aves,Rodentia,3066.526,1684.7,Critically Endangered
Including add,Amphibia,Squamata,3355.107,2412.17,Extinct in the Wild
Go interest,Actinopterygii,Carnivora,1666.607,756.8,Least Concern
Notice story,Reptilia,Carnivora,1707.775,523.52,Least Concern
Assume product,Reptilia,Rodentia,41.901,1830.02,Endangered
Show explain,Actinopterygii,Squamata,2840.896,2138.18,Near Threatened
Moment middle,Aves,Rodentia,1852.789,2125.69,Least Concern
Pass spring,Actinopterygii,Rodentia,4959.013,87.31,Least Concern
Mrs generation,Amphibia,Primates,608.801,665.56,Near Threatened
Half house,Reptilia,Carnivora,1597.668,2421.2,Vulnerable
Look front,Reptilia,Passeriformes,2052.21,1996.94,Critically Endangered
Main collection,Mammalia,Primates,430.832,2871.56,Least Concern
Company either,Aves,Rodentia,1219.62,1707.87,Endangered
Really necessary,Aves,Squamata,173.238,2442.84,Critically Endangered
Scene television,Reptilia,Passeriformes,2854.273,509.07,Least Concern
Discover character,Reptilia,Carnivora,939.824,1367.54,Extinct in the Wild
Hope step,Amphibia,Anura,416.294,648.77,Least Concern
Box mean,Amphibia,Primates,4305.49,2817.96,Least Concern
Experience enter,Amphibia,Squamata,2719.6,936.29,Endangered
Tree base,Amphibia,Carnivora,2053.634,1944.59,Least Concern
Recently until,Mammalia,Carnivora,223.143,2865.44,Endangered
Knowledge fight,Actinopterygii,Carnivora,1555.937,2346.23,Critically Endangered
Special price,Aves,Passeriformes,2208.58,1458.44,Extinct in the Wild
Debate high,Reptilia,Rodentia,590.097,651.35,Critically Endangered
Catch low,Amphibia,Passeriformes,4914.466,1363.69,Critically Endangered
Assume common,Aves,Passeriformes,3555.655,556.68,Critically Endangered
Single style,Actinopterygii,Carnivora,3354.446,47.7,Vulnerable
Good three,Reptilia,Rodentia,1594.548,234.12,Critically Endangered
Until their,Actinopterygii,Carnivora,845.932,2098.55,Least Concern
Catch though,Reptilia,Squamata,4641.462,1439.45,Extinct in the Wild
Answer could,Amphibia,Carnivora,2432.098,1362.33,Extinct in the Wild
Current serve,Reptilia,Anura,3944.394,1693.2,Extinct in the Wild
Rich your,Amphibia,Passeriformes,2164.621,28.69,Extinct in the Wild
Take nice,Mammalia,Primates,2141.013,2712.46,Vulnerable
Speech director,Aves,Anura,2323.746,2125.39,Near Threatened
For region,Aves,Anura,3183.104,1139.17,Extinct in the Wild
Ask our,Amphibia,Passeriformes,1637.15,2324.95,Endangered
Anything likely,Actinopterygii,Anura,815.953,1892.29,Least Concern
Production series,Aves,Squamata,4529.898,245.6,Endangered
Product usually,Amphibia,Anura,1455.414,265.75,Critically Endangered
Church and,Mammalia,Primates,2105.943,1331.72,Extinct in the Wild
Middle them,Amphibia,Rodentia,3947.083,1236.05,Critically Endangered
Ever this,Mammalia,Rodentia,3876.318,1411.15,Least Concern
Study truth,Reptilia,Primates,745.816,813.99,Vulnerable
Relate simply,Aves,Anura,877.908,1094.08,Critically Endangered
Sea need,Aves,Squamata,4593.135,795.33,Vulnerable
Work impact,Reptilia,Anura,506.204,2619.26,Least Concern
Bill serve,Mammalia,Carnivora,3650.751,1687.83,Endangered
Idea worker,Actinopterygii,Anura,4693.669,1213.55,Vulnerable
Light in,Amphibia,Primates,1666.412,212.84,Endangered
Whom plan,Mammalia,Anura,3422.971,2094.46,Least Concern
See bring,Actinopterygii,Passeriformes,4994.991,1798.24,Least Concern
Stay resource,Mammalia,Anura,875.536,950.52,Least Concern
Perform decision,Reptilia,Squamata,3775.157,1714.57,Extinct in the Wild
Use smile,Mammalia,Carnivora,1979.397,1334.13,Endangered
Product ahead,Reptilia,Passeriformes,176.64,1595.3,Endangered
Record card,Aves,Rodentia,1087.409,190.2,Endangered
Stop military,Reptilia,Anura,2585.776,498.15,Least Concern
Mind concern,Aves,Carnivora,430.449,2917.32,Least Concern
Involve season,Amphibia,Squamata,654.372,279.68,Extinct in the Wild
Information let,Reptilia,Anura,4916.589,283.67,Critically Endangered
Car quickly,Mammalia,Carnivora,1230.42,2755.91,Extinct in the Wild
Class language,Amphibia,Anura,2935.849,2825.02,Vulnerable
Fund own,Reptilia,Squamata,4991.488,2808.95,Critically Endangered
Term protect,Mammalia,Carnivora,553.514,2504.11,Near Threatened
Blue state,Aves,Passeriformes,423.243,2450.04,Least Concern
Picture our,Aves,Squamata,3679.778,2073.53,Near Threatened
Evidence Republican,Mammalia,Carnivora,458.835,1676.32,Least Concern
Old everything,Amphibia,Carnivora,4044.288,1937.43,Near Threatened
Station lot,Reptilia,Squamata,1438.15,1435.76,Endangered
Hotel seem,Mammalia,Carnivora,264.314,2135.7,Endangered
Let cup,Aves,Anura,2533.35,795.12,Critically Endangered
Statement personal,Actinopterygii,Primates,3151.521,2917.69,Endangered
None heavy,Actinopterygii,Passeriformes,3928.085,1983.37,Critically Endangered
Determine sort,Mammalia,Rodentia,3633.245,2838.6,Endangered
Far possible,Mammalia,Carnivora,942.954,151.59,Endangered
Line last,Reptilia,Primates,65.562,1917.57,Extinct in the Wild
Generation consumer,Reptilia,Squamata,773.592,2264.77,Vulnerable
Actually argue,Aves,Passeriformes,2115.789,125.83,Endangered
Serious minute,Reptilia,Carnivora,1755.24,539.32,Endangered
Painting thing,Reptilia,Squamata,3994.594,1596.01,Endangered
Ten car,Actinopterygii,Rodentia,3331.073,104.15,Endangered
Old place,Mammalia,Squamata,536.884,2945.13,Near Threatened
Increase reflect,Reptilia,Passeriformes,2669.682,1502.81,Extinct in the Wild
Specific happen,Aves,Rodentia,1654.697,2341.85,Extinct in the Wild
Mind imagine,Reptilia,Carnivora,2825.738,2873.23,Near Threatened
Else recently,Amphibia,Passeriformes,2668.809,71.44,Least Concern
Camera claim,Mammalia,Rodentia,452.394,305.6,Extinct in the Wild
Probably main,Mammalia,Carnivora,2199.184,1641.79,Least Concern
Nearly resource,Amphibia,Carnivora,1497.695,24.52,Endangered
But will,Reptilia,Rodentia,1916.442,772.06,Least Concern
At yet,Amphibia,Passeriformes,2083.104,2171.7,Endangered
Relate wide,Actinopterygii,Squamata,2695.386,2303.01,Near Threatened
Direction rule,Actinopterygii,Squamata,3524.095,1613.54,Least Concern
History raise,Actinopterygii,Rodentia,3669.882,2979.73,Least Concern
Hour author,Mammalia,Rodentia,3190.034,2681.92,Vulnerable
Rise meet,Amphibia,Passeriformes,3477.54,226.61,Critically Endangered
At growth,Mammalia,Rodentia,2049.783,1329.1,Vulnerable
Current near,Mammalia,Rodentia,3469.415,2732.16,Vulnerable
Spring son,Amphibia,Anura,4741.258,2172.01,Least Concern
Pass particularly,Aves,Passeriformes,4688.669,1697.59,Endangered
Response as,Aves,Squamata,1947.709,1412.53,Critically Endangered
Success fight,Amphibia,Passeriformes,1154.671,1088.77,Least Concern
International hour,Mammalia,Passeriformes,4313.692,1729.15,Least Concern
Miss federal,Aves,Rodentia,2349.38,2734.91,Endangered
Door carry,Aves,Passeriformes,3874.675,685.93,Critically Endangered
Movement can,Reptilia,Passeriformes,3276.691,1771.2,Extinct in the Wild
Strong as,Mammalia,Passeriformes,2108.275,1398.06,Endangered
Position present,Mammalia,Anura,2704.575,419.55,Critically Endangered
Myself so,Actinopterygii,Carnivora,2196.082,200.03,Endangered
Professional bar,Actinopterygii,Carnivora,1355.366,2655.62,Endangered
Course country,Aves,Passeriformes,3998.913,2221.62,Least Concern
Write provide,Reptilia,Rodentia,988.923,631.58,Vulnerable
Until gas,Mammalia,Squamata,663.905,321.2,Critically Endangered
Others career,Aves,Rodentia,623.492,427.56,Least Concern
Special middle,Aves,Passeriformes,1982.987,2738.89,Vulnerable
Own environment,Mammalia,Carnivora,3294.944,1613.26,Vulnerable
Window say,Mammalia,Passeriformes,1198.533,2796.69,Critically Endangered
Walk doctor,Mammalia,Carnivora,3533.067,1869.78,Critically Endangered
Field fire,Reptilia,Primates,206.129,2939.54,Endangered
Design executive,Amphibia,Squamata,2486.182,2475.33,Vulnerable
Black effect,Aves,Anura,1875.552,2007.3,Extinct in the Wild
Among color,Amphibia,Anura,4644.195,1294.08,Endangered
Government science,Mammalia,Anura,3797.265,2183.5,Near Threatened
These easy,Actinopterygii,Carnivora,2139.248,1763.02,Critically Endangered
Result mention,Mammalia,Carnivora,1498.342,1299.35,Endangered
Economic size,Actinopterygii,Squamata,1352.14,2156.71,Near Threatened
Despite along,Amphibia,Rodentia,1805.842,4.21,Endangered
Him defense,Actinopterygii,Rodentia,374.393,2648.82,Endangered
Process own,Mammalia,Passeriformes,2717.359,2206.62,Extinct in the Wild
Find ok,Mammalia,Anura,3392.647,1806.45,Endangered
People as,Actinopterygii,Carnivora,4737.831,325.78,Endangered
Recently test,Reptilia,Squamata,2189.399,1847.17,Critically Endangered
Onto card,Aves,Passeriformes,3790.831,2286.2,Extinct in the Wild
Century majority,Actinopterygii,Squamata,332.418,2531.48,Least Concern
Concern hit,Aves,Anura,2503.103,295.64,Extinct in the Wild
Responsibility lead,Actinopterygii,Primates,1870.258,458.38,Endangered
Add develop,Mammalia,Carnivora,1801.844,1733.76,Vulnerable
Across recently,Mammalia,Passeriformes,295.68,1291.28,Extinct in the Wild
Street stop,Reptilia,Anura,820.295,396.22,Critically Endangered
Evening life,Actinopterygii,Carnivora,3403.594,191.27,Critically Endangered
Discover charge,Aves,Carnivora,2713.727,2424.48,Endangered
Understand score,Amphibia,Squamata,3019.87,849.84,Near Threatened
Consumer fire,Reptilia,Squamata,4326.569,352.88,Least Concern
Wish still,Amphibia,Anura,2628.379,1946.63,Least Concern
Car imagine,Amphibia,Squamata,666.961,477.99,Near Threatened
Member these,Reptilia,Carnivora,3752.195,2259.91,Least Concern
Chair sometimes,Reptilia,Carnivora,2446.583,2391.32,Critically Endangered
Current experience,Amphibia,Anura,1374.128,2201.23,Critically Endangered
Arm course,Mammalia,Primates,1603.728,549.76,Near Threatened
Child sense,Actinopterygii,Carnivora,1245.965,2800.28,Vulnerable
Particularly cup,Aves,Squamata,3942.17,1766.82,Extinct in the Wild
Interest line,Aves,Carnivora,2010.189,1976.8,Extinct in the Wild
Second discussion,Aves,Squamata,103.017,1370.41,Critically Endangered
Event turn,Actinopterygii,Passeriformes,2667.449,2663.06,Least Concern
Suddenly assume,Actinopterygii,Passeriformes,3176.156,956.61,Critically Endangered
Star bring,Mammalia,Passeriformes,3341.061,915.51,Least Concern
His trouble,Reptilia,Anura,2954.051,2591.3,Extinct in the Wild
Around couple,Reptilia,Anura,1534.944,2178.61,Endangered
Drive its,Aves,Primates,4738.819,1040.6,Near Threatened
Education long,Actinopterygii,Primates,406.22,1992.03,Extinct in the Wild
Strong street,Reptilia,Primates,1425.693,631.68,Endangered
Couple heart,Amphibia,Primates,4169.43,2822.63,Near Threatened
Capital while,Actinopterygii,Rodentia,1953.205,280.25,Extinct in the Wild
Another note,Amphibia,Rodentia,1302.348,2114.71,Extinct in the Wild
Identify site,Actinopterygii,Primates,2019.972,2832.98,Vulnerable
Natural finally,Actinopterygii,Squamata,4361.227,1876.58,Least Concern
Crime some,Actinopterygii,Rodentia,1115.323,138.63,Least Concern
So magazine,Amphibia,Rodentia,3086.524,828.87,Near Threatened
Hair economy,Actinopterygii,Squamata,4155.863,2738.41,Extinct in the Wild
Who region,Amphibia,Squamata,1825.875,2580.01,Near Threatened
Kitchen collection,Reptilia,Squamata,1389.249,1031.37,Least Concern
Wonder along,Mammalia,Passeriformes,3007.845,1783.76,Critically Endangered
Especially nation,Aves,Anura,1544.82,1186.3,Extinct in the Wild
Court artist,Actinopterygii,Rodentia,2635.998,1218.74,Extinct in the Wild
New rule,Amphibia,Passeriformes,1558.205,133.39,Critically Endangered
Go front,Reptilia,Anura,4628.776,312.61,Near Threatened
Easy administration,Aves,Squamata,1633.581,1262.99,Extinct in the Wild
Throw trade,Amphibia,Passeriformes,2488.251,371.83,Near Threatened
Meet month,Aves,Carnivora,696.059,707.95,Extinct in the Wild
Big low,Mammalia,Passeriformes,2514.168,2181.41,Least Concern
Wrong want,Actinopterygii,Passeriformes,2676.391,2638.77,Near Threatened
Gas several,Mammalia,Rodentia,3559.51,349.61,Least Concern
Success hotel,Amphibia,Squamata,968.534,2732.31,Critically Endangered
Money act,Amphibia,Squamata,1333.226,900.12,Extinct in the Wild
Cut myself,Mammalia,Carnivora,4531.757,1578.12,Least Concern
Once by,Amphibia,Anura,4943.733,1532.52,Critically Endangered
Realize leg,Amphibia,Squamata,519.679,695.56,Near Threatened
Great why,Reptilia,Primates,2592.329,1609.04,Critically Endangered
Approach occur,Actinopterygii,Anura,3003.275,938.97,Least Concern
North institution,Amphibia,Rodentia,4874.861,2656.42,Critically Endangered
House center,Reptilia,Squamata,2087.43,2.44,Near Threatened
Meet some,Amphibia,Rodentia,622.385,927.68,Near Threatened
Democratic administration,Actinopterygii,Primates,1593.524,1416.4,Least Concern
Good law,Aves,Passeriformes,4471.49,2079.05,Vulnerable
To four,Reptilia,Carnivora,871.637,2076.82,Near Threatened
Your authority,Mammalia,Passeriformes,2344.126,711.68,Near Threatened
Determine available,Mammalia,Carnivora,4650.014,2542.62,Extinct in the Wild
Ten result,Reptilia,Carnivora,2126.245,311.2,Vulnerable
Affect might,Amphibia,Anura,3789.928,1784.98,Endangered
Democrat article,Reptilia,Anura,4674.86,2337.37,Critically Endangered
Job market,Amphibia,Carnivora,1764.698,1145.25,Critically Endangered
Seven town,Mammalia,Primates,2810.654,205.56,Endangered
Market dream,Amphibia,Primates,1276.731,2340.62,Near Threatened
Catch suddenly,Actinopterygii,Anura,4332.932,416.31,Endangered
Point special,Actinopterygii,Squamata,2561.799,924.8,Near Threatened
Become control,Reptilia,Anura,4457.389,2732.62,Least Concern
Feel program,Actinopterygii,Rodentia,4035.382,2814.44,Critically Endangered
Over him,Actinopterygii,Anura,3916.466,822.68,Critically Endangered
Option such,Mammalia,Squamata,791.721,275.16,Near Threatened
Drop company,Aves,Passeriformes,4946.276,1536.09,Vulnerable
Be street,Mammalia,Primates,4804.514,49.91,Least Concern
Both assume,Reptilia,Passeriformes,4185.247,401.92,Critically Endangered
Two face,Actinopterygii,Rodentia,1375.314,2912.79,Least Concern
Wear full,Actinopterygii,Rodentia,873.685,1459.78,Extinct in the Wild
Should job,Amphibia,Squamata,2036.631,2369.02,Least Concern
Ground people,Reptilia,Squamata,4817.209,1534.99,Endangered
Rock leg,Actinopterygii,Rodentia,4208.366,739.85,Endangered
Represent standard,Aves,Rodentia,4381.196,1343.76,Critically Endangered
Federal add,Mammalia,Anura,2689.223,3.18,Near Threatened
Itself law,Amphibia,Passeriformes,1648.236,2390.97,Least Concern
Answer growth,Aves,Anura,2118.757,464.59,Endangered
Cell certain,Aves,Squamata,2637.474,2066.98,Endangered
Huge cut,Amphibia,Squamata,3428.573,2703.19,Extinct in the Wild
Spring remain,Aves,Primates,3229.903,308.34,Extinct in the Wild
Past do,Mammalia,Carnivora,1729.956,1761.3,Least Concern
Upon business,Amphibia,Carnivora,1643.457,2781.69,Vulnerable
Issue me,Actinopterygii,Anura,2858.275,2496.36,Endangered
Serious similar,Mammalia,Carnivora,704.93,935.99,Near Threatened
Morning democratic,Aves,Squamata,1810.635,2274.48,Critically Endangered
Any expert,Amphibia,Carnivora,1630.436,1742.24,Critically Endangered
Different together,Reptilia,Carnivora,558.893,1854.03,Extinct in the Wild
Finish too,Amphibia,Primates,1971.341,1061.58,Extinct in the Wild
Everyone successful,Mammalia,Primates,2613.802,1371.38,Vulnerable
Federal home,Mammalia,Passeriformes,4586.86,180.9,Vulnerable
Central today,Amphibia,Carnivora,1235.226,1539.3,Critically Endangered
Third manage,Amphibia,Anura,1225.006,1042.32,Critically Endangered
Tree position,Actinopterygii,Primates,1581.577,2843.44,Critically Endangered
Ball sort,Actinopterygii,Carnivora,544.836,301.88,Critically Endangered
Investment interview,Reptilia,Squamata,4300.601,1690.87,Critically Endangered
Explain recognize,Mammalia,Primates,1166.494,217.43,Least Concern
Of us,Mammalia,Anura,4796.775,1544.19,Least Concern
Watch interest,Actinopterygii,Rodentia,2944.89,2227.4,Endangered
Effort expect,Aves,Rodentia,259.147,44.89,Extinct in the Wild
Coach president,Actinopterygii,Carnivora,1593.591,731.4,Least Concern
Identify set,Actinopterygii,Squamata,109.492,2607.77,Endangered
Note first,Amphibia,Rodentia,2684.851,2967.87,Vulnerable
Her today,Actinopterygii,Carnivora,246.191,2121.68,Vulnerable
Rise best,Amphibia,Carnivora,1792.1,1875.1,Extinct in the Wild
Seven enter,Aves,Passeriformes,1292.134,2235.66,Least Concern
Grow talk,Actinopterygii,Rodentia,1561.503,1737.34,Endangered
Season forget,Actinopterygii,Anura,3748.093,384.24,Endangered
Win traditional,Aves,Anura,4292.808,1332.5,Vulnerable
Memory air,Aves,Primates,232.618,491.91,Endangered
Draw effort,Aves,Anura,2334.672,1419.83,Vulnerable
Interest medical,Reptilia,Rodentia,2158.929,2862.11,Critically Endangered
Station bad,Amphibia,Carnivora,2299.09,2177.83,Endangered
Base nearly,Actinopterygii,Carnivora,1628.689,1655.93,Least Concern
Play environmental,Aves,Rodentia,4359.583,1832.56,Extinct in the Wild
Officer vote,Actinopterygii,Squamata,1869.133,1022.7,Near Threatened
What truth,Mammalia,Carnivora,4759.103,1143.75,Critically Endangered
Crime teacher,Mammalia,Anura,3867.027,2525.46,Critically Endangered
Skill east,Mammalia,Primates,3380.367,189.54,Extinct in the Wild
Actually likely,Mammalia,Squamata,3638.034,1157.78,Near Threatened
Yeah could,Amphibia,Primates,129.92,236.52,Critically Endangered
Hard site,Reptilia,Carnivora,3889.783,66.6,Vulnerable
She although,Mammalia,Passeriformes,3629.904,1055.71,Critically Endangered
Simply charge,Aves,Squamata,2591.825,2668.36,Critically Endangered
Sense also,Mammalia,Primates,2234.085,2486.11,Endangered
May such,Reptilia,Carnivora,2144.944,710.39,Least Concern
Man in,Aves,Carnivora,2545.736,2261.18,Least Concern
Mouth clearly,Mammalia,Anura,640.661,183.56,Least Concern
Easy difference,Amphibia,Anura,2091.804,2331.74,Least Concern
Nor certainly,Mammalia,Passeriformes,563.791,1585.05,Vulnerable
People people,Actinopterygii,Rodentia,2435.34,2492.38,Vulnerable
Quickly base,Aves,Passeriformes,1931.161,2657.9,Endangered
Day address,Mammalia,Carnivora,2718.41,1338.25,Endangered
Fly much,Aves,Carnivora,4004.997,1200.0,Critically Endangered
Network care,Aves,Passeriformes,4122.206,1363.75,Vulnerable
General evidence,Actinopterygii,Primates,4110.747,199.18,Near Threatened
Tough course,Actinopterygii,Squamata,1366.886,2536.8,Critically Endangered
Citizen necessary,Aves,Primates,3208.116,491.58,Endangered
System them,Amphibia,Carnivora,2542.774,886.27,Near Threatened
Who offer,Amphibia,Rodentia,4371.681,2379.79,Endangered
Citizen word,Aves,Passeriformes,4946.457,1722.26,Vulnerable
Wrong newspaper,Mammalia,Primates,384.36,310.1,Near Threatened
Response paper,Actinopterygii,Rodentia,3797.473,2998.7,Least Concern
Own any,Actinopterygii,Passeriformes,3584.912,639.12,Critically Endangered
Pick check,Reptilia,Passeriformes,1619.495,1518.89,Near Threatened
Interest appear,Amphibia,Rodentia,1560.087,174.25,Endangered
Analysis bed,Amphibia,Primates,2509.459,1452.1,Endangered
Baby technology,Mammalia,Primates,1211.905,2838.88,Least Concern
Man own,Actinopterygii,Primates,3374.359,1676.79,Extinct in the Wild
Two because,Aves,Squamata,204.041,1698.29,Extinct in the Wild
Enter movement,Actinopterygii,Passeriformes,917.203,315.11,Endangered
Size outside,Reptilia,Passeriformes,3657.95,2607.35,Near Threatened
Green charge,Amphibia,Anura,2494.946,1212.08,Least Concern
Study just,Mammalia,Carnivora,4257.974,688.07,Least Concern
According Mrs,Aves,Passeriformes,4980.702,702.49,Vulnerable
Certainly door,Amphibia,Primates,396.532,879.92,Least Concern
Sport relate,Mammalia,Primates,2321.857,2646.76,Least Concern
Imagine tell,Actinopterygii,Anura,1007.63,2729.47,Endangered
Indeed outside,Mammalia,Primates,1284.888,2957.19,Near Threatened
Upon camera,Mammalia,Carnivora,2835.218,862.45,Extinct in the Wild
Three child,Actinopterygii,Rodentia,3735.12,2468.67,Endangered
Performance treatment,Reptilia,Rodentia,4511.904,1799.47,Extinct in the Wild
Someone travel,Reptilia,Primates,4389.003,957.72,Critically Endangered
Clearly sense,Aves,Rodentia,418.645,1623.05,Endangered
Year small,Mammalia,Anura,2730.017,661.23,Least Concern
Arm as,Reptilia,Primates,1245.494,2070.14,Near Threatened
New front,Aves,Carnivora,2312.201,748.83,Vulnerable
Black walk,Amphibia,Passeriformes,4419.164,1529.43,Near Threatened
Now pass,Amphibia,Rodentia,4664.888,1559.53,Vulnerable
Onto money,Aves,Passeriformes,1675.992,2044.74,Endangered
Idea make,Amphibia,Anura,3788.145,2188.32,Endangered
Receive ask,Mammalia,Carnivora,4034.761,2015.64,Critically Endangered
Item most,Reptilia,Carnivora,3997.777,992.91,Least Concern
Out bed,Amphibia,Squamata,2529.253,1434.4,Vulnerable
Tough final,Actinopterygii,Anura,3957.11,2545.61,Endangered
Song science,Reptilia,Carnivora,725.148,1006.98,Endangered
Financial try,Amphibia,Carnivora,4256.742,471.94,Extinct in the Wild
Class arrive,Reptilia,Anura,4692.88,1696.7,Critically Endangered
Would either,Mammalia,Anura,2484.036,923.15,Vulnerable
Senior kind,Mammalia,Squamata,4201.718,1342.23,Extinct in the Wild
Those agree,Actinopterygii,Passeriformes,4111.332,2211.3,Vulnerable
Around tough,Actinopterygii,Primates,1688.211,1220.9,Near Threatened
Heart drive,Reptilia,Squamata,3891.478,684.07,Least Concern
Police available,Actinopterygii,Passeriformes,4972.907,185.21,Vulnerable
Relate example,Aves,Anura,3121.15,2328.51,Endangered
Somebody product,Aves,Passeriformes,3111.977,2688.7,Endangered
Room consumer,Mammalia,Primates,4392.997,601.96,Near Threatened
Interview nor,Reptilia,Carnivora,3013.908,1375.5,Extinct in the Wild
Write next,Aves,Passeriformes,3393.135,898.42,Extinct in the Wild
Room class,Mammalia,Rodentia,2242.793,2561.42,Vulnerable
Capital bank,Actinopterygii,Anura,4609.909,2238.86,Vulnerable
Service service,Mammalia,Carnivora,2795.71,2487.06,Near Threatened
People down,Mammalia,Rodentia,1265.652,404.21,Extinct in the Wild
Race billion,Mammalia,Squamata,4501.086,1750.68,Critically Endangered
Base bar,Amphibia,Rodentia,729.318,633.18,Least Concern
Yes thank,Aves,Primates,2249.859,1874.71,Vulnerable
Bad factor,Actinopterygii,Squamata,3252.329,503.08,Extinct in the Wild
Firm sing,Aves,Carnivora,2609.553,1397.73,Least Concern
Ask foreign,Actinopterygii,Squamata,530.448,2667.19,Vulnerable
Another any,Amphibia,Anura,2660.837,2091.17,Critically Endangered
Join whether,Amphibia,Primates,825.554,1824.46,Extinct in the Wild
Our one,Reptilia,Primates,3530.903,2731.15,Vulnerable
Somebody nice,Aves,Rodentia,4852.641,2417.79,Critically Endangered
Glass actually,Aves,Squamata,4780.494,1037.63,Least Concern
West result,Amphibia,Anura,4196.612,825.28,Endangered
Guy agency,Aves,Primates,1286.49,2619.7,Extinct in the Wild
Describe someone,Actinopterygii,Primates,4414.752,2485.08,Extinct in the Wild
Majority direction,Mammalia,Rodentia,1190.427,491.07,Vulnerable
Trade front,Amphibia,Primates,3070.718,2830.77,Extinct in the Wild
Head name,Aves,Rodentia,1484.72,2815.39,Endangered
Nice third,Reptilia,Primates,3947.043,1311.23,Near Threatened
Last dog,Mammalia,Carnivora,793.571,2656.26,Vulnerable
Cell reflect,Aves,Primates,1656.339,2061.91,Near Threatened
Ok lose,Amphibia,Anura,310.925,1036.02,Endangered
Hope mission,Amphibia,Rodentia,4612.096,1440.31,Extinct in the Wild
Rate both,Actinopterygii,Squamata,3596.635,1611.97,Vulnerable
Individual energy,Actinopterygii,Squamata,546.833,1389.12,Extinct in the Wild
Individual factor,Amphibia,Anura,1493.45,840.15,Endangered
In identify,Amphibia,Carnivora,490.943,1203.71,Least Concern
Hit military,Reptilia,Rodentia,2414.054,777.23,Critically Endangered
Bed cell,Aves,Rodentia,4644.378,1888.78,Endangered
New discussion,Aves,Carnivora,316.771,2861.93,Near Threatened
Begin open,Actinopterygii,Squamata,4484.487,850.14,Vulnerable
Degree daughter,Actinopterygii,Primates,393.683,2597.71,Critically Endangered
Six necessary,Amphibia,Passeriformes,874.244,2324.59,Vulnerable
Art work,Aves,Rodentia,425.977,699.02,Extinct in the Wild
Knowledge choice,Reptilia,Squamata,4360.603,1393.32,Vulnerable
Kid quickly,Aves,Passeriformes,4964.103,1707.67,Endangered
International manage,Aves,Squamata,2524.951,1526.75,Vulnerable
Likely manage,Mammalia,Anura,217.029,1623.56,Critically Endangered
Each available,Amphibia,Carnivora,4782.679,2199.44,Endangered
Painting certain,Reptilia,Carnivora,2796.88,2307.67,Vulnerable
Former window,Actinopterygii,Passeriformes,4839.533,1215.31,Endangered
Manage require,Amphibia,Rodentia,3228.562,483.28,Vulnerable
Might rather,Actinopterygii,Carnivora,1766.28,259.98,Near Threatened
Us recent,Actinopterygii,Primates,2994.765,1731.59,Critically Endangered
Worry medical,Aves,Passeriformes,1184.889,726.52,Extinct in the Wild
Body should,Amphibia,Carnivora,1974.185,1735.46,Critically Endangered
Others hope,Aves,Rodentia,668.656,2049.25,Critically Endangered
On develop,Actinopterygii,Squamata,4968.383,1676.17,Vulnerable
Stage cost,Aves,Primates,1696.431,2030.91,Endangered
At their,Reptilia,Primates,4776.06,1208.6,Near Threatened
Century garden,Reptilia,Carnivora,192.294,314.78,Extinct in the Wild
Magazine fine,Aves,Carnivora,392.864,2988.53,Least Concern
Can may,Aves,Anura,2073.291,1536.25,Extinct in the Wild
Statement throw,Mammalia,Primates,1011.43,1125.17,Near Threatened
Somebody mother,Actinopterygii,Carnivora,4602.479,1469.02,Least Concern
Position well,Actinopterygii,Carnivora,481.158,1024.38,Least Concern
Side child,Reptilia,Primates,645.717,2685.18,Endangered
Sell war,Mammalia,Passeriformes,833.264,1058.43,Vulnerable
Race remain,Reptilia,Primates,1365.315,965.64,Vulnerable
Street receive,Amphibia,Primates,1252.144,1652.0,Critically Endangered
Account bad,Reptilia,Carnivora,1617.89,1612.93,Endangered
Sound in,Amphibia,Rodentia,3050.069,258.91,Critically Endangered
It resource,Aves,Primates,2641.085,1752.34,Near Threatened
Dream bring,Mammalia,Carnivora,4727.059,2228.57,Near Threatened
Option not,Aves,Squamata,1694.033,1174.08,Extinct in the Wild
Decide star,Mammalia,Carnivora,3203.528,1166.26,Vulnerable
Young cultural,Actinopterygii,Squamata,3461.639,91.28,Near Threatened
And set,Reptilia,Passeriformes,2051.233,1715.28,Extinct in the Wild
As book,Aves,Rodentia,4356.246,2989.89,Endangered
Democratic hold,Mammalia,Squamata,2745.668,2442.9,Extinct in the Wild
Sea laugh,Mammalia,Squamata,2521.331,2139.92,Least Concern
Hot future,Reptilia,Anura,491.138,1665.57,Endangered
Successful at,Mammalia,Squamata,1749.779,2338.56,Least Concern
No mother,Reptilia,Passeriformes,545.103,2709.8,Endangered
Most safe,Actinopterygii,Anura,2181.367,470.14,Critically Endangered
Behind right,Amphibia,Squamata,3071.393,2667.63,Least Concern
Difference reduce,Aves,Anura,4035.251,2078.08,Extinct in the Wild
Operation fact,Aves,Rodentia,1934.636,2154.47,Endangered
Today water,Mammalia,Carnivora,1342.279,2006.48,Near Threatened
Rate listen,Aves,Passeriformes,3423.744,9.43,Least Concern
Eye animal,Mammalia,Anura,795.893,774.92,Critically Endangered
Mean remain,Mammalia,Anura,3474.461,2625.4,Critically Endangered
Discuss whose,Reptilia,Squamata,4952.032,1574.55,Near Threatened
Individual for,Mammalia,Squamata,3229.259,807.67,Endangered
Life maintain,Mammalia,Rodentia,588.143,2939.27,Vulnerable
Statement once,Amphibia,Carnivora,1447.359,1893.32,Extinct in the Wild
Trouble commercial,Aves,Anura,4948.698,2849.69,Near Threatened
Home compare,Reptilia,Rodentia,2769.415,1290.36,Extinct in the Wild
Note see,Reptilia,Primates,307.19,93.93,Least Concern
Skill join,Amphibia,Anura,2484.051,2421.07,Endangered
Then Republican,Amphibia,Squamata,2330.556,1940.1,Least Concern
Quite production,Aves,Primates,4459.574,23.81,Least Concern
What hand,Aves,Squamata,546.799,672.87,Vulnerable
Necessary young,Mammalia,Anura,2807.065,2674.9,Endangered
Sport no,Actinopterygii,Anura,1068.816,2503.87,Endangered
Bank floor,Actinopterygii,Anura,1707.999,2074.03,Critically Endangered
Citizen which,Reptilia,Passeriformes,3654.419,2002.72,Near Threatened
Our agency,Amphibia,Rodentia,2903.601,1810.29,Near Threatened
Represent media,Reptilia,Passeriformes,3892.804,1600.2,Extinct in the Wild
Give tell,Mammalia,Primates,3296.666,2499.85,Endangered
Per certainly,Aves,Rodentia,223.506,2310.37,Least Concern
Matter seat,Mammalia,Carnivora,2820.278,542.42,Critically Endangered
Back until,Actinopterygii,Passeriformes,646.653,479.57,Vulnerable
Bed walk,Reptilia,Primates,3402.866,2253.23,Critically Endangered
Myself like,Actinopterygii,Passeriformes,823.014,2599.93,Vulnerable
Both perhaps,Amphibia,Carnivora,1997.458,1525.72,Near Threatened
Me the,Amphibia,Primates,4567.373,1017.23,Near Threatened
Thousand hand,Aves,Anura,1703.75,216.8,Critically Endangered
Simply take,Reptilia,Carnivora,4127.372,1902.82,Vulnerable
Help nothing,Amphibia,Squamata,624.398,1477.42,Endangered
This Mrs,Amphibia,Carnivora,2861.939,458.11,Critically Endangered
Street perform,Mammalia,Anura,2490.484,1285.48,Near Threatened
Measure guess,Mammalia,Carnivora,3893.217,1274.03,Least Concern
Large write,Mammalia,Passeriformes,2939.605,1137.75,Extinct in the Wild
North nice,Amphibia,Primates,72.541,761.38,Critically Endangered
Rock gas,Mammalia,Squamata,1196.021,2456.02,Least Concern
Cover evidence,Mammalia,Carnivora,2773.187,1010.17,Near Threatened
Alone treat,Aves,Anura,457.482,249.57,Vulnerable
Your enough,Aves,Anura,4759.296,2041.63,Critically Endangered
This nothing,Actinopterygii,Primates,3426.471,1922.15,Vulnerable
Budget again,Reptilia,Squamata,1998.25,501.36,Near Threatened
Task Congress,Actinopterygii,Primates,3795.519,293.45,Extinct in the Wild
Six thus,Aves,Passeriformes,4992.525,2711.92,Extinct in the Wild
Cold girl,Mammalia,Squamata,4653.803,1800.24,Critically Endangered
Inside wonder,Reptilia,Squamata,4278.084,21.51,Extinct in the Wild
Four some,Reptilia,Passeriformes,4296.23,1057.53,Endangered
Ability fill,Amphibia,Rodentia,3368.064,1023.92,Near Threatened
Theory Mr,Actinopterygii,Squamata,564.748,2887.72,Near Threatened
Perhaps party,Aves,Rodentia,4306.652,2463.35,Near Threatened
About mouth,Aves,Passeriformes,1778.476,1041.89,Endangered
Every industry,Reptilia,Passeriformes,2963.047,2791.57,Near Threatened
Whatever until,Amphibia,Primates,582.924,92.79,Near Threatened
Option consumer,Aves,Carnivora,258.718,1174.32,Critically Endangered
Clearly analysis,Reptilia,Rodentia,4049.173,2117.91,Vulnerable
Old woman,Mammalia,Squamata,1711.6,1722.73,Near Threatened
Fast risk,Actinopterygii,Primates,964.621,1744.93,Vulnerable
Reveal offer,Reptilia,Primates,570.439,2034.62,Endangered
Front store,Aves,Anura,3417.351,1571.97,Extinct in the Wild
Wind especially,Aves,Anura,2848.17,185.82,Near Threatened
Family this,Mammalia,Squamata,757.476,322.46,Endangered
Husband or,Amphibia,Anura,2700.754,1694.67,Critically Endangered
Arm writer,Aves,Passeriformes,1580.891,788.0,Extinct in the Wild
Degree research,Amphibia,Rodentia,3743.716,572.75,Critically Endangered
End different,Actinopterygii,Squamata,354.497,2527.73,Critically Endangered
Like country,Amphibia,Squamata,4202.173,1395.33,Vulnerable
Computer campaign,Actinopterygii,Primates,4187.395,1291.59,Critically Endangered
Subject explain,Amphibia,Anura,2187.633,6.51,Extinct in the Wild
Side reduce,Aves,Rodentia,1755.969,2164.55,Near Threatened
Child follow,Actinopterygii,Squamata,3788.362,1011.27,Endangered
Able market,Actinopterygii,Carnivora,2754.469,1944.22,Extinct in the Wild
Before certain,Aves,Rodentia,3254.339,566.43,Extinct in the Wild
Late it,Amphibia,Rodentia,1573.109,88.88,Extinct in the Wild
Involve front,Aves,Primates,1127.188,2177.37,Critically Endangered
Production somebody,Aves,Squamata,2531.842,2136.66,Critically Endangered
Official particularly,Actinopterygii,Carnivora,4532.471,1962.37,Extinct in the Wild
Factor stock,Aves,Anura,2088.733,1061.83,Least Concern
Somebody return,Aves,Rodentia,4173.597,491.39,Extinct in the Wild
Tax bill,Amphibia,Passeriformes,1943.545,2736.99,Near Threatened
Professional spend,Aves,Passeriformes,2080.171,627.46,Least Concern
Friend figure,Mammalia,Carnivora,1738.935,2941.62,Near Threatened
Know property,Actinopterygii,Squamata,2555.768,537.91,Vulnerable
Station occur,Amphibia,Primates,4802.537,2368.41,Critically Endangered
Than sense,Mammalia,Squamata,4904.636,773.93,Extinct in the Wild
Agent stop,Aves,Rodentia,3045.757,1194.48,Extinct in the Wild
Own level,Amphibia,Primates,365.984,2603.21,Endangered
Conference sea,Aves,Primates,2312.402,2394.36,Extinct in the Wild
Threat sea,Mammalia,Passeriformes,120.855,249.55,Near Threatened
Cut east,Actinopterygii,Primates,4771.658,2742.85,Extinct in the Wild
Lay rise,Reptilia,Carnivora,3509.514,2526.31,Least Concern
Candidate realize,Mammalia,Squamata,1938.534,1675.47,Critically Endangered
Probably particularly,Actinopterygii,Squamata,3299.57,1813.11,Endangered
What plant,Amphibia,Passeriformes,4242.826,1882.37,Endangered
Special soon,Aves,Anura,4238.942,2192.2,Near Threatened
Leader them,Actinopterygii,Rodentia,986.351,959.58,Extinct in the Wild
Benefit exist,Aves,Rodentia,4819.089,2119.24,Critically Endangered
Team everyone,Mammalia,Carnivora,3768.43,463.94,Vulnerable
Stage less,Actinopterygii,Primates,3604.878,2651.4,Least Concern
Miss clearly,Actinopterygii,Carnivora,338.582,76.19,Vulnerable
Deep onto,Amphibia,Passeriformes,637.591,2607.93,Extinct in the Wild
Site expert,Aves,Carnivora,2703.116,471.38,Critically Endangered
But safe,Reptilia,Primates,1293.84,1051.24,Endangered
Here somebody,Amphibia,Primates,1881.263,670.09,Vulnerable
Level night,Reptilia,Primates,962.088,1395.47,Vulnerable
Safe article,Actinopterygii,Squamata,3726.691,1440.69,Endangered
Particularly get,Mammalia,Rodentia,62.633,2280.17,Endangered
Property arrive,Actinopterygii,Rodentia,4909.333,864.56,Critically Endangered
Affect history,Amphibia,Anura,2321.419,1166.16,Near Threatened
Moment assume,Amphibia,Anura,3960.608,2406.45,Extinct in the Wild
Minute collection,Actinopterygii,Passeriformes,261.533,956.12,Endangered
Debate include,Aves,Squamata,403.77,2643.08,Vulnerable
How where,Aves,Carnivora,4613.706,876.4,Least Concern
Fast not,Mammalia,Squamata,4353.438,2372.15,Vulnerable
Agree whose,Amphibia,Primates,298.971,2257.89,Least Concern
Opportunity specific,Mammalia,Primates,4371.607,784.97,Endangered
Heavy have,Actinopterygii,Squamata,3402.804,473.71,Critically Endangered
Education others,Reptilia,Squamata,3862.511,144.61,Least Concern
Occur dark,Aves,Rodentia,4749.07,866.98,Extinct in the Wild
Past resource,Actinopterygii,Carnivora,1063.819,2607.77,Vulnerable
Often goal,Reptilia,Passeriformes,89.996,2636.5,Extinct in the Wild
Level after,Reptilia,Passeriformes,2064.798,1292.22,Extinct in the Wild
Protect work,Mammalia,Squamata,3193.406,2101.95,Extinct in the Wild
State organization,Mammalia,Anura,4402.578,2850.4,Endangered
Political build,Aves,Anura,1309.586,2208.52,Critically Endangered
Mother organization,Aves,Carnivora,1854.391,1832.09,Least Concern
Well pick,Aves,Passeriformes,1992.405,2767.63,Extinct in the Wild
Near significant,Actinopterygii,Squamata,2967.754,1214.27,Critically Endangered
Hit sort,Amphibia,Carnivora,4393.231,2857.77,Endangered
Everyone president,Reptilia,Rodentia,1366.225,485.67,Vulnerable
Though evidence,Reptilia,Passeriformes,1577.693,1479.84,Endangered
Voice provide,Amphibia,Anura,2825.218,1554.17,Endangered
Hundred machine,Aves,Anura,916.736,790.73,Near Threatened
Draw thousand,Actinopterygii,Rodentia,1792.236,1596.23,Endangered
Build film,Reptilia,Primates,200.169,1274.61,Vulnerable
Conference practice,Mammalia,Squamata,3097.053,1262.19,Least Concern
City appear,Reptilia,Primates,40.879,2056.02,Vulnerable
Sell pull,Mammalia,Squamata,3051.137,2654.73,Vulnerable
Difference culture,Aves,Squamata,1653.409,2209.94,Vulnerable
Appear remain,Reptilia,Anura,2115.01,68.94,Least Concern
Trial executive,Amphibia,Passeriformes,1456.593,913.55,Endangered
Usually add,Reptilia,Rodentia,2546.696,2758.8,Extinct in the Wild
Subject visit,Mammalia,Rodentia,2773.739,2591.43,Critically Endangered
Ten across,Mammalia,Squamata,3152.411,2308.82,Extinct in the Wild
Consumer training,Aves,Primates,3719.696,869.58,Least Concern
Nation collection,Aves,Carnivora,3030.346,2208.55,Near Threatened
Collection its,Amphibia,Passeriformes,1987.203,1422.91,Near Threatened
Policy century,Reptilia,Primates,3691.426,868.32,Endangered
Prepare fall,Mammalia,Squamata,4529.75,1213.64,Least Concern
Inside station,Actinopterygii,Carnivora,2719.047,1131.57,Vulnerable
Beat play,Aves,Primates,2761.379,2683.09,Vulnerable
Culture those,Actinopterygii,Passeriformes,2913.622,2826.33,Extinct in the Wild
Mind head,Reptilia,Anura,453.733,1745.95,Least Concern
Seat see,Amphibia,Anura,4432.798,2427.18,Least Concern
Others visit,Amphibia,Passeriformes,4704.815,2554.76,Endangered
Follow leave,Aves,Passeriformes,3518.335,83.66,Extinct in the Wild
View exist,Actinopterygii,Passeriformes,890.563,1852.49,Extinct in the Wild
Positive another,Aves,Passeriformes,152.053,2207.47,Endangered
Key impact,Amphibia,Anura,1386.239,2595.01,Extinct in the Wild
Lay member,Amphibia,Squamata,3822.966,2885.24,Vulnerable
Call service,Mammalia,Carnivora,2473.861,717.3,Endangered
In however,Mammalia,Squamata,2482.095,1814.04,Endangered
Wish week,Aves,Passeriformes,310.566,2477.75,Extinct in the Wild
Respond indeed,Amphibia,Anura,4610.114,2644.83,Endangered
Coach decade,Amphibia,Rodentia,1265.31,1538.51,Least Concern
East effort,Aves,Anura,4959.923,924.35,Vulnerable
Take continue,Mammalia,Carnivora,292.122,1054.91,Least Concern
Reduce bar,Amphibia,Carnivora,4048.803,2505.2,Least Concern
Position red,Amphibia,Primates,1259.132,1692.91,Least Concern
Tv know,Reptilia,Rodentia,1710.6,1630.66,Extinct in the Wild
Very wait,Actinopterygii,Anura,2273.294,523.78,Critically Endangered
Hold letter,Mammalia,Rodentia,1955.81,706.13,Vulnerable
Individual professional,Mammalia,Squamata,262.303,2158.13,Least Concern
Car road,Amphibia,Squamata,1613.191,1722.52,Near Threatened
Pick mother,Aves,Carnivora,3179.866,1502.71,Extinct in the Wild
Might join,Mammalia,Primates,3200.723,384.42,Endangered
Agency hard,Actinopterygii,Rodentia,2521.887,1630.36,Critically Endangered
Dark ball,Amphibia,Primates,4064.005,2889.06,Endangered
Than indicate,Mammalia,Passeriformes,2663.782,866.58,Critically Endangered
Though ten,Reptilia,Primates,234.25,816.51,Extinct in the Wild
Realize character,Amphibia,Primates,4439.408,2184.69,Least Concern
Maintain help,Actinopterygii,Primates,4610.933,1866.33,Near Threatened
Organization since,Aves,Anura,4646.361,671.21,Extinct in the Wild
Voice develop,Amphibia,Anura,3053.722,75.24,Extinct in the Wild
Wear house,Aves,Squamata,88.045,875.29,Least Concern
Else win,Amphibia,Anura,3052.203,1869.51,Endangered
Ok continue,Actinopterygii,Carnivora,3767.574,917.31,Endangered
Result loss,Reptilia,Squamata,2927.094,2025.13,Vulnerable
Success share,Aves,Anura,4117.528,808.63,Near Threatened
New continue,Actinopterygii,Passeriformes,307.063,2427.47,Extinct in the Wild
Government population,Aves,Carnivora,1235.82,2485.36,Extinct in the Wild
That crime,Actinopterygii,Carnivora,2321.003,2423.82,Least Concern
Prepare test,Mammalia,Primates,3223.979,2060.52,Critically Endangered
While parent,Mammalia,Squamata,2987.281,2462.07,Least Concern
Rest indeed,Mammalia,Anura,2035.972,2415.38,Endangered
Talk write,Actinopterygii,Anura,442.92,2539.14,Near Threatened
Somebody condition,Reptilia,Carnivora,1711.221,46.5,Endangered
Heart never,Reptilia,Passeriformes,612.15,1498.54,Vulnerable
Be any,Aves,Rodentia,1073.711,297.86,Critically Endangered
Way yet,Actinopterygii,Squamata,3390.425,2343.11,Endangered
Market eight,Actinopterygii,Passeriformes,3956.491,714.52,Critically Endangered
Real that,Amphibia,Passeriformes,1635.127,2234.51,Near Threatened
Eat television,Actinopterygii,Anura,2680.065,1895.18,Critically Endangered
Score theory,Aves,Passeriformes,869.143,2354.59,Critically Endangered
During age,Aves,Anura,4074.41,553.47,Vulnerable
Exist everyone,Amphibia,Primates,2411.319,1330.5,Endangered
American law,Mammalia,Squamata,4603.661,1161.92,Vulnerable
Would vote,Reptilia,Rodentia,3019.862,2352.32,Vulnerable
Reach year,Amphibia,Squamata,581.282,2610.24,Critically Endangered
Situation left,Actinopterygii,Carnivora,615.549,2971.44,Near Threatened
While dog,Mammalia,Anura,919.89,664.23,Vulnerable
Mr several,Aves,Primates,3861.358,2398.94,Least Concern
Marriage establish,Mammalia,Rodentia,4841.824,83.64,Near Threatened
Surface again,Amphibia,Squamata,4618.498,1278.59,Near Threatened
Charge we,Aves,Passeriformes,539.644,1624.71,Vulnerable
Can consumer,Aves,Anura,4568.908,1252.71,Extinct in the Wild
Effect general,Mammalia,Rodentia,319.594,655.67,Endangered
Avoid agreement,Amphibia,Passeriformes,4362.843,1991.24,Vulnerable
Red fall,Reptilia,Rodentia,4121.079,1513.08,Near Threatened
Child since,Amphibia,Anura,2943.113,283.2,Near Threatened
Imagine time,Actinopterygii,Carnivora,3132.886,1217.46,Extinct in the Wild
Compare just,Aves,Carnivora,3016.584,2114.99,Least Concern
View move,Reptilia,Primates,748.843,2107.01,Vulnerable
Success since,Reptilia,Carnivora,64.166,2212.14,Vulnerable
Various car,Aves,Rodentia,881.19,659.24,Extinct in the Wild
Serious method,Amphibia,Passeriformes,1644.024,604.37,Vulnerable
The apply,Amphibia,Squamata,2379.065,88.37,Endangered
Big start,Amphibia,Rodentia,2390.978,1671.19,Endangered
White black,Reptilia,Passeriformes,1526.007,1189.42,Endangered
Computer arrive,Aves,Carnivora,4682.327,36.46,Vulnerable
She shoulder,Mammalia,Passeriformes,1782.276,1904.36,Endangered
Red authority,Reptilia,Carnivora,565.401,689.7,Extinct in the Wild
Could tend,Aves,Carnivora,3504.909,2680.11,Least Concern
Around blue,Actinopterygii,Carnivora,1633.158,2113.65,Critically Endangered
Art shake,Reptilia,Passeriformes,1004.72,630.06,Near Threatened
Good PM,Mammalia,Carnivora,2730.739,524.54,Endangered
Sit cut,Mammalia,Anura,555.974,273.66,Endangered
Might hit,Mammalia,Carnivora,3351.7,1478.62,Endangered
Never color,Amphibia,Primates,2843.656,504.08,Extinct in the Wild
Exactly report,Reptilia,Anura,4170.275,1784.89,Extinct in the Wild
National learn,Mammalia,Passeriformes,3118.356,2069.66,Vulnerable
Fish how,Mammalia,Carnivora,2520.668,179.0,Endangered
Say poor,Actinopterygii,Carnivora,17.63,1260.19,Extinct in the Wild
Local apply,Amphibia,Rodentia,108.121,2800.75,Vulnerable
Price help,Mammalia,Squamata,4662.309,1385.89,Vulnerable
Help itself,Mammalia,Primates,3049.198,1942.61,Least Concern
Believe development,Actinopterygii,Anura,4434.224,992.55,Least Concern
Explain present,Mammalia,Carnivora,1415.23,2327.13,Least Concern
Lawyer inside,Reptilia,Passeriformes,1324.387,2854.88,Endangered
Tonight lay,Mammalia,Rodentia,3978.497,240.77,Critically Endangered
Share with,Aves,Carnivora,1511.773,1746.49,Critically Endangered
Me act,Actinopterygii,Primates,3188.99,1746.14,Endangered
Political interview,Mammalia,Passeriformes,2688.783,2666.53,Least Concern
Another environment,Aves,Carnivora,2771.538,552.31,Least Concern
Both affect,Reptilia,Carnivora,1567.866,2849.25,Extinct in the Wild
Seek writer,Mammalia,Rodentia,1726.799,2118.7,Least Concern
This together,Actinopterygii,Primates,1666.535,74.75,Endangered
Laugh man,Actinopterygii,Squamata,2079.35,1214.38,Endangered
Develop boy,Mammalia,Anura,936.943,2310.23,Critically Endangered
Whatever son,Aves,Carnivora,1278.958,256.7,Extinct in the Wild
Strong message,Actinopterygii,Squamata,1424.335,2000.95,Near Threatened
Throw military,Reptilia,Carnivora,2415.854,1364.06,Critically Endangered
Ten only,Reptilia,Squamata,1902.737,598.43,Vulnerable
Table care,Aves,Anura,1880.183,419.2,Critically Endangered
Better lawyer,Aves,Carnivora,587.532,960.62,Near Threatened
Happen station,Aves,Rodentia,19.221,2811.19,Vulnerable
Mention understand,Actinopterygii,Rodentia,2155.734,392.89,Near Threatened
Artist institution,Reptilia,Primates,1902.163,2173.67,Least Concern
Heart product,Aves,Anura,1167.508,869.44,Extinct in the Wild
Manage myself,Aves,Squamata,2829.867,2959.75,Vulnerable
Meeting gun,Mammalia,Rodentia,3003.313,326.58,Vulnerable
Tough morning,Mammalia,Primates,177.314,1457.7,Least Concern
Employee skill,Reptilia,Primates,254.67,523.27,Vulnerable
Seek business,Mammalia,Squamata,4802.521,1195.57,Least Concern
Modern wife,Amphibia,Primates,4094.393,75.26,Least Concern
Call significant,Aves,Anura,4080.823,2901.97,Vulnerable
Class music,Aves,Primates,2030.845,2641.77,Vulnerable
Similar affect,Reptilia,Rodentia,4366.874,349.0,Least Concern
Watch section,Aves,Carnivora,3645.879,541.28,Near Threatened
Spend nature,Actinopterygii,Rodentia,4442.175,31.92,Least Concern
Wonder tend,Mammalia,Passeriformes,4.039,1397.82,Critically Endangered
Get charge,Reptilia,Squamata,1101.569,2975.57,Extinct in the Wild
Night voice,Amphibia,Passeriformes,4763.164,84.96,Vulnerable
Still represent,Reptilia,Anura,47.392,295.17,Extinct in the Wild
Green information,Reptilia,Anura,2233.755,1131.08,Vulnerable
Whose thought,Amphibia,Anura,1324.371,826.79,Near Threatened
Vote around,Reptilia,Anura,1610.436,995.2,Critically Endangered
Candidate science,Actinopterygii,Squamata,4686.531,2558.41,Extinct in the Wild
Fight choose,Mammalia,Rodentia,3631.007,2487.62,Least Concern
Worry sit,Reptilia,Carnivora,3861.498,1107.72,Least Concern
Home behind,Reptilia,Carnivora,4476.383,2107.5,Near Threatened
Deep spring,Amphibia,Passeriformes,753.199,2482.24,Near Threatened
Magazine strategy,Actinopterygii,Carnivora,1140.152,1100.3,Least Concern
Hour nation,Aves,Anura,1694.232,2467.0,Vulnerable
Recent sea,Reptilia,Primates,2360.058,2455.87,Extinct in the Wild
List machine,Actinopterygii,Rodentia,4399.914,52.53,Vulnerable
Garden old,Actinopterygii,Carnivora,4271.357,2220.54,Near Threatened
Debate cup,Mammalia,Passeriformes,1779.33,37.36,Extinct in the Wild
Rest fast,Amphibia,Squamata,2746.738,540.65,Vulnerable
Current way,Actinopterygii,Primates,1175.156,504.55,Critically Endangered
But high,Mammalia,Squamata,3278.747,1824.57,Critically Endangered
Miss artist,Amphibia,Passeriformes,3710.77,1669.77,Critically Endangered
Voice organization,Amphibia,Squamata,4889.1,1412.52,Critically Endangered
Fish individual,Amphibia,Rodentia,1510.487,2107.82,Vulnerable
Decade father,Amphibia,Passeriformes,1097.2,971.14,Near Threatened
Store friend,Amphibia,Primates,4841.591,107.27,Least Concern
Forget current,Reptilia,Rodentia,2788.729,1673.48,Extinct in the Wild
Get image,Actinopterygii,Passeriformes,1263.094,1331.16,Critically Endangered
Loss safe,Amphibia,Rodentia,870.424,1456.24,Least Concern
Hundred power,Mammalia,Anura,4011.324,2721.53,Vulnerable
Rest interesting,Reptilia,Rodentia,908.069,2473.14,Endangered
Third those,Actinopterygii,Primates,3572.637,1495.51,Critically Endangered
Garden maybe,Amphibia,Squamata,4491.443,2638.91,Vulnerable
Possible interview,Mammalia,Primates,724.925,2548.26,Endangered
On traditional,Mammalia,Squamata,713.014,1991.27,Critically Endangered
Specific anything,Amphibia,Primates,1949.23,744.7,Near Threatened
Admit agency,Amphibia,Anura,571.722,641.78,Critically Endangered
Individual help,Reptilia,Primates,515.737,2978.79,Near Threatened
Nearly tough,Mammalia,Carnivora,1244.095,886.61,Vulnerable
Form town,Amphibia,Carnivora,4024.25,2575.2,Near Threatened
Evening young,Aves,Carnivora,2471.518,997.85,Least Concern
Knowledge law,Actinopterygii,Squamata,236.814,44.89,Vulnerable
Those million,Reptilia,Anura,4044.046,2147.07,Endangered
Environmental voice,Reptilia,Squamata,2244.807,2996.29,Vulnerable
Around practice,Amphibia,Passeriformes,1860.464,2488.94,Extinct in the Wild
Interview attack,Mammalia,Primates,4782.133,2710.15,Critically Endangered
Effect ever,Amphibia,Carnivora,625.931,2051.12,Critically Endangered
Change area,Aves,Carnivora,4799.682,759.45,Critically Endangered
Much social,Reptilia,Primates,4841.58,2289.84,Critically Endangered
Develop condition,Reptilia,Carnivora,132.675,2430.77,Extinct in the Wild
Since girl,Mammalia,Anura,4136.783,1510.74,Near Threatened
Place same,Mammalia,Primates,2486.41,1853.93,Endangered
Shake present,Actinopterygii,Primates,534.079,954.41,Endangered
Month society,Actinopterygii,Carnivora,2690.46,1615.68,Extinct in the Wild
Town once,Amphibia,Anura,4427.881,352.49,Extinct in the Wild
Offer with,Amphibia,Rodentia,2597.98,948.71,Near Threatened
Leg impact,Reptilia,Primates,3443.413,2598.15,Extinct in the Wild
Yet author,Aves,Carnivora,1352.495,2208.91,Near Threatened
Reduce three,Amphibia,Primates,2663.559,1194.46,Critically Endangered
Arm as,Actinopterygii,Squamata,2645.583,1717.7,Critically Endangered
Result type,Aves,Passeriformes,1886.472,484.45,Near Threatened
Sound sometimes,Reptilia,Primates,4463.769,1376.82,Critically Endangered
Miss action,Aves,Squamata,268.911,1089.96,Endangered
Card parent,Amphibia,Anura,4202.862,2317.21,Near Threatened
American cup,Aves,Carnivora,2607.002,1873.94,Critically Endangered
Local always,Amphibia,Passeriformes,3853.62,2239.99,Vulnerable
Despite pattern,Mammalia,Anura,4655.921,2621.41,Critically Endangered
To hear,Aves,Primates,3144.872,1684.41,Vulnerable
Group watch,Reptilia,Rodentia,2844.468,1328.71,Extinct in the Wild
Common side,Mammalia,Passeriformes,4782.526,820.28,Vulnerable
Explain never,Actinopterygii,Passeriformes,3809.138,1634.85,Endangered
Church list,Reptilia,Anura,4730.26,403.44,Extinct in the Wild
Base head,Mammalia,Rodentia,3910.941,595.0,Endangered
Rest at,Actinopterygii,Passeriformes,2997.809,2416.69,Vulnerable
Impact small,Amphibia,Squamata,2947.707,2836.1,Vulnerable
Add day,Mammalia,Anura,2069.923,2464.75,Least Concern
Coach use,Mammalia,Anura,4586.943,582.01,Near Threatened
Since late,Amphibia,Carnivora,989.547,1739.95,Critically Endangered
Successful who,Reptilia,Carnivora,2250.918,1590.79,Least Concern
Attack himself,Reptilia,Anura,4681.785,924.25,Endangered
Operation pick,Mammalia,Squamata,1689.602,2760.53,Endangered
Game room,Reptilia,Carnivora,4731.93,1910.62,Vulnerable
Current notice,Mammalia,Passeriformes,3479.712,1384.22,Critically Endangered
Like power,Aves,Passeriformes,1228.176,1754.35,Near Threatened
Husband commercial,Amphibia,Anura,3672.732,619.33,Near Threatened
Personal wait,Actinopterygii,Rodentia,91.333,907.91,Critically Endangered
Development beat,Amphibia,Primates,3932.269,1455.8,Endangered
Recognize couple,Amphibia,Squamata,4944.638,744.29,Near Threatened
Appear water,Reptilia,Rodentia,104.01,420.84,Least Concern
Member point,Mammalia,Rodentia,1234.953,2671.78,Near Threatened
President maybe,Reptilia,Passeriformes,234.625,2491.37,Vulnerable
Artist outside,Reptilia,Primates,2875.379,2361.31,Critically Endangered
About too,Amphibia,Rodentia,2142.62,498.28,Critically Endangered
Best despite,Mammalia,Passeriformes,895.308,2605.84,Least Concern
High girl,Mammalia,Passeriformes,2652.051,772.3,Near Threatened
Task tonight,Mammalia,Passeriformes,3660.659,1407.06,Critically Endangered
Dinner soon,Amphibia,Anura,3418.535,2377.63,Extinct in the Wild
Cover truth,Actinopterygii,Carnivora,3936.106,24.21,Least Concern
Reach tonight,Reptilia,Carnivora,4310.633,21.2,Endangered
Human record,Actinopterygii,Anura,3710.591,749.93,Near Threatened
Understand your,Reptilia,Carnivora,3267.766,2378.52,Critically Endangered
Inside newspaper,Aves,Squamata,4029.258,900.69,Endangered
Administration particular,Amphibia,Passeriformes,558.923,2868.41,Near Threatened
Design financial,Aves,Passeriformes,1577.39,2472.44,Near Threatened
Place election,Reptilia,Primates,3724.038,274.18,Vulnerable
Whatever keep,Mammalia,Passeriformes,727.791,1229.26,Endangered
Bring contain,Actinopterygii,Squamata,4892.37,1214.13,Extinct in the Wild
Prepare behind,Aves,Squamata,2032.551,1750.4,Least Concern
Democratic oil,Reptilia,Primates,2048.064,1599.96,Endangered
Measure work,Aves,Squamata,1729.545,282.21,Vulnerable
Ahead money,Mammalia,Anura,1759.296,612.59,Extinct in the Wild
Cause relationship,Actinopterygii,Squamata,3032.347,2253.98,Endangered
Newspaper trade,Reptilia,Squamata,121.462,1521.85,Critically Endangered
Respond high,Reptilia,Rodentia,1864.446,2063.68,Vulnerable
Everyone interview,Reptilia,Squamata,31.633,1330.25,Extinct in the Wild
Yet through,Reptilia,Squamata,2448.956,580.01,Endangered
College form,Reptilia,Anura,53.726,2252.6,Extinct in the Wild
Put scientist,Amphibia,Anura,1706.581,2505.49,Endangered
Research bit,Reptilia,Passeriformes,3053.394,691.38,Least Concern
Record cover,Aves,Passeriformes,2784.72,52.21,Vulnerable
Occur visit,Actinopterygii,Squamata,3142.254,584.64,Endangered
Then visit,Mammalia,Primates,4921.58,2734.09,Vulnerable
Owner lead,Actinopterygii,Primates,3490.944,2091.51,Least Concern
Administration decade,Mammalia,Squamata,1216.63,15.38,Extinct in the Wild
Ready affect,Actinopterygii,Passeriformes,4092.069,2329.02,Near Threatened
Dinner indicate,Actinopterygii,Squamata,3216.25,480.79,Near Threatened
Standard level,Actinopterygii,Squamata,2378.284,2560.19,Extinct in the Wild
Allow this,Reptilia,Carnivora,3616.841,571.43,Endangered
Foreign anything,Reptilia,Carnivora,3297.912,2533.47,Critically Endangered
Kid decide,Aves,Rodentia,133.102,1748.73,Endangered
Democrat then,Reptilia,Squamata,3614.457,2748.44,Critically Endangered
Friend stuff,Reptilia,Anura,309.221,2041.55,Near Threatened
Then character,Reptilia,Rodentia,1744.331,2782.54,Extinct in the Wild
First whose,Mammalia,Squamata,4782.372,2389.3,Endangered
Traditional of,Actinopterygii,Anura,3858.924,1160.0,Critically Endangered
Arrive speak,Amphibia,Carnivora,3916.631,259.17,Vulnerable
Window president,Reptilia,Anura,1236.136,2584.73,Endangered
Administration use,Reptilia,Primates,2181.769,74.41,Critically Endangered
Environmental great,Actinopterygii,Squamata,3413.008,396.09,Critically Endangered
News fast,Amphibia,Passeriformes,253.607,2081.24,Critically Endangered
Force raise,Amphibia,Squamata,2728.354,182.14,Critically Endangered
Heart rather,Aves,Passeriformes,2235.69,526.52,Vulnerable
Of improve,Aves,Anura,3974.884,288.25,Critically Endangered
Necessary political,Actinopterygii,Passeriformes,4286.463,2030.05,Extinct in the Wild
Energy hotel,Actinopterygii,Primates,1132.992,1766.49,Extinct in the Wild
Leave less,Actinopterygii,Carnivora,4317.456,544.54,Extinct in the Wild
Lead sell,Mammalia,Anura,1622.305,836.37,Extinct in the Wild
Including air,Actinopterygii,Passeriformes,2533.779,174.87,Least Concern
Meeting kind,Reptilia,Passeriformes,1104.588,1224.88,Extinct in the Wild
Garden throw,Amphibia,Anura,1276.727,2204.53,Critically Endangered
Result value,Mammalia,Squamata,3286.674,844.87,Least Concern
Course resource,Actinopterygii,Rodentia,578.069,2619.85,Vulnerable
Recognize avoid,Actinopterygii,Primates,1347.496,1000.59,Critically Endangered
Themselves relate,Actinopterygii,Rodentia,4321.224,2171.73,Vulnerable
Resource game,Actinopterygii,Passeriformes,2509.588,375.31,Near Threatened
Black decide,Mammalia,Rodentia,28.171,2793.22,Endangered
Someone account,Actinopterygii,Carnivora,4953.988,1061.9,Vulnerable
As business,Mammalia,Primates,1096.233,787.93,Near Threatened
Company but,Mammalia,Squamata,60.976,369.08,Least Concern
View plant,Amphibia,Carnivora,3009.081,2490.03,Near Threatened
Bag particularly,Mammalia,Primates,4731.122,386.72,Near Threatened
Thus less,Mammalia,Passeriformes,870.725,108.42,Endangered
Often both,Aves,Anura,308.104,2464.19,Vulnerable
Whole strategy,Mammalia,Squamata,2331.657,121.06,Near Threatened
Realize institution,Amphibia,Passeriformes,4535.118,2423.04,Endangered
Pattern street,Amphibia,Primates,1959.762,2177.76,Vulnerable
Customer late,Mammalia,Anura,4953.277,2116.09,Critically Endangered
Teach Mr,Aves,Squamata,2388.802,2880.23,Extinct in the Wild
Decide view,Actinopterygii,Primates,3257.808,1719.96,Endangered
Drop reflect,Aves,Passeriformes,1970.135,534.8,Critically Endangered
Computer far,Amphibia,Anura,2224.476,391.82,Vulnerable
Still cultural,Amphibia,Carnivora,743.956,2382.92,Near Threatened
Tend culture,Reptilia,Rodentia,1989.618,1347.89,Extinct in the Wild
Hair cause,Amphibia,Anura,2705.874,531.64,Vulnerable
Bring poor,Mammalia,Passeriformes,3013.439,1229.49,Near Threatened
Painting bank,Mammalia,Squamata,1228.659,2881.53,Vulnerable
Position various,Aves,Passeriformes,371.81,1474.44,Vulnerable
Yourself bit,Reptilia,Carnivora,4904.299,840.33,Critically Endangered
Without here,Actinopterygii,Passeriformes,466.342,2656.13,Least Concern
Upon street,Actinopterygii,Primates,2177.806,1618.87,Least Concern
Fear however,Mammalia,Rodentia,4704.762,1860.2,Critically Endangered
Improve human,Reptilia,Anura,3740.463,2729.08,Endangered
True condition,Reptilia,Carnivora,3539.293,768.06,Vulnerable
If difficult,Reptilia,Primates,1827.387,1878.64,Endangered
Glass care,Mammalia,Carnivora,3427.972,252.08,Endangered
Suddenly anything,Aves,Squamata,3187.852,2682.29,Extinct in the Wild
Relate paper,Amphibia,Primates,3975.545,937.59,Endangered
Point current,Amphibia,Primates,4951.525,820.44,Near Threatened
Condition society,Reptilia,Carnivora,2182.488,1951.37,Extinct in the Wild
Himself hear,Actinopterygii,Carnivora,921.411,2998.4,Endangered
Live ready,Amphibia,Squamata,3634.368,2657.18,Least Concern
Far peace,Actinopterygii,Anura,2502.124,1019.19,Critically Endangered
Memory herself,Amphibia,Anura,3490.115,2978.99,Near Threatened
Save too,Mammalia,Primates,817.054,1703.44,Near Threatened
Onto product,Amphibia,Squamata,2105.588,2665.37,Least Concern
Hotel establish,Actinopterygii,Primates,859.698,42.39,Extinct in the Wild
Lose sometimes,Actinopterygii,Squamata,3951.576,2173.27,Vulnerable
Company policy,Actinopterygii,Rodentia,1601.64,442.78,Extinct in the Wild
Big say,Actinopterygii,Rodentia,3999.883,1842.88,Near Threatened
Opportunity determine,Actinopterygii,Primates,602.219,227.02,Endangered
Method above,Actinopterygii,Rodentia,3749.196,2783.05,Extinct in the Wild
White expect,Actinopterygii,Carnivora,53.742,2832.52,Endangered
Party story,Actinopterygii,Squamata,488.309,2956.85,Endangered
Image available,Mammalia,Primates,829.111,402.6,Near Threatened
Occur during,Reptilia,Anura,2193.498,648.18,Vulnerable
Large development,Reptilia,Passeriformes,649.716,1883.06,Extinct in the Wild
Ever letter,Amphibia,Primates,2801.141,1939.2,Least Concern
Point sometimes,Mammalia,Anura,1898.053,2853.57,Extinct in the Wild
Shake meet,Mammalia,Squamata,3763.117,2316.67,Endangered
Budget son,Mammalia,Passeriformes,80.909,389.9,Endangered
Report management,Actinopterygii,Rodentia,4282.674,1439.37,Least Concern
When tend,Reptilia,Squamata,1514.139,1336.92,Endangered
Line her,Mammalia,Passeriformes,4572.687,320.15,Extinct in the Wild
Green stop,Reptilia,Rodentia,446.032,2071.46,Vulnerable
International learn,Mammalia,Rodentia,2124.39,504.27,Critically Endangered
Number language,Actinopterygii,Carnivora,508.369,2243.52,Vulnerable
Somebody walk,Amphibia,Carnivora,2247.85,650.07,Extinct in the Wild
Main beat,Aves,Passeriformes,2759.845,2682.24,Extinct in the Wild
Center think,Aves,Anura,478.618,1432.35,Near Threatened
Hand product,Amphibia,Rodentia,2850.654,2402.99,Endangered
Would act,Reptilia,Squamata,1292.46,1592.08,Critically Endangered
Alone great,Amphibia,Primates,4598.522,1552.06,Near Threatened
Mr room,Reptilia,Carnivora,1269.114,1671.8,Vulnerable
Along whom,Actinopterygii,Carnivora,3753.224,2215.67,Endangered
Public mother,Mammalia,Rodentia,2299.296,2156.84,Near Threatened
Enough process,Actinopterygii,Squamata,2542.564,2761.26,Extinct in the Wild
Cultural no,Aves,Squamata,229.972,4.76,Extinct in the Wild
Protect article,Actinopterygii,Squamata,1029.058,1471.91,Endangered
Relationship fish,Aves,Primates,1716.221,2070.12,Near Threatened
We present,Mammalia,Anura,159.425,1904.73,Least Concern
Amount me,Reptilia,Rodentia,425.967,1478.04,Vulnerable
Question them,Reptilia,Anura,2491.385,1470.42,Near Threatened
Other take,Mammalia,Rodentia,2687.995,1511.03,Near Threatened
Moment fill,Aves,Squamata,2921.072,397.92,Endangered
Win purpose,Reptilia,Carnivora,4110.41,803.62,Critically Endangered
Else game,Mammalia,Anura,559.918,2318.1,Critically Endangered
Reality side,Aves,Squamata,2952.607,1738.38,Critically Endangered
Win imagine,Mammalia,Squamata,145.483,719.49,Extinct in the Wild
Meeting center,Mammalia,Rodentia,1894.887,281.71,Endangered
Perform compare,Reptilia,Carnivora,4679.176,758.49,Near Threatened
Contain lay,Aves,Squamata,4008.972,456.85,Least Concern
Majority drop,Amphibia,Anura,2230.194,1668.31,Near Threatened
Social voice,Mammalia,Anura,2875.235,474.81,Least Concern
Save training,Amphibia,Anura,3875.395,1130.51,Near Threatened
Own ground,Actinopterygii,Primates,1278.753,1468.01,Extinct in the Wild
Eight yeah,Reptilia,Rodentia,2345.041,2470.65,Near Threatened
Interview live,Reptilia,Anura,1820.544,2060.02,Extinct in the Wild
Ball deal,Reptilia,Carnivora,1635.919,1232.03,Critically Endangered
Often account,Amphibia,Rodentia,472.953,2921.0,Near Threatened
Age ready,Mammalia,Carnivora,3034.618,2132.24,Near Threatened
Mrs know,Amphibia,Rodentia,4796.186,2645.98,Critically Endangered
Relationship say,Actinopterygii,Squamata,2863.464,972.66,Extinct in the Wild
Bit notice,Actinopterygii,Carnivora,2829.397,1311.61,Least Concern
New paper,Actinopterygii,Passeriformes,239.268,1422.09,Vulnerable
Reflect model,Aves,Passeriformes,2757.377,2511.26,Endangered
Candidate child,Reptilia,Primates,744.806,1467.2,Critically Endangered
Box fear,Aves,Rodentia,3060.532,1541.09,Critically Endangered
Natural deep,Reptilia,Primates,1691.912,1063.18,Vulnerable
Protect save,Actinopterygii,Carnivora,3928.443,2671.07,Endangered
Standard rock,Actinopterygii,Passeriformes,3107.699,1254.58,Near Threatened
Simply loss,Amphibia,Carnivora,4380.902,2449.01,Extinct in the Wild
Begin eight,Aves,Squamata,1110.745,2006.17,Near Threatened
Degree over,Actinopterygii,Rodentia,1146.857,2051.52,Vulnerable
Sound will,Amphibia,Carnivora,3293.789,794.77,Least Concern
Director paper,Actinopterygii,Squamata,4269.825,787.72,Near Threatened
Service common,Amphibia,Passeriformes,2916.646,630.52,Endangered
Someone player,Actinopterygii,Passeriformes,4445.722,547.28,Near Threatened
Kid traditional,Actinopterygii,Rodentia,4108.394,513.6,Critically Endangered
Radio prepare,Actinopterygii,Anura,3982.744,2422.97,Near Threatened
Administration voice,Actinopterygii,Rodentia,1860.589,2029.02,Vulnerable
Type low,Reptilia,Rodentia,729.484,1244.09,Near Threatened
Crime conference,Amphibia,Primates,1929.095,2940.49,Near Threatened
By scene,Amphibia,Primates,2099.585,1309.04,Extinct in the Wild
May hospital,Actinopterygii,Rodentia,131.771,822.05,Least Concern
Less under,Mammalia,Anura,4702.619,1683.1,Critically Endangered
Try less,Amphibia,Primates,3511.073,157.54,Least Concern
Book today,Aves,Squamata,3910.015,353.26,Least Concern
Young suddenly,Aves,Squamata,1935.625,917.37,Vulnerable
Themselves spend,Reptilia,Squamata,1404.585,977.89,Near Threatened
Manage stay,Amphibia,Anura,4440.589,876.86,Near Threatened
Create leader,Mammalia,Passeriformes,1657.416,842.98,Vulnerable
Evening star,Reptilia,Carnivora,1222.175,2102.31,Near Threatened
Reach whatever,Reptilia,Rodentia,4530.832,2528.24,Least Concern
But plan,Amphibia,Carnivora,4347.927,1102.99,Critically Endangered
How fill,Amphibia,Passeriformes,3878.745,611.86,Near Threatened
Arrive financial,Reptilia,Rodentia,2646.751,1097.63,Near Threatened
Body material,Actinopterygii,Passeriformes,2376.182,859.92,Near Threatened
During treat,Mammalia,Squamata,4605.194,512.42,Vulnerable
Drug age,Actinopterygii,Rodentia,2754.149,2442.24,Endangered
Difficult professor,Actinopterygii,Squamata,4573.03,982.15,Extinct in the Wild
Leg heart,Aves,Squamata,657.09,1598.81,Critically Endangered
Resource raise,Reptilia,Passeriformes,4735.814,2331.45,Critically Endangered
Long right,Amphibia,Carnivora,4657.701,1655.29,Extinct in the Wild
National speech,Amphibia,Squamata,883.575,1926.76,Vulnerable
Ground region,Mammalia,Squamata,722.681,102.66,Vulnerable
Voice center,Amphibia,Rodentia,2483.211,1639.44,Least Concern
Statement require,Mammalia,Primates,2347.707,2909.24,Least Concern
Short woman,Reptilia,Passeriformes,3515.809,1785.22,Least Concern
Candidate wife,Aves,Primates,2343.29,1977.45,Extinct in the Wild
Watch it,Amphibia,Primates,552.178,1006.65,Critically Endangered
Center institution,Aves,Anura,2775.712,2441.36,Extinct in the Wild
Society attack,Aves,Carnivora,2299.405,1784.83,Critically Endangered
Past morning,Aves,Squamata,427.733,672.9,Endangered
Travel fire,Actinopterygii,Carnivora,4130.075,1279.38,Endangered
Detail reason,Actinopterygii,Passeriformes,608.968,2126.99,Critically Endangered
Gun recognize,Amphibia,Carnivora,690.279,2492.07,Least Concern
Today expect,Amphibia,Passeriformes,4946.487,1408.79,Vulnerable
Increase discussion,Amphibia,Primates,2023.139,760.1,Endangered
Mission than,Amphibia,Primates,3561.3,2353.37,Near Threatened
Majority growth,Mammalia,Primates,4147.372,408.58,Critically Endangered
Then goal,Reptilia,Carnivora,2740.466,2829.8,Extinct in the Wild
Person current,Amphibia,Squamata,2244.155,1753.36,Least Concern
Social onto,Amphibia,Anura,3676.149,2479.81,Endangered
Husband body,Actinopterygii,Passeriformes,4888.534,861.2,Near Threatened
Congress spring,Aves,Rodentia,1966.981,415.65,Near Threatened
Growth any,Aves,Carnivora,1861.687,2434.63,Vulnerable
Wrong attack,Amphibia,Primates,389.001,662.3,Near Threatened
Financial training,Mammalia,Carnivora,1646.145,1219.08,Near Threatened
Sea reflect,Amphibia,Rodentia,72.581,2926.74,Critically Endangered
Interest big,Mammalia,Squamata,4017.225,2155.75,Endangered
Away black,Reptilia,Passeriformes,4678.733,806.44,Extinct in the Wild
Together find,Actinopterygii,Squamata,1442.787,1303.67,Critically Endangered
Everybody school,Mammalia,Anura,4888.145,141.76,Near Threatened
Laugh chair,Mammalia,Squamata,4086.426,461.72,Least Concern
Loss feel,Actinopterygii,Squamata,2815.693,1413.47,Least Concern
Group walk,Amphibia,Passeriformes,62.353,1333.16,Extinct in the Wild
Green life,Reptilia,Passeriformes,1045.678,1268.17,Vulnerable
Full itself,Actinopterygii,Squamata,2256.324,1603.88,Vulnerable
Along follow,Aves,Rodentia,4865.045,2425.14,Extinct in the Wild
Bring later,Mammalia,Carnivora,4663.705,2268.73,Extinct in the Wild
Pressure ready,Reptilia,Primates,2576.889,1508.37,Endangered
Go south,Aves,Passeriformes,251.2,1487.32,Extinct in the Wild
Analysis drug,Actinopterygii,Anura,4212.236,535.42,Endangered
Address far,Amphibia,Anura,2737.801,903.03,Near Threatened
Move sport,Mammalia,Rodentia,2060.272,700.57,Near Threatened
Side green,Actinopterygii,Rodentia,230.371,2347.67,Near Threatened
Hospital prevent,Reptilia,Passeriformes,3364.825,1648.11,Extinct in the Wild
But subject,Mammalia,Passeriformes,4619.262,1129.76,Critically Endangered
Anything sing,Amphibia,Carnivora,2588.575,229.25,Critically Endangered
Lay success,Aves,Rodentia,2191.334,1127.5,Least Concern
You tax,Aves,Anura,4067.61,1446.0,Critically Endangered
National provide,Aves,Passeriformes,292.966,2343.22,Least Concern
Message myself,Reptilia,Passeriformes,3770.972,2201.38,Vulnerable
Fish rule,Mammalia,Squamata,66.885,1541.05,Least Concern
Take wrong,Reptilia,Carnivora,400.243,2083.33,Critically Endangered
Write painting,Aves,Primates,4895.184,1067.01,Critically Endangered
Cause ever,Mammalia,Rodentia,2509.614,2087.12,Endangered
Quickly moment,Reptilia,Primates,2891.373,1936.4,Endangered
Summer spend,Reptilia,Rodentia,475.27,2936.95,Least Concern
Reveal something,Amphibia,Squamata,2777.539,1882.52,Least Concern
Laugh charge,Mammalia,Primates,1856.867,2181.02,Endangered
New message,Actinopterygii,Anura,4806.062,776.42,Near Threatened
Notice prevent,Mammalia,Primates,4506.085,861.09,Extinct in the Wild
Chair year,Mammalia,Squamata,2569.845,1705.0,Near Threatened
Maintain though,Aves,Anura,1277.85,1305.6,Least Concern
Yet go,Aves,Rodentia,3428.236,2037.47,Least Concern
Poor group,Amphibia,Passeriformes,2353.68,1383.43,Least Concern
Herself couple,Reptilia,Anura,4787.69,867.35,Near Threatened
Month product,Amphibia,Passeriformes,167.796,1319.58,Endangered
Only another,Aves,Primates,3085.359,9.43,Extinct in the Wild
Raise per,Actinopterygii,Squamata,1292.757,260.63,Near Threatened
Space state,Mammalia,Squamata,2951.283,2529.42,Critically Endangered
Somebody pull,Aves,Rodentia,1496.377,1824.08,Vulnerable
Ball anyone,Reptilia,Carnivora,1359.044,1673.28,Vulnerable
View sign,Actinopterygii,Squamata,592.074,2878.02,Least Concern
Major customer,Amphibia,Primates,59.125,786.94,Extinct in the Wild
Stay expert,Mammalia,Primates,1717.336,1931.69,Critically Endangered
Per maintain,Actinopterygii,Squamata,1986.961,732.69,Critically Endangered
Drive floor,Amphibia,Rodentia,2001.33,890.8,Least Concern
Them now,Amphibia,Passeriformes,4114.931,1500.13,Extinct in the Wild
Good candidate,Mammalia,Primates,1141.609,387.63,Endangered
Energy during,Actinopterygii,Primates,4992.314,2191.03,Least Concern
Example source,Reptilia,Anura,788.031,2117.87,Least Concern
Position skill,Aves,Primates,1137.289,2832.22,Endangered
Plan sit,Amphibia,Passeriformes,1773.741,2278.22,Critically Endangered
Seven ball,Reptilia,Carnivora,211.753,251.86,Vulnerable
Line event,Aves,Passeriformes,402.752,950.52,Extinct in the Wild
Above window,Reptilia,Squamata,1016.323,1449.72,Least Concern
Move pull,Aves,Carnivora,4225.046,2635.53,Critically Endangered
Note improve,Aves,Anura,3923.305,1366.12,Least Concern
House exist,Amphibia,Squamata,4043.433,2208.9,Critically Endangered
Agency word,Mammalia,Squamata,707.017,324.3,Least Concern
Since fish,Reptilia,Carnivora,2072.402,246.3,Endangered
Though child,Aves,Passeriformes,4111.795,2073.85,Least Concern
Book information,Reptilia,Passeriformes,2958.632,380.22,Near Threatened
How campaign,Actinopterygii,Rodentia,648.391,1734.62,Vulnerable
Sea especially,Amphibia,Squamata,4403.322,1032.56,Endangered
Might bar,Aves,Anura,1641.165,1107.46,Extinct in the Wild
At attorney,Reptilia,Carnivora,2378.792,752.49,Least Concern
Per word,Amphibia,Carnivora,2116.019,1483.17,Near Threatened
Situation figure,Mammalia,Rodentia,194.349,454.57,Extinct in the Wild
Art time,Mammalia,Passeriformes,1246.593,1166.89,Critically Endangered
Provide fact,Reptilia,Squamata,1439.088,1072.98,Critically Endangered
Scientist marriage,Actinopterygii,Passeriformes,1944.81,1353.88,Endangered
Industry picture,Mammalia,Carnivora,452.478,2344.56,Critically Endangered
Bit go,Reptilia,Carnivora,948.128,2335.71,Endangered
Pattern most,Amphibia,Primates,4986.507,2884.58,Near Threatened
Continue property,Amphibia,Anura,1967.81,969.63,Near Threatened
Population radio,Mammalia,Primates,43.743,930.63,Endangered
Decision cause,Actinopterygii,Squamata,423.328,831.59,Extinct in the Wild
Difficult mind,Amphibia,Anura,2369.74,1046.23,Vulnerable
Travel prepare,Mammalia,Rodentia,3066.466,2026.73,Least Concern
If agreement,Mammalia,Passeriformes,4937.845,884.05,Least Concern
Firm trial,Actinopterygii,Anura,3803.757,1731.05,Vulnerable
Way idea,Mammalia,Passeriformes,2263.513,936.09,Endangered
Capital option,Amphibia,Squamata,3285.852,32.05,Vulnerable
Occur number,Amphibia,Carnivora,2966.261,2705.09,Extinct in the Wild
Much among,Aves,Passeriformes,3280.001,295.18,Near Threatened
Available other,Reptilia,Passeriformes,2379.074,1637.98,Near Threatened
Doctor next,Reptilia,Primates,262.666,1939.31,Least Concern
Market sea,Reptilia,Carnivora,3641.096,2581.43,Endangered
Spend purpose,Amphibia,Carnivora,3380.8,1676.74,Vulnerable
Mr then,Mammalia,Anura,4291.441,2607.52,Endangered
Actually boy,Mammalia,Anura,162.678,2617.74,Least Concern
Let start,Mammalia,Carnivora,4106.263,978.73,Endangered
Audience opportunity,Amphibia,Carnivora,1546.944,82.62,Critically Endangered
Need forward,Actinopterygii,Passeriformes,274.636,43.71,Extinct in the Wild
Take TV,Actinopterygii,Anura,1327.762,2384.07,Extinct in the Wild
Memory quality,Reptilia,Rodentia,1549.468,2019.76,Extinct in the Wild
This strategy,Mammalia,Primates,4638.357,2706.51,Near Threatened
Law start,Aves,Passeriformes,3776.189,1294.76,Extinct in the Wild
Nation gun,Aves,Anura,1142.663,2715.39,Vulnerable
A fly,Mammalia,Primates,2619.431,2992.14,Extinct in the Wild
Inside upon,Reptilia,Rodentia,1835.073,2364.3,Endangered
Leader such,Mammalia,Passeriformes,1999.282,324.1,Extinct in the Wild
Level produce,Reptilia,Rodentia,2384.646,1892.14,Extinct in the Wild
And lead,Mammalia,Passeriformes,1000.533,1756.07,Least Concern
Suggest arrive,Reptilia,Carnivora,3423.865,1908.77,Vulnerable
Skin nice,Mammalia,Squamata,899.777,1943.22,Least Concern
Hotel state,Amphibia,Rodentia,2553.726,1404.63,Endangered
Knowledge employee,Mammalia,Anura,4375.863,2262.49,Vulnerable
Cover music,Amphibia,Carnivora,750.507,269.83,Near Threatened
Determine shake,Aves,Primates,55.372,2792.24,Vulnerable
Thus poor,Aves,Passeriformes,3304.979,1581.57,Critically Endangered
Simply level,Actinopterygii,Rodentia,1921.01,235.39,Near Threatened
Front board,Reptilia,Anura,2733.855,1558.14,Near Threatened
Guess recognize,Mammalia,Squamata,4276.9,2789.49,Least Concern
Build able,Reptilia,Anura,1196.982,1224.51,Near Threatened
Land degree,Mammalia,Carnivora,1857.59,678.75,Least Concern
Bill laugh,Reptilia,Rodentia,3714.947,1927.37,Endangered
Store option,Aves,Primates,739.626,1218.1,Near Threatened
Pattern some,Mammalia,Rodentia,2258.28,618.76,Least Concern
Up lose,Aves,Carnivora,4473.133,679.86,Vulnerable
Play bring,Amphibia,Rodentia,1283.548,163.68,Critically Endangered
View staff,Reptilia,Passeriformes,2969.487,1500.5,Near Threatened
President fine,Amphibia,Primates,3751.32,98.09,Critically Endangered
Page church,Actinopterygii,Squamata,3017.367,498.45,Critically Endangered
Group court,Aves,Squamata,879.824,383.37,Endangered
Quickly public,Aves,Passeriformes,4788.021,323.82,Endangered
Out knowledge,Aves,Primates,209.812,382.38,Least Concern
Exactly song,Aves,Rodentia,1184.35,1173.72,Vulnerable
Control few,Mammalia,Primates,1015.855,1039.88,Extinct in the Wild
Own ok,Aves,Primates,3544.721,2541.65,Critically Endangered
Hotel truth,Aves,Squamata,987.271,2338.94,Critically Endangered
Ask sure,Aves,Anura,3954.877,1986.15,Extinct in the Wild
Long activity,Actinopterygii,Anura,3392.051,2165.72,Near Threatened
Customer argue,Mammalia,Rodentia,6.173,72.87,Least Concern
Reason happen,Aves,Squamata,1592.548,38.62,Critically Endangered
Suddenly her,Amphibia,Rodentia,4505.781,2235.67,Extinct in the Wild
Type cause,Reptilia,Primates,3002.911,1190.4,Extinct in the Wild
Area financial,Mammalia,Squamata,322.062,1750.15,Near Threatened
Once beautiful,Reptilia,Rodentia,2257.449,1827.66,Least Concern
Enjoy admit,Mammalia,Passeriformes,1511.979,1037.02,Vulnerable
Development work,Amphibia,Squamata,2163.799,731.47,Critically Endangered
Travel woman,Aves,Rodentia,1107.968,416.14,Critically Endangered
Visit business,Actinopterygii,Carnivora,671.009,1913.25,Critically Endangered
Science everything,Actinopterygii,Anura,4716.246,844.0,Near Threatened
Ground several,Actinopterygii,Rodentia,4617.127,2247.14,Critically Endangered
In mention,Aves,Rodentia,4335.712,1888.18,Critically Endangered
Life sea,Actinopterygii,Passeriformes,3299.218,2178.57,Endangered
Our it,Reptilia,Squamata,334.678,2936.84,Extinct in the Wild
Should different,Actinopterygii,Rodentia,3897.179,771.52,Endangered
Month church,Reptilia,Anura,2869.861,1590.61,Critically Endangered
West customer,Amphibia,Squamata,4003.917,672.46,Near Threatened
It under,Actinopterygii,Anura,4332.945,1952.44,Endangered
Wide beat,Aves,Passeriformes,1446.704,835.16,Vulnerable
Machine director,Aves,Primates,1543.722,2273.44,Near Threatened
Each today,Amphibia,Rodentia,4928.786,2419.34,Endangered
Mind near,Mammalia,Rodentia,1899.021,1824.85,Vulnerable
Data skill,Mammalia,Squamata,1991.617,2149.96,Endangered
Child grow,Aves,Primates,3829.103,1691.9,Vulnerable
Message fire,Amphibia,Primates,546.797,2927.35,Near Threatened
Real return,Mammalia,Squamata,697.759,1968.99,Least Concern
College order,Actinopterygii,Passeriformes,1454.962,57.76,Near Threatened
Measure national,Reptilia,Passeriformes,2964.279,1437.26,Near Threatened
Crime reduce,Mammalia,Squamata,479.822,2975.21,Endangered
Information when,Reptilia,Carnivora,9.14,431.25,Least Concern
Manager good,Aves,Squamata,4441.73,2157.3,Critically Endangered
All suffer,Aves,Primates,2994.07,1114.29,Least Concern
Him suffer,Reptilia,Squamata,379.019,1078.84,Endangered
Stuff fast,Aves,Squamata,407.609,985.72,Vulnerable
However region,Reptilia,Carnivora,3876.736,123.59,Least Concern
Quality hit,Reptilia,Carnivora,354.004,624.94,Critically Endangered
Participant line,Aves,Passeriformes,2239.716,1281.96,Critically Endangered
Even network,Amphibia,Squamata,2898.936,1055.06,Extinct in the Wild
Measure just,Reptilia,Squamata,601.731,2172.98,Critically Endangered
Door fund,Actinopterygii,Anura,3591.375,1597.44,Critically Endangered
Animal break,Aves,Passeriformes,1252.05,2934.97,Near Threatened
Try forward,Mammalia,Anura,185.14,2936.4,Near Threatened
Majority first,Reptilia,Passeriformes,1805.432,1790.71,Vulnerable
Nature able,Aves,Carnivora,3151.345,470.63,Near Threatened
Sort structure,Aves,Anura,183.278,1666.38,Extinct in the Wild
Decide town,Reptilia,Rodentia,445.268,1923.42,Extinct in the Wild
More hand,Amphibia,Passeriformes,1326.722,2711.5,Critically Endangered
Season wait,Mammalia,Passeriformes,2901.249,1911.6,Least Concern
Grow mind,Aves,Rodentia,3358.082,826.61,Least Concern
Decision add,Reptilia,Squamata,194.333,1822.11,Critically Endangered
After fear,Amphibia,Passeriformes,4128.42,572.04,Extinct in the Wild
One prepare,Reptilia,Primates,4235.486,204.04,Critically Endangered
Road then,Actinopterygii,Carnivora,3896.979,1636.48,Near Threatened
Result front,Amphibia,Primates,2288.016,1627.3,Critically Endangered
Race campaign,Actinopterygii,Primates,1662.29,427.94,Extinct in the Wild
Task while,Reptilia,Primates,1991.979,2704.13,Near Threatened
Know best,Amphibia,Passeriformes,4839.43,1731.1,Least Concern
Throw claim,Amphibia,Squamata,2146.523,497.06,Least Concern
Morning want,Actinopterygii,Passeriformes,1193.523,532.16,Vulnerable
Us student,Actinopterygii,Squamata,2458.488,2080.34,Critically Endangered
Begin point,Amphibia,Primates,2773.123,1609.43,Vulnerable
Popular beyond,Reptilia,Passeriformes,4092.731,1950.94,Critically Endangered
Organization treat,Aves,Primates,664.505,1017.88,Endangered
Conference draw,Amphibia,Anura,473.724,81.88,Near Threatened
Discussion those,Actinopterygii,Anura,4390.165,1365.31,Near Threatened
Information energy,Aves,Rodentia,1461.325,2725.47,Vulnerable
Win full,Actinopterygii,Carnivora,3149.206,495.98,Critically Endangered
Him no,Aves,Primates,2236.556,1273.17,Near Threatened
Fear show,Amphibia,Anura,4168.758,302.02,Least Concern
Pull animal,Actinopterygii,Squamata,4016.005,1136.77,Extinct in the Wild
Game program,Reptilia,Rodentia,452.918,1671.65,Near Threatened
High people,Reptilia,Passeriformes,3151.542,1271.33,Extinct in the Wild
Situation soldier,Actinopterygii,Rodentia,4278.755,1456.75,Critically Endangered
Person see,Amphibia,Passeriformes,1354.353,2564.15,Near Threatened
Put age,Actinopterygii,Passeriformes,17.093,50.84,Critically Endangered
So campaign,Reptilia,Primates,4999.786,2918.73,Vulnerable
Meeting catch,Mammalia,Passeriformes,1591.212,1763.2,Near Threatened
Conference benefit,Aves,Rodentia,1822.067,2998.78,Near Threatened
Face seem,Amphibia,Carnivora,1277.737,1565.58,Extinct in the Wild
Speak enjoy,Mammalia,Anura,544.181,1495.93,Extinct in the Wild
Prepare treatment,Mammalia,Primates,4196.616,46.87,Vulnerable
Will myself,Amphibia,Rodentia,2380.363,358.09,Near Threatened
Father rich,Aves,Rodentia,864.696,2228.45,Least Concern
Very home,Actinopterygii,Passeriformes,4490.846,1564.22,Least Concern
Past at,Reptilia,Rodentia,160.663,510.46,Vulnerable
Spring bar,Reptilia,Passeriformes,1704.819,2643.68,Vulnerable
Experience agreement,Aves,Anura,4676.628,2206.19,Endangered
Fall either,Reptilia,Anura,4286.388,2188.17,Vulnerable
Hear none,Mammalia,Anura,3824.01,1262.26,Vulnerable
Pay audience,Reptilia,Rodentia,891.895,534.36,Extinct in the Wild
Care him,Mammalia,Anura,4437.013,2940.98,Vulnerable
My trade,Reptilia,Squamata,2079.14,415.96,Extinct in the Wild
Already day,Mammalia,Carnivora,3707.414,658.97,Endangered
They because,Mammalia,Primates,3176.302,382.17,Endangered
Very still,Actinopterygii,Rodentia,2643.996,1388.75,Critically Endangered
Religious that,Reptilia,Rodentia,3697.963,817.07,Extinct in the Wild
Ready example,Mammalia,Carnivora,1436.681,2311.92,Least Concern
Wear adult,Aves,Carnivora,4744.602,289.04,Extinct in the Wild
Energy already,Mammalia,Rodentia,3764.648,176.78,Endangered
Century defense,Reptilia,Passeriformes,2871.147,931.14,Extinct in the Wild
Program expert,Amphibia,Primates,2006.909,1636.83,Extinct in the Wild
Family race,Reptilia,Squamata,3945.226,266.03,Near Threatened
Coach individual,Actinopterygii,Primates,4477.157,2048.96,Near Threatened
Want job,Aves,Rodentia,1693.625,1043.65,Least Concern
Future result,Aves,Rodentia,860.483,1871.11,Least Concern
Relationship plan,Actinopterygii,Anura,2993.099,1992.31,Vulnerable
Offer able,Reptilia,Primates,1907.702,668.62,Critically Endangered
Break check,Reptilia,Rodentia,1658.89,2522.19,Endangered
Thank thing,Mammalia,Passeriformes,4081.606,1539.21,Extinct in the Wild
Television police,Aves,Passeriformes,1956.684,2357.27,Vulnerable
Reality might,Aves,Rodentia,3722.287,26.91,Near Threatened
Generation suddenly,Reptilia,Anura,297.608,536.15,Endangered
Foreign happy,Aves,Squamata,3591.695,392.38,Critically Endangered
Last recent,Actinopterygii,Squamata,4689.223,2568.06,Endangered
Apply somebody,Aves,Passeriformes,2774.767,1301.58,Extinct in the Wild
Civil admit,Amphibia,Passeriformes,2361.435,2596.7,Least Concern
How theory,Mammalia,Anura,3996.46,2739.74,Near Threatened
Which sense,Aves,Anura,3882.384,1330.32,Least Concern
Risk dark,Amphibia,Squamata,4782.782,1637.73,Critically Endangered
Little office,Amphibia,Rodentia,2439.013,2339.05,Vulnerable
Something beat,Amphibia,Anura,4753.972,2457.03,Extinct in the Wild
A hundred,Reptilia,Primates,3878.07,926.7,Vulnerable
Organization prepare,Reptilia,Passeriformes,1236.522,33.6,Extinct in the Wild
Else minute,Amphibia,Carnivora,3118.971,376.24,Endangered
Against final,Reptilia,Anura,1693.066,1808.44,Near Threatened
Woman whole,Amphibia,Carnivora,4756.113,1813.09,Vulnerable
Piece child,Amphibia,Anura,2817.666,2226.23,Least Concern
Direction development,Mammalia,Rodentia,819.399,1489.29,Vulnerable
Weight sense,Amphibia,Squamata,4988.473,1076.06,Endangered
National ball,Reptilia,Primates,2256.484,2207.76,Extinct in the Wild
Grow provide,Aves,Rodentia,1355.917,573.74,Critically Endangered
Out send,Amphibia,Primates,4503.247,1258.8,Critically Endangered
Able new,Amphibia,Squamata,2512.706,2558.57,Least Concern
Clear stand,Actinopterygii,Primates,2887.093,692.45,Critically Endangered
Cover even,Mammalia,Squamata,3216.993,1432.78,Critically Endangered
Charge perform,Actinopterygii,Passeriformes,667.079,2753.06,Endangered
Suddenly keep,Aves,Primates,188.655,2261.6,Endangered
City action,Actinopterygii,Rodentia,195.925,1923.48,Extinct in the Wild
Report age,Aves,Squamata,3273.863,311.21,Near Threatened
Reduce community,Aves,Rodentia,1854.656,1410.41,Extinct in the Wild
Less its,Mammalia,Carnivora,2012.381,1423.92,Vulnerable
Appear long,Amphibia,Rodentia,1272.601,2006.74,Critically Endangered
Conference control,Actinopterygii,Carnivora,209.553,101.92,Extinct in the Wild
President represent,Reptilia,Anura,1134.584,581.45,Endangered
Identify woman,Mammalia,Anura,4587.584,2873.93,Near Threatened
Billion poor,Amphibia,Primates,2027.042,416.99,Extinct in the Wild
Assume character,Amphibia,Rodentia,790.57,1240.76,Least Concern
Technology share,Mammalia,Squamata,2738.262,453.11,Near Threatened
As someone,Amphibia,Carnivora,391.717,1822.27,Critically Endangered
Century beyond,Reptilia,Primates,2742.808,2640.16,Critically Endangered
Feeling sign,Aves,Rodentia,4169.945,2596.68,Vulnerable
Born message,Actinopterygii,Anura,2302.724,2187.01,Least Concern
Beat community,Actinopterygii,Passeriformes,979.312,426.49,Critically Endangered
From necessary,Reptilia,Anura,3996.984,366.91,Vulnerable
Security student,Mammalia,Rodentia,2186.946,728.12,Near Threatened
Visit cause,Actinopterygii,Squamata,1766.107,672.47,Extinct in the Wild
Contain any,Actinopterygii,Squamata,4850.224,991.83,Endangered
Feel degree,Actinopterygii,Squamata,56.766,1654.52,Least Concern
Hit cultural,Actinopterygii,Carnivora,1078.864,2216.62,Near Threatened
Sure night,Actinopterygii,Primates,2227.375,1852.02,Endangered
Practice your,Aves,Primates,3930.211,1589.04,Near Threatened
Prove ball,Mammalia,Primates,2371.198,1694.94,Extinct in the Wild
Party TV,Mammalia,Primates,1461.095,1983.71,Endangered
Ever mention,Aves,Carnivora,4035.326,774.86,Least Concern
Crime bad,Aves,Rodentia,2694.104,2436.76,Critically Endangered
Mind whatever,Amphibia,Squamata,1280.813,2589.29,Vulnerable
Part can,Aves,Primates,542.487,1812.55,Near Threatened
Near tough,Aves,Carnivora,2570.419,1606.02,Critically Endangered
Low test,Mammalia,Primates,380.551,453.19,Critically Endangered
Group weight,Amphibia,Squamata,4069.683,2172.67,Least Concern
Be argue,Mammalia,Rodentia,4468.141,1924.5,Least Concern
Enter mouth,Amphibia,Anura,2055.916,103.79,Extinct in the Wild
Fast marriage,Actinopterygii,Anura,609.593,2318.75,Endangered
Character hit,Reptilia,Primates,896.34,2191.69,Extinct in the Wild
President knowledge,Actinopterygii,Passeriformes,83.068,1467.03,Endangered
Buy word,Mammalia,Rodentia,2399.584,2148.11,Least Concern
Person the,Reptilia,Anura,1344.977,279.71,Endangered
Challenge off,Aves,Rodentia,1360.546,1185.95,Extinct in the Wild
Gas yet,Actinopterygii,Passeriformes,2835.084,1434.04,Extinct in the Wild
Pattern choice,Aves,Carnivora,4390.577,2648.66,Endangered
Magazine business,Actinopterygii,Passeriformes,376.336,1015.42,Least Concern
Realize pattern,Aves,Rodentia,3620.0,996.54,Near Threatened
Tell against,Amphibia,Squamata,3726.023,2552.34,Least Concern
Majority PM,Aves,Rodentia,3498.983,1714.81,Extinct in the Wild
Nice successful,Reptilia,Squamata,1066.312,1706.62,Vulnerable
Available hot,Amphibia,Anura,1914.377,1055.07,Near Threatened
They study,Actinopterygii,Carnivora,3904.112,112.57,Vulnerable
Consider boy,Mammalia,Primates,3392.251,2423.27,Endangered
Pretty hundred,Actinopterygii,Carnivora,2459.611,586.09,Least Concern
Could south,Reptilia,Carnivora,1326.516,328.54,Least Concern
Building key,Actinopterygii,Squamata,3456.008,2571.27,Critically Endangered
Audience today,Amphibia,Carnivora,3278.716,2643.17,Least Concern
Same six,Actinopterygii,Anura,2907.762,1126.57,Endangered
Human major,Actinopterygii,Squamata,3647.835,1209.4,Vulnerable
Baby window,Mammalia,Passeriformes,252.618,2696.7,Least Concern
Space sport,Actinopterygii,Rodentia,1363.23,924.4,Vulnerable
Contain individual,Amphibia,Passeriformes,754.815,747.77,Least Concern
Believe career,Mammalia,Passeriformes,4179.303,1917.64,Near Threatened
Imagine weight,Actinopterygii,Passeriformes,1584.28,1500.73,Critically Endangered
Concern see,Amphibia,Primates,2155.599,2194.36,Endangered
Wrong oil,Reptilia,Squamata,227.459,1632.02,Critically Endangered
Area finally,Reptilia,Carnivora,2077.195,2918.22,Vulnerable
Enter let,Actinopterygii,Rodentia,4679.05,2743.88,Endangered
Simply return,Amphibia,Anura,1685.015,2760.63,Critically Endangered
Guess southern,Actinopterygii,Rodentia,613.558,908.99,Vulnerable
Fly difference,Aves,Carnivora,3380.415,1991.24,Critically Endangered
Case age,Aves,Anura,2118.863,108.57,Extinct in the Wild
Activity difference,Reptilia,Squamata,294.44,2818.32,Least Concern
While recently,Mammalia,Passeriformes,2683.018,220.02,Extinct in the Wild
Performance allow,Amphibia,Carnivora,4418.035,2433.95,Extinct in the Wild
Each rule,Actinopterygii,Anura,4306.091,1555.66,Vulnerable
Save you,Mammalia,Carnivora,3977.047,612.54,Critically Endangered
Time environment,Aves,Carnivora,2904.419,1937.81,Extinct in the Wild
Future mission,Amphibia,Rodentia,1141.881,1568.79,Vulnerable
Read write,Reptilia,Carnivora,4839.243,2473.44,Extinct in the Wild
Style consider,Amphibia,Rodentia,1474.186,2240.7,Critically Endangered
Serve us,Amphibia,Passeriformes,4176.605,1694.38,Near Threatened
Wind time,Reptilia,Squamata,372.116,1482.56,Endangered
Wonder late,Amphibia,Passeriformes,2173.819,731.53,Extinct in the Wild
Church doctor,Reptilia,Squamata,4582.866,1479.9,Extinct in the Wild
Move many,Actinopterygii,Squamata,1266.444,822.48,Near Threatened
Candidate add,Aves,Rodentia,1244.064,699.66,Near Threatened
Place pay,Actinopterygii,Passeriformes,3543.357,1124.61,Least Concern
Girl plan,Aves,Squamata,2199.13,623.09,Vulnerable
Medical list,Reptilia,Carnivora,1298.361,657.83,Near Threatened
Clear upon,Mammalia,Primates,2266.994,434.43,Critically Endangered
Ok particular,Mammalia,Carnivora,2365.946,2871.5,Extinct in the Wild
Field reach,Aves,Passeriformes,136.591,896.86,Endangered
Radio claim,Amphibia,Primates,384.118,1876.09,Least Concern
Billion cause,Reptilia,Squamata,4238.968,2345.38,Least Concern
Center billion,Actinopterygii,Squamata,3291.791,1512.61,Critically Endangered
Fill thousand,Reptilia,Passeriformes,2382.148,1128.99,Least Concern
Reflect southern,Aves,Squamata,3606.794,1813.89,Endangered
Crime fund,Aves,Anura,531.784,2127.99,Least Concern
Enjoy detail,Amphibia,Passeriformes,297.805,272.7,Endangered
Agree shake,Aves,Anura,2425.345,1749.58,Vulnerable
Industry onto,Aves,Squamata,4000.732,424.01,Vulnerable
Fund century,Reptilia,Primates,1919.727,1093.16,Vulnerable
Than feeling,Mammalia,Rodentia,934.649,2160.74,Near Threatened
Policy lawyer,Amphibia,Passeriformes,4790.135,2999.11,Least Concern
Country air,Mammalia,Primates,901.362,674.66,Near Threatened
All forget,Reptilia,Primates,3671.09,1167.07,Extinct in the Wild
Draw forward,Mammalia,Rodentia,3190.446,2494.46,Extinct in the Wild
Number party,Mammalia,Anura,3827.883,689.46,Critically Endangered
Wonder type,Mammalia,Anura,1372.719,2279.25,Least Concern
Save movie,Mammalia,Anura,3658.957,1204.69,Extinct in the Wild
Outside same,Amphibia,Primates,3988.721,1858.91,Vulnerable
Many particularly,Aves,Passeriformes,2894.601,1504.86,Least Concern
Mrs attention,Actinopterygii,Carnivora,1354.733,900.48,Extinct in the Wild
Right hope,Reptilia,Squamata,591.176,29.79,Critically Endangered
Phone case,Amphibia,Rodentia,4807.153,2578.72,Near Threatened
Grow save,Aves,Squamata,88.635,2405.85,Extinct in the Wild
High instead,Mammalia,Primates,4501.611,1805.79,Critically Endangered
Knowledge without,Mammalia,Primates,2296.007,395.25,Vulnerable
Audience talk,Aves,Squamata,3821.235,272.51,Endangered
Morning easy,Mammalia,Rodentia,1626.296,486.4,Endangered
Human crime,Mammalia,Squamata,1842.609,285.09,Least Concern
Something quite,Amphibia,Rodentia,2504.939,269.57,Extinct in the Wild
Mr attack,Actinopterygii,Squamata,2940.427,2926.4,Near Threatened
Such visit,Reptilia,Passeriformes,473.173,437.5,Vulnerable
Or account,Reptilia,Rodentia,2983.248,755.39,Vulnerable
Population decision,Reptilia,Primates,2886.593,1000.11,Critically Endangered
Early response,Actinopterygii,Rodentia,2085.149,810.72,Near Threatened
Church speak,Mammalia,Rodentia,1073.909,2926.85,Critically Endangered
Health over,Aves,Squamata,1073.731,1386.52,Vulnerable
Range animal,Mammalia,Carnivora,4791.111,475.07,Critically Endangered
Boy force,Aves,Anura,1722.636,1840.57,Near Threatened
Indicate one,Mammalia,Anura,866.756,298.25,Vulnerable
Yourself produce,Reptilia,Anura,974.096,2690.1,Near Threatened
Operation form,Actinopterygii,Anura,780.208,1245.76,Critically Endangered
Serve money,Mammalia,Squamata,332.879,1865.23,Vulnerable
Money daughter,Mammalia,Rodentia,4628.426,1340.21,Least Concern
Job night,Actinopterygii,Anura,4800.204,1318.01,Extinct in the Wild
Gas left,Reptilia,Primates,3803.499,1309.95,Least Concern
Job her,Actinopterygii,Passeriformes,3511.471,2954.55,Extinct in the Wild
Phone miss,Mammalia,Squamata,3407.796,1350.47,Near Threatened
Bad apply,Mammalia,Anura,4055.262,512.42,Critically Endangered
Under street,Mammalia,Anura,3825.221,1266.26,Vulnerable
Likely senior,Mammalia,Anura,1365.83,734.22,Endangered
Authority early,Aves,Carnivora,2288.773,2662.03,Critically Endangered
Front its,Mammalia,Carnivora,876.484,2216.79,Critically Endangered
Development modern,Reptilia,Anura,770.376,1801.99,Extinct in the Wild
Begin feeling,Reptilia,Squamata,3414.689,427.06,Critically Endangered
Occur magazine,Amphibia,Anura,4706.553,640.92,Near Threatened
Clearly federal,Actinopterygii,Passeriformes,141.203,827.77,Near Threatened
Only also,Mammalia,Rodentia,4930.63,2537.64,Extinct in the Wild
Son commercial,Amphibia,Squamata,465.832,2517.36,Critically Endangered
Something relationship,Aves,Primates,3097.522,2674.88,Near Threatened
A serious,Mammalia,Passeriformes,2635.707,2634.34,Endangered
Election may,Amphibia,Rodentia,4759.467,345.05,Critically Endangered
Cause night,Actinopterygii,Carnivora,3155.284,1749.31,Near Threatened
Those successful,Actinopterygii,Squamata,63.999,2344.86,Least Concern
Throw notice,Reptilia,Passeriformes,1343.368,171.92,Near Threatened
The shoulder,Aves,Passeriformes,954.973,1353.17,Critically Endangered
Rock campaign,Amphibia,Rodentia,4899.648,1333.31,Least Concern
Cost social,Mammalia,Squamata,4835.722,1303.96,Extinct in the Wild
Key law,Mammalia,Squamata,2424.261,882.12,Critically Endangered
Actually dinner,Aves,Squamata,3654.645,1517.65,Endangered
Manage carry,Mammalia,Carnivora,2378.519,1365.42,Vulnerable
Positive modern,Mammalia,Squamata,4678.917,1638.53,Extinct in the Wild
Here big,Reptilia,Squamata,641.724,748.48,Near Threatened
Manage accept,Mammalia,Primates,2949.775,1245.5,Endangered
Discussion cup,Reptilia,Rodentia,4792.351,1442.7,Endangered
Health certain,Actinopterygii,Rodentia,3674.511,204.41,Endangered
Truth study,Aves,Carnivora,921.719,2869.57,Endangered
Month art,Aves,Carnivora,77.701,2575.09,Critically Endangered
Focus model,Amphibia,Passeriformes,3292.462,1099.27,Vulnerable
Sister run,Mammalia,Carnivora,333.356,1940.91,Least Concern
Garden organization,Reptilia,Passeriformes,1314.801,1769.78,Extinct in the Wild
Those traditional,Actinopterygii,Rodentia,2170.232,811.15,Extinct in the Wild
Oil security,Aves,Anura,1927.424,990.31,Least Concern
Land activity,Mammalia,Carnivora,800.551,2266.38,Critically Endangered
Car may,Aves,Squamata,2606.486,1912.14,Extinct in the Wild
Inside actually,Amphibia,Carnivora,3077.886,1816.86,Critically Endangered
Modern night,Mammalia,Squamata,976.947,2206.32,Near Threatened
Administration partner,Actinopterygii,Squamata,2066.172,1972.56,Extinct in the Wild
College her,Amphibia,Squamata,1065.105,1250.07,Endangered
Size word,Mammalia,Passeriformes,834.474,1416.09,Extinct in the Wild
Time church,Actinopterygii,Rodentia,3863.513,860.95,Endangered
Experience see,Aves,Rodentia,320.966,1621.62,Near Threatened
Increase pass,Amphibia,Rodentia,208.275,2803.11,Vulnerable
South may,Actinopterygii,Rodentia,155.071,271.07,Least Concern
Game know,Actinopterygii,Carnivora,1945.222,205.78,Near Threatened
Change course,Reptilia,Passeriformes,2257.851,1304.99,Least Concern
Space might,Actinopterygii,Anura,4516.293,2989.86,Extinct in the Wild
Just age,Amphibia,Carnivora,1969.946,2744.21,Least Concern
Item market,Reptilia,Carnivora,4356.379,2422.43,Least Concern
Side century,Aves,Primates,3569.909,2096.64,Least Concern
Establish across,Aves,Carnivora,3847.797,473.48,Extinct in the Wild
I adult,Aves,Carnivora,2988.236,953.22,Critically Endangered
Because him,Reptilia,Rodentia,1684.364,455.27,Vulnerable
Grow save,Amphibia,Anura,2179.793,2437.67,Extinct in the Wild
Tough why,Aves,Squamata,3248.533,2950.3,Critically Endangered
Agent room,Mammalia,Squamata,4812.487,1305.85,Vulnerable
Star less,Mammalia,Primates,3472.311,2714.12,Near Threatened
Too particular,Amphibia,Rodentia,1118.196,2288.52,Critically Endangered
Give industry,Mammalia,Rodentia,1051.704,2819.04,Extinct in the Wild
Why speak,Reptilia,Primates,3511.176,1565.36,Critically Endangered
Boy condition,Aves,Primates,4018.777,2484.46,Least Concern
Each result,Reptilia,Anura,3651.041,2784.63,Near Threatened
Report region,Amphibia,Rodentia,4445.808,698.05,Critically Endangered
Approach language,Amphibia,Passeriformes,3803.753,2690.62,Extinct in the Wild
Significant brother,Amphibia,Anura,4084.555,2198.63,Near Threatened
Interesting yet,Aves,Primates,662.445,316.67,Least Concern
Appear technology,Amphibia,Rodentia,1109.19,2216.65,Critically Endangered
Reduce receive,Actinopterygii,Primates,1674.879,1059.1,Least Concern
He if,Amphibia,Squamata,652.499,695.92,Vulnerable
Cold more,Mammalia,Rodentia,4560.364,1295.49,Vulnerable
Light bar,Mammalia,Anura,1761.985,1990.83,Vulnerable
Democrat detail,Mammalia,Carnivora,1740.019,2726.73,Vulnerable
Finally character,Aves,Primates,2680.989,2116.63,Endangered
Finally would,Reptilia,Squamata,3890.122,2477.75,Vulnerable
Mention training,Actinopterygii,Passeriformes,3384.462,1572.38,Critically Endangered
Middle budget,Reptilia,Primates,0.22,2135.64,Endangered
Almost nothing,Mammalia,Carnivora,526.662,2295.57,Endangered
Notice art,Reptilia,Carnivora,143.573,2837.16,Least Concern
Join deep,Amphibia,Anura,316.642,600.39,Critically Endangered
Smile indicate,Aves,Anura,5.707,2050.35,Extinct in the Wild
Hear newspaper,Mammalia,Primates,1699.517,2685.92,Critically Endangered
Choice learn,Mammalia,Squamata,3439.214,1847.16,Extinct in the Wild
Thank situation,Amphibia,Squamata,1954.068,693.13,Extinct in the Wild
Surface avoid,Mammalia,Passeriformes,1208.66,1149.71,Near Threatened
Authority worker,Amphibia,Passeriformes,3117.829,495.86,Least Concern
Cold approach,Aves,Carnivora,1258.729,1439.88,Near Threatened
Blue news,Mammalia,Carnivora,4709.849,994.72,Extinct in the Wild
Statement read,Amphibia,Squamata,1007.946,610.36,Vulnerable
Build fall,Aves,Rodentia,2877.521,2361.63,Extinct in the Wild
These tonight,Actinopterygii,Squamata,938.836,1858.48,Extinct in the Wild
Enter student,Reptilia,Rodentia,1525.989,1177.39,Critically Endangered
Like section,Amphibia,Squamata,3943.255,2335.38,Vulnerable
Mission expect,Aves,Primates,1616.021,1817.51,Critically Endangered
Career instead,Amphibia,Carnivora,2220.522,1394.3,Extinct in the Wild
Technology safe,Actinopterygii,Anura,4499.129,2901.45,Endangered
Machine citizen,Amphibia,Carnivora,664.181,1030.15,Endangered
Marriage consider,Aves,Anura,4161.108,1217.69,Least Concern
Energy guy,Amphibia,Rodentia,3361.429,2672.16,Least Concern
Close fill,Reptilia,Passeriformes,1348.879,1254.26,Near Threatened
Well hold,Reptilia,Anura,3623.449,1629.33,Critically Endangered
Foot everyone,Actinopterygii,Squamata,2636.48,2400.37,Vulnerable
Someone knowledge,Aves,Carnivora,4994.303,2265.02,Least Concern
Group goal,Actinopterygii,Rodentia,2890.676,2746.07,Extinct in the Wild
Exactly military,Aves,Rodentia,2093.257,43.99,Near Threatened
Themselves note,Reptilia,Primates,281.22,1900.69,Extinct in the Wild
One left,Reptilia,Rodentia,1294.61,299.53,Near Threatened
Possible town,Mammalia,Squamata,4824.318,1607.92,Endangered
Central bar,Aves,Squamata,3851.719,2351.35,Near Threatened
Computer something,Reptilia,Squamata,93.268,2576.89,Endangered
Opportunity subject,Mammalia,Primates,1558.786,1557.3,Vulnerable
Game task,Aves,Squamata,542.389,1209.58,Endangered
Different concern,Reptilia,Primates,4809.543,97.52,Critically Endangered
Main organization,Reptilia,Carnivora,3859.194,2970.72,Near Threatened
Sit choose,Actinopterygii,Passeriformes,842.215,1135.43,Least Concern
Affect production,Actinopterygii,Carnivora,2174.623,2157.78,Critically Endangered
Suffer interest,Actinopterygii,Primates,3716.368,2737.06,Endangered
Tonight event,Mammalia,Primates,4149.875,1372.11,Endangered
East instead,Amphibia,Primates,2724.215,1424.0,Near Threatened
Eat age,Mammalia,Rodentia,1634.807,2231.08,Vulnerable
See certainly,Actinopterygii,Passeriformes,5.618,1555.94,Least Concern
Task person,Aves,Squamata,3105.753,1862.85,Near Threatened
Kid book,Mammalia,Carnivora,3401.844,2086.93,Near Threatened
Major quickly,Amphibia,Primates,2075.853,2503.73,Critically Endangered
Executive skill,Amphibia,Squamata,3214.251,1489.69,Near Threatened
Else could,Mammalia,Rodentia,352.949,706.76,Endangered
Card fly,Amphibia,Squamata,1208.291,1429.78,Least Concern
Spring between,Aves,Primates,4408.496,741.21,Extinct in the Wild
Behind those,Mammalia,Rodentia,633.375,1198.73,Extinct in the Wild
Economy can,Aves,Passeriformes,937.143,1329.6,Near Threatened
Yeah begin,Reptilia,Anura,1683.324,242.55,Near Threatened
Test agent,Actinopterygii,Rodentia,4796.744,731.59,Extinct in the Wild
Point physical,Actinopterygii,Rodentia,573.634,1435.66,Critically Endangered
Floor lay,Amphibia,Carnivora,2435.907,411.36,Critically Endangered
Eight deep,Actinopterygii,Rodentia,3842.633,1941.07,Critically Endangered
Staff dinner,Reptilia,Passeriformes,1195.222,2592.67,Vulnerable
Difference easy,Actinopterygii,Anura,3871.648,2255.22,Endangered
Happy pick,Mammalia,Primates,1265.991,422.96,Extinct in the Wild
Front record,Mammalia,Primates,4082.267,1667.99,Extinct in the Wild
Somebody mean,Amphibia,Passeriformes,2683.119,2322.12,Extinct in the Wild
Pull black,Amphibia,Passeriformes,3508.392,1107.29,Near Threatened
Financial attorney,Aves,Rodentia,1980.79,2092.75,Critically Endangered
Position news,Reptilia,Rodentia,2798.138,391.81,Vulnerable
Need go,Reptilia,Rodentia,1632.115,718.65,Vulnerable
Establish too,Reptilia,Rodentia,3941.66,1642.77,Critically Endangered
Assume car,Amphibia,Squamata,4855.203,581.33,Extinct in the Wild
Share TV,Aves,Rodentia,3255.548,121.83,Critically Endangered
Must task,Actinopterygii,Rodentia,464.653,116.24,Least Concern
Understand laugh,Amphibia,Squamata,2524.517,2785.48,Endangered
Laugh policy,Aves,Primates,4347.826,2733.89,Least Concern
Evidence do,Aves,Passeriformes,3202.218,1263.41,Near Threatened
Music young,Mammalia,Primates,4465.008,1450.11,Extinct in the Wild
Despite later,Actinopterygii,Anura,699.166,2090.54,Least Concern
Democrat difficult,Actinopterygii,Passeriformes,3190.458,1142.99,Extinct in the Wild
Though magazine,Reptilia,Rodentia,364.242,2626.2,Endangered
Collection seven,Aves,Anura,664.326,936.52,Least Concern
Stay six,Amphibia,Squamata,3001.614,1341.64,Vulnerable
To any,Mammalia,Carnivora,2608.66,220.95,Vulnerable
Truth seek,Reptilia,Rodentia,3167.426,2570.46,Endangered
Most lose,Mammalia,Rodentia,2695.276,817.17,Endangered
Research seven,Amphibia,Primates,4216.142,2906.64,Extinct in the Wild
Within direction,Mammalia,Squamata,921.571,1996.46,Near Threatened
Glass hundred,Aves,Passeriformes,554.35,1841.67,Extinct in the Wild
After quickly,Mammalia,Anura,2157.232,572.04,Critically Endangered
Place soon,Amphibia,Rodentia,860.343,1793.85,Extinct in the Wild
Republican against,Actinopterygii,Rodentia,795.301,731.66,Extinct in the Wild
Everything race,Aves,Anura,4210.144,2487.95,Endangered
Clearly operation,Mammalia,Primates,421.231,1767.7,Extinct in the Wild
Past enough,Actinopterygii,Squamata,3156.161,1587.97,Vulnerable
Note their,Amphibia,Squamata,976.958,2375.33,Extinct in the Wild
Thus factor,Amphibia,Passeriformes,1475.111,1415.72,Least Concern
Determine perform,Actinopterygii,Primates,3371.028,2958.6,Vulnerable
System author,Reptilia,Squamata,1891.495,1595.5,Critically Endangered
Bring bad,Mammalia,Anura,2829.91,2581.73,Extinct in the Wild
Network turn,Aves,Carnivora,1961.89,1586.57,Vulnerable
Simple research,Amphibia,Passeriformes,1184.95,341.98,Critically Endangered
Whatever carry,Reptilia,Passeriformes,4753.194,1335.57,Least Concern
Yard network,Mammalia,Primates,3883.967,1866.07,Endangered
Accept these,Amphibia,Rodentia,2868.65,2416.28,Extinct in the Wild
Smile be,Reptilia,Primates,4223.744,2179.02,Critically Endangered
Ability car,Reptilia,Primates,1774.983,1283.36,Endangered
Tree able,Amphibia,Rodentia,2894.461,1375.05,Vulnerable
There system,Aves,Rodentia,3777.402,446.28,Least Concern
Interview difficult,Reptilia,Primates,537.615,478.99,Endangered
Call vote,Actinopterygii,Squamata,3116.158,2878.11,Critically Endangered
Author she,Amphibia,Anura,2238.365,2296.19,Extinct in the Wild
None evening,Mammalia,Anura,1137.259,981.96,Near Threatened
Arrive artist,Actinopterygii,Carnivora,4688.119,1907.67,Least Concern
Fund middle,Aves,Carnivora,4921.675,2217.54,Vulnerable
Under say,Aves,Carnivora,2969.064,1474.81,Extinct in the Wild
Sometimes speak,Actinopterygii,Rodentia,642.596,1168.12,Extinct in the Wild
Place by,Amphibia,Squamata,1421.816,127.72,Endangered
Operation he,Amphibia,Squamata,4591.228,2827.95,Least Concern
Again street,Mammalia,Carnivora,3540.297,1003.62,Endangered
I describe,Mammalia,Primates,4796.762,864.75,Endangered
Fast choose,Aves,Primates,3196.387,2336.55,Extinct in the Wild
Air air,Aves,Rodentia,3461.162,1902.44,Near Threatened
Often number,Reptilia,Squamata,4624.524,2501.69,Least Concern
Around staff,Actinopterygii,Primates,3082.436,2752.19,Extinct in the Wild
Purpose look,Amphibia,Squamata,4240.308,25.91,Near Threatened
Spring ok,Actinopterygii,Passeriformes,1023.508,1648.09,Critically Endangered
Ten finally,Reptilia,Passeriformes,4903.713,2138.51,Vulnerable
Country growth,Aves,Primates,661.869,1217.32,Endangered
Training despite,Reptilia,Anura,1096.677,1166.89,Critically Endangered
Poor north,Reptilia,Rodentia,3176.708,328.79,Least Concern
Difficult paper,Mammalia,Carnivora,4383.897,2082.22,Critically Endangered
Institution leave,Reptilia,Rodentia,1537.927,1705.85,Near Threatened
Financial set,Mammalia,Primates,2126.606,685.41,Vulnerable
Air alone,Reptilia,Rodentia,2085.319,24.37,Critically Endangered
Including theory,Reptilia,Anura,4615.904,2203.15,Least Concern
Minute voice,Aves,Squamata,1327.525,2663.23,Extinct in the Wild
Sit total,Amphibia,Anura,3192.097,2236.26,Vulnerable
Assume determine,Actinopterygii,Carnivora,1647.404,2999.42,Least Concern
Address modern,Amphibia,Primates,3377.256,1480.78,Endangered
Baby wear,Mammalia,Passeriformes,4077.572,413.63,Endangered
When throw,Reptilia,Carnivora,707.502,1975.32,Near Threatened
Store chance,Actinopterygii,Primates,2347.306,607.35,Critically Endangered
Hotel between,Mammalia,Rodentia,1167.871,1748.04,Critically Endangered
Campaign a,Mammalia,Anura,2287.131,1381.03,Extinct in the Wild
Its do,Aves,Squamata,3410.125,866.6,Critically Endangered
Him what,Aves,Primates,1652.044,2716.71,Least Concern
Chair including,Aves,Anura,4520.189,2141.0,Endangered
Important media,Amphibia,Primates,4619.965,2974.31,Endangered
Final professional,Amphibia,Squamata,4387.849,421.93,Endangered
Special challenge,Actinopterygii,Carnivora,0.839,696.47,Critically Endangered
Summer around,Amphibia,Squamata,4691.651,899.08,Extinct in the Wild
East check,Reptilia,Carnivora,3678.574,2357.43,Endangered
Instead scene,Reptilia,Carnivora,1885.951,1346.87,Endangered
Tv sing,Amphibia,Squamata,1032.729,1823.19,Critically Endangered
Their nor,Amphibia,Rodentia,2578.197,843.21,Extinct in the Wild
Nearly order,Actinopterygii,Carnivora,2740.928,2395.86,Least Concern
Onto notice,Reptilia,Rodentia,4312.7,341.86,Near Threatened
Behavior spring,Actinopterygii,Anura,52.967,1455.67,Critically Endangered
Soon score,Amphibia,Carnivora,4369.752,545.45,Extinct in the Wild
Church why,Aves,Rodentia,2232.847,2904.93,Endangered
State source,Actinopterygii,Anura,3939.998,667.82,Critically Endangered
Late control,Reptilia,Carnivora,585.794,1662.73,Vulnerable
Middle loss,Aves,Passeriformes,606.855,1615.93,Extinct in the Wild
Name painting,Reptilia,Squamata,3845.691,2595.52,Critically Endangered
Note energy,Amphibia,Primates,2970.129,420.24,Near Threatened
Not high,Actinopterygii,Anura,1310.399,1688.6,Critically Endangered
Role while,Mammalia,Rodentia,4836.953,566.01,Least Concern
Happen available,Reptilia,Rodentia,3223.873,738.87,Endangered
Happen glass,Amphibia,Primates,3466.542,11.49,Near Threatened
Skin win,Aves,Primates,4850.897,2071.45,Endangered
Some language,Actinopterygii,Rodentia,4458.291,1717.7,Endangered
Treatment approach,Mammalia,Anura,3977.219,13.79,Extinct in the Wild
If why,Mammalia,Squamata,2523.603,854.25,Vulnerable
Financial base,Amphibia,Passeriformes,1447.461,81.99,Vulnerable
Customer goal,Reptilia,Carnivora,2459.384,569.89,Near Threatened
Action data,Mammalia,Squamata,2096.419,1538.18,Endangered
Those sound,Amphibia,Carnivora,3866.109,2326.74,Endangered
Wrong matter,Amphibia,Rodentia,2534.429,812.96,Endangered
Nation lot,Mammalia,Rodentia,4942.614,2342.49,Extinct in the Wild
Minute add,Mammalia,Passeriformes,1331.786,2926.96,Critically Endangered
Relationship in,Amphibia,Passeriformes,3330.079,1795.95,Near Threatened
Finish better,Mammalia,Rodentia,3110.141,1156.28,Critically Endangered
Offer agree,Reptilia,Rodentia,3324.138,113.69,Near Threatened
Decade program,Amphibia,Squamata,156.288,1044.53,Extinct in the Wild
Meet street,Actinopterygii,Anura,2311.771,2170.52,Extinct in the Wild
Company suffer,Mammalia,Squamata,2007.957,2077.17,Critically Endangered
Conference address,Aves,Squamata,1521.947,1521.55,Near Threatened
Upon enter,Reptilia,Carnivora,548.247,1851.99,Vulnerable
People plant,Mammalia,Rodentia,3186.699,2697.45,Critically Endangered
Behind final,Reptilia,Passeriformes,4575.396,960.45,Endangered
Across very,Aves,Carnivora,2317.408,2877.33,Extinct in the Wild
Study front,Reptilia,Carnivora,115.602,199.32,Critically Endangered
After dog,Actinopterygii,Passeriformes,2008.03,900.89,Extinct in the Wild
Eat science,Actinopterygii,Anura,802.582,2818.01,Near Threatened
To hope,Amphibia,Anura,2146.225,584.64,Critically Endangered
Plan author,Aves,Primates,4966.278,2824.48,Least Concern
Ground new,Actinopterygii,Rodentia,3185.923,2266.83,Least Concern
Amount idea,Reptilia,Anura,1291.015,2665.11,Endangered
All government,Actinopterygii,Squamata,2890.114,424.02,Near Threatened
Detail modern,Reptilia,Passeriformes,1960.009,1741.61,Vulnerable
Down near,Amphibia,Squamata,3500.386,2919.81,Vulnerable
Point together,Aves,Anura,3385.253,2715.6,Vulnerable
Letter sport,Mammalia,Primates,1963.255,1353.37,Critically Endangered
Early agreement,Actinopterygii,Squamata,3913.4,295.98,Vulnerable
Likely give,Actinopterygii,Anura,1846.186,2187.77,Vulnerable
Another company,Amphibia,Primates,1984.473,502.87,Vulnerable
Entire evidence,Amphibia,Squamata,3268.162,1470.89,Endangered
Enter since,Mammalia,Anura,4114.789,1973.62,Near Threatened
Remain early,Aves,Carnivora,4734.026,2189.31,Endangered
This effort,Actinopterygii,Passeriformes,2729.897,2391.86,Least Concern
Sound detail,Reptilia,Carnivora,2461.384,2968.07,Near Threatened
Pressure want,Amphibia,Primates,2976.948,826.44,Vulnerable
Notice term,Aves,Anura,3307.791,1770.76,Endangered
Energy ask,Reptilia,Rodentia,3506.987,832.04,Vulnerable
Suggest dream,Amphibia,Squamata,1317.065,1414.36,Near Threatened
Break movie,Amphibia,Carnivora,3093.791,11.86,Near Threatened
Use remain,Aves,Primates,4658.571,1561.53,Critically Endangered
Develop environmental,Actinopterygii,Passeriformes,130.509,699.25,Critically Endangered
Environmental tell,Aves,Passeriformes,3814.64,1064.63,Least Concern
Why federal,Amphibia,Rodentia,1073.878,2341.95,Endangered
Forget reflect,Aves,Primates,2284.38,1367.31,Near Threatened
Medical successful,Amphibia,Passeriformes,2712.623,2900.04,Endangered
Figure fact,Amphibia,Anura,2172.128,2661.25,Extinct in the Wild
Significant college,Aves,Rodentia,402.738,1914.17,Near Threatened
Maybe until,Mammalia,Passeriformes,4299.016,2478.16,Near Threatened
Condition around,Amphibia,Rodentia,2385.957,637.46,Vulnerable
To son,Aves,Rodentia,4245.84,1711.48,Least Concern
Sometimes economy,Reptilia,Anura,4189.23,340.14,Vulnerable
Plan current,Aves,Anura,4096.125,2171.51,Endangered
Professional long,Aves,Anura,624.643,2694.81,Critically Endangered
Economy when,Mammalia,Rodentia,2061.517,360.94,Near Threatened
Push suggest,Aves,Squamata,4831.95,1918.34,Extinct in the Wild
Let knowledge,Reptilia,Primates,243.28,2393.54,Vulnerable
Find interest,Aves,Primates,56.031,1447.52,Critically Endangered
Individual level,Reptilia,Anura,174.3,1595.32,Critically Endangered
Free doctor,Mammalia,Anura,4613.197,2049.82,Extinct in the Wild
Hour feel,Actinopterygii,Passeriformes,3408.518,1706.84,Extinct in the Wild
Could here,Aves,Primates,3097.408,2566.98,Critically Endangered
Person inside,Amphibia,Passeriformes,650.289,715.04,Critically Endangered
Garden help,Amphibia,Rodentia,2713.594,984.69,Vulnerable
Series really,Mammalia,Carnivora,3570.399,1782.13,Near Threatened
Clearly sort,Amphibia,Primates,1980.654,1416.18,Near Threatened
Evidence analysis,Aves,Anura,959.643,892.74,Extinct in the Wild
Hot some,Actinopterygii,Primates,3662.073,672.1,Vulnerable
Give make,Amphibia,Passeriformes,1434.859,1580.48,Extinct in the Wild
Check cell,Aves,Passeriformes,2320.879,2566.66,Endangered
Particularly animal,Amphibia,Primates,2648.983,1833.07,Vulnerable
High firm,Amphibia,Squamata,4344.988,767.4,Extinct in the Wild
Manager chair,Aves,Passeriformes,799.952,2392.79,Vulnerable
Region difficult,Amphibia,Rodentia,2080.376,1515.38,Near Threatened
Man old,Reptilia,Passeriformes,3072.709,2130.15,Endangered
Painting feel,Amphibia,Rodentia,2499.339,299.57,Critically Endangered
Maintain begin,Reptilia,Squamata,4655.262,291.06,Least Concern
Assume media,Mammalia,Squamata,1355.62,2724.78,Near Threatened
Return common,Mammalia,Primates,539.769,603.15,Vulnerable
She large,Amphibia,Rodentia,4856.828,1352.89,Critically Endangered
Activity player,Amphibia,Primates,3605.185,375.24,Near Threatened
My somebody,Amphibia,Rodentia,1508.35,444.09,Extinct in the Wild
Senior interesting,Aves,Rodentia,3814.481,579.74,Extinct in the Wild
Clearly trouble,Amphibia,Rodentia,4575.719,579.39,Extinct in the Wild
Hard it,Amphibia,Passeriformes,4312.054,1455.7,Least Concern
Energy course,Reptilia,Anura,645.542,2127.19,Endangered
Window especially,Mammalia,Anura,4257.716,442.88,Near Threatened
Control parent,Aves,Carnivora,651.898,65.83,Endangered
Anything drug,Mammalia,Carnivora,1295.052,332.03,Near Threatened
Now play,Amphibia,Anura,1326.627,2349.55,Near Threatened
Decision major,Aves,Passeriformes,23.089,1176.98,Near Threatened
These thing,Aves,Carnivora,110.161,1901.39,Extinct in the Wild
Head audience,Aves,Anura,1094.374,1604.79,Extinct in the Wild
Thus pass,Amphibia,Anura,2202.299,2912.35,Near Threatened
Avoid hear,Amphibia,Primates,265.439,2229.46,Near Threatened
Crime tell,Reptilia,Rodentia,3837.934,963.3,Vulnerable
Set international,Amphibia,Rodentia,2037.14,1570.22,Near Threatened
Control question,Mammalia,Squamata,4446.976,208.99,Endangered
Minute stand,Reptilia,Rodentia,4119.462,1002.06,Extinct in the Wild
Feeling control,Reptilia,Rodentia,160.149,43.99,Extinct in the Wild
Fear nature,Amphibia,Squamata,5.205,910.81,Vulnerable
Happy one,Reptilia,Passeriformes,1838.914,1306.23,Endangered
Affect can,Actinopterygii,Anura,838.906,316.31,Vulnerable
Agent society,Amphibia,Anura,1663.755,1540.6,Critically Endangered
Door painting,Actinopterygii,Primates,1684.447,516.35,Endangered
Free before,Mammalia,Anura,2160.108,1575.23,Vulnerable
Though trouble,Reptilia,Passeriformes,4151.613,512.38,Near Threatened
Dinner face,Mammalia,Squamata,2101.469,2456.5,Extinct in the Wild
Sense top,Actinopterygii,Primates,2074.461,1601.45,Near Threatened
Make alone,Actinopterygii,Primates,905.471,2687.45,Least Concern
Media similar,Aves,Primates,1518.991,944.46,Critically Endangered
Especially crime,Amphibia,Primates,3468.107,1743.51,Critically Endangered
Age follow,Aves,Primates,243.379,2228.63,Critically Endangered
Best month,Amphibia,Primates,4989.075,1777.95,Vulnerable
Claim meet,Aves,Squamata,3897.541,2577.27,Least Concern
Life may,Amphibia,Primates,1005.194,482.35,Near Threatened
First include,Amphibia,Anura,4078.408,210.99,Extinct in the Wild
Rate future,Reptilia,Squamata,228.183,362.22,Endangered
Goal value,Reptilia,Primates,574.038,2462.41,Extinct in the Wild
Decade focus,Actinopterygii,Primates,1732.329,1461.2,Near Threatened
Probably trial,Actinopterygii,Squamata,819.329,491.46,Endangered
North artist,Actinopterygii,Primates,955.643,2581.69,Vulnerable
Source different,Amphibia,Rodentia,3584.651,2762.53,Least Concern
Imagine space,Aves,Primates,4967.058,385.07,Critically Endangered
Provide imagine,Mammalia,Rodentia,3872.246,683.04,Endangered
Hospital should,Reptilia,Anura,3597.701,347.73,Vulnerable
Offer through,Mammalia,Rodentia,1882.706,2339.55,Least Concern
Throw daughter,Reptilia,Rodentia,4166.208,1490.21,Extinct in the Wild
Actually energy,Mammalia,Squamata,4575.996,1910.51,Vulnerable
Writer learn,Amphibia,Anura,3616.786,1636.98,Near Threatened
Floor none,Amphibia,Squamata,2502.182,796.31,Critically Endangered
Outside teach,Reptilia,Squamata,4440.446,839.21,Near Threatened
Nature which,Reptilia,Rodentia,4659.85,1097.5,Extinct in the Wild
News impact,Reptilia,Carnivora,4651.047,219.71,Extinct in the Wild
Draw my,Aves,Passeriformes,1172.772,2990.65,Least Concern
Add campaign,Reptilia,Squamata,1189.133,2389.55,Least Concern
Fly understand,Actinopterygii,Passeriformes,2490.149,2454.48,Least Concern
Most fight,Amphibia,Rodentia,1979.252,2370.91,Critically Endangered
Research attention,Mammalia,Passeriformes,2474.916,1168.24,Near Threatened
Teacher former,Reptilia,Rodentia,4477.506,2645.94,Near Threatened
Strategy certainly,Aves,Carnivora,3823.765,759.23,Vulnerable
Crime only,Reptilia,Anura,1332.052,1.51,Vulnerable
Stock feeling,Aves,Anura,924.008,1604.16,Critically Endangered
Player turn,Mammalia,Carnivora,711.798,1389.82,Least Concern
Hold none,Reptilia,Anura,2950.462,614.01,Vulnerable
Direction fine,Reptilia,Anura,108.951,801.91,Vulnerable
Check thus,Actinopterygii,Carnivora,3700.92,2757.07,Extinct in the Wild
Able data,Aves,Squamata,4720.081,1378.15,Least Concern
Shake of,Mammalia,Carnivora,28.199,857.79,Critically Endangered
Enter president,Reptilia,Primates,4240.227,1690.4,Extinct in the Wild
Bag relationship,Actinopterygii,Passeriformes,2998.385,898.27,Least Concern
Prove old,Mammalia,Passeriformes,4279.605,2279.78,Critically Endangered
Image leg,Aves,Primates,837.326,2372.52,Least Concern
Special alone,Amphibia,Anura,3489.635,1152.9,Least Concern
Because offer,Amphibia,Passeriformes,2952.785,2849.34,Extinct in the Wild
Memory heart,Actinopterygii,Primates,3125.796,2823.65,Vulnerable
Cultural although,Mammalia,Squamata,2131.317,994.54,Vulnerable
Down own,Actinopterygii,Passeriformes,1933.557,2774.58,Critically Endangered
No news,Actinopterygii,Primates,2284.077,2712.48,Vulnerable
Manager cause,Reptilia,Squamata,2202.324,1502.78,Vulnerable
Hear foreign,Actinopterygii,Anura,361.284,2534.97,Near Threatened
Series fear,Amphibia,Primates,552.283,2509.6,Extinct in the Wild
Along model,Amphibia,Squamata,3077.723,2727.06,Critically Endangered
Now throughout,Aves,Rodentia,3485.172,2853.02,Endangered
Final then,Aves,Rodentia,3449.499,1371.46,Near Threatened
Pressure image,Aves,Primates,3.39,2290.6,Critically Endangered
Red quality,Amphibia,Carnivora,857.867,2649.57,Critically Endangered
Lay campaign,Aves,Squamata,3878.418,2478.99,Near Threatened
Out clearly,Reptilia,Primates,1913.684,2373.91,Extinct in the Wild
Eye resource,Reptilia,Squamata,4814.15,767.11,Extinct in the Wild
Science into,Amphibia,Anura,4484.86,2339.93,Extinct in the Wild
Morning reason,Actinopterygii,Squamata,2599.486,1743.43,Endangered
College itself,Actinopterygii,Carnivora,1029.052,304.55,Near Threatened
Expert race,Mammalia,Primates,3183.869,1467.77,Near Threatened
Program able,Mammalia,Anura,3347.832,1768.9,Critically Endangered
Build pattern,Reptilia,Carnivora,1462.311,966.97,Near Threatened
Newspaper individual,Reptilia,Primates,2812.143,1316.32,Extinct in the Wild
Begin leg,Aves,Primates,1078.242,2915.42,Endangered
Rock security,Amphibia,Primates,4234.51,291.39,Vulnerable
Ball individual,Mammalia,Passeriformes,51.929,1587.83,Least Concern
Politics staff,Reptilia,Rodentia,2909.529,464.5,Critically Endangered
Reason material,Mammalia,Carnivora,2913.452,2970.35,Near Threatened
Will Mrs,Reptilia,Carnivora,2322.835,734.76,Near Threatened
Dark Mr,Reptilia,Primates,2767.116,1499.74,Critically Endangered
Recently unit,Amphibia,Passeriformes,1754.639,1474.8,Vulnerable
Near without,Mammalia,Passeriformes,1477.45,2315.68,Least Concern
Energy member,Mammalia,Passeriformes,3679.687,743.15,Near Threatened
Break send,Amphibia,Rodentia,2029.859,1114.66,Extinct in the Wild
Party student,Aves,Squamata,341.705,1293.54,Critically Endangered
Health model,Actinopterygii,Carnivora,2533.047,2606.72,Least Concern
Foreign consumer,Mammalia,Squamata,4759.24,1124.24,Near Threatened
Back street,Aves,Primates,989.974,391.96,Near Threatened
Chance run,Reptilia,Squamata,1793.336,756.57,Endangered
Report city,Actinopterygii,Carnivora,786.456,1701.71,Vulnerable
Bring team,Mammalia,Passeriformes,3865.849,1116.92,Endangered
Amount road,Actinopterygii,Squamata,4012.963,696.58,Critically Endangered
Study chair,Mammalia,Carnivora,1156.021,1227.26,Vulnerable
Member individual,Amphibia,Squamata,4072.322,109.94,Near Threatened
All floor,Reptilia,Carnivora,1832.887,188.14,Near Threatened
Pressure PM,Aves,Squamata,3229.15,2655.98,Vulnerable
Number investment,Mammalia,Squamata,2723.164,2415.03,Endangered
Others happy,Actinopterygii,Passeriformes,3032.103,2586.92,Endangered
Catch generation,Mammalia,Carnivora,2970.116,2386.29,Near Threatened
Manage police,Mammalia,Primates,613.316,1819.41,Vulnerable
Guess government,Actinopterygii,Anura,2574.097,1524.02,Critically Endangered
Almost bring,Actinopterygii,Primates,1821.568,1826.96,Near Threatened
Like discuss,Amphibia,Primates,4742.761,94.81,Endangered
Garden investment,Amphibia,Carnivora,3708.176,1821.76,Near Threatened
This however,Reptilia,Carnivora,3111.117,1675.55,Critically Endangered
Especially civil,Amphibia,Primates,2705.74,400.91,Least Concern
Far party,Reptilia,Rodentia,4870.903,2512.24,Endangered
Three would,Actinopterygii,Squamata,4097.936,2357.85,Extinct in the Wild
Discuss successful,Mammalia,Passeriformes,4365.005,2796.07,Extinct in the Wild
Need young,Reptilia,Carnivora,3523.084,2385.04,Endangered
Leader ready,Aves,Passeriformes,2132.188,557.05,Near Threatened
Issue teacher,Mammalia,Anura,2108.91,244.25,Endangered
Offer policy,Amphibia,Anura,1094.895,1372.76,Critically Endangered
Car north,Actinopterygii,Rodentia,3075.825,2343.23,Critically Endangered
Tough develop,Mammalia,Squamata,2875.507,2365.37,Critically Endangered
Trip state,Mammalia,Anura,1106.979,2229.04,Least Concern
So call,Aves,Passeriformes,4721.023,1875.01,Vulnerable
Ask clear,Reptilia,Anura,4285.758,2545.58,Extinct in the Wild
Claim physical,Reptilia,Anura,2087.742,417.27,Critically Endangered
Yet role,Amphibia,Squamata,3795.305,1034.0,Vulnerable
Politics social,Reptilia,Squamata,1130.297,427.59,Near Threatened
Site lose,Aves,Primates,4465.287,662.22,Critically Endangered
Effect world,Reptilia,Primates,4068.435,1319.29,Endangered
Town husband,Mammalia,Passeriformes,2441.663,1878.91,Near Threatened
Room can,Amphibia,Squamata,2733.331,307.34,Near Threatened
Either example,Actinopterygii,Primates,1841.232,1713.18,Endangered
Couple anyone,Mammalia,Rodentia,3497.643,951.46,Vulnerable
True on,Amphibia,Primates,2027.247,2447.11,Vulnerable
Level usually,Mammalia,Passeriformes,1585.898,965.47,Endangered
Himself recognize,Aves,Passeriformes,3710.991,209.16,Vulnerable
Network shoulder,Aves,Primates,3130.107,125.95,Endangered
Possible across,Amphibia,Anura,639.848,2034.21,Critically Endangered
Ever help,Aves,Carnivora,2648.281,1415.68,Critically Endangered
Four nice,Mammalia,Squamata,4971.486,1760.7,Endangered
Cover probably,Aves,Primates,1759.071,2813.9,Critically Endangered
Very economic,Reptilia,Carnivora,2098.522,2547.64,Critically Endangered
Daughter him,Mammalia,Anura,3754.852,901.14,Critically Endangered
Attention road,Actinopterygii,Primates,1731.602,1514.41,Critically Endangered
Visit else,Aves,Primates,4859.523,28.48,Near Threatened
Language wish,Reptilia,Carnivora,576.609,140.87,Near Threatened
Black south,Amphibia,Anura,4891.278,2685.26,Vulnerable
Peace blood,Amphibia,Rodentia,2913.173,1289.87,Endangered
Few operation,Mammalia,Passeriformes,3194.052,203.59,Extinct in the Wild
Approach require,Amphibia,Anura,2673.7,369.28,Extinct in the Wild
Poor here,Actinopterygii,Passeriformes,4780.529,1222.71,Endangered
Gun practice,Mammalia,Anura,2272.174,2832.75,Endangered
Statement without,Mammalia,Carnivora,2228.779,765.67,Vulnerable
Manager push,Mammalia,Rodentia,2225.461,2673.39,Least Concern
Step democratic,Actinopterygii,Carnivora,4769.217,334.94,Least Concern
Trip benefit,Actinopterygii,Squamata,1075.684,1590.39,Extinct in the Wild
Member deep,Reptilia,Carnivora,3236.032,2668.07,Critically Endangered
Near how,Mammalia,Rodentia,4648.068,2984.65,Vulnerable
Look lot,Aves,Anura,2821.27,2086.91,Endangered
Wide lot,Actinopterygii,Carnivora,944.459,2311.83,Endangered
House past,Reptilia,Primates,283.783,328.47,Near Threatened
Analysis everybody,Amphibia,Rodentia,4090.072,1110.44,Endangered
Sit community,Reptilia,Primates,4273.264,2949.01,Endangered
Call probably,Mammalia,Rodentia,1693.99,688.53,Endangered
Look argue,Mammalia,Primates,4828.763,2236.8,Vulnerable
Eight order,Mammalia,Anura,4511.269,2610.47,Vulnerable
Project well,Mammalia,Primates,236.777,201.28,Endangered
Make cut,Mammalia,Squamata,288.184,1197.27,Extinct in the Wild
Drug also,Aves,Rodentia,1336.556,2922.71,Endangered
Hit this,Amphibia,Squamata,1413.607,2029.05,Critically Endangered
Particular almost,Amphibia,Squamata,2544.593,1800.25,Near Threatened
Outside debate,Actinopterygii,Primates,411.362,2103.89,Least Concern
Party real,Aves,Carnivora,1075.512,2258.46,Extinct in the Wild
Hour somebody,Amphibia,Squamata,2455.478,1493.23,Least Concern
Member those,Mammalia,Passeriformes,2156.826,712.14,Near Threatened
Democratic sport,Aves,Squamata,3277.574,1058.64,Vulnerable
Couple somebody,Reptilia,Anura,4756.339,2857.36,Least Concern
Join lead,Mammalia,Primates,4270.457,2106.99,Least Concern
Drive anything,Mammalia,Squamata,2258.74,1954.17,Endangered
Check generation,Actinopterygii,Passeriformes,1223.218,924.17,Extinct in the Wild
Just series,Amphibia,Primates,2330.412,2086.4,Least Concern
Pm alone,Actinopterygii,Passeriformes,1723.907,289.17,Endangered
Foot several,Aves,Squamata,3449.085,290.22,Least Concern
Night pull,Mammalia,Primates,2056.958,1911.71,Near Threatened
Significant none,Reptilia,Anura,3916.525,2658.49,Endangered
Ready care,Reptilia,Anura,4395.466,2306.98,Near Threatened
Some environment,Actinopterygii,Passeriformes,637.357,276.01,Vulnerable
Career instead,Reptilia,Carnivora,2477.633,874.39,Endangered
Rate something,Amphibia,Primates,4215.637,2022.43,Vulnerable
Clearly despite,Reptilia,Squamata,2070.464,1407.12,Least Concern
Election assume,Mammalia,Passeriformes,4389.015,2985.92,Extinct in the Wild
Relate too,Amphibia,Anura,3032.846,2083.29,Endangered
Guess bit,Aves,Primates,4789.807,2681.36,Endangered
Region purpose,Amphibia,Passeriformes,1937.737,231.44,Endangered
War watch,Amphibia,Primates,2156.923,1960.47,Least Concern
To sense,Amphibia,Primates,111.217,363.75,Critically Endangered
Choice level,Amphibia,Rodentia,2849.781,1149.21,Critically Endangered
In true,Mammalia,Passeriformes,1615.127,2004.06,Vulnerable
Lot challenge,Mammalia,Carnivora,4267.822,1532.51,Critically Endangered
May ask,Reptilia,Rodentia,1474.484,1434.45,Vulnerable
Method television,Mammalia,Passeriformes,1898.094,2419.77,Endangered
Along once,Reptilia,Squamata,3904.553,2067.18,Vulnerable
Scene Mrs,Amphibia,Primates,3958.502,2127.91,Critically Endangered
Election large,Amphibia,Carnivora,4688.772,2019.16,Extinct in the Wild
Future heart,Mammalia,Carnivora,3192.592,822.68,Critically Endangered
Clearly reality,Amphibia,Squamata,188.065,1309.32,Extinct in the Wild
Medical where,Mammalia,Carnivora,2129.02,2967.12,Extinct in the Wild
To prepare,Aves,Rodentia,880.238,627.52,Vulnerable
Weight number,Actinopterygii,Passeriformes,4460.599,2098.16,Endangered
Whole vote,Actinopterygii,Primates,1069.785,2902.44,Near Threatened
At prove,Aves,Passeriformes,2326.482,396.59,Vulnerable
Page standard,Amphibia,Primates,4342.31,1724.89,Extinct in the Wild
Message adult,Aves,Anura,1872.511,2503.57,Endangered
Local dog,Actinopterygii,Passeriformes,2810.139,1854.78,Endangered
Both lawyer,Reptilia,Primates,2440.245,2483.38,Near Threatened
Example under,Actinopterygii,Rodentia,4284.312,1235.57,Endangered
Deep dog,Aves,Primates,2281.078,468.52,Critically Endangered
Some garden,Amphibia,Primates,296.241,789.38,Endangered
Remember physical,Reptilia,Carnivora,4788.339,1383.29,Critically Endangered
Leg energy,Mammalia,Passeriformes,4076.844,1975.8,Near Threatened
Word face,Actinopterygii,Primates,3254.321,2651.43,Least Concern
Much clearly,Amphibia,Carnivora,937.089,722.5,Near Threatened
Still second,Amphibia,Squamata,2294.612,330.24,Near Threatened
Identify choice,Actinopterygii,Squamata,3488.472,2884.55,Vulnerable
Central kid,Aves,Squamata,1703.82,1852.21,Endangered
Station seem,Aves,Passeriformes,3365.879,915.31,Near Threatened
Few adult,Mammalia,Primates,2962.264,2575.2,Extinct in the Wild
Side reflect,Aves,Rodentia,3827.981,1906.07,Endangered
Pm per,Reptilia,Carnivora,2840.21,205.1,Least Concern
Their event,Reptilia,Anura,729.174,2266.73,Least Concern
Line walk,Mammalia,Primates,128.147,2105.57,Near Threatened
Key live,Reptilia,Primates,3548.412,724.98,Critically Endangered
Worry rate,Reptilia,Primates,841.097,1140.15,Vulnerable
Window threat,Reptilia,Primates,3202.267,862.95,Extinct in the Wild
Something create,Aves,Anura,4976.366,2283.94,Vulnerable
Work expect,Amphibia,Passeriformes,4485.758,1691.57,Endangered
Growth laugh,Aves,Carnivora,3115.087,2199.83,Extinct in the Wild
Look force,Reptilia,Rodentia,3398.234,2546.17,Least Concern
North somebody,Amphibia,Primates,4768.082,94.38,Endangered
Raise moment,Actinopterygii,Primates,4743.77,1281.98,Extinct in the Wild
Necessary sometimes,Mammalia,Primates,3354.229,1179.54,Least Concern
Number responsibility,Reptilia,Passeriformes,2099.028,2313.22,Critically Endangered
Ten wait,Mammalia,Passeriformes,4139.303,1640.92,Least Concern
Heart benefit,Reptilia,Primates,15.435,919.47,Least Concern
Attack management,Reptilia,Anura,15.976,986.34,Least Concern
Line cover,Amphibia,Carnivora,2552.886,2514.29,Near Threatened
Whole person,Reptilia,Anura,365.49,99.18,Extinct in the Wild
Stay them,Reptilia,Rodentia,1932.903,1966.77,Least Concern
State reach,Amphibia,Carnivora,1440.174,1056.92,Near Threatened
Listen everybody,Mammalia,Carnivora,1151.486,81.95,Critically Endangered
Third movie,Aves,Anura,2205.935,1237.02,Near Threatened
Prevent public,Aves,Anura,1327.623,793.93,Vulnerable
Among certainly,Mammalia,Primates,1994.044,2731.55,Vulnerable
Arm civil,Mammalia,Rodentia,4279.518,1379.78,Least Concern
Himself thought,Actinopterygii,Passeriformes,567.703,2291.17,Endangered
Simply single,Aves,Squamata,4051.43,1383.15,Least Concern
Often media,Amphibia,Primates,2286.14,2962.34,Vulnerable
Next value,Amphibia,Anura,3688.25,816.62,Extinct in the Wild
Air car,Reptilia,Passeriformes,407.395,1770.46,Extinct in the Wild
Sign section,Aves,Anura,350.393,706.33,Critically Endangered
Much thousand,Reptilia,Rodentia,4660.453,1066.58,Endangered
Dream class,Actinopterygii,Passeriformes,4958.117,1757.84,Endangered
Nearly fear,Mammalia,Primates,2381.146,2382.04,Vulnerable
Without range,Amphibia,Squamata,3893.317,2309.79,Endangered
Hit model,Mammalia,Carnivora,1184.75,962.79,Critically Endangered
Coach concern,Mammalia,Passeriformes,3716.752,433.87,Extinct in the Wild
Teach work,Reptilia,Rodentia,4848.908,249.85,Critically Endangered
Near itself,Amphibia,Rodentia,3458.185,1463.5,Endangered
About probably,Amphibia,Anura,557.055,67.47,Vulnerable
Nation expect,Reptilia,Carnivora,4433.554,1085.26,Critically Endangered
Western live,Mammalia,Rodentia,1023.66,2237.39,Least Concern
Certain or,Reptilia,Carnivora,906.97,2828.98,Endangered
Despite response,Actinopterygii,Anura,1841.441,1602.14,Critically Endangered
Hand people,Reptilia,Anura,1172.523,2719.91,Endangered
Management on,Actinopterygii,Rodentia,429.593,865.14,Near Threatened
Pass Democrat,Mammalia,Carnivora,4340.909,485.43,Least Concern
From less,Reptilia,Anura,2237.551,2920.03,Near Threatened
Food prepare,Mammalia,Squamata,4494.657,2725.44,Critically Endangered
Safe list,Aves,Anura,1582.411,2771.13,Critically Endangered
Get later,Mammalia,Rodentia,4408.176,2900.2,Vulnerable
Page over,Reptilia,Squamata,2632.892,2141.12,Vulnerable
Rock wonder,Reptilia,Anura,2436.025,2691.53,Least Concern
Modern base,Reptilia,Rodentia,297.66,2913.2,Critically Endangered
National know,Reptilia,Rodentia,533.899,2888.84,Critically Endangered
Air hold,Mammalia,Carnivora,4523.615,1018.81,Vulnerable
Organization of,Amphibia,Carnivora,4256.959,2458.47,Critically Endangered
Cause hotel,Aves,Anura,261.733,2134.59,Near Threatened
More measure,Amphibia,Primates,1247.028,1707.7,Endangered
Only pull,Aves,Squamata,3110.635,2507.69,Near Threatened
Least down,Mammalia,Squamata,267.659,732.27,Vulnerable
Decide very,Amphibia,Primates,4280.094,1492.26,Near Threatened
Key cell,Amphibia,Anura,3323.2,896.67,Critically Endangered
Follow meet,Mammalia,Squamata,3489.014,1107.05,Near Threatened
Lawyer question,Aves,Primates,2813.274,630.66,Near Threatened
Impact create,Aves,Rodentia,2181.03,882.45,Endangered
Chair yourself,Actinopterygii,Squamata,949.193,1005.51,Vulnerable
Sort necessary,Reptilia,Passeriformes,3574.49,1069.94,Extinct in the Wild
Office agency,Aves,Squamata,1863.975,52.28,Critically Endangered
Recent continue,Reptilia,Rodentia,987.211,2760.92,Endangered
Kitchen full,Mammalia,Passeriformes,2608.213,2879.86,Critically Endangered
Receive three,Reptilia,Anura,2480.842,2359.88,Near Threatened
Value himself,Aves,Anura,1665.497,1699.92,Least Concern
Actually hour,Reptilia,Carnivora,4693.111,1935.17,Critically Endangered
Work common,Amphibia,Anura,3449.34,1494.9,Endangered
Quite peace,Actinopterygii,Squamata,984.767,606.26,Near Threatened
Serve challenge,Amphibia,Primates,1896.966,1483.84,Endangered
Measure particularly,Actinopterygii,Anura,4517.009,218.67,Vulnerable
Four it,Actinopterygii,Anura,2046.942,876.39,Extinct in the Wild
Adult certainly,Aves,Passeriformes,1570.435,2231.8,Near Threatened
Huge writer,Aves,Carnivora,675.612,2054.81,Extinct in the Wild
Pm you,Mammalia,Rodentia,910.59,1955.26,Endangered
Marriage art,Actinopterygii,Anura,3452.707,829.94,Least Concern
Along strong,Actinopterygii,Anura,4351.78,2902.27,Critically Endangered
Leg from,Actinopterygii,Passeriformes,4049.768,2326.62,Extinct in the Wild
Growth relationship,Reptilia,Anura,1218.514,1548.76,Vulnerable
Data approach,Reptilia,Anura,4153.527,796.3,Least Concern
Political break,Amphibia,Rodentia,2105.464,1362.43,Endangered
Network dog,Aves,Carnivora,2296.489,1228.81,Critically Endangered
Use turn,Mammalia,Passeriformes,3275.272,1354.2,Critically Endangered
Benefit represent,Amphibia,Squamata,4753.395,1231.47,Critically Endangered
Player fire,Reptilia,Carnivora,3644.443,2190.25,Critically Endangered
Most rock,Aves,Anura,713.822,740.7,Near Threatened
Inside call,Amphibia,Rodentia,1686.518,119.46,Least Concern
Report third,Amphibia,Anura,2061.005,342.19,Vulnerable
Boy central,Mammalia,Rodentia,4630.579,840.11,Endangered
Decision least,Aves,Rodentia,103.591,2357.65,Near Threatened
Themselves need,Reptilia,Passeriformes,2510.494,1844.0,Near Threatened
Politics hold,Actinopterygii,Rodentia,2525.392,2655.9,Endangered
Measure fine,Actinopterygii,Rodentia,375.198,399.8,Least Concern
Nature week,Aves,Carnivora,3431.219,586.96,Least Concern
What old,Aves,Carnivora,3305.409,1127.26,Extinct in the Wild
Watch run,Amphibia,Squamata,1770.75,2285.56,Near Threatened
Laugh better,Mammalia,Carnivora,1181.064,1196.33,Near Threatened
On partner,Aves,Rodentia,3750.444,2514.93,Near Threatened
Policy believe,Amphibia,Passeriformes,3973.733,1056.65,Least Concern
Quite current,Amphibia,Carnivora,4918.87,229.36,Critically Endangered
Style focus,Reptilia,Primates,3753.1,2014.82,Endangered
Discussion write,Actinopterygii,Squamata,2424.396,1220.05,Endangered
Reach inside,Aves,Passeriformes,2791.469,1261.33,Extinct in the Wild
Book body,Actinopterygii,Carnivora,852.397,1735.97,Vulnerable
Protect eight,Amphibia,Squamata,2093.322,2171.72,Near Threatened
Positive brother,Actinopterygii,Anura,177.377,854.6,Near Threatened
Fall ago,Aves,Squamata,1304.383,1000.9,Vulnerable
Hour arrive,Aves,Rodentia,381.198,2743.02,Extinct in the Wild
As sea,Reptilia,Primates,1822.504,598.5,Endangered
Style stage,Aves,Carnivora,2509.296,2635.01,Critically Endangered
Conference thus,Reptilia,Anura,2683.01,1417.11,Endangered
Simply employee,Amphibia,Anura,465.587,1282.22,Vulnerable
Page economy,Actinopterygii,Rodentia,3452.947,575.78,Vulnerable
Measure on,Aves,Rodentia,2717.502,649.36,Near Threatened
Society idea,Aves,Passeriformes,4715.039,2388.24,Near Threatened
Lot believe,Aves,Squamata,4048.602,955.45,Critically Endangered
List possible,Actinopterygii,Primates,2283.829,2533.26,Least Concern
Far simple,Mammalia,Primates,1520.461,663.59,Near Threatened
Generation process,Mammalia,Passeriformes,174.802,1719.08,Vulnerable
Show mind,Mammalia,Primates,1654.912,2723.62,Endangered
Down community,Mammalia,Anura,4213.127,2137.12,Critically Endangered
Perform yes,Actinopterygii,Passeriformes,3793.217,2584.37,Critically Endangered
Behavior as,Mammalia,Anura,1352.007,572.95,Extinct in the Wild
Green old,Aves,Squamata,1216.748,1050.96,Vulnerable
Without bring,Aves,Anura,2211.503,475.41,Least Concern
Same those,Reptilia,Squamata,4079.465,473.86,Near Threatened
Use evidence,Amphibia,Passeriformes,1942.581,1460.64,Endangered
Owner sea,Amphibia,Carnivora,3283.914,1740.14,Near Threatened
Poor technology,Reptilia,Carnivora,3709.003,1265.95,Least Concern
Those remember,Amphibia,Rodentia,346.375,431.62,Least Concern
Newspaper where,Amphibia,Passeriformes,4351.26,1482.57,Least Concern
Analysis business,Mammalia,Primates,4252.771,2158.79,Near Threatened
Door voice,Mammalia,Primates,2215.82,1103.35,Least Concern
Artist small,Actinopterygii,Anura,1404.847,128.91,Endangered
Product difference,Mammalia,Rodentia,205.935,2066.73,Least Concern
Collection relationship,Aves,Carnivora,1478.547,493.85,Endangered
Although stand,Reptilia,Anura,4038.01,1052.91,Near Threatened
Mouth all,Mammalia,Carnivora,1084.171,2690.41,Near Threatened
Other rate,Mammalia,Squamata,457.047,660.46,Extinct in the Wild
Run level,Actinopterygii,Carnivora,2773.438,1879.54,Near Threatened
Capital too,Amphibia,Rodentia,443.609,2561.55,Critically Endangered
Prevent film,Aves,Anura,3321.501,388.84,Critically Endangered
Never computer,Mammalia,Squamata,2792.229,2527.61,Endangered
Course meet,Amphibia,Rodentia,844.148,237.95,Vulnerable
Various member,Mammalia,Squamata,498.034,2575.89,Endangered
War garden,Mammalia,Primates,2669.984,736.99,Near Threatened
Break above,Actinopterygii,Rodentia,535.152,2590.4,Extinct in the Wild
Past pick,Amphibia,Anura,4013.855,2171.74,Extinct in the Wild
Serious arrive,Actinopterygii,Primates,1879.991,2828.68,Vulnerable
Ago start,Reptilia,Squamata,2689.56,1552.79,Endangered
Card deal,Aves,Rodentia,2259.536,770.57,Near Threatened
Degree environment,Actinopterygii,Primates,3038.02,2095.7,Critically Endangered
Clearly rise,Reptilia,Primates,688.03,1100.69,Critically Endangered
Ahead record,Reptilia,Rodentia,4316.436,1364.99,Critically Endangered
State day,Actinopterygii,Anura,2092.368,1235.36,Least Concern
Policy new,Mammalia,Squamata,762.201,2920.55,Extinct in the Wild
Suddenly bit,Aves,Squamata,159.191,2547.37,Vulnerable
Operation less,Aves,Carnivora,4330.161,1076.48,Near Threatened
College go,Actinopterygii,Anura,2338.15,322.01,Near Threatened
Summer point,Amphibia,Anura,4661.222,1042.79,Near Threatened
Itself physical,Aves,Passeriformes,3742.043,613.54,Vulnerable
Officer surface,Mammalia,Carnivora,2169.503,117.19,Endangered
Three inside,Actinopterygii,Anura,2684.492,989.88,Near Threatened
Bad fly,Amphibia,Passeriformes,3963.355,2324.07,Extinct in the Wild
Ready police,Mammalia,Passeriformes,539.002,2170.17,Endangered
Least ability,Amphibia,Passeriformes,418.251,631.18,Endangered
Statement next,Reptilia,Anura,1498.971,236.53,Vulnerable
Much few,Aves,Squamata,4109.42,2886.58,Critically Endangered
Gun watch,Amphibia,Passeriformes,4239.038,585.28,Endangered
Natural want,Aves,Passeriformes,1061.782,333.87,Near Threatened
Mouth arm,Amphibia,Anura,3235.802,1644.21,Critically Endangered
Effect author,Mammalia,Passeriformes,2142.538,2299.08,Extinct in the Wild
Practice might,Aves,Carnivora,2856.586,577.99,Vulnerable
Rise idea,Aves,Rodentia,4720.354,2373.26,Near Threatened
Rule piece,Mammalia,Primates,157.735,2937.44,Endangered
Stand state,Reptilia,Passeriformes,4484.323,619.73,Vulnerable
How face,Mammalia,Primates,2745.786,2307.45,Least Concern
Anyone near,Reptilia,Rodentia,4105.725,2879.8,Critically Endangered
Role assume,Reptilia,Passeriformes,615.564,745.39,Near Threatened
Seven free,Actinopterygii,Carnivora,2257.89,1580.27,Critically Endangered
Statement treatment,Actinopterygii,Passeriformes,3224.807,385.31,Endangered
Station Congress,Mammalia,Anura,1341.323,2426.51,Extinct in the Wild
Sport morning,Reptilia,Anura,2907.259,2919.12,Near Threatened
Start including,Actinopterygii,Carnivora,510.513,1134.19,Extinct in the Wild
Pick avoid,Actinopterygii,Squamata,656.214,2775.51,Extinct in the Wild
Do section,Actinopterygii,Anura,1902.448,813.14,Least Concern
Second traditional,Reptilia,Primates,2757.556,486.2,Extinct in the Wild
Forward oil,Actinopterygii,Squamata,119.695,382.88,Extinct in the Wild
Month rate,Amphibia,Primates,507.414,1920.18,Near Threatened
Everybody physical,Aves,Squamata,3113.25,401.02,Least Concern
Expect soon,Actinopterygii,Carnivora,4534.86,2771.94,Endangered
Style practice,Reptilia,Carnivora,1271.073,50.96,Critically Endangered
Join establish,Mammalia,Passeriformes,4240.284,1170.94,Endangered
Health level,Actinopterygii,Primates,2714.088,139.81,Near Threatened
Together risk,Mammalia,Carnivora,4977.995,347.4,Extinct in the Wild
Instead blood,Amphibia,Primates,4334.996,1293.49,Critically Endangered
Smile five,Mammalia,Passeriformes,3552.539,1836.72,Vulnerable
Walk war,Actinopterygii,Passeriformes,493.125,69.9,Extinct in the Wild
Someone first,Actinopterygii,Primates,4141.682,2826.74,Least Concern
Probably certain,Aves,Carnivora,3972.861,876.69,Near Threatened
Appear become,Actinopterygii,Anura,2223.447,374.53,Endangered
Southern hand,Mammalia,Carnivora,4792.635,2216.52,Vulnerable
Against best,Amphibia,Rodentia,3371.267,1340.48,Least Concern
Door local,Aves,Carnivora,4298.074,707.71,Endangered
Attention majority,Actinopterygii,Squamata,1022.073,579.72,Extinct in the Wild
Station rich,Amphibia,Carnivora,999.687,2101.63,Extinct in the Wild
Politics society,Amphibia,Primates,4925.26,995.14,Endangered
Mrs question,Mammalia,Carnivora,4137.471,1141.57,Least Concern
Prevent bit,Reptilia,Carnivora,2163.208,1674.87,Extinct in the Wild
Wonder trouble,Mammalia,Rodentia,2385.113,2890.76,Extinct in the Wild
Help stop,Actinopterygii,Squamata,4441.077,1204.95,Extinct in the Wild
Specific home,Actinopterygii,Squamata,1563.187,2451.7,Vulnerable
Focus person,Actinopterygii,Anura,1576.464,520.3,Vulnerable
Ground bed,Aves,Carnivora,1749.115,1187.89,Endangered
These street,Actinopterygii,Primates,679.669,1742.7,Near Threatened
Author week,Reptilia,Carnivora,2637.153,1799.02,Near Threatened
Wait build,Reptilia,Primates,4409.693,835.51,Least Concern
Law room,Reptilia,Passeriformes,642.155,88.22,Vulnerable
Ball organization,Amphibia,Carnivora,2447.235,1443.24,Near Threatened
Series week,Aves,Primates,4671.906,2956.08,Least Concern
Morning several,Reptilia,Primates,791.636,305.93,Endangered
Significant green,Aves,Passeriformes,820.672,743.45,Least Concern
Natural film,Mammalia,Passeriformes,2050.626,2756.81,Least Concern
Enter gas,Mammalia,Squamata,3837.534,1230.72,Endangered
Middle best,Amphibia,Passeriformes,813.255,62.32,Endangered
Only shake,Reptilia,Squamata,346.97,1177.45,Endangered
If share,Aves,Squamata,4706.857,1783.14,Vulnerable
Beyond section,Amphibia,Squamata,635.723,2374.86,Near Threatened
Present game,Amphibia,Squamata,515.825,588.5,Vulnerable
Positive result,Mammalia,Squamata,4042.483,2379.13,Endangered
Prove speech,Actinopterygii,Squamata,1101.461,2404.29,Near Threatened
Impact design,Reptilia,Anura,872.74,437.98,Vulnerable
Piece expect,Mammalia,Anura,4491.401,2699.42,Near Threatened
Either weight,Actinopterygii,Primates,723.807,1997.92,Endangered
Evening game,Aves,Squamata,2257.285,2490.25,Near Threatened
Paper fact,Actinopterygii,Squamata,1338.644,2579.32,Endangered
Safe test,Amphibia,Primates,3796.474,2265.38,Critically Endangered
Similar building,Amphibia,Primates,4011.353,1728.02,Near Threatened
Administration everybody,Mammalia,Anura,2535.852,1668.44,Vulnerable
Another to,Actinopterygii,Primates,3725.107,1055.36,Endangered
Leg role,Aves,Anura,3049.254,24.64,Extinct in the Wild
Though might,Mammalia,Anura,1294.364,2762.88,Extinct in the Wild
Environmental film,Reptilia,Carnivora,1035.155,2024.91,Critically Endangered
Officer wear,Mammalia,Rodentia,3367.525,2681.24,Near Threatened
Blue put,Aves,Primates,2701.909,2130.71,Near Threatened
Contain fund,Mammalia,Passeriformes,4482.65,755.49,Extinct in the Wild
Into important,Actinopterygii,Squamata,4513.18,277.53,Vulnerable
Choose opportunity,Actinopterygii,Rodentia,3214.648,1359.62,Endangered
Gun push,Actinopterygii,Carnivora,1957.464,345.32,Extinct in the Wild
Mr character,Aves,Carnivora,2924.581,2409.98,Vulnerable
And how,Reptilia,Anura,2875.059,430.7,Near Threatened
Agency be,Reptilia,Carnivora,3220.064,2074.5,Near Threatened
Prepare manage,Amphibia,Primates,244.522,2726.52,Critically Endangered
Weight know,Amphibia,Rodentia,4096.597,799.34,Extinct in the Wild
Economy same,Mammalia,Carnivora,1625.981,137.25,Vulnerable
Successful one,Aves,Rodentia,1903.938,1548.19,Endangered
Scientist enter,Aves,Passeriformes,1179.731,2639.99,Vulnerable
Degree coach,Amphibia,Primates,2207.19,429.82,Extinct in the Wild
Past pay,Aves,Primates,54.222,554.83,Critically Endangered
Land people,Mammalia,Anura,4846.43,2568.81,Endangered
His western,Actinopterygii,Passeriformes,2690.956,1368.27,Endangered
Kind develop,Amphibia,Rodentia,3703.976,410.92,Endangered
Television commercial,Amphibia,Primates,3474.616,202.92,Least Concern
Pretty purpose,Aves,Passeriformes,2131.194,410.27,Critically Endangered
Threat action,Actinopterygii,Rodentia,3785.881,911.6,Least Concern
Size official,Mammalia,Carnivora,237.42,1837.9,Endangered
System office,Actinopterygii,Passeriformes,3547.942,197.36,Critically Endangered
Sure ahead,Mammalia,Primates,1028.96,1535.13,Vulnerable
Place weight,Aves,Carnivora,4372.615,2529.01,Near Threatened
Model main,Actinopterygii,Squamata,805.282,1252.25,Critically Endangered
Feel particularly,Amphibia,Carnivora,1704.854,2277.46,Least Concern
Speech upon,Aves,Rodentia,1049.248,2887.35,Near Threatened
Professor very,Actinopterygii,Squamata,1992.527,71.17,Critically Endangered
Full perhaps,Reptilia,Passeriformes,127.635,1486.89,Endangered
Which serve,Actinopterygii,Primates,837.029,1743.56,Extinct in the Wild
About country,Actinopterygii,Primates,2348.472,890.3,Least Concern
How senior,Mammalia,Passeriformes,122.454,311.76,Extinct in the Wild
Early pass,Mammalia,Passeriformes,2675.737,321.16,Critically Endangered
Traditional style,Amphibia,Squamata,4220.996,576.21,Endangered
Indeed thus,Reptilia,Rodentia,1242.564,822.78,Critically Endangered
Former choose,Aves,Carnivora,2006.669,2730.83,Least Concern
Discussion out,Actinopterygii,Passeriformes,4504.859,1835.57,Near Threatened
Same pick,Amphibia,Anura,3526.254,1627.96,Extinct in the Wild
Social speech,Amphibia,Passeriformes,2832.539,680.67,Critically Endangered
Outside manage,Mammalia,Anura,3950.837,2122.47,Least Concern
Actually at,Reptilia,Primates,1670.102,2955.24,Least Concern
Break relate,Mammalia,Rodentia,631.447,733.61,Endangered
Hundred able,Actinopterygii,Rodentia,1391.659,2075.03,Endangered
Agreement throughout,Amphibia,Squamata,131.511,693.0,Critically Endangered
Two more,Amphibia,Passeriformes,209.302,1787.72,Near Threatened
Subject way,Mammalia,Primates,2809.857,381.48,Extinct in the Wild
Deep point,Amphibia,Rodentia,1883.15,2954.8,Near Threatened
Out sound,Amphibia,Primates,644.334,1609.94,Vulnerable
Majority threat,Reptilia,Squamata,2788.044,2172.16,Least Concern
Owner including,Amphibia,Passeriformes,4802.847,277.34,Vulnerable
Business miss,Amphibia,Carnivora,4964.682,61.78,Critically Endangered
Season artist,Aves,Anura,249.743,2871.38,Vulnerable
Experience behavior,Amphibia,Rodentia,4060.363,277.59,Endangered
Inside standard,Mammalia,Squamata,1294.904,356.44,Endangered
Never voice,Actinopterygii,Anura,2643.381,2004.53,Vulnerable
Into become,Mammalia,Rodentia,205.538,919.36,Extinct in the Wild
Deep prove,Amphibia,Squamata,4659.457,1999.87,Least Concern
Mother soldier,Reptilia,Carnivora,4370.019,672.81,Extinct in the Wild
Recent agent,Actinopterygii,Carnivora,2472.319,1433.81,Least Concern
Two including,Actinopterygii,Rodentia,337.13,619.83,Least Concern
No exist,Reptilia,Rodentia,4368.387,236.05,Endangered
Rate get,Actinopterygii,Anura,885.151,362.24,Least Concern
Partner hope,Aves,Rodentia,32.928,2444.79,Extinct in the Wild
Current forward,Amphibia,Anura,302.602,2084.1,Critically Endangered
Congress positive,Actinopterygii,Anura,2608.353,36.81,Near Threatened
They officer,Amphibia,Squamata,4615.597,2518.78,Vulnerable
Forward old,Actinopterygii,Primates,2292.356,65.74,Endangered
Final drug,Mammalia,Carnivora,3208.903,809.23,Endangered
Difference finally,Amphibia,Passeriformes,998.927,2631.84,Least Concern
Baby bank,Reptilia,Carnivora,3502.213,2267.99,Critically Endangered
General cold,Aves,Anura,1003.071,674.84,Critically Endangered
Second poor,Mammalia,Carnivora,3694.684,1273.3,Extinct in the Wild
Nation coach,Actinopterygii,Rodentia,4166.56,516.61,Near Threatened
Maybe growth,Actinopterygii,Passeriformes,1710.023,269.0,Extinct in the Wild
Activity hospital,Mammalia,Primates,1163.604,2532.92,Endangered
Manager without,Reptilia,Squamata,2936.417,1999.97,Endangered
Ability beyond,Mammalia,Squamata,564.785,1038.21,Vulnerable
Figure seven,Amphibia,Primates,856.072,237.74,Extinct in the Wild
Agent necessary,Aves,Primates,830.137,2196.69,Endangered
General might,Reptilia,Primates,3153.869,60.12,Critically Endangered
Behavior politics,Mammalia,Primates,643.45,647.55,Near Threatened
Authority bar,Aves,Squamata,4412.008,1874.61,Near Threatened
Community still,Reptilia,Rodentia,425.414,2024.26,Extinct in the Wild
Specific bad,Actinopterygii,Squamata,4950.969,427.4,Near Threatened
Manage imagine,Reptilia,Primates,4549.608,1316.31,Near Threatened
Decide buy,Reptilia,Carnivora,1173.39,1884.84,Extinct in the Wild
Cause world,Amphibia,Passeriformes,2084.755,2410.88,Endangered
Special reduce,Amphibia,Carnivora,4185.45,411.33,Vulnerable
Possible stay,Mammalia,Anura,1311.057,2338.16,Least Concern
Enter fine,Actinopterygii,Rodentia,2163.873,1267.29,Least Concern
Face education,Mammalia,Passeriformes,2352.355,2280.55,Critically Endangered
Figure than,Actinopterygii,Anura,3766.552,1504.73,Near Threatened
Who choose,Actinopterygii,Passeriformes,4495.188,555.36,Critically Endangered
Special never,Aves,Anura,3200.075,1028.95,Extinct in the Wild
Up fill,Amphibia,Passeriformes,4237.206,2569.87,Endangered
You artist,Mammalia,Rodentia,272.338,342.18,Endangered
Truth only,Amphibia,Carnivora,1222.054,176.04,Vulnerable
Man personal,Reptilia,Primates,4811.125,2430.84,Least Concern
Behind among,Reptilia,Primates,1137.839,2628.56,Least Concern
Write result,Aves,Carnivora,4207.493,1169.82,Near Threatened
Again seem,Actinopterygii,Carnivora,244.619,104.58,Critically Endangered
Nice send,Actinopterygii,Squamata,2856.696,472.17,Endangered
Soldier rather,Actinopterygii,Passeriformes,909.464,2720.01,Near Threatened
Account because,Amphibia,Primates,3266.582,86.97,Vulnerable
Can whom,Reptilia,Primates,1210.71,285.84,Endangered
Quickly media,Amphibia,Squamata,3886.774,2314.68,Near Threatened
Growth by,Mammalia,Anura,820.294,2095.95,Critically Endangered
Effect behind,Reptilia,Squamata,192.869,2162.09,Extinct in the Wild
Cell worker,Mammalia,Passeriformes,3899.82,89.13,Vulnerable
Simple there,Actinopterygii,Carnivora,3953.721,2965.59,Endangered
Too property,Actinopterygii,Carnivora,1755.589,2147.76,Near Threatened
But behavior,Aves,Squamata,2218.958,93.48,Near Threatened
Civil read,Actinopterygii,Squamata,447.893,293.9,Near Threatened
Agreement peace,Actinopterygii,Passeriformes,2177.136,2325.14,Endangered
Soon teacher,Actinopterygii,Primates,502.454,316.08,Vulnerable
Full nothing,Actinopterygii,Anura,2879.416,479.41,Critically Endangered
Agree decide,Actinopterygii,Carnivora,3942.826,1966.67,Critically Endangered
Political at,Actinopterygii,Primates,4276.768,1154.23,Near Threatened
Policy whose,Actinopterygii,Rodentia,282.389,1325.19,Critically Endangered
Million process,Aves,Rodentia,3986.168,2233.41,Vulnerable
Admit smile,Aves,Rodentia,4048.58,2800.61,Least Concern
Again owner,Actinopterygii,Carnivora,3274.012,1382.95,Vulnerable
Religious spring,Actinopterygii,Rodentia,4250.414,2370.94,Vulnerable
Approach word,Mammalia,Anura,4677.106,198.18,Vulnerable
Use onto,Reptilia,Rodentia,1295.249,408.1,Least Concern
Wonder together,Actinopterygii,Squamata,901.417,77.87,Endangered
Those kid,Aves,Squamata,1620.389,2248.3,Critically Endangered
Tv account,Reptilia,Squamata,2681.022,2316.69,Vulnerable
Head wonder,Amphibia,Rodentia,1020.423,900.67,Critically Endangered
Ready collection,Aves,Squamata,1487.885,1835.65,Vulnerable
Type standard,Reptilia,Anura,426.806,513.9,Near Threatened
Lay smile,Actinopterygii,Rodentia,1966.492,2857.69,Least Concern
Actually sort,Amphibia,Primates,2401.642,1625.18,Vulnerable
Join heart,Reptilia,Primates,1813.291,1318.76,Endangered
See pressure,Reptilia,Carnivora,2589.546,2309.25,Endangered
Others real,Reptilia,Anura,4320.765,924.13,Least Concern
Near themselves,Actinopterygii,Anura,4143.245,975.39,Endangered
Second well,Mammalia,Primates,2261.2,1558.42,Near Threatened
Hair memory,Aves,Passeriformes,2042.281,779.34,Extinct in the Wild
Movie be,Mammalia,Carnivora,2574.669,2266.05,Near Threatened
Four point,Actinopterygii,Anura,1627.545,1148.13,Extinct in the Wild
Trouble read,Mammalia,Anura,2463.907,1821.23,Near Threatened
Under action,Mammalia,Squamata,2831.622,2038.59,Extinct in the Wild
Begin goal,Amphibia,Anura,4006.338,868.36,Extinct in the Wild
Southern watch,Amphibia,Primates,4365.838,2717.09,Endangered
High might,Amphibia,Anura,2277.004,515.35,Least Concern
Deep answer,Actinopterygii,Passeriformes,3752.923,508.02,Critically Endangered
Paper since,Aves,Passeriformes,4758.155,2226.73,Near Threatened
Knowledge process,Actinopterygii,Passeriformes,3301.482,431.55,Endangered
Significant kid,Mammalia,Squamata,1255.285,2498.86,Near Threatened
Bar brother,Aves,Carnivora,963.909,574.03,Endangered
Vote early,Mammalia,Anura,903.851,2777.63,Critically Endangered
Student skill,Mammalia,Anura,4295.916,2884.67,Near Threatened
Develop music,Actinopterygii,Rodentia,1208.37,1527.2,Near Threatened
Realize bad,Mammalia,Primates,3956.178,2595.2,Near Threatened
Think purpose,Amphibia,Squamata,1240.956,2871.58,Near Threatened
Threat senior,Amphibia,Carnivora,4951.927,1243.39,Critically Endangered
Check end,Aves,Primates,344.72,569.16,Near Threatened
