compound,formula,mw,pka,solubility_mg_ml,class
Urea,C11H39N4O4,580.14,5.89,321.982,Amide
Dopamine,C10H22N4O1,568.99,9.86,291.946,Lipid
Adrenaline,C11H21N1O0,792.53,5.48,368.738,Alkaloid
Urea,C1H1N0O7,101.45,9.76,436.256,Alcohol
Glucose,C1H6N3O10,759.89,8.8,573.81,Neurotransmitter
Urea,C14H23N2O4,902.7,4.82,542.268,Alcohol
Urea,C12H20N4O6,705.44,6.62,435.226,Organic Compound
Adenosine triphosphate,C9H8N4O6,741.98,N/A,254.033,Alkaloid
Caffeine,C3H19N4O8,540.23,4.57,990.278,Nucleotide
Glucose,C2H23N1O1,228.57,1.63,211.471,Neurotransmitter
Urea,C4H30N4O9,883.02,N/A,506.949,Amide
Serotonin,C9H11N1O4,194.14,11.33,235.843,Hormone
Serotonin,C12H16N3O5,687.44,N/A,246.326,Neurotransmitter
Dopamine,C20H32N2O5,264.05,3.83,323.885,Neurotransmitter
Cholesterol,C19H14N1O10,517.28,N/A,589.517,Nucleotide
Serotonin,C17H24N2O6,56.01,8.83,834.762,Hormone
Aspirin,C15H5N1O4,286.33,3.77,640.851,Organic Compound
Urea,C8H7N1O0,96.92,2.41,935.371,Alkaloid
Aspirin,C5H16N3O5,919.53,9.62,11.428,Amide
Cholesterol,C4H35N3O1,794.11,1.98,895.48,Amide
Caffeine,C5H21N2O9,888.7,2.26,945.054,Alcohol
Aspirin,C17H6N0O3,707.04,11.54,520.785,Alcohol
Cholesterol,C11H35N0O0,931.21,1.88,610.648,Nucleotide
Dopamine,C18H11N3O0,537.25,4.44,896.322,Alcohol
Ethanol,C3H19N1O10,558.76,N/A,484.199,Organic Compound
Ethanol,C5H32N2O6,555.7,2.47,266.821,Nucleotide
Adenosine triphosphate,C12H13N1O4,433.12,10.95,839.885,Alkaloid
Adrenaline,C17H26N1O1,436.16,9.72,651.502,Nucleotide
Cholesterol,C1H31N3O0,694.56,N/A,224.64,Neurotransmitter
Serotonin,C16H25N2O5,819.29,3.96,812.6,Nucleotide
Adenosine triphosphate,C1H34N5O4,594.36,4.0,857.089,Carbohydrate
Adrenaline,C10H22N5O0,219.16,4.91,10.785,Nucleotide
Glucose,C15H9N1O5,105.97,4.52,106.011,Hormone
Glucose,C6H25N1O4,88.97,13.0,169.807,Nucleotide
Urea,C11H18N2O3,179.55,N/A,414.127,Amide
Cholesterol,C18H3N0O1,908.09,6.84,162.681,Hormone
Aspirin,C2H19N3O0,707.19,N/A,986.43,Amide
Ethanol,C5H31N2O9,673.07,N/A,348.178,Organic Compound
Serotonin,C13H20N4O9,94.91,13.92,725.146,Hormone
Dopamine,C3H37N4O1,231.42,4.99,509.287,Alcohol
Dopamine,C6H36N0O9,609.06,7.42,740.94,Alcohol
Glucose,C10H4N2O10,549.88,11.94,679.322,Lipid
Ethanol,C17H15N2O4,504.28,9.34,51.107,Amide
Caffeine,C2H9N4O5,175.55,2.62,889.266,Carbohydrate
Adenosine triphosphate,C14H36N4O4,447.63,8.75,987.701,Organic Compound
Aspirin,C12H30N4O4,435.55,1.02,414.896,Neurotransmitter
Adenosine triphosphate,C11H7N3O10,955.14,12.4,190.539,Organic Compound
Serotonin,C12H20N0O9,419.21,N/A,287.05,Hormone
Aspirin,C10H10N3O3,709.27,2.51,737.043,Alkaloid
Urea,C8H1N3O5,288.8,12.78,372.813,Organic Compound
Cholesterol,C16H19N0O2,199.07,11.32,934.955,Carbohydrate
Urea,C9H24N5O5,607.08,N/A,112.946,Hormone
Caffeine,C17H33N4O7,537.11,5.11,859.39,Carbohydrate
Serotonin,C5H20N0O7,761.8,9.53,200.429,Lipid
Aspirin,C12H1N3O1,90.72,11.47,49.923,Amide
Ethanol,C6H1N2O2,497.57,13.36,520.626,Lipid
Caffeine,C6H3N1O7,351.22,8.89,670.329,Nucleotide
Serotonin,C14H25N5O9,941.04,12.18,656.81,Organic Compound
Ethanol,C8H10N3O7,794.77,5.69,545.583,Lipid
Aspirin,C3H27N2O9,149.5,13.72,621.524,Carbohydrate
Aspirin,C6H30N4O4,440.89,12.4,378.444,Organic Compound
Ethanol,C19H38N5O1,572.25,7.42,519.194,Lipid
Serotonin,C17H9N5O3,799.62,N/A,377.104,Organic Compound
Ethanol,C11H4N5O2,466.08,N/A,167.345,Alcohol
Serotonin,C2H5N2O9,485.48,9.36,948.952,Amide
Glucose,C14H21N4O3,687.0,N/A,288.139,Hormone
Urea,C13H7N3O4,154.02,1.01,728.039,Alkaloid
Aspirin,C6H6N5O1,244.16,5.98,743.566,Alcohol
Cholesterol,C8H37N0O7,184.86,5.92,563.658,Neurotransmitter
Caffeine,C20H15N3O5,869.45,1.62,48.666,Lipid
Ethanol,C10H10N2O10,365.04,8.21,56.336,Nucleotide
Serotonin,C17H3N4O7,419.31,9.71,927.291,Nucleotide
Aspirin,C20H39N0O7,282.36,6.48,759.557,Hormone
Adenosine triphosphate,C4H22N3O8,513.08,13.32,866.38,Neurotransmitter
Adenosine triphosphate,C13H12N2O5,500.82,9.96,988.292,Organic Compound
Adrenaline,C15H24N0O4,531.62,1.45,212.41,Carbohydrate
Aspirin,C6H36N5O8,484.25,N/A,813.512,Neurotransmitter
Adrenaline,C16H22N1O10,283.65,11.6,894.837,Neurotransmitter
Ethanol,C9H19N3O6,294.86,N/A,822.852,Hormone
Glucose,C9H33N1O8,982.27,N/A,674.078,Carbohydrate
Caffeine,C7H11N1O1,979.53,N/A,853.946,Lipid
Glucose,C2H21N3O2,79.59,7.98,70.272,Organic Compound
Urea,C19H11N0O1,852.67,5.66,88.505,Nucleotide
Caffeine,C13H27N0O9,627.55,1.42,816.81,Carbohydrate
Serotonin,C12H23N0O8,882.58,12.9,156.005,Neurotransmitter
Cholesterol,C11H27N2O4,586.28,13.03,783.173,Alcohol
Glucose,C8H28N3O0,164.64,N/A,605.619,Nucleotide
Adenosine triphosphate,C18H23N1O2,974.28,N/A,143.441,Neurotransmitter
Adenosine triphosphate,C19H32N2O9,860.25,2.53,951.077,Nucleotide
Adenosine triphosphate,C17H25N0O0,272.49,8.75,965.044,Lipid
Serotonin,C8H12N1O2,816.13,6.02,891.3,Organic Compound
Glucose,C16H2N5O2,402.08,5.69,334.919,Alcohol
Urea,C20H6N0O0,733.86,2.67,374.332,Lipid
Aspirin,C14H32N0O8,623.01,13.19,682.141,Organic Compound
Aspirin,C1H5N3O4,154.86,3.66,622.886,Organic Compound
Adenosine triphosphate,C19H21N5O4,114.74,4.31,915.391,Lipid
Glucose,C3H24N1O2,255.92,8.1,68.062,Hormone
Adenosine triphosphate,C11H27N1O7,723.06,5.77,578.629,Amide
Dopamine,C6H19N4O5,303.69,4.1,851.101,Hormone
Adrenaline,C9H27N4O7,605.17,2.24,832.327,Hormone
Aspirin,C11H21N3O2,577.63,N/A,324.027,Hormone
Aspirin,C6H27N2O7,222.67,5.61,726.343,Amide
Ethanol,C3H3N0O2,703.66,6.43,192.187,Hormone
Urea,C8H34N3O8,970.73,2.96,632.088,Alcohol
Caffeine,C3H37N4O5,114.59,N/A,452.459,Carbohydrate
Aspirin,C3H14N2O8,858.16,5.37,99.239,Hormone
Adenosine triphosphate,C7H22N5O6,784.11,7.82,202.323,Neurotransmitter
Adrenaline,C2H21N2O6,257.83,7.34,172.014,Alcohol
Dopamine,C15H37N4O6,285.93,6.31,211.821,Amide
Ethanol,C19H29N0O9,456.87,N/A,569.762,Neurotransmitter
Aspirin,C8H27N2O2,283.43,N/A,429.26,Alkaloid
Glucose,C5H10N2O5,597.94,2.37,94.985,Hormone
Serotonin,C14H13N4O8,248.1,5.31,963.734,Lipid
Ethanol,C11H9N4O8,381.5,N/A,853.741,Lipid
Dopamine,C4H7N5O8,857.76,2.08,863.874,Alkaloid
Aspirin,C2H1N2O10,781.86,1.8,389.351,Nucleotide
Urea,C1H1N1O7,102.36,N/A,544.578,Nucleotide
Aspirin,C19H32N3O10,771.09,6.46,531.454,Hormone
Ethanol,C7H32N5O9,825.73,10.3,365.988,Organic Compound
Adenosine triphosphate,C5H34N3O9,312.91,11.17,273.638,Amide
Ethanol,C4H11N5O6,213.21,12.3,1.253,Alkaloid
Ethanol,C11H3N5O4,902.68,N/A,12.829,Organic Compound
Adrenaline,C4H5N2O2,782.74,7.78,812.995,Carbohydrate
Glucose,C9H7N2O6,510.34,11.33,428.696,Neurotransmitter
Glucose,C5H12N0O3,167.32,10.65,474.448,Hormone
Serotonin,C8H3N3O6,232.94,N/A,340.232,Neurotransmitter
Adenosine triphosphate,C12H15N2O5,472.3,2.78,18.47,Alkaloid
Caffeine,C4H24N1O0,807.35,1.32,832.042,Hormone
Dopamine,C13H36N0O2,914.54,5.57,661.488,Organic Compound
Glucose,C4H9N5O9,233.64,7.89,186.155,Amide
Adenosine triphosphate,C13H25N0O8,59.06,12.67,367.128,Alcohol
Serotonin,C20H11N3O4,448.54,12.16,206.483,Hormone
Aspirin,C9H27N0O5,99.75,N/A,195.462,Neurotransmitter
Glucose,C19H39N3O2,890.07,7.46,897.072,Carbohydrate
Adenosine triphosphate,C4H30N2O4,692.17,5.83,655.636,Organic Compound
Glucose,C14H39N5O5,578.28,8.96,553.013,Organic Compound
Serotonin,C11H14N4O1,86.95,N/A,609.536,Hormone
Cholesterol,C20H31N5O9,634.84,11.75,490.325,Lipid
Dopamine,C2H30N5O4,726.47,11.68,864.36,Amide
Serotonin,C12H40N1O8,929.22,12.15,715.006,Organic Compound
Serotonin,C9H38N2O2,391.23,N/A,43.102,Carbohydrate
Caffeine,C8H28N1O3,797.4,2.87,790.1,Alcohol
Aspirin,C20H32N4O10,869.55,12.0,260.914,Organic Compound
Adrenaline,C18H26N3O1,557.73,8.55,64.714,Organic Compound
Ethanol,C10H12N5O1,519.6,N/A,639.839,Organic Compound
Cholesterol,C4H19N2O3,62.92,1.34,606.467,Alkaloid
Urea,C3H25N2O1,217.14,7.15,702.251,Hormone
Dopamine,C14H17N4O1,603.28,7.06,521.284,Lipid
Adenosine triphosphate,C8H1N2O0,138.99,5.16,701.503,Amide
Urea,C4H28N3O9,994.23,N/A,955.845,Alcohol
Adenosine triphosphate,C12H31N0O9,74.98,13.23,388.091,Nucleotide
Dopamine,C18H27N2O6,357.14,10.95,881.366,Neurotransmitter
Cholesterol,C13H10N3O0,325.64,4.28,47.329,Alcohol
Caffeine,C13H3N0O9,673.89,13.05,365.824,Neurotransmitter
Adenosine triphosphate,C20H17N4O4,779.04,4.24,691.906,Lipid
Ethanol,C20H7N2O10,758.51,7.38,64.55,Alkaloid
Cholesterol,C10H32N4O7,413.62,9.64,134.346,Amide
Adrenaline,C13H40N4O8,121.16,N/A,918.844,Alkaloid
Adenosine triphosphate,C14H8N0O7,153.96,N/A,574.169,Organic Compound
Cholesterol,C7H14N3O2,581.95,N/A,635.284,Carbohydrate
Glucose,C13H15N5O9,232.39,1.21,974.813,Neurotransmitter
Ethanol,C10H4N1O6,340.31,1.39,388.837,Neurotransmitter
Caffeine,C14H17N0O4,74.87,7.31,417.667,Carbohydrate
Glucose,C9H1N1O10,796.06,9.43,445.369,Carbohydrate
Cholesterol,C12H18N1O7,827.08,11.42,619.26,Neurotransmitter
Adenosine triphosphate,C8H21N3O2,540.35,N/A,730.201,Amide
Adenosine triphosphate,C20H29N0O6,379.28,N/A,180.531,Lipid
Glucose,C3H36N1O3,836.4,8.37,739.806,Nucleotide
Urea,C18H5N4O9,316.62,7.59,463.861,Neurotransmitter
Adenosine triphosphate,C13H8N0O1,993.74,N/A,26.997,Alkaloid
Glucose,C6H26N5O8,225.56,10.93,983.582,Nucleotide
Glucose,C11H6N5O1,331.73,1.26,249.567,Alkaloid
Adenosine triphosphate,C14H6N4O10,165.64,5.31,809.582,Alkaloid
Adrenaline,C2H10N5O10,526.4,4.93,520.562,Hormone
Dopamine,C7H32N0O2,668.43,7.18,585.897,Organic Compound
Cholesterol,C18H7N5O7,247.72,10.18,401.652,Hormone
Caffeine,C8H30N2O4,780.18,N/A,432.892,Alkaloid
Serotonin,C17H31N2O9,341.59,13.24,49.544,Lipid
Aspirin,C2H3N0O4,99.2,3.79,808.844,Amide
Adenosine triphosphate,C2H24N3O4,139.61,13.29,977.058,Alkaloid
Adenosine triphosphate,C1H14N3O5,63.4,6.37,102.162,Carbohydrate
Ethanol,C18H19N0O2,228.67,1.38,762.279,Lipid
Serotonin,C5H38N0O7,60.53,N/A,97.769,Organic Compound
Ethanol,C1H7N4O4,303.47,13.92,501.48,Carbohydrate
Adenosine triphosphate,C20H10N5O2,360.12,N/A,183.445,Alkaloid
Urea,C5H32N3O0,845.42,3.5,479.232,Amide
Adenosine triphosphate,C7H20N3O3,619.07,8.5,967.131,Nucleotide
Adrenaline,C5H18N0O5,474.66,7.76,895.746,Neurotransmitter
Serotonin,C9H27N5O8,226.35,1.74,676.402,Carbohydrate
Urea,C18H14N0O3,262.07,11.93,916.526,Alcohol
Dopamine,C5H7N5O10,606.35,8.47,366.737,Neurotransmitter
Adenosine triphosphate,C9H16N3O7,552.18,9.4,278.638,Alkaloid
Glucose,C19H1N3O4,833.51,5.45,352.33,Alcohol
Adrenaline,C9H26N1O1,877.33,9.85,462.909,Nucleotide
Glucose,C17H12N2O3,734.91,1.64,980.439,Neurotransmitter
Urea,C2H37N0O10,546.33,10.33,113.855,Alcohol
Adrenaline,C17H6N2O10,723.71,6.87,27.304,Neurotransmitter
Adenosine triphosphate,C6H2N1O1,639.4,N/A,284.096,Carbohydrate
Ethanol,C6H17N0O4,412.92,N/A,454.983,Alkaloid
Serotonin,C10H5N3O2,92.86,9.92,223.23,Carbohydrate
Cholesterol,C1H36N3O5,844.56,11.57,181.095,Alcohol
Adrenaline,C20H1N0O7,751.01,8.14,213.012,Lipid
Serotonin,C7H12N1O9,381.93,3.13,682.976,Alkaloid
Urea,C3H19N3O6,146.69,N/A,246.041,Lipid
Adrenaline,C18H6N0O1,759.57,12.22,618.596,Alcohol
Dopamine,C20H7N2O5,359.29,6.28,516.498,Nucleotide
Adrenaline,C16H8N0O3,293.13,3.93,575.999,Alcohol
Urea,C2H34N1O9,507.29,13.46,882.584,Neurotransmitter
Serotonin,C18H39N4O0,358.22,13.41,912.657,Amide
Adrenaline,C16H7N2O2,285.06,N/A,467.296,Organic Compound
Glucose,C15H1N5O1,915.31,13.35,410.07,Alkaloid
Cholesterol,C11H26N0O2,292.64,1.24,202.797,Alcohol
Urea,C3H31N2O0,540.08,7.28,884.584,Neurotransmitter
Adenosine triphosphate,C3H7N1O4,702.64,10.0,494.268,Lipid
Adenosine triphosphate,C11H5N3O8,839.51,9.07,724.624,Amide
Adenosine triphosphate,C17H11N1O1,72.53,4.02,893.026,Nucleotide
Aspirin,C10H11N3O1,788.52,9.19,445.314,Alcohol
Adenosine triphosphate,C1H26N3O0,954.21,3.05,81.337,Hormone
Dopamine,C20H32N4O5,372.03,11.0,598.156,Amide
Adenosine triphosphate,C6H28N0O1,296.53,9.64,14.309,Organic Compound
Serotonin,C13H36N1O1,102.72,3.31,958.267,Organic Compound
Cholesterol,C19H24N5O8,635.97,6.78,901.895,Amide
Adenosine triphosphate,C7H36N4O7,585.89,7.11,162.644,Organic Compound
Dopamine,C7H19N4O9,405.81,5.7,978.176,Amide
Cholesterol,C12H36N3O10,923.76,7.94,483.543,Lipid
Aspirin,C7H33N4O5,612.35,13.86,72.174,Neurotransmitter
Aspirin,C13H35N4O10,552.03,N/A,350.703,Hormone
Cholesterol,C6H10N4O2,503.35,5.52,378.122,Alcohol
Cholesterol,C14H12N0O5,838.2,4.7,437.266,Nucleotide
Dopamine,C2H30N4O8,140.91,N/A,471.449,Carbohydrate
Adenosine triphosphate,C4H21N4O0,671.91,6.71,907.175,Lipid
Ethanol,C10H2N2O2,271.16,7.75,433.356,Amide
Glucose,C1H5N2O6,436.77,2.8,522.767,Lipid
Urea,C19H26N0O7,80.62,7.46,409.687,Nucleotide
Cholesterol,C14H21N4O4,444.73,7.95,147.45,Alkaloid
Serotonin,C7H22N1O0,931.94,5.16,115.07,Nucleotide
Serotonin,C4H30N1O10,268.02,11.52,944.787,Alcohol
Serotonin,C20H3N1O6,574.12,N/A,293.846,Hormone
Glucose,C10H14N1O10,310.37,3.69,649.502,Alcohol
Dopamine,C15H27N4O8,394.25,11.21,744.58,Alkaloid
Urea,C15H38N1O5,469.42,3.11,649.215,Nucleotide
Dopamine,C19H15N0O3,71.8,6.56,823.531,Hormone
Adenosine triphosphate,C4H39N0O0,187.02,8.79,117.622,Neurotransmitter
Adenosine triphosphate,C9H17N1O9,668.18,10.54,882.24,Amide
Adenosine triphosphate,C3H15N4O4,860.89,N/A,541.701,Lipid
Ethanol,C13H6N1O0,601.28,7.72,627.322,Carbohydrate
Urea,C12H30N0O6,952.08,10.37,507.024,Neurotransmitter
Serotonin,C5H1N5O10,403.21,13.41,607.152,Amide
Glucose,C16H21N3O4,795.03,8.31,621.735,Carbohydrate
Cholesterol,C19H6N5O9,526.59,6.86,895.33,Lipid
Cholesterol,C12H40N0O4,367.78,N/A,347.845,Nucleotide
Cholesterol,C12H28N2O1,499.59,5.34,760.872,Lipid
Dopamine,C20H10N3O4,346.81,8.12,521.414,Hormone
Cholesterol,C17H17N3O3,295.19,9.31,470.643,Alkaloid
Dopamine,C6H8N4O5,507.93,5.01,352.064,Organic Compound
Adenosine triphosphate,C13H17N1O5,538.34,N/A,379.832,Alkaloid
Adenosine triphosphate,C8H32N1O2,70.03,11.27,307.901,Lipid
Glucose,C4H37N5O7,514.56,8.92,140.137,Organic Compound
Urea,C20H9N5O2,809.32,N/A,853.425,Hormone
Caffeine,C20H37N3O3,821.88,10.94,189.363,Amide
Glucose,C9H27N0O0,140.49,7.67,57.008,Amide
Adenosine triphosphate,C7H10N0O0,414.02,6.47,397.375,Hormone
Dopamine,C5H3N2O10,631.33,N/A,59.248,Hormone
Glucose,C3H27N5O0,563.97,1.32,209.48,Neurotransmitter
Ethanol,C1H29N3O10,198.14,13.29,805.231,Lipid
Adenosine triphosphate,C18H2N2O1,954.43,8.18,224.187,Nucleotide
Adenosine triphosphate,C9H22N4O1,744.91,12.2,199.805,Organic Compound
Caffeine,C4H10N2O6,122.03,13.89,738.355,Alkaloid
Dopamine,C13H37N3O10,205.86,N/A,835.06,Amide
Aspirin,C17H24N4O7,999.3,10.8,559.033,Lipid
Adenosine triphosphate,C12H11N2O7,911.33,7.25,518.459,Alcohol
Caffeine,C3H20N2O0,679.08,3.44,588.179,Carbohydrate
Caffeine,C8H22N3O5,468.45,9.21,262.245,Lipid
Cholesterol,C14H19N3O6,994.27,N/A,340.003,Carbohydrate
Urea,C15H14N4O5,397.87,10.24,697.015,Alcohol
Ethanol,C14H24N0O9,806.74,11.09,742.979,Lipid
Dopamine,C17H24N2O0,953.95,N/A,461.644,Hormone
Serotonin,C11H24N3O7,544.31,12.52,117.914,Nucleotide
Aspirin,C12H10N3O6,259.35,2.76,974.062,Carbohydrate
Dopamine,C3H30N5O0,421.92,N/A,312.342,Alcohol
Adrenaline,C15H29N3O6,158.51,11.38,637.457,Neurotransmitter
Ethanol,C16H39N5O4,651.48,N/A,13.572,Lipid
Urea,C16H2N5O6,934.04,N/A,0.2,Nucleotide
Ethanol,C9H37N0O0,172.79,3.31,392.406,Alcohol
Glucose,C9H23N4O10,442.46,N/A,483.688,Amide
Aspirin,C19H10N2O1,817.41,5.24,652.333,Carbohydrate
Urea,C2H16N5O3,522.13,N/A,456.44,Alcohol
Aspirin,C5H9N1O7,189.02,13.07,513.638,Carbohydrate
Adrenaline,C20H13N1O6,425.71,8.61,481.435,Neurotransmitter
Dopamine,C13H4N5O10,721.61,2.65,515.364,Hormone
Ethanol,C15H31N4O8,786.2,2.41,106.237,Organic Compound
Ethanol,C8H30N5O3,571.55,N/A,614.038,Organic Compound
Adrenaline,C1H1N3O10,680.37,N/A,160.579,Nucleotide
Adenosine triphosphate,C3H34N5O8,546.78,12.72,654.956,Organic Compound
Caffeine,C15H11N3O3,723.62,9.03,983.415,Carbohydrate
Aspirin,C17H7N0O1,888.08,3.18,161.298,Amide
Aspirin,C18H8N3O0,478.55,9.12,91.018,Carbohydrate
Dopamine,C10H18N0O6,275.47,6.48,275.326,Lipid
Ethanol,C6H23N1O0,838.32,N/A,389.211,Lipid
Urea,C16H18N5O6,515.96,2.2,67.599,Hormone
Cholesterol,C15H21N1O1,733.99,1.38,808.276,Neurotransmitter
Aspirin,C10H31N1O3,560.91,10.84,513.744,Carbohydrate
Serotonin,C12H11N3O4,404.03,6.52,432.606,Hormone
Dopamine,C11H40N3O4,756.54,1.58,147.37,Nucleotide
Glucose,C17H26N2O6,624.29,3.79,997.575,Neurotransmitter
Dopamine,C16H18N5O9,122.73,9.22,242.19,Hormone
Adrenaline,C2H31N1O10,66.01,7.49,881.449,Nucleotide
Glucose,C13H20N2O7,169.56,5.16,768.952,Alcohol
Urea,C17H13N3O4,254.47,2.94,82.096,Hormone
Urea,C16H3N4O6,82.0,N/A,648.0,Carbohydrate
Glucose,C6H20N4O4,490.28,5.65,291.691,Organic Compound
Ethanol,C19H4N2O9,518.83,8.89,517.886,Hormone
Cholesterol,C8H38N5O8,705.18,4.43,274.276,Alcohol
Glucose,C16H20N1O2,959.55,6.2,911.064,Amide
Adrenaline,C19H10N3O7,927.88,N/A,151.553,Hormone
Serotonin,C7H6N4O4,651.09,N/A,873.471,Lipid
Aspirin,C20H11N0O0,909.39,2.14,128.284,Alkaloid
Ethanol,C7H11N0O1,225.97,8.9,184.207,Amide
Adrenaline,C19H17N1O7,208.27,6.81,394.039,Organic Compound
Caffeine,C16H3N2O2,92.72,11.05,583.95,Lipid
Cholesterol,C14H18N4O3,363.61,12.36,265.346,Lipid
Cholesterol,C7H8N4O8,252.37,N/A,79.439,Neurotransmitter
Cholesterol,C8H36N3O8,301.96,10.4,864.411,Hormone
Adrenaline,C18H31N0O10,687.56,3.28,97.121,Nucleotide
Urea,C16H33N2O0,894.96,13.73,56.634,Carbohydrate
Adrenaline,C12H12N5O3,451.57,2.66,503.696,Lipid
Serotonin,C16H1N2O1,159.81,5.55,652.019,Carbohydrate
Adenosine triphosphate,C5H4N4O0,200.67,6.58,111.803,Hormone
Cholesterol,C3H25N5O3,802.83,5.1,789.26,Nucleotide
Serotonin,C4H3N1O6,766.92,2.84,546.283,Hormone
Adrenaline,C8H5N2O6,211.59,10.86,136.623,Alkaloid
Adrenaline,C3H27N3O0,726.1,6.96,699.449,Nucleotide
Adrenaline,C17H36N5O2,648.54,13.41,486.708,Organic Compound
Cholesterol,C15H17N1O3,582.09,11.44,91.862,Carbohydrate
Ethanol,C19H24N2O0,647.44,N/A,536.748,Alcohol
Adrenaline,C10H36N2O0,463.15,N/A,59.899,Amide
Adenosine triphosphate,C12H3N1O10,702.5,11.05,279.733,Nucleotide
Adenosine triphosphate,C1H30N3O4,490.24,4.13,256.081,Alcohol
Dopamine,C17H9N1O8,59.27,2.43,783.944,Nucleotide
Caffeine,C15H35N0O5,208.16,N/A,993.766,Nucleotide
Cholesterol,C20H34N3O9,119.29,N/A,345.356,Carbohydrate
Aspirin,C1H6N5O1,526.36,1.94,425.968,Amide
Glucose,C17H40N1O2,698.54,N/A,50.366,Amide
Serotonin,C20H33N2O4,553.95,5.79,747.931,Hormone
Glucose,C11H28N0O5,162.14,N/A,840.585,Alkaloid
Ethanol,C15H22N4O7,778.99,13.67,417.859,Lipid
Caffeine,C13H5N4O2,806.29,1.4,918.383,Alcohol
Ethanol,C4H7N4O2,877.78,5.46,474.221,Organic Compound
Cholesterol,C16H37N1O5,725.42,12.11,242.468,Alkaloid
Ethanol,C12H2N3O1,345.87,N/A,648.753,Lipid
Glucose,C20H15N0O5,460.09,1.0,997.985,Alkaloid
Cholesterol,C3H29N0O7,547.21,4.08,385.49,Amide
Adenosine triphosphate,C6H23N1O0,874.98,3.36,290.189,Amide
Caffeine,C3H28N3O2,240.71,2.08,167.954,Hormone
Glucose,C4H33N3O2,110.37,11.55,353.323,Hormone
Urea,C6H30N3O2,805.88,12.02,697.421,Carbohydrate
Caffeine,C2H27N4O9,484.89,N/A,625.053,Hormone
Adenosine triphosphate,C14H12N2O7,971.11,1.79,998.69,Lipid
Caffeine,C13H31N3O4,911.81,6.33,959.871,Neurotransmitter
Adrenaline,C11H35N4O2,931.75,10.94,257.177,Alcohol
Urea,C5H7N1O7,124.07,N/A,359.191,Nucleotide
Adrenaline,C12H17N4O5,410.66,5.66,484.362,Alcohol
Adenosine triphosphate,C8H11N2O0,664.15,N/A,764.503,Nucleotide
Adenosine triphosphate,C19H13N5O9,304.71,13.77,984.079,Alcohol
Dopamine,C4H6N1O6,636.0,N/A,246.181,Amide
Urea,C20H6N1O10,117.54,N/A,158.544,Carbohydrate
Aspirin,C10H8N4O5,192.29,7.27,590.687,Lipid
Ethanol,C19H14N4O4,155.6,N/A,547.485,Lipid
Adrenaline,C20H30N3O9,773.08,N/A,635.258,Hormone
Aspirin,C6H37N4O9,547.98,3.19,705.516,Lipid
Ethanol,C4H8N4O3,489.69,12.75,751.204,Lipid
Adenosine triphosphate,C10H22N2O0,916.9,9.53,542.43,Lipid
Aspirin,C17H18N0O3,803.13,13.68,443.88,Alkaloid
Caffeine,C6H29N4O5,291.0,11.06,471.902,Alcohol
Adrenaline,C9H37N3O9,396.4,9.81,362.429,Carbohydrate
Aspirin,C12H8N1O1,869.46,8.21,675.664,Alcohol
Caffeine,C8H20N1O8,430.43,4.08,422.758,Hormone
Dopamine,C3H23N4O9,585.48,9.24,359.407,Neurotransmitter
Ethanol,C6H8N2O10,341.07,N/A,59.953,Carbohydrate
Cholesterol,C1H17N3O3,663.35,12.85,135.381,Amide
Cholesterol,C9H10N5O5,890.3,2.4,614.158,Organic Compound
Cholesterol,C18H35N1O0,213.54,N/A,933.761,Amide
Caffeine,C2H8N2O2,232.16,N/A,136.074,Carbohydrate
Cholesterol,C9H26N3O6,967.55,3.9,827.895,Hormone
Glucose,C11H1N4O6,616.17,2.93,58.75,Nucleotide
Cholesterol,C19H19N2O8,669.9,8.84,30.334,Alcohol
Urea,C11H6N0O10,335.62,N/A,654.487,Hormone
Cholesterol,C10H32N4O5,277.43,5.68,771.34,Nucleotide
Urea,C7H18N4O1,896.0,N/A,898.793,Carbohydrate
Aspirin,C18H40N2O1,81.74,6.59,308.829,Alcohol
Cholesterol,C1H11N0O9,616.93,N/A,797.028,Organic Compound
Cholesterol,C20H17N2O2,978.42,9.2,254.549,Neurotransmitter
Serotonin,C7H13N2O5,361.78,N/A,836.822,Organic Compound
Dopamine,C1H23N4O8,672.79,11.36,162.312,Lipid
Adrenaline,C15H24N3O1,199.96,11.53,669.679,Organic Compound
Aspirin,C13H30N1O6,354.06,N/A,701.371,Carbohydrate
Aspirin,C9H38N0O1,301.61,9.29,859.329,Carbohydrate
Dopamine,C13H34N2O2,138.32,N/A,825.536,Carbohydrate
Ethanol,C1H10N4O9,326.88,6.22,535.846,Hormone
Dopamine,C3H2N4O8,375.8,11.51,106.135,Nucleotide
Ethanol,C8H37N5O9,690.61,N/A,977.149,Hormone
Cholesterol,C9H4N1O2,295.03,11.71,771.807,Organic Compound
Aspirin,C15H10N1O4,771.01,5.57,130.427,Amide
Aspirin,C1H20N3O3,771.4,9.03,733.368,Amide
Urea,C11H32N2O1,443.98,2.38,232.65,Hormone
Adenosine triphosphate,C16H28N1O5,494.65,12.06,427.689,Alcohol
Dopamine,C10H12N2O8,668.78,N/A,490.656,Carbohydrate
Serotonin,C17H6N3O0,496.58,3.33,114.603,Lipid
Dopamine,C17H24N1O0,112.57,7.09,212.272,Nucleotide
Glucose,C11H29N3O4,847.15,7.1,286.385,Neurotransmitter
Adrenaline,C1H15N4O7,109.6,1.16,743.684,Amide
Serotonin,C5H35N3O9,682.26,5.47,49.803,Nucleotide
Ethanol,C6H32N4O3,942.13,1.44,800.689,Neurotransmitter
Dopamine,C9H28N0O7,601.34,4.13,210.328,Nucleotide
Ethanol,C7H25N3O6,245.64,10.18,879.462,Nucleotide
Dopamine,C11H24N1O1,993.58,11.02,194.164,Nucleotide
Cholesterol,C14H28N1O5,998.44,5.97,764.498,Nucleotide
Adenosine triphosphate,C20H28N2O2,420.87,13.79,226.51,Hormone
Adrenaline,C20H12N0O5,243.26,11.61,272.481,Lipid
Dopamine,C5H22N0O0,540.33,5.08,938.999,Alkaloid
Adenosine triphosphate,C16H1N2O1,779.49,9.41,542.406,Lipid
Caffeine,C8H15N5O0,220.92,5.62,484.922,Alcohol
Dopamine,C17H24N2O5,843.7,13.1,40.029,Carbohydrate
Dopamine,C3H9N0O1,67.43,7.4,156.767,Carbohydrate
Dopamine,C13H23N3O10,510.96,8.41,682.123,Carbohydrate
Ethanol,C10H14N3O7,304.68,1.34,835.046,Nucleotide
Urea,C17H23N3O7,727.97,8.37,751.353,Hormone
Glucose,C16H34N2O9,574.11,N/A,272.691,Amide
Urea,C20H31N0O2,407.57,N/A,907.119,Hormone
Adenosine triphosphate,C12H26N3O8,907.04,12.46,352.044,Amide
Caffeine,C18H36N5O1,231.26,3.26,728.878,Organic Compound
Cholesterol,C12H38N4O2,248.78,N/A,815.501,Lipid
Dopamine,C2H33N4O4,346.95,13.4,633.046,Neurotransmitter
Aspirin,C7H32N1O8,516.14,4.26,267.395,Amide
Glucose,C19H12N4O7,958.02,2.83,883.026,Hormone
Ethanol,C3H12N0O8,549.48,4.16,521.409,Amide
Adenosine triphosphate,C2H6N0O9,805.65,6.02,49.493,Carbohydrate
Ethanol,C20H8N0O4,653.12,2.58,12.69,Lipid
Adenosine triphosphate,C4H10N1O4,175.52,N/A,732.202,Nucleotide
Ethanol,C11H37N3O1,729.24,7.08,499.479,Carbohydrate
Adrenaline,C9H24N1O0,562.56,5.97,765.928,Nucleotide
Cholesterol,C16H7N5O10,712.43,1.95,826.567,Nucleotide
Urea,C17H10N3O9,452.11,12.53,155.952,Nucleotide
Serotonin,C13H13N1O9,152.76,N/A,995.459,Nucleotide
Aspirin,C4H4N5O10,564.67,13.23,490.579,Carbohydrate
Cholesterol,C5H10N5O7,905.88,7.35,510.194,Alkaloid
Urea,C14H34N2O7,494.14,11.29,705.313,Alcohol
Adrenaline,C2H19N5O9,903.71,8.24,741.874,Alcohol
Serotonin,C19H8N3O10,517.28,6.53,2.851,Alkaloid
Adenosine triphosphate,C11H34N1O1,722.76,5.22,307.349,Alkaloid
Aspirin,C6H13N4O2,160.9,12.75,336.63,Alkaloid
Dopamine,C10H33N1O9,121.92,7.39,500.316,Neurotransmitter
Ethanol,C7H18N0O10,911.42,N/A,73.74,Amide
Cholesterol,C16H26N4O1,960.26,9.73,150.61,Amide
Caffeine,C14H12N0O1,558.67,3.36,108.848,Amide
Urea,C4H30N4O6,315.66,10.25,820.059,Organic Compound
Glucose,C17H1N1O0,297.84,N/A,151.664,Nucleotide
Adrenaline,C1H14N0O0,965.93,3.08,610.788,Hormone
Ethanol,C3H30N2O4,274.18,N/A,47.519,Carbohydrate
Dopamine,C15H18N2O6,156.7,7.67,909.931,Nucleotide
Cholesterol,C7H19N4O10,920.79,4.6,363.728,Organic Compound
Glucose,C15H19N3O10,266.56,11.15,946.899,Alkaloid
Glucose,C2H40N3O0,962.73,6.29,605.111,Nucleotide
Cholesterol,C4H13N1O1,345.56,7.77,785.101,Lipid
Glucose,C7H22N5O8,283.72,3.08,568.485,Hormone
Serotonin,C19H28N2O4,675.41,13.33,772.628,Carbohydrate
Adrenaline,C9H32N1O4,611.87,2.56,955.38,Neurotransmitter
Caffeine,C16H17N4O2,675.79,9.05,832.633,Alcohol
Adrenaline,C14H3N0O5,193.67,N/A,224.548,Carbohydrate
Cholesterol,C9H27N3O8,229.17,9.13,498.182,Hormone
Aspirin,C7H14N0O7,334.2,3.38,646.983,Amide
Caffeine,C20H10N0O0,711.67,13.82,334.842,Lipid
Urea,C10H18N5O6,455.29,4.75,718.435,Neurotransmitter
Adenosine triphosphate,C16H29N0O6,420.08,4.71,669.083,Nucleotide
Dopamine,C1H37N2O2,307.5,4.41,440.833,Alcohol
Ethanol,C19H21N4O7,106.54,1.33,12.507,Alkaloid
Caffeine,C17H6N5O5,305.7,11.16,985.305,Amide
Adrenaline,C1H2N1O5,243.8,5.6,871.24,Alkaloid
Glucose,C5H8N4O8,747.74,6.45,876.354,Alcohol
Cholesterol,C5H26N2O2,219.09,N/A,452.904,Amide
Urea,C18H17N2O1,386.02,6.18,573.781,Lipid
Urea,C13H29N1O4,875.59,5.51,277.326,Organic Compound
Adrenaline,C13H8N0O10,783.5,7.97,896.613,Hormone
Caffeine,C9H15N4O3,641.24,2.41,343.392,Lipid
Urea,C9H26N3O5,182.96,2.27,695.981,Lipid
Adenosine triphosphate,C17H16N3O4,279.5,N/A,474.326,Organic Compound
Adenosine triphosphate,C2H28N2O7,58.43,N/A,458.483,Alcohol
Caffeine,C10H28N3O6,972.91,8.43,613.887,Carbohydrate
Adrenaline,C18H1N4O3,314.48,12.31,5.771,Carbohydrate
Adrenaline,C16H7N2O9,800.04,11.26,474.487,Lipid
Cholesterol,C1H2N1O7,687.74,6.43,540.657,Organic Compound
Cholesterol,C17H25N0O10,299.03,5.58,884.073,Lipid
Serotonin,C9H37N5O8,887.24,N/A,950.174,Nucleotide
Adrenaline,C14H39N3O9,602.34,10.94,274.892,Alcohol
Dopamine,C17H10N5O1,763.29,5.86,109.59,Organic Compound
Aspirin,C13H9N2O5,880.11,N/A,685.497,Lipid
Cholesterol,C15H28N3O7,354.35,8.27,984.859,Lipid
Adrenaline,C11H6N1O3,196.49,N/A,644.647,Carbohydrate
Adenosine triphosphate,C14H30N0O2,900.44,N/A,536.788,Nucleotide
Glucose,C18H37N2O1,884.95,13.53,545.253,Organic Compound
Serotonin,C5H8N0O2,391.33,10.97,696.691,Organic Compound
Dopamine,C10H15N2O3,89.33,9.76,803.508,Hormone
Serotonin,C10H23N0O4,673.7,5.45,907.603,Amide
Glucose,C15H3N2O8,609.85,3.74,697.956,Nucleotide
Glucose,C18H12N3O2,698.84,13.8,418.733,Amide
Adenosine triphosphate,C16H18N1O0,983.23,N/A,920.629,Organic Compound
Urea,C11H31N2O4,191.43,11.36,54.805,Carbohydrate
Aspirin,C2H16N4O5,718.82,11.07,967.244,Hormone
Adrenaline,C16H24N4O8,614.64,5.43,627.099,Alkaloid
Caffeine,C8H32N4O9,557.27,N/A,591.485,Lipid
Adrenaline,C11H8N3O4,700.68,9.99,638.707,Alkaloid
Urea,C8H4N3O9,758.69,7.24,760.55,Hormone
Serotonin,C5H27N4O7,115.77,13.21,513.819,Lipid
Urea,C14H36N2O0,761.86,8.1,551.966,Alkaloid
Adrenaline,C7H25N5O1,572.92,N/A,208.143,Amide
Cholesterol,C13H25N2O3,859.76,7.34,934.502,Neurotransmitter
Adrenaline,C2H16N4O0,546.59,13.22,97.863,Nucleotide
Serotonin,C11H34N2O9,196.33,1.8,537.279,Lipid
Caffeine,C6H14N0O5,911.74,11.05,600.862,Organic Compound
Dopamine,C12H35N4O10,813.74,11.62,945.595,Alkaloid
Aspirin,C9H39N1O9,202.14,7.5,512.374,Amide
Urea,C12H20N4O1,311.57,12.32,820.488,Alkaloid
Adenosine triphosphate,C17H32N4O0,129.74,11.72,49.336,Amide
Aspirin,C4H22N3O6,619.26,7.21,377.758,Nucleotide
Adenosine triphosphate,C12H33N0O1,168.69,3.62,301.048,Carbohydrate
Urea,C5H14N1O5,192.76,11.78,50.331,Hormone
Dopamine,C9H36N4O4,180.51,12.28,755.158,Amide
Serotonin,C7H32N5O2,385.65,N/A,878.754,Organic Compound
Urea,C6H40N5O10,64.9,10.01,429.221,Carbohydrate
Ethanol,C16H25N5O10,219.26,3.04,396.596,Amide
Cholesterol,C15H17N0O2,139.27,11.0,611.868,Hormone
Caffeine,C12H25N4O9,240.28,N/A,614.147,Hormone
Caffeine,C20H7N2O10,448.5,7.78,387.942,Alkaloid
Caffeine,C10H40N2O7,989.04,5.81,820.474,Hormone
Urea,C10H20N1O5,713.2,9.53,740.545,Alkaloid
Aspirin,C10H29N3O2,928.66,6.65,787.163,Carbohydrate
Dopamine,C14H10N5O8,960.57,7.05,135.845,Hormone
Ethanol,C10H14N0O3,633.9,6.33,681.306,Neurotransmitter
Serotonin,C15H8N2O6,163.17,N/A,105.645,Organic Compound
Serotonin,C13H25N3O8,558.55,13.97,541.928,Nucleotide
Ethanol,C6H11N1O2,651.92,2.74,696.103,Nucleotide
Serotonin,C8H36N0O5,267.27,8.61,171.95,Alcohol
Dopamine,C9H21N3O5,115.3,12.36,831.52,Alkaloid
Caffeine,C11H26N1O4,182.61,7.91,337.17,Alcohol
Serotonin,C2H6N3O8,539.61,12.99,942.148,Lipid
Serotonin,C8H34N0O3,282.57,8.61,611.307,Hormone
Ethanol,C17H30N4O2,598.52,4.94,951.398,Nucleotide
Urea,C3H7N5O2,57.98,13.58,393.513,Alkaloid
Serotonin,C19H26N3O5,278.59,9.46,96.09,Carbohydrate
Adrenaline,C12H6N4O0,73.38,N/A,500.742,Amide
Aspirin,C5H38N3O7,171.68,N/A,386.913,Neurotransmitter
Adenosine triphosphate,C5H8N4O1,128.44,N/A,161.681,Hormone
Dopamine,C18H25N2O3,400.69,4.87,995.235,Nucleotide
Adenosine triphosphate,C2H15N4O0,968.12,6.28,6.959,Organic Compound
Cholesterol,C14H15N5O5,178.62,N/A,889.569,Amide
Dopamine,C13H1N4O6,968.24,12.73,211.43,Hormone
Adenosine triphosphate,C9H37N3O9,539.16,N/A,835.119,Hormone
Adrenaline,C19H23N1O8,337.76,N/A,177.465,Organic Compound
Adenosine triphosphate,C6H40N3O5,424.47,1.21,110.856,Amide
Ethanol,C13H8N2O6,811.49,9.24,308.296,Amide
Serotonin,C1H24N4O5,242.0,10.3,184.436,Amide
Ethanol,C6H18N2O3,302.03,9.38,444.269,Alcohol
Caffeine,C14H22N4O8,849.05,N/A,488.153,Carbohydrate
Cholesterol,C6H20N1O1,112.87,N/A,636.417,Alcohol
Serotonin,C9H28N4O8,690.76,N/A,78.152,Lipid
Caffeine,C7H38N3O10,442.41,13.23,245.464,Neurotransmitter
Dopamine,C12H39N1O7,867.38,N/A,402.836,Lipid
Adrenaline,C10H27N5O0,595.89,12.09,947.338,Amide
Caffeine,C12H15N2O1,865.7,N/A,357.562,Alkaloid
Caffeine,C15H28N4O7,420.72,1.6,658.534,Amide
Aspirin,C8H4N2O8,598.93,8.16,279.811,Alcohol
Ethanol,C17H37N5O1,622.37,10.9,675.184,Organic Compound
Serotonin,C15H40N2O5,104.69,5.53,328.566,Carbohydrate
Adrenaline,C9H39N5O1,461.21,12.05,865.549,Alcohol
Caffeine,C9H7N0O3,830.34,1.0,480.284,Neurotransmitter
Ethanol,C19H22N3O1,625.93,7.08,252.785,Alkaloid
Cholesterol,C2H11N1O3,335.75,N/A,723.612,Amide
Cholesterol,C16H14N0O2,319.07,10.93,440.343,Alkaloid
Caffeine,C4H6N4O10,740.56,1.03,188.974,Hormone
Serotonin,C5H7N0O8,315.92,12.61,725.151,Organic Compound
Cholesterol,C4H3N0O6,74.4,11.85,321.749,Carbohydrate
Cholesterol,C17H26N4O4,660.95,13.7,906.967,Alkaloid
Glucose,C19H4N2O5,808.53,N/A,259.422,Alkaloid
Ethanol,C13H22N5O4,643.82,2.83,13.414,Lipid
Dopamine,C4H30N3O3,142.35,5.51,278.01,Lipid
Urea,C17H8N2O8,574.4,1.22,552.779,Organic Compound
Adenosine triphosphate,C15H2N3O5,590.57,4.17,709.171,Carbohydrate
Ethanol,C8H36N3O10,180.26,N/A,79.987,Organic Compound
Ethanol,C19H17N5O1,514.02,10.44,787.611,Hormone
Ethanol,C13H18N2O7,121.65,N/A,795.041,Carbohydrate
Cholesterol,C11H14N5O8,305.71,1.61,497.364,Nucleotide
Dopamine,C4H26N3O9,737.93,12.59,940.402,Alkaloid
Aspirin,C20H24N2O2,944.89,12.54,885.439,Lipid
Caffeine,C20H21N5O9,454.74,N/A,577.384,Alcohol
Serotonin,C14H7N1O8,333.88,13.85,511.965,Lipid
Cholesterol,C15H34N5O7,766.14,1.7,129.939,Nucleotide
Adrenaline,C2H6N0O4,600.12,11.65,562.257,Hormone
Aspirin,C9H12N3O2,289.66,4.71,605.655,Organic Compound
Urea,C4H5N4O8,401.85,6.45,694.013,Carbohydrate
Caffeine,C6H35N5O6,718.74,10.01,701.834,Amide
Ethanol,C9H27N3O7,136.15,9.32,178.622,Hormone
Glucose,C2H9N2O5,808.4,7.86,847.704,Organic Compound
Adenosine triphosphate,C14H3N1O10,478.54,N/A,75.822,Carbohydrate
Adenosine triphosphate,C3H8N2O3,66.33,N/A,85.372,Organic Compound
Glucose,C10H22N3O9,990.73,11.4,716.937,Amide
Urea,C11H6N2O2,443.29,13.13,448.814,Amide
Dopamine,C3H31N4O5,246.25,6.05,198.342,Alkaloid
Cholesterol,C5H18N2O2,869.42,8.47,451.201,Carbohydrate
Aspirin,C13H5N0O1,564.02,N/A,568.98,Organic Compound
Serotonin,C7H39N4O7,653.26,1.89,5.674,Lipid
Ethanol,C19H2N1O7,85.34,N/A,397.764,Amide
Urea,C10H4N5O2,755.09,4.66,766.481,Neurotransmitter
Adenosine triphosphate,C3H9N1O3,112.08,1.35,705.583,Alkaloid
Adrenaline,C13H20N2O1,927.71,9.42,280.272,Neurotransmitter
Serotonin,C11H31N1O6,813.46,6.68,659.39,Alkaloid
Urea,C3H20N4O8,256.6,13.93,930.537,Organic Compound
Ethanol,C18H26N5O3,244.66,12.71,287.032,Carbohydrate
Dopamine,C3H25N0O2,463.54,10.56,728.244,Nucleotide
Cholesterol,C18H33N0O3,847.01,9.78,195.169,Alkaloid
Serotonin,C9H20N0O3,385.08,13.53,809.445,Carbohydrate
Caffeine,C20H30N0O3,221.27,2.5,689.11,Nucleotide
Glucose,C17H25N3O10,993.46,3.8,730.317,Alkaloid
Serotonin,C3H17N2O10,333.09,2.51,199.59,Amide
Ethanol,C20H32N1O2,222.4,6.47,903.981,Neurotransmitter
Serotonin,C12H11N0O5,902.41,N/A,614.243,Lipid
Urea,C5H29N2O2,468.4,N/A,189.329,Neurotransmitter
Glucose,C13H23N4O7,856.21,13.92,644.152,Neurotransmitter
Aspirin,C19H25N5O1,171.43,1.2,278.283,Hormone
Caffeine,C3H23N4O3,64.71,N/A,404.67,Amide
Glucose,C15H30N4O0,519.68,6.86,411.36,Alkaloid
Cholesterol,C8H4N3O1,771.7,2.86,732.711,Carbohydrate
Caffeine,C19H18N5O6,821.55,8.59,443.507,Hormone
Urea,C4H38N2O9,610.5,N/A,713.115,Lipid
Dopamine,C17H31N0O3,342.13,N/A,429.899,Organic Compound
Adenosine triphosphate,C16H29N1O2,472.74,7.62,351.945,Alcohol
Cholesterol,C7H31N2O9,431.28,4.29,270.643,Carbohydrate
Dopamine,C9H37N0O6,195.15,N/A,234.208,Alkaloid
Dopamine,C14H21N2O0,638.45,13.29,802.475,Amide
Adrenaline,C14H18N2O6,474.2,9.7,573.66,Organic Compound
Aspirin,C9H19N4O4,541.88,13.02,769.525,Hormone
Cholesterol,C16H17N0O1,877.18,13.78,192.45,Hormone
Glucose,C7H11N3O1,683.57,9.63,0.831,Lipid
Adrenaline,C15H39N2O5,782.97,5.78,566.176,Carbohydrate
Adenosine triphosphate,C6H9N2O4,704.78,13.56,846.24,Alcohol
Dopamine,C1H21N4O5,452.55,8.46,382.439,Amide
Caffeine,C1H13N3O4,226.83,1.21,539.605,Nucleotide
Urea,C17H32N5O8,501.73,5.97,264.017,Carbohydrate
Dopamine,C5H5N0O0,883.67,9.28,714.762,Alcohol
Aspirin,C15H32N5O3,571.89,9.98,207.436,Alkaloid
Aspirin,C14H33N1O8,706.03,12.45,526.604,Neurotransmitter
Ethanol,C16H34N2O3,971.18,7.83,200.561,Lipid
Adrenaline,C18H17N3O5,929.7,6.31,907.472,Amide
Serotonin,C8H24N5O1,156.29,N/A,121.686,Hormone
Serotonin,C5H12N4O5,308.86,9.08,973.995,Amide
Aspirin,C4H32N3O4,971.11,N/A,97.122,Alkaloid
Ethanol,C13H8N2O3,772.41,3.06,26.972,Alcohol
Dopamine,C15H17N2O1,418.12,3.71,529.836,Alcohol
Urea,C15H3N3O4,468.58,3.51,761.95,Lipid
Aspirin,C5H28N0O1,496.82,N/A,955.546,Lipid
Caffeine,C2H20N3O1,458.43,3.1,30.167,Amide
Caffeine,C6H14N5O0,502.88,9.67,363.456,Nucleotide
Adrenaline,C7H36N3O8,72.77,10.51,409.921,Neurotransmitter
Glucose,C16H8N0O8,138.57,N/A,422.203,Alkaloid
Ethanol,C19H17N5O6,50.63,12.45,666.225,Amide
Dopamine,C7H12N2O5,881.25,10.3,619.131,Lipid
Cholesterol,C10H5N5O2,385.46,12.54,14.28,Neurotransmitter
Serotonin,C12H37N5O8,369.68,12.78,621.969,Neurotransmitter
Adrenaline,C5H2N4O7,785.08,13.63,404.415,Lipid
Adrenaline,C3H17N2O7,506.59,N/A,890.392,Organic Compound
Serotonin,C20H5N3O8,833.07,12.35,291.715,Alcohol
Dopamine,C7H6N2O1,405.75,2.76,92.797,Carbohydrate
Ethanol,C6H12N5O2,953.47,11.89,853.033,Neurotransmitter
Ethanol,C1H28N5O8,494.23,11.31,762.641,Hormone
Urea,C2H12N5O1,739.4,5.79,797.891,Organic Compound
Caffeine,C14H32N5O8,533.38,8.74,232.053,Lipid
Ethanol,C15H11N5O5,552.88,7.07,74.009,Neurotransmitter
Ethanol,C3H27N4O4,228.21,11.59,457.383,Hormone
Caffeine,C14H31N5O10,813.2,5.5,47.299,Nucleotide
Urea,C14H16N1O3,266.02,5.73,694.646,Neurotransmitter
Cholesterol,C18H26N1O3,871.32,4.57,16.177,Nucleotide
Glucose,C18H13N0O7,613.05,10.94,83.602,Nucleotide
Ethanol,C20H17N4O8,311.87,10.12,480.339,Lipid
Adenosine triphosphate,C16H31N3O3,843.93,N/A,238.877,Neurotransmitter
Dopamine,C13H3N2O8,948.74,11.89,590.652,Lipid
Aspirin,C1H1N4O10,580.29,1.07,295.787,Amide
Dopamine,C9H34N2O3,881.31,6.11,38.649,Hormone
Urea,C19H22N0O6,118.29,5.46,187.955,Amide
Ethanol,C10H30N1O4,647.82,13.7,650.726,Alkaloid
Urea,C2H15N0O5,671.44,9.67,32.243,Neurotransmitter
Cholesterol,C15H20N1O6,740.62,3.48,144.69,Alkaloid
Caffeine,C19H24N3O7,92.94,1.09,775.233,Alkaloid
Caffeine,C4H35N0O6,962.81,8.33,452.13,Alkaloid
Glucose,C20H1N3O2,491.04,N/A,209.85,Hormone
Serotonin,C4H36N1O2,664.82,N/A,936.822,Alkaloid
Ethanol,C10H5N5O0,214.66,N/A,411.364,Lipid
Adenosine triphosphate,C13H29N2O3,660.69,N/A,765.058,Lipid
Cholesterol,C16H16N5O10,116.54,4.05,912.128,Hormone
Ethanol,C15H27N3O8,998.03,5.98,784.047,Alcohol
Urea,C16H35N1O0,272.07,7.61,943.678,Alkaloid
Caffeine,C20H38N5O7,320.11,N/A,659.317,Lipid
Cholesterol,C19H4N2O8,643.28,2.44,719.171,Amide
Caffeine,C3H32N2O10,57.67,8.03,392.71,Alcohol
Aspirin,C9H4N5O4,272.99,2.98,210.847,Hormone
Cholesterol,C5H15N5O10,852.8,1.9,511.039,Hormone
Aspirin,C4H12N1O7,406.32,9.12,420.854,Nucleotide
Caffeine,C1H31N3O5,597.59,N/A,643.673,Organic Compound
Glucose,C1H38N4O8,331.2,8.12,559.175,Carbohydrate
Cholesterol,C15H13N4O0,155.27,1.57,538.971,Organic Compound
Urea,C2H40N5O6,380.2,N/A,924.54,Nucleotide
Cholesterol,C12H23N5O1,853.54,4.68,278.117,Carbohydrate
Adenosine triphosphate,C10H26N4O6,296.99,9.42,829.719,Alcohol
Cholesterol,C11H24N4O4,656.44,2.29,168.123,Alcohol
Cholesterol,C11H15N5O4,390.04,10.78,614.406,Amide
Adenosine triphosphate,C7H25N2O3,828.13,12.66,886.588,Alkaloid
Ethanol,C7H19N2O3,840.74,4.75,741.06,Carbohydrate
Urea,C19H33N4O8,667.01,N/A,583.065,Hormone
Glucose,C12H5N2O8,902.01,5.49,586.745,Hormone
Glucose,C10H6N0O8,899.13,8.24,101.912,Neurotransmitter
Urea,C17H8N4O7,868.65,N/A,693.213,Organic Compound
Aspirin,C16H5N2O9,456.18,12.72,712.393,Carbohydrate
Ethanol,C1H14N5O1,326.98,8.78,237.036,Carbohydrate
Serotonin,C17H9N2O3,908.87,13.29,100.247,Alcohol
Aspirin,C1H39N2O9,201.33,7.36,354.564,Alcohol
Dopamine,C20H38N4O10,975.28,4.95,253.679,Alkaloid
Cholesterol,C18H14N5O2,641.67,1.39,282.248,Neurotransmitter
Caffeine,C13H21N3O6,697.06,5.06,260.021,Hormone
Urea,C6H16N3O4,452.01,11.64,74.164,Hormone
Ethanol,C5H38N0O5,769.21,13.85,510.937,Organic Compound
Adenosine triphosphate,C1H15N3O3,355.73,N/A,703.351,Carbohydrate
Adrenaline,C20H36N4O8,815.99,13.49,373.482,Nucleotide
Adrenaline,C2H4N2O9,523.12,N/A,429.153,Alkaloid
Adenosine triphosphate,C18H1N1O3,135.41,N/A,727.309,Organic Compound
Adrenaline,C16H6N4O7,483.26,8.22,866.312,Hormone
Adenosine triphosphate,C9H19N1O8,973.57,7.95,733.577,Hormone
Aspirin,C17H31N2O10,587.38,N/A,720.085,Carbohydrate
Cholesterol,C19H3N2O6,310.82,N/A,277.404,Alkaloid
Dopamine,C4H18N0O7,136.43,10.22,213.087,Amide
Cholesterol,C10H22N5O0,528.22,3.25,920.204,Organic Compound
Urea,C7H40N4O6,325.74,12.97,979.804,Neurotransmitter
Aspirin,C14H11N2O8,403.23,6.68,284.865,Carbohydrate
Glucose,C4H29N1O0,897.01,N/A,978.326,Lipid
Dopamine,C12H36N0O8,456.39,13.92,932.798,Hormone
Cholesterol,C13H23N3O7,967.01,4.66,413.237,Neurotransmitter
Adrenaline,C17H3N2O7,991.76,9.17,230.635,Neurotransmitter
Adrenaline,C7H21N2O10,475.47,N/A,406.331,Alkaloid
Adrenaline,C6H3N1O9,158.67,11.77,270.29,Neurotransmitter
Caffeine,C18H29N1O6,331.3,N/A,569.876,Lipid
Serotonin,C3H30N0O2,669.42,8.38,881.394,Neurotransmitter
Adenosine triphosphate,C1H38N4O1,608.76,N/A,195.229,Nucleotide
Dopamine,C10H7N4O4,514.49,5.15,279.423,Nucleotide
Cholesterol,C3H16N2O5,106.64,11.88,119.648,Lipid
Dopamine,C8H18N1O1,952.41,4.76,514.083,Alkaloid
Serotonin,C12H25N3O4,280.78,5.9,799.296,Neurotransmitter
Adrenaline,C3H34N5O5,539.85,N/A,794.203,Hormone
Glucose,C7H22N3O8,791.77,11.4,674.573,Carbohydrate
Aspirin,C10H30N0O2,840.01,7.09,333.085,Alkaloid
Serotonin,C2H24N0O10,237.14,8.6,720.681,Carbohydrate
Ethanol,C12H17N4O4,272.86,5.41,459.259,Nucleotide
Caffeine,C2H26N4O1,883.42,10.99,126.431,Amide
Adrenaline,C14H6N5O0,802.72,8.56,533.025,Alkaloid
Cholesterol,C15H5N5O9,924.45,2.13,336.498,Amide
Adenosine triphosphate,C3H12N1O9,260.66,N/A,412.066,Hormone
Caffeine,C8H15N1O6,163.82,5.32,746.984,Hormone
Cholesterol,C8H21N3O5,729.21,4.28,407.315,Carbohydrate
Aspirin,C15H17N4O8,284.67,5.64,765.361,Organic Compound
Glucose,C16H33N3O4,952.35,8.54,185.643,Amide
Cholesterol,C16H20N3O0,651.19,8.98,72.336,Organic Compound
Aspirin,C8H26N3O7,898.44,2.43,572.493,Organic Compound
Cholesterol,C2H35N2O0,726.55,12.77,135.697,Alcohol
Cholesterol,C15H1N3O3,965.45,5.15,265.705,Carbohydrate
Glucose,C2H7N3O2,121.59,12.36,531.018,Alkaloid
Adrenaline,C11H33N5O1,426.57,N/A,904.294,Nucleotide
Dopamine,C2H26N0O10,205.12,N/A,760.868,Carbohydrate
Ethanol,C17H13N2O0,933.48,N/A,466.518,Lipid
Aspirin,C8H29N2O0,451.04,N/A,728.005,Hormone
Aspirin,C4H32N0O1,361.16,8.11,596.01,Nucleotide
Aspirin,C17H7N5O10,200.75,1.15,373.013,Amide
Adrenaline,C12H1N0O1,910.13,6.57,258.303,Neurotransmitter
Urea,C2H8N4O5,104.86,1.19,271.632,Nucleotide
Glucose,C3H27N5O1,835.69,12.14,114.186,Alkaloid
Urea,C16H32N0O4,969.23,6.12,764.711,Amide
Serotonin,C4H13N5O9,161.05,12.66,250.844,Nucleotide
Glucose,C1H17N5O2,578.79,6.41,59.077,Nucleotide
Adenosine triphosphate,C11H11N5O10,584.92,N/A,628.947,Organic Compound
Aspirin,C8H22N5O10,53.18,4.89,647.1,Nucleotide
Serotonin,C20H37N3O10,668.17,13.86,964.633,Amide
Cholesterol,C15H21N1O1,65.88,3.03,452.661,Alcohol
Caffeine,C12H16N0O9,681.71,10.71,962.06,Nucleotide
Glucose,C9H12N3O10,125.15,2.65,87.892,Alcohol
Serotonin,C2H21N1O9,978.52,1.81,792.035,Organic Compound
Adenosine triphosphate,C4H12N4O9,112.21,N/A,904.799,Hormone
Caffeine,C2H17N3O0,200.12,6.49,787.326,Carbohydrate
Glucose,C12H31N5O8,580.03,13.21,354.69,Amide
Caffeine,C20H14N3O10,432.48,N/A,678.914,Lipid
Cholesterol,C20H36N2O2,632.05,N/A,797.03,Alkaloid
Caffeine,C8H17N4O6,738.13,6.08,641.518,Nucleotide
Glucose,C6H39N2O6,411.08,N/A,118.549,Neurotransmitter
Caffeine,C4H3N2O7,128.01,5.96,205.29,Alcohol
Dopamine,C7H37N4O9,254.83,9.22,607.745,Amide
Dopamine,C15H40N3O0,74.36,5.12,361.253,Nucleotide
Dopamine,C15H13N1O9,715.11,3.1,646.378,Hormone
Caffeine,C8H39N2O2,547.48,N/A,96.617,Alkaloid
Ethanol,C1H16N3O6,564.14,4.09,482.988,Organic Compound
Adenosine triphosphate,C1H24N2O4,253.83,11.87,672.2,Hormone
Serotonin,C19H2N1O6,220.28,12.67,714.009,Alkaloid
Ethanol,C11H16N5O0,70.48,8.24,29.173,Amide
Glucose,C2H20N0O8,743.62,7.34,986.56,Organic Compound
Serotonin,C17H2N1O4,998.15,7.0,491.755,Lipid
Cholesterol,C9H36N4O8,396.36,1.25,141.229,Hormone
Adenosine triphosphate,C18H40N5O6,739.48,N/A,970.479,Nucleotide
Urea,C19H34N0O1,869.64,N/A,50.149,Hormone
Caffeine,C3H38N5O2,367.24,3.35,507.976,Neurotransmitter
Serotonin,C9H17N4O1,95.53,6.2,451.535,Lipid
Cholesterol,C8H24N1O2,166.1,N/A,983.16,Neurotransmitter
Glucose,C12H17N5O7,263.98,9.88,353.49,Nucleotide
Ethanol,C6H17N2O1,73.97,5.41,348.004,Alcohol
Serotonin,C4H4N3O5,329.5,9.08,189.05,Organic Compound
Cholesterol,C6H37N5O4,416.19,7.97,227.039,Organic Compound
Serotonin,C20H25N5O1,781.87,13.65,223.858,Amide
Urea,C4H27N1O3,162.39,2.64,547.842,Hormone
Adrenaline,C13H24N5O10,344.96,7.96,352.85,Alkaloid
Serotonin,C13H7N1O0,301.88,1.88,405.992,Carbohydrate
Cholesterol,C13H34N2O1,297.46,9.44,646.601,Alkaloid
Cholesterol,C4H25N4O8,354.27,13.46,454.059,Hormone
Cholesterol,C9H19N1O5,173.91,1.88,566.849,Neurotransmitter
Ethanol,C6H1N4O10,942.07,9.19,851.034,Carbohydrate
Aspirin,C17H32N4O7,616.15,N/A,999.716,Alcohol
Ethanol,C13H18N4O4,580.22,11.46,844.58,Nucleotide
Adrenaline,C11H30N1O1,493.29,N/A,96.156,Organic Compound
Ethanol,C20H9N0O7,758.72,1.45,500.684,Neurotransmitter
Serotonin,C9H34N4O5,147.33,N/A,730.181,Alcohol
Serotonin,C18H24N1O6,482.05,7.15,76.618,Alkaloid
Adenosine triphosphate,C9H26N4O10,892.97,9.78,467.667,Carbohydrate
Urea,C3H33N0O7,813.78,8.75,91.631,Amide
Ethanol,C3H23N1O5,236.58,N/A,578.622,Alcohol
Caffeine,C7H38N0O5,527.57,2.76,888.05,Lipid
Aspirin,C20H30N4O7,339.53,7.09,564.215,Amide
Serotonin,C11H30N0O4,670.81,N/A,405.799,Hormone
Glucose,C9H35N3O4,765.01,12.96,912.961,Carbohydrate
Adenosine triphosphate,C15H29N4O8,872.93,13.5,912.949,Carbohydrate
Caffeine,C16H4N5O4,964.63,6.51,369.702,Carbohydrate
Aspirin,C13H28N3O10,899.98,N/A,205.312,Hormone
Aspirin,C18H2N1O8,142.55,N/A,538.265,Alcohol
Caffeine,C11H19N2O6,225.86,N/A,256.894,Hormone
Adrenaline,C16H5N4O2,161.62,3.34,796.902,Alcohol
Cholesterol,C14H1N0O7,451.25,8.42,281.99,Hormone
Serotonin,C14H22N4O4,804.34,2.3,658.703,Neurotransmitter
Caffeine,C12H3N2O8,975.8,4.95,129.281,Lipid
Caffeine,C19H7N0O8,223.39,N/A,663.823,Lipid
Serotonin,C14H38N2O9,851.03,7.19,668.686,Lipid
Urea,C8H35N1O3,639.02,10.36,888.028,Alkaloid
Cholesterol,C12H19N0O4,97.44,3.5,817.131,Nucleotide
Serotonin,C20H1N4O2,262.98,5.27,147.8,Carbohydrate
Adrenaline,C3H13N1O0,576.18,1.82,730.755,Amide
Urea,C11H21N2O7,552.62,11.92,59.235,Organic Compound
Glucose,C17H23N2O4,689.95,2.52,460.121,Amide
Dopamine,C2H40N1O1,410.19,4.45,384.825,Alcohol
Cholesterol,C15H12N4O8,740.92,7.19,53.403,Lipid
Adrenaline,C18H3N0O1,456.72,7.52,725.649,Hormone
Glucose,C16H31N2O7,620.95,11.55,308.495,Organic Compound
Dopamine,C9H19N5O6,793.6,9.65,595.899,Amide
Dopamine,C14H28N2O7,84.55,N/A,468.355,Alcohol
Adrenaline,C10H17N0O0,651.02,9.36,997.119,Organic Compound
Adenosine triphosphate,C7H11N1O7,427.91,12.35,274.123,Organic Compound
Cholesterol,C20H18N5O9,926.85,5.49,629.101,Organic Compound
Serotonin,C8H28N2O9,597.53,1.02,331.157,Organic Compound
Aspirin,C15H14N4O7,815.73,N/A,372.158,Amide
Glucose,C12H29N3O6,937.93,9.79,564.265,Alcohol
Urea,C20H14N5O0,824.37,10.21,538.572,Lipid
Cholesterol,C8H9N1O8,600.8,N/A,665.444,Organic Compound
Caffeine,C15H6N3O0,56.19,N/A,512.346,Carbohydrate
Urea,C12H7N1O2,225.4,6.61,395.035,Alcohol
Dopamine,C1H7N0O9,740.1,4.8,459.711,Alkaloid
Adenosine triphosphate,C2H16N0O1,260.97,1.46,106.251,Alcohol
Cholesterol,C13H34N2O2,669.87,2.04,590.034,Alkaloid
Serotonin,C3H23N0O1,868.08,7.99,756.746,Organic Compound
Serotonin,C17H12N5O3,134.64,2.75,857.897,Amide
Glucose,C7H15N1O10,515.37,3.01,20.191,Nucleotide
Cholesterol,C9H1N1O3,543.55,1.83,807.839,Lipid
Adrenaline,C2H10N5O2,793.14,2.45,953.042,Amide
Adrenaline,C2H9N0O10,834.38,11.25,548.291,Neurotransmitter
Serotonin,C7H4N0O5,163.7,1.62,434.158,Alkaloid
Glucose,C5H23N1O5,176.07,N/A,943.711,Hormone
Adenosine triphosphate,C15H19N1O2,896.04,6.56,18.08,Hormone
Cholesterol,C6H9N0O9,816.55,7.81,975.817,Hormone
Dopamine,C1H14N5O3,763.18,10.59,182.849,Organic Compound
Adrenaline,C11H24N0O7,296.14,3.88,232.684,Nucleotide
Adenosine triphosphate,C6H38N2O1,844.13,11.4,506.972,Organic Compound
Adenosine triphosphate,C14H21N0O2,801.3,2.03,387.427,Lipid
Caffeine,C16H15N1O4,639.86,1.42,292.227,Organic Compound
Glucose,C4H20N5O2,302.37,7.04,147.732,Neurotransmitter
Adrenaline,C12H14N0O10,188.12,2.76,667.244,Amide
Adrenaline,C18H19N2O5,260.05,N/A,556.893,Carbohydrate
Urea,C19H23N3O4,145.99,N/A,828.958,Alcohol
Adrenaline,C9H16N1O8,580.88,8.95,617.102,Organic Compound
Glucose,C10H6N2O5,896.68,7.96,586.622,Alkaloid
Adrenaline,C9H1N4O9,88.88,5.83,144.691,Nucleotide
Adrenaline,C18H5N0O6,475.93,N/A,676.387,Nucleotide
Adrenaline,C18H29N3O0,999.95,13.4,338.943,Alkaloid
Glucose,C10H6N4O6,977.52,7.4,678.867,Amide
Ethanol,C10H17N3O2,461.11,10.14,197.288,Alcohol
Serotonin,C17H2N2O3,302.89,3.72,925.024,Alcohol
Glucose,C14H37N4O7,372.0,13.73,689.819,Hormone
Adrenaline,C15H5N2O6,647.9,8.96,906.008,Carbohydrate
Adrenaline,C3H12N1O8,620.04,13.37,2.152,Nucleotide
Urea,C9H14N5O3,661.8,3.64,887.568,Amide
Adenosine triphosphate,C4H36N3O9,787.82,N/A,503.453,Alkaloid
Adrenaline,C15H3N1O7,885.21,3.21,254.346,Nucleotide
Aspirin,C16H20N2O9,666.02,9.05,116.433,Carbohydrate
Aspirin,C10H37N0O7,477.14,N/A,101.652,Amide
Urea,C10H35N2O5,201.64,2.11,303.629,Amide
Urea,C6H7N4O7,699.15,5.93,538.5,Amide
Adrenaline,C10H37N4O5,888.61,N/A,168.27,Alcohol
Serotonin,C10H33N1O10,908.36,6.9,351.846,Neurotransmitter
Adenosine triphosphate,C18H38N1O8,881.28,6.35,19.209,Hormone
Caffeine,C2H9N0O3,714.01,N/A,816.969,Nucleotide
Glucose,C9H24N1O4,322.15,11.14,32.506,Neurotransmitter
Dopamine,C3H25N2O3,600.82,6.37,783.351,Nucleotide
Aspirin,C14H39N0O5,606.5,9.37,246.505,Alkaloid
Adrenaline,C4H36N0O2,75.26,4.87,750.368,Carbohydrate
Adrenaline,C19H19N5O3,786.63,7.0,251.127,Alkaloid
Urea,C6H31N2O8,350.75,N/A,824.429,Organic Compound
Urea,C2H4N0O6,797.97,6.35,765.976,Carbohydrate
Adrenaline,C17H14N0O8,164.56,N/A,543.04,Neurotransmitter
Ethanol,C16H2N3O0,68.44,12.36,57.928,Alkaloid
Caffeine,C9H29N0O9,285.54,N/A,150.822,Neurotransmitter
Glucose,C14H34N4O5,227.57,7.81,956.835,Nucleotide
Caffeine,C5H7N2O5,472.21,N/A,758.634,Carbohydrate
Adenosine triphosphate,C6H18N3O5,306.59,N/A,520.904,Carbohydrate
Cholesterol,C9H18N4O2,722.74,12.42,720.245,Amide
Adrenaline,C5H32N3O2,369.54,6.21,268.962,Hormone
Adenosine triphosphate,C12H29N4O3,525.75,12.87,181.256,Nucleotide
Urea,C15H5N5O5,58.31,5.13,862.018,Organic Compound
Caffeine,C9H18N0O9,487.59,9.27,741.79,Organic Compound
Adenosine triphosphate,C19H4N5O10,71.86,3.28,941.527,Neurotransmitter
Adrenaline,C18H23N3O9,642.06,1.09,153.092,Lipid
Dopamine,C12H12N4O9,616.92,12.96,576.874,Neurotransmitter
Dopamine,C17H39N0O9,98.51,1.76,533.925,Alkaloid
Urea,C6H25N1O0,695.68,8.11,19.159,Organic Compound
Serotonin,C8H33N3O7,236.97,10.19,805.733,Hormone
Cholesterol,C6H21N0O7,875.89,10.28,901.436,Neurotransmitter
Caffeine,C12H18N1O10,187.14,N/A,295.605,Neurotransmitter
Aspirin,C11H28N2O5,674.83,7.26,52.322,Alcohol
Adrenaline,C5H19N5O10,932.67,9.94,426.379,Carbohydrate
Adrenaline,C13H33N0O8,809.72,10.48,191.388,Alcohol
Dopamine,C13H7N2O5,274.54,13.61,88.923,Lipid
Urea,C8H39N3O0,865.47,5.97,840.623,Hormone
Aspirin,C1H6N1O2,806.22,13.81,860.47,Carbohydrate
Dopamine,C1H36N3O7,558.93,11.06,765.262,Lipid
Adrenaline,C17H17N1O2,923.5,2.79,363.244,Organic Compound
Caffeine,C16H31N3O3,737.51,9.06,73.087,Lipid
Caffeine,C14H2N1O4,86.86,N/A,741.532,Carbohydrate
Adrenaline,C12H34N4O2,620.4,12.07,773.158,Alkaloid
Glucose,C4H19N4O3,101.32,2.24,158.949,Hormone
Aspirin,C13H26N5O0,332.18,13.0,949.075,Neurotransmitter
Cholesterol,C3H32N4O10,247.43,12.31,111.349,Amide
Cholesterol,C10H1N3O9,382.63,3.53,306.996,Alcohol
Dopamine,C13H33N2O7,920.35,N/A,268.497,Nucleotide
Adenosine triphosphate,C10H36N5O4,653.1,4.16,17.682,Nucleotide
Adrenaline,C12H16N4O8,569.33,1.96,32.733,Alcohol
Ethanol,C9H27N0O6,730.32,3.95,148.549,Alcohol
Glucose,C5H9N5O9,881.74,4.67,140.365,Alkaloid
Aspirin,C19H19N0O9,777.65,N/A,315.482,Hormone
Adenosine triphosphate,C17H14N0O7,927.06,2.86,686.75,Hormone
Urea,C17H38N4O4,647.11,6.7,687.309,Amide
Glucose,C6H12N3O3,954.5,10.18,141.012,Neurotransmitter
Adenosine triphosphate,C16H17N3O2,562.13,9.59,954.023,Organic Compound
Urea,C15H18N1O5,786.78,8.83,473.532,Lipid
Serotonin,C11H32N1O0,173.82,10.51,37.991,Hormone
Adrenaline,C14H27N1O0,880.67,4.86,392.284,Organic Compound
Serotonin,C13H40N0O9,356.05,7.63,139.597,Lipid
Glucose,C9H24N3O2,943.78,N/A,180.727,Alcohol
Caffeine,C8H20N0O10,413.3,11.16,30.896,Carbohydrate
Dopamine,C1H15N0O7,155.27,2.52,825.456,Lipid
Cholesterol,C17H27N1O1,258.99,1.15,609.879,Nucleotide
Ethanol,C15H19N1O7,861.56,9.26,376.338,Nucleotide
Dopamine,C12H34N3O1,167.75,5.15,918.125,Alcohol
Dopamine,C2H30N5O9,633.81,6.76,524.412,Hormone
Glucose,C11H9N5O8,117.63,10.38,549.609,Neurotransmitter
Caffeine,C18H16N0O4,293.15,6.01,455.336,Neurotransmitter
Ethanol,C9H12N3O2,840.37,8.11,424.515,Hormone
Urea,C9H4N0O7,359.37,1.24,322.112,Alkaloid
Glucose,C16H39N0O7,817.75,3.08,167.864,Organic Compound
Caffeine,C12H33N2O8,987.41,1.25,543.173,Amide
Ethanol,C5H9N4O3,423.68,5.84,599.34,Carbohydrate
Serotonin,C14H40N3O9,155.76,10.67,293.503,Alkaloid
Urea,C19H10N5O6,186.88,N/A,58.466,Alkaloid
Aspirin,C13H27N3O4,672.9,8.52,507.627,Alcohol
Cholesterol,C19H17N4O0,514.06,N/A,453.157,Hormone
Adrenaline,C19H36N3O2,575.89,2.97,723.908,Carbohydrate
Adenosine triphosphate,C5H7N5O7,780.79,8.14,127.724,Lipid
Dopamine,C1H17N3O8,897.89,5.76,939.065,Nucleotide
Ethanol,C20H29N4O9,823.09,6.21,386.182,Alcohol
Adrenaline,C10H19N2O1,992.09,N/A,63.47,Alkaloid
Serotonin,C1H9N1O3,379.46,10.6,413.008,Hormone
Dopamine,C11H8N3O2,858.09,N/A,25.1,Alcohol
Caffeine,C20H38N2O8,185.75,10.62,105.846,Organic Compound
Adrenaline,C3H38N4O9,681.78,4.4,430.43,Hormone
Adenosine triphosphate,C2H1N3O5,508.53,N/A,473.171,Organic Compound
Glucose,C18H27N0O0,916.78,2.36,893.96,Lipid
Aspirin,C2H4N5O9,299.11,1.58,555.734,Lipid
Glucose,C4H35N2O10,723.7,3.01,601.554,Alkaloid
Urea,C1H27N5O2,220.93,13.63,838.187,Nucleotide
Cholesterol,C1H17N4O3,699.06,N/A,754.599,Amide
Cholesterol,C14H31N0O9,247.5,N/A,178.027,Amide
Dopamine,C12H5N2O4,344.62,N/A,141.857,Lipid
Glucose,C5H19N5O0,378.32,13.29,343.855,Alcohol
Cholesterol,C4H4N1O7,108.17,9.97,363.308,Nucleotide
Glucose,C6H19N0O3,983.53,N/A,760.434,Lipid
Serotonin,C2H38N5O2,246.99,N/A,263.548,Hormone
Dopamine,C10H4N2O2,811.36,6.75,822.056,Amide
Glucose,C11H26N5O0,154.18,13.46,149.972,Alcohol
Ethanol,C8H21N3O4,884.93,N/A,507.313,Organic Compound
Glucose,C18H13N5O1,900.65,8.61,678.184,Alkaloid
Serotonin,C1H27N2O4,678.92,1.28,754.484,Carbohydrate
Ethanol,C16H7N0O5,374.5,8.09,129.956,Organic Compound
Glucose,C20H28N0O5,974.34,7.83,743.65,Alcohol
Cholesterol,C2H33N2O5,672.92,1.99,97.415,Amide
Caffeine,C13H29N5O0,517.89,3.5,460.596,Neurotransmitter
Serotonin,C12H21N0O3,377.74,7.94,484.763,Alcohol
Caffeine,C10H17N1O1,54.42,N/A,807.81,Organic Compound
Dopamine,C15H33N1O3,327.01,6.7,745.348,Alcohol
Cholesterol,C9H2N2O7,63.91,6.19,236.27,Alkaloid
Serotonin,C1H15N5O8,735.1,12.13,966.538,Organic Compound
Aspirin,C4H2N1O6,582.95,2.31,472.902,Neurotransmitter
Cholesterol,C11H27N0O6,840.33,N/A,204.257,Nucleotide
Adenosine triphosphate,C1H30N1O8,827.06,5.4,322.308,Lipid
Urea,C17H17N5O4,974.41,7.45,339.445,Carbohydrate
Adenosine triphosphate,C14H10N0O5,274.0,4.38,710.093,Alcohol
Urea,C8H25N5O8,799.91,11.77,619.35,Organic Compound
Dopamine,C20H39N2O0,175.41,11.46,261.305,Organic Compound
Ethanol,C7H20N3O6,593.59,N/A,586.418,Lipid
Urea,C3H7N0O9,526.02,2.75,500.219,Hormone
Ethanol,C20H5N2O3,688.55,5.36,560.121,Carbohydrate
Serotonin,C13H6N5O7,674.28,13.61,494.415,Lipid
Ethanol,C16H24N0O8,676.63,8.07,526.006,Nucleotide
Adrenaline,C15H3N4O8,711.33,5.05,251.902,Neurotransmitter
Aspirin,C17H1N1O3,868.28,7.32,757.904,Carbohydrate
Cholesterol,C6H20N2O2,395.44,1.31,335.379,Amide
Dopamine,C1H26N4O4,228.98,11.72,225.864,Neurotransmitter
Aspirin,C7H5N4O8,192.25,3.77,824.681,Carbohydrate
Glucose,C19H17N3O0,222.15,1.62,42.942,Alkaloid
Adenosine triphosphate,C3H19N5O4,147.41,7.29,711.002,Alkaloid
Glucose,C16H22N4O2,298.17,N/A,549.283,Nucleotide
Caffeine,C9H21N4O1,374.28,N/A,507.535,Alkaloid
Serotonin,C18H3N4O2,521.67,2.97,899.28,Alcohol
Cholesterol,C19H6N4O5,200.55,12.15,615.334,Amide
Ethanol,C10H29N3O0,843.6,5.85,225.812,Organic Compound
Urea,C15H2N2O1,569.88,3.82,307.698,Amide
Caffeine,C13H10N2O2,589.2,N/A,776.858,Neurotransmitter
Urea,C20H2N3O0,291.94,13.49,860.988,Organic Compound
Caffeine,C2H13N3O5,253.26,8.84,149.017,Nucleotide
Aspirin,C9H40N5O7,974.69,11.25,961.807,Hormone
Cholesterol,C13H14N3O2,317.21,8.9,144.553,Amide
Aspirin,C2H15N3O5,472.96,8.89,853.484,Hormone
Urea,C4H14N5O6,918.88,1.35,868.428,Amide
Glucose,C4H28N3O5,952.03,6.84,885.98,Carbohydrate
Adrenaline,C16H30N0O6,840.96,7.03,936.361,Alcohol
Ethanol,C3H35N5O1,959.1,8.37,809.436,Neurotransmitter
Caffeine,C4H24N3O7,927.79,7.19,408.475,Nucleotide
Caffeine,C2H26N3O9,734.89,N/A,618.761,Organic Compound
Ethanol,C19H30N5O1,390.04,6.33,351.823,Neurotransmitter
Adenosine triphosphate,C13H27N5O0,752.92,5.64,297.129,Neurotransmitter
Dopamine,C12H25N5O5,181.53,13.53,888.637,Neurotransmitter
Ethanol,C4H5N3O6,88.51,5.84,705.864,Lipid
Urea,C7H21N1O6,158.82,8.41,285.435,Lipid
Adrenaline,C7H3N3O6,395.92,5.84,679.735,Neurotransmitter
Urea,C16H40N2O5,810.58,4.38,212.856,Neurotransmitter
Adrenaline,C11H31N5O10,798.94,10.42,573.822,Hormone
Glucose,C8H3N4O4,98.53,12.61,6.24,Neurotransmitter
Dopamine,C4H36N0O1,449.43,11.08,591.007,Amide
Ethanol,C12H34N5O2,552.64,11.82,303.765,Nucleotide
Caffeine,C8H24N2O9,993.88,12.1,497.359,Alkaloid
Ethanol,C18H19N2O2,888.89,13.77,692.921,Nucleotide
Ethanol,C15H15N3O4,224.09,6.78,998.577,Amide
Urea,C8H25N5O4,512.09,11.07,257.453,Carbohydrate
Serotonin,C17H29N4O1,394.69,N/A,422.961,Alcohol
Caffeine,C5H38N3O2,660.15,10.05,514.823,Alkaloid
Aspirin,C9H37N3O6,296.07,8.34,75.206,Organic Compound
Dopamine,C5H6N2O7,549.6,8.36,999.42,Nucleotide
Adenosine triphosphate,C9H20N1O7,106.84,6.74,609.311,Organic Compound
Serotonin,C20H19N5O10,629.54,13.93,816.279,Carbohydrate
Caffeine,C17H2N2O2,511.4,12.54,341.726,Amide
Dopamine,C6H9N5O7,551.34,12.86,402.539,Alcohol
Caffeine,C16H35N2O4,653.84,3.86,680.074,Alkaloid
Ethanol,C10H36N3O1,435.91,9.92,132.446,Lipid
Caffeine,C16H7N0O3,460.79,4.25,857.163,Alkaloid
Serotonin,C7H17N5O6,358.24,5.18,104.211,Neurotransmitter
Urea,C1H38N1O4,600.02,13.47,910.21,Nucleotide
Caffeine,C19H40N4O0,564.17,11.59,133.991,Alcohol
Aspirin,C3H27N2O5,98.3,3.81,911.173,Hormone
Caffeine,C16H36N3O5,361.71,N/A,542.432,Alcohol
Serotonin,C11H24N4O10,213.02,1.04,167.451,Neurotransmitter
Glucose,C16H2N0O4,504.39,3.43,766.118,Hormone
Cholesterol,C13H6N2O0,256.79,2.63,99.518,Neurotransmitter
Adenosine triphosphate,C5H17N5O3,527.71,7.88,313.483,Nucleotide
Urea,C11H7N5O6,667.95,N/A,8.847,Neurotransmitter
Cholesterol,C2H19N4O3,972.64,11.13,864.771,Carbohydrate
Caffeine,C10H25N3O3,581.62,6.67,340.415,Lipid
Ethanol,C5H24N5O5,610.16,4.82,96.598,Organic Compound
Adrenaline,C15H35N2O3,698.86,12.64,905.652,Amide
Adenosine triphosphate,C4H17N5O4,666.49,4.9,188.493,Hormone
Serotonin,C1H37N2O0,181.16,6.82,51.063,Carbohydrate
Caffeine,C3H33N2O2,315.53,N/A,648.905,Alkaloid
Cholesterol,C16H33N4O9,697.52,11.72,716.046,Organic Compound
Ethanol,C7H9N4O7,974.94,1.89,783.787,Amide
Ethanol,C20H23N3O0,88.31,N/A,352.782,Lipid
Dopamine,C7H34N1O2,962.89,3.0,205.473,Organic Compound
Dopamine,C10H12N2O10,864.27,10.54,417.572,Alkaloid
Adenosine triphosphate,C1H24N5O0,401.0,2.79,461.62,Alkaloid
Aspirin,C16H35N2O8,692.36,12.67,558.16,Nucleotide
Adrenaline,C8H10N3O0,706.71,5.73,421.002,Alkaloid
Serotonin,C15H32N1O10,333.59,8.85,186.886,Hormone
Caffeine,C6H33N1O2,602.59,8.42,121.863,Amide
Dopamine,C16H28N5O8,782.22,2.12,185.965,Hormone
Urea,C19H36N0O1,65.29,6.24,721.463,Hormone
Adenosine triphosphate,C4H15N3O2,660.52,N/A,851.044,Lipid
Dopamine,C11H32N0O4,799.28,6.04,634.275,Alkaloid
Ethanol,C20H26N0O0,374.14,13.31,413.836,Alcohol
Serotonin,C18H21N2O2,359.18,9.08,293.635,Amide
Adrenaline,C18H21N0O6,373.5,11.81,226.813,Amide
Adrenaline,C12H25N1O1,397.66,N/A,440.807,Neurotransmitter
Urea,C1H27N1O0,517.74,N/A,599.671,Alcohol
Ethanol,C14H4N5O1,956.42,5.47,948.613,Amide
Adrenaline,C17H12N5O3,562.02,13.9,378.1,Alkaloid
Ethanol,C11H11N1O6,64.44,11.98,7.703,Neurotransmitter
Adrenaline,C10H28N0O2,486.79,10.45,843.857,Nucleotide
Caffeine,C11H30N0O8,158.21,4.0,526.531,Organic Compound
Urea,C11H4N5O4,950.37,5.8,636.565,Alcohol
Serotonin,C5H5N2O3,835.23,6.76,912.29,Carbohydrate
Adrenaline,C16H35N2O2,726.74,12.21,874.759,Alcohol
Aspirin,C7H20N2O2,807.18,8.05,413.865,Amide
Adrenaline,C12H27N5O4,226.95,7.47,476.036,Nucleotide
Serotonin,C4H31N3O6,747.73,5.95,95.557,Nucleotide
Caffeine,C19H27N1O10,975.18,7.58,301.107,Alcohol
Caffeine,C6H19N1O8,349.15,10.9,867.659,Alkaloid
Caffeine,C9H7N3O9,389.85,1.36,25.146,Alkaloid
Caffeine,C15H5N0O2,674.84,1.32,0.916,Hormone
Aspirin,C3H31N1O1,812.23,9.44,613.967,Amide
Glucose,C4H3N2O1,795.77,N/A,303.115,Amide
Urea,C8H15N4O10,379.16,8.41,19.032,Alcohol
Dopamine,C20H25N2O10,326.34,2.63,372.724,Lipid
Urea,C8H27N4O10,196.69,4.39,295.87,Organic Compound
Serotonin,C9H8N3O9,641.73,8.23,375.583,Organic Compound
Adrenaline,C18H24N2O6,577.78,N/A,726.267,Hormone
Urea,C8H15N5O4,917.13,N/A,754.327,Nucleotide
Ethanol,C6H4N2O9,137.05,6.44,126.653,Carbohydrate
Urea,C7H1N1O5,367.87,5.2,69.479,Hormone
Glucose,C14H22N5O1,67.05,N/A,824.245,Carbohydrate
Adrenaline,C17H15N4O0,478.85,N/A,894.912,Alkaloid
Cholesterol,C9H34N4O5,612.66,N/A,590.495,Hormone
Adenosine triphosphate,C11H18N4O6,138.01,2.89,651.072,Organic Compound
Ethanol,C11H3N4O1,674.35,12.14,22.19,Amide
Dopamine,C10H6N2O4,576.84,3.35,650.461,Neurotransmitter
Dopamine,C3H15N5O0,908.28,5.23,957.524,Alcohol
Caffeine,C9H20N5O10,792.64,3.97,236.997,Amide
Adenosine triphosphate,C1H20N0O5,939.41,2.12,467.397,Alcohol
Ethanol,C3H13N2O8,469.81,6.36,760.102,Amide
Glucose,C6H15N4O3,585.01,3.53,344.822,Amide
Cholesterol,C20H9N2O2,647.81,4.61,226.013,Neurotransmitter
Glucose,C16H3N0O4,405.69,4.83,389.825,Nucleotide
Adenosine triphosphate,C17H1N3O2,94.77,3.74,836.446,Amide
Dopamine,C3H28N0O1,821.3,2.01,430.877,Neurotransmitter
Dopamine,C15H22N1O5,857.93,6.81,871.907,Carbohydrate
Glucose,C8H9N3O4,967.81,13.89,987.878,Lipid
Ethanol,C5H35N3O1,654.51,7.6,601.209,Organic Compound
Cholesterol,C16H4N2O0,299.28,4.18,570.722,Organic Compound
Urea,C17H1N0O3,527.52,12.57,951.199,Organic Compound
Ethanol,C11H1N4O4,416.37,3.22,439.433,Lipid
Caffeine,C12H17N3O0,874.79,7.06,526.758,Amide
Ethanol,C18H24N5O5,824.37,8.47,400.584,Organic Compound
Urea,C16H30N4O7,359.11,N/A,114.549,Hormone
Urea,C15H10N5O10,254.27,10.62,317.564,Amide
Glucose,C7H22N1O2,677.18,4.52,199.961,Nucleotide
Caffeine,C3H18N0O2,721.93,10.53,359.024,Organic Compound
Glucose,C7H11N1O9,439.72,5.26,976.26,Organic Compound
Urea,C13H19N4O5,142.69,7.77,110.449,Organic Compound
Aspirin,C11H25N5O2,480.38,N/A,472.839,Alcohol
Ethanol,C16H13N2O3,904.56,5.02,587.907,Hormone
Adenosine triphosphate,C6H10N2O8,239.24,11.5,614.651,Amide
Ethanol,C15H21N4O4,501.73,7.53,901.05,Neurotransmitter
Serotonin,C17H8N2O2,415.83,2.46,961.438,Alkaloid
Aspirin,C2H37N2O7,98.96,4.99,328.601,Hormone
Caffeine,C10H7N3O3,691.01,2.77,837.397,Lipid
Dopamine,C7H20N2O7,140.47,6.12,34.93,Hormone
Adrenaline,C18H7N0O5,768.75,8.9,946.505,Hormone
Ethanol,C20H23N2O1,117.9,12.45,651.383,Organic Compound
Adrenaline,C19H29N4O0,125.64,6.88,496.185,Organic Compound
Serotonin,C1H18N1O9,465.43,13.92,778.416,Amide
Adenosine triphosphate,C20H17N3O3,705.97,N/A,411.529,Neurotransmitter
Urea,C11H18N3O1,436.46,N/A,538.569,Hormone
Adenosine triphosphate,C15H33N1O6,161.67,11.54,2.289,Amide
Dopamine,C12H33N4O9,789.98,9.93,33.671,Amide
Glucose,C11H32N3O0,484.62,N/A,919.162,Alcohol
Dopamine,C14H11N1O9,513.34,4.52,464.345,Alkaloid
Caffeine,C8H33N2O7,830.73,8.39,906.862,Lipid
Urea,C11H17N4O2,403.89,4.05,358.876,Alcohol
Dopamine,C12H10N4O4,460.08,10.0,772.79,Carbohydrate
Caffeine,C20H21N3O4,534.58,7.03,38.968,Lipid
Cholesterol,C11H28N4O1,727.77,4.15,504.395,Alkaloid
Ethanol,C9H4N4O1,940.07,N/A,434.164,Nucleotide
Ethanol,C6H5N0O5,493.33,9.3,645.022,Alcohol
Caffeine,C11H21N4O5,891.11,10.92,190.484,Alkaloid
Adrenaline,C19H38N4O9,404.95,N/A,997.013,Organic Compound
Adenosine triphosphate,C11H12N4O7,664.43,12.26,405.804,Organic Compound
Serotonin,C14H29N0O10,939.31,5.89,264.016,Alkaloid
Ethanol,C12H36N5O1,649.39,4.9,988.083,Lipid
Adenosine triphosphate,C12H13N3O1,98.2,12.78,279.868,Organic Compound
Ethanol,C16H1N5O3,330.87,11.3,958.869,Neurotransmitter
Adrenaline,C14H5N4O7,453.62,9.53,70.385,Alkaloid
Serotonin,C12H22N1O7,392.16,11.13,178.159,Hormone
Cholesterol,C17H38N3O5,248.09,3.31,383.071,Neurotransmitter
Urea,C8H9N2O0,868.2,6.42,408.554,Alkaloid
Urea,C13H24N5O4,468.19,9.51,12.252,Alcohol
Adenosine triphosphate,C8H31N1O0,712.73,4.73,569.201,Alkaloid
Dopamine,C8H39N5O8,645.1,1.63,417.339,Alkaloid
Glucose,C15H4N3O0,396.18,9.28,44.924,Alkaloid
Caffeine,C7H15N5O4,838.63,12.23,454.413,Hormone
Serotonin,C17H3N1O8,950.28,10.68,912.055,Alcohol
Aspirin,C1H24N3O4,503.39,11.55,828.117,Hormone
Urea,C8H31N0O3,145.46,8.62,706.314,Lipid
Adenosine triphosphate,C20H29N0O7,398.18,N/A,6.132,Hormone
Ethanol,C13H12N3O2,385.08,12.76,94.394,Carbohydrate
Adenosine triphosphate,C1H32N0O1,301.16,4.99,461.419,Organic Compound
Ethanol,C5H31N5O6,320.16,1.22,969.372,Alkaloid
Cholesterol,C8H37N1O2,820.85,11.32,615.339,Amide
Adenosine triphosphate,C13H1N0O10,650.72,N/A,8.182,Amide
Aspirin,C11H40N2O0,397.06,N/A,459.571,Amide
Adrenaline,C10H18N0O8,116.1,10.48,535.295,Alcohol
Cholesterol,C5H19N2O9,593.53,13.79,488.593,Neurotransmitter
Caffeine,C4H8N4O9,387.18,9.85,872.966,Alcohol
Glucose,C8H22N2O0,647.1,12.32,990.589,Neurotransmitter
Dopamine,C1H15N1O9,906.13,N/A,903.934,Hormone
Cholesterol,C4H34N5O1,826.92,N/A,95.171,Lipid
Aspirin,C8H13N3O3,114.07,10.33,124.846,Organic Compound
Adenosine triphosphate,C10H14N3O3,267.78,12.65,652.716,Hormone
Caffeine,C14H27N3O8,243.96,12.82,754.135,Lipid
Adenosine triphosphate,C10H8N3O6,785.47,N/A,61.633,Lipid
Ethanol,C4H14N5O9,982.42,2.07,592.609,Hormone
Cholesterol,C16H2N2O7,609.89,3.88,309.392,Carbohydrate
Adenosine triphosphate,C11H37N1O8,538.82,13.65,679.025,Organic Compound
Adrenaline,C17H34N2O8,815.85,8.91,55.117,Alkaloid
Serotonin,C9H36N3O0,307.31,13.08,418.364,Carbohydrate
Ethanol,C2H40N5O2,158.55,9.44,176.017,Alkaloid
Serotonin,C5H19N3O9,595.7,6.24,463.774,Nucleotide
Glucose,C5H20N3O9,540.74,7.21,927.046,Organic Compound
Adrenaline,C16H11N5O2,945.24,6.13,136.832,Alcohol
Serotonin,C13H39N1O9,525.06,13.64,435.467,Alkaloid
Adrenaline,C17H40N0O5,513.91,8.53,893.659,Carbohydrate
Adrenaline,C2H11N1O0,694.8,11.98,586.387,Alkaloid
Ethanol,C8H2N1O8,576.93,8.72,856.028,Alcohol
Dopamine,C12H11N0O1,409.88,N/A,223.407,Amide
Glucose,C12H26N5O0,77.2,11.96,394.268,Lipid
Dopamine,C15H38N0O3,599.03,1.51,467.898,Lipid
Cholesterol,C18H5N0O7,876.87,1.51,139.384,Alcohol
Caffeine,C17H11N1O3,698.1,8.43,664.457,Alkaloid
Adrenaline,C4H1N2O7,741.83,13.2,15.79,Hormone
Adrenaline,C10H27N2O7,831.58,2.52,120.07,Alkaloid
Adrenaline,C14H1N3O0,817.38,N/A,2.129,Amide
Urea,C12H29N3O6,798.62,N/A,725.44,Carbohydrate
Dopamine,C9H10N4O5,611.74,6.55,474.371,Amide
Caffeine,C18H12N2O8,414.87,N/A,98.795,Lipid
Cholesterol,C3H5N0O1,586.35,10.69,154.68,Neurotransmitter
Urea,C14H17N1O4,293.29,10.49,767.863,Alcohol
Ethanol,C3H25N5O5,936.42,12.94,286.49,Neurotransmitter
Adrenaline,C10H20N5O1,177.73,N/A,794.185,Alcohol
Dopamine,C2H24N4O4,384.04,4.47,362.176,Carbohydrate
Urea,C9H26N0O7,947.9,9.07,471.257,Alkaloid
Dopamine,C20H38N1O4,64.94,7.45,350.08,Lipid
Serotonin,C15H6N5O2,404.37,N/A,273.875,Amide
Aspirin,C4H35N5O10,515.04,2.33,264.924,Alkaloid
Aspirin,C20H1N5O8,129.65,9.07,380.016,Lipid
Caffeine,C10H39N1O7,306.11,5.5,360.741,Neurotransmitter
Adenosine triphosphate,C5H40N2O2,256.76,9.0,603.944,Carbohydrate
Serotonin,C11H22N2O4,365.18,13.41,456.825,Lipid
Aspirin,C14H14N3O8,130.8,5.5,97.19,Neurotransmitter
Adenosine triphosphate,C11H36N2O3,670.73,N/A,28.795,Hormone
Cholesterol,C18H16N3O2,538.08,N/A,239.614,Carbohydrate
Caffeine,C3H6N0O8,702.33,7.43,838.585,Lipid
Adrenaline,C14H19N1O8,103.2,6.6,248.416,Alcohol
Glucose,C17H13N0O7,972.81,6.99,229.517,Organic Compound
Adenosine triphosphate,C16H8N2O10,666.86,2.35,466.66,Lipid
Adenosine triphosphate,C15H28N5O1,684.57,3.45,854.671,Organic Compound
Cholesterol,C17H21N2O5,229.47,8.28,703.081,Organic Compound
Cholesterol,C1H29N4O7,884.46,13.32,256.632,Lipid
Cholesterol,C4H34N3O10,948.82,12.91,787.05,Nucleotide
Glucose,C8H24N2O3,768.0,2.13,657.204,Hormone
Aspirin,C7H8N1O4,795.48,13.45,806.682,Amide
Adrenaline,C15H33N2O2,662.93,3.09,909.155,Nucleotide
Caffeine,C1H4N4O5,618.11,3.45,677.09,Carbohydrate
Cholesterol,C16H31N0O7,551.87,1.09,960.332,Organic Compound
Urea,C20H30N5O5,507.38,10.91,507.166,Carbohydrate
Dopamine,C1H22N0O3,149.38,10.12,842.494,Carbohydrate
Adenosine triphosphate,C11H5N3O1,813.67,N/A,168.941,Alkaloid
Serotonin,C18H23N4O6,100.68,N/A,127.448,Alcohol
Ethanol,C7H11N2O5,978.67,N/A,167.966,Hormone
Glucose,C20H17N5O6,513.99,N/A,743.049,Alcohol
Dopamine,C18H1N2O9,531.93,5.86,451.966,Alcohol
Glucose,C16H5N2O8,835.76,N/A,544.605,Hormone
Ethanol,C3H30N2O7,915.76,11.38,22.795,Carbohydrate
Serotonin,C4H25N5O2,820.61,10.28,546.715,Amide
Ethanol,C10H18N3O8,115.64,10.32,452.909,Organic Compound
Adrenaline,C2H23N4O3,808.4,6.91,261.351,Carbohydrate
Glucose,C17H5N1O9,329.83,N/A,532.974,Amide
Adrenaline,C5H40N4O8,582.71,N/A,78.25,Alcohol
Ethanol,C19H29N5O5,741.62,11.41,842.122,Nucleotide
Glucose,C14H29N1O4,751.51,5.7,307.695,Organic Compound
Serotonin,C13H32N0O2,103.09,5.42,442.39,Neurotransmitter
Serotonin,C2H14N4O3,678.1,13.19,607.474,Nucleotide
Cholesterol,C20H15N0O0,574.86,3.65,743.866,Organic Compound
Adenosine triphosphate,C9H17N4O8,159.89,10.76,778.015,Nucleotide
Glucose,C14H3N3O9,614.14,9.06,88.638,Amide
Aspirin,C9H40N1O7,302.63,10.78,499.127,Neurotransmitter
Ethanol,C10H6N5O8,374.34,13.98,403.906,Nucleotide
Adrenaline,C14H14N3O8,426.58,13.09,6.357,Organic Compound
Ethanol,C13H34N4O4,403.72,N/A,703.26,Nucleotide
Caffeine,C9H1N4O0,598.33,N/A,858.293,Alcohol
Urea,C11H24N5O9,687.05,5.1,341.757,Organic Compound
Dopamine,C3H30N0O7,239.24,N/A,849.728,Amide
Cholesterol,C1H33N0O4,733.21,10.49,233.541,Carbohydrate
Dopamine,C5H29N0O4,146.57,7.3,220.927,Amide
Caffeine,C1H11N1O0,843.37,1.96,863.543,Hormone
Glucose,C13H25N4O1,988.04,10.3,947.81,Amide
Serotonin,C11H23N5O4,753.41,N/A,830.483,Alcohol
Adrenaline,C3H12N3O9,790.28,8.22,590.345,Amide
Glucose,C8H39N1O9,876.71,8.59,858.975,Amide
Caffeine,C14H26N3O2,497.96,9.91,672.47,Hormone
Caffeine,C16H29N4O10,660.06,1.84,639.142,Alkaloid
Dopamine,C4H11N0O5,328.71,1.73,742.194,Alkaloid
Adrenaline,C8H19N2O2,621.89,1.35,453.782,Alkaloid
Aspirin,C20H1N0O5,272.78,7.26,948.983,Hormone
Ethanol,C4H29N0O6,423.65,3.37,109.702,Neurotransmitter
Serotonin,C8H29N2O6,760.03,N/A,991.765,Alkaloid
Caffeine,C2H12N1O6,683.82,2.98,285.587,Nucleotide
Ethanol,C8H23N0O2,808.87,10.11,628.402,Alkaloid
Dopamine,C2H19N5O2,474.26,11.39,868.748,Hormone
Adrenaline,C20H14N5O7,168.67,N/A,356.642,Hormone
Urea,C11H39N1O5,615.9,N/A,889.148,Nucleotide
Caffeine,C8H36N1O7,680.12,N/A,1.866,Amide
Urea,C4H34N0O10,231.93,6.31,565.731,Lipid
Ethanol,C9H4N1O2,513.29,5.85,81.406,Lipid
Ethanol,C12H30N2O2,165.22,6.03,652.099,Carbohydrate
Dopamine,C3H11N3O2,77.55,12.2,978.402,Amide
Adenosine triphosphate,C2H24N0O6,393.05,2.58,173.392,Hormone
Ethanol,C18H38N0O3,303.39,6.71,38.344,Alcohol
Adenosine triphosphate,C16H34N0O9,563.66,1.15,510.252,Organic Compound
Aspirin,C9H29N2O1,566.46,6.65,165.475,Carbohydrate
Aspirin,C19H23N4O8,157.72,7.51,204.696,Lipid
Cholesterol,C3H18N0O10,50.13,3.8,991.899,Nucleotide
Glucose,C4H4N4O0,407.91,7.17,361.036,Organic Compound
Urea,C7H24N2O9,673.17,13.35,712.811,Nucleotide
Adenosine triphosphate,C17H3N1O6,368.45,12.14,791.201,Organic Compound
Aspirin,C4H3N0O6,964.38,N/A,379.201,Carbohydrate
Urea,C20H19N5O1,289.11,13.53,919.866,Organic Compound
Urea,C5H3N5O7,419.53,7.41,120.669,Neurotransmitter
Serotonin,C4H15N0O9,708.19,5.08,891.221,Organic Compound
Caffeine,C1H16N0O2,466.4,3.13,84.825,Lipid
Urea,C5H15N1O0,648.38,N/A,988.524,Alkaloid
Adenosine triphosphate,C10H20N4O4,332.22,6.82,803.822,Lipid
Cholesterol,C12H39N2O10,690.65,12.77,187.201,Carbohydrate
Glucose,C1H35N0O7,528.65,4.29,587.443,Nucleotide
Adenosine triphosphate,C18H37N0O3,755.99,8.87,820.555,Organic Compound
Ethanol,C16H13N1O2,454.35,2.86,97.137,Organic Compound
Adenosine triphosphate,C17H5N0O7,967.51,2.65,263.368,Alcohol
Dopamine,C6H39N1O8,942.05,2.44,374.462,Nucleotide
Dopamine,C1H12N3O2,776.51,5.98,335.463,Organic Compound
Urea,C13H34N1O9,441.22,8.95,486.758,Nucleotide
Adrenaline,C20H18N3O6,537.22,N/A,5.397,Nucleotide
Dopamine,C11H21N1O10,242.39,11.31,812.46,Hormone
Dopamine,C15H40N1O0,246.85,6.18,193.919,Neurotransmitter
Urea,C12H29N1O5,70.53,N/A,454.774,Amide
Urea,C8H40N1O8,98.75,13.01,773.357,Alkaloid
Aspirin,C6H8N2O8,768.99,N/A,431.736,Hormone
Adenosine triphosphate,C19H39N4O10,262.87,1.25,376.574,Lipid
Adenosine triphosphate,C16H35N2O4,214.17,13.57,996.764,Alkaloid
Cholesterol,C11H14N1O6,935.23,5.19,833.719,Alkaloid
Aspirin,C13H15N0O1,263.68,8.67,341.828,Hormone
Ethanol,C9H28N2O2,328.96,9.82,102.52,Alcohol
Urea,C19H14N2O0,85.9,10.43,76.204,Hormone
Glucose,C19H4N1O2,77.68,10.92,463.115,Lipid
Aspirin,C12H25N0O7,595.14,9.49,377.917,Carbohydrate
Adrenaline,C12H32N4O9,874.76,3.53,56.667,Hormone
Adrenaline,C18H16N1O5,993.73,13.53,416.738,Alcohol
Aspirin,C13H30N2O4,215.2,N/A,743.129,Neurotransmitter
Adenosine triphosphate,C8H37N4O7,623.91,3.78,213.734,Hormone
Serotonin,C13H35N0O0,339.01,N/A,30.336,Organic Compound
Dopamine,C15H19N4O6,623.98,N/A,319.866,Neurotransmitter
Adrenaline,C17H37N0O1,235.69,13.08,239.09,Alcohol
Cholesterol,C20H27N5O2,439.64,2.31,889.225,Alcohol
Urea,C13H9N2O4,267.03,9.36,135.31,Alkaloid
Cholesterol,C20H23N1O2,993.36,N/A,215.667,Lipid
Dopamine,C13H27N3O5,181.57,1.82,265.657,Alkaloid
Adrenaline,C18H35N0O3,367.04,11.51,614.146,Amide
Caffeine,C10H10N2O6,552.72,11.18,748.108,Organic Compound
Dopamine,C16H13N5O9,758.3,N/A,530.496,Alkaloid
Dopamine,C5H14N0O10,431.21,12.76,150.928,Nucleotide
Ethanol,C20H9N3O1,415.9,6.31,862.004,Nucleotide
Ethanol,C5H27N2O2,923.34,8.07,605.421,Organic Compound
Serotonin,C2H13N0O8,381.37,3.85,311.115,Amide
Aspirin,C12H23N4O7,676.49,12.3,802.421,Alcohol
Caffeine,C6H17N5O1,730.24,N/A,249.343,Carbohydrate
Adrenaline,C10H2N1O3,110.21,9.53,143.606,Organic Compound
Urea,C15H23N0O4,172.73,5.52,156.045,Amide
Adrenaline,C2H13N5O6,699.81,11.04,323.774,Nucleotide
Urea,C6H24N5O4,582.48,11.36,649.691,Hormone
Serotonin,C19H14N3O5,292.15,4.15,425.299,Lipid
Ethanol,C19H17N1O8,502.08,2.09,732.523,Carbohydrate
Aspirin,C14H34N4O6,256.87,4.18,743.115,Neurotransmitter
Adrenaline,C13H14N2O2,905.59,1.61,822.372,Neurotransmitter
Adrenaline,C9H7N4O3,279.29,9.49,837.081,Carbohydrate
Serotonin,C10H23N2O7,434.13,2.05,434.217,Amide
Ethanol,C17H35N5O6,285.33,1.55,998.36,Amide
Urea,C19H19N1O8,688.95,11.92,276.493,Alcohol
Adenosine triphosphate,C13H39N5O9,668.55,11.88,7.174,Organic Compound
Ethanol,C6H16N4O9,769.1,10.98,352.603,Alkaloid
Dopamine,C4H4N0O2,740.54,13.87,19.366,Lipid
Adrenaline,C4H27N0O3,760.37,13.14,728.078,Alkaloid
Ethanol,C20H1N4O6,141.81,3.67,668.171,Lipid
Cholesterol,C10H8N3O6,280.03,9.31,697.252,Lipid
Adrenaline,C10H16N1O0,847.16,N/A,732.386,Alkaloid
Urea,C7H19N4O7,425.91,12.72,52.847,Alcohol
Adenosine triphosphate,C1H28N4O1,871.55,5.28,423.256,Alkaloid
Glucose,C12H24N4O6,299.87,8.8,964.274,Alkaloid
Ethanol,C3H18N1O1,894.65,5.81,802.481,Nucleotide
Adrenaline,C3H3N3O2,759.58,4.93,481.007,Alkaloid
Aspirin,C15H7N3O1,665.15,2.91,76.552,Neurotransmitter
Ethanol,C11H39N2O0,345.9,N/A,753.726,Hormone
Glucose,C20H19N5O3,911.1,3.89,265.49,Alkaloid
Dopamine,C6H18N2O7,262.45,2.32,92.797,Alkaloid
Aspirin,C5H15N3O10,372.33,2.16,438.408,Hormone
Adrenaline,C10H26N3O10,419.23,13.25,213.857,Hormone
Aspirin,C14H1N3O0,695.6,11.48,953.262,Amide
Ethanol,C11H7N5O2,778.53,N/A,854.701,Hormone
Caffeine,C16H18N4O1,411.64,N/A,565.693,Amide
Cholesterol,C18H3N0O10,988.71,N/A,281.395,Nucleotide
Ethanol,C5H35N3O0,350.99,N/A,343.617,Organic Compound
Cholesterol,C17H26N0O1,426.89,11.75,37.271,Amide
Ethanol,C16H23N1O5,980.8,8.26,877.069,Nucleotide
Aspirin,C10H21N5O10,681.1,1.34,597.566,Neurotransmitter
Ethanol,C16H37N0O3,261.64,3.93,102.677,Hormone
Ethanol,C4H26N0O4,109.29,13.07,647.601,Nucleotide
Aspirin,C15H23N3O0,934.48,9.93,436.453,Alcohol
Adenosine triphosphate,C19H31N1O7,749.27,13.82,588.916,Hormone
Adrenaline,C9H12N3O7,677.45,13.65,99.948,Organic Compound
Adrenaline,C4H16N3O2,765.98,8.13,53.766,Alkaloid
Caffeine,C20H5N5O5,481.96,N/A,45.76,Hormone
Urea,C12H18N2O2,132.59,7.75,433.784,Amide
Ethanol,C3H19N0O5,856.98,6.89,834.937,Neurotransmitter
Dopamine,C14H39N3O7,346.22,1.3,309.348,Neurotransmitter
Dopamine,C16H9N3O2,486.77,4.19,996.929,Nucleotide
Cholesterol,C14H14N0O4,690.19,1.42,578.395,Alcohol
Adrenaline,C12H9N5O6,83.09,12.11,557.907,Alcohol
Adenosine triphosphate,C12H16N5O7,442.23,10.47,893.67,Organic Compound
Serotonin,C16H14N4O0,794.71,10.42,79.098,Neurotransmitter
Adenosine triphosphate,C20H15N5O2,314.48,N/A,957.645,Carbohydrate
Aspirin,C19H17N4O8,993.36,N/A,329.899,Nucleotide
Caffeine,C8H10N5O6,741.91,12.94,933.432,Alcohol
Urea,C15H37N1O6,319.48,N/A,688.004,Alcohol
Dopamine,C6H8N1O6,410.81,6.66,986.915,Alcohol
Caffeine,C1H24N4O6,367.41,12.29,257.323,Carbohydrate
Adenosine triphosphate,C6H38N5O5,955.35,N/A,424.097,Carbohydrate
Urea,C16H23N4O9,556.13,3.85,741.928,Hormone
Dopamine,C12H38N3O10,149.71,4.28,819.966,Alkaloid
Ethanol,C19H33N5O7,304.96,N/A,243.144,Lipid
Dopamine,C19H35N2O8,164.57,11.9,366.851,Carbohydrate
Cholesterol,C19H20N1O4,796.3,N/A,710.584,Neurotransmitter
Cholesterol,C1H14N0O1,298.17,4.69,644.517,Alkaloid
Aspirin,C19H30N3O2,375.12,11.18,374.3,Amide
Glucose,C1H7N4O10,801.69,9.08,278.792,Alkaloid
Ethanol,C13H3N3O1,742.21,7.45,999.152,Neurotransmitter
Cholesterol,C7H26N0O2,975.27,2.57,826.907,Alkaloid
Urea,C10H12N3O1,953.15,N/A,959.361,Alcohol
Ethanol,C4H1N2O3,662.89,13.68,985.735,Amide
Adenosine triphosphate,C15H9N5O4,148.05,12.92,81.778,Lipid
Adenosine triphosphate,C2H6N4O9,528.71,3.2,962.809,Organic Compound
Ethanol,C19H5N2O2,959.93,9.77,252.182,Lipid
Glucose,C8H22N2O10,514.8,N/A,628.982,Alkaloid
Cholesterol,C6H31N1O5,438.88,2.14,622.696,Neurotransmitter
Aspirin,C8H32N1O4,504.33,8.53,346.236,Lipid
Urea,C6H6N5O3,959.82,7.59,452.095,Hormone
Dopamine,C10H5N2O7,991.58,N/A,597.055,Nucleotide
Glucose,C7H6N2O8,285.88,5.97,704.711,Carbohydrate
Caffeine,C8H36N3O6,302.11,3.12,695.373,Hormone
Glucose,C7H26N3O3,346.54,5.19,12.619,Organic Compound
Aspirin,C8H5N5O3,820.97,7.03,918.58,Organic Compound
Adrenaline,C7H28N3O3,231.93,N/A,880.327,Nucleotide
Adenosine triphosphate,C2H19N4O8,300.29,7.51,752.209,Alkaloid
Caffeine,C19H2N4O6,118.9,5.88,363.621,Lipid
Dopamine,C1H32N1O10,256.84,1.03,553.795,Alcohol
Cholesterol,C3H33N2O7,132.88,1.51,63.191,Lipid
Adrenaline,C10H19N1O7,542.06,8.35,496.843,Alcohol
Adrenaline,C11H17N1O2,564.84,N/A,516.014,Lipid
Aspirin,C4H7N2O5,610.69,3.65,356.53,Hormone
Ethanol,C14H2N3O0,781.31,N/A,907.176,Organic Compound
Caffeine,C5H24N5O3,72.36,8.2,147.485,Lipid
Glucose,C18H39N4O6,477.64,4.89,854.094,Lipid
Aspirin,C20H35N4O0,279.79,11.13,36.514,Hormone
Serotonin,C20H34N1O0,69.03,10.0,90.894,Alkaloid
Caffeine,C19H10N0O0,418.13,6.62,90.2,Alcohol
Urea,C12H2N0O6,228.93,8.15,288.921,Hormone
Serotonin,C9H27N3O8,175.92,N/A,998.514,Amide
Urea,C4H28N5O2,833.39,5.11,549.202,Organic Compound
Serotonin,C17H10N2O4,668.86,7.22,939.387,Carbohydrate
Adenosine triphosphate,C19H4N1O3,95.17,N/A,19.829,Carbohydrate
Urea,C19H13N5O8,701.96,6.41,405.0,Nucleotide
Adrenaline,C11H33N0O3,217.79,4.39,744.436,Organic Compound
Adenosine triphosphate,C16H8N2O0,183.49,4.85,485.652,Carbohydrate
Adenosine triphosphate,C13H27N0O4,82.72,2.23,607.491,Hormone
Caffeine,C8H1N2O4,989.51,N/A,653.102,Hormone
Caffeine,C16H22N5O7,64.54,1.13,95.844,Carbohydrate
Caffeine,C11H1N3O7,234.85,8.19,764.149,Carbohydrate
Dopamine,C4H2N5O8,866.18,N/A,566.52,Carbohydrate
Urea,C11H22N2O0,393.57,1.48,446.762,Alcohol
Serotonin,C11H14N4O10,889.37,8.68,304.849,Organic Compound
Ethanol,C6H2N5O4,283.53,N/A,723.541,Lipid
Serotonin,C7H34N4O0,376.51,1.8,531.212,Nucleotide
Glucose,C17H20N4O0,616.94,13.9,89.832,Organic Compound
Caffeine,C11H7N5O2,241.6,11.38,484.462,Nucleotide
Aspirin,C1H19N0O8,848.11,N/A,852.725,Lipid
Adenosine triphosphate,C18H14N4O5,861.84,12.86,450.423,Organic Compound
Glucose,C9H34N1O4,217.25,N/A,368.739,Neurotransmitter
Adenosine triphosphate,C16H23N0O10,667.83,4.99,6.997,Amide
Ethanol,C12H19N5O2,425.89,8.12,714.867,Nucleotide
Cholesterol,C19H21N5O6,661.28,N/A,109.755,Organic Compound
Serotonin,C5H39N3O7,682.36,1.28,561.926,Amide
Caffeine,C12H20N2O7,876.62,5.42,162.743,Amide
Adrenaline,C16H2N1O2,382.86,N/A,573.918,Alcohol
Adrenaline,C4H19N1O10,706.78,N/A,17.151,Organic Compound
Cholesterol,C4H1N0O8,245.53,4.47,163.838,Alcohol
Dopamine,C7H33N0O0,60.63,11.88,249.36,Hormone
Serotonin,C14H27N1O1,735.81,8.85,237.89,Lipid
Adenosine triphosphate,C9H40N3O0,304.28,10.01,520.465,Amide
Adrenaline,C13H35N4O9,226.83,6.92,454.165,Organic Compound
Dopamine,C5H30N2O0,155.19,9.59,28.506,Carbohydrate
Adenosine triphosphate,C5H16N2O6,341.34,8.41,970.936,Carbohydrate
Adrenaline,C19H28N2O4,97.09,7.6,731.265,Hormone
Cholesterol,C17H16N4O0,203.68,3.98,546.782,Carbohydrate
Adenosine triphosphate,C19H12N1O0,427.21,4.91,627.603,Carbohydrate
Urea,C16H25N4O9,967.56,9.51,604.057,Lipid
Caffeine,C1H17N1O3,732.25,13.47,223.591,Lipid
Aspirin,C5H20N3O10,728.91,13.22,480.073,Alcohol
Glucose,C4H9N2O5,498.38,7.16,486.563,Lipid
Adenosine triphosphate,C16H16N3O1,426.57,1.16,980.777,Hormone
Serotonin,C2H22N5O1,605.84,N/A,242.96,Amide
Ethanol,C18H21N2O9,332.87,8.58,691.402,Alcohol
Caffeine,C13H28N4O2,994.89,1.15,118.536,Nucleotide
Adrenaline,C15H29N0O3,184.11,N/A,898.929,Amide
Cholesterol,C5H16N5O0,526.95,5.04,204.985,Organic Compound
Glucose,C18H33N2O1,880.23,11.51,31.989,Hormone
Urea,C12H30N3O8,438.82,2.8,619.693,Alcohol
Serotonin,C8H37N4O8,732.83,9.57,377.552,Neurotransmitter
Dopamine,C7H16N0O7,70.67,N/A,194.598,Alkaloid
Caffeine,C8H18N4O6,283.97,N/A,336.012,Alkaloid
Caffeine,C11H13N0O7,649.15,9.22,577.901,Organic Compound
Glucose,C2H7N2O7,552.08,12.27,215.716,Neurotransmitter
Urea,C10H38N3O4,849.23,8.37,456.341,Lipid
Aspirin,C7H11N5O1,295.56,N/A,213.479,Alkaloid
Serotonin,C20H15N5O7,369.09,9.76,886.34,Alcohol
Caffeine,C17H13N2O4,927.7,5.65,279.089,Alkaloid
Adrenaline,C13H29N3O3,190.09,12.66,11.778,Alkaloid
Caffeine,C19H28N5O2,722.43,9.54,488.994,Neurotransmitter
Cholesterol,C5H14N1O7,699.88,N/A,958.065,Carbohydrate
Dopamine,C3H15N5O4,619.62,6.94,339.32,Lipid
Cholesterol,C3H2N5O5,292.9,3.3,436.159,Lipid
Cholesterol,C1H11N2O6,588.31,N/A,18.876,Alkaloid
Cholesterol,C4H5N0O1,237.52,9.81,153.796,Organic Compound
Ethanol,C16H17N5O8,892.11,7.24,215.223,Organic Compound
Adenosine triphosphate,C7H2N1O3,787.57,6.82,618.305,Amide
Ethanol,C1H10N1O8,316.99,2.37,250.178,Nucleotide
Ethanol,C7H25N5O1,206.4,10.18,917.334,Carbohydrate
Aspirin,C10H37N4O4,248.75,N/A,342.551,Amide
Urea,C10H39N5O9,793.02,N/A,12.049,Amide
Urea,C6H10N2O8,566.44,8.66,197.832,Alkaloid
Cholesterol,C6H1N3O5,431.67,5.19,145.552,Alkaloid
Adrenaline,C15H36N3O9,367.34,1.38,446.152,Neurotransmitter
Glucose,C10H4N5O1,695.54,6.47,342.98,Carbohydrate
Glucose,C14H15N5O9,870.13,9.79,64.031,Alkaloid
Caffeine,C20H16N4O7,386.33,5.6,761.604,Alkaloid
Glucose,C2H12N4O4,460.61,2.04,749.988,Organic Compound
Aspirin,C19H23N5O9,668.69,2.89,8.965,Nucleotide
Glucose,C20H33N5O5,897.5,N/A,872.261,Hormone
Glucose,C11H39N4O2,812.05,4.92,966.767,Lipid
Aspirin,C7H15N4O10,467.64,5.97,363.938,Alkaloid
Dopamine,C16H10N2O2,218.5,9.69,222.221,Alkaloid
Dopamine,C12H39N2O9,83.35,5.98,541.944,Amide
Serotonin,C20H8N4O2,603.82,10.6,184.266,Alkaloid
Caffeine,C18H27N4O3,605.59,13.3,572.493,Nucleotide
Glucose,C14H21N2O7,444.87,5.44,317.606,Alkaloid
Glucose,C5H20N0O6,856.16,N/A,893.632,Alcohol
Dopamine,C14H15N3O0,999.32,9.83,76.983,Alkaloid
Aspirin,C9H20N5O2,866.98,9.88,536.964,Organic Compound
Cholesterol,C15H27N4O10,706.05,10.5,361.903,Hormone
Cholesterol,C18H16N4O2,144.3,5.29,848.06,Hormone
Serotonin,C7H24N5O8,803.96,6.34,679.142,Carbohydrate
Adrenaline,C6H7N4O3,838.61,12.33,559.577,Carbohydrate
Aspirin,C19H40N1O0,538.17,12.85,39.025,Carbohydrate
Caffeine,C12H3N3O4,939.3,2.16,617.963,Carbohydrate
Adenosine triphosphate,C12H24N2O6,861.68,N/A,389.806,Nucleotide
Aspirin,C6H21N0O2,583.88,N/A,264.979,Amide
Dopamine,C7H26N3O10,733.66,12.41,622.447,Organic Compound
Cholesterol,C4H10N5O6,240.7,2.47,322.643,Hormone
Adrenaline,C14H30N5O5,277.0,5.41,298.152,Alkaloid
Caffeine,C14H30N4O7,399.72,7.48,48.595,Hormone
Adrenaline,C11H11N1O1,477.44,7.83,548.866,Neurotransmitter
Ethanol,C4H12N4O9,351.59,1.04,49.23,Carbohydrate
Cholesterol,C18H25N5O8,702.23,2.93,284.895,Neurotransmitter
Caffeine,C15H3N0O10,610.92,13.34,582.496,Lipid
Serotonin,C20H21N0O9,439.49,9.92,48.604,Alkaloid
Ethanol,C8H31N2O7,724.52,10.4,228.288,Nucleotide
Adenosine triphosphate,C11H3N2O9,599.39,5.92,947.417,Alcohol
Serotonin,C13H37N3O7,769.31,5.26,585.944,Lipid
Serotonin,C19H34N5O4,88.81,10.52,99.434,Amide
Dopamine,C5H37N4O0,935.76,N/A,585.602,Carbohydrate
Caffeine,C15H31N2O6,679.18,13.68,579.644,Organic Compound
Adenosine triphosphate,C10H30N4O7,578.54,6.16,713.501,Lipid
Glucose,C11H29N0O3,145.73,5.68,513.719,Lipid
Adrenaline,C6H38N2O8,815.47,N/A,531.165,Neurotransmitter
Ethanol,C10H2N2O6,150.71,12.19,376.438,Lipid
Urea,C10H24N2O4,133.98,1.1,53.216,Neurotransmitter
Aspirin,C17H14N5O7,491.42,1.36,435.657,Hormone
Caffeine,C1H27N1O9,256.02,6.74,503.301,Amide
Ethanol,C7H38N2O1,82.36,7.84,663.057,Amide
Dopamine,C5H24N1O3,883.92,5.1,603.922,Nucleotide
Serotonin,C3H14N3O9,945.1,2.96,863.898,Alcohol
Aspirin,C10H4N4O9,266.96,N/A,750.7,Alkaloid
Adrenaline,C8H29N2O1,406.6,13.26,423.336,Alcohol
Adrenaline,C14H22N2O7,813.57,11.1,313.39,Amide
Glucose,C8H16N1O6,423.81,3.63,586.46,Nucleotide
Cholesterol,C11H27N2O2,459.82,N/A,540.355,Amide
Adrenaline,C15H23N5O9,315.62,2.93,41.214,Alkaloid
Urea,C16H31N5O0,392.09,7.11,137.033,Nucleotide
Cholesterol,C5H28N3O5,442.81,11.64,631.78,Hormone
Dopamine,C2H33N2O3,367.14,13.43,960.741,Neurotransmitter
Adenosine triphosphate,C18H39N4O2,105.16,N/A,56.323,Nucleotide
Aspirin,C19H22N2O10,240.81,6.59,619.234,Organic Compound
Urea,C15H5N4O9,924.67,13.19,252.824,Lipid
Urea,C17H40N2O5,707.73,3.43,599.41,Organic Compound
Dopamine,C1H5N0O8,204.69,14.0,113.229,Hormone
Caffeine,C3H39N1O9,905.98,5.34,170.185,Nucleotide
Urea,C3H25N3O10,170.11,10.35,101.529,Neurotransmitter
Adenosine triphosphate,C14H39N0O10,308.15,5.49,120.216,Carbohydrate
Adrenaline,C12H36N2O8,184.16,N/A,701.996,Alkaloid
Adenosine triphosphate,C9H37N2O10,739.52,11.18,638.478,Organic Compound
Adrenaline,C16H19N2O5,464.89,9.26,748.407,Nucleotide
Adrenaline,C17H18N0O6,724.06,8.06,816.617,Lipid
Serotonin,C11H39N1O0,583.67,6.02,255.105,Organic Compound
Caffeine,C17H22N1O1,84.95,12.84,397.515,Organic Compound
Dopamine,C5H13N0O8,539.89,12.43,327.503,Amide
Adenosine triphosphate,C4H23N2O6,73.96,7.17,71.476,Nucleotide
Adenosine triphosphate,C18H33N1O6,614.76,9.04,192.01,Carbohydrate
Adrenaline,C5H31N2O8,502.89,9.79,787.166,Carbohydrate
Caffeine,C14H8N1O7,130.61,7.2,164.271,Carbohydrate
Adrenaline,C19H25N1O10,558.44,1.91,338.787,Alkaloid
Dopamine,C4H13N0O0,684.24,9.74,945.165,Lipid
Caffeine,C9H40N4O7,411.17,N/A,957.559,Carbohydrate
Ethanol,C20H23N3O5,422.09,2.55,811.64,Amide
Cholesterol,C5H4N5O10,322.21,12.35,880.042,Hormone
Serotonin,C1H7N4O1,304.4,1.32,226.949,Alcohol
Adenosine triphosphate,C2H19N1O0,234.95,5.6,44.763,Carbohydrate
Glucose,C17H9N1O6,290.97,7.19,56.004,Neurotransmitter
Cholesterol,C16H30N3O0,911.63,N/A,837.935,Amide
Cholesterol,C11H35N1O1,384.65,13.17,68.758,Amide
Urea,C11H17N5O0,377.48,12.78,934.675,Organic Compound
Adenosine triphosphate,C11H5N1O9,509.7,9.3,914.583,Hormone
Dopamine,C16H19N5O3,635.93,7.64,934.069,Hormone
Adenosine triphosphate,C19H18N3O3,223.25,10.87,711.216,Amide
Adenosine triphosphate,C19H31N3O8,313.92,1.92,400.979,Amide
Glucose,C2H25N1O9,192.1,N/A,910.916,Nucleotide
Cholesterol,C2H33N5O3,941.98,3.27,870.154,Amide
Glucose,C3H7N1O1,138.3,1.9,105.471,Amide
Cholesterol,C1H12N5O0,117.58,10.84,46.249,Amide
Adrenaline,C3H38N0O2,464.87,1.27,239.808,Hormone
Cholesterol,C17H9N4O2,857.47,N/A,246.367,Neurotransmitter
Aspirin,C8H3N0O6,353.14,N/A,370.259,Nucleotide
Cholesterol,C16H34N4O8,544.01,10.61,94.05,Alkaloid
Urea,C12H13N0O0,226.14,11.1,974.735,Hormone
Ethanol,C2H19N4O9,630.96,N/A,915.656,Carbohydrate
Urea,C11H18N0O4,956.04,12.03,197.052,Lipid
Adrenaline,C18H16N2O1,950.74,N/A,539.886,Organic Compound
Cholesterol,C20H1N5O9,564.78,5.55,374.547,Neurotransmitter
Cholesterol,C13H22N5O1,489.94,N/A,920.874,Organic Compound
Dopamine,C2H7N3O6,230.73,N/A,245.31,Amide
Adenosine triphosphate,C9H31N5O5,267.82,N/A,0.985,Neurotransmitter
Urea,C2H38N5O0,320.49,2.01,443.559,Amide
Urea,C17H3N1O7,905.22,4.25,388.121,Lipid
Ethanol,C13H21N2O0,950.07,1.98,849.08,Carbohydrate
Serotonin,C16H16N1O7,89.92,12.41,308.251,Alkaloid
Ethanol,C5H30N5O9,866.21,5.01,834.063,Lipid
Adenosine triphosphate,C8H27N3O1,350.7,13.39,172.266,Lipid
Urea,C9H16N1O4,987.3,N/A,908.446,Nucleotide
Aspirin,C19H3N1O4,335.81,N/A,831.022,Alcohol
Cholesterol,C11H3N3O8,102.71,10.38,158.817,Neurotransmitter
Adenosine triphosphate,C9H27N3O10,608.76,8.91,978.626,Alcohol
Caffeine,C10H33N3O4,757.93,2.01,684.393,Hormone
Aspirin,C14H8N4O9,233.91,9.88,931.445,Neurotransmitter
Adrenaline,C2H38N2O8,771.82,4.68,465.203,Alkaloid
Glucose,C14H31N3O5,614.18,10.4,92.766,Carbohydrate
Adrenaline,C13H22N0O5,980.61,N/A,729.835,Carbohydrate
Aspirin,C8H17N2O0,776.57,11.03,162.128,Nucleotide
Adrenaline,C9H28N3O4,100.11,5.32,711.326,Carbohydrate
Cholesterol,C8H38N4O3,639.84,8.16,77.986,Nucleotide
Glucose,C15H15N0O9,942.32,7.72,30.626,Alcohol
Urea,C15H18N4O9,818.89,12.99,451.616,Lipid
Adrenaline,C8H40N2O10,759.79,2.06,951.678,Neurotransmitter
Adrenaline,C3H16N2O0,864.97,7.41,784.862,Nucleotide
Adrenaline,C3H22N1O2,667.52,4.1,643.726,Alcohol
Serotonin,C5H22N4O8,148.08,6.38,790.245,Carbohydrate
Adrenaline,C3H34N4O4,313.6,2.33,881.558,Organic Compound
Caffeine,C1H25N1O10,57.63,N/A,450.955,Nucleotide
Cholesterol,C20H32N1O5,703.3,8.39,455.945,Alcohol
Glucose,C19H23N4O10,581.2,8.08,819.695,Alcohol
Adenosine triphosphate,C14H21N3O4,530.27,2.71,385.164,Amide
Glucose,C6H14N2O3,451.81,4.56,777.63,Alcohol
Glucose,C10H23N0O8,539.03,N/A,937.829,Nucleotide
Glucose,C20H4N0O2,170.32,N/A,134.427,Lipid
Urea,C4H35N3O0,509.18,10.54,258.345,Lipid
Urea,C4H25N0O3,59.95,12.08,943.463,Hormone
Adrenaline,C3H14N3O4,84.89,3.92,481.29,Amide
Caffeine,C7H33N2O3,429.63,7.44,893.072,Alcohol
Aspirin,C20H38N1O3,338.81,2.74,734.665,Alkaloid
Cholesterol,C5H39N5O0,304.1,13.18,327.094,Alcohol
Ethanol,C19H20N4O10,343.15,8.43,176.324,Lipid
Aspirin,C12H39N1O7,690.18,13.36,99.5,Nucleotide
Dopamine,C15H30N0O10,236.25,3.39,508.625,Alcohol
Urea,C12H5N3O1,695.01,8.74,687.838,Alkaloid
Urea,C5H23N3O3,411.84,N/A,755.555,Amide
Caffeine,C16H10N2O9,953.54,13.84,474.821,Hormone
Serotonin,C12H25N4O2,679.37,N/A,707.913,Hormone
Urea,C17H7N4O9,133.98,N/A,170.12,Alkaloid
Caffeine,C6H37N4O5,574.35,8.63,232.122,Lipid
Adenosine triphosphate,C18H33N2O7,637.4,3.26,828.501,Carbohydrate
Ethanol,C3H35N5O0,873.09,7.37,442.005,Hormone
Glucose,C16H11N3O1,854.19,N/A,786.357,Neurotransmitter
Aspirin,C11H7N2O8,480.81,7.62,914.968,Carbohydrate
Adenosine triphosphate,C6H23N4O3,204.33,12.92,819.199,Carbohydrate
Glucose,C19H26N4O9,736.9,3.49,376.616,Neurotransmitter
Urea,C19H23N5O3,951.24,10.3,258.275,Lipid
Serotonin,C18H15N4O6,280.33,N/A,263.551,Nucleotide
Aspirin,C10H18N5O1,302.91,7.63,948.572,Carbohydrate
Ethanol,C18H24N2O8,489.9,10.63,73.317,Organic Compound
Glucose,C12H4N4O10,143.82,11.34,527.178,Alkaloid
Ethanol,C18H4N3O9,227.08,N/A,874.474,Hormone
Serotonin,C1H28N4O1,193.67,10.94,270.483,Neurotransmitter
Caffeine,C6H38N4O1,793.0,4.06,680.213,Neurotransmitter
Cholesterol,C20H6N2O6,700.33,9.19,349.285,Lipid
Adrenaline,C2H13N3O4,402.09,N/A,374.292,Alkaloid
Aspirin,C18H17N1O4,898.18,12.61,684.65,Alcohol
Aspirin,C2H35N4O9,278.46,10.05,291.577,Organic Compound
Adrenaline,C10H32N3O0,262.29,N/A,633.541,Organic Compound
Aspirin,C12H1N1O10,522.22,4.5,539.843,Neurotransmitter
Serotonin,C1H35N1O9,578.24,3.54,477.906,Lipid
Glucose,C2H27N4O1,208.33,5.84,261.383,Organic Compound
Serotonin,C3H36N5O5,151.82,N/A,809.743,Organic Compound
Glucose,C18H8N0O7,610.37,9.4,511.28,Amide
Serotonin,C4H40N4O9,766.36,1.32,973.128,Alkaloid
Ethanol,C15H26N0O8,588.09,13.94,243.623,Lipid
Cholesterol,C9H23N0O3,918.9,9.08,411.675,Alkaloid
Glucose,C6H15N2O2,922.43,7.24,211.361,Lipid
Adrenaline,C15H28N0O7,826.71,N/A,483.061,Hormone
Adenosine triphosphate,C9H17N4O5,510.68,12.55,272.579,Organic Compound
Adrenaline,C1H25N3O2,972.42,2.8,767.89,Alcohol
Ethanol,C12H10N5O3,97.99,11.63,573.921,Carbohydrate
Dopamine,C5H19N0O2,835.38,12.0,301.105,Alcohol
Aspirin,C1H33N2O6,233.11,8.07,776.598,Alkaloid
Urea,C16H34N1O5,710.71,11.67,751.349,Alcohol
Ethanol,C11H22N5O3,271.34,10.92,266.536,Organic Compound
Adrenaline,C3H12N3O2,452.11,13.03,193.078,Alcohol
Adrenaline,C9H39N4O6,470.46,N/A,577.91,Alkaloid
Adrenaline,C2H27N0O8,778.78,N/A,354.379,Alkaloid
Urea,C2H5N0O1,593.44,N/A,127.556,Alkaloid
Ethanol,C18H17N0O10,814.52,4.93,518.451,Nucleotide
Cholesterol,C17H8N0O8,748.6,10.76,257.771,Nucleotide
Adenosine triphosphate,C4H37N5O0,267.73,2.78,43.8,Alcohol
Adrenaline,C19H18N2O9,159.89,13.4,258.67,Alkaloid
Ethanol,C20H17N3O0,152.22,N/A,575.076,Hormone
Glucose,C18H30N2O0,572.02,8.15,453.954,Neurotransmitter
Serotonin,C8H8N2O10,531.47,2.11,304.091,Hormone
Cholesterol,C4H28N2O4,601.98,2.39,377.128,Carbohydrate
Adrenaline,C9H31N1O7,900.71,6.85,69.531,Organic Compound
Dopamine,C2H26N3O3,196.65,9.6,424.807,Organic Compound
Urea,C13H39N4O1,882.34,6.57,657.084,Lipid
Ethanol,C3H34N3O5,544.2,8.89,89.383,Alkaloid
Urea,C2H37N1O7,508.84,8.47,836.162,Neurotransmitter
Urea,C20H26N2O5,392.12,10.07,414.448,Lipid
Cholesterol,C13H1N5O1,954.71,3.65,260.505,Lipid
Ethanol,C15H13N3O2,376.93,5.32,827.535,Hormone
Dopamine,C1H32N3O8,917.32,2.98,505.801,Neurotransmitter
Urea,C10H38N4O7,613.76,7.66,11.373,Nucleotide
Dopamine,C19H27N4O7,85.24,1.46,379.71,Carbohydrate
Urea,C6H6N3O9,151.87,13.71,803.603,Organic Compound
Serotonin,C1H28N2O9,372.63,4.49,922.233,Organic Compound
Cholesterol,C10H28N0O9,984.95,N/A,662.986,Hormone
Caffeine,C6H22N4O6,326.66,6.97,477.317,Lipid
Adenosine triphosphate,C1H11N4O4,869.14,8.8,228.964,Nucleotide
Glucose,C4H27N4O2,399.8,N/A,36.049,Organic Compound
Glucose,C8H17N4O9,132.18,8.23,47.856,Lipid
Ethanol,C18H36N5O5,282.65,7.03,78.284,Nucleotide
Cholesterol,C14H35N3O9,720.18,13.76,826.566,Nucleotide
Adenosine triphosphate,C13H9N3O7,919.5,10.06,174.719,Lipid
Aspirin,C1H33N3O10,802.4,12.18,86.714,Alkaloid
Dopamine,C11H36N2O8,982.02,8.86,164.702,Amide
Adenosine triphosphate,C19H4N4O1,375.57,N/A,869.99,Alkaloid
Dopamine,C3H36N2O1,902.72,N/A,403.442,Amide
Urea,C7H18N1O6,93.57,5.41,478.042,Organic Compound
Aspirin,C8H12N1O10,192.23,11.54,15.361,Alcohol
Dopamine,C17H5N2O2,960.73,10.03,987.655,Alcohol
Aspirin,C17H25N3O1,741.46,N/A,455.518,Alcohol
Cholesterol,C15H9N4O2,917.37,5.97,751.667,Amide
Caffeine,C10H32N0O6,711.25,2.68,994.298,Carbohydrate
Aspirin,C18H4N4O5,541.18,5.26,96.018,Carbohydrate
Adenosine triphosphate,C6H9N0O6,895.61,8.45,83.795,Carbohydrate
Serotonin,C20H38N0O6,80.18,8.45,737.124,Neurotransmitter
Aspirin,C4H21N5O5,331.78,12.58,28.763,Nucleotide
Cholesterol,C8H20N1O8,430.62,10.63,217.907,Amide
Adrenaline,C2H40N1O2,948.49,N/A,587.679,Hormone
Serotonin,C13H28N4O1,724.84,N/A,622.014,Lipid
Dopamine,C15H11N1O9,582.31,N/A,917.474,Amide
Serotonin,C3H27N5O5,904.44,1.41,536.641,Alcohol
Adrenaline,C13H13N1O7,250.38,2.97,511.233,Nucleotide
Adenosine triphosphate,C17H28N5O9,338.75,8.08,326.443,Carbohydrate
Cholesterol,C20H15N4O5,484.93,9.56,889.269,Neurotransmitter
Glucose,C18H34N4O0,368.81,13.93,66.601,Lipid
Ethanol,C7H28N3O9,352.22,7.49,523.396,Hormone
Adenosine triphosphate,C7H19N4O2,964.09,13.78,91.383,Alcohol
Cholesterol,C20H4N3O7,353.27,3.44,587.364,Neurotransmitter
Adrenaline,C2H10N0O5,272.62,6.53,864.765,Neurotransmitter
Serotonin,C3H27N4O1,947.62,3.42,244.011,Nucleotide
Adrenaline,C18H33N5O4,580.58,5.55,609.459,Carbohydrate
Cholesterol,C2H33N0O10,981.87,12.33,192.616,Lipid
Aspirin,C1H24N4O1,175.42,4.72,171.076,Lipid
Dopamine,C4H24N1O9,362.65,9.97,453.344,Alkaloid
Urea,C14H4N5O10,54.11,1.11,706.466,Hormone
Serotonin,C18H14N3O6,318.92,8.22,29.019,Organic Compound
Aspirin,C3H35N5O3,486.85,2.34,518.91,Amide
Caffeine,C14H36N1O2,473.41,7.87,794.598,Amide
Caffeine,C9H21N2O0,349.04,11.78,111.565,Hormone
Cholesterol,C1H20N2O0,360.08,1.3,564.022,Alkaloid
Ethanol,C12H8N4O1,180.7,N/A,106.407,Neurotransmitter
Cholesterol,C9H30N0O3,112.41,7.98,961.108,Carbohydrate
Aspirin,C2H35N4O5,608.4,N/A,24.366,Amide
Aspirin,C1H34N4O6,681.59,8.81,928.92,Alkaloid
Glucose,C12H2N3O7,811.21,N/A,455.499,Nucleotide
Serotonin,C13H18N0O3,822.05,13.49,995.503,Carbohydrate
Cholesterol,C6H15N0O10,849.48,13.99,587.384,Alkaloid
Caffeine,C5H18N3O3,940.24,N/A,649.485,Hormone
Dopamine,C18H12N1O1,783.97,3.06,1.121,Amide
Glucose,C15H17N0O9,183.08,N/A,883.19,Neurotransmitter
Glucose,C15H29N4O3,164.54,5.66,283.162,Hormone
Caffeine,C4H27N5O7,258.06,11.54,785.305,Neurotransmitter
Adenosine triphosphate,C11H7N0O2,877.2,N/A,753.161,Organic Compound
Cholesterol,C17H32N4O7,107.06,N/A,807.553,Amide
Adrenaline,C19H8N2O5,299.65,11.3,698.34,Lipid
Serotonin,C15H13N4O6,396.62,N/A,508.411,Amide
Dopamine,C7H33N2O1,493.95,13.89,790.317,Alkaloid
Aspirin,C8H9N2O6,350.27,2.54,466.965,Neurotransmitter
Ethanol,C13H34N1O0,510.96,7.27,328.06,Nucleotide
Dopamine,C6H5N0O2,669.69,13.22,93.966,Organic Compound
Urea,C5H21N3O0,189.7,11.22,337.011,Amide
Aspirin,C20H36N1O6,918.29,7.93,975.626,Carbohydrate
Dopamine,C13H18N1O6,878.25,13.43,160.722,Amide
Cholesterol,C1H25N0O0,365.59,N/A,438.1,Nucleotide
Caffeine,C11H18N0O8,428.19,11.21,336.695,Amide
Cholesterol,C18H1N5O10,155.54,12.56,680.471,Carbohydrate
Ethanol,C13H22N5O2,88.21,8.53,512.383,Lipid
Caffeine,C18H1N2O6,821.72,9.61,436.553,Alcohol
Caffeine,C3H27N4O0,418.62,N/A,492.654,Neurotransmitter
Caffeine,C2H8N5O3,448.76,2.08,428.317,Alkaloid
Urea,C15H25N2O2,122.54,2.65,605.803,Carbohydrate
Cholesterol,C15H38N1O8,393.61,5.41,555.648,Lipid
Glucose,C2H8N2O5,920.24,N/A,874.178,Neurotransmitter
Cholesterol,C6H30N5O7,741.4,5.66,867.419,Carbohydrate
Ethanol,C16H9N5O4,852.61,12.46,438.728,Neurotransmitter
Serotonin,C13H14N4O8,795.98,N/A,990.823,Lipid
Dopamine,C8H34N1O2,263.17,3.49,736.321,Hormone
Adenosine triphosphate,C1H40N3O3,745.68,N/A,911.774,Hormone
Adenosine triphosphate,C6H5N0O9,843.25,2.54,758.813,Alcohol
Dopamine,C17H11N0O2,629.49,N/A,845.119,Carbohydrate
Aspirin,C8H14N2O9,95.29,12.79,778.896,Amide
Adrenaline,C18H33N1O5,59.29,6.21,150.631,Alkaloid
Serotonin,C5H11N5O3,200.17,1.58,950.555,Neurotransmitter
Serotonin,C11H8N3O6,90.85,8.24,500.991,Nucleotide
Ethanol,C18H22N5O7,819.78,2.43,692.989,Carbohydrate
Cholesterol,C12H8N5O7,598.84,N/A,313.96,Nucleotide
Ethanol,C20H5N2O3,458.86,N/A,53.162,Organic Compound
Ethanol,C4H10N3O10,802.02,2.58,138.172,Alkaloid
Adenosine triphosphate,C6H30N3O3,293.65,10.29,62.212,Hormone
Aspirin,C18H17N2O8,159.04,N/A,89.844,Alkaloid
Glucose,C7H4N0O4,537.78,6.61,473.317,Alkaloid
Caffeine,C18H25N5O10,112.16,N/A,917.386,Alkaloid
Adrenaline,C3H29N3O9,127.92,5.73,21.433,Lipid
Serotonin,C12H28N2O1,602.6,9.4,267.063,Neurotransmitter
Ethanol,C1H3N3O7,518.84,10.5,697.393,Amide
Adenosine triphosphate,C9H15N1O1,691.8,10.67,237.017,Carbohydrate
Cholesterol,C18H35N3O1,870.01,2.79,309.044,Nucleotide
Cholesterol,C20H25N3O7,788.8,6.37,535.264,Nucleotide
Adenosine triphosphate,C11H36N4O6,261.9,9.28,620.49,Alcohol
Dopamine,C17H18N2O8,211.48,2.13,262.486,Amide
Serotonin,C18H38N3O6,127.39,11.24,853.253,Alkaloid
Glucose,C17H13N3O6,551.73,5.39,88.514,Neurotransmitter
Cholesterol,C17H30N0O9,750.78,6.11,597.033,Neurotransmitter
Adenosine triphosphate,C16H7N3O7,730.3,7.67,275.785,Organic Compound
Adrenaline,C20H1N2O1,818.23,9.32,744.517,Alkaloid
Cholesterol,C8H8N2O7,845.87,8.21,543.939,Hormone
Cholesterol,C1H5N5O4,689.48,9.05,738.311,Carbohydrate
Caffeine,C15H37N5O3,509.01,11.59,395.972,Neurotransmitter
Cholesterol,C12H11N0O4,303.05,N/A,895.265,Nucleotide
Glucose,C11H4N0O5,459.19,12.35,986.752,Amide
Dopamine,C4H32N1O5,551.94,1.39,134.8,Nucleotide
Caffeine,C14H37N5O5,171.1,3.69,809.156,Carbohydrate
Serotonin,C18H37N4O7,286.88,6.2,388.842,Hormone
Caffeine,C20H15N5O8,406.38,11.75,74.237,Amide
Caffeine,C10H6N1O8,963.74,11.24,665.681,Organic Compound
Aspirin,C17H30N3O10,259.69,10.48,164.015,Neurotransmitter
Urea,C8H2N2O6,56.13,5.06,134.339,Amide
Dopamine,C20H7N4O5,658.63,9.14,179.454,Alcohol
Dopamine,C7H24N2O2,811.04,11.51,954.409,Carbohydrate
Urea,C10H25N0O10,651.2,N/A,613.645,Alcohol
Aspirin,C14H9N4O5,371.31,N/A,464.795,Alcohol
Glucose,C1H10N4O0,893.4,6.84,86.004,Lipid
Urea,C1H11N1O8,124.98,7.64,101.832,Nucleotide
Ethanol,C18H5N5O6,720.81,N/A,612.832,Organic Compound
Ethanol,C13H32N5O10,167.65,N/A,43.422,Alcohol
Adrenaline,C10H9N3O9,557.76,4.16,301.754,Lipid
Caffeine,C5H25N1O9,655.0,12.37,897.427,Nucleotide
Dopamine,C16H13N3O1,914.43,7.56,355.578,Alcohol
Ethanol,C4H20N0O1,323.94,10.92,698.389,Alkaloid
Caffeine,C17H35N1O1,196.75,11.89,135.289,Alkaloid
Serotonin,C20H7N0O9,358.05,12.14,786.524,Lipid
Adenosine triphosphate,C7H37N5O1,799.84,1.67,219.067,Neurotransmitter
Dopamine,C7H26N0O6,411.56,4.29,886.823,Organic Compound
Urea,C1H39N3O1,276.27,N/A,4.346,Alcohol
Cholesterol,C2H37N1O2,346.03,7.68,206.902,Hormone
Dopamine,C7H4N5O4,550.64,11.76,826.824,Nucleotide
Urea,C6H31N2O10,468.11,5.8,325.466,Lipid
Cholesterol,C13H40N5O10,552.54,5.42,627.633,Nucleotide
Aspirin,C17H15N2O10,376.6,N/A,140.194,Amide
Adrenaline,C10H37N1O10,603.32,2.13,269.049,Alkaloid
Dopamine,C12H39N2O8,264.02,7.94,122.214,Alkaloid
Adrenaline,C7H12N5O6,738.95,3.68,914.919,Carbohydrate
Cholesterol,C15H29N1O0,614.88,N/A,525.208,Neurotransmitter
Serotonin,C16H13N5O7,588.89,8.55,150.099,Lipid
Dopamine,C18H35N4O2,883.73,9.82,591.773,Hormone
Glucose,C20H10N2O1,630.51,12.52,216.924,Neurotransmitter
Glucose,C13H1N3O0,288.3,11.57,641.154,Neurotransmitter
Ethanol,C20H10N0O7,178.44,5.14,813.148,Carbohydrate
Glucose,C16H4N0O9,398.0,11.83,91.07,Carbohydrate
Dopamine,C15H21N2O4,240.77,1.57,152.191,Alcohol
Serotonin,C14H10N5O10,461.07,12.98,622.97,Carbohydrate
Aspirin,C4H20N5O9,588.86,6.97,693.899,Carbohydrate
Glucose,C4H2N2O5,394.87,N/A,235.805,Organic Compound
Cholesterol,C19H26N5O10,394.19,N/A,295.421,Hormone
Ethanol,C14H29N0O0,844.2,1.84,905.303,Lipid
Aspirin,C7H14N0O2,487.45,3.15,831.113,Carbohydrate
Ethanol,C20H22N2O8,588.67,N/A,883.895,Organic Compound
Caffeine,C19H16N2O9,469.39,6.7,456.602,Carbohydrate
Aspirin,C7H2N3O8,956.33,N/A,729.498,Neurotransmitter
Cholesterol,C20H39N0O3,477.56,13.64,895.959,Amide
Dopamine,C1H11N4O9,244.44,9.76,985.472,Alcohol
Aspirin,C15H24N4O6,136.53,9.58,603.732,Carbohydrate
Adrenaline,C17H1N1O3,942.26,4.07,286.684,Carbohydrate
Glucose,C7H10N1O9,60.08,N/A,448.737,Alcohol
Dopamine,C17H6N1O7,392.25,1.58,793.333,Carbohydrate
Dopamine,C16H34N1O4,948.52,1.49,541.502,Carbohydrate
Cholesterol,C6H16N3O2,458.59,5.4,116.461,Hormone
Dopamine,C15H16N2O3,263.09,12.91,337.108,Organic Compound
Caffeine,C5H15N5O4,906.98,8.26,10.447,Alcohol
Dopamine,C6H34N4O4,646.0,12.25,468.612,Organic Compound
Glucose,C8H27N5O3,94.79,8.99,417.995,Hormone
Adenosine triphosphate,C2H18N1O3,770.53,11.67,876.112,Amide
Glucose,C7H25N4O1,787.7,N/A,107.209,Alcohol
Adenosine triphosphate,C12H30N5O10,664.64,11.18,280.985,Carbohydrate
Urea,C1H35N2O3,642.28,8.97,852.297,Neurotransmitter
Cholesterol,C9H25N3O9,930.89,12.11,200.177,Lipid
Adenosine triphosphate,C11H27N4O0,218.5,9.52,264.049,Neurotransmitter
Glucose,C7H39N2O8,480.25,11.49,87.697,Carbohydrate
Dopamine,C11H10N5O3,685.0,N/A,39.983,Alkaloid
Dopamine,C4H7N4O4,157.21,7.78,943.724,Neurotransmitter
Urea,C2H5N4O0,565.02,3.36,219.618,Nucleotide
Cholesterol,C18H21N5O7,104.94,9.08,446.483,Organic Compound
Cholesterol,C17H17N0O9,574.21,2.43,273.407,Nucleotide
Aspirin,C6H36N4O8,272.61,6.42,717.131,Organic Compound
Ethanol,C5H39N1O3,557.32,2.72,880.974,Alcohol
Dopamine,C2H10N1O10,410.09,N/A,79.016,Amide
Urea,C4H35N4O6,56.55,3.06,8.153,Hormone
Serotonin,C16H2N4O8,893.84,10.59,459.633,Nucleotide
Urea,C12H25N0O10,590.72,5.19,407.785,Alcohol
Ethanol,C14H23N2O7,97.64,11.06,600.616,Neurotransmitter
Ethanol,C16H13N2O9,743.45,N/A,802.806,Nucleotide
Adenosine triphosphate,C8H25N2O9,157.27,5.59,160.071,Amide
Glucose,C4H29N3O7,921.78,3.58,596.081,Carbohydrate
Urea,C18H22N1O4,694.72,12.49,73.38,Hormone
Urea,C13H9N3O7,514.43,5.13,747.459,Neurotransmitter
Urea,C19H26N2O4,570.07,8.87,95.479,Carbohydrate
Serotonin,C10H9N1O4,598.65,11.18,694.071,Organic Compound
Urea,C18H26N1O4,589.63,11.91,348.027,Hormone
Glucose,C15H34N1O5,71.66,9.66,225.059,Hormone
Caffeine,C13H12N1O8,522.46,4.07,719.57,Neurotransmitter
Serotonin,C19H28N1O7,380.54,4.69,890.11,Carbohydrate
Adenosine triphosphate,C15H2N2O9,996.58,N/A,181.366,Organic Compound
Adenosine triphosphate,C9H9N0O9,964.83,9.75,164.822,Hormone
Caffeine,C19H5N4O0,557.38,8.68,955.516,Organic Compound
Serotonin,C3H19N5O8,980.72,2.83,996.574,Carbohydrate
Cholesterol,C15H26N0O3,477.17,8.18,758.213,Organic Compound
Urea,C10H15N4O10,148.71,5.19,909.698,Organic Compound
Urea,C10H5N2O10,653.69,5.04,853.092,Hormone
Urea,C20H9N1O10,654.15,8.3,135.444,Amide
Adenosine triphosphate,C3H26N5O3,892.15,N/A,554.473,Neurotransmitter
Adrenaline,C1H36N1O4,203.58,2.85,206.364,Carbohydrate
Dopamine,C8H36N2O4,961.45,N/A,553.304,Organic Compound
Aspirin,C12H8N0O3,149.68,2.77,338.468,Alcohol
Urea,C6H12N3O6,565.34,9.55,118.504,Alkaloid
Urea,C18H2N0O4,908.91,N/A,885.879,Hormone
Adrenaline,C5H23N2O1,494.78,12.8,314.649,Organic Compound
Cholesterol,C3H8N1O4,816.02,8.42,503.569,Hormone
Glucose,C17H4N4O1,439.67,N/A,866.564,Alkaloid
Aspirin,C15H33N1O5,421.58,N/A,149.371,Amide
Cholesterol,C15H14N0O3,846.02,5.9,427.421,Amide
Urea,C16H15N5O2,685.65,11.43,471.831,Nucleotide
Ethanol,C2H35N5O7,729.69,N/A,951.393,Neurotransmitter
Glucose,C2H31N4O8,688.59,2.85,565.12,Alkaloid
Cholesterol,C11H4N2O5,695.83,5.07,699.573,Hormone
Ethanol,C1H9N3O1,598.62,13.7,965.165,Lipid
Caffeine,C18H3N1O10,509.21,2.06,367.779,Alcohol
Adrenaline,C4H20N3O6,505.66,12.76,749.782,Hormone
Cholesterol,C10H39N5O5,480.11,6.72,819.527,Lipid
Serotonin,C14H27N4O10,616.11,2.92,129.33,Alkaloid
Urea,C11H34N1O2,949.18,11.81,162.971,Neurotransmitter
Ethanol,C6H14N4O6,861.76,3.28,284.986,Nucleotide
Adrenaline,C3H22N1O6,462.44,N/A,217.695,Lipid
Serotonin,C19H20N1O4,917.5,10.85,161.341,Organic Compound
Urea,C12H23N1O1,888.33,11.17,282.517,Lipid
Adrenaline,C13H15N4O1,667.87,4.49,778.99,Lipid
Ethanol,C1H14N5O8,249.66,2.83,701.111,Organic Compound
Adenosine triphosphate,C1H27N2O4,866.34,6.96,33.07,Organic Compound
Adenosine triphosphate,C9H39N0O7,710.85,5.56,52.428,Neurotransmitter
Serotonin,C8H11N3O2,886.26,13.44,199.378,Lipid
Cholesterol,C14H38N3O10,444.94,12.41,132.827,Alcohol
Adenosine triphosphate,C4H15N3O5,344.72,10.42,105.104,Alkaloid
Serotonin,C8H24N0O6,611.34,9.76,416.448,Organic Compound
Ethanol,C6H15N1O9,950.21,9.74,984.495,Hormone
Dopamine,C19H15N3O7,926.32,1.63,822.155,Hormone
Caffeine,C5H10N1O5,487.7,N/A,750.377,Alcohol
Cholesterol,C10H5N3O0,989.13,5.33,633.465,Lipid
Caffeine,C2H19N0O0,890.4,N/A,123.211,Neurotransmitter
Glucose,C5H27N3O8,637.04,3.42,878.936,Nucleotide
Serotonin,C19H29N4O6,505.25,N/A,391.123,Organic Compound
Cholesterol,C16H37N4O10,752.36,12.06,587.743,Alkaloid
Adenosine triphosphate,C17H31N1O1,561.43,2.79,394.82,Hormone
Serotonin,C8H29N1O3,686.85,N/A,675.285,Amide
Serotonin,C3H10N2O5,89.04,3.13,988.375,Nucleotide
Urea,C3H36N4O4,80.66,10.27,760.773,Alkaloid
Caffeine,C15H32N1O1,838.33,10.17,62.935,Amide
Ethanol,C2H11N3O5,297.38,4.98,192.804,Lipid
Ethanol,C11H31N5O5,255.52,N/A,881.774,Alkaloid
Ethanol,C1H28N0O4,416.1,N/A,261.407,Alcohol
Adenosine triphosphate,C10H23N3O1,795.41,7.89,148.968,Nucleotide
Ethanol,C13H14N0O4,148.72,11.2,815.242,Neurotransmitter
Adenosine triphosphate,C8H14N0O7,936.87,11.49,801.771,Organic Compound
Adrenaline,C18H27N3O4,306.5,2.29,537.227,Lipid
Aspirin,C8H31N3O4,471.8,N/A,928.963,Alcohol
Cholesterol,C16H11N4O0,928.31,5.5,711.948,Neurotransmitter
Ethanol,C13H39N0O6,954.71,5.44,401.208,Amide
Aspirin,C7H36N4O10,632.79,12.6,403.809,Lipid
Urea,C5H4N4O5,867.68,N/A,613.574,Alcohol
Adrenaline,C1H37N0O4,790.0,3.65,854.656,Organic Compound
Dopamine,C6H37N1O4,758.46,11.4,421.318,Alcohol
Serotonin,C2H28N1O6,486.22,N/A,156.657,Lipid
Dopamine,C20H36N0O2,87.9,11.35,694.659,Alkaloid
Adrenaline,C11H36N1O2,643.27,9.27,256.258,Amide
Dopamine,C8H27N1O5,580.98,3.06,624.905,Alkaloid
Urea,C19H2N4O5,314.44,7.99,384.204,Alcohol
Aspirin,C18H24N5O0,599.15,13.26,192.39,Alkaloid
Ethanol,C16H36N1O0,323.99,1.25,676.352,Hormone
Ethanol,C20H3N3O6,72.91,8.67,453.574,Lipid
Adenosine triphosphate,C13H31N5O7,658.52,2.42,875.967,Lipid
Urea,C3H31N5O2,773.84,2.51,609.167,Alkaloid
Serotonin,C14H17N0O9,186.38,3.81,353.541,Hormone
Adrenaline,C18H17N0O3,279.1,12.03,151.027,Lipid
Urea,C16H25N4O0,93.09,1.49,943.221,Alcohol
Aspirin,C15H17N0O10,163.26,N/A,575.11,Lipid
Cholesterol,C17H16N5O6,465.66,N/A,446.026,Nucleotide
Dopamine,C12H36N1O2,272.38,7.09,367.775,Neurotransmitter
Serotonin,C13H27N1O7,593.24,7.87,169.494,Amide
Aspirin,C4H39N5O2,919.42,1.84,459.458,Carbohydrate
Serotonin,C1H5N2O7,812.93,N/A,27.207,Amide
Glucose,C2H10N4O4,625.52,4.86,5.288,Lipid
Aspirin,C8H19N0O2,662.5,13.2,683.128,Nucleotide
Caffeine,C2H12N4O7,387.6,N/A,643.301,Organic Compound
Cholesterol,C6H6N5O5,685.32,N/A,782.202,Carbohydrate
Cholesterol,C12H19N1O10,376.91,1.7,338.155,Alkaloid
Urea,C6H8N3O5,852.58,12.82,828.396,Nucleotide
Serotonin,C19H12N2O7,893.87,2.52,638.886,Alcohol
Ethanol,C3H22N4O8,875.83,8.9,544.775,Organic Compound
Serotonin,C2H26N3O4,486.52,1.76,692.221,Organic Compound
Aspirin,C4H39N0O7,337.6,4.46,42.32,Nucleotide
Caffeine,C13H35N3O10,728.94,8.84,436.915,Alcohol
Caffeine,C16H36N1O6,394.07,5.91,893.346,Alcohol
Caffeine,C1H16N5O8,764.94,3.78,603.617,Neurotransmitter
Urea,C20H4N1O6,863.89,N/A,562.964,Carbohydrate
Adrenaline,C8H27N0O0,371.58,6.15,894.956,Alcohol
Serotonin,C11H26N2O6,222.54,5.13,397.359,Hormone
Dopamine,C2H19N3O1,273.06,9.9,681.684,Amide
Urea,C1H38N4O3,399.75,3.95,185.962,Organic Compound
Ethanol,C2H33N3O9,927.59,10.64,944.195,Amide
Dopamine,C1H34N4O9,872.7,1.32,540.445,Carbohydrate
Cholesterol,C19H12N5O8,799.85,N/A,306.44,Carbohydrate
Caffeine,C5H6N0O6,463.69,11.23,46.576,Alcohol
Glucose,C18H39N0O5,156.92,6.26,541.618,Organic Compound
Adrenaline,C2H18N4O10,433.58,12.17,350.406,Organic Compound
Cholesterol,C18H3N5O7,607.44,5.7,909.575,Amide
Aspirin,C20H6N1O5,401.43,13.63,759.01,Nucleotide
Aspirin,C2H38N5O2,891.7,8.99,521.51,Amide
Urea,C2H33N0O8,789.41,12.72,725.336,Nucleotide
Urea,C10H6N3O6,621.25,10.93,187.896,Neurotransmitter
Aspirin,C2H31N2O5,336.56,N/A,818.167,Nucleotide
Adenosine triphosphate,C19H40N2O10,675.74,1.55,859.278,Lipid
Glucose,C17H1N2O2,978.88,5.99,333.797,Hormone
Urea,C17H33N0O1,415.87,9.44,686.484,Alkaloid
Aspirin,C12H1N0O8,77.43,N/A,416.167,Hormone
Dopamine,C6H38N4O9,988.12,5.29,658.023,Amide
Serotonin,C11H25N1O8,70.53,9.61,812.4,Organic Compound
Caffeine,C1H14N0O1,984.55,3.67,982.682,Carbohydrate
Ethanol,C5H36N3O6,218.31,9.44,999.788,Alcohol
Urea,C12H31N2O10,695.33,N/A,36.944,Hormone
Serotonin,C9H40N3O10,444.94,2.17,586.336,Carbohydrate
Adenosine triphosphate,C18H3N0O0,910.13,N/A,714.421,Lipid
Urea,C11H4N2O1,660.97,5.5,955.605,Nucleotide
Cholesterol,C14H16N1O8,895.05,5.79,520.986,Nucleotide
Adrenaline,C8H5N0O10,124.9,N/A,359.118,Lipid
Cholesterol,C16H16N4O8,442.27,11.39,37.806,Hormone
Ethanol,C1H19N5O10,334.94,13.77,328.252,Neurotransmitter
Urea,C17H30N1O5,801.46,N/A,447.294,Alkaloid
Caffeine,C9H14N1O1,60.23,10.24,305.257,Neurotransmitter
Ethanol,C3H13N1O2,558.63,3.11,903.419,Organic Compound
Adenosine triphosphate,C3H26N4O1,857.98,4.06,348.171,Organic Compound
Ethanol,C6H4N1O10,482.31,N/A,568.166,Hormone
Dopamine,C18H39N4O2,985.88,1.32,83.657,Neurotransmitter
Cholesterol,C18H1N1O6,840.1,N/A,891.636,Nucleotide
Adrenaline,C19H1N4O4,328.5,13.12,132.446,Alcohol
Adrenaline,C19H13N3O6,302.47,1.38,549.635,Nucleotide
Glucose,C19H32N5O6,824.76,10.97,632.821,Lipid
Dopamine,C8H21N0O3,757.49,1.31,286.568,Carbohydrate
Serotonin,C19H8N3O1,235.47,8.63,913.501,Hormone
Ethanol,C17H24N0O2,931.83,8.29,567.162,Carbohydrate
Dopamine,C13H38N1O4,69.5,5.37,47.954,Nucleotide
Adrenaline,C2H18N2O6,261.12,9.03,310.04,Carbohydrate
Adenosine triphosphate,C14H16N3O0,393.66,3.26,634.679,Hormone
Urea,C4H15N4O3,150.49,5.54,289.952,Amide
Glucose,C10H26N0O6,161.17,6.97,549.744,Carbohydrate
Aspirin,C3H8N4O10,898.71,6.26,447.556,Alkaloid
Urea,C2H32N4O8,385.39,3.86,452.768,Hormone
Aspirin,C6H26N0O7,95.94,8.99,789.697,Carbohydrate
Serotonin,C8H31N2O0,102.97,N/A,786.417,Neurotransmitter
Aspirin,C2H28N2O10,70.42,N/A,667.057,Alcohol
Cholesterol,C16H29N0O3,321.29,3.32,44.46,Alkaloid
Adenosine triphosphate,C16H8N5O5,71.87,11.05,15.836,Alkaloid
Cholesterol,C1H11N3O8,763.27,4.28,547.408,Amide
Adrenaline,C13H11N3O9,555.92,12.71,209.945,Carbohydrate
Ethanol,C7H17N2O7,724.21,2.49,457.0,Lipid
Aspirin,C3H8N2O8,233.71,N/A,135.051,Nucleotide
Dopamine,C9H11N0O1,988.73,11.91,354.883,Alcohol
Serotonin,C1H34N1O4,455.29,2.61,588.08,Amide
Cholesterol,C3H1N4O7,907.74,9.26,464.475,Lipid
Urea,C1H10N1O3,448.97,12.08,935.992,Lipid
Ethanol,C9H1N4O10,223.05,5.23,21.732,Nucleotide
Cholesterol,C4H5N3O7,900.14,N/A,139.094,Nucleotide
Adenosine triphosphate,C10H10N1O2,202.35,N/A,79.794,Neurotransmitter
Cholesterol,C16H37N1O7,535.96,10.87,724.626,Carbohydrate
Dopamine,C2H32N3O8,464.27,13.54,365.186,Nucleotide
Serotonin,C6H32N3O0,412.95,N/A,962.903,Lipid
Caffeine,C20H8N1O5,563.48,9.37,749.345,Hormone
Caffeine,C19H38N5O5,826.03,6.27,781.018,Lipid
Serotonin,C16H19N3O7,93.58,6.48,915.22,Hormone
Serotonin,C15H22N4O1,807.36,N/A,252.872,Amide
Cholesterol,C16H25N4O2,302.15,11.4,496.951,Carbohydrate
Caffeine,C19H26N2O6,696.47,7.16,774.388,Alcohol
Glucose,C7H16N5O6,327.26,10.73,976.276,Carbohydrate
Dopamine,C3H11N5O4,702.33,N/A,174.935,Lipid
Urea,C5H24N3O0,888.94,N/A,324.501,Nucleotide
Aspirin,C2H16N4O1,569.26,1.15,513.776,Hormone
Cholesterol,C8H22N3O8,820.1,10.68,582.417,Carbohydrate
Ethanol,C4H15N5O3,213.25,9.26,207.333,Amide
Serotonin,C20H33N2O1,832.48,1.61,745.431,Carbohydrate
Cholesterol,C13H25N1O0,435.04,5.12,639.824,Nucleotide
Cholesterol,C1H39N2O9,865.12,11.15,466.859,Amide
Cholesterol,C20H38N2O5,892.74,13.29,415.047,Carbohydrate
Adrenaline,C5H29N3O8,923.22,3.89,637.592,Neurotransmitter
Adenosine triphosphate,C4H23N1O6,924.8,12.17,499.277,Hormone
Urea,C18H20N0O1,705.53,3.23,24.687,Amide
Dopamine,C2H25N1O3,417.12,9.93,35.644,Organic Compound
Adenosine triphosphate,C9H20N2O7,842.27,10.13,892.747,Alcohol
Serotonin,C6H38N3O7,636.64,11.33,215.615,Organic Compound
Serotonin,C5H26N2O7,380.06,11.97,681.824,Carbohydrate
Ethanol,C13H8N3O2,273.47,6.57,612.049,Alcohol
Adenosine triphosphate,C2H22N5O10,664.26,N/A,77.094,Nucleotide
Adenosine triphosphate,C4H4N5O8,203.82,8.59,533.281,Lipid
Caffeine,C4H35N2O8,363.37,8.09,28.415,Hormone
Adrenaline,C19H39N1O5,949.13,N/A,653.135,Amide
Glucose,C16H11N4O5,985.14,N/A,302.773,Amide
Glucose,C8H21N1O4,780.37,N/A,728.617,Nucleotide
Dopamine,C6H32N3O5,959.82,5.18,376.566,Carbohydrate
Serotonin,C18H31N2O0,627.9,N/A,209.23,Hormone
Adrenaline,C13H6N2O2,873.18,N/A,745.238,Carbohydrate
Adenosine triphosphate,C19H3N0O7,407.44,5.03,279.106,Hormone
Glucose,C3H36N5O10,666.94,N/A,963.969,Hormone
Adenosine triphosphate,C13H25N5O2,530.65,8.89,456.886,Alkaloid
Urea,C15H25N4O2,830.72,12.9,471.17,Hormone
Adrenaline,C19H13N2O4,430.49,13.27,476.625,Nucleotide
Serotonin,C20H3N4O4,563.76,1.72,777.808,Neurotransmitter
Dopamine,C15H23N0O8,410.64,4.76,727.577,Nucleotide
Dopamine,C1H17N4O0,649.13,7.34,701.825,Alcohol
Dopamine,C12H24N2O3,934.97,13.01,400.915,Organic Compound
Glucose,C14H30N4O5,339.31,6.68,84.988,Organic Compound
Serotonin,C2H34N4O1,524.24,4.14,21.961,Alkaloid
Adenosine triphosphate,C11H27N5O1,398.36,1.45,432.18,Alcohol
Glucose,C14H29N3O1,349.74,5.17,24.45,Lipid
Urea,C7H27N4O9,419.08,1.29,868.693,Alcohol
Dopamine,C8H38N4O2,194.13,10.78,964.93,Amide
Serotonin,C16H19N5O9,262.77,N/A,428.546,Nucleotide
Adenosine triphosphate,C9H25N5O9,56.24,2.92,664.152,Hormone
Ethanol,C17H34N5O0,369.5,8.62,873.571,Lipid
Ethanol,C16H35N0O0,795.89,1.32,627.245,Alcohol
Ethanol,C1H24N4O8,96.42,1.33,382.29,Alkaloid
Serotonin,C11H3N5O10,232.01,3.87,45.463,Nucleotide
Cholesterol,C15H28N5O5,781.73,8.76,613.473,Carbohydrate
Ethanol,C3H33N4O8,644.3,9.37,628.678,Lipid
Urea,C19H7N2O3,145.52,N/A,436.52,Alcohol
Adrenaline,C3H35N0O3,422.59,4.44,294.253,Lipid
Caffeine,C20H5N3O7,964.05,6.92,192.473,Nucleotide
Ethanol,C19H9N5O9,335.8,8.42,906.192,Hormone
Cholesterol,C16H9N2O3,927.14,N/A,948.844,Neurotransmitter
Aspirin,C2H21N0O4,365.89,N/A,798.263,Alcohol
Serotonin,C3H14N2O6,642.2,10.11,937.356,Amide
Urea,C14H37N0O6,879.45,2.47,408.249,Lipid
Dopamine,C10H35N5O4,75.38,N/A,902.056,Hormone
Adenosine triphosphate,C7H26N5O8,159.27,1.05,19.003,Organic Compound
Ethanol,C5H26N4O0,303.06,12.41,363.264,Hormone
Aspirin,C7H14N5O8,597.42,5.07,319.411,Alcohol
Dopamine,C9H32N4O2,548.34,8.46,815.828,Alkaloid
Ethanol,C2H24N2O8,186.16,10.69,180.649,Hormone
Adenosine triphosphate,C5H13N0O5,329.03,11.68,366.547,Hormone
Cholesterol,C9H38N2O9,302.99,9.74,786.44,Carbohydrate
Adrenaline,C6H2N2O8,53.49,10.3,652.015,Alkaloid
Caffeine,C5H10N1O5,963.47,8.97,762.453,Neurotransmitter
Glucose,C6H30N0O1,784.4,6.12,614.447,Lipid
Dopamine,C7H23N5O0,443.76,8.92,825.655,Alkaloid
Cholesterol,C14H3N2O6,781.68,2.22,527.488,Nucleotide
Adrenaline,C16H7N0O0,443.53,10.35,899.634,Alkaloid
Serotonin,C10H6N0O9,85.38,N/A,991.037,Amide
Caffeine,C7H38N4O5,334.07,8.66,950.586,Nucleotide
Aspirin,C16H2N2O3,872.15,11.54,433.297,Nucleotide
Caffeine,C7H12N0O2,385.35,N/A,207.873,Alcohol
Cholesterol,C1H35N1O5,716.73,13.72,922.116,Alkaloid
Urea,C13H13N5O3,599.37,8.89,478.876,Amide
Adrenaline,C2H11N2O2,216.63,1.97,513.598,Nucleotide
Aspirin,C14H11N5O4,584.76,N/A,795.47,Hormone
Cholesterol,C2H27N1O0,203.77,8.16,927.366,Nucleotide
Adrenaline,C2H23N3O3,413.23,3.31,449.856,Alcohol
Adrenaline,C16H8N2O3,702.75,5.42,152.799,Neurotransmitter
Glucose,C18H17N2O10,437.6,12.42,17.103,Neurotransmitter
Glucose,C14H37N1O5,88.77,6.08,360.799,Neurotransmitter
Adrenaline,C6H5N1O3,743.03,N/A,369.002,Alcohol
Adenosine triphosphate,C4H23N5O8,350.69,7.25,131.902,Organic Compound
Cholesterol,C1H8N1O2,503.65,N/A,29.461,Neurotransmitter
Caffeine,C9H34N3O3,622.7,10.1,336.473,Alcohol
Cholesterol,C14H38N4O8,271.78,9.93,837.465,Neurotransmitter
Ethanol,C20H40N2O8,139.97,3.91,473.921,Lipid
Aspirin,C19H33N2O9,587.26,4.69,897.159,Carbohydrate
Adrenaline,C2H2N0O2,814.62,1.92,215.295,Neurotransmitter
Dopamine,C11H14N4O0,959.91,9.6,814.712,Alkaloid
Dopamine,C9H6N0O10,648.44,8.02,876.635,Nucleotide
Adenosine triphosphate,C11H28N1O9,740.69,11.84,267.642,Hormone
Aspirin,C11H10N1O4,73.4,8.63,371.649,Hormone
Adenosine triphosphate,C16H11N3O10,226.44,6.73,174.104,Amide
Caffeine,C5H6N0O8,356.1,6.99,470.157,Amide
Serotonin,C7H40N4O2,907.91,7.89,28.325,Organic Compound
Ethanol,C16H14N1O4,590.51,9.45,51.086,Alcohol
Caffeine,C19H20N2O5,183.53,7.4,483.969,Organic Compound
Caffeine,C13H39N3O5,587.34,6.47,240.917,Alkaloid
Urea,C9H30N4O10,712.81,4.63,13.231,Hormone
Serotonin,C13H14N4O10,720.62,10.41,822.288,Organic Compound
Ethanol,C1H8N5O7,165.77,7.98,22.839,Carbohydrate
Adenosine triphosphate,C11H37N5O6,323.97,4.37,193.541,Carbohydrate
Ethanol,C18H29N0O10,257.9,9.56,394.138,Nucleotide
Dopamine,C14H40N1O2,59.32,6.02,271.804,Organic Compound
Serotonin,C10H31N4O6,641.85,5.98,761.229,Nucleotide
Dopamine,C7H1N4O5,70.05,8.67,756.097,Lipid
Adenosine triphosphate,C6H40N4O4,388.28,N/A,963.421,Carbohydrate
Urea,C2H37N0O6,200.3,2.02,993.002,Alcohol
Ethanol,C5H20N0O2,653.95,7.19,573.901,Neurotransmitter
Ethanol,C19H40N3O1,899.86,8.26,702.519,Hormone
Glucose,C5H22N4O2,354.79,1.5,452.074,Lipid
Urea,C13H5N0O5,244.75,11.54,601.223,Lipid
Aspirin,C3H33N2O10,96.14,11.52,20.943,Lipid
Dopamine,C5H10N4O0,171.65,12.01,219.494,Amide
Serotonin,C1H12N2O6,333.36,13.95,71.546,Amide
Cholesterol,C20H29N4O0,211.2,3.74,34.619,Carbohydrate
Serotonin,C11H16N5O4,514.63,2.45,663.218,Hormone
Caffeine,C11H33N1O7,634.52,6.68,456.719,Lipid
Dopamine,C17H15N1O2,344.67,8.59,445.701,Carbohydrate
Glucose,C18H12N3O2,724.22,3.27,903.058,Organic Compound
Adrenaline,C4H17N0O9,79.92,9.13,541.611,Neurotransmitter
Adrenaline,C10H26N2O8,55.45,N/A,644.124,Amide
Caffeine,C7H31N4O9,977.62,6.57,919.622,Lipid
Cholesterol,C5H27N2O7,326.2,4.37,411.307,Neurotransmitter
Cholesterol,C6H35N1O9,787.88,N/A,155.497,Amide
Adenosine triphosphate,C5H24N3O5,264.6,10.9,693.105,Amide
Caffeine,C12H6N5O7,585.14,11.73,542.244,Neurotransmitter
Aspirin,C4H8N2O7,209.58,5.23,986.814,Organic Compound
Caffeine,C8H22N0O8,937.58,N/A,158.76,Neurotransmitter
Serotonin,C9H1N1O5,727.38,13.84,693.73,Nucleotide
Adenosine triphosphate,C10H26N3O10,350.72,13.17,986.847,Organic Compound
Caffeine,C14H34N2O9,762.34,10.77,934.803,Organic Compound
Serotonin,C9H10N1O0,436.52,3.9,514.006,Alcohol
Cholesterol,C1H10N4O4,792.37,4.75,535.0,Hormone
Aspirin,C15H27N3O9,688.59,2.43,687.027,Carbohydrate
Cholesterol,C18H38N3O5,800.21,10.74,54.274,Neurotransmitter
Aspirin,C4H2N0O6,279.7,10.47,783.899,Alkaloid
Adenosine triphosphate,C6H27N1O9,287.63,3.4,775.63,Nucleotide
Serotonin,C3H31N5O0,150.83,13.8,618.696,Alkaloid
Adrenaline,C15H36N2O9,865.59,N/A,751.707,Alcohol
Serotonin,C8H38N4O10,343.34,11.69,202.03,Neurotransmitter
Glucose,C3H22N2O2,506.18,N/A,957.97,Hormone
Aspirin,C9H11N2O6,82.93,7.81,566.745,Alkaloid
Urea,C6H18N0O0,863.68,6.34,581.573,Organic Compound
Urea,C14H23N4O2,929.02,11.75,598.383,Alkaloid
Adrenaline,C15H9N2O2,705.98,N/A,176.24,Amide
Dopamine,C20H22N4O2,794.95,3.22,360.945,Lipid
Urea,C15H38N3O5,297.08,11.12,862.157,Nucleotide
Caffeine,C3H33N2O0,367.31,3.48,467.42,Carbohydrate
Urea,C5H15N5O6,142.85,3.45,465.123,Organic Compound
Adrenaline,C18H3N4O5,568.57,8.87,851.006,Lipid
Adenosine triphosphate,C16H19N3O0,67.85,12.35,680.827,Alcohol
Caffeine,C6H36N2O3,149.06,N/A,72.207,Alcohol
Adenosine triphosphate,C15H38N0O6,69.86,13.93,587.798,Organic Compound
Adenosine triphosphate,C19H5N2O8,950.0,6.31,64.456,Nucleotide
Adenosine triphosphate,C3H39N0O3,318.61,N/A,425.315,Alkaloid
Adrenaline,C4H7N2O5,122.81,N/A,332.837,Lipid
Glucose,C6H22N2O8,129.26,1.75,911.793,Hormone
Urea,C19H21N3O8,410.05,8.63,15.693,Lipid
Urea,C8H10N4O1,419.54,N/A,596.352,Alkaloid
Cholesterol,C1H23N1O10,446.45,5.85,116.832,Hormone
Adrenaline,C19H4N5O2,784.51,8.08,154.441,Nucleotide
Caffeine,C17H18N3O0,746.39,10.35,579.402,Amide
Caffeine,C18H8N2O5,952.29,8.36,144.692,Neurotransmitter
Serotonin,C11H7N2O0,740.09,N/A,507.728,Neurotransmitter
Serotonin,C3H3N4O10,986.1,1.05,48.871,Alkaloid
Glucose,C15H26N0O4,351.61,3.49,868.63,Hormone
Aspirin,C9H15N1O5,691.25,1.21,942.741,Alcohol
Ethanol,C7H40N0O5,779.32,12.86,958.321,Carbohydrate
Adrenaline,C19H25N0O6,515.27,7.77,202.048,Organic Compound
Dopamine,C1H19N2O1,123.95,5.78,960.228,Nucleotide
Ethanol,C16H36N0O6,376.97,N/A,417.724,Nucleotide
Urea,C6H6N2O9,582.83,4.91,886.144,Organic Compound
Caffeine,C20H1N0O0,769.65,5.83,999.949,Hormone
Adenosine triphosphate,C11H4N0O8,246.21,12.06,518.473,Alcohol
Adenosine triphosphate,C14H14N2O8,961.45,N/A,352.867,Amide
Ethanol,C3H21N4O3,213.61,13.17,137.921,Amide
Adrenaline,C3H8N4O0,605.35,N/A,352.932,Neurotransmitter
Adenosine triphosphate,C16H16N1O10,883.68,2.95,937.762,Alcohol
Aspirin,C7H10N1O4,419.49,N/A,192.695,Carbohydrate
Dopamine,C7H40N1O2,896.56,7.65,932.677,Nucleotide
Serotonin,C3H31N1O6,141.7,12.0,527.379,Alkaloid
Urea,C5H4N0O4,931.42,3.92,321.988,Organic Compound
Serotonin,C17H15N4O8,952.03,N/A,776.675,Amide
Ethanol,C11H23N3O0,263.92,13.67,778.885,Amide
Adenosine triphosphate,C7H1N0O10,940.15,6.1,364.643,Organic Compound
Urea,C16H9N5O4,718.54,13.27,620.452,Lipid
Urea,C9H21N0O8,508.48,12.62,803.507,Alcohol
Aspirin,C11H6N0O0,820.93,12.79,480.51,Lipid
Glucose,C3H28N5O3,86.65,13.36,660.065,Amide
Caffeine,C2H29N5O9,524.22,N/A,33.836,Nucleotide
Ethanol,C20H34N5O0,637.75,6.61,912.573,Neurotransmitter
Adenosine triphosphate,C18H35N3O1,696.03,10.3,57.566,Organic Compound
Ethanol,C19H3N0O7,435.59,6.19,297.685,Alkaloid
Glucose,C17H32N1O2,878.95,3.45,39.628,Amide
Caffeine,C11H14N3O4,838.17,13.26,327.539,Carbohydrate
Urea,C4H37N2O7,628.42,8.66,353.034,Neurotransmitter
Serotonin,C15H3N3O5,466.51,13.72,280.491,Lipid
Aspirin,C15H21N4O6,985.81,12.65,659.018,Alcohol
Caffeine,C15H1N3O9,795.3,9.41,811.949,Organic Compound
Serotonin,C19H23N4O0,378.51,N/A,450.068,Amide
Urea,C15H34N1O1,920.13,7.27,540.119,Hormone
Ethanol,C5H2N3O10,137.13,N/A,541.16,Neurotransmitter
Dopamine,C10H31N5O10,955.23,6.34,841.67,Hormone
Urea,C12H17N2O9,164.36,3.63,817.059,Carbohydrate
Adenosine triphosphate,C15H32N4O8,308.97,13.23,405.023,Hormone
Dopamine,C14H15N3O0,504.08,1.47,212.347,Lipid
Ethanol,C17H16N4O5,96.75,N/A,850.741,Neurotransmitter
Urea,C2H2N4O3,263.63,6.09,847.633,Neurotransmitter
Dopamine,C7H29N3O4,726.62,N/A,47.774,Carbohydrate
Ethanol,C2H23N2O6,524.05,12.04,179.91,Hormone
Aspirin,C13H26N4O8,418.61,10.88,913.208,Lipid
Cholesterol,C8H26N2O0,744.08,10.12,729.219,Lipid
Urea,C19H11N1O6,714.07,7.77,109.086,Nucleotide
Dopamine,C16H5N0O10,416.4,N/A,654.157,Neurotransmitter
Cholesterol,C19H16N5O0,695.05,6.12,190.037,Nucleotide
Aspirin,C6H22N1O10,768.24,13.73,910.655,Neurotransmitter
Aspirin,C16H20N3O8,330.18,11.72,223.665,Carbohydrate
Adenosine triphosphate,C15H23N0O0,966.98,2.84,500.826,Alcohol
Ethanol,C18H9N1O1,434.26,12.54,538.133,Organic Compound
Caffeine,C5H33N0O10,579.8,8.44,559.471,Amide
Glucose,C2H14N3O5,284.31,4.03,68.66,Lipid
Ethanol,C5H15N1O0,839.96,3.48,399.345,Carbohydrate
Aspirin,C20H14N1O7,770.9,N/A,386.199,Lipid
Adrenaline,C4H38N3O0,721.04,N/A,906.512,Lipid
Dopamine,C9H29N2O4,774.87,13.8,454.686,Carbohydrate
Ethanol,C19H3N5O3,839.03,N/A,47.66,Organic Compound
Ethanol,C13H26N0O9,708.47,N/A,887.458,Hormone
Adrenaline,C7H26N1O10,641.93,3.75,571.904,Hormone
Urea,C13H25N3O10,209.66,N/A,536.574,Carbohydrate
Caffeine,C16H5N4O6,859.37,12.97,194.903,Amide
Caffeine,C20H25N3O6,211.17,1.94,742.202,Hormone
Adrenaline,C2H26N0O5,954.07,N/A,119.28,Neurotransmitter
Adenosine triphosphate,C2H5N0O4,775.95,N/A,506.183,Carbohydrate
Ethanol,C7H35N2O6,805.55,N/A,740.758,Carbohydrate
Serotonin,C5H40N2O0,415.08,11.37,620.1,Carbohydrate
Adrenaline,C8H20N4O1,391.72,7.27,53.4,Lipid
Cholesterol,C4H21N0O4,372.48,8.54,767.599,Carbohydrate
Adrenaline,C11H31N1O6,776.28,N/A,243.718,Amide
Serotonin,C8H23N0O2,279.67,9.82,767.423,Neurotransmitter
Adrenaline,C20H12N5O6,380.18,2.52,814.001,Neurotransmitter
Adrenaline,C2H15N5O1,874.71,5.11,399.196,Lipid
Urea,C1H3N4O9,906.6,N/A,758.771,Amide
Aspirin,C9H3N1O10,331.69,2.66,216.053,Nucleotide
Dopamine,C7H24N2O6,721.1,12.87,177.632,Lipid
Aspirin,C1H21N5O2,433.04,12.08,232.003,Alkaloid
Cholesterol,C10H33N1O1,85.62,4.24,245.645,Alcohol
Adrenaline,C1H29N5O6,684.67,N/A,966.901,Lipid
Cholesterol,C6H21N4O0,165.26,N/A,715.538,Alkaloid
Adrenaline,C17H28N4O4,717.51,2.33,286.334,Lipid
Aspirin,C7H8N1O1,514.3,7.39,392.058,Organic Compound
Glucose,C2H10N1O5,311.95,N/A,5.68,Amide
Cholesterol,C7H31N3O6,712.46,7.32,777.441,Alcohol
Aspirin,C6H23N0O4,829.6,N/A,145.669,Neurotransmitter
Aspirin,C12H40N3O3,543.9,10.01,202.946,Organic Compound
Urea,C10H5N2O10,643.6,7.53,100.816,Amide
Caffeine,C18H10N4O7,768.12,10.69,676.651,Nucleotide
Adrenaline,C9H35N2O6,882.44,N/A,147.178,Lipid
Adrenaline,C20H7N4O2,723.44,11.44,125.689,Organic Compound
Caffeine,C2H24N3O0,564.54,4.73,745.866,Lipid
Glucose,C11H7N2O7,717.29,N/A,39.315,Lipid
Adenosine triphosphate,C19H11N2O4,507.28,2.2,746.165,Lipid
Glucose,C3H12N3O0,655.13,N/A,840.014,Carbohydrate
Adrenaline,C2H39N3O8,261.45,2.76,930.669,Carbohydrate
Urea,C15H22N5O0,870.51,3.81,211.011,Alkaloid
Serotonin,C18H18N1O1,327.16,12.98,384.967,Hormone
Aspirin,C13H16N0O5,294.44,13.32,744.145,Neurotransmitter
Serotonin,C4H9N0O8,533.67,9.73,504.308,Alcohol
Cholesterol,C13H4N4O8,144.41,10.38,944.04,Alcohol
Urea,C20H31N1O2,392.61,11.21,814.034,Amide
Caffeine,C13H23N3O7,691.61,3.81,454.019,Hormone
Adenosine triphosphate,C10H17N3O2,53.49,4.01,130.735,Amide
Adenosine triphosphate,C15H17N1O4,319.98,8.39,226.859,Hormone
Glucose,C15H29N3O9,452.51,2.8,809.65,Carbohydrate
Dopamine,C18H26N5O1,113.9,N/A,53.198,Amide
Ethanol,C9H10N1O5,657.37,8.52,436.553,Lipid
Urea,C10H15N3O5,215.62,N/A,334.748,Nucleotide
Urea,C1H6N2O7,352.65,N/A,235.113,Organic Compound
Adrenaline,C11H3N1O10,674.17,1.64,128.944,Nucleotide
Adrenaline,C16H2N0O5,267.22,N/A,477.77,Lipid
Adrenaline,C5H33N3O10,630.07,12.62,896.826,Alcohol
Urea,C11H26N3O10,164.19,8.44,487.85,Neurotransmitter
Glucose,C17H14N1O3,346.41,6.21,597.304,Nucleotide
Dopamine,C11H19N1O6,766.43,10.08,203.63,Carbohydrate
Cholesterol,C9H9N2O8,608.54,N/A,747.772,Organic Compound
Aspirin,C9H36N2O9,446.2,2.2,381.266,Amide
Dopamine,C11H1N5O9,736.13,10.98,28.052,Organic Compound
Urea,C20H8N0O2,185.7,13.61,921.681,Organic Compound
Urea,C5H34N4O7,969.65,8.78,411.578,Neurotransmitter
Ethanol,C15H25N4O7,331.1,13.3,793.421,Alcohol
Caffeine,C6H28N0O4,698.59,6.85,254.802,Nucleotide
Ethanol,C7H40N0O0,555.55,3.49,431.899,Hormone
Serotonin,C20H11N4O5,519.55,13.44,417.953,Alcohol
Adenosine triphosphate,C12H17N1O5,967.54,9.56,461.318,Nucleotide
Ethanol,C18H24N2O2,434.77,1.1,155.154,Organic Compound
Ethanol,C18H7N1O1,559.88,N/A,878.142,Neurotransmitter
Glucose,C11H1N3O8,336.37,5.21,721.778,Amide
Cholesterol,C15H19N0O3,898.23,7.52,0.738,Hormone
Caffeine,C2H23N2O9,918.13,9.18,671.017,Hormone
Adenosine triphosphate,C15H29N0O1,557.21,9.52,80.601,Alkaloid
Aspirin,C15H39N3O3,517.65,8.85,501.822,Alcohol
Dopamine,C13H13N0O6,263.06,6.58,600.291,Alcohol
Adrenaline,C16H6N0O8,696.61,8.85,518.0,Alcohol
Adrenaline,C17H16N0O6,157.71,7.94,383.745,Amide
Aspirin,C3H18N2O6,369.78,N/A,668.227,Hormone
Dopamine,C1H24N2O4,107.72,10.05,965.298,Amide
Dopamine,C8H28N0O10,573.17,10.43,333.332,Amide
Adenosine triphosphate,C14H40N5O1,406.49,N/A,453.875,Organic Compound
Ethanol,C9H12N5O0,737.06,10.32,309.776,Alkaloid
Adrenaline,C12H11N1O2,989.43,4.41,827.782,Neurotransmitter
Caffeine,C5H37N2O6,877.97,7.94,437.488,Alcohol
Adenosine triphosphate,C19H9N3O9,643.57,13.46,908.3,Lipid
Adenosine triphosphate,C3H30N1O10,249.96,N/A,678.944,Carbohydrate
Urea,C17H13N4O3,828.16,6.51,645.256,Hormone
Aspirin,C1H2N4O10,418.35,N/A,998.298,Alkaloid
Urea,C12H2N4O7,962.81,11.23,422.978,Nucleotide
Serotonin,C6H4N2O4,165.62,4.44,625.512,Amide
Serotonin,C8H27N0O0,733.36,N/A,633.111,Carbohydrate
Glucose,C12H37N0O4,343.64,2.81,153.175,Neurotransmitter
Ethanol,C4H25N1O10,202.31,12.94,667.108,Lipid
Urea,C6H25N3O4,548.05,13.76,220.233,Amide
Ethanol,C8H38N4O10,552.39,N/A,651.314,Organic Compound
Adrenaline,C11H4N5O5,862.61,N/A,609.307,Organic Compound
Adenosine triphosphate,C16H14N0O5,532.87,6.7,251.693,Alkaloid
Caffeine,C20H33N4O1,426.84,9.47,138.368,Hormone
Urea,C5H24N3O9,380.18,6.76,591.989,Nucleotide
Aspirin,C15H22N2O9,620.74,9.05,248.981,Neurotransmitter
Caffeine,C10H2N3O0,515.12,2.35,657.491,Hormone
Aspirin,C15H28N5O4,808.29,7.54,300.181,Neurotransmitter
Adrenaline,C7H20N1O2,254.97,8.51,683.458,Lipid
Serotonin,C16H28N4O8,689.11,3.0,365.749,Organic Compound
Aspirin,C13H16N4O6,690.0,13.45,703.249,Lipid
Cholesterol,C2H39N4O5,881.29,8.77,718.568,Nucleotide
Cholesterol,C1H12N1O4,185.01,7.07,923.533,Amide
Adenosine triphosphate,C19H31N2O5,369.02,6.48,171.62,Neurotransmitter
Aspirin,C17H40N4O10,825.6,6.86,863.64,Hormone
Aspirin,C8H6N4O3,228.4,6.5,656.89,Amide
Cholesterol,C18H5N5O10,251.41,1.42,594.38,Organic Compound
Adenosine triphosphate,C20H24N5O4,403.6,3.34,866.427,Lipid
Dopamine,C20H35N3O2,203.98,10.78,60.544,Organic Compound
Aspirin,C10H18N0O2,230.84,9.86,469.033,Carbohydrate
Glucose,C15H15N1O4,519.99,11.24,859.725,Alcohol
Dopamine,C7H1N1O5,384.19,12.13,583.004,Organic Compound
Urea,C4H6N5O9,488.68,8.82,451.242,Neurotransmitter
Aspirin,C4H36N5O2,93.2,13.09,957.739,Lipid
Aspirin,C20H36N5O3,937.91,4.94,757.709,Amide
Ethanol,C3H40N5O10,826.81,12.47,929.166,Neurotransmitter
Glucose,C9H3N4O10,963.94,N/A,999.611,Alkaloid
Cholesterol,C6H13N4O0,421.03,4.35,152.943,Neurotransmitter
Caffeine,C17H27N4O3,647.58,N/A,72.863,Hormone
Cholesterol,C16H17N0O7,541.35,6.26,139.775,Alcohol
Dopamine,C11H16N4O7,80.19,11.41,590.523,Lipid
Serotonin,C20H2N4O10,986.34,11.94,468.642,Hormone
Caffeine,C19H20N3O10,733.32,3.06,335.213,Amide
Ethanol,C7H30N2O9,120.61,N/A,17.815,Alcohol
Adenosine triphosphate,C9H30N4O9,427.86,2.94,135.227,Alkaloid
Dopamine,C20H14N2O8,194.34,10.21,794.107,Lipid
Caffeine,C6H30N3O2,808.53,4.2,862.175,Organic Compound
Serotonin,C19H19N1O2,147.59,1.34,736.808,Alkaloid
Cholesterol,C7H23N2O2,58.53,10.01,111.02,Alcohol
Dopamine,C12H7N4O2,901.69,9.58,364.389,Carbohydrate
Caffeine,C16H28N2O7,138.0,13.72,557.779,Alcohol
Aspirin,C16H36N0O9,661.34,11.89,786.816,Organic Compound
Adrenaline,C3H15N0O5,57.47,8.95,729.251,Amide
Dopamine,C11H17N2O5,291.57,11.2,27.73,Neurotransmitter
Adenosine triphosphate,C17H28N1O3,192.27,11.52,636.836,Nucleotide
Dopamine,C11H33N2O8,701.69,N/A,468.513,Lipid
Ethanol,C5H3N3O1,221.1,N/A,695.21,Organic Compound
Aspirin,C2H2N4O9,159.32,3.37,122.925,Carbohydrate
Glucose,C4H40N1O9,603.53,N/A,940.772,Amide
Urea,C16H3N1O2,661.84,N/A,653.666,Alcohol
Cholesterol,C9H8N4O10,78.19,N/A,127.85,Hormone
Caffeine,C7H2N5O8,228.88,11.77,36.526,Neurotransmitter
Cholesterol,C18H36N5O7,137.75,5.1,315.754,Alkaloid
Cholesterol,C1H34N0O2,561.16,9.06,176.188,Nucleotide
Ethanol,C15H21N1O8,419.43,8.11,780.216,Lipid
Ethanol,C4H32N1O3,361.81,N/A,101.733,Organic Compound
Adenosine triphosphate,C7H4N1O0,536.52,4.18,288.097,Amide
Dopamine,C15H17N0O6,917.62,3.87,674.159,Lipid
Aspirin,C4H22N1O5,152.73,2.37,326.586,Organic Compound
Glucose,C7H39N4O1,700.27,N/A,37.843,Carbohydrate
Caffeine,C6H6N2O5,551.67,N/A,559.283,Organic Compound
Aspirin,C11H26N1O1,525.05,11.4,650.179,Nucleotide
Ethanol,C19H10N5O5,387.21,2.99,167.509,Lipid
Ethanol,C9H39N0O2,567.31,10.54,322.766,Neurotransmitter
Ethanol,C10H23N4O3,831.2,11.93,352.705,Hormone
Adenosine triphosphate,C1H8N5O4,599.78,11.18,708.637,Hormone
Caffeine,C10H4N3O0,175.68,4.94,124.976,Organic Compound
Ethanol,C8H4N0O5,825.6,12.2,849.714,Lipid
Serotonin,C17H27N3O10,148.98,13.34,842.846,Nucleotide
Adenosine triphosphate,C4H40N4O5,854.7,3.79,17.683,Lipid
Serotonin,C1H29N4O6,319.13,12.75,944.079,Organic Compound
Adrenaline,C3H32N0O10,854.85,1.93,154.779,Alkaloid
Urea,C14H26N0O6,989.03,8.81,653.355,Organic Compound
Adrenaline,C14H19N0O0,69.69,11.16,776.125,Organic Compound
Urea,C18H17N4O4,621.85,10.74,799.032,Neurotransmitter
Urea,C7H39N5O10,902.33,4.19,372.684,Neurotransmitter
Serotonin,C6H21N0O10,287.63,10.71,734.397,Alkaloid
Cholesterol,C3H19N2O4,841.01,N/A,631.484,Carbohydrate
Serotonin,C9H17N0O7,834.99,4.76,61.979,Nucleotide
Urea,C4H19N2O7,752.98,N/A,654.371,Lipid
Caffeine,C4H8N4O10,175.61,N/A,797.527,Organic Compound
Adrenaline,C17H19N5O2,971.13,13.82,573.543,Alkaloid
Caffeine,C4H28N5O10,321.64,8.57,878.135,Organic Compound
Serotonin,C14H21N3O10,574.01,12.31,380.974,Organic Compound
Glucose,C12H38N2O7,670.96,6.37,795.805,Organic Compound
Ethanol,C17H38N3O0,665.95,9.86,644.28,Hormone
Adenosine triphosphate,C8H34N1O10,557.48,13.28,806.325,Alcohol
Glucose,C6H17N4O2,60.96,1.6,508.091,Amide
Adenosine triphosphate,C12H5N4O3,999.93,N/A,263.62,Lipid
Dopamine,C3H5N3O3,160.89,4.22,375.738,Nucleotide
Dopamine,C14H30N5O4,309.56,9.81,121.714,Nucleotide
Dopamine,C9H23N1O6,761.94,N/A,183.516,Alkaloid
Adenosine triphosphate,C10H39N5O10,887.7,3.39,500.54,Alkaloid
Serotonin,C3H14N3O7,759.77,7.48,950.798,Lipid
Urea,C9H6N0O7,504.92,1.97,653.566,Nucleotide
Serotonin,C3H39N4O10,94.94,7.13,614.915,Alkaloid
Adenosine triphosphate,C20H8N5O2,859.7,N/A,148.516,Lipid
Aspirin,C14H36N1O10,861.03,4.4,142.218,Alcohol
Urea,C14H17N5O0,668.04,N/A,846.804,Lipid
Ethanol,C20H4N4O1,988.95,13.83,559.77,Carbohydrate
Serotonin,C7H36N4O2,305.84,10.6,386.985,Neurotransmitter
Glucose,C4H18N1O9,892.56,12.35,903.165,Organic Compound
Adenosine triphosphate,C15H5N3O1,984.8,3.21,300.882,Nucleotide
Urea,C16H19N4O8,851.93,2.62,234.333,Lipid
Dopamine,C14H29N0O3,813.41,N/A,988.999,Alcohol
Ethanol,C15H13N1O2,121.65,N/A,72.061,Alkaloid
Cholesterol,C17H39N3O1,805.49,N/A,592.836,Alcohol
Aspirin,C13H22N4O9,971.84,N/A,155.234,Lipid
Glucose,C19H24N0O0,101.18,N/A,465.204,Amide
Serotonin,C18H25N4O6,792.95,N/A,329.846,Amide
Urea,C3H15N4O5,582.39,11.73,552.52,Lipid
Dopamine,C12H11N2O2,121.39,2.96,885.665,Nucleotide
Caffeine,C20H34N5O9,594.67,5.06,405.653,Neurotransmitter
Urea,C4H36N3O7,226.45,N/A,722.313,Alkaloid
Urea,C18H34N4O10,948.95,3.55,697.241,Alkaloid
Caffeine,C14H19N4O4,308.59,3.72,726.519,Organic Compound
Aspirin,C13H26N2O10,974.17,13.7,137.99,Lipid
Dopamine,C14H30N5O3,721.14,3.0,296.889,Nucleotide
Dopamine,C15H21N3O10,777.79,N/A,0.982,Carbohydrate
Ethanol,C13H13N0O8,412.64,N/A,552.942,Alkaloid
Serotonin,C9H15N0O5,142.95,6.05,530.16,Alcohol
Aspirin,C2H27N4O9,720.48,9.07,498.67,Nucleotide
Adrenaline,C5H2N2O1,624.64,10.3,401.687,Alcohol
Aspirin,C1H18N4O9,403.9,10.41,222.78,Carbohydrate
Glucose,C17H36N3O8,782.91,11.03,827.985,Lipid
Dopamine,C7H24N1O0,579.24,1.76,543.61,Amide
Aspirin,C12H39N0O4,875.44,13.53,848.259,Organic Compound
Dopamine,C3H10N2O2,757.81,5.77,453.367,Carbohydrate
Adrenaline,C2H6N3O2,177.46,8.0,292.711,Neurotransmitter
Adrenaline,C13H31N4O0,155.7,12.77,16.856,Alcohol
Ethanol,C11H8N1O0,222.21,3.45,784.492,Lipid
Urea,C13H26N0O5,753.01,7.49,872.351,Alcohol
Cholesterol,C1H40N4O0,802.37,2.22,156.021,Hormone
Cholesterol,C15H37N0O0,677.21,2.71,20.153,Carbohydrate
Serotonin,C17H9N5O0,326.92,8.09,843.549,Alcohol
Dopamine,C12H39N3O5,485.89,N/A,82.965,Hormone
Serotonin,C12H23N2O8,421.09,12.74,342.834,Lipid
Dopamine,C8H21N5O9,834.83,13.14,686.938,Neurotransmitter
Adenosine triphosphate,C5H5N5O7,812.86,6.06,654.311,Lipid
Dopamine,C14H5N2O2,687.42,N/A,550.271,Nucleotide
Dopamine,C4H15N0O0,841.18,5.53,536.063,Hormone
Adenosine triphosphate,C17H9N2O10,567.94,11.2,576.646,Organic Compound
Serotonin,C8H20N0O5,705.11,N/A,599.516,Organic Compound
Cholesterol,C19H37N3O8,349.98,10.3,997.532,Lipid
Dopamine,C18H33N0O3,460.34,N/A,665.439,Organic Compound
Adrenaline,C13H18N2O4,594.24,5.29,17.492,Nucleotide
Dopamine,C1H21N3O0,143.27,7.36,898.304,Lipid
Cholesterol,C15H27N2O5,494.91,N/A,44.179,Amide
Cholesterol,C7H15N0O5,618.58,1.84,29.527,Organic Compound
Adenosine triphosphate,C12H20N2O6,163.92,N/A,412.124,Lipid
Glucose,C2H9N4O8,388.48,6.04,261.385,Nucleotide
Cholesterol,C7H34N2O7,216.95,N/A,408.243,Lipid
Glucose,C20H23N2O3,946.48,1.5,460.585,Lipid
Glucose,C10H2N1O0,268.92,13.66,556.415,Lipid
Glucose,C2H21N1O0,354.73,5.9,52.42,Carbohydrate
Caffeine,C2H21N0O8,56.16,3.7,489.994,Organic Compound
Adenosine triphosphate,C18H18N3O6,146.99,5.23,670.83,Lipid
Caffeine,C15H7N3O10,570.34,1.14,167.081,Alkaloid
Ethanol,C1H24N4O10,467.14,N/A,806.564,Neurotransmitter
Ethanol,C14H7N3O10,397.37,4.93,673.414,Alkaloid
Adenosine triphosphate,C17H12N5O8,909.1,5.99,661.895,Lipid
Aspirin,C6H8N4O2,573.6,6.07,415.176,Lipid
Glucose,C11H21N3O5,294.42,4.39,420.058,Nucleotide
Caffeine,C6H15N4O9,78.57,N/A,437.152,Alkaloid
Adenosine triphosphate,C18H30N1O1,211.34,N/A,712.807,Lipid
Adrenaline,C13H10N5O5,126.86,N/A,272.603,Alkaloid
Adrenaline,C11H7N2O10,644.2,7.2,582.04,Alcohol
Ethanol,C8H36N5O8,764.84,12.31,797.339,Carbohydrate
Adrenaline,C6H5N5O7,782.76,2.75,585.707,Nucleotide
Glucose,C14H6N0O8,362.4,2.07,935.935,Carbohydrate
Adrenaline,C14H23N3O6,186.06,10.94,337.752,Organic Compound
Caffeine,C14H8N4O9,230.26,N/A,926.724,Neurotransmitter
Aspirin,C12H23N3O10,863.54,8.18,644.655,Organic Compound
Aspirin,C20H36N5O2,535.97,N/A,131.181,Nucleotide
Cholesterol,C14H4N2O10,770.17,4.75,154.821,Organic Compound
Adrenaline,C14H12N1O7,699.91,10.43,811.771,Amide
Serotonin,C3H1N3O3,136.83,11.67,488.407,Amide
Cholesterol,C6H25N3O0,426.13,3.37,543.436,Organic Compound
Adenosine triphosphate,C19H39N4O0,760.68,5.75,281.72,Organic Compound
Ethanol,C2H33N3O9,944.21,6.46,917.702,Lipid
Adenosine triphosphate,C16H36N0O6,493.68,1.65,674.366,Nucleotide
Urea,C4H28N1O10,903.13,N/A,732.909,Hormone
Aspirin,C15H12N1O7,568.63,1.45,864.475,Alcohol
Aspirin,C1H21N5O8,433.29,2.35,602.398,Neurotransmitter
Glucose,C19H30N1O7,967.62,6.78,955.59,Amide
Caffeine,C2H38N4O5,50.27,N/A,321.122,Nucleotide
Caffeine,C16H35N1O10,364.51,N/A,689.823,Alkaloid
Caffeine,C1H27N1O1,625.63,5.0,428.854,Nucleotide
Serotonin,C3H37N0O4,174.62,6.87,231.919,Neurotransmitter
Urea,C19H12N0O10,114.32,N/A,760.083,Neurotransmitter
Dopamine,C5H17N0O9,185.9,8.07,160.451,Lipid
Dopamine,C15H22N5O10,86.86,13.83,869.99,Amide
Adenosine triphosphate,C14H9N3O5,328.15,10.64,239.006,Neurotransmitter
Glucose,C8H24N0O5,923.34,2.54,704.191,Amide
Serotonin,C7H21N0O6,698.48,11.41,711.543,Carbohydrate
Adenosine triphosphate,C18H4N0O10,895.62,4.61,154.455,Carbohydrate
Caffeine,C20H35N3O3,908.75,6.08,402.697,Organic Compound
Serotonin,C14H10N4O7,923.45,13.63,115.901,Carbohydrate
Urea,C20H29N0O4,309.74,2.4,318.554,Nucleotide
Ethanol,C19H15N0O4,338.52,4.5,334.786,Carbohydrate
Serotonin,C9H37N0O9,615.94,N/A,753.238,Carbohydrate
Aspirin,C13H33N0O0,537.11,5.66,871.033,Alkaloid
Adenosine triphosphate,C15H35N2O1,609.92,8.36,960.75,Organic Compound
Aspirin,C7H13N0O0,889.26,1.11,212.992,Lipid
Serotonin,C18H10N1O7,837.88,8.27,901.444,Carbohydrate
Cholesterol,C9H27N1O9,543.66,9.82,687.511,Organic Compound
Dopamine,C16H24N2O10,186.48,7.18,713.686,Hormone
Aspirin,C17H5N0O5,673.71,N/A,150.341,Nucleotide
Adenosine triphosphate,C2H4N2O1,339.53,4.67,2.262,Organic Compound
Caffeine,C11H11N4O4,590.55,N/A,164.882,Neurotransmitter
Serotonin,C4H32N4O6,354.29,4.61,530.579,Neurotransmitter
Ethanol,C15H13N0O8,153.81,12.54,286.052,Alkaloid
Urea,C18H8N3O6,558.02,N/A,853.778,Organic Compound
Cholesterol,C16H3N4O5,491.69,1.77,677.44,Lipid
Ethanol,C9H13N0O2,512.13,9.19,59.259,Alcohol
Aspirin,C16H32N5O2,300.95,1.41,720.207,Neurotransmitter
Serotonin,C5H37N5O6,463.69,1.61,947.779,Neurotransmitter
Glucose,C16H38N2O0,564.11,4.08,650.172,Nucleotide
Dopamine,C10H38N5O4,208.39,11.16,14.651,Organic Compound
Ethanol,C16H21N5O10,363.37,N/A,974.856,Lipid
Urea,C1H40N3O8,996.66,N/A,39.784,Carbohydrate
Glucose,C11H28N2O2,102.93,4.88,47.964,Neurotransmitter
Urea,C1H27N1O0,925.63,10.67,343.647,Lipid
Cholesterol,C5H5N2O1,535.65,N/A,62.343,Hormone
Adenosine triphosphate,C8H33N4O4,80.91,12.15,317.571,Alcohol
Adrenaline,C15H28N5O2,548.54,2.61,952.884,Nucleotide
Adrenaline,C6H15N1O6,171.84,5.77,27.274,Neurotransmitter
Caffeine,C14H9N5O7,471.47,4.95,194.863,Neurotransmitter
Ethanol,C2H29N0O6,983.21,13.36,483.959,Lipid
Adenosine triphosphate,C20H9N0O7,261.06,13.95,7.486,Lipid
Ethanol,C11H34N3O2,438.65,13.61,353.823,Hormone
Serotonin,C7H27N4O4,989.65,5.74,877.928,Alcohol
Glucose,C20H11N4O6,263.46,13.95,227.471,Alcohol
Serotonin,C2H24N5O5,767.5,11.87,189.025,Neurotransmitter
Ethanol,C6H18N1O2,610.31,2.02,114.121,Organic Compound
Adenosine triphosphate,C13H11N5O1,656.67,4.25,674.429,Carbohydrate
Cholesterol,C9H2N2O10,106.58,10.25,566.146,Alkaloid
Adenosine triphosphate,C14H20N1O6,924.86,N/A,950.301,Alkaloid
Urea,C16H31N4O6,791.56,2.77,34.82,Alkaloid
Dopamine,C9H1N2O8,832.85,8.71,111.644,Nucleotide
Serotonin,C14H36N4O2,467.84,12.67,41.027,Organic Compound
Dopamine,C7H1N0O2,214.61,13.75,61.009,Neurotransmitter
Aspirin,C20H7N1O0,286.71,1.49,525.662,Neurotransmitter
Cholesterol,C1H30N1O2,90.01,6.74,204.549,Nucleotide
Urea,C11H34N0O5,316.79,2.9,12.229,Nucleotide
Adenosine triphosphate,C3H17N2O4,931.55,7.96,165.651,Alcohol
Glucose,C6H33N3O1,553.0,13.37,913.953,Alkaloid
Serotonin,C17H17N3O4,553.45,6.09,479.719,Hormone
Adrenaline,C3H34N0O0,755.96,10.79,880.811,Carbohydrate
Caffeine,C18H16N2O4,375.65,1.39,875.817,Amide
Ethanol,C17H35N3O9,122.65,N/A,980.215,Carbohydrate
Adenosine triphosphate,C12H27N2O10,871.43,9.9,173.859,Carbohydrate
Ethanol,C10H13N5O5,822.48,12.37,327.963,Carbohydrate
Adenosine triphosphate,C9H1N3O5,814.21,9.33,190.03,Neurotransmitter
Aspirin,C1H28N4O5,288.86,1.99,846.677,Amide
Caffeine,C19H18N0O8,173.87,N/A,94.783,Organic Compound
Urea,C11H40N1O3,838.17,5.71,303.591,Hormone
Adrenaline,C19H18N4O6,331.07,N/A,139.271,Lipid
Glucose,C3H34N1O2,899.81,N/A,5.896,Hormone
Ethanol,C12H6N4O1,488.96,N/A,713.239,Neurotransmitter
Adrenaline,C5H4N0O1,850.88,6.38,518.15,Carbohydrate
Glucose,C13H10N1O3,203.51,1.76,31.053,Organic Compound
Adrenaline,C10H25N1O7,157.19,3.94,866.886,Amide
Aspirin,C18H33N5O3,241.09,6.63,865.391,Alcohol
Adenosine triphosphate,C8H1N0O0,126.68,9.39,201.886,Lipid
Adenosine triphosphate,C11H30N5O5,878.12,2.45,292.173,Carbohydrate
Caffeine,C11H37N5O4,398.34,10.58,297.838,Carbohydrate
Ethanol,C15H15N4O3,193.1,N/A,654.965,Neurotransmitter
Serotonin,C5H33N3O10,388.14,7.54,422.882,Alkaloid
Caffeine,C9H17N2O10,998.28,5.96,159.511,Alkaloid
Urea,C15H38N2O10,693.45,N/A,398.82,Hormone
Glucose,C1H35N5O3,327.07,7.26,641.73,Alkaloid
Dopamine,C16H22N0O10,128.35,1.96,893.823,Lipid
Cholesterol,C13H23N0O4,123.47,3.03,431.977,Nucleotide
Urea,C7H31N2O5,164.93,1.46,957.5,Lipid
Aspirin,C15H6N1O4,518.69,13.32,927.951,Alkaloid
Dopamine,C11H29N0O10,607.25,9.27,239.233,Lipid
Adrenaline,C3H16N4O3,153.47,8.22,949.157,Organic Compound
Urea,C18H2N4O1,52.51,6.2,166.925,Hormone
Dopamine,C14H17N0O0,87.36,7.65,596.083,Nucleotide
Adenosine triphosphate,C18H28N3O6,445.84,12.85,394.648,Lipid
Dopamine,C9H20N5O10,99.02,5.61,706.055,Carbohydrate
Aspirin,C14H3N2O2,351.97,N/A,453.091,Hormone
Caffeine,C3H30N3O6,368.34,N/A,768.188,Alkaloid
Urea,C18H15N3O7,521.89,6.18,503.068,Amide
Adenosine triphosphate,C19H13N4O0,903.07,N/A,189.015,Hormone
Adrenaline,C5H35N5O10,182.63,10.82,858.667,Organic Compound
Ethanol,C14H32N4O10,665.98,7.48,214.936,Amide
Urea,C17H17N5O3,157.74,N/A,579.571,Amide
Aspirin,C2H24N1O4,324.13,13.27,236.524,Hormone
Adenosine triphosphate,C20H9N5O2,492.9,N/A,52.49,Amide
Caffeine,C16H8N5O5,995.65,5.71,415.012,Nucleotide
Cholesterol,C12H11N0O7,783.93,4.65,969.178,Alkaloid
Dopamine,C3H39N3O3,447.95,8.83,565.596,Alcohol
Adenosine triphosphate,C20H36N4O2,676.4,2.65,82.925,Alcohol
Adenosine triphosphate,C3H8N3O9,499.15,N/A,198.484,Amide
Aspirin,C14H31N1O10,954.91,2.05,482.997,Neurotransmitter
Dopamine,C19H30N0O0,850.9,1.72,752.165,Carbohydrate
Dopamine,C14H30N5O4,829.07,8.41,647.461,Carbohydrate
Ethanol,C11H19N4O6,574.56,4.08,424.893,Amide
Adenosine triphosphate,C8H23N5O7,365.13,10.05,47.434,Hormone
Caffeine,C16H40N2O7,67.62,6.99,833.067,Hormone
Ethanol,C1H8N1O7,239.4,6.17,256.342,Amide
Aspirin,C1H12N3O0,170.11,N/A,320.063,Amide
Adrenaline,C16H33N1O1,556.82,2.98,790.921,Alcohol
Glucose,C2H9N3O4,910.58,10.65,207.767,Lipid
Aspirin,C6H5N0O9,392.97,6.61,20.422,Nucleotide
Adrenaline,C17H36N2O2,142.47,9.07,742.118,Amide
Urea,C20H12N4O7,166.8,13.12,662.987,Nucleotide
Dopamine,C20H1N3O1,906.61,3.46,232.622,Lipid
Adrenaline,C14H33N1O10,527.82,3.07,999.042,Nucleotide
Serotonin,C5H39N3O5,534.1,6.49,663.172,Hormone
Ethanol,C15H40N5O3,658.26,10.61,914.159,Alcohol
Serotonin,C9H32N0O1,843.14,N/A,725.996,Hormone
Adenosine triphosphate,C14H28N2O9,554.19,N/A,985.662,Hormone
Glucose,C1H17N0O7,337.95,1.18,566.619,Amide
Adrenaline,C2H23N5O4,983.32,10.82,237.764,Nucleotide
Adenosine triphosphate,C17H27N0O4,828.49,12.06,663.212,Alcohol
Ethanol,C20H6N4O2,732.4,N/A,13.842,Carbohydrate
Glucose,C14H22N2O0,790.2,N/A,768.981,Carbohydrate
Caffeine,C18H1N5O1,991.62,5.83,157.334,Alkaloid
Cholesterol,C3H3N5O2,236.47,N/A,565.442,Hormone
Urea,C9H22N1O10,760.56,9.03,895.398,Amide
Dopamine,C1H11N4O10,172.36,13.5,336.289,Lipid
Adrenaline,C4H14N0O7,795.14,N/A,34.073,Hormone
Glucose,C13H38N2O10,450.09,12.8,692.06,Alcohol
Ethanol,C10H38N4O5,740.72,4.42,192.451,Alcohol
Aspirin,C14H5N3O10,905.28,6.22,214.069,Alcohol
Adenosine triphosphate,C15H21N5O1,249.92,N/A,583.727,Hormone
Urea,C9H10N2O10,612.82,4.16,206.385,Hormone
Adenosine triphosphate,C17H31N2O10,671.78,N/A,29.114,Amide
Dopamine,C18H18N3O3,482.33,4.26,814.205,Lipid
Adenosine triphosphate,C14H40N4O1,135.4,4.92,47.393,Lipid
Caffeine,C13H4N3O10,437.4,3.67,487.969,Nucleotide
Glucose,C7H27N5O5,860.59,N/A,258.391,Amide
Adrenaline,C15H10N4O2,295.12,13.07,810.778,Organic Compound
Glucose,C13H27N5O5,348.12,12.79,266.627,Nucleotide
Ethanol,C1H8N4O3,204.2,10.62,433.677,Carbohydrate
Adenosine triphosphate,C9H22N4O10,564.17,8.07,672.483,Nucleotide
Caffeine,C5H37N2O9,452.25,12.74,38.564,Lipid
Aspirin,C15H40N2O10,891.95,N/A,471.483,Organic Compound
Adenosine triphosphate,C6H37N1O0,429.97,N/A,903.994,Alkaloid
Adrenaline,C11H23N4O2,303.23,6.86,855.358,Carbohydrate
Caffeine,C9H10N0O4,554.09,5.69,18.639,Lipid
Adenosine triphosphate,C7H25N2O10,603.32,12.92,641.554,Lipid
Cholesterol,C17H39N4O5,790.29,9.25,969.282,Carbohydrate
Urea,C1H16N5O9,965.25,N/A,365.693,Nucleotide
Adrenaline,C10H15N1O8,354.09,6.15,818.235,Nucleotide
Adrenaline,C6H11N2O2,759.27,N/A,336.96,Amide
Urea,C19H10N3O1,913.77,N/A,617.157,Organic Compound
Caffeine,C19H37N2O3,77.01,11.55,352.783,Amide
Cholesterol,C15H30N4O3,268.73,13.02,378.842,Alcohol
Aspirin,C17H21N5O3,491.5,N/A,187.548,Alcohol
Urea,C10H5N5O4,163.22,3.17,327.521,Lipid
Aspirin,C16H10N4O8,150.85,4.47,550.854,Neurotransmitter
Dopamine,C18H18N3O0,266.19,12.01,199.698,Carbohydrate
Caffeine,C2H19N1O10,858.22,9.54,262.776,Nucleotide
Cholesterol,C2H14N1O3,386.96,7.35,45.056,Hormone
Cholesterol,C15H14N3O3,100.96,3.6,692.03,Carbohydrate
Dopamine,C6H40N0O6,462.13,11.69,555.919,Carbohydrate
Glucose,C10H2N2O1,604.08,7.3,938.12,Neurotransmitter
Adenosine triphosphate,C14H14N0O8,521.42,N/A,769.766,Amide
Serotonin,C15H37N3O9,850.15,4.15,662.734,Hormone
Adrenaline,C9H20N2O8,478.59,4.07,308.955,Alkaloid
Adenosine triphosphate,C6H32N4O8,677.76,9.56,304.211,Carbohydrate
Cholesterol,C8H17N1O9,183.82,8.02,828.479,Organic Compound
Caffeine,C2H15N2O4,196.91,2.13,36.863,Amide
Caffeine,C8H28N0O10,969.09,1.51,890.352,Nucleotide
Cholesterol,C4H16N1O0,316.24,3.64,443.701,Amide
Adenosine triphosphate,C7H19N0O3,493.96,N/A,644.038,Hormone
Serotonin,C18H36N3O0,664.35,4.23,382.188,Lipid
Caffeine,C9H19N2O6,433.94,13.33,949.749,Lipid
Adrenaline,C18H4N5O1,576.75,1.98,984.922,Alcohol
Urea,C10H36N1O6,218.52,12.76,139.946,Nucleotide
Serotonin,C19H9N2O2,900.34,7.4,216.161,Nucleotide
Adenosine triphosphate,C3H37N1O6,225.06,13.65,180.353,Amide
Aspirin,C6H37N0O2,500.5,8.35,613.331,Nucleotide
Dopamine,C8H14N5O9,87.88,6.78,644.767,Carbohydrate
Dopamine,C11H36N3O10,948.03,1.4,901.193,Neurotransmitter
Caffeine,C4H24N5O8,380.18,12.05,797.629,Lipid
Ethanol,C18H25N3O0,232.56,13.18,857.12,Carbohydrate
Adrenaline,C10H20N5O3,380.18,5.52,690.925,Alcohol
Dopamine,C6H10N3O6,486.21,6.63,752.33,Organic Compound
Ethanol,C7H34N3O4,369.18,2.59,399.052,Nucleotide
Adenosine triphosphate,C19H6N3O0,434.73,3.67,366.736,Neurotransmitter
Adenosine triphosphate,C10H16N0O4,958.13,7.62,159.199,Neurotransmitter
Adenosine triphosphate,C3H36N2O1,404.86,9.43,0.069,Carbohydrate
Adenosine triphosphate,C14H12N0O5,570.19,13.52,743.43,Lipid
Ethanol,C11H22N1O0,996.97,N/A,803.339,Nucleotide
Glucose,C15H11N2O8,586.43,3.25,540.165,Organic Compound
Dopamine,C4H28N5O3,906.28,11.44,771.715,Lipid
Ethanol,C19H14N5O7,949.75,6.34,413.688,Alcohol
Ethanol,C14H7N4O2,187.56,11.32,993.372,Nucleotide
Cholesterol,C7H27N0O1,201.85,N/A,575.179,Nucleotide
Caffeine,C12H9N4O10,732.3,1.48,147.743,Alkaloid
Cholesterol,C1H8N5O9,424.97,10.82,13.142,Alkaloid
Ethanol,C14H14N2O5,202.12,5.21,186.8,Organic Compound
Adrenaline,C5H19N0O4,556.25,9.89,115.156,Organic Compound
Adrenaline,C3H5N0O6,634.06,5.31,726.711,Nucleotide
Dopamine,C3H7N3O6,520.77,1.66,756.814,Amide
Ethanol,C14H34N3O3,987.96,11.23,265.825,Hormone
Aspirin,C8H25N4O8,762.38,6.06,286.698,Carbohydrate
Adrenaline,C7H37N1O5,270.25,5.33,932.353,Alcohol
Serotonin,C17H2N5O4,451.54,N/A,501.716,Neurotransmitter
Adrenaline,C7H37N3O0,952.58,8.65,52.408,Lipid
Adrenaline,C4H7N1O6,629.68,N/A,83.495,Nucleotide
Serotonin,C4H16N2O6,647.75,4.17,942.348,Carbohydrate
Aspirin,C17H20N1O5,971.3,3.75,448.858,Nucleotide
Caffeine,C2H26N2O8,718.85,3.73,261.245,Carbohydrate
Caffeine,C15H40N4O10,960.14,3.88,793.154,Amide
Cholesterol,C4H5N1O1,268.07,9.29,389.627,Amide
Urea,C9H39N0O1,244.82,7.6,136.139,Nucleotide
Cholesterol,C18H30N4O8,141.73,14.0,279.306,Carbohydrate
Cholesterol,C14H28N3O2,579.05,4.96,414.84,Hormone
Dopamine,C2H35N3O2,846.71,3.04,135.107,Alcohol
Ethanol,C6H17N1O4,126.48,5.44,921.841,Lipid
Caffeine,C18H13N1O3,373.53,7.25,320.33,Lipid
Glucose,C3H31N5O9,61.65,N/A,16.419,Carbohydrate
Cholesterol,C5H8N4O5,209.31,1.6,454.695,Organic Compound
Caffeine,C15H39N2O0,799.14,13.14,234.489,Carbohydrate
Dopamine,C4H27N0O1,508.03,9.11,753.791,Neurotransmitter
Dopamine,C13H22N4O5,870.72,9.95,527.222,Hormone
Ethanol,C14H38N4O8,593.16,10.61,308.689,Hormone
Dopamine,C3H32N3O10,510.93,1.41,291.28,Lipid
Cholesterol,C6H7N3O7,315.69,4.98,648.762,Carbohydrate
Caffeine,C1H40N1O2,992.8,N/A,317.949,Carbohydrate
Urea,C4H13N0O5,612.6,12.45,268.127,Hormone
Cholesterol,C2H26N4O8,442.64,13.42,421.535,Nucleotide
Adrenaline,C2H30N1O0,174.37,N/A,853.598,Neurotransmitter
Caffeine,C5H1N1O5,110.02,N/A,298.003,Alkaloid
Cholesterol,C13H1N5O7,831.64,3.55,973.336,Nucleotide
Urea,C11H36N2O7,834.09,8.15,98.785,Hormone
Serotonin,C8H33N1O6,523.21,1.58,277.778,Hormone
Urea,C8H7N0O7,188.7,N/A,722.88,Nucleotide
Caffeine,C19H35N2O5,50.24,8.16,947.486,Hormone
Aspirin,C6H12N3O7,555.32,1.37,531.666,Amide
Adrenaline,C17H5N4O8,197.49,3.21,567.693,Hormone
Cholesterol,C19H7N3O2,235.03,3.71,802.959,Alkaloid
Ethanol,C12H36N4O1,356.85,10.93,472.741,Neurotransmitter
Adenosine triphosphate,C16H39N4O3,856.97,13.11,893.701,Carbohydrate
Cholesterol,C5H15N2O4,720.73,9.98,96.207,Carbohydrate
Aspirin,C17H33N3O10,146.48,N/A,426.587,Lipid
Caffeine,C15H12N1O1,342.42,6.04,220.683,Carbohydrate
Caffeine,C14H1N5O4,678.04,N/A,411.99,Neurotransmitter
Caffeine,C14H35N5O10,673.06,13.52,373.842,Carbohydrate
Cholesterol,C8H16N4O4,698.42,13.19,152.352,Lipid
Cholesterol,C17H37N1O0,669.89,4.23,382.703,Hormone
Caffeine,C5H15N4O4,249.76,13.66,309.891,Nucleotide
Adrenaline,C6H20N3O2,209.89,6.5,853.204,Organic Compound
Adrenaline,C11H28N3O4,53.08,12.63,437.856,Lipid
Adrenaline,C12H25N2O7,937.47,12.14,515.524,Lipid
Cholesterol,C3H14N1O0,604.07,10.63,779.097,Neurotransmitter
Adenosine triphosphate,C9H27N1O8,128.76,10.36,537.768,Nucleotide
Dopamine,C10H39N5O3,863.76,3.85,744.664,Neurotransmitter
Adrenaline,C7H2N5O2,818.14,9.68,70.612,Alcohol
Ethanol,C9H10N4O5,719.57,4.72,262.542,Organic Compound
Glucose,C2H10N5O1,70.5,N/A,129.56,Amide
Caffeine,C5H26N4O10,301.36,N/A,642.56,Carbohydrate
Cholesterol,C8H30N4O6,422.78,4.55,418.543,Amide
Adrenaline,C14H23N3O0,606.81,4.85,978.766,Hormone
Cholesterol,C13H34N4O1,169.75,4.23,173.119,Carbohydrate
Glucose,C11H20N0O9,169.88,13.62,285.25,Neurotransmitter
Dopamine,C8H6N5O3,290.27,8.36,953.515,Hormone
Ethanol,C18H34N4O5,797.29,6.38,380.013,Lipid
Aspirin,C9H30N5O10,537.58,3.68,674.401,Nucleotide
Glucose,C14H39N1O1,535.81,4.32,906.885,Carbohydrate
Urea,C6H7N2O0,993.29,N/A,754.867,Carbohydrate
Urea,C19H25N3O4,937.23,7.1,565.495,Nucleotide
Dopamine,C9H7N2O4,56.43,N/A,640.066,Neurotransmitter
Aspirin,C6H20N4O10,818.55,4.49,344.777,Alcohol
Cholesterol,C20H8N5O7,542.93,10.54,828.725,Organic Compound
Adrenaline,C14H32N4O5,882.31,8.99,339.272,Hormone
Ethanol,C14H30N3O10,130.92,9.12,476.978,Hormone
Dopamine,C15H32N2O3,699.65,10.24,104.506,Alkaloid
Aspirin,C17H12N3O10,770.24,1.32,641.653,Lipid
Serotonin,C15H22N1O7,767.26,4.66,113.731,Alkaloid
Serotonin,C18H18N5O1,425.22,N/A,546.241,Hormone
Adrenaline,C3H24N5O6,399.82,2.84,157.74,Nucleotide
Caffeine,C8H1N4O7,584.37,4.2,945.693,Lipid
Glucose,C2H29N0O7,50.92,12.51,779.831,Neurotransmitter
Cholesterol,C3H31N5O1,490.54,11.74,796.251,Nucleotide
Cholesterol,C3H27N1O7,238.48,6.68,522.973,Nucleotide
Serotonin,C20H33N0O9,321.31,6.37,12.213,Amide
Cholesterol,C1H14N5O3,725.47,12.04,808.703,Alcohol
Dopamine,C7H19N4O1,983.08,N/A,375.791,Alcohol
Aspirin,C17H15N1O10,994.21,13.13,20.559,Lipid
Aspirin,C2H28N5O0,872.64,1.63,930.387,Organic Compound
Adenosine triphosphate,C8H29N3O7,551.81,N/A,918.542,Amide
Adenosine triphosphate,C12H17N2O9,803.86,N/A,960.886,Alkaloid
Glucose,C2H26N0O0,439.96,10.35,859.013,Alkaloid
Cholesterol,C1H25N5O6,210.49,N/A,854.68,Amide
Dopamine,C18H38N1O9,812.06,12.98,884.968,Carbohydrate
Ethanol,C8H19N2O6,441.73,2.0,502.125,Amide
Glucose,C20H22N4O6,874.62,6.41,621.266,Hormone
Adrenaline,C7H15N2O7,73.66,1.19,39.008,Organic Compound
Adenosine triphosphate,C17H30N3O0,419.62,11.71,367.945,Neurotransmitter
Ethanol,C13H38N4O7,155.91,13.14,50.859,Neurotransmitter
Urea,C10H26N2O0,135.17,N/A,430.056,Lipid
Aspirin,C15H19N5O2,874.31,3.59,778.552,Carbohydrate
Dopamine,C1H20N1O4,783.9,8.07,436.65,Organic Compound
Aspirin,C7H35N4O9,332.7,8.02,913.33,Organic Compound
Dopamine,C16H37N3O4,758.08,1.41,902.972,Lipid
Dopamine,C7H27N4O8,841.66,9.73,937.343,Alkaloid
Cholesterol,C2H33N5O10,580.26,12.66,605.984,Amide
Dopamine,C12H26N5O6,56.38,6.37,143.528,Amide
Serotonin,C4H19N2O1,53.43,1.64,15.517,Lipid
Adenosine triphosphate,C6H30N3O2,308.55,10.14,947.263,Alcohol
Cholesterol,C5H9N2O5,842.12,7.47,962.867,Nucleotide
Dopamine,C8H19N5O0,936.39,1.46,263.801,Nucleotide
Cholesterol,C17H23N1O8,470.57,4.48,876.14,Neurotransmitter
Cholesterol,C20H5N4O0,471.62,11.72,37.542,Neurotransmitter
Adrenaline,C7H21N5O8,541.99,8.19,262.034,Organic Compound
Ethanol,C5H15N3O5,392.44,N/A,978.043,Alkaloid
Serotonin,C16H7N3O4,760.43,N/A,280.318,Alkaloid
Adrenaline,C12H7N2O10,420.25,10.06,91.248,Organic Compound
Urea,C13H26N4O7,71.4,5.67,483.38,Amide
Caffeine,C9H18N1O2,115.09,N/A,685.473,Hormone
Adenosine triphosphate,C5H36N0O3,274.73,12.47,536.081,Alcohol
Adenosine triphosphate,C20H31N2O0,718.52,1.56,92.48,Alkaloid
Serotonin,C5H22N0O3,267.88,9.08,313.619,Hormone
Serotonin,C4H39N5O3,453.39,11.12,754.993,Organic Compound
Glucose,C15H11N0O3,220.2,N/A,201.358,Hormone
Glucose,C11H17N2O8,562.52,2.11,596.473,Organic Compound
Ethanol,C1H30N3O4,858.02,1.84,254.394,Hormone
Caffeine,C8H3N0O1,376.48,3.09,959.239,Alcohol
Adenosine triphosphate,C4H14N3O3,639.52,6.26,84.414,Carbohydrate
Caffeine,C14H9N3O8,52.98,3.95,369.621,Carbohydrate
Dopamine,C14H32N2O7,618.87,10.2,61.596,Amide
Adrenaline,C6H8N2O5,274.2,12.13,400.675,Organic Compound
Cholesterol,C3H7N3O7,87.06,11.22,530.795,Carbohydrate
Urea,C4H37N2O6,899.91,5.03,683.365,Hormone
Caffeine,C19H6N5O10,891.56,4.78,799.348,Hormone
Urea,C14H35N4O7,925.38,5.61,736.003,Amide
Cholesterol,C3H30N2O8,233.68,N/A,235.985,Alcohol
Glucose,C18H23N1O4,275.5,N/A,494.259,Organic Compound
Serotonin,C15H21N0O5,724.93,13.09,613.091,Lipid
Aspirin,C2H18N3O6,61.21,9.14,132.13,Carbohydrate
Aspirin,C20H20N4O6,823.47,1.09,918.692,Nucleotide
Adrenaline,C3H5N2O10,399.88,1.74,325.337,Alkaloid
Serotonin,C8H25N1O0,661.61,N/A,319.482,Alkaloid
Ethanol,C15H26N5O9,243.76,11.65,639.601,Neurotransmitter
Adrenaline,C9H21N2O1,908.87,3.88,322.355,Alkaloid
Ethanol,C14H4N1O1,259.64,9.36,452.755,Carbohydrate
Dopamine,C7H39N1O4,353.9,8.64,299.554,Hormone
Aspirin,C9H14N4O6,234.19,N/A,59.523,Organic Compound
Serotonin,C17H16N0O4,167.0,10.81,111.026,Amide
Glucose,C5H32N4O0,61.24,13.64,545.464,Neurotransmitter
Cholesterol,C17H35N5O6,572.66,11.3,20.603,Nucleotide
Ethanol,C20H30N5O0,277.98,7.95,922.182,Lipid
Glucose,C16H23N2O1,499.6,N/A,489.396,Carbohydrate
Dopamine,C11H26N3O3,396.86,8.26,42.34,Alcohol
Cholesterol,C9H35N0O4,255.32,N/A,396.999,Alkaloid
Aspirin,C14H10N2O1,443.07,2.79,587.432,Lipid
Serotonin,C1H34N2O9,356.27,7.01,462.366,Organic Compound
Cholesterol,C11H1N5O7,513.17,5.8,895.544,Alcohol
Cholesterol,C11H25N2O5,570.18,8.27,833.988,Amide
Aspirin,C14H37N5O2,792.65,4.62,661.846,Nucleotide
Cholesterol,C7H28N5O4,894.43,3.22,841.63,Alkaloid
Ethanol,C7H27N1O1,367.47,8.29,404.244,Carbohydrate
Dopamine,C9H4N0O9,360.05,5.73,889.857,Organic Compound
Serotonin,C11H33N5O8,427.97,N/A,531.907,Lipid
Glucose,C13H30N4O4,940.17,11.85,45.753,Carbohydrate
Dopamine,C3H12N2O10,189.0,8.72,675.996,Alcohol
Glucose,C4H15N0O3,650.14,11.36,538.465,Hormone
Cholesterol,C9H24N0O9,682.71,11.99,818.865,Carbohydrate
Serotonin,C17H36N0O1,982.59,12.74,889.353,Neurotransmitter
Dopamine,C1H28N5O5,928.34,N/A,138.154,Lipid
Serotonin,C2H22N1O1,987.67,N/A,626.079,Organic Compound
Urea,C10H12N4O9,746.02,1.13,490.406,Hormone
Ethanol,C3H38N0O5,793.57,8.45,73.543,Neurotransmitter
Glucose,C10H32N5O4,922.26,N/A,925.752,Hormone
Adrenaline,C16H18N0O8,692.96,N/A,345.065,Alcohol
Urea,C13H25N0O10,457.64,11.43,454.861,Organic Compound
Urea,C9H13N4O10,153.55,N/A,884.16,Carbohydrate
Cholesterol,C8H9N2O6,717.64,3.35,926.22,Lipid
Serotonin,C19H10N4O0,297.2,6.34,628.263,Neurotransmitter
Cholesterol,C18H36N4O8,369.42,N/A,183.638,Lipid
Adenosine triphosphate,C9H10N5O1,852.36,4.25,275.285,Organic Compound
Glucose,C7H35N2O9,174.45,6.01,61.212,Alcohol
Caffeine,C15H4N3O4,626.42,5.8,696.28,Alcohol
Caffeine,C15H5N0O10,799.0,8.11,681.458,Amide
Urea,C6H15N1O3,320.41,8.55,293.13,Alkaloid
Urea,C5H1N2O9,249.32,4.54,852.372,Nucleotide
Aspirin,C18H15N0O10,272.91,N/A,244.854,Amide
Dopamine,C10H16N4O6,530.74,N/A,468.915,Neurotransmitter
Serotonin,C3H23N1O6,81.96,8.74,356.865,Amide
Adenosine triphosphate,C19H3N2O2,323.96,12.33,303.589,Alcohol
Serotonin,C18H29N4O6,529.53,N/A,177.135,Nucleotide
Adenosine triphosphate,C9H19N2O5,224.16,12.14,677.551,Carbohydrate
Urea,C20H26N0O7,262.43,4.97,941.744,Neurotransmitter
Adrenaline,C7H10N4O3,945.99,1.44,843.717,Alcohol
Aspirin,C7H3N1O10,84.05,N/A,974.312,Organic Compound
Glucose,C7H29N4O0,909.11,N/A,536.064,Lipid
Caffeine,C4H10N4O6,742.33,N/A,663.8,Amide
Caffeine,C20H17N4O8,733.22,11.46,854.533,Neurotransmitter
Cholesterol,C11H5N5O3,951.68,1.93,213.629,Lipid
Serotonin,C15H29N5O8,699.66,10.73,346.888,Organic Compound
Caffeine,C19H17N1O2,653.08,9.09,58.617,Alcohol
Urea,C2H24N5O6,745.04,5.37,617.369,Carbohydrate
Ethanol,C4H6N4O1,701.17,2.49,418.159,Neurotransmitter
Cholesterol,C14H24N0O3,681.77,9.71,452.909,Carbohydrate
Glucose,C4H8N5O6,713.84,13.31,405.795,Alcohol
Glucose,C20H39N4O9,911.52,10.57,14.082,Alkaloid
Cholesterol,C9H40N5O1,228.05,8.99,364.126,Amide
Aspirin,C3H6N5O1,341.95,5.35,868.588,Hormone
Caffeine,C2H5N1O4,688.67,9.39,517.612,Alcohol
Cholesterol,C9H36N2O2,655.85,8.56,116.939,Hormone
Adrenaline,C16H40N2O9,165.54,7.92,36.47,Amide
Dopamine,C10H11N0O10,424.19,6.16,11.099,Amide
Ethanol,C16H6N4O2,366.43,6.95,209.473,Alkaloid
Aspirin,C17H31N3O9,658.08,1.47,818.276,Hormone
Adenosine triphosphate,C17H8N4O2,994.4,2.98,493.098,Carbohydrate
Caffeine,C7H20N0O0,285.56,9.47,800.454,Carbohydrate
Adrenaline,C18H7N5O3,925.75,8.27,923.21,Neurotransmitter
Aspirin,C8H5N5O2,621.71,N/A,174.051,Hormone
Caffeine,C5H28N4O8,910.03,9.77,700.037,Carbohydrate
Ethanol,C10H34N5O5,935.08,5.7,922.559,Carbohydrate
Adenosine triphosphate,C15H5N1O1,834.16,12.32,25.994,Alkaloid
Ethanol,C2H4N4O10,489.3,N/A,963.016,Organic Compound
Glucose,C2H36N0O8,442.3,3.97,171.216,Amide
Urea,C6H31N0O1,323.15,N/A,495.124,Neurotransmitter
Glucose,C19H3N0O6,712.81,12.04,558.512,Amide
Aspirin,C2H26N4O1,657.41,N/A,10.556,Carbohydrate
Urea,C3H31N4O5,65.85,2.13,504.055,Carbohydrate
Dopamine,C15H5N3O5,410.49,12.33,82.444,Amide
Aspirin,C20H20N5O8,498.94,1.01,147.859,Lipid
Adrenaline,C6H1N4O0,75.16,3.83,441.504,Alkaloid
Ethanol,C4H31N1O9,797.2,7.62,141.943,Hormone
Urea,C14H7N5O4,514.28,7.77,496.704,Alkaloid
Glucose,C9H12N2O5,667.76,12.86,526.807,Alkaloid
Ethanol,C1H20N0O5,584.24,11.97,834.281,Alcohol
Adenosine triphosphate,C7H27N4O2,551.38,8.14,21.568,Neurotransmitter
Aspirin,C1H28N5O0,966.79,7.15,759.042,Carbohydrate
Glucose,C15H13N5O7,779.56,10.7,269.686,Alcohol
Urea,C18H15N3O1,314.07,12.8,336.687,Nucleotide
Glucose,C13H19N3O3,324.27,9.53,184.632,Amide
Glucose,C3H35N2O3,826.43,5.14,415.105,Lipid
Glucose,C3H18N2O6,692.74,2.48,429.779,Amide
Serotonin,C14H1N3O4,598.05,1.78,156.133,Alkaloid
Cholesterol,C12H19N3O5,299.66,4.66,953.568,Neurotransmitter
Cholesterol,C20H29N4O3,968.91,N/A,265.223,Organic Compound
Serotonin,C7H20N5O9,483.6,13.07,463.676,Hormone
Caffeine,C14H10N3O4,954.41,4.51,220.131,Carbohydrate
Aspirin,C7H14N5O2,947.16,7.28,162.633,Organic Compound
Ethanol,C18H9N3O0,850.42,6.56,255.831,Organic Compound
Ethanol,C3H16N1O1,266.17,10.09,811.459,Alcohol
Glucose,C17H17N0O9,547.45,N/A,921.937,Lipid
Adrenaline,C4H34N1O10,715.63,7.26,497.372,Alkaloid
Ethanol,C14H36N3O2,775.36,7.44,154.764,Alkaloid
Cholesterol,C6H6N3O1,820.7,9.59,598.826,Hormone
Cholesterol,C8H17N3O8,813.49,8.51,693.205,Hormone
Adrenaline,C7H20N5O4,434.94,12.43,803.307,Alcohol
Cholesterol,C17H9N3O1,957.06,8.27,377.115,Organic Compound
Adenosine triphosphate,C4H30N3O2,981.22,9.7,510.755,Amide
Cholesterol,C7H26N4O0,459.3,1.4,956.506,Hormone
Urea,C18H33N2O9,604.24,4.65,332.098,Amide
Adrenaline,C11H37N0O10,293.51,7.17,193.475,Nucleotide
Cholesterol,C20H30N2O10,531.39,5.69,684.872,Carbohydrate
Ethanol,C8H19N0O0,483.11,3.42,412.999,Amide
Ethanol,C5H7N0O9,178.72,1.15,994.823,Alkaloid
Caffeine,C12H30N4O3,782.09,11.99,462.712,Carbohydrate
Urea,C4H24N4O6,926.92,9.56,99.327,Nucleotide
Ethanol,C4H27N3O6,285.29,9.9,539.777,Organic Compound
Ethanol,C14H40N1O4,791.38,8.86,739.254,Amide
Adenosine triphosphate,C13H15N1O7,468.5,N/A,338.677,Lipid
Dopamine,C10H33N2O2,440.71,N/A,483.061,Amide
Caffeine,C12H31N2O3,677.26,3.4,296.92,Alkaloid
Aspirin,C13H2N5O2,976.49,10.88,385.199,Alkaloid
Ethanol,C11H40N0O9,214.83,10.73,503.883,Organic Compound
Serotonin,C5H33N2O5,384.74,6.58,858.357,Lipid
Dopamine,C18H38N1O5,592.71,N/A,263.175,Carbohydrate
Serotonin,C17H27N2O8,106.76,6.55,859.263,Neurotransmitter
Glucose,C14H17N4O0,266.48,12.92,15.552,Alkaloid
Adrenaline,C16H35N2O4,277.7,12.01,868.225,Neurotransmitter
Aspirin,C2H4N3O8,842.64,10.27,138.298,Lipid
Adrenaline,C5H4N2O8,133.92,9.24,610.485,Neurotransmitter
Cholesterol,C2H22N2O10,737.84,N/A,648.733,Lipid
Glucose,C6H7N4O7,298.34,2.28,733.79,Hormone
Serotonin,C12H8N3O6,294.1,N/A,282.374,Lipid
Adrenaline,C12H25N4O6,969.53,1.55,867.566,Alcohol
Urea,C15H9N5O9,106.82,N/A,712.425,Organic Compound
Urea,C10H4N1O4,148.53,5.03,328.415,Carbohydrate
Adrenaline,C2H10N5O8,71.84,2.37,500.72,Nucleotide
Dopamine,C19H19N3O7,687.74,11.81,10.17,Amide
Dopamine,C7H14N0O10,822.7,7.69,11.76,Organic Compound
Glucose,C12H39N0O1,254.09,7.13,98.838,Lipid
Adrenaline,C13H33N0O6,207.63,4.64,197.438,Carbohydrate
Urea,C13H31N1O7,225.52,5.84,742.366,Carbohydrate
Urea,C17H32N4O0,310.8,1.34,467.075,Alkaloid
Adenosine triphosphate,C18H9N1O6,510.64,8.82,265.486,Lipid
Caffeine,C19H38N5O7,685.48,1.9,172.666,Amide
Ethanol,C14H16N2O9,804.71,9.8,804.841,Alkaloid
Adenosine triphosphate,C10H12N0O8,439.0,13.39,840.62,Nucleotide
Caffeine,C4H38N2O5,232.28,N/A,810.223,Neurotransmitter
Ethanol,C7H22N0O8,924.5,12.32,565.32,Organic Compound
Glucose,C13H18N1O7,63.89,N/A,879.983,Neurotransmitter
Aspirin,C20H17N5O9,64.18,N/A,456.751,Hormone
Ethanol,C19H21N0O3,477.05,6.66,355.863,Hormone
Serotonin,C12H3N4O6,981.53,10.6,507.413,Carbohydrate
Urea,C11H13N1O6,142.31,9.13,484.214,Organic Compound
Adrenaline,C20H5N4O6,356.46,N/A,588.443,Hormone
Urea,C10H12N5O0,654.99,9.83,675.323,Nucleotide
Glucose,C6H2N1O4,991.32,4.84,854.485,Alcohol
Aspirin,C15H12N2O5,118.09,2.07,394.046,Organic Compound
Urea,C15H40N4O8,899.54,7.76,267.605,Amide
Serotonin,C20H2N4O9,411.35,13.06,231.255,Alcohol
Dopamine,C15H18N5O9,454.52,7.81,245.233,Organic Compound
Glucose,C5H12N2O0,658.39,9.99,890.24,Lipid
Ethanol,C18H34N5O0,342.27,5.85,828.508,Hormone
Adrenaline,C5H34N4O5,364.25,N/A,747.455,Hormone
Caffeine,C16H15N2O4,504.92,2.62,75.542,Amide
Glucose,C12H37N2O2,660.6,3.08,123.653,Organic Compound
Dopamine,C16H14N2O3,319.97,10.27,785.641,Lipid
Serotonin,C1H27N0O2,876.62,4.83,611.416,Alkaloid
Ethanol,C14H16N5O3,468.96,5.6,95.399,Organic Compound
Adenosine triphosphate,C18H14N1O5,689.14,N/A,931.29,Organic Compound
Caffeine,C20H30N3O9,377.5,1.39,562.805,Organic Compound
Adrenaline,C11H16N0O2,653.41,N/A,571.95,Carbohydrate
Glucose,C3H35N0O6,509.13,5.16,561.205,Alkaloid
Adrenaline,C10H39N1O0,833.13,7.79,101.93,Nucleotide
Adenosine triphosphate,C19H40N5O1,336.95,2.84,465.674,Hormone
Urea,C16H13N3O8,349.61,11.56,937.589,Alcohol
Adrenaline,C20H31N0O10,386.94,N/A,244.435,Hormone
Adenosine triphosphate,C2H5N3O8,216.36,10.28,289.454,Carbohydrate
Adrenaline,C14H17N5O10,313.31,N/A,799.159,Alcohol
Aspirin,C18H36N3O9,545.69,N/A,405.516,Carbohydrate
Aspirin,C13H21N5O2,413.6,N/A,342.523,Neurotransmitter
Adrenaline,C5H3N5O9,368.05,5.2,81.339,Carbohydrate
Aspirin,C6H30N5O4,847.3,2.31,747.054,Carbohydrate
Adenosine triphosphate,C10H24N3O8,190.05,9.37,468.119,Lipid
Ethanol,C9H25N3O10,565.39,2.81,631.583,Alcohol
Dopamine,C15H23N2O8,869.32,2.95,158.483,Alkaloid
Cholesterol,C11H15N1O6,721.66,5.0,54.453,Neurotransmitter
Ethanol,C5H11N3O10,195.61,11.83,514.74,Nucleotide
Adrenaline,C16H28N0O8,90.28,7.41,336.091,Carbohydrate
Caffeine,C19H20N1O2,359.42,N/A,139.759,Lipid
Ethanol,C8H39N2O6,556.56,2.0,844.524,Carbohydrate
Aspirin,C11H27N0O2,64.12,13.41,850.325,Amide
Dopamine,C8H28N3O9,116.67,13.58,42.2,Nucleotide
Urea,C13H26N5O9,424.67,12.99,763.36,Organic Compound
Cholesterol,C4H11N1O0,52.79,11.22,394.009,Neurotransmitter
Serotonin,C17H40N1O1,733.44,N/A,968.366,Hormone
Caffeine,C4H30N1O3,902.79,2.83,386.653,Hormone
Serotonin,C13H5N0O2,422.69,4.65,766.632,Amide
Cholesterol,C11H19N2O4,459.4,5.31,572.712,Amide
Caffeine,C13H21N3O7,848.28,9.79,894.333,Nucleotide
Ethanol,C16H16N3O8,915.18,12.59,404.764,Nucleotide
Glucose,C8H2N3O1,629.23,9.65,931.041,Amide
Caffeine,C3H34N0O6,266.71,13.22,705.645,Carbohydrate
Glucose,C4H33N2O8,653.25,10.06,331.094,Lipid
Aspirin,C9H32N2O4,308.97,13.63,196.14,Lipid
Urea,C2H40N3O1,535.59,8.67,533.861,Carbohydrate
Cholesterol,C15H4N3O8,335.65,12.41,218.414,Alcohol
Adenosine triphosphate,C14H17N3O3,754.15,3.48,474.257,Carbohydrate
Aspirin,C6H18N3O0,450.6,6.76,570.89,Amide
Serotonin,C6H29N1O6,475.33,12.81,111.279,Alkaloid
Dopamine,C16H35N5O1,86.29,6.53,432.604,Alkaloid
Caffeine,C16H6N5O5,463.41,2.7,562.377,Alkaloid
Dopamine,C6H20N4O7,451.88,3.92,249.249,Alcohol
Serotonin,C9H14N0O1,176.05,3.69,534.58,Hormone
Cholesterol,C6H15N1O6,109.26,1.08,424.58,Nucleotide
Dopamine,C2H39N5O0,141.64,3.58,537.036,Alcohol
Glucose,C8H24N4O0,520.71,4.29,287.197,Nucleotide
Urea,C13H16N4O3,573.77,N/A,167.063,Alkaloid
Aspirin,C14H36N5O0,832.46,7.59,882.391,Amide
Urea,C15H33N1O9,70.02,4.73,346.581,Alcohol
Adrenaline,C12H1N3O6,106.48,N/A,261.893,Nucleotide
Urea,C7H27N3O9,301.94,4.29,406.817,Neurotransmitter
Adenosine triphosphate,C12H30N1O3,941.87,9.6,271.154,Alcohol
Caffeine,C15H18N5O1,907.13,N/A,543.165,Neurotransmitter
Glucose,C1H23N2O5,916.8,N/A,603.881,Organic Compound
Glucose,C2H34N3O6,372.84,N/A,539.543,Carbohydrate
Dopamine,C3H39N0O7,714.34,4.74,972.458,Nucleotide
Cholesterol,C10H29N3O6,769.66,6.61,439.311,Alkaloid
Serotonin,C18H17N5O4,740.08,2.71,643.743,Lipid
Adrenaline,C14H32N0O6,465.56,2.65,795.199,Organic Compound
Dopamine,C13H40N0O0,359.26,N/A,958.283,Alcohol
Ethanol,C20H3N2O7,325.32,8.42,176.238,Hormone
Ethanol,C5H32N3O1,55.14,N/A,612.76,Nucleotide
Caffeine,C11H35N3O6,642.75,9.51,856.578,Nucleotide
Aspirin,C7H24N5O9,473.87,10.03,574.518,Nucleotide
Adrenaline,C4H35N4O1,795.54,11.8,668.26,Alcohol
Ethanol,C2H17N2O1,530.88,7.18,229.412,Carbohydrate
Caffeine,C12H1N3O7,63.94,N/A,815.19,Carbohydrate
Adenosine triphosphate,C2H16N3O0,519.15,N/A,859.434,Organic Compound
Glucose,C4H39N1O5,416.26,12.07,817.602,Organic Compound
Aspirin,C13H28N1O10,343.84,9.53,15.57,Amide
Cholesterol,C16H24N5O9,268.8,7.35,538.289,Neurotransmitter
Cholesterol,C9H37N3O0,592.91,N/A,278.618,Nucleotide
Glucose,C9H28N3O0,586.84,3.54,753.834,Amide
Dopamine,C15H30N3O0,533.95,N/A,314.463,Amide
Serotonin,C4H3N1O2,196.06,3.62,693.205,Nucleotide
Ethanol,C5H16N2O9,205.35,3.86,355.461,Neurotransmitter
Glucose,C11H11N5O5,780.66,8.0,422.732,Organic Compound
Ethanol,C12H19N1O2,404.55,N/A,224.793,Nucleotide
Caffeine,C17H14N3O9,80.81,4.59,4.122,Alcohol
Glucose,C1H25N2O3,680.71,1.48,216.682,Carbohydrate
Glucose,C2H6N1O2,973.48,12.35,901.126,Organic Compound
Ethanol,C9H21N2O5,925.64,12.18,445.777,Alcohol
Glucose,C17H20N2O10,666.0,7.26,224.987,Carbohydrate
Cholesterol,C16H16N4O9,922.53,13.72,884.1,Nucleotide
Ethanol,C9H11N2O3,230.91,7.29,759.72,Nucleotide
Urea,C15H28N2O5,997.15,9.36,696.039,Lipid
Ethanol,C20H36N1O0,630.42,12.82,572.826,Nucleotide
Adrenaline,C14H22N4O2,811.84,7.06,289.409,Nucleotide
Aspirin,C12H39N1O6,832.24,10.0,594.042,Lipid
Cholesterol,C3H22N0O1,768.33,3.27,829.292,Amide
Cholesterol,C3H11N0O8,997.76,2.35,966.097,Alkaloid
Adenosine triphosphate,C12H33N0O2,172.25,12.44,243.572,Neurotransmitter
Adrenaline,C12H22N1O5,712.75,10.62,684.704,Alcohol
Adrenaline,C17H17N5O8,351.16,3.59,39.454,Hormone
Ethanol,C8H22N4O0,651.99,7.27,751.069,Carbohydrate
Adenosine triphosphate,C14H28N2O3,270.89,7.83,667.235,Alcohol
Adrenaline,C10H14N0O4,568.59,11.45,987.724,Lipid
Cholesterol,C1H21N0O3,893.33,5.53,902.179,Nucleotide
Aspirin,C11H36N2O2,582.19,11.16,590.826,Carbohydrate
Adenosine triphosphate,C13H13N5O8,797.42,8.54,368.913,Hormone
Aspirin,C10H6N1O0,266.05,4.54,884.287,Hormone
Glucose,C15H2N2O0,490.89,5.85,927.716,Neurotransmitter
Adenosine triphosphate,C6H20N1O1,670.7,2.87,68.655,Neurotransmitter
Dopamine,C16H21N3O8,76.7,N/A,906.605,Lipid
Urea,C14H23N3O3,232.42,10.36,685.736,Amide
Ethanol,C3H9N3O9,435.68,9.72,806.718,Carbohydrate
Adrenaline,C14H17N4O10,932.11,5.47,541.573,Amide
Glucose,C14H18N3O9,943.49,12.82,580.747,Amide
Dopamine,C6H10N5O7,116.65,N/A,822.563,Neurotransmitter
Dopamine,C6H18N1O0,859.31,11.51,754.151,Alkaloid
Serotonin,C1H17N3O9,900.4,8.8,667.973,Lipid
Aspirin,C4H18N5O1,640.22,2.04,381.313,Nucleotide
Dopamine,C6H9N4O9,540.46,N/A,503.619,Amide
Aspirin,C14H40N5O7,876.44,N/A,312.052,Amide
Adrenaline,C16H19N3O8,349.32,5.37,439.753,Amide
Adenosine triphosphate,C6H5N3O8,534.9,13.35,879.27,Lipid
Urea,C10H1N4O3,595.91,9.11,248.664,Alcohol
Adenosine triphosphate,C5H26N5O7,420.85,N/A,784.948,Nucleotide
Caffeine,C18H33N0O5,233.3,2.09,715.197,Nucleotide
Serotonin,C19H3N0O8,385.97,1.79,230.617,Neurotransmitter
Adenosine triphosphate,C15H20N5O6,344.5,1.02,531.075,Alkaloid
Urea,C4H35N5O0,209.6,3.59,788.547,Alkaloid
Dopamine,C18H20N3O1,196.48,10.73,639.422,Neurotransmitter
Serotonin,C14H34N1O3,878.7,8.52,626.643,Hormone
Adenosine triphosphate,C13H26N5O7,85.16,4.33,84.868,Organic Compound
Ethanol,C14H8N0O1,226.37,7.5,375.523,Neurotransmitter
Glucose,C3H5N1O6,652.67,8.49,260.323,Amide
Cholesterol,C13H29N4O0,314.42,7.8,84.495,Nucleotide
Urea,C18H13N0O5,598.62,1.98,127.017,Alkaloid
Cholesterol,C9H34N2O6,595.13,5.95,876.701,Amide
Dopamine,C12H6N4O5,730.45,N/A,281.03,Carbohydrate
Ethanol,C16H37N2O6,325.69,11.71,832.903,Lipid
Aspirin,C2H37N0O1,185.99,13.74,610.121,Hormone
Glucose,C14H30N1O9,815.06,11.75,599.15,Nucleotide
Adrenaline,C8H21N0O2,644.46,13.68,164.49,Alcohol
Glucose,C7H27N1O10,506.59,3.84,532.131,Lipid
Cholesterol,C5H28N2O7,443.7,7.83,687.797,Alcohol
Urea,C11H21N5O4,344.86,11.7,614.313,Hormone
Ethanol,C8H20N1O2,565.89,7.9,387.197,Organic Compound
Ethanol,C4H38N2O0,582.32,3.44,754.963,Lipid
Aspirin,C11H7N1O7,116.12,2.63,898.24,Organic Compound
Glucose,C4H3N3O8,222.31,7.04,4.35,Hormone
Adrenaline,C5H40N2O4,886.35,11.43,903.098,Nucleotide
Urea,C10H8N4O2,737.11,2.68,660.976,Amide
Serotonin,C12H6N2O6,885.9,8.93,418.548,Alcohol
Adenosine triphosphate,C19H4N5O6,985.99,1.48,654.127,Nucleotide
Caffeine,C13H16N1O10,730.05,5.3,660.295,Alcohol
Urea,C6H15N0O10,97.48,13.56,394.176,Alkaloid
Urea,C12H33N4O7,208.86,N/A,220.572,Hormone
Dopamine,C11H9N2O10,223.96,N/A,233.556,Lipid
Dopamine,C3H16N4O6,417.45,N/A,16.948,Carbohydrate
Adenosine triphosphate,C9H26N1O9,151.36,7.35,511.911,Alkaloid
Cholesterol,C20H24N2O3,715.52,8.13,772.715,Amide
Adenosine triphosphate,C5H2N5O5,785.19,2.66,868.525,Nucleotide
Urea,C20H36N5O1,362.69,13.87,826.67,Lipid
Ethanol,C5H9N0O4,315.83,5.31,817.607,Amide
Glucose,C6H31N5O1,879.7,7.3,65.767,Nucleotide
Urea,C12H2N0O3,873.45,1.85,385.826,Alkaloid
Cholesterol,C3H10N0O10,188.65,4.84,910.322,Amide
Ethanol,C13H6N0O7,951.09,2.35,802.464,Hormone
Dopamine,C7H31N1O5,366.35,2.78,478.929,Alkaloid
Adenosine triphosphate,C6H16N4O4,454.2,2.8,379.784,Amide
Dopamine,C1H4N2O4,502.84,1.16,225.636,Neurotransmitter
Caffeine,C1H33N3O4,477.06,3.68,363.834,Carbohydrate
Glucose,C10H5N1O7,463.64,5.3,106.193,Alkaloid
Glucose,C14H33N1O7,935.83,8.41,40.427,Nucleotide
Dopamine,C14H2N2O6,565.05,11.32,407.947,Lipid
Urea,C19H23N5O4,83.75,1.87,36.04,Alkaloid
Adenosine triphosphate,C15H39N5O9,889.56,9.55,135.495,Organic Compound
Glucose,C17H10N0O9,676.82,13.48,354.263,Lipid
Serotonin,C19H1N5O10,926.41,2.44,865.968,Amide
Caffeine,C10H31N3O4,122.46,6.69,146.806,Carbohydrate
Adenosine triphosphate,C17H7N4O5,468.38,7.99,406.234,Amide
Caffeine,C9H21N5O0,293.47,12.21,21.948,Carbohydrate
Cholesterol,C20H35N0O0,338.79,N/A,735.419,Alcohol
Glucose,C18H26N3O3,722.73,5.27,482.301,Alcohol
Glucose,C5H17N4O7,515.63,8.03,510.958,Alkaloid
Adenosine triphosphate,C16H28N0O1,991.84,N/A,176.637,Carbohydrate
Aspirin,C17H7N1O2,584.05,N/A,979.215,Carbohydrate
Dopamine,C1H33N5O0,127.0,12.71,649.59,Carbohydrate
Adenosine triphosphate,C20H11N5O9,376.62,1.79,476.002,Alcohol
Caffeine,C5H38N5O8,88.92,4.21,656.149,Nucleotide
Caffeine,C12H2N1O4,261.32,6.41,223.681,Lipid
Cholesterol,C12H22N5O4,319.51,4.84,449.002,Lipid
Ethanol,C10H37N5O1,514.77,10.67,171.244,Organic Compound
Cholesterol,C3H36N5O8,226.41,10.12,599.851,Nucleotide
Ethanol,C17H18N4O0,104.33,1.23,989.099,Organic Compound
Cholesterol,C13H18N0O5,143.49,5.68,183.299,Amide
Adrenaline,C20H40N5O8,425.66,6.13,531.406,Alcohol
Aspirin,C3H32N0O8,941.88,1.79,706.47,Nucleotide
Ethanol,C15H9N4O4,464.26,2.46,951.823,Alcohol
Cholesterol,C20H1N5O8,607.98,N/A,479.4,Hormone
Urea,C12H3N3O9,157.41,9.48,995.65,Organic Compound
Dopamine,C6H20N0O2,303.02,N/A,582.561,Nucleotide
Dopamine,C6H32N3O9,305.32,9.23,517.648,Lipid
Aspirin,C17H1N3O8,735.88,1.63,40.372,Alkaloid
Urea,C11H9N4O3,853.22,N/A,378.135,Neurotransmitter
Dopamine,C7H40N0O1,237.44,13.01,390.775,Lipid
Cholesterol,C7H30N1O7,741.37,2.44,282.023,Alkaloid
Glucose,C19H10N5O7,277.43,9.1,729.659,Alcohol
Adenosine triphosphate,C20H34N0O7,530.04,7.07,122.975,Nucleotide
Aspirin,C3H4N0O1,650.69,8.29,694.16,Hormone
Caffeine,C12H40N1O4,859.94,8.08,608.928,Alkaloid
Ethanol,C2H8N3O7,758.01,11.38,270.636,Lipid
Aspirin,C1H2N2O3,375.78,9.01,434.251,Neurotransmitter
Glucose,C20H19N1O2,902.82,13.69,588.32,Alcohol
Aspirin,C17H10N3O9,885.6,10.17,338.29,Organic Compound
Adrenaline,C7H15N4O1,364.45,11.23,294.791,Amide
Adrenaline,C8H37N2O4,497.03,10.16,524.032,Neurotransmitter
Caffeine,C18H19N4O4,735.11,13.61,197.547,Carbohydrate
Urea,C11H29N0O4,802.93,12.64,343.061,Carbohydrate
Cholesterol,C3H4N4O10,510.34,12.81,724.872,Nucleotide
Dopamine,C5H9N4O0,707.17,13.97,721.439,Amide
Cholesterol,C15H12N4O3,119.96,12.63,6.961,Organic Compound
Urea,C12H7N1O6,420.87,2.38,430.681,Organic Compound
Glucose,C15H21N3O9,316.4,9.2,3.69,Lipid
Adrenaline,C17H40N4O4,343.51,7.64,980.678,Alkaloid
Cholesterol,C10H14N0O10,432.9,N/A,585.616,Nucleotide
Dopamine,C6H23N4O2,622.44,3.84,87.823,Organic Compound
Adenosine triphosphate,C10H6N0O4,367.84,N/A,829.192,Organic Compound
Dopamine,C15H34N5O6,972.91,7.15,637.682,Hormone
Urea,C4H13N0O5,318.26,5.53,436.299,Alkaloid
Ethanol,C13H4N3O9,100.76,7.08,653.93,Hormone
Aspirin,C8H40N5O2,160.57,8.38,27.578,Organic Compound
Adenosine triphosphate,C14H36N4O0,683.14,10.34,874.444,Lipid
Aspirin,C1H12N0O8,517.13,8.52,582.436,Lipid
Urea,C20H23N2O2,152.69,10.23,138.05,Organic Compound
Adenosine triphosphate,C16H39N5O7,606.09,N/A,431.683,Neurotransmitter
Glucose,C10H7N5O2,948.78,N/A,847.937,Nucleotide
Aspirin,C20H17N2O1,964.79,8.52,644.787,Amide
Caffeine,C16H11N2O3,821.79,12.49,382.38,Hormone
Urea,C3H27N1O8,344.82,11.1,159.602,Amide
Serotonin,C14H22N4O8,899.89,13.73,856.164,Organic Compound
Adrenaline,C3H19N1O3,474.22,N/A,913.756,Organic Compound
Glucose,C4H30N0O3,291.87,N/A,818.134,Alcohol
Urea,C5H36N3O5,134.94,2.66,28.929,Neurotransmitter
Glucose,C7H29N0O2,393.51,2.92,541.181,Amide
Dopamine,C6H13N4O7,92.33,5.79,556.776,Nucleotide
Urea,C4H18N1O0,62.0,7.69,837.411,Alcohol
Adenosine triphosphate,C2H26N4O0,710.77,8.37,535.739,Neurotransmitter
Adrenaline,C11H29N5O10,79.29,5.88,716.983,Organic Compound
Ethanol,C8H16N4O3,54.52,1.77,941.974,Neurotransmitter
Adenosine triphosphate,C7H31N3O10,618.26,11.11,255.923,Lipid
Ethanol,C10H20N3O10,644.53,7.29,124.215,Carbohydrate
Aspirin,C20H27N1O3,393.88,11.73,227.486,Alcohol
Caffeine,C13H14N0O7,577.86,N/A,978.979,Neurotransmitter
Aspirin,C15H19N2O3,192.93,8.93,415.968,Neurotransmitter
Glucose,C17H1N4O9,964.89,N/A,90.667,Amide
Ethanol,C19H21N3O6,227.86,6.44,178.561,Lipid
Adenosine triphosphate,C2H31N5O7,486.87,2.05,807.678,Hormone
Caffeine,C20H40N1O4,561.25,9.17,824.25,Alcohol
Dopamine,C1H34N2O9,164.01,4.54,328.224,Alkaloid
Ethanol,C15H16N5O2,259.82,6.78,433.271,Amide
Cholesterol,C15H20N3O2,86.19,4.48,442.076,Organic Compound
Dopamine,C8H28N4O9,793.16,10.23,336.344,Lipid
Cholesterol,C4H22N0O5,193.92,5.93,812.833,Hormone
Dopamine,C11H24N1O8,999.21,12.7,225.316,Alkaloid
Cholesterol,C13H15N1O10,305.46,5.44,702.724,Amide
Serotonin,C19H28N1O2,224.99,8.38,399.3,Alkaloid
Glucose,C18H32N1O6,249.4,10.73,892.908,Amide
Adenosine triphosphate,C10H39N0O7,706.37,5.14,292.143,Alkaloid
Ethanol,C16H10N4O6,923.91,N/A,600.436,Neurotransmitter
Cholesterol,C4H24N0O9,73.23,2.65,115.239,Lipid
Adenosine triphosphate,C11H32N1O0,313.63,4.8,993.564,Alcohol
Serotonin,C3H9N0O9,589.34,12.93,649.242,Lipid
Cholesterol,C4H18N0O4,66.83,8.69,357.433,Carbohydrate
Glucose,C10H21N0O4,600.13,10.46,765.254,Neurotransmitter
Dopamine,C15H7N1O7,661.34,N/A,554.558,Amide
Ethanol,C3H30N0O8,576.95,12.7,188.682,Alkaloid
Caffeine,C11H7N3O2,693.3,9.81,710.719,Carbohydrate
Serotonin,C12H35N3O9,594.94,12.37,864.392,Alkaloid
Adenosine triphosphate,C13H3N1O0,807.7,10.56,456.273,Nucleotide
Cholesterol,C18H11N4O4,980.67,11.78,338.571,Alcohol
Urea,C7H29N4O6,238.5,12.52,357.502,Alcohol
Serotonin,C11H1N4O8,912.18,6.91,593.409,Alkaloid
Adenosine triphosphate,C1H33N0O3,690.44,13.37,868.195,Neurotransmitter
Aspirin,C17H4N4O1,313.35,10.03,770.482,Lipid
Ethanol,C9H8N5O7,124.33,8.13,982.102,Alcohol
Aspirin,C7H9N4O1,291.74,6.32,989.701,Hormone
Adenosine triphosphate,C19H39N5O5,608.72,7.57,962.154,Nucleotide
Glucose,C15H4N1O3,413.93,4.3,185.653,Neurotransmitter
Dopamine,C6H1N0O5,257.2,2.8,657.735,Lipid
Aspirin,C14H26N0O8,820.2,10.45,118.473,Lipid
Glucose,C7H2N1O8,921.39,6.29,814.145,Lipid
Urea,C13H35N1O5,589.78,9.23,738.743,Alkaloid
Urea,C20H28N3O8,547.71,10.39,633.636,Neurotransmitter
Caffeine,C12H35N3O7,516.72,7.56,608.915,Hormone
Urea,C18H17N4O2,108.11,N/A,557.711,Amide
Urea,C14H11N3O2,646.89,2.86,241.337,Alcohol
Ethanol,C1H16N0O5,375.48,4.35,975.155,Organic Compound
Aspirin,C17H39N4O5,420.26,9.61,814.026,Nucleotide
Caffeine,C4H11N3O1,868.42,10.34,150.771,Carbohydrate
Ethanol,C20H2N2O1,466.09,6.27,207.01,Nucleotide
Glucose,C18H14N5O4,617.01,8.26,225.338,Carbohydrate
Ethanol,C5H3N4O2,761.81,N/A,61.946,Carbohydrate
Dopamine,C3H29N0O0,675.85,8.85,246.904,Nucleotide
Urea,C10H7N5O2,906.59,1.34,197.733,Alkaloid
Serotonin,C10H28N4O1,136.39,N/A,992.799,Neurotransmitter
Caffeine,C19H38N0O5,507.53,5.76,268.355,Lipid
Ethanol,C16H31N0O4,100.49,9.15,922.982,Organic Compound
Cholesterol,C3H1N2O5,244.5,6.88,750.573,Neurotransmitter
Dopamine,C18H38N2O0,407.2,N/A,169.898,Alcohol
Caffeine,C14H2N5O9,867.89,3.59,208.15,Alcohol
Adrenaline,C8H15N4O3,734.18,N/A,683.448,Neurotransmitter
Caffeine,C8H7N3O6,449.5,N/A,12.836,Neurotransmitter
Adenosine triphosphate,C12H28N2O5,942.54,7.2,108.695,Carbohydrate
Caffeine,C3H33N2O4,175.31,4.66,497.741,Amide
Urea,C12H1N5O0,196.47,N/A,980.508,Lipid
Ethanol,C19H27N5O1,541.52,11.94,909.346,Organic Compound
Dopamine,C11H30N3O3,618.8,5.42,700.176,Amide
Adrenaline,C8H20N3O8,609.75,7.54,208.539,Amide
Adenosine triphosphate,C11H6N1O5,89.73,13.19,173.153,Lipid
Caffeine,C9H11N4O1,952.69,1.45,783.547,Hormone
Caffeine,C5H21N1O2,533.32,10.54,102.932,Neurotransmitter
Urea,C3H31N2O7,994.92,10.08,396.291,Alkaloid
Urea,C4H30N3O8,833.41,5.87,711.299,Alkaloid
Adrenaline,C4H36N5O4,88.59,9.44,174.68,Carbohydrate
Aspirin,C9H22N5O5,769.37,N/A,928.427,Organic Compound
Adrenaline,C7H4N5O9,935.74,10.75,795.49,Hormone
Dopamine,C16H2N1O4,632.9,3.09,49.803,Lipid
Dopamine,C6H2N4O9,108.91,5.56,544.387,Neurotransmitter
Dopamine,C11H25N3O3,535.97,6.35,72.362,Amide
Serotonin,C17H13N1O5,666.4,1.36,36.51,Alcohol
Cholesterol,C11H25N0O3,566.15,7.82,590.561,Nucleotide
Caffeine,C7H24N2O0,232.51,N/A,678.339,Carbohydrate
Dopamine,C4H27N1O4,250.78,10.4,420.807,Organic Compound
Aspirin,C17H16N0O0,300.03,3.44,59.971,Alkaloid
Caffeine,C15H38N3O1,512.94,N/A,870.964,Amide
Cholesterol,C5H29N5O2,55.77,10.27,648.65,Nucleotide
Serotonin,C20H39N3O9,869.68,1.29,224.662,Nucleotide
Cholesterol,C20H15N0O2,284.45,2.55,152.083,Amide
Serotonin,C16H8N1O8,973.16,5.79,161.781,Carbohydrate
Urea,C16H12N2O9,210.75,9.53,822.81,Neurotransmitter
Ethanol,C1H33N2O7,330.78,8.65,257.242,Neurotransmitter
Ethanol,C1H21N5O0,710.92,7.3,75.71,Organic Compound
Adrenaline,C20H12N2O10,353.0,10.42,162.176,Hormone
Serotonin,C16H7N5O6,872.38,N/A,293.343,Alkaloid
Urea,C17H29N5O10,378.88,2.15,219.648,Amide
Adrenaline,C15H17N1O0,318.32,6.16,545.492,Carbohydrate
Glucose,C12H39N5O4,263.48,7.34,890.807,Alcohol
Adenosine triphosphate,C19H32N4O8,885.93,N/A,61.442,Hormone
Adenosine triphosphate,C14H37N2O4,982.19,13.36,540.871,Lipid
Serotonin,C11H31N5O0,626.77,9.61,117.592,Alkaloid
Cholesterol,C5H6N4O2,480.72,9.03,64.778,Neurotransmitter
Aspirin,C1H31N2O1,213.03,2.91,22.734,Organic Compound
Cholesterol,C12H31N4O8,926.02,10.6,935.609,Alcohol
Serotonin,C18H19N3O9,820.17,10.82,780.994,Hormone
Serotonin,C6H27N4O4,704.08,11.17,463.179,Alcohol
Caffeine,C5H12N3O3,917.55,1.51,591.436,Hormone
Ethanol,C9H37N1O8,294.37,11.67,870.014,Organic Compound
Serotonin,C11H13N3O3,553.69,N/A,651.441,Hormone
Urea,C4H12N5O8,127.93,2.07,198.214,Alkaloid
Glucose,C16H5N3O1,54.93,4.61,697.686,Alcohol
Dopamine,C1H14N4O7,172.81,N/A,703.524,Alcohol
Adrenaline,C19H18N3O4,988.04,N/A,539.452,Lipid
Ethanol,C12H12N4O4,657.08,N/A,976.722,Lipid
Ethanol,C17H34N3O2,116.04,N/A,722.502,Carbohydrate
Adrenaline,C6H8N2O0,966.05,13.05,793.558,Lipid
Glucose,C20H19N3O8,626.1,1.34,241.548,Alkaloid
Adrenaline,C14H7N1O7,280.35,3.35,673.11,Organic Compound
Glucose,C18H23N5O4,406.0,2.47,499.678,Carbohydrate
Glucose,C14H34N1O6,344.03,N/A,958.665,Neurotransmitter
Adrenaline,C6H34N1O4,302.24,3.78,148.63,Amide
Glucose,C10H11N3O9,700.11,1.96,179.066,Nucleotide
Adrenaline,C2H6N4O7,747.05,8.73,287.021,Alkaloid
Serotonin,C13H14N1O5,112.55,6.12,83.095,Lipid
Glucose,C13H16N2O10,771.88,8.85,379.274,Lipid
Cholesterol,C3H37N5O7,838.95,3.36,411.628,Amide
Glucose,C16H26N4O2,729.46,13.98,158.642,Organic Compound
Caffeine,C18H30N5O3,573.05,1.24,430.347,Lipid
Adenosine triphosphate,C14H14N1O5,834.48,N/A,320.379,Hormone
Adenosine triphosphate,C8H7N0O3,813.77,3.56,912.284,Carbohydrate
Aspirin,C18H25N4O4,740.25,10.7,780.548,Neurotransmitter
Serotonin,C1H37N2O0,80.79,12.76,8.805,Alkaloid
Serotonin,C15H20N2O9,807.04,N/A,45.778,Amide
Glucose,C20H4N1O3,915.95,12.11,343.081,Alcohol
Caffeine,C18H22N5O8,261.0,11.34,462.623,Lipid
Adrenaline,C15H10N3O3,878.92,11.75,471.579,Carbohydrate
Adenosine triphosphate,C17H19N2O1,322.7,N/A,91.14,Nucleotide
Urea,C2H5N4O6,688.93,9.51,152.651,Alkaloid
Urea,C2H33N4O7,336.74,10.44,48.128,Alkaloid
Adrenaline,C14H7N2O9,850.49,N/A,315.679,Amide
Cholesterol,C17H3N1O3,262.96,10.23,284.244,Neurotransmitter
Glucose,C4H23N5O10,582.08,N/A,411.608,Carbohydrate
Adrenaline,C11H37N2O8,308.64,N/A,528.78,Hormone
Aspirin,C10H14N2O1,273.77,3.6,335.941,Amide
Serotonin,C18H28N0O6,723.08,13.29,79.362,Lipid
Adenosine triphosphate,C13H38N5O5,455.2,1.3,856.309,Organic Compound
Serotonin,C19H18N1O1,778.87,3.56,100.615,Amide
Dopamine,C6H8N5O4,425.06,4.55,482.205,Amide
Cholesterol,C20H32N0O9,153.03,5.19,274.282,Organic Compound
Cholesterol,C15H28N4O1,108.67,6.24,413.695,Nucleotide
Dopamine,C16H14N0O3,992.94,9.98,107.665,Nucleotide
Serotonin,C4H21N5O7,623.67,13.05,954.559,Carbohydrate
Serotonin,C18H5N1O1,917.84,N/A,887.457,Hormone
Aspirin,C12H31N5O9,271.66,5.97,432.911,Lipid
Serotonin,C8H35N4O6,989.96,6.63,183.896,Organic Compound
Glucose,C3H40N5O0,404.5,N/A,549.384,Hormone
Ethanol,C12H17N2O0,762.51,13.3,982.628,Neurotransmitter
Glucose,C8H27N1O7,405.3,5.28,919.624,Lipid
Adenosine triphosphate,C8H32N0O5,685.86,N/A,930.381,Nucleotide
Urea,C2H30N2O7,178.72,8.81,427.908,Hormone
Serotonin,C15H34N1O7,301.23,4.56,585.356,Alcohol
Ethanol,C19H27N4O4,734.89,13.54,76.88,Hormone
Aspirin,C12H15N2O3,341.95,3.4,655.873,Lipid
Cholesterol,C16H21N0O5,721.65,3.88,612.833,Neurotransmitter
Serotonin,C14H1N3O5,992.25,8.14,751.152,Lipid
Urea,C20H25N3O4,952.86,7.96,817.044,Lipid
Urea,C3H7N1O9,599.28,3.44,141.704,Organic Compound
Glucose,C8H17N3O1,677.97,10.79,792.706,Alcohol
Cholesterol,C13H27N5O7,203.5,N/A,326.246,Nucleotide
Dopamine,C18H7N2O8,156.64,1.23,667.854,Lipid
Ethanol,C17H21N3O3,781.78,2.59,890.747,Nucleotide
Adrenaline,C9H30N5O5,699.04,N/A,874.238,Hormone
Urea,C10H5N2O0,879.96,11.34,666.735,Hormone
Adenosine triphosphate,C19H12N5O8,997.88,6.41,181.319,Nucleotide
Caffeine,C13H5N3O4,789.04,13.35,777.911,Organic Compound
Glucose,C11H2N4O4,227.91,7.5,372.61,Amide
Ethanol,C2H19N1O0,511.56,4.2,5.979,Nucleotide
Aspirin,C13H33N0O6,958.62,N/A,116.049,Neurotransmitter
Caffeine,C19H3N4O7,319.5,12.23,844.609,Alkaloid
Aspirin,C6H25N1O2,396.06,N/A,222.138,Neurotransmitter
Dopamine,C6H2N1O4,656.06,8.23,49.092,Hormone
Aspirin,C4H23N5O2,857.68,10.77,228.216,Alkaloid
Glucose,C10H25N4O3,798.3,12.72,605.907,Carbohydrate
Glucose,C12H26N4O2,747.12,N/A,411.331,Amide
Glucose,C20H5N0O0,676.5,10.49,888.941,Alkaloid
Urea,C15H28N3O6,690.38,2.02,515.565,Neurotransmitter
Adrenaline,C5H27N1O8,426.19,6.74,469.727,Alcohol
Cholesterol,C16H33N0O7,455.72,10.0,808.964,Organic Compound
Dopamine,C12H34N3O2,263.67,7.8,896.68,Nucleotide
Aspirin,C16H11N5O10,151.78,4.53,388.817,Neurotransmitter
Urea,C15H17N4O7,246.65,1.5,78.142,Alcohol
Glucose,C5H40N2O3,726.08,1.64,134.813,Hormone
Aspirin,C12H26N4O4,174.46,7.35,798.391,Organic Compound
Aspirin,C1H5N3O10,318.74,10.57,330.434,Nucleotide
Dopamine,C8H12N3O6,389.8,6.11,995.49,Alkaloid
Cholesterol,C7H2N0O6,217.78,2.06,651.176,Carbohydrate
Cholesterol,C3H6N3O1,235.7,N/A,131.481,Organic Compound
Caffeine,C1H15N0O1,512.38,N/A,981.662,Carbohydrate
Ethanol,C5H28N1O8,181.65,2.02,268.795,Alcohol
Adenosine triphosphate,C17H39N2O3,173.9,4.25,596.442,Carbohydrate
Urea,C4H40N5O10,852.98,8.75,533.763,Neurotransmitter
Glucose,C14H34N3O8,343.18,7.69,825.928,Amide
Caffeine,C10H28N1O8,833.15,9.1,470.591,Carbohydrate
Dopamine,C5H16N1O4,311.68,8.22,760.326,Nucleotide
Caffeine,C3H6N2O2,578.83,N/A,194.147,Amide
Adrenaline,C15H36N0O2,553.95,8.63,763.5,Carbohydrate
Adrenaline,C2H12N4O7,444.55,8.05,923.469,Alcohol
Dopamine,C15H5N2O10,407.17,7.52,386.75,Amide
Aspirin,C19H11N4O0,991.81,3.97,498.391,Hormone
Caffeine,C6H4N1O10,988.91,N/A,508.206,Alkaloid
Glucose,C3H19N5O6,522.68,7.84,840.638,Neurotransmitter
Adrenaline,C3H7N4O2,442.65,8.95,549.491,Amide
Urea,C16H24N1O3,234.27,4.39,970.661,Carbohydrate
Urea,C2H2N0O8,613.45,6.83,843.715,Amide
Glucose,C10H26N0O5,291.93,5.83,94.861,Hormone
Ethanol,C6H4N1O10,719.28,N/A,996.671,Lipid
Glucose,C4H30N3O2,945.74,6.47,628.754,Nucleotide
Ethanol,C16H32N2O3,772.54,11.28,891.529,Hormone
Glucose,C5H25N3O8,52.71,1.46,519.595,Carbohydrate
Glucose,C14H36N1O0,849.61,1.39,171.297,Nucleotide
Caffeine,C11H35N3O5,515.78,N/A,497.209,Carbohydrate
Glucose,C14H24N4O1,985.64,N/A,216.461,Carbohydrate
Adrenaline,C14H34N2O1,220.3,N/A,831.466,Amide
Adenosine triphosphate,C4H35N5O8,449.63,7.66,462.515,Carbohydrate
Urea,C8H23N1O8,541.27,1.44,177.317,Alkaloid
Ethanol,C15H17N5O0,935.15,4.57,612.167,Organic Compound
Caffeine,C13H33N1O2,925.18,13.8,628.65,Amide
Glucose,C17H37N3O5,667.52,1.99,918.059,Carbohydrate
Dopamine,C8H3N4O4,728.8,4.07,171.967,Hormone
Adenosine triphosphate,C5H29N0O4,965.88,13.7,224.074,Organic Compound
Adenosine triphosphate,C8H12N1O10,350.08,11.78,978.779,Alcohol
Caffeine,C19H22N5O6,840.03,13.75,569.346,Carbohydrate
Adrenaline,C18H15N0O1,542.59,6.95,446.29,Alkaloid
Serotonin,C16H25N1O9,614.83,4.45,133.023,Organic Compound
Ethanol,C17H36N5O1,117.36,6.68,176.463,Alcohol
Cholesterol,C2H17N2O3,849.51,10.07,851.284,Organic Compound
Aspirin,C15H9N5O7,458.75,4.12,829.577,Nucleotide
Cholesterol,C10H10N1O10,296.33,1.94,863.96,Neurotransmitter
Urea,C6H40N1O0,510.27,13.67,314.631,Carbohydrate
Serotonin,C6H4N2O0,657.81,12.16,274.136,Carbohydrate
Ethanol,C8H30N2O9,639.17,12.99,816.469,Organic Compound
Glucose,C13H29N4O6,908.18,4.52,4.926,Alcohol
Caffeine,C20H32N1O10,931.75,N/A,253.953,Lipid
Cholesterol,C2H2N4O6,516.0,2.83,842.495,Nucleotide
Adenosine triphosphate,C13H31N2O1,720.61,6.17,847.638,Nucleotide
Adrenaline,C4H28N4O6,610.43,2.17,756.683,Carbohydrate
Serotonin,C19H24N2O7,649.69,2.92,431.727,Carbohydrate
Caffeine,C15H31N3O3,394.52,N/A,167.16,Neurotransmitter
Adenosine triphosphate,C2H23N2O1,205.94,14.0,589.886,Nucleotide
Aspirin,C5H34N3O8,300.5,7.99,759.176,Organic Compound
Dopamine,C2H21N4O8,52.0,12.51,19.692,Neurotransmitter
Aspirin,C20H36N3O9,869.22,4.82,122.892,Alcohol
Cholesterol,C2H10N4O6,53.2,12.8,803.727,Nucleotide
Dopamine,C20H24N0O2,886.46,N/A,441.281,Nucleotide
Caffeine,C10H6N1O3,838.95,7.64,82.07,Lipid
Urea,C4H32N2O7,170.22,6.22,977.23,Organic Compound
Caffeine,C20H6N0O10,914.07,1.72,458.51,Lipid
Adrenaline,C15H22N2O10,481.36,N/A,929.323,Alcohol
Ethanol,C20H32N4O8,550.3,13.67,515.22,Nucleotide
Aspirin,C12H7N0O7,213.61,9.52,361.614,Organic Compound
Cholesterol,C11H7N4O10,626.53,2.02,933.053,Nucleotide
Ethanol,C20H36N2O5,435.63,4.05,170.596,Hormone
Dopamine,C10H38N3O1,246.08,4.85,48.472,Nucleotide
Aspirin,C16H11N4O6,553.53,8.2,141.512,Organic Compound
Adrenaline,C20H27N5O8,128.54,N/A,633.776,Alkaloid
Ethanol,C1H13N2O1,534.75,N/A,592.183,Organic Compound
Adrenaline,C4H4N5O7,503.66,6.27,963.29,Nucleotide
Glucose,C4H37N0O0,54.75,11.69,461.49,Hormone
Caffeine,C20H20N4O2,510.95,10.86,564.311,Amide
Dopamine,C4H18N4O10,713.16,N/A,69.677,Neurotransmitter
Ethanol,C12H36N2O4,346.01,3.49,467.644,Neurotransmitter
Adrenaline,C11H16N1O10,561.45,10.45,471.625,Alkaloid
Adenosine triphosphate,C1H31N0O0,951.93,11.3,516.214,Organic Compound
Caffeine,C12H27N3O10,311.96,12.37,151.111,Alkaloid
Cholesterol,C6H12N3O9,222.85,10.13,799.317,Alkaloid
Urea,C19H20N5O1,195.05,N/A,441.355,Organic Compound
Glucose,C13H32N2O8,518.27,1.44,962.414,Carbohydrate
Adenosine triphosphate,C6H13N0O1,763.06,7.1,878.143,Organic Compound
Dopamine,C17H15N4O0,361.07,12.17,414.534,Alcohol
Ethanol,C20H37N1O8,602.79,N/A,87.983,Neurotransmitter
Caffeine,C20H2N5O5,985.74,2.95,79.432,Hormone
Aspirin,C4H36N2O2,326.65,N/A,26.367,Nucleotide
Caffeine,C16H2N0O7,399.06,6.2,316.915,Neurotransmitter
Adenosine triphosphate,C6H30N2O3,587.2,N/A,984.285,Hormone
Adenosine triphosphate,C15H22N1O4,446.51,10.32,430.706,Hormone
Aspirin,C10H12N3O9,845.74,2.06,434.773,Hormone
Ethanol,C8H36N0O3,367.53,1.51,834.662,Alkaloid
Aspirin,C5H18N2O10,826.48,12.27,220.783,Alcohol
Adrenaline,C12H27N4O9,596.29,12.25,840.996,Amide
Glucose,C17H36N1O9,852.84,11.76,53.488,Alcohol
Aspirin,C4H11N4O10,161.02,12.4,697.376,Organic Compound
Serotonin,C2H36N3O1,770.38,5.07,437.834,Organic Compound
Caffeine,C13H37N5O3,916.06,13.77,965.54,Alcohol
Glucose,C10H7N2O8,403.88,13.42,338.724,Lipid
Serotonin,C19H40N4O8,408.67,5.65,435.374,Alkaloid
Aspirin,C20H38N5O4,199.27,N/A,269.911,Organic Compound
Dopamine,C14H26N5O6,746.17,3.96,253.049,Neurotransmitter
Ethanol,C17H34N0O10,436.16,10.82,88.98,Neurotransmitter
Dopamine,C9H40N0O9,120.88,4.12,982.451,Neurotransmitter
Adenosine triphosphate,C2H11N1O10,996.19,4.44,831.919,Amide
Ethanol,C13H37N0O1,771.99,N/A,67.918,Lipid
Caffeine,C1H31N0O4,813.66,13.0,352.338,Alcohol
Aspirin,C19H16N1O0,727.34,13.48,240.267,Organic Compound
Serotonin,C16H18N1O9,401.45,5.5,516.483,Alkaloid
Ethanol,C11H7N0O7,596.09,10.0,307.723,Lipid
Cholesterol,C15H33N0O0,67.91,N/A,420.699,Alcohol
Dopamine,C8H38N3O4,918.86,11.12,154.422,Alkaloid
Caffeine,C9H2N5O4,419.15,10.63,563.106,Amide
Glucose,C11H25N5O6,829.67,13.02,406.08,Nucleotide
Serotonin,C18H15N1O5,827.65,4.84,953.796,Alcohol
Serotonin,C10H5N4O5,508.79,13.3,726.232,Alcohol
Ethanol,C5H32N5O1,633.3,N/A,753.41,Hormone
Ethanol,C20H25N4O0,359.68,13.49,932.802,Hormone
Urea,C8H1N3O1,259.65,10.45,717.609,Organic Compound
Ethanol,C7H38N3O0,486.81,10.14,159.118,Hormone
Aspirin,C11H33N4O6,726.44,N/A,340.233,Amide
Cholesterol,C8H37N5O9,839.16,12.14,902.452,Organic Compound
Aspirin,C12H28N1O5,480.69,2.83,75.659,Nucleotide
Caffeine,C5H30N0O0,175.51,12.87,969.416,Carbohydrate
Glucose,C13H27N0O0,88.47,8.46,992.962,Carbohydrate
Adenosine triphosphate,C12H22N3O8,799.76,N/A,782.549,Neurotransmitter
Glucose,C8H22N1O3,747.12,9.63,238.621,Alkaloid
Glucose,C1H39N0O7,581.12,N/A,842.455,Amide
Urea,C7H11N3O4,492.02,13.73,820.706,Lipid
Adenosine triphosphate,C13H3N4O10,999.62,9.59,35.828,Amide
Cholesterol,C10H17N5O4,368.88,8.08,592.502,Neurotransmitter
Glucose,C19H34N5O5,355.1,13.9,178.415,Carbohydrate
Urea,C9H37N4O7,248.88,3.91,742.887,Nucleotide
Adrenaline,C9H16N3O0,803.64,12.04,51.493,Lipid
Dopamine,C10H21N2O9,378.09,3.45,235.405,Carbohydrate
Adenosine triphosphate,C19H4N1O1,590.34,7.37,827.594,Alcohol
Serotonin,C11H4N3O5,363.3,2.93,895.847,Alcohol
Ethanol,C6H11N3O10,253.96,12.29,676.405,Organic Compound
Cholesterol,C4H39N0O1,435.9,4.41,824.121,Alkaloid
Urea,C11H1N3O8,394.67,1.77,809.156,Nucleotide
Cholesterol,C5H12N0O9,300.2,1.13,29.079,Nucleotide
Caffeine,C1H4N5O2,689.76,6.84,378.275,Neurotransmitter
Ethanol,C19H15N2O1,402.06,13.25,646.59,Carbohydrate
Glucose,C20H37N1O1,390.86,8.81,607.462,Carbohydrate
Caffeine,C5H29N0O1,551.72,7.23,349.688,Nucleotide
Urea,C11H12N3O2,488.52,9.02,174.395,Organic Compound
Serotonin,C17H19N0O2,251.84,13.63,131.185,Carbohydrate
Dopamine,C8H26N0O2,611.6,5.19,284.668,Amide
Caffeine,C14H37N3O7,589.37,1.87,6.079,Neurotransmitter
Adrenaline,C1H25N5O7,559.08,N/A,217.152,Hormone
Adenosine triphosphate,C15H34N3O3,846.9,10.57,817.57,Organic Compound
Adrenaline,C6H9N2O6,915.85,2.44,456.063,Alcohol
Serotonin,C9H28N1O4,460.03,N/A,505.218,Alcohol
Dopamine,C15H19N0O2,779.21,10.95,874.041,Amide
Glucose,C16H22N5O1,387.74,7.07,834.001,Hormone
Urea,C19H27N5O8,595.5,N/A,173.043,Organic Compound
Dopamine,C11H32N5O6,796.34,9.32,187.451,Alcohol
Cholesterol,C7H7N5O0,526.0,13.07,887.857,Alcohol
Caffeine,C17H14N4O5,543.92,11.46,849.446,Alkaloid
Caffeine,C16H1N5O9,441.36,5.14,638.061,Alkaloid
Glucose,C11H7N0O0,790.71,3.0,646.567,Nucleotide
Cholesterol,C10H39N3O5,495.97,5.53,997.21,Hormone
Dopamine,C11H2N2O5,182.98,7.92,46.672,Neurotransmitter
Caffeine,C6H22N4O0,958.22,1.09,925.162,Lipid
Dopamine,C16H2N1O3,993.14,6.81,912.831,Carbohydrate
Dopamine,C19H14N5O1,517.13,1.89,167.1,Organic Compound
Urea,C9H5N2O2,194.67,3.53,587.487,Hormone
Caffeine,C12H22N3O5,377.19,4.08,528.814,Carbohydrate
Glucose,C15H36N4O7,297.17,2.91,990.822,Amide
Aspirin,C20H37N3O4,667.58,10.71,728.516,Nucleotide
Urea,C8H38N2O7,323.45,N/A,157.186,Organic Compound
Adrenaline,C8H37N2O5,219.47,N/A,224.934,Alcohol
Ethanol,C16H2N1O2,691.16,6.24,780.936,Lipid
Dopamine,C20H2N3O3,920.95,10.77,901.671,Alkaloid
Urea,C11H37N4O7,469.22,4.28,56.518,Organic Compound
Glucose,C6H26N0O10,260.39,4.78,98.307,Nucleotide
Dopamine,C2H32N0O1,440.41,12.09,313.343,Organic Compound
Caffeine,C17H39N5O9,842.0,6.71,329.502,Organic Compound
Aspirin,C3H28N2O10,457.93,6.7,84.63,Amide
Cholesterol,C18H7N4O2,301.22,N/A,865.216,Nucleotide
Serotonin,C4H22N5O2,817.16,N/A,8.798,Organic Compound
Adenosine triphosphate,C19H33N4O4,81.31,8.75,89.303,Alkaloid
Cholesterol,C11H19N5O1,936.99,5.27,684.917,Organic Compound
Urea,C11H10N1O1,711.41,10.88,70.016,Lipid
Ethanol,C7H29N1O6,78.05,12.57,930.106,Neurotransmitter
Ethanol,C19H21N2O2,673.22,2.73,413.851,Alcohol
Cholesterol,C17H26N2O9,977.9,N/A,29.814,Amide
Cholesterol,C19H28N1O2,261.96,N/A,576.709,Lipid
Cholesterol,C20H27N2O6,80.33,N/A,838.021,Neurotransmitter
Caffeine,C19H24N2O3,797.97,9.55,224.378,Neurotransmitter
Adrenaline,C5H17N4O8,634.27,1.79,259.498,Nucleotide
Dopamine,C11H18N0O1,764.39,10.4,179.384,Nucleotide
Ethanol,C8H5N4O9,77.25,13.74,245.023,Nucleotide
Cholesterol,C2H33N0O1,71.6,2.17,112.263,Alcohol
Aspirin,C18H13N4O4,808.15,7.6,346.753,Alcohol
Ethanol,C19H4N4O2,877.78,11.3,972.179,Alcohol
Caffeine,C2H38N5O5,532.73,12.92,989.903,Organic Compound
Adrenaline,C7H10N4O0,383.95,N/A,23.425,Amide
Adrenaline,C18H18N5O8,55.61,12.73,159.388,Nucleotide
Caffeine,C17H5N3O2,149.4,3.14,424.486,Lipid
Ethanol,C2H35N4O7,722.97,12.34,326.735,Nucleotide
Adenosine triphosphate,C7H40N3O8,377.94,2.92,540.559,Organic Compound
Aspirin,C18H31N4O3,493.65,8.18,837.578,Lipid
Cholesterol,C7H23N3O1,592.75,10.29,772.106,Nucleotide
Adrenaline,C14H15N5O4,693.88,N/A,766.033,Nucleotide
Caffeine,C4H26N4O6,603.62,1.54,830.612,Nucleotide
Urea,C8H11N0O10,188.23,1.26,59.207,Alkaloid
Cholesterol,C17H12N2O0,621.16,N/A,91.493,Organic Compound
Caffeine,C11H34N1O0,475.58,N/A,931.753,Neurotransmitter
Adrenaline,C8H1N3O7,595.8,N/A,4.463,Amide
Ethanol,C11H40N0O5,624.98,12.08,305.452,Alcohol
Cholesterol,C8H13N5O5,771.2,1.19,562.966,Nucleotide
Ethanol,C8H10N1O4,83.21,7.8,899.574,Alkaloid
Adenosine triphosphate,C9H10N0O9,250.27,N/A,480.858,Carbohydrate
Dopamine,C2H17N4O6,706.06,6.4,104.205,Neurotransmitter
Ethanol,C6H28N4O7,642.53,12.76,461.51,Organic Compound
Aspirin,C15H37N3O7,541.61,9.63,561.912,Alcohol
Adrenaline,C2H4N5O8,393.31,13.98,349.049,Nucleotide
Cholesterol,C1H24N4O4,161.47,N/A,309.192,Alkaloid
Adenosine triphosphate,C10H28N2O3,603.81,6.96,49.153,Alcohol
Aspirin,C11H25N1O2,221.64,N/A,546.867,Hormone
Ethanol,C20H25N3O1,560.74,13.2,167.542,Amide
Serotonin,C4H9N0O9,99.18,10.34,684.974,Carbohydrate
Dopamine,C15H2N2O6,284.56,8.65,913.718,Alcohol
Ethanol,C6H36N0O2,931.72,N/A,917.479,Nucleotide
Adrenaline,C14H18N4O7,686.28,10.61,385.733,Organic Compound
Caffeine,C2H24N3O7,118.53,6.16,967.647,Organic Compound
Aspirin,C17H30N3O10,342.67,4.93,923.362,Neurotransmitter
Cholesterol,C4H13N2O10,60.75,11.42,46.697,Carbohydrate
Ethanol,C3H32N4O1,261.8,10.27,884.516,Alkaloid
Dopamine,C19H7N4O6,124.58,N/A,962.176,Lipid
Ethanol,C12H3N5O0,55.31,2.35,187.19,Hormone
Dopamine,C4H9N0O6,538.01,2.18,538.355,Organic Compound
Caffeine,C1H17N3O10,353.3,N/A,30.996,Lipid
Caffeine,C16H22N4O2,718.17,10.38,985.728,Carbohydrate
Cholesterol,C2H10N5O3,836.33,N/A,13.805,Lipid
Urea,C5H3N2O1,200.08,N/A,817.239,Carbohydrate
Caffeine,C17H40N1O10,255.95,11.72,68.112,Amide
Cholesterol,C16H1N0O7,876.96,N/A,460.305,Neurotransmitter
Adrenaline,C8H36N3O7,198.06,N/A,142.152,Neurotransmitter
Adenosine triphosphate,C3H38N3O1,199.61,N/A,376.448,Carbohydrate
Ethanol,C8H40N5O6,912.72,N/A,240.289,Neurotransmitter
Aspirin,C18H36N5O3,856.98,7.33,998.883,Alcohol
Cholesterol,C18H18N1O4,537.83,1.55,529.344,Carbohydrate
Adenosine triphosphate,C2H28N2O1,533.18,7.16,893.248,Organic Compound
Dopamine,C16H2N0O9,602.18,6.78,907.488,Neurotransmitter
Adenosine triphosphate,C13H14N4O7,900.22,3.64,817.909,Hormone
Adrenaline,C17H19N5O7,151.65,6.43,728.874,Nucleotide
Serotonin,C9H15N0O5,712.63,12.8,342.839,Lipid
Cholesterol,C18H2N0O7,912.22,N/A,0.97,Carbohydrate
Urea,C2H29N3O2,305.87,N/A,431.228,Neurotransmitter
Adenosine triphosphate,C14H11N3O2,828.19,8.85,16.977,Nucleotide
Cholesterol,C3H9N0O1,575.22,4.88,998.078,Carbohydrate
Aspirin,C9H19N3O5,966.84,N/A,974.876,Alkaloid
Adenosine triphosphate,C4H4N4O7,868.28,6.67,66.575,Alkaloid
Adrenaline,C3H27N1O6,169.44,N/A,31.653,Nucleotide
Aspirin,C9H29N2O6,384.96,5.92,946.707,Organic Compound
Glucose,C12H25N4O0,528.68,6.94,306.319,Alkaloid
Aspirin,C1H3N4O2,406.21,2.51,923.808,Carbohydrate
Ethanol,C20H5N1O0,721.87,N/A,194.833,Lipid
Adenosine triphosphate,C8H32N0O6,667.03,5.96,813.974,Carbohydrate
Glucose,C9H40N1O6,765.87,3.45,401.994,Lipid
Glucose,C16H1N0O5,746.56,9.79,451.582,Alkaloid
Urea,C18H34N1O2,861.74,12.37,949.981,Hormone
Cholesterol,C18H1N0O7,534.04,N/A,131.956,Organic Compound
Cholesterol,C12H38N1O5,249.58,12.38,613.746,Carbohydrate
Urea,C19H9N5O8,62.25,3.79,175.119,Hormone
Glucose,C8H23N0O3,833.39,4.94,755.875,Organic Compound
Dopamine,C12H25N3O0,361.2,N/A,983.24,Alcohol
Cholesterol,C2H24N5O4,79.28,11.94,910.913,Organic Compound
Adrenaline,C13H12N0O1,792.87,2.34,119.468,Alkaloid
Adrenaline,C7H23N5O10,383.65,N/A,616.936,Carbohydrate
Adrenaline,C4H11N5O8,782.31,N/A,928.772,Hormone
Cholesterol,C5H31N0O5,560.82,3.62,170.653,Alcohol
Aspirin,C6H30N5O2,289.66,11.88,92.639,Alcohol
Urea,C14H30N1O1,238.91,4.55,61.708,Nucleotide
Caffeine,C7H22N1O4,209.91,N/A,372.775,Neurotransmitter
Cholesterol,C20H5N1O7,534.45,N/A,912.444,Alkaloid
Serotonin,C16H18N5O4,756.8,3.65,786.694,Alcohol
Serotonin,C2H21N2O7,841.97,7.96,287.594,Alkaloid
Adrenaline,C8H21N0O9,737.53,12.44,801.077,Organic Compound
Adenosine triphosphate,C12H24N2O3,655.02,12.38,433.396,Hormone
Ethanol,C20H38N4O10,941.81,8.56,51.065,Neurotransmitter
Cholesterol,C18H6N2O1,514.62,6.09,224.389,Alcohol
Cholesterol,C8H40N2O3,730.55,1.12,239.276,Amide
Caffeine,C18H29N3O5,778.56,9.72,343.833,Lipid
Glucose,C3H19N2O7,302.34,13.72,619.02,Organic Compound
Adrenaline,C19H13N1O2,583.76,7.88,484.351,Alkaloid
Ethanol,C17H5N0O2,204.33,8.64,273.787,Organic Compound
Cholesterol,C11H40N2O7,978.42,8.14,975.303,Carbohydrate
Cholesterol,C18H39N0O5,674.44,9.33,961.96,Hormone
Urea,C16H8N4O2,990.51,5.65,803.079,Nucleotide
Urea,C2H4N5O2,198.48,12.31,411.787,Carbohydrate
Serotonin,C10H15N2O1,392.08,5.3,596.981,Lipid
Caffeine,C8H31N4O10,76.59,11.12,388.685,Lipid
Urea,C12H31N1O9,272.08,2.82,164.901,Carbohydrate
Dopamine,C16H3N5O5,862.17,12.6,117.72,Hormone
Glucose,C19H40N3O5,122.79,5.48,821.492,Neurotransmitter
Glucose,C11H13N0O3,885.97,5.6,494.554,Nucleotide
Dopamine,C1H11N3O0,128.91,11.27,163.097,Lipid
Urea,C16H35N3O3,530.92,9.7,324.239,Lipid
Ethanol,C15H16N4O1,461.81,8.99,987.132,Neurotransmitter
Ethanol,C4H22N5O9,253.42,5.05,962.632,Alkaloid
Caffeine,C13H7N4O10,385.94,12.29,315.6,Neurotransmitter
Glucose,C13H1N0O6,390.54,5.31,796.803,Carbohydrate
Caffeine,C7H2N2O1,434.23,7.44,157.703,Amide
Serotonin,C19H29N3O10,208.81,11.86,374.485,Nucleotide
Urea,C12H17N4O7,588.5,6.2,419.796,Alcohol
Serotonin,C14H13N3O9,837.27,3.82,837.468,Neurotransmitter
Cholesterol,C20H13N4O5,323.01,12.01,810.1,Amide
Glucose,C2H2N4O2,72.67,11.92,12.186,Nucleotide
Serotonin,C7H5N5O6,752.27,N/A,616.95,Nucleotide
Aspirin,C6H7N0O4,603.98,13.42,64.638,Neurotransmitter
Urea,C17H32N0O0,540.53,7.82,194.92,Alkaloid
Aspirin,C15H30N2O3,150.49,11.62,414.459,Neurotransmitter
Caffeine,C13H31N4O4,199.58,8.2,451.913,Amide
Serotonin,C8H7N1O0,134.13,5.97,853.714,Nucleotide
Urea,C20H14N3O6,912.95,5.0,158.881,Hormone
Ethanol,C17H13N0O2,301.68,9.66,443.539,Amide
Adenosine triphosphate,C17H7N3O8,512.49,N/A,645.906,Lipid
Urea,C11H20N0O7,999.25,7.46,232.864,Neurotransmitter
Cholesterol,C18H26N1O8,774.36,12.85,728.849,Neurotransmitter
Cholesterol,C3H5N0O8,579.48,1.88,491.205,Organic Compound
Adenosine triphosphate,C6H4N1O9,606.1,6.67,139.754,Amide
Ethanol,C1H17N3O1,191.37,5.93,197.849,Organic Compound
Urea,C17H13N3O5,618.06,6.28,926.061,Nucleotide
Serotonin,C2H39N5O1,465.46,4.41,1.87,Alcohol
Aspirin,C4H11N4O0,260.39,1.36,623.289,Alkaloid
Cholesterol,C7H17N3O3,896.38,6.07,835.462,Alcohol
Aspirin,C18H3N5O7,357.15,9.27,840.667,Alkaloid
Caffeine,C8H13N5O0,865.65,8.88,276.389,Alkaloid
Caffeine,C16H39N2O5,405.27,8.32,778.119,Lipid
Adrenaline,C16H36N4O10,72.23,3.44,814.214,Lipid
Adrenaline,C20H22N1O4,990.08,4.15,597.848,Hormone
Ethanol,C18H11N1O8,905.33,1.03,579.862,Amide
Ethanol,C17H5N5O4,667.35,9.45,860.724,Lipid
Adrenaline,C20H32N0O6,705.25,N/A,654.473,Carbohydrate
Adenosine triphosphate,C15H11N2O7,124.58,11.89,973.633,Hormone
Adenosine triphosphate,C8H20N4O4,626.23,9.56,199.165,Organic Compound
Urea,C16H25N0O3,210.91,N/A,892.146,Alcohol
Urea,C16H27N3O0,995.1,6.0,765.56,Alcohol
Dopamine,C9H1N0O4,137.86,N/A,55.995,Alcohol
Adenosine triphosphate,C18H37N2O10,554.51,13.33,269.034,Alkaloid
Ethanol,C4H5N2O10,141.31,1.97,214.205,Alkaloid
Adrenaline,C13H9N0O1,265.42,8.99,19.694,Neurotransmitter
Caffeine,C9H29N0O7,721.21,3.96,368.834,Amide
Serotonin,C14H6N3O9,391.5,10.32,413.767,Nucleotide
Cholesterol,C8H22N0O2,733.02,12.57,685.972,Amide
Urea,C10H10N2O0,343.64,11.97,70.681,Organic Compound
Ethanol,C7H34N2O3,920.46,2.35,498.99,Carbohydrate
Aspirin,C10H30N5O6,533.72,4.53,457.932,Carbohydrate
Caffeine,C9H20N5O9,746.18,N/A,338.125,Alkaloid
Dopamine,C13H24N0O5,280.46,12.04,35.134,Alcohol
Serotonin,C18H32N0O2,806.85,5.23,635.927,Nucleotide
Aspirin,C15H34N1O8,216.95,12.5,930.674,Nucleotide
Ethanol,C1H9N0O9,929.11,13.08,304.188,Alkaloid
Adrenaline,C1H22N4O1,681.3,N/A,487.607,Alkaloid
Urea,C7H9N0O4,665.28,3.31,401.257,Hormone
Cholesterol,C7H18N1O8,498.2,13.96,536.334,Hormone
Cholesterol,C19H30N3O9,97.48,N/A,916.674,Hormone
Glucose,C9H13N2O9,492.22,8.1,853.447,Neurotransmitter
Aspirin,C1H17N3O10,735.14,2.27,181.826,Hormone
Glucose,C16H37N4O10,841.85,7.36,423.845,Amide
Dopamine,C3H11N1O5,659.58,13.59,829.391,Alcohol
Dopamine,C2H4N2O2,372.56,9.11,317.013,Carbohydrate
Aspirin,C3H21N0O0,66.43,9.36,233.685,Hormone
Adenosine triphosphate,C18H10N1O8,515.56,11.88,619.363,Amide
Serotonin,C5H4N4O8,221.28,N/A,121.364,Carbohydrate
Cholesterol,C15H14N3O3,253.35,11.86,203.138,Organic Compound
Adenosine triphosphate,C12H36N5O4,561.8,3.68,568.371,Hormone
Adenosine triphosphate,C19H38N1O1,973.91,11.08,739.381,Organic Compound
Cholesterol,C1H37N0O10,428.14,N/A,872.175,Amide
Serotonin,C2H22N2O5,581.38,6.41,139.329,Carbohydrate
Glucose,C6H16N3O5,997.8,10.32,723.357,Nucleotide
Serotonin,C19H17N4O7,263.42,6.58,709.238,Hormone
Serotonin,C4H22N3O10,634.18,5.6,474.934,Alcohol
Adenosine triphosphate,C5H4N3O2,458.4,11.87,96.779,Alkaloid
Glucose,C17H14N5O1,241.19,N/A,31.826,Amide
Urea,C4H37N5O1,401.32,1.29,530.253,Amide
Aspirin,C2H8N5O8,92.49,7.82,810.814,Hormone
Caffeine,C20H24N3O6,900.58,10.83,210.155,Hormone
Adrenaline,C18H12N3O7,243.26,11.9,599.535,Alkaloid
Caffeine,C19H39N0O4,180.67,8.43,758.259,Hormone
Serotonin,C18H13N2O4,509.11,10.71,286.638,Alcohol
Glucose,C16H18N1O0,922.72,N/A,454.29,Organic Compound
Dopamine,C2H37N2O3,496.95,13.22,973.043,Alkaloid
Adrenaline,C16H6N2O10,692.28,13.1,761.896,Amide
Cholesterol,C14H16N1O10,745.2,1.01,921.814,Hormone
Adenosine triphosphate,C6H17N5O10,495.92,8.05,626.433,Organic Compound
Adrenaline,C12H32N1O0,512.66,12.59,777.487,Alkaloid
Caffeine,C9H37N1O1,383.38,13.77,587.147,Alkaloid
Dopamine,C16H34N5O6,554.08,5.31,230.965,Organic Compound
Glucose,C20H17N3O5,628.49,6.89,229.039,Hormone
Glucose,C2H35N4O1,767.6,6.44,553.499,Carbohydrate
Glucose,C20H22N3O7,440.25,6.09,878.928,Carbohydrate
Adenosine triphosphate,C1H16N4O4,854.42,N/A,591.181,Carbohydrate
Aspirin,C3H2N4O6,395.08,10.15,616.646,Organic Compound
Cholesterol,C20H1N5O4,171.0,2.75,627.987,Nucleotide
Urea,C18H23N4O2,280.07,4.76,849.712,Nucleotide
Dopamine,C20H5N2O7,544.39,N/A,99.644,Organic Compound
Adrenaline,C1H25N2O4,76.14,N/A,917.47,Amide
Ethanol,C15H8N0O0,248.18,1.32,878.358,Nucleotide
Cholesterol,C7H21N3O7,608.11,N/A,846.062,Carbohydrate
Urea,C7H34N3O9,779.27,N/A,41.447,Neurotransmitter
Caffeine,C1H24N1O7,80.4,11.09,345.695,Amide
Ethanol,C6H23N3O8,151.63,10.76,573.652,Lipid
Urea,C6H32N5O4,973.55,6.9,351.673,Carbohydrate
Ethanol,C6H5N5O6,527.5,N/A,905.328,Nucleotide
Caffeine,C15H18N2O7,394.07,N/A,760.147,Alcohol
Dopamine,C10H5N1O5,266.57,8.01,766.816,Alcohol
Aspirin,C12H4N5O5,864.73,9.86,302.28,Alkaloid
Cholesterol,C7H9N0O8,130.59,11.48,308.93,Lipid
Serotonin,C11H30N0O3,704.91,11.24,656.164,Nucleotide
Ethanol,C16H26N1O3,586.03,1.2,205.983,Alcohol
Ethanol,C16H35N5O6,743.24,12.37,625.627,Carbohydrate
Adenosine triphosphate,C5H3N4O8,146.08,13.89,821.892,Alcohol
Dopamine,C18H27N4O6,829.49,N/A,123.189,Organic Compound
Adrenaline,C13H4N5O8,115.95,N/A,312.828,Hormone
Caffeine,C6H10N4O2,611.19,1.95,351.322,Amide
Caffeine,C18H2N1O6,495.85,1.23,426.688,Alkaloid
Caffeine,C2H4N0O1,762.16,12.93,833.544,Organic Compound
Aspirin,C19H34N1O2,271.71,12.34,143.737,Alkaloid
Cholesterol,C1H28N1O8,507.15,5.54,110.425,Nucleotide
Ethanol,C3H25N2O8,196.84,11.5,749.604,Amide
Urea,C2H32N3O1,288.22,10.98,787.771,Nucleotide
Adrenaline,C5H36N3O3,953.38,3.12,143.502,Hormone
Aspirin,C16H15N4O3,512.6,4.18,308.933,Lipid
Caffeine,C16H17N1O10,257.7,8.17,81.63,Amide
Urea,C12H2N2O6,949.56,N/A,222.428,Carbohydrate
Serotonin,C14H20N5O7,695.13,9.74,65.458,Hormone
Urea,C4H1N4O3,594.77,6.92,458.79,Alcohol
Ethanol,C7H23N2O3,528.35,2.67,669.83,Alcohol
Serotonin,C12H32N2O3,367.48,1.69,569.898,Organic Compound
Caffeine,C10H22N1O4,834.62,11.19,622.583,Neurotransmitter
Glucose,C11H32N4O0,536.81,N/A,518.441,Neurotransmitter
Adrenaline,C3H24N4O3,637.28,3.1,45.172,Amide
Serotonin,C5H30N5O6,546.13,2.19,521.159,Nucleotide
Adrenaline,C6H26N2O10,553.75,6.53,832.309,Alkaloid
Ethanol,C15H20N3O2,195.69,N/A,270.632,Hormone
Glucose,C11H22N0O5,985.93,7.53,320.374,Alcohol
Caffeine,C14H31N1O0,284.48,N/A,814.331,Amide
Ethanol,C11H32N0O2,190.51,4.87,706.458,Nucleotide
Serotonin,C18H27N4O2,238.2,10.22,274.692,Lipid
Dopamine,C1H18N4O8,381.11,10.18,218.737,Alcohol
Urea,C10H28N2O6,226.41,13.29,257.368,Organic Compound
Caffeine,C11H12N2O9,293.1,6.21,153.319,Neurotransmitter
Urea,C5H36N1O4,893.14,6.05,541.11,Organic Compound
Ethanol,C11H36N2O5,309.28,N/A,27.482,Lipid
Glucose,C13H28N3O7,927.14,2.01,769.916,Alkaloid
Dopamine,C18H15N4O5,856.75,4.36,57.003,Alcohol
Glucose,C13H16N5O0,701.85,1.13,13.643,Hormone
Aspirin,C18H16N0O7,503.7,3.89,537.138,Alkaloid
Dopamine,C14H40N5O10,420.09,N/A,769.075,Carbohydrate
Aspirin,C8H4N5O2,715.56,11.22,411.529,Nucleotide
Glucose,C10H20N1O7,809.18,4.33,869.486,Lipid
Aspirin,C8H4N3O8,920.62,9.99,417.593,Amide
Cholesterol,C4H4N5O1,939.04,11.43,812.953,Carbohydrate
Glucose,C6H9N2O1,696.0,4.81,867.082,Alkaloid
Adrenaline,C16H20N0O1,174.43,10.33,400.435,Lipid
Caffeine,C9H15N0O5,386.75,4.11,240.51,Hormone
Aspirin,C1H5N3O3,964.66,10.79,643.986,Amide
Urea,C5H20N2O4,490.87,N/A,243.605,Nucleotide
Dopamine,C11H6N0O8,201.93,9.17,888.633,Organic Compound
Ethanol,C13H24N4O6,755.67,10.85,153.652,Amide
Urea,C20H14N3O3,535.98,N/A,836.862,Alkaloid
Adrenaline,C3H18N0O9,638.17,N/A,639.991,Neurotransmitter
Adenosine triphosphate,C10H37N4O3,485.31,8.52,129.607,Alkaloid
Cholesterol,C16H29N2O5,978.7,2.6,451.206,Organic Compound
Dopamine,C20H2N4O5,485.31,13.65,276.653,Neurotransmitter
Cholesterol,C2H26N5O5,275.09,1.02,169.338,Lipid
Caffeine,C9H16N2O3,682.39,N/A,51.028,Organic Compound
Serotonin,C9H4N4O8,878.83,8.36,359.647,Lipid
Cholesterol,C13H25N1O0,970.56,4.66,835.041,Carbohydrate
Dopamine,C11H12N5O4,765.43,7.45,435.631,Alcohol
Urea,C3H36N1O9,762.55,4.1,614.289,Lipid
Serotonin,C9H1N2O5,944.6,N/A,57.391,Hormone
Adrenaline,C15H7N1O1,56.33,13.65,487.718,Carbohydrate
Aspirin,C16H21N3O5,832.46,N/A,138.131,Carbohydrate
Dopamine,C14H25N3O7,308.73,4.67,121.536,Neurotransmitter
Urea,C12H30N4O3,880.71,6.85,186.848,Amide
Glucose,C2H29N3O5,784.09,6.39,415.336,Lipid
Glucose,C7H24N4O7,229.99,5.77,350.329,Alcohol
Aspirin,C17H30N2O1,903.17,N/A,242.127,Nucleotide
Caffeine,C13H14N4O9,954.49,4.1,506.731,Alkaloid
Adenosine triphosphate,C16H25N1O6,284.43,5.56,130.25,Neurotransmitter
Cholesterol,C2H18N4O2,516.58,12.09,173.234,Nucleotide
Cholesterol,C8H31N1O2,561.61,N/A,704.568,Neurotransmitter
Aspirin,C11H27N3O10,515.64,8.39,734.333,Nucleotide
Glucose,C15H28N1O1,310.61,8.59,52.344,Organic Compound
Caffeine,C13H33N2O10,337.82,11.34,222.316,Carbohydrate
Aspirin,C10H29N3O1,431.57,3.13,160.381,Carbohydrate
Ethanol,C8H2N1O9,326.52,6.06,624.345,Organic Compound
Adenosine triphosphate,C11H23N2O4,856.86,12.53,133.049,Amide
Urea,C3H13N4O10,689.57,11.03,993.727,Amide
Adenosine triphosphate,C7H22N2O2,964.51,8.56,122.003,Neurotransmitter
Adenosine triphosphate,C7H25N2O1,436.56,13.02,460.867,Hormone
Adrenaline,C13H32N2O5,479.14,4.68,91.665,Hormone
Adrenaline,C12H1N0O6,141.47,11.67,262.321,Hormone
Glucose,C11H22N2O9,112.79,11.41,356.311,Hormone
Glucose,C5H9N3O10,915.77,3.9,409.528,Hormone
Dopamine,C4H4N4O7,337.03,N/A,297.6,Alkaloid
Dopamine,C2H24N2O1,137.41,4.74,309.507,Carbohydrate
Urea,C18H35N4O1,477.7,N/A,214.517,Lipid
Urea,C16H15N0O2,66.86,3.75,729.468,Nucleotide
Caffeine,C2H30N5O5,242.85,9.06,44.502,Alcohol
Serotonin,C11H19N1O10,459.42,N/A,595.019,Organic Compound
Aspirin,C3H1N2O10,927.44,6.12,973.632,Neurotransmitter
Adenosine triphosphate,C15H32N3O7,158.6,1.33,723.1,Neurotransmitter
Glucose,C7H1N0O7,474.35,12.53,486.814,Hormone
Dopamine,C4H5N3O0,774.26,N/A,832.611,Lipid
Aspirin,C7H27N1O7,715.31,11.06,896.994,Carbohydrate
Adrenaline,C12H39N1O9,930.2,10.52,889.775,Carbohydrate
Aspirin,C6H3N0O1,956.76,12.96,809.942,Alcohol
Caffeine,C17H2N2O3,159.89,4.54,590.938,Amide
Dopamine,C17H5N5O10,442.31,8.21,562.261,Amide
Aspirin,C13H30N0O1,346.98,7.57,631.992,Carbohydrate
Adenosine triphosphate,C11H2N2O9,542.27,13.78,449.984,Organic Compound
Adenosine triphosphate,C7H11N4O8,329.02,3.02,959.939,Neurotransmitter
Cholesterol,C4H14N5O1,533.77,1.33,314.901,Alkaloid
Urea,C10H14N3O0,147.67,7.31,572.743,Nucleotide
Adenosine triphosphate,C12H21N1O1,553.38,3.79,552.661,Carbohydrate
Adrenaline,C2H26N4O5,234.47,4.18,956.881,Carbohydrate
Cholesterol,C1H13N1O3,623.82,N/A,475.733,Hormone
Ethanol,C13H11N2O10,324.18,3.4,159.655,Alkaloid
Glucose,C13H9N2O4,736.72,4.17,756.718,Alkaloid
Dopamine,C17H20N1O10,103.85,1.66,110.155,Lipid
Adenosine triphosphate,C3H33N3O3,545.12,5.37,658.375,Carbohydrate
Serotonin,C18H40N2O4,210.45,11.51,996.453,Alkaloid
Adrenaline,C16H13N4O8,655.06,9.35,272.192,Lipid
Adenosine triphosphate,C1H40N1O9,653.14,10.83,500.534,Carbohydrate
Ethanol,C17H32N0O6,891.6,5.28,275.398,Carbohydrate
Caffeine,C4H21N1O4,490.1,N/A,590.364,Amide
Urea,C12H15N5O7,854.97,7.93,157.883,Amide
Aspirin,C20H22N5O5,100.45,6.76,415.233,Alkaloid
Serotonin,C12H1N1O3,880.72,9.43,575.303,Lipid
Ethanol,C14H32N0O6,61.68,2.98,427.692,Hormone
Adrenaline,C13H25N0O2,83.77,3.46,3.056,Alkaloid
Ethanol,C18H12N3O2,867.56,6.08,394.423,Organic Compound
Urea,C17H10N0O2,251.14,11.54,677.049,Alkaloid
Adrenaline,C20H15N4O2,85.39,13.78,755.315,Organic Compound
Cholesterol,C19H40N5O4,195.73,9.53,949.75,Lipid
Urea,C5H32N4O5,422.45,5.37,169.838,Alkaloid
Ethanol,C1H25N0O7,83.37,7.05,196.808,Hormone
Glucose,C6H23N2O10,762.42,9.27,171.099,Alkaloid
Adenosine triphosphate,C5H22N2O1,969.91,9.49,482.263,Carbohydrate
Serotonin,C2H5N1O0,555.38,10.48,819.549,Alkaloid
Cholesterol,C2H5N5O10,564.09,6.91,239.319,Alkaloid
Urea,C7H11N4O10,533.59,6.65,994.651,Amide
Serotonin,C19H39N3O1,940.77,5.6,610.837,Alcohol
Ethanol,C1H9N4O8,326.12,N/A,344.294,Lipid
Serotonin,C16H23N5O8,805.9,8.75,354.43,Carbohydrate
Dopamine,C6H14N1O7,588.18,13.52,134.166,Alcohol
Serotonin,C3H33N2O3,146.23,6.39,481.891,Lipid
Aspirin,C17H39N1O2,211.73,6.06,779.559,Amide
Dopamine,C3H1N2O7,260.97,12.14,809.999,Amide
Cholesterol,C17H1N0O10,903.68,N/A,3.671,Hormone
Adenosine triphosphate,C15H20N0O6,565.79,7.36,637.46,Organic Compound
Adrenaline,C2H11N2O3,382.89,N/A,411.15,Hormone
Adenosine triphosphate,C17H26N4O6,110.2,8.54,708.995,Carbohydrate
Adenosine triphosphate,C15H33N4O0,890.38,N/A,507.772,Carbohydrate
Dopamine,C13H39N1O10,906.18,N/A,77.971,Alkaloid
Caffeine,C20H38N4O4,351.14,8.28,941.931,Lipid
Adrenaline,C20H5N0O0,474.67,7.9,732.275,Alcohol
Urea,C5H6N3O2,802.25,12.56,488.226,Nucleotide
Glucose,C4H5N2O8,358.99,11.22,287.181,Alkaloid
Cholesterol,C10H29N3O7,857.92,9.59,327.88,Alkaloid
Adrenaline,C20H31N1O0,912.41,4.7,797.202,Carbohydrate
Dopamine,C12H37N4O10,332.27,1.98,893.348,Hormone
Glucose,C17H9N2O5,740.61,11.35,501.607,Organic Compound
Adrenaline,C20H3N3O1,634.12,N/A,764.744,Neurotransmitter
Aspirin,C9H21N5O0,944.38,4.3,209.645,Alcohol
Serotonin,C5H35N5O9,82.71,13.21,728.365,Organic Compound
Dopamine,C9H12N2O0,336.11,7.67,48.395,Lipid
Dopamine,C5H33N0O6,586.55,10.91,831.693,Amide
Urea,C10H16N3O2,77.51,10.93,454.272,Nucleotide
Serotonin,C18H5N5O5,873.88,N/A,799.596,Alkaloid
Urea,C5H28N2O1,656.21,1.76,21.069,Neurotransmitter
Ethanol,C15H11N3O4,720.54,7.56,376.124,Lipid
Urea,C13H13N1O8,920.73,2.32,420.86,Hormone
Adrenaline,C6H1N1O5,342.45,5.66,489.67,Amide
Cholesterol,C12H16N0O9,452.01,5.28,935.001,Hormone
Serotonin,C16H26N2O5,543.27,8.78,165.217,Organic Compound
Cholesterol,C15H8N5O7,107.08,12.75,350.809,Lipid
Adrenaline,C13H22N1O9,304.97,N/A,89.05,Amide
Adrenaline,C7H35N5O10,782.56,5.88,316.102,Alkaloid
Caffeine,C11H17N3O3,648.28,N/A,814.833,Neurotransmitter
Ethanol,C6H24N0O10,171.04,13.09,64.351,Nucleotide
Glucose,C8H26N0O9,714.36,N/A,641.663,Neurotransmitter
Aspirin,C14H17N0O2,657.88,1.16,853.033,Lipid
Glucose,C6H17N4O8,180.3,2.17,546.393,Lipid
Aspirin,C8H24N1O0,269.93,8.83,134.94,Hormone
Urea,C15H17N5O0,270.47,6.73,477.768,Neurotransmitter
Glucose,C18H8N2O5,635.34,11.93,840.11,Lipid
Glucose,C3H40N0O10,226.56,9.28,344.553,Neurotransmitter
Urea,C5H18N1O3,71.45,11.1,375.765,Amide
Urea,C17H19N1O2,999.4,N/A,193.986,Nucleotide
Cholesterol,C6H39N3O10,314.28,11.57,94.208,Carbohydrate
Ethanol,C9H11N2O4,854.76,12.0,109.641,Alkaloid
Ethanol,C16H23N0O1,240.27,7.31,586.777,Alkaloid
Cholesterol,C6H7N2O1,462.28,6.01,181.948,Alkaloid
Dopamine,C11H38N3O0,271.91,2.27,367.794,Lipid
Dopamine,C11H40N5O7,881.17,6.75,230.615,Alkaloid
Caffeine,C10H25N0O2,93.7,N/A,812.565,Hormone
Adenosine triphosphate,C7H7N0O0,553.39,8.18,445.398,Amide
Cholesterol,C16H32N2O1,654.58,7.78,522.397,Organic Compound
Adenosine triphosphate,C7H25N3O3,375.66,3.54,528.762,Alkaloid
Serotonin,C14H25N5O5,892.43,13.65,609.701,Carbohydrate
Adenosine triphosphate,C10H38N0O10,325.4,7.47,284.713,Alkaloid
Ethanol,C15H5N1O6,409.53,1.31,681.092,Nucleotide
Adenosine triphosphate,C17H6N1O3,706.44,N/A,637.51,Hormone
Caffeine,C15H7N3O5,477.53,3.8,206.418,Amide
Urea,C16H11N4O6,719.72,3.26,903.658,Alcohol
Dopamine,C9H28N4O3,173.24,5.92,620.371,Carbohydrate
Adrenaline,C19H12N0O3,553.83,6.21,838.248,Lipid
Adenosine triphosphate,C7H40N3O5,638.78,1.65,517.632,Alcohol
Caffeine,C2H30N2O4,398.77,9.23,128.384,Alcohol
Cholesterol,C2H31N0O9,135.78,7.99,236.64,Amide
Dopamine,C5H12N5O0,653.21,6.88,519.529,Hormone
Aspirin,C8H5N3O0,957.89,11.37,925.77,Amide
Urea,C4H21N0O10,531.18,4.33,989.39,Hormone
Aspirin,C16H40N1O5,686.53,8.47,264.726,Alkaloid
Aspirin,C20H22N4O3,969.98,N/A,418.514,Amide
Caffeine,C4H8N2O1,661.98,4.06,805.765,Nucleotide
Adrenaline,C10H25N2O5,920.8,1.7,86.951,Neurotransmitter
Adenosine triphosphate,C12H27N1O9,511.11,N/A,615.883,Neurotransmitter
Aspirin,C1H1N0O0,881.22,9.25,142.972,Hormone
Dopamine,C6H15N1O10,671.93,4.58,320.284,Carbohydrate
Adrenaline,C17H6N0O6,97.21,12.69,595.633,Carbohydrate
Glucose,C16H10N4O1,204.08,2.17,921.373,Lipid
Dopamine,C19H38N2O6,187.18,13.77,3.623,Alcohol
Cholesterol,C10H32N0O0,542.97,13.61,464.557,Amide
Adrenaline,C9H32N1O6,810.18,7.79,969.619,Alcohol
Ethanol,C6H30N5O7,707.88,N/A,82.569,Amide
Cholesterol,C8H12N0O0,88.9,12.68,272.072,Nucleotide
Caffeine,C17H9N0O4,563.26,11.51,271.303,Alkaloid
Cholesterol,C3H11N5O6,198.39,N/A,582.308,Lipid
Urea,C1H19N4O10,644.62,N/A,308.361,Carbohydrate
Dopamine,C19H39N3O6,573.83,N/A,548.835,Lipid
Adenosine triphosphate,C16H38N0O10,644.84,5.53,135.298,Lipid
Ethanol,C5H33N0O7,852.05,N/A,361.829,Lipid
Aspirin,C18H34N0O9,727.45,N/A,861.004,Alkaloid
Dopamine,C13H25N1O5,454.49,N/A,115.445,Hormone
Dopamine,C2H35N0O8,775.55,6.76,205.065,Amide
Serotonin,C12H32N2O2,361.26,4.44,83.026,Neurotransmitter
Adenosine triphosphate,C17H37N4O2,745.43,13.26,488.632,Amide
Cholesterol,C4H36N1O3,314.11,5.61,40.749,Nucleotide
Ethanol,C12H11N2O7,636.91,13.85,663.748,Nucleotide
Adrenaline,C6H1N2O1,336.61,N/A,722.956,Alcohol
Dopamine,C12H13N4O0,797.02,12.48,279.309,Organic Compound
Adrenaline,C13H17N5O5,862.78,1.53,316.566,Amide
Urea,C11H31N4O5,77.75,N/A,394.753,Alcohol
Ethanol,C17H15N5O4,705.39,4.52,216.314,Amide
Glucose,C7H40N1O0,511.79,13.27,858.606,Nucleotide
Adenosine triphosphate,C4H12N4O1,324.88,10.41,470.371,Lipid
Adrenaline,C13H9N1O4,640.46,7.72,535.657,Hormone
Urea,C3H15N0O7,80.31,8.26,734.234,Carbohydrate
Cholesterol,C9H6N2O3,956.15,N/A,943.191,Organic Compound
Adrenaline,C15H30N3O6,419.47,9.57,190.309,Lipid
Adrenaline,C7H17N0O9,582.6,6.28,488.173,Alkaloid
Adenosine triphosphate,C9H21N3O0,188.47,13.43,198.263,Hormone
Adenosine triphosphate,C5H3N0O2,79.86,7.16,729.109,Hormone
Caffeine,C14H26N3O1,420.08,4.73,861.336,Alcohol
Adenosine triphosphate,C11H24N3O3,370.88,7.14,124.001,Nucleotide
Urea,C2H23N3O9,95.12,N/A,389.501,Nucleotide
Adrenaline,C10H24N4O4,690.79,10.21,611.964,Nucleotide
Glucose,C11H5N2O3,542.6,13.08,744.852,Lipid
Glucose,C14H20N3O2,91.43,13.02,48.954,Carbohydrate
Adrenaline,C13H39N2O1,794.18,6.08,530.014,Alkaloid
Adrenaline,C12H29N0O3,138.28,6.07,183.144,Neurotransmitter
Caffeine,C6H22N1O4,250.05,10.27,753.392,Hormone
Cholesterol,C14H9N2O4,395.61,7.84,864.474,Carbohydrate
Adrenaline,C8H1N4O2,605.13,7.11,269.258,Alcohol
Serotonin,C18H22N3O7,128.54,8.89,889.685,Amide
Adenosine triphosphate,C6H21N0O5,450.67,5.9,335.145,Hormone
Adrenaline,C14H31N5O2,313.54,9.4,843.554,Hormone
Ethanol,C8H35N3O7,590.32,N/A,590.96,Organic Compound
Ethanol,C9H29N0O9,237.65,3.16,902.897,Amide
Urea,C14H15N5O7,751.55,N/A,679.54,Alkaloid
Aspirin,C12H20N1O3,238.51,N/A,729.327,Carbohydrate
Ethanol,C17H29N3O9,222.65,7.87,395.729,Alcohol
Adrenaline,C6H25N4O3,459.95,10.38,199.003,Hormone
Aspirin,C6H26N1O8,657.06,8.75,309.074,Neurotransmitter
Aspirin,C19H15N4O2,476.89,9.03,301.786,Carbohydrate
Dopamine,C3H7N3O10,475.4,7.46,967.915,Alkaloid
Aspirin,C14H38N5O8,326.47,9.55,367.588,Amide
Dopamine,C11H9N1O5,883.19,11.42,48.6,Neurotransmitter
Aspirin,C16H1N3O2,318.87,N/A,108.918,Carbohydrate
Glucose,C3H25N4O8,916.4,4.16,32.134,Lipid
Cholesterol,C1H16N5O4,128.1,8.36,351.467,Alkaloid
Caffeine,C8H2N4O9,98.69,1.45,937.452,Carbohydrate
Cholesterol,C15H22N1O8,846.81,10.17,402.88,Neurotransmitter
Adenosine triphosphate,C8H34N0O6,200.53,7.74,395.596,Nucleotide
Cholesterol,C14H30N1O10,229.93,N/A,615.073,Organic Compound
Urea,C17H18N3O2,435.81,3.37,802.261,Amide
Adrenaline,C11H15N2O3,215.62,12.8,314.613,Alcohol
Serotonin,C20H26N0O8,121.69,11.24,274.032,Neurotransmitter
Glucose,C13H18N0O1,738.06,5.71,30.942,Lipid
Cholesterol,C8H30N4O1,995.56,8.39,288.813,Nucleotide
Glucose,C12H21N3O8,140.82,12.07,117.34,Hormone
Cholesterol,C7H13N5O1,912.97,7.39,55.744,Amide
Glucose,C19H7N4O4,691.89,7.62,783.448,Organic Compound
Cholesterol,C20H35N4O1,52.02,11.78,488.192,Alkaloid
Adenosine triphosphate,C6H27N3O8,330.66,4.05,980.082,Nucleotide
Urea,C1H15N4O4,950.59,8.08,505.914,Hormone
Serotonin,C6H1N2O7,199.01,13.69,222.898,Nucleotide
Adenosine triphosphate,C4H7N3O4,155.93,7.82,857.314,Lipid
Adrenaline,C4H21N5O7,671.39,11.81,803.79,Neurotransmitter
Caffeine,C9H36N4O6,939.71,4.07,343.628,Lipid
Caffeine,C14H12N0O0,467.82,9.83,773.57,Carbohydrate
Adrenaline,C12H34N1O4,794.98,N/A,83.484,Carbohydrate
Caffeine,C16H5N2O0,638.41,11.48,235.312,Hormone
Glucose,C15H22N0O1,149.21,13.9,435.891,Organic Compound
Serotonin,C19H19N0O10,186.68,2.51,746.642,Hormone
Adenosine triphosphate,C1H38N3O0,691.9,N/A,825.933,Organic Compound
Aspirin,C2H33N1O3,504.23,12.43,771.724,Lipid
Adenosine triphosphate,C8H36N3O5,850.48,1.34,97.857,Amide
Adrenaline,C7H19N1O5,70.57,9.87,85.708,Alkaloid
Adrenaline,C4H6N4O0,293.84,10.45,38.822,Lipid
Urea,C16H17N2O0,918.36,9.36,994.483,Alcohol
Serotonin,C9H9N2O3,880.24,3.99,754.693,Carbohydrate
Adrenaline,C8H4N5O5,622.19,N/A,416.253,Neurotransmitter
Adrenaline,C20H21N0O8,564.01,7.31,29.217,Nucleotide
Glucose,C10H22N4O10,565.01,5.13,745.484,Neurotransmitter
Urea,C7H34N4O0,311.72,6.55,212.162,Nucleotide
Urea,C5H13N1O1,211.48,7.25,414.117,Neurotransmitter
Cholesterol,C5H40N1O0,526.82,13.73,611.79,Hormone
Aspirin,C8H26N2O0,391.7,5.81,806.666,Lipid
Ethanol,C6H5N1O1,967.48,6.22,155.3,Nucleotide
Caffeine,C17H2N0O9,976.97,N/A,361.851,Neurotransmitter
Ethanol,C15H16N5O2,452.16,N/A,583.463,Nucleotide
Cholesterol,C5H14N3O0,860.49,N/A,170.801,Alkaloid
Adenosine triphosphate,C20H28N4O7,976.46,2.49,621.898,Lipid
Adrenaline,C2H16N4O3,714.98,11.47,11.829,Amide
Glucose,C9H20N3O7,800.95,N/A,570.47,Amide
Aspirin,C15H28N0O10,147.56,2.34,727.225,Neurotransmitter
Adrenaline,C14H25N5O1,882.54,6.7,935.883,Amide
Urea,C17H30N2O9,519.38,5.33,224.088,Organic Compound
Urea,C5H11N0O0,440.92,6.32,491.154,Hormone
Caffeine,C18H27N3O5,803.95,7.47,394.405,Alkaloid
Cholesterol,C3H31N1O5,346.1,3.14,765.745,Organic Compound
Caffeine,C15H38N1O0,258.79,2.25,625.198,Lipid
Ethanol,C7H26N0O4,779.31,8.99,430.973,Nucleotide
Dopamine,C7H14N1O2,945.22,4.35,993.612,Neurotransmitter
Adenosine triphosphate,C16H26N5O0,249.03,2.55,247.335,Lipid
Caffeine,C2H20N0O1,691.02,10.19,716.724,Nucleotide
Serotonin,C19H14N1O8,759.35,10.01,393.496,Amide
Adenosine triphosphate,C14H17N5O5,593.76,2.04,534.574,Lipid
Ethanol,C12H16N2O1,219.41,2.87,958.218,Organic Compound
Glucose,C16H17N1O9,630.87,10.61,345.867,Amide
Serotonin,C8H28N2O5,180.94,11.79,96.637,Carbohydrate
Adrenaline,C5H17N4O8,347.48,1.75,568.169,Organic Compound
Adenosine triphosphate,C1H12N4O3,152.15,6.53,997.756,Nucleotide
Adenosine triphosphate,C7H40N3O7,150.34,1.4,105.424,Carbohydrate
Cholesterol,C5H40N0O5,821.66,3.83,169.35,Carbohydrate
Dopamine,C18H3N3O3,400.48,4.37,994.282,Amide
Serotonin,C1H17N0O2,77.35,4.46,983.323,Organic Compound
Dopamine,C6H29N0O6,114.82,7.29,148.41,Lipid
Adrenaline,C13H3N5O10,220.25,1.34,962.567,Hormone
Adenosine triphosphate,C4H28N1O9,770.19,7.0,753.155,Nucleotide
Caffeine,C6H11N2O7,376.69,12.81,403.76,Alkaloid
Cholesterol,C19H5N1O8,469.31,2.6,605.87,Amide
