compound,formula,mw,pka,solubility_mg_ml,class
Adenosine triphosphate,C14H19N5O0,455.35,4.79,680.236,Organic Compound
Urea,C9H30N4O1,289.63,3.15,763.131,Alcohol
Adrenaline,C10H36N3O7,870.38,N/A,286.493,Alkaloid
Ethanol,C20H26N3O0,538.33,1.69,396.708,Neurotransmitter
Adenosine triphosphate,C6H38N1O0,651.03,8.57,131.053,Lipid
Dopamine,C20H40N3O6,781.31,6.01,251.629,Nucleotide
Ethanol,C2H25N4O10,446.83,1.4,801.737,Alcohol
Dopamine,C2H30N5O6,663.64,9.24,537.669,Nucleotide
Adenosine triphosphate,C20H27N3O0,397.75,6.92,768.877,Organic Compound
Glucose,C4H36N0O5,606.9,6.12,483.511,Nucleotide
Aspirin,C15H10N1O3,267.48,9.85,603.015,Carbohydrate
Adenosine triphosphate,C7H1N2O7,282.94,3.55,442.674,Nucleotide
Glucose,C2H35N1O1,589.04,1.91,592.869,Lipid
Serotonin,C7H36N1O1,319.44,2.3,861.816,Alcohol
Urea,C20H34N2O5,519.93,13.57,816.941,Neurotransmitter
Cholesterol,C4H29N3O10,902.85,12.65,475.791,Lipid
Glucose,C1H26N5O3,958.98,N/A,656.94,Nucleotide
Caffeine,C13H13N5O0,65.15,N/A,289.712,Neurotransmitter
Dopamine,C6H26N0O4,202.49,5.38,786.731,Alkaloid
Aspirin,C6H29N4O7,236.54,2.58,504.115,Amide
Glucose,C16H34N2O9,978.5,9.96,8.765,Hormone
Cholesterol,C16H1N5O5,778.51,6.97,856.104,Nucleotide
Cholesterol,C17H16N0O1,217.43,4.59,212.214,Organic Compound
Urea,C17H30N5O4,615.78,12.38,837.504,Nucleotide
Serotonin,C11H28N3O7,520.42,3.78,298.786,Organic Compound
Adrenaline,C1H20N1O2,396.32,6.5,919.436,Carbohydrate
Glucose,C20H25N2O3,154.98,3.24,100.664,Amide
Caffeine,C16H40N3O5,389.91,12.34,70.459,Amide
Glucose,C6H26N5O6,156.77,4.73,653.549,Amide
Aspirin,C12H20N5O1,465.18,12.88,933.601,Carbohydrate
Cholesterol,C15H17N1O9,626.58,4.4,132.745,Nucleotide
Adenosine triphosphate,C8H15N1O5,713.0,11.44,14.744,Neurotransmitter
Caffeine,C9H5N2O7,585.37,6.97,828.897,Organic Compound
Adrenaline,C5H31N3O2,463.94,1.74,203.273,Nucleotide
Adenosine triphosphate,C8H16N4O9,524.99,N/A,900.657,Lipid
Glucose,C18H13N5O5,569.3,13.66,600.549,Hormone
Ethanol,C4H14N4O4,173.43,3.09,235.396,Neurotransmitter
Glucose,C4H9N0O1,505.23,9.68,60.684,Lipid
Adrenaline,C17H40N5O2,153.11,5.78,746.276,Nucleotide
Adenosine triphosphate,C19H1N4O6,319.28,N/A,983.555,Carbohydrate
Glucose,C9H1N1O6,510.63,1.79,1.087,Amide
Serotonin,C5H21N3O6,182.71,6.83,203.321,Neurotransmitter
Glucose,C17H39N4O0,155.2,N/A,122.424,Alcohol
Cholesterol,C2H27N5O0,867.13,N/A,655.757,Hormone
Adenosine triphosphate,C18H29N3O7,415.18,3.95,382.286,Carbohydrate
Aspirin,C4H25N4O0,986.6,12.75,361.047,Hormone
Serotonin,C17H17N5O5,336.25,11.5,698.083,Nucleotide
Adrenaline,C1H2N5O5,710.72,10.66,879.345,Alkaloid
Aspirin,C5H19N5O7,894.55,7.43,892.025,Hormone
Ethanol,C4H6N2O3,276.11,5.94,633.291,Nucleotide
Adenosine triphosphate,C2H9N3O9,558.19,N/A,285.191,Organic Compound
Aspirin,C3H28N5O10,245.33,12.72,712.988,Carbohydrate
Adrenaline,C20H9N3O4,431.75,8.75,150.492,Alcohol
Glucose,C2H12N5O2,653.04,10.19,509.583,Organic Compound
Caffeine,C19H28N4O2,293.16,N/A,400.294,Carbohydrate
Aspirin,C7H3N1O0,567.9,N/A,776.886,Amide
Caffeine,C1H25N5O2,371.28,4.8,817.463,Carbohydrate
Adenosine triphosphate,C14H35N2O3,225.34,10.03,242.383,Lipid
Ethanol,C9H26N1O2,57.24,10.08,580.933,Carbohydrate
Cholesterol,C3H9N3O5,582.4,7.66,532.361,Carbohydrate
Caffeine,C16H6N3O0,243.92,N/A,792.249,Lipid
Adenosine triphosphate,C7H1N0O2,545.12,1.38,585.919,Neurotransmitter
Dopamine,C16H37N5O7,332.82,N/A,615.648,Lipid
Urea,C6H21N1O6,288.72,13.16,501.157,Carbohydrate
Adenosine triphosphate,C17H30N2O2,852.02,4.27,98.759,Nucleotide
Urea,C18H13N1O8,144.66,N/A,796.302,Alcohol
Dopamine,C5H23N0O1,508.7,6.5,138.573,Amide
Adenosine triphosphate,C13H2N5O5,935.83,1.27,12.112,Carbohydrate
Glucose,C20H2N5O3,466.59,2.41,694.415,Amide
Dopamine,C9H2N0O7,612.04,3.03,287.687,Amide
Dopamine,C12H38N4O8,740.6,11.86,925.879,Neurotransmitter
Serotonin,C18H12N4O6,548.63,5.55,787.079,Carbohydrate
Adrenaline,C19H27N4O6,707.75,1.28,50.931,Alcohol
Dopamine,C17H13N1O5,74.09,1.61,228.247,Amide
Serotonin,C11H5N5O1,330.14,7.64,343.322,Alkaloid
Urea,C18H13N3O1,350.66,3.09,565.58,Organic Compound
Glucose,C11H10N3O3,430.44,7.56,421.361,Alcohol
Caffeine,C17H5N4O2,191.82,6.21,227.129,Alcohol
Dopamine,C10H9N1O4,781.22,7.22,362.216,Carbohydrate
Serotonin,C3H26N4O1,399.78,N/A,468.157,Lipid
Serotonin,C14H24N5O6,551.71,6.7,75.073,Lipid
Ethanol,C7H20N0O0,411.48,9.53,961.169,Lipid
Cholesterol,C10H25N4O2,322.51,12.31,383.243,Alkaloid
Dopamine,C3H11N2O4,53.59,6.98,758.954,Alkaloid
Glucose,C7H10N1O3,628.41,12.13,21.408,Hormone
Urea,C13H4N4O9,357.85,11.6,957.766,Alkaloid
Adenosine triphosphate,C10H21N1O10,798.84,N/A,496.224,Organic Compound
Cholesterol,C12H21N2O6,857.8,11.77,669.461,Nucleotide
Serotonin,C16H4N4O2,978.08,2.66,546.932,Alkaloid
Caffeine,C12H23N3O3,368.23,1.41,97.951,Hormone
Dopamine,C5H1N4O7,996.17,N/A,563.988,Organic Compound
Dopamine,C8H33N1O10,631.34,1.28,329.6,Alcohol
Adrenaline,C8H12N0O1,646.66,13.29,478.818,Alkaloid
Glucose,C15H2N3O7,738.93,N/A,626.167,Organic Compound
Urea,C6H23N5O7,561.81,2.62,794.281,Alkaloid
Glucose,C11H31N4O6,862.1,N/A,964.685,Amide
Urea,C11H37N3O10,507.48,3.61,84.574,Lipid
Dopamine,C9H3N4O0,744.92,5.54,600.021,Hormone
Caffeine,C14H14N3O3,519.01,8.21,916.572,Lipid
Adenosine triphosphate,C4H20N0O5,755.5,4.64,428.877,Carbohydrate
Caffeine,C16H30N3O8,720.38,N/A,467.745,Organic Compound
Aspirin,C11H32N5O1,387.38,2.37,941.412,Lipid
Dopamine,C7H3N5O2,664.86,8.21,261.951,Hormone
Aspirin,C13H5N0O0,996.64,10.62,163.71,Lipid
Adrenaline,C3H22N0O6,365.45,8.47,939.593,Neurotransmitter
Ethanol,C7H2N3O8,971.06,2.01,295.141,Nucleotide
Caffeine,C18H33N5O10,739.1,11.55,227.263,Neurotransmitter
Caffeine,C2H32N4O7,636.35,8.56,959.755,Organic Compound
Caffeine,C11H10N4O10,286.91,14.0,142.516,Alcohol
Adrenaline,C17H16N1O0,532.41,10.0,863.876,Hormone
Adenosine triphosphate,C3H30N2O5,169.53,N/A,877.296,Hormone
Urea,C8H17N2O3,92.29,9.52,33.954,Nucleotide
Urea,C6H25N4O4,726.28,3.39,573.582,Neurotransmitter
Aspirin,C17H23N4O10,481.81,6.9,384.548,Alcohol
Glucose,C1H35N5O9,50.49,4.99,582.623,Alkaloid
Cholesterol,C11H32N5O8,727.5,7.31,671.064,Organic Compound
Serotonin,C9H39N0O9,929.83,4.34,215.848,Amide
Cholesterol,C10H4N4O7,170.41,8.18,586.122,Alcohol
Ethanol,C4H8N4O0,230.65,12.82,696.753,Alkaloid
Ethanol,C3H11N5O5,952.37,3.91,391.624,Alkaloid
Urea,C11H5N5O3,151.74,10.62,78.772,Organic Compound
Ethanol,C11H39N5O8,843.3,N/A,805.968,Hormone
Serotonin,C11H9N1O7,705.09,7.1,186.573,Alkaloid
Aspirin,C13H23N2O8,781.99,7.71,676.976,Neurotransmitter
Adrenaline,C5H18N1O10,482.59,12.31,674.738,Neurotransmitter
Cholesterol,C4H40N5O5,219.55,4.29,205.362,Nucleotide
Urea,C5H22N3O4,331.79,N/A,326.051,Alkaloid
Ethanol,C14H38N0O1,749.82,2.73,999.346,Hormone
Urea,C9H35N4O1,931.31,6.1,814.163,Hormone
Dopamine,C7H39N4O2,861.22,12.58,518.045,Alcohol
Glucose,C15H22N5O0,281.29,8.59,457.07,Alkaloid
Dopamine,C12H34N5O0,396.98,6.24,357.745,Alcohol
Ethanol,C10H34N3O4,829.28,9.47,739.338,Lipid
Adrenaline,C7H10N3O3,122.52,9.98,509.013,Alcohol
Aspirin,C5H5N1O6,212.51,N/A,529.475,Neurotransmitter
Serotonin,C6H30N2O2,869.18,N/A,424.831,Hormone
Aspirin,C2H19N1O2,409.12,2.96,92.854,Nucleotide
Adenosine triphosphate,C17H35N4O2,62.77,9.75,781.511,Alkaloid
Adenosine triphosphate,C17H17N3O9,883.86,10.08,333.063,Organic Compound
Cholesterol,C16H10N3O0,903.44,1.03,744.734,Alcohol
Aspirin,C2H36N3O8,502.83,5.43,995.065,Nucleotide
Serotonin,C3H23N2O1,777.78,N/A,234.378,Alkaloid
Serotonin,C7H23N0O4,654.4,2.37,130.912,Organic Compound
Dopamine,C14H6N4O6,741.26,N/A,588.458,Hormone
Ethanol,C20H35N2O2,274.11,2.25,792.172,Amide
Dopamine,C16H22N4O0,780.48,9.55,603.212,Lipid
Glucose,C18H33N1O8,127.88,6.91,865.733,Organic Compound
Urea,C17H30N0O7,385.96,N/A,271.877,Carbohydrate
Ethanol,C17H14N5O0,887.38,1.25,906.778,Alkaloid
Dopamine,C17H13N0O0,568.43,N/A,724.572,Alkaloid
Urea,C4H9N0O4,539.16,13.31,141.935,Nucleotide
Adrenaline,C18H20N5O0,310.98,10.45,971.244,Organic Compound
Glucose,C10H5N1O5,52.76,N/A,773.641,Alkaloid
Adrenaline,C19H16N4O4,759.84,N/A,59.638,Neurotransmitter
Dopamine,C17H13N3O6,674.05,7.95,825.454,Organic Compound
Adrenaline,C1H16N2O8,811.94,9.8,34.303,Amide
Serotonin,C11H15N4O0,803.85,1.86,518.622,Carbohydrate
Adrenaline,C3H38N0O5,227.68,8.89,158.138,Neurotransmitter
Adrenaline,C1H12N1O4,550.47,8.64,595.973,Alkaloid
Cholesterol,C17H34N2O8,805.14,4.37,974.354,Amide
Cholesterol,C9H13N5O2,78.83,5.02,7.571,Nucleotide
Adenosine triphosphate,C20H9N0O4,371.8,N/A,677.501,Organic Compound
Cholesterol,C3H24N1O6,87.52,4.11,590.97,Neurotransmitter
Serotonin,C10H20N1O9,642.66,13.94,916.34,Alkaloid
Adrenaline,C5H9N0O2,468.54,10.98,265.86,Neurotransmitter
Adrenaline,C11H29N4O5,616.93,8.33,367.039,Alkaloid
Adrenaline,C4H4N5O0,82.27,2.27,934.649,Hormone
Adrenaline,C7H25N3O3,910.94,9.18,417.796,Nucleotide
Serotonin,C16H14N2O9,525.21,N/A,48.766,Nucleotide
Urea,C4H27N1O6,878.78,8.35,300.625,Organic Compound
Aspirin,C18H7N1O7,572.36,3.51,564.117,Hormone
Cholesterol,C5H1N5O1,612.17,1.14,517.835,Lipid
Cholesterol,C17H22N1O3,591.83,3.7,777.199,Alkaloid
Ethanol,C7H24N5O5,301.68,2.46,204.711,Neurotransmitter
Glucose,C12H30N5O9,125.93,N/A,971.246,Organic Compound
Serotonin,C6H25N4O6,888.66,7.55,736.689,Alkaloid
Adrenaline,C15H27N2O7,933.14,13.24,801.547,Alcohol
Ethanol,C19H22N1O4,627.63,4.43,83.632,Alkaloid
Dopamine,C6H17N3O4,819.4,6.88,637.618,Lipid
Ethanol,C3H30N5O1,165.85,N/A,968.748,Lipid
Dopamine,C16H25N5O1,424.52,9.13,934.592,Nucleotide
Adrenaline,C11H31N1O7,795.3,12.97,600.393,Neurotransmitter
Ethanol,C17H39N2O10,802.38,5.58,75.01,Carbohydrate
Dopamine,C12H33N3O5,625.18,7.7,187.629,Organic Compound
Dopamine,C9H39N2O4,160.47,N/A,763.752,Alkaloid
Caffeine,C5H6N2O9,506.32,11.64,95.205,Amide
Caffeine,C9H3N5O7,871.09,2.46,790.314,Alkaloid
Cholesterol,C19H5N3O10,355.64,6.37,77.695,Amide
Serotonin,C7H33N5O2,484.19,5.9,47.849,Alcohol
Serotonin,C18H22N0O1,211.06,N/A,369.056,Alcohol
Dopamine,C4H21N0O8,72.77,3.25,0.045,Neurotransmitter
Glucose,C11H36N0O0,370.65,10.86,138.211,Lipid
Adrenaline,C17H23N4O7,857.66,10.05,578.529,Lipid
Adenosine triphosphate,C10H16N1O7,452.26,3.56,915.851,Hormone
Dopamine,C1H3N2O9,58.41,5.61,340.62,Hormone
Dopamine,C19H20N0O8,538.08,9.61,721.341,Amide
Urea,C6H14N2O5,484.93,11.38,430.787,Neurotransmitter
Adrenaline,C12H28N0O9,293.3,13.5,168.252,Lipid
Adenosine triphosphate,C4H22N2O3,935.32,12.48,433.058,Nucleotide
Glucose,C3H10N5O2,810.92,N/A,684.745,Alcohol
Urea,C12H33N0O8,613.64,1.52,365.483,Neurotransmitter
Aspirin,C9H30N3O3,107.07,5.56,913.735,Nucleotide
Serotonin,C11H17N1O6,247.84,10.73,490.762,Carbohydrate
Dopamine,C20H5N0O4,561.97,8.24,342.308,Lipid
Glucose,C11H32N4O9,239.12,9.24,834.809,Amide
Adenosine triphosphate,C11H15N1O3,479.99,4.72,802.681,Nucleotide
Urea,C5H17N4O3,931.09,N/A,172.071,Alcohol
Serotonin,C17H2N2O10,529.57,N/A,652.908,Carbohydrate
Serotonin,C16H25N4O1,742.17,4.25,797.48,Carbohydrate
Ethanol,C1H35N0O2,729.78,1.58,579.882,Alcohol
Ethanol,C20H12N5O9,528.53,12.32,167.231,Alcohol
Adenosine triphosphate,C16H11N4O1,541.75,10.39,46.751,Alkaloid
Urea,C5H15N0O1,950.16,N/A,233.422,Organic Compound
Adenosine triphosphate,C6H18N1O2,690.83,7.76,782.354,Nucleotide
Aspirin,C5H34N1O6,875.78,9.86,895.899,Hormone
Urea,C8H15N5O3,274.57,8.44,542.105,Organic Compound
Urea,C7H35N2O4,109.46,N/A,657.197,Hormone
Adenosine triphosphate,C4H24N1O6,575.34,11.56,332.936,Neurotransmitter
Dopamine,C7H18N5O5,209.58,5.06,942.434,Hormone
Ethanol,C6H12N1O4,697.62,5.85,627.372,Carbohydrate
Urea,C19H30N4O8,490.75,13.83,193.648,Hormone
Aspirin,C13H5N0O2,788.5,12.42,200.405,Carbohydrate
Serotonin,C20H7N2O1,713.84,4.51,567.438,Hormone
Serotonin,C19H5N1O9,431.61,13.37,798.211,Organic Compound
Aspirin,C1H5N4O7,615.15,1.65,393.158,Amide
Aspirin,C11H30N4O9,247.12,4.38,659.17,Alkaloid
Glucose,C8H29N2O8,725.83,8.6,824.066,Neurotransmitter
Ethanol,C1H23N1O3,273.97,4.83,741.902,Nucleotide
Serotonin,C14H24N0O8,620.56,N/A,784.732,Alcohol
Ethanol,C12H1N1O7,175.05,6.71,61.299,Lipid
Adenosine triphosphate,C13H8N5O3,653.88,13.77,490.431,Lipid
Cholesterol,C4H10N4O3,129.58,9.89,904.947,Nucleotide
Urea,C15H10N4O9,366.53,4.53,294.497,Hormone
Adrenaline,C16H6N4O4,232.59,2.12,744.999,Nucleotide
Cholesterol,C11H34N5O1,463.12,6.84,94.925,Hormone
Adrenaline,C7H36N0O2,335.55,N/A,805.929,Neurotransmitter
Adrenaline,C8H18N0O6,786.79,13.28,334.896,Carbohydrate
Adenosine triphosphate,C7H35N0O3,914.66,1.65,212.315,Alcohol
Serotonin,C12H16N4O4,855.44,3.37,764.313,Lipid
Ethanol,C8H31N2O5,109.2,10.01,484.681,Lipid
Ethanol,C6H36N4O2,214.55,13.86,877.291,Nucleotide
Glucose,C4H35N0O2,658.61,3.53,338.608,Neurotransmitter
Adrenaline,C2H39N4O3,856.08,1.89,84.006,Alcohol
Adenosine triphosphate,C18H15N4O6,623.47,9.7,665.661,Organic Compound
Caffeine,C2H35N0O7,193.94,4.5,770.632,Amide
Ethanol,C14H26N3O4,252.93,11.54,628.584,Carbohydrate
Ethanol,C19H6N3O0,466.36,12.19,871.952,Alkaloid
Glucose,C6H38N2O10,60.02,2.09,68.239,Hormone
Serotonin,C20H6N2O10,184.11,N/A,984.059,Alcohol
Urea,C12H15N0O10,978.04,N/A,898.254,Hormone
Cholesterol,C12H37N3O3,249.17,13.74,593.188,Alkaloid
Urea,C19H15N3O2,857.88,8.17,893.78,Neurotransmitter
Urea,C13H1N5O3,710.23,N/A,936.486,Organic Compound
Aspirin,C9H37N1O0,144.23,7.91,511.446,Lipid
Adrenaline,C2H40N3O5,642.07,6.43,218.975,Amide
Caffeine,C12H5N0O5,329.56,8.36,702.612,Lipid
Aspirin,C16H22N2O4,873.47,N/A,333.035,Carbohydrate
Glucose,C20H37N5O2,224.2,11.75,485.493,Lipid
Urea,C16H1N2O6,410.93,N/A,827.638,Hormone
Glucose,C16H3N2O6,894.49,9.83,766.159,Organic Compound
Adrenaline,C3H27N3O7,661.93,7.96,332.713,Nucleotide
Serotonin,C10H9N0O5,865.84,6.49,437.41,Alcohol
Dopamine,C10H20N0O4,499.35,2.63,759.027,Lipid
Cholesterol,C14H14N0O6,485.63,2.28,630.661,Organic Compound
Dopamine,C14H2N4O4,173.36,10.41,228.783,Alkaloid
Dopamine,C5H3N2O5,949.38,3.87,215.016,Lipid
Aspirin,C19H29N2O3,541.31,N/A,62.42,Organic Compound
Dopamine,C15H32N4O0,652.65,4.94,54.854,Carbohydrate
Adrenaline,C15H4N4O0,260.27,N/A,932.121,Amide
Cholesterol,C5H19N1O2,100.22,2.84,394.405,Alcohol
Ethanol,C1H21N0O1,285.79,9.47,110.647,Nucleotide
Ethanol,C14H21N2O1,915.62,6.54,750.154,Alcohol
Urea,C16H18N5O6,553.2,9.99,785.205,Nucleotide
Glucose,C6H2N4O5,625.65,N/A,212.545,Neurotransmitter
Urea,C6H3N4O3,260.92,4.54,879.615,Organic Compound
Cholesterol,C2H28N2O1,811.54,N/A,185.022,Alcohol
Serotonin,C2H4N0O10,911.51,11.05,137.652,Neurotransmitter
Adrenaline,C14H15N2O6,183.09,13.26,983.23,Carbohydrate
Cholesterol,C5H24N5O0,304.94,1.8,87.225,Hormone
Glucose,C12H31N4O0,754.11,13.48,222.84,Alkaloid
Cholesterol,C4H3N0O9,310.65,N/A,691.919,Carbohydrate
Urea,C4H7N0O10,353.86,7.6,598.243,Carbohydrate
Glucose,C3H3N0O5,527.93,13.34,286.059,Organic Compound
Dopamine,C2H34N0O3,474.46,3.52,762.131,Hormone
Adenosine triphosphate,C12H39N5O7,828.36,N/A,195.573,Organic Compound
Serotonin,C2H1N0O7,667.84,N/A,442.929,Lipid
Aspirin,C16H6N1O3,446.02,7.18,506.437,Lipid
Urea,C19H4N3O2,714.02,4.78,635.915,Lipid
Caffeine,C14H27N2O10,349.6,5.58,432.536,Alcohol
Caffeine,C8H12N2O0,224.3,10.9,29.887,Alkaloid
Glucose,C16H25N0O10,269.8,2.39,21.063,Nucleotide
Aspirin,C19H10N0O10,513.94,7.61,143.138,Nucleotide
Glucose,C19H22N3O7,454.74,13.17,880.964,Lipid
Serotonin,C14H29N1O5,957.9,1.03,8.498,Organic Compound
Adrenaline,C4H17N5O6,958.73,8.14,694.364,Carbohydrate
Serotonin,C14H10N2O9,928.15,2.78,317.204,Nucleotide
Glucose,C4H18N2O8,693.35,6.16,858.591,Alcohol
Serotonin,C16H34N2O8,981.8,13.2,726.679,Alcohol
Serotonin,C9H10N1O2,74.87,5.15,49.167,Lipid
Glucose,C1H10N4O4,947.22,13.86,773.308,Hormone
Cholesterol,C7H13N3O0,206.57,6.6,34.463,Lipid
Adrenaline,C4H12N4O7,468.77,7.06,903.753,Amide
Adenosine triphosphate,C6H9N5O10,128.27,5.65,72.612,Hormone
Aspirin,C6H16N0O9,888.68,11.62,100.188,Amide
Glucose,C9H23N4O2,426.71,13.43,340.498,Alcohol
Cholesterol,C4H39N2O7,125.35,13.28,403.83,Alcohol
Cholesterol,C5H6N1O2,760.44,5.0,954.117,Nucleotide
Glucose,C11H34N3O5,675.39,2.07,167.784,Amide
Ethanol,C3H22N3O8,737.8,5.36,665.638,Nucleotide
Cholesterol,C19H19N0O2,410.02,8.4,732.557,Alcohol
Aspirin,C4H34N1O9,690.46,6.04,107.312,Carbohydrate
Caffeine,C13H28N5O9,71.72,N/A,801.572,Hormone
Glucose,C2H17N4O0,830.13,1.97,514.104,Carbohydrate
Serotonin,C12H8N5O8,600.77,12.61,67.003,Nucleotide
Aspirin,C11H40N4O2,93.32,2.12,36.258,Alkaloid
Aspirin,C19H20N4O7,840.18,3.79,441.231,Hormone
Cholesterol,C17H4N3O2,692.43,11.07,338.704,Organic Compound
Serotonin,C4H13N5O4,511.0,N/A,665.764,Alcohol
Urea,C15H4N1O6,872.93,4.93,224.782,Organic Compound
Adrenaline,C19H6N3O2,334.38,3.78,644.819,Alcohol
Ethanol,C2H12N1O5,72.23,4.55,861.146,Alcohol
Aspirin,C9H2N4O3,727.49,2.12,925.192,Hormone
Adrenaline,C20H38N5O7,760.97,1.79,372.32,Neurotransmitter
Urea,C1H20N1O2,384.76,6.96,523.056,Amide
Urea,C7H1N4O6,566.51,N/A,305.612,Lipid
Glucose,C1H15N4O8,572.77,5.95,757.513,Alkaloid
Serotonin,C17H22N2O4,387.4,8.58,881.282,Organic Compound
Caffeine,C9H3N0O10,545.16,6.03,505.632,Lipid
Adrenaline,C9H17N0O3,830.1,N/A,483.515,Nucleotide
Ethanol,C17H26N5O7,890.24,3.7,400.911,Lipid
Glucose,C17H16N3O2,636.13,9.83,341.604,Alkaloid
Serotonin,C18H1N0O7,631.68,N/A,533.545,Neurotransmitter
Adrenaline,C5H28N0O4,444.86,10.41,974.598,Amide
Aspirin,C16H25N2O10,194.92,8.08,383.289,Carbohydrate
Dopamine,C18H40N1O6,746.56,2.63,586.04,Lipid
Ethanol,C15H30N2O9,682.72,N/A,287.345,Alcohol
Ethanol,C20H16N1O4,963.35,3.62,351.651,Amide
Glucose,C14H10N4O9,264.32,N/A,472.237,Lipid
Cholesterol,C19H28N2O2,721.81,4.28,467.929,Amide
Urea,C2H37N5O8,665.4,3.8,648.163,Nucleotide
Caffeine,C9H19N0O8,469.59,1.41,932.494,Nucleotide
Adrenaline,C17H9N3O5,937.49,10.33,510.001,Amide
Dopamine,C13H27N4O1,764.52,4.38,936.183,Alkaloid
Serotonin,C6H24N0O9,310.37,13.1,227.093,Lipid
Urea,C9H8N1O5,794.05,8.41,859.778,Neurotransmitter
Aspirin,C18H7N2O2,70.71,13.87,426.008,Carbohydrate
Aspirin,C11H38N3O0,63.0,N/A,455.339,Nucleotide
Serotonin,C8H7N1O6,825.43,4.54,802.373,Nucleotide
Urea,C13H35N3O7,380.6,N/A,491.09,Neurotransmitter
Cholesterol,C16H28N5O0,134.1,8.78,792.86,Amide
Caffeine,C8H5N3O9,370.0,9.12,720.044,Neurotransmitter
Aspirin,C5H40N5O8,479.57,10.15,865.969,Organic Compound
Serotonin,C17H34N2O9,739.68,N/A,175.544,Carbohydrate
Serotonin,C14H15N4O1,118.25,13.92,229.817,Organic Compound
Urea,C19H30N2O6,667.88,10.88,579.072,Organic Compound
Cholesterol,C19H31N5O4,389.36,1.27,953.289,Nucleotide
Aspirin,C9H26N1O5,350.61,1.26,264.212,Alkaloid
Aspirin,C8H13N5O2,69.51,N/A,852.475,Organic Compound
Caffeine,C17H13N1O6,918.45,6.19,428.144,Organic Compound
Dopamine,C3H16N4O6,894.22,1.87,624.446,Nucleotide
Ethanol,C3H10N1O10,899.95,6.72,353.725,Hormone
Adenosine triphosphate,C19H32N4O5,441.58,3.76,235.653,Nucleotide
Adrenaline,C11H28N0O4,859.77,11.58,273.608,Carbohydrate
Serotonin,C1H38N2O1,553.25,7.77,407.732,Alkaloid
Caffeine,C19H29N0O0,359.26,12.92,874.437,Nucleotide
Urea,C15H26N5O5,544.1,N/A,321.095,Lipid
Caffeine,C3H5N0O7,865.81,4.18,848.214,Hormone
Serotonin,C1H38N5O0,367.57,N/A,886.942,Alcohol
Adrenaline,C8H39N4O4,51.68,N/A,252.213,Alkaloid
Ethanol,C16H11N2O5,272.6,1.64,320.026,Alkaloid
Adenosine triphosphate,C9H25N3O10,630.72,6.5,599.179,Lipid
Caffeine,C1H10N3O3,628.02,11.39,300.824,Nucleotide
Ethanol,C19H16N1O10,393.17,N/A,929.673,Nucleotide
Glucose,C11H36N3O4,756.85,N/A,465.939,Carbohydrate
Urea,C5H22N0O1,812.5,7.98,259.296,Neurotransmitter
Cholesterol,C4H10N5O6,389.26,10.45,607.075,Nucleotide
Ethanol,C14H3N3O0,852.71,N/A,885.063,Organic Compound
Cholesterol,C11H13N3O8,142.18,11.56,422.821,Carbohydrate
Glucose,C4H14N5O6,440.52,4.73,946.883,Lipid
Adenosine triphosphate,C10H22N3O7,302.58,1.03,320.482,Organic Compound
Cholesterol,C18H17N3O1,265.91,5.09,907.558,Hormone
Caffeine,C16H25N1O9,74.82,N/A,98.708,Nucleotide
Adenosine triphosphate,C4H5N1O0,893.16,3.05,837.747,Organic Compound
Aspirin,C9H7N1O1,758.52,2.9,770.421,Amide
Cholesterol,C6H28N1O0,188.98,10.52,604.142,Hormone
Cholesterol,C18H2N5O1,768.45,3.46,870.127,Amide
Cholesterol,C14H25N2O6,87.15,4.04,852.071,Hormone
Adrenaline,C7H26N0O4,743.09,6.14,5.773,Alkaloid
Cholesterol,C17H5N3O5,513.94,12.64,845.452,Lipid
Adrenaline,C5H6N3O9,57.96,1.32,972.436,Amide
Dopamine,C17H8N5O7,468.86,7.23,175.377,Nucleotide
Adrenaline,C5H20N0O1,76.54,7.7,151.025,Lipid
Glucose,C14H12N2O6,975.09,13.77,698.039,Hormone
Glucose,C4H1N1O10,822.06,N/A,162.097,Organic Compound
Urea,C8H28N4O1,981.81,11.9,99.841,Lipid
Serotonin,C9H14N0O6,228.03,12.17,757.966,Alcohol
Dopamine,C12H15N1O7,988.95,7.05,317.797,Lipid
Cholesterol,C15H16N4O8,446.96,7.46,50.93,Amide
Urea,C13H14N0O1,251.18,11.05,624.831,Neurotransmitter
Caffeine,C1H5N5O0,860.1,1.53,310.334,Alkaloid
Caffeine,C20H34N3O6,192.53,11.42,367.046,Carbohydrate
Urea,C19H1N1O8,299.28,8.15,157.133,Hormone
Serotonin,C12H26N5O3,421.23,6.24,180.245,Alcohol
Dopamine,C13H32N1O9,182.43,5.68,364.425,Neurotransmitter
Ethanol,C12H28N3O5,341.23,6.66,787.759,Nucleotide
Ethanol,C9H31N5O0,494.88,10.68,66.352,Organic Compound
Ethanol,C18H6N2O7,318.1,3.78,416.951,Lipid
Dopamine,C9H32N1O8,103.87,5.26,170.33,Hormone
Aspirin,C17H40N3O10,145.6,13.8,707.964,Nucleotide
Adenosine triphosphate,C12H25N1O4,939.35,13.33,969.11,Carbohydrate
Ethanol,C17H17N1O2,440.82,9.55,774.197,Lipid
Urea,C6H8N3O0,701.2,4.83,120.511,Carbohydrate
Glucose,C11H18N0O9,491.17,5.96,378.455,Alcohol
Urea,C8H2N1O10,476.57,13.74,981.095,Lipid
Ethanol,C8H3N1O2,208.36,3.48,470.268,Organic Compound
Ethanol,C19H40N0O8,394.38,4.95,421.433,Alcohol
Cholesterol,C6H12N1O1,420.15,N/A,241.665,Lipid
Cholesterol,C7H29N1O1,299.3,N/A,883.734,Carbohydrate
Ethanol,C4H39N0O2,642.91,N/A,847.408,Hormone
Cholesterol,C13H2N1O4,146.96,N/A,885.584,Organic Compound
Aspirin,C10H20N0O10,209.03,2.08,246.775,Amide
Glucose,C20H14N3O7,322.14,3.42,217.064,Hormone
Urea,C20H23N5O5,618.91,7.27,379.864,Neurotransmitter
Caffeine,C8H13N2O9,861.0,7.32,28.117,Alkaloid
Ethanol,C14H24N2O5,390.81,8.3,175.615,Neurotransmitter
Caffeine,C12H10N1O5,494.36,5.99,564.701,Nucleotide
Adrenaline,C19H26N2O7,664.53,1.05,872.996,Neurotransmitter
Urea,C10H17N3O3,176.27,4.79,71.898,Neurotransmitter
Caffeine,C2H3N2O5,209.61,N/A,967.544,Neurotransmitter
Glucose,C20H29N3O9,517.87,N/A,286.73,Alkaloid
Glucose,C9H24N1O5,987.83,N/A,739.756,Alcohol
Ethanol,C6H29N0O3,192.01,6.3,547.159,Neurotransmitter
Urea,C8H2N1O9,857.38,N/A,389.162,Carbohydrate
Glucose,C20H4N2O5,111.0,8.65,210.452,Carbohydrate
Aspirin,C5H11N1O1,410.7,9.06,731.898,Carbohydrate
Adenosine triphosphate,C16H27N0O1,242.43,11.44,537.678,Hormone
Adenosine triphosphate,C2H11N2O4,722.59,7.25,643.029,Alcohol
Caffeine,C9H2N4O4,596.89,7.79,243.767,Alcohol
Caffeine,C2H14N1O3,58.3,1.87,944.786,Hormone
Adenosine triphosphate,C17H36N3O0,840.38,1.68,296.216,Lipid
Cholesterol,C13H5N1O10,272.93,N/A,519.915,Lipid
Glucose,C6H39N5O10,784.57,11.29,988.969,Neurotransmitter
Aspirin,C13H25N1O8,244.72,4.5,588.741,Neurotransmitter
Cholesterol,C16H21N2O3,747.05,13.1,182.931,Carbohydrate
Ethanol,C11H34N1O4,898.07,2.35,288.013,Nucleotide
Caffeine,C7H32N0O1,445.57,1.04,861.072,Amide
Serotonin,C1H4N0O2,613.01,N/A,613.389,Neurotransmitter
Caffeine,C3H7N4O8,912.88,9.37,617.682,Alkaloid
Ethanol,C2H23N2O6,91.63,N/A,450.91,Hormone
Cholesterol,C13H36N3O7,635.18,1.95,789.013,Hormone
Serotonin,C18H26N1O7,590.01,6.61,824.736,Alcohol
Glucose,C6H27N5O3,138.36,N/A,628.881,Organic Compound
Serotonin,C4H15N3O9,841.8,12.25,453.61,Alkaloid
Aspirin,C5H40N1O7,136.08,7.64,108.061,Organic Compound
Dopamine,C12H26N1O1,586.08,9.44,599.039,Amide
Adrenaline,C15H12N5O2,621.72,1.41,808.455,Hormone
Cholesterol,C16H25N5O2,733.42,2.37,56.535,Alcohol
Adrenaline,C5H36N0O8,85.25,6.0,132.08,Neurotransmitter
Adrenaline,C7H18N0O4,702.23,9.17,864.609,Nucleotide
Adenosine triphosphate,C9H6N2O10,434.62,13.11,169.143,Organic Compound
Adrenaline,C15H7N1O3,744.78,7.04,876.068,Organic Compound
Aspirin,C5H33N3O8,383.6,N/A,50.757,Carbohydrate
Adrenaline,C20H3N1O7,296.23,N/A,559.865,Amide
Caffeine,C20H34N3O0,381.24,6.32,286.428,Hormone
Serotonin,C9H2N5O8,498.62,7.26,197.672,Carbohydrate
Ethanol,C11H25N1O5,440.21,6.28,946.325,Alcohol
Glucose,C20H4N5O7,696.66,N/A,553.029,Neurotransmitter
Adrenaline,C2H22N0O3,863.37,7.44,144.673,Lipid
Aspirin,C6H29N2O10,888.88,8.1,404.908,Nucleotide
Aspirin,C5H28N4O0,568.05,8.4,715.478,Lipid
Ethanol,C1H25N4O4,689.51,10.45,370.177,Lipid
Aspirin,C4H14N1O3,174.49,N/A,732.261,Alkaloid
Caffeine,C11H1N0O8,979.98,3.35,49.439,Amide
Aspirin,C8H21N4O7,395.55,7.73,865.546,Neurotransmitter
Cholesterol,C11H12N2O9,316.71,N/A,464.979,Alkaloid
Adrenaline,C14H11N2O8,194.6,7.56,44.462,Hormone
Adenosine triphosphate,C19H14N0O5,694.79,N/A,77.587,Lipid
Caffeine,C12H38N3O6,812.71,N/A,935.715,Amide
Adrenaline,C13H16N4O6,410.8,N/A,468.73,Neurotransmitter
Serotonin,C18H20N2O2,420.28,12.04,281.754,Lipid
Serotonin,C14H15N3O10,190.59,2.78,826.054,Neurotransmitter
Glucose,C18H25N5O8,622.57,N/A,115.83,Neurotransmitter
Urea,C3H28N1O1,453.76,10.47,684.175,Organic Compound
Dopamine,C17H30N0O1,75.64,5.44,552.891,Alkaloid
Serotonin,C3H37N0O9,408.2,4.51,600.442,Nucleotide
Cholesterol,C4H20N3O3,576.23,7.13,415.616,Neurotransmitter
Aspirin,C3H35N4O8,496.98,10.06,879.514,Neurotransmitter
Caffeine,C15H35N0O5,398.52,N/A,99.07,Lipid
Adenosine triphosphate,C10H9N0O7,244.84,10.21,306.156,Nucleotide
Adrenaline,C16H9N2O5,906.39,8.22,133.221,Nucleotide
Adenosine triphosphate,C19H5N2O7,776.22,10.72,754.87,Hormone
Glucose,C18H16N2O2,350.72,4.04,73.58,Carbohydrate
Urea,C11H19N1O4,253.66,5.25,417.111,Lipid
Caffeine,C7H36N3O6,662.48,6.19,940.564,Carbohydrate
Glucose,C16H6N1O1,847.25,12.05,531.469,Alkaloid
Aspirin,C2H19N2O1,742.79,1.79,942.454,Amide
Serotonin,C16H34N3O10,665.6,N/A,456.917,Alcohol
Cholesterol,C19H5N5O1,169.02,N/A,229.759,Alkaloid
Ethanol,C16H15N4O9,409.87,2.37,921.648,Alcohol
Adrenaline,C7H15N3O10,122.79,2.9,900.75,Amide
Aspirin,C20H14N4O7,128.19,10.31,304.292,Lipid
Adenosine triphosphate,C15H36N5O7,839.4,N/A,407.52,Alcohol
Urea,C1H37N0O9,617.09,7.33,609.337,Hormone
Cholesterol,C8H33N3O0,716.97,12.61,293.634,Carbohydrate
Caffeine,C19H9N0O9,137.75,9.41,662.605,Carbohydrate
Caffeine,C9H25N4O10,488.95,8.01,60.888,Organic Compound
Serotonin,C10H35N3O5,420.0,N/A,570.199,Amide
Cholesterol,C9H1N4O0,539.14,9.39,336.137,Organic Compound
Glucose,C16H24N4O10,929.1,6.54,723.971,Alkaloid
Serotonin,C2H24N0O8,614.75,4.1,155.073,Lipid
Cholesterol,C20H4N0O1,593.5,11.77,607.776,Neurotransmitter
Adrenaline,C20H31N4O0,745.45,8.42,304.196,Lipid
Dopamine,C14H34N4O0,771.89,5.11,687.543,Organic Compound
Cholesterol,C1H26N5O7,997.92,11.97,538.344,Organic Compound
Urea,C5H25N5O8,102.8,9.22,905.006,Lipid
Serotonin,C2H31N4O3,687.45,8.37,383.978,Amide
Adenosine triphosphate,C6H32N2O3,686.1,13.03,248.781,Amide
Aspirin,C14H24N1O9,693.8,3.17,928.514,Alkaloid
Caffeine,C19H14N3O0,560.4,7.6,733.339,Amide
Adrenaline,C3H37N2O7,431.73,12.7,288.975,Neurotransmitter
Adenosine triphosphate,C1H27N5O2,348.16,10.22,992.215,Organic Compound
Serotonin,C12H20N1O4,542.19,13.57,537.454,Alcohol
Urea,C17H11N1O0,540.53,3.16,10.386,Amide
Dopamine,C20H32N3O8,165.56,7.14,251.309,Hormone
Adenosine triphosphate,C10H30N5O5,181.72,13.96,988.438,Carbohydrate
Adenosine triphosphate,C18H27N0O2,979.81,6.97,150.816,Alkaloid
Dopamine,C12H6N0O9,690.98,9.98,909.766,Carbohydrate
Aspirin,C19H19N0O4,632.58,N/A,172.193,Carbohydrate
Adenosine triphosphate,C18H11N0O4,961.2,6.3,209.622,Neurotransmitter
Serotonin,C17H29N1O5,966.76,10.17,445.728,Nucleotide
Adenosine triphosphate,C13H7N3O5,198.67,11.86,169.127,Hormone
Serotonin,C17H13N4O7,481.09,1.01,479.867,Amide
Adenosine triphosphate,C7H25N4O2,474.37,6.69,722.451,Neurotransmitter
Adenosine triphosphate,C11H4N5O8,774.3,10.47,451.422,Alkaloid
Adenosine triphosphate,C11H17N5O6,983.94,2.59,711.964,Amide
Ethanol,C13H15N3O6,567.35,3.07,44.437,Nucleotide
Glucose,C3H30N2O10,402.34,N/A,586.855,Hormone
Urea,C11H8N1O4,83.79,1.21,624.379,Amide
Urea,C2H32N4O9,368.02,3.45,570.535,Alcohol
Glucose,C8H14N4O0,898.74,N/A,318.024,Neurotransmitter
Ethanol,C11H18N4O2,353.11,4.66,501.707,Alkaloid
Caffeine,C13H17N5O4,130.7,3.01,129.077,Neurotransmitter
Urea,C12H16N4O3,224.45,9.56,203.481,Alkaloid
Adenosine triphosphate,C10H34N0O6,699.69,5.52,704.941,Alkaloid
Adenosine triphosphate,C15H37N5O9,930.87,12.38,963.03,Alcohol
Urea,C12H8N5O4,217.94,5.09,841.242,Lipid
Cholesterol,C5H4N5O10,570.05,8.86,660.799,Lipid
Glucose,C20H28N4O6,778.87,N/A,355.582,Alcohol
Adenosine triphosphate,C16H5N4O8,315.72,N/A,568.25,Organic Compound
Urea,C3H5N1O3,578.12,9.85,88.146,Alcohol
Ethanol,C9H4N5O3,247.53,12.01,547.15,Organic Compound
Dopamine,C3H29N2O3,813.6,1.35,545.12,Alcohol
Glucose,C5H13N1O4,580.24,7.35,575.767,Nucleotide
Adenosine triphosphate,C18H1N0O8,128.32,5.43,725.92,Alcohol
Caffeine,C18H14N5O7,935.08,12.83,263.652,Neurotransmitter
Cholesterol,C11H22N3O8,792.35,11.43,296.898,Neurotransmitter
Caffeine,C13H23N5O2,155.45,N/A,448.999,Alcohol
Cholesterol,C11H1N0O2,771.24,8.35,667.49,Alkaloid
Glucose,C17H19N3O1,461.41,6.05,614.035,Carbohydrate
Aspirin,C16H7N2O1,435.65,10.71,589.345,Organic Compound
Aspirin,C17H3N5O0,607.24,13.8,688.358,Neurotransmitter
Adrenaline,C16H13N3O0,427.3,4.76,9.338,Amide
Ethanol,C8H12N4O2,817.96,11.04,402.084,Alcohol
Dopamine,C7H14N3O10,476.25,11.76,588.552,Hormone
Cholesterol,C12H16N1O7,521.1,7.86,685.393,Nucleotide
Dopamine,C2H15N3O0,495.6,4.3,253.399,Neurotransmitter
Adrenaline,C6H31N4O5,659.98,N/A,35.17,Neurotransmitter
Serotonin,C6H16N0O3,625.06,11.87,705.721,Organic Compound
Adrenaline,C14H28N2O4,795.59,11.76,597.619,Alcohol
Serotonin,C15H36N3O5,844.86,2.26,147.682,Lipid
Urea,C8H1N3O9,795.94,13.18,741.299,Hormone
Adenosine triphosphate,C19H22N4O5,494.44,9.05,885.262,Amide
Glucose,C15H33N1O4,897.32,7.75,27.032,Organic Compound
Adenosine triphosphate,C5H26N4O10,802.58,10.14,965.777,Organic Compound
Adrenaline,C2H15N3O5,828.8,3.53,689.145,Alcohol
Caffeine,C2H12N4O5,941.65,2.81,871.94,Amide
Aspirin,C3H16N3O10,508.26,2.87,721.724,Hormone
Adenosine triphosphate,C4H6N0O3,791.52,5.01,506.557,Alcohol
Urea,C16H34N3O5,455.32,12.69,183.469,Alcohol
Aspirin,C9H6N3O8,509.17,5.62,258.537,Alkaloid
Dopamine,C18H9N4O8,881.85,3.77,514.826,Nucleotide
Caffeine,C17H38N5O2,542.55,N/A,310.47,Alkaloid
Glucose,C4H17N2O4,817.62,N/A,795.288,Alkaloid
Serotonin,C4H25N4O4,213.9,11.65,893.781,Alkaloid
Adenosine triphosphate,C9H29N2O9,841.48,N/A,665.019,Organic Compound
Adenosine triphosphate,C6H37N3O3,299.6,5.75,946.976,Alcohol
Urea,C7H29N5O4,753.6,11.11,632.341,Amide
Aspirin,C5H32N4O1,915.55,N/A,583.773,Amide
Adrenaline,C2H21N3O1,989.26,N/A,162.702,Nucleotide
Glucose,C9H31N0O3,927.9,2.52,717.813,Carbohydrate
Aspirin,C1H14N2O8,264.84,6.11,468.237,Amide
Cholesterol,C2H14N0O10,771.86,3.6,209.841,Alcohol
Dopamine,C6H19N5O7,449.68,5.0,404.589,Alkaloid
Caffeine,C4H27N5O7,121.48,4.48,558.823,Organic Compound
Cholesterol,C17H16N0O6,594.0,2.52,571.089,Organic Compound
Aspirin,C7H19N5O3,485.13,2.07,530.355,Nucleotide
Caffeine,C15H38N3O3,354.41,11.17,704.429,Nucleotide
Cholesterol,C18H6N5O2,945.96,N/A,234.935,Amide
Glucose,C8H28N3O7,919.03,2.65,752.943,Organic Compound
Dopamine,C5H16N3O4,835.05,7.38,674.35,Alcohol
Adenosine triphosphate,C18H31N0O10,722.74,9.68,843.587,Alkaloid
Urea,C1H14N4O10,278.4,7.76,534.718,Nucleotide
Serotonin,C11H40N5O8,728.41,N/A,900.372,Alkaloid
Caffeine,C20H38N1O2,804.32,3.18,162.825,Amide
Urea,C18H12N5O1,613.87,12.13,442.942,Alcohol
Aspirin,C4H10N5O9,701.03,7.76,897.567,Lipid
Glucose,C16H32N3O8,835.36,7.4,636.491,Alcohol
Glucose,C7H14N0O5,832.93,12.26,450.003,Organic Compound
Dopamine,C19H38N1O2,760.83,N/A,502.642,Neurotransmitter
Aspirin,C9H14N4O7,103.93,13.44,730.17,Nucleotide
Adrenaline,C9H18N5O10,564.35,5.71,541.402,Organic Compound
Adenosine triphosphate,C6H9N5O10,331.81,4.49,170.397,Alkaloid
Adrenaline,C8H26N2O4,829.81,1.91,211.241,Alcohol
Serotonin,C15H6N1O7,506.0,13.07,120.694,Alcohol
Dopamine,C20H10N1O10,151.97,3.74,802.771,Lipid
Glucose,C3H2N2O8,995.61,4.98,269.367,Hormone
Dopamine,C15H22N1O0,885.49,6.74,347.416,Lipid
Adrenaline,C16H18N3O0,92.24,12.96,971.877,Alcohol
Adrenaline,C4H13N2O10,850.55,12.02,629.738,Nucleotide
Glucose,C16H23N2O10,797.23,2.74,8.345,Alkaloid
Adrenaline,C10H30N4O6,275.73,10.19,195.315,Hormone
Dopamine,C20H3N0O6,693.87,10.57,333.516,Carbohydrate
Aspirin,C10H11N1O8,406.6,2.14,714.678,Carbohydrate
Adenosine triphosphate,C6H34N5O5,325.28,N/A,192.389,Lipid
Cholesterol,C9H31N1O6,735.16,N/A,83.32,Amide
Cholesterol,C9H24N2O0,217.9,10.14,94.146,Carbohydrate
Adenosine triphosphate,C2H40N0O1,303.05,12.98,611.965,Carbohydrate
Adrenaline,C2H35N3O1,401.47,N/A,386.938,Carbohydrate
Serotonin,C1H5N4O10,810.6,3.32,261.203,Carbohydrate
Cholesterol,C6H22N2O5,545.97,4.37,164.927,Alcohol
Urea,C11H6N0O1,855.74,N/A,162.671,Lipid
Ethanol,C6H26N2O8,387.27,12.92,49.59,Alcohol
Dopamine,C3H11N5O10,299.77,1.78,253.148,Lipid
Urea,C8H5N1O3,476.83,N/A,740.059,Nucleotide
Adenosine triphosphate,C18H3N0O3,318.99,13.07,749.458,Lipid
Glucose,C2H37N3O10,798.09,4.44,48.429,Lipid
Aspirin,C20H27N3O5,392.82,12.83,951.604,Organic Compound
Caffeine,C18H19N1O7,248.55,2.86,942.148,Hormone
Dopamine,C4H38N3O7,585.11,12.44,836.97,Carbohydrate
Cholesterol,C6H21N0O7,586.26,N/A,67.079,Alcohol
Ethanol,C6H38N3O1,134.55,2.54,724.785,Amide
Cholesterol,C19H35N3O7,162.58,N/A,467.612,Organic Compound
Aspirin,C13H15N0O6,892.68,6.45,754.778,Neurotransmitter
Serotonin,C18H28N1O10,456.91,8.69,270.629,Neurotransmitter
Ethanol,C15H34N3O8,307.89,N/A,534.373,Hormone
Caffeine,C3H24N0O10,860.35,N/A,25.358,Carbohydrate
Adenosine triphosphate,C8H14N1O9,819.45,13.08,190.389,Nucleotide
Glucose,C2H12N3O1,220.41,N/A,713.863,Lipid
Ethanol,C7H7N1O0,360.17,11.03,665.833,Neurotransmitter
Cholesterol,C4H31N1O7,440.69,N/A,706.144,Amide
Adenosine triphosphate,C4H3N4O0,79.22,8.56,71.851,Alkaloid
Dopamine,C16H13N1O2,164.0,12.27,648.675,Alcohol
Serotonin,C13H37N3O4,441.5,N/A,954.867,Organic Compound
Caffeine,C6H38N3O0,553.13,N/A,520.948,Amide
Aspirin,C17H35N4O4,858.75,3.46,675.041,Alcohol
Urea,C14H35N4O8,834.32,9.96,729.336,Lipid
Cholesterol,C4H37N5O10,374.76,13.63,237.548,Hormone
Ethanol,C19H37N1O5,597.12,6.93,511.413,Lipid
Urea,C15H15N5O5,766.89,9.28,810.175,Nucleotide
Glucose,C5H27N4O0,758.52,7.63,390.675,Neurotransmitter
Glucose,C15H24N5O2,216.11,6.7,807.31,Lipid
Glucose,C7H3N3O7,247.42,6.08,32.388,Alcohol
Caffeine,C4H18N0O3,572.96,2.84,535.453,Amide
Glucose,C12H37N0O1,207.77,9.61,505.665,Amide
Adrenaline,C19H32N2O7,728.87,1.55,422.498,Hormone
Adenosine triphosphate,C7H15N4O7,285.76,8.94,638.791,Hormone
Aspirin,C10H17N2O4,502.57,N/A,360.528,Lipid
Aspirin,C18H6N1O7,701.69,1.29,423.58,Alkaloid
Urea,C14H28N2O9,96.4,1.56,305.47,Organic Compound
Urea,C7H9N1O7,984.95,N/A,151.983,Lipid
Adenosine triphosphate,C11H13N5O1,382.98,N/A,429.746,Carbohydrate
Caffeine,C20H29N5O3,852.47,2.69,988.64,Amide
Adrenaline,C11H28N4O7,480.52,12.39,486.981,Neurotransmitter
Glucose,C12H19N1O2,676.65,8.08,636.727,Alcohol
Dopamine,C4H19N2O3,721.39,N/A,97.154,Organic Compound
Glucose,C14H21N1O5,124.28,2.21,152.402,Nucleotide
Serotonin,C15H26N0O7,635.52,12.13,471.184,Alkaloid
Ethanol,C5H39N0O1,932.17,3.35,406.961,Lipid
Ethanol,C6H20N3O5,207.55,7.82,900.008,Nucleotide
Urea,C2H1N5O9,846.93,11.46,715.486,Nucleotide
Aspirin,C5H36N1O1,331.25,3.29,322.381,Alkaloid
Caffeine,C9H25N5O7,312.45,13.5,416.909,Neurotransmitter
Ethanol,C6H13N1O6,350.23,4.41,384.466,Carbohydrate
Aspirin,C10H12N4O8,109.59,5.27,41.65,Alcohol
Ethanol,C18H7N2O6,602.51,12.95,418.17,Amide
Caffeine,C4H2N2O3,426.03,8.06,229.643,Lipid
Ethanol,C2H15N3O4,827.97,2.9,519.491,Carbohydrate
Glucose,C1H7N5O1,326.44,3.43,232.115,Neurotransmitter
Glucose,C1H22N3O2,471.05,8.77,251.475,Carbohydrate
Ethanol,C7H8N5O7,411.07,12.46,936.983,Alkaloid
Urea,C18H24N0O2,834.82,9.85,103.081,Lipid
Serotonin,C20H2N2O1,161.01,12.74,618.303,Lipid
Serotonin,C17H30N2O2,365.73,6.31,472.251,Alcohol
Glucose,C6H38N0O6,912.24,4.13,260.334,Amide
Dopamine,C14H9N3O4,237.76,5.5,705.809,Neurotransmitter
Adenosine triphosphate,C20H33N1O3,657.1,9.1,146.197,Hormone
Cholesterol,C9H14N5O6,677.78,13.21,396.445,Neurotransmitter
Adrenaline,C11H17N0O1,156.1,5.01,494.285,Nucleotide
Urea,C15H9N1O2,400.25,N/A,887.574,Lipid
Glucose,C9H4N1O6,67.27,N/A,984.851,Nucleotide
Adenosine triphosphate,C5H6N4O5,803.0,8.12,225.382,Hormone
Glucose,C13H31N2O4,648.49,8.09,83.168,Alkaloid
Urea,C6H3N3O9,181.93,6.67,197.618,Hormone
Adrenaline,C19H39N0O5,329.16,N/A,850.705,Hormone
Serotonin,C20H27N5O8,426.59,4.96,432.481,Hormone
Caffeine,C14H6N0O3,157.1,1.13,667.353,Hormone
Cholesterol,C11H7N5O6,517.65,3.62,682.402,Hormone
Dopamine,C15H38N3O5,693.37,10.22,218.851,Alkaloid
Adenosine triphosphate,C14H16N4O2,982.52,9.29,500.484,Hormone
Adenosine triphosphate,C16H39N5O1,831.77,13.03,186.061,Alcohol
Serotonin,C12H30N2O9,123.5,3.29,674.563,Alcohol
Ethanol,C19H34N5O0,781.93,N/A,735.518,Hormone
Ethanol,C1H6N5O3,359.99,13.36,680.622,Neurotransmitter
Ethanol,C16H33N3O1,718.36,4.37,755.042,Alcohol
Glucose,C14H7N1O3,287.12,5.59,543.539,Alkaloid
Serotonin,C1H3N4O6,687.75,8.73,857.124,Neurotransmitter
Serotonin,C1H5N3O4,392.98,5.59,815.795,Alcohol
Dopamine,C11H32N2O10,474.37,12.89,269.039,Carbohydrate
Dopamine,C12H19N4O5,630.35,9.73,762.115,Alcohol
Aspirin,C8H1N5O3,627.18,N/A,947.32,Neurotransmitter
Glucose,C10H1N4O8,763.46,N/A,677.946,Carbohydrate
Caffeine,C10H32N4O4,230.91,N/A,941.329,Organic Compound
Cholesterol,C4H35N3O5,501.97,12.1,728.55,Lipid
Ethanol,C19H32N0O7,542.26,7.19,320.48,Hormone
Cholesterol,C15H2N1O6,910.89,8.64,452.948,Carbohydrate
Dopamine,C12H40N5O9,376.39,N/A,27.756,Amide
Dopamine,C19H23N1O4,266.41,7.3,485.212,Organic Compound
Adrenaline,C5H39N2O9,604.54,6.3,664.114,Neurotransmitter
Caffeine,C16H14N3O4,859.21,5.43,356.612,Carbohydrate
Cholesterol,C17H40N3O2,412.11,1.91,538.131,Alkaloid
Cholesterol,C12H37N0O7,619.67,13.11,479.029,Carbohydrate
Caffeine,C9H26N2O4,324.23,8.47,82.752,Alcohol
Adrenaline,C5H15N2O3,864.01,11.88,732.722,Neurotransmitter
Ethanol,C10H6N2O3,756.85,1.51,830.534,Nucleotide
Urea,C14H38N3O6,507.19,9.42,119.39,Neurotransmitter
Aspirin,C3H28N4O6,95.58,N/A,693.267,Nucleotide
Aspirin,C12H33N4O10,263.76,13.93,694.51,Amide
Urea,C13H12N5O9,887.98,6.1,702.685,Nucleotide
Adrenaline,C17H15N4O3,393.74,9.41,800.695,Hormone
Adenosine triphosphate,C14H36N0O5,397.83,N/A,854.248,Neurotransmitter
Dopamine,C5H17N0O1,366.68,2.23,684.1,Amide
Glucose,C20H39N0O6,835.55,3.08,317.502,Amide
Glucose,C2H33N2O6,293.22,5.69,670.695,Nucleotide
Glucose,C15H38N0O4,565.11,12.23,770.911,Nucleotide
Ethanol,C9H39N4O4,278.98,5.51,885.7,Carbohydrate
Dopamine,C7H19N3O6,155.6,10.19,622.854,Hormone
Adrenaline,C2H19N3O3,943.28,1.61,234.166,Hormone
Serotonin,C6H16N2O3,324.96,1.74,148.989,Hormone
Dopamine,C8H26N3O1,749.72,1.96,402.081,Lipid
Ethanol,C8H36N3O10,428.79,8.79,602.064,Organic Compound
Ethanol,C16H23N1O6,232.16,N/A,255.239,Nucleotide
Cholesterol,C4H1N0O10,638.1,4.34,818.19,Neurotransmitter
Serotonin,C5H12N0O10,210.84,4.28,347.392,Neurotransmitter
Ethanol,C2H21N3O0,818.22,3.2,501.91,Organic Compound
Glucose,C18H4N0O0,144.49,1.9,383.025,Hormone
Dopamine,C16H19N5O7,653.0,12.07,295.372,Amide
Serotonin,C17H9N3O9,916.84,13.22,803.982,Alcohol
Aspirin,C13H14N0O6,426.64,2.39,71.586,Nucleotide
Aspirin,C11H39N0O8,278.34,1.97,215.175,Organic Compound
Urea,C14H17N1O4,277.59,N/A,588.031,Organic Compound
Glucose,C3H14N0O1,372.35,2.39,181.466,Amide
Glucose,C13H15N0O0,566.43,3.73,158.485,Lipid
Cholesterol,C3H30N2O2,394.02,8.86,751.309,Organic Compound
Urea,C12H2N5O4,477.02,12.72,813.018,Lipid
Aspirin,C10H36N2O7,605.26,3.96,995.376,Hormone
Glucose,C4H19N0O0,70.38,N/A,861.113,Nucleotide
Glucose,C13H11N3O1,468.26,6.85,550.727,Organic Compound
Serotonin,C6H40N0O9,674.07,13.03,424.52,Lipid
Caffeine,C15H6N4O3,491.04,10.44,870.721,Neurotransmitter
Glucose,C3H38N2O8,630.11,8.99,933.762,Amide
Glucose,C20H19N5O0,427.54,2.54,499.848,Organic Compound
Adrenaline,C14H30N0O8,544.8,1.31,351.374,Alkaloid
Urea,C11H30N5O9,285.48,6.69,813.856,Alkaloid
Caffeine,C13H26N3O10,342.11,10.9,511.488,Organic Compound
Adenosine triphosphate,C12H16N5O6,641.87,N/A,742.34,Hormone
Urea,C3H24N5O1,961.38,10.15,878.382,Lipid
Caffeine,C5H29N4O7,389.63,N/A,989.036,Hormone
Adenosine triphosphate,C3H29N3O4,714.01,N/A,472.378,Amide
Aspirin,C2H38N0O5,69.42,N/A,109.276,Alkaloid
Glucose,C16H17N2O6,285.8,8.23,0.879,Alkaloid
Cholesterol,C4H33N5O6,754.07,N/A,897.441,Organic Compound
Urea,C12H23N1O1,845.48,9.1,79.725,Neurotransmitter
Dopamine,C10H20N4O1,348.86,13.05,579.707,Alkaloid
Urea,C16H20N3O4,580.4,4.38,314.458,Alcohol
Caffeine,C9H7N5O0,683.86,11.3,108.822,Alkaloid
Adrenaline,C19H11N3O2,906.49,13.48,369.031,Nucleotide
Dopamine,C15H40N5O1,658.06,2.19,903.611,Alcohol
Adrenaline,C8H28N3O9,853.75,N/A,782.953,Carbohydrate
Cholesterol,C9H26N3O10,972.05,13.33,349.51,Lipid
Cholesterol,C9H28N4O9,532.62,7.78,968.927,Neurotransmitter
Caffeine,C15H3N0O4,568.62,5.15,92.383,Lipid
Adrenaline,C20H39N0O4,908.03,5.49,595.862,Lipid
Adenosine triphosphate,C14H36N5O10,942.61,9.46,269.023,Amide
Cholesterol,C10H16N5O3,493.39,11.81,4.777,Neurotransmitter
Ethanol,C14H26N4O2,382.76,8.91,498.45,Nucleotide
Adrenaline,C8H5N4O6,537.38,10.46,126.342,Amide
Aspirin,C14H21N5O4,779.49,4.85,161.406,Carbohydrate
Serotonin,C11H8N0O3,717.38,9.07,122.117,Alkaloid
Ethanol,C6H37N0O10,131.65,12.71,400.194,Alcohol
Dopamine,C3H3N5O8,901.49,11.49,542.661,Alcohol
Serotonin,C19H25N0O2,658.35,3.02,346.971,Organic Compound
Urea,C5H31N5O4,537.75,4.88,9.829,Nucleotide
Urea,C15H5N2O5,217.18,2.14,805.199,Nucleotide
Caffeine,C3H6N5O2,715.11,9.55,98.976,Carbohydrate
Glucose,C15H15N4O0,974.84,8.37,714.392,Nucleotide
Adenosine triphosphate,C18H34N3O2,298.15,11.17,830.378,Alkaloid
Dopamine,C9H22N3O6,521.36,13.34,212.418,Alcohol
Dopamine,C6H4N2O9,237.89,12.29,323.489,Organic Compound
Urea,C4H10N5O5,669.95,13.26,735.771,Nucleotide
Caffeine,C9H15N0O4,217.08,11.63,43.282,Alkaloid
Ethanol,C15H10N0O2,487.05,7.47,98.581,Organic Compound
Ethanol,C16H21N2O4,786.07,7.42,258.279,Hormone
Aspirin,C10H22N4O4,764.06,9.6,127.387,Alcohol
Dopamine,C6H10N3O5,393.12,N/A,613.608,Amide
Caffeine,C14H28N0O9,168.6,3.48,562.646,Carbohydrate
Caffeine,C2H4N3O3,511.28,N/A,74.232,Nucleotide
Aspirin,C2H6N3O7,875.71,5.83,668.963,Alcohol
Glucose,C14H25N0O0,599.05,12.46,149.051,Lipid
Serotonin,C16H14N1O7,153.8,2.31,619.409,Carbohydrate
Aspirin,C11H36N3O3,959.74,7.54,859.383,Alcohol
Caffeine,C17H38N3O1,182.58,12.26,969.394,Hormone
Aspirin,C5H34N3O5,685.46,3.59,944.715,Alkaloid
Urea,C6H30N0O7,452.35,N/A,823.39,Alkaloid
Dopamine,C5H27N4O3,149.99,5.78,987.467,Nucleotide
Adrenaline,C16H34N1O3,455.89,N/A,557.812,Alkaloid
Glucose,C15H15N2O4,506.92,8.51,596.906,Carbohydrate
Caffeine,C18H40N1O9,895.89,13.34,579.158,Hormone
Cholesterol,C14H20N4O7,956.22,9.57,135.776,Hormone
Adenosine triphosphate,C12H34N3O5,953.15,11.18,445.25,Hormone
Adrenaline,C8H7N4O6,365.09,N/A,625.687,Alcohol
Ethanol,C5H39N1O5,703.5,1.19,423.851,Nucleotide
Cholesterol,C9H19N4O5,577.58,5.38,450.121,Alkaloid
Ethanol,C7H22N4O8,596.77,12.53,166.138,Nucleotide
Dopamine,C20H2N1O0,447.92,8.98,9.424,Neurotransmitter
Adenosine triphosphate,C10H15N4O5,761.06,10.39,228.883,Alkaloid
Aspirin,C10H20N1O9,797.6,12.56,376.033,Organic Compound
Adrenaline,C12H19N0O7,555.26,13.23,252.513,Lipid
Aspirin,C3H5N3O10,176.96,8.76,494.28,Hormone
Urea,C9H15N0O2,532.19,N/A,192.52,Alkaloid
Caffeine,C12H8N0O6,175.15,9.17,734.606,Carbohydrate
Adrenaline,C8H7N3O7,973.72,6.18,671.041,Amide
Glucose,C17H29N5O9,219.6,13.4,217.99,Lipid
Glucose,C1H21N4O2,971.27,11.47,535.243,Carbohydrate
Aspirin,C2H15N2O8,924.99,N/A,834.128,Amide
Aspirin,C16H34N4O8,287.61,11.78,401.568,Hormone
Aspirin,C4H24N2O3,608.29,4.43,781.906,Nucleotide
Serotonin,C20H2N1O10,331.4,11.9,265.91,Neurotransmitter
Aspirin,C11H14N1O2,958.11,N/A,153.748,Neurotransmitter
Serotonin,C5H24N2O6,909.06,N/A,553.568,Lipid
Adrenaline,C5H25N5O2,758.63,9.94,307.693,Alkaloid
Adenosine triphosphate,C6H6N1O3,152.97,11.71,953.808,Lipid
Adenosine triphosphate,C8H14N1O7,385.17,1.67,173.399,Carbohydrate
Ethanol,C15H4N0O3,526.53,2.9,92.192,Hormone
Dopamine,C2H28N1O6,540.96,8.52,497.797,Carbohydrate
Adenosine triphosphate,C13H32N5O7,148.07,6.21,255.782,Alkaloid
Dopamine,C3H27N5O6,791.8,4.17,273.637,Nucleotide
Glucose,C6H24N2O1,916.16,2.11,972.471,Lipid
Serotonin,C14H2N3O0,437.15,2.59,635.22,Neurotransmitter
Aspirin,C20H8N0O1,210.04,6.92,399.822,Lipid
Urea,C10H9N4O0,779.13,11.4,859.726,Amide
Dopamine,C9H25N2O2,570.32,11.24,909.026,Alcohol
Aspirin,C11H3N5O6,359.23,11.95,108.627,Organic Compound
Adenosine triphosphate,C20H31N4O9,66.97,N/A,811.244,Hormone
Dopamine,C6H13N0O1,989.65,7.67,641.697,Nucleotide
Cholesterol,C3H8N0O6,441.53,8.11,39.065,Lipid
Adenosine triphosphate,C18H21N2O4,176.2,N/A,148.618,Organic Compound
Urea,C1H25N0O4,752.57,N/A,993.597,Hormone
Adenosine triphosphate,C14H18N5O5,221.22,5.19,11.986,Neurotransmitter
Caffeine,C13H32N1O2,901.49,8.05,651.33,Alcohol
Cholesterol,C4H33N5O0,220.13,3.72,399.477,Amide
Aspirin,C5H22N4O4,206.21,6.75,774.554,Alkaloid
Dopamine,C2H34N3O0,518.52,11.11,668.838,Nucleotide
Dopamine,C14H21N4O9,186.13,2.54,746.432,Amide
Adenosine triphosphate,C6H19N2O0,389.35,N/A,573.632,Amide
Ethanol,C20H7N5O7,340.64,11.6,426.846,Organic Compound
Ethanol,C9H19N4O5,230.35,10.91,489.145,Alcohol
Ethanol,C3H21N4O7,396.3,8.5,42.325,Amide
Adrenaline,C15H11N1O9,124.18,11.77,683.25,Carbohydrate
Glucose,C14H35N5O7,408.05,1.48,789.002,Carbohydrate
Ethanol,C14H22N3O10,224.64,6.34,516.706,Carbohydrate
Ethanol,C4H34N4O3,676.44,9.87,968.776,Nucleotide
Urea,C1H9N3O4,364.41,N/A,585.644,Alcohol
Cholesterol,C13H30N3O5,136.64,5.5,14.077,Nucleotide
Dopamine,C9H4N1O8,394.06,4.85,751.737,Hormone
Serotonin,C4H33N0O4,786.75,9.24,913.347,Amide
Dopamine,C4H13N3O6,874.47,11.89,407.981,Nucleotide
Caffeine,C6H18N5O3,540.64,1.28,220.029,Hormone
Cholesterol,C4H27N4O2,710.09,7.65,298.536,Neurotransmitter
Cholesterol,C20H34N2O6,826.02,N/A,365.07,Amide
Serotonin,C20H10N3O6,656.61,7.19,812.957,Alcohol
Adenosine triphosphate,C1H5N5O1,686.7,4.95,10.785,Carbohydrate
Adrenaline,C9H9N5O7,209.28,11.23,157.838,Hormone
Cholesterol,C18H32N4O4,624.84,N/A,613.8,Alkaloid
Adenosine triphosphate,C19H7N0O5,318.52,N/A,485.326,Carbohydrate
Ethanol,C7H32N1O4,462.29,10.77,495.968,Carbohydrate
Urea,C9H23N2O1,303.19,13.81,821.526,Carbohydrate
Caffeine,C11H29N5O1,434.43,6.64,261.02,Neurotransmitter
Dopamine,C20H33N1O2,339.01,2.0,161.442,Nucleotide
Dopamine,C11H31N1O0,157.13,N/A,559.344,Lipid
Serotonin,C11H23N3O6,234.72,6.67,556.209,Carbohydrate
Ethanol,C19H4N1O6,438.04,12.32,493.291,Alkaloid
Aspirin,C13H16N5O3,260.38,N/A,505.31,Alkaloid
Serotonin,C9H39N2O1,919.24,1.56,305.288,Alcohol
Serotonin,C14H34N1O8,791.65,12.1,297.847,Lipid
Ethanol,C12H14N1O9,632.88,2.84,586.633,Organic Compound
Adrenaline,C18H9N0O1,169.92,N/A,508.939,Alkaloid
Serotonin,C11H21N2O6,122.67,N/A,839.324,Carbohydrate
Cholesterol,C12H16N3O8,580.92,1.89,667.808,Carbohydrate
Aspirin,C8H22N3O6,332.2,12.95,507.821,Organic Compound
Adrenaline,C1H9N3O3,51.77,12.28,725.095,Nucleotide
Ethanol,C9H37N2O3,345.92,7.75,246.598,Alkaloid
Urea,C16H23N1O10,862.18,5.04,528.899,Amide
Adrenaline,C5H11N3O2,66.72,2.34,383.426,Lipid
Urea,C9H17N5O5,225.29,12.24,990.587,Organic Compound
Ethanol,C4H11N2O8,889.03,N/A,88.466,Neurotransmitter
Glucose,C4H31N2O10,788.67,3.04,218.186,Carbohydrate
Adrenaline,C4H33N4O3,709.94,N/A,578.061,Alkaloid
Adenosine triphosphate,C2H33N2O0,152.33,2.19,612.064,Carbohydrate
Serotonin,C3H35N3O6,858.31,2.5,977.941,Alcohol
Adenosine triphosphate,C1H10N0O3,156.5,1.79,362.395,Carbohydrate
Aspirin,C11H23N1O6,738.25,6.1,225.947,Hormone
Dopamine,C4H33N2O0,848.84,4.68,921.714,Neurotransmitter
Serotonin,C8H11N3O3,167.35,5.97,106.367,Neurotransmitter
Caffeine,C14H20N5O5,488.26,10.4,749.99,Hormone
Aspirin,C7H19N1O6,929.48,N/A,932.537,Alkaloid
Urea,C19H17N3O6,690.15,6.52,785.611,Alcohol
Urea,C15H28N0O9,138.94,2.81,204.338,Nucleotide
Cholesterol,C13H18N3O0,462.76,1.11,926.388,Lipid
Serotonin,C3H14N3O2,606.71,3.04,163.671,Amide
Dopamine,C15H14N3O1,236.12,6.36,192.65,Nucleotide
Adenosine triphosphate,C8H19N3O5,950.7,6.21,864.442,Amide
Dopamine,C7H35N3O8,761.56,2.68,621.138,Hormone
Urea,C11H18N3O10,590.08,2.3,111.975,Alcohol
Urea,C8H19N0O8,299.75,3.23,967.053,Neurotransmitter
Cholesterol,C6H10N5O4,899.73,6.84,134.529,Alcohol
Caffeine,C5H4N1O9,226.67,7.57,161.466,Amide
Ethanol,C19H28N1O10,486.71,N/A,855.349,Hormone
Urea,C14H31N0O4,600.82,12.21,916.793,Organic Compound
Adenosine triphosphate,C9H23N5O10,559.02,1.32,619.68,Hormone
Cholesterol,C4H11N3O5,169.47,N/A,432.82,Amide
Adrenaline,C20H22N1O10,51.69,8.34,408.626,Alkaloid
Glucose,C19H10N3O4,665.23,4.45,843.854,Carbohydrate
Ethanol,C17H37N2O3,624.53,5.99,780.459,Neurotransmitter
Caffeine,C19H37N0O1,787.5,7.75,360.866,Neurotransmitter
Dopamine,C11H17N2O7,491.77,N/A,707.787,Organic Compound
Caffeine,C10H36N2O5,961.55,1.3,452.236,Hormone
Aspirin,C2H1N0O0,723.12,1.54,483.498,Hormone
Adenosine triphosphate,C18H30N3O3,732.66,N/A,356.119,Hormone
Dopamine,C14H10N4O6,576.01,1.34,449.157,Neurotransmitter
Aspirin,C5H15N4O7,843.29,3.79,750.033,Alcohol
Caffeine,C19H14N0O3,609.53,11.01,7.299,Lipid
Aspirin,C6H19N2O6,348.21,6.24,860.523,Nucleotide
Glucose,C12H26N0O4,535.43,8.53,589.248,Carbohydrate
Adenosine triphosphate,C4H34N4O8,483.67,3.6,58.982,Carbohydrate
Glucose,C7H19N2O0,133.12,1.84,62.326,Neurotransmitter
Glucose,C14H20N5O3,922.65,4.0,759.814,Amide
Serotonin,C20H12N5O6,772.25,10.5,753.851,Carbohydrate
Caffeine,C11H21N3O2,855.72,1.32,70.928,Alkaloid
Aspirin,C12H21N5O8,356.35,11.27,432.073,Neurotransmitter
Caffeine,C17H28N1O2,454.94,6.63,935.061,Carbohydrate
Aspirin,C12H35N0O10,99.16,6.66,754.648,Neurotransmitter
Aspirin,C1H18N3O1,412.9,8.57,217.028,Alkaloid
Dopamine,C18H10N5O3,687.41,5.0,171.593,Carbohydrate
Aspirin,C11H13N3O1,392.89,10.76,355.836,Amide
Aspirin,C13H40N1O9,534.55,5.3,586.475,Alcohol
Urea,C6H29N2O8,505.82,2.95,138.028,Lipid
Aspirin,C1H32N0O7,401.76,N/A,958.968,Alcohol
Glucose,C14H31N4O8,915.2,9.25,754.583,Hormone
Ethanol,C1H19N4O5,167.2,3.88,488.186,Organic Compound
Aspirin,C6H35N5O7,293.58,3.4,320.601,Organic Compound
Urea,C14H37N5O4,863.28,9.19,42.245,Alkaloid
Dopamine,C5H31N4O2,254.03,1.72,363.961,Hormone
Urea,C9H20N1O5,179.34,3.45,903.229,Alcohol
Cholesterol,C11H13N1O4,136.14,8.47,519.953,Lipid
Aspirin,C5H39N4O7,316.38,13.83,783.459,Lipid
Adenosine triphosphate,C17H8N5O1,121.09,5.41,274.365,Amide
Urea,C6H11N3O5,505.08,13.44,841.305,Alkaloid
Ethanol,C2H37N1O4,517.86,7.83,394.648,Alkaloid
Urea,C3H21N5O0,59.68,N/A,349.258,Alcohol
Serotonin,C6H4N1O10,824.07,8.04,644.981,Nucleotide
Ethanol,C20H36N1O10,318.25,N/A,394.151,Carbohydrate
Adrenaline,C1H13N5O3,865.81,7.49,439.354,Alkaloid
Cholesterol,C2H29N1O0,944.36,13.42,675.592,Hormone
Dopamine,C15H10N2O4,822.43,7.8,60.718,Alcohol
Adenosine triphosphate,C1H9N0O5,317.76,N/A,506.769,Organic Compound
Ethanol,C3H26N0O10,678.94,N/A,49.011,Amide
Cholesterol,C7H13N3O2,910.43,10.53,995.545,Hormone
Urea,C16H30N5O8,108.54,4.3,697.799,Alcohol
Caffeine,C7H8N1O7,654.19,12.43,505.971,Nucleotide
Adrenaline,C14H36N4O0,53.24,9.36,960.099,Carbohydrate
Cholesterol,C3H34N3O5,383.86,1.76,970.513,Neurotransmitter
Adrenaline,C13H9N3O2,628.71,7.31,253.972,Neurotransmitter
Urea,C7H12N2O6,434.86,11.73,825.354,Carbohydrate
Ethanol,C16H16N4O0,970.48,13.25,14.905,Organic Compound
Cholesterol,C7H32N2O8,668.69,11.04,969.845,Alkaloid
Aspirin,C10H29N2O8,612.44,N/A,6.434,Amide
Caffeine,C9H23N4O0,500.82,4.94,691.251,Lipid
Adrenaline,C2H26N2O4,575.92,9.41,357.277,Amide
Adrenaline,C6H21N4O8,144.62,1.19,303.543,Nucleotide
Adenosine triphosphate,C2H19N3O0,851.06,12.74,418.709,Amide
Dopamine,C6H2N5O0,184.0,6.4,99.588,Alkaloid
Adrenaline,C3H1N5O4,322.53,7.23,684.901,Lipid
Aspirin,C14H12N2O8,134.75,N/A,532.268,Neurotransmitter
Adenosine triphosphate,C14H12N2O7,117.52,7.62,515.852,Neurotransmitter
Adrenaline,C11H28N2O0,455.85,4.37,273.48,Alcohol
Adenosine triphosphate,C20H39N4O8,953.95,11.65,423.539,Amide
Aspirin,C20H23N4O8,704.12,11.15,396.051,Nucleotide
Aspirin,C17H9N0O5,392.52,1.28,292.217,Amide
Aspirin,C2H36N5O2,440.82,3.51,211.57,Hormone
Cholesterol,C18H8N4O5,227.57,6.35,880.386,Lipid
Aspirin,C16H27N1O7,579.34,N/A,419.437,Carbohydrate
Adenosine triphosphate,C9H38N5O0,852.31,12.8,121.762,Carbohydrate
Adrenaline,C13H7N4O1,391.47,3.08,364.668,Hormone
Dopamine,C15H5N4O3,521.13,3.08,983.878,Amide
Adrenaline,C10H22N1O5,262.23,10.15,928.708,Nucleotide
Adrenaline,C6H1N4O8,803.13,7.26,17.121,Neurotransmitter
Adrenaline,C9H30N0O6,729.16,N/A,466.001,Neurotransmitter
Cholesterol,C3H22N2O3,369.43,12.64,680.738,Organic Compound
Glucose,C1H20N1O9,636.36,8.4,898.603,Alcohol
Serotonin,C7H24N2O1,946.65,11.79,77.351,Hormone
Adrenaline,C8H16N5O8,469.43,11.74,568.543,Alcohol
Urea,C12H7N1O2,891.62,3.33,547.388,Neurotransmitter
Urea,C9H19N2O0,849.07,6.81,914.866,Lipid
Ethanol,C13H31N4O8,965.73,9.82,819.698,Neurotransmitter
Aspirin,C19H26N3O9,792.78,13.45,938.392,Nucleotide
Caffeine,C15H9N4O2,362.16,8.51,466.242,Nucleotide
Aspirin,C11H26N0O6,572.66,10.68,573.852,Alcohol
Adrenaline,C1H24N2O3,524.04,N/A,78.655,Hormone
Dopamine,C12H10N0O6,991.97,9.1,83.349,Carbohydrate
Dopamine,C20H5N2O2,327.99,10.23,45.985,Lipid
Aspirin,C5H25N5O5,922.89,11.76,527.42,Alkaloid
Glucose,C17H36N5O2,56.53,1.77,528.199,Organic Compound
Caffeine,C11H10N5O1,958.26,11.11,733.851,Nucleotide
Adenosine triphosphate,C16H21N5O8,467.75,8.53,888.874,Organic Compound
Serotonin,C18H3N1O9,555.53,2.34,835.635,Nucleotide
Caffeine,C11H27N0O8,149.55,13.61,707.606,Amide
Adenosine triphosphate,C1H16N0O5,317.0,7.57,113.888,Nucleotide
Adrenaline,C9H22N3O7,774.77,N/A,599.862,Nucleotide
Caffeine,C16H15N3O1,820.33,6.37,114.205,Hormone
Aspirin,C19H4N5O0,912.45,10.08,642.17,Hormone
Adenosine triphosphate,C7H35N4O10,483.91,1.84,431.132,Organic Compound
Urea,C7H4N1O5,201.17,6.08,949.307,Nucleotide
Adrenaline,C15H34N5O3,842.8,9.02,104.456,Alcohol
Ethanol,C1H37N4O1,491.52,8.54,156.24,Hormone
Ethanol,C12H20N4O3,662.16,13.61,692.824,Neurotransmitter
Glucose,C19H13N2O0,870.08,1.44,992.638,Alkaloid
Adrenaline,C1H24N4O0,183.37,5.88,930.301,Alcohol
Glucose,C7H19N0O8,744.94,N/A,127.389,Amide
Cholesterol,C5H2N2O4,533.28,13.63,770.56,Hormone
Urea,C11H38N5O10,878.88,10.06,795.814,Carbohydrate
Ethanol,C13H24N5O2,358.67,1.75,148.353,Alcohol
Serotonin,C13H6N4O5,431.35,9.37,606.017,Amide
Cholesterol,C9H35N5O2,713.25,7.77,183.715,Neurotransmitter
Dopamine,C2H1N1O3,582.43,N/A,868.9,Alcohol
Urea,C4H34N0O5,182.25,3.76,613.874,Nucleotide
Cholesterol,C10H40N3O2,97.15,4.59,141.143,Amide
Urea,C2H2N1O5,723.35,4.81,659.804,Nucleotide
Adenosine triphosphate,C3H37N1O6,694.99,5.58,970.877,Organic Compound
Glucose,C3H26N5O5,954.75,6.6,310.981,Neurotransmitter
Urea,C18H9N1O10,918.65,7.23,960.589,Amide
Serotonin,C18H32N3O10,554.15,N/A,67.099,Alkaloid
Ethanol,C11H29N4O7,157.25,1.24,643.157,Alkaloid
Cholesterol,C14H28N4O7,589.23,9.8,346.312,Alkaloid
Urea,C19H26N4O10,547.36,N/A,575.876,Neurotransmitter
Ethanol,C2H30N4O9,819.36,6.76,478.124,Lipid
Dopamine,C15H31N5O8,432.84,7.85,383.439,Alcohol
Cholesterol,C9H2N3O2,985.22,13.37,27.207,Amide
Glucose,C6H30N1O4,279.47,1.26,497.394,Amide
Serotonin,C2H27N4O2,736.37,N/A,676.43,Carbohydrate
Adenosine triphosphate,C1H23N5O3,388.5,1.07,260.694,Alkaloid
Aspirin,C9H36N3O5,947.31,N/A,456.869,Carbohydrate
Ethanol,C5H3N5O9,686.09,5.71,362.457,Hormone
Caffeine,C9H13N4O3,314.96,8.1,154.679,Hormone
Cholesterol,C20H36N0O9,635.93,1.03,259.105,Lipid
Serotonin,C10H13N5O4,509.57,2.74,982.322,Carbohydrate
Cholesterol,C14H14N0O5,513.23,7.11,223.661,Organic Compound
Caffeine,C11H27N2O0,730.81,N/A,705.087,Organic Compound
Glucose,C11H10N0O0,577.84,2.6,377.684,Lipid
Dopamine,C19H11N2O8,870.5,6.36,985.854,Lipid
Adenosine triphosphate,C14H26N5O2,429.75,8.62,109.898,Nucleotide
Aspirin,C15H4N2O0,319.45,6.27,776.282,Lipid
Dopamine,C7H13N2O0,670.33,13.41,68.451,Nucleotide
Serotonin,C16H14N0O5,994.01,6.76,660.42,Amide
Dopamine,C13H25N4O0,878.27,12.44,162.431,Carbohydrate
Serotonin,C12H35N1O2,83.01,10.61,471.108,Lipid
Dopamine,C3H32N5O1,631.77,N/A,140.162,Hormone
Cholesterol,C19H1N2O5,301.71,6.58,378.071,Carbohydrate
Adenosine triphosphate,C2H7N2O0,638.47,2.79,514.837,Carbohydrate
Caffeine,C7H35N1O6,509.43,3.6,810.89,Organic Compound
Ethanol,C1H11N0O9,422.53,12.02,654.59,Nucleotide
Glucose,C2H6N0O0,303.78,1.34,882.879,Amide
Dopamine,C3H31N0O6,792.33,6.78,440.562,Lipid
Aspirin,C8H13N0O5,119.16,4.48,640.206,Alcohol
Urea,C5H29N1O10,717.46,13.5,714.51,Nucleotide
Serotonin,C1H17N5O2,873.9,13.56,117.606,Alkaloid
Caffeine,C7H39N3O1,386.96,N/A,938.586,Alcohol
Ethanol,C20H4N2O0,286.41,4.43,506.747,Lipid
Ethanol,C11H17N0O10,487.24,N/A,69.861,Organic Compound
Ethanol,C15H20N4O8,424.48,7.06,12.304,Alkaloid
Caffeine,C18H11N2O4,847.49,8.23,552.752,Nucleotide
Serotonin,C4H26N3O10,557.24,5.92,999.438,Neurotransmitter
Adrenaline,C12H11N0O8,78.75,6.1,941.656,Alcohol
Cholesterol,C5H26N0O0,351.29,11.61,888.212,Organic Compound
Ethanol,C9H37N4O7,786.07,6.43,318.908,Amide
Cholesterol,C13H8N2O2,166.95,N/A,108.604,Nucleotide
Adrenaline,C4H35N3O2,178.29,6.43,39.168,Amide
Cholesterol,C5H24N0O7,799.46,4.86,815.462,Amide
Dopamine,C3H35N2O7,88.16,3.37,754.005,Alkaloid
Glucose,C20H37N3O2,68.63,7.39,50.545,Alkaloid
Aspirin,C14H10N4O7,891.53,1.46,387.98,Neurotransmitter
Ethanol,C5H12N4O3,674.29,6.32,313.347,Alcohol
Serotonin,C5H10N2O1,354.05,13.95,545.84,Lipid
Glucose,C6H11N5O8,778.56,6.52,249.041,Alcohol
Cholesterol,C17H3N0O9,762.77,3.04,405.229,Carbohydrate
Urea,C13H27N3O7,545.77,7.77,29.136,Organic Compound
Serotonin,C8H33N5O1,107.59,9.93,2.474,Carbohydrate
Ethanol,C1H33N5O6,394.8,5.18,684.197,Nucleotide
Caffeine,C6H12N5O7,434.2,7.85,482.19,Neurotransmitter
Glucose,C7H14N0O9,790.38,N/A,444.198,Amide
Urea,C11H21N5O8,358.23,1.43,920.86,Alkaloid
Ethanol,C8H25N2O2,500.06,13.74,797.99,Amide
Ethanol,C17H29N5O9,150.54,13.32,875.523,Carbohydrate
Glucose,C8H12N2O5,244.72,6.85,509.211,Alkaloid
Urea,C9H32N5O3,532.48,13.64,938.387,Nucleotide
Serotonin,C5H37N0O1,382.51,7.05,19.481,Lipid
Ethanol,C3H15N3O5,215.25,13.35,573.67,Alcohol
Adrenaline,C15H16N5O9,362.54,N/A,263.768,Amide
Glucose,C16H24N5O1,491.85,N/A,186.152,Organic Compound
Ethanol,C5H11N1O10,498.62,5.66,223.811,Neurotransmitter
Cholesterol,C16H19N5O4,755.46,1.32,671.632,Carbohydrate
Serotonin,C9H40N2O6,267.98,13.59,978.292,Hormone
Caffeine,C20H33N0O8,351.27,N/A,731.254,Neurotransmitter
Cholesterol,C7H38N3O8,779.02,N/A,129.387,Neurotransmitter
Glucose,C10H36N4O0,533.54,9.58,821.869,Amide
Adenosine triphosphate,C3H14N1O7,337.79,8.02,128.832,Alcohol
Serotonin,C1H40N5O1,820.74,3.43,54.483,Carbohydrate
Serotonin,C7H12N0O3,200.52,13.67,43.257,Carbohydrate
Cholesterol,C18H38N1O0,452.0,11.55,909.499,Carbohydrate
Cholesterol,C5H13N5O10,534.14,5.92,200.926,Alcohol
Adenosine triphosphate,C3H5N5O10,368.5,1.35,792.13,Nucleotide
Adrenaline,C19H26N5O6,640.78,12.98,228.403,Organic Compound
Dopamine,C10H40N3O1,495.0,12.61,752.736,Lipid
Caffeine,C1H26N3O3,352.73,5.63,731.457,Nucleotide
Serotonin,C16H35N0O0,549.98,13.37,213.394,Amide
Caffeine,C4H34N3O4,143.43,7.88,963.19,Alcohol
Dopamine,C5H38N5O10,197.86,6.61,659.979,Alkaloid
Adrenaline,C8H16N3O8,643.06,3.0,410.633,Amide
Serotonin,C6H19N0O3,615.76,11.42,203.848,Neurotransmitter
Adenosine triphosphate,C19H24N1O8,346.1,1.87,78.98,Hormone
Cholesterol,C10H8N4O9,868.72,12.19,676.258,Lipid
Glucose,C5H10N3O3,858.88,1.67,169.348,Alcohol
Caffeine,C1H3N4O8,376.67,8.7,386.752,Lipid
Urea,C9H10N0O4,107.38,9.25,103.731,Alcohol
Caffeine,C3H30N5O2,95.73,7.82,68.287,Amide
Urea,C11H20N1O6,609.09,1.91,278.509,Nucleotide
Cholesterol,C13H30N0O4,562.7,5.04,421.253,Alkaloid
Adrenaline,C9H33N4O3,559.36,13.83,302.476,Lipid
Caffeine,C2H9N2O6,886.81,10.4,996.63,Alcohol
Cholesterol,C6H2N3O6,192.68,11.05,632.706,Alkaloid
Adrenaline,C8H35N4O7,601.83,10.26,851.399,Nucleotide
Cholesterol,C20H9N0O6,376.93,12.47,931.725,Hormone
Caffeine,C9H6N3O10,216.64,1.01,389.229,Lipid
Adenosine triphosphate,C11H16N5O5,908.93,N/A,276.921,Alkaloid
Caffeine,C8H37N1O10,589.69,8.53,38.505,Nucleotide
Glucose,C1H24N2O8,660.61,5.95,260.428,Alcohol
Cholesterol,C7H24N0O0,741.27,4.3,847.987,Lipid
Serotonin,C12H36N2O7,780.58,13.28,494.878,Carbohydrate
Glucose,C17H13N1O2,900.04,7.86,21.354,Carbohydrate
Ethanol,C9H2N0O10,900.3,N/A,387.008,Nucleotide
Caffeine,C3H22N4O8,280.62,N/A,917.689,Neurotransmitter
Glucose,C17H28N0O1,320.64,N/A,375.61,Alkaloid
Dopamine,C16H21N4O2,631.72,11.55,155.384,Neurotransmitter
Serotonin,C12H38N3O4,346.88,7.43,26.805,Organic Compound
Adrenaline,C18H21N0O4,465.07,13.16,641.637,Carbohydrate
Adrenaline,C5H1N4O6,454.17,N/A,919.074,Organic Compound
Dopamine,C20H13N1O1,945.32,2.21,116.149,Nucleotide
Adrenaline,C3H13N5O7,552.16,N/A,971.904,Hormone
Glucose,C10H22N5O1,120.3,12.19,779.734,Amide
Ethanol,C3H8N3O7,268.83,7.66,932.78,Carbohydrate
Caffeine,C2H15N5O8,668.56,5.17,998.683,Hormone
Serotonin,C12H10N4O10,983.48,12.77,64.448,Nucleotide
Urea,C1H22N3O10,173.14,2.91,992.763,Alcohol
Ethanol,C11H22N1O1,177.72,3.54,777.007,Neurotransmitter
Urea,C4H14N3O2,652.04,7.55,53.734,Alcohol
Cholesterol,C7H39N4O4,416.16,11.51,422.35,Lipid
Caffeine,C12H34N1O3,164.22,8.14,637.455,Alcohol
Cholesterol,C18H32N5O5,674.19,6.18,553.165,Carbohydrate
Dopamine,C5H36N5O1,386.34,2.06,547.544,Carbohydrate
Ethanol,C7H1N4O5,808.13,9.08,473.386,Alcohol
Glucose,C15H36N4O7,383.09,N/A,623.238,Hormone
Aspirin,C11H13N1O8,794.74,N/A,39.194,Carbohydrate
Aspirin,C10H16N0O8,729.68,3.59,578.051,Amide
Glucose,C5H27N3O6,222.82,N/A,345.634,Amide
Adenosine triphosphate,C20H34N2O1,491.51,5.6,242.522,Alcohol
Adenosine triphosphate,C2H24N1O9,643.91,9.15,415.295,Carbohydrate
Serotonin,C16H33N5O9,87.28,10.38,17.443,Lipid
Dopamine,C9H8N0O7,811.99,N/A,574.533,Neurotransmitter
Serotonin,C2H7N2O8,948.7,12.74,892.528,Nucleotide
Serotonin,C3H20N2O2,967.79,7.88,229.748,Alkaloid
Caffeine,C20H25N5O7,919.24,N/A,511.295,Neurotransmitter
Cholesterol,C12H15N0O9,276.0,N/A,36.549,Alkaloid
Adrenaline,C16H37N2O9,554.03,3.08,993.584,Nucleotide
Dopamine,C9H3N3O1,334.92,7.52,353.811,Hormone
Aspirin,C9H35N3O2,884.67,1.78,716.662,Amide
Adrenaline,C13H33N3O2,339.73,3.67,561.706,Organic Compound
Dopamine,C7H20N1O10,480.48,2.14,505.695,Amide
Aspirin,C7H20N0O10,935.71,4.54,314.792,Alkaloid
Ethanol,C1H19N5O2,205.59,N/A,432.688,Neurotransmitter
Adrenaline,C17H9N0O2,442.25,8.84,43.406,Lipid
Serotonin,C5H28N4O9,770.61,13.43,731.477,Alkaloid
Dopamine,C14H14N3O8,133.75,2.53,471.717,Alkaloid
Glucose,C14H35N5O2,508.77,9.13,415.969,Amide
Urea,C17H4N5O1,626.57,2.5,887.976,Lipid
Glucose,C12H39N0O9,809.96,11.22,693.907,Nucleotide
Urea,C20H27N1O5,51.27,13.33,288.398,Organic Compound
Urea,C3H31N0O3,951.32,6.6,210.363,Lipid
Cholesterol,C13H25N1O8,627.88,8.87,417.13,Lipid
Dopamine,C16H1N3O5,727.61,1.22,177.846,Nucleotide
Cholesterol,C20H2N5O6,542.09,7.62,44.135,Amide
Adenosine triphosphate,C6H19N5O6,658.03,5.68,713.634,Carbohydrate
Aspirin,C1H8N2O10,817.44,6.93,316.094,Alcohol
Adrenaline,C16H38N4O10,313.42,N/A,14.27,Alcohol
Urea,C14H40N5O1,684.37,1.23,398.73,Alcohol
Serotonin,C16H33N1O8,384.98,N/A,479.951,Alcohol
Ethanol,C5H30N5O5,618.53,5.89,139.378,Alcohol
Serotonin,C20H12N0O6,528.97,10.51,207.923,Neurotransmitter
Caffeine,C3H18N2O9,631.32,12.23,399.099,Alcohol
Aspirin,C17H6N4O10,712.96,10.42,824.023,Alcohol
Adrenaline,C15H23N5O10,791.24,4.68,555.978,Organic Compound
Serotonin,C17H20N3O9,627.03,N/A,649.279,Amide
Serotonin,C13H13N3O0,426.36,7.5,291.081,Neurotransmitter
Caffeine,C12H20N2O10,353.02,10.23,739.689,Nucleotide
Adenosine triphosphate,C12H5N1O10,497.26,10.09,749.982,Hormone
Cholesterol,C13H12N2O2,745.08,13.64,827.966,Nucleotide
Caffeine,C13H18N3O10,590.51,11.77,164.434,Lipid
Caffeine,C14H19N4O4,432.97,5.38,640.791,Hormone
Dopamine,C12H18N0O6,726.19,12.03,473.768,Alkaloid
Urea,C9H34N2O10,171.35,9.37,865.21,Nucleotide
Dopamine,C19H16N4O3,235.73,2.78,949.448,Alcohol
Serotonin,C14H16N3O9,810.31,5.57,116.718,Alcohol
Glucose,C11H10N4O5,496.81,5.07,617.068,Alcohol
Adenosine triphosphate,C9H28N5O5,839.52,13.27,432.014,Lipid
Caffeine,C4H20N0O2,411.62,5.6,862.893,Lipid
Ethanol,C14H16N5O10,759.55,8.07,747.662,Lipid
Dopamine,C17H36N3O8,769.24,13.26,777.787,Carbohydrate
Urea,C13H30N0O8,796.42,N/A,644.246,Lipid
Glucose,C16H2N5O1,341.43,7.09,891.338,Alkaloid
Aspirin,C11H3N4O7,921.73,5.24,376.542,Alkaloid
Ethanol,C8H30N2O1,899.58,10.13,805.817,Alkaloid
Urea,C18H1N5O5,421.77,6.9,96.633,Lipid
Aspirin,C18H12N4O5,159.04,3.06,374.236,Amide
Aspirin,C8H5N3O5,506.09,10.91,278.886,Neurotransmitter
Cholesterol,C14H20N1O8,747.44,8.8,969.678,Neurotransmitter
Caffeine,C7H13N3O1,580.16,1.21,163.897,Carbohydrate
Serotonin,C16H33N1O5,485.32,8.32,489.953,Hormone
Adrenaline,C10H18N0O0,285.07,12.65,563.557,Neurotransmitter
Ethanol,C13H7N2O8,677.93,N/A,369.634,Hormone
Ethanol,C7H15N3O10,605.69,10.29,749.879,Neurotransmitter
Aspirin,C11H2N3O9,52.35,N/A,205.302,Alkaloid
Adenosine triphosphate,C8H3N4O1,981.47,N/A,307.357,Organic Compound
Urea,C16H22N5O0,950.29,3.3,555.554,Hormone
Dopamine,C20H22N2O3,344.9,9.08,625.84,Hormone
Serotonin,C16H15N5O10,858.3,N/A,124.034,Hormone
Serotonin,C2H12N1O0,704.87,8.37,451.799,Alkaloid
Caffeine,C11H25N2O0,758.76,N/A,399.811,Amide
Cholesterol,C7H39N3O7,578.34,13.35,914.825,Amide
Ethanol,C4H39N1O6,443.43,N/A,246.785,Alcohol
Ethanol,C2H35N5O10,416.43,N/A,542.483,Alkaloid
Aspirin,C11H34N4O10,92.16,11.12,913.591,Lipid
Dopamine,C6H34N5O2,817.37,6.86,516.51,Carbohydrate
Glucose,C2H24N2O10,483.05,11.57,953.473,Organic Compound
Cholesterol,C14H38N3O3,458.47,8.17,870.531,Amide
Aspirin,C18H30N0O6,865.91,N/A,571.68,Organic Compound
Cholesterol,C13H4N4O9,926.13,3.24,83.891,Lipid
Caffeine,C8H30N0O3,408.84,1.25,657.191,Alkaloid
Cholesterol,C6H9N4O10,712.2,7.83,57.565,Nucleotide
Ethanol,C20H29N5O10,776.78,N/A,998.549,Nucleotide
Adrenaline,C18H30N3O8,422.21,7.05,170.385,Lipid
Dopamine,C7H37N0O5,458.64,1.85,602.787,Nucleotide
Cholesterol,C11H30N3O5,941.96,9.73,190.56,Organic Compound
Caffeine,C9H1N0O7,184.37,N/A,223.18,Organic Compound
Dopamine,C3H4N1O2,331.53,N/A,615.362,Nucleotide
Cholesterol,C13H33N4O9,511.94,7.35,709.247,Amide
Cholesterol,C14H38N0O1,422.67,N/A,112.244,Alkaloid
Urea,C4H40N5O3,427.56,4.74,411.978,Lipid
Caffeine,C7H30N0O6,703.22,13.39,897.178,Hormone
Caffeine,C16H16N4O0,384.39,13.53,901.905,Carbohydrate
Adenosine triphosphate,C6H11N5O6,110.37,12.35,118.043,Alcohol
Aspirin,C4H25N0O10,54.66,1.73,522.968,Amide
Urea,C10H15N2O3,915.31,3.88,971.108,Neurotransmitter
Caffeine,C1H26N1O6,147.14,12.49,0.81,Carbohydrate
Caffeine,C19H40N2O9,914.6,4.45,92.131,Lipid
Adenosine triphosphate,C1H1N2O8,664.81,1.92,291.981,Hormone
Cholesterol,C3H28N3O1,592.12,12.94,698.575,Neurotransmitter
Adrenaline,C2H24N0O2,421.27,N/A,872.214,Amide
Urea,C7H16N1O2,689.75,11.65,158.817,Neurotransmitter
Caffeine,C10H39N4O2,998.15,N/A,106.102,Alcohol
Caffeine,C10H17N0O2,676.32,11.12,272.262,Alkaloid
Glucose,C7H1N2O8,890.02,N/A,453.049,Amide
Urea,C11H7N5O10,521.84,1.91,563.076,Nucleotide
Cholesterol,C16H12N3O0,666.06,13.62,765.258,Alkaloid
Adenosine triphosphate,C13H30N3O8,238.27,4.76,712.947,Alcohol
Dopamine,C11H2N2O3,111.7,13.71,132.592,Alkaloid
Serotonin,C4H34N5O10,437.93,10.36,928.824,Alkaloid
Dopamine,C7H3N5O7,967.38,N/A,488.458,Lipid
Aspirin,C14H6N2O0,52.93,5.57,631.584,Alkaloid
Urea,C15H5N1O3,829.51,5.51,83.514,Alkaloid
Adenosine triphosphate,C19H34N5O1,662.42,6.78,652.189,Neurotransmitter
Adrenaline,C11H2N1O8,811.32,10.29,886.183,Hormone
Cholesterol,C12H5N5O10,233.38,1.89,540.186,Nucleotide
Adenosine triphosphate,C17H24N5O3,325.1,9.53,670.111,Organic Compound
Adenosine triphosphate,C16H12N5O7,612.41,13.7,728.776,Carbohydrate
Adenosine triphosphate,C13H37N1O8,296.2,2.06,105.676,Alcohol
Adenosine triphosphate,C5H22N1O1,548.95,N/A,109.245,Amide
Dopamine,C19H40N3O5,104.41,N/A,228.754,Organic Compound
Serotonin,C7H32N2O6,863.49,6.49,925.057,Alcohol
Urea,C12H16N5O4,976.84,9.8,841.457,Alkaloid
Urea,C10H32N2O0,132.87,11.89,727.523,Amide
Dopamine,C15H7N0O0,916.81,8.18,180.181,Alcohol
Aspirin,C19H11N5O5,337.71,6.34,322.407,Hormone
Adenosine triphosphate,C7H6N5O7,206.53,10.02,522.403,Alcohol
Dopamine,C8H38N5O10,879.26,10.33,435.957,Lipid
Aspirin,C19H5N5O5,292.43,6.06,753.719,Alcohol
Urea,C12H19N5O8,664.37,13.77,196.511,Hormone
Serotonin,C13H25N4O4,93.14,N/A,130.847,Alcohol
Cholesterol,C8H8N3O7,144.5,12.59,153.071,Nucleotide
Adrenaline,C3H22N0O2,216.55,8.12,752.022,Neurotransmitter
Cholesterol,C7H1N1O7,306.56,6.76,689.609,Carbohydrate
Aspirin,C6H37N0O4,931.86,12.23,657.306,Hormone
Cholesterol,C14H23N4O4,882.85,12.29,642.954,Organic Compound
Urea,C12H36N4O10,622.17,2.69,184.091,Neurotransmitter
Aspirin,C2H8N4O4,620.23,9.33,363.604,Organic Compound
Urea,C20H13N4O9,313.73,1.27,590.622,Carbohydrate
Serotonin,C17H15N4O3,189.07,N/A,269.169,Nucleotide
Cholesterol,C8H18N5O1,603.18,9.8,368.856,Carbohydrate
Serotonin,C15H5N0O7,506.77,4.56,773.071,Organic Compound
Urea,C1H21N2O7,235.44,N/A,79.707,Lipid
Serotonin,C19H16N5O10,381.17,8.08,145.885,Amide
Dopamine,C16H20N5O5,266.61,11.4,658.429,Carbohydrate
Cholesterol,C19H22N4O6,626.81,1.28,695.512,Organic Compound
Caffeine,C1H12N1O0,247.16,6.37,236.204,Alkaloid
Serotonin,C1H11N3O7,125.5,2.34,637.577,Nucleotide
Ethanol,C13H40N4O6,319.09,10.99,442.022,Alcohol
Urea,C20H20N4O0,104.4,N/A,803.348,Carbohydrate
Urea,C5H17N1O8,667.9,N/A,1.793,Organic Compound
Ethanol,C11H29N2O1,304.9,N/A,793.515,Alcohol
Aspirin,C11H38N4O0,753.63,7.21,79.353,Carbohydrate
Caffeine,C9H34N4O5,666.35,3.57,298.678,Hormone
Adenosine triphosphate,C20H19N0O9,164.99,9.08,444.473,Neurotransmitter
Serotonin,C19H16N3O6,348.53,2.87,290.553,Carbohydrate
Urea,C15H33N2O3,61.93,1.78,56.38,Lipid
Ethanol,C10H19N1O10,970.39,7.16,961.854,Carbohydrate
Glucose,C4H26N1O10,816.87,6.46,991.657,Organic Compound
Dopamine,C3H12N1O6,419.16,4.92,676.023,Carbohydrate
Adenosine triphosphate,C5H23N3O3,832.21,9.1,418.347,Hormone
Dopamine,C5H40N3O5,986.3,1.19,993.563,Lipid
Serotonin,C20H6N1O2,233.61,3.79,712.425,Lipid
Adrenaline,C12H40N0O8,187.81,11.13,577.146,Nucleotide
Adenosine triphosphate,C2H10N3O8,969.37,4.28,724.569,Carbohydrate
Aspirin,C12H5N1O6,339.18,2.88,649.408,Nucleotide
Cholesterol,C8H40N2O10,439.19,8.75,440.333,Neurotransmitter
Adrenaline,C4H25N2O8,991.07,9.25,330.389,Alkaloid
Caffeine,C8H26N3O5,687.3,3.98,496.125,Alkaloid
Cholesterol,C18H32N0O4,578.3,N/A,43.317,Lipid
Cholesterol,C19H7N5O1,66.82,N/A,509.467,Carbohydrate
Ethanol,C18H34N3O8,858.49,13.29,620.423,Hormone
Adrenaline,C4H6N3O6,113.7,N/A,615.439,Alkaloid
Serotonin,C20H37N0O10,985.81,8.41,540.626,Carbohydrate
Urea,C11H36N5O9,484.66,13.31,452.608,Neurotransmitter
Serotonin,C1H18N1O9,347.43,3.46,167.432,Alkaloid
Serotonin,C1H27N0O9,712.05,N/A,943.464,Hormone
Caffeine,C7H26N0O1,332.77,N/A,288.177,Amide
Cholesterol,C2H30N3O2,217.7,2.1,56.764,Carbohydrate
Caffeine,C3H3N2O4,881.21,10.69,912.689,Alcohol
Adenosine triphosphate,C11H30N1O7,71.22,13.67,224.089,Lipid
Urea,C14H23N5O6,248.46,3.63,842.419,Lipid
Aspirin,C17H9N5O8,429.38,N/A,388.466,Nucleotide
Adrenaline,C4H36N5O2,473.05,11.2,777.711,Alkaloid
Cholesterol,C1H1N0O8,208.19,6.46,327.067,Nucleotide
Serotonin,C17H5N5O7,261.08,3.62,454.332,Alkaloid
Urea,C7H26N4O4,593.22,3.16,399.129,Organic Compound
Glucose,C8H17N0O1,355.34,N/A,840.768,Alcohol
Serotonin,C17H16N4O4,754.93,7.51,94.612,Amide
Aspirin,C10H28N0O5,113.68,10.17,79.037,Carbohydrate
Urea,C3H27N0O8,707.46,6.67,985.438,Alkaloid
Ethanol,C1H34N1O4,140.77,3.71,654.05,Organic Compound
Serotonin,C12H13N2O10,245.84,N/A,67.185,Carbohydrate
Glucose,C13H10N1O4,256.45,6.24,778.812,Carbohydrate
Glucose,C15H11N3O0,433.5,5.84,756.837,Hormone
Serotonin,C9H36N4O6,636.81,3.02,176.773,Carbohydrate
Ethanol,C20H37N1O4,572.59,8.98,461.134,Alkaloid
Dopamine,C14H2N4O9,187.74,3.79,628.451,Nucleotide
Ethanol,C11H7N4O0,60.56,N/A,461.365,Organic Compound
Ethanol,C4H3N4O0,765.27,12.66,42.8,Amide
Adrenaline,C15H10N0O8,393.37,N/A,188.454,Amide
Serotonin,C3H3N1O9,179.38,N/A,621.589,Hormone
Adenosine triphosphate,C18H24N5O4,738.33,12.97,449.743,Lipid
Adrenaline,C11H30N3O5,660.5,N/A,564.006,Organic Compound
Dopamine,C15H21N0O9,223.65,7.11,285.021,Alkaloid
Aspirin,C4H11N4O7,570.78,N/A,945.264,Carbohydrate
Adenosine triphosphate,C2H4N1O5,152.22,3.27,755.156,Alcohol
Urea,C13H30N5O2,929.66,3.6,389.958,Lipid
Caffeine,C12H15N0O0,834.86,9.33,286.573,Lipid
Glucose,C19H35N4O9,925.8,7.19,650.403,Alkaloid
Aspirin,C13H14N1O6,992.36,N/A,880.399,Organic Compound
Caffeine,C2H33N0O7,562.43,12.18,69.735,Neurotransmitter
Glucose,C19H10N4O6,376.48,6.38,526.039,Neurotransmitter
Adenosine triphosphate,C5H24N2O0,840.61,6.81,299.843,Alcohol
Ethanol,C13H21N2O5,678.39,13.56,750.115,Alkaloid
Caffeine,C10H9N0O2,398.74,9.07,773.14,Lipid
Serotonin,C10H29N1O5,960.63,8.56,172.576,Lipid
Dopamine,C4H15N4O8,831.94,4.83,835.176,Organic Compound
Glucose,C12H15N5O0,656.92,11.61,957.159,Lipid
Serotonin,C9H33N1O0,738.7,6.95,1.575,Alcohol
Dopamine,C9H36N4O7,80.47,N/A,475.731,Organic Compound
Adrenaline,C10H19N1O5,110.68,6.39,930.556,Nucleotide
Serotonin,C4H13N5O7,190.8,13.49,164.829,Amide
Serotonin,C16H3N2O0,161.81,5.17,861.79,Organic Compound
Adenosine triphosphate,C11H13N5O7,179.97,10.91,235.631,Amide
Caffeine,C8H35N4O1,377.43,9.5,880.617,Neurotransmitter
Dopamine,C13H32N3O7,144.56,N/A,96.296,Organic Compound
Ethanol,C4H39N1O2,964.38,1.52,597.074,Hormone
Aspirin,C15H36N5O1,718.33,10.84,283.531,Organic Compound
Cholesterol,C3H2N3O7,860.43,N/A,287.309,Nucleotide
Dopamine,C16H5N0O5,344.47,13.77,357.305,Carbohydrate
Adrenaline,C4H21N4O5,447.03,11.59,77.51,Alcohol
Serotonin,C3H6N2O2,128.98,8.05,513.672,Carbohydrate
Aspirin,C7H23N2O3,902.45,5.89,316.111,Lipid
Adenosine triphosphate,C5H31N1O10,489.02,3.47,881.741,Amide
Ethanol,C5H3N4O9,416.18,13.11,913.691,Alkaloid
Aspirin,C17H11N3O4,556.13,9.61,294.918,Amide
Caffeine,C20H7N4O3,186.69,2.32,693.611,Alkaloid
Glucose,C12H27N1O7,436.34,5.33,940.512,Hormone
Adenosine triphosphate,C6H30N5O8,977.71,N/A,31.006,Amide
Caffeine,C6H7N5O5,249.44,13.45,726.742,Nucleotide
Serotonin,C18H17N1O6,86.82,5.16,588.261,Nucleotide
Aspirin,C18H17N3O5,523.81,5.49,728.278,Alcohol
Caffeine,C2H35N1O0,376.66,5.18,584.759,Amide
Caffeine,C14H35N1O6,901.79,9.23,244.635,Neurotransmitter
Urea,C4H2N5O0,503.46,N/A,133.141,Lipid
Adrenaline,C19H35N0O5,895.98,6.03,831.25,Neurotransmitter
Caffeine,C19H6N2O4,578.59,1.01,85.318,Alcohol
Urea,C7H30N3O2,777.01,4.79,973.833,Hormone
Urea,C2H38N2O7,434.71,2.69,785.883,Nucleotide
Dopamine,C19H16N5O0,798.99,N/A,612.411,Carbohydrate
Urea,C17H22N0O10,163.36,6.32,964.696,Organic Compound
Caffeine,C7H8N1O7,535.41,N/A,838.715,Lipid
Aspirin,C2H24N2O2,569.69,5.29,103.533,Hormone
Adrenaline,C1H12N3O4,789.57,8.31,104.021,Nucleotide
Adenosine triphosphate,C3H22N3O9,511.83,5.61,320.759,Hormone
Glucose,C16H27N1O3,834.07,10.57,275.768,Alkaloid
Cholesterol,C8H30N1O4,972.27,1.4,268.391,Lipid
Adenosine triphosphate,C1H37N4O7,271.79,N/A,394.821,Carbohydrate
Glucose,C9H3N5O3,80.38,3.29,110.93,Hormone
Cholesterol,C6H13N5O5,967.97,3.41,726.845,Alcohol
Glucose,C5H40N3O8,427.47,2.53,428.623,Alkaloid
Adrenaline,C8H6N3O8,858.32,3.22,253.238,Nucleotide
Adenosine triphosphate,C11H35N4O1,816.97,3.67,19.753,Amide
Serotonin,C13H5N1O6,202.71,N/A,319.619,Alkaloid
Dopamine,C6H36N5O7,307.06,4.04,720.099,Alcohol
Dopamine,C17H31N3O6,237.06,N/A,885.152,Hormone
Cholesterol,C17H10N5O6,204.47,12.89,305.665,Alkaloid
Aspirin,C2H34N4O4,370.34,N/A,105.41,Carbohydrate
Glucose,C9H7N3O0,313.38,4.45,865.891,Alcohol
Urea,C14H22N1O0,354.35,9.86,402.239,Nucleotide
Ethanol,C10H8N3O9,339.26,9.27,801.668,Organic Compound
Urea,C17H8N3O0,821.06,6.84,108.224,Amide
Caffeine,C8H22N5O4,648.14,9.36,252.39,Hormone
Glucose,C12H31N2O2,416.51,N/A,648.64,Alcohol
Ethanol,C17H12N3O8,180.8,4.64,634.167,Nucleotide
Adrenaline,C7H29N1O9,312.94,4.33,753.313,Nucleotide
Dopamine,C2H8N2O9,316.09,3.56,21.618,Alkaloid
Cholesterol,C15H9N2O5,611.73,8.98,513.247,Hormone
Dopamine,C17H10N0O5,504.16,N/A,850.05,Lipid
Urea,C2H23N5O1,519.01,2.69,676.82,Amide
Dopamine,C6H36N5O3,963.16,13.29,625.648,Carbohydrate
Urea,C14H13N4O0,692.97,8.01,848.728,Organic Compound
Dopamine,C12H25N4O10,495.91,12.8,968.192,Carbohydrate
Dopamine,C7H6N3O2,447.66,5.08,256.624,Neurotransmitter
Adenosine triphosphate,C7H21N4O8,882.27,3.56,978.66,Amide
Adenosine triphosphate,C4H4N4O8,102.23,8.31,302.13,Amide
Adrenaline,C18H18N0O6,467.98,4.12,849.381,Nucleotide
Adrenaline,C4H36N1O5,468.5,13.35,113.657,Alcohol
Adrenaline,C1H25N1O3,255.03,11.71,401.785,Amide
Caffeine,C8H13N5O10,166.64,11.41,982.356,Nucleotide
Caffeine,C7H5N4O10,464.4,8.34,514.84,Lipid
Dopamine,C3H35N3O1,607.2,N/A,45.607,Carbohydrate
Aspirin,C18H14N2O4,888.43,10.16,830.654,Amide
Ethanol,C2H13N4O7,602.73,12.64,70.149,Alcohol
Dopamine,C14H15N2O1,51.54,N/A,629.819,Neurotransmitter
Caffeine,C3H3N2O10,57.82,N/A,764.258,Amide
Cholesterol,C17H38N1O6,255.18,12.25,121.96,Nucleotide
Adenosine triphosphate,C2H20N1O6,398.66,11.83,462.817,Alcohol
Urea,C19H5N2O4,666.95,1.78,784.41,Alkaloid
Adenosine triphosphate,C18H12N0O5,71.8,5.49,452.034,Alkaloid
Serotonin,C17H35N3O1,406.32,10.54,206.836,Lipid
Adenosine triphosphate,C10H9N3O0,383.7,1.51,958.056,Neurotransmitter
Serotonin,C11H7N2O1,410.46,8.72,594.579,Hormone
Adenosine triphosphate,C11H38N1O4,789.69,8.8,453.336,Hormone
Caffeine,C2H7N4O1,267.57,N/A,705.273,Alkaloid
Aspirin,C20H23N1O4,393.25,4.38,384.233,Alkaloid
Cholesterol,C4H5N4O7,831.27,N/A,247.324,Hormone
Glucose,C12H40N3O10,933.49,8.02,179.204,Hormone
Cholesterol,C4H1N4O0,597.77,7.61,730.715,Lipid
Cholesterol,C8H3N4O10,988.57,N/A,448.986,Organic Compound
Adrenaline,C13H17N0O6,622.78,N/A,504.148,Lipid
Aspirin,C17H21N3O9,87.43,10.59,342.638,Nucleotide
Caffeine,C19H20N5O6,186.6,12.76,535.978,Lipid
Adenosine triphosphate,C14H29N0O0,764.84,N/A,880.33,Hormone
Adrenaline,C7H10N5O4,647.18,N/A,619.073,Organic Compound
Ethanol,C11H34N5O2,214.99,5.89,89.341,Lipid
Caffeine,C16H10N5O6,244.91,12.42,136.852,Lipid
Adenosine triphosphate,C13H22N4O5,156.16,13.12,215.883,Organic Compound
Aspirin,C8H6N1O9,232.42,4.86,483.517,Amide
Cholesterol,C19H24N3O1,546.09,13.12,131.479,Organic Compound
Dopamine,C9H1N2O1,634.08,5.27,217.485,Alkaloid
Adrenaline,C8H20N0O2,536.42,10.15,27.445,Nucleotide
Adenosine triphosphate,C4H7N5O7,333.9,13.8,22.576,Lipid
Adrenaline,C20H7N3O0,763.63,1.81,528.394,Carbohydrate
Urea,C10H24N4O6,728.33,6.07,652.105,Neurotransmitter
Serotonin,C13H20N3O3,407.57,3.31,313.076,Amide
Caffeine,C10H27N1O8,762.69,5.52,347.667,Lipid
Aspirin,C17H39N4O1,258.11,5.87,364.366,Hormone
Serotonin,C18H36N2O4,330.33,N/A,834.684,Organic Compound
Aspirin,C10H37N0O5,978.55,11.23,9.055,Amide
Urea,C18H19N2O3,883.88,10.45,476.729,Hormone
Glucose,C20H18N3O1,883.81,1.78,734.761,Nucleotide
Dopamine,C9H13N4O7,947.57,13.96,125.884,Neurotransmitter
Serotonin,C7H32N5O4,821.77,13.9,99.011,Hormone
Glucose,C19H32N5O8,206.17,1.86,693.845,Nucleotide
Aspirin,C3H38N1O5,614.74,N/A,887.135,Lipid
Adrenaline,C17H40N2O3,372.21,4.77,560.188,Alcohol
Serotonin,C12H6N2O10,998.98,4.03,343.967,Lipid
Serotonin,C8H15N1O3,796.24,1.64,232.663,Lipid
Glucose,C11H9N1O7,503.91,N/A,118.839,Carbohydrate
Serotonin,C15H24N4O7,285.48,12.83,6.844,Lipid
Aspirin,C14H30N2O4,340.56,1.92,476.959,Lipid
Adrenaline,C5H19N2O5,424.35,8.12,311.047,Alkaloid
Caffeine,C19H22N0O8,267.23,8.03,38.978,Amide
Glucose,C3H38N5O3,762.47,5.13,688.472,Organic Compound
Ethanol,C17H3N1O9,774.08,9.14,149.272,Lipid
Cholesterol,C12H23N0O6,541.89,13.55,379.42,Carbohydrate
Caffeine,C1H8N3O1,445.1,12.4,246.528,Organic Compound
Adenosine triphosphate,C19H23N3O10,492.4,1.41,698.003,Hormone
Adrenaline,C19H34N4O6,787.75,9.06,879.583,Carbohydrate
Ethanol,C15H34N1O10,446.71,11.34,207.305,Organic Compound
Aspirin,C16H16N4O4,640.05,7.85,903.877,Nucleotide
Dopamine,C11H33N5O6,445.46,N/A,897.643,Neurotransmitter
Dopamine,C6H14N0O2,276.77,11.87,339.277,Alcohol
Adrenaline,C3H5N3O5,495.38,N/A,659.398,Carbohydrate
Adrenaline,C1H38N5O7,985.06,7.54,59.093,Amide
Glucose,C19H26N2O2,573.29,2.16,164.069,Alcohol
Caffeine,C3H17N4O4,679.64,7.8,104.967,Alcohol
Adenosine triphosphate,C12H9N2O4,254.34,13.07,703.093,Organic Compound
Caffeine,C17H7N1O10,556.56,2.72,633.432,Carbohydrate
Dopamine,C12H35N0O1,932.43,N/A,565.396,Lipid
Cholesterol,C2H25N2O9,335.84,5.47,371.816,Alcohol
Adenosine triphosphate,C12H16N0O3,557.63,N/A,674.848,Nucleotide
Aspirin,C7H2N0O6,981.12,11.94,367.441,Amide
Ethanol,C17H3N3O9,262.33,1.73,637.011,Carbohydrate
Caffeine,C10H19N2O10,232.09,12.29,99.939,Organic Compound
Ethanol,C13H22N2O4,773.2,N/A,390.075,Organic Compound
Ethanol,C7H7N3O9,803.12,10.02,750.354,Carbohydrate
Caffeine,C8H29N3O7,462.98,13.74,642.008,Organic Compound
Caffeine,C3H31N2O6,418.72,8.09,806.921,Carbohydrate
Caffeine,C15H13N2O3,236.44,12.08,902.766,Carbohydrate
Aspirin,C16H37N3O5,892.88,4.48,614.835,Carbohydrate
Caffeine,C9H26N4O5,443.78,6.55,304.915,Alkaloid
Cholesterol,C9H9N3O8,186.43,11.55,159.642,Alkaloid
Adrenaline,C12H28N0O5,252.1,11.81,49.98,Nucleotide
Aspirin,C10H25N2O10,177.66,N/A,785.59,Carbohydrate
Aspirin,C3H6N2O1,601.25,8.49,672.101,Hormone
Adrenaline,C14H34N5O1,607.6,1.86,890.229,Carbohydrate
Serotonin,C20H25N0O4,782.64,N/A,742.344,Amide
Caffeine,C12H22N5O1,326.44,8.07,849.334,Lipid
Glucose,C10H10N5O5,457.37,11.93,281.499,Hormone
Adrenaline,C17H31N1O2,282.9,10.82,96.238,Alcohol
Caffeine,C6H21N5O0,975.19,11.34,403.964,Organic Compound
Urea,C14H14N5O2,472.75,1.26,761.092,Organic Compound
Aspirin,C2H6N2O0,630.02,13.33,218.088,Lipid
Adenosine triphosphate,C19H7N0O10,512.17,13.35,387.432,Neurotransmitter
Ethanol,C11H32N0O10,442.91,10.18,357.43,Neurotransmitter
Cholesterol,C12H8N2O8,426.32,4.4,642.247,Carbohydrate
Caffeine,C11H34N4O8,300.62,4.18,987.272,Lipid
Glucose,C4H15N4O10,126.84,8.21,474.093,Amide
Urea,C8H19N3O7,596.02,5.85,888.944,Alkaloid
Adrenaline,C10H4N0O1,103.94,11.54,657.379,Alkaloid
Adrenaline,C11H20N2O9,896.6,8.77,334.647,Organic Compound
Glucose,C16H14N5O5,119.57,12.22,293.711,Hormone
Cholesterol,C1H28N3O4,210.3,9.65,253.928,Hormone
Ethanol,C7H14N2O7,629.25,1.6,89.619,Nucleotide
Serotonin,C17H3N4O10,704.03,N/A,923.525,Alkaloid
Caffeine,C19H18N5O3,95.94,7.22,39.054,Lipid
Glucose,C12H24N0O5,143.44,6.32,794.445,Lipid
Serotonin,C6H16N3O9,837.96,4.09,103.237,Amide
Adrenaline,C6H40N4O5,556.05,12.2,274.875,Amide
Urea,C15H19N1O10,261.69,N/A,308.291,Hormone
Urea,C12H16N1O6,548.04,11.91,176.031,Lipid
Caffeine,C10H33N0O10,436.92,4.03,397.825,Hormone
Urea,C3H23N4O7,175.91,6.67,523.572,Hormone
Glucose,C4H6N2O7,744.85,13.18,605.631,Hormone
Ethanol,C20H30N2O5,443.42,9.84,305.345,Amide
Serotonin,C18H25N3O2,586.17,6.11,530.962,Organic Compound
Cholesterol,C19H21N1O3,95.64,11.2,529.828,Alkaloid
Caffeine,C5H18N1O8,971.95,12.83,574.905,Carbohydrate
Dopamine,C2H1N5O8,781.77,1.14,622.788,Carbohydrate
Cholesterol,C14H17N0O7,888.46,9.86,463.85,Lipid
Glucose,C14H2N1O6,717.24,13.63,696.992,Lipid
Caffeine,C17H18N5O10,940.53,5.4,309.022,Organic Compound
Adenosine triphosphate,C19H24N2O0,686.33,11.35,896.31,Alcohol
Glucose,C5H31N0O4,220.38,6.55,241.328,Alcohol
Adenosine triphosphate,C1H31N4O5,707.42,11.96,731.91,Lipid
Caffeine,C10H19N2O9,843.36,9.64,452.593,Carbohydrate
Urea,C19H28N2O8,543.0,11.08,714.261,Neurotransmitter
Serotonin,C3H37N1O7,536.7,12.22,134.122,Alcohol
Ethanol,C10H3N2O5,187.79,11.85,71.6,Lipid
Dopamine,C18H29N1O2,443.94,4.73,946.968,Organic Compound
Urea,C9H7N2O5,99.13,N/A,638.354,Alkaloid
Caffeine,C8H4N0O7,166.25,2.19,527.538,Alkaloid
Adenosine triphosphate,C18H19N3O0,774.29,N/A,163.438,Amide
Adrenaline,C13H25N4O3,661.6,N/A,935.635,Amide
Aspirin,C18H37N2O9,940.06,11.41,650.601,Hormone
Serotonin,C18H12N5O10,641.5,4.54,626.944,Alcohol
Urea,C10H37N4O4,297.59,5.73,239.892,Nucleotide
Serotonin,C4H4N0O9,903.96,2.8,153.542,Organic Compound
Urea,C18H26N1O2,265.69,9.59,582.609,Lipid
Dopamine,C13H13N5O8,861.93,1.6,834.094,Neurotransmitter
Dopamine,C17H35N1O6,388.58,6.46,375.499,Alcohol
Adenosine triphosphate,C16H34N0O2,162.0,13.59,560.928,Neurotransmitter
Adrenaline,C12H11N4O0,384.73,11.57,886.954,Carbohydrate
Adrenaline,C6H39N0O4,843.74,1.15,438.02,Organic Compound
Cholesterol,C16H5N3O0,569.16,2.95,150.149,Carbohydrate
Aspirin,C5H14N1O9,508.18,1.64,936.721,Alcohol
Cholesterol,C6H29N2O1,506.53,2.88,286.54,Hormone
Caffeine,C15H6N0O9,674.8,9.46,542.962,Lipid
Adenosine triphosphate,C12H33N3O5,803.65,7.3,38.186,Carbohydrate
Glucose,C15H27N4O8,719.83,7.46,131.353,Nucleotide
Adrenaline,C18H24N4O1,799.04,N/A,332.742,Organic Compound
Dopamine,C17H6N0O7,187.42,5.45,806.625,Alkaloid
Serotonin,C2H31N1O5,502.7,5.96,645.514,Hormone
Caffeine,C15H11N1O10,182.92,8.26,794.541,Amide
Dopamine,C8H33N4O5,632.51,4.58,141.525,Carbohydrate
Aspirin,C19H4N2O5,436.45,8.04,295.899,Alkaloid
Serotonin,C18H16N1O10,468.65,2.86,184.293,Neurotransmitter
Serotonin,C3H17N1O2,406.52,8.46,409.516,Alkaloid
Urea,C12H17N1O4,869.76,10.24,999.671,Neurotransmitter
Caffeine,C13H34N2O8,355.19,5.28,642.355,Organic Compound
Glucose,C10H3N3O1,241.21,9.81,584.943,Alkaloid
Aspirin,C10H37N1O3,956.79,N/A,893.524,Lipid
Caffeine,C9H11N1O2,886.49,N/A,338.039,Lipid
Dopamine,C15H27N1O0,325.76,N/A,853.359,Hormone
Serotonin,C6H13N3O8,766.39,7.28,701.521,Carbohydrate
Glucose,C4H8N3O8,434.75,6.16,109.892,Alkaloid
Glucose,C3H17N1O6,460.43,10.59,647.229,Neurotransmitter
Adenosine triphosphate,C13H6N2O2,724.11,N/A,924.953,Lipid
Urea,C5H39N5O5,643.65,8.71,513.232,Alkaloid
Cholesterol,C18H23N4O9,757.96,12.49,273.721,Carbohydrate
Aspirin,C3H22N1O8,443.36,N/A,262.104,Neurotransmitter
Adenosine triphosphate,C6H2N1O10,688.34,4.34,813.094,Nucleotide
Adrenaline,C13H33N2O9,587.41,4.61,749.997,Neurotransmitter
Caffeine,C20H38N4O2,460.03,7.27,183.892,Nucleotide
Serotonin,C12H4N2O7,76.3,1.54,491.064,Hormone
Glucose,C3H27N5O6,225.79,12.75,376.95,Neurotransmitter
Urea,C15H33N1O0,425.55,11.77,83.545,Hormone
Urea,C19H4N0O9,756.62,8.65,860.987,Hormone
Caffeine,C4H32N5O9,317.52,2.1,652.595,Carbohydrate
Dopamine,C19H21N5O5,559.76,12.34,236.849,Amide
Ethanol,C17H8N3O8,170.85,9.02,451.804,Nucleotide
Adrenaline,C11H16N5O5,913.8,N/A,968.961,Hormone
Cholesterol,C11H7N3O4,111.39,9.95,727.471,Alcohol
Dopamine,C5H26N5O7,661.78,13.22,726.462,Amide
Aspirin,C1H3N4O9,158.46,10.57,761.047,Alkaloid
Urea,C4H36N0O0,803.7,N/A,168.84,Carbohydrate
Glucose,C9H2N3O10,593.61,8.74,443.491,Alcohol
Serotonin,C6H15N1O8,895.48,5.48,161.585,Nucleotide
Glucose,C12H30N4O3,690.92,N/A,444.253,Lipid
Ethanol,C18H17N0O6,712.33,3.14,47.003,Amide
Serotonin,C11H9N2O5,706.28,5.93,374.285,Carbohydrate
Aspirin,C8H8N1O8,855.09,4.07,314.371,Hormone
Serotonin,C2H9N0O5,310.47,N/A,592.479,Lipid
Cholesterol,C6H36N2O1,57.79,7.78,568.469,Lipid
Dopamine,C3H23N1O3,741.05,7.58,569.71,Lipid
Dopamine,C20H36N1O0,117.37,3.95,517.056,Hormone
Caffeine,C10H9N0O4,447.2,6.67,474.004,Nucleotide
Aspirin,C6H19N0O3,425.89,N/A,273.701,Carbohydrate
Serotonin,C6H4N5O6,167.67,1.91,437.458,Organic Compound
Cholesterol,C14H2N1O0,234.21,9.91,761.969,Carbohydrate
Ethanol,C1H1N5O0,454.16,4.46,19.436,Nucleotide
Adenosine triphosphate,C18H4N2O5,84.09,4.4,85.208,Neurotransmitter
Ethanol,C14H24N1O0,469.92,5.35,630.025,Alcohol
Aspirin,C19H31N1O5,242.39,12.11,810.974,Organic Compound
Adrenaline,C6H37N1O6,390.57,11.12,381.021,Neurotransmitter
Urea,C14H26N5O1,802.76,5.52,319.857,Nucleotide
Cholesterol,C20H38N4O9,552.82,8.78,859.35,Carbohydrate
Urea,C15H17N4O3,216.66,6.08,633.664,Hormone
Adrenaline,C12H2N4O0,108.62,N/A,935.644,Amide
Adrenaline,C15H14N4O9,99.46,2.03,543.778,Organic Compound
Adenosine triphosphate,C6H20N4O2,74.01,9.31,937.577,Nucleotide
Aspirin,C15H31N1O6,876.43,N/A,615.796,Alcohol
Glucose,C2H27N0O0,431.13,N/A,130.893,Lipid
Adenosine triphosphate,C5H16N4O5,128.47,12.39,960.058,Lipid
Adenosine triphosphate,C5H27N4O8,116.05,8.63,643.471,Carbohydrate
Aspirin,C3H9N5O3,964.4,4.15,614.304,Alkaloid
Adenosine triphosphate,C11H39N0O1,135.15,6.17,282.445,Amide
Dopamine,C10H12N4O5,704.42,3.91,625.474,Alcohol
Adenosine triphosphate,C11H34N2O2,803.47,13.26,54.724,Lipid
Dopamine,C11H23N1O6,944.4,4.65,326.401,Amide
Ethanol,C1H35N0O4,370.97,10.15,77.544,Amide
Cholesterol,C3H15N4O4,252.32,N/A,852.169,Organic Compound
Cholesterol,C3H12N4O8,139.45,3.75,79.706,Organic Compound
Serotonin,C20H5N0O7,509.09,8.71,837.923,Alcohol
Caffeine,C17H4N3O7,839.71,9.26,757.378,Hormone
Ethanol,C17H30N0O8,887.93,2.33,120.136,Amide
Glucose,C14H21N2O8,459.98,3.01,22.413,Neurotransmitter
Serotonin,C19H32N4O9,404.48,6.43,372.031,Alcohol
Urea,C11H22N0O2,722.29,10.47,466.66,Nucleotide
Adrenaline,C14H11N5O7,219.46,N/A,407.43,Neurotransmitter
Urea,C20H28N3O5,555.69,N/A,854.744,Nucleotide
Aspirin,C12H5N0O2,875.9,1.25,828.361,Organic Compound
Urea,C20H40N2O4,707.11,8.03,991.872,Alkaloid
Urea,C3H25N1O8,224.04,12.82,516.865,Organic Compound
Dopamine,C6H29N3O6,552.19,4.97,882.45,Neurotransmitter
Urea,C3H24N2O10,596.21,3.39,435.092,Organic Compound
Adenosine triphosphate,C2H32N4O10,438.64,N/A,714.514,Lipid
Caffeine,C8H18N4O0,929.79,3.35,275.89,Amide
Adrenaline,C1H17N2O3,207.42,1.6,465.244,Alcohol
Cholesterol,C18H36N1O9,546.08,2.11,926.229,Neurotransmitter
Ethanol,C19H21N0O3,274.37,13.14,572.846,Organic Compound
Adenosine triphosphate,C17H40N5O1,853.34,2.68,630.025,Carbohydrate
Glucose,C13H26N3O9,219.07,8.49,853.992,Lipid
Adenosine triphosphate,C2H38N2O7,616.71,N/A,477.21,Nucleotide
Urea,C13H11N3O8,829.46,12.99,235.957,Amide
Dopamine,C14H20N0O8,231.54,8.51,650.271,Organic Compound
Aspirin,C15H4N4O7,201.74,4.09,484.642,Organic Compound
Dopamine,C19H30N3O0,678.0,13.7,231.03,Neurotransmitter
Caffeine,C6H6N5O2,151.12,2.55,108.067,Alcohol
Dopamine,C6H38N2O8,95.21,7.04,945.659,Carbohydrate
Glucose,C18H24N5O0,490.75,N/A,284.245,Alcohol
Ethanol,C16H36N0O2,276.25,N/A,800.272,Carbohydrate
Caffeine,C13H33N5O4,283.26,N/A,795.003,Alkaloid
Dopamine,C8H16N5O10,776.37,8.67,949.228,Nucleotide
Aspirin,C20H26N5O5,230.25,10.28,331.411,Lipid
Glucose,C2H27N1O7,845.02,7.4,158.139,Amide
Ethanol,C1H9N4O10,760.31,2.27,394.691,Lipid
Adrenaline,C13H27N1O1,450.65,7.7,164.262,Carbohydrate
Glucose,C7H15N1O10,331.66,7.56,225.844,Alcohol
Urea,C1H14N4O7,719.43,N/A,94.574,Organic Compound
Glucose,C19H37N3O0,789.25,8.85,956.573,Alcohol
Adrenaline,C8H16N0O8,878.65,N/A,389.211,Alcohol
Ethanol,C2H34N0O1,488.97,N/A,499.373,Carbohydrate
Dopamine,C3H12N3O6,177.28,8.69,62.589,Organic Compound
Urea,C6H38N0O2,378.67,N/A,132.575,Amide
Glucose,C2H2N3O10,553.89,10.56,735.391,Nucleotide
Dopamine,C3H28N0O0,882.47,N/A,458.976,Amide
Aspirin,C19H1N1O2,869.14,11.97,522.853,Hormone
Cholesterol,C11H31N0O8,471.65,N/A,887.654,Hormone
Caffeine,C9H38N0O7,836.7,2.28,709.556,Lipid
Ethanol,C9H18N0O5,393.82,3.61,435.703,Organic Compound
Ethanol,C5H23N4O4,396.93,6.89,451.607,Nucleotide
Cholesterol,C7H38N1O5,667.32,6.89,471.139,Nucleotide
Caffeine,C4H31N3O2,788.65,9.12,570.87,Alkaloid
Aspirin,C11H39N2O5,749.22,5.88,757.123,Nucleotide
Cholesterol,C11H36N1O10,601.09,7.39,612.119,Nucleotide
Serotonin,C7H27N4O5,602.43,3.07,326.679,Lipid
Ethanol,C4H33N4O7,61.3,10.52,301.38,Nucleotide
Dopamine,C11H31N4O6,57.38,10.64,730.003,Alcohol
Serotonin,C15H33N2O10,796.88,12.66,37.747,Carbohydrate
Adrenaline,C11H5N1O7,833.79,9.71,509.476,Amide
Caffeine,C12H35N4O10,317.8,11.49,335.075,Alcohol
Cholesterol,C7H31N3O8,479.18,N/A,959.363,Neurotransmitter
Adenosine triphosphate,C14H35N2O3,385.1,13.2,374.795,Alkaloid
Dopamine,C7H30N5O1,229.83,3.45,898.834,Alkaloid
Glucose,C9H15N0O6,221.67,4.98,812.823,Lipid
Glucose,C17H19N1O10,809.01,6.17,12.494,Hormone
Ethanol,C18H29N2O3,140.39,9.57,877.185,Hormone
Adenosine triphosphate,C17H34N2O9,848.19,2.79,785.169,Organic Compound
Caffeine,C16H40N2O8,973.47,11.32,146.284,Alcohol
Adenosine triphosphate,C13H17N1O5,448.11,N/A,148.91,Nucleotide
Ethanol,C20H1N0O7,542.75,10.57,334.066,Hormone
Adrenaline,C15H12N4O5,581.92,7.55,584.992,Neurotransmitter
Aspirin,C8H12N5O3,376.82,2.45,688.939,Organic Compound
Caffeine,C13H18N3O5,823.25,1.19,371.358,Alcohol
Caffeine,C9H21N2O2,745.26,9.83,141.105,Amide
Aspirin,C2H1N2O6,590.34,3.83,298.06,Nucleotide
Urea,C20H7N1O1,973.22,9.62,523.894,Nucleotide
Adenosine triphosphate,C20H5N1O2,179.83,N/A,159.944,Alkaloid
Adrenaline,C20H23N0O10,138.87,5.31,124.878,Neurotransmitter
Urea,C14H19N2O0,796.59,3.89,817.611,Carbohydrate
Cholesterol,C9H19N3O7,773.75,8.48,711.618,Lipid
Caffeine,C13H24N4O4,693.79,7.94,540.383,Neurotransmitter
Urea,C7H15N4O6,483.68,3.23,53.455,Nucleotide
Cholesterol,C3H20N4O5,355.18,N/A,296.338,Nucleotide
Adenosine triphosphate,C17H21N0O4,977.93,N/A,800.949,Lipid
Cholesterol,C1H23N2O7,407.63,13.04,700.465,Neurotransmitter
Caffeine,C19H4N1O3,943.27,11.75,611.168,Nucleotide
Serotonin,C7H6N3O4,598.77,4.33,102.462,Lipid
Ethanol,C4H23N3O9,595.05,8.35,689.16,Nucleotide
Dopamine,C4H16N3O6,997.41,N/A,44.34,Amide
Ethanol,C10H27N1O9,194.14,9.86,699.563,Amide
Cholesterol,C5H35N5O9,595.18,N/A,650.138,Neurotransmitter
Glucose,C10H11N0O5,804.1,2.48,330.398,Nucleotide
Adrenaline,C19H35N1O1,541.39,5.44,452.485,Amide
Urea,C18H24N3O7,121.19,N/A,988.888,Nucleotide
Cholesterol,C12H28N2O7,151.6,3.9,320.442,Hormone
Adrenaline,C18H4N2O4,593.8,N/A,691.781,Organic Compound
Ethanol,C12H35N4O3,681.94,1.78,275.68,Hormone
Cholesterol,C11H36N1O9,361.79,2.82,981.31,Amide
Aspirin,C19H13N1O1,123.83,9.79,328.393,Lipid
Adenosine triphosphate,C15H8N4O10,608.52,N/A,934.108,Lipid
Dopamine,C20H39N5O10,859.16,9.12,697.091,Alcohol
Aspirin,C10H8N0O7,403.83,10.97,353.954,Lipid
Adrenaline,C1H26N4O8,258.82,N/A,445.862,Hormone
Glucose,C18H18N4O8,657.42,12.6,238.925,Amide
Serotonin,C4H9N4O7,495.19,N/A,545.557,Organic Compound
Serotonin,C17H21N5O4,148.57,N/A,102.612,Lipid
Cholesterol,C8H31N1O7,563.94,N/A,952.477,Carbohydrate
Ethanol,C11H38N1O4,749.86,6.4,225.779,Nucleotide
Glucose,C1H26N0O6,425.82,11.31,872.523,Alcohol
Aspirin,C8H24N1O5,388.7,3.58,175.931,Alcohol
Adenosine triphosphate,C16H27N0O4,510.15,8.87,310.554,Alkaloid
Aspirin,C10H23N0O2,727.78,N/A,868.177,Carbohydrate
Ethanol,C10H8N3O7,952.04,5.35,535.823,Nucleotide
Cholesterol,C3H4N2O7,513.91,13.8,345.251,Alcohol
Ethanol,C3H31N1O7,281.87,11.22,280.804,Lipid
Ethanol,C14H4N2O5,571.1,10.44,443.631,Alcohol
Caffeine,C7H37N2O3,485.23,1.43,752.547,Carbohydrate
Dopamine,C8H28N5O5,389.12,N/A,843.27,Alkaloid
Adenosine triphosphate,C4H24N1O2,177.26,2.63,625.486,Hormone
Urea,C4H5N3O8,128.48,8.75,946.624,Neurotransmitter
Ethanol,C19H8N1O1,675.54,N/A,890.103,Alkaloid
Glucose,C11H22N3O9,694.12,12.03,655.815,Organic Compound
Glucose,C17H25N0O4,810.29,4.16,684.757,Neurotransmitter
Urea,C4H11N2O6,152.22,N/A,600.629,Alkaloid
Aspirin,C12H20N2O6,947.62,N/A,758.89,Amide
Adenosine triphosphate,C3H7N2O0,178.19,3.93,113.763,Amide
Aspirin,C17H28N3O4,713.96,N/A,849.987,Amide
Ethanol,C7H18N2O8,664.2,6.47,321.391,Alcohol
Urea,C4H23N0O8,545.09,10.33,733.228,Amide
Adrenaline,C9H3N0O0,176.97,11.91,563.274,Neurotransmitter
Serotonin,C19H22N0O0,990.81,13.39,342.587,Alcohol
Ethanol,C2H7N0O3,199.47,9.93,989.219,Amide
Dopamine,C9H24N3O6,978.52,3.32,603.431,Alcohol
Serotonin,C8H7N4O7,729.59,11.31,331.927,Nucleotide
Dopamine,C7H18N0O8,344.24,N/A,442.371,Amide
Cholesterol,C15H33N4O7,657.41,13.14,742.007,Nucleotide
Caffeine,C12H34N4O8,202.52,N/A,773.365,Neurotransmitter
Urea,C16H36N1O10,777.43,1.23,100.411,Alcohol
Aspirin,C8H19N0O9,484.99,10.89,818.544,Hormone
Adrenaline,C19H16N1O3,84.3,2.35,487.706,Hormone
Dopamine,C11H40N1O5,531.4,N/A,910.735,Neurotransmitter
Dopamine,C9H39N2O9,482.74,N/A,492.828,Nucleotide
Cholesterol,C16H15N3O8,245.44,4.43,712.633,Neurotransmitter
Adrenaline,C19H15N0O10,597.76,9.46,906.96,Hormone
Urea,C14H14N0O0,596.11,5.94,66.109,Alkaloid
Caffeine,C8H33N3O1,246.06,7.94,222.762,Hormone
Adenosine triphosphate,C17H9N4O4,89.57,8.48,872.621,Neurotransmitter
Adrenaline,C3H40N0O0,817.73,7.42,495.898,Organic Compound
Dopamine,C10H38N1O5,972.29,4.14,674.414,Nucleotide
Glucose,C4H16N2O9,564.77,1.12,673.382,Lipid
Cholesterol,C16H16N1O0,390.72,N/A,612.101,Hormone
Caffeine,C17H6N4O9,396.25,11.68,622.082,Neurotransmitter
Glucose,C17H34N3O5,490.05,1.29,278.155,Carbohydrate
Cholesterol,C8H14N5O6,659.18,8.07,64.433,Nucleotide
Dopamine,C8H12N1O6,218.8,5.56,943.352,Carbohydrate
Ethanol,C17H9N5O5,647.09,N/A,526.708,Alcohol
Caffeine,C13H13N1O1,728.39,13.06,112.337,Amide
Ethanol,C13H8N2O8,900.72,12.48,278.133,Carbohydrate
Urea,C4H21N5O4,692.47,2.39,20.875,Amide
Glucose,C12H33N3O10,742.71,N/A,746.769,Nucleotide
Cholesterol,C5H37N1O5,535.1,4.07,340.957,Lipid
Aspirin,C7H4N0O6,507.84,6.55,140.181,Nucleotide
Cholesterol,C7H15N2O3,782.13,10.69,279.931,Organic Compound
Aspirin,C9H22N2O4,377.91,N/A,618.474,Neurotransmitter
Adrenaline,C1H8N1O6,595.35,11.49,992.585,Alcohol
Glucose,C17H13N5O8,383.71,1.11,323.367,Neurotransmitter
Urea,C1H11N3O7,394.35,11.22,121.286,Hormone
Glucose,C6H37N5O2,195.42,6.06,268.631,Neurotransmitter
Adrenaline,C14H3N3O10,565.42,11.71,901.864,Lipid
Urea,C5H2N3O6,333.71,N/A,714.933,Hormone
Adrenaline,C14H36N3O9,693.36,11.13,971.757,Carbohydrate
Adrenaline,C16H33N1O0,111.98,12.65,29.179,Organic Compound
Aspirin,C6H11N4O8,93.72,8.8,552.515,Nucleotide
Glucose,C18H8N3O7,62.02,4.58,344.181,Alcohol
Adrenaline,C1H8N3O6,709.36,9.42,7.994,Organic Compound
Urea,C1H25N2O9,900.75,6.48,542.752,Hormone
Ethanol,C16H15N0O10,384.61,N/A,558.251,Amide
Urea,C9H19N0O6,687.22,7.65,380.82,Carbohydrate
Urea,C4H1N0O3,100.94,6.97,306.084,Neurotransmitter
Serotonin,C18H2N3O2,702.48,N/A,957.688,Carbohydrate
Aspirin,C13H19N2O5,498.84,12.25,913.871,Alkaloid
Adenosine triphosphate,C20H9N1O5,621.5,10.63,292.209,Lipid
Urea,C14H5N0O3,426.47,13.42,368.306,Hormone
Caffeine,C4H33N5O1,576.03,6.45,587.29,Hormone
Caffeine,C11H12N1O0,845.87,11.86,815.907,Nucleotide
Urea,C1H12N4O7,926.97,13.15,600.277,Nucleotide
Ethanol,C13H7N1O1,271.05,10.97,885.307,Nucleotide
Adrenaline,C15H1N0O5,443.07,N/A,279.147,Alkaloid
Aspirin,C11H25N5O4,82.72,9.45,752.25,Organic Compound
Dopamine,C4H7N3O4,275.92,6.76,254.543,Carbohydrate
Serotonin,C10H4N2O1,461.82,12.04,285.448,Hormone
Aspirin,C18H17N3O8,661.77,7.28,150.863,Hormone
Dopamine,C3H24N4O5,527.54,N/A,94.025,Lipid
Serotonin,C11H12N2O7,398.19,11.9,97.264,Carbohydrate
Serotonin,C19H22N0O9,478.84,7.04,593.678,Lipid
Urea,C12H6N5O6,302.21,11.35,788.856,Amide
Caffeine,C9H8N1O8,434.8,N/A,125.276,Organic Compound
Aspirin,C7H31N0O5,555.2,N/A,516.929,Organic Compound
Adenosine triphosphate,C5H29N5O2,847.15,8.49,580.2,Alkaloid
Adrenaline,C8H26N0O2,943.52,N/A,199.465,Organic Compound
Cholesterol,C3H16N3O4,691.21,3.13,695.002,Organic Compound
Dopamine,C17H6N4O3,957.42,N/A,906.038,Alcohol
Glucose,C7H24N5O1,987.62,N/A,128.821,Carbohydrate
Glucose,C11H25N2O0,919.55,3.18,136.552,Nucleotide
Dopamine,C14H28N4O9,267.85,7.76,898.788,Amide
Aspirin,C1H11N2O1,739.63,2.68,475.893,Hormone
Caffeine,C4H36N5O8,920.93,11.48,258.274,Carbohydrate
Aspirin,C4H33N1O9,695.65,N/A,744.631,Amide
Adrenaline,C18H10N0O7,566.44,12.16,31.765,Amide
Serotonin,C4H8N1O4,223.66,N/A,544.72,Alkaloid
Aspirin,C20H24N4O6,909.65,N/A,725.434,Alkaloid
Adenosine triphosphate,C7H20N3O8,95.26,12.14,673.525,Lipid
Dopamine,C4H7N1O3,156.02,7.78,729.714,Neurotransmitter
Glucose,C14H4N1O4,810.1,2.32,68.831,Amide
Ethanol,C15H10N3O0,845.91,2.61,544.398,Carbohydrate
Adenosine triphosphate,C15H38N4O5,991.6,3.56,242.59,Carbohydrate
Serotonin,C11H26N3O6,979.34,N/A,113.953,Organic Compound
Aspirin,C1H19N4O5,722.27,11.02,938.962,Alcohol
Dopamine,C8H30N3O10,806.83,8.17,863.241,Amide
Adrenaline,C8H37N0O1,276.61,N/A,529.93,Amide
Glucose,C6H18N2O1,857.01,4.15,414.325,Alkaloid
Dopamine,C15H16N2O5,694.91,1.84,442.06,Organic Compound
Adenosine triphosphate,C10H27N4O8,764.09,4.45,6.253,Carbohydrate
Glucose,C4H28N5O1,957.66,5.5,644.035,Lipid
Serotonin,C7H24N2O5,768.1,2.48,327.923,Hormone
Ethanol,C13H28N0O4,612.04,N/A,195.505,Carbohydrate
Urea,C4H3N0O8,268.07,1.61,165.58,Organic Compound
Adrenaline,C9H10N2O5,842.61,3.46,517.984,Carbohydrate
Ethanol,C7H29N1O5,898.31,11.06,187.277,Lipid
Urea,C16H39N3O10,558.86,13.89,383.827,Organic Compound
Dopamine,C20H39N5O7,326.95,7.19,993.285,Organic Compound
Adenosine triphosphate,C9H19N4O10,555.64,N/A,452.365,Hormone
Urea,C8H3N1O3,578.57,N/A,766.617,Lipid
Adrenaline,C14H27N2O6,275.22,3.47,71.917,Nucleotide
Adrenaline,C17H28N1O3,254.84,9.67,899.605,Alkaloid
Adrenaline,C2H18N5O1,377.26,8.51,959.005,Alkaloid
Urea,C15H32N1O2,664.37,11.12,609.579,Organic Compound
Cholesterol,C2H30N1O7,772.42,4.1,617.838,Alcohol
Adenosine triphosphate,C10H15N3O10,403.77,9.56,806.21,Nucleotide
Adrenaline,C3H2N1O3,710.48,6.7,377.896,Hormone
Aspirin,C10H7N4O7,985.97,8.67,834.435,Hormone
Aspirin,C16H38N2O1,192.84,N/A,830.028,Hormone
Ethanol,C20H17N4O10,693.69,13.75,190.396,Amide
Dopamine,C1H40N3O0,602.79,7.49,427.005,Alkaloid
Adenosine triphosphate,C5H10N2O3,112.75,N/A,243.641,Alcohol
Adenosine triphosphate,C20H11N3O0,230.95,N/A,981.166,Amide
Serotonin,C7H20N3O5,478.0,3.18,307.737,Organic Compound
Adenosine triphosphate,C4H18N4O4,367.34,N/A,925.37,Nucleotide
Serotonin,C10H31N2O5,659.13,3.39,321.207,Carbohydrate
Urea,C10H34N5O9,524.13,12.41,836.549,Lipid
Urea,C12H35N0O10,346.98,9.94,549.143,Lipid
Adrenaline,C14H31N2O2,102.88,3.75,926.197,Nucleotide
Caffeine,C15H39N2O8,391.63,1.17,656.73,Nucleotide
Dopamine,C8H38N0O1,600.5,4.76,487.777,Nucleotide
Glucose,C9H28N3O4,667.88,7.38,212.132,Nucleotide
Serotonin,C20H26N0O1,268.62,12.88,598.354,Neurotransmitter
Serotonin,C15H4N5O0,85.99,3.16,361.059,Alkaloid
Adenosine triphosphate,C6H37N3O1,54.18,10.64,912.565,Amide
Cholesterol,C6H12N5O8,253.43,N/A,626.276,Lipid
Glucose,C18H35N1O1,496.01,10.84,433.094,Neurotransmitter
Adrenaline,C18H36N2O8,832.47,N/A,947.707,Organic Compound
Cholesterol,C6H37N0O1,667.59,6.81,758.967,Neurotransmitter
Adenosine triphosphate,C14H15N1O10,658.23,6.25,217.568,Lipid
Adrenaline,C10H39N5O4,972.83,10.13,845.917,Neurotransmitter
Caffeine,C11H38N1O8,101.05,7.11,428.791,Neurotransmitter
Adrenaline,C5H5N0O6,496.55,2.74,582.038,Alkaloid
Dopamine,C10H5N4O3,843.73,N/A,57.155,Nucleotide
Urea,C10H34N3O1,768.59,8.96,494.635,Organic Compound
Ethanol,C16H6N1O8,145.3,3.99,885.835,Organic Compound
Ethanol,C15H16N2O9,84.44,1.08,428.364,Alcohol
Serotonin,C1H13N0O2,590.22,12.38,853.91,Lipid
Serotonin,C2H31N0O2,951.35,1.58,292.197,Organic Compound
Aspirin,C2H39N2O5,642.39,N/A,464.089,Hormone
Serotonin,C7H23N5O3,983.82,11.44,278.6,Alkaloid
Adrenaline,C9H24N1O1,53.39,3.3,400.215,Carbohydrate
Urea,C13H17N4O1,604.87,12.65,514.763,Carbohydrate
Ethanol,C17H39N1O4,554.52,N/A,977.35,Organic Compound
Dopamine,C1H35N5O0,258.62,N/A,407.655,Alkaloid
Cholesterol,C9H3N0O3,898.04,9.88,237.586,Alkaloid
Ethanol,C8H30N1O1,925.69,N/A,238.291,Amide
Glucose,C6H20N3O10,190.02,1.19,402.556,Nucleotide
Glucose,C1H10N3O1,916.82,N/A,553.981,Amide
Urea,C11H4N0O3,628.78,10.25,903.657,Organic Compound
Adenosine triphosphate,C19H6N2O9,963.93,2.83,184.183,Nucleotide
Urea,C1H16N4O10,484.46,12.81,10.294,Neurotransmitter
Adrenaline,C4H6N5O8,763.98,6.82,24.761,Alcohol
Dopamine,C7H16N4O3,679.23,12.4,858.071,Organic Compound
Adenosine triphosphate,C13H1N3O7,265.21,13.85,576.088,Carbohydrate
Adenosine triphosphate,C19H26N2O2,244.26,9.81,983.481,Alkaloid
Aspirin,C8H24N3O2,216.14,5.68,738.597,Organic Compound
Caffeine,C11H36N2O4,719.0,3.4,783.35,Nucleotide
Adrenaline,C11H38N2O8,276.03,11.71,500.137,Lipid
Serotonin,C13H12N2O3,312.98,9.32,509.24,Neurotransmitter
Cholesterol,C6H32N5O0,950.8,13.08,825.079,Organic Compound
Aspirin,C17H29N1O10,941.31,9.93,498.871,Hormone
Adrenaline,C16H39N4O8,397.17,11.31,424.657,Alcohol
Caffeine,C20H31N5O1,442.06,N/A,407.622,Amide
Glucose,C14H27N5O1,924.55,13.81,888.318,Hormone
Dopamine,C10H33N5O0,670.22,11.87,712.521,Neurotransmitter
Glucose,C14H6N0O9,803.96,7.2,901.139,Organic Compound
Adrenaline,C19H18N1O4,98.7,6.5,302.988,Carbohydrate
Glucose,C7H35N4O6,464.55,7.86,604.028,Organic Compound
Urea,C7H18N5O8,166.35,7.46,884.128,Alkaloid
Caffeine,C18H35N3O5,595.59,2.54,983.744,Lipid
Dopamine,C9H36N0O1,777.62,N/A,63.397,Lipid
Cholesterol,C12H9N0O8,474.08,3.55,41.842,Nucleotide
Dopamine,C14H17N4O9,765.23,7.67,99.887,Nucleotide
Cholesterol,C19H5N3O9,596.52,N/A,559.108,Lipid
Adrenaline,C9H14N3O1,330.28,5.37,840.627,Alkaloid
Dopamine,C4H8N4O0,724.49,10.73,775.641,Hormone
Serotonin,C13H13N0O5,199.51,N/A,901.696,Alkaloid
Aspirin,C2H19N2O4,187.93,5.37,99.509,Carbohydrate
Aspirin,C4H16N4O1,474.66,N/A,550.47,Alkaloid
Glucose,C5H35N2O1,274.57,11.18,907.739,Carbohydrate
Dopamine,C3H32N0O7,254.21,N/A,272.632,Amide
Urea,C9H18N4O3,694.0,13.14,396.842,Organic Compound
Cholesterol,C14H7N5O0,93.05,3.68,156.254,Alcohol
Caffeine,C12H30N4O7,640.25,11.43,428.472,Carbohydrate
Caffeine,C20H1N3O5,660.11,N/A,681.01,Hormone
Glucose,C19H25N4O9,55.0,1.73,611.356,Amide
Glucose,C5H9N5O6,379.63,N/A,933.75,Alkaloid
Dopamine,C8H29N4O7,953.88,N/A,670.725,Alcohol
Adrenaline,C14H5N3O7,123.96,N/A,995.164,Organic Compound
Serotonin,C3H28N1O5,696.38,9.7,135.35,Carbohydrate
Adrenaline,C8H36N4O1,373.93,11.08,907.754,Organic Compound
Caffeine,C12H33N5O6,529.14,1.19,560.278,Nucleotide
Ethanol,C6H24N5O4,597.18,12.87,205.806,Lipid
Ethanol,C13H5N3O7,59.84,5.71,387.714,Lipid
Glucose,C18H3N3O2,539.35,N/A,174.118,Alcohol
Serotonin,C2H17N5O7,292.29,1.19,807.425,Hormone
Caffeine,C3H20N3O8,175.63,12.92,277.911,Alcohol
Glucose,C1H23N4O9,749.54,6.63,751.153,Nucleotide
Ethanol,C4H3N0O1,177.08,13.57,958.946,Organic Compound
Aspirin,C12H2N1O8,900.51,11.47,387.739,Amide
Urea,C8H22N4O8,102.72,N/A,873.525,Lipid
Glucose,C2H18N2O8,648.49,12.91,439.996,Nucleotide
Adenosine triphosphate,C13H33N4O1,214.39,13.79,452.352,Hormone
Dopamine,C15H28N4O5,311.65,13.38,956.677,Neurotransmitter
Caffeine,C14H23N4O4,412.66,N/A,5.961,Organic Compound
Serotonin,C15H39N2O0,951.15,3.28,433.279,Alkaloid
Ethanol,C2H34N2O6,113.25,N/A,672.544,Organic Compound
Ethanol,C15H3N5O0,121.8,4.53,134.727,Organic Compound
Aspirin,C8H32N5O7,685.86,N/A,322.033,Organic Compound
Adrenaline,C6H36N5O3,405.72,12.87,533.737,Alcohol
Aspirin,C5H4N5O1,77.74,11.66,829.616,Carbohydrate
Dopamine,C16H2N5O10,206.17,8.81,656.63,Alkaloid
Cholesterol,C6H32N3O1,106.57,N/A,43.39,Hormone
Cholesterol,C6H39N2O5,165.47,2.94,307.367,Hormone
Serotonin,C3H15N4O9,876.06,9.6,623.298,Alkaloid
Caffeine,C13H26N2O2,285.89,7.59,761.84,Amide
Dopamine,C19H12N5O10,510.99,10.76,755.236,Alkaloid
Cholesterol,C1H2N1O2,226.29,2.87,574.218,Hormone
Adenosine triphosphate,C14H12N1O10,254.44,7.1,913.83,Hormone
Urea,C15H29N0O10,999.14,13.58,344.745,Alkaloid
Adenosine triphosphate,C8H36N0O4,965.09,1.69,792.418,Organic Compound
Serotonin,C19H11N3O9,108.39,7.15,354.306,Nucleotide
Serotonin,C7H10N4O10,692.58,10.23,418.967,Neurotransmitter
Glucose,C18H39N1O10,936.35,N/A,790.478,Organic Compound
Aspirin,C15H39N5O3,562.58,2.44,509.448,Amide
Caffeine,C15H25N2O3,929.34,11.43,704.49,Lipid
Aspirin,C6H8N4O5,327.78,N/A,706.577,Lipid
Urea,C13H34N0O1,358.47,10.07,44.419,Carbohydrate
Adrenaline,C9H39N5O2,574.17,5.54,887.883,Alcohol
Serotonin,C7H36N2O3,409.38,10.46,997.41,Neurotransmitter
Adenosine triphosphate,C1H20N3O10,251.69,13.48,355.826,Nucleotide
Cholesterol,C1H24N5O2,133.4,10.41,615.818,Hormone
Caffeine,C16H10N2O8,709.13,N/A,802.083,Lipid
Aspirin,C3H38N3O6,65.86,3.24,556.329,Organic Compound
Adenosine triphosphate,C20H37N2O10,78.76,N/A,872.54,Alkaloid
Adenosine triphosphate,C19H21N5O1,427.64,2.64,558.098,Lipid
Dopamine,C15H4N2O10,148.76,N/A,387.696,Neurotransmitter
Adenosine triphosphate,C5H30N3O9,116.83,1.79,59.611,Nucleotide
Glucose,C15H37N4O2,186.89,N/A,349.157,Alcohol
Adrenaline,C10H40N0O8,369.18,11.16,441.17,Neurotransmitter
Glucose,C3H29N2O5,476.74,12.48,667.519,Alkaloid
Adrenaline,C14H24N1O1,775.45,1.82,59.594,Hormone
Serotonin,C1H11N2O7,136.38,1.42,248.27,Alkaloid
Serotonin,C10H40N2O4,973.2,7.82,812.949,Alkaloid
Ethanol,C17H20N0O3,105.11,3.63,56.461,Organic Compound
Caffeine,C6H6N2O7,81.77,8.34,4.634,Alkaloid
Dopamine,C11H4N3O8,736.85,13.5,859.936,Carbohydrate
Adrenaline,C18H27N4O1,243.4,8.98,307.626,Organic Compound
Urea,C11H8N2O9,914.39,5.83,672.839,Alkaloid
Aspirin,C9H33N1O7,994.42,13.4,309.712,Amide
Cholesterol,C17H34N5O1,107.81,11.63,596.483,Amide
Aspirin,C14H31N1O10,384.53,12.54,116.503,Alkaloid
Cholesterol,C11H38N1O8,84.4,8.04,952.753,Carbohydrate
Adenosine triphosphate,C14H31N1O10,271.07,8.24,826.687,Alkaloid
Adrenaline,C4H9N3O7,871.36,2.42,736.156,Hormone
Dopamine,C13H7N1O3,795.73,13.13,655.217,Organic Compound
Adrenaline,C20H3N5O2,739.58,9.13,937.899,Alcohol
Ethanol,C5H22N0O3,523.96,4.02,351.964,Carbohydrate
Adrenaline,C2H28N1O6,977.93,12.65,617.095,Organic Compound
Adrenaline,C1H11N2O7,462.46,N/A,49.329,Carbohydrate
Adenosine triphosphate,C20H29N0O3,372.6,5.75,277.785,Hormone
Glucose,C6H22N2O6,365.29,4.48,156.276,Neurotransmitter
Aspirin,C2H8N3O4,803.24,13.64,512.426,Lipid
Cholesterol,C20H26N5O8,411.29,11.91,833.101,Alcohol
Adrenaline,C3H26N0O2,330.48,5.51,23.683,Nucleotide
Glucose,C13H33N0O6,683.7,2.81,486.802,Organic Compound
Glucose,C11H11N3O10,766.08,10.6,86.283,Alcohol
Ethanol,C13H22N4O9,415.34,12.26,733.518,Lipid
Dopamine,C9H34N2O7,651.04,6.36,51.841,Amide
Dopamine,C15H33N1O5,755.07,10.16,880.206,Amide
Adenosine triphosphate,C14H10N2O8,706.7,11.39,509.466,Hormone
Glucose,C4H27N1O4,258.53,3.87,88.875,Alcohol
Adrenaline,C5H12N2O9,978.9,N/A,881.957,Amide
Cholesterol,C1H32N5O9,307.63,9.56,360.502,Hormone
Dopamine,C3H10N2O3,635.23,N/A,645.31,Lipid
Glucose,C19H24N0O9,243.62,9.66,777.198,Amide
Dopamine,C6H26N0O1,225.84,13.56,467.041,Alcohol
Urea,C3H23N0O4,529.77,9.93,480.806,Hormone
Aspirin,C7H29N3O1,840.66,9.06,220.747,Alkaloid
Cholesterol,C4H16N2O7,965.72,12.37,779.774,Amide
Caffeine,C6H1N1O9,795.59,N/A,216.581,Carbohydrate
Caffeine,C18H22N4O8,200.87,10.19,194.68,Alkaloid
Caffeine,C18H37N5O2,487.63,11.03,338.675,Lipid
Cholesterol,C6H21N5O9,250.42,8.35,441.99,Carbohydrate
Ethanol,C1H38N2O10,441.22,8.42,782.618,Organic Compound
Dopamine,C18H23N0O1,276.39,N/A,603.979,Organic Compound
Urea,C16H29N4O9,326.31,N/A,664.717,Nucleotide
Adrenaline,C12H2N5O5,541.21,13.38,282.687,Alcohol
Urea,C15H21N1O4,863.58,7.35,841.461,Amide
Adrenaline,C9H40N5O0,253.45,N/A,509.492,Organic Compound
Adrenaline,C6H2N2O0,560.28,8.19,561.499,Hormone
Urea,C2H28N5O10,225.57,N/A,560.611,Nucleotide
Caffeine,C19H22N2O9,686.08,11.3,683.027,Carbohydrate
Glucose,C14H31N0O8,885.26,1.3,266.48,Alkaloid
Dopamine,C2H26N0O8,555.22,4.21,251.211,Nucleotide
Adenosine triphosphate,C14H33N2O9,361.42,9.38,251.324,Organic Compound
Caffeine,C13H5N4O2,502.51,13.12,43.566,Alcohol
Urea,C17H13N5O1,431.69,N/A,177.846,Alcohol
Cholesterol,C4H31N5O3,895.86,N/A,229.193,Amide
Glucose,C5H22N4O1,657.23,N/A,889.308,Neurotransmitter
Ethanol,C13H27N1O0,618.36,9.3,117.556,Hormone
Serotonin,C2H34N4O0,149.17,4.31,87.495,Amide
Caffeine,C17H1N3O3,325.28,2.85,949.562,Neurotransmitter
Urea,C11H14N5O1,721.29,9.79,787.163,Amide
Adenosine triphosphate,C16H33N5O10,979.01,7.53,390.806,Hormone
Serotonin,C7H12N2O0,148.46,6.35,422.361,Lipid
Ethanol,C14H20N3O6,975.11,6.74,90.103,Carbohydrate
Cholesterol,C15H12N2O2,988.88,8.21,917.57,Hormone
Cholesterol,C4H11N1O4,598.8,11.37,498.093,Alcohol
Serotonin,C11H18N2O8,361.86,13.0,472.236,Alcohol
Caffeine,C16H34N5O1,786.75,13.63,472.409,Lipid
Cholesterol,C3H7N3O9,780.95,11.97,730.795,Amide
Glucose,C8H16N4O1,410.31,3.5,916.564,Alkaloid
Aspirin,C5H28N0O7,889.18,N/A,856.665,Nucleotide
Glucose,C8H5N1O1,599.37,10.98,345.586,Alkaloid
Urea,C7H4N2O7,623.45,11.46,511.553,Amide
Urea,C5H38N1O1,746.24,N/A,589.798,Alkaloid
Cholesterol,C8H38N3O7,171.19,1.28,526.584,Alkaloid
Serotonin,C13H1N1O3,616.51,8.07,378.481,Carbohydrate
Urea,C7H28N2O4,88.29,N/A,534.465,Neurotransmitter
Urea,C5H10N2O0,749.62,5.17,789.299,Organic Compound
Serotonin,C3H21N3O10,438.62,2.59,423.213,Amide
Caffeine,C19H27N2O8,674.38,1.58,732.98,Alcohol
Dopamine,C13H10N2O5,117.43,N/A,424.69,Neurotransmitter
Adrenaline,C13H1N2O3,455.89,8.91,395.804,Carbohydrate
Aspirin,C11H31N4O1,773.86,5.79,357.993,Nucleotide
Dopamine,C11H27N4O10,979.66,7.6,17.065,Carbohydrate
Aspirin,C12H12N5O1,568.57,12.43,52.043,Carbohydrate
Adenosine triphosphate,C12H20N0O3,894.14,7.5,237.815,Nucleotide
Glucose,C15H23N5O5,618.61,N/A,466.982,Alcohol
Serotonin,C7H21N1O9,223.77,7.89,430.366,Neurotransmitter
Adrenaline,C12H20N4O8,647.27,5.09,175.336,Alcohol
Aspirin,C20H31N3O1,693.66,3.64,823.644,Hormone
Ethanol,C8H5N5O9,960.34,7.0,260.334,Organic Compound
Glucose,C6H26N4O8,861.18,6.61,351.077,Neurotransmitter
Adenosine triphosphate,C6H20N5O3,89.34,11.6,626.492,Neurotransmitter
Adrenaline,C20H23N0O0,981.95,9.39,523.631,Alcohol
Cholesterol,C5H11N5O6,791.66,9.0,628.534,Alkaloid
Cholesterol,C8H32N0O5,957.32,N/A,372.526,Nucleotide
Glucose,C18H21N1O6,811.2,10.51,368.339,Carbohydrate
Cholesterol,C5H20N0O4,786.31,8.64,458.069,Nucleotide
Cholesterol,C11H14N2O6,898.81,4.21,954.143,Organic Compound
Caffeine,C7H34N1O6,512.73,2.28,236.333,Neurotransmitter
Caffeine,C3H17N5O3,577.26,7.49,744.123,Alcohol
Cholesterol,C3H9N5O4,915.88,7.57,163.131,Carbohydrate
Serotonin,C8H13N5O7,380.14,N/A,717.802,Carbohydrate
Caffeine,C14H2N0O4,627.87,7.84,624.544,Hormone
Adrenaline,C1H40N2O9,807.48,7.16,489.773,Alkaloid
Urea,C2H30N2O9,860.18,N/A,662.427,Lipid
Adenosine triphosphate,C18H30N1O4,917.3,10.22,724.511,Lipid
Cholesterol,C6H33N0O9,931.26,12.13,404.654,Neurotransmitter
Cholesterol,C3H35N1O4,57.79,9.29,356.427,Amide
Dopamine,C5H28N2O10,982.77,N/A,522.768,Lipid
Cholesterol,C16H5N3O3,62.99,10.47,833.094,Alkaloid
Urea,C9H2N4O6,180.09,9.26,761.219,Organic Compound
Urea,C1H5N1O3,329.62,N/A,331.454,Organic Compound
Urea,C4H2N0O0,114.81,3.08,637.034,Alcohol
Adenosine triphosphate,C6H6N4O2,975.46,4.18,327.754,Lipid
Serotonin,C14H20N2O0,380.34,1.37,999.685,Hormone
Caffeine,C5H18N0O8,258.31,2.65,922.971,Alcohol
Urea,C2H39N5O4,957.34,13.53,854.123,Carbohydrate
Glucose,C3H24N2O2,231.09,8.2,437.089,Alcohol
Aspirin,C8H15N0O4,948.97,12.34,843.462,Alkaloid
Urea,C7H5N1O6,282.21,5.68,399.697,Neurotransmitter
Glucose,C14H18N0O0,146.68,11.02,290.286,Alkaloid
Adenosine triphosphate,C13H35N5O7,534.87,6.66,729.751,Alcohol
Aspirin,C3H35N2O9,328.01,5.03,586.636,Lipid
Caffeine,C11H35N0O10,276.74,7.74,876.468,Neurotransmitter
Serotonin,C6H9N4O5,194.54,9.58,928.524,Organic Compound
Cholesterol,C15H31N1O6,689.43,8.21,650.604,Hormone
Caffeine,C6H40N4O10,593.36,6.0,959.498,Alcohol
Serotonin,C9H27N4O9,684.35,4.59,497.659,Lipid
Adenosine triphosphate,C10H3N5O8,571.7,N/A,191.961,Nucleotide
Aspirin,C12H23N4O2,247.36,N/A,411.154,Carbohydrate
Dopamine,C11H39N4O10,607.32,N/A,262.747,Alcohol
Adenosine triphosphate,C2H36N2O10,732.57,6.56,696.256,Organic Compound
Cholesterol,C8H14N4O7,225.63,7.47,555.137,Alcohol
Serotonin,C7H28N5O9,534.31,9.46,587.295,Amide
Caffeine,C4H33N0O5,292.87,N/A,354.464,Hormone
Adenosine triphosphate,C10H35N4O7,773.68,N/A,431.296,Alcohol
Caffeine,C1H3N3O8,915.02,13.05,982.278,Lipid
Dopamine,C10H26N1O7,718.21,12.51,103.132,Alcohol
Glucose,C18H13N4O3,932.15,1.03,662.634,Amide
Ethanol,C6H14N4O0,504.84,N/A,628.139,Amide
Glucose,C10H27N2O9,580.29,11.61,982.989,Organic Compound
Urea,C18H37N4O2,711.31,N/A,584.31,Nucleotide
Aspirin,C13H17N3O0,448.46,N/A,70.881,Amide
Glucose,C20H24N4O7,673.36,10.54,750.327,Amide
Caffeine,C16H27N1O5,601.26,13.83,773.566,Alkaloid
Aspirin,C12H15N4O7,783.04,4.1,320.941,Lipid
Dopamine,C8H32N0O2,234.57,N/A,979.093,Alkaloid
Ethanol,C10H37N5O7,101.33,2.43,810.6,Carbohydrate
Serotonin,C8H39N3O8,511.01,10.32,603.539,Alcohol
Urea,C6H17N4O1,577.34,5.26,583.918,Neurotransmitter
Aspirin,C7H16N5O9,133.34,9.86,149.733,Nucleotide
Adrenaline,C16H15N4O5,523.45,N/A,629.764,Neurotransmitter
Dopamine,C19H36N0O9,311.71,10.55,217.186,Carbohydrate
Adrenaline,C9H7N0O8,617.06,8.47,643.15,Nucleotide
Aspirin,C1H37N5O9,968.24,3.37,274.588,Alcohol
Aspirin,C1H13N2O5,349.91,N/A,182.721,Alcohol
Glucose,C18H25N3O5,629.62,N/A,164.668,Alcohol
Dopamine,C7H4N2O8,987.25,N/A,326.704,Alcohol
Aspirin,C11H22N2O8,382.88,2.33,617.281,Lipid
Adenosine triphosphate,C14H10N5O10,452.14,12.03,929.256,Alkaloid
Glucose,C2H7N5O2,803.24,N/A,853.028,Alcohol
Glucose,C18H13N2O1,250.21,4.45,501.716,Alcohol
Glucose,C5H37N2O0,859.31,11.88,923.369,Carbohydrate
Dopamine,C7H34N4O3,928.96,N/A,284.163,Hormone
Dopamine,C14H2N4O9,325.73,N/A,439.869,Nucleotide
Caffeine,C4H11N1O0,950.27,1.07,514.698,Nucleotide
Adrenaline,C6H27N4O2,926.62,4.41,447.931,Hormone
Serotonin,C7H18N2O3,913.76,N/A,360.751,Amide
Ethanol,C8H34N5O2,338.33,6.65,487.184,Alcohol
Urea,C1H5N4O5,619.65,10.87,773.584,Neurotransmitter
Aspirin,C19H1N3O6,57.46,13.68,56.888,Alcohol
Adenosine triphosphate,C15H12N0O8,642.07,13.47,214.601,Nucleotide
Glucose,C14H3N2O3,998.67,11.66,268.667,Lipid
Glucose,C4H9N4O5,653.14,4.41,28.801,Carbohydrate
Dopamine,C7H24N5O2,711.41,3.37,175.606,Lipid
Glucose,C17H23N5O10,318.59,10.35,906.398,Organic Compound
Adrenaline,C2H4N2O7,672.27,5.93,548.705,Lipid
Dopamine,C6H39N3O5,946.8,12.87,302.229,Amide
Cholesterol,C13H17N5O5,471.77,2.1,803.672,Organic Compound
Caffeine,C13H18N2O5,866.63,1.1,33.047,Hormone
Ethanol,C11H3N3O7,306.58,5.97,987.297,Lipid
Cholesterol,C18H24N3O4,278.97,5.88,938.263,Alkaloid
Urea,C18H39N2O5,415.89,12.96,134.617,Amide
Urea,C8H23N5O6,468.72,12.78,0.4,Amide
Adrenaline,C5H35N3O7,224.26,9.46,928.908,Lipid
Caffeine,C5H15N2O10,481.47,N/A,825.374,Organic Compound
Caffeine,C2H3N0O7,446.48,3.23,239.492,Amide
Adenosine triphosphate,C17H7N0O9,790.26,7.79,652.829,Amide
Caffeine,C19H37N2O0,568.47,1.21,484.603,Alkaloid
Adrenaline,C6H22N5O3,920.84,N/A,766.34,Nucleotide
Glucose,C12H7N4O1,534.91,13.37,626.956,Alkaloid
Dopamine,C4H11N3O10,494.89,3.45,501.725,Carbohydrate
Dopamine,C19H11N2O6,275.55,8.02,774.581,Alkaloid
Cholesterol,C19H5N2O10,333.43,2.88,284.899,Hormone
Caffeine,C19H37N3O7,551.82,11.36,360.609,Hormone
Adrenaline,C9H37N2O4,373.8,N/A,636.489,Organic Compound
Cholesterol,C11H35N3O0,869.58,10.2,858.19,Amide
Glucose,C1H34N0O1,789.43,12.34,973.265,Amide
Glucose,C9H16N3O1,84.59,7.49,773.318,Lipid
Glucose,C19H25N5O2,139.71,N/A,637.751,Hormone
Urea,C16H17N1O9,936.87,8.83,766.038,Alcohol
Dopamine,C19H7N4O7,359.76,7.77,467.9,Nucleotide
Serotonin,C2H18N4O9,657.55,4.94,729.022,Nucleotide
Adrenaline,C14H15N3O3,336.4,11.28,118.168,Neurotransmitter
Adrenaline,C18H14N2O3,895.8,N/A,739.998,Neurotransmitter
Adrenaline,C19H24N4O1,579.32,N/A,839.149,Alcohol
Adrenaline,C9H34N3O3,369.34,12.23,332.016,Alkaloid
Ethanol,C15H22N4O1,156.04,N/A,617.09,Carbohydrate
Serotonin,C4H5N5O8,932.69,1.12,176.437,Organic Compound
Adenosine triphosphate,C1H13N1O2,253.15,6.11,97.661,Organic Compound
Ethanol,C8H6N5O10,543.72,8.14,851.137,Alkaloid
Dopamine,C3H40N2O9,713.95,1.62,645.762,Carbohydrate
Urea,C12H13N4O5,193.96,N/A,96.319,Alcohol
Serotonin,C5H12N3O2,598.93,13.22,558.946,Nucleotide
Glucose,C5H21N0O4,679.22,3.93,276.077,Neurotransmitter
Glucose,C3H21N2O9,753.32,9.61,378.024,Alkaloid
Urea,C12H40N1O2,503.66,3.45,871.088,Carbohydrate
Caffeine,C20H17N5O4,757.46,N/A,767.28,Amide
Dopamine,C7H8N3O7,278.6,8.33,285.889,Lipid
Dopamine,C10H19N1O3,622.16,2.4,410.71,Nucleotide
Ethanol,C1H29N3O9,174.57,12.8,352.538,Alkaloid
Caffeine,C18H18N0O2,965.17,3.16,406.899,Neurotransmitter
Adrenaline,C12H31N5O2,711.75,4.01,520.505,Neurotransmitter
Adrenaline,C2H40N0O10,144.3,3.87,138.69,Carbohydrate
Glucose,C20H13N0O4,417.41,6.66,289.446,Alcohol
Urea,C18H9N4O9,983.49,2.15,604.305,Carbohydrate
Cholesterol,C9H25N0O7,417.72,N/A,999.775,Amide
Aspirin,C14H8N3O7,923.24,7.29,442.665,Organic Compound
Dopamine,C7H12N4O9,969.07,10.28,886.032,Lipid
Adrenaline,C13H30N4O6,943.34,11.4,139.225,Hormone
Adenosine triphosphate,C13H4N5O3,495.77,N/A,193.153,Carbohydrate
Adenosine triphosphate,C7H12N2O1,187.08,5.26,228.472,Carbohydrate
Ethanol,C10H29N2O2,135.84,N/A,631.171,Amide
Cholesterol,C13H29N2O6,873.06,11.97,68.27,Nucleotide
Dopamine,C2H27N3O5,693.04,2.76,528.378,Neurotransmitter
Caffeine,C12H15N1O8,170.53,4.21,900.861,Hormone
Cholesterol,C8H19N5O5,151.66,8.81,138.336,Amide
Adenosine triphosphate,C5H18N2O5,166.75,N/A,758.452,Nucleotide
Serotonin,C15H18N1O4,628.16,9.02,918.509,Alkaloid
Glucose,C1H18N3O3,177.38,8.87,928.784,Amide
Caffeine,C11H30N4O10,310.7,10.54,803.353,Lipid
Urea,C10H33N3O0,486.27,7.27,8.897,Lipid
Ethanol,C14H37N1O4,753.72,9.89,925.23,Alcohol
Dopamine,C4H4N0O1,226.04,N/A,355.108,Alkaloid
Serotonin,C18H38N5O6,408.83,N/A,917.506,Alkaloid
Adrenaline,C9H38N2O7,418.51,1.48,12.962,Alcohol
Cholesterol,C7H1N1O1,185.51,N/A,402.293,Organic Compound
Adenosine triphosphate,C13H30N5O2,140.81,8.51,570.759,Alkaloid
Cholesterol,C14H16N2O8,770.9,12.9,563.071,Organic Compound
Ethanol,C14H19N2O0,782.58,13.47,171.405,Alcohol
Ethanol,C3H23N5O9,906.18,N/A,648.799,Nucleotide
Cholesterol,C10H20N4O5,935.58,N/A,861.547,Hormone
Urea,C9H29N4O0,919.39,N/A,711.891,Nucleotide
Caffeine,C8H13N4O0,936.91,7.94,864.778,Alcohol
Serotonin,C6H34N1O10,346.87,13.4,163.392,Alkaloid
Cholesterol,C1H35N2O1,166.95,11.83,531.37,Neurotransmitter
Ethanol,C13H31N1O0,857.09,9.25,161.104,Alcohol
Adrenaline,C13H20N3O3,267.74,3.46,406.571,Lipid
Serotonin,C20H32N4O3,648.23,1.68,820.275,Carbohydrate
Dopamine,C1H19N5O3,340.85,13.49,455.99,Hormone
Dopamine,C15H30N4O9,433.61,1.23,22.054,Amide
Aspirin,C15H35N3O4,754.66,5.47,762.285,Neurotransmitter
Ethanol,C8H14N4O6,385.6,N/A,890.462,Amide
Urea,C10H19N0O5,908.85,9.65,74.159,Neurotransmitter
Urea,C18H27N1O1,659.76,8.7,415.79,Hormone
Dopamine,C13H28N4O8,682.2,2.45,922.694,Alkaloid
Cholesterol,C2H20N2O1,621.65,13.22,218.391,Neurotransmitter
Serotonin,C9H7N0O4,151.99,4.86,854.81,Neurotransmitter
Adrenaline,C9H1N3O4,384.48,4.43,188.61,Amide
Serotonin,C14H9N5O8,923.84,N/A,168.616,Amide
Urea,C16H33N1O7,223.2,1.8,942.865,Amide
Caffeine,C20H29N0O0,906.72,3.15,905.366,Organic Compound
Adrenaline,C16H15N4O6,798.04,6.19,602.44,Amide
Glucose,C4H8N4O6,66.82,11.33,162.496,Lipid
Glucose,C1H37N3O5,797.93,8.62,959.876,Nucleotide
Aspirin,C3H38N1O10,205.34,5.05,404.384,Organic Compound
Urea,C6H34N2O2,793.11,7.34,606.884,Alkaloid
Adenosine triphosphate,C11H9N1O3,698.32,9.71,615.601,Amide
Cholesterol,C16H22N4O7,307.55,8.15,880.913,Alcohol
Ethanol,C19H20N0O8,98.73,N/A,517.819,Alcohol
Ethanol,C16H1N4O10,706.85,1.15,139.57,Neurotransmitter
Adenosine triphosphate,C15H12N3O6,353.16,8.42,903.572,Alcohol
Adrenaline,C13H36N0O8,494.19,12.2,565.916,Neurotransmitter
Adenosine triphosphate,C4H18N0O9,814.64,6.01,164.052,Nucleotide
Ethanol,C5H30N3O8,978.05,11.08,957.467,Neurotransmitter
Ethanol,C20H35N0O6,979.35,5.22,693.342,Amide
Aspirin,C15H4N1O1,802.64,6.34,178.275,Carbohydrate
Dopamine,C16H27N2O9,960.73,12.32,689.318,Organic Compound
Aspirin,C19H17N1O7,510.86,N/A,176.211,Alkaloid
Adenosine triphosphate,C2H38N1O0,347.06,5.12,534.557,Lipid
Adenosine triphosphate,C15H21N2O6,780.61,N/A,980.549,Lipid
Dopamine,C19H9N3O0,567.21,5.11,906.562,Hormone
Adenosine triphosphate,C2H30N2O6,383.22,4.92,323.149,Alcohol
Adrenaline,C9H23N3O10,236.49,N/A,123.102,Lipid
Glucose,C3H28N5O9,351.84,N/A,175.498,Hormone
Urea,C9H28N3O2,898.77,5.2,698.954,Lipid
Adrenaline,C8H17N5O7,665.91,7.83,289.852,Carbohydrate
Cholesterol,C15H37N5O3,379.07,10.97,394.711,Alcohol
Urea,C8H13N1O3,382.66,13.58,53.302,Neurotransmitter
Caffeine,C14H35N5O9,592.78,10.29,694.092,Alcohol
Glucose,C19H14N4O6,160.77,N/A,342.936,Alkaloid
Urea,C4H26N4O9,519.1,6.49,887.869,Alkaloid
Urea,C2H3N1O2,393.74,6.36,58.52,Hormone
Urea,C2H32N4O6,344.84,12.03,394.729,Hormone
Ethanol,C17H4N4O7,851.27,5.1,356.695,Neurotransmitter
Ethanol,C14H14N3O5,688.41,5.29,76.657,Lipid
Adenosine triphosphate,C10H31N5O4,576.85,9.68,216.317,Neurotransmitter
Dopamine,C9H39N2O1,440.18,9.91,57.521,Alkaloid
Caffeine,C12H31N2O1,609.28,N/A,807.692,Alkaloid
Serotonin,C5H2N3O4,991.66,2.97,65.319,Amide
Adrenaline,C6H31N2O9,251.02,9.53,794.64,Alkaloid
Adrenaline,C1H36N4O4,280.92,N/A,265.943,Hormone
Ethanol,C15H36N5O1,630.41,9.58,165.011,Carbohydrate
Urea,C11H31N4O7,320.97,1.22,615.78,Nucleotide
Adrenaline,C3H6N0O2,684.34,11.72,486.073,Alkaloid
Glucose,C20H13N2O1,179.2,1.05,153.607,Neurotransmitter
Ethanol,C5H13N4O5,768.51,N/A,789.037,Nucleotide
Urea,C16H39N1O5,656.79,8.0,43.816,Neurotransmitter
Glucose,C20H16N2O8,484.59,7.35,327.549,Nucleotide
Adrenaline,C5H1N3O2,866.04,13.7,344.102,Nucleotide
Adenosine triphosphate,C17H3N2O7,996.59,6.25,711.053,Hormone
Adenosine triphosphate,C3H26N3O10,120.29,11.42,169.508,Hormone
Glucose,C18H11N4O3,621.06,N/A,801.368,Carbohydrate
Aspirin,C2H35N0O6,461.89,7.82,203.274,Amide
Caffeine,C13H19N5O5,793.65,13.55,244.964,Nucleotide
Dopamine,C3H26N3O1,747.66,7.38,678.954,Hormone
Urea,C4H9N5O3,912.02,9.36,292.66,Alcohol
Aspirin,C17H6N5O5,732.08,9.87,396.301,Organic Compound
Adrenaline,C18H2N5O7,310.89,8.6,728.985,Amide
Aspirin,C13H14N2O7,68.63,1.95,42.918,Carbohydrate
Adenosine triphosphate,C18H31N4O1,520.29,5.85,21.253,Organic Compound
Ethanol,C15H1N4O3,208.51,4.65,10.227,Alkaloid
Dopamine,C5H18N3O9,836.15,2.61,241.916,Organic Compound
Adrenaline,C4H1N0O10,880.82,11.26,183.057,Alcohol
Ethanol,C7H30N5O6,426.29,6.6,666.331,Alcohol
Serotonin,C9H24N5O1,855.97,12.45,691.385,Nucleotide
Ethanol,C14H31N2O10,485.99,N/A,253.753,Carbohydrate
Urea,C10H27N0O9,479.37,8.91,478.428,Neurotransmitter
Serotonin,C13H17N2O4,593.16,11.27,755.076,Amide
Cholesterol,C19H25N2O7,74.4,7.5,23.128,Hormone
Cholesterol,C2H24N5O10,709.94,4.86,657.097,Amide
Urea,C5H39N5O7,259.39,7.97,830.872,Carbohydrate
Adenosine triphosphate,C12H32N2O3,528.2,12.71,877.683,Amide
Adenosine triphosphate,C19H1N5O3,520.2,2.91,861.366,Amide
Urea,C16H9N2O4,937.13,N/A,643.338,Alcohol
Urea,C16H36N5O3,429.72,8.33,216.999,Alcohol
Caffeine,C13H11N5O6,253.76,10.29,872.182,Lipid
Serotonin,C18H4N2O2,394.28,5.1,802.406,Amide
Urea,C5H34N3O8,335.36,10.08,241.59,Neurotransmitter
