compound,formula,mw,pka,solubility_mg_ml,class
Serotonin,C15H30N5O8,342.1,8.64,62.307,Organic Compound
Ethanol,C9H26N2O8,752.67,N/A,244.218,Carbohydrate
Ethanol,C14H25N4O3,468.07,N/A,552.366,Amide
Dopamine,C12H2N5O0,963.72,N/A,187.76,Hormone
Glucose,C12H32N1O10,862.78,13.57,721.807,Hormone
Glucose,C7H12N1O0,722.39,13.7,396.489,Alcohol
Ethanol,C11H1N2O3,275.56,1.24,344.89,Alkaloid
Ethanol,C7H31N0O8,865.06,N/A,986.632,Nucleotide
Caffeine,C4H17N3O0,922.02,1.41,539.179,Organic Compound
Serotonin,C15H7N3O0,457.16,N/A,655.169,Nucleotide
Adenosine triphosphate,C15H15N0O7,986.62,2.48,542.686,Alcohol
Adenosine triphosphate,C11H36N2O1,828.4,12.86,405.988,Lipid
Ethanol,C7H17N4O8,503.94,13.36,828.426,Organic Compound
Urea,C13H20N2O9,204.11,10.29,435.359,Carbohydrate
Aspirin,C3H14N3O6,792.04,4.11,504.28,Neurotransmitter
Aspirin,C15H8N5O0,768.73,4.52,473.159,Amide
Caffeine,C6H6N5O6,919.28,9.17,33.27,Carbohydrate
Glucose,C7H13N2O8,901.15,10.3,468.101,Lipid
Cholesterol,C9H23N3O5,182.82,5.28,566.233,Alcohol
Adrenaline,C13H26N5O5,587.87,13.44,675.497,Nucleotide
Caffeine,C6H12N0O2,974.36,11.94,72.59,Alcohol
Adrenaline,C9H18N2O10,946.88,4.98,976.706,Organic Compound
Dopamine,C4H19N4O8,879.95,N/A,486.683,Amide
Adrenaline,C11H19N2O10,364.6,4.78,921.329,Organic Compound
Adrenaline,C6H25N3O4,847.45,4.72,721.111,Alcohol
Adenosine triphosphate,C14H29N4O0,395.84,2.42,358.114,Organic Compound
Dopamine,C8H8N4O3,214.92,10.7,789.97,Lipid
Aspirin,C18H5N2O8,852.54,4.9,690.753,Nucleotide
Urea,C13H7N3O10,248.33,N/A,348.13,Alcohol
Serotonin,C11H11N2O0,193.8,11.88,439.958,Alkaloid
Cholesterol,C2H20N5O3,232.6,2.59,641.705,Amide
Ethanol,C7H8N4O3,228.75,12.26,444.399,Carbohydrate
Ethanol,C2H34N1O0,924.02,1.83,32.11,Hormone
Adenosine triphosphate,C8H17N1O1,996.46,3.39,391.753,Nucleotide
Aspirin,C6H35N1O4,872.39,10.0,792.951,Alcohol
Cholesterol,C17H29N0O4,589.59,11.58,185.73,Alkaloid
Caffeine,C12H28N3O0,415.96,11.18,929.134,Neurotransmitter
Cholesterol,C3H13N5O2,97.11,5.44,607.93,Carbohydrate
Glucose,C12H4N0O2,265.93,7.84,664.197,Nucleotide
Glucose,C10H37N0O6,378.49,12.12,460.908,Hormone
Glucose,C1H29N3O1,167.77,N/A,245.939,Hormone
Adenosine triphosphate,C1H24N1O8,519.85,5.62,893.002,Organic Compound
Dopamine,C1H13N5O5,782.81,4.83,404.014,Organic Compound
Caffeine,C4H13N3O8,55.64,4.51,640.072,Carbohydrate
Ethanol,C18H38N1O5,280.31,10.39,412.49,Neurotransmitter
Adrenaline,C13H29N3O2,265.67,3.27,467.919,Neurotransmitter
Serotonin,C3H14N3O8,624.49,6.05,713.281,Hormone
Glucose,C3H20N2O6,280.48,N/A,972.694,Carbohydrate
Caffeine,C10H37N3O10,883.81,4.29,628.336,Neurotransmitter
Dopamine,C19H28N4O10,312.17,13.42,35.585,Carbohydrate
Adenosine triphosphate,C13H2N2O8,680.87,2.75,99.665,Nucleotide
Serotonin,C17H1N4O4,944.97,6.66,993.479,Neurotransmitter
Urea,C11H2N0O6,210.27,4.88,127.722,Lipid
Adenosine triphosphate,C15H39N4O9,761.87,N/A,851.447,Amide
Cholesterol,C14H3N5O6,874.93,5.52,521.65,Organic Compound
Serotonin,C15H24N4O9,848.76,N/A,887.498,Organic Compound
Dopamine,C5H26N5O10,865.59,7.13,956.341,Organic Compound
Aspirin,C12H38N3O0,442.42,N/A,155.681,Organic Compound
Adrenaline,C12H30N3O2,982.24,10.37,885.534,Alkaloid
Serotonin,C15H34N3O4,384.64,N/A,256.229,Neurotransmitter
Ethanol,C9H19N2O9,233.56,7.07,180.25,Hormone
Caffeine,C3H10N3O3,601.78,2.41,482.473,Alcohol
Dopamine,C4H32N5O0,740.92,N/A,304.001,Alkaloid
Urea,C6H17N1O0,703.95,N/A,466.497,Carbohydrate
Urea,C17H4N2O9,365.62,9.5,17.866,Alkaloid
Caffeine,C11H24N3O0,879.1,11.86,346.263,Alcohol
Aspirin,C2H15N2O9,377.04,N/A,867.88,Organic Compound
Cholesterol,C17H21N1O10,423.81,9.97,40.055,Lipid
Adrenaline,C4H40N0O1,53.45,N/A,367.728,Lipid
Dopamine,C12H27N0O7,394.32,11.57,599.303,Amide
Dopamine,C18H17N5O9,148.16,2.25,47.359,Neurotransmitter
Adrenaline,C18H19N1O10,318.89,2.6,561.701,Neurotransmitter
Serotonin,C19H34N2O1,696.18,3.13,425.964,Carbohydrate
Cholesterol,C11H9N2O5,708.25,2.1,700.152,Carbohydrate
Adrenaline,C19H17N4O0,569.73,N/A,951.247,Carbohydrate
Glucose,C1H25N1O1,534.16,N/A,406.116,Nucleotide
Serotonin,C18H8N4O7,521.16,N/A,390.89,Nucleotide
Caffeine,C4H20N3O6,881.46,12.9,387.012,Amide
Caffeine,C20H7N0O6,643.08,8.97,548.548,Carbohydrate
Adenosine triphosphate,C16H9N1O8,641.44,12.41,97.293,Nucleotide
Cholesterol,C6H28N0O10,655.37,12.25,995.789,Alcohol
Cholesterol,C2H19N5O0,590.51,13.47,744.78,Carbohydrate
Glucose,C7H28N4O2,948.62,N/A,516.19,Hormone
Glucose,C14H25N0O4,145.49,N/A,701.244,Alkaloid
Adenosine triphosphate,C20H20N1O7,959.18,N/A,203.171,Lipid
Adrenaline,C4H16N1O9,442.94,N/A,532.877,Nucleotide
Adenosine triphosphate,C6H34N0O1,777.4,3.69,358.502,Amide
Urea,C20H5N3O7,564.18,1.1,160.299,Lipid
Adrenaline,C9H35N3O10,771.21,1.07,578.775,Organic Compound
Serotonin,C19H24N2O9,343.15,7.96,6.778,Amide
Caffeine,C10H18N0O2,138.18,N/A,918.404,Organic Compound
Adrenaline,C4H12N5O8,767.29,N/A,385.521,Alkaloid
Caffeine,C8H1N4O1,776.8,N/A,522.584,Carbohydrate
Adenosine triphosphate,C16H25N1O8,547.33,N/A,60.536,Lipid
Serotonin,C10H18N0O2,197.09,N/A,74.304,Hormone
Dopamine,C5H11N0O3,586.73,3.8,8.366,Alkaloid
Ethanol,C4H33N1O7,809.32,6.13,995.885,Neurotransmitter
Ethanol,C3H23N0O6,470.98,9.48,86.901,Alcohol
Aspirin,C10H36N5O8,486.72,N/A,915.436,Nucleotide
Cholesterol,C8H24N5O1,940.22,5.82,451.42,Amide
Urea,C8H38N2O6,952.09,9.45,981.756,Nucleotide
Glucose,C13H17N2O8,887.14,5.89,112.514,Nucleotide
Cholesterol,C10H21N3O5,110.52,N/A,148.646,Hormone
Glucose,C3H16N2O6,505.56,N/A,677.591,Lipid
Caffeine,C10H33N5O6,117.22,12.91,834.029,Alkaloid
Adenosine triphosphate,C7H6N0O4,291.99,8.54,576.064,Hormone
Adrenaline,C17H28N3O9,820.3,8.62,759.704,Lipid
Adenosine triphosphate,C1H24N0O2,727.67,6.7,260.195,Hormone
Aspirin,C8H27N4O3,717.18,2.02,27.111,Organic Compound
Caffeine,C10H8N3O0,637.03,4.51,167.636,Organic Compound
Aspirin,C17H40N0O10,901.29,7.48,55.438,Alkaloid
Glucose,C10H36N3O7,542.65,11.58,546.764,Neurotransmitter
Adrenaline,C5H35N4O1,946.97,4.6,745.421,Carbohydrate
Urea,C14H8N4O4,674.21,7.21,380.189,Alkaloid
Serotonin,C3H17N0O5,598.28,3.3,923.377,Organic Compound
Serotonin,C4H9N0O5,707.11,8.45,95.383,Carbohydrate
Serotonin,C11H37N0O9,655.58,7.23,809.752,Alcohol
Cholesterol,C12H35N3O3,363.18,N/A,898.058,Neurotransmitter
Glucose,C10H28N1O8,660.87,13.28,478.998,Organic Compound
Urea,C13H19N2O9,591.28,9.05,112.679,Amide
Serotonin,C3H18N4O9,484.63,3.51,44.545,Alkaloid
Dopamine,C17H4N3O2,172.16,N/A,991.615,Hormone
Aspirin,C5H38N2O10,654.76,5.74,225.684,Neurotransmitter
Serotonin,C19H11N4O0,61.75,10.57,88.992,Hormone
Adenosine triphosphate,C3H23N1O8,609.72,6.81,128.613,Organic Compound
Aspirin,C9H24N0O3,546.98,9.27,897.464,Amide
Aspirin,C14H9N2O1,330.19,4.76,577.671,Amide
Adrenaline,C12H8N2O3,468.05,N/A,225.98,Amide
Urea,C7H11N3O10,660.57,N/A,374.139,Lipid
Adenosine triphosphate,C14H18N2O10,74.18,9.96,317.093,Amide
Caffeine,C19H3N3O2,719.21,8.81,751.148,Alkaloid
Caffeine,C6H32N0O10,226.74,1.37,903.699,Neurotransmitter
Urea,C6H36N2O6,985.26,11.91,137.14,Alkaloid
Dopamine,C8H26N4O5,570.86,6.77,553.037,Lipid
Cholesterol,C16H32N5O10,92.17,4.67,327.095,Nucleotide
Dopamine,C17H33N3O1,78.98,6.17,509.348,Alkaloid
Glucose,C18H12N5O1,872.2,N/A,845.16,Amide
Urea,C1H29N3O8,715.36,13.13,546.548,Neurotransmitter
Serotonin,C10H10N0O4,781.32,1.24,178.272,Organic Compound
Adrenaline,C11H35N5O0,112.18,1.72,153.174,Nucleotide
Cholesterol,C20H39N0O7,885.98,7.48,277.091,Hormone
Glucose,C3H33N4O3,179.22,10.48,985.028,Lipid
Aspirin,C9H20N2O5,348.22,N/A,845.737,Neurotransmitter
Dopamine,C11H26N5O7,107.18,3.98,453.098,Hormone
Dopamine,C4H10N2O2,233.67,2.13,570.981,Neurotransmitter
Ethanol,C3H3N3O3,64.74,12.78,4.982,Neurotransmitter
Adenosine triphosphate,C13H37N2O7,216.63,6.76,554.537,Nucleotide
Glucose,C8H19N3O10,712.57,1.17,841.753,Alkaloid
Glucose,C4H38N2O4,140.17,N/A,216.801,Nucleotide
Aspirin,C14H38N2O4,770.37,12.57,305.899,Alcohol
Serotonin,C12H40N2O6,406.94,12.59,786.792,Alkaloid
Glucose,C2H6N3O10,483.44,2.03,7.816,Hormone
Caffeine,C5H28N4O5,716.17,6.24,526.554,Organic Compound
Dopamine,C4H38N2O6,623.63,11.44,958.363,Alcohol
Aspirin,C8H30N5O0,891.23,9.2,824.513,Carbohydrate
Cholesterol,C19H17N3O0,388.37,1.6,384.35,Amide
Dopamine,C17H14N4O0,857.76,5.54,514.95,Carbohydrate
Adrenaline,C20H13N0O2,659.21,2.21,716.221,Nucleotide
Ethanol,C15H20N2O8,572.01,N/A,598.569,Hormone
Serotonin,C19H32N5O7,527.75,5.89,891.499,Lipid
Serotonin,C9H37N1O5,495.92,11.08,217.773,Alcohol
Adenosine triphosphate,C11H15N1O4,194.9,11.0,102.107,Lipid
Dopamine,C17H5N3O6,991.84,12.9,583.227,Amide
Urea,C19H28N2O6,904.49,10.81,346.694,Neurotransmitter
Cholesterol,C19H1N1O8,568.84,4.61,553.309,Lipid
Adenosine triphosphate,C14H6N0O2,578.51,N/A,230.183,Amide
Adrenaline,C10H26N1O3,163.52,13.87,763.745,Carbohydrate
Aspirin,C16H26N2O4,591.31,3.47,499.366,Lipid
Glucose,C4H17N1O9,292.95,8.31,203.64,Carbohydrate
Adrenaline,C19H13N0O3,875.93,13.16,912.015,Lipid
Adenosine triphosphate,C5H19N4O1,743.63,9.98,946.34,Neurotransmitter
Glucose,C9H17N3O8,639.76,5.52,803.049,Alcohol
Adrenaline,C17H38N5O4,160.95,N/A,335.543,Lipid
Caffeine,C9H8N5O2,587.96,8.98,916.565,Carbohydrate
Urea,C11H29N3O7,418.67,8.62,919.247,Carbohydrate
Ethanol,C1H33N5O10,622.19,13.76,389.169,Carbohydrate
Caffeine,C20H38N0O4,180.4,13.13,621.439,Lipid
Adenosine triphosphate,C8H19N4O2,95.26,1.59,263.443,Neurotransmitter
Urea,C5H24N0O1,457.76,11.5,439.909,Organic Compound
Ethanol,C9H36N4O3,769.58,2.29,777.307,Nucleotide
Adrenaline,C9H32N4O3,449.81,9.84,442.87,Neurotransmitter
Urea,C11H19N0O6,698.62,11.77,542.683,Neurotransmitter
Urea,C10H27N1O4,440.7,10.92,713.857,Amide
Dopamine,C13H32N2O6,128.99,10.91,180.821,Nucleotide
Cholesterol,C20H27N1O7,463.32,1.5,923.263,Hormone
Adrenaline,C16H20N3O0,976.93,9.63,694.667,Organic Compound
Glucose,C4H31N0O8,852.99,2.86,48.406,Hormone
Ethanol,C8H8N0O4,369.25,2.99,530.997,Organic Compound
Adenosine triphosphate,C8H24N0O3,992.28,8.42,882.485,Organic Compound
Ethanol,C16H13N5O5,350.26,7.48,973.135,Amide
Caffeine,C19H14N5O3,325.18,N/A,279.819,Neurotransmitter
Cholesterol,C4H9N5O5,403.97,4.98,798.892,Alcohol
Caffeine,C17H29N5O8,612.85,N/A,86.543,Hormone
Glucose,C5H29N1O2,970.29,N/A,16.533,Nucleotide
Dopamine,C12H1N5O0,954.72,N/A,394.843,Organic Compound
Aspirin,C6H33N5O3,292.87,11.48,104.833,Alkaloid
Ethanol,C10H29N0O7,382.07,4.97,97.957,Carbohydrate
Cholesterol,C5H33N1O8,964.31,7.49,505.12,Alcohol
Dopamine,C1H11N0O10,939.56,1.85,504.533,Nucleotide
Adrenaline,C7H24N1O2,512.66,7.31,986.967,Alcohol
Ethanol,C10H10N1O9,438.17,6.7,524.765,Nucleotide
Dopamine,C11H22N0O10,374.62,5.47,862.729,Nucleotide
Glucose,C13H25N1O1,955.24,9.72,832.234,Hormone
Dopamine,C19H20N5O9,173.53,3.57,928.131,Neurotransmitter
Adenosine triphosphate,C15H14N3O3,108.78,9.03,450.908,Hormone
Dopamine,C19H29N1O10,477.49,N/A,297.749,Neurotransmitter
Glucose,C12H21N1O8,119.9,1.57,630.15,Neurotransmitter
Urea,C20H19N4O0,364.03,12.03,481.382,Amide
Ethanol,C7H5N1O3,547.04,13.69,948.854,Hormone
Adrenaline,C5H24N4O9,220.61,12.4,811.903,Nucleotide
Glucose,C9H10N4O5,453.37,5.41,660.874,Lipid
Aspirin,C6H5N1O8,200.08,N/A,951.657,Amide
Aspirin,C1H31N3O9,411.78,1.26,717.293,Alkaloid
Dopamine,C5H4N2O2,955.13,N/A,254.911,Alkaloid
Aspirin,C18H37N2O3,751.97,9.5,319.964,Amide
Ethanol,C19H10N1O2,127.07,1.15,404.807,Organic Compound
Caffeine,C10H14N1O0,521.47,2.11,350.224,Alcohol
Caffeine,C19H10N2O9,686.48,3.25,572.55,Nucleotide
Adrenaline,C6H40N1O3,146.31,11.99,154.603,Hormone
Glucose,C16H8N1O8,705.95,13.55,924.879,Organic Compound
Ethanol,C17H33N4O10,812.5,N/A,520.48,Alkaloid
Dopamine,C5H10N4O6,81.1,12.86,60.275,Amide
Caffeine,C7H12N0O0,789.07,7.24,973.168,Alkaloid
Urea,C16H4N5O1,712.07,7.88,538.876,Lipid
Dopamine,C15H9N0O7,816.52,2.02,174.844,Alcohol
Urea,C19H36N2O0,597.86,6.09,625.755,Lipid
Cholesterol,C20H11N5O10,140.45,7.54,264.196,Hormone
Adenosine triphosphate,C2H5N4O7,566.87,N/A,578.918,Alkaloid
Adrenaline,C3H17N2O7,130.93,6.23,294.128,Nucleotide
Adrenaline,C6H1N1O10,807.61,N/A,292.69,Nucleotide
Adrenaline,C8H30N1O7,960.5,3.73,301.76,Carbohydrate
Aspirin,C14H6N2O2,804.23,6.47,13.172,Nucleotide
Dopamine,C10H39N3O10,270.28,7.22,920.284,Hormone
Glucose,C6H32N3O3,408.66,N/A,102.941,Nucleotide
Glucose,C12H21N1O10,663.94,N/A,722.816,Hormone
Glucose,C7H28N2O0,689.41,8.96,815.518,Organic Compound
Caffeine,C7H4N0O10,817.4,6.01,915.985,Organic Compound
Caffeine,C14H6N5O7,109.87,3.69,902.334,Lipid
Adrenaline,C15H28N2O10,308.06,11.91,129.109,Alcohol
Ethanol,C15H3N5O3,726.01,9.11,106.118,Nucleotide
Urea,C15H2N2O3,101.2,N/A,855.409,Carbohydrate
Caffeine,C2H7N2O6,239.29,N/A,726.784,Organic Compound
Dopamine,C9H23N4O2,900.74,6.96,767.214,Nucleotide
Caffeine,C11H15N1O2,833.69,9.15,722.949,Alkaloid
Serotonin,C5H29N3O1,540.63,8.35,95.298,Alcohol
Cholesterol,C2H6N1O0,349.14,4.4,263.028,Organic Compound
Ethanol,C20H4N1O5,681.32,8.53,304.368,Amide
Ethanol,C14H9N5O1,752.63,9.01,682.319,Alcohol
Urea,C17H23N2O4,836.65,9.89,926.001,Nucleotide
Adrenaline,C14H32N1O7,803.15,N/A,841.172,Organic Compound
Cholesterol,C10H13N4O10,579.86,9.87,324.179,Lipid
Dopamine,C8H6N1O2,560.47,1.61,467.929,Neurotransmitter
Dopamine,C4H34N0O9,923.24,3.32,511.461,Alkaloid
Serotonin,C7H29N0O2,585.31,6.12,280.081,Hormone
Urea,C12H12N1O5,274.53,10.35,794.091,Neurotransmitter
Glucose,C18H25N5O8,990.53,2.5,19.86,Alkaloid
Urea,C8H15N1O3,66.26,13.26,910.799,Alcohol
Aspirin,C14H22N5O3,739.75,1.29,781.427,Organic Compound
Dopamine,C14H15N0O3,358.81,3.09,890.933,Nucleotide
Ethanol,C1H27N5O10,845.66,9.36,579.203,Hormone
Urea,C7H26N4O4,889.48,8.94,85.635,Lipid
Serotonin,C10H37N3O6,947.61,N/A,762.511,Hormone
Urea,C1H21N3O9,175.05,5.15,511.096,Nucleotide
Aspirin,C3H35N5O6,832.25,11.94,319.182,Lipid
Adenosine triphosphate,C5H8N3O8,924.48,10.39,842.626,Hormone
Serotonin,C17H12N3O9,657.3,7.28,974.509,Hormone
Cholesterol,C7H33N1O7,536.63,N/A,25.214,Alcohol
Dopamine,C18H3N5O3,815.61,N/A,439.304,Lipid
Ethanol,C18H21N4O1,377.26,9.03,552.046,Nucleotide
Cholesterol,C13H3N5O9,925.51,N/A,457.923,Amide
Adenosine triphosphate,C18H30N4O6,742.82,3.1,987.272,Alkaloid
Serotonin,C14H11N5O7,615.07,10.58,515.431,Neurotransmitter
Glucose,C16H14N3O0,991.13,8.07,471.446,Nucleotide
Ethanol,C2H14N3O8,488.32,12.66,775.279,Nucleotide
Aspirin,C19H9N4O5,100.59,N/A,743.124,Nucleotide
Caffeine,C5H30N2O10,258.93,7.71,967.357,Amide
Caffeine,C16H31N4O3,885.74,7.92,803.011,Carbohydrate
Adenosine triphosphate,C1H34N5O3,516.31,6.68,376.35,Organic Compound
Adrenaline,C14H15N0O10,467.05,10.3,761.943,Amide
Adrenaline,C19H39N4O0,795.57,7.61,652.278,Hormone
Dopamine,C11H21N4O7,278.72,13.7,307.107,Carbohydrate
Aspirin,C15H13N1O1,754.49,10.7,532.079,Alkaloid
Adenosine triphosphate,C7H22N5O4,489.98,N/A,247.18,Neurotransmitter
Ethanol,C17H17N2O6,630.12,1.76,73.305,Carbohydrate
Ethanol,C10H11N1O5,771.89,6.18,639.104,Alcohol
Adenosine triphosphate,C20H24N1O4,497.66,2.5,79.875,Alcohol
Serotonin,C17H7N4O10,450.01,1.82,821.548,Organic Compound
Glucose,C6H10N3O6,554.85,8.46,405.858,Alcohol
Caffeine,C2H9N0O2,70.43,11.46,302.53,Alkaloid
Urea,C5H19N2O2,98.0,10.74,804.093,Nucleotide
Glucose,C7H27N5O8,625.17,N/A,625.149,Nucleotide
Glucose,C8H29N1O0,586.62,8.44,477.343,Carbohydrate
Caffeine,C11H28N0O1,322.12,13.79,471.383,Neurotransmitter
Urea,C4H31N0O5,497.95,9.89,506.125,Neurotransmitter
Urea,C5H30N3O8,995.41,N/A,248.731,Amide
Glucose,C1H6N0O3,888.27,10.74,392.062,Organic Compound
Glucose,C13H23N0O8,883.09,N/A,129.838,Alcohol
Urea,C11H35N3O5,122.36,10.33,7.452,Amide
Adenosine triphosphate,C17H19N0O1,830.66,7.76,665.488,Alkaloid
Caffeine,C10H33N1O8,777.06,N/A,941.668,Amide
Urea,C13H25N0O2,912.74,9.29,411.072,Neurotransmitter
Ethanol,C1H7N3O6,744.95,7.04,605.886,Lipid
Caffeine,C8H23N0O1,61.17,8.55,200.787,Amide
Ethanol,C8H6N5O7,771.09,1.64,241.074,Neurotransmitter
Glucose,C11H7N1O0,430.84,8.9,274.774,Organic Compound
Aspirin,C16H19N4O10,328.94,N/A,257.544,Alkaloid
Dopamine,C14H22N4O9,756.63,1.94,624.703,Organic Compound
Glucose,C8H17N3O2,569.64,8.49,858.546,Carbohydrate
Ethanol,C7H6N5O6,626.11,2.42,595.356,Alkaloid
Aspirin,C10H6N1O3,70.1,N/A,261.766,Alcohol
Ethanol,C11H36N3O8,381.51,8.21,234.919,Amide
Glucose,C13H33N4O3,224.11,5.71,854.12,Amide
Cholesterol,C2H30N4O10,503.4,13.08,706.06,Alkaloid
Urea,C4H12N2O2,199.84,9.04,142.74,Amide
Adenosine triphosphate,C11H3N3O3,293.69,13.02,374.164,Alcohol
Dopamine,C16H17N1O0,166.79,N/A,40.279,Carbohydrate
Adrenaline,C17H8N2O8,338.12,1.43,480.68,Hormone
Dopamine,C20H4N4O8,329.26,12.08,613.824,Alcohol
Glucose,C4H3N5O10,540.73,N/A,94.42,Lipid
Dopamine,C5H37N5O3,993.69,5.51,9.438,Hormone
Aspirin,C14H33N5O2,469.33,7.15,262.599,Nucleotide
Adenosine triphosphate,C12H26N0O2,589.5,10.31,531.84,Hormone
Adenosine triphosphate,C6H39N2O5,153.49,7.84,807.16,Nucleotide
Aspirin,C19H36N5O7,297.71,N/A,550.486,Organic Compound
Ethanol,C11H21N0O4,932.78,6.16,383.888,Amide
Dopamine,C16H6N4O2,281.48,8.49,7.068,Nucleotide
Cholesterol,C9H12N4O6,894.02,10.89,370.97,Lipid
Aspirin,C2H7N5O7,505.21,3.44,506.546,Alcohol
Adenosine triphosphate,C17H2N5O8,223.77,6.8,894.359,Nucleotide
Glucose,C1H24N2O9,388.49,N/A,45.402,Organic Compound
Aspirin,C11H2N4O7,955.74,10.87,321.953,Organic Compound
Dopamine,C17H21N3O10,854.92,10.91,400.392,Alkaloid
Glucose,C15H5N4O4,264.47,12.0,801.669,Lipid
Ethanol,C9H29N5O10,281.67,N/A,767.283,Amide
Caffeine,C8H29N4O2,749.41,7.95,831.145,Hormone
Ethanol,C8H1N5O5,539.81,4.03,850.088,Organic Compound
Adenosine triphosphate,C15H13N0O0,618.62,11.13,627.507,Hormone
Aspirin,C16H33N2O6,539.18,N/A,466.971,Organic Compound
Cholesterol,C16H31N5O8,551.95,12.74,187.776,Alkaloid
Glucose,C5H31N0O9,511.68,N/A,129.853,Organic Compound
Caffeine,C10H28N0O7,750.93,5.82,3.868,Organic Compound
Dopamine,C7H2N4O5,98.44,6.17,156.526,Neurotransmitter
Urea,C4H35N0O9,157.39,N/A,676.766,Hormone
Adrenaline,C4H4N3O3,397.95,1.24,57.791,Carbohydrate
Dopamine,C12H21N5O5,182.22,2.34,232.899,Carbohydrate
Aspirin,C14H21N0O5,808.42,11.87,682.501,Alcohol
Adrenaline,C4H30N5O3,758.54,4.83,686.977,Hormone
Cholesterol,C19H26N2O5,168.75,2.13,515.562,Hormone
Aspirin,C6H36N2O0,977.96,N/A,449.689,Lipid
Aspirin,C20H39N0O4,785.5,3.92,768.553,Carbohydrate
Dopamine,C18H20N4O7,389.89,8.16,129.875,Organic Compound
Glucose,C1H34N3O8,493.45,13.29,821.36,Carbohydrate
Adrenaline,C9H37N0O1,261.7,13.34,201.215,Alcohol
Caffeine,C5H9N3O2,699.89,N/A,671.179,Lipid
Adrenaline,C19H24N1O2,415.07,N/A,873.131,Amide
Adenosine triphosphate,C7H33N0O9,365.86,12.39,164.927,Alkaloid
Cholesterol,C1H31N1O5,876.94,N/A,506.584,Nucleotide
Glucose,C1H23N3O6,970.81,13.23,318.943,Alcohol
Adenosine triphosphate,C15H11N4O7,322.44,8.36,654.394,Nucleotide
Caffeine,C7H23N1O4,421.48,3.27,215.321,Organic Compound
Caffeine,C17H3N4O0,662.31,6.22,843.78,Hormone
Adenosine triphosphate,C6H24N0O9,630.82,3.9,870.468,Lipid
Caffeine,C19H19N0O0,772.97,2.26,546.599,Amide
Dopamine,C20H6N5O10,494.38,13.8,973.684,Hormone
Urea,C19H7N2O3,728.51,N/A,638.076,Organic Compound
Adenosine triphosphate,C10H17N2O6,958.33,9.63,829.315,Alkaloid
Caffeine,C3H2N1O9,229.55,4.62,587.546,Organic Compound
Dopamine,C17H31N3O5,733.41,7.9,531.288,Hormone
Cholesterol,C9H6N0O5,288.0,1.79,661.316,Lipid
Cholesterol,C2H29N5O4,968.87,N/A,384.705,Organic Compound
Cholesterol,C19H23N5O2,351.53,9.42,327.528,Amide
Dopamine,C16H40N4O10,376.9,3.78,464.346,Carbohydrate
Serotonin,C16H7N2O6,471.71,N/A,229.866,Neurotransmitter
Ethanol,C14H21N3O8,759.58,6.5,29.266,Alkaloid
Urea,C10H31N4O10,261.43,13.91,260.626,Neurotransmitter
Caffeine,C2H17N0O6,604.23,3.56,615.799,Lipid
Glucose,C2H21N5O10,925.0,11.92,409.249,Carbohydrate
Adenosine triphosphate,C14H26N5O9,894.47,13.5,653.609,Nucleotide
Ethanol,C15H1N5O4,229.2,6.93,210.07,Carbohydrate
Adrenaline,C2H29N1O3,556.07,N/A,69.816,Alcohol
Serotonin,C17H22N2O6,361.97,8.64,774.248,Alcohol
Caffeine,C13H18N2O9,144.45,N/A,550.643,Neurotransmitter
Adenosine triphosphate,C1H20N5O10,976.46,13.78,688.871,Neurotransmitter
Glucose,C14H33N4O9,565.86,N/A,592.496,Organic Compound
Adenosine triphosphate,C1H15N0O6,85.09,13.99,416.107,Lipid
Dopamine,C4H18N5O0,493.77,3.42,89.323,Lipid
Ethanol,C6H39N3O7,838.38,13.05,571.814,Alkaloid
Urea,C14H26N2O6,459.84,11.52,538.282,Nucleotide
Serotonin,C15H36N5O7,188.04,3.23,506.364,Carbohydrate
Adenosine triphosphate,C10H23N5O8,555.37,N/A,568.682,Alkaloid
Adrenaline,C20H31N0O5,954.26,10.11,118.381,Amide
Adrenaline,C7H40N5O1,784.04,N/A,799.638,Amide
Adrenaline,C20H40N3O6,178.98,2.98,232.793,Amide
Adrenaline,C7H29N0O0,584.14,2.1,826.866,Neurotransmitter
Adrenaline,C1H4N4O3,426.06,8.72,24.303,Amide
Adrenaline,C10H11N0O8,696.94,N/A,875.086,Carbohydrate
Aspirin,C9H36N0O6,230.31,10.38,343.255,Lipid
Dopamine,C13H7N2O7,62.94,5.94,239.181,Alkaloid
Ethanol,C20H31N3O5,422.48,N/A,316.61,Hormone
Aspirin,C12H32N0O5,430.59,2.22,785.626,Nucleotide
Serotonin,C17H35N3O2,685.34,6.37,110.593,Carbohydrate
Aspirin,C15H19N3O0,334.11,N/A,238.53,Alkaloid
Aspirin,C2H19N1O10,498.32,12.35,422.021,Organic Compound
Ethanol,C1H24N2O8,555.55,4.13,355.51,Amide
Cholesterol,C2H40N3O10,671.96,1.59,744.927,Alcohol
Cholesterol,C14H19N4O4,264.21,N/A,31.012,Alcohol
Urea,C5H39N2O8,495.33,2.51,94.093,Alcohol
Dopamine,C17H13N0O10,944.47,3.57,471.303,Alcohol
Serotonin,C19H20N5O1,832.43,N/A,429.237,Neurotransmitter
Caffeine,C15H13N2O2,774.54,7.09,301.555,Alkaloid
Glucose,C16H19N2O10,481.02,11.32,381.523,Neurotransmitter
Cholesterol,C11H12N1O1,632.13,N/A,698.607,Organic Compound
Glucose,C19H13N5O10,51.15,12.56,356.931,Lipid
Caffeine,C10H26N1O9,799.98,6.54,649.966,Nucleotide
Glucose,C20H36N2O1,869.12,9.92,460.059,Neurotransmitter
Serotonin,C7H10N4O2,853.44,N/A,591.313,Hormone
Cholesterol,C20H37N0O10,337.26,5.48,246.26,Alcohol
Caffeine,C2H2N2O8,94.74,9.22,445.236,Hormone
Urea,C16H26N3O8,656.74,13.99,6.945,Nucleotide
Serotonin,C19H4N3O7,700.72,12.09,499.02,Alcohol
Ethanol,C12H30N2O8,368.07,3.04,275.295,Alkaloid
Adenosine triphosphate,C12H38N3O8,269.75,4.37,524.274,Nucleotide
Ethanol,C8H20N3O8,124.29,8.88,657.116,Amide
Aspirin,C3H7N0O4,574.84,1.57,136.218,Carbohydrate
Ethanol,C2H17N2O5,308.33,11.83,179.333,Lipid
Adenosine triphosphate,C19H21N5O2,454.75,2.17,940.737,Alcohol
Ethanol,C1H16N3O10,899.94,8.13,992.851,Carbohydrate
Ethanol,C7H16N3O9,571.81,12.22,600.981,Nucleotide
Caffeine,C18H12N4O4,366.07,3.4,871.156,Carbohydrate
Urea,C18H5N4O1,501.95,13.82,78.27,Alcohol
Caffeine,C18H22N4O7,175.68,5.16,69.75,Neurotransmitter
Ethanol,C6H14N0O6,155.44,7.05,918.339,Amide
Adenosine triphosphate,C16H25N4O6,310.31,1.72,71.255,Neurotransmitter
Aspirin,C8H3N0O6,582.58,N/A,591.332,Hormone
Caffeine,C6H26N0O5,854.66,2.54,0.178,Nucleotide
Serotonin,C3H23N0O2,604.84,12.42,495.497,Organic Compound
Urea,C10H35N1O4,885.14,8.89,718.493,Alcohol
Aspirin,C15H13N5O10,673.48,12.67,897.316,Organic Compound
Serotonin,C1H22N3O5,757.72,12.98,908.424,Amide
Adrenaline,C2H40N0O5,314.12,8.94,781.302,Hormone
Ethanol,C11H13N5O6,686.25,13.3,829.335,Neurotransmitter
Adenosine triphosphate,C15H27N4O1,227.08,2.24,235.155,Hormone
Glucose,C17H16N5O8,884.64,11.55,582.468,Alcohol
Adrenaline,C10H34N5O8,915.93,12.74,267.528,Organic Compound
Aspirin,C5H32N4O10,857.13,2.84,700.666,Nucleotide
Adrenaline,C11H2N5O6,596.5,N/A,146.524,Alcohol
Adrenaline,C10H22N5O4,673.68,7.34,38.986,Organic Compound
Caffeine,C6H20N2O5,256.87,4.29,119.575,Nucleotide
Dopamine,C11H14N0O1,737.0,N/A,984.939,Nucleotide
Dopamine,C1H6N2O5,930.01,7.22,264.997,Alcohol
Urea,C7H20N0O0,571.91,10.23,521.409,Neurotransmitter
Serotonin,C9H25N2O4,59.75,N/A,30.267,Hormone
Cholesterol,C6H19N0O9,165.98,6.11,817.308,Neurotransmitter
Adenosine triphosphate,C11H30N3O3,175.26,13.64,792.549,Organic Compound
Ethanol,C10H32N0O8,410.97,N/A,857.67,Lipid
Glucose,C1H40N2O3,690.96,10.65,87.302,Alkaloid
Cholesterol,C12H15N1O8,252.83,6.77,514.967,Lipid
Urea,C10H21N1O6,825.08,6.2,626.215,Neurotransmitter
Caffeine,C13H14N5O2,235.02,9.58,904.787,Neurotransmitter
Dopamine,C18H22N3O10,440.77,3.28,847.082,Carbohydrate
Urea,C11H9N1O1,50.59,13.33,999.619,Hormone
Cholesterol,C9H33N2O7,574.89,11.46,173.495,Organic Compound
Dopamine,C12H3N2O3,385.77,N/A,300.785,Amide
Glucose,C3H16N3O3,410.56,9.11,428.183,Alcohol
Urea,C1H19N4O10,191.41,3.08,39.177,Alkaloid
Serotonin,C7H17N4O10,344.34,N/A,871.477,Amide
Serotonin,C12H38N2O4,346.26,N/A,518.423,Organic Compound
Adenosine triphosphate,C7H7N2O1,695.92,2.82,859.215,Carbohydrate
Adenosine triphosphate,C7H15N2O9,462.17,7.34,124.872,Amide
Aspirin,C6H40N4O9,172.24,13.99,144.519,Carbohydrate
Dopamine,C17H35N0O7,191.99,N/A,129.927,Nucleotide
Serotonin,C20H27N4O9,409.73,8.47,966.044,Alcohol
Glucose,C8H18N1O1,326.81,7.14,455.21,Hormone
Cholesterol,C3H27N5O7,252.96,6.25,135.863,Hormone
Aspirin,C20H39N4O10,256.19,11.24,342.154,Hormone
Urea,C14H21N4O9,108.53,10.85,828.121,Nucleotide
Dopamine,C20H35N1O8,902.87,7.2,116.701,Organic Compound
Dopamine,C1H26N2O4,812.26,7.32,671.322,Alcohol
Glucose,C13H13N5O4,858.15,9.75,763.309,Amide
Urea,C9H14N4O3,685.06,10.81,268.943,Hormone
Urea,C20H36N0O2,709.54,N/A,162.231,Alcohol
Ethanol,C18H36N4O1,604.8,3.06,29.192,Hormone
Adenosine triphosphate,C19H8N2O5,353.06,10.1,498.512,Alcohol
Adenosine triphosphate,C6H19N2O10,226.65,10.34,134.151,Nucleotide
Glucose,C2H16N0O9,620.5,4.18,714.94,Amide
Ethanol,C16H21N4O9,932.58,12.5,424.132,Amide
Glucose,C2H4N2O3,407.12,N/A,866.784,Lipid
Caffeine,C6H8N5O8,60.2,10.86,976.534,Neurotransmitter
Urea,C10H37N1O4,850.74,2.97,4.958,Lipid
Adrenaline,C13H29N1O6,355.91,2.0,935.04,Organic Compound
Aspirin,C6H9N3O5,912.0,2.8,904.103,Amide
Caffeine,C7H15N3O9,325.54,1.92,89.876,Carbohydrate
Adenosine triphosphate,C20H31N5O0,108.33,4.27,81.337,Lipid
Glucose,C8H24N5O2,305.62,8.64,949.028,Amide
Serotonin,C2H10N1O5,462.31,N/A,274.259,Lipid
Glucose,C6H10N3O3,762.5,N/A,675.78,Lipid
Urea,C10H36N1O0,667.6,11.34,643.64,Neurotransmitter
Aspirin,C16H1N5O8,725.09,1.41,785.832,Alkaloid
Adrenaline,C1H5N0O4,306.32,6.91,400.003,Hormone
Aspirin,C19H39N4O4,289.52,10.98,927.72,Organic Compound
Urea,C20H27N3O2,159.75,2.1,583.312,Amide
Adrenaline,C17H30N0O9,960.95,3.41,570.886,Neurotransmitter
Urea,C12H5N2O2,885.17,1.75,732.114,Neurotransmitter
Aspirin,C5H11N4O7,173.65,N/A,347.116,Organic Compound
Adenosine triphosphate,C8H13N4O0,110.24,1.96,94.78,Alcohol
Adenosine triphosphate,C2H29N2O4,760.5,4.37,175.657,Amide
Caffeine,C14H23N2O4,729.92,12.84,421.623,Alcohol
Serotonin,C9H10N3O5,686.55,10.7,436.199,Alkaloid
Glucose,C15H34N5O0,693.66,6.67,656.185,Carbohydrate
Dopamine,C12H8N0O8,85.28,9.1,410.767,Carbohydrate
Urea,C13H37N4O3,488.72,N/A,223.658,Carbohydrate
Adenosine triphosphate,C2H2N3O9,907.88,10.03,278.042,Nucleotide
Caffeine,C8H2N2O10,929.85,3.31,574.387,Lipid
Caffeine,C20H36N2O7,619.97,N/A,6.79,Amide
Glucose,C10H18N4O0,722.99,8.17,404.861,Lipid
Caffeine,C18H31N2O10,120.45,N/A,474.721,Lipid
Adrenaline,C3H39N5O6,763.71,9.84,917.304,Lipid
Serotonin,C13H29N1O4,387.96,7.83,750.02,Alkaloid
Serotonin,C3H17N3O0,915.48,11.23,573.734,Hormone
Dopamine,C16H16N1O9,542.56,N/A,796.123,Amide
Adrenaline,C20H33N5O3,558.5,N/A,531.153,Hormone
Adrenaline,C5H7N3O2,368.34,2.19,849.235,Lipid
Serotonin,C16H14N5O0,320.56,9.39,76.189,Hormone
Adrenaline,C4H4N3O10,615.4,8.45,123.281,Neurotransmitter
Urea,C19H13N2O9,711.19,12.24,826.354,Organic Compound
Cholesterol,C8H31N5O7,57.73,10.29,96.201,Nucleotide
Ethanol,C13H3N4O1,498.74,13.21,217.392,Alcohol
Urea,C20H12N0O6,962.6,N/A,235.894,Amide
Serotonin,C18H10N0O1,198.88,8.8,123.17,Alcohol
Serotonin,C18H30N5O6,316.33,11.16,364.469,Hormone
Glucose,C8H39N3O5,756.15,9.8,923.769,Nucleotide
Ethanol,C9H6N2O9,455.5,4.87,96.711,Organic Compound
Adrenaline,C15H35N2O4,914.06,6.64,913.5,Organic Compound
Urea,C14H11N1O1,159.42,9.97,615.676,Hormone
Aspirin,C7H24N5O8,127.87,7.3,627.494,Nucleotide
Aspirin,C9H40N1O8,753.15,5.28,859.186,Alcohol
Caffeine,C13H20N4O3,445.32,8.08,876.484,Carbohydrate
Urea,C14H20N5O6,684.42,9.21,91.106,Nucleotide
Adenosine triphosphate,C6H15N0O1,712.03,7.96,80.918,Lipid
Ethanol,C3H16N3O3,946.93,N/A,727.033,Hormone
Adrenaline,C17H33N0O7,634.05,6.87,120.216,Hormone
Aspirin,C1H21N3O2,416.63,2.67,502.182,Alkaloid
Cholesterol,C1H12N4O1,69.92,11.29,961.922,Alkaloid
Ethanol,C10H38N1O4,886.29,6.04,10.008,Organic Compound
Urea,C5H35N4O6,731.02,1.87,461.607,Amide
Adenosine triphosphate,C2H38N4O10,498.2,N/A,81.405,Alkaloid
Cholesterol,C12H33N3O7,542.02,7.92,457.808,Lipid
Dopamine,C14H18N0O1,431.68,N/A,675.743,Organic Compound
Dopamine,C17H12N2O8,590.11,N/A,63.478,Organic Compound
Adenosine triphosphate,C20H37N5O10,614.45,N/A,462.09,Neurotransmitter
Dopamine,C10H37N4O5,990.96,10.23,723.083,Organic Compound
Adrenaline,C7H16N2O9,945.9,N/A,219.436,Nucleotide
Serotonin,C8H36N1O7,979.66,N/A,192.996,Lipid
Serotonin,C2H6N2O8,438.12,N/A,604.587,Hormone
Dopamine,C17H38N1O4,923.99,2.77,259.437,Lipid
Aspirin,C5H11N3O5,675.6,11.59,859.454,Nucleotide
Ethanol,C18H3N5O6,231.3,N/A,128.838,Nucleotide
Aspirin,C7H22N3O8,936.77,N/A,79.145,Lipid
Aspirin,C19H33N4O10,505.84,4.05,148.831,Alcohol
Serotonin,C16H1N5O5,701.26,13.48,584.751,Amide
Adrenaline,C2H32N0O1,267.38,N/A,877.757,Nucleotide
Glucose,C10H25N0O9,532.78,4.67,159.495,Lipid
Ethanol,C1H29N5O8,888.92,N/A,501.867,Hormone
Ethanol,C18H21N5O9,837.9,N/A,213.718,Hormone
Cholesterol,C1H35N2O10,195.34,3.56,698.385,Amide
Aspirin,C10H4N1O5,969.45,8.75,529.755,Hormone
Cholesterol,C2H15N5O7,634.64,4.46,966.05,Alkaloid
Adrenaline,C12H26N1O2,708.83,2.31,131.147,Lipid
Urea,C12H36N4O6,776.77,N/A,124.454,Nucleotide
Cholesterol,C16H20N5O8,960.9,12.52,12.813,Carbohydrate
Cholesterol,C14H23N1O5,92.38,9.37,965.673,Alcohol
Adrenaline,C3H28N5O9,314.44,N/A,896.023,Nucleotide
Cholesterol,C19H17N4O0,765.1,N/A,606.59,Alkaloid
Caffeine,C17H3N0O2,393.97,6.15,419.213,Hormone
Adrenaline,C14H35N5O9,884.86,N/A,580.672,Alkaloid
Ethanol,C17H33N2O3,530.78,8.55,196.59,Alcohol
Aspirin,C10H19N4O3,327.94,1.86,456.148,Lipid
Cholesterol,C18H13N2O0,819.52,2.73,516.325,Lipid
Ethanol,C17H5N1O2,121.18,N/A,261.917,Alkaloid
Adenosine triphosphate,C18H32N4O4,731.29,13.04,664.235,Carbohydrate
Aspirin,C18H16N0O6,971.72,13.1,646.068,Hormone
Caffeine,C17H28N5O8,293.57,7.01,444.131,Neurotransmitter
Aspirin,C6H26N4O7,187.45,N/A,502.038,Alcohol
Urea,C12H24N3O1,510.61,N/A,96.145,Nucleotide
Aspirin,C1H17N4O1,104.27,1.86,419.574,Alcohol
Ethanol,C17H13N3O4,883.77,6.14,307.858,Organic Compound
Adrenaline,C15H31N0O10,423.34,4.62,735.989,Neurotransmitter
Adenosine triphosphate,C11H36N4O3,873.88,3.11,183.845,Organic Compound
Aspirin,C7H32N5O3,243.26,2.22,665.922,Neurotransmitter
Aspirin,C13H19N3O7,932.61,12.65,109.227,Lipid
Adenosine triphosphate,C2H25N0O2,861.77,9.21,714.483,Nucleotide
Adrenaline,C6H9N3O5,350.95,N/A,133.176,Lipid
Cholesterol,C15H3N1O3,533.81,10.64,561.449,Hormone
Aspirin,C20H38N2O1,442.27,1.68,113.389,Carbohydrate
Urea,C1H25N1O0,435.82,6.41,669.609,Alkaloid
Urea,C12H15N4O6,106.36,10.52,666.785,Organic Compound
Urea,C11H6N5O6,982.21,7.23,887.127,Nucleotide
Adenosine triphosphate,C19H33N3O5,812.65,12.94,517.561,Alkaloid
Adenosine triphosphate,C9H20N4O2,363.15,5.03,735.19,Amide
Urea,C17H38N4O1,891.97,7.01,474.169,Lipid
Caffeine,C20H34N3O7,549.96,6.85,198.867,Carbohydrate
Cholesterol,C20H38N1O10,386.09,9.96,151.41,Carbohydrate
Adenosine triphosphate,C8H31N0O2,670.9,N/A,335.57,Hormone
Ethanol,C2H10N2O6,595.82,9.22,76.231,Neurotransmitter
Ethanol,C15H5N5O3,911.09,1.36,202.152,Organic Compound
Cholesterol,C14H13N2O7,725.96,5.77,221.65,Organic Compound
Dopamine,C20H19N1O5,321.21,7.8,239.673,Amide
Dopamine,C16H33N3O2,568.66,6.94,94.07,Lipid
Serotonin,C17H24N4O10,439.95,3.78,786.951,Nucleotide
Aspirin,C15H14N3O5,436.93,9.74,36.547,Nucleotide
Adenosine triphosphate,C4H19N4O7,127.85,9.05,230.278,Neurotransmitter
Urea,C11H26N3O4,210.64,3.95,600.509,Alkaloid
Adenosine triphosphate,C2H4N2O0,509.22,13.86,314.154,Alcohol
Aspirin,C14H31N3O9,490.35,11.45,300.16,Lipid
Serotonin,C16H27N5O0,490.59,13.54,273.102,Nucleotide
Ethanol,C1H29N0O3,728.39,9.87,247.098,Neurotransmitter
Dopamine,C6H13N0O4,555.74,12.78,356.008,Nucleotide
Urea,C14H17N3O5,442.76,8.37,348.781,Organic Compound
Urea,C8H25N3O4,147.95,7.81,541.795,Neurotransmitter
Adrenaline,C11H9N4O9,52.18,11.44,808.105,Nucleotide
Ethanol,C9H8N0O6,905.46,10.41,434.976,Amide
Cholesterol,C13H23N0O6,934.34,3.5,103.256,Amide
Glucose,C19H40N0O2,646.91,N/A,49.894,Alkaloid
Glucose,C10H34N5O7,714.04,7.58,190.436,Amide
Glucose,C19H10N3O0,335.18,4.72,604.295,Neurotransmitter
Cholesterol,C16H29N5O10,438.85,5.62,320.041,Nucleotide
Serotonin,C8H30N2O5,690.61,N/A,450.63,Lipid
Ethanol,C19H26N3O8,584.55,9.5,129.623,Hormone
Aspirin,C13H39N0O6,623.56,12.87,566.616,Hormone
Serotonin,C2H38N3O8,591.51,5.45,304.593,Alcohol
Urea,C15H25N3O5,983.56,8.07,586.341,Lipid
Urea,C12H23N3O3,674.5,6.89,455.22,Carbohydrate
Aspirin,C5H9N1O0,394.58,13.82,138.261,Nucleotide
Urea,C18H11N1O2,289.61,9.96,673.697,Nucleotide
Cholesterol,C3H8N0O1,984.39,12.8,713.697,Nucleotide
Ethanol,C17H38N1O4,229.89,8.06,648.356,Nucleotide
Aspirin,C2H9N2O7,352.13,13.49,165.225,Neurotransmitter
Dopamine,C10H11N3O1,610.64,13.3,817.59,Alcohol
Caffeine,C8H35N2O9,907.14,N/A,922.234,Amide
Ethanol,C13H5N5O3,349.6,12.31,495.272,Alkaloid
Urea,C5H14N1O4,342.81,N/A,546.506,Carbohydrate
Caffeine,C11H7N5O5,108.81,2.49,75.841,Alcohol
Serotonin,C5H3N5O10,104.08,N/A,43.904,Nucleotide
Cholesterol,C5H16N3O2,546.04,N/A,975.858,Hormone
Aspirin,C15H8N1O10,525.76,4.11,600.013,Hormone
Glucose,C12H23N1O10,921.65,10.51,893.97,Alkaloid
Adenosine triphosphate,C4H15N3O10,399.47,1.97,230.264,Alcohol
Adrenaline,C3H40N3O1,599.36,8.8,173.935,Alkaloid
Urea,C2H20N4O0,322.74,N/A,965.926,Nucleotide
Ethanol,C7H39N3O9,668.86,6.62,76.992,Nucleotide
Aspirin,C6H31N3O2,886.39,N/A,294.383,Lipid
Cholesterol,C9H35N2O2,451.65,N/A,423.162,Carbohydrate
Ethanol,C8H17N5O9,808.1,1.49,126.814,Hormone
Urea,C18H38N3O4,576.86,4.24,682.782,Lipid
Adenosine triphosphate,C2H38N4O1,703.83,2.13,512.056,Organic Compound
Adenosine triphosphate,C1H6N5O6,588.73,7.31,855.934,Lipid
Glucose,C2H32N4O8,588.37,13.37,510.458,Nucleotide
Urea,C6H13N1O8,860.46,12.07,132.228,Nucleotide
Urea,C14H5N3O10,562.71,11.5,5.419,Neurotransmitter
Cholesterol,C6H19N1O0,720.84,3.26,968.748,Neurotransmitter
Cholesterol,C7H9N1O6,861.2,N/A,928.401,Alkaloid
Aspirin,C2H17N3O1,185.28,2.98,983.233,Neurotransmitter
Adrenaline,C20H6N0O3,880.23,9.38,354.251,Carbohydrate
Adenosine triphosphate,C14H22N4O2,109.49,3.05,369.33,Lipid
Aspirin,C8H21N3O6,381.54,1.57,139.455,Hormone
Caffeine,C8H39N1O2,850.69,9.57,926.88,Alkaloid
Caffeine,C10H40N4O8,93.73,7.02,614.609,Alcohol
Cholesterol,C17H12N4O7,55.11,10.8,284.788,Nucleotide
Glucose,C4H3N5O7,622.84,13.31,739.84,Hormone
Serotonin,C18H2N4O1,658.18,1.83,676.395,Neurotransmitter
Glucose,C9H7N1O10,587.69,5.78,931.169,Amide
Serotonin,C1H5N1O6,549.28,8.16,724.536,Carbohydrate
Aspirin,C1H13N3O5,153.23,7.04,191.193,Lipid
Urea,C10H21N2O10,59.82,N/A,204.181,Neurotransmitter
Aspirin,C17H35N4O3,769.65,4.93,368.646,Carbohydrate
Adenosine triphosphate,C15H36N5O1,267.9,5.55,677.749,Amide
Caffeine,C2H34N0O3,442.8,13.96,894.465,Alkaloid
Dopamine,C12H22N2O4,749.4,11.6,940.142,Alkaloid
Caffeine,C10H10N5O7,738.57,8.75,278.962,Neurotransmitter
Ethanol,C10H13N3O9,531.77,N/A,166.99,Neurotransmitter
Urea,C6H2N5O0,257.76,2.62,766.97,Carbohydrate
Ethanol,C1H31N5O3,133.31,5.03,491.612,Alcohol
Adenosine triphosphate,C1H18N0O7,901.67,8.11,882.879,Organic Compound
Ethanol,C19H13N5O5,553.33,N/A,870.102,Nucleotide
Dopamine,C9H15N5O8,233.19,8.44,998.306,Carbohydrate
Aspirin,C4H34N5O0,804.17,7.63,211.815,Nucleotide
Adrenaline,C11H21N3O10,107.92,10.57,147.876,Amide
Cholesterol,C2H9N0O0,613.74,4.04,377.572,Carbohydrate
Aspirin,C8H24N0O5,172.3,11.57,310.906,Alcohol
Caffeine,C6H23N0O9,420.48,4.77,962.306,Hormone
Caffeine,C14H10N2O10,275.68,2.06,235.286,Organic Compound
Serotonin,C20H14N3O1,284.12,4.03,708.765,Neurotransmitter
Serotonin,C10H5N0O4,79.12,3.6,915.669,Nucleotide
Serotonin,C5H15N0O0,936.5,11.58,347.46,Nucleotide
Adenosine triphosphate,C8H10N5O1,366.65,8.88,862.4,Lipid
Aspirin,C13H8N0O7,387.95,N/A,27.689,Alkaloid
Dopamine,C5H5N0O0,305.81,10.61,460.175,Organic Compound
Urea,C4H11N3O0,374.01,N/A,121.904,Carbohydrate
Caffeine,C7H24N0O7,282.28,10.0,475.818,Alcohol
Serotonin,C2H9N4O4,453.41,12.08,906.254,Alkaloid
Caffeine,C4H27N4O1,804.22,13.49,57.621,Lipid
Caffeine,C16H3N1O2,528.25,10.29,13.929,Lipid
Aspirin,C13H32N5O9,734.52,N/A,204.735,Lipid
Cholesterol,C3H24N3O10,903.14,8.91,960.422,Alkaloid
Ethanol,C13H18N3O0,344.02,1.58,60.404,Alkaloid
Urea,C2H25N2O10,538.37,1.71,91.012,Alkaloid
Caffeine,C20H14N4O1,880.46,1.42,932.137,Alkaloid
Urea,C19H5N2O0,296.91,4.6,599.539,Carbohydrate
Glucose,C7H19N0O0,878.59,2.98,218.529,Amide
Ethanol,C5H36N1O1,262.22,9.1,513.269,Organic Compound
Adenosine triphosphate,C18H21N4O6,135.12,2.52,171.03,Hormone
Urea,C15H34N0O2,98.04,4.94,276.827,Lipid
Cholesterol,C17H12N4O6,855.55,N/A,980.601,Hormone
Serotonin,C16H35N1O5,361.03,1.89,947.248,Amide
Caffeine,C6H6N5O1,623.65,7.21,478.184,Neurotransmitter
Caffeine,C2H25N1O9,55.27,3.86,145.185,Lipid
Caffeine,C11H38N2O1,138.99,10.46,206.589,Alcohol
Ethanol,C13H34N4O5,116.9,5.5,765.01,Lipid
Adenosine triphosphate,C8H37N5O2,980.75,4.93,840.363,Carbohydrate
Ethanol,C5H22N3O5,744.54,5.82,921.044,Lipid
Serotonin,C18H16N3O9,954.72,N/A,548.269,Nucleotide
Serotonin,C12H10N0O6,64.23,8.25,216.202,Alcohol
Aspirin,C13H24N3O1,574.98,6.67,848.133,Lipid
Adenosine triphosphate,C14H24N4O3,223.84,7.01,302.266,Alkaloid
Glucose,C9H17N1O6,748.38,N/A,255.005,Amide
Ethanol,C10H13N3O4,714.97,10.35,786.054,Alcohol
Aspirin,C8H19N2O2,313.16,N/A,206.426,Hormone
Aspirin,C12H18N1O8,435.52,3.36,249.618,Hormone
Caffeine,C1H5N0O9,245.4,9.14,552.623,Carbohydrate
Dopamine,C4H12N5O5,223.88,N/A,245.899,Nucleotide
Ethanol,C14H23N3O2,671.04,4.65,425.961,Hormone
Urea,C18H23N2O9,369.36,N/A,612.972,Nucleotide
Serotonin,C7H5N4O6,766.3,6.58,967.32,Alkaloid
Urea,C19H14N2O10,356.3,5.8,579.941,Alcohol
Urea,C5H5N1O3,606.47,3.7,603.443,Hormone
Adrenaline,C18H38N1O3,728.31,8.99,98.442,Organic Compound
Adenosine triphosphate,C19H33N4O0,374.42,12.73,425.026,Carbohydrate
Urea,C19H22N5O3,881.57,6.89,766.132,Organic Compound
Caffeine,C2H10N1O4,455.0,12.96,274.108,Organic Compound
Ethanol,C19H5N1O3,760.75,6.37,317.004,Amide
Glucose,C7H37N4O5,811.16,1.22,907.149,Hormone
Ethanol,C11H19N5O2,799.16,N/A,263.235,Lipid
Ethanol,C12H29N4O5,706.51,6.64,14.804,Hormone
Dopamine,C18H25N1O2,583.06,9.59,836.514,Alcohol
Glucose,C9H10N0O10,750.64,N/A,415.831,Neurotransmitter
Adrenaline,C13H14N0O4,364.53,N/A,674.986,Alkaloid
Serotonin,C14H14N4O8,177.13,5.18,346.868,Hormone
Ethanol,C12H34N1O7,529.89,12.46,95.296,Organic Compound
Caffeine,C5H16N2O3,265.07,11.75,834.922,Alkaloid
Glucose,C6H4N4O1,577.88,7.03,762.449,Carbohydrate
Serotonin,C20H29N0O4,833.08,4.98,575.567,Alkaloid
Cholesterol,C9H14N0O3,411.61,12.73,3.458,Amide
Aspirin,C4H1N3O10,133.56,N/A,702.533,Carbohydrate
Urea,C9H32N3O6,559.71,13.22,184.569,Carbohydrate
Urea,C2H6N4O5,366.05,8.4,375.673,Carbohydrate
Urea,C13H38N5O2,273.1,9.42,579.681,Neurotransmitter
Serotonin,C2H18N0O3,374.18,12.02,20.448,Amide
Dopamine,C8H16N5O3,504.4,N/A,421.515,Lipid
Urea,C8H34N4O6,368.16,6.58,902.882,Amide
Dopamine,C7H37N2O3,499.26,8.59,668.89,Organic Compound
Aspirin,C20H7N4O3,595.8,N/A,338.328,Alcohol
Caffeine,C2H10N2O4,51.56,8.05,286.45,Carbohydrate
Glucose,C2H37N4O4,340.14,12.99,198.975,Carbohydrate
Ethanol,C5H10N3O10,492.27,2.08,891.499,Nucleotide
Adenosine triphosphate,C5H34N1O4,283.71,11.06,759.649,Amide
Adrenaline,C16H23N2O6,569.07,7.0,213.58,Carbohydrate
Cholesterol,C12H24N0O5,841.52,9.15,751.024,Hormone
Aspirin,C16H15N1O0,491.06,2.97,642.307,Nucleotide
Cholesterol,C10H12N2O7,171.92,4.0,502.893,Alkaloid
Serotonin,C12H17N4O3,74.85,7.12,989.9,Carbohydrate
Glucose,C5H12N1O5,390.76,11.14,619.401,Neurotransmitter
Urea,C19H22N1O10,559.04,11.52,775.858,Alcohol
Urea,C2H24N0O5,640.1,5.12,966.778,Alcohol
Cholesterol,C7H29N5O7,121.26,N/A,667.374,Nucleotide
Adrenaline,C13H25N1O5,427.91,3.07,12.105,Nucleotide
Adenosine triphosphate,C2H26N0O9,875.13,11.59,266.342,Neurotransmitter
Ethanol,C10H30N1O10,829.74,N/A,155.199,Carbohydrate
Serotonin,C3H36N4O6,420.18,5.41,227.903,Organic Compound
Adrenaline,C17H27N4O5,51.87,13.08,535.553,Nucleotide
Urea,C17H16N4O3,208.91,3.32,932.824,Lipid
Serotonin,C17H22N4O4,312.66,4.89,580.055,Nucleotide
Caffeine,C1H21N4O9,221.28,13.72,112.218,Organic Compound
Urea,C2H21N1O4,424.17,13.73,53.625,Alkaloid
Dopamine,C6H4N4O0,512.29,9.28,0.321,Nucleotide
Dopamine,C4H38N1O0,948.19,4.36,884.021,Carbohydrate
Caffeine,C16H5N1O3,484.38,1.62,572.425,Lipid
Glucose,C3H24N5O7,111.15,N/A,707.166,Lipid
Caffeine,C2H4N5O7,352.95,8.62,669.044,Lipid
Cholesterol,C19H8N0O6,57.13,8.56,226.981,Alcohol
Caffeine,C15H15N2O8,807.92,6.23,86.899,Alkaloid
Ethanol,C14H13N4O5,356.04,13.45,316.538,Organic Compound
Ethanol,C14H18N5O7,438.73,6.72,715.569,Neurotransmitter
Glucose,C1H6N4O10,288.34,6.64,3.421,Carbohydrate
Adenosine triphosphate,C15H40N3O9,650.65,7.24,283.933,Alkaloid
Adenosine triphosphate,C14H19N1O8,868.55,8.42,420.19,Hormone
Adrenaline,C10H24N0O10,940.57,N/A,831.871,Alkaloid
Cholesterol,C16H31N2O8,162.52,6.17,317.622,Alcohol
Ethanol,C3H25N5O7,810.38,9.83,754.065,Alcohol
Serotonin,C20H40N4O2,61.34,1.66,388.801,Organic Compound
Dopamine,C9H5N0O4,187.78,N/A,720.577,Amide
Urea,C2H39N1O6,993.28,8.61,190.368,Alkaloid
Adenosine triphosphate,C1H5N3O2,376.87,4.46,676.512,Alkaloid
Adenosine triphosphate,C8H40N4O6,555.3,13.49,996.809,Alkaloid
Urea,C4H27N5O10,788.01,8.44,822.145,Organic Compound
Glucose,C3H28N4O1,874.28,9.16,775.593,Organic Compound
Ethanol,C5H31N3O7,924.43,9.96,962.72,Alcohol
Cholesterol,C4H13N0O7,962.46,6.07,619.951,Alkaloid
Glucose,C5H33N5O7,169.98,7.31,982.644,Neurotransmitter
Aspirin,C18H16N2O4,527.09,3.85,667.693,Alkaloid
Glucose,C9H16N5O5,189.51,4.98,355.742,Carbohydrate
Urea,C9H12N3O8,132.78,4.71,219.64,Neurotransmitter
Glucose,C4H9N5O6,664.5,13.38,760.453,Hormone
Ethanol,C20H17N4O0,947.73,10.11,319.061,Alkaloid
Serotonin,C6H38N5O0,794.7,3.02,177.213,Amide
Dopamine,C5H19N1O9,758.49,7.01,958.208,Neurotransmitter
Adenosine triphosphate,C9H37N3O1,632.46,13.04,816.873,Nucleotide
Caffeine,C20H36N1O2,110.92,10.96,611.543,Alcohol
Aspirin,C5H10N5O8,540.4,6.98,574.896,Alcohol
Adenosine triphosphate,C3H31N4O9,796.36,11.7,84.935,Organic Compound
Glucose,C3H6N2O10,377.34,7.95,997.937,Lipid
Adenosine triphosphate,C20H27N1O7,497.83,8.9,418.269,Nucleotide
Adrenaline,C18H7N3O9,696.13,5.94,672.983,Neurotransmitter
Glucose,C11H5N0O0,640.21,6.0,723.047,Carbohydrate
Glucose,C16H10N5O4,863.82,1.78,560.714,Alcohol
Aspirin,C8H7N2O6,910.56,5.02,288.122,Hormone
Caffeine,C13H17N0O2,987.88,10.0,219.958,Organic Compound
Adrenaline,C3H3N0O3,955.43,2.65,22.401,Alcohol
Aspirin,C7H23N5O7,425.36,N/A,483.073,Alcohol
Adenosine triphosphate,C14H15N0O10,851.53,N/A,877.113,Nucleotide
Glucose,C13H38N0O1,149.94,12.78,131.816,Nucleotide
Ethanol,C17H31N1O3,665.77,2.79,53.477,Hormone
Glucose,C3H25N5O5,202.02,N/A,522.124,Lipid
Urea,C9H8N0O7,913.21,3.21,423.48,Organic Compound
Glucose,C16H10N1O8,96.17,10.33,846.112,Carbohydrate
Urea,C16H38N0O7,161.93,5.39,362.135,Lipid
Dopamine,C19H3N2O3,136.54,N/A,30.131,Lipid
Urea,C12H35N2O0,235.04,11.26,519.419,Carbohydrate
Ethanol,C4H34N1O9,181.89,9.39,733.315,Organic Compound
Urea,C17H10N3O10,679.92,3.98,169.367,Carbohydrate
Aspirin,C3H21N1O2,669.0,12.73,694.029,Neurotransmitter
Caffeine,C16H12N4O2,163.56,13.84,37.68,Hormone
Serotonin,C1H11N5O9,183.2,5.66,439.059,Nucleotide
Caffeine,C5H38N5O8,236.34,12.96,464.388,Carbohydrate
Urea,C14H4N1O2,753.87,N/A,587.65,Lipid
Urea,C3H20N4O6,755.74,5.26,240.204,Carbohydrate
Glucose,C12H39N4O1,439.16,1.91,334.114,Nucleotide
Glucose,C16H18N1O2,922.93,12.71,161.765,Lipid
Urea,C16H33N5O4,916.96,N/A,508.04,Amide
Dopamine,C9H10N5O3,325.69,N/A,490.502,Nucleotide
Serotonin,C2H11N0O9,322.36,5.88,337.032,Carbohydrate
Urea,C2H21N1O2,672.69,13.52,809.013,Amide
Dopamine,C11H19N1O1,644.93,N/A,274.328,Organic Compound
Urea,C12H23N0O8,555.16,3.93,149.81,Neurotransmitter
Adrenaline,C13H38N3O6,616.51,9.23,409.964,Carbohydrate
Cholesterol,C11H34N3O5,599.05,10.92,32.847,Amide
Adrenaline,C15H38N2O4,274.72,4.3,694.812,Carbohydrate
Aspirin,C4H38N2O2,499.51,9.32,210.757,Hormone
Caffeine,C9H40N2O7,723.29,3.2,103.721,Lipid
Dopamine,C4H2N1O4,765.97,1.33,820.291,Organic Compound
Caffeine,C2H31N1O8,960.11,12.59,725.111,Organic Compound
Aspirin,C17H5N2O6,818.56,5.69,848.306,Amide
Glucose,C15H7N3O1,253.69,4.79,903.863,Lipid
Aspirin,C8H25N5O5,608.16,2.78,407.167,Neurotransmitter
Serotonin,C15H1N2O6,159.29,8.37,192.716,Alkaloid
Cholesterol,C15H1N1O9,797.39,6.72,314.031,Neurotransmitter
Serotonin,C2H37N2O5,63.05,10.82,615.889,Alcohol
Aspirin,C14H16N4O7,443.91,9.36,847.903,Alkaloid
Adenosine triphosphate,C10H17N1O4,610.81,10.8,409.448,Neurotransmitter
Dopamine,C2H4N3O7,221.53,N/A,167.984,Alkaloid
Aspirin,C1H25N0O3,873.01,7.61,548.453,Lipid
Serotonin,C2H29N1O9,272.88,8.22,170.98,Organic Compound
Urea,C12H35N4O1,268.35,8.01,800.551,Hormone
Cholesterol,C15H10N1O4,772.3,9.3,105.903,Neurotransmitter
Adrenaline,C16H23N5O2,153.02,6.71,198.692,Lipid
Aspirin,C16H17N3O3,882.14,12.8,834.485,Carbohydrate
Aspirin,C10H29N2O9,780.36,1.19,779.73,Carbohydrate
Dopamine,C8H35N4O4,995.14,N/A,461.209,Alkaloid
Serotonin,C10H6N1O9,634.64,7.27,602.646,Amide
Adrenaline,C8H40N4O9,751.0,8.26,483.358,Alkaloid
Glucose,C3H27N2O6,168.15,1.34,715.728,Carbohydrate
Caffeine,C5H12N0O9,204.39,11.0,596.693,Nucleotide
Serotonin,C2H5N4O2,307.95,N/A,840.272,Alcohol
Cholesterol,C16H15N0O8,313.73,1.32,539.543,Nucleotide
Dopamine,C17H4N3O4,729.79,8.81,635.754,Carbohydrate
Glucose,C4H4N0O4,610.97,7.48,376.83,Neurotransmitter
Serotonin,C12H17N5O2,631.48,3.46,374.3,Alkaloid
Adrenaline,C17H36N4O9,425.15,5.44,525.506,Carbohydrate
Aspirin,C18H26N1O3,647.79,1.67,178.218,Lipid
Dopamine,C18H27N2O6,999.22,10.47,253.078,Neurotransmitter
Dopamine,C11H4N5O4,101.76,2.22,463.375,Lipid
Ethanol,C17H26N0O4,491.66,N/A,928.231,Carbohydrate
Ethanol,C5H22N1O7,839.62,13.84,229.041,Carbohydrate
Adenosine triphosphate,C4H27N5O5,899.83,7.2,909.875,Lipid
Cholesterol,C11H12N4O6,197.13,N/A,780.337,Hormone
Cholesterol,C11H32N2O6,582.13,11.12,190.737,Nucleotide
Ethanol,C9H23N0O4,876.32,N/A,926.187,Neurotransmitter
Caffeine,C17H4N0O4,315.97,1.29,0.891,Organic Compound
Aspirin,C15H19N2O9,404.51,3.65,155.854,Nucleotide
Caffeine,C14H25N0O4,567.18,N/A,686.659,Amide
Adrenaline,C8H24N0O7,733.97,N/A,316.416,Lipid
Dopamine,C2H5N1O1,574.86,13.08,493.229,Neurotransmitter
Dopamine,C4H17N4O10,335.88,10.84,441.917,Amide
Adenosine triphosphate,C15H4N4O10,342.97,6.75,645.834,Alkaloid
Adrenaline,C1H27N4O0,824.47,N/A,658.57,Carbohydrate
Adrenaline,C6H25N0O10,435.38,13.86,286.633,Carbohydrate
Adenosine triphosphate,C3H5N3O7,93.07,1.77,458.787,Hormone
Urea,C20H33N2O10,730.28,4.42,919.018,Alcohol
Glucose,C19H21N1O8,208.9,3.39,91.58,Neurotransmitter
Aspirin,C6H38N5O0,148.17,7.19,444.592,Amide
Serotonin,C20H24N2O9,643.87,8.25,459.873,Alkaloid
Urea,C8H12N5O5,743.58,3.83,763.517,Alkaloid
Aspirin,C10H31N5O1,113.75,N/A,300.429,Nucleotide
Glucose,C18H18N1O1,593.26,13.26,351.544,Organic Compound
Aspirin,C9H2N1O7,945.89,7.41,992.907,Lipid
Cholesterol,C14H34N1O1,684.27,9.18,808.557,Organic Compound
Caffeine,C19H4N2O1,756.18,4.03,554.122,Hormone
Serotonin,C20H38N5O5,342.75,1.52,941.793,Amide
Urea,C3H40N3O8,712.74,10.04,118.038,Lipid
Caffeine,C16H38N5O4,58.59,N/A,654.452,Amide
Glucose,C10H33N5O9,783.1,N/A,576.933,Organic Compound
Dopamine,C16H8N3O0,66.45,N/A,577.946,Lipid
Caffeine,C16H34N1O3,722.01,2.27,282.667,Amide
Aspirin,C1H27N4O5,801.78,9.76,12.31,Alcohol
Glucose,C2H6N0O9,828.89,4.06,560.651,Nucleotide
Serotonin,C12H10N2O5,591.78,11.3,811.376,Amide
Serotonin,C15H21N1O6,704.97,4.05,187.299,Organic Compound
Serotonin,C15H34N4O0,327.69,N/A,347.104,Hormone
Adenosine triphosphate,C18H5N3O8,657.09,N/A,627.616,Organic Compound
Urea,C20H16N1O3,896.09,12.22,395.843,Lipid
Adenosine triphosphate,C19H1N3O2,189.63,13.9,92.4,Organic Compound
Urea,C6H2N2O7,647.72,6.45,544.791,Nucleotide
Ethanol,C9H27N4O3,341.73,2.53,307.123,Hormone
Cholesterol,C15H2N2O5,825.97,1.46,521.569,Hormone
Aspirin,C17H40N0O10,527.86,9.14,165.824,Organic Compound
Ethanol,C6H27N0O5,704.72,11.36,132.259,Alcohol
Aspirin,C2H10N0O1,50.69,7.89,363.134,Lipid
Caffeine,C10H8N4O8,54.31,N/A,233.851,Lipid
Aspirin,C9H22N0O5,637.97,8.4,769.448,Lipid
Aspirin,C9H37N0O7,896.51,5.37,44.293,Alcohol
Adenosine triphosphate,C2H15N2O8,704.0,11.14,536.517,Alkaloid
Ethanol,C20H7N0O8,915.02,12.41,944.904,Lipid
Cholesterol,C1H20N4O8,407.99,N/A,259.209,Carbohydrate
Cholesterol,C18H35N1O10,750.5,N/A,671.572,Nucleotide
Adenosine triphosphate,C18H39N3O6,134.17,5.65,866.504,Amide
Urea,C13H12N5O9,926.87,3.77,713.964,Hormone
Caffeine,C7H1N5O6,754.7,10.9,7.334,Carbohydrate
Adrenaline,C19H37N5O4,879.05,9.09,556.668,Hormone
Aspirin,C6H40N1O9,317.1,8.27,340.311,Lipid
Urea,C20H39N1O2,725.14,3.05,91.761,Alcohol
Aspirin,C5H25N0O6,762.22,3.16,875.386,Neurotransmitter
Adenosine triphosphate,C14H29N0O0,743.03,N/A,568.902,Alcohol
Glucose,C2H3N2O9,212.91,8.09,705.052,Organic Compound
Adenosine triphosphate,C18H19N2O3,525.59,N/A,633.934,Lipid
Aspirin,C8H1N5O9,78.67,11.47,834.867,Hormone
Ethanol,C4H5N0O7,635.3,5.4,446.864,Alcohol
Aspirin,C10H14N1O10,309.71,13.34,670.979,Alcohol
Ethanol,C7H11N5O8,65.01,1.73,468.039,Alcohol
Adrenaline,C8H8N2O2,51.36,N/A,461.229,Hormone
Glucose,C13H36N5O3,774.67,3.61,5.953,Lipid
Ethanol,C17H20N1O2,854.76,11.07,616.66,Hormone
Ethanol,C10H21N0O4,903.62,10.6,586.155,Alkaloid
Cholesterol,C12H1N1O4,346.68,11.61,424.064,Organic Compound
Ethanol,C13H36N5O4,94.05,7.12,235.18,Organic Compound
Cholesterol,C4H10N5O10,256.0,N/A,313.548,Lipid
Serotonin,C9H8N2O7,236.16,7.02,85.277,Lipid
Adenosine triphosphate,C13H33N3O7,723.3,N/A,6.976,Amide
Ethanol,C13H6N2O5,435.63,N/A,886.855,Alkaloid
Cholesterol,C6H38N0O6,586.23,4.34,615.252,Nucleotide
Serotonin,C20H11N2O8,653.24,8.8,199.215,Organic Compound
Adenosine triphosphate,C5H33N5O2,677.01,10.03,284.877,Nucleotide
Adenosine triphosphate,C3H18N2O9,436.4,N/A,839.423,Carbohydrate
Aspirin,C10H15N1O7,462.16,5.66,641.339,Neurotransmitter
Aspirin,C11H29N2O4,480.96,12.51,417.229,Alcohol
Caffeine,C6H36N2O5,348.28,5.33,29.735,Organic Compound
Ethanol,C11H22N1O7,53.09,N/A,788.093,Carbohydrate
Ethanol,C16H9N4O0,209.71,13.95,542.822,Alkaloid
Urea,C11H9N5O3,595.54,N/A,67.56,Amide
Ethanol,C15H29N0O0,83.44,N/A,601.238,Organic Compound
Cholesterol,C15H22N4O2,624.41,13.14,982.262,Carbohydrate
Aspirin,C3H16N1O8,553.49,5.42,613.843,Organic Compound
Urea,C16H29N1O3,901.66,N/A,199.408,Amide
Aspirin,C1H17N1O0,419.62,N/A,322.163,Carbohydrate
Adenosine triphosphate,C11H11N1O5,522.28,N/A,279.867,Lipid
Dopamine,C13H22N1O9,274.26,N/A,953.312,Nucleotide
Aspirin,C2H2N5O4,149.39,N/A,980.043,Amide
Ethanol,C12H35N1O7,609.12,13.08,401.259,Carbohydrate
Cholesterol,C4H19N2O8,399.14,12.54,567.486,Lipid
Ethanol,C11H12N0O9,807.26,6.12,672.837,Alkaloid
Aspirin,C11H27N2O5,653.38,N/A,491.431,Organic Compound
Adrenaline,C2H6N0O1,919.08,8.12,710.322,Organic Compound
Serotonin,C6H1N4O3,751.18,6.09,150.84,Carbohydrate
Serotonin,C14H29N3O6,480.9,7.31,371.225,Amide
Glucose,C3H40N5O2,831.12,10.87,428.815,Alkaloid
Ethanol,C9H11N3O6,346.0,N/A,406.56,Nucleotide
Serotonin,C20H30N1O3,395.81,11.66,618.908,Carbohydrate
Adrenaline,C14H31N2O5,502.22,10.74,972.366,Alkaloid
Ethanol,C13H38N1O1,204.84,8.53,283.279,Hormone
Dopamine,C11H26N1O0,138.61,11.27,14.542,Nucleotide
Urea,C20H5N5O2,113.95,7.51,485.835,Alkaloid
Ethanol,C5H11N3O2,769.57,7.34,600.971,Alcohol
Dopamine,C10H11N4O2,824.34,10.73,246.131,Alcohol
Adrenaline,C19H1N1O1,276.53,6.97,29.133,Hormone
Ethanol,C16H28N5O3,782.71,6.31,703.436,Hormone
Glucose,C6H25N4O1,383.65,7.18,277.851,Nucleotide
Dopamine,C19H18N4O10,783.28,N/A,921.739,Organic Compound
Adenosine triphosphate,C14H26N3O2,559.8,8.76,733.784,Alcohol
Glucose,C7H21N4O8,438.78,N/A,266.169,Hormone
Caffeine,C7H18N4O7,543.98,4.36,295.443,Hormone
Aspirin,C13H8N4O3,127.62,9.31,508.576,Carbohydrate
Glucose,C20H32N3O6,902.74,4.76,577.015,Alcohol
Aspirin,C8H9N2O2,75.94,9.99,470.869,Alcohol
Aspirin,C3H2N4O7,98.55,11.91,769.904,Nucleotide
Adenosine triphosphate,C2H32N5O0,897.88,2.08,652.975,Carbohydrate
Adrenaline,C5H29N1O3,930.07,N/A,454.94,Amide
Urea,C17H2N3O4,470.39,8.82,116.446,Hormone
Glucose,C6H7N4O3,965.27,8.45,537.258,Carbohydrate
Serotonin,C13H25N2O3,334.68,4.99,690.504,Carbohydrate
Cholesterol,C19H34N5O8,275.25,6.68,455.437,Alkaloid
Ethanol,C18H7N1O2,224.02,8.25,720.949,Amide
Adenosine triphosphate,C18H8N1O4,381.95,N/A,893.051,Alcohol
Aspirin,C20H16N0O10,721.77,1.45,187.719,Neurotransmitter
Adrenaline,C7H18N0O7,908.89,6.91,925.174,Nucleotide
Caffeine,C2H40N1O0,474.99,6.75,468.103,Lipid
Cholesterol,C9H39N3O9,518.59,8.32,43.161,Alkaloid
Urea,C1H40N2O5,961.04,N/A,833.499,Organic Compound
Urea,C8H39N3O3,898.09,4.59,933.015,Neurotransmitter
Aspirin,C18H9N5O8,583.0,13.77,660.61,Neurotransmitter
Dopamine,C4H15N3O10,657.69,N/A,340.979,Organic Compound
Aspirin,C6H35N1O8,780.88,3.33,142.519,Organic Compound
Dopamine,C8H17N1O0,235.82,8.85,262.456,Carbohydrate
Aspirin,C18H9N3O8,484.69,1.38,223.098,Carbohydrate
Serotonin,C10H36N4O10,153.55,4.26,705.333,Alkaloid
Caffeine,C6H1N5O7,550.35,N/A,616.093,Carbohydrate
Adenosine triphosphate,C19H9N4O0,653.67,8.97,870.597,Alkaloid
Caffeine,C8H29N3O8,454.6,11.41,760.519,Organic Compound
Urea,C20H11N1O8,633.94,2.47,679.283,Organic Compound
Serotonin,C7H12N2O6,563.21,2.94,459.136,Nucleotide
Adenosine triphosphate,C19H40N5O9,758.93,11.77,647.408,Organic Compound
Urea,C8H24N5O7,721.17,1.02,835.169,Organic Compound
Cholesterol,C7H14N2O8,867.46,5.59,401.352,Hormone
Adrenaline,C10H33N3O0,819.2,5.67,752.793,Lipid
Aspirin,C12H33N1O3,262.62,3.12,659.667,Carbohydrate
Dopamine,C2H33N5O5,541.97,N/A,297.468,Organic Compound
Caffeine,C6H3N3O0,314.56,N/A,93.657,Hormone
Glucose,C3H25N4O4,672.3,N/A,790.184,Alkaloid
Serotonin,C8H40N4O3,984.07,4.87,804.747,Neurotransmitter
Ethanol,C10H18N3O9,668.89,12.17,300.585,Carbohydrate
Serotonin,C14H8N4O7,709.21,2.28,795.98,Neurotransmitter
Urea,C16H28N5O4,225.53,5.12,325.282,Amide
Caffeine,C11H26N4O10,823.7,5.71,845.993,Lipid
Adenosine triphosphate,C15H20N1O7,505.94,11.31,851.963,Neurotransmitter
Adenosine triphosphate,C12H13N3O5,629.17,5.48,588.793,Alcohol
Adenosine triphosphate,C15H11N1O3,130.92,2.17,585.44,Hormone
Dopamine,C14H29N1O6,867.92,7.78,698.935,Alkaloid
Cholesterol,C9H1N5O6,588.97,10.16,28.121,Carbohydrate
Adenosine triphosphate,C10H23N4O5,492.65,12.34,528.244,Amide
Adrenaline,C17H13N0O2,842.9,13.49,780.522,Alcohol
Cholesterol,C8H21N2O5,354.96,7.68,791.19,Carbohydrate
Cholesterol,C12H1N2O0,533.79,1.14,383.406,Neurotransmitter
Cholesterol,C14H13N4O2,565.18,2.54,717.73,Carbohydrate
Caffeine,C20H23N5O9,656.8,12.49,947.253,Nucleotide
Adenosine triphosphate,C5H36N2O0,812.77,9.83,763.702,Neurotransmitter
Adenosine triphosphate,C13H7N5O6,268.31,5.05,282.53,Amide
Serotonin,C9H17N1O5,543.21,3.55,573.344,Hormone
Cholesterol,C10H23N3O8,290.33,8.13,1.984,Alkaloid
Urea,C18H33N2O3,888.57,11.1,159.118,Carbohydrate
Serotonin,C19H36N4O5,126.18,8.22,932.325,Alcohol
Cholesterol,C15H32N1O3,997.6,8.05,454.631,Nucleotide
Cholesterol,C6H25N5O3,532.38,7.38,881.326,Carbohydrate
Dopamine,C13H5N2O10,566.38,7.33,966.706,Alcohol
Caffeine,C16H4N3O7,139.57,7.74,865.98,Lipid
Urea,C8H27N2O0,246.43,4.28,430.407,Alkaloid
Glucose,C14H3N3O3,266.09,1.44,368.146,Alcohol
Cholesterol,C12H4N4O3,948.75,N/A,631.847,Organic Compound
Urea,C3H26N2O10,444.76,2.99,6.596,Amide
Dopamine,C8H32N3O1,405.16,12.55,198.836,Nucleotide
Serotonin,C1H32N3O8,902.32,5.84,660.858,Lipid
Urea,C9H38N3O1,586.68,13.4,492.322,Alcohol
Adenosine triphosphate,C15H16N1O1,909.89,N/A,361.621,Alkaloid
Cholesterol,C14H3N1O9,638.4,4.5,887.193,Alkaloid
Serotonin,C7H29N5O8,436.78,11.68,603.708,Carbohydrate
Adenosine triphosphate,C18H12N5O6,787.93,12.84,102.055,Hormone
Glucose,C18H7N0O3,765.45,N/A,565.603,Lipid
Aspirin,C3H18N1O1,260.11,8.08,45.273,Neurotransmitter
Aspirin,C4H16N4O2,508.48,2.51,331.171,Amide
Dopamine,C4H26N4O6,440.76,N/A,353.499,Organic Compound
Aspirin,C12H28N0O8,399.31,1.32,680.728,Alcohol
Dopamine,C6H33N0O7,176.44,N/A,136.412,Lipid
Glucose,C17H32N5O10,381.92,N/A,938.824,Organic Compound
Dopamine,C12H25N1O5,427.19,N/A,913.676,Amide
Glucose,C10H38N2O4,82.59,8.43,140.043,Neurotransmitter
Aspirin,C20H29N0O3,333.05,9.72,238.33,Alkaloid
Caffeine,C18H2N3O4,844.95,10.77,181.997,Hormone
Caffeine,C3H32N2O9,378.09,N/A,331.332,Organic Compound
Glucose,C13H39N2O5,892.6,1.17,842.996,Carbohydrate
Caffeine,C10H23N1O4,133.91,2.45,607.086,Hormone
Adenosine triphosphate,C13H2N3O5,470.7,5.43,506.713,Organic Compound
Serotonin,C6H3N1O8,453.45,12.87,558.461,Nucleotide
Glucose,C20H4N4O2,616.38,N/A,117.223,Carbohydrate
Glucose,C5H4N5O3,61.27,13.09,295.024,Amide
Dopamine,C19H13N0O9,972.7,1.74,577.883,Amide
Adrenaline,C13H33N3O5,647.52,12.39,458.993,Alcohol
Adenosine triphosphate,C17H8N3O9,889.42,10.74,890.9,Nucleotide
Aspirin,C8H1N0O7,335.3,1.04,666.779,Organic Compound
Glucose,C16H29N3O9,624.79,N/A,409.649,Carbohydrate
Aspirin,C20H22N3O2,677.64,12.09,221.978,Hormone
Adenosine triphosphate,C20H25N2O1,419.88,N/A,888.794,Amide
Urea,C6H35N1O0,986.63,8.26,398.108,Organic Compound
Urea,C16H35N5O2,472.42,2.26,228.975,Nucleotide
Urea,C17H34N0O10,365.95,13.55,691.701,Amide
Cholesterol,C4H26N1O3,621.16,N/A,176.712,Neurotransmitter
Adenosine triphosphate,C19H24N5O3,574.23,8.05,389.387,Amide
Adenosine triphosphate,C13H8N5O4,552.17,13.75,495.99,Nucleotide
Urea,C7H5N3O3,759.9,6.04,881.989,Amide
Dopamine,C7H21N1O0,384.1,N/A,238.833,Lipid
Ethanol,C4H30N3O0,477.82,12.62,172.558,Hormone
Ethanol,C9H16N1O0,543.7,N/A,403.887,Alkaloid
Adenosine triphosphate,C4H12N2O0,241.42,10.75,182.207,Alkaloid
Serotonin,C8H6N5O7,484.48,11.95,493.229,Alkaloid
Serotonin,C18H23N4O10,72.76,6.09,195.211,Hormone
Adrenaline,C12H21N1O9,271.77,9.61,817.634,Amide
Urea,C12H29N2O9,717.94,12.15,964.322,Amide
Dopamine,C13H4N0O2,711.41,13.99,452.272,Hormone
Adenosine triphosphate,C13H31N5O0,513.95,3.45,355.344,Alcohol
Cholesterol,C15H12N1O10,632.52,7.61,365.264,Hormone
Aspirin,C5H15N1O7,401.75,5.84,845.857,Carbohydrate
Caffeine,C12H24N2O0,63.13,9.22,340.93,Alcohol
Urea,C1H17N1O6,266.4,2.39,61.767,Alkaloid
Caffeine,C19H20N2O0,948.6,N/A,63.167,Neurotransmitter
Aspirin,C6H17N2O6,961.01,12.56,15.145,Hormone
Caffeine,C15H26N4O3,698.97,2.22,140.934,Alkaloid
Aspirin,C16H18N4O2,255.07,10.56,276.489,Amide
Cholesterol,C3H17N2O3,328.32,9.03,562.497,Carbohydrate
Glucose,C5H4N2O5,504.66,1.47,717.71,Amide
Adenosine triphosphate,C10H22N1O1,739.26,10.68,848.892,Amide
Ethanol,C5H3N1O3,683.81,13.48,585.791,Lipid
Dopamine,C13H17N3O7,620.37,2.94,415.559,Carbohydrate
Caffeine,C17H34N3O6,440.26,N/A,911.191,Carbohydrate
Urea,C4H39N2O10,479.92,5.8,636.083,Nucleotide
Ethanol,C15H8N0O3,79.8,11.11,178.383,Neurotransmitter
Adrenaline,C2H8N4O10,966.39,N/A,461.61,Hormone
Dopamine,C12H18N3O10,331.49,7.23,175.758,Alcohol
Aspirin,C1H15N2O4,86.62,12.14,100.438,Carbohydrate
Caffeine,C18H11N2O1,376.65,2.81,167.134,Amide
Cholesterol,C10H18N0O5,895.01,2.07,521.728,Neurotransmitter
Urea,C3H38N4O9,251.3,8.26,974.148,Organic Compound
Dopamine,C14H23N3O2,914.62,10.57,728.063,Alcohol
Cholesterol,C3H19N4O1,690.08,N/A,705.756,Lipid
Adrenaline,C8H10N3O2,630.54,7.64,57.435,Nucleotide
Adenosine triphosphate,C6H6N0O4,444.51,3.51,78.315,Nucleotide
Urea,C12H10N3O9,427.09,12.65,933.714,Lipid
Urea,C15H32N2O5,999.88,N/A,322.092,Hormone
Caffeine,C14H9N5O4,133.83,9.23,651.263,Alcohol
Aspirin,C10H15N2O7,374.37,2.73,662.926,Hormone
Dopamine,C17H7N1O8,286.39,N/A,761.054,Organic Compound
Urea,C16H16N2O6,295.28,13.61,253.762,Neurotransmitter
Urea,C19H8N5O10,52.31,9.22,749.501,Nucleotide
Ethanol,C9H39N5O3,532.24,N/A,569.929,Neurotransmitter
Aspirin,C20H8N2O9,142.29,7.48,941.01,Neurotransmitter
Ethanol,C19H31N3O3,980.37,4.82,611.85,Neurotransmitter
Adrenaline,C10H5N5O7,539.76,2.71,454.129,Nucleotide
Adenosine triphosphate,C5H2N1O7,762.84,8.93,39.134,Alcohol
Ethanol,C16H7N5O5,729.41,7.25,667.045,Alcohol
Adrenaline,C13H13N4O9,238.1,13.41,462.466,Nucleotide
Ethanol,C18H38N1O10,799.17,7.34,542.053,Neurotransmitter
Adenosine triphosphate,C15H34N5O8,467.96,3.38,957.843,Nucleotide
Glucose,C10H12N4O9,479.61,3.0,206.543,Lipid
Ethanol,C20H15N2O4,253.69,N/A,940.106,Neurotransmitter
Adrenaline,C5H5N4O7,570.45,9.95,19.167,Lipid
Dopamine,C12H20N5O8,172.54,3.41,946.366,Amide
Adenosine triphosphate,C8H2N4O3,612.99,11.54,651.038,Alcohol
Ethanol,C11H15N1O1,989.91,12.05,475.163,Organic Compound
Cholesterol,C8H12N0O9,218.54,1.83,682.162,Carbohydrate
Aspirin,C13H16N2O2,709.58,5.99,466.795,Hormone
Aspirin,C20H4N3O2,211.93,11.04,608.684,Carbohydrate
Serotonin,C13H11N0O1,653.33,8.05,312.472,Organic Compound
Serotonin,C11H10N4O0,537.62,2.12,624.118,Alcohol
Cholesterol,C11H39N1O0,287.05,10.89,997.911,Carbohydrate
Urea,C4H30N4O5,273.76,9.03,425.221,Hormone
Dopamine,C6H16N4O9,479.08,1.21,340.86,Lipid
Glucose,C11H16N2O9,129.73,12.1,673.023,Neurotransmitter
Cholesterol,C18H15N1O0,732.04,3.52,385.716,Nucleotide
Cholesterol,C5H1N4O7,196.0,2.03,623.948,Nucleotide
Caffeine,C6H18N4O5,650.82,3.66,888.095,Hormone
Glucose,C8H33N1O9,251.45,7.24,699.449,Nucleotide
Serotonin,C16H5N0O3,756.01,9.19,259.974,Carbohydrate
Cholesterol,C17H3N5O5,467.41,7.49,177.274,Carbohydrate
Aspirin,C13H25N5O6,974.18,5.28,183.171,Nucleotide
Caffeine,C14H35N2O3,489.97,7.05,589.012,Lipid
Adrenaline,C16H16N1O6,76.39,3.02,387.594,Carbohydrate
Urea,C19H21N4O3,498.76,2.24,505.592,Amide
Aspirin,C13H16N3O1,53.82,13.86,357.46,Organic Compound
Ethanol,C18H2N0O3,880.53,4.15,442.388,Carbohydrate
Urea,C5H37N5O8,906.09,8.94,160.721,Organic Compound
Urea,C7H17N4O4,592.37,6.88,511.556,Amide
Dopamine,C7H21N0O5,687.53,13.36,410.899,Alkaloid
Adenosine triphosphate,C20H4N5O2,166.75,N/A,426.639,Neurotransmitter
Dopamine,C18H1N5O5,998.2,13.59,453.83,Nucleotide
Urea,C10H4N3O1,578.61,11.23,654.775,Alkaloid
Adenosine triphosphate,C15H7N4O4,138.87,5.71,481.427,Alcohol
Dopamine,C6H32N3O1,326.82,5.01,745.662,Amide
Ethanol,C8H25N5O6,809.34,7.51,153.049,Carbohydrate
Urea,C1H8N0O2,275.35,3.86,219.037,Alcohol
Aspirin,C10H23N1O10,175.09,N/A,468.957,Neurotransmitter
Serotonin,C7H27N3O3,185.09,N/A,969.219,Hormone
Aspirin,C14H11N3O0,329.49,1.98,225.692,Neurotransmitter
Serotonin,C7H25N0O7,634.85,9.54,162.125,Amide
Caffeine,C19H17N5O10,238.08,10.14,977.81,Nucleotide
Adrenaline,C2H31N4O7,470.48,1.52,931.742,Alcohol
Ethanol,C6H8N0O6,562.29,N/A,960.319,Hormone
Adenosine triphosphate,C3H34N0O5,324.91,9.57,948.337,Alkaloid
Aspirin,C11H6N4O0,980.83,5.54,67.253,Neurotransmitter
Urea,C2H2N0O7,449.94,N/A,183.268,Hormone
Adenosine triphosphate,C14H5N2O0,262.19,9.69,736.517,Amide
Caffeine,C7H25N4O8,780.63,4.0,240.933,Hormone
Caffeine,C16H39N0O4,704.71,3.77,556.626,Alcohol
Ethanol,C14H32N5O1,499.9,12.63,509.578,Neurotransmitter
Cholesterol,C18H3N0O5,236.1,10.19,911.862,Alkaloid
Caffeine,C20H16N5O0,646.02,1.76,763.292,Amide
Adrenaline,C2H7N3O9,687.5,8.3,172.401,Hormone
Caffeine,C19H6N0O7,602.41,5.83,445.014,Amide
Adrenaline,C9H22N1O9,144.79,N/A,317.13,Carbohydrate
Caffeine,C20H6N4O0,969.72,N/A,446.534,Alcohol
Aspirin,C15H23N2O0,585.2,2.25,4.49,Nucleotide
Aspirin,C10H7N5O7,328.79,10.61,327.133,Hormone
Adenosine triphosphate,C6H24N1O4,120.43,N/A,755.179,Alcohol
Adrenaline,C14H31N2O7,285.43,11.7,910.3,Lipid
Adrenaline,C19H16N0O5,601.69,1.53,691.449,Neurotransmitter
Cholesterol,C8H22N0O6,252.18,9.73,780.382,Alkaloid
Adenosine triphosphate,C6H17N4O4,514.64,13.3,825.766,Organic Compound
Adenosine triphosphate,C8H28N5O5,509.32,2.21,296.523,Nucleotide
Aspirin,C18H11N4O1,712.21,8.44,153.648,Organic Compound
Serotonin,C10H25N4O4,293.99,N/A,518.782,Neurotransmitter
Dopamine,C14H4N1O1,257.25,1.93,474.277,Organic Compound
Caffeine,C15H9N2O3,517.96,10.61,412.631,Hormone
Cholesterol,C14H4N0O10,446.76,N/A,289.22,Lipid
Adenosine triphosphate,C7H23N1O0,947.86,12.25,275.208,Amide
Ethanol,C1H37N1O5,666.83,1.07,151.149,Carbohydrate
Adrenaline,C14H35N5O6,992.25,12.71,624.906,Amide
Aspirin,C17H30N1O0,968.09,N/A,995.283,Nucleotide
Cholesterol,C16H26N4O9,489.8,13.34,930.108,Alkaloid
Adenosine triphosphate,C13H17N5O0,166.65,4.57,320.306,Alkaloid
Urea,C14H4N4O6,695.01,N/A,905.632,Organic Compound
Serotonin,C4H2N2O9,502.88,13.91,682.68,Lipid
Ethanol,C18H3N3O10,571.67,8.41,756.113,Nucleotide
Caffeine,C7H27N2O7,85.82,11.61,883.671,Alcohol
Caffeine,C15H40N2O6,917.15,9.76,341.563,Amide
Caffeine,C18H36N3O10,776.57,11.87,731.378,Hormone
Glucose,C8H32N5O0,665.45,4.06,40.648,Lipid
Adenosine triphosphate,C16H3N2O10,896.84,1.64,301.033,Lipid
Dopamine,C16H39N2O0,724.14,N/A,334.737,Nucleotide
Serotonin,C20H15N2O5,520.87,9.11,198.147,Nucleotide
Cholesterol,C13H1N5O0,514.18,3.92,119.482,Hormone
Glucose,C7H13N5O9,958.86,N/A,334.298,Nucleotide
Serotonin,C1H29N1O6,261.12,N/A,671.348,Alcohol
Urea,C1H10N5O0,525.66,9.08,389.056,Nucleotide
Ethanol,C17H36N1O3,936.54,8.55,0.931,Organic Compound
Serotonin,C10H25N4O5,880.88,5.53,978.121,Organic Compound
Aspirin,C17H16N2O7,683.71,N/A,993.842,Alkaloid
Aspirin,C17H36N0O1,285.99,3.16,673.014,Neurotransmitter
Adenosine triphosphate,C10H36N2O5,752.25,11.76,101.623,Alkaloid
Ethanol,C2H7N3O9,154.5,10.96,530.167,Alcohol
Serotonin,C9H12N4O5,494.88,10.0,418.986,Carbohydrate
Ethanol,C15H12N2O3,526.31,N/A,106.674,Nucleotide
Serotonin,C9H24N4O8,808.66,4.13,475.014,Alcohol
Cholesterol,C6H5N5O0,151.93,N/A,176.628,Nucleotide
Cholesterol,C12H15N5O6,103.75,6.32,410.377,Nucleotide
Cholesterol,C5H1N3O6,858.24,4.64,457.731,Organic Compound
Glucose,C7H29N1O6,229.91,12.71,43.432,Neurotransmitter
Aspirin,C16H29N5O1,494.46,10.08,430.747,Nucleotide
Adrenaline,C1H38N2O10,701.42,13.11,490.107,Hormone
Caffeine,C3H7N1O9,887.96,8.68,296.302,Alkaloid
Adrenaline,C5H12N5O5,665.92,10.5,66.076,Amide
Adenosine triphosphate,C19H3N4O5,673.07,13.77,364.413,Carbohydrate
Adenosine triphosphate,C12H15N5O8,476.21,9.41,523.021,Alkaloid
Ethanol,C15H4N4O5,316.49,N/A,530.592,Alcohol
Dopamine,C12H15N0O5,226.15,3.87,821.083,Alcohol
Aspirin,C4H10N2O9,791.71,7.79,162.314,Amide
Urea,C12H18N1O7,335.42,9.66,347.431,Carbohydrate
Serotonin,C7H6N1O2,431.5,4.91,785.107,Hormone
Cholesterol,C7H28N0O3,849.62,N/A,341.459,Nucleotide
Adenosine triphosphate,C16H36N2O1,948.73,N/A,256.956,Organic Compound
Caffeine,C2H36N0O1,197.72,N/A,902.893,Alkaloid
Caffeine,C11H27N4O7,730.41,12.28,435.947,Lipid
Urea,C9H4N3O4,722.81,11.67,320.805,Amide
Dopamine,C3H34N2O2,80.55,11.55,556.767,Nucleotide
Adenosine triphosphate,C13H21N5O8,170.91,N/A,815.805,Carbohydrate
Aspirin,C8H11N0O1,779.44,N/A,285.241,Organic Compound
Serotonin,C4H14N3O3,612.85,10.28,927.166,Neurotransmitter
Cholesterol,C10H15N1O9,766.14,3.49,269.535,Alcohol
Glucose,C7H7N3O7,593.89,3.52,659.425,Hormone
Urea,C6H14N0O0,138.4,N/A,703.791,Nucleotide
Glucose,C10H35N3O9,752.93,10.05,103.426,Organic Compound
Serotonin,C18H26N5O0,589.87,13.47,129.473,Carbohydrate
Aspirin,C20H34N5O2,910.48,9.53,509.154,Alkaloid
Adrenaline,C20H15N5O10,804.71,7.39,66.97,Carbohydrate
Urea,C17H39N4O10,95.22,13.96,888.641,Alkaloid
Cholesterol,C1H34N1O3,431.56,3.21,235.236,Carbohydrate
Adrenaline,C10H20N0O10,867.44,1.66,216.315,Alkaloid
Dopamine,C16H10N1O6,543.06,N/A,83.495,Organic Compound
Caffeine,C20H12N1O7,276.38,N/A,269.461,Lipid
Adenosine triphosphate,C10H2N1O1,234.1,N/A,107.496,Alcohol
Caffeine,C16H28N0O2,987.54,10.96,853.986,Carbohydrate
Urea,C18H37N1O9,957.31,10.39,331.031,Alkaloid
Glucose,C19H23N5O3,343.07,13.12,722.247,Nucleotide
Adenosine triphosphate,C17H17N1O2,217.9,10.24,458.009,Nucleotide
Dopamine,C13H22N0O9,982.94,11.45,978.91,Lipid
Ethanol,C3H25N0O0,326.25,1.39,672.668,Alkaloid
Glucose,C20H15N5O0,583.92,12.55,986.853,Alkaloid
Dopamine,C4H16N2O6,401.67,4.08,725.308,Amide
Cholesterol,C3H33N3O5,502.44,7.61,560.562,Organic Compound
Adenosine triphosphate,C3H7N0O3,93.02,5.13,37.209,Organic Compound
Glucose,C3H37N5O9,781.71,6.58,238.318,Nucleotide
Cholesterol,C20H7N3O6,248.88,6.84,584.017,Lipid
Glucose,C1H31N3O1,858.89,12.23,844.436,Alkaloid
Aspirin,C18H19N2O6,645.82,6.12,772.412,Organic Compound
Ethanol,C7H18N3O2,93.1,8.28,610.622,Carbohydrate
Adrenaline,C2H24N5O3,329.43,11.62,967.81,Amide
Urea,C7H17N2O9,490.13,3.54,108.662,Amide
Adrenaline,C15H12N4O6,155.98,1.14,635.075,Alcohol
Urea,C14H6N0O7,815.31,5.99,533.523,Carbohydrate
Urea,C20H5N2O8,675.57,9.47,646.292,Lipid
Ethanol,C5H26N5O2,973.13,3.26,563.084,Lipid
Adrenaline,C1H37N4O0,168.38,9.86,315.379,Carbohydrate
Cholesterol,C7H19N0O1,803.1,13.6,776.351,Lipid
Caffeine,C7H3N3O6,83.12,13.44,313.866,Nucleotide
Serotonin,C12H14N5O7,546.32,N/A,45.972,Lipid
Aspirin,C1H30N1O6,405.54,1.76,450.61,Hormone
Dopamine,C1H27N3O3,237.37,4.65,147.87,Organic Compound
Dopamine,C15H11N0O5,201.69,10.19,260.426,Neurotransmitter
Serotonin,C19H9N3O3,552.3,13.21,150.062,Nucleotide
Ethanol,C9H12N3O3,539.81,N/A,922.33,Amide
Caffeine,C14H4N2O6,954.37,2.08,174.656,Alkaloid
Ethanol,C1H1N3O9,882.55,10.48,392.909,Neurotransmitter
Caffeine,C15H28N1O3,847.37,2.4,729.365,Carbohydrate
Aspirin,C1H25N5O0,638.48,N/A,588.947,Alkaloid
Dopamine,C6H6N3O9,579.84,3.46,411.603,Hormone
Dopamine,C8H38N5O9,583.01,10.92,91.67,Hormone
Cholesterol,C11H12N4O2,327.45,N/A,52.781,Carbohydrate
Aspirin,C18H35N4O6,920.03,N/A,786.589,Hormone
Serotonin,C8H27N1O3,814.35,8.75,99.055,Amide
Ethanol,C8H21N4O4,331.41,11.02,514.083,Alcohol
Adrenaline,C9H36N4O0,246.17,N/A,432.931,Nucleotide
Caffeine,C15H14N2O7,567.96,N/A,209.424,Carbohydrate
Glucose,C10H34N5O4,305.41,11.47,544.963,Organic Compound
Glucose,C2H17N4O6,86.19,9.59,470.55,Carbohydrate
Aspirin,C2H7N1O7,357.49,N/A,503.626,Alcohol
Adenosine triphosphate,C4H40N3O1,652.1,N/A,569.823,Neurotransmitter
Caffeine,C3H18N5O10,763.15,6.13,284.954,Nucleotide
Cholesterol,C8H22N2O3,463.24,8.93,947.159,Neurotransmitter
Urea,C4H26N2O3,816.55,11.09,147.953,Alcohol
Serotonin,C17H30N5O1,173.58,7.93,443.723,Alcohol
Glucose,C20H13N0O3,733.82,9.38,92.017,Alcohol
Urea,C2H12N5O7,834.34,1.11,182.894,Nucleotide
Serotonin,C5H21N3O3,605.59,12.22,892.017,Nucleotide
Aspirin,C19H13N1O10,163.02,N/A,616.22,Lipid
Serotonin,C8H7N3O0,400.0,11.5,717.994,Alkaloid
Urea,C14H13N5O6,950.32,5.98,533.601,Nucleotide
Dopamine,C5H34N4O5,538.48,N/A,199.496,Amide
Urea,C5H39N0O1,584.53,6.57,727.602,Organic Compound
Dopamine,C20H38N1O0,152.23,4.19,565.632,Organic Compound
Dopamine,C17H35N2O8,368.67,10.76,459.631,Neurotransmitter
Aspirin,C18H6N0O9,776.57,2.79,10.255,Neurotransmitter
Aspirin,C6H39N3O7,131.99,10.26,234.414,Carbohydrate
Dopamine,C17H22N1O6,457.13,N/A,2.554,Alcohol
Adenosine triphosphate,C9H39N1O3,417.5,9.59,627.37,Amide
Aspirin,C10H1N1O5,403.99,2.68,221.554,Lipid
Adenosine triphosphate,C14H24N2O1,708.06,11.01,989.127,Hormone
Cholesterol,C13H17N4O0,621.35,5.02,214.387,Lipid
Aspirin,C19H22N1O2,886.29,11.63,362.506,Neurotransmitter
Caffeine,C4H38N1O5,240.56,3.84,482.619,Nucleotide
Caffeine,C15H40N4O5,983.3,3.06,410.27,Hormone
Glucose,C10H23N1O3,302.44,8.55,213.567,Alcohol
Serotonin,C13H18N4O0,604.24,9.24,228.378,Organic Compound
Glucose,C20H1N4O10,492.76,5.9,220.058,Hormone
Cholesterol,C11H25N3O2,283.92,8.93,404.776,Amide
Aspirin,C7H37N4O10,521.0,1.49,551.941,Lipid
Ethanol,C9H20N4O7,368.5,11.59,194.744,Hormone
Adrenaline,C1H5N0O4,215.28,3.92,912.664,Alcohol
Urea,C2H13N1O10,326.56,N/A,809.809,Alcohol
Glucose,C3H17N5O8,531.22,10.55,77.496,Alkaloid
Cholesterol,C6H14N3O4,693.74,9.96,340.988,Alcohol
Caffeine,C9H6N5O2,123.05,N/A,587.72,Neurotransmitter
Glucose,C6H22N1O0,233.45,1.14,730.172,Amide
Urea,C7H5N3O6,685.89,1.98,535.304,Carbohydrate
Glucose,C4H18N1O5,359.52,7.31,997.694,Lipid
Caffeine,C1H29N0O5,856.33,N/A,499.835,Alcohol
Aspirin,C1H12N1O10,511.58,3.17,863.693,Hormone
Aspirin,C17H1N5O8,700.86,8.24,148.473,Lipid
Ethanol,C6H28N2O0,720.63,4.07,717.33,Nucleotide
Adenosine triphosphate,C12H29N5O8,878.93,13.81,199.513,Neurotransmitter
Dopamine,C14H14N5O6,277.44,3.46,278.196,Alkaloid
Caffeine,C7H10N2O8,981.14,N/A,966.18,Hormone
Cholesterol,C20H10N0O6,576.83,2.18,235.833,Carbohydrate
Cholesterol,C1H12N4O7,855.32,12.57,505.854,Nucleotide
Caffeine,C1H37N2O1,118.16,11.69,310.389,Nucleotide
Urea,C14H38N4O6,955.82,2.17,294.186,Alcohol
Serotonin,C8H37N1O6,109.39,10.92,345.908,Lipid
Aspirin,C6H18N3O9,854.37,10.22,556.068,Carbohydrate
Ethanol,C17H32N5O7,497.57,4.05,608.11,Hormone
Urea,C19H37N2O2,822.51,5.54,26.482,Alkaloid
Cholesterol,C1H20N3O10,462.69,10.49,156.829,Nucleotide
Dopamine,C3H24N1O3,958.67,6.28,884.325,Organic Compound
Dopamine,C15H39N0O1,142.05,2.21,172.466,Alkaloid
Aspirin,C1H30N2O5,70.71,N/A,533.906,Alcohol
Aspirin,C6H17N3O3,894.26,1.65,202.668,Hormone
Ethanol,C18H33N3O6,300.37,1.96,661.554,Alkaloid
Serotonin,C10H22N1O7,956.84,8.84,429.528,Alcohol
Ethanol,C2H15N2O6,958.93,8.71,283.107,Organic Compound
Glucose,C7H30N1O9,674.98,8.13,530.277,Neurotransmitter
Urea,C6H35N4O9,853.26,13.89,90.605,Neurotransmitter
Cholesterol,C8H31N2O7,672.74,N/A,981.661,Alcohol
Cholesterol,C19H31N4O10,173.1,6.8,500.392,Lipid
Adenosine triphosphate,C7H37N2O9,928.0,2.78,682.5,Carbohydrate
Dopamine,C11H15N1O10,545.01,1.53,368.998,Hormone
Cholesterol,C19H18N5O4,718.37,N/A,663.819,Carbohydrate
Ethanol,C1H8N4O0,728.05,11.01,583.159,Alkaloid
Adenosine triphosphate,C12H12N1O10,681.04,12.62,335.063,Organic Compound
Adenosine triphosphate,C16H37N4O5,281.12,1.14,70.697,Lipid
Dopamine,C14H29N1O4,92.17,6.2,287.12,Organic Compound
Urea,C17H34N4O4,234.76,N/A,638.591,Lipid
Ethanol,C11H39N1O1,945.7,13.16,82.848,Neurotransmitter
Serotonin,C15H23N3O5,233.1,8.12,953.324,Neurotransmitter
Dopamine,C19H31N0O3,227.77,5.34,900.99,Alkaloid
Dopamine,C1H18N1O4,140.32,10.71,815.028,Alkaloid
Dopamine,C3H38N3O9,908.26,4.94,54.681,Hormone
Urea,C3H2N0O0,503.23,2.37,17.928,Hormone
Caffeine,C8H37N2O6,719.26,N/A,789.096,Lipid
Caffeine,C15H10N4O5,433.73,13.94,641.275,Nucleotide
Adrenaline,C1H6N3O6,627.29,9.15,34.423,Carbohydrate
Adenosine triphosphate,C16H34N1O10,572.18,5.83,857.844,Alkaloid
Urea,C13H24N3O2,584.39,8.0,342.312,Organic Compound
Serotonin,C20H39N1O8,521.63,12.27,469.979,Organic Compound
Aspirin,C12H37N3O1,408.47,4.26,717.211,Alcohol
Serotonin,C17H13N2O5,908.4,N/A,264.344,Neurotransmitter
Cholesterol,C4H26N4O3,878.44,9.75,949.505,Lipid
Ethanol,C15H11N0O9,605.96,5.7,125.243,Organic Compound
Serotonin,C12H33N0O10,748.2,1.93,988.073,Neurotransmitter
Serotonin,C17H27N4O10,122.18,11.68,695.572,Lipid
Aspirin,C6H21N4O5,146.7,N/A,67.141,Alcohol
Adrenaline,C11H9N2O2,496.15,12.09,992.45,Amide
Glucose,C16H16N0O6,677.54,7.62,587.326,Hormone
Cholesterol,C14H22N4O2,929.43,9.18,105.162,Hormone
Adenosine triphosphate,C2H10N0O1,810.71,1.26,124.497,Organic Compound
Serotonin,C15H24N0O0,505.85,10.66,362.623,Neurotransmitter
Cholesterol,C9H16N0O2,402.1,6.6,418.997,Amide
Adrenaline,C5H10N5O4,862.25,12.29,506.035,Neurotransmitter
Adenosine triphosphate,C20H30N3O7,433.0,N/A,377.43,Alkaloid
Adenosine triphosphate,C7H9N3O9,441.22,10.58,660.02,Carbohydrate
Ethanol,C8H8N3O4,780.22,1.77,671.116,Nucleotide
Cholesterol,C9H40N2O5,279.49,2.18,325.124,Organic Compound
Glucose,C12H20N4O7,410.9,N/A,669.578,Lipid
Ethanol,C19H27N3O9,603.14,9.43,586.546,Amide
Serotonin,C16H8N3O7,305.32,13.99,201.087,Alkaloid
Urea,C6H21N1O1,559.66,1.95,543.276,Carbohydrate
Urea,C4H23N2O3,167.25,N/A,158.238,Carbohydrate
Aspirin,C19H26N2O4,338.84,6.09,968.444,Neurotransmitter
Glucose,C19H32N1O9,479.38,N/A,27.321,Nucleotide
Serotonin,C18H3N5O2,417.57,N/A,978.335,Lipid
Aspirin,C4H15N5O0,609.96,2.75,114.899,Carbohydrate
Ethanol,C16H2N1O3,724.68,N/A,159.695,Lipid
Dopamine,C10H30N1O7,960.83,N/A,836.392,Amide
Adrenaline,C19H13N5O2,197.3,N/A,681.089,Carbohydrate
Adenosine triphosphate,C9H16N1O10,686.31,10.19,425.513,Alcohol
Cholesterol,C13H23N1O3,806.61,8.63,195.966,Amide
Urea,C17H23N0O5,743.65,N/A,22.344,Lipid
Cholesterol,C5H31N1O2,406.41,8.24,391.321,Carbohydrate
Adenosine triphosphate,C3H18N1O8,837.02,N/A,923.479,Nucleotide
Urea,C13H17N0O1,56.61,3.24,515.129,Lipid
Cholesterol,C18H13N5O1,107.37,7.03,430.589,Alkaloid
Cholesterol,C12H37N2O2,995.41,6.58,585.841,Alcohol
Ethanol,C4H30N3O7,158.97,10.46,642.237,Carbohydrate
Cholesterol,C20H33N0O9,658.03,11.22,625.66,Lipid
Urea,C1H38N2O2,625.69,3.0,580.957,Lipid
Adenosine triphosphate,C2H1N4O2,326.35,13.49,891.664,Hormone
Serotonin,C20H22N4O4,682.85,6.16,263.97,Neurotransmitter
Ethanol,C10H8N2O6,367.72,7.9,797.375,Alcohol
Aspirin,C9H13N5O9,547.5,11.45,924.126,Neurotransmitter
Adenosine triphosphate,C18H36N2O6,412.34,2.43,396.022,Neurotransmitter
Ethanol,C16H33N2O3,503.29,11.05,54.774,Alcohol
Ethanol,C19H35N2O7,644.9,1.87,930.42,Lipid
Caffeine,C8H16N0O5,544.39,5.12,562.096,Alcohol
Glucose,C19H39N0O6,777.61,10.04,889.475,Carbohydrate
Ethanol,C13H20N3O7,435.81,8.47,136.155,Nucleotide
Glucose,C5H12N1O5,865.93,11.72,589.135,Carbohydrate
Ethanol,C14H19N0O5,328.64,12.76,923.625,Amide
Ethanol,C7H2N2O6,457.19,N/A,484.193,Lipid
Cholesterol,C18H19N1O2,279.15,2.3,624.953,Alkaloid
Urea,C10H13N5O2,576.34,6.43,548.895,Nucleotide
Cholesterol,C4H17N2O4,680.49,3.8,482.262,Lipid
Dopamine,C11H33N1O0,860.64,5.78,584.844,Nucleotide
Adenosine triphosphate,C11H30N1O10,443.93,10.16,960.625,Nucleotide
Adenosine triphosphate,C6H6N2O10,227.32,4.08,724.833,Amide
Aspirin,C14H33N3O5,390.99,N/A,929.719,Neurotransmitter
Caffeine,C10H3N4O7,500.33,7.28,499.708,Lipid
Adenosine triphosphate,C9H37N0O9,306.33,11.9,732.705,Amide
Caffeine,C3H31N4O1,231.1,N/A,574.803,Nucleotide
Aspirin,C12H28N2O5,822.17,N/A,99.042,Alkaloid
Glucose,C20H11N2O1,383.67,13.29,935.845,Nucleotide
Serotonin,C15H17N1O2,795.19,3.97,399.692,Amide
Glucose,C10H6N1O0,331.06,9.1,396.699,Amide
Dopamine,C8H4N2O9,775.57,N/A,30.657,Amide
Serotonin,C3H23N1O0,317.16,9.12,43.76,Carbohydrate
Urea,C10H5N2O3,96.46,N/A,704.858,Alkaloid
Adenosine triphosphate,C5H21N5O6,717.62,7.53,27.29,Alkaloid
Adrenaline,C16H6N4O0,838.56,10.91,938.178,Lipid
Glucose,C1H3N0O3,544.51,7.55,688.898,Carbohydrate
Cholesterol,C10H15N4O2,267.22,6.01,565.359,Amide
Adrenaline,C5H28N2O3,719.96,3.36,818.458,Organic Compound
Cholesterol,C15H22N3O6,849.84,5.42,570.352,Alcohol
Urea,C11H15N4O7,826.04,7.86,960.602,Lipid
Aspirin,C7H27N3O2,968.23,8.23,815.909,Lipid
Urea,C7H35N4O2,876.9,7.13,563.469,Alkaloid
Ethanol,C9H21N1O3,369.44,1.39,481.067,Alkaloid
Glucose,C16H22N2O0,272.49,3.81,221.32,Lipid
Aspirin,C15H30N1O4,599.08,9.68,48.6,Amide
Ethanol,C5H3N0O3,348.46,3.33,800.848,Amide
Dopamine,C2H9N5O5,852.77,12.79,635.403,Alkaloid
Glucose,C15H6N5O2,517.27,12.27,758.912,Alcohol
Urea,C9H13N3O6,622.37,8.13,881.979,Neurotransmitter
Cholesterol,C6H13N3O3,812.16,1.64,965.637,Hormone
Cholesterol,C12H18N0O6,517.25,12.72,821.264,Neurotransmitter
Serotonin,C2H6N2O5,817.13,10.19,56.515,Nucleotide
Dopamine,C8H24N4O7,682.16,13.18,300.178,Alcohol
Caffeine,C7H9N2O0,959.2,7.77,704.258,Amide
Urea,C17H26N2O2,422.67,13.13,520.544,Neurotransmitter
Dopamine,C2H28N1O2,745.41,10.21,762.269,Amide
Caffeine,C20H18N3O5,544.76,5.55,471.504,Carbohydrate
Serotonin,C6H31N4O2,355.0,12.14,159.474,Neurotransmitter
Adrenaline,C4H35N5O5,638.62,8.38,502.405,Amide
Adenosine triphosphate,C3H10N3O9,846.41,12.94,406.343,Neurotransmitter
Serotonin,C18H36N3O5,854.77,7.72,634.441,Neurotransmitter
Cholesterol,C19H39N5O7,463.9,5.56,903.376,Lipid
Cholesterol,C12H27N5O8,108.83,8.0,49.327,Alcohol
Dopamine,C17H36N1O8,452.13,10.67,183.106,Neurotransmitter
Adenosine triphosphate,C9H33N0O0,354.08,11.42,86.806,Alcohol
Caffeine,C16H4N5O5,107.8,9.24,825.23,Organic Compound
Caffeine,C11H36N0O4,959.95,N/A,193.132,Alcohol
Cholesterol,C15H29N2O0,662.17,7.5,230.777,Carbohydrate
Cholesterol,C20H15N0O2,189.11,1.75,394.207,Lipid
Urea,C14H6N3O9,94.72,N/A,433.871,Nucleotide
Urea,C18H3N0O7,292.75,7.61,164.96,Nucleotide
Adenosine triphosphate,C2H15N3O0,984.24,5.06,93.236,Carbohydrate
Adrenaline,C18H16N1O0,196.18,N/A,720.003,Nucleotide
Ethanol,C17H24N4O6,283.01,10.43,104.973,Nucleotide
Ethanol,C19H40N5O10,575.45,7.69,973.658,Amide
Dopamine,C6H18N4O1,972.23,4.27,492.623,Neurotransmitter
Cholesterol,C13H3N3O0,409.77,5.2,72.238,Nucleotide
Cholesterol,C12H39N4O10,347.39,N/A,752.415,Hormone
Cholesterol,C3H10N3O2,954.37,1.67,935.071,Alcohol
Glucose,C1H36N3O8,256.05,N/A,585.167,Organic Compound
Cholesterol,C16H3N4O2,147.55,N/A,221.389,Carbohydrate
Serotonin,C12H1N2O0,782.78,10.3,871.695,Hormone
Glucose,C18H17N3O5,487.12,1.5,901.758,Carbohydrate
Caffeine,C18H3N0O4,713.79,10.62,670.198,Alcohol
Adrenaline,C14H16N5O9,404.74,8.08,747.607,Nucleotide
Urea,C8H8N2O9,392.86,3.9,329.803,Carbohydrate
Caffeine,C7H27N5O4,876.66,N/A,712.025,Lipid
Serotonin,C12H5N0O2,706.16,11.97,865.496,Organic Compound
Urea,C12H1N4O10,675.38,2.06,292.71,Nucleotide
Urea,C11H19N2O2,240.9,4.2,338.38,Lipid
Ethanol,C11H22N4O2,889.51,10.97,773.001,Nucleotide
Ethanol,C17H6N4O6,267.75,13.25,51.482,Hormone
Dopamine,C13H38N3O10,934.85,2.75,207.487,Alkaloid
Dopamine,C3H16N0O0,416.32,1.63,516.667,Hormone
Caffeine,C3H30N2O10,154.12,6.59,400.934,Alcohol
Dopamine,C14H35N1O5,725.84,9.06,210.698,Amide
Dopamine,C3H11N1O10,850.25,2.51,572.463,Amide
Aspirin,C1H8N1O9,698.03,8.6,179.512,Nucleotide
Adenosine triphosphate,C2H23N4O1,965.17,8.12,131.786,Alcohol
Glucose,C11H33N5O2,205.3,11.68,956.523,Alcohol
Ethanol,C2H16N1O7,641.28,13.83,704.776,Neurotransmitter
Adrenaline,C2H4N0O3,366.17,1.72,196.588,Nucleotide
Aspirin,C9H15N5O4,683.83,N/A,831.382,Organic Compound
Dopamine,C9H27N1O0,499.04,11.2,865.603,Alkaloid
Glucose,C16H8N2O10,546.27,6.33,114.452,Lipid
Glucose,C5H39N2O3,246.94,N/A,730.765,Alkaloid
Serotonin,C5H14N1O6,478.93,4.03,265.987,Carbohydrate
Serotonin,C9H19N4O8,583.13,1.27,222.803,Neurotransmitter
Aspirin,C1H22N2O3,135.21,2.36,894.647,Hormone
Dopamine,C5H2N2O8,603.08,9.22,275.624,Carbohydrate
Cholesterol,C17H36N5O7,97.72,N/A,835.562,Carbohydrate
Adenosine triphosphate,C19H9N1O10,137.04,5.61,635.885,Organic Compound
Caffeine,C20H28N2O9,317.25,8.15,301.054,Nucleotide
Adenosine triphosphate,C15H10N2O2,195.48,2.4,162.983,Amide
Ethanol,C12H25N2O6,335.65,N/A,690.432,Hormone
Adenosine triphosphate,C15H38N5O6,625.73,11.14,231.18,Alkaloid
Adenosine triphosphate,C12H4N0O8,937.21,7.46,104.258,Hormone
Adrenaline,C20H11N3O0,906.91,1.81,669.99,Hormone
Glucose,C12H7N1O2,979.33,9.6,417.189,Alkaloid
Adrenaline,C12H18N3O7,927.19,N/A,993.024,Hormone
Glucose,C7H40N4O5,408.53,11.59,945.778,Organic Compound
Urea,C2H13N4O0,749.45,N/A,366.467,Amide
Aspirin,C9H40N4O4,432.89,8.86,185.125,Amide
Urea,C8H6N3O5,874.97,N/A,517.14,Hormone
Adenosine triphosphate,C10H28N5O2,80.8,N/A,818.925,Neurotransmitter
Cholesterol,C18H22N2O3,832.11,1.58,758.921,Organic Compound
Dopamine,C3H11N0O7,424.78,4.18,659.031,Organic Compound
Ethanol,C8H32N0O3,354.15,12.39,858.619,Alkaloid
Serotonin,C17H5N5O4,829.4,13.89,351.981,Organic Compound
Adenosine triphosphate,C11H20N3O0,293.02,3.49,907.818,Hormone
Glucose,C19H38N4O0,171.03,8.63,692.791,Alcohol
Aspirin,C19H10N5O4,817.94,5.41,197.437,Organic Compound
Aspirin,C2H12N2O2,338.15,N/A,989.3,Nucleotide
Glucose,C10H1N1O8,293.79,N/A,861.284,Alkaloid
Aspirin,C4H9N3O5,777.78,5.92,929.128,Neurotransmitter
Cholesterol,C3H12N5O4,169.72,2.75,910.696,Carbohydrate
Adrenaline,C19H25N1O9,813.29,4.62,62.871,Alkaloid
Adrenaline,C10H21N3O1,825.21,4.73,987.273,Organic Compound
Urea,C12H25N0O0,409.51,N/A,689.6,Lipid
Caffeine,C12H34N3O5,404.12,7.03,585.117,Organic Compound
Adrenaline,C13H12N3O10,349.17,3.45,387.311,Alcohol
Caffeine,C2H31N0O4,113.33,7.08,712.584,Nucleotide
Serotonin,C15H7N1O10,106.7,1.85,964.688,Amide
Urea,C7H4N2O2,226.34,N/A,988.815,Organic Compound
Aspirin,C16H27N2O0,551.26,3.29,947.878,Neurotransmitter
Serotonin,C19H16N1O5,598.2,1.84,736.151,Alcohol
Adrenaline,C3H27N4O2,84.72,12.12,15.565,Organic Compound
Dopamine,C9H34N4O8,710.43,4.0,604.546,Amide
Ethanol,C19H8N4O0,212.9,1.12,525.164,Alkaloid
Dopamine,C1H32N5O10,204.59,N/A,275.979,Alcohol
Dopamine,C15H40N3O5,65.82,1.7,51.667,Neurotransmitter
Serotonin,C14H4N5O5,798.63,7.55,864.599,Amide
Adrenaline,C14H1N4O9,526.49,13.56,538.045,Organic Compound
Cholesterol,C1H10N4O9,289.94,9.16,492.367,Hormone
Adenosine triphosphate,C17H36N4O7,809.13,9.27,869.759,Alcohol
Urea,C13H18N1O8,418.67,N/A,13.172,Amide
Cholesterol,C16H31N3O5,896.73,8.23,586.247,Nucleotide
Serotonin,C5H3N3O10,512.25,10.12,325.876,Organic Compound
Glucose,C5H7N0O1,548.57,11.89,111.37,Amide
Dopamine,C15H31N0O6,304.91,4.3,588.45,Amide
Adenosine triphosphate,C18H34N1O6,716.77,N/A,586.555,Amide
Urea,C13H14N4O0,654.37,N/A,340.886,Neurotransmitter
Ethanol,C10H17N5O4,156.22,5.91,965.35,Nucleotide
Caffeine,C7H36N4O10,714.41,7.57,810.5,Neurotransmitter
Adenosine triphosphate,C5H37N3O1,719.72,6.15,921.952,Organic Compound
Urea,C2H12N5O6,649.76,4.04,630.246,Organic Compound
Ethanol,C2H9N4O10,862.46,13.22,85.669,Nucleotide
Aspirin,C1H12N4O0,267.73,10.49,922.174,Organic Compound
Dopamine,C2H36N4O8,410.95,3.01,173.763,Nucleotide
Adenosine triphosphate,C18H30N2O0,241.78,4.7,368.729,Amide
Urea,C4H36N4O0,550.48,6.41,702.4,Neurotransmitter
Aspirin,C8H20N2O4,847.99,7.72,648.214,Hormone
Dopamine,C4H40N0O3,523.37,7.07,332.423,Alcohol
Ethanol,C3H34N0O5,333.58,3.68,197.842,Hormone
Aspirin,C17H5N1O4,192.89,8.78,33.719,Alcohol
Caffeine,C16H39N5O4,762.83,1.91,5.198,Alcohol
Urea,C11H36N3O8,769.24,3.36,516.675,Alkaloid
Urea,C20H7N4O4,999.39,12.98,366.655,Neurotransmitter
Caffeine,C12H4N0O2,971.56,13.41,53.195,Alkaloid
Aspirin,C18H5N5O7,279.63,N/A,214.694,Organic Compound
Serotonin,C4H24N3O10,971.7,2.16,214.215,Alcohol
Adrenaline,C10H18N1O1,671.43,7.33,86.772,Organic Compound
Aspirin,C19H26N0O8,530.86,N/A,171.272,Alkaloid
Ethanol,C10H4N5O1,477.49,9.28,536.406,Organic Compound
Urea,C16H29N5O3,284.81,5.11,978.846,Nucleotide
Dopamine,C2H16N5O6,961.73,N/A,722.784,Alcohol
Urea,C10H28N0O7,187.14,8.08,974.484,Carbohydrate
Caffeine,C19H6N5O7,171.09,9.48,575.266,Carbohydrate
Cholesterol,C3H3N4O9,610.7,11.64,830.905,Organic Compound
Serotonin,C1H9N1O7,76.91,11.81,733.235,Lipid
Cholesterol,C15H34N5O0,785.12,N/A,366.378,Carbohydrate
Dopamine,C16H33N3O10,343.17,7.15,945.279,Carbohydrate
Serotonin,C9H5N1O5,786.99,12.55,111.285,Alkaloid
Adenosine triphosphate,C20H8N5O10,464.46,N/A,848.198,Organic Compound
Serotonin,C11H28N1O1,358.02,7.24,14.501,Organic Compound
Serotonin,C12H17N0O0,213.67,7.82,491.659,Lipid
Ethanol,C13H36N1O10,627.28,11.27,140.444,Organic Compound
Adenosine triphosphate,C4H38N2O8,90.45,11.45,908.148,Organic Compound
Ethanol,C9H35N1O4,937.97,13.5,405.668,Hormone
Urea,C4H33N2O6,574.07,12.21,111.046,Alkaloid
Dopamine,C2H5N4O0,387.2,8.99,376.609,Carbohydrate
Cholesterol,C13H23N0O10,458.96,7.06,133.829,Lipid
Adenosine triphosphate,C19H27N4O5,683.06,5.87,30.676,Carbohydrate
Adenosine triphosphate,C5H31N1O1,733.5,N/A,319.321,Carbohydrate
Aspirin,C14H23N2O2,497.96,4.3,787.767,Hormone
Adenosine triphosphate,C17H2N2O2,875.85,10.34,9.376,Hormone
Serotonin,C11H13N5O4,827.59,11.79,432.208,Alcohol
Urea,C2H37N4O1,643.42,9.51,746.417,Carbohydrate
Cholesterol,C8H19N2O1,918.29,1.93,480.14,Hormone
Adrenaline,C2H2N4O0,929.17,13.74,416.431,Alcohol
Caffeine,C11H34N1O8,370.11,7.02,472.369,Alcohol
Ethanol,C4H11N3O7,285.74,11.98,872.474,Nucleotide
Caffeine,C14H5N3O4,190.2,5.89,54.578,Neurotransmitter
Adrenaline,C10H24N0O1,312.0,12.6,383.346,Lipid
Ethanol,C18H24N0O8,130.06,12.26,831.904,Neurotransmitter
Aspirin,C12H34N0O7,776.03,11.65,358.175,Neurotransmitter
Cholesterol,C19H3N4O10,427.76,6.38,865.653,Alcohol
Ethanol,C20H17N5O8,451.24,12.48,138.523,Nucleotide
Cholesterol,C10H26N0O10,718.36,11.06,641.75,Carbohydrate
Ethanol,C15H10N0O0,906.74,1.21,62.269,Alkaloid
Adenosine triphosphate,C3H34N0O3,992.1,N/A,316.917,Alcohol
Ethanol,C12H23N2O9,580.48,6.96,618.532,Nucleotide
Ethanol,C4H27N4O3,349.16,11.29,590.128,Hormone
Adenosine triphosphate,C11H13N1O4,765.16,N/A,731.17,Nucleotide
Glucose,C10H38N3O1,953.04,2.32,5.528,Amide
Urea,C4H33N2O4,381.15,8.55,938.809,Lipid
Adrenaline,C13H34N3O7,797.5,4.96,937.248,Nucleotide
Glucose,C1H31N3O8,238.25,N/A,229.06,Carbohydrate
Aspirin,C5H11N5O10,603.39,7.58,681.533,Alcohol
Aspirin,C17H4N5O8,643.23,13.79,219.27,Neurotransmitter
Serotonin,C3H3N0O5,437.56,2.93,587.381,Organic Compound
Urea,C9H11N1O4,881.15,1.05,959.421,Nucleotide
Serotonin,C14H26N0O2,665.43,N/A,390.876,Alcohol
Serotonin,C2H22N0O7,982.77,N/A,715.48,Hormone
Cholesterol,C5H33N1O2,391.44,12.9,857.332,Alkaloid
Dopamine,C17H26N2O0,563.23,5.0,46.645,Lipid
Dopamine,C7H39N0O7,925.0,5.56,824.209,Nucleotide
Aspirin,C7H8N3O5,585.93,6.27,398.201,Carbohydrate
Urea,C7H9N4O10,821.22,4.87,424.547,Amide
Urea,C18H1N3O10,435.54,1.76,608.907,Nucleotide
Aspirin,C1H27N1O8,436.16,2.15,722.535,Alcohol
Caffeine,C4H8N0O5,219.15,11.8,371.341,Carbohydrate
Adenosine triphosphate,C18H31N1O0,923.74,9.11,190.481,Alkaloid
Adenosine triphosphate,C12H32N3O1,505.52,9.99,653.761,Nucleotide
Aspirin,C13H2N2O0,693.92,N/A,363.51,Nucleotide
Glucose,C1H37N1O10,654.69,N/A,831.138,Amide
Glucose,C4H32N5O6,833.75,N/A,813.046,Neurotransmitter
Ethanol,C20H26N3O2,807.33,1.93,792.407,Nucleotide
Adrenaline,C15H2N4O9,725.86,N/A,446.231,Alcohol
Glucose,C9H34N4O1,571.21,13.84,847.592,Organic Compound
Aspirin,C17H17N1O6,658.92,10.38,342.194,Hormone
Urea,C14H17N3O9,900.13,10.65,456.665,Neurotransmitter
Caffeine,C15H32N0O4,229.99,N/A,963.038,Carbohydrate
Serotonin,C2H38N1O6,262.34,6.82,39.985,Alcohol
Aspirin,C10H38N3O0,564.43,11.38,122.823,Nucleotide
Cholesterol,C8H33N5O0,758.58,11.4,793.814,Nucleotide
Cholesterol,C3H36N4O4,919.04,7.73,551.418,Alcohol
Ethanol,C6H5N0O7,61.54,12.4,377.062,Amide
Ethanol,C7H1N2O4,402.59,2.81,236.613,Amide
Adrenaline,C13H8N2O9,186.88,3.82,426.284,Organic Compound
Cholesterol,C16H1N4O7,249.63,8.46,922.253,Hormone
Urea,C2H32N0O6,719.5,N/A,362.828,Alkaloid
Urea,C18H34N1O2,645.74,8.78,742.549,Alcohol
Adrenaline,C5H8N0O5,190.21,12.92,787.188,Lipid
Adrenaline,C10H9N1O0,632.04,9.6,297.556,Hormone
Adrenaline,C12H20N1O1,980.7,N/A,293.964,Lipid
Dopamine,C9H5N1O2,337.13,7.51,324.752,Alkaloid
Dopamine,C7H16N2O5,606.8,N/A,228.933,Organic Compound
Glucose,C2H21N3O3,652.28,8.22,398.93,Organic Compound
Serotonin,C2H30N4O1,395.32,1.1,565.841,Organic Compound
Adenosine triphosphate,C1H19N4O6,467.41,N/A,598.78,Amide
Glucose,C7H20N5O4,589.88,12.43,830.522,Carbohydrate
Glucose,C10H18N2O0,912.48,N/A,165.617,Neurotransmitter
Serotonin,C8H8N3O8,391.45,7.36,432.376,Hormone
Adenosine triphosphate,C3H11N5O10,538.23,N/A,805.55,Organic Compound
Caffeine,C12H17N3O3,521.08,N/A,594.347,Alcohol
Adenosine triphosphate,C14H25N2O10,674.16,N/A,134.268,Lipid
Adrenaline,C19H19N0O5,881.24,12.95,147.39,Alcohol
Glucose,C9H23N3O10,365.81,8.83,82.345,Carbohydrate
Serotonin,C12H35N5O9,354.78,9.58,112.242,Organic Compound
Adenosine triphosphate,C3H1N1O6,125.82,6.95,933.798,Neurotransmitter
Caffeine,C4H24N2O3,512.64,2.24,380.544,Neurotransmitter
Adenosine triphosphate,C9H7N4O6,79.55,13.63,84.62,Nucleotide
Adenosine triphosphate,C4H16N0O4,598.49,11.2,446.457,Organic Compound
Glucose,C3H33N2O5,156.98,N/A,445.098,Neurotransmitter
Aspirin,C4H17N3O4,176.22,4.25,543.993,Alcohol
Caffeine,C9H35N3O5,97.84,12.63,721.562,Amide
Adrenaline,C10H8N5O5,579.01,8.9,133.288,Carbohydrate
Glucose,C5H40N1O9,754.16,6.57,125.222,Nucleotide
Cholesterol,C11H14N4O0,760.58,10.87,97.994,Carbohydrate
Adenosine triphosphate,C8H1N4O2,234.52,6.65,598.762,Alkaloid
Adenosine triphosphate,C11H11N0O3,565.75,4.62,546.993,Amide
Ethanol,C12H32N5O7,254.75,N/A,33.059,Lipid
Caffeine,C8H19N4O0,108.78,13.42,780.461,Amide
Serotonin,C18H27N0O5,246.73,8.57,703.56,Alkaloid
Serotonin,C20H11N5O3,216.06,N/A,569.998,Carbohydrate
Cholesterol,C9H21N5O1,707.95,N/A,567.469,Nucleotide
Cholesterol,C6H7N3O8,855.19,N/A,863.722,Alkaloid
Adrenaline,C17H38N2O6,822.16,7.79,896.963,Nucleotide
Adenosine triphosphate,C16H13N4O9,189.95,N/A,858.643,Amide
Glucose,C3H31N5O9,819.47,1.78,492.756,Amide
Glucose,C4H34N3O10,965.39,4.61,96.484,Alcohol
Aspirin,C13H12N3O9,764.17,2.35,566.223,Amide
Urea,C3H15N1O0,721.81,5.75,721.594,Carbohydrate
Glucose,C17H40N3O5,995.55,9.0,826.504,Carbohydrate
Adrenaline,C9H14N0O2,863.89,11.15,228.886,Lipid
Adrenaline,C15H22N4O9,139.63,13.74,639.659,Alcohol
Aspirin,C4H22N1O4,586.12,N/A,110.287,Carbohydrate
Glucose,C18H37N3O9,235.44,8.73,133.159,Carbohydrate
Aspirin,C20H10N0O1,862.67,N/A,784.87,Neurotransmitter
Adrenaline,C17H14N2O9,93.01,7.4,178.279,Carbohydrate
Glucose,C4H7N0O10,570.76,9.83,409.123,Amide
Adenosine triphosphate,C7H19N4O9,273.09,4.34,851.816,Nucleotide
Adrenaline,C3H39N1O7,751.68,13.76,595.713,Organic Compound
Serotonin,C15H29N0O8,291.9,N/A,897.385,Lipid
Aspirin,C11H30N4O2,120.12,10.04,564.093,Neurotransmitter
Adenosine triphosphate,C14H24N3O3,372.47,6.51,758.322,Hormone
Adenosine triphosphate,C12H8N3O6,209.7,11.18,703.891,Hormone
Cholesterol,C11H38N3O5,952.61,7.64,140.564,Organic Compound
Caffeine,C18H7N5O10,214.9,N/A,13.555,Alkaloid
Adenosine triphosphate,C12H14N1O2,195.25,6.46,286.936,Lipid
Ethanol,C2H6N5O5,540.07,6.69,586.783,Organic Compound
Cholesterol,C4H28N1O7,368.82,12.28,299.371,Alcohol
Urea,C9H14N2O2,476.05,4.48,942.38,Hormone
Dopamine,C15H2N3O9,88.82,8.44,668.384,Alkaloid
Serotonin,C8H21N5O1,293.2,9.55,511.587,Hormone
Ethanol,C4H33N2O9,61.85,6.71,261.63,Alkaloid
Cholesterol,C4H36N0O10,703.44,N/A,860.901,Carbohydrate
Caffeine,C14H24N4O7,488.32,9.58,510.441,Nucleotide
Urea,C11H3N5O10,521.42,2.22,214.274,Alkaloid
Serotonin,C12H19N5O4,965.34,N/A,150.929,Organic Compound
Urea,C3H11N0O1,435.53,N/A,580.356,Hormone
Aspirin,C9H17N5O3,639.56,N/A,935.081,Amide
Ethanol,C9H23N1O4,777.56,5.73,916.55,Alkaloid
Glucose,C17H9N4O10,50.49,13.23,657.401,Lipid
Aspirin,C1H14N4O4,864.3,N/A,483.473,Lipid
Dopamine,C6H7N4O9,170.23,6.97,36.048,Alkaloid
Serotonin,C10H37N5O2,628.6,N/A,950.639,Amide
Aspirin,C20H25N0O7,653.66,4.27,534.641,Nucleotide
Adrenaline,C8H1N5O9,928.49,2.45,810.379,Lipid
Urea,C19H2N0O10,947.54,N/A,863.136,Organic Compound
Aspirin,C20H2N3O10,61.78,4.52,545.63,Organic Compound
Ethanol,C6H5N0O2,679.9,4.34,139.001,Nucleotide
Urea,C3H32N2O1,480.12,11.65,938.58,Organic Compound
Dopamine,C16H38N0O7,330.92,9.71,815.937,Alkaloid
Dopamine,C3H4N4O8,376.45,8.82,704.068,Hormone
Serotonin,C2H20N4O10,795.81,1.64,417.668,Hormone
Caffeine,C13H37N5O1,665.98,3.12,58.368,Carbohydrate
Adrenaline,C14H10N1O2,995.94,13.35,130.967,Alcohol
Aspirin,C20H16N5O6,371.36,7.65,390.885,Hormone
Adrenaline,C17H6N3O10,467.59,9.4,223.194,Alkaloid
Cholesterol,C16H22N0O5,277.0,4.37,935.494,Neurotransmitter
Dopamine,C12H7N0O2,826.61,13.05,826.959,Lipid
Aspirin,C18H33N2O6,466.89,11.98,727.854,Amide
Dopamine,C12H35N1O4,430.89,N/A,623.463,Nucleotide
Adrenaline,C12H26N2O5,846.23,9.03,823.402,Hormone
Aspirin,C15H8N1O7,419.68,N/A,246.728,Neurotransmitter
Aspirin,C14H14N2O7,137.09,2.49,297.451,Lipid
Urea,C5H15N3O3,794.33,3.86,291.493,Alcohol
Glucose,C1H35N5O0,447.38,12.13,288.389,Alkaloid
Adrenaline,C17H12N2O5,452.69,6.34,693.909,Alcohol
Dopamine,C14H2N1O5,890.76,N/A,733.518,Alkaloid
Adenosine triphosphate,C10H39N3O2,137.78,3.31,250.034,Neurotransmitter
Adenosine triphosphate,C4H34N0O5,807.09,N/A,766.264,Organic Compound
Aspirin,C1H9N0O6,697.62,5.65,87.368,Lipid
Adenosine triphosphate,C17H14N4O5,858.75,2.5,898.868,Lipid
Adenosine triphosphate,C6H38N5O1,483.38,3.13,233.354,Lipid
Dopamine,C11H21N3O5,611.74,11.61,955.029,Hormone
Urea,C2H20N3O5,816.81,2.67,615.098,Alkaloid
Caffeine,C13H34N1O0,698.76,13.75,506.965,Alcohol
Serotonin,C4H37N3O0,53.86,12.26,50.007,Neurotransmitter
Ethanol,C3H32N1O8,205.48,12.78,946.314,Alcohol
Urea,C10H40N5O2,86.1,9.1,517.961,Amide
Glucose,C17H26N5O5,753.16,10.72,592.221,Neurotransmitter
Adrenaline,C8H3N4O2,872.56,N/A,884.592,Carbohydrate
Ethanol,C10H17N2O4,590.05,4.88,767.338,Lipid
Serotonin,C8H11N3O10,668.91,11.02,786.666,Amide
Urea,C6H32N1O1,525.81,9.69,943.325,Organic Compound
Urea,C2H16N4O10,627.87,8.27,810.395,Alkaloid
Ethanol,C15H3N5O10,351.27,11.98,179.351,Carbohydrate
Adenosine triphosphate,C9H30N3O4,320.15,8.43,579.069,Alkaloid
Adenosine triphosphate,C7H12N4O6,883.03,8.04,567.403,Nucleotide
Cholesterol,C11H34N0O5,615.35,12.11,566.122,Organic Compound
Ethanol,C8H5N0O5,723.64,10.32,139.043,Organic Compound
Adrenaline,C11H1N3O7,672.22,4.6,687.592,Carbohydrate
Caffeine,C15H15N5O5,893.32,7.48,263.866,Neurotransmitter
Adrenaline,C4H13N1O7,856.62,10.56,334.894,Neurotransmitter
Dopamine,C13H36N1O8,929.36,2.76,580.876,Carbohydrate
Adenosine triphosphate,C10H4N2O9,510.36,5.46,292.608,Neurotransmitter
Caffeine,C15H1N2O2,135.17,N/A,131.291,Amide
Glucose,C20H26N1O8,432.48,4.62,432.097,Organic Compound
Caffeine,C13H31N0O3,554.78,6.21,34.678,Hormone
Dopamine,C8H10N0O4,438.5,3.21,714.293,Alkaloid
Urea,C11H21N5O8,163.82,3.24,408.472,Nucleotide
Glucose,C19H12N2O3,502.25,2.46,441.452,Nucleotide
Caffeine,C19H5N5O3,416.78,7.34,544.966,Neurotransmitter
Adrenaline,C3H10N0O4,195.98,12.43,623.82,Neurotransmitter
Adrenaline,C16H21N2O8,562.84,5.36,595.701,Carbohydrate
Dopamine,C10H9N3O6,421.79,N/A,930.73,Neurotransmitter
Dopamine,C10H11N2O6,976.03,10.24,930.994,Nucleotide
Cholesterol,C20H23N4O9,742.35,6.53,904.445,Alkaloid
Cholesterol,C5H14N5O1,967.12,3.84,649.677,Alcohol
Cholesterol,C17H27N0O3,124.55,11.06,166.306,Carbohydrate
Dopamine,C19H6N0O8,715.68,7.75,929.2,Alcohol
Serotonin,C15H10N3O8,350.07,10.69,594.717,Alkaloid
Dopamine,C14H22N0O9,463.95,N/A,25.05,Neurotransmitter
Glucose,C15H7N2O1,910.98,3.43,897.837,Alkaloid
Glucose,C17H3N3O10,180.92,N/A,597.08,Amide
Ethanol,C5H20N0O5,571.74,9.54,659.125,Carbohydrate
Urea,C3H7N0O0,627.38,2.83,222.624,Alkaloid
Serotonin,C20H19N3O8,997.64,N/A,458.665,Alcohol
Dopamine,C14H34N3O4,618.6,N/A,974.531,Nucleotide
Serotonin,C1H15N4O5,654.98,3.53,279.5,Lipid
Serotonin,C18H17N4O0,237.09,10.65,912.88,Hormone
Ethanol,C1H26N3O5,727.25,12.45,645.928,Neurotransmitter
Adenosine triphosphate,C20H10N5O3,331.5,10.92,235.072,Alkaloid
Cholesterol,C7H31N3O4,298.83,6.52,24.862,Nucleotide
Dopamine,C12H10N2O6,638.23,6.32,757.321,Lipid
Cholesterol,C5H21N2O1,659.43,1.54,274.764,Hormone
Adenosine triphosphate,C7H8N0O5,940.88,2.0,645.17,Alcohol
Dopamine,C8H36N3O2,648.38,6.48,909.945,Organic Compound
Cholesterol,C15H30N2O2,428.0,1.25,234.0,Alkaloid
Adenosine triphosphate,C4H40N3O7,832.24,N/A,826.436,Amide
Cholesterol,C19H3N2O10,946.36,2.14,658.231,Lipid
Serotonin,C17H28N2O7,887.46,6.76,628.241,Alcohol
Serotonin,C17H10N1O10,271.86,4.65,338.266,Hormone
Adrenaline,C1H33N0O1,629.81,5.23,443.929,Organic Compound
Urea,C16H24N0O0,328.57,11.46,8.855,Lipid
Adenosine triphosphate,C18H37N2O10,104.08,N/A,3.127,Alcohol
Adrenaline,C19H25N1O4,862.29,N/A,912.287,Neurotransmitter
Serotonin,C11H40N4O2,191.43,10.89,342.214,Neurotransmitter
Urea,C2H26N2O4,966.89,N/A,502.612,Amide
Caffeine,C14H7N4O0,358.64,9.71,241.035,Alkaloid
Ethanol,C17H38N5O2,768.11,1.92,987.488,Amide
Adrenaline,C17H11N1O6,178.58,6.14,788.823,Carbohydrate
Aspirin,C16H36N1O6,996.29,6.82,274.892,Lipid
Glucose,C14H17N4O8,354.13,9.53,319.07,Lipid
Adrenaline,C10H5N3O2,787.6,9.98,889.339,Organic Compound
Adenosine triphosphate,C4H22N3O5,724.9,7.71,356.882,Alkaloid
Serotonin,C9H39N3O4,312.03,6.84,120.651,Carbohydrate
Dopamine,C8H14N1O1,558.71,13.28,149.921,Hormone
Dopamine,C11H6N1O2,495.26,1.93,893.495,Lipid
Ethanol,C13H23N2O7,592.37,12.32,273.226,Organic Compound
Cholesterol,C16H14N4O5,704.18,2.42,423.397,Alkaloid
Glucose,C17H33N2O6,769.2,8.06,874.468,Hormone
Adrenaline,C6H17N2O10,986.99,3.86,99.887,Carbohydrate
Caffeine,C3H5N0O8,893.66,10.4,319.266,Alkaloid
Dopamine,C10H28N5O10,345.0,12.24,236.324,Lipid
Cholesterol,C10H25N0O10,993.38,N/A,687.405,Carbohydrate
Dopamine,C15H37N3O4,70.39,12.49,117.541,Amide
Adenosine triphosphate,C14H22N1O4,126.99,1.03,667.092,Neurotransmitter
Glucose,C9H38N4O0,799.26,5.11,695.175,Neurotransmitter
Glucose,C12H23N5O9,154.9,9.22,696.576,Hormone
Caffeine,C11H25N0O4,973.64,11.17,802.323,Hormone
Serotonin,C9H36N5O10,559.65,8.85,953.107,Amide
Aspirin,C4H15N0O8,415.12,8.75,988.428,Lipid
Adrenaline,C6H5N4O2,621.02,1.07,390.426,Alcohol
Aspirin,C7H6N4O3,537.26,11.24,267.93,Nucleotide
Adenosine triphosphate,C13H30N4O10,879.94,11.39,821.711,Amide
Aspirin,C14H14N1O0,124.96,N/A,584.524,Amide
Urea,C2H36N5O8,771.74,4.49,523.64,Lipid
Ethanol,C12H5N4O0,537.97,3.17,731.37,Amide
Glucose,C20H9N5O0,657.05,5.12,361.07,Lipid
Adenosine triphosphate,C11H26N1O2,171.08,6.14,464.23,Hormone
Aspirin,C9H14N2O8,637.96,7.23,1.015,Alkaloid
Adenosine triphosphate,C6H36N3O10,275.93,11.32,127.876,Lipid
Urea,C14H27N2O0,652.42,6.88,273.862,Hormone
Adenosine triphosphate,C15H17N0O0,881.93,3.48,508.907,Carbohydrate
Adrenaline,C2H22N4O3,648.65,12.63,88.248,Amide
Adrenaline,C9H39N0O6,825.91,10.91,319.049,Amide
Caffeine,C8H21N1O2,933.37,N/A,277.173,Lipid
Serotonin,C7H32N1O10,660.25,12.91,820.947,Amide
Caffeine,C12H30N2O0,598.64,7.5,649.217,Alkaloid
Aspirin,C1H29N2O2,194.4,7.29,431.12,Lipid
Adrenaline,C13H9N3O8,307.96,N/A,750.698,Lipid
Adrenaline,C3H31N0O8,945.47,N/A,669.157,Alcohol
Serotonin,C4H27N0O5,226.56,7.9,354.897,Organic Compound
Cholesterol,C2H23N5O6,601.3,N/A,613.818,Alcohol
Glucose,C14H25N5O1,775.66,4.0,994.136,Nucleotide
Urea,C5H39N1O5,588.36,10.54,49.736,Hormone
Dopamine,C20H4N4O10,117.78,2.35,135.889,Carbohydrate
Dopamine,C10H2N4O9,774.0,13.22,432.288,Organic Compound
Serotonin,C9H17N2O5,154.62,8.13,94.005,Carbohydrate
Ethanol,C5H37N1O1,80.82,1.72,580.384,Alkaloid
Serotonin,C14H32N2O8,526.2,1.06,936.63,Organic Compound
Adenosine triphosphate,C4H1N0O3,814.19,N/A,101.306,Nucleotide
Ethanol,C11H23N4O5,571.58,11.25,497.635,Carbohydrate
Urea,C15H26N3O10,756.41,12.27,790.7,Amide
Aspirin,C8H29N1O9,86.71,6.5,320.121,Hormone
Serotonin,C8H29N5O8,109.91,11.74,592.396,Neurotransmitter
Caffeine,C9H24N4O7,535.42,10.23,786.046,Alkaloid
Cholesterol,C12H34N0O0,662.21,5.06,903.394,Nucleotide
Ethanol,C14H14N1O4,450.97,3.83,10.574,Nucleotide
Caffeine,C20H23N0O9,663.26,6.03,709.152,Hormone
Aspirin,C19H2N3O8,651.52,N/A,58.561,Neurotransmitter
Dopamine,C15H20N4O10,300.13,12.8,986.524,Hormone
Adrenaline,C7H6N1O7,468.07,8.67,584.368,Organic Compound
Urea,C15H33N0O1,691.59,2.14,422.093,Carbohydrate
Adrenaline,C8H33N1O4,217.58,12.4,990.658,Hormone
Caffeine,C17H17N2O10,552.62,1.67,683.399,Organic Compound
Caffeine,C12H15N4O1,858.2,8.94,298.748,Alcohol
Urea,C6H3N3O3,97.32,12.63,483.21,Organic Compound
Aspirin,C13H39N3O3,213.98,6.52,892.474,Amide
Glucose,C12H27N4O3,468.54,10.23,118.744,Neurotransmitter
Urea,C18H5N2O8,912.4,N/A,350.793,Neurotransmitter
Cholesterol,C20H11N4O10,729.75,7.57,899.284,Amide
Serotonin,C20H32N5O9,576.01,6.29,481.875,Alcohol
Adrenaline,C9H1N5O6,468.88,8.81,287.826,Neurotransmitter
Dopamine,C18H9N5O10,859.61,N/A,671.802,Alkaloid
Adrenaline,C13H24N2O3,592.78,N/A,6.229,Neurotransmitter
Ethanol,C9H30N0O5,709.72,12.62,538.745,Hormone
Urea,C17H34N3O9,471.73,N/A,587.663,Alkaloid
Glucose,C8H23N2O4,480.78,6.23,119.986,Organic Compound
Adrenaline,C14H12N4O3,893.93,4.52,66.752,Alkaloid
Adrenaline,C19H37N5O10,651.35,2.82,17.425,Nucleotide
Dopamine,C4H20N1O4,106.71,2.79,947.336,Alcohol
Aspirin,C19H34N2O7,388.65,1.86,437.963,Carbohydrate
Adenosine triphosphate,C14H28N3O1,837.03,10.8,670.732,Carbohydrate
Aspirin,C20H19N3O6,809.53,10.42,397.603,Hormone
Adrenaline,C18H10N3O10,565.53,2.04,747.768,Lipid
Serotonin,C14H23N3O5,502.5,2.34,266.553,Amide
Serotonin,C3H11N2O6,952.3,4.84,353.662,Alkaloid
Serotonin,C15H1N1O10,204.31,11.38,159.073,Carbohydrate
Adenosine triphosphate,C15H22N1O8,815.13,9.78,7.937,Neurotransmitter
Aspirin,C19H2N2O1,245.2,11.55,508.855,Neurotransmitter
Ethanol,C12H21N2O6,718.97,N/A,182.349,Organic Compound
Aspirin,C3H16N5O2,78.94,10.39,774.96,Nucleotide
Cholesterol,C5H14N5O6,603.51,N/A,867.688,Neurotransmitter
Cholesterol,C19H3N4O9,461.0,4.41,752.628,Nucleotide
Adenosine triphosphate,C5H29N3O1,430.52,1.43,669.508,Organic Compound
Caffeine,C6H10N3O2,935.77,N/A,60.326,Amide
Ethanol,C20H40N2O10,739.26,N/A,685.577,Nucleotide
Urea,C1H5N0O3,180.15,4.16,506.372,Organic Compound
Dopamine,C4H39N5O6,775.13,13.12,182.498,Carbohydrate
Cholesterol,C17H6N3O0,117.93,N/A,771.938,Nucleotide
Adrenaline,C6H38N5O8,709.61,6.77,268.577,Nucleotide
Caffeine,C20H19N5O8,88.55,6.74,248.3,Lipid
Adenosine triphosphate,C7H11N4O4,84.87,N/A,177.272,Amide
Serotonin,C10H40N2O2,770.54,N/A,601.992,Hormone
Urea,C18H31N5O3,497.95,N/A,344.239,Lipid
Ethanol,C9H35N1O4,687.46,N/A,186.721,Organic Compound
Aspirin,C17H3N5O9,440.31,12.83,40.247,Neurotransmitter
Ethanol,C18H12N3O5,545.6,6.24,72.687,Carbohydrate
Adrenaline,C9H37N2O9,642.79,1.79,922.493,Neurotransmitter
Urea,C15H22N0O7,201.37,N/A,674.066,Lipid
Adenosine triphosphate,C1H34N5O2,553.14,7.8,268.442,Organic Compound
Glucose,C13H7N5O9,769.04,7.97,625.774,Alkaloid
Aspirin,C18H26N3O9,691.75,N/A,895.013,Neurotransmitter
Aspirin,C3H2N5O4,986.23,N/A,624.832,Hormone
Glucose,C11H4N0O1,137.85,8.91,622.521,Alcohol
Caffeine,C12H21N2O3,754.79,7.8,14.268,Lipid
Glucose,C2H10N1O7,328.98,N/A,424.209,Alcohol
Glucose,C20H24N5O2,413.53,N/A,563.601,Hormone
Cholesterol,C9H40N0O7,758.38,9.44,864.807,Alkaloid
Ethanol,C15H40N5O9,752.45,N/A,260.297,Carbohydrate
Glucose,C8H37N2O4,684.07,8.98,395.782,Alkaloid
Adenosine triphosphate,C19H15N2O4,313.15,2.71,747.327,Lipid
Urea,C10H12N3O10,157.49,10.68,920.739,Alkaloid
Ethanol,C7H1N1O9,207.1,8.1,73.978,Alcohol
Serotonin,C14H21N5O6,121.89,3.79,401.907,Alkaloid
Ethanol,C14H2N2O0,392.51,12.66,974.99,Lipid
Urea,C9H18N4O2,737.82,5.95,136.987,Nucleotide
Aspirin,C7H37N3O7,367.2,2.73,718.88,Alcohol
Glucose,C16H22N1O2,328.63,N/A,283.434,Organic Compound
Urea,C9H22N0O2,922.11,9.09,825.531,Lipid
Adenosine triphosphate,C8H33N1O10,391.5,11.72,974.361,Hormone
Ethanol,C16H14N2O10,304.35,5.63,495.53,Nucleotide
Glucose,C1H10N4O9,395.0,8.47,690.814,Alkaloid
Glucose,C6H1N0O0,644.41,12.47,91.33,Alcohol
Caffeine,C14H6N3O3,195.83,N/A,704.737,Hormone
Adrenaline,C9H38N2O5,743.96,N/A,716.065,Alkaloid
Dopamine,C8H20N5O2,481.19,10.98,733.862,Carbohydrate
Serotonin,C19H17N0O10,105.41,7.11,88.509,Nucleotide
Cholesterol,C11H23N0O5,498.46,11.72,555.589,Organic Compound
Serotonin,C1H12N3O5,386.22,N/A,854.822,Lipid
Adrenaline,C14H18N0O0,323.36,12.7,214.845,Organic Compound
Adrenaline,C19H20N3O9,185.34,N/A,31.56,Alkaloid
Caffeine,C1H16N2O9,328.52,6.83,918.305,Alkaloid
Caffeine,C5H31N1O9,996.56,N/A,435.241,Hormone
Ethanol,C20H32N1O4,962.77,11.94,644.542,Nucleotide
Adrenaline,C13H34N2O6,343.62,6.52,488.694,Alcohol
Urea,C12H21N0O10,309.11,N/A,193.759,Hormone
Urea,C14H3N4O3,759.74,4.64,942.485,Hormone
Caffeine,C2H40N1O9,124.97,2.13,453.209,Alcohol
Caffeine,C15H37N4O1,727.98,1.73,835.458,Carbohydrate
Caffeine,C13H28N4O0,924.07,8.58,823.28,Alcohol
Urea,C8H38N5O2,928.75,N/A,642.452,Amide
Cholesterol,C13H25N3O8,410.07,6.04,216.685,Organic Compound
Glucose,C10H33N2O9,216.64,7.3,832.53,Lipid
Adrenaline,C6H23N5O0,403.14,9.46,851.366,Carbohydrate
Cholesterol,C6H19N2O6,757.89,10.45,999.104,Lipid
Adrenaline,C12H8N0O2,581.86,N/A,258.167,Nucleotide
Urea,C12H38N3O4,579.4,6.31,819.575,Nucleotide
Adrenaline,C10H11N0O0,506.06,3.15,569.862,Organic Compound
Caffeine,C8H9N1O8,961.82,1.69,846.041,Amide
Glucose,C15H14N5O7,365.85,9.68,933.866,Alkaloid
Glucose,C4H39N3O7,706.05,3.93,781.251,Hormone
Glucose,C3H4N2O5,131.7,7.9,549.685,Hormone
Serotonin,C8H2N0O5,952.02,13.16,644.047,Carbohydrate
Serotonin,C9H25N5O0,974.6,2.06,759.545,Hormone
Serotonin,C12H34N2O8,375.45,8.37,458.134,Carbohydrate
Serotonin,C8H1N2O0,665.19,5.78,599.437,Neurotransmitter
Adenosine triphosphate,C9H15N4O6,440.19,N/A,453.54,Alkaloid
Cholesterol,C7H2N4O0,419.8,8.48,471.281,Hormone
Adenosine triphosphate,C19H12N3O7,63.83,1.78,284.065,Nucleotide
Adenosine triphosphate,C2H4N1O7,950.51,N/A,171.023,Amide
Adenosine triphosphate,C9H5N5O1,747.63,4.74,616.881,Alcohol
Adrenaline,C3H40N5O10,134.27,11.51,868.433,Amide
Aspirin,C6H18N3O1,458.21,3.48,855.626,Alcohol
Cholesterol,C10H27N3O0,104.62,6.75,120.79,Carbohydrate
Ethanol,C5H7N1O9,447.99,6.09,95.71,Carbohydrate
Serotonin,C13H3N5O7,53.64,10.72,466.522,Neurotransmitter
Adenosine triphosphate,C5H20N2O7,474.35,N/A,877.189,Lipid
Cholesterol,C15H27N5O4,370.12,5.16,803.522,Neurotransmitter
Serotonin,C15H3N1O9,903.29,13.43,860.031,Amide
Dopamine,C13H32N0O7,574.66,N/A,830.961,Hormone
Urea,C7H28N0O10,915.74,5.4,583.803,Alkaloid
Ethanol,C2H10N3O10,630.99,7.84,92.95,Alcohol
Adrenaline,C3H34N1O2,347.21,1.14,99.237,Organic Compound
Adenosine triphosphate,C17H38N1O5,585.42,10.88,56.417,Organic Compound
Adenosine triphosphate,C20H23N5O3,574.42,12.88,788.763,Alkaloid
Serotonin,C11H17N1O9,662.24,6.33,622.395,Nucleotide
Aspirin,C15H6N1O8,940.42,2.57,248.633,Lipid
Cholesterol,C16H21N3O6,376.75,5.78,308.43,Lipid
Cholesterol,C16H33N3O4,529.01,12.3,862.153,Amide
Dopamine,C8H26N5O9,414.93,1.29,127.663,Hormone
Adrenaline,C13H11N3O7,813.29,4.84,255.826,Amide
Urea,C15H38N1O10,607.69,13.03,814.267,Alkaloid
Aspirin,C19H2N1O6,66.82,11.85,392.781,Carbohydrate
Aspirin,C1H18N5O2,226.15,6.05,863.864,Neurotransmitter
Dopamine,C15H1N3O1,902.01,2.12,594.942,Alcohol
Adrenaline,C16H5N3O1,164.16,N/A,460.959,Amide
Aspirin,C7H34N3O10,444.45,N/A,875.134,Nucleotide
Glucose,C12H23N0O7,840.83,12.33,99.891,Lipid
Cholesterol,C9H6N2O8,233.89,13.09,884.928,Alkaloid
Caffeine,C4H38N5O2,488.51,12.48,236.209,Alkaloid
Caffeine,C15H39N0O0,71.36,N/A,415.586,Lipid
Serotonin,C5H7N3O2,84.46,9.38,513.048,Alkaloid
Aspirin,C18H13N0O1,930.27,N/A,212.117,Neurotransmitter
Ethanol,C14H5N4O10,84.28,1.92,418.924,Nucleotide
Glucose,C4H33N2O7,464.57,N/A,445.779,Hormone
Cholesterol,C1H2N3O3,906.42,10.56,493.197,Nucleotide
Adrenaline,C20H38N3O9,134.5,3.82,909.592,Nucleotide
Dopamine,C10H35N2O3,552.87,5.0,50.352,Lipid
Serotonin,C3H31N4O3,108.1,9.86,792.086,Carbohydrate
Adrenaline,C1H32N1O0,723.04,N/A,912.679,Amide
Adenosine triphosphate,C8H30N3O0,227.33,N/A,785.972,Nucleotide
Cholesterol,C6H15N4O9,629.44,N/A,852.287,Alcohol
Caffeine,C13H17N3O6,61.92,11.33,259.175,Neurotransmitter
Urea,C13H23N0O2,442.12,3.56,171.61,Alcohol
Dopamine,C7H17N2O1,94.75,8.53,591.405,Alcohol
Glucose,C18H24N0O10,723.41,6.25,655.792,Alcohol
Glucose,C18H13N3O6,333.48,N/A,12.686,Carbohydrate
Dopamine,C17H20N5O7,419.24,N/A,348.038,Neurotransmitter
Aspirin,C4H30N1O9,156.49,8.35,895.523,Nucleotide
Aspirin,C3H33N2O3,934.1,11.46,597.747,Hormone
Dopamine,C1H28N3O8,311.13,7.83,890.221,Carbohydrate
Caffeine,C16H19N5O3,735.84,9.07,575.482,Amide
Serotonin,C1H30N2O5,358.84,4.89,148.212,Alcohol
Caffeine,C11H11N5O1,579.81,3.76,351.004,Nucleotide
Dopamine,C1H29N1O6,143.94,8.52,866.141,Amide
Adrenaline,C20H37N0O4,634.56,12.26,923.352,Alkaloid
Adenosine triphosphate,C20H32N5O8,689.15,N/A,421.872,Carbohydrate
Glucose,C7H10N3O5,735.11,12.34,244.209,Amide
Urea,C5H14N4O5,432.89,N/A,659.48,Alkaloid
Adenosine triphosphate,C8H17N1O6,643.66,7.43,25.994,Amide
Cholesterol,C13H37N1O4,359.88,5.12,392.313,Carbohydrate
Dopamine,C2H36N1O8,831.07,N/A,13.013,Lipid
Urea,C1H4N2O2,441.95,N/A,169.048,Nucleotide
Dopamine,C17H15N0O3,672.47,N/A,902.245,Lipid
Caffeine,C2H16N2O0,987.56,N/A,245.023,Lipid
Adenosine triphosphate,C5H6N5O9,598.2,N/A,64.324,Hormone
Caffeine,C13H23N2O3,776.9,1.79,973.207,Organic Compound
Adrenaline,C20H23N1O1,961.17,N/A,493.394,Neurotransmitter
Cholesterol,C14H12N5O2,857.67,8.24,887.496,Neurotransmitter
Dopamine,C8H12N2O5,861.98,8.64,530.652,Alcohol
Caffeine,C6H23N2O3,595.35,11.55,562.473,Carbohydrate
Caffeine,C19H22N0O8,919.81,N/A,764.196,Alkaloid
Serotonin,C15H21N2O3,925.35,11.62,554.366,Alcohol
Serotonin,C9H25N5O0,326.08,12.38,892.952,Alkaloid
Glucose,C1H24N2O0,162.98,4.58,8.548,Neurotransmitter
Adenosine triphosphate,C1H16N4O7,176.26,N/A,730.66,Lipid
Dopamine,C8H19N1O2,925.3,9.92,997.906,Amide
Adrenaline,C6H37N4O5,97.43,1.69,586.575,Nucleotide
Adenosine triphosphate,C18H11N1O3,554.82,5.21,588.434,Nucleotide
Urea,C9H28N2O8,838.51,11.28,733.742,Amide
Caffeine,C2H29N5O4,268.77,5.76,36.488,Alcohol
Ethanol,C5H7N2O3,729.06,6.12,940.126,Carbohydrate
Glucose,C9H17N1O10,455.29,12.0,866.078,Lipid
Aspirin,C1H21N2O9,562.95,6.45,364.019,Hormone
Urea,C2H33N4O10,281.86,4.41,632.337,Hormone
Urea,C20H1N0O2,851.69,N/A,55.432,Amide
Adenosine triphosphate,C1H39N5O3,728.07,5.47,924.317,Hormone
Urea,C11H26N5O0,120.87,9.34,868.399,Alcohol
Urea,C2H25N4O3,292.76,4.73,689.544,Amide
Adenosine triphosphate,C9H34N0O5,434.46,9.8,96.924,Carbohydrate
Cholesterol,C18H40N3O7,102.52,5.76,929.795,Lipid
Urea,C6H20N2O7,982.71,8.45,597.718,Neurotransmitter
Caffeine,C3H36N2O1,630.56,9.45,679.286,Hormone
Aspirin,C16H3N2O3,729.8,13.67,511.44,Hormone
Glucose,C1H33N1O3,541.5,N/A,985.215,Nucleotide
Ethanol,C9H18N1O5,77.9,3.96,245.769,Alcohol
Adrenaline,C1H9N4O3,706.0,9.45,424.065,Alkaloid
Glucose,C15H14N1O5,308.01,7.86,158.047,Alkaloid
Dopamine,C20H20N5O3,498.71,2.9,487.467,Organic Compound
Cholesterol,C9H31N2O9,387.04,1.64,259.313,Alcohol
Aspirin,C17H2N0O10,561.25,11.38,865.699,Alkaloid
Urea,C18H21N0O5,117.77,8.0,902.343,Alcohol
Urea,C12H3N4O2,422.58,10.99,533.239,Amide
Ethanol,C18H6N0O7,830.97,11.78,787.915,Organic Compound
Urea,C4H8N0O0,757.66,N/A,779.194,Organic Compound
Caffeine,C2H2N2O0,899.28,11.27,924.827,Alcohol
Adenosine triphosphate,C14H34N2O5,994.87,10.6,485.199,Nucleotide
Dopamine,C16H9N3O7,785.88,N/A,89.39,Hormone
Urea,C10H13N5O6,587.8,N/A,692.218,Neurotransmitter
Urea,C11H34N2O0,483.88,N/A,410.57,Carbohydrate
Serotonin,C10H37N5O10,631.41,11.96,572.745,Organic Compound
Serotonin,C10H23N4O5,517.79,1.2,107.735,Nucleotide
Glucose,C5H37N1O7,701.12,N/A,199.103,Organic Compound
Urea,C5H32N4O10,552.58,4.4,683.104,Organic Compound
Urea,C15H31N5O7,911.94,5.9,339.88,Amide
Adrenaline,C6H17N0O1,485.49,7.32,816.396,Alkaloid
Urea,C1H21N0O3,823.11,8.81,503.076,Carbohydrate
Adenosine triphosphate,C12H26N0O4,384.68,8.0,25.954,Alcohol
Dopamine,C10H12N5O4,101.82,12.61,712.057,Hormone
Serotonin,C11H23N3O2,113.05,1.18,601.805,Neurotransmitter
Adrenaline,C14H2N3O7,353.63,N/A,302.972,Hormone
Urea,C12H2N0O10,917.53,N/A,488.349,Nucleotide
Glucose,C1H40N1O5,456.32,N/A,560.567,Organic Compound
Cholesterol,C9H6N0O6,190.31,3.76,592.822,Neurotransmitter
Adrenaline,C14H12N0O6,198.44,11.14,131.022,Nucleotide
Urea,C11H29N5O8,995.71,7.42,754.884,Hormone
Glucose,C3H12N3O0,668.3,11.16,847.882,Organic Compound
Ethanol,C12H9N2O8,447.36,9.3,445.743,Amide
Adrenaline,C1H5N0O2,913.69,11.59,339.528,Alcohol
Cholesterol,C4H10N5O3,633.34,2.21,979.125,Nucleotide
Serotonin,C13H2N5O1,594.61,N/A,194.995,Alcohol
Serotonin,C15H40N3O4,102.4,10.03,931.204,Alkaloid
Adrenaline,C11H6N2O10,151.15,6.02,262.99,Alkaloid
Caffeine,C15H39N4O0,676.59,12.88,649.233,Organic Compound
Urea,C2H1N1O10,468.39,6.29,383.448,Lipid
Adenosine triphosphate,C10H11N4O2,101.41,4.0,995.011,Carbohydrate
Urea,C20H29N3O1,122.94,N/A,305.739,Hormone
Ethanol,C10H28N4O10,117.02,12.5,495.965,Hormone
Caffeine,C13H36N0O1,395.0,1.25,494.738,Lipid
Serotonin,C15H24N3O7,362.06,4.77,534.373,Organic Compound
Adenosine triphosphate,C20H18N5O7,224.23,8.62,548.35,Hormone
Caffeine,C20H34N4O2,766.77,N/A,798.545,Carbohydrate
Dopamine,C14H1N0O1,430.92,11.6,951.939,Alkaloid
Urea,C20H37N3O7,331.09,12.21,350.73,Hormone
Urea,C16H31N1O10,946.19,10.18,845.49,Nucleotide
Adenosine triphosphate,C3H21N1O1,610.34,5.49,939.861,Neurotransmitter
Ethanol,C18H1N3O8,636.76,N/A,950.028,Organic Compound
Glucose,C20H15N3O9,233.46,3.48,885.975,Alkaloid
Aspirin,C4H39N4O3,782.48,1.05,743.669,Hormone
Caffeine,C9H21N0O0,743.09,10.82,706.507,Alcohol
Adrenaline,C18H23N3O0,755.39,7.69,137.651,Alcohol
Adrenaline,C10H27N4O1,350.58,5.61,116.216,Hormone
Urea,C6H27N4O3,67.54,3.14,899.344,Organic Compound
Urea,C17H18N2O2,75.76,10.55,722.716,Lipid
Urea,C13H30N2O1,776.56,12.41,538.921,Carbohydrate
Caffeine,C6H32N4O7,851.66,N/A,265.405,Nucleotide
Serotonin,C18H32N0O2,863.63,N/A,401.562,Amide
Cholesterol,C2H16N1O0,991.9,N/A,994.546,Neurotransmitter
Urea,C10H1N0O6,538.49,3.03,260.114,Organic Compound
Adrenaline,C13H9N5O9,890.87,N/A,450.284,Lipid
Aspirin,C8H14N3O10,812.49,N/A,785.354,Lipid
Cholesterol,C8H3N0O0,212.39,13.76,398.95,Organic Compound
Cholesterol,C18H33N5O8,199.28,13.76,790.013,Organic Compound
Caffeine,C12H7N4O2,830.73,11.42,573.884,Organic Compound
Adenosine triphosphate,C6H3N2O5,735.03,4.45,478.032,Organic Compound
Urea,C20H22N1O4,337.54,1.18,77.994,Alcohol
Glucose,C5H38N4O7,386.37,2.29,371.585,Nucleotide
Ethanol,C10H5N3O2,351.66,N/A,988.247,Hormone
Dopamine,C20H8N3O0,907.82,4.94,407.871,Organic Compound
Adrenaline,C10H27N3O5,752.17,13.16,391.572,Amide
Glucose,C11H37N1O0,336.47,7.69,583.264,Nucleotide
Dopamine,C2H16N2O2,477.7,6.2,408.356,Alcohol
Serotonin,C10H26N5O8,918.64,7.3,364.34,Organic Compound
Cholesterol,C9H39N2O8,617.7,1.68,925.807,Alcohol
Ethanol,C16H27N3O0,203.46,N/A,980.286,Nucleotide
Aspirin,C1H13N5O1,720.14,6.73,419.371,Neurotransmitter
Dopamine,C12H39N3O10,597.01,11.16,66.941,Alcohol
Ethanol,C5H6N5O9,121.51,2.96,687.861,Alcohol
Adenosine triphosphate,C8H21N1O10,515.74,N/A,716.881,Nucleotide
Aspirin,C5H35N1O6,120.06,1.64,147.019,Carbohydrate
Adrenaline,C10H14N5O1,143.65,12.9,973.271,Amide
Cholesterol,C2H16N2O1,707.82,3.46,822.909,Amide
Adenosine triphosphate,C14H5N2O4,782.14,8.34,469.305,Neurotransmitter
Urea,C13H7N4O5,862.21,9.04,14.931,Nucleotide
Adrenaline,C19H24N5O6,682.08,N/A,683.412,Alcohol
Urea,C4H4N2O5,501.65,3.11,955.912,Amide
Adrenaline,C8H32N2O10,132.62,7.56,610.038,Alcohol
Ethanol,C15H33N2O7,106.35,12.13,848.788,Organic Compound
Cholesterol,C18H1N0O10,92.59,4.71,18.602,Amide
Dopamine,C1H8N0O0,241.79,6.88,70.03,Carbohydrate
Adenosine triphosphate,C4H20N3O10,765.33,N/A,267.404,Carbohydrate
Glucose,C10H30N2O1,579.93,5.31,919.696,Organic Compound
Glucose,C12H13N4O8,796.53,9.95,553.599,Alcohol
Dopamine,C8H24N0O6,360.17,4.45,916.397,Nucleotide
Adenosine triphosphate,C19H23N4O5,528.15,12.92,761.335,Neurotransmitter
Adrenaline,C11H5N4O4,636.13,2.56,130.064,Nucleotide
Caffeine,C10H39N0O8,897.2,10.87,741.412,Neurotransmitter
Ethanol,C6H2N3O7,62.91,5.93,964.121,Alkaloid
Cholesterol,C13H36N3O4,925.99,13.84,959.745,Alkaloid
Serotonin,C15H36N4O5,918.57,5.8,378.46,Amide
Aspirin,C7H13N4O10,334.57,12.44,538.086,Carbohydrate
Serotonin,C14H31N5O8,80.86,6.61,286.218,Hormone
Glucose,C18H26N4O2,552.84,3.97,176.528,Neurotransmitter
Adenosine triphosphate,C18H14N4O6,378.4,N/A,850.05,Hormone
Caffeine,C6H14N3O10,922.74,11.06,306.369,Hormone
Serotonin,C10H24N2O8,599.04,12.17,550.27,Lipid
Glucose,C7H11N2O4,428.9,N/A,431.089,Hormone
Aspirin,C1H39N4O9,255.43,N/A,561.471,Alkaloid
Glucose,C19H19N3O3,355.41,8.08,224.61,Organic Compound
Glucose,C3H31N5O7,820.38,N/A,473.042,Organic Compound
Glucose,C9H8N2O6,134.08,N/A,824.629,Alcohol
Adenosine triphosphate,C19H6N3O4,402.36,7.0,132.34,Hormone
Adrenaline,C5H7N1O10,138.64,3.96,308.419,Neurotransmitter
Serotonin,C11H28N1O4,740.86,N/A,439.44,Amide
Adrenaline,C9H25N4O8,402.35,6.25,92.261,Hormone
Adrenaline,C9H36N4O10,409.8,3.3,68.126,Organic Compound
Adenosine triphosphate,C20H31N0O8,380.55,6.86,144.88,Amide
Glucose,C7H26N1O4,93.78,N/A,443.476,Amide
Dopamine,C16H21N1O6,939.78,6.41,597.922,Neurotransmitter
Cholesterol,C12H26N2O3,59.52,3.1,80.913,Alkaloid
Serotonin,C12H17N0O1,186.77,N/A,218.871,Carbohydrate
Cholesterol,C20H15N1O8,255.62,11.72,918.848,Alkaloid
Ethanol,C11H18N2O0,104.57,13.07,431.961,Lipid
Urea,C12H37N2O6,302.55,6.23,756.529,Alkaloid
Aspirin,C15H11N3O9,622.63,3.56,912.076,Amide
Caffeine,C14H36N2O9,459.45,N/A,938.801,Neurotransmitter
Glucose,C19H3N0O6,344.55,1.15,779.013,Neurotransmitter
Cholesterol,C20H40N2O9,460.89,2.42,431.44,Lipid
Aspirin,C8H14N5O5,269.65,7.16,71.839,Amide
Cholesterol,C17H1N3O0,992.61,2.22,978.904,Organic Compound
Adenosine triphosphate,C9H5N5O6,370.94,13.19,32.208,Organic Compound
Aspirin,C10H36N0O10,965.54,N/A,982.873,Carbohydrate
Caffeine,C7H32N3O1,483.28,2.68,765.605,Carbohydrate
Serotonin,C20H21N3O7,755.6,N/A,435.483,Alkaloid
Dopamine,C1H14N1O10,643.36,5.86,330.578,Alcohol
Aspirin,C19H12N2O2,620.66,N/A,818.286,Lipid
Glucose,C8H18N1O8,457.17,1.83,171.576,Organic Compound
Caffeine,C7H27N2O6,413.77,6.76,146.862,Carbohydrate
Serotonin,C19H8N1O9,454.79,N/A,772.52,Alkaloid
Adenosine triphosphate,C19H4N1O6,563.36,11.18,566.711,Alcohol
Serotonin,C4H19N0O2,438.32,N/A,65.04,Alcohol
Cholesterol,C10H33N1O8,601.73,8.11,786.718,Organic Compound
Aspirin,C9H26N1O9,914.71,9.99,565.259,Amide
Cholesterol,C15H31N4O10,936.58,9.03,367.569,Carbohydrate
Adrenaline,C5H12N1O3,673.07,3.7,651.522,Lipid
Aspirin,C1H33N3O4,259.75,2.06,750.779,Carbohydrate
Urea,C6H30N1O7,542.33,6.49,257.937,Hormone
Adrenaline,C16H39N0O4,859.45,10.36,88.182,Amide
Caffeine,C6H24N3O0,883.13,9.22,756.121,Amide
Adenosine triphosphate,C19H36N1O5,92.97,6.53,896.689,Alkaloid
Glucose,C4H12N0O10,153.09,11.32,585.629,Lipid
Adenosine triphosphate,C20H32N1O9,527.81,1.03,438.708,Lipid
Caffeine,C11H30N0O3,761.97,1.57,912.289,Lipid
Adrenaline,C13H4N3O8,358.5,N/A,675.79,Nucleotide
Cholesterol,C3H28N4O7,899.84,11.88,481.49,Hormone
Adrenaline,C3H13N0O1,526.68,11.1,989.397,Neurotransmitter
Glucose,C16H8N4O7,757.97,N/A,951.134,Lipid
Cholesterol,C16H17N0O3,555.88,N/A,892.736,Lipid
Adenosine triphosphate,C16H13N1O9,443.52,1.88,101.926,Carbohydrate
Caffeine,C16H25N4O5,509.62,4.9,927.508,Lipid
Serotonin,C1H24N5O9,605.42,9.31,971.819,Alcohol
Aspirin,C3H1N3O3,326.77,N/A,895.277,Neurotransmitter
Urea,C2H1N3O2,927.49,N/A,184.15,Alcohol
Glucose,C8H12N1O10,641.48,2.48,794.243,Organic Compound
Aspirin,C13H33N2O10,603.62,9.24,956.477,Alcohol
Cholesterol,C13H9N1O3,901.38,3.3,596.084,Carbohydrate
Adrenaline,C17H37N3O2,209.46,11.66,634.373,Nucleotide
Cholesterol,C14H5N3O9,912.69,2.08,634.525,Hormone
Ethanol,C8H25N2O6,50.24,5.1,117.664,Hormone
Glucose,C6H14N2O4,168.18,N/A,520.808,Alcohol
Adrenaline,C20H6N1O9,164.79,3.18,813.792,Nucleotide
Aspirin,C7H19N1O1,530.79,N/A,641.742,Hormone
Urea,C1H9N4O6,679.15,7.7,473.685,Alcohol
Dopamine,C9H16N0O10,685.31,10.8,726.683,Hormone
Aspirin,C10H5N4O3,363.62,11.32,342.795,Carbohydrate
Glucose,C12H25N1O4,361.69,2.59,897.418,Amide
Adenosine triphosphate,C15H5N4O3,275.93,N/A,539.096,Hormone
Adenosine triphosphate,C20H37N5O1,542.91,11.2,945.981,Alkaloid
Dopamine,C3H13N3O8,884.3,N/A,298.98,Carbohydrate
Adenosine triphosphate,C19H30N1O3,420.66,11.82,642.83,Alkaloid
Urea,C13H5N5O0,631.77,12.48,386.425,Alkaloid
Adenosine triphosphate,C18H33N5O9,454.44,8.55,353.449,Alcohol
Adrenaline,C17H30N5O2,128.48,3.61,155.483,Lipid
Ethanol,C12H4N3O6,408.58,9.23,596.185,Alkaloid
Ethanol,C13H3N3O9,619.58,2.35,842.713,Alkaloid
Glucose,C6H5N3O8,134.74,6.94,717.652,Hormone
Glucose,C5H14N1O8,933.97,11.5,739.855,Neurotransmitter
Glucose,C5H37N2O9,668.79,N/A,889.7,Carbohydrate
Glucose,C10H18N3O0,738.4,N/A,153.245,Alkaloid
Adrenaline,C1H4N1O4,416.49,12.41,238.816,Organic Compound
Cholesterol,C19H11N5O7,600.55,3.9,670.084,Lipid
Adrenaline,C18H39N5O0,493.63,N/A,667.168,Neurotransmitter
Serotonin,C12H40N1O9,148.61,11.21,706.297,Alkaloid
Caffeine,C10H22N4O4,481.88,3.78,771.708,Neurotransmitter
Serotonin,C13H12N0O8,524.17,2.01,620.332,Alkaloid
Caffeine,C7H12N1O6,165.37,4.34,534.893,Hormone
Cholesterol,C9H38N4O10,571.2,13.29,400.2,Hormone
Glucose,C14H26N0O4,293.18,N/A,78.793,Nucleotide
Glucose,C9H39N3O10,666.74,5.49,295.088,Carbohydrate
Adrenaline,C7H8N4O0,869.55,3.31,826.718,Alcohol
Adrenaline,C18H6N3O6,308.22,6.38,13.633,Alkaloid
Serotonin,C20H7N2O8,740.89,12.21,523.583,Nucleotide
Urea,C15H38N3O5,783.85,9.26,912.455,Alkaloid
Cholesterol,C13H4N1O3,80.52,4.54,84.45,Organic Compound
Ethanol,C20H19N3O4,816.24,9.1,328.39,Amide
Adrenaline,C7H17N0O7,427.96,N/A,191.882,Nucleotide
Glucose,C8H19N5O0,423.83,N/A,68.523,Neurotransmitter
Aspirin,C2H20N5O0,599.24,7.58,788.166,Alkaloid
Urea,C7H3N4O9,329.31,3.91,920.935,Hormone
Aspirin,C18H9N0O2,333.08,N/A,870.099,Alkaloid
Aspirin,C5H6N4O10,705.75,4.65,615.155,Neurotransmitter
Dopamine,C2H6N1O6,662.55,2.66,974.559,Lipid
Aspirin,C13H26N1O1,800.46,11.39,400.904,Alkaloid
Adrenaline,C1H1N4O5,662.98,6.95,77.29,Neurotransmitter
Dopamine,C20H33N2O1,548.98,N/A,855.274,Nucleotide
Adenosine triphosphate,C15H17N1O1,130.84,N/A,865.558,Alkaloid
Ethanol,C16H34N5O7,62.06,12.62,764.891,Alkaloid
Cholesterol,C12H6N4O10,529.95,3.12,473.563,Nucleotide
Glucose,C9H38N2O8,545.01,13.35,987.192,Hormone
Caffeine,C6H22N3O1,978.95,4.51,570.517,Carbohydrate
Serotonin,C17H2N4O10,650.92,N/A,338.336,Lipid
Adrenaline,C1H12N5O10,748.78,5.64,881.846,Alkaloid
Dopamine,C14H1N0O10,863.86,9.55,700.242,Lipid
Caffeine,C18H13N0O4,990.69,9.04,365.948,Nucleotide
Caffeine,C1H9N2O9,850.91,3.94,38.151,Amide
Adenosine triphosphate,C19H11N5O1,942.33,2.75,809.443,Alkaloid
Dopamine,C4H33N4O9,624.82,N/A,393.607,Lipid
Adenosine triphosphate,C2H35N2O5,561.06,10.26,727.402,Carbohydrate
Urea,C7H7N3O10,712.87,11.4,510.352,Alcohol
Aspirin,C1H20N2O8,629.42,9.33,595.033,Organic Compound
Cholesterol,C10H3N2O9,280.36,1.26,995.627,Amide
Adenosine triphosphate,C16H10N5O7,213.87,8.88,440.712,Amide
Glucose,C14H26N0O3,253.54,5.24,892.648,Alkaloid
Dopamine,C14H34N2O9,206.89,10.71,813.917,Neurotransmitter
Glucose,C1H35N5O3,236.44,11.34,596.613,Hormone
Cholesterol,C6H11N3O4,319.38,2.51,784.198,Alcohol
Serotonin,C5H2N1O7,239.6,6.08,719.681,Alcohol
Cholesterol,C9H23N5O6,119.63,1.93,649.632,Alcohol
Cholesterol,C14H7N4O9,218.15,6.7,904.484,Carbohydrate
Aspirin,C20H39N3O3,634.73,11.43,733.413,Alkaloid
Adenosine triphosphate,C17H26N5O2,304.7,2.33,172.474,Hormone
Glucose,C1H20N2O6,252.1,11.78,1.27,Nucleotide
Caffeine,C9H9N4O0,590.95,4.62,80.135,Alkaloid
Ethanol,C16H7N0O8,297.58,2.5,319.869,Nucleotide
Adenosine triphosphate,C2H31N5O6,326.83,12.58,114.821,Alcohol
Caffeine,C8H38N4O5,283.47,8.6,79.128,Organic Compound
Adrenaline,C2H8N1O10,330.94,6.91,634.854,Alcohol
Serotonin,C18H30N5O4,289.97,10.42,397.875,Nucleotide
Serotonin,C5H12N1O6,690.06,N/A,558.322,Alcohol
Adrenaline,C15H2N0O2,632.36,N/A,422.712,Amide
Adrenaline,C5H13N0O10,407.63,N/A,439.593,Carbohydrate
Urea,C18H18N4O2,151.12,5.38,732.579,Organic Compound
Ethanol,C10H7N2O2,966.55,8.57,560.673,Nucleotide
Urea,C14H11N3O4,706.37,8.54,727.917,Alcohol
Adenosine triphosphate,C16H25N3O3,758.76,12.93,869.83,Carbohydrate
Adenosine triphosphate,C20H39N4O4,755.26,8.08,452.204,Carbohydrate
Adrenaline,C15H28N4O10,215.37,9.94,690.369,Alcohol
Urea,C12H12N5O1,273.64,7.74,851.778,Carbohydrate
Ethanol,C4H6N0O6,623.68,12.43,873.888,Organic Compound
Adrenaline,C4H28N1O5,758.64,13.68,932.777,Neurotransmitter
Cholesterol,C15H36N4O4,835.16,9.53,184.738,Alkaloid
Aspirin,C17H14N5O1,316.45,12.95,597.38,Organic Compound
Aspirin,C8H9N2O8,588.95,6.39,95.194,Nucleotide
Ethanol,C16H2N4O6,537.19,N/A,877.876,Hormone
Adenosine triphosphate,C2H16N2O4,160.29,12.35,949.811,Amide
Aspirin,C8H24N1O7,490.0,11.74,40.843,Amide
Adenosine triphosphate,C12H39N1O4,266.51,11.31,27.374,Hormone
Ethanol,C5H22N0O6,422.92,13.14,197.281,Lipid
Cholesterol,C5H3N5O6,432.23,1.4,449.907,Carbohydrate
Glucose,C10H40N0O6,887.89,10.73,25.213,Hormone
Cholesterol,C20H3N3O5,564.58,N/A,664.602,Nucleotide
Aspirin,C12H25N4O3,97.09,12.99,258.393,Alkaloid
Adrenaline,C20H27N4O8,219.87,N/A,599.671,Neurotransmitter
Glucose,C14H10N2O2,460.78,12.36,147.969,Carbohydrate
Aspirin,C7H11N5O1,995.58,5.4,800.124,Carbohydrate
Serotonin,C5H38N4O3,363.91,13.66,544.913,Amide
Serotonin,C19H2N1O6,182.39,4.59,13.495,Nucleotide
Serotonin,C7H3N5O2,972.31,12.75,759.533,Alkaloid
Adrenaline,C9H3N5O3,97.26,9.37,570.439,Alcohol
Urea,C7H33N1O6,475.26,8.82,812.62,Lipid
Adenosine triphosphate,C13H31N4O1,773.07,4.05,871.269,Organic Compound
Serotonin,C8H15N5O7,72.51,10.02,18.803,Amide
Urea,C8H31N1O5,754.52,12.92,718.57,Organic Compound
Dopamine,C6H28N5O8,388.11,N/A,848.582,Carbohydrate
Urea,C15H12N2O2,519.16,2.48,751.825,Alcohol
Adenosine triphosphate,C12H15N1O0,142.06,1.6,388.907,Lipid
Adrenaline,C2H16N1O6,671.04,1.8,90.355,Organic Compound
Aspirin,C9H4N3O10,716.32,8.2,927.563,Alkaloid
Caffeine,C12H24N0O8,231.92,N/A,545.439,Nucleotide
Adenosine triphosphate,C15H1N0O3,826.2,N/A,344.489,Neurotransmitter
Cholesterol,C5H38N3O10,961.81,13.17,706.459,Alkaloid
Ethanol,C3H14N4O1,378.73,N/A,957.571,Lipid
Aspirin,C11H16N1O10,423.76,3.32,290.202,Nucleotide
Urea,C4H11N4O8,822.09,N/A,774.327,Carbohydrate
Aspirin,C11H16N4O5,785.32,N/A,555.416,Alkaloid
Dopamine,C11H6N3O2,713.8,6.5,156.771,Nucleotide
Cholesterol,C13H33N0O10,643.42,11.59,819.686,Lipid
Caffeine,C17H2N2O4,990.77,13.48,644.017,Alcohol
Ethanol,C18H12N0O0,805.53,2.01,907.229,Alcohol
Dopamine,C12H12N5O3,586.99,12.33,815.787,Carbohydrate
Urea,C5H20N0O5,334.76,8.6,432.347,Neurotransmitter
Adrenaline,C8H28N0O3,832.15,7.5,995.054,Organic Compound
Dopamine,C19H3N5O1,252.97,12.57,825.666,Alcohol
Caffeine,C8H1N4O10,71.41,6.48,966.367,Alkaloid
Urea,C14H15N2O0,94.86,N/A,108.556,Nucleotide
Dopamine,C10H21N5O6,738.7,13.09,406.727,Hormone
Adenosine triphosphate,C19H30N2O9,648.45,1.33,7.483,Organic Compound
Cholesterol,C3H30N2O10,563.9,N/A,117.495,Carbohydrate
Glucose,C2H18N1O6,325.74,7.67,32.615,Hormone
Cholesterol,C14H14N1O7,679.2,11.21,17.876,Alkaloid
Dopamine,C17H24N4O7,296.38,13.05,368.558,Neurotransmitter
Caffeine,C18H16N0O1,773.39,N/A,518.442,Alcohol
Serotonin,C9H6N2O9,129.56,N/A,587.27,Neurotransmitter
Urea,C13H27N5O3,127.01,11.15,19.024,Nucleotide
Aspirin,C20H36N2O2,584.82,N/A,304.212,Hormone
Adrenaline,C7H11N0O9,187.04,3.17,25.532,Nucleotide
Ethanol,C17H33N4O6,525.33,2.08,942.127,Carbohydrate
Dopamine,C20H30N3O4,741.59,4.39,385.797,Lipid
Ethanol,C13H20N5O6,736.22,2.84,886.815,Alcohol
Ethanol,C4H30N3O6,643.9,3.05,111.212,Carbohydrate
Dopamine,C13H6N3O9,809.62,10.85,982.249,Lipid
Adenosine triphosphate,C16H11N0O4,785.86,6.8,998.92,Carbohydrate
Glucose,C13H25N4O3,440.49,13.26,263.599,Alcohol
Adrenaline,C10H19N4O10,454.54,8.3,12.23,Lipid
Adrenaline,C13H33N2O9,941.76,2.64,352.524,Carbohydrate
Aspirin,C5H7N5O1,619.61,3.78,375.407,Organic Compound
Urea,C8H13N1O10,855.09,13.97,485.654,Alcohol
Glucose,C17H31N2O1,306.73,1.14,798.432,Nucleotide
Dopamine,C7H8N1O10,634.95,N/A,47.099,Alcohol
Glucose,C4H25N0O7,411.09,7.18,469.849,Alcohol
Aspirin,C20H25N2O1,270.24,N/A,945.359,Amide
Adrenaline,C20H20N0O8,122.82,N/A,581.549,Neurotransmitter
Serotonin,C18H26N3O8,790.61,13.77,122.155,Alcohol
Adenosine triphosphate,C6H24N2O6,646.32,4.68,831.822,Alcohol
Dopamine,C11H37N4O8,91.51,N/A,378.426,Neurotransmitter
Serotonin,C11H39N1O6,703.93,10.93,597.623,Alcohol
Glucose,C3H20N3O2,439.14,6.38,996.064,Alcohol
Adrenaline,C16H9N1O3,320.58,8.69,22.265,Alkaloid
Caffeine,C2H17N3O9,659.79,N/A,657.979,Alcohol
Adenosine triphosphate,C6H35N0O8,714.16,9.97,586.285,Neurotransmitter
Serotonin,C20H29N3O4,648.65,10.18,82.723,Carbohydrate
Urea,C9H32N5O6,219.74,1.26,255.183,Hormone
Dopamine,C8H36N1O0,485.11,N/A,207.662,Lipid
Aspirin,C12H38N2O7,937.98,1.54,893.901,Alkaloid
Cholesterol,C11H15N0O2,679.2,4.6,197.136,Amide
Glucose,C2H8N2O8,539.33,4.95,752.699,Neurotransmitter
Adrenaline,C1H40N3O0,618.36,9.24,665.582,Amide
Aspirin,C12H36N3O3,825.47,N/A,990.747,Alkaloid
Adenosine triphosphate,C7H8N3O8,942.19,11.59,745.649,Carbohydrate
Caffeine,C11H3N3O7,53.76,2.41,117.277,Alcohol
Serotonin,C14H28N1O0,57.79,11.78,303.994,Nucleotide
Serotonin,C7H29N5O10,791.25,2.61,554.732,Hormone
Aspirin,C1H9N3O3,931.96,10.67,18.215,Nucleotide
Aspirin,C2H40N0O1,91.49,1.98,897.965,Hormone
Adrenaline,C20H40N1O0,992.07,N/A,399.75,Hormone
Glucose,C18H20N2O2,645.78,13.1,186.029,Alkaloid
Urea,C6H7N5O6,795.54,10.18,432.276,Alcohol
Urea,C10H21N2O8,636.5,10.77,553.63,Lipid
Adenosine triphosphate,C5H28N3O0,802.06,2.53,139.066,Alkaloid
Caffeine,C18H37N3O0,299.28,5.3,385.604,Neurotransmitter
Adrenaline,C5H8N2O7,272.89,2.94,663.534,Lipid
Glucose,C5H12N2O6,891.59,11.64,391.206,Organic Compound
Dopamine,C5H11N0O4,292.6,9.28,377.241,Carbohydrate
Dopamine,C16H28N5O8,228.9,2.95,490.535,Carbohydrate
Aspirin,C6H21N0O5,822.78,2.53,200.054,Lipid
Cholesterol,C6H26N1O4,278.48,7.01,496.0,Alcohol
Adrenaline,C12H9N4O2,924.93,5.25,24.728,Amide
Cholesterol,C3H13N2O6,570.22,12.67,968.786,Hormone
Urea,C4H20N1O2,459.67,8.4,978.884,Amide
Aspirin,C8H17N3O3,718.69,4.35,425.147,Alkaloid
Adenosine triphosphate,C3H38N5O3,815.23,N/A,417.489,Organic Compound
Serotonin,C10H11N3O5,89.33,7.69,377.248,Hormone
Caffeine,C2H26N1O1,135.36,12.2,750.754,Neurotransmitter
Adrenaline,C9H35N1O6,420.22,13.97,387.553,Lipid
Ethanol,C19H27N1O8,53.0,8.08,907.261,Alcohol
Dopamine,C18H36N2O5,792.94,4.42,243.787,Carbohydrate
Dopamine,C6H40N4O2,419.76,N/A,617.342,Alcohol
Aspirin,C12H3N5O9,738.3,N/A,747.779,Nucleotide
Aspirin,C16H22N4O6,114.5,10.57,690.439,Organic Compound
Dopamine,C19H6N3O0,431.73,8.53,456.469,Alcohol
Ethanol,C5H36N4O10,563.77,11.29,565.176,Alkaloid
Aspirin,C15H13N0O3,964.08,6.06,348.22,Neurotransmitter
Adrenaline,C4H1N1O9,138.78,N/A,246.317,Amide
Aspirin,C15H2N5O2,229.92,11.27,420.73,Hormone
Dopamine,C19H40N3O5,822.51,4.9,672.789,Neurotransmitter
Dopamine,C12H22N1O4,696.9,12.13,778.456,Carbohydrate
Urea,C6H5N3O2,95.35,N/A,594.189,Organic Compound
Adrenaline,C5H14N0O2,78.59,4.36,934.027,Hormone
Cholesterol,C3H26N3O2,698.65,7.91,100.205,Organic Compound
Aspirin,C16H20N3O6,569.11,N/A,583.092,Neurotransmitter
Ethanol,C1H9N1O10,116.81,12.36,650.035,Hormone
Glucose,C7H31N2O8,798.22,10.72,409.83,Lipid
Adenosine triphosphate,C18H34N5O10,95.32,10.37,58.977,Alkaloid
Aspirin,C2H38N0O3,890.97,10.35,109.806,Amide
Urea,C10H23N2O0,219.33,11.99,544.308,Alkaloid
Glucose,C6H20N0O2,266.03,1.61,30.351,Amide
Glucose,C7H24N1O5,570.04,12.65,768.908,Neurotransmitter
Serotonin,C7H19N2O2,896.98,8.3,75.636,Hormone
Dopamine,C6H18N4O0,980.06,4.44,782.195,Lipid
Caffeine,C11H31N2O9,582.96,10.53,127.17,Lipid
Ethanol,C14H39N2O0,880.0,9.78,733.734,Alkaloid
Cholesterol,C3H32N1O1,158.06,5.41,736.206,Lipid
Cholesterol,C6H11N2O5,280.78,11.6,130.471,Hormone
Dopamine,C14H2N1O10,942.92,3.4,423.003,Carbohydrate
Aspirin,C1H3N0O4,726.65,9.02,370.118,Carbohydrate
Cholesterol,C6H12N1O9,111.48,13.93,829.901,Alcohol
Ethanol,C3H16N3O8,293.46,5.11,837.428,Nucleotide
Adrenaline,C1H30N5O4,122.38,8.55,493.04,Alkaloid
Caffeine,C14H15N4O5,980.58,12.36,756.716,Amide
Glucose,C6H28N2O7,528.85,10.85,223.874,Nucleotide
Ethanol,C12H16N1O2,278.63,9.12,934.431,Carbohydrate
Adenosine triphosphate,C2H39N0O4,957.63,13.37,841.754,Nucleotide
Dopamine,C8H10N3O2,846.75,9.24,355.996,Neurotransmitter
Caffeine,C15H22N4O9,838.71,3.53,28.253,Neurotransmitter
Cholesterol,C2H16N5O1,711.23,9.27,105.174,Hormone
Serotonin,C13H24N3O2,988.98,N/A,12.515,Alcohol
Ethanol,C5H35N3O6,252.98,3.7,511.876,Amide
Aspirin,C16H4N3O3,277.97,4.01,350.339,Carbohydrate
Urea,C11H8N3O6,67.48,4.33,632.999,Alkaloid
Aspirin,C12H25N5O6,490.16,N/A,55.403,Nucleotide
Glucose,C4H31N1O3,750.81,10.31,532.742,Nucleotide
Ethanol,C14H16N4O7,833.51,8.76,277.446,Organic Compound
Dopamine,C12H24N3O7,94.2,7.85,679.976,Amide
Glucose,C13H31N0O10,96.86,13.28,186.524,Neurotransmitter
Glucose,C17H39N4O4,605.27,3.38,980.64,Neurotransmitter
Caffeine,C8H19N5O7,500.08,10.24,187.186,Alkaloid
Glucose,C4H17N1O5,106.25,9.63,297.319,Amide
Aspirin,C3H6N4O2,992.71,4.66,222.802,Neurotransmitter
Cholesterol,C6H37N4O6,370.51,11.66,500.309,Carbohydrate
Glucose,C18H23N0O6,640.02,N/A,843.096,Nucleotide
Serotonin,C12H8N2O4,570.69,2.97,591.825,Amide
Urea,C2H33N4O8,823.9,7.76,854.573,Alcohol
Glucose,C6H3N0O1,511.51,8.99,773.52,Carbohydrate
Urea,C12H30N1O3,329.14,N/A,482.711,Alkaloid
Caffeine,C17H2N3O7,88.57,2.35,180.982,Lipid
Ethanol,C7H31N3O2,587.82,9.0,552.585,Lipid
Caffeine,C2H10N3O3,199.84,7.56,735.184,Lipid
Glucose,C13H16N3O7,285.26,N/A,178.46,Amide
Ethanol,C1H1N3O5,623.44,10.95,32.722,Alkaloid
Adenosine triphosphate,C14H24N3O2,113.76,6.31,341.524,Carbohydrate
Aspirin,C15H32N4O5,85.64,6.14,863.374,Alkaloid
Cholesterol,C11H39N4O1,551.18,N/A,851.694,Hormone
Caffeine,C18H23N1O5,940.0,13.67,670.185,Carbohydrate
Aspirin,C11H35N5O10,51.91,9.25,41.705,Alkaloid
Adrenaline,C16H27N1O2,747.81,4.7,517.083,Lipid
Caffeine,C12H17N2O9,91.8,6.65,998.501,Alcohol
Aspirin,C10H16N3O9,365.78,N/A,725.128,Neurotransmitter
Caffeine,C8H35N2O7,55.23,N/A,187.532,Amide
Ethanol,C14H37N4O3,202.65,N/A,623.659,Nucleotide
Serotonin,C4H20N5O10,865.5,13.36,693.168,Organic Compound
Glucose,C1H36N5O10,886.59,10.97,816.761,Nucleotide
Glucose,C10H23N3O0,54.47,2.05,347.619,Amide
Adenosine triphosphate,C20H15N0O8,505.44,N/A,306.297,Hormone
Adenosine triphosphate,C4H3N4O0,800.66,2.88,408.549,Hormone
Cholesterol,C10H12N5O3,80.31,1.48,765.037,Alkaloid
Aspirin,C2H12N2O6,142.95,N/A,105.24,Carbohydrate
Serotonin,C15H5N2O9,302.7,N/A,208.848,Lipid
Adrenaline,C1H18N4O10,562.51,7.13,462.02,Amide
Adrenaline,C14H14N2O7,927.66,11.2,863.573,Amide
Caffeine,C9H12N3O2,566.65,11.29,32.989,Amide
Adenosine triphosphate,C16H40N3O5,518.52,3.49,683.516,Neurotransmitter
Dopamine,C14H11N1O9,595.56,8.42,892.0,Alcohol
Caffeine,C10H21N1O2,996.03,6.99,53.213,Nucleotide
Caffeine,C19H7N0O9,221.16,9.69,38.242,Organic Compound
Serotonin,C7H24N5O0,342.32,6.39,341.974,Nucleotide
Glucose,C19H16N5O5,846.43,6.33,594.753,Hormone
Aspirin,C19H30N1O9,640.56,8.06,775.572,Alcohol
Serotonin,C6H9N1O2,131.53,4.92,193.289,Carbohydrate
Cholesterol,C16H4N2O6,330.23,N/A,166.618,Amide
Adrenaline,C10H32N5O7,177.81,7.61,457.567,Amide
Urea,C16H20N4O4,315.01,3.22,541.409,Neurotransmitter
Adenosine triphosphate,C4H26N4O7,472.5,2.26,293.359,Alkaloid
Serotonin,C10H21N5O4,521.3,11.57,913.948,Amide
Glucose,C17H24N2O2,262.61,2.32,437.887,Alkaloid
Cholesterol,C4H16N0O6,438.31,N/A,503.1,Nucleotide
Urea,C18H17N2O3,212.43,4.76,396.028,Amide
Cholesterol,C5H28N2O8,55.81,9.33,656.411,Nucleotide
Adrenaline,C14H20N4O2,326.54,12.77,198.191,Alkaloid
Adrenaline,C12H15N5O10,380.03,9.21,411.686,Amide
Cholesterol,C19H5N4O2,526.85,11.76,77.476,Hormone
Dopamine,C1H26N1O5,61.42,9.16,61.905,Carbohydrate
Serotonin,C19H27N5O6,909.01,3.97,31.538,Carbohydrate
Adenosine triphosphate,C12H12N0O8,290.86,N/A,620.567,Organic Compound
Aspirin,C15H36N5O1,808.45,5.82,815.583,Alcohol
Ethanol,C20H8N4O8,460.95,3.54,125.999,Alcohol
Urea,C8H2N5O9,524.05,5.38,516.439,Hormone
Serotonin,C16H15N0O8,427.2,5.38,22.699,Hormone
Aspirin,C14H3N3O7,898.44,N/A,175.752,Nucleotide
Adrenaline,C1H24N4O5,336.38,13.86,77.305,Hormone
Cholesterol,C3H14N2O8,743.15,N/A,807.037,Amide
Caffeine,C17H21N4O2,563.17,9.17,547.243,Nucleotide
Adenosine triphosphate,C13H40N2O2,391.71,9.6,982.371,Alcohol
Caffeine,C4H11N5O7,696.27,1.8,537.686,Alkaloid
Dopamine,C19H24N3O10,522.35,N/A,622.206,Hormone
Urea,C9H31N4O4,959.95,2.77,369.949,Lipid
Cholesterol,C7H27N3O5,543.54,9.26,798.782,Hormone
Urea,C16H40N4O10,900.17,10.56,264.596,Hormone
Adenosine triphosphate,C5H15N5O9,533.79,8.0,863.783,Alkaloid
Adenosine triphosphate,C8H3N0O2,464.07,2.48,999.435,Carbohydrate
Adenosine triphosphate,C2H31N1O6,158.38,3.11,543.362,Hormone
Caffeine,C19H14N0O7,143.17,9.51,731.165,Alkaloid
Urea,C12H18N2O0,357.43,3.45,468.215,Alcohol
Urea,C20H3N0O5,412.03,12.16,431.521,Alcohol
Adrenaline,C20H27N0O9,823.9,6.31,573.139,Carbohydrate
Adrenaline,C9H9N5O5,637.76,9.74,293.183,Hormone
Adenosine triphosphate,C7H27N1O6,618.76,8.38,399.621,Lipid
Adrenaline,C3H30N5O7,658.82,N/A,607.328,Nucleotide
Serotonin,C19H20N2O10,700.03,13.28,894.377,Hormone
Urea,C3H16N2O4,721.33,2.08,978.86,Organic Compound
Caffeine,C8H7N5O9,442.79,4.88,683.532,Alkaloid
Urea,C11H11N4O3,613.12,N/A,99.314,Organic Compound
Urea,C14H21N3O6,788.83,6.7,428.822,Hormone
Adenosine triphosphate,C10H14N0O8,471.67,2.45,541.976,Hormone
Glucose,C18H34N2O8,925.58,N/A,719.277,Carbohydrate
Cholesterol,C3H27N2O5,403.91,11.34,294.565,Carbohydrate
Ethanol,C13H38N1O10,556.98,9.55,531.836,Carbohydrate
Dopamine,C8H33N0O0,427.26,4.53,515.757,Amide
Aspirin,C13H11N4O1,366.96,13.23,654.616,Amide
Cholesterol,C17H23N3O7,62.53,5.63,626.688,Alcohol
Adrenaline,C2H35N2O1,874.22,N/A,639.679,Organic Compound
Caffeine,C10H38N5O3,862.71,N/A,396.861,Neurotransmitter
Caffeine,C11H7N1O4,80.2,10.08,652.301,Organic Compound
Ethanol,C19H17N0O4,516.47,4.69,648.601,Neurotransmitter
Urea,C4H27N1O8,168.34,9.43,611.281,Lipid
Urea,C5H27N3O4,907.27,6.2,6.62,Alkaloid
Cholesterol,C13H26N4O1,578.56,4.11,927.608,Nucleotide
Glucose,C5H2N3O4,960.92,11.94,597.47,Carbohydrate
Adrenaline,C3H37N1O9,912.14,N/A,430.626,Carbohydrate
Caffeine,C17H23N0O7,296.81,7.99,555.024,Amide
Caffeine,C20H15N4O10,593.78,N/A,90.654,Organic Compound
Dopamine,C15H38N3O3,89.23,1.28,324.333,Organic Compound
Glucose,C16H9N0O8,230.95,13.23,31.503,Lipid
Dopamine,C5H24N4O7,233.36,9.28,758.07,Alcohol
Caffeine,C5H9N0O5,496.02,N/A,681.232,Nucleotide
Ethanol,C11H6N1O2,877.36,9.28,889.406,Amide
Ethanol,C6H31N3O3,997.67,10.96,506.297,Lipid
Dopamine,C12H36N5O8,994.95,10.78,327.279,Lipid
Adenosine triphosphate,C20H14N1O1,961.18,8.42,88.858,Organic Compound
Adrenaline,C15H24N2O0,972.02,13.15,229.081,Alkaloid
Aspirin,C6H2N4O3,879.78,7.19,40.283,Hormone
Adenosine triphosphate,C2H16N3O8,410.11,3.68,289.951,Hormone
Adenosine triphosphate,C8H1N3O6,171.3,6.73,6.379,Carbohydrate
Urea,C10H22N5O7,493.5,2.41,79.989,Organic Compound
Urea,C13H39N4O2,175.16,2.82,642.041,Nucleotide
Adrenaline,C3H1N5O10,417.24,1.11,976.971,Neurotransmitter
Ethanol,C17H29N1O10,798.94,4.12,839.625,Hormone
Ethanol,C10H35N1O2,568.67,12.18,494.65,Alcohol
Serotonin,C13H30N4O7,555.61,10.8,888.327,Lipid
Serotonin,C1H5N3O4,128.73,N/A,931.638,Organic Compound
Adenosine triphosphate,C8H31N3O10,813.94,11.96,619.329,Lipid
Dopamine,C10H14N1O8,749.86,2.05,335.102,Neurotransmitter
Urea,C7H36N0O10,530.35,12.61,677.779,Organic Compound
Serotonin,C1H7N0O10,575.79,10.55,899.419,Organic Compound
Serotonin,C17H15N3O4,574.43,10.68,506.398,Alcohol
Adrenaline,C15H6N1O6,541.45,13.91,17.883,Organic Compound
Cholesterol,C2H9N4O5,90.43,6.89,689.096,Nucleotide
Glucose,C3H10N0O4,100.14,2.13,226.349,Alkaloid
Urea,C10H20N0O1,736.85,13.74,292.11,Hormone
Ethanol,C20H5N2O0,925.83,9.1,715.75,Amide
Adrenaline,C16H33N1O6,833.69,11.38,406.174,Alkaloid
Ethanol,C18H39N0O10,822.78,9.98,166.231,Alkaloid
Glucose,C12H4N0O3,670.45,3.62,235.649,Organic Compound
Ethanol,C5H21N0O9,645.62,13.19,375.669,Alcohol
Glucose,C7H8N5O3,573.14,7.68,129.667,Amide
Serotonin,C8H16N4O0,535.76,3.07,667.005,Organic Compound
Glucose,C3H19N5O10,816.57,N/A,182.815,Organic Compound
Urea,C17H17N0O7,804.92,5.18,950.893,Lipid
Cholesterol,C8H30N0O9,591.22,12.5,646.744,Alcohol
Dopamine,C18H20N4O4,109.26,1.11,96.69,Nucleotide
Serotonin,C8H1N1O9,746.05,N/A,729.677,Amide
Cholesterol,C15H27N4O4,313.52,8.33,459.538,Alkaloid
Aspirin,C19H12N4O2,652.61,N/A,805.287,Organic Compound
Adrenaline,C6H19N4O5,183.46,2.91,518.788,Nucleotide
Glucose,C12H38N5O0,862.66,12.68,533.125,Alcohol
Cholesterol,C18H23N1O3,938.71,N/A,171.481,Amide
Cholesterol,C17H2N2O8,973.78,8.04,390.842,Lipid
Aspirin,C6H4N3O2,993.87,13.98,195.174,Hormone
Caffeine,C7H11N2O2,882.28,5.79,886.895,Lipid
Serotonin,C4H3N4O9,893.14,10.21,234.623,Alcohol
Ethanol,C8H10N4O2,796.35,9.62,971.445,Carbohydrate
Serotonin,C15H1N4O3,366.91,5.26,348.78,Hormone
Cholesterol,C9H3N1O1,433.05,12.0,81.628,Carbohydrate
Serotonin,C1H19N0O3,733.59,12.01,492.922,Hormone
Urea,C6H9N1O0,887.62,5.39,579.468,Alcohol
Glucose,C3H16N4O10,937.74,2.71,587.582,Alkaloid
Ethanol,C18H31N4O1,363.99,12.85,694.734,Carbohydrate
Aspirin,C11H10N4O4,102.39,N/A,559.361,Lipid
Urea,C17H24N2O3,258.83,9.46,588.278,Lipid
Cholesterol,C18H31N0O1,137.3,N/A,329.013,Alkaloid
Caffeine,C17H14N1O0,773.09,1.7,72.597,Neurotransmitter
Ethanol,C8H23N5O4,254.39,N/A,759.72,Hormone
Caffeine,C13H7N0O6,52.66,N/A,349.758,Alcohol
Glucose,C5H27N5O2,299.3,N/A,555.78,Organic Compound
Cholesterol,C9H22N0O2,187.7,8.49,544.181,Carbohydrate
Aspirin,C20H28N4O10,115.21,1.41,430.236,Lipid
Cholesterol,C3H28N3O6,275.87,3.84,442.0,Amide
Adenosine triphosphate,C8H10N2O0,189.32,N/A,352.435,Organic Compound
Serotonin,C12H23N2O10,603.67,2.79,273.726,Lipid
Cholesterol,C14H3N2O5,519.71,N/A,343.553,Alkaloid
Adrenaline,C17H34N1O10,527.41,7.99,7.268,Carbohydrate
Ethanol,C10H27N5O0,270.22,4.95,170.218,Alkaloid
Ethanol,C10H3N1O1,346.54,4.9,354.478,Alkaloid
Ethanol,C2H37N0O5,413.8,4.82,684.361,Neurotransmitter
Ethanol,C4H12N3O6,108.88,6.27,387.52,Carbohydrate
Adenosine triphosphate,C13H5N2O1,585.55,N/A,544.399,Neurotransmitter
Cholesterol,C11H34N3O4,132.24,N/A,339.086,Lipid
Dopamine,C2H28N0O8,299.08,7.56,196.572,Amide
Dopamine,C11H22N2O1,814.23,8.61,313.815,Organic Compound
Caffeine,C15H20N2O3,95.98,6.69,415.793,Alkaloid
Aspirin,C11H36N2O10,292.72,4.27,799.07,Alkaloid
Caffeine,C6H21N3O7,249.03,8.77,65.984,Organic Compound
Ethanol,C15H13N2O0,94.86,11.9,310.427,Nucleotide
Serotonin,C2H19N3O6,633.47,10.69,393.652,Alcohol
Caffeine,C19H20N4O2,356.13,11.47,626.143,Neurotransmitter
Aspirin,C11H35N4O10,117.61,3.63,365.183,Hormone
Urea,C12H4N5O6,795.22,2.09,919.751,Lipid
Aspirin,C13H35N3O9,704.71,6.05,195.628,Neurotransmitter
Caffeine,C3H27N5O10,919.08,N/A,659.131,Carbohydrate
Caffeine,C12H33N4O6,855.88,9.85,402.062,Lipid
Serotonin,C7H2N4O6,970.92,N/A,150.503,Amide
Caffeine,C6H40N3O2,179.7,N/A,108.251,Carbohydrate
Urea,C5H39N2O6,745.05,N/A,218.859,Hormone
Cholesterol,C20H36N3O10,878.79,2.76,869.922,Neurotransmitter
Dopamine,C9H34N1O5,454.12,13.54,896.828,Neurotransmitter
Adenosine triphosphate,C14H3N0O10,364.42,6.25,774.316,Amide
Ethanol,C6H17N3O6,169.24,13.63,207.776,Nucleotide
Caffeine,C20H17N5O8,571.62,N/A,29.113,Alkaloid
Adrenaline,C2H9N1O2,221.68,5.66,25.247,Neurotransmitter
Adenosine triphosphate,C19H38N1O8,537.07,N/A,397.741,Amide
Caffeine,C3H20N3O10,50.98,11.08,41.394,Amide
Adrenaline,C2H9N2O7,991.07,N/A,553.613,Lipid
Adenosine triphosphate,C10H36N0O4,764.99,2.59,726.984,Amide
Cholesterol,C8H28N0O3,297.55,N/A,386.494,Hormone
Urea,C15H32N1O0,600.66,N/A,706.861,Organic Compound
Dopamine,C1H20N3O6,237.5,N/A,775.204,Carbohydrate
Dopamine,C4H30N2O6,549.27,7.91,112.496,Amide
Glucose,C8H24N4O5,63.1,9.16,521.331,Alkaloid
Caffeine,C10H39N2O2,68.0,N/A,679.041,Alkaloid
Cholesterol,C18H26N2O10,937.45,N/A,133.206,Lipid
Serotonin,C14H2N2O8,163.23,10.94,199.01,Alcohol
Serotonin,C8H33N5O1,201.69,8.24,423.228,Nucleotide
Caffeine,C14H17N4O8,205.89,N/A,367.168,Amide
Caffeine,C5H19N4O1,175.77,N/A,31.411,Hormone
Adrenaline,C10H12N1O10,560.9,N/A,497.923,Carbohydrate
Glucose,C19H26N1O2,680.93,10.28,141.306,Alcohol
Ethanol,C7H29N4O7,668.86,9.42,137.972,Neurotransmitter
Serotonin,C3H6N4O1,555.0,1.38,530.538,Amide
Urea,C11H31N2O4,184.13,N/A,911.907,Nucleotide
Glucose,C18H31N2O8,890.68,1.29,376.318,Organic Compound
Aspirin,C5H28N1O3,132.98,13.79,575.295,Hormone
Glucose,C11H37N4O10,711.72,6.26,541.371,Hormone
Dopamine,C6H39N0O10,137.37,N/A,902.598,Amide
Dopamine,C2H1N2O1,419.55,5.61,561.893,Carbohydrate
Cholesterol,C14H30N5O7,710.95,11.14,701.627,Alcohol
Cholesterol,C11H30N5O0,652.53,N/A,226.313,Alkaloid
Adenosine triphosphate,C7H37N4O0,315.94,N/A,132.525,Neurotransmitter
Urea,C17H19N3O0,778.94,6.11,460.483,Alkaloid
Caffeine,C4H33N3O5,418.19,12.91,871.495,Alcohol
Aspirin,C13H20N5O1,132.79,N/A,652.345,Amide
Cholesterol,C6H27N1O7,377.46,5.09,852.982,Lipid
Cholesterol,C3H29N5O0,350.96,8.31,374.972,Alkaloid
Aspirin,C18H8N4O4,690.43,9.73,461.948,Lipid
Caffeine,C3H37N5O6,198.0,9.49,796.815,Carbohydrate
Cholesterol,C20H8N2O9,740.09,11.94,27.973,Hormone
Serotonin,C18H37N2O7,596.23,8.47,922.199,Alkaloid
Adrenaline,C1H4N2O10,737.28,13.15,688.668,Nucleotide
Glucose,C3H19N2O5,436.84,10.34,356.445,Nucleotide
Aspirin,C7H27N0O10,340.75,4.14,322.295,Organic Compound
Aspirin,C18H16N0O9,261.32,N/A,424.718,Neurotransmitter
Caffeine,C16H25N2O10,363.13,7.56,699.444,Alcohol
Cholesterol,C9H6N0O8,202.93,9.77,597.456,Alkaloid
Cholesterol,C19H8N3O6,769.66,12.14,394.379,Hormone
Caffeine,C4H31N3O5,74.84,1.23,494.981,Carbohydrate
Adrenaline,C8H24N1O6,902.94,N/A,673.75,Amide
Cholesterol,C5H9N5O2,762.44,12.17,993.787,Carbohydrate
Adrenaline,C1H7N3O3,293.13,N/A,813.091,Alcohol
Adenosine triphosphate,C12H18N2O1,932.87,N/A,887.369,Lipid
Ethanol,C1H1N4O3,742.67,3.55,295.193,Amide
Aspirin,C18H8N3O8,811.38,13.79,972.231,Organic Compound
Urea,C16H35N0O10,176.51,13.27,702.608,Neurotransmitter
Serotonin,C20H19N0O5,279.84,5.99,865.241,Organic Compound
Urea,C15H40N3O9,909.02,6.86,264.99,Hormone
Aspirin,C9H36N1O4,775.81,12.53,224.057,Lipid
Serotonin,C11H28N1O0,619.31,1.42,855.107,Neurotransmitter
Serotonin,C8H11N2O9,107.4,12.56,449.517,Alkaloid
Dopamine,C14H3N2O10,304.4,N/A,761.22,Alkaloid
Adrenaline,C11H1N2O6,580.59,5.11,356.548,Alcohol
Adenosine triphosphate,C16H27N1O3,892.75,8.87,545.088,Carbohydrate
Ethanol,C3H15N5O1,896.67,11.33,608.783,Nucleotide
Adrenaline,C19H25N0O4,707.31,8.56,562.72,Neurotransmitter
Aspirin,C18H12N2O2,892.43,2.08,474.553,Carbohydrate
Cholesterol,C3H11N3O0,515.64,6.7,516.448,Alkaloid
Urea,C2H14N0O9,887.51,8.66,534.033,Neurotransmitter
Dopamine,C10H37N2O8,187.73,10.12,427.19,Lipid
Urea,C16H31N2O0,189.35,6.44,157.937,Hormone
Adenosine triphosphate,C5H18N3O1,452.52,N/A,770.432,Carbohydrate
Urea,C13H1N5O7,738.12,12.81,283.93,Alcohol
Cholesterol,C9H27N3O10,228.23,9.96,859.863,Hormone
Glucose,C14H31N0O9,719.58,6.41,535.599,Alcohol
Urea,C7H29N4O2,832.4,8.7,887.615,Alcohol
Glucose,C14H22N2O10,620.52,12.12,572.116,Amide
Adrenaline,C7H2N5O7,315.97,4.12,131.098,Neurotransmitter
Aspirin,C20H40N3O5,749.15,7.13,841.143,Amide
Adenosine triphosphate,C20H2N3O7,237.67,N/A,586.971,Alcohol
Caffeine,C8H37N0O5,911.95,1.42,62.28,Alkaloid
Glucose,C6H5N3O1,488.18,13.54,166.203,Organic Compound
Adenosine triphosphate,C12H15N5O0,317.79,N/A,140.623,Hormone
Dopamine,C4H18N0O10,963.81,N/A,507.408,Alcohol
Cholesterol,C4H30N5O0,581.32,4.07,664.001,Neurotransmitter
Ethanol,C1H12N3O1,901.34,N/A,35.54,Amide
Urea,C13H1N5O7,719.88,4.94,885.827,Organic Compound
Serotonin,C16H21N5O3,601.97,N/A,546.092,Neurotransmitter
Adenosine triphosphate,C8H9N5O3,646.85,13.48,271.842,Carbohydrate
Caffeine,C20H40N0O6,887.28,N/A,174.581,Nucleotide
Urea,C3H9N1O9,57.74,10.31,230.291,Alcohol
Adenosine triphosphate,C7H20N1O9,219.26,12.52,100.441,Carbohydrate
Ethanol,C6H33N2O6,230.17,8.39,115.436,Alcohol
Caffeine,C19H8N1O2,434.22,13.32,194.293,Amide
Dopamine,C13H20N3O9,50.19,9.08,750.408,Alkaloid
Dopamine,C8H38N4O0,90.4,5.47,36.605,Organic Compound
Ethanol,C17H34N3O3,953.65,9.99,761.404,Alcohol
Urea,C5H40N3O6,67.6,N/A,393.482,Alkaloid
Adrenaline,C19H18N5O1,782.18,11.65,2.626,Alcohol
Serotonin,C2H14N4O9,546.08,13.12,918.424,Amide
Adrenaline,C14H3N1O3,903.8,N/A,142.74,Hormone
Aspirin,C11H15N5O9,569.4,8.53,134.658,Hormone
Urea,C17H22N4O3,335.04,13.97,956.607,Neurotransmitter
Aspirin,C11H35N1O1,255.57,5.6,38.611,Organic Compound
Adrenaline,C12H31N5O4,806.67,9.56,844.793,Lipid
Adenosine triphosphate,C9H22N1O3,53.92,9.78,969.38,Hormone
Adenosine triphosphate,C7H33N4O9,368.53,8.37,378.761,Amide
Dopamine,C3H7N5O5,419.05,10.38,905.55,Alcohol
Adenosine triphosphate,C19H19N3O5,325.28,7.76,738.759,Neurotransmitter
Adrenaline,C17H38N5O9,812.5,12.32,78.839,Carbohydrate
Ethanol,C3H16N3O10,156.05,5.52,666.015,Alcohol
Ethanol,C16H4N4O5,152.04,3.39,500.184,Hormone
Dopamine,C4H8N0O1,476.08,4.45,241.131,Alcohol
Adrenaline,C1H24N0O9,549.12,8.94,266.532,Carbohydrate
Serotonin,C4H21N3O8,572.11,8.32,582.505,Carbohydrate
Dopamine,C16H9N4O5,291.78,11.5,270.084,Hormone
Dopamine,C1H9N3O3,604.81,3.79,119.104,Hormone
Ethanol,C17H33N4O8,67.37,1.96,788.278,Neurotransmitter
Aspirin,C3H4N1O9,785.87,N/A,423.817,Nucleotide
Adrenaline,C9H39N2O0,982.6,10.01,839.812,Alcohol
Serotonin,C4H38N3O4,759.9,7.91,742.725,Nucleotide
Glucose,C19H11N3O6,707.72,10.45,490.102,Carbohydrate
Glucose,C3H1N1O6,303.08,10.54,895.926,Hormone
Urea,C19H19N3O0,965.83,10.92,495.565,Nucleotide
Dopamine,C13H9N3O8,526.19,9.94,945.448,Amide
Aspirin,C11H23N1O4,864.49,9.29,361.974,Neurotransmitter
Aspirin,C15H13N0O2,132.56,3.1,950.142,Organic Compound
Serotonin,C9H27N3O4,584.39,9.51,417.657,Hormone
Adenosine triphosphate,C4H39N5O3,452.88,1.47,604.067,Alcohol
Cholesterol,C6H34N5O4,931.05,4.82,765.299,Alkaloid
Serotonin,C7H32N0O9,392.45,8.91,294.355,Alkaloid
Caffeine,C3H40N4O1,945.44,N/A,801.018,Alcohol
Aspirin,C9H10N1O5,737.1,3.04,656.623,Nucleotide
Caffeine,C13H28N2O9,518.08,7.02,658.215,Amide
Adenosine triphosphate,C18H40N4O0,780.22,N/A,438.099,Lipid
Adrenaline,C18H6N4O4,340.66,N/A,545.969,Hormone
Caffeine,C14H5N5O3,330.48,7.3,86.031,Amide
Ethanol,C13H35N4O5,82.67,7.18,924.452,Neurotransmitter
Urea,C11H30N3O9,608.87,13.83,811.489,Neurotransmitter
Adenosine triphosphate,C15H28N3O3,138.65,9.09,205.516,Alkaloid
Serotonin,C3H28N5O4,272.83,12.86,200.343,Hormone
Cholesterol,C20H24N5O9,862.1,7.9,201.916,Carbohydrate
Caffeine,C3H23N3O10,627.27,10.5,997.506,Alkaloid
Serotonin,C14H5N1O1,94.6,1.92,210.312,Carbohydrate
Adenosine triphosphate,C5H39N1O3,65.71,10.26,434.537,Amide
Ethanol,C16H33N0O8,641.08,2.71,747.157,Carbohydrate
Urea,C19H39N0O7,430.95,5.81,430.935,Lipid
Adenosine triphosphate,C12H35N4O9,145.86,9.72,170.214,Carbohydrate
Dopamine,C15H18N2O10,545.23,8.54,359.77,Hormone
Adrenaline,C18H37N0O0,100.22,6.35,125.352,Neurotransmitter
Ethanol,C17H3N0O8,895.06,6.64,788.892,Organic Compound
Adenosine triphosphate,C10H20N5O6,184.73,7.53,397.402,Lipid
Ethanol,C14H39N3O10,601.82,7.31,247.257,Alkaloid
Serotonin,C12H25N1O1,351.72,N/A,240.744,Alcohol
Aspirin,C13H18N1O5,510.12,10.7,384.442,Neurotransmitter
Serotonin,C10H11N0O8,416.83,12.25,982.391,Lipid
Urea,C16H13N0O3,214.38,N/A,439.05,Amide
Ethanol,C10H21N0O10,771.7,11.32,950.561,Organic Compound
Caffeine,C13H34N4O1,354.9,N/A,683.275,Amide
Urea,C8H20N5O1,986.55,N/A,800.25,Alkaloid
Dopamine,C9H18N2O3,106.84,N/A,737.301,Organic Compound
Cholesterol,C2H25N4O7,704.45,9.6,442.735,Organic Compound
Dopamine,C1H26N2O10,589.33,12.81,207.228,Nucleotide
Caffeine,C7H32N3O9,347.55,N/A,191.052,Hormone
Cholesterol,C3H31N1O8,372.19,3.71,977.104,Nucleotide
Glucose,C13H6N0O0,967.71,12.85,305.683,Nucleotide
Adrenaline,C11H6N0O4,918.17,N/A,504.863,Neurotransmitter
Glucose,C4H33N4O2,901.57,12.12,839.346,Hormone
Aspirin,C7H6N3O3,769.98,N/A,773.82,Alcohol
Glucose,C7H2N3O4,697.19,13.66,673.751,Lipid
Ethanol,C5H18N0O7,482.61,N/A,164.733,Alcohol
Serotonin,C1H35N4O0,483.18,5.15,250.966,Neurotransmitter
Cholesterol,C13H32N5O6,989.84,8.19,226.106,Carbohydrate
Aspirin,C4H40N4O1,588.63,1.53,697.889,Neurotransmitter
Serotonin,C1H37N1O6,522.2,4.89,344.976,Neurotransmitter
Adenosine triphosphate,C16H11N2O6,370.3,N/A,344.384,Amide
Aspirin,C7H6N5O4,977.44,11.44,486.587,Hormone
Aspirin,C9H27N5O7,438.15,11.25,82.065,Organic Compound
Cholesterol,C1H11N2O1,974.15,3.93,145.294,Neurotransmitter
Serotonin,C20H28N5O9,564.69,6.44,753.564,Neurotransmitter
Serotonin,C18H5N0O10,663.1,4.12,203.99,Organic Compound
Cholesterol,C16H15N3O5,315.1,N/A,739.013,Organic Compound
Urea,C20H15N1O3,83.72,2.74,260.14,Neurotransmitter
Adenosine triphosphate,C18H35N1O4,851.21,6.83,832.379,Neurotransmitter
Adenosine triphosphate,C15H32N0O9,604.26,12.91,129.804,Alcohol
Cholesterol,C4H11N4O5,432.56,12.22,94.823,Hormone
Ethanol,C12H28N0O8,699.29,7.62,766.344,Nucleotide
Ethanol,C3H26N2O4,729.8,N/A,70.831,Amide
Adrenaline,C16H35N0O1,365.51,5.0,808.567,Alcohol
Dopamine,C11H40N1O3,668.91,N/A,455.504,Amide
Adrenaline,C11H6N3O5,223.81,13.86,685.853,Alcohol
Caffeine,C5H26N2O1,541.18,13.38,855.351,Amide
Ethanol,C17H17N1O7,911.28,3.35,620.754,Amide
Aspirin,C19H11N4O8,439.78,3.8,4.129,Hormone
Urea,C2H38N5O8,990.0,3.81,854.466,Carbohydrate
Caffeine,C7H22N3O9,325.62,8.08,137.5,Alcohol
Cholesterol,C18H40N4O3,883.43,12.35,517.966,Nucleotide
Caffeine,C13H8N5O10,451.77,2.7,783.33,Alcohol
Glucose,C7H22N1O2,487.24,N/A,397.287,Amide
Adenosine triphosphate,C4H37N2O7,564.94,4.27,807.922,Amide
Cholesterol,C8H16N5O10,586.65,10.22,490.083,Alkaloid
Aspirin,C8H36N2O1,274.25,N/A,637.747,Amide
Glucose,C20H18N3O0,78.84,6.25,823.399,Organic Compound
Adrenaline,C3H27N2O10,155.7,8.32,806.842,Alkaloid
Adrenaline,C2H29N3O1,462.96,11.04,719.98,Organic Compound
Glucose,C7H25N1O3,259.86,N/A,374.33,Alcohol
Adenosine triphosphate,C14H14N4O1,656.33,12.43,672.978,Neurotransmitter
Cholesterol,C19H7N2O8,275.52,4.01,966.271,Nucleotide
Dopamine,C2H26N3O10,415.11,N/A,103.097,Nucleotide
Ethanol,C10H39N2O7,437.7,6.79,232.761,Organic Compound
Cholesterol,C9H7N5O1,565.49,N/A,435.556,Carbohydrate
Adenosine triphosphate,C13H15N4O6,858.81,2.39,239.319,Organic Compound
Dopamine,C11H29N5O6,926.11,9.22,853.109,Organic Compound
Ethanol,C6H21N5O10,812.74,N/A,954.643,Lipid
Glucose,C16H22N0O2,517.19,6.04,604.305,Amide
Ethanol,C17H21N1O9,611.04,7.4,329.696,Hormone
Caffeine,C5H15N5O5,577.55,3.86,513.934,Amide
Glucose,C17H39N5O8,585.78,13.15,611.918,Neurotransmitter
Glucose,C14H38N1O9,387.77,4.96,757.765,Hormone
Glucose,C4H25N5O10,344.79,N/A,531.315,Hormone
Ethanol,C2H20N4O5,739.21,9.23,139.075,Lipid
Cholesterol,C13H34N3O7,859.6,3.76,102.8,Hormone
Aspirin,C16H36N0O1,117.8,1.78,892.685,Carbohydrate
Adrenaline,C10H29N4O0,102.67,8.63,760.711,Neurotransmitter
Adenosine triphosphate,C18H32N1O2,186.02,N/A,497.658,Alcohol
Dopamine,C7H27N1O2,59.32,11.83,32.56,Organic Compound
Urea,C2H3N1O6,721.78,N/A,813.435,Lipid
Urea,C16H25N2O10,183.34,8.85,663.944,Organic Compound
Caffeine,C16H16N3O0,213.94,7.66,580.926,Nucleotide
Urea,C20H7N1O10,416.61,9.51,393.057,Amide
Dopamine,C4H16N1O1,547.11,5.72,351.135,Nucleotide
Dopamine,C6H7N3O1,210.4,N/A,64.493,Carbohydrate
Serotonin,C19H27N1O9,974.78,9.94,338.621,Carbohydrate
Ethanol,C4H8N3O4,144.86,6.03,104.242,Hormone
Caffeine,C14H15N3O1,449.6,4.68,487.933,Organic Compound
Adrenaline,C19H25N3O6,802.99,N/A,593.234,Amide
Aspirin,C9H10N1O5,822.1,6.42,270.268,Organic Compound
Caffeine,C11H11N1O3,824.06,11.28,361.782,Carbohydrate
Serotonin,C11H28N2O6,482.4,4.4,167.92,Amide
Serotonin,C18H24N0O1,336.7,N/A,550.789,Lipid
Ethanol,C1H26N1O5,863.34,4.84,291.457,Hormone
Aspirin,C18H1N3O0,418.94,6.37,165.621,Hormone
Aspirin,C6H40N2O10,588.75,N/A,203.184,Neurotransmitter
Ethanol,C5H15N1O4,636.79,3.0,147.296,Nucleotide
Dopamine,C7H13N3O0,644.85,6.73,836.337,Organic Compound
Dopamine,C18H9N2O4,621.37,N/A,963.299,Hormone
Cholesterol,C17H1N3O2,464.07,N/A,49.324,Hormone
Ethanol,C6H33N1O6,468.9,9.32,160.274,Alkaloid
Caffeine,C1H13N2O5,724.04,2.56,914.012,Carbohydrate
Dopamine,C6H3N0O9,709.94,5.24,883.825,Neurotransmitter
Ethanol,C18H15N3O2,708.67,N/A,16.805,Alkaloid
Caffeine,C17H10N0O10,575.28,N/A,616.64,Nucleotide
Adrenaline,C11H17N4O9,158.28,N/A,368.565,Hormone
Dopamine,C19H37N1O9,512.32,2.51,938.016,Nucleotide
Caffeine,C2H19N2O9,504.91,2.19,514.004,Alcohol
Caffeine,C5H22N5O6,585.55,1.89,791.88,Alcohol
Adenosine triphosphate,C2H17N2O4,529.83,11.2,268.408,Hormone
Dopamine,C11H11N4O9,969.9,6.56,129.277,Amide
Urea,C14H30N4O7,471.35,4.98,720.513,Alcohol
Urea,C9H22N1O6,695.83,13.14,909.564,Alcohol
Serotonin,C1H2N4O2,380.08,3.88,53.853,Alkaloid
Dopamine,C18H16N0O5,404.95,4.59,507.719,Organic Compound
Ethanol,C13H19N4O3,466.12,2.81,232.992,Alcohol
Adenosine triphosphate,C10H39N4O10,847.03,13.74,829.855,Carbohydrate
Adenosine triphosphate,C19H26N4O9,490.64,5.25,738.809,Alcohol
Adenosine triphosphate,C10H32N1O0,506.42,1.66,927.564,Amide
Aspirin,C4H5N1O1,745.05,N/A,270.943,Lipid
Aspirin,C4H38N0O6,786.38,2.24,651.623,Alkaloid
Dopamine,C9H5N3O3,993.1,N/A,221.17,Hormone
Glucose,C19H4N0O9,495.85,9.08,181.258,Amide
Glucose,C4H15N2O2,590.78,6.02,613.285,Alkaloid
Dopamine,C8H28N5O2,529.81,2.49,322.381,Alkaloid
Aspirin,C9H20N0O8,762.71,8.21,360.008,Lipid
Urea,C14H40N1O3,790.27,8.1,48.546,Organic Compound
Serotonin,C12H3N5O8,153.88,9.53,678.854,Amide
Urea,C6H15N3O3,166.43,N/A,782.221,Amide
Adrenaline,C20H11N1O5,607.16,1.32,836.902,Alcohol
Urea,C8H20N5O3,364.85,2.22,581.367,Amide
Ethanol,C6H23N2O9,835.75,10.3,103.215,Nucleotide
Serotonin,C12H40N2O2,872.44,N/A,631.058,Lipid
Adrenaline,C9H24N5O9,989.15,1.11,792.878,Hormone
Cholesterol,C6H31N1O0,823.48,9.16,633.581,Alkaloid
Ethanol,C5H40N2O2,778.06,3.57,882.625,Organic Compound
Glucose,C16H3N1O7,150.06,10.94,547.13,Lipid
Adenosine triphosphate,C18H7N4O1,873.79,1.28,813.791,Carbohydrate
Adrenaline,C8H18N4O3,964.09,N/A,559.532,Carbohydrate
Urea,C7H15N0O9,574.54,9.63,398.511,Amide
Serotonin,C13H2N4O2,655.71,9.18,63.493,Lipid
Ethanol,C2H36N2O9,779.39,13.77,149.866,Nucleotide
Dopamine,C16H11N1O6,58.71,1.11,725.477,Alcohol
Aspirin,C15H23N1O2,201.65,7.99,198.286,Alkaloid
Aspirin,C17H36N5O8,162.32,8.14,691.473,Neurotransmitter
Cholesterol,C17H5N1O4,635.07,7.97,387.544,Nucleotide
Adrenaline,C16H15N4O8,597.29,3.35,298.481,Lipid
Urea,C9H4N5O0,831.55,11.18,105.778,Carbohydrate
Serotonin,C6H2N2O6,687.08,N/A,18.77,Hormone
Ethanol,C13H19N0O2,304.55,N/A,981.623,Lipid
Adenosine triphosphate,C1H17N3O2,578.17,6.92,249.498,Hormone
Adrenaline,C17H32N2O5,363.46,9.41,864.291,Amide
Urea,C17H25N1O2,966.77,5.87,34.844,Amide
Urea,C5H28N5O2,439.2,5.73,759.217,Alkaloid
Serotonin,C13H38N0O3,88.33,13.95,685.263,Neurotransmitter
Serotonin,C13H17N0O9,806.43,4.92,936.411,Lipid
Cholesterol,C14H14N5O6,964.58,7.27,90.566,Amide
Adenosine triphosphate,C20H21N3O6,710.72,11.1,664.638,Lipid
Adenosine triphosphate,C9H31N2O5,666.75,N/A,549.154,Carbohydrate
Ethanol,C3H11N1O0,802.7,N/A,560.404,Alcohol
Dopamine,C19H18N0O4,832.08,8.65,217.577,Nucleotide
Ethanol,C5H28N2O4,971.13,2.65,85.239,Neurotransmitter
Ethanol,C13H13N1O4,380.8,5.46,153.042,Amide
Dopamine,C6H8N0O7,331.64,8.85,460.225,Organic Compound
Dopamine,C14H27N4O8,137.39,2.57,339.182,Lipid
Dopamine,C4H9N0O1,826.91,6.46,501.605,Alkaloid
Adrenaline,C2H28N0O8,237.24,12.14,631.114,Alcohol
Ethanol,C7H23N0O0,666.13,4.03,492.146,Amide
Dopamine,C12H22N4O6,665.03,6.25,565.98,Hormone
Ethanol,C2H28N3O4,655.03,12.64,400.996,Amide
Adrenaline,C8H11N4O2,374.02,12.08,484.76,Neurotransmitter
Cholesterol,C10H26N2O8,739.8,N/A,522.117,Organic Compound
Cholesterol,C8H14N1O9,636.36,4.13,590.878,Hormone
Glucose,C8H6N5O1,474.47,11.66,458.112,Lipid
Dopamine,C17H29N2O1,848.17,10.17,491.569,Organic Compound
Aspirin,C8H26N2O9,606.19,9.59,883.213,Alcohol
Cholesterol,C3H4N5O10,817.51,10.33,487.738,Alcohol
Dopamine,C7H5N5O7,633.58,13.88,10.386,Lipid
Urea,C6H21N3O6,527.71,1.91,331.342,Nucleotide
Caffeine,C6H39N0O3,872.88,N/A,236.512,Alkaloid
Urea,C10H37N1O1,330.7,11.4,590.207,Amide
Aspirin,C4H24N0O7,887.92,13.96,242.625,Hormone
Aspirin,C9H12N0O5,431.34,12.02,747.561,Alkaloid
Urea,C18H22N4O10,921.5,N/A,703.807,Lipid
Serotonin,C9H26N0O6,320.73,4.1,836.527,Amide
Adenosine triphosphate,C4H17N1O4,816.41,4.33,424.647,Lipid
Ethanol,C3H34N4O3,765.73,N/A,757.633,Alcohol
Glucose,C13H33N3O8,616.38,5.6,301.833,Neurotransmitter
Aspirin,C17H18N0O2,903.08,3.94,382.773,Alcohol
Dopamine,C11H18N3O7,916.28,4.29,953.608,Amide
Cholesterol,C6H3N5O9,806.6,6.43,19.352,Neurotransmitter
Serotonin,C16H20N1O0,384.94,5.74,768.022,Hormone
Urea,C14H20N2O3,757.84,7.32,970.351,Alkaloid
Dopamine,C17H11N1O9,908.88,1.31,724.278,Amide
Glucose,C15H31N1O5,201.85,3.11,54.768,Hormone
Aspirin,C8H23N0O5,989.36,N/A,808.408,Amide
Ethanol,C9H9N2O7,185.62,7.65,541.812,Lipid
Adrenaline,C16H23N2O3,312.64,1.7,260.978,Nucleotide
Serotonin,C2H3N0O9,679.48,13.03,494.568,Nucleotide
Serotonin,C1H15N5O8,316.66,N/A,563.02,Carbohydrate
Dopamine,C13H22N4O7,193.93,7.25,893.763,Neurotransmitter
Urea,C20H40N2O7,528.22,10.89,173.206,Alkaloid
Adrenaline,C11H12N3O4,597.32,4.6,37.143,Alkaloid
Adrenaline,C3H29N5O6,317.01,8.5,294.318,Nucleotide
Urea,C3H27N0O0,419.25,12.39,1.624,Alcohol
Ethanol,C7H8N2O0,618.12,5.7,975.725,Amide
Adenosine triphosphate,C6H32N4O4,510.41,10.23,391.338,Alcohol
Adenosine triphosphate,C7H26N4O0,103.99,N/A,202.47,Organic Compound
Ethanol,C4H36N2O8,938.2,8.55,577.767,Alkaloid
Cholesterol,C3H8N5O5,934.5,N/A,945.151,Alkaloid
Serotonin,C6H29N3O2,915.33,1.98,195.308,Hormone
Glucose,C1H9N0O0,577.21,11.62,904.069,Amide
Urea,C4H13N1O3,155.5,6.94,893.95,Alkaloid
Urea,C7H9N3O10,728.07,4.16,899.142,Alkaloid
Caffeine,C1H24N0O5,240.2,N/A,387.656,Organic Compound
Adenosine triphosphate,C12H5N3O2,242.23,4.79,215.536,Neurotransmitter
Serotonin,C2H38N3O10,678.05,N/A,715.6,Neurotransmitter
Cholesterol,C15H33N2O9,546.5,8.93,420.749,Hormone
Serotonin,C14H14N3O8,697.21,2.59,40.289,Carbohydrate
Dopamine,C15H35N1O6,817.65,5.85,752.692,Neurotransmitter
Cholesterol,C13H11N2O7,747.95,1.56,863.13,Hormone
Adrenaline,C19H33N2O6,315.95,11.83,622.254,Carbohydrate
Urea,C6H9N0O5,461.32,N/A,114.704,Alcohol
Glucose,C17H27N0O7,213.85,9.27,828.876,Alkaloid
Adenosine triphosphate,C16H8N3O7,969.42,13.98,139.321,Alkaloid
Ethanol,C9H14N3O7,301.57,4.76,130.057,Organic Compound
Aspirin,C2H4N3O4,783.68,5.32,422.133,Carbohydrate
Caffeine,C18H14N2O2,244.62,11.51,898.356,Lipid
Caffeine,C16H12N2O7,687.04,8.36,713.05,Alkaloid
Caffeine,C3H32N2O4,201.44,2.38,468.531,Organic Compound
Serotonin,C3H35N0O2,557.46,11.92,221.952,Lipid
Urea,C5H31N2O4,70.77,8.23,865.177,Amide
Urea,C4H11N5O5,403.64,N/A,670.702,Organic Compound
Serotonin,C1H30N2O0,222.26,3.68,848.406,Organic Compound
Caffeine,C6H3N0O3,343.67,N/A,969.463,Carbohydrate
Urea,C9H4N2O4,95.53,1.19,943.67,Hormone
Aspirin,C9H14N1O3,110.33,6.01,45.888,Carbohydrate
Glucose,C5H6N3O9,821.42,10.25,804.012,Amide
Cholesterol,C9H10N1O3,867.96,12.54,796.101,Hormone
Adrenaline,C20H35N1O10,806.38,10.93,829.336,Lipid
Ethanol,C13H5N3O8,496.54,3.67,989.156,Lipid
Urea,C16H23N0O1,169.93,1.67,300.078,Hormone
Urea,C18H14N2O4,482.79,N/A,633.752,Amide
Serotonin,C3H22N3O10,493.31,11.6,371.069,Nucleotide
Cholesterol,C18H18N1O4,188.16,N/A,904.413,Hormone
Serotonin,C13H7N0O6,74.95,13.37,167.64,Alkaloid
Dopamine,C19H1N0O10,729.39,8.36,842.255,Lipid
Urea,C3H21N0O5,637.23,13.66,23.176,Lipid
Cholesterol,C6H34N2O10,174.72,N/A,298.266,Neurotransmitter
Adrenaline,C1H34N5O9,538.25,4.26,950.338,Hormone
Adrenaline,C18H27N2O6,374.28,N/A,539.442,Alkaloid
Adrenaline,C17H22N0O8,443.94,N/A,257.846,Nucleotide
Dopamine,C1H33N1O3,212.93,9.03,763.205,Neurotransmitter
Serotonin,C2H32N1O8,715.56,N/A,661.666,Carbohydrate
Urea,C16H34N4O7,672.1,13.38,729.683,Organic Compound
Caffeine,C11H37N3O7,668.81,1.64,774.274,Carbohydrate
Serotonin,C16H13N1O5,914.73,3.59,421.615,Neurotransmitter
Glucose,C17H30N1O8,632.51,5.05,702.483,Nucleotide
Aspirin,C15H13N0O7,994.11,5.98,317.466,Amide
Cholesterol,C7H5N5O2,232.98,6.54,834.957,Alcohol
Caffeine,C14H5N0O4,567.28,2.77,451.945,Hormone
Caffeine,C18H15N0O4,539.97,9.77,653.967,Alkaloid
Serotonin,C14H13N1O3,289.58,13.9,625.997,Carbohydrate
Glucose,C20H15N1O6,475.13,3.57,635.173,Nucleotide
Urea,C15H29N0O3,628.22,9.58,535.665,Carbohydrate
Dopamine,C19H23N0O2,735.66,4.32,263.475,Amide
Serotonin,C6H3N0O2,557.28,8.09,841.61,Alcohol
Dopamine,C1H6N1O2,900.36,3.12,745.618,Alcohol
Serotonin,C2H5N4O10,825.25,6.24,573.13,Neurotransmitter
Glucose,C1H13N2O8,130.28,N/A,209.607,Alcohol
Aspirin,C3H27N4O1,676.34,2.24,652.943,Amide
Serotonin,C16H39N4O3,141.91,10.47,423.161,Neurotransmitter
Urea,C8H24N0O7,592.86,N/A,374.627,Alcohol
Cholesterol,C3H19N3O8,544.14,N/A,175.354,Amide
Dopamine,C10H27N5O10,623.53,10.88,105.067,Nucleotide
Adrenaline,C20H11N5O2,297.63,11.88,743.34,Alcohol
Adenosine triphosphate,C20H31N1O3,425.01,1.98,177.539,Alcohol
Serotonin,C12H30N1O7,747.71,N/A,768.03,Lipid
Adenosine triphosphate,C1H18N5O7,567.82,5.45,873.827,Amide
Dopamine,C13H15N4O4,854.52,4.37,851.341,Alcohol
Adenosine triphosphate,C7H18N5O7,474.75,5.02,497.506,Hormone
Aspirin,C16H34N4O1,468.8,4.62,181.01,Lipid
Dopamine,C15H38N5O10,239.04,3.28,527.397,Carbohydrate
Ethanol,C2H26N1O10,116.4,6.61,864.05,Alkaloid
Dopamine,C8H15N5O6,361.87,9.24,257.804,Organic Compound
Ethanol,C20H22N3O9,892.51,12.91,827.106,Alcohol
Glucose,C9H8N5O3,615.75,12.89,923.955,Alkaloid
Ethanol,C4H27N2O6,125.89,N/A,102.765,Amide
Urea,C5H2N3O7,362.1,N/A,287.462,Alkaloid
Adrenaline,C14H9N3O1,319.46,N/A,480.402,Alcohol
Aspirin,C14H8N1O8,610.37,10.87,198.162,Lipid
Adenosine triphosphate,C11H24N3O9,957.3,5.47,452.509,Alkaloid
Dopamine,C16H37N4O9,259.54,6.08,473.507,Hormone
Serotonin,C13H2N5O2,153.04,3.54,286.864,Amide
Caffeine,C5H3N0O0,831.35,3.47,680.011,Lipid
Glucose,C3H32N1O0,126.55,5.58,916.694,Nucleotide
Cholesterol,C19H23N3O10,524.4,3.13,23.79,Hormone
Aspirin,C17H21N2O10,466.84,13.47,993.53,Amide
Aspirin,C9H25N0O0,677.39,3.94,293.763,Amide
Cholesterol,C11H37N0O6,385.31,12.69,886.308,Nucleotide
Adrenaline,C4H34N1O9,256.18,13.28,554.763,Alcohol
Aspirin,C5H10N0O4,902.79,N/A,597.813,Neurotransmitter
Cholesterol,C4H22N1O8,574.34,2.17,758.778,Hormone
Urea,C9H28N5O8,222.87,7.17,845.469,Lipid
Adrenaline,C10H33N5O6,419.22,11.55,58.442,Amide
Caffeine,C18H4N4O2,796.79,9.89,570.749,Hormone
Urea,C20H18N2O4,615.32,4.2,787.341,Amide
Cholesterol,C4H32N1O9,234.37,N/A,671.76,Lipid
Serotonin,C18H38N0O8,896.23,1.99,381.995,Hormone
Caffeine,C11H11N5O8,667.93,2.41,55.029,Hormone
Adrenaline,C4H3N2O10,846.41,12.67,411.224,Alcohol
Dopamine,C8H36N5O4,658.57,4.39,349.718,Organic Compound
Caffeine,C15H19N4O4,982.79,N/A,496.458,Hormone
Adenosine triphosphate,C11H37N0O7,507.99,2.58,150.66,Amide
Urea,C15H39N4O4,733.93,9.62,166.676,Amide
Adenosine triphosphate,C2H35N0O6,648.37,3.13,651.279,Hormone
Caffeine,C17H34N4O7,750.47,3.31,84.333,Organic Compound
Adenosine triphosphate,C2H10N2O5,223.23,2.09,646.18,Organic Compound
Caffeine,C6H38N5O3,732.1,10.29,936.046,Amide
Serotonin,C20H38N3O0,523.55,7.6,977.71,Neurotransmitter
Glucose,C10H3N0O10,715.17,3.26,320.541,Amide
Adenosine triphosphate,C11H26N1O7,427.17,4.01,494.391,Nucleotide
Cholesterol,C10H27N2O1,956.69,4.54,180.488,Lipid
Glucose,C2H39N0O6,56.8,N/A,58.865,Organic Compound
Aspirin,C11H19N5O2,698.97,6.75,550.362,Hormone
Glucose,C8H35N2O0,100.69,8.5,561.888,Amide
Ethanol,C3H21N1O3,967.04,5.64,462.95,Alkaloid
Adrenaline,C10H1N4O9,296.99,2.94,704.831,Lipid
Caffeine,C16H29N3O1,622.61,N/A,682.557,Organic Compound
Aspirin,C17H39N1O7,66.77,N/A,148.575,Lipid
Serotonin,C12H8N1O0,238.81,3.35,773.521,Hormone
Adrenaline,C6H27N5O9,346.38,5.06,102.314,Nucleotide
Aspirin,C16H10N4O10,609.0,2.51,533.601,Lipid
Glucose,C8H8N5O6,89.38,3.7,593.564,Alkaloid
Adenosine triphosphate,C13H8N5O1,310.89,11.46,70.56,Carbohydrate
Cholesterol,C3H1N1O6,922.45,11.54,532.189,Nucleotide
Dopamine,C10H4N5O5,394.29,13.2,311.304,Hormone
Caffeine,C5H18N1O3,217.98,9.43,866.135,Carbohydrate
Ethanol,C2H22N2O10,778.65,1.17,985.795,Lipid
Adenosine triphosphate,C16H13N5O8,181.65,5.82,267.617,Alcohol
Adrenaline,C7H5N4O1,772.92,7.57,109.767,Nucleotide
Dopamine,C11H36N2O7,763.13,2.96,799.407,Hormone
Adenosine triphosphate,C5H12N0O10,141.28,4.49,39.159,Organic Compound
Adrenaline,C16H6N0O4,253.76,10.13,158.729,Carbohydrate
Adenosine triphosphate,C3H13N0O3,666.29,N/A,195.777,Nucleotide
Adenosine triphosphate,C1H25N2O0,704.13,1.61,953.19,Alcohol
Dopamine,C7H34N5O1,400.01,7.48,8.786,Lipid
Adenosine triphosphate,C8H17N2O3,715.53,13.83,867.18,Carbohydrate
Caffeine,C4H22N2O6,677.7,3.54,127.09,Alcohol
Adenosine triphosphate,C12H26N2O4,366.8,8.55,333.311,Alcohol
Cholesterol,C3H5N1O1,570.45,11.77,499.812,Alcohol
Glucose,C6H27N1O7,299.66,5.97,806.583,Carbohydrate
Caffeine,C5H1N3O0,929.66,12.49,597.926,Organic Compound
Caffeine,C8H36N5O5,733.58,13.38,87.264,Organic Compound
Serotonin,C4H17N0O9,357.53,3.72,775.388,Carbohydrate
Glucose,C11H5N4O0,539.02,10.25,752.583,Alkaloid
Adenosine triphosphate,C5H33N0O0,570.12,N/A,61.957,Organic Compound
Serotonin,C5H31N4O8,202.39,11.73,931.006,Carbohydrate
Adrenaline,C4H40N4O1,156.69,N/A,104.505,Amide
Adrenaline,C7H36N4O5,225.37,5.02,218.234,Organic Compound
Urea,C3H17N3O7,238.67,13.67,635.767,Amide
Dopamine,C13H29N5O0,144.23,13.43,360.045,Lipid
Urea,C17H30N5O2,300.2,13.1,629.492,Amide
Ethanol,C12H3N5O1,933.69,1.17,377.589,Hormone
Cholesterol,C3H40N5O10,648.62,6.41,349.727,Amide
Dopamine,C5H1N1O3,323.52,12.03,894.211,Alkaloid
Dopamine,C1H7N0O0,762.5,7.46,87.984,Amide
Glucose,C12H29N2O5,718.01,2.98,395.041,Neurotransmitter
Glucose,C4H12N2O10,824.45,1.95,776.641,Carbohydrate
Dopamine,C5H3N0O8,793.33,6.31,630.904,Lipid
Glucose,C2H33N0O5,640.55,N/A,535.785,Neurotransmitter
Serotonin,C11H38N1O7,458.59,N/A,63.933,Hormone
Caffeine,C19H3N2O10,259.0,10.81,655.014,Nucleotide
Adenosine triphosphate,C14H29N2O1,872.21,11.82,132.869,Alkaloid
Urea,C4H7N5O0,891.53,2.29,944.222,Alkaloid
Serotonin,C12H5N3O0,236.92,8.54,899.873,Neurotransmitter
Cholesterol,C17H1N2O4,702.76,N/A,978.373,Amide
Urea,C8H35N4O5,777.07,4.97,564.28,Neurotransmitter
Adenosine triphosphate,C20H13N1O10,496.68,12.82,465.246,Neurotransmitter
Adenosine triphosphate,C17H27N3O10,446.77,2.66,538.586,Carbohydrate
Glucose,C16H28N4O6,312.54,11.58,361.447,Amide
Glucose,C7H33N2O8,205.87,5.4,851.591,Lipid
Cholesterol,C3H37N0O6,593.79,9.28,862.254,Organic Compound
Glucose,C18H10N0O3,865.34,N/A,239.542,Alcohol
Ethanol,C14H38N0O10,916.86,5.6,935.797,Organic Compound
Glucose,C10H8N4O4,421.55,7.34,469.897,Lipid
Cholesterol,C4H10N1O3,320.26,N/A,310.491,Hormone
Ethanol,C20H17N3O2,666.88,N/A,274.994,Alcohol
Aspirin,C19H11N5O1,55.73,2.09,995.379,Alcohol
Glucose,C5H16N4O6,112.62,2.5,524.754,Alcohol
Ethanol,C2H28N1O8,844.11,7.72,981.041,Neurotransmitter
Serotonin,C19H26N5O6,744.99,11.42,301.2,Organic Compound
Serotonin,C12H26N3O6,842.32,5.53,462.216,Nucleotide
Cholesterol,C10H34N4O8,955.39,12.47,470.308,Amide
Dopamine,C13H19N5O10,901.6,N/A,149.153,Alcohol
Adenosine triphosphate,C3H22N0O10,196.77,6.73,335.399,Nucleotide
Aspirin,C11H16N0O9,445.83,6.8,487.414,Lipid
Serotonin,C13H39N2O2,852.24,1.62,862.432,Carbohydrate
Aspirin,C15H32N0O5,425.05,12.98,757.887,Nucleotide
Serotonin,C1H18N2O6,245.94,N/A,121.759,Amide
Serotonin,C12H18N2O9,145.55,N/A,217.919,Lipid
Ethanol,C8H7N3O10,790.27,8.92,934.182,Neurotransmitter
Glucose,C9H31N3O10,834.78,12.3,904.585,Alcohol
Urea,C5H33N5O2,677.17,5.74,728.624,Nucleotide
Aspirin,C15H9N1O4,136.12,7.5,244.824,Hormone
Cholesterol,C15H37N4O5,451.1,N/A,694.226,Nucleotide
Cholesterol,C15H33N1O7,921.56,4.71,634.524,Lipid
Cholesterol,C5H36N4O10,382.27,9.25,965.897,Alkaloid
Adrenaline,C3H29N4O0,398.17,13.11,74.294,Neurotransmitter
Aspirin,C15H20N0O10,874.03,8.64,617.235,Neurotransmitter
Ethanol,C19H31N1O2,458.01,2.47,190.943,Carbohydrate
Ethanol,C5H6N0O5,565.63,3.78,480.653,Neurotransmitter
Glucose,C12H7N1O3,674.47,7.91,442.421,Alkaloid
Dopamine,C16H38N1O6,81.23,2.34,289.666,Amide
Urea,C12H17N0O1,127.49,11.25,666.229,Hormone
Urea,C8H29N5O10,453.82,8.45,95.654,Alkaloid
Adenosine triphosphate,C18H22N1O3,717.93,10.56,938.019,Nucleotide
Adenosine triphosphate,C18H40N5O9,430.75,1.73,926.168,Alcohol
Adrenaline,C10H8N2O8,896.1,N/A,430.37,Neurotransmitter
Cholesterol,C15H7N1O6,750.8,6.33,221.75,Alcohol
Urea,C16H33N5O2,853.34,11.65,679.381,Nucleotide
Aspirin,C13H8N3O4,557.11,N/A,494.857,Neurotransmitter
Adenosine triphosphate,C5H40N0O10,457.64,N/A,11.813,Neurotransmitter
Dopamine,C3H21N4O10,460.02,3.63,544.724,Nucleotide
Dopamine,C16H7N3O2,732.17,N/A,964.45,Organic Compound
Adrenaline,C15H2N5O5,270.92,12.53,600.931,Alkaloid
Aspirin,C14H38N0O9,569.28,9.28,224.614,Hormone
Caffeine,C10H19N1O9,360.94,8.73,573.08,Alkaloid
Ethanol,C18H23N0O4,292.48,5.38,183.962,Amide
Aspirin,C19H20N2O5,987.81,3.87,555.454,Carbohydrate
Aspirin,C16H26N3O6,688.94,9.55,969.742,Alkaloid
Ethanol,C11H10N1O4,227.97,5.5,304.452,Hormone
Cholesterol,C5H2N5O2,853.16,5.79,111.487,Amide
Dopamine,C14H19N5O3,316.89,13.13,963.935,Hormone
Adrenaline,C4H35N2O3,592.32,7.89,815.315,Amide
Aspirin,C17H40N1O4,506.21,5.1,567.332,Organic Compound
Caffeine,C9H14N3O8,223.27,3.68,931.473,Hormone
Caffeine,C17H1N0O3,238.53,3.04,894.11,Alkaloid
Aspirin,C12H36N4O7,453.39,N/A,390.465,Alcohol
Adenosine triphosphate,C2H30N4O4,597.91,6.58,593.666,Carbohydrate
Glucose,C10H12N4O7,944.13,13.32,663.868,Organic Compound
Urea,C3H12N3O5,773.19,13.98,257.106,Lipid
Cholesterol,C11H20N0O1,805.73,5.58,321.117,Nucleotide
Aspirin,C6H24N1O10,667.65,N/A,542.936,Alcohol
Adrenaline,C19H18N5O7,583.12,10.81,470.161,Lipid
Dopamine,C14H15N2O0,865.13,3.19,377.025,Alkaloid
Caffeine,C11H5N3O7,338.02,6.01,963.851,Organic Compound
Caffeine,C8H40N2O9,439.04,7.07,145.415,Lipid
Urea,C12H24N3O5,656.76,2.78,437.182,Alcohol
Cholesterol,C1H13N1O10,824.92,7.04,194.659,Alkaloid
Aspirin,C16H10N3O3,825.46,6.34,711.013,Organic Compound
Aspirin,C3H5N3O6,393.26,7.86,155.478,Organic Compound
Glucose,C10H2N4O4,51.47,8.29,255.498,Alkaloid
Adenosine triphosphate,C8H8N1O6,185.54,10.76,98.801,Hormone
Adenosine triphosphate,C5H14N1O3,557.09,N/A,396.39,Lipid
Caffeine,C19H24N4O5,914.04,N/A,85.122,Alcohol
Urea,C8H38N0O4,204.67,10.73,196.017,Alkaloid
Glucose,C3H17N0O6,326.48,8.16,642.923,Alcohol
Dopamine,C4H2N1O10,323.88,12.95,648.773,Alcohol
Urea,C17H31N0O1,641.05,12.09,934.381,Carbohydrate
Cholesterol,C1H35N5O6,305.19,7.76,620.088,Lipid
Serotonin,C8H38N1O9,383.54,13.02,368.568,Hormone
Caffeine,C5H23N2O0,87.28,13.47,342.05,Lipid
Adrenaline,C11H2N5O3,501.08,N/A,602.885,Neurotransmitter
Caffeine,C17H4N3O10,666.94,3.04,187.601,Organic Compound
Glucose,C12H23N1O9,879.31,2.43,189.357,Amide
Urea,C16H13N0O5,52.82,3.0,964.404,Lipid
Ethanol,C19H6N5O8,581.89,3.07,835.886,Alkaloid
Urea,C7H23N3O1,756.64,12.37,108.244,Lipid
Urea,C7H36N0O10,145.62,6.11,698.848,Lipid
Glucose,C8H5N0O8,528.16,1.49,235.685,Neurotransmitter
Ethanol,C18H28N5O2,447.17,5.75,669.852,Alkaloid
Ethanol,C8H15N1O6,875.03,8.01,118.041,Neurotransmitter
Serotonin,C6H16N4O7,335.58,9.53,59.121,Neurotransmitter
Glucose,C20H12N5O3,926.16,2.65,422.115,Alcohol
Adenosine triphosphate,C14H6N1O2,155.14,13.18,680.7,Neurotransmitter
Glucose,C7H7N0O5,154.61,N/A,786.832,Organic Compound
Urea,C13H22N5O9,458.58,N/A,955.44,Amide
Glucose,C11H16N4O0,616.54,6.84,188.28,Alkaloid
Urea,C6H26N3O0,767.06,N/A,860.266,Hormone
Glucose,C15H30N5O8,355.69,7.59,402.345,Organic Compound
Cholesterol,C3H12N3O1,447.37,13.34,508.929,Hormone
Adenosine triphosphate,C14H11N2O1,269.19,6.08,46.712,Nucleotide
Serotonin,C13H30N5O2,284.24,3.54,666.899,Carbohydrate
Adrenaline,C3H12N0O10,962.62,N/A,994.842,Hormone
Glucose,C1H6N1O0,369.93,N/A,163.918,Hormone
Glucose,C12H10N5O5,622.77,8.83,776.686,Organic Compound
Adrenaline,C16H29N5O3,311.27,7.16,164.629,Alkaloid
Cholesterol,C1H13N3O1,275.29,N/A,490.112,Neurotransmitter
Dopamine,C16H7N3O8,552.05,13.91,654.302,Alkaloid
Adenosine triphosphate,C8H19N4O5,991.39,N/A,310.039,Nucleotide
Glucose,C19H17N5O9,285.6,8.12,738.193,Lipid
Adrenaline,C6H31N5O10,926.46,N/A,99.676,Alkaloid
Glucose,C10H38N0O5,963.6,12.05,531.338,Hormone
Cholesterol,C20H4N1O1,807.79,3.17,790.043,Amide
Caffeine,C16H20N5O1,226.37,4.43,455.223,Organic Compound
Dopamine,C19H16N3O8,776.22,N/A,336.385,Nucleotide
Aspirin,C18H25N2O10,729.75,N/A,24.809,Neurotransmitter
Adrenaline,C18H28N2O2,729.46,13.74,966.467,Lipid
Ethanol,C20H7N4O7,752.61,3.62,350.093,Hormone
Urea,C12H2N1O9,701.09,N/A,255.75,Neurotransmitter
Glucose,C14H36N0O6,747.95,4.63,14.76,Lipid
Serotonin,C18H18N2O2,265.37,6.93,172.512,Alcohol
Aspirin,C15H21N0O1,79.55,N/A,672.019,Alcohol
Urea,C17H1N5O0,421.67,N/A,196.5,Alkaloid
Serotonin,C3H10N4O4,732.85,11.14,925.418,Lipid
Aspirin,C9H29N2O3,819.31,1.26,293.898,Hormone
Urea,C12H17N5O10,361.8,N/A,933.617,Hormone
Serotonin,C7H7N4O6,297.03,1.95,534.319,Carbohydrate
Ethanol,C6H33N1O9,922.84,9.99,334.775,Alkaloid
Caffeine,C17H29N1O5,566.88,8.06,529.158,Alkaloid
Urea,C6H13N3O6,591.52,N/A,589.856,Hormone
Adenosine triphosphate,C5H18N2O5,167.33,9.48,487.714,Nucleotide
Adrenaline,C4H28N2O8,395.97,11.46,297.517,Hormone
Ethanol,C8H26N5O3,426.16,3.79,17.16,Hormone
Dopamine,C16H2N1O3,140.78,N/A,156.514,Organic Compound
Serotonin,C18H10N3O6,118.91,N/A,920.59,Lipid
Adrenaline,C8H38N3O8,589.65,1.93,863.16,Alkaloid
Dopamine,C4H7N2O8,513.5,2.83,493.772,Hormone
Dopamine,C18H40N3O9,357.28,3.48,821.341,Organic Compound
Adenosine triphosphate,C8H17N0O3,297.77,5.33,413.966,Alkaloid
Cholesterol,C10H33N2O6,763.39,2.85,456.721,Alkaloid
Aspirin,C8H14N5O3,473.75,N/A,733.53,Amide
Ethanol,C11H20N0O6,453.04,5.69,601.698,Hormone
Caffeine,C6H23N3O2,404.8,10.83,255.365,Alkaloid
Adenosine triphosphate,C5H22N3O10,159.47,3.61,384.988,Nucleotide
Adrenaline,C7H36N3O1,484.51,6.82,452.954,Neurotransmitter
Dopamine,C16H21N1O10,540.53,12.64,364.663,Lipid
Dopamine,C9H4N4O6,745.11,N/A,525.474,Alkaloid
Serotonin,C2H30N5O10,642.43,1.18,564.583,Lipid
Urea,C8H20N0O3,82.25,9.13,905.779,Alcohol
Caffeine,C9H12N2O3,260.95,3.75,877.471,Neurotransmitter
Adenosine triphosphate,C4H22N0O3,724.59,4.31,161.039,Organic Compound
Serotonin,C11H10N2O5,351.84,N/A,649.101,Amide
Serotonin,C17H18N2O8,510.53,5.35,984.041,Nucleotide
Ethanol,C3H8N4O0,114.53,6.32,904.01,Lipid
Adrenaline,C5H32N0O10,448.4,N/A,370.561,Carbohydrate
Cholesterol,C6H39N4O0,773.2,2.57,286.579,Alcohol
Adrenaline,C2H16N5O1,526.59,12.35,631.77,Neurotransmitter
Glucose,C13H40N1O5,686.58,8.9,852.769,Neurotransmitter
Glucose,C5H1N0O7,539.37,8.23,367.283,Amide
Serotonin,C4H24N0O0,457.04,13.06,600.012,Neurotransmitter
Adenosine triphosphate,C2H33N4O10,440.07,11.62,814.999,Alkaloid
Cholesterol,C12H33N1O6,767.01,N/A,5.08,Carbohydrate
Urea,C20H39N4O2,940.29,11.77,600.564,Hormone
Urea,C3H38N0O5,965.03,10.03,76.542,Lipid
Ethanol,C16H31N2O8,145.59,10.52,8.586,Organic Compound
Adrenaline,C17H7N4O6,873.66,12.24,268.318,Nucleotide
Cholesterol,C11H15N2O7,136.1,2.46,36.749,Carbohydrate
Dopamine,C14H2N4O1,752.77,10.15,821.111,Alcohol
Adrenaline,C11H5N1O2,938.06,12.19,332.601,Alcohol
Urea,C19H5N5O4,858.15,N/A,582.908,Organic Compound
Ethanol,C6H18N2O4,244.69,4.32,732.786,Nucleotide
Ethanol,C18H24N1O4,149.02,9.82,720.449,Amide
Urea,C19H35N0O5,374.79,N/A,917.32,Nucleotide
Aspirin,C2H39N1O10,282.41,2.02,861.628,Lipid
Adrenaline,C14H13N3O7,559.94,9.76,594.672,Amide
Aspirin,C4H25N0O6,741.69,2.04,836.545,Hormone
Urea,C10H2N3O1,652.65,4.45,492.081,Alkaloid
Glucose,C14H37N5O0,522.92,4.66,916.424,Organic Compound
Adrenaline,C17H40N3O1,426.48,10.6,211.641,Carbohydrate
Serotonin,C11H12N2O9,774.74,13.13,303.096,Alcohol
Aspirin,C20H39N3O7,920.03,4.01,167.941,Hormone
Adrenaline,C1H5N5O1,424.59,N/A,563.758,Nucleotide
Serotonin,C8H10N5O5,62.23,3.41,552.708,Hormone
Serotonin,C7H20N2O9,200.69,13.45,576.588,Alcohol
Serotonin,C8H17N1O4,634.88,11.49,599.428,Lipid
Serotonin,C7H13N4O5,330.4,4.63,330.004,Organic Compound
Cholesterol,C14H33N2O9,556.78,12.55,162.28,Hormone
Serotonin,C16H10N4O8,765.25,8.31,711.39,Neurotransmitter
Aspirin,C8H31N5O2,636.3,1.2,979.408,Lipid
Serotonin,C13H18N5O5,335.77,2.9,827.836,Amide
Dopamine,C16H18N3O9,767.06,3.5,632.328,Amide
Adenosine triphosphate,C4H24N0O7,625.68,N/A,203.521,Lipid
Cholesterol,C10H15N5O7,141.45,13.88,524.235,Organic Compound
Ethanol,C6H33N3O1,187.59,N/A,894.119,Carbohydrate
Aspirin,C13H7N1O6,729.81,N/A,533.695,Alkaloid
Dopamine,C12H21N4O3,660.97,8.77,119.753,Amide
Glucose,C3H19N4O4,620.31,3.21,13.093,Carbohydrate
Dopamine,C9H36N0O1,988.47,8.95,36.068,Nucleotide
Cholesterol,C6H36N1O10,575.98,N/A,846.276,Carbohydrate
Caffeine,C15H24N4O6,887.32,N/A,531.92,Alcohol
Aspirin,C1H26N1O2,785.06,9.53,718.169,Organic Compound
Ethanol,C11H14N1O3,82.35,1.72,48.272,Hormone
Cholesterol,C10H40N5O1,884.67,6.28,37.708,Amide
Adrenaline,C3H16N2O3,809.97,7.18,547.973,Amide
Dopamine,C16H13N2O2,104.88,N/A,315.031,Neurotransmitter
Glucose,C18H27N4O9,354.68,11.21,974.39,Nucleotide
Serotonin,C4H35N5O9,856.68,8.71,654.935,Lipid
Adrenaline,C4H16N5O10,146.13,8.47,947.323,Alkaloid
Serotonin,C6H38N4O10,875.5,N/A,832.932,Hormone
Serotonin,C13H35N4O3,332.37,6.66,614.144,Nucleotide
Adenosine triphosphate,C20H6N5O9,97.06,3.94,847.021,Lipid
Glucose,C12H35N4O2,921.51,13.48,705.77,Hormone
Dopamine,C3H4N3O3,349.62,3.7,244.779,Carbohydrate
Dopamine,C10H14N2O1,578.36,9.57,836.721,Lipid
Serotonin,C6H24N2O0,902.3,7.5,168.264,Hormone
Glucose,C14H28N2O4,418.75,5.04,390.29,Amide
Caffeine,C8H23N4O10,757.78,6.22,950.852,Hormone
Ethanol,C7H19N2O2,611.47,10.3,383.843,Neurotransmitter
Adrenaline,C20H37N2O7,412.44,12.68,969.312,Neurotransmitter
Glucose,C16H8N0O9,139.66,N/A,100.068,Amide
Adrenaline,C15H9N0O4,818.73,5.84,580.622,Alcohol
Cholesterol,C10H2N5O0,435.73,N/A,328.692,Alcohol
Serotonin,C15H5N1O1,657.84,N/A,174.096,Neurotransmitter
Urea,C2H27N3O7,432.44,5.37,527.116,Alcohol
Cholesterol,C15H10N1O3,154.72,N/A,911.318,Hormone
Caffeine,C19H21N5O3,324.9,13.56,104.821,Organic Compound
Cholesterol,C11H36N0O5,718.88,12.07,620.207,Alcohol
Urea,C18H26N0O9,730.83,10.59,342.657,Alcohol
Caffeine,C15H25N3O2,495.44,4.66,844.828,Alcohol
Ethanol,C16H3N4O5,474.78,3.72,735.423,Carbohydrate
Dopamine,C5H19N2O5,874.77,9.34,184.154,Alcohol
Aspirin,C3H33N3O7,807.57,12.93,508.936,Hormone
Cholesterol,C14H29N1O7,371.63,10.88,159.984,Lipid
Glucose,C12H36N4O4,710.16,13.03,773.268,Amide
Caffeine,C18H32N5O2,75.86,2.86,432.282,Alkaloid
Glucose,C13H20N3O0,924.9,6.74,679.504,Carbohydrate
Urea,C11H25N1O3,711.46,2.26,85.089,Lipid
Serotonin,C9H25N3O9,477.27,2.2,196.004,Lipid
Cholesterol,C14H2N3O5,953.2,5.42,486.205,Amide
Cholesterol,C18H28N2O8,89.68,3.73,117.243,Neurotransmitter
Urea,C3H36N0O3,342.48,8.19,230.766,Nucleotide
Aspirin,C12H32N1O9,999.74,2.35,567.712,Hormone
Aspirin,C7H13N1O6,243.77,N/A,577.065,Lipid
Adenosine triphosphate,C6H28N2O9,189.42,5.96,890.896,Alcohol
Urea,C5H1N4O10,625.35,8.47,205.998,Nucleotide
Dopamine,C3H22N0O0,899.88,9.99,749.689,Neurotransmitter
Adrenaline,C19H22N3O1,451.13,1.91,774.746,Hormone
Cholesterol,C8H27N5O2,181.87,8.01,426.847,Hormone
Aspirin,C12H25N1O4,650.29,11.93,484.474,Amide
Urea,C15H22N4O3,245.66,N/A,168.901,Amide
Serotonin,C18H14N2O3,620.81,N/A,839.137,Alkaloid
Adenosine triphosphate,C19H27N0O7,881.62,10.55,442.415,Organic Compound
Adenosine triphosphate,C14H27N0O6,772.13,N/A,344.885,Organic Compound
Aspirin,C19H38N4O10,53.86,N/A,922.496,Lipid
Aspirin,C17H15N5O5,406.88,5.33,238.338,Carbohydrate
Cholesterol,C13H26N3O1,255.44,12.41,127.751,Alkaloid
Ethanol,C2H34N0O3,602.86,7.45,732.55,Neurotransmitter
Caffeine,C7H37N2O6,522.98,4.47,443.721,Nucleotide
Adrenaline,C17H1N2O1,188.91,4.23,830.039,Lipid
Caffeine,C6H18N2O1,965.83,5.27,64.867,Alcohol
Glucose,C19H18N3O8,278.11,2.68,781.703,Amide
Urea,C16H16N2O8,209.29,N/A,185.287,Alcohol
Adenosine triphosphate,C18H22N4O5,886.67,7.3,337.917,Nucleotide
Caffeine,C12H11N5O1,346.82,8.55,927.986,Nucleotide
Serotonin,C16H31N3O6,249.94,9.68,521.409,Amide
Serotonin,C16H3N2O9,849.51,N/A,258.657,Lipid
Glucose,C1H12N5O3,641.5,7.25,803.937,Neurotransmitter
Urea,C3H28N2O4,955.01,N/A,555.622,Amide
Aspirin,C2H9N1O6,378.56,N/A,322.223,Organic Compound
Adenosine triphosphate,C9H33N4O2,502.08,13.26,7.205,Neurotransmitter
Dopamine,C19H38N1O5,603.43,N/A,616.71,Lipid
Serotonin,C16H38N4O6,575.71,5.29,799.758,Organic Compound
Ethanol,C14H17N0O10,85.31,12.05,505.65,Neurotransmitter
Serotonin,C6H30N2O2,146.07,12.04,411.331,Nucleotide
Aspirin,C20H25N5O5,896.04,13.0,546.809,Organic Compound
Cholesterol,C3H38N1O9,680.4,N/A,824.832,Carbohydrate
Ethanol,C9H16N0O9,373.52,2.02,178.233,Hormone
Dopamine,C8H30N3O2,411.88,7.58,620.966,Neurotransmitter
Caffeine,C14H30N1O2,123.96,6.81,313.981,Carbohydrate
Adrenaline,C8H22N0O6,186.92,13.83,316.046,Alkaloid
Aspirin,C9H10N1O5,649.47,4.74,381.732,Neurotransmitter
Aspirin,C7H27N0O4,579.2,5.09,655.822,Lipid
Serotonin,C6H2N1O4,472.06,2.19,40.311,Hormone
Glucose,C8H8N0O10,71.35,10.53,798.157,Nucleotide
Serotonin,C15H32N1O8,569.56,N/A,290.09,Lipid
Serotonin,C7H17N0O10,272.22,10.2,997.363,Alcohol
Cholesterol,C8H17N5O2,187.58,1.53,448.493,Alcohol
Aspirin,C8H39N2O6,624.6,8.78,661.721,Carbohydrate
Dopamine,C10H12N0O10,327.61,1.38,30.695,Lipid
Serotonin,C11H22N0O8,332.74,12.7,684.587,Carbohydrate
Ethanol,C4H28N1O8,311.47,3.58,825.723,Organic Compound
Adrenaline,C16H4N1O6,60.72,11.36,21.743,Alkaloid
Ethanol,C12H13N2O0,575.95,1.72,590.363,Nucleotide
Cholesterol,C20H7N4O3,398.41,N/A,109.426,Alcohol
Caffeine,C6H12N2O8,544.78,3.53,208.679,Nucleotide
Caffeine,C13H14N3O6,787.83,7.17,596.039,Alkaloid
Ethanol,C7H4N3O7,806.34,13.24,691.763,Carbohydrate
Glucose,C8H14N0O3,768.06,1.96,686.618,Alcohol
Adenosine triphosphate,C17H19N1O4,192.07,7.32,740.12,Neurotransmitter
Adrenaline,C11H10N1O10,832.04,7.54,2.51,Hormone
Dopamine,C16H39N0O7,576.29,12.11,692.185,Lipid
Aspirin,C16H40N2O6,390.22,3.36,61.064,Amide
Adrenaline,C2H11N4O10,88.36,11.34,527.646,Neurotransmitter
Adenosine triphosphate,C11H30N3O8,419.62,6.34,748.493,Hormone
Dopamine,C15H3N3O9,633.03,13.27,962.56,Hormone
Serotonin,C1H3N0O10,962.83,13.06,960.959,Carbohydrate
Ethanol,C16H35N5O5,148.82,4.9,949.042,Hormone
Cholesterol,C14H10N1O8,937.33,N/A,967.83,Nucleotide
Aspirin,C1H24N3O6,813.11,1.67,954.3,Alcohol
Aspirin,C1H7N5O0,240.89,4.91,336.424,Lipid
Urea,C14H1N3O0,617.02,N/A,682.845,Hormone
Urea,C2H32N5O4,810.62,4.19,421.574,Lipid
Dopamine,C12H24N1O6,957.29,12.82,985.721,Neurotransmitter
Cholesterol,C9H27N4O9,551.3,N/A,451.061,Nucleotide
Urea,C8H29N0O1,399.66,2.53,407.378,Amide
Ethanol,C13H4N0O0,88.32,5.77,606.147,Hormone
Caffeine,C5H28N4O9,544.3,9.28,248.911,Alkaloid
Urea,C15H27N5O1,205.45,N/A,742.557,Nucleotide
Dopamine,C7H35N0O3,590.02,N/A,845.18,Lipid
Dopamine,C10H31N0O8,616.59,7.82,648.951,Lipid
Glucose,C5H21N1O0,137.84,7.92,890.505,Carbohydrate
Adenosine triphosphate,C9H25N5O8,315.15,4.2,748.889,Alkaloid
Glucose,C14H10N3O4,749.87,2.33,918.682,Lipid
Glucose,C18H4N0O5,199.44,10.64,792.185,Organic Compound
Serotonin,C8H32N0O9,675.09,5.95,842.759,Amide
Caffeine,C7H25N4O5,730.68,8.65,619.286,Organic Compound
Ethanol,C5H5N2O3,866.4,2.74,747.936,Hormone
Serotonin,C2H38N2O9,954.63,N/A,599.749,Alkaloid
Cholesterol,C4H35N4O0,939.71,13.73,927.191,Neurotransmitter
Caffeine,C8H21N2O7,822.55,10.8,104.326,Amide
Adenosine triphosphate,C2H26N5O8,238.87,N/A,367.07,Nucleotide
Urea,C7H13N0O7,829.44,2.68,89.596,Alkaloid
Urea,C17H21N4O2,973.57,5.76,270.729,Nucleotide
Aspirin,C19H16N1O6,261.57,10.08,853.0,Nucleotide
Urea,C15H37N3O5,933.77,N/A,423.37,Nucleotide
Urea,C4H21N3O0,931.14,13.45,329.682,Nucleotide
Cholesterol,C13H21N2O1,163.69,N/A,237.165,Organic Compound
Caffeine,C16H18N3O8,988.03,7.91,577.953,Organic Compound
Dopamine,C3H6N4O2,239.93,12.86,654.528,Nucleotide
Aspirin,C13H23N2O0,644.17,N/A,925.344,Lipid
Aspirin,C19H28N3O5,125.17,3.59,215.3,Carbohydrate
Cholesterol,C14H5N4O3,76.36,4.6,698.802,Hormone
Caffeine,C15H24N4O3,299.2,N/A,500.004,Alkaloid
Caffeine,C16H21N5O2,156.89,N/A,321.107,Lipid
Glucose,C12H9N5O5,236.98,N/A,92.494,Lipid
Adenosine triphosphate,C18H26N4O2,867.68,4.52,360.912,Neurotransmitter
Aspirin,C19H34N5O3,503.28,N/A,115.46,Lipid
Ethanol,C7H12N2O9,959.87,3.73,856.683,Neurotransmitter
Cholesterol,C20H29N2O4,104.64,2.23,598.971,Alcohol
Adenosine triphosphate,C17H24N4O0,255.79,N/A,883.721,Nucleotide
Adrenaline,C2H2N1O7,808.07,12.06,144.844,Organic Compound
Glucose,C14H1N2O0,314.1,12.54,337.988,Alcohol
Glucose,C10H20N2O7,550.04,2.77,862.518,Alcohol
Adenosine triphosphate,C4H12N2O7,812.34,10.47,608.842,Lipid
Ethanol,C11H32N4O6,467.38,12.51,39.997,Alkaloid
Glucose,C5H6N5O2,308.06,3.75,178.356,Nucleotide
Adrenaline,C6H32N0O10,990.28,10.19,491.715,Organic Compound
Adenosine triphosphate,C14H23N0O0,259.28,5.89,395.919,Lipid
Aspirin,C5H5N1O3,533.41,N/A,865.863,Hormone
Urea,C12H16N4O2,793.32,7.72,658.172,Nucleotide
Adenosine triphosphate,C15H17N1O8,360.39,11.46,578.272,Nucleotide
Adenosine triphosphate,C18H5N1O2,522.25,N/A,235.144,Neurotransmitter
Urea,C5H38N1O8,309.9,13.34,718.193,Organic Compound
Glucose,C13H33N1O8,243.08,9.48,300.297,Neurotransmitter
Serotonin,C13H17N0O7,992.54,3.43,580.649,Carbohydrate
Aspirin,C7H22N5O4,618.67,N/A,828.914,Carbohydrate
Adenosine triphosphate,C8H36N0O2,931.49,1.3,523.351,Amide
Caffeine,C12H35N5O4,947.67,N/A,858.487,Organic Compound
Caffeine,C7H26N2O3,563.97,N/A,315.216,Lipid
Adrenaline,C7H27N1O7,551.42,N/A,993.413,Neurotransmitter
Adrenaline,C13H40N0O4,997.82,13.73,461.321,Alcohol
Aspirin,C3H33N1O6,284.3,N/A,552.893,Hormone
Glucose,C5H35N5O0,352.49,N/A,741.834,Organic Compound
Caffeine,C12H34N5O9,220.55,N/A,285.297,Lipid
Glucose,C16H24N1O2,63.91,7.69,92.585,Carbohydrate
Urea,C3H28N3O0,615.65,9.42,743.858,Hormone
Serotonin,C9H18N1O6,112.22,9.06,90.833,Nucleotide
Cholesterol,C8H21N0O3,143.9,13.55,283.508,Lipid
Aspirin,C15H6N4O8,794.88,N/A,831.486,Amide
Glucose,C2H3N3O3,386.91,N/A,747.661,Neurotransmitter
Aspirin,C15H24N2O6,141.74,3.91,474.909,Lipid
Dopamine,C13H10N3O0,694.79,6.07,736.109,Organic Compound
Adrenaline,C5H19N5O10,377.16,8.65,569.134,Hormone
Dopamine,C14H13N5O5,296.53,3.93,636.216,Alkaloid
Adrenaline,C7H20N5O3,554.35,N/A,165.493,Hormone
Dopamine,C10H29N3O5,477.9,N/A,606.117,Amide
Adenosine triphosphate,C8H36N3O2,569.52,13.9,721.987,Carbohydrate
Aspirin,C13H38N2O6,206.46,6.31,749.148,Amide
Urea,C19H25N1O9,121.2,12.75,579.143,Alcohol
Caffeine,C2H22N4O3,634.03,7.05,38.33,Hormone
Urea,C8H28N5O4,558.01,10.73,638.3,Nucleotide
Caffeine,C13H2N3O8,81.08,7.86,577.595,Organic Compound
Glucose,C12H30N3O9,743.54,N/A,826.113,Alkaloid
Dopamine,C15H29N3O5,707.92,9.85,481.241,Amide
Adenosine triphosphate,C16H16N4O0,922.82,N/A,524.464,Carbohydrate
Aspirin,C1H29N2O6,656.78,8.76,862.944,Hormone
Urea,C9H6N3O2,851.21,N/A,724.804,Organic Compound
Glucose,C6H1N2O4,295.11,3.98,118.925,Carbohydrate
Ethanol,C14H31N0O6,606.47,7.73,418.537,Nucleotide
Glucose,C18H22N4O1,848.11,12.27,78.88,Lipid
Cholesterol,C3H1N4O8,215.3,4.97,718.573,Nucleotide
Dopamine,C7H17N0O4,583.7,7.58,495.089,Amide
Glucose,C10H26N0O0,411.67,5.42,155.064,Alcohol
Glucose,C12H8N2O6,501.68,9.79,321.759,Nucleotide
Ethanol,C11H20N5O7,392.05,3.33,201.683,Alkaloid
Dopamine,C14H31N0O1,611.66,3.97,399.913,Alcohol
Caffeine,C17H40N5O6,196.19,3.35,890.681,Alkaloid
Glucose,C13H29N1O9,81.4,N/A,138.915,Nucleotide
Urea,C1H40N3O0,497.74,N/A,401.381,Amide
Glucose,C12H25N4O0,663.58,3.7,483.571,Nucleotide
Urea,C15H21N1O2,538.05,6.73,8.149,Alcohol
Glucose,C6H8N5O0,492.94,11.91,649.042,Amide
Cholesterol,C16H8N4O6,684.79,8.35,365.548,Organic Compound
Glucose,C15H3N0O6,987.1,4.03,172.534,Alkaloid
Urea,C1H21N5O5,934.57,1.96,237.295,Alcohol
Cholesterol,C3H35N4O10,968.67,N/A,807.412,Lipid
Cholesterol,C3H40N2O2,606.09,12.5,126.996,Alkaloid
Cholesterol,C2H2N1O9,121.66,N/A,311.982,Lipid
Aspirin,C6H6N1O4,621.49,10.02,366.67,Alcohol
Adrenaline,C12H11N5O9,394.63,6.08,508.958,Alkaloid
Aspirin,C12H9N0O1,753.15,7.82,473.999,Lipid
Caffeine,C2H24N0O2,217.14,N/A,244.467,Lipid
Aspirin,C18H29N2O4,923.78,3.99,15.157,Hormone
Urea,C5H26N3O4,969.15,3.91,675.389,Organic Compound
Dopamine,C14H1N0O7,245.82,5.47,157.426,Neurotransmitter
Adenosine triphosphate,C8H40N1O9,129.64,N/A,140.203,Neurotransmitter
Urea,C2H7N4O7,421.09,5.59,603.058,Alcohol
Caffeine,C20H23N2O0,906.38,N/A,722.672,Neurotransmitter
Caffeine,C3H2N4O9,597.84,6.36,161.655,Nucleotide
Urea,C20H13N0O6,961.25,11.19,701.221,Nucleotide
Urea,C9H25N0O6,262.88,11.6,439.94,Alcohol
Serotonin,C13H14N1O0,747.93,8.28,887.392,Neurotransmitter
Serotonin,C12H6N5O10,888.16,N/A,839.409,Alcohol
Aspirin,C7H34N0O10,892.71,8.67,107.096,Alkaloid
Serotonin,C15H19N0O6,143.43,10.57,673.169,Carbohydrate
Serotonin,C18H23N2O7,426.47,10.46,117.66,Carbohydrate
Aspirin,C18H21N2O2,588.79,7.85,37.817,Lipid
Cholesterol,C9H13N2O10,124.57,N/A,181.454,Nucleotide
Serotonin,C7H34N1O3,245.08,2.27,607.378,Lipid
Dopamine,C9H12N5O6,371.99,12.38,849.67,Alcohol
Caffeine,C20H34N5O10,401.62,N/A,290.484,Amide
Dopamine,C7H10N4O6,226.47,10.47,386.615,Alcohol
Dopamine,C1H9N3O2,106.15,7.59,168.062,Hormone
Cholesterol,C15H33N2O2,76.14,5.25,735.453,Neurotransmitter
Adenosine triphosphate,C17H21N3O2,638.77,N/A,901.473,Neurotransmitter
Adrenaline,C3H2N2O1,322.49,5.57,451.385,Alkaloid
Cholesterol,C15H37N3O7,936.15,13.95,400.891,Lipid
Caffeine,C7H10N5O8,236.89,8.0,925.525,Organic Compound
Urea,C10H14N0O8,797.66,N/A,833.843,Amide
Caffeine,C8H28N4O6,728.45,9.36,719.167,Alcohol
Glucose,C9H18N5O0,522.17,6.67,336.752,Neurotransmitter
Aspirin,C8H5N1O10,829.83,10.66,591.026,Carbohydrate
Cholesterol,C7H21N0O0,63.55,2.16,548.801,Carbohydrate
Adrenaline,C4H13N0O7,764.13,9.91,299.847,Alcohol
Aspirin,C1H35N3O0,863.57,4.95,912.951,Neurotransmitter
Adrenaline,C2H40N0O6,248.79,2.76,73.196,Carbohydrate
Glucose,C7H18N2O3,229.52,1.68,958.459,Organic Compound
Adrenaline,C4H21N5O0,786.82,7.7,904.284,Alkaloid
Dopamine,C15H34N4O2,432.59,N/A,613.449,Alkaloid
Caffeine,C12H14N2O5,230.93,2.58,400.714,Amide
Serotonin,C20H26N0O0,329.94,N/A,683.585,Amide
Serotonin,C14H25N5O3,771.26,13.63,927.579,Lipid
Aspirin,C2H10N1O0,674.04,N/A,962.258,Hormone
Dopamine,C13H5N3O0,890.74,11.39,534.526,Carbohydrate
Ethanol,C18H34N2O2,791.3,8.51,587.667,Carbohydrate
Serotonin,C16H15N0O1,745.05,N/A,601.711,Hormone
Dopamine,C18H25N0O4,325.59,8.96,900.293,Organic Compound
Serotonin,C20H28N4O3,375.54,7.03,744.881,Alcohol
Dopamine,C19H19N5O6,309.95,4.57,134.471,Organic Compound
Caffeine,C17H29N5O10,735.32,N/A,888.893,Carbohydrate
Serotonin,C16H35N3O5,232.88,11.02,847.878,Lipid
Adrenaline,C9H10N3O0,803.16,2.84,634.765,Nucleotide
Adenosine triphosphate,C16H39N4O5,683.27,6.91,14.368,Alkaloid
Ethanol,C6H16N1O6,728.36,12.05,45.34,Lipid
Cholesterol,C11H7N2O8,552.03,2.19,90.476,Organic Compound
Glucose,C14H20N2O3,186.88,1.03,66.842,Alkaloid
Ethanol,C3H12N1O7,556.82,7.54,260.728,Organic Compound
Urea,C15H8N3O3,639.5,N/A,253.504,Amide
Dopamine,C1H26N3O9,740.94,10.47,774.378,Carbohydrate
Caffeine,C5H26N0O1,943.23,4.14,855.803,Hormone
Dopamine,C7H14N0O5,285.69,11.16,172.844,Nucleotide
Caffeine,C18H25N1O2,965.94,1.47,402.823,Alkaloid
Dopamine,C8H21N0O4,921.09,N/A,352.379,Organic Compound
Adrenaline,C13H14N5O7,660.26,8.61,298.089,Amide
Aspirin,C20H4N1O6,273.69,6.6,409.742,Amide
Glucose,C1H6N1O4,962.6,N/A,84.421,Nucleotide
Cholesterol,C9H26N2O1,956.24,5.0,888.555,Alkaloid
Ethanol,C14H40N0O9,961.8,N/A,143.543,Amide
Urea,C8H15N2O8,841.07,9.23,457.384,Nucleotide
Cholesterol,C12H5N2O2,868.0,12.89,129.031,Neurotransmitter
Urea,C19H18N5O0,760.39,7.4,634.872,Hormone
Caffeine,C16H15N1O6,502.18,N/A,202.239,Lipid
Aspirin,C12H39N5O0,246.05,10.27,249.412,Alkaloid
Cholesterol,C17H4N4O0,774.33,12.36,702.978,Neurotransmitter
Serotonin,C17H21N5O0,926.99,6.8,747.546,Lipid
Serotonin,C9H16N3O0,99.76,N/A,763.878,Carbohydrate
Ethanol,C5H5N3O9,429.59,7.94,74.276,Alkaloid
Adenosine triphosphate,C1H11N5O8,746.07,1.12,756.376,Carbohydrate
Glucose,C12H40N0O6,461.09,4.59,94.366,Amide
Adenosine triphosphate,C14H2N3O6,771.11,9.27,493.976,Organic Compound
Adrenaline,C4H25N2O3,159.37,N/A,578.397,Carbohydrate
Adenosine triphosphate,C9H37N2O0,707.59,4.3,154.6,Alcohol
Adenosine triphosphate,C15H34N3O1,375.91,7.84,126.159,Hormone
Dopamine,C2H35N3O2,373.72,N/A,663.403,Neurotransmitter
Aspirin,C8H21N4O4,191.03,4.15,763.819,Neurotransmitter
Ethanol,C19H40N1O7,700.94,7.23,154.613,Hormone
Adrenaline,C3H14N1O4,893.98,N/A,788.414,Organic Compound
Adenosine triphosphate,C8H35N5O0,176.87,10.43,105.175,Amide
Adenosine triphosphate,C9H33N2O3,287.19,N/A,236.709,Nucleotide
Aspirin,C8H36N0O8,629.5,2.33,763.649,Neurotransmitter
Cholesterol,C12H18N0O6,270.34,7.24,78.636,Hormone
Urea,C7H10N0O1,547.63,13.47,110.097,Lipid
Dopamine,C4H20N3O5,287.86,12.57,324.29,Alkaloid
Cholesterol,C9H6N2O6,273.1,6.78,362.368,Hormone
Adenosine triphosphate,C9H36N2O5,54.47,N/A,318.808,Hormone
Ethanol,C20H35N4O3,397.75,N/A,266.105,Nucleotide
Serotonin,C15H1N4O3,231.04,4.55,578.255,Nucleotide
Ethanol,C19H17N1O9,710.95,4.73,365.533,Organic Compound
Cholesterol,C15H27N0O4,844.25,N/A,291.289,Carbohydrate
Urea,C11H32N1O5,370.31,3.56,568.518,Neurotransmitter
Cholesterol,C2H6N5O5,784.5,N/A,933.27,Alcohol
Caffeine,C3H39N1O7,899.34,2.07,199.823,Carbohydrate
Urea,C6H11N2O5,473.28,9.31,929.796,Lipid
Dopamine,C1H33N3O9,655.82,12.22,758.049,Organic Compound
Cholesterol,C3H19N4O9,224.59,10.17,182.224,Nucleotide
Aspirin,C5H9N3O0,131.71,12.6,413.524,Organic Compound
Caffeine,C11H37N1O4,215.85,2.5,915.91,Amide
Glucose,C17H23N2O9,901.71,13.16,575.683,Neurotransmitter
Ethanol,C11H38N1O6,246.05,13.02,246.726,Alcohol
Serotonin,C3H22N1O7,707.46,11.6,904.764,Alcohol
Ethanol,C17H33N0O9,370.36,5.49,509.784,Carbohydrate
Caffeine,C2H4N3O1,731.8,11.08,224.63,Organic Compound
Caffeine,C14H5N5O2,846.39,12.33,473.477,Amide
Glucose,C20H21N0O10,714.23,7.57,633.326,Organic Compound
Adenosine triphosphate,C13H20N0O6,672.93,13.43,385.277,Organic Compound
Glucose,C10H5N1O0,291.41,3.09,247.419,Alkaloid
Adrenaline,C20H25N0O8,509.26,9.14,977.457,Hormone
Urea,C9H16N1O9,60.99,6.15,842.258,Organic Compound
Aspirin,C17H6N2O4,136.85,5.84,870.748,Carbohydrate
Glucose,C19H29N5O1,650.47,7.84,312.261,Lipid
Serotonin,C4H22N0O8,776.98,N/A,433.26,Alcohol
Caffeine,C9H4N1O1,200.53,2.32,312.218,Alkaloid
Ethanol,C18H34N5O5,479.78,10.98,827.898,Lipid
Caffeine,C2H22N4O9,254.56,3.98,834.088,Neurotransmitter
Aspirin,C14H17N4O1,343.0,8.98,622.853,Amide
Aspirin,C15H32N3O3,572.43,4.38,460.856,Amide
Dopamine,C11H21N2O1,425.61,11.76,145.376,Carbohydrate
Cholesterol,C11H23N4O5,487.44,10.09,905.054,Organic Compound
Ethanol,C6H38N1O6,711.48,10.84,152.21,Lipid
Glucose,C8H21N1O4,901.16,9.9,688.469,Lipid
Cholesterol,C7H3N5O7,746.71,5.54,917.227,Neurotransmitter
Cholesterol,C5H2N4O5,468.36,N/A,370.273,Lipid
Serotonin,C11H22N4O10,74.73,N/A,501.827,Nucleotide
Adenosine triphosphate,C15H4N3O3,277.12,12.74,942.044,Neurotransmitter
Dopamine,C18H6N1O0,422.81,12.91,269.092,Organic Compound
Serotonin,C4H2N4O5,123.66,3.82,299.894,Alcohol
Ethanol,C11H9N0O1,161.29,13.46,665.91,Alcohol
Adrenaline,C5H12N1O2,155.24,7.48,641.449,Alkaloid
Urea,C19H8N2O2,624.9,N/A,894.853,Hormone
Dopamine,C3H10N1O10,643.94,11.89,759.649,Carbohydrate
Serotonin,C3H4N2O1,67.07,9.38,397.735,Nucleotide
Caffeine,C2H5N1O8,245.18,13.11,331.857,Alkaloid
Ethanol,C19H39N1O4,375.02,N/A,239.813,Lipid
Adenosine triphosphate,C1H31N4O6,136.22,5.35,779.941,Alcohol
Adenosine triphosphate,C12H33N1O7,635.3,11.63,27.148,Nucleotide
Caffeine,C2H36N5O7,995.25,6.55,40.758,Carbohydrate
Adrenaline,C15H15N2O3,344.5,5.11,720.659,Amide
Glucose,C13H34N3O0,319.86,12.88,416.05,Organic Compound
Adenosine triphosphate,C1H2N5O1,795.12,11.11,744.683,Nucleotide
Adenosine triphosphate,C19H3N0O6,156.78,2.92,900.234,Organic Compound
Cholesterol,C17H36N4O6,820.85,2.04,560.68,Nucleotide
Aspirin,C5H25N0O5,486.83,N/A,416.285,Organic Compound
Adenosine triphosphate,C13H23N4O1,401.93,N/A,387.151,Nucleotide
Glucose,C15H19N4O0,854.09,2.15,263.038,Lipid
Urea,C10H22N4O5,73.61,N/A,366.617,Neurotransmitter
Adenosine triphosphate,C2H24N2O8,60.63,5.87,701.48,Organic Compound
Dopamine,C20H6N4O7,919.12,3.71,111.496,Lipid
Cholesterol,C12H30N0O10,528.67,6.41,832.636,Neurotransmitter
Cholesterol,C13H40N5O6,453.32,12.29,79.666,Neurotransmitter
Aspirin,C7H5N1O0,435.27,6.41,661.03,Alcohol
Aspirin,C1H25N5O2,512.48,10.45,14.717,Lipid
Adrenaline,C1H6N2O5,543.11,N/A,186.964,Organic Compound
Dopamine,C1H14N0O2,939.37,9.35,67.922,Carbohydrate
Ethanol,C1H8N1O10,654.81,1.35,157.077,Carbohydrate
Cholesterol,C10H26N4O5,958.67,N/A,726.633,Lipid
Caffeine,C9H39N5O5,115.01,13.05,132.466,Lipid
Serotonin,C11H5N0O9,728.37,N/A,990.09,Lipid
Aspirin,C8H6N5O1,291.76,11.89,310.773,Hormone
Adrenaline,C18H23N2O8,61.7,12.99,116.792,Carbohydrate
Ethanol,C18H3N2O8,97.05,8.24,330.823,Alcohol
Caffeine,C12H7N1O8,472.66,9.14,533.882,Carbohydrate
Serotonin,C2H1N2O4,367.82,13.24,460.693,Alcohol
Aspirin,C10H15N1O7,447.18,6.93,280.045,Carbohydrate
Glucose,C7H26N1O2,101.93,4.48,238.924,Alcohol
Adrenaline,C15H26N4O10,501.57,N/A,656.085,Nucleotide
Ethanol,C2H5N3O7,968.09,N/A,555.582,Organic Compound
Aspirin,C20H36N1O2,495.14,N/A,650.409,Lipid
Urea,C10H40N0O2,940.67,6.34,576.636,Organic Compound
Adrenaline,C6H16N2O8,899.69,N/A,990.577,Carbohydrate
Adrenaline,C18H14N4O9,963.08,N/A,67.626,Neurotransmitter
Serotonin,C7H39N4O0,643.67,N/A,119.745,Alcohol
Urea,C14H26N3O7,551.76,12.01,723.915,Amide
Aspirin,C7H26N3O6,165.47,9.1,318.902,Hormone
Serotonin,C6H36N0O2,670.23,4.86,49.517,Carbohydrate
Adenosine triphosphate,C15H37N1O8,894.81,N/A,661.313,Lipid
Adenosine triphosphate,C4H23N2O4,275.18,9.99,426.459,Alcohol
Adenosine triphosphate,C15H15N2O8,148.85,N/A,361.108,Alkaloid
Ethanol,C7H11N0O5,449.84,1.23,15.543,Carbohydrate
Adenosine triphosphate,C12H15N4O7,101.4,N/A,15.946,Carbohydrate
Serotonin,C9H21N5O10,146.64,12.7,960.597,Carbohydrate
Dopamine,C4H8N1O4,538.21,13.41,189.027,Organic Compound
Dopamine,C9H19N2O10,752.31,N/A,37.637,Lipid
Glucose,C10H15N5O2,279.96,6.43,198.206,Carbohydrate
Adrenaline,C4H36N2O2,327.38,13.7,562.882,Hormone
Adrenaline,C9H31N4O1,335.33,4.39,206.631,Organic Compound
Ethanol,C12H33N5O7,208.75,1.98,82.324,Alkaloid
Cholesterol,C19H26N0O7,779.17,3.32,999.855,Alcohol
Urea,C7H31N4O9,730.22,N/A,707.893,Organic Compound
Adrenaline,C13H19N0O10,585.64,6.7,16.664,Carbohydrate
Ethanol,C20H4N1O1,601.62,12.78,606.284,Nucleotide
Urea,C10H6N3O5,570.67,4.37,443.891,Nucleotide
Aspirin,C1H13N1O4,587.01,N/A,491.044,Nucleotide
Glucose,C10H8N0O1,786.91,11.7,832.206,Hormone
Glucose,C10H22N0O0,191.09,8.92,505.97,Alkaloid
Aspirin,C16H14N1O10,830.05,N/A,999.027,Alcohol
Glucose,C19H31N1O0,274.1,2.9,955.279,Lipid
Dopamine,C14H2N5O9,893.72,10.64,667.584,Organic Compound
Aspirin,C6H39N3O1,140.53,3.26,831.516,Lipid
Adrenaline,C7H12N3O0,137.58,3.11,509.986,Alcohol
Adenosine triphosphate,C14H15N5O6,513.89,13.15,117.226,Nucleotide
Serotonin,C10H12N2O0,196.31,N/A,914.308,Neurotransmitter
Adenosine triphosphate,C11H26N0O8,134.18,N/A,308.606,Amide
Dopamine,C10H27N0O5,284.59,5.57,353.821,Carbohydrate
Adenosine triphosphate,C2H32N1O1,415.27,N/A,567.822,Nucleotide
Dopamine,C7H36N4O9,835.95,N/A,55.183,Hormone
Adrenaline,C6H15N5O5,813.01,5.45,4.9,Lipid
Dopamine,C15H33N5O6,612.64,1.41,65.233,Nucleotide
Dopamine,C13H31N0O2,289.39,5.12,133.665,Hormone
Adrenaline,C12H6N4O2,417.87,11.02,872.035,Alkaloid
Adenosine triphosphate,C1H11N3O5,679.71,11.06,231.562,Alkaloid
Ethanol,C17H8N4O0,781.94,N/A,593.449,Organic Compound
Ethanol,C15H32N5O2,887.74,1.62,508.134,Hormone
Adenosine triphosphate,C8H11N2O9,608.7,1.93,302.571,Lipid
Cholesterol,C11H33N5O6,335.34,4.7,598.041,Organic Compound
Glucose,C10H37N4O10,142.5,9.34,722.997,Nucleotide
Cholesterol,C16H15N4O3,899.54,5.14,714.451,Nucleotide
Ethanol,C20H24N4O6,488.01,N/A,280.567,Amide
Adrenaline,C8H11N0O8,269.52,8.58,821.071,Amide
Urea,C14H4N4O10,449.08,8.68,248.895,Organic Compound
Urea,C10H24N0O10,744.0,8.36,137.153,Neurotransmitter
Ethanol,C20H26N5O10,727.77,6.8,922.515,Amide
Aspirin,C19H4N5O4,645.69,3.16,123.278,Amide
Serotonin,C13H14N0O4,860.95,10.67,496.955,Carbohydrate
Cholesterol,C5H10N4O10,356.59,13.91,279.875,Carbohydrate
Caffeine,C13H28N5O0,289.61,N/A,453.988,Nucleotide
Adrenaline,C16H38N0O10,930.42,N/A,981.239,Lipid
Ethanol,C19H3N4O5,765.86,11.57,633.237,Organic Compound
Glucose,C4H33N1O6,208.23,6.33,270.883,Lipid
Urea,C5H39N0O6,190.74,3.7,557.684,Carbohydrate
Aspirin,C15H12N3O6,941.48,3.93,850.691,Organic Compound
Aspirin,C17H10N0O10,608.29,12.96,403.363,Alcohol
Caffeine,C8H16N3O7,231.26,8.88,995.063,Alkaloid
Caffeine,C4H20N4O4,54.82,9.23,278.621,Neurotransmitter
Dopamine,C6H27N4O6,827.46,13.88,756.068,Nucleotide
Glucose,C14H5N0O2,617.92,11.27,839.84,Hormone
Urea,C15H16N2O4,876.41,5.36,756.995,Hormone
Urea,C12H19N1O10,496.46,10.43,607.901,Neurotransmitter
Serotonin,C2H25N4O8,821.36,N/A,833.503,Neurotransmitter
Serotonin,C7H28N4O6,334.36,6.28,543.924,Alkaloid
Glucose,C20H28N1O6,763.06,12.91,641.01,Organic Compound
Caffeine,C8H10N4O7,519.14,9.52,121.173,Carbohydrate
Caffeine,C15H1N2O6,704.23,10.67,575.607,Alcohol
Dopamine,C20H39N1O2,792.44,2.69,887.414,Nucleotide
Urea,C7H7N0O9,311.0,6.78,538.321,Lipid
Ethanol,C17H26N3O10,496.22,4.45,347.524,Lipid
Adrenaline,C12H2N2O0,153.84,11.47,644.655,Carbohydrate
Cholesterol,C16H27N1O6,303.3,5.62,335.7,Alkaloid
Serotonin,C4H15N3O8,96.99,4.82,152.912,Alkaloid
Dopamine,C3H17N4O2,813.88,3.46,527.633,Hormone
Serotonin,C14H21N4O10,468.29,N/A,518.685,Alcohol
Ethanol,C15H34N4O10,511.26,12.66,565.96,Carbohydrate
Ethanol,C5H8N1O5,144.27,7.37,855.335,Alkaloid
Dopamine,C2H20N5O3,746.04,8.85,619.978,Amide
Cholesterol,C17H15N0O8,615.88,12.33,249.854,Alkaloid
Adenosine triphosphate,C20H20N0O9,212.8,13.4,352.749,Organic Compound
Urea,C1H15N5O9,590.49,N/A,117.074,Hormone
Adrenaline,C2H35N0O7,851.88,4.2,677.158,Carbohydrate
Glucose,C7H22N4O7,319.29,2.2,143.352,Organic Compound
Adrenaline,C16H18N0O4,874.39,2.73,827.939,Alkaloid
Urea,C18H20N2O2,128.29,N/A,1.505,Nucleotide
Caffeine,C8H14N2O7,694.2,6.7,999.277,Neurotransmitter
Ethanol,C8H7N0O1,271.82,8.04,939.173,Amide
Aspirin,C20H17N4O8,459.89,2.77,15.346,Alcohol
Serotonin,C13H33N1O10,818.86,12.77,965.423,Alkaloid
Urea,C10H26N2O2,205.96,N/A,201.873,Neurotransmitter
Ethanol,C19H9N3O5,834.58,4.87,675.308,Neurotransmitter
Aspirin,C10H12N5O9,149.6,7.72,231.61,Nucleotide
Ethanol,C3H25N1O6,942.79,N/A,870.234,Neurotransmitter
Aspirin,C7H2N3O4,286.87,N/A,464.364,Alkaloid
Adrenaline,C7H35N1O6,389.67,6.96,418.258,Neurotransmitter
Aspirin,C12H33N1O6,514.04,3.44,904.37,Nucleotide
Adrenaline,C1H8N3O9,774.93,N/A,65.546,Amide
Serotonin,C6H17N1O1,144.86,12.07,64.374,Amide
Serotonin,C12H34N5O8,629.78,2.56,744.605,Carbohydrate
Urea,C4H1N4O2,459.81,10.99,238.094,Lipid
Dopamine,C16H36N5O10,686.82,9.21,446.153,Organic Compound
Adrenaline,C12H8N5O9,766.38,6.09,434.569,Hormone
Ethanol,C13H34N1O0,828.91,N/A,330.191,Alcohol
Dopamine,C5H34N4O9,608.67,N/A,133.866,Hormone
Serotonin,C5H26N4O0,287.04,3.07,337.426,Carbohydrate
Caffeine,C14H40N2O8,176.54,10.05,308.195,Amide
Urea,C6H35N5O5,127.69,8.64,65.756,Nucleotide
Cholesterol,C8H28N5O5,387.6,1.01,595.217,Amide
Caffeine,C9H38N4O5,582.79,1.73,6.262,Lipid
Urea,C2H3N4O4,551.27,1.06,370.102,Alkaloid
Ethanol,C10H20N2O8,631.76,3.73,63.393,Lipid
Dopamine,C11H10N0O2,933.46,8.56,578.402,Lipid
Urea,C5H7N1O8,634.94,2.12,936.21,Hormone
Dopamine,C11H5N3O8,272.21,7.15,493.05,Amide
Urea,C8H22N0O8,403.74,6.29,985.325,Amide
Dopamine,C2H11N1O7,671.17,6.43,314.183,Organic Compound
Glucose,C14H11N5O9,618.99,3.11,249.056,Organic Compound
Ethanol,C11H15N2O8,228.74,8.04,681.275,Hormone
Aspirin,C15H19N4O2,144.22,5.18,701.511,Hormone
Aspirin,C15H16N5O4,119.83,N/A,342.485,Alcohol
Cholesterol,C1H34N4O7,131.75,9.12,667.261,Carbohydrate
Urea,C8H16N4O3,671.38,N/A,384.554,Organic Compound
Cholesterol,C10H29N1O2,757.34,6.13,327.161,Organic Compound
Glucose,C14H4N0O4,254.48,11.5,767.353,Amide
Caffeine,C8H34N0O4,957.66,5.5,806.399,Organic Compound
Adrenaline,C15H29N1O8,904.38,6.72,19.508,Lipid
Caffeine,C20H33N2O10,73.01,3.96,822.328,Amide
Glucose,C19H37N3O1,842.84,3.6,538.338,Organic Compound
Adenosine triphosphate,C12H24N5O5,649.87,4.7,576.127,Organic Compound
Adenosine triphosphate,C6H21N2O9,616.98,5.08,390.69,Hormone
Cholesterol,C13H6N0O8,705.19,9.87,601.405,Carbohydrate
Serotonin,C14H31N0O8,493.67,7.49,419.471,Organic Compound
Serotonin,C9H17N1O9,340.74,7.09,449.922,Lipid
Glucose,C1H6N3O9,130.36,2.22,679.671,Nucleotide
Serotonin,C6H12N3O10,950.15,N/A,740.037,Alcohol
Urea,C12H7N1O1,822.19,8.96,678.453,Amide
Serotonin,C15H14N4O7,160.73,11.42,347.919,Neurotransmitter
Cholesterol,C14H2N2O3,610.43,N/A,804.166,Alcohol
Ethanol,C13H23N1O0,662.04,4.98,157.948,Neurotransmitter
Aspirin,C1H1N1O4,581.87,N/A,683.66,Amide
Serotonin,C17H4N2O5,69.1,6.24,265.257,Carbohydrate
Cholesterol,C10H29N3O0,365.79,6.69,201.474,Alkaloid
Serotonin,C12H24N1O9,738.94,11.91,134.075,Nucleotide
Serotonin,C7H22N5O9,373.86,4.57,155.953,Lipid
Adenosine triphosphate,C14H12N3O2,75.0,12.41,473.367,Organic Compound
Adenosine triphosphate,C7H7N0O1,993.97,3.21,74.25,Carbohydrate
Serotonin,C5H37N5O0,493.22,9.33,255.684,Neurotransmitter
Ethanol,C14H15N1O8,94.03,N/A,415.941,Nucleotide
Dopamine,C2H33N2O7,535.17,13.67,713.718,Amide
Caffeine,C7H27N1O3,476.57,9.8,856.415,Lipid
Caffeine,C1H19N5O10,654.44,4.58,54.947,Neurotransmitter
Aspirin,C5H26N2O10,475.61,6.96,705.315,Alcohol
Glucose,C5H25N4O5,67.91,12.8,479.795,Organic Compound
Ethanol,C8H4N1O6,977.24,12.29,90.982,Organic Compound
Urea,C19H2N1O2,187.28,13.18,327.072,Organic Compound
Glucose,C17H37N0O2,298.53,2.45,297.531,Lipid
Serotonin,C11H34N4O9,249.66,11.51,153.009,Amide
Serotonin,C17H5N3O5,257.06,13.96,935.245,Organic Compound
Caffeine,C1H23N1O7,456.0,4.51,537.463,Amide
Dopamine,C10H33N3O4,530.69,9.29,822.502,Organic Compound
Adenosine triphosphate,C2H7N3O0,879.0,N/A,263.415,Carbohydrate
Aspirin,C17H15N1O2,116.52,8.12,66.879,Amide
Aspirin,C11H35N0O4,604.66,8.63,15.875,Alkaloid
Dopamine,C16H10N5O3,271.49,11.38,354.92,Carbohydrate
Aspirin,C18H30N1O10,284.08,N/A,198.964,Nucleotide
Serotonin,C14H11N3O1,56.18,3.26,528.213,Alkaloid
Dopamine,C14H13N1O9,527.95,6.48,798.274,Alcohol
Aspirin,C20H11N2O3,593.93,5.24,646.98,Alcohol
Serotonin,C16H15N2O2,372.67,N/A,546.865,Lipid
Ethanol,C11H37N2O4,512.44,1.31,695.571,Neurotransmitter
Aspirin,C19H37N3O5,787.01,2.87,203.78,Nucleotide
Serotonin,C8H33N5O7,581.89,13.7,683.367,Organic Compound
Dopamine,C10H5N4O7,698.61,4.04,185.985,Hormone
Urea,C17H37N4O4,753.33,N/A,182.364,Neurotransmitter
Adrenaline,C16H9N5O7,886.1,N/A,963.786,Alcohol
Adrenaline,C9H26N2O0,939.15,10.38,991.779,Carbohydrate
Glucose,C3H36N1O5,158.82,12.86,140.095,Lipid
Aspirin,C12H19N2O3,834.02,N/A,943.302,Nucleotide
Serotonin,C9H26N2O0,913.57,N/A,869.817,Hormone
Cholesterol,C19H39N4O1,480.26,7.9,463.367,Alkaloid
Urea,C1H26N0O9,828.81,N/A,208.481,Lipid
Urea,C17H29N0O8,802.72,9.65,573.248,Lipid
Urea,C20H31N4O2,982.63,12.45,959.01,Amide
Urea,C8H12N1O4,511.69,13.64,457.896,Amide
Glucose,C5H29N5O10,129.81,11.92,507.337,Alcohol
Caffeine,C1H25N2O6,249.6,1.02,38.747,Hormone
Dopamine,C3H19N3O5,618.6,11.67,28.907,Alcohol
Aspirin,C17H21N1O2,314.08,N/A,43.596,Nucleotide
Adenosine triphosphate,C18H4N0O8,464.5,7.29,136.504,Alkaloid
Adrenaline,C15H4N3O7,722.0,N/A,285.294,Alkaloid
Cholesterol,C16H29N3O10,834.13,N/A,159.863,Carbohydrate
Serotonin,C9H6N1O6,617.42,12.17,925.597,Carbohydrate
Aspirin,C4H26N1O3,992.24,N/A,499.32,Neurotransmitter
Serotonin,C18H38N0O1,944.89,13.84,149.185,Hormone
Adenosine triphosphate,C15H6N3O6,87.0,2.31,687.809,Alkaloid
Glucose,C13H1N3O10,429.52,N/A,436.385,Alcohol
Urea,C8H27N4O2,860.13,7.27,960.301,Neurotransmitter
Glucose,C16H30N1O1,306.37,1.27,411.492,Alcohol
Adenosine triphosphate,C4H34N4O9,786.42,7.95,30.059,Alcohol
Glucose,C6H35N2O10,89.18,5.05,380.19,Lipid
Dopamine,C15H30N3O9,175.98,N/A,779.295,Carbohydrate
Adrenaline,C13H5N0O0,893.22,12.42,51.325,Amide
Caffeine,C5H13N0O3,780.68,11.24,917.491,Hormone
Ethanol,C7H36N5O9,450.24,12.09,952.39,Carbohydrate
Cholesterol,C13H38N5O1,298.88,3.07,119.228,Alkaloid
Glucose,C15H33N0O0,761.32,13.08,349.822,Alcohol
Adrenaline,C9H12N2O4,608.9,4.42,212.362,Nucleotide
Adenosine triphosphate,C9H4N1O2,207.58,4.81,523.905,Carbohydrate
Serotonin,C5H2N1O4,105.48,10.08,692.228,Carbohydrate
Cholesterol,C7H19N5O0,245.23,2.09,972.655,Lipid
Cholesterol,C3H9N3O10,65.72,3.31,941.362,Nucleotide
Adrenaline,C19H12N3O3,638.85,N/A,717.646,Lipid
Dopamine,C1H16N4O4,814.83,12.39,78.923,Alcohol
Urea,C3H15N0O0,989.48,10.75,732.811,Amide
Serotonin,C7H5N5O6,58.03,7.91,909.655,Neurotransmitter
Cholesterol,C11H14N2O6,75.72,12.02,211.219,Carbohydrate
Adrenaline,C16H20N1O8,604.92,9.57,995.825,Nucleotide
Serotonin,C1H28N4O8,702.98,8.24,627.443,Nucleotide
Cholesterol,C14H4N2O4,721.2,1.69,202.768,Hormone
Caffeine,C11H3N3O8,881.7,7.36,647.716,Alcohol
Caffeine,C12H9N4O10,928.63,10.89,781.294,Nucleotide
Glucose,C2H5N5O3,674.03,10.18,147.406,Organic Compound
Ethanol,C18H30N4O2,876.53,N/A,391.723,Hormone
Aspirin,C3H31N1O9,645.51,N/A,42.509,Lipid
Dopamine,C12H5N0O1,543.72,2.28,153.382,Nucleotide
Serotonin,C12H37N2O0,477.82,N/A,409.52,Neurotransmitter
Adrenaline,C10H34N0O4,944.26,N/A,490.079,Neurotransmitter
Adrenaline,C12H3N4O9,236.71,6.4,451.864,Alkaloid
Aspirin,C17H29N2O8,907.33,1.1,944.718,Carbohydrate
Caffeine,C5H18N2O4,480.46,10.69,858.89,Lipid
Cholesterol,C4H37N3O4,572.99,10.51,263.181,Alkaloid
Serotonin,C10H8N4O5,591.23,12.61,823.06,Carbohydrate
Glucose,C2H35N5O9,943.11,4.3,474.011,Nucleotide
Adrenaline,C18H3N3O1,915.99,8.82,825.891,Organic Compound
Dopamine,C14H15N1O4,428.03,N/A,238.176,Carbohydrate
Serotonin,C7H6N1O4,720.5,13.27,421.603,Alcohol
Aspirin,C14H10N5O3,57.09,N/A,283.801,Amide
Adrenaline,C4H17N3O9,761.17,N/A,881.519,Nucleotide
Adrenaline,C20H29N1O3,654.57,N/A,224.358,Organic Compound
Dopamine,C11H4N1O5,625.01,8.34,533.299,Lipid
Glucose,C14H38N1O4,831.03,N/A,11.24,Alcohol
Glucose,C4H26N0O10,153.68,N/A,959.248,Neurotransmitter
Dopamine,C4H5N0O10,649.43,1.54,548.827,Alcohol
Caffeine,C17H2N3O10,415.31,3.74,80.474,Carbohydrate
Aspirin,C11H22N4O5,106.32,13.41,125.892,Alcohol
Dopamine,C6H13N3O7,588.6,7.14,332.199,Organic Compound
Cholesterol,C12H17N3O10,76.99,1.74,56.972,Carbohydrate
Adrenaline,C1H24N0O3,685.21,N/A,836.828,Organic Compound
Ethanol,C5H10N4O8,606.48,6.57,679.811,Alkaloid
Aspirin,C15H12N5O6,370.4,N/A,212.871,Nucleotide
Ethanol,C14H11N0O10,352.52,10.64,705.622,Lipid
Glucose,C10H19N2O9,60.09,2.72,193.195,Organic Compound
Urea,C8H26N4O8,972.23,12.19,62.768,Amide
Caffeine,C2H17N4O9,870.88,6.86,728.47,Nucleotide
Adenosine triphosphate,C3H4N5O5,92.72,13.66,718.683,Hormone
Caffeine,C14H28N4O5,601.13,7.98,592.548,Amide
Serotonin,C19H22N0O6,790.57,2.11,353.104,Organic Compound
Serotonin,C11H19N0O6,810.05,9.62,318.318,Organic Compound
Caffeine,C17H22N1O3,298.85,6.02,769.998,Lipid
Cholesterol,C3H35N3O3,793.77,10.56,958.146,Neurotransmitter
Aspirin,C18H31N1O4,177.44,5.25,690.216,Hormone
Adrenaline,C15H31N2O10,999.73,N/A,269.915,Lipid
Caffeine,C17H17N5O1,646.72,N/A,375.002,Alcohol
Adenosine triphosphate,C16H21N3O3,747.25,3.48,816.054,Neurotransmitter
Urea,C16H33N0O1,422.25,5.56,526.96,Nucleotide
Glucose,C13H17N1O10,99.76,9.49,660.062,Alkaloid
Glucose,C13H21N0O1,242.27,7.59,30.952,Organic Compound
Ethanol,C11H26N2O1,921.84,4.54,425.199,Hormone
Dopamine,C9H27N0O10,137.16,3.55,811.842,Organic Compound
Caffeine,C2H12N4O2,260.88,3.74,63.273,Amide
Urea,C10H34N5O10,837.83,N/A,33.12,Hormone
Ethanol,C13H26N4O5,225.71,3.44,37.404,Amide
Caffeine,C16H33N0O2,897.48,11.68,201.721,Amide
Adenosine triphosphate,C10H18N0O3,254.34,1.86,170.662,Organic Compound
Adrenaline,C19H33N0O6,192.88,2.46,581.643,Carbohydrate
Urea,C14H4N0O7,751.63,N/A,176.083,Alcohol
Ethanol,C1H1N2O4,949.8,N/A,640.551,Organic Compound
Aspirin,C12H39N2O7,256.95,N/A,844.643,Neurotransmitter
Cholesterol,C11H26N5O8,383.6,11.6,459.469,Nucleotide
Glucose,C10H4N2O0,703.96,7.97,680.569,Neurotransmitter
Glucose,C11H37N5O5,259.86,9.65,85.975,Neurotransmitter
Glucose,C2H9N4O7,405.64,13.79,346.32,Nucleotide
Aspirin,C4H36N5O2,630.21,N/A,983.877,Neurotransmitter
Aspirin,C9H36N0O0,838.3,N/A,525.832,Hormone
Urea,C7H26N1O2,707.08,7.26,929.257,Hormone
Urea,C6H13N3O0,925.09,13.42,788.971,Nucleotide
Dopamine,C9H37N3O0,963.98,4.08,177.161,Organic Compound
Serotonin,C11H31N1O2,899.92,10.17,507.145,Nucleotide
Serotonin,C8H25N0O7,752.73,11.02,568.09,Organic Compound
Caffeine,C15H8N0O10,233.93,11.91,310.528,Alcohol
Adenosine triphosphate,C14H10N0O8,647.24,9.21,476.112,Neurotransmitter
Cholesterol,C19H24N0O0,650.85,N/A,483.039,Neurotransmitter
Adenosine triphosphate,C18H32N0O9,398.55,6.92,58.283,Neurotransmitter
Ethanol,C14H35N1O0,725.02,10.41,717.403,Nucleotide
Serotonin,C5H36N3O1,291.23,3.66,556.111,Carbohydrate
Caffeine,C19H11N1O7,908.3,5.33,275.314,Amide
Caffeine,C17H1N5O0,321.68,8.66,526.554,Carbohydrate
Adenosine triphosphate,C8H13N4O6,945.18,12.14,417.317,Alkaloid
Adrenaline,C19H13N5O7,910.88,5.27,320.733,Carbohydrate
Aspirin,C3H13N5O5,519.87,2.55,688.236,Neurotransmitter
Cholesterol,C16H32N2O5,685.72,N/A,227.656,Organic Compound
Adrenaline,C6H28N2O1,437.43,11.41,980.476,Alkaloid
Aspirin,C1H12N3O1,399.26,1.22,203.983,Alcohol
Adenosine triphosphate,C13H3N1O9,133.93,7.34,726.937,Hormone
Caffeine,C12H23N2O2,629.36,8.08,471.855,Alkaloid
Glucose,C10H8N1O7,68.7,N/A,82.107,Amide
Ethanol,C17H13N4O10,179.15,N/A,678.965,Organic Compound
Ethanol,C8H24N1O4,505.58,3.24,354.755,Lipid
Aspirin,C10H14N4O6,976.5,9.04,2.654,Organic Compound
Aspirin,C12H39N0O3,447.59,N/A,513.429,Nucleotide
Serotonin,C10H30N0O5,623.78,1.68,205.843,Hormone
Adenosine triphosphate,C10H23N0O7,642.07,7.34,54.4,Nucleotide
Glucose,C14H26N4O4,381.4,N/A,874.299,Alkaloid
Serotonin,C19H38N1O1,496.98,4.36,116.72,Organic Compound
Dopamine,C20H22N2O8,186.15,N/A,763.702,Nucleotide
Adrenaline,C14H4N2O5,59.14,13.11,211.742,Alcohol
Cholesterol,C10H39N2O2,177.27,2.18,453.996,Organic Compound
Adrenaline,C4H29N4O8,701.94,13.76,788.626,Lipid
Urea,C20H28N5O2,383.26,8.6,11.253,Alcohol
Adenosine triphosphate,C12H33N0O2,753.16,3.85,513.082,Alkaloid
Aspirin,C10H1N1O2,543.21,5.18,604.004,Alcohol
Cholesterol,C12H31N0O10,760.99,N/A,824.371,Lipid
Adrenaline,C17H37N1O5,113.55,12.05,782.745,Organic Compound
Glucose,C5H31N1O8,911.23,7.76,596.922,Lipid
Cholesterol,C14H10N2O2,656.58,N/A,312.075,Alkaloid
Ethanol,C16H3N0O4,950.57,5.87,214.933,Amide
Cholesterol,C3H1N1O5,719.84,12.39,579.356,Organic Compound
Serotonin,C4H37N5O5,196.44,6.74,637.344,Hormone
Glucose,C6H16N0O8,435.44,3.65,890.29,Hormone
Urea,C19H1N1O3,371.15,11.5,717.843,Organic Compound
Caffeine,C11H30N3O2,597.88,3.88,896.195,Hormone
Serotonin,C16H13N5O4,287.25,N/A,218.301,Alkaloid
Caffeine,C19H16N2O9,841.21,2.92,157.874,Amide
Glucose,C20H21N2O4,117.98,3.12,226.015,Alkaloid
Adrenaline,C19H1N4O9,686.05,5.83,254.353,Carbohydrate
Serotonin,C3H27N0O6,521.9,10.37,32.268,Neurotransmitter
Glucose,C11H20N3O7,997.23,N/A,947.849,Carbohydrate
Glucose,C9H36N3O6,712.91,9.57,801.381,Nucleotide
Urea,C8H11N3O7,644.0,4.88,933.964,Lipid
Caffeine,C3H40N4O10,506.51,12.27,922.382,Carbohydrate
Adenosine triphosphate,C1H10N0O8,857.81,5.88,681.397,Carbohydrate
Cholesterol,C7H11N4O5,667.19,4.04,43.671,Neurotransmitter
Serotonin,C9H24N0O10,594.36,5.8,246.255,Amide
Serotonin,C13H33N2O10,661.06,8.93,225.839,Organic Compound
Caffeine,C15H38N3O8,542.47,2.1,413.269,Hormone
Dopamine,C8H2N4O5,158.66,N/A,811.074,Amide
Caffeine,C14H27N0O9,391.27,12.76,97.754,Alkaloid
Glucose,C4H40N0O3,941.95,5.9,211.635,Alcohol
Adenosine triphosphate,C11H5N0O4,447.79,6.27,427.612,Nucleotide
Adrenaline,C20H8N2O8,991.32,N/A,24.194,Amide
Adrenaline,C18H1N1O0,761.03,N/A,541.157,Lipid
Caffeine,C13H12N1O7,194.08,9.87,442.021,Amide
Caffeine,C18H17N0O0,890.06,1.54,362.351,Alcohol
Dopamine,C16H7N0O8,477.44,1.41,657.84,Alcohol
Dopamine,C12H25N3O2,798.97,4.77,429.805,Alcohol
Glucose,C2H23N4O1,307.62,3.2,549.506,Organic Compound
Adrenaline,C7H39N1O3,280.19,N/A,132.547,Amide
Aspirin,C4H20N0O10,423.67,N/A,360.469,Alkaloid
Urea,C19H29N0O1,583.16,9.36,283.277,Hormone
Aspirin,C17H18N1O6,199.9,N/A,880.997,Alkaloid
Cholesterol,C5H3N4O1,882.79,10.6,851.565,Hormone
Dopamine,C4H16N5O7,293.8,12.9,818.849,Neurotransmitter
Aspirin,C10H4N1O9,965.99,6.98,472.416,Hormone
Adenosine triphosphate,C12H6N0O0,460.67,11.65,918.925,Neurotransmitter
Serotonin,C17H18N4O4,390.28,4.51,626.41,Organic Compound
Serotonin,C7H31N2O1,441.91,N/A,318.52,Nucleotide
Glucose,C17H32N3O5,754.16,N/A,456.936,Carbohydrate
Adrenaline,C16H19N3O8,329.07,3.14,941.881,Alkaloid
Serotonin,C13H33N4O9,803.43,1.48,608.025,Lipid
Dopamine,C1H25N4O9,953.79,N/A,301.885,Amide
Caffeine,C19H11N2O2,408.92,10.1,431.224,Nucleotide
Serotonin,C13H7N2O9,420.34,7.88,457.714,Lipid
Caffeine,C17H3N4O1,490.0,4.24,269.066,Nucleotide
Adenosine triphosphate,C4H23N5O9,947.59,N/A,531.167,Hormone
Glucose,C18H11N2O5,141.47,3.76,713.28,Organic Compound
Cholesterol,C6H7N5O5,895.17,11.71,575.361,Nucleotide
Cholesterol,C20H39N4O4,392.8,11.65,825.078,Amide
Cholesterol,C13H32N5O9,229.0,9.97,249.179,Alkaloid
Dopamine,C6H18N3O5,335.25,8.38,187.858,Organic Compound
Glucose,C13H12N2O7,344.47,8.22,708.885,Alcohol
Aspirin,C15H3N3O8,435.64,9.09,53.307,Hormone
Serotonin,C15H8N3O7,660.1,8.81,770.505,Alcohol
Adrenaline,C18H29N3O6,321.19,9.6,749.233,Lipid
Cholesterol,C16H17N5O4,162.74,8.38,940.581,Carbohydrate
Adrenaline,C5H30N5O2,554.52,6.12,138.301,Lipid
Adrenaline,C14H4N4O4,535.47,13.76,252.601,Nucleotide
Serotonin,C13H35N1O2,523.36,8.01,906.161,Amide
Serotonin,C2H22N0O9,933.18,12.33,296.128,Carbohydrate
Serotonin,C11H36N4O9,737.15,1.39,704.061,Alkaloid
Cholesterol,C4H28N0O9,590.54,6.59,710.225,Alkaloid
Aspirin,C17H22N0O7,741.65,5.39,740.623,Organic Compound
Cholesterol,C7H35N3O2,571.21,8.91,455.26,Alkaloid
Adenosine triphosphate,C14H4N1O5,492.9,6.56,955.785,Organic Compound
Cholesterol,C10H28N0O5,354.4,N/A,283.695,Lipid
Aspirin,C3H36N0O9,452.45,2.19,160.922,Carbohydrate
Cholesterol,C3H17N5O0,375.88,N/A,710.84,Neurotransmitter
Dopamine,C5H36N4O8,550.5,N/A,190.309,Alkaloid
Serotonin,C1H29N2O6,720.1,9.5,4.797,Hormone
Serotonin,C1H18N4O7,930.48,12.74,39.247,Neurotransmitter
Aspirin,C5H14N4O4,256.0,9.55,1.891,Neurotransmitter
Urea,C18H25N3O10,124.06,7.31,765.475,Alkaloid
Serotonin,C14H1N2O3,130.15,1.24,444.597,Organic Compound
Caffeine,C17H33N4O0,521.15,4.24,269.7,Alkaloid
Urea,C20H14N4O2,309.09,8.08,171.423,Amide
Adrenaline,C8H33N4O8,983.07,2.94,124.774,Alcohol
Dopamine,C7H12N4O9,558.66,5.07,347.522,Nucleotide
Adrenaline,C10H10N5O1,348.75,2.73,274.885,Alcohol
Dopamine,C20H11N0O8,720.67,5.58,661.177,Carbohydrate
Caffeine,C15H25N4O7,996.95,5.62,0.561,Alkaloid
Cholesterol,C7H28N0O1,688.11,5.95,625.098,Organic Compound
Urea,C7H16N1O8,360.44,13.14,187.975,Hormone
Urea,C4H2N1O7,810.54,3.63,530.235,Hormone
Glucose,C18H1N2O9,731.05,N/A,991.256,Amide
Cholesterol,C5H14N1O1,701.59,4.57,417.917,Organic Compound
Adenosine triphosphate,C7H38N5O4,237.1,4.23,451.712,Nucleotide
Cholesterol,C6H6N1O0,255.11,12.89,386.009,Carbohydrate
Glucose,C3H12N0O8,230.03,13.82,487.088,Lipid
Cholesterol,C15H7N4O1,593.05,8.46,112.296,Organic Compound
Serotonin,C13H18N2O10,290.43,7.04,569.857,Hormone
Aspirin,C19H19N3O2,71.02,7.89,707.374,Amide
Caffeine,C14H35N4O8,506.93,9.04,9.307,Hormone
Urea,C14H34N2O9,961.77,N/A,780.981,Alkaloid
Glucose,C15H12N3O9,550.71,10.92,788.191,Alcohol
Serotonin,C8H17N4O4,873.46,5.16,399.9,Neurotransmitter
Aspirin,C10H36N2O1,867.59,4.61,783.742,Alkaloid
Cholesterol,C6H6N5O0,554.42,11.87,170.969,Alkaloid
Caffeine,C18H21N3O4,267.12,1.59,918.186,Alcohol
Ethanol,C16H24N1O10,468.5,9.83,90.533,Lipid
Caffeine,C3H5N1O8,549.23,5.01,550.254,Carbohydrate
Ethanol,C16H22N5O5,861.65,11.4,428.679,Alkaloid
Cholesterol,C12H32N0O7,68.96,1.44,610.451,Alcohol
Cholesterol,C15H4N3O10,161.55,10.15,171.35,Amide
Adenosine triphosphate,C4H15N5O7,753.87,1.66,334.437,Amide
Adenosine triphosphate,C10H19N2O10,968.68,7.87,747.023,Nucleotide
Aspirin,C16H15N2O7,825.5,7.16,849.861,Organic Compound
Adrenaline,C2H13N3O7,213.71,6.91,130.598,Amide
Aspirin,C19H2N1O0,388.95,7.02,645.24,Lipid
Serotonin,C8H25N1O8,548.64,N/A,663.403,Organic Compound
Ethanol,C14H40N4O6,507.08,5.05,757.746,Organic Compound
Caffeine,C15H3N1O0,232.6,13.18,231.893,Alcohol
Aspirin,C16H24N0O0,522.82,8.19,615.846,Alkaloid
Cholesterol,C20H37N4O8,89.29,5.42,310.359,Organic Compound
Glucose,C20H31N2O9,692.61,13.39,24.709,Hormone
Serotonin,C14H34N0O1,392.0,3.75,354.413,Organic Compound
Adenosine triphosphate,C18H13N5O5,348.33,3.32,227.439,Carbohydrate
Cholesterol,C20H37N2O2,419.11,12.21,124.555,Amide
Dopamine,C18H38N0O4,76.97,13.85,518.172,Amide
Glucose,C19H1N2O9,954.49,11.42,661.901,Neurotransmitter
Dopamine,C1H20N4O2,256.52,7.72,518.797,Carbohydrate
Cholesterol,C15H4N5O5,874.41,6.76,386.291,Lipid
Cholesterol,C7H38N1O1,128.57,1.64,419.877,Amide
Glucose,C14H6N0O0,899.48,12.23,809.237,Amide
Urea,C17H10N0O6,264.23,13.97,693.997,Carbohydrate
Serotonin,C4H21N0O1,991.79,3.1,584.722,Lipid
Adrenaline,C3H29N0O9,85.93,13.79,906.969,Alcohol
Caffeine,C18H17N1O7,579.01,2.44,914.159,Alcohol
Urea,C4H23N2O4,398.63,1.49,961.865,Amide
Adenosine triphosphate,C14H36N2O4,516.36,6.83,861.163,Nucleotide
Aspirin,C13H6N1O6,913.5,4.02,100.621,Alkaloid
Ethanol,C4H10N1O7,286.65,1.69,97.198,Neurotransmitter
Urea,C5H5N5O1,376.8,12.8,545.666,Nucleotide
Adrenaline,C18H25N4O10,538.2,N/A,19.412,Alkaloid
Glucose,C6H32N3O2,862.93,10.54,99.782,Carbohydrate
Serotonin,C9H9N5O3,395.5,6.93,977.305,Carbohydrate
Dopamine,C11H25N0O9,733.24,12.6,382.803,Neurotransmitter
Ethanol,C6H29N4O10,589.05,3.65,297.348,Lipid
Serotonin,C15H8N0O7,694.49,2.94,851.405,Carbohydrate
Adrenaline,C20H19N1O5,973.03,12.59,42.464,Nucleotide
Cholesterol,C5H9N0O9,223.06,8.54,570.552,Hormone
Serotonin,C14H17N1O2,770.0,9.94,471.855,Organic Compound
Caffeine,C6H19N4O6,821.31,1.88,902.308,Amide
Caffeine,C17H30N1O6,837.49,8.13,113.058,Lipid
Aspirin,C17H28N3O4,877.25,6.34,489.703,Alcohol
Glucose,C3H33N3O8,217.07,12.5,58.209,Amide
Dopamine,C5H9N3O1,246.11,1.69,561.7,Lipid
Dopamine,C5H30N5O1,270.2,N/A,170.384,Organic Compound
Serotonin,C12H17N3O2,574.51,11.58,682.627,Carbohydrate
Serotonin,C17H10N3O2,744.74,9.96,845.146,Neurotransmitter
Glucose,C17H38N0O1,996.03,N/A,784.071,Neurotransmitter
Adenosine triphosphate,C13H38N5O9,396.11,N/A,199.082,Alkaloid
Glucose,C9H38N5O2,145.06,8.21,456.642,Lipid
Dopamine,C17H22N3O6,325.22,N/A,901.312,Lipid
Serotonin,C16H16N1O2,367.29,10.18,178.866,Alcohol
Serotonin,C5H35N4O2,914.35,5.94,279.56,Hormone
Dopamine,C17H28N0O9,780.18,10.81,490.127,Alcohol
Ethanol,C5H24N1O9,379.24,N/A,973.164,Lipid
Caffeine,C18H34N2O10,444.49,2.49,714.311,Nucleotide
Caffeine,C14H38N5O4,613.2,10.41,790.204,Amide
Urea,C2H24N3O1,348.45,9.15,809.833,Organic Compound
Cholesterol,C6H6N3O7,237.97,7.05,594.778,Lipid
Glucose,C14H9N3O10,69.39,3.51,426.307,Neurotransmitter
Urea,C4H29N4O7,513.44,N/A,31.69,Lipid
Aspirin,C2H37N5O6,975.89,3.97,716.662,Alkaloid
Cholesterol,C16H21N1O5,958.2,3.47,817.71,Lipid
Urea,C9H8N5O5,734.4,13.67,679.7,Organic Compound
Urea,C3H7N0O7,503.89,12.64,469.82,Nucleotide
Adenosine triphosphate,C16H16N5O1,203.18,5.69,578.565,Neurotransmitter
Aspirin,C16H12N0O1,212.01,N/A,428.811,Nucleotide
Ethanol,C2H20N5O6,999.05,8.98,584.213,Alcohol
Cholesterol,C1H27N5O4,926.38,N/A,112.308,Hormone
Serotonin,C14H20N4O2,448.19,4.29,711.177,Alkaloid
Ethanol,C4H1N3O8,663.12,9.69,799.341,Organic Compound
Urea,C8H29N0O8,951.48,11.01,738.4,Hormone
Glucose,C2H14N4O2,568.13,8.44,495.991,Nucleotide
Glucose,C6H34N5O10,943.71,6.46,452.522,Lipid
Adrenaline,C18H5N4O9,367.07,5.81,468.901,Amide
Adrenaline,C11H37N5O8,915.48,6.88,780.538,Alcohol
Cholesterol,C8H12N1O3,852.56,12.04,746.678,Amide
Caffeine,C11H36N1O9,660.25,12.39,222.89,Nucleotide
Caffeine,C13H29N4O7,542.98,12.9,887.043,Alcohol
Aspirin,C5H3N3O1,668.97,11.35,349.688,Alcohol
Caffeine,C17H12N0O8,134.01,5.01,143.928,Lipid
Aspirin,C17H2N4O6,752.81,10.69,278.552,Nucleotide
Cholesterol,C4H7N1O10,468.55,4.06,930.838,Alcohol
Dopamine,C15H16N3O5,593.3,N/A,130.494,Carbohydrate
Glucose,C2H18N2O10,971.74,1.05,554.633,Hormone
Adrenaline,C16H16N0O10,221.41,3.32,986.24,Carbohydrate
Adenosine triphosphate,C15H40N5O6,602.12,N/A,993.757,Carbohydrate
Aspirin,C14H36N1O3,249.66,12.68,736.987,Lipid
Dopamine,C10H14N1O6,580.48,3.77,347.479,Neurotransmitter
Adrenaline,C1H29N3O2,970.98,6.04,72.898,Organic Compound
Ethanol,C4H16N2O4,313.68,3.4,719.183,Organic Compound
Serotonin,C16H3N4O2,267.17,6.86,731.186,Alcohol
Aspirin,C6H17N1O1,894.88,4.01,916.298,Carbohydrate
