species,latitude,longitude,population,date,habitat
Animal section,56.388926,-111.536524,28476,2021-11-06,Urban
Ask physical,-4.69771,152.455506,63728,2017-04-18,Tundra
Defense a,60.028207,-70.746166,7972,2024-10-03,Forest
Between letter,22.212084,-142.943131,40075,2019-09-22,Wetland
Fast enter,34.150455,36.499176,9133,2024-11-25,Grassland
Its film,-65.516771,-153.527325,79127,2025-01-17,Wetland
True use,-48.708652,-65.061861,26098,2020-04-29,Desert
Tough take,-0.156416,-164.531552,80955,2022-11-27,Grassland
Charge us,26.522138,-140.853976,35592,2022-11-21,Urban
Or business,-0.401573,-43.45472,59673,2017-09-17,Freshwater
Grow fish,19.880767,143.84398,86788,2019-12-21,Grassland
Many visit,-17.292441,82.635202,89766,2022-01-07,Marine
Of when,21.755885,14.766378,69372,2023-05-17,Urban
Finally none,3.501986,4.237917,62400,2019-03-31,Freshwater
Congress will,-89.681748,-76.466125,20394,2020-11-23,Wetland
Growth few,76.330638,-125.382083,95335,2022-12-08,Forest
Many table,70.913439,-127.459235,36215,2017-07-10,Desert
Product two,-61.198388,10.475753,5778,2017-10-22,Tundra
Scene personal,-68.571779,-30.775509,74898,2022-01-01,Forest
Person consumer,80.291437,2.107887,30822,2025-03-13,Desert
Ground step,-15.619633,99.850347,30958,2020-03-28,Grassland
Return send,43.236279,-45.340571,2344,2017-08-29,Marine
Hospital week,-2.934422,173.153535,4666,2020-10-19,Marine
Population yes,-68.619082,-153.621642,7126,2025-02-09,Tundra
Fly however,-1.513749,-20.206445,35167,2026-06-01,Urban
Significant itself,23.813341,7.175026,57990,2019-08-29,Forest
Check challenge,-74.406279,-155.359837,16765,2025-02-21,Tundra
Science truth,32.64778,-160.7055,81571,2016-07-23,Freshwater
Guy smile,-62.516741,-163.486607,77975,2025-07-18,Urban
Relationship study,31.506885,131.469501,79273,2018-02-02,Freshwater
Forward program,-0.999645,-91.627372,4544,2017-09-02,Tundra
True reality,66.772477,-27.690131,92481,2020-08-11,Marine
Car admit,68.216662,-69.914617,56525,2018-10-03,Desert
Much politics,-10.837454,97.31968,82073,2025-11-18,Marine
Girl mention,32.930182,50.635856,89420,2026-06-15,Tundra
Red add,-51.68703,-162.31038,51476,2019-11-15,Marine
Black sure,-68.957259,23.285057,44582,2017-08-30,Tundra
Federal poor,85.801057,-158.952409,7415,2021-05-06,Grassland
Picture PM,-32.425418,-12.877303,76494,2024-11-01,Wetland
Father child,2.29149,117.377678,41802,2020-12-10,Urban
Sing this,33.627847,-102.168518,79452,2016-11-28,Forest
Administration treatment,-2.713026,-11.992641,51905,2017-03-20,Wetland
Charge choice,-51.126596,-117.000909,16642,2026-05-11,Forest
Pick safe,83.010176,177.850187,36751,2019-04-16,Urban
Coach situation,-20.967083,174.899654,18827,2023-04-02,Freshwater
Same apply,-62.116425,-145.812257,40949,2021-01-02,Desert
Spring mean,44.704128,-115.653638,85870,2026-01-07,Tundra
Bar despite,-81.556862,-86.218663,61950,2024-06-14,Urban
Professor certainly,-72.582926,96.081346,30369,2020-12-12,Wetland
Per memory,60.366528,-118.23595,32672,2025-09-13,Desert
Fall air,-84.21275,-51.30542,36381,2025-08-13,Desert
Of top,52.858764,-30.911153,43416,2023-05-05,Urban
Top give,62.224021,-93.839357,32296,2019-06-02,Desert
Chance kid,-79.034653,27.616545,39212,2019-11-09,Desert
Feeling work,-23.819546,104.468602,64551,2026-02-03,Forest
Section commercial,69.111793,164.83153,2807,2017-10-29,Tundra
Subject move,20.684703,-80.362699,31423,2025-11-16,Wetland
Life message,-30.132607,-136.535292,86508,2023-03-06,Grassland
Performance group,88.549341,-166.338815,32839,2016-09-17,Freshwater
Issue present,-42.00222,74.871413,84887,2019-02-04,Forest
College finally,-64.161391,121.329641,10588,2021-01-04,Urban
Money recently,39.406512,30.890582,90117,2018-01-26,Grassland
Front white,-32.961131,-92.118826,84256,2018-10-13,Urban
And officer,60.016565,33.714173,74200,2017-03-24,Marine
It treatment,7.895537,-175.580722,32661,2021-03-21,Freshwater
Reduce any,-80.014497,28.047888,11816,2023-02-15,Forest
Piece carry,-30.107529,-132.320153,84441,2024-04-07,Marine
City you,-35.206846,-168.492124,95614,2026-04-11,Marine
Air soon,4.593798,119.908329,39540,2024-11-26,Forest
Better sport,-89.746247,52.188967,86900,2017-11-14,Forest
Crime number,-87.341379,-165.730797,80078,2021-03-05,Tundra
Fall unit,-45.461143,167.504934,58246,2024-02-29,Marine
Might yet,-74.125845,-11.472749,97831,2018-02-02,Freshwater
Expert bad,2.749538,131.280015,5247,2018-07-14,Freshwater
Understand short,-49.742183,13.635664,49383,2025-03-15,Desert
A management,2.489887,114.056637,60341,2025-12-29,Marine
Evidence cost,35.472465,-146.734188,60673,2019-02-18,Grassland
Forward road,39.654457,40.459974,62106,2020-11-14,Urban
Else week,31.215143,113.730794,76302,2025-04-17,Urban
Certainly possible,-27.460051,-83.597681,26602,2020-07-01,Forest
Professional management,81.991597,96.897154,86827,2022-06-25,Wetland
Blood recognize,-19.030154,132.974628,59517,2022-02-10,Grassland
Pull picture,85.12546,-88.693586,82344,2021-05-29,Grassland
Term while,4.292984,123.894961,70766,2020-04-03,Desert
Organization game,4.58114,-112.854164,83390,2018-05-01,Marine
Tree how,53.318969,-165.343074,43704,2020-01-24,Wetland
Language memory,22.135981,-16.691809,68747,2017-05-15,Wetland
Seek thank,-70.977586,70.412565,74412,2018-01-24,Freshwater
Station near,3.889759,-125.262533,81941,2023-07-20,Marine
Lose style,58.049125,19.87551,62377,2024-12-29,Forest
Push hospital,-28.662153,42.773205,45862,2024-04-10,Marine
Yourself change,23.493418,86.228713,73587,2026-01-03,Freshwater
Particularly call,-74.594711,-118.274014,86083,2022-03-19,Urban
Activity party,75.060163,-138.77341,21959,2026-04-29,Desert
Degree majority,-69.960636,-64.778553,71904,2018-08-09,Desert
Gun pass,-25.562003,29.763359,40352,2017-10-20,Freshwater
There top,-39.997015,103.361583,62249,2018-07-23,Wetland
Her stage,41.396954,54.100604,98107,2021-05-06,Desert
Speak early,-47.655562,-122.192499,52919,2023-09-02,Grassland
Building institution,46.867939,-86.103396,31112,2018-01-25,Marine
Never reason,-38.117845,71.191518,18873,2021-06-04,Tundra
Two south,73.580105,166.608712,38074,2024-11-11,Marine
Size quickly,51.515185,166.903972,23737,2021-11-06,Tundra
Color space,-66.495799,101.09118,14997,2020-11-15,Wetland
Get tax,45.501327,71.292234,50344,2025-01-20,Freshwater
Knowledge want,-4.286212,-130.928434,87637,2020-02-19,Urban
Certainly agent,81.321143,-155.600693,91391,2025-03-18,Marine
Ask age,60.633606,175.402842,86037,2017-11-21,Marine
How single,80.570709,-155.489328,85858,2020-03-24,Tundra
Exactly these,-67.162205,-45.779959,46854,2017-11-27,Freshwater
Current society,22.72725,74.062361,24467,2019-06-14,Wetland
Lay between,34.516118,-97.56637,40281,2019-07-27,Marine
Lawyer five,32.949029,-142.947345,4000,2023-08-08,Urban
Power line,-89.430807,-110.356442,5931,2022-08-06,Urban
Many positive,-33.948419,172.289557,83521,2018-08-01,Tundra
Effect color,-50.974851,26.642282,98130,2021-06-02,Wetland
Air establish,8.065478,-111.43246,64673,2020-03-19,Wetland
Stop walk,16.568753,37.338526,26527,2025-02-26,Urban
Way president,-67.661236,-140.565394,73024,2025-03-04,Wetland
Coach father,34.116702,51.371269,89074,2019-12-29,Grassland
Between safe,51.345687,54.636334,54767,2017-03-11,Freshwater
Appear believe,52.802345,-160.304191,35649,2017-07-08,Forest
Personal sense,34.989007,-110.014838,6481,2019-12-24,Wetland
Lawyer drive,36.926315,-24.834798,71142,2020-08-07,Desert
System fine,84.057458,34.406115,45530,2020-06-27,Marine
Argue behind,39.575875,-173.458529,34291,2017-09-22,Wetland
Share small,31.017449,107.801658,53553,2017-11-27,Desert
Small many,-86.863971,-111.818043,1972,2021-11-25,Grassland
Sport service,56.48485,25.274435,71400,2018-02-27,Grassland
Reality image,-63.566144,-115.365159,63380,2018-02-22,Forest
Camera day,-81.674839,74.164503,90066,2018-02-14,Grassland
Military important,11.743683,69.906348,54416,2017-06-16,Wetland
Find author,-64.204038,167.164791,19864,2018-06-12,Wetland
Local by,7.659965,-95.890856,96971,2020-12-01,Desert
Window hundred,33.147788,-167.929225,89407,2020-10-13,Grassland
Picture region,88.991172,55.224011,43995,2018-10-05,Wetland
Chance western,12.782166,162.349509,80282,2017-01-21,Wetland
Assume night,58.528251,-50.973702,7006,2023-02-03,Grassland
Long cut,-74.807576,35.606687,99442,2021-07-18,Desert
Capital most,-26.41423,42.352186,52051,2023-05-10,Forest
Blood series,18.358573,99.894721,94390,2018-08-22,Desert
Wide full,-5.135496,144.123695,16762,2018-10-15,Forest
Our many,-42.294062,89.477307,75598,2024-01-29,Desert
Dark former,-71.294038,-23.45584,18699,2023-11-08,Grassland
Trip seat,-40.16991,139.025387,24547,2020-06-22,Marine
Smile list,-58.773451,32.586245,81252,2019-09-21,Grassland
Little interest,-10.721792,-117.618888,92592,2024-05-22,Marine
There nearly,-13.820467,140.732298,95343,2021-03-11,Desert
Charge street,-14.854643,96.770115,37641,2026-03-13,Forest
None pretty,-61.029056,111.508257,14774,2023-05-20,Desert
Wide community,-11.322017,83.251568,15735,2016-10-13,Wetland
Thing measure,87.850195,-61.821716,18379,2024-04-29,Marine
Big today,-26.564634,-106.573836,23140,2025-06-14,Wetland
Serve street,29.528807,-31.604521,97864,2020-02-29,Urban
Continue figure,73.764444,32.506543,58408,2019-08-25,Urban
Reality wide,-23.714274,79.858772,85736,2017-05-24,Marine
Nearly difficult,4.150115,-104.135268,6516,2019-04-09,Marine
Change imagine,-44.985794,-163.084373,9395,2016-09-13,Wetland
Answer site,13.307622,93.956402,22821,2020-01-15,Marine
Former meet,20.508635,-170.193044,14726,2021-10-24,Wetland
Once none,87.16316,2.085003,63734,2022-01-24,Marine
Gun Democrat,85.29323,167.055622,36735,2022-08-23,Grassland
Once trip,23.412916,-75.649316,50481,2018-09-26,Forest
Special base,-16.492051,-36.927722,95251,2025-11-21,Forest
White compare,-21.293012,-57.41364,41693,2024-11-03,Urban
Benefit but,64.790215,-81.157699,10579,2026-01-12,Wetland
Admit rule,-55.294634,8.614876,8693,2025-11-16,Urban
General about,73.797397,45.196343,43055,2018-03-08,Wetland
Occur economic,19.225625,153.097988,14457,2025-03-24,Urban
Scene for,-6.156865,46.175257,32533,2017-10-07,Tundra
Visit also,37.298102,-111.696748,41258,2021-08-14,Marine
Ten choice,6.144038,-100.579654,88898,2025-11-17,Grassland
Stand even,28.271687,114.628665,25286,2022-12-23,Forest
Foreign rule,-20.999691,94.068937,11100,2023-03-25,Grassland
Boy activity,73.526357,79.463595,58909,2022-11-28,Desert
Attorney offer,82.479634,93.789656,64084,2020-02-10,Desert
This deal,-34.34144,-99.299591,28582,2025-09-25,Forest
My risk,-87.928809,142.483353,81328,2025-11-06,Freshwater
Per management,-69.271223,17.706164,96985,2022-10-28,Grassland
Well fish,-60.250194,-52.946023,71969,2020-09-30,Desert
Why practice,-66.277249,52.212316,46606,2023-10-16,Grassland
Well take,-83.954219,-167.713973,37624,2020-11-29,Freshwater
Bag science,13.922219,17.114285,92725,2023-05-15,Grassland
Half win,-19.012149,-105.288473,42013,2016-10-28,Wetland
Likely drug,-78.805728,21.155281,36010,2018-06-25,Tundra
Individual whose,-38.548314,27.162071,7072,2022-09-26,Freshwater
National economic,74.052755,48.138769,55898,2017-11-02,Desert
Sign sometimes,78.047312,-39.016176,32891,2017-06-08,Tundra
Media side,82.483734,13.387042,79190,2019-12-15,Forest
Seek suggest,33.674929,88.314252,36902,2022-09-05,Wetland
Ready surface,-82.949681,-85.749614,90908,2025-08-28,Grassland
Science threat,57.958364,-125.204957,40204,2025-10-18,Marine
Government respond,-66.409409,134.116205,58979,2019-03-04,Tundra
Be site,-8.941038,-78.163052,30064,2018-06-20,Forest
Cold north,-52.266495,4.747364,68097,2016-12-19,Desert
Race all,-65.502753,120.537523,32782,2025-01-05,Grassland
Financial result,-34.570237,55.489164,42959,2026-01-26,Wetland
Paper nor,55.794406,-127.092485,64080,2019-11-06,Wetland
Ten teach,40.579522,65.997621,57157,2025-04-19,Urban
Cover bar,12.940575,87.492399,82782,2022-01-31,Forest
One black,6.733503,-8.462278,16392,2022-11-05,Desert
Break four,41.04317,-179.493256,96471,2016-09-06,Urban
Soldier know,21.015257,177.368005,47917,2021-04-25,Wetland
Industry free,-7.056388,61.415567,24382,2017-01-30,Desert
One perform,-3.191019,105.952106,54537,2022-04-11,Urban
Church government,-57.052157,-124.001563,81580,2021-07-20,Desert
Need campaign,67.931564,-170.71039,21860,2018-03-16,Grassland
Young whether,-60.793066,-41.126508,10894,2017-10-13,Marine
Old whose,33.180022,177.296722,32607,2025-02-18,Grassland
Our really,33.024147,150.857444,13197,2025-12-18,Forest
Process bit,51.33718,83.945332,57790,2025-09-26,Tundra
Again area,84.686946,-26.26425,22925,2021-08-23,Desert
Simply personal,35.788556,155.853422,32197,2017-01-08,Freshwater
Simply might,0.180055,49.465036,61377,2017-03-02,Freshwater
True stop,65.570566,-99.036255,15845,2024-03-26,Grassland
Institution part,21.035741,142.440447,44770,2018-01-08,Forest
Ground without,63.012985,-82.141995,19303,2020-06-17,Marine
Community few,-13.246441,-20.229266,64606,2021-03-22,Grassland
Glass get,6.712067,111.339336,84367,2016-11-18,Forest
Administration star,-74.551734,-105.972556,83164,2025-08-07,Grassland
Popular training,-15.754576,66.643998,6882,2023-07-15,Grassland
Family list,86.91081,179.136227,3667,2020-04-26,Freshwater
Garden probably,-3.46103,59.913746,36363,2025-08-03,Freshwater
Without fish,-35.736703,179.609803,65827,2021-05-26,Grassland
Particular social,22.831849,114.17918,78233,2023-01-02,Urban
Nor start,31.155224,-127.349875,92438,2023-12-16,Freshwater
Method understand,11.662338,-115.784647,40263,2016-08-03,Forest
Time quality,51.145634,121.033619,6343,2023-06-03,Freshwater
Teach take,-35.71224,164.881371,96858,2021-02-05,Forest
Cultural professional,57.699284,113.634386,38317,2024-10-12,Grassland
Agree according,6.72836,43.007638,49410,2020-09-04,Marine
Fact activity,66.022804,-57.392154,80178,2023-07-18,Marine
Imagine color,-76.072332,51.560337,87247,2016-12-02,Marine
Everything away,-54.833498,-66.696481,56,2017-12-06,Wetland
Hair key,2.628778,21.888636,19537,2022-03-10,Wetland
Research miss,51.127834,140.775718,21831,2025-10-07,Tundra
School foot,22.644849,161.719402,45090,2022-10-09,Marine
Term suggest,79.899368,-177.982979,56588,2018-06-16,Freshwater
Crime improve,3.642135,152.379975,31272,2023-06-10,Forest
Gas quality,-75.751737,-9.633315,62853,2016-08-03,Wetland
Cover by,-77.367024,124.039433,46303,2022-10-05,Freshwater
Firm author,-15.849962,-119.94354,42148,2024-12-23,Urban
Field customer,-41.996925,160.605098,98221,2023-05-21,Tundra
Hard beyond,60.505764,5.703881,98967,2022-07-15,Tundra
Measure lead,-3.829991,81.842425,69511,2018-10-05,Wetland
Green happen,-59.329859,66.456397,73486,2018-02-19,Tundra
Your condition,1.459145,-106.045941,45873,2020-03-19,Forest
Thing heavy,-18.855295,-14.601421,62659,2020-04-11,Urban
Important space,-73.832162,117.005673,69194,2022-12-18,Forest
Music also,19.728498,-171.100191,242,2025-05-21,Grassland
Start figure,80.537276,-162.904334,94999,2022-07-25,Forest
Them write,53.187569,-33.80464,69875,2016-10-04,Wetland
Them point,17.035355,152.052943,61938,2021-10-02,Forest
Section analysis,-65.117684,-6.613322,24234,2025-07-28,Marine
Fill maintain,-28.722882,-21.921698,98199,2024-04-11,Tundra
What somebody,21.236458,36.620611,43014,2024-03-24,Tundra
Guy player,-31.50485,115.854732,68864,2023-02-14,Grassland
Car total,-85.191534,-172.99325,45277,2020-07-09,Tundra
Field exactly,26.024299,58.905344,78720,2024-01-24,Wetland
Different fly,-56.439861,163.65998,75961,2025-12-16,Forest
Plant himself,84.946509,-113.146779,82589,2016-12-08,Urban
Some guy,-70.766737,37.327976,40660,2020-03-29,Wetland
Chance blue,-7.003721,88.259952,91627,2021-05-08,Urban
Conference describe,38.341044,-17.757776,32713,2020-06-01,Marine
Ready talk,-49.968198,107.847582,60363,2021-09-16,Urban
More carry,-47.494392,-16.772608,70189,2018-04-23,Wetland
Probably base,-85.329575,-47.554473,14406,2021-03-21,Marine
Television religious,27.175668,-73.554116,74954,2024-07-08,Marine
However training,5.520291,162.257695,97047,2025-04-09,Desert
Develop response,-26.384471,-3.789935,11896,2017-10-04,Tundra
Standard animal,-81.503023,64.217295,91339,2025-10-01,Marine
Song about,32.448356,159.146909,86817,2024-10-27,Wetland
Technology spend,76.353514,-46.013426,52078,2025-03-13,Grassland
Born ground,39.857511,59.908647,15727,2023-10-22,Tundra
Young attention,60.064856,-94.743023,61988,2019-12-01,Marine
Near rule,66.481276,55.414997,82541,2022-05-03,Grassland
Mother letter,27.569863,-84.786027,64703,2017-03-29,Forest
Course fish,33.450162,175.610064,44062,2017-06-20,Wetland
Which nature,-69.610626,75.215694,65953,2016-09-21,Grassland
Concern development,45.912173,-40.378841,19870,2023-05-25,Urban
Ball always,-5.113318,55.199374,75876,2021-12-18,Urban
Another well,-71.380377,-150.918783,52536,2025-03-03,Tundra
Current house,-10.381914,-29.701315,22582,2020-08-05,Desert
Show course,-85.281649,-153.437104,48799,2025-08-27,Grassland
Difficult treat,-36.103942,98.976227,79508,2017-01-21,Marine
Fine away,65.24697,170.404613,13516,2024-09-26,Urban
Once open,34.901483,-79.767217,45598,2017-11-21,Grassland
Be practice,-62.712782,-72.469079,27828,2024-07-13,Tundra
Very whole,-68.832551,-36.065966,56154,2019-09-07,Urban
Rate consider,49.290695,123.229096,34841,2020-01-17,Wetland
Media beautiful,75.287926,67.07224,77687,2019-06-15,Marine
Account difference,61.619498,-132.270871,6805,2022-03-06,Wetland
Like science,73.755893,-78.30605,49893,2022-07-26,Urban
Education understand,-26.348299,34.630112,3043,2024-10-24,Urban
Art spend,-82.16198,-104.881889,57284,2026-02-20,Grassland
Heavy smile,6.891362,155.126329,58075,2024-06-20,Wetland
Experience one,-65.708582,98.981873,74683,2023-11-20,Grassland
Address yes,71.887711,-16.041786,75685,2024-06-08,Desert
Although role,49.217371,136.281391,99934,2022-12-12,Wetland
Finally difficult,-84.819031,99.829112,37500,2017-11-02,Desert
First nor,-5.327398,-126.848213,75700,2016-12-01,Forest
Risk month,13.736126,-100.737427,96215,2024-12-23,Forest
Industry quality,29.399345,32.551782,69834,2025-03-05,Marine
Market thought,54.494518,-175.259817,25723,2020-08-24,Urban
Son window,29.084029,-74.880003,37501,2025-04-08,Forest
Understand election,34.635342,-91.934779,33586,2024-04-27,Urban
Sister single,49.976481,-153.797276,8914,2020-05-08,Tundra
Fish need,-8.688507,-121.074677,78805,2016-08-27,Desert
Include among,-39.889869,-108.95742,78255,2019-09-12,Freshwater
Democrat each,-6.335179,76.867125,35011,2017-10-06,Grassland
Statement once,-49.096165,-83.093472,3037,2026-05-22,Forest
Act nothing,25.874928,60.728598,86973,2022-06-08,Tundra
Woman least,63.213155,138.605109,52424,2025-09-05,Forest
Keep event,-72.321996,57.186116,13126,2025-04-17,Freshwater
News defense,24.058407,76.203598,8394,2021-12-09,Wetland
Point piece,63.691576,53.340812,94701,2017-09-08,Wetland
Evidence ok,-84.74676,89.025732,50601,2017-05-31,Marine
Power goal,54.008688,-68.374396,57872,2018-08-05,Grassland
Gas true,-13.829966,55.393467,93680,2016-11-11,Marine
Along mind,39.800595,-160.434713,57010,2019-05-27,Marine
Member cold,-64.591012,-31.850973,55471,2020-03-25,Freshwater
Fine card,77.788826,-44.698802,3534,2019-04-21,Tundra
Shake financial,10.044964,15.214399,8954,2019-04-25,Desert
City south,-68.818933,-60.115893,2206,2019-02-21,Urban
Father travel,8.139411,-120.129203,93801,2016-08-20,Forest
How blood,25.896329,-89.203153,36245,2019-04-29,Desert
Partner too,-19.080171,46.226147,33611,2017-04-25,Marine
Executive current,-73.809262,23.90469,98851,2018-03-18,Grassland
Road nice,83.601958,-61.751588,90706,2021-05-15,Urban
Go training,73.965451,142.734013,7250,2018-08-23,Forest
Compare serious,63.797104,21.475176,43866,2026-04-20,Desert
Accept bring,13.761881,72.019634,276,2018-05-19,Grassland
Week catch,45.822133,26.675516,15644,2019-06-28,Freshwater
Station action,34.715624,-159.352181,55210,2017-03-20,Desert
After for,24.094774,125.823119,1661,2024-02-20,Tundra
Pattern role,-62.935371,58.789321,61841,2025-12-14,Wetland
Sit summer,-0.354077,-173.812335,16363,2019-02-23,Marine
Everybody bed,-36.465781,18.375466,53906,2021-09-28,Grassland
Politics data,67.200599,166.292033,27875,2021-01-03,Tundra
Card beyond,28.255677,-149.335264,7501,2021-12-13,Wetland
System finally,24.399586,33.271841,47986,2024-06-15,Forest
Himself Democrat,80.571744,-68.831087,76922,2020-09-13,Freshwater
Behind collection,11.26119,-51.513885,34616,2021-09-26,Desert
Tough inside,71.92342,-2.190083,28500,2025-05-20,Urban
Week sea,73.61893,134.963459,40454,2023-11-02,Marine
Street eye,-23.102892,68.78333,1191,2021-06-25,Grassland
New degree,-71.924975,-30.668751,29113,2020-09-21,Forest
Yard Democrat,-9.384551,-52.633946,5563,2025-01-13,Grassland
They class,81.576332,139.729705,22624,2021-10-16,Forest
Can especially,55.207647,85.671576,37910,2023-07-23,Wetland
Authority onto,87.184456,-167.390404,99976,2021-02-13,Marine
Top develop,-42.420276,123.311388,56209,2021-05-25,Tundra
Movement contain,-67.53558,-77.600562,45057,2019-08-24,Desert
Throughout pull,-60.392777,-46.032768,18881,2020-08-11,Tundra
I health,-48.307323,148.683712,52565,2022-06-29,Grassland
Town sometimes,36.063226,-22.304429,86592,2019-11-20,Forest
Far still,-42.759101,-33.230164,76561,2018-05-16,Forest
Work picture,2.885264,33.331037,79423,2026-04-17,Tundra
Green law,-21.953173,-98.559254,53925,2024-07-06,Freshwater
Tax among,-3.049063,-83.826399,87018,2020-07-12,Forest
Win maybe,-68.472405,-62.233216,82130,2019-06-28,Tundra
Talk goal,-50.284817,51.833461,51050,2017-05-07,Forest
Yet when,88.130003,-152.080258,49972,2021-03-04,Desert
Gun white,-34.421115,3.048264,34979,2017-12-17,Forest
Position wonder,-38.809479,-48.551992,6283,2019-12-06,Tundra
Local sense,7.447621,-28.280276,49658,2020-09-13,Forest
City fund,60.595151,142.323789,37618,2020-05-07,Wetland
Executive quite,-64.919599,-17.793474,27262,2018-09-24,Freshwater
Create federal,-63.934303,60.39615,38083,2023-05-04,Marine
Use image,-29.978006,-173.759863,62130,2023-01-17,Wetland
Charge up,-81.621576,-3.775673,12730,2018-03-31,Tundra
As late,60.300361,-57.862272,29145,2018-07-25,Wetland
Oil clearly,-77.252752,56.997726,24179,2017-10-24,Grassland
Push this,-25.100599,-45.095386,12759,2021-08-29,Freshwater
Media themselves,-18.533016,-8.0826,31180,2017-11-30,Urban
Dark should,78.608921,28.48621,31598,2023-10-10,Tundra
Drug soldier,-5.477439,62.100243,68171,2016-10-08,Grassland
Radio four,89.535156,86.579738,8141,2019-05-30,Marine
Specific face,14.146342,-84.201922,68848,2021-07-26,Freshwater
View police,31.814769,9.003218,71444,2022-08-15,Marine
Experience my,-9.798653,-122.835009,15658,2017-05-31,Urban
Deep per,-2.634975,-17.010614,22594,2017-06-22,Grassland
Tree pull,-55.11915,-67.139322,30632,2025-07-12,Freshwater
Before true,39.513714,-125.750761,97123,2024-12-04,Wetland
Here know,36.440036,11.469522,1691,2025-07-26,Forest
And car,86.543804,-109.676801,71153,2019-01-16,Grassland
During better,-61.180671,-166.151571,11036,2026-06-25,Marine
Every left,-55.895702,76.428569,73906,2024-04-10,Desert
Outside far,-49.195934,87.818083,61003,2019-05-01,Freshwater
Experience similar,20.221737,59.03307,41235,2021-06-08,Urban
Behavior determine,37.284859,27.852747,44206,2026-03-11,Wetland
Majority south,-43.265155,-65.655864,44808,2025-10-06,Grassland
Director soon,-69.374245,74.391731,16774,2025-11-07,Tundra
Kid our,-55.077084,39.322318,58772,2017-09-15,Forest
Current establish,-68.04455,106.460601,42263,2016-12-12,Tundra
Manage activity,74.39257,-13.656999,35331,2024-04-05,Desert
Affect necessary,-0.304847,-26.931992,59808,2017-11-07,Forest
East nature,-52.024412,126.232022,91630,2024-09-10,Urban
Few break,-80.149028,147.061099,87851,2019-08-15,Desert
View write,38.530962,-118.767712,56566,2023-08-14,Desert
Reduce push,85.298085,-116.497744,69470,2026-03-14,Forest
Animal how,-24.775482,-4.621922,35715,2024-09-30,Urban
Sing per,-39.335589,-166.781577,3669,2023-05-08,Desert
Stage important,36.39597,144.778099,51401,2018-08-22,Freshwater
Especially network,72.511682,-19.720731,84071,2018-12-19,Forest
Education will,-69.727319,129.217389,41609,2021-05-03,Tundra
Respond grow,20.568412,-34.648389,45338,2020-02-24,Grassland
Realize represent,-63.752309,110.126995,91511,2022-01-21,Urban
Third while,79.655397,109.368479,20911,2017-06-23,Tundra
Law value,-42.55665,51.535234,91321,2017-04-18,Forest
Lot field,-2.309864,-164.874212,94632,2018-01-11,Forest
Big well,-75.110252,102.458966,49524,2024-10-31,Desert
Art figure,-35.279898,118.60052,784,2023-06-06,Desert
Traditional single,-82.679084,-101.523408,66477,2024-12-15,Freshwater
Blood memory,70.384946,74.659305,14421,2016-08-20,Wetland
Know hotel,9.451329,111.459508,59906,2025-01-09,Desert
Bag close,53.126004,-122.372325,73010,2018-11-11,Forest
Conference painting,-58.272642,-15.966419,68434,2019-08-01,Forest
Change final,-57.198843,-23.188372,33080,2019-12-27,Forest
Energy book,18.973678,-69.144154,90484,2022-12-01,Forest
Their senior,78.96312,-119.831142,47293,2018-10-05,Urban
Along close,28.407257,106.258275,37804,2018-06-12,Tundra
Send concern,87.369356,-16.959743,24419,2023-08-19,Desert
Head home,-37.554473,-46.619246,82802,2025-05-25,Freshwater
What magazine,-65.326933,-63.93202,38920,2018-05-10,Grassland
Send people,89.494586,19.960558,12054,2026-03-10,Wetland
Stock conference,-47.492056,-21.241746,30667,2020-02-15,Freshwater
Production particularly,-76.760436,-16.560583,4790,2024-01-08,Freshwater
Certain send,-2.534298,-38.155569,7734,2018-02-14,Urban
Fast firm,-87.13253,-88.96859,8223,2017-04-04,Wetland
Expect shake,31.350017,49.699669,28680,2020-05-19,Forest
Today once,89.3772,29.959687,24995,2024-09-07,Grassland
Offer serve,-49.939686,-95.582299,4066,2018-06-19,Marine
Program despite,-67.269144,-0.340902,87911,2023-05-19,Grassland
Control impact,21.752953,160.43058,69417,2025-05-01,Wetland
Those nothing,-40.885773,-43.067947,80413,2024-06-08,Grassland
Sound build,-16.665163,164.818963,9833,2026-05-13,Desert
Ball can,9.816195,159.920543,88146,2019-04-28,Freshwater
Best both,66.979814,-165.071984,72848,2017-04-18,Freshwater
Leave never,71.645965,-170.60012,21677,2024-01-05,Forest
Sport view,56.076859,108.559796,45194,2018-02-20,Marine
Discover well,-62.859659,172.77579,64756,2023-08-20,Grassland
Court Republican,-88.23468,97.421715,43793,2023-01-06,Forest
Why event,48.339017,-113.017829,43957,2018-08-01,Freshwater
Idea anyone,-57.892115,-95.73775,53468,2026-04-21,Tundra
Indeed live,-28.84101,10.302346,96145,2021-01-24,Grassland
Film leader,54.131772,76.020382,85712,2023-07-14,Urban
Enter ahead,-37.570868,-143.503388,92595,2022-11-13,Wetland
Law house,56.234398,172.103812,10361,2022-10-21,Forest
Need talk,83.378518,-39.698193,59467,2020-10-22,Urban
Entire nearly,74.851223,109.637658,98872,2021-05-07,Marine
His campaign,-26.69365,96.889475,34809,2020-04-26,Wetland
Believe painting,73.972553,-159.754251,91067,2020-07-08,Marine
Country growth,18.198079,-159.199592,82871,2021-01-03,Forest
Outside her,3.68674,162.153213,69134,2016-10-01,Marine
Record improve,-62.027795,41.238793,63578,2026-06-16,Tundra
There mention,-33.384431,87.971807,84355,2019-09-07,Tundra
Exist issue,-81.832917,105.892796,92695,2018-08-14,Urban
Open process,2.961608,-68.04034,92557,2021-02-21,Freshwater
Place Democrat,-43.893578,-177.743692,21913,2025-07-06,Wetland
Since degree,23.747474,65.56516,90757,2017-12-24,Forest
Against theory,79.458052,-44.959361,23833,2025-06-21,Desert
Option law,-36.728794,107.263572,66150,2024-06-16,Desert
Firm evening,-41.982117,-132.812329,89584,2019-07-28,Tundra
Cover bar,46.656949,99.120169,93090,2024-02-12,Urban
System per,83.192611,103.174245,39953,2024-12-31,Wetland
Which away,20.466628,-149.236588,52879,2026-03-23,Urban
Third respond,81.280223,-149.482787,67078,2021-07-10,Desert
High camera,69.127548,-42.04729,18842,2026-02-15,Forest
Make machine,81.994513,-49.500595,60485,2017-10-17,Freshwater
Smile fund,74.189995,-94.252421,8458,2017-04-23,Urban
Offer personal,81.248248,-100.925836,14858,2024-10-19,Grassland
Pay people,66.001679,98.137098,20034,2024-01-18,Marine
Government as,-65.256244,-88.004918,63651,2016-09-25,Wetland
Behind however,75.475452,-2.595472,38274,2024-11-20,Marine
Court law,-22.113699,125.705154,63660,2022-10-31,Wetland
Focus stand,-56.099532,91.453584,14955,2024-04-16,Wetland
Prepare right,38.006875,105.198385,61002,2023-06-04,Wetland
Those high,-88.829307,-82.617596,2617,2019-04-03,Grassland
Tough plan,-32.001245,-159.037912,41682,2019-05-04,Forest
Sea feeling,76.651857,54.827565,98293,2020-07-01,Desert
Or option,-48.618135,108.774877,57468,2017-11-15,Wetland
Discuss able,88.376275,-141.111664,32429,2025-09-02,Urban
Population mouth,-66.840696,-143.190865,2744,2021-08-22,Tundra
Friend research,37.976756,91.312424,74701,2021-02-12,Urban
Country threat,-79.379461,-11.08973,94208,2025-03-06,Urban
Where reveal,65.940639,157.504924,58498,2022-06-13,Urban
Answer sell,46.927626,-153.411136,28267,2023-11-05,Grassland
Quickly simple,-48.892006,-45.868438,57086,2025-05-21,Grassland
Summer site,-69.16602,9.631979,25650,2024-07-28,Marine
Air right,70.818422,-16.216411,92137,2022-04-12,Forest
Money suffer,-58.846824,-176.673594,69963,2025-05-28,Grassland
Realize statement,0.733239,-154.232848,25663,2020-08-15,Wetland
Choice turn,-68.478057,-167.793414,21322,2018-07-25,Marine
Coach challenge,-40.43097,150.619755,85371,2023-11-26,Freshwater
Want should,24.363106,-110.877876,79557,2020-06-06,Desert
Red ask,25.742918,42.593004,39779,2024-05-20,Urban
Indeed peace,-61.888408,-90.191397,86087,2022-02-12,Freshwater
Shake our,2.640052,59.415322,18494,2026-05-31,Urban
Subject whatever,53.189013,3.952584,45369,2023-02-01,Freshwater
Attack past,9.445207,45.700086,93484,2017-08-15,Freshwater
Up hear,23.79938,-149.8125,30789,2023-09-22,Desert
Decide a,-67.674217,53.858709,49313,2024-07-19,Tundra
President surface,-50.135009,-170.008109,61330,2020-07-31,Forest
Indicate task,-20.47637,-43.669909,49707,2024-10-21,Grassland
Hair find,-13.665723,7.875661,24809,2022-02-15,Marine
Culture mean,20.404008,74.809627,81177,2022-04-16,Grassland
Citizen down,44.294912,-128.89523,30701,2022-02-12,Tundra
Hit include,79.153183,-10.87146,21809,2022-01-24,Desert
Often lead,-74.263855,-60.384469,75423,2022-07-12,Forest
News cover,-58.433867,-4.111597,34864,2020-03-06,Grassland
Employee financial,-70.883893,-47.668389,82520,2024-09-17,Wetland
See cost,-53.719693,-133.755207,68292,2020-05-20,Wetland
Keep cup,14.9297,155.691494,48725,2021-12-14,Urban
Message money,56.061937,19.464214,63866,2019-09-06,Tundra
Threat mean,-69.4275,151.928282,31288,2023-11-14,Grassland
Ahead instead,-31.829927,153.93355,92843,2017-11-04,Forest
Issue trial,2.852811,58.124808,98191,2022-06-21,Urban
Laugh what,-39.126136,119.987581,40251,2024-11-25,Grassland
Anything leg,26.957696,102.262065,31030,2018-08-27,Forest
Third simple,22.797088,39.373908,31586,2021-02-18,Desert
Modern sense,-33.761422,-60.796418,44509,2025-04-02,Marine
South human,74.385771,19.141346,49643,2026-03-25,Wetland
Share life,4.452242,-167.368207,67150,2025-10-22,Grassland
Myself third,7.971984,-38.087035,60502,2019-06-05,Desert
Many no,-5.934532,-62.018143,34362,2018-01-15,Wetland
Side behavior,88.169984,-82.441321,34661,2021-05-02,Forest
Rule environment,-6.092544,164.272539,77061,2024-08-26,Wetland
Weight leader,34.804967,83.391844,38813,2023-10-06,Urban
Fight station,62.053717,19.151656,13486,2025-03-16,Urban
Coach live,-84.693619,-157.848817,37081,2022-10-19,Freshwater
Some national,4.719201,81.20582,85972,2020-01-10,Desert
Pattern present,-5.484296,-120.19567,34531,2023-08-10,Grassland
Space forget,26.569049,131.811487,82893,2018-09-19,Tundra
Fine boy,55.808615,-138.104246,63438,2019-09-11,Forest
Area military,51.908979,-89.566769,5222,2018-09-08,Freshwater
Care good,-52.070773,-63.326938,93250,2022-01-12,Freshwater
Way marriage,48.35227,-129.401038,64378,2022-07-26,Desert
Government director,34.168939,154.629233,49352,2016-11-05,Urban
Development either,45.177383,77.262741,36248,2016-08-07,Grassland
Along population,61.802528,61.901855,92697,2025-11-26,Grassland
Score gun,29.269336,127.215004,53635,2022-08-28,Freshwater
Nearly although,86.833308,130.565426,66794,2020-02-03,Wetland
As smile,53.447572,-78.194337,83033,2021-09-14,Desert
Activity hour,-81.261883,-21.249259,28606,2017-10-08,Desert
Rest music,-53.457991,75.895163,76913,2018-04-26,Tundra
Up huge,-51.516445,-59.164371,70354,2024-03-18,Freshwater
Education something,2.287724,87.069602,49945,2026-06-10,Tundra
Society side,38.778319,70.270169,18808,2020-07-18,Marine
Report here,50.7717,-31.690325,28761,2025-06-08,Freshwater
Example whatever,-27.816615,-102.083148,81757,2023-04-09,Grassland
Mind total,-29.418348,-107.143321,10079,2023-02-18,Grassland
Almost since,69.239397,50.823908,69560,2020-05-17,Marine
Leg point,-86.235357,-33.721057,17472,2026-04-18,Marine
Apply carry,26.316715,178.087224,85172,2019-02-03,Forest
Meet old,-8.589034,-30.138675,14980,2022-11-29,Freshwater
Stand data,-40.84121,159.066067,70445,2021-10-19,Freshwater
Much likely,-76.092237,93.275037,9732,2018-12-05,Forest
With this,20.990885,52.491723,94465,2025-08-05,Grassland
Local member,14.935838,-1.606374,85691,2021-04-12,Marine
Cut stay,-89.92514,25.362914,80164,2023-07-19,Grassland
Game threat,8.22091,42.373083,38212,2023-10-06,Freshwater
Late wait,-82.408547,-111.876717,28452,2025-03-01,Desert
Glass enter,12.290057,-83.993783,20871,2016-12-03,Freshwater
In worker,-16.808359,172.018763,29586,2025-10-19,Marine
Step left,52.7251,-164.511666,73406,2018-05-08,Urban
Ok easy,-42.244632,95.141037,73830,2018-09-06,Freshwater
Those road,-75.271429,105.205254,32544,2022-07-26,Freshwater
Know some,45.211742,-41.375028,52047,2024-10-11,Forest
White those,-9.453221,145.127681,74810,2020-10-10,Desert
Source enjoy,-66.131398,79.953882,16829,2019-12-09,Marine
Parent fear,15.786147,-157.425929,13214,2022-07-28,Freshwater
Rock speak,64.04195,117.12305,93260,2016-11-15,Urban
Arrive magazine,-35.091726,2.318069,76443,2019-03-08,Freshwater
Federal building,85.985208,31.861862,45995,2016-08-17,Marine
Camera may,84.623651,113.368552,2653,2024-07-21,Wetland
And start,-7.738846,-19.286785,11478,2017-07-01,Grassland
Second official,29.704404,15.554818,61571,2022-08-13,Desert
Main law,-13.209577,152.469866,44449,2018-10-03,Freshwater
During spend,74.510039,106.68028,99305,2025-05-29,Wetland
Could few,-5.770841,104.246985,18778,2020-11-19,Marine
Child commercial,-70.013066,123.051577,78322,2018-12-23,Urban
Major window,-32.383557,-52.900032,16518,2023-09-15,Forest
Street situation,45.64828,-174.534592,74445,2025-02-06,Desert
Really full,-32.417187,65.120408,64144,2016-08-29,Marine
Late position,14.106237,-14.514033,58003,2017-07-26,Urban
Child window,74.09494,137.907371,25400,2017-10-25,Grassland
According mouth,-52.920346,124.16023,39111,2018-03-11,Desert
Become big,-63.48823,-8.0076,29024,2021-12-13,Freshwater
Offer wait,-18.382123,-129.531368,56310,2023-11-13,Wetland
Can home,-51.172323,121.069556,8347,2018-08-09,Freshwater
Space edge,-58.356889,127.347274,25988,2017-05-20,Tundra
Television movie,-17.627691,74.36433,13558,2022-05-16,Grassland
Case exist,49.227338,121.159343,94174,2024-02-14,Tundra
Space pressure,-76.695596,-51.796509,43647,2023-12-23,Forest
That fact,12.103835,-134.619598,43154,2023-08-16,Freshwater
For realize,83.250925,166.946803,79011,2024-07-04,Wetland
Hit cup,23.265978,148.563978,83106,2023-10-27,Urban
Policy fine,67.42276,102.90192,61622,2017-01-17,Grassland
Area young,19.951788,57.169643,77640,2024-01-30,Marine
Different drive,44.137393,-10.848817,86335,2019-05-09,Desert
Myself activity,-87.192451,97.04166,81234,2024-11-11,Marine
Standard area,-51.08285,53.114964,67223,2022-01-08,Grassland
Age yeah,-2.551275,26.574124,840,2023-10-31,Grassland
Today your,-41.829216,-144.978618,36887,2025-10-12,Marine
Analysis stand,13.495951,-82.621473,20254,2018-07-04,Freshwater
Whether enough,13.604733,30.893069,47204,2020-04-25,Wetland
White capital,61.77499,167.908224,42818,2019-10-04,Desert
City crime,-18.480461,-81.482721,70057,2025-04-07,Urban
Street old,-49.419962,119.122508,90115,2026-07-17,Tundra
Site reflect,42.873049,-153.188681,81869,2026-04-15,Grassland
Forward there,-32.534403,-118.544937,98829,2020-05-23,Forest
Identify yourself,-37.690931,58.007713,64023,2019-03-21,Marine
Meet enough,76.794872,110.356095,98625,2019-03-06,Desert
Top real,-75.257618,-37.061738,27089,2024-08-19,Freshwater
Southern here,74.705691,158.701142,58479,2024-01-10,Marine
Guy piece,-87.919072,45.34708,50595,2020-12-28,Wetland
Middle car,-85.981088,-142.355124,73451,2019-10-12,Desert
Happen board,-70.713379,-104.494266,51390,2019-09-12,Tundra
Decision policy,-76.313832,-87.768219,60043,2025-07-16,Tundra
Structure politics,78.92512,-63.836103,99965,2024-08-24,Freshwater
Guy choice,79.91396,-154.324171,56912,2023-07-09,Wetland
Son practice,-37.306494,-126.219439,58919,2023-02-22,Wetland
Guy surface,-62.495311,165.172916,35423,2021-11-14,Grassland
Can they,-2.196462,42.147339,38247,2025-05-02,Wetland
Bed paper,34.487795,94.135618,54124,2016-07-22,Desert
Security prove,65.227708,94.620755,27216,2025-11-01,Forest
Father million,-21.35307,122.784539,98702,2025-06-07,Wetland
Whom stop,-46.559603,110.476617,24677,2025-09-24,Marine
Somebody onto,52.18934,166.503427,1527,2017-08-18,Grassland
Old political,-62.395173,-14.883952,5715,2021-05-14,Desert
Media never,-70.916894,-120.290017,1790,2020-09-15,Forest
Responsibility left,7.996848,-41.756311,85861,2025-12-23,Wetland
So hospital,-14.827461,-118.136361,59759,2024-12-21,Forest
Them business,-10.970982,-90.516269,94236,2021-01-09,Urban
Position end,12.539824,152.894,89341,2018-06-28,Wetland
Movement eat,-75.154204,38.568955,57586,2025-05-08,Urban
Often sense,50.867474,-6.206214,39619,2024-06-30,Urban
Quickly because,86.302373,77.056235,17016,2016-11-15,Forest
Understand his,9.450668,-21.639384,38410,2020-02-12,Urban
Win listen,61.132831,-7.348137,26296,2025-06-01,Desert
Year prepare,-14.339481,-115.559995,46068,2017-05-11,Grassland
Person church,-18.354219,-123.559559,15623,2020-03-07,Desert
Look young,58.682732,38.786382,2905,2018-01-27,Desert
Respond senior,-60.445512,-140.151775,26367,2019-12-30,Freshwater
Sport guess,68.333459,103.625952,93467,2018-02-25,Grassland
Popular loss,-44.117168,-65.691592,12581,2022-09-11,Wetland
Mother from,-18.279294,-36.07316,91211,2020-11-15,Forest
Wall green,-39.482642,33.995261,57913,2020-12-30,Urban
Follow tonight,-43.138264,136.872463,30631,2018-09-21,Desert
Idea generation,82.002161,138.475526,80392,2019-09-14,Urban
Three create,25.362686,56.100237,92981,2025-12-08,Desert
Public rather,-10.099386,11.991714,2026,2024-08-19,Desert
Family tough,55.095243,-54.817377,73101,2021-05-03,Marine
Operation I,-14.095731,-75.764391,71775,2024-02-01,Desert
Work level,70.592913,156.628398,89191,2019-01-26,Tundra
Since create,-39.320837,-30.455487,89523,2022-11-11,Wetland
While mean,-17.185553,165.016383,34610,2025-10-23,Forest
Certainly east,-12.50975,-146.530281,29335,2019-04-10,Tundra
Off language,64.393861,-87.202863,55434,2020-10-12,Desert
Country stage,-32.044444,55.062317,55565,2017-08-15,Marine
Hold certain,70.302515,-162.704015,62441,2021-01-10,Grassland
Still take,82.678831,-55.320483,53915,2017-03-21,Freshwater
Collection institution,-26.670427,-8.236791,87796,2017-04-24,Urban
Side result,-76.492292,36.868052,68065,2026-04-09,Freshwater
Join hotel,18.308505,19.320427,77773,2018-10-06,Freshwater
Or benefit,-67.904406,-105.553756,24398,2023-06-21,Forest
Thus beautiful,-38.895977,-26.665508,10952,2025-05-26,Marine
Whom small,25.546547,158.098042,34874,2025-08-19,Tundra
Local stay,72.145865,-49.262326,84894,2021-09-14,Marine
Several create,9.750788,48.396573,75360,2017-11-29,Forest
Vote mind,-49.631989,-61.781308,89682,2020-07-19,Forest
Civil style,48.822501,-69.394664,8583,2019-01-01,Urban
Big language,46.732733,113.019942,93808,2018-10-06,Desert
Note condition,65.012696,76.028092,58641,2024-10-26,Marine
Technology decade,-79.453149,-99.330264,87085,2025-11-24,Tundra
Company discuss,-48.296098,-106.263203,4749,2023-08-19,Urban
Fund commercial,-21.00247,-178.134676,34823,2018-12-06,Urban
Raise song,17.145426,-97.725482,93216,2022-04-01,Forest
Finally everything,21.167665,-124.513565,75912,2018-08-06,Grassland
Professional significant,-55.262702,42.808636,59602,2017-10-12,Freshwater
Entire south,32.546225,145.462678,49681,2020-07-12,Grassland
Hand shoulder,-58.091778,40.897098,8881,2023-12-30,Tundra
Decision exist,26.622044,-87.140798,48034,2021-01-04,Grassland
Thank network,81.280455,-177.295424,74939,2016-11-12,Urban
Wide as,-37.73702,-73.188242,25306,2023-05-02,Freshwater
Ball charge,-7.666811,154.892775,82109,2019-07-24,Urban
You term,27.51894,109.039728,1867,2019-06-04,Forest
Experience there,-0.766029,24.468616,92083,2025-06-26,Urban
Join address,-61.936544,-115.636403,22694,2020-11-15,Grassland
Piece present,-6.818197,145.760082,62968,2020-01-20,Freshwater
Worker call,-49.419585,57.739385,60978,2018-05-09,Wetland
Life too,-43.149738,56.440853,56583,2018-06-10,Urban
Total girl,89.182672,-47.267913,11901,2017-09-23,Marine
View fill,45.927035,-138.840072,34265,2019-10-06,Tundra
Positive contain,76.026945,39.724504,19058,2025-02-11,Forest
Blood fill,81.871734,-26.048447,91309,2019-11-07,Marine
History necessary,-18.619938,137.076417,23323,2022-02-20,Tundra
Up role,37.859024,32.622147,36861,2024-12-04,Forest
Return go,64.571321,50.181086,16006,2021-08-10,Freshwater
Month per,-63.422694,-9.130589,20655,2023-04-30,Grassland
Small own,64.939304,109.407057,3148,2023-08-31,Wetland
Once imagine,-47.704643,-97.594986,67469,2018-01-23,Freshwater
Season those,36.67793,70.895522,71333,2021-05-03,Forest
Exist share,83.375118,-94.808128,50336,2019-06-05,Desert
Price hand,64.157071,77.591367,60837,2017-12-26,Forest
Imagine town,-47.981625,59.937253,32378,2023-02-16,Tundra
Worker model,-2.331812,-52.104263,65061,2017-01-18,Tundra
Everything word,-10.045312,-59.088103,15555,2018-02-06,Forest
Popular quickly,-38.807247,-109.033648,38522,2017-08-08,Wetland
Become have,-8.995114,130.525923,90128,2020-11-13,Forest
Notice carry,-3.126268,-54.027988,15698,2023-07-02,Marine
Standard teach,27.259499,148.065196,73150,2019-06-21,Desert
We garden,-47.904978,22.606767,70230,2025-08-02,Urban
Direction defense,-6.551127,107.688912,89851,2021-06-29,Urban
Term school,-70.341729,155.050908,70094,2024-01-16,Freshwater
Floor wind,1.504155,-25.903249,94727,2023-06-11,Forest
Practice pressure,-12.298176,-122.437258,91744,2022-01-07,Tundra
Deal seat,-38.135623,-164.162884,40150,2021-07-25,Wetland
Son me,-8.712955,-176.32524,24139,2021-02-01,Forest
Really actually,-30.337052,-178.725863,49251,2021-06-14,Desert
National between,-37.065396,-142.958773,22855,2021-12-30,Grassland
Large need,67.614022,-1.088501,63632,2016-10-23,Urban
Item control,73.432117,44.22965,30193,2022-07-07,Wetland
Way his,86.034776,56.268464,62275,2024-09-28,Freshwater
For several,17.344575,128.463613,58263,2022-09-19,Desert
Future as,55.650831,-142.74048,59400,2025-07-29,Marine
Late structure,29.533882,66.599393,18292,2025-11-03,Grassland
Fill century,-41.457555,171.975277,26882,2024-09-21,Urban
Product visit,47.164777,-71.274886,30442,2025-12-17,Wetland
Any single,-43.159022,-58.911059,49085,2017-12-26,Marine
Shoulder phone,43.355566,-47.330605,68605,2025-10-06,Urban
War raise,65.33897,100.594874,48267,2021-08-14,Urban
Weight only,-24.028261,-68.785786,32512,2024-07-09,Wetland
Color class,-37.928251,2.387322,21583,2017-06-04,Marine
Evidence operation,-87.69392,6.382846,74280,2021-05-19,Wetland
After size,39.963802,174.003599,85451,2018-02-14,Desert
Paper public,13.84367,-60.063616,46753,2021-09-29,Desert
Report chance,13.478123,12.297803,62604,2020-04-03,Wetland
Media minute,69.50149,139.598414,85700,2016-10-17,Tundra
White available,-19.926344,-109.681965,51183,2017-11-13,Desert
Executive above,32.811278,144.246756,47610,2025-12-12,Urban
Among firm,56.996306,96.436249,47974,2020-10-03,Grassland
Event offer,58.426656,101.821358,99603,2024-06-10,Forest
Live its,49.320507,-120.694415,5428,2022-02-08,Forest
Yard technology,29.544704,-69.957011,55147,2018-12-13,Tundra
If reduce,80.428009,-154.871279,57255,2016-11-05,Tundra
Land class,-38.299834,-77.785747,6324,2018-04-08,Forest
Popular compare,42.028943,37.474101,80537,2021-09-02,Grassland
Face deal,-38.408865,9.068791,49699,2024-08-16,Desert
Career those,61.114574,79.160411,8077,2022-09-11,Grassland
True important,-41.203048,-164.218336,83336,2025-01-10,Tundra
Reality able,9.275046,104.153812,6205,2024-10-29,Desert
Leave particularly,32.452155,66.544024,43360,2025-04-16,Tundra
Administration mention,68.00093,-128.306091,8687,2019-01-01,Tundra
Window help,17.963641,-1.316154,89804,2022-01-15,Urban
Speak case,51.874337,-101.539179,15514,2020-02-01,Freshwater
Look too,-9.852599,34.40051,14793,2023-03-03,Marine
Teach carry,54.976955,-150.146354,46318,2018-08-03,Marine
Pull single,-36.229603,-106.964592,12662,2018-12-02,Desert
Daughter save,-12.772694,121.807172,85913,2024-03-30,Marine
Get out,-50.341478,-96.45453,74652,2018-04-09,Tundra
Drug although,-66.261613,-115.948281,77557,2019-11-03,Marine
Similar message,79.210489,33.812394,50546,2026-03-06,Wetland
Trip wonder,-33.654011,-108.542616,60965,2023-01-16,Wetland
Professor notice,86.421645,146.617884,98146,2023-07-23,Marine
Kind send,-32.249606,71.00516,23915,2025-09-30,Marine
East mind,26.826238,-160.203878,42935,2023-08-16,Tundra
Blood ready,-80.29318,-122.345816,34099,2025-04-08,Wetland
Owner herself,51.206925,-78.323914,86427,2018-07-15,Wetland
Whose on,-52.598063,41.589372,58811,2021-08-13,Tundra
Available note,-59.328607,-104.527951,35261,2018-04-24,Wetland
Include year,-74.591165,47.821708,15853,2021-12-19,Tundra
Cold better,-28.719812,-126.33184,83442,2020-07-02,Grassland
Method adult,25.435811,-70.248723,81001,2023-12-25,Urban
Sister pressure,-72.335001,-138.861982,94355,2024-08-08,Urban
Fine defense,-31.256765,-170.277833,10255,2019-10-02,Forest
Series huge,-4.926097,-124.960178,56354,2023-02-08,Marine
Per could,-56.547121,-7.461014,45463,2022-01-05,Marine
Least position,-71.096737,49.31446,63437,2021-03-20,Desert
Production fly,48.555291,85.178211,49647,2017-10-08,Tundra
Know second,-61.776983,34.395353,3199,2019-07-04,Forest
Too will,-18.967177,147.551908,9951,2016-12-30,Forest
Myself owner,20.792972,-28.508284,56842,2025-06-05,Forest
Rather argue,-47.154269,-116.692577,96349,2023-12-20,Marine
Allow guess,-23.016641,26.373194,96514,2016-12-09,Marine
Majority adult,39.359095,-173.485707,67775,2023-10-03,Marine
Look position,-28.06555,-13.943293,88214,2020-03-26,Urban
Within Mrs,-84.052635,108.175087,87028,2021-10-12,Urban
Attack serious,74.598399,165.843049,77337,2025-03-22,Urban
Child purpose,16.173799,-163.281818,61625,2022-03-02,Freshwater
Evening on,-30.88265,106.095177,66916,2023-01-31,Marine
Wonder example,73.021262,-136.956189,19921,2024-09-20,Tundra
Themselves conference,4.365044,-123.772201,597,2020-11-17,Marine
Wear task,27.280665,-133.858444,2150,2025-06-05,Urban
Identify into,-34.678631,-20.872638,23852,2022-09-01,Tundra
Concern military,-44.794042,-168.821469,41607,2025-06-11,Tundra
Low yes,75.198381,150.659134,94912,2020-04-24,Urban
Animal bed,41.106875,154.85794,16530,2021-09-02,Tundra
Very society,5.517464,-142.754286,47585,2017-02-28,Wetland
Force never,23.568074,-37.411677,7107,2022-06-09,Wetland
Wonder song,-82.827776,100.921763,95862,2017-05-28,Desert
Check door,-11.065258,-37.962026,13170,2024-01-12,Forest
Memory next,-50.292093,-145.926212,14861,2022-04-09,Grassland
Take since,35.078949,-5.932572,654,2024-11-01,Freshwater
Fly doctor,76.905005,92.428365,44149,2021-08-05,Forest
Contain couple,27.318439,-68.222168,21560,2020-10-29,Freshwater
While audience,-83.620059,104.286337,33286,2018-03-15,Desert
Marriage president,-21.197943,-77.206533,41386,2017-01-12,Forest
My pass,70.854485,134.601564,69305,2017-04-03,Freshwater
Father likely,-16.695083,-5.227704,47751,2023-05-16,Wetland
Book back,1.310268,-102.287059,32088,2023-07-17,Desert
Use Mrs,-78.401378,-52.75433,23894,2019-08-04,Freshwater
Consumer return,60.766824,-89.025026,9518,2021-04-27,Forest
We other,12.809897,124.791433,82500,2021-04-30,Grassland
Challenge serve,-75.816938,156.842429,15969,2022-01-11,Urban
Act issue,27.067708,-133.52105,40503,2022-05-15,Desert
Feeling century,-4.370601,124.061881,87580,2021-04-21,Urban
Individual quality,5.52096,-43.208261,83204,2026-05-13,Urban
Individual contain,21.224156,8.299145,2517,2017-04-22,Desert
Including wind,83.835627,-45.239275,91100,2021-03-05,Grassland
Than ball,13.953417,-4.807157,19048,2020-12-11,Tundra
Long this,46.953291,-130.123257,79296,2026-03-23,Desert
Staff age,-80.684341,-99.354789,94040,2016-10-21,Desert
Moment protect,12.727198,-69.250602,75826,2021-02-01,Tundra
Break order,40.489085,132.198428,96678,2024-08-10,Forest
Rock one,-62.666931,48.598692,64550,2020-08-21,Freshwater
Including watch,-76.520415,122.48861,92703,2021-11-23,Grassland
Produce region,12.602644,-127.485942,96556,2019-03-01,Freshwater
Sing back,-19.239399,-58.062052,63343,2023-11-06,Tundra
Sometimes option,-12.818705,-173.859265,81121,2021-06-03,Forest
Size different,-20.267329,-127.094408,7487,2017-04-28,Tundra
Piece picture,-78.629045,101.967142,11765,2018-11-06,Freshwater
Drug drop,24.613522,6.470982,30901,2017-07-17,Wetland
Least surface,-87.615891,-134.083827,88507,2024-01-17,Forest
Maybe everything,-34.577013,158.074523,27962,2021-09-23,Tundra
Training career,53.625752,-4.667086,60078,2021-04-02,Tundra
The just,11.019049,-19.574621,44650,2016-11-15,Forest
Majority court,85.262131,120.926431,76735,2016-11-25,Grassland
Court space,69.670601,167.104635,62397,2023-10-21,Grassland
Space remember,5.379618,-71.964669,93832,2026-02-04,Urban
Computer church,32.379252,-145.974249,55175,2026-02-04,Tundra
Expert change,53.753453,152.408155,13767,2024-04-27,Wetland
Talk ground,-63.040028,-82.530256,96516,2023-04-29,Tundra
Reveal and,48.693156,152.340004,16929,2023-10-16,Tundra
Week population,-22.006417,-100.711765,38698,2020-09-26,Tundra
Amount wear,60.952811,-154.873066,91356,2021-11-02,Wetland
Worry him,-20.132158,-87.971293,6581,2016-11-17,Forest
Take create,-18.965809,-156.094979,53414,2024-01-23,Wetland
Together community,62.802813,-7.531172,39951,2020-11-08,Freshwater
These stay,-82.589839,-124.125904,44930,2023-11-02,Marine
Reach land,65.825644,142.823678,97232,2016-07-20,Grassland
Across glass,-57.530435,-101.5142,1068,2026-01-19,Wetland
Movement country,46.163988,-128.209723,964,2021-12-07,Freshwater
Who nor,-18.723077,-156.499226,4205,2018-12-17,Urban
Board agent,-53.937414,-142.873227,63415,2024-01-24,Freshwater
Onto here,71.187063,30.93848,21645,2023-04-08,Tundra
Picture career,12.863946,-96.495446,20980,2019-08-28,Wetland
Spring international,39.526118,-166.808571,7873,2025-07-25,Wetland
Anyone any,21.457124,-21.213695,60475,2025-11-02,Forest
You not,19.000532,167.197681,47390,2026-01-04,Urban
Difference paper,50.177584,20.308829,87245,2026-04-25,Desert
Camera build,-3.40818,149.988281,9447,2023-03-16,Grassland
Day middle,-74.681962,-77.593631,21093,2021-10-28,Tundra
Office money,15.428221,171.555633,94427,2020-12-04,Forest
Figure surface,-69.417109,84.967816,18170,2022-09-22,Freshwater
It key,57.469018,23.958576,11325,2020-03-10,Urban
Occur agency,38.32639,57.258873,34683,2019-09-21,Desert
Outside pass,-37.18582,47.858749,11292,2018-11-14,Grassland
Catch thought,88.663005,-151.438452,56046,2023-06-13,Marine
American change,64.964227,17.074695,16131,2021-06-16,Tundra
Television place,42.317817,45.048643,32603,2024-05-09,Tundra
Maybe miss,-39.615658,-57.496539,79268,2024-02-18,Grassland
Store perhaps,-34.687909,170.465317,69210,2024-03-12,Marine
See little,-20.347133,99.829766,2116,2017-09-25,Tundra
Yard dream,68.685546,84.081113,90315,2019-05-31,Desert
Difference degree,-63.82671,17.54924,50247,2017-07-07,Grassland
Set camera,2.056245,-48.210794,85020,2023-04-20,Urban
Center technology,7.7259,123.511744,57509,2025-10-24,Forest
Like season,-47.925529,-142.457271,56648,2017-02-12,Tundra
Interesting stock,13.436874,23.599903,71676,2021-08-26,Grassland
Hotel southern,-29.374403,-124.154916,51822,2024-04-07,Tundra
Sport position,87.735976,-4.398437,23555,2024-04-17,Wetland
Tonight can,44.929815,-9.774024,20423,2019-08-23,Desert
Hotel decision,-11.083987,11.164149,82462,2025-08-14,Urban
Find course,-43.700438,-8.444161,94871,2022-07-02,Marine
Dog agree,-15.504787,-23.312214,62885,2019-01-07,Marine
Lot ground,-42.794625,-106.265417,48611,2018-04-03,Marine
Road ten,32.372847,-14.704953,82727,2021-06-11,Tundra
Structure happy,-35.924424,-12.878875,6315,2026-07-14,Urban
Letter should,58.513448,-128.610755,11418,2020-07-13,Desert
Cost group,31.753187,20.0418,38911,2016-10-25,Urban
Past office,25.487057,-154.459072,13636,2021-12-05,Grassland
American join,-57.382315,-25.007859,92817,2021-02-05,Urban
Less mention,-38.195074,-73.925739,213,2022-08-31,Freshwater
Conference someone,-69.798497,100.793124,72867,2024-05-22,Tundra
Continue light,6.43728,-7.650853,33583,2019-10-22,Marine
Affect specific,44.990458,-74.777219,58369,2018-10-10,Freshwater
Into approach,-76.259279,53.818169,64101,2020-06-06,Wetland
Matter opportunity,-49.643611,-43.493013,49085,2021-01-15,Freshwater
Today market,44.561498,-171.059889,32690,2017-08-11,Tundra
Media open,-26.619834,-4.020443,21060,2017-07-10,Grassland
True city,35.971277,19.729718,22631,2024-06-10,Desert
None move,7.577744,157.023784,2631,2017-02-09,Wetland
Listen sign,-50.750147,-142.105601,36525,2020-09-30,Freshwater
Spring enter,-89.504807,86.122474,86330,2017-05-29,Wetland
Rise line,-84.461607,4.751132,94114,2021-02-16,Desert
Fill remain,81.70623,-164.500369,39388,2023-04-19,Desert
Nature field,-4.675086,82.759359,66546,2023-09-17,Wetland
Same enjoy,22.871616,-167.511186,90393,2020-10-29,Grassland
Agree hundred,-26.153208,-148.111791,11048,2024-01-16,Wetland
Ball perhaps,-19.780432,94.327015,68906,2022-03-12,Marine
Word fine,-3.114326,-19.490569,54960,2023-08-01,Forest
Receive such,35.896661,-63.432097,36757,2023-04-23,Urban
Rich deal,70.404447,-127.815484,33792,2020-11-14,Freshwater
Industry skin,-28.404219,-82.295872,28406,2017-12-10,Freshwater
Per draw,-85.635934,-50.067856,10535,2022-06-23,Marine
Debate level,-35.055263,-111.917856,40471,2020-01-29,Marine
Hold sea,-73.451403,90.249948,71862,2024-05-14,Grassland
Low understand,-65.910077,31.124812,22896,2023-11-15,Grassland
Great two,-67.206074,-101.282627,52005,2024-12-20,Wetland
Cold five,35.858944,-155.881667,38182,2023-01-09,Urban
Thousand push,28.706289,44.833384,15001,2018-02-17,Desert
Official food,-9.809085,65.846404,40787,2018-07-21,Wetland
Camera well,-73.656691,6.05485,89622,2024-08-15,Marine
Know whom,-47.07516,147.097823,40809,2021-12-20,Freshwater
Require president,63.529857,-9.166898,87091,2022-07-01,Forest
Billion support,-63.284552,-140.773859,42380,2024-07-12,Tundra
Drop ability,49.404398,-155.20033,3400,2022-11-03,Urban
Fall commercial,58.211151,-58.668702,42246,2019-12-16,Grassland
Wind best,-46.279871,49.3298,78828,2026-05-30,Tundra
Black operation,-18.510177,43.875835,76615,2018-09-21,Tundra
For table,-1.127693,152.50279,78214,2021-11-13,Marine
Attorney own,-77.456206,-30.781246,10738,2020-03-02,Marine
Sea American,-29.761144,-12.843003,22946,2019-05-30,Urban
Whom section,14.169932,-72.070195,89067,2024-05-14,Wetland
Growth wonder,-36.690716,-32.761988,24133,2023-08-28,Tundra
List condition,-1.738536,-171.537904,23759,2026-06-23,Urban
Would high,55.082221,60.117572,47885,2022-02-22,Grassland
Although beat,84.734832,65.316293,99884,2019-02-22,Forest
Thank quality,30.489897,156.297543,26569,2020-11-11,Tundra
Thing my,44.019916,-59.131902,50251,2020-02-29,Desert
Cup student,37.328544,91.805034,22429,2026-04-21,Freshwater
Purpose understand,79.220272,-24.817201,52357,2020-07-19,Urban
Fall sport,77.551204,177.526606,42146,2016-11-06,Tundra
Market white,23.063042,-14.927996,72353,2019-10-30,Forest
Hear especially,-66.442769,-50.14014,53858,2023-10-14,Grassland
War big,63.533146,53.70892,77946,2022-04-23,Desert
Provide character,35.072062,106.401586,22189,2023-12-24,Marine
Almost end,-9.428802,-134.760608,96121,2024-10-14,Marine
Maintain south,-42.363364,-161.258901,26784,2019-04-17,Grassland
Field seek,51.277931,-14.376317,24640,2022-10-26,Freshwater
Measure thank,65.845461,-129.116294,21787,2017-04-24,Wetland
Near even,-10.094342,25.032005,91496,2018-11-03,Forest
Fear manage,21.290559,53.237665,98603,2019-07-03,Grassland
Form down,-19.943741,170.02584,8777,2024-02-13,Urban
Relate interview,-9.498394,85.114645,14209,2021-11-01,Marine
Present society,44.126603,21.671726,16282,2019-02-04,Tundra
Unit family,41.745953,35.862682,23849,2024-05-28,Marine
News no,-41.62369,-169.086358,9661,2018-03-25,Freshwater
Lot ahead,-74.398084,-134.52022,63823,2023-04-05,Marine
Not church,87.200954,-14.985252,73286,2018-08-25,Urban
Lawyer affect,-12.605323,149.565636,63639,2019-01-06,Tundra
Decision large,-29.86256,-43.604566,14943,2023-11-15,Desert
Myself stop,64.276689,-65.924889,51148,2026-03-07,Forest
Method somebody,76.497853,-94.09014,20625,2016-11-11,Forest
Under we,55.698579,44.611372,57200,2018-12-29,Urban
Successful scientist,2.382422,-116.625535,44498,2024-04-04,Marine
Just agency,16.75109,-149.621841,90758,2018-10-06,Forest
Who set,40.94514,-13.345901,94673,2020-03-31,Tundra
Play firm,83.383134,-114.19634,27082,2025-11-02,Freshwater
Often part,68.161757,157.76461,65955,2020-01-11,Grassland
After form,54.317301,-177.435727,50870,2024-09-27,Tundra
Right ready,86.77814,-114.432986,47861,2026-02-12,Tundra
Difficult player,-38.941617,-176.35614,88424,2022-07-15,Desert
Thus easy,42.127905,-69.748971,42884,2018-05-13,Urban
Occur black,-15.885729,33.810098,52287,2025-11-06,Urban
Base education,10.415304,-178.355442,78812,2026-03-10,Forest
Fear opportunity,-38.045256,-119.638635,43503,2021-07-13,Urban
Religious answer,-84.304216,-46.22367,86737,2022-11-30,Grassland
Act behavior,-36.718939,-81.928482,95936,2016-10-25,Grassland
Of same,-15.118768,-22.893398,41509,2026-06-14,Forest
College security,-42.263134,-72.028,4599,2024-01-06,Urban
Research community,-82.679449,-16.223469,36836,2021-07-06,Desert
Since edge,44.933285,-69.392732,47893,2022-03-13,Freshwater
Far respond,-23.422217,49.152473,91796,2017-03-11,Marine
Cause board,74.501781,-121.678856,45966,2024-04-10,Tundra
Catch know,37.577693,171.470505,44964,2021-05-15,Tundra
Certainly buy,-48.598341,-52.549313,44445,2017-04-04,Wetland
Year job,-9.171732,-2.448145,41631,2021-08-19,Tundra
Scene lay,47.71558,7.633345,96341,2018-11-29,Grassland
Follow agree,-23.407825,-139.738331,7461,2025-09-07,Grassland
Trip back,63.471717,-78.247998,38996,2025-04-14,Freshwater
Military so,-0.009418,-82.145043,26184,2016-11-29,Urban
Central customer,52.421958,-100.525526,86557,2017-07-20,Forest
Time environmental,38.523461,154.969097,37988,2018-10-30,Tundra
Condition president,49.606632,-169.916444,4131,2018-04-22,Tundra
Level one,-68.807071,156.141178,41289,2019-01-08,Desert
Number only,55.599537,-54.974238,24994,2024-07-21,Tundra
Dog late,16.110036,4.787556,84779,2021-12-09,Wetland
Fall level,24.834597,-60.038062,5244,2022-09-01,Tundra
Ten go,11.293848,-152.328191,65010,2017-06-21,Desert
Fact strategy,72.334883,-64.04288,34025,2019-05-14,Desert
Sort change,-6.97452,-169.256421,40616,2024-02-24,Tundra
Suddenly experience,-9.910122,124.618332,67845,2018-05-01,Grassland
Indeed would,77.980218,-78.392595,62392,2024-04-13,Forest
That their,33.325295,169.778712,80797,2025-07-22,Desert
Government question,15.5646,178.843842,51768,2025-09-15,Forest
Relate big,-32.433494,-69.484142,6303,2022-02-16,Grassland
Drug add,22.066577,-83.400151,27749,2025-08-14,Desert
Inside tonight,6.738088,-25.258769,12008,2024-11-03,Forest
For large,7.665696,84.509742,51383,2019-04-28,Marine
Push within,17.619513,-22.661712,83150,2021-05-27,Desert
Life this,45.84868,-155.020411,85969,2019-09-25,Urban
Want technology,-42.750215,170.076168,11122,2025-08-04,Urban
Attack national,-1.559392,95.035633,34451,2025-12-07,Urban
Direction firm,28.888973,56.382657,20965,2025-05-18,Marine
Government same,-12.558584,-16.039113,92971,2023-02-12,Wetland
Recognize try,-62.910521,-29.470866,58516,2020-03-08,Urban
Magazine pick,-53.187091,13.521762,48750,2019-12-21,Marine
Recognize spring,45.16498,7.991554,22643,2021-06-29,Freshwater
Several economic,-50.588972,146.405212,83971,2019-01-28,Marine
Whatever send,-50.493775,-49.25258,12941,2019-01-31,Desert
Free onto,39.322811,-71.47914,83620,2019-06-25,Wetland
View establish,46.102208,71.067683,1756,2021-08-14,Freshwater
Plant lose,-66.976456,22.694715,26728,2019-09-17,Grassland
Cost perform,-26.664108,-72.295759,38045,2019-11-28,Urban
Operation amount,29.031644,-77.534023,40357,2016-11-21,Grassland
Home president,-63.082084,18.025654,71525,2020-05-29,Desert
Next very,-9.19465,-75.570541,72728,2023-10-10,Wetland
Floor course,35.781503,-79.045197,92713,2018-05-20,Forest
Mother us,-52.501156,-24.463432,38071,2022-03-12,Forest
Nature party,-25.808846,-40.202788,54382,2023-11-02,Forest
Shake Mr,-3.609524,115.579583,82237,2020-02-15,Forest
Sense his,21.280141,94.494029,88331,2022-07-30,Wetland
Investment loss,-75.829713,106.402815,84869,2017-09-07,Urban
Spring politics,71.637897,96.357504,88591,2019-05-02,Desert
Way reveal,-75.605677,80.297109,23100,2025-04-17,Tundra
Point majority,-22.936997,137.42308,69919,2022-11-07,Urban
Economy phone,18.380091,3.667584,28926,2021-07-25,Tundra
A her,-86.595404,-90.362544,90068,2021-10-24,Forest
Doctor as,-60.673017,-151.903873,14330,2023-05-03,Wetland
Realize current,-68.574912,41.366167,27429,2024-03-20,Tundra
Throw black,-74.506878,63.892279,32732,2020-12-15,Marine
Respond none,-81.066558,106.189591,59900,2025-03-23,Desert
Security test,-11.410045,-137.324604,77512,2020-01-27,Wetland
Human usually,-62.844079,-159.423516,54562,2022-11-18,Grassland
Or better,65.582974,-7.222514,70397,2018-09-28,Tundra
Place thus,-38.709005,-143.803863,39477,2017-10-02,Marine
Good maintain,-32.84202,123.472017,17580,2019-04-30,Tundra
Itself daughter,7.242264,66.261404,88134,2020-02-12,Marine
Far traditional,17.779611,76.984892,3469,2019-01-15,Forest
Suffer energy,-43.010121,127.721917,27481,2020-06-12,Marine
Reveal camera,78.690633,38.987583,90201,2020-03-18,Forest
Area ball,-43.234774,-69.479252,43034,2023-05-21,Grassland
For something,26.344039,13.526744,29398,2025-06-13,Urban
Rest table,-8.136218,92.164394,51332,2023-03-29,Desert
Its consumer,34.451355,1.208579,48226,2017-12-10,Tundra
Economy drop,-21.611086,-20.875345,70829,2024-09-06,Marine
I no,62.980578,127.697255,29668,2022-03-07,Forest
He close,-44.894392,-128.064157,60413,2026-04-28,Desert
Serious include,5.552989,-34.25194,63972,2024-08-24,Wetland
Join boy,-16.123614,-37.474092,58303,2023-01-25,Desert
Thus travel,-51.318072,-68.751712,5925,2024-11-10,Forest
Example return,84.111986,179.050354,9364,2024-01-30,Grassland
Employee dog,-47.941711,148.312364,82870,2023-05-24,Grassland
Probably open,-4.269848,-120.691931,1736,2024-12-21,Urban
People compare,-32.071881,-107.265789,6257,2022-06-26,Wetland
Short put,85.832361,20.839291,48170,2025-04-22,Grassland
His phone,-28.51849,-130.379068,64492,2023-05-20,Wetland
Teach where,-40.872663,100.607068,65115,2019-01-18,Urban
Manager organization,29.992076,-168.764718,89561,2023-07-20,Grassland
Which pass,-75.940886,-44.723203,76219,2021-09-26,Grassland
Store soldier,66.837287,70.618171,11447,2025-08-23,Wetland
Outside generation,40.175877,-78.462383,10282,2023-02-01,Desert
Reveal cover,-8.593187,118.059265,44914,2019-03-09,Forest
Southern hour,-57.010948,109.890433,65,2020-02-08,Desert
Country election,-33.230603,-67.987042,2720,2021-05-30,Desert
Parent add,76.321662,-43.214886,66423,2020-05-07,Tundra
She do,30.699581,-10.382243,56535,2021-02-15,Wetland
Once here,32.31493,73.65515,45017,2020-06-22,Urban
Reflect me,12.6305,148.507499,66427,2025-07-07,Marine
Air every,-35.37842,113.024178,48051,2026-06-30,Grassland
By community,-42.002052,177.438708,31498,2025-05-22,Forest
Issue second,-73.144569,-156.629452,49259,2026-01-20,Grassland
Arm reach,-84.999167,115.609182,23150,2025-06-10,Grassland
Candidate all,-72.673831,-169.893372,7213,2017-07-18,Marine
Able what,3.729972,6.104618,33121,2018-11-06,Desert
Rate growth,18.682823,138.453174,17484,2024-05-09,Wetland
Herself low,-40.720152,15.55751,24462,2021-07-01,Forest
Necessary technology,-53.567817,-170.466157,23144,2025-04-22,Freshwater
Security letter,-81.569338,151.65464,2348,2022-02-28,Forest
Herself also,-10.390697,69.797224,85394,2026-06-25,Freshwater
History detail,-53.427375,11.225713,94536,2019-08-14,Forest
Yeah assume,-0.427807,84.923302,11428,2020-10-15,Wetland
Matter cultural,50.495106,-173.744587,85449,2022-08-16,Desert
Us citizen,-25.920069,-43.361297,41916,2017-12-06,Marine
Voice weight,-60.904767,77.765829,5888,2019-03-02,Wetland
Hear language,8.625825,-21.812904,3846,2017-01-24,Grassland
Increase over,-5.124402,-87.820087,53348,2025-12-29,Freshwater
Risk sport,17.685378,-133.992165,43725,2024-12-26,Desert
Place born,-59.074753,-57.453314,89777,2025-02-24,Desert
Inside within,-28.791458,147.032983,84683,2017-12-07,Marine
Near do,63.222984,157.254776,51908,2016-12-03,Wetland
Nature large,-68.183327,-111.911092,33470,2025-07-13,Desert
How later,76.591412,148.788434,80397,2018-02-04,Urban
Put sort,-3.59265,-23.694905,29222,2020-01-07,Tundra
Firm time,-31.370816,-15.924889,54606,2019-03-31,Wetland
Significant life,38.300576,8.102038,9696,2024-07-13,Freshwater
Everyone air,-78.683678,57.772293,4883,2018-08-12,Marine
Individual Republican,-4.068594,101.1434,89638,2023-12-30,Urban
Current office,-50.822472,-48.041893,97919,2026-04-25,Tundra
Lawyer star,34.005649,-93.668992,74248,2017-05-24,Tundra
Table plan,-78.110003,177.951612,57147,2020-04-20,Freshwater
Send attention,36.28896,-104.549718,38608,2021-11-28,Urban
Raise course,0.017497,65.706586,89836,2020-06-24,Freshwater
From general,2.076695,150.764617,61987,2025-05-20,Desert
Speech my,66.891522,54.344307,38754,2022-01-30,Wetland
Travel economy,52.327304,121.936839,73712,2020-12-23,Forest
Believe money,-32.547426,55.996698,66556,2017-11-01,Forest
Range clear,66.118004,19.861236,75758,2024-02-21,Urban
Onto more,-65.073238,-149.440501,61632,2024-05-07,Urban
Bed through,30.338342,-167.290849,43563,2026-02-23,Urban
Role bit,33.875826,-62.296896,19600,2023-11-15,Tundra
Type Mrs,-33.53681,-102.117743,52096,2016-12-27,Desert
Turn floor,-6.577926,14.616571,93738,2020-10-16,Desert
Threat else,-88.539026,25.523721,22148,2018-12-19,Desert
Far now,9.062404,44.351427,9947,2018-06-30,Freshwater
Pretty able,77.241906,-3.287123,8747,2018-01-04,Grassland
On central,12.550767,-24.841279,85068,2017-08-01,Tundra
Foreign service,20.342723,-68.241299,69600,2016-09-15,Wetland
The design,86.034726,14.64347,46155,2017-03-20,Grassland
Bit move,70.968092,100.049647,75375,2024-05-11,Desert
Evening general,-3.988571,51.695006,78914,2016-09-16,Wetland
There rule,-65.844119,-130.668223,88007,2020-03-30,Grassland
Contain make,-77.831744,140.716485,12737,2021-02-28,Wetland
Price sell,-64.668235,-35.394144,87323,2022-04-30,Tundra
Bar goal,-14.346466,60.442611,21304,2017-05-24,Forest
Open their,47.405123,176.382327,38488,2018-11-12,Desert
Fight much,82.595666,-166.895646,38614,2017-10-12,Freshwater
Style fish,-11.435221,100.496974,28403,2023-01-30,Tundra
These wind,-59.365765,32.134785,72096,2017-09-01,Tundra
World require,23.167892,172.996933,31697,2019-04-27,Desert
By surface,-58.745052,-168.186025,27339,2019-05-15,Grassland
Watch simple,-13.647586,-176.926471,75139,2019-09-29,Forest
Possible option,-16.597437,-127.902971,59356,2016-12-21,Forest
Black ready,75.076946,-91.134242,57854,2023-08-30,Desert
Here own,-61.365566,49.387489,42837,2026-01-20,Wetland
Both democratic,-58.195317,-114.449529,12694,2019-03-05,Wetland
Population herself,-74.687268,-5.581093,21514,2018-09-25,Forest
Voice apply,47.936588,-121.258344,86852,2019-10-07,Tundra
Always cause,-3.410473,89.927033,4196,2021-02-05,Grassland
Institution no,-55.861434,176.65119,21067,2023-03-17,Tundra
Leader suddenly,-86.213321,16.773735,87626,2019-08-27,Wetland
Central course,-61.514615,41.840907,7437,2023-01-21,Grassland
Decide cup,-47.989984,-24.71465,77573,2025-12-04,Marine
Be every,49.081508,177.354303,49526,2024-10-17,Wetland
Establish agent,-49.073525,-34.622098,84347,2024-02-05,Wetland
Half develop,53.269473,-178.116291,57512,2018-10-17,Freshwater
Top program,26.33093,-52.509374,70013,2016-07-25,Grassland
Someone also,89.2805,-28.221433,31007,2026-05-10,Wetland
Fish adult,-39.066939,82.852657,9881,2023-02-12,Desert
Especially thousand,-84.194205,109.200598,95406,2025-08-25,Desert
Relate agency,20.328134,83.151568,88403,2025-10-18,Wetland
Reason center,-60.163055,39.320631,70866,2017-07-25,Tundra
Read right,65.412748,-104.334629,18635,2019-11-25,Grassland
Actually can,-29.346654,90.914557,6178,2020-07-07,Wetland
Major religious,-61.567579,-123.890363,34851,2022-03-01,Wetland
Figure about,87.950582,133.60283,34841,2023-03-11,Wetland
Debate black,83.212385,-9.012658,58554,2024-01-14,Grassland
Film like,-42.738032,62.768031,45810,2023-03-15,Marine
Market want,5.168898,-167.686435,94480,2021-09-10,Desert
Conference give,-59.900868,-68.045047,62926,2020-05-22,Forest
Tree fill,-7.903895,33.315794,81366,2022-01-23,Grassland
Republican business,65.793606,43.718956,71349,2019-05-04,Wetland
Final recently,44.573273,-72.979397,77941,2025-03-02,Grassland
Popular budget,6.099101,-53.195705,24056,2021-11-06,Forest
Federal couple,54.555212,-95.029932,72719,2020-07-29,Grassland
Film important,61.2793,144.390188,44376,2019-09-19,Desert
Professor company,64.920795,70.15034,59582,2016-12-18,Desert
Growth candidate,-77.156276,-149.354925,63151,2017-12-02,Wetland
Southern generation,4.120247,-70.193045,94127,2019-05-02,Freshwater
Its help,-52.028253,-134.372678,87867,2023-04-13,Wetland
Success fill,-64.860885,55.134287,48550,2025-04-15,Marine
Need he,-22.722965,108.533704,20825,2022-09-21,Marine
Each city,46.536852,167.94084,22419,2024-09-26,Forest
Nor professor,-81.229063,16.842592,92577,2026-06-16,Wetland
Program during,-0.476948,-147.074848,55839,2023-06-08,Forest
Five character,74.407007,140.031422,24891,2017-11-19,Forest
Agree well,76.837997,-50.5372,20079,2018-01-25,Urban
Strong available,-70.298323,107.514883,3777,2024-05-01,Grassland
Senior government,-60.985309,98.11713,72140,2019-06-24,Desert
Avoid ability,-23.31026,-45.391165,99445,2018-01-17,Urban
Deal religious,-0.178165,-90.410885,63695,2025-06-28,Urban
Everybody bag,41.029817,58.493765,63016,2021-04-04,Freshwater
Cover activity,-25.908444,-84.216901,88247,2020-08-26,Desert
Understand single,15.34514,-18.679186,32059,2024-05-25,Wetland
Item return,29.225558,47.55904,6771,2023-05-05,Desert
Information throw,46.086803,21.058506,16970,2019-08-16,Tundra
Member you,72.527128,-76.421099,31534,2024-02-28,Freshwater
Bag tough,0.132757,-161.141039,19012,2021-07-07,Grassland
Training laugh,87.897029,-135.51125,13324,2021-08-21,Grassland
Tax leader,57.003454,110.620087,8881,2018-11-04,Freshwater
Ready however,-70.773582,-153.677778,70299,2023-09-20,Wetland
Could instead,74.442482,153.199813,87145,2024-11-21,Tundra
Decision we,-21.480373,26.490048,28033,2023-10-24,Grassland
Home drop,-17.662469,61.274647,99211,2022-02-28,Wetland
Health person,61.379281,-22.334209,5139,2020-12-13,Freshwater
Case five,-23.92084,111.899366,70478,2024-06-19,Forest
Establish fear,59.995542,93.140943,34195,2020-05-28,Forest
Begin when,58.070164,-47.655829,96270,2022-01-10,Tundra
Present agree,-84.395831,-129.489012,16248,2020-08-18,Grassland
By choose,56.844002,-83.102254,91279,2017-01-22,Grassland
Perhaps north,42.718102,74.404878,7555,2017-11-26,Urban
Size they,41.470634,-34.680195,83464,2023-02-21,Forest
Order knowledge,-19.557082,-100.936783,90154,2026-03-28,Desert
Stage community,71.053795,-171.794307,70054,2022-12-04,Desert
Organization we,4.019592,66.337231,41048,2021-11-29,Wetland
Whom enough,-35.097668,65.935,99519,2018-08-14,Forest
Key water,-13.54451,-8.948308,61416,2020-10-03,Tundra
Writer part,22.504358,8.440243,70584,2024-02-23,Desert
Especially eat,72.016602,143.80786,68665,2023-10-13,Forest
Beat together,13.056997,120.492008,7883,2023-02-09,Desert
Leave challenge,88.037654,79.322322,7245,2019-04-17,Grassland
Another which,-10.901681,114.217741,65004,2017-06-05,Urban
Raise fill,-84.850956,122.375462,40671,2025-07-15,Forest
Same direction,-52.376203,78.72357,74638,2020-04-01,Tundra
Than guess,33.730526,171.225544,78716,2021-02-09,Tundra
Its easy,-51.83485,39.659775,37867,2017-04-07,Desert
Nature region,-5.699766,-82.281579,83603,2022-06-04,Urban
Get finally,80.962164,-5.728797,90745,2020-05-26,Urban
Gas itself,-14.342859,51.221398,44793,2018-03-12,Tundra
Ten can,5.907225,-112.959085,53881,2021-03-23,Urban
Professor focus,-82.886664,155.296907,6280,2020-03-11,Marine
Of set,67.393002,171.735196,27536,2021-02-20,Desert
Difficult condition,65.165275,17.512098,57749,2024-04-21,Freshwater
Set reveal,-47.166086,25.709693,82267,2017-11-25,Desert
Hospital part,82.570654,112.883778,15015,2020-08-04,Grassland
Watch range,64.794843,79.308082,51751,2024-06-05,Grassland
Number reduce,-30.752067,10.049249,35773,2022-11-19,Desert
Similar crime,76.143212,33.27629,11944,2023-07-12,Marine
Heart ready,-17.098777,4.970521,25273,2018-02-11,Tundra
Woman say,-70.115798,-104.340809,18824,2024-11-10,Grassland
Officer three,39.960706,-18.5196,21516,2021-02-16,Urban
Class spend,20.278198,38.671174,49416,2020-06-13,Urban
South safe,-65.053358,102.743235,67969,2016-12-08,Marine
Cell threat,-38.061778,144.635093,44789,2019-06-28,Freshwater
Character reduce,-11.065038,131.819103,31890,2022-01-14,Wetland
Strategy southern,-19.775941,100.574651,70346,2018-07-03,Desert
Issue once,-21.554641,5.188094,82009,2020-12-20,Grassland
Ready tree,4.529085,86.74931,30760,2022-09-09,Tundra
Customer people,-59.927172,-145.602588,62294,2023-11-03,Marine
Weight rate,-74.50879,23.469237,41,2025-12-18,Urban
Add one,-67.269542,65.622726,69576,2018-05-02,Grassland
Social table,-2.115337,-11.404725,8081,2021-01-23,Marine
Half save,69.021871,105.956589,12576,2020-05-17,Desert
Skill list,86.668834,-28.600284,15714,2020-07-02,Marine
Mind card,56.285716,168.810516,65136,2026-04-09,Wetland
Ready painting,82.495673,-86.625887,34392,2021-11-22,Freshwater
Example picture,-64.94333,74.753677,55940,2019-03-24,Desert
Eye their,14.066745,-90.185481,7793,2018-08-22,Tundra
Way door,3.865391,-122.547866,58703,2017-09-28,Wetland
Turn prepare,-39.713962,-155.864822,23296,2023-04-15,Grassland
Church analysis,65.203131,11.740926,47595,2019-11-18,Urban
National interesting,48.545383,-129.673095,72917,2018-11-17,Marine
Music always,-48.619786,57.143852,21623,2022-06-02,Freshwater
Guess food,-11.56183,151.090434,3103,2025-12-31,Grassland
Break today,-69.749427,-8.112608,39679,2020-02-11,Urban
Drop only,-79.548181,-175.522359,55819,2022-10-05,Marine
Reflect rule,80.395963,-53.367817,13456,2023-01-02,Marine
Drive commercial,-15.632751,-10.139484,73095,2021-08-10,Marine
Thousand board,1.416413,128.866872,49062,2022-06-12,Tundra
Agree middle,26.565975,41.277051,42342,2025-03-04,Wetland
Morning movie,89.247114,153.975721,29113,2020-11-10,Freshwater
Charge everyone,35.719893,-117.445481,20635,2025-05-02,Wetland
These we,64.030965,45.662791,60965,2017-11-22,Marine
Determine knowledge,-10.305069,45.674659,20984,2021-03-23,Desert
Stock sometimes,-57.727953,-4.233952,76779,2024-06-11,Tundra
West wind,0.423875,96.964034,6008,2023-05-18,Forest
Yeah color,-51.434155,43.206344,93582,2025-12-24,Urban
Skin friend,-4.365199,163.330281,40581,2018-04-25,Grassland
Might against,21.111455,-4.413372,8387,2021-03-16,Freshwater
City week,-4.339824,-43.333988,41538,2022-12-03,Desert
One board,32.982239,-126.091323,23960,2016-10-16,Marine
Suggest course,-34.622316,116.466691,32278,2026-06-02,Forest
Decide baby,-53.534838,132.509365,47198,2020-09-02,Forest
Make school,40.859263,15.55636,89096,2026-05-24,Urban
Rule seat,6.088254,95.121327,66822,2022-12-13,Wetland
Draw major,72.371416,107.890188,8521,2017-06-01,Grassland
Give good,-72.704103,129.420652,43430,2023-12-16,Urban
Picture stay,-62.991655,0.169784,48756,2020-04-14,Urban
Front red,0.485943,15.806355,68081,2020-10-28,Wetland
True wait,55.371619,89.155509,96415,2024-02-18,Desert
Left beyond,-39.892374,-172.263427,15347,2020-08-23,Forest
Down however,-61.672025,-30.096029,37900,2018-05-08,Freshwater
Population both,-84.812547,66.812031,74544,2024-03-18,Grassland
Structure pay,19.157858,-29.402579,71334,2022-06-16,Forest
Everyone final,76.589917,-31.779802,611,2018-10-17,Freshwater
Them new,-8.790569,-43.446736,37456,2019-05-25,Grassland
Speech group,-57.006283,87.264807,55451,2024-05-17,Tundra
History financial,9.441982,-4.858436,65444,2021-07-24,Forest
No nor,53.771919,-93.77734,87529,2019-06-14,Grassland
Hundred base,-17.759387,-132.088571,85350,2017-05-07,Desert
Action produce,69.444961,31.184336,75555,2018-12-01,Tundra
Hair imagine,-13.55356,-60.023748,48814,2020-08-03,Urban
Relationship few,54.912192,-35.363062,61164,2019-01-20,Grassland
Audience nothing,-18.20789,35.632517,88328,2019-12-21,Grassland
Assume point,84.735114,-53.243292,74720,2021-12-27,Freshwater
Who into,40.134803,-35.575706,3162,2021-06-15,Freshwater
Dream economy,-6.909258,46.268027,44878,2026-01-02,Desert
Meeting four,37.954006,44.347102,51939,2024-05-08,Desert
Of defense,72.197472,-32.040676,61907,2025-11-14,Grassland
Establish throughout,21.947797,-29.733774,20642,2020-09-17,Wetland
Responsibility hotel,83.84986,-157.191595,42029,2020-01-23,Wetland
Political drop,-43.735263,-50.308534,62678,2022-04-09,Wetland
Radio huge,-15.807045,163.817624,65418,2016-10-26,Desert
Fine reason,-29.677004,153.578144,44978,2020-06-29,Grassland
Consider stuff,-84.657635,8.744368,55288,2025-10-06,Desert
Think brother,4.528268,83.887492,67524,2023-07-10,Urban
Year water,-39.505159,149.159558,49671,2019-10-27,Grassland
Throughout at,-20.616485,-50.479198,93176,2017-11-12,Desert
Set its,15.549048,-163.015886,51782,2018-12-22,Tundra
Term price,-40.785639,-28.471471,34328,2018-02-15,Wetland
Thank indeed,-50.792189,-133.437804,70732,2025-07-11,Forest
Left including,69.219882,104.808537,73131,2022-08-04,Tundra
Also dog,-65.766603,149.957981,7553,2021-05-29,Wetland
Kind response,58.388068,-142.985796,4407,2022-04-13,Freshwater
Wait no,-74.197371,163.357918,13949,2019-12-06,Urban
Nature data,7.590244,116.030678,9788,2017-04-10,Grassland
Current simply,89.371326,-83.340206,73474,2023-03-28,Desert
Second paper,60.905268,9.447168,75003,2017-07-29,Tundra
Size poor,-10.796162,64.023476,53359,2025-09-13,Grassland
Reduce individual,-48.66191,88.944602,54169,2020-05-20,Tundra
Firm community,39.836116,-64.253968,33058,2023-12-19,Forest
Speech adult,-87.802676,146.779717,70018,2026-04-26,Urban
Leave present,61.17715,79.684062,66738,2021-07-31,Tundra
Success enjoy,-33.38229,92.840849,8034,2019-04-23,Wetland
Call carry,12.946254,-137.58948,8757,2024-06-15,Forest
Oil free,-82.256177,-137.714852,31550,2021-10-23,Tundra
Feel item,-2.518664,-6.026205,81456,2024-06-28,Forest
Kind billion,-46.961319,-173.636469,77037,2017-09-23,Grassland
Foreign least,-48.578924,-78.332918,1010,2023-05-02,Urban
Eat edge,2.131375,-149.704049,12093,2026-04-15,Wetland
People cup,26.247897,93.850581,30589,2025-10-26,Forest
Administration may,79.492463,-63.287365,63991,2022-06-29,Marine
Test computer,-81.405042,-126.564868,59670,2019-12-23,Wetland
Something media,-69.150946,-160.054427,26307,2018-12-25,Tundra
Speak letter,-61.806549,125.070665,66219,2020-02-09,Tundra
Our old,-20.9556,115.96148,67526,2023-09-17,Freshwater
Establish forward,68.496134,86.665848,2966,2024-07-28,Freshwater
Time bed,-16.974786,-164.940205,30140,2022-06-17,Forest
Measure month,33.737137,78.563019,46729,2020-12-03,Grassland
Mrs magazine,67.967202,135.817289,12505,2020-12-08,Urban
Look break,-28.618578,82.409612,4256,2025-11-03,Desert
Sense allow,-42.298934,-134.096258,31531,2024-06-04,Forest
Quality occur,51.258041,150.183387,49747,2022-12-28,Desert
Technology culture,-37.455919,129.510489,47325,2025-08-12,Tundra
Large yes,-35.831505,-3.932749,62864,2021-10-23,Tundra
People leg,-66.889944,-120.70167,68493,2017-05-19,Grassland
Some matter,-35.197133,174.394585,77973,2017-03-12,Desert
Stand cell,2.328245,-128.884323,93550,2017-07-11,Urban
Out officer,34.241835,-121.704871,85417,2016-10-25,Tundra
Section become,-17.288367,-82.156289,12486,2023-11-28,Tundra
Doctor place,31.758012,142.134917,21455,2023-10-11,Forest
Pm seem,59.759579,-107.827188,29417,2022-08-15,Freshwater
Possible late,80.998233,-132.556098,19526,2020-01-06,Urban
Seat increase,-51.730334,-76.599904,90350,2021-05-16,Urban
Across red,37.378484,-136.778643,80471,2021-04-02,Urban
How parent,57.039307,132.560403,69964,2024-04-04,Freshwater
Old simple,-52.398331,-170.04731,11186,2020-09-28,Forest
Far accept,-19.283015,-141.572651,98187,2017-08-24,Wetland
Present itself,29.087667,-113.999754,89738,2021-06-06,Forest
Onto since,-65.651306,-133.04869,26905,2025-09-06,Grassland
Southern test,-65.807492,146.394033,21358,2021-04-20,Marine
Safe long,-8.233049,34.859012,1096,2020-09-20,Forest
Reason very,38.00984,144.548514,72899,2019-10-11,Marine
True popular,-17.401081,-10.991571,24781,2024-09-11,Grassland
Today shake,-67.676569,-175.551787,79508,2016-12-29,Urban
Remember law,-67.113471,114.692796,75645,2024-06-17,Marine
System half,26.588044,7.098418,56270,2023-07-28,Marine
Answer across,-4.714941,49.262413,90128,2022-03-07,Forest
Day day,-13.00909,156.947449,54187,2022-01-12,Wetland
Anyone environment,73.738107,-10.743191,38018,2025-07-18,Tundra
Type over,-80.928516,-124.954682,8456,2025-08-24,Tundra
Speech book,59.207067,-53.011628,29109,2025-04-30,Grassland
Send provide,-56.729889,142.125536,5902,2023-05-14,Grassland
Rest election,67.390349,-2.561413,78224,2022-12-26,Desert
Visit clear,49.864294,-162.133304,69084,2021-01-13,Marine
Nice move,41.982163,-163.536063,48854,2023-12-12,Urban
Learn president,72.381165,-73.405803,59966,2023-12-25,Grassland
Training know,-26.734615,-124.810251,53801,2023-03-04,Forest
Style affect,73.050773,111.846153,5544,2023-10-06,Urban
Summer among,-24.459756,-119.351132,99399,2026-05-27,Freshwater
Produce while,-81.156825,-104.839415,2380,2023-06-15,Tundra
She professor,-50.07217,-89.182517,43243,2026-06-17,Urban
Would tree,-72.265737,82.586732,85513,2017-12-02,Forest
Court small,-26.822336,116.414511,24082,2024-04-23,Grassland
Response data,6.220137,-96.689334,28690,2019-12-15,Marine
Task leave,-20.730327,31.302283,27179,2022-10-04,Tundra
Line trial,55.259668,-132.835029,6986,2022-10-03,Freshwater
Method others,-19.071802,-110.819116,75687,2020-09-06,Freshwater
Outside tell,-33.9023,-47.156276,28626,2020-07-15,Freshwater
Admit which,26.967147,45.317472,91016,2021-04-17,Tundra
In number,86.114568,169.97354,81117,2021-05-05,Freshwater
Account food,65.073378,0.906454,65331,2021-10-31,Tundra
Beat else,-43.04728,53.909738,77598,2021-05-29,Desert
Think customer,-51.079335,-103.368545,34258,2026-01-10,Desert
Thought role,8.642748,90.859011,11115,2023-02-28,Marine
Help although,20.385862,27.862228,97832,2022-12-23,Urban
Country campaign,47.817993,146.079078,3569,2017-12-24,Forest
Build add,-0.35353,-81.738479,71522,2022-04-30,Urban
High pull,-46.698824,-106.281858,13844,2019-03-09,Wetland
Continue production,-18.983145,-133.359513,51289,2019-11-02,Freshwater
People one,-17.315587,46.379282,98493,2025-12-21,Forest
Crime leader,4.019672,-102.52454,98458,2023-05-21,Grassland
Plan continue,-6.012258,-105.004226,68392,2026-06-24,Grassland
When identify,-5.840009,65.554682,74135,2017-02-13,Freshwater
Forget resource,14.681496,13.623896,25672,2021-04-18,Urban
World society,-17.755135,-27.842136,32870,2022-11-28,Urban
Defense seem,44.254668,165.385032,40474,2022-12-03,Tundra
State hard,48.546158,-52.119434,98116,2023-04-11,Marine
Data town,-9.251995,74.250258,74947,2021-07-16,Forest
Road everybody,-51.307306,-126.081722,39893,2020-12-11,Wetland
Drug close,18.67879,4.82704,66615,2021-07-26,Wetland
Maybe person,-65.537041,-166.27613,82277,2019-04-16,Forest
Yourself cover,-57.761548,53.383268,98366,2020-07-16,Freshwater
Southern least,54.714106,78.89621,6218,2016-09-22,Marine
Until whose,1.843902,32.856971,29880,2023-09-16,Tundra
Protect but,89.836713,61.392654,6061,2018-08-21,Forest
Talk protect,-65.298356,-62.059428,64726,2021-10-12,Freshwater
Report process,16.630615,-19.312483,70107,2019-07-08,Urban
Mission then,-22.825564,117.980803,29996,2023-09-27,Grassland
Area success,-77.417724,168.259113,68000,2020-07-05,Forest
Safe according,89.865555,-72.330519,48365,2019-02-25,Wetland
Friend side,-73.684412,124.286417,44544,2017-06-12,Grassland
Listen police,-32.049576,-116.290236,46843,2019-02-02,Grassland
Bit need,-61.150531,-109.095514,7691,2020-07-29,Forest
Successful relate,37.334232,112.190063,75819,2018-03-25,Urban
Join check,-19.746862,101.989411,93420,2022-06-11,Desert
Wind instead,-73.705304,100.440112,88209,2017-11-26,Desert
Prepare medical,72.848724,-138.595514,53133,2026-03-29,Grassland
Fear PM,41.974669,-170.058578,76797,2026-01-21,Forest
Follow section,-25.808375,179.929067,9534,2025-09-02,Freshwater
Ahead true,66.791275,32.14865,71705,2025-03-01,Tundra
Science box,82.95033,-94.192433,10541,2023-07-24,Freshwater
Decade assume,-46.748414,9.687059,20715,2020-06-07,Marine
Place page,-71.659883,-133.493403,7506,2023-10-22,Marine
Against guess,62.470968,-149.192564,17156,2017-11-20,Tundra
Together why,-50.820211,20.868263,76239,2025-02-17,Wetland
Tonight grow,-32.2948,-26.180337,12828,2026-03-08,Wetland
Training own,-22.297551,-41.433409,22186,2023-06-17,Grassland
Nature difficult,20.960877,-76.08399,32600,2016-08-06,Grassland
Safe us,-41.414114,116.947925,3075,2020-02-25,Desert
Ask main,29.418173,29.612392,14068,2025-01-07,Urban
Force hand,10.860513,-121.458314,84370,2021-08-03,Wetland
They investment,-77.63957,63.040911,27242,2019-10-09,Marine
Building set,-7.267652,-178.37223,3587,2021-06-10,Urban
Responsibility once,-53.512418,-75.845459,73906,2020-08-23,Freshwater
Write far,23.206696,-96.628351,43004,2020-11-17,Freshwater
Language item,67.62673,-74.435264,18333,2025-08-11,Tundra
Deep both,-19.375419,-85.602108,350,2019-03-04,Forest
Camera a,-11.767105,160.891279,30310,2023-09-12,Forest
No whole,-41.137701,-77.604058,61617,2026-01-03,Grassland
Fly just,30.579458,127.147837,14760,2022-08-10,Wetland
Continue marriage,29.595043,137.018908,96287,2022-01-14,Grassland
Pass attorney,-38.685453,5.270524,47114,2024-06-10,Urban
Age resource,-0.126725,12.94568,14961,2020-06-27,Freshwater
Body prove,-85.321764,-75.7834,17489,2018-04-24,Grassland
Authority represent,89.894191,-103.592199,97955,2023-01-16,Forest
Close worry,51.408452,142.461839,7109,2018-06-19,Marine
Follow visit,-74.587782,57.699172,17786,2018-02-28,Desert
Long Congress,76.205152,100.188334,16906,2021-12-26,Tundra
Wrong could,29.784353,-158.778602,50554,2022-08-28,Freshwater
Away center,-51.438859,-50.508733,90283,2021-06-20,Grassland
Yes seem,64.109244,174.898158,42039,2019-07-22,Tundra
War them,-55.320498,-129.777773,46242,2017-03-22,Grassland
New way,11.500154,-121.747827,45280,2021-05-10,Freshwater
Affect authority,32.271582,105.286948,30020,2017-06-06,Tundra
Beat tell,-78.437101,-168.285208,13869,2017-12-16,Tundra
Increase behind,-20.090365,-11.822892,25601,2021-03-25,Forest
Interest upon,12.386116,-160.540512,65794,2022-04-15,Forest
Try later,75.084832,-101.344568,84293,2018-11-13,Freshwater
Central on,-27.718804,-22.817472,97148,2023-06-21,Tundra
Tell everything,-43.444418,64.906345,67177,2022-12-12,Forest
Value future,79.23894,84.539621,27398,2017-02-14,Grassland
Fly worker,-86.94458,-123.557234,76019,2020-02-21,Desert
Positive shake,5.645706,15.234466,56144,2017-05-19,Forest
Perform development,-71.55619,-52.235599,77705,2017-01-03,Desert
Stage treat,-17.748795,-76.037057,95800,2023-10-05,Wetland
Both magazine,9.397766,-139.324763,48223,2022-05-17,Forest
Establish interview,-11.831588,-21.082818,38687,2017-06-30,Forest
Practice hold,-27.361847,86.599985,35026,2021-06-24,Marine
Answer image,-28.291047,120.645879,9648,2017-04-20,Tundra
Yourself event,48.34318,142.943838,94517,2021-09-26,Freshwater
Use blood,-18.142116,-158.915904,30959,2019-11-23,Marine
Rich vote,49.208889,-43.466524,17854,2018-11-11,Urban
Success trip,37.434306,113.608044,85386,2018-01-25,Grassland
Kind true,12.79949,-68.136427,88475,2025-12-11,Tundra
Together easy,-8.380412,-26.162221,47708,2023-04-09,Urban
That above,6.199752,10.537332,29927,2020-10-08,Urban
Dinner hospital,46.225111,-58.887984,8225,2025-11-28,Grassland
Beat thought,-22.819934,177.156275,77986,2023-07-03,Desert
Again three,-42.535619,80.371312,26647,2018-12-25,Forest
Series woman,41.321809,-17.578191,10780,2024-11-27,Grassland
Wide next,-6.996897,-73.058296,3283,2026-04-19,Forest
Soon card,82.248941,-102.383861,50960,2016-08-05,Grassland
Real star,79.892143,-74.521943,37653,2025-03-08,Marine
Community when,55.129798,102.129555,16294,2017-01-18,Desert
General bank,-75.816171,46.650959,81816,2022-05-29,Forest
Respond successful,63.555418,85.658251,88089,2026-04-18,Freshwater
Deal catch,-14.305572,28.048667,98463,2023-06-29,Tundra
Address perform,39.773677,-77.58397,81947,2017-02-24,Desert
And read,70.141003,153.956247,40939,2016-08-08,Marine
Threat together,-63.109128,-38.574644,30525,2022-12-24,Grassland
Fact control,-15.041076,20.255535,71667,2023-08-05,Freshwater
Compare particular,-38.329844,11.676344,87573,2026-01-01,Tundra
Smile still,-89.222302,-98.814088,4487,2016-11-21,Marine
Culture skill,-88.399465,15.616571,41647,2017-11-28,Wetland
Nation career,88.659292,-46.803462,49251,2026-05-08,Wetland
Value design,-67.531504,-60.354624,76597,2019-12-20,Wetland
Wait line,-75.289913,-46.260429,6195,2017-05-26,Forest
Letter suffer,-15.776402,-118.504653,19231,2016-08-25,Grassland
Lawyer want,35.548193,178.492097,37388,2020-03-30,Forest
Population plan,-79.007348,-34.620778,39262,2020-12-28,Desert
Provide avoid,5.819572,-66.542131,35024,2017-12-29,Desert
Animal large,19.00197,-102.904891,29112,2025-05-27,Wetland
Why pass,-24.959723,-8.933583,51989,2020-01-29,Urban
Identify statement,64.960128,174.135337,88814,2019-03-22,Marine
Phone realize,-81.0539,106.655028,22301,2017-06-23,Marine
Determine rest,62.89377,-66.424437,89452,2019-06-30,Marine
Term business,77.945735,-51.309057,52434,2020-01-06,Tundra
Tax usually,-48.090309,-112.882945,53269,2022-10-04,Tundra
Indeed cup,88.869137,-49.009811,85167,2024-09-22,Desert
Beautiful floor,-55.07816,-165.359146,63976,2019-11-18,Tundra
Newspaper kind,-9.49443,120.509398,82633,2023-09-12,Wetland
Kind hold,30.240459,-171.947469,71050,2019-01-03,Wetland
Floor nothing,-72.71453,134.473639,46505,2019-10-11,Urban
Shake question,-32.199488,-152.784175,59659,2024-08-07,Wetland
In evening,-0.045813,1.829195,14604,2016-11-05,Grassland
Evidence often,24.686748,-132.813515,93243,2020-09-01,Marine
Vote word,20.565551,-111.948084,98331,2016-09-25,Marine
Candidate third,36.591622,-87.922058,80289,2018-07-19,Wetland
Light win,-27.324663,-74.027601,95260,2020-06-27,Forest
Imagine join,77.443102,-41.818869,59793,2021-02-17,Tundra
Four recent,73.095248,90.828912,77207,2022-11-19,Urban
Situation ahead,-25.350582,141.191135,63246,2021-09-11,Urban
At view,-2.807121,-5.745802,53591,2023-08-17,Wetland
Great drug,51.07674,-32.203653,18499,2017-05-26,Grassland
Act determine,-44.011895,33.425887,24209,2019-11-28,Desert
Lawyer election,-40.578102,82.595013,46956,2025-12-22,Wetland
Their president,-44.294322,33.071351,98782,2017-03-04,Grassland
Close a,-63.841595,-27.664597,55805,2021-04-29,Grassland
Fight remain,75.958088,-84.5372,80487,2017-05-12,Desert
Wonder team,57.526891,-134.810774,24696,2025-05-26,Freshwater
Imagine question,17.263652,-31.034111,78805,2023-06-05,Grassland
Camera argue,46.115662,-164.009468,53218,2025-09-08,Urban
Anything tree,-82.189143,36.379888,62330,2025-03-21,Grassland
Person what,-9.224418,64.36795,18076,2020-08-10,Marine
Base reveal,-2.027324,-9.260239,83452,2022-02-27,Forest
Decade hear,-46.97916,176.211943,60229,2017-11-03,Desert
Ball test,39.999497,-79.251462,98277,2024-06-16,Urban
Ok find,-45.161558,166.876205,86004,2018-10-27,Tundra
Majority region,-47.369725,-22.240198,12883,2024-11-18,Wetland
In local,29.423038,-6.225508,20998,2016-10-25,Desert
Cost quality,-55.661123,31.43234,85733,2025-01-17,Marine
View ahead,12.806704,133.034355,32423,2022-03-21,Wetland
Study face,-69.967406,65.797088,82587,2021-12-29,Forest
Television control,32.796827,165.135403,29878,2017-12-20,Forest
Use company,-20.281523,63.135997,19603,2020-10-25,Marine
Enough line,-30.344943,159.983243,87725,2023-02-09,Grassland
Young head,18.307362,86.451054,67567,2023-03-01,Forest
Direction physical,-63.820026,160.989365,92796,2026-06-21,Forest
Lose media,-50.551994,29.859028,30901,2021-09-21,Desert
Class here,5.749655,165.135247,88218,2023-02-03,Forest
Probably bring,-1.477483,162.000111,41693,2024-11-15,Wetland
Almost wide,-25.323691,161.952777,56532,2023-05-27,Wetland
Run recognize,19.959085,147.093679,77712,2021-03-03,Desert
Art off,24.475051,60.276497,67759,2019-08-02,Urban
Deep site,68.52396,-60.677944,49567,2019-06-10,Urban
Character speak,-32.856776,-67.864427,91587,2018-07-04,Urban
Goal activity,26.644931,-140.697318,69697,2022-11-20,Marine
Blood manage,37.807589,76.987861,82050,2025-03-17,Desert
Serve away,-32.27031,-112.845437,23525,2020-12-21,Wetland
Him never,19.300768,154.963586,56403,2022-07-20,Marine
Career free,77.338685,-159.995678,12227,2025-08-08,Tundra
Difficult industry,13.7799,102.164001,68175,2019-04-14,Forest
Possible tend,-58.399436,-177.899463,23903,2016-08-02,Urban
Pressure community,51.943203,-92.33109,22652,2019-12-17,Tundra
Become employee,-8.524626,-12.288607,5584,2018-03-16,Grassland
Work choose,63.748824,138.683573,24324,2017-03-09,Desert
Budget drug,-11.863704,97.378245,98741,2025-01-01,Grassland
Employee religious,23.55868,23.137409,48898,2026-04-09,Freshwater
Outside itself,77.864531,-54.751751,1035,2023-09-01,Marine
View people,0.576819,-122.035454,86594,2019-03-07,Wetland
Once song,40.052679,-124.286018,20320,2022-08-04,Freshwater
Care which,76.843272,-148.518067,64210,2026-04-27,Tundra
Eye brother,-67.904582,65.063886,34834,2022-08-17,Grassland
Serious although,31.975103,-76.87732,91084,2025-01-25,Urban
Dream contain,0.97911,14.925794,88557,2018-11-23,Grassland
Defense leave,-89.959161,-115.609706,719,2024-01-14,Grassland
Southern ground,-23.075627,-68.36806,14872,2022-07-19,Desert
Budget trouble,-39.194681,99.081241,5793,2026-01-30,Tundra
Our hospital,-54.797572,-31.549273,74294,2021-04-25,Forest
Feel arm,62.703973,-83.886462,57567,2017-11-24,Urban
Put conference,-52.940423,-62.447763,95949,2024-10-14,Marine
Number job,0.048379,168.071323,94216,2024-04-28,Grassland
Perhaps senior,58.770633,-18.300966,26449,2021-01-18,Urban
Item here,57.387674,104.155242,81565,2024-08-12,Grassland
Debate cut,-29.719271,-96.143208,62478,2023-03-02,Desert
Employee movie,-46.348367,-99.597196,64684,2018-10-30,Marine
Republican people,-29.816058,155.939922,88437,2022-08-31,Desert
Hard two,-25.922904,11.656838,2700,2026-02-14,Forest
Along establish,18.519825,-159.012067,14562,2024-06-15,Marine
Training forward,13.212835,24.782504,38068,2022-03-16,Forest
Necessary bar,7.036942,125.353524,46705,2021-05-27,Desert
Would head,-49.920934,-102.790516,62532,2023-03-27,Urban
Total grow,-42.728257,174.307318,83933,2024-02-10,Freshwater
Capital story,-44.453513,139.160283,6093,2019-01-23,Forest
Loss bed,44.434086,101.118809,20940,2024-04-11,Wetland
But why,63.181292,103.710036,35253,2024-03-13,Desert
Authority nature,56.905631,88.716922,32812,2024-09-09,Tundra
Family reason,-58.779121,-104.645004,35495,2017-02-22,Tundra
Realize difference,62.538345,61.54604,50705,2026-07-10,Wetland
Great leave,-82.936355,-17.407834,35689,2017-07-01,Grassland
She rock,9.487645,171.243129,81239,2025-01-07,Forest
Education election,46.813602,-33.738601,18397,2025-09-29,Wetland
Soldier capital,30.781072,7.6009,47655,2025-02-26,Freshwater
Hit share,30.426362,155.978616,81278,2022-11-11,Marine
Recognize artist,-75.399015,-97.537041,98070,2016-09-17,Urban
Attorney voice,2.455181,66.978388,29926,2019-09-29,Tundra
Team picture,-60.165563,-75.63966,4084,2021-11-22,Tundra
Feel with,-57.208202,-169.61988,44779,2024-10-19,Grassland
Water myself,30.495945,40.475556,88463,2018-09-21,Grassland
Leg him,12.036952,68.617952,42024,2026-04-13,Freshwater
Card Mr,-13.560111,81.01921,58532,2016-12-06,Wetland
Fact during,41.816841,68.247858,87740,2021-08-05,Wetland
Either weight,-15.896215,47.411001,17432,2018-12-30,Tundra
Member trip,23.772583,94.098195,86189,2023-08-28,Marine
Ago wear,89.799327,90.243333,51601,2017-11-30,Freshwater
His view,-53.266813,149.011485,25657,2024-08-23,Tundra
Effect factor,-82.606757,-87.69699,31947,2018-03-29,Wetland
Seat baby,-56.713944,-178.620757,1533,2026-05-24,Wetland
Safe firm,-44.837529,-111.055199,25541,2020-07-21,Freshwater
Themselves someone,-41.630362,52.573132,81587,2020-03-19,Tundra
Represent step,-28.483392,153.027366,47164,2025-01-15,Urban
North energy,-7.815118,-81.119613,6864,2025-04-26,Freshwater
Lead avoid,74.596241,-5.054861,36250,2023-09-21,Grassland
Edge trouble,57.672279,-119.855669,97365,2020-02-22,Freshwater
Performance agree,89.840537,-16.267008,18314,2025-06-15,Tundra
The answer,-12.339906,172.542894,36314,2023-01-06,Forest
Only class,-1.201243,-62.351861,15913,2019-10-07,Forest
Early bar,-18.847147,-165.97382,10302,2020-07-27,Urban
Bill feel,37.632277,21.166507,32704,2024-02-02,Wetland
True space,-66.535434,159.937548,64385,2025-07-30,Freshwater
Adult defense,-7.126368,-165.950291,77969,2020-02-20,Marine
Human center,-75.566275,-0.377593,75232,2024-04-04,Marine
Serious require,36.985139,-7.991322,25719,2016-09-15,Urban
Yourself safe,84.949943,-26.33321,47028,2025-01-22,Tundra
Responsibility none,-58.334041,36.197886,28064,2022-07-29,Forest
Action anyone,14.620972,67.058971,39116,2018-03-09,Urban
His pretty,-75.552867,-34.110595,50104,2017-07-09,Desert
Million hard,-28.469411,-37.237093,47094,2025-05-04,Marine
Maybe task,40.114125,-16.730284,46560,2021-10-22,Urban
Degree as,-18.215858,-4.366493,56940,2020-07-30,Marine
Republican star,12.229867,52.166047,50028,2018-02-10,Wetland
Challenge voice,-30.435952,117.263474,80321,2026-05-19,Tundra
Suffer under,-29.722425,-178.598141,18372,2020-11-15,Desert
Year indicate,17.724735,145.047644,45876,2020-11-23,Tundra
Available brother,-7.351747,115.404067,15954,2020-04-17,Tundra
Seem car,-36.991928,66.327625,1760,2021-11-27,Freshwater
Thus live,-35.611952,-119.564978,40174,2020-09-22,Freshwater
Reduce whatever,60.528607,-148.266355,11969,2017-12-01,Freshwater
Story stop,-15.725702,-2.93424,6125,2025-01-20,Desert
Material manage,-34.033824,84.038758,71949,2022-05-01,Urban
Discuss partner,24.822937,39.632977,97708,2017-07-03,Freshwater
Particularly adult,-3.237749,-90.821397,14520,2019-02-13,Tundra
Water inside,24.573072,81.992927,36548,2017-04-24,Urban
Upon eight,47.749525,-98.68052,54957,2016-11-20,Urban
Reduce region,-86.46667,-163.881456,51688,2018-09-29,Desert
Whatever action,79.528938,26.763102,17317,2023-01-26,Marine
Value them,-49.464746,1.984791,97704,2018-01-10,Desert
Picture key,2.639412,-70.093549,7045,2022-08-26,Desert
Send war,-87.330393,97.995076,79964,2020-03-26,Grassland
Condition improve,62.612076,162.1446,87671,2022-06-20,Wetland
Administration majority,78.99565,-3.555112,99333,2021-01-10,Wetland
Work talk,83.357276,-140.872613,17916,2021-06-21,Wetland
Boy cultural,10.964625,142.925202,92068,2023-08-20,Forest
Court final,-87.050379,-102.288554,72101,2023-02-13,Grassland
Direction Democrat,62.444422,28.219096,44700,2019-11-13,Urban
Consumer official,-41.199974,83.204112,22559,2024-02-11,Tundra
Ten she,-48.972746,12.256339,40619,2023-03-13,Wetland
Or this,12.009227,104.495083,51710,2019-12-25,Freshwater
Hour including,53.353356,-84.400166,62203,2023-05-28,Forest
Suddenly in,-34.936631,71.725357,45039,2020-08-10,Freshwater
Our act,-26.10259,145.108144,547,2025-03-13,Grassland
Against billion,-83.823926,87.152488,11144,2024-04-03,Grassland
Born leg,56.611137,101.49783,85019,2022-03-13,Forest
Government quite,-49.047612,-11.422238,58733,2022-02-18,Forest
Decision when,-88.520027,80.803354,81779,2017-10-31,Wetland
Form order,36.486115,-155.804795,19537,2019-04-25,Desert
Very care,-53.632598,-110.784812,73243,2024-11-07,Tundra
Hour service,-62.061069,-40.016191,94145,2018-12-03,Freshwater
Skin training,68.001469,-59.524613,52157,2021-10-11,Grassland
Vote her,56.35716,154.426181,58808,2019-05-29,Urban
Team very,-43.775797,-152.338345,11113,2017-07-26,Urban
Effect stand,5.356765,-93.813569,55938,2021-07-08,Desert
Require increase,83.283099,-159.105303,13747,2018-03-21,Tundra
Hand in,-44.234768,155.553607,72297,2022-06-29,Desert
Apply population,81.260035,126.251268,80709,2022-06-23,Desert
It management,-62.71368,38.842133,49185,2022-02-06,Forest
Even condition,-60.634019,44.298296,34640,2025-09-28,Urban
Way sea,14.679449,89.066974,30072,2025-07-12,Urban
Wait important,13.011549,13.385208,68120,2024-05-19,Grassland
Necessary even,16.447264,3.892511,35316,2026-04-15,Urban
Door community,-53.658899,135.323227,50183,2017-09-06,Tundra
Including food,64.467349,164.853246,68717,2024-08-22,Urban
Within white,-6.885591,125.065321,86819,2020-11-07,Urban
Whose beat,89.616606,167.058221,60119,2017-06-09,Wetland
Yard can,-5.945707,-177.703065,49296,2019-12-11,Marine
Focus improve,-11.229209,-170.097755,18322,2025-03-11,Forest
Region pull,-9.764244,18.960982,15059,2016-11-17,Grassland
Market run,-48.717144,-93.686555,11640,2017-05-29,Marine
Break skill,8.725287,64.992116,51766,2025-03-14,Tundra
Learn around,-33.302405,-157.536033,67526,2017-03-02,Wetland
Data member,-28.937089,-137.297735,57983,2021-09-08,Tundra
Firm sit,-24.193523,36.589997,65363,2017-03-16,Wetland
Project chance,76.821693,-98.5871,64622,2024-09-07,Tundra
Information police,84.582204,-152.531156,34080,2022-07-24,Forest
Collection accept,1.935943,-151.977924,66822,2022-07-31,Wetland
Call send,75.174617,-105.967151,88213,2025-08-25,Marine
Identify wrong,-23.99482,65.385024,60285,2025-12-03,Desert
Produce born,-6.212238,74.923435,73233,2017-07-07,Grassland
You candidate,88.711959,111.602787,1692,2023-06-03,Forest
Long news,-29.30964,8.213398,43938,2022-02-19,Freshwater
Truth attorney,77.177464,-102.264723,36158,2023-08-15,Grassland
Director respond,17.844474,172.29548,10937,2017-12-20,Marine
Pick man,-62.472863,-169.355053,81965,2024-07-07,Urban
Power major,-25.75855,131.214983,94269,2018-04-25,Tundra
Room interesting,43.099488,-178.968498,52152,2020-12-24,Urban
Year public,-15.98126,-69.739102,13923,2024-05-18,Tundra
Minute property,5.646665,69.58716,86723,2020-06-15,Desert
Seat politics,-22.544047,-167.903328,23423,2024-05-09,Grassland
Require front,44.734043,35.717266,32988,2023-02-09,Forest
Impact than,-48.110472,-135.127608,49325,2016-08-19,Marine
Tree actually,48.330665,-71.78592,61017,2018-01-29,Desert
College new,-62.457752,135.007685,33186,2021-11-22,Wetland
Others series,36.619363,133.377594,69632,2018-12-11,Wetland
Week artist,18.174955,99.042211,16129,2017-08-26,Desert
Future tell,80.705597,92.677069,66085,2021-11-18,Wetland
Book spring,39.581453,-34.055866,60993,2024-11-01,Tundra
Parent measure,27.683479,-151.003715,59164,2021-06-08,Forest
Meet according,1.504697,75.778357,61283,2020-04-10,Freshwater
Check whole,28.253152,55.279169,35783,2018-09-26,Freshwater
Painting their,65.112996,174.348319,7808,2022-11-12,Urban
Certainly may,-13.722739,-160.734697,32029,2023-12-13,Urban
Development drug,57.030974,-4.378779,77206,2022-05-10,Marine
Half approach,60.44131,51.647279,92361,2017-08-23,Desert
Region soldier,6.898193,-10.270663,37575,2022-01-19,Wetland
Cup benefit,13.333079,-166.584772,53242,2019-12-12,Urban
Ahead majority,3.0133,-144.939577,97019,2022-03-29,Forest
International catch,8.199899,48.650438,94507,2025-12-15,Grassland
Investment order,2.940226,-4.889429,5526,2026-03-03,Tundra
Hear be,74.997415,147.407894,90955,2024-01-24,Grassland
Fish establish,46.715136,54.869007,37160,2023-12-11,Freshwater
Listen scientist,36.143076,56.824253,86507,2021-06-02,Desert
Necessary phone,6.981596,-27.725954,59164,2024-05-11,Grassland
Office attack,6.82517,-128.096974,67091,2021-05-19,Urban
End significant,-58.874322,-55.204016,94236,2019-01-09,Forest
Experience huge,-16.638276,111.025089,44958,2024-07-07,Desert
Like dark,27.329075,-162.263348,74105,2020-07-06,Forest
News power,-40.965521,63.575739,50921,2017-07-17,Desert
Teacher look,82.123527,-92.280042,37140,2025-01-17,Freshwater
Contain many,6.661101,96.445597,59498,2017-12-03,Grassland
Color wonder,12.274167,138.653985,47565,2021-02-21,Freshwater
Wish beautiful,5.102753,-19.836675,42514,2024-11-24,Marine
Throw garden,17.189565,45.348349,29741,2017-12-06,Wetland
Without wait,51.418783,-103.204224,96680,2018-12-18,Marine
Analysis consumer,78.923319,-171.407184,3840,2019-02-17,Desert
College response,-40.80965,-29.016603,70088,2022-04-01,Desert
Again election,-82.266337,105.28432,51392,2022-02-28,Grassland
A white,-6.205131,-53.313502,67987,2019-02-03,Wetland
How product,-38.394306,74.204483,23674,2026-01-02,Marine
View huge,-69.225066,-145.593021,65502,2024-08-05,Marine
Almost quality,46.700192,170.270064,55121,2021-11-21,Tundra
Call interview,79.471426,-150.938491,62811,2023-08-21,Tundra
Over least,79.77665,-92.999474,95522,2021-09-05,Grassland
Pass difficult,70.827881,-174.497203,48706,2023-03-08,Tundra
Nearly probably,-89.705251,35.091993,88873,2019-05-18,Marine
Local evening,-65.693291,-97.291487,60562,2018-10-19,Marine
Food financial,85.744607,179.871994,94984,2017-03-01,Tundra
Center order,-79.120521,62.177324,81025,2018-04-28,Forest
Letter level,74.297151,44.069835,12708,2022-08-21,Desert
Size send,-78.709565,147.77046,4858,2022-03-26,Urban
Class soldier,42.64779,-49.524133,85747,2019-11-12,Marine
Many gun,-56.107309,68.956264,57216,2017-10-14,Forest
Maybe move,65.39593,-85.000757,77256,2023-02-21,Freshwater
Product final,3.102096,147.476834,28934,2020-06-26,Forest
Could capital,67.714304,80.5212,52201,2022-08-08,Marine
Radio impact,67.648902,126.098912,87282,2025-12-13,Desert
Main activity,64.471193,-68.762593,89213,2020-08-03,Wetland
Option nor,-83.040898,164.363416,41031,2023-04-06,Desert
Tv analysis,30.822615,16.910039,6758,2024-12-24,Tundra
Decade lawyer,16.590071,17.392395,13784,2024-09-18,Forest
Soon themselves,64.719955,-98.894645,88602,2022-06-19,Grassland
Meet box,-65.132764,-134.990403,22349,2022-04-15,Marine
Majority travel,-64.233546,165.146017,37721,2025-11-17,Forest
Business parent,-32.595844,-134.280754,69172,2025-04-12,Freshwater
Answer could,33.133373,164.570332,99239,2025-12-27,Marine
Fund former,63.807141,-43.716851,72999,2025-08-07,Urban
Reach gun,62.564406,-148.125212,5609,2025-06-23,Wetland
Sing her,-12.641523,119.795923,83657,2023-03-18,Wetland
Tree whose,-5.864006,157.539469,42519,2018-12-07,Forest
Three such,78.411652,-86.999877,77524,2020-09-16,Urban
Eye significant,-74.636564,45.015683,62004,2018-03-24,Marine
Democratic risk,40.351066,-43.333286,93187,2025-11-24,Forest
News official,-43.059823,-179.429756,40040,2018-12-28,Freshwater
Market join,-7.467376,-73.559841,42527,2023-02-09,Wetland
That minute,-54.653111,157.725704,27501,2022-02-05,Desert
Return popular,-8.888134,18.682609,58136,2022-05-24,Grassland
Relationship affect,-54.257586,-173.232288,92548,2021-04-13,Desert
Civil check,60.45037,-154.614377,58019,2018-10-11,Freshwater
Within road,-48.790913,-122.369969,21858,2020-03-15,Desert
Audience culture,17.557415,-90.384703,18764,2020-05-12,Urban
Nation produce,-82.239748,44.56799,44548,2024-11-30,Grassland
Develop court,-41.314805,-10.042433,42105,2024-05-30,Tundra
Entire such,-24.457453,24.755096,66767,2023-05-13,Wetland
Enter score,12.340829,143.704567,85680,2018-04-25,Forest
Direction never,16.885877,112.073854,51920,2023-05-06,Wetland
Check bag,-10.959362,143.559955,43934,2025-01-08,Desert
Cause north,6.214837,-48.184932,72656,2022-02-04,Urban
Us four,-21.971675,-41.384178,83296,2019-12-29,Freshwater
Law record,-87.730594,-80.283187,83809,2018-02-19,Tundra
Field dream,80.62276,-176.790415,16814,2024-10-29,Grassland
Loss teacher,-33.432991,134.679831,62785,2024-02-20,Forest
Shake ever,60.829348,58.427968,62966,2025-01-20,Forest
Food various,-87.998779,-21.701175,2570,2017-09-22,Desert
Deal professor,-26.153681,141.533721,16989,2020-03-20,Urban
Purpose anyone,43.75009,64.570434,81376,2021-03-15,Wetland
Look newspaper,79.393527,-140.742376,68691,2016-11-27,Freshwater
Conference coach,1.377229,-31.398164,46776,2025-05-11,Grassland
Physical themselves,82.682293,116.727256,1857,2023-07-01,Urban
Sell near,-36.89367,-107.235807,14919,2019-02-28,Marine
Agreement even,-41.944588,-144.130659,64791,2021-02-21,Desert
Movie foot,-60.305211,-18.594267,10232,2020-09-20,Grassland
Paper ready,-34.378923,-156.604963,58633,2016-07-18,Marine
Professor member,-1.79891,92.767421,66986,2020-12-29,Grassland
Reality to,-62.856544,-85.088216,92231,2018-12-04,Freshwater
Security generation,-23.092424,72.389012,48163,2022-06-15,Forest
Policy teach,69.744422,-92.705163,95110,2017-03-08,Wetland
Up television,10.989435,120.578477,25518,2018-03-20,Marine
Share radio,-20.481382,75.710889,56803,2019-08-02,Desert
Four after,-35.352397,54.885723,47840,2023-06-14,Freshwater
Turn sell,-56.027703,-69.091161,54667,2021-04-09,Marine
Than author,56.810589,-145.396242,13019,2026-01-24,Tundra
Bad question,-71.928365,-7.81292,94940,2025-12-19,Desert
Democrat leave,39.396644,102.344306,11442,2022-05-12,Wetland
Certainly nor,33.177614,-19.346688,20341,2017-11-06,Marine
Continue write,0.624595,-12.708007,87804,2025-08-01,Wetland
Occur model,89.236564,96.041018,58050,2023-02-17,Grassland
Notice concern,-1.896274,-120.442374,95376,2018-02-11,Tundra
Yard out,-64.132538,-109.414803,66808,2018-11-09,Forest
Film send,-7.473193,9.839794,24819,2019-11-26,Urban
History last,26.715017,-102.723179,33436,2017-03-16,Desert
Thousand opportunity,-63.562925,41.858431,32238,2019-10-14,Marine
Season service,-18.891934,155.553991,82848,2020-10-03,Marine
Ten always,65.136486,-152.561855,29821,2022-09-16,Marine
Head through,77.137489,152.780786,56878,2020-06-14,Marine
Only red,-28.477384,19.808659,71735,2023-01-12,Desert
Call those,10.537195,-5.262682,52776,2023-01-12,Desert
Population own,-46.501884,-109.928636,16118,2023-12-08,Freshwater
Message agency,44.047586,73.47844,58472,2018-03-29,Freshwater
Even make,11.670691,168.588562,25525,2019-09-16,Urban
Will safe,75.980788,159.34722,49922,2023-01-20,Freshwater
Easy whatever,21.881176,-114.796641,27098,2016-12-02,Marine
Bag lay,-52.580936,-105.835964,59231,2020-08-24,Forest
Only where,-35.487809,136.986506,58645,2019-01-17,Wetland
Total wish,64.79205,26.671165,55332,2021-10-06,Freshwater
These sing,-82.719245,165.937501,92461,2016-11-01,Urban
Professor go,60.577758,64.87663,71510,2019-03-06,Forest
Probably financial,-52.101141,-165.36279,63705,2017-02-18,Freshwater
Reach realize,20.65424,-55.717436,28560,2022-03-11,Urban
Yeah make,46.994211,33.775367,96262,2018-06-01,Wetland
Movement base,45.336002,-86.56256,82531,2021-01-05,Marine
These beautiful,52.4556,-29.705532,14755,2026-02-25,Tundra
Much indeed,-87.443405,21.03803,41538,2022-06-10,Freshwater
Report dog,-30.890384,52.622511,33363,2025-04-25,Freshwater
Former accept,57.027889,21.823991,76857,2024-11-21,Wetland
Agreement time,-78.258127,-129.605335,44010,2022-02-28,Marine
Officer machine,-42.40031,10.424423,7378,2016-12-01,Marine
Seven bed,-61.65034,-55.250432,94102,2021-11-03,Marine
About bill,-31.04134,46.533117,95801,2020-06-28,Desert
Safe always,-21.784966,-113.307097,92412,2023-08-14,Desert
Consumer scientist,-63.221796,170.45961,98241,2021-02-15,Freshwater
Account account,17.523086,-19.244213,23349,2020-12-02,Forest
History view,-32.635616,-14.353148,17448,2025-11-28,Wetland
Pick five,-65.25623,35.035791,72180,2020-05-25,Wetland
Too suggest,-46.709325,-26.093243,69806,2019-11-27,Urban
Way law,-18.291605,155.185467,59184,2024-04-15,Tundra
Very finish,-44.348008,97.838682,25344,2018-07-09,Tundra
Law trip,-11.731413,97.335798,83969,2023-05-17,Grassland
Anything reason,7.922644,-27.215412,22080,2017-01-03,Grassland
Education sign,-26.141637,139.262548,70497,2023-05-13,Urban
Either memory,-51.431399,-125.25454,96876,2019-10-31,Tundra
Organization contain,76.946789,169.601452,96902,2025-01-23,Freshwater
Everyone movement,81.783229,-130.313451,49964,2017-11-16,Marine
Leg deep,-1.318353,57.848088,75301,2017-04-05,Grassland
Summer subject,65.69603,34.648092,29875,2018-11-13,Marine
Thing respond,-58.609445,88.04033,70733,2023-03-23,Freshwater
There guy,87.493391,100.359013,72991,2020-01-02,Tundra
Anything likely,-21.490692,129.063793,48508,2020-02-02,Wetland
Sometimes yeah,58.510579,9.953007,11085,2023-03-23,Marine
Expect industry,-53.811828,25.776677,16336,2022-01-05,Marine
Woman ago,10.24918,-135.318434,37445,2022-12-07,Freshwater
Day over,-0.036306,62.278563,51236,2018-02-04,Grassland
City seek,-17.292833,-70.351602,15664,2024-04-12,Marine
Write fly,-37.588611,110.21636,6165,2022-12-25,Tundra
Hear bring,-12.008697,67.558646,19269,2022-06-14,Tundra
Would when,75.525546,-71.799038,57350,2022-03-13,Urban
Appear source,51.778061,-47.274008,93227,2016-09-26,Freshwater
Capital face,56.205201,89.521335,4171,2025-11-07,Desert
Go federal,-68.290407,85.183864,43891,2021-04-15,Wetland
Record talk,14.311156,-122.628742,92766,2016-12-23,Wetland
Stay she,40.044048,34.235209,6223,2024-05-04,Urban
Present team,70.655838,160.158215,60202,2023-08-06,Grassland
Evidence visit,-72.5461,-176.725295,47453,2017-06-25,Urban
Report election,-56.205569,-33.153238,28464,2025-03-06,Desert
Customer exactly,-58.945318,2.5619,84500,2026-02-27,Forest
If staff,-79.653528,-90.879762,73145,2019-10-29,Desert
Environmental current,41.977626,-73.084592,464,2022-09-24,Desert
Street president,-22.515241,103.701704,35551,2020-11-20,Urban
Rest movie,-33.376653,-16.238452,41625,2026-04-21,Urban
Memory benefit,-3.969938,-95.660486,74592,2019-03-30,Wetland
Trade available,-70.859729,15.506998,64922,2021-09-28,Desert
Recent the,3.432186,-89.516575,69774,2024-10-10,Freshwater
Unit service,89.177107,149.317842,36817,2017-02-01,Urban
House production,7.050388,144.175739,28642,2021-10-06,Forest
Join itself,-16.775299,108.919232,91886,2022-04-17,Tundra
Glass you,67.457841,-76.657828,78967,2022-03-24,Marine
Room ball,67.423254,124.718405,2237,2025-05-26,Forest
Parent tonight,82.082699,-69.362011,35372,2021-07-29,Wetland
Cost single,33.930285,-122.996199,41196,2022-12-06,Desert
Consider rock,-24.515973,-98.94005,92712,2018-06-18,Freshwater
Save direction,58.685832,119.465428,62137,2018-12-21,Marine
Republican political,-45.236782,-93.462383,531,2023-07-20,Grassland
Between rich,79.858081,144.696887,59185,2017-12-05,Freshwater
Reality save,-88.479871,-144.019128,76289,2017-05-31,Marine
Mission vote,-45.143426,14.384694,22193,2025-05-04,Freshwater
Indicate drop,49.726619,-58.829199,90796,2026-04-25,Wetland
Media car,75.98027,98.555432,30030,2024-03-19,Urban
Professor list,-52.066185,-57.134514,68624,2021-10-18,Wetland
His race,87.757866,-11.332613,50843,2024-10-21,Forest
Politics point,-12.669207,-36.641755,18714,2024-08-25,Urban
Last light,23.700234,-141.056404,49748,2022-04-07,Urban
Sing kitchen,-22.704862,-80.557355,56077,2022-04-10,Forest
Own building,7.812816,1.562707,2960,2019-11-22,Grassland
Hard detail,12.277336,-122.881664,37780,2018-06-24,Freshwater
Smile ago,-86.458928,-80.675685,83413,2023-02-18,Grassland
During war,31.624072,70.32297,32770,2020-10-18,Grassland
Although around,-59.567319,29.406397,68039,2026-03-26,Freshwater
Support daughter,5.548459,-143.845681,7531,2018-10-25,Urban
Feeling wait,28.563655,-90.723121,87928,2022-05-17,Urban
Yet war,59.095109,105.93465,39997,2020-11-01,Forest
Simple how,87.640703,69.997291,12896,2026-04-11,Urban
Employee father,5.400966,174.47253,19287,2023-09-11,Grassland
Magazine agency,-39.013175,-149.693092,19391,2026-05-01,Tundra
Once measure,23.241997,58.753469,74328,2020-04-24,Forest
May song,-5.204896,-95.500919,74033,2019-12-23,Desert
Recognize board,-5.450218,50.721114,78285,2021-02-21,Desert
Relationship hundred,30.130009,143.873696,72135,2016-12-31,Wetland
Here election,31.045188,60.159797,67551,2024-07-24,Forest
Campaign apply,-85.153972,-57.852709,36657,2020-06-13,Tundra
Capital half,-74.942983,-1.090564,60630,2023-06-06,Tundra
Prepare single,-87.309673,-156.739607,21869,2024-06-19,Grassland
Wrong according,-4.236217,-56.240188,68148,2023-09-26,Marine
For return,34.633831,68.547182,11247,2023-04-23,Freshwater
Trip next,-33.912699,60.704539,24657,2024-11-05,Tundra
Class young,-53.537495,97.41337,37293,2023-10-27,Forest
Same her,-45.070065,-3.413345,75572,2024-04-18,Grassland
Color guess,-67.720601,-30.767802,74741,2021-04-18,Desert
Step tree,-86.968272,119.23735,34313,2018-06-24,Wetland
Concern identify,-32.976032,-142.596051,61184,2017-02-23,Forest
Movie play,71.907691,151.471191,9158,2019-06-30,Wetland
Travel treatment,-83.653035,118.574334,73757,2018-03-26,Freshwater
Black paper,-68.995219,-37.858082,86929,2025-08-09,Grassland
Participant top,13.073486,147.420271,46165,2019-01-17,Forest
Realize early,-84.733044,154.831157,71386,2024-02-10,Wetland
Minute five,-28.476364,84.858994,30207,2020-02-01,Forest
Memory under,-88.69828,168.857011,48232,2023-02-19,Urban
Represent place,43.58142,-86.480543,18256,2020-08-07,Desert
Network nearly,43.253964,-36.183245,88157,2020-10-22,Tundra
Involve knowledge,19.496009,30.440614,45892,2017-04-22,Urban
Mission yes,-26.808423,-59.865059,69554,2016-09-18,Forest
Eight against,-33.123082,15.178816,13381,2019-08-30,Freshwater
Pm protect,9.788238,142.592074,45437,2025-04-17,Tundra
Oil situation,-40.340716,89.518726,87274,2019-06-11,Urban
Ask wear,65.968441,116.095811,67219,2025-01-27,Forest
Security scientist,61.086631,-92.371222,31224,2020-08-18,Tundra
Picture try,79.551852,-51.466489,89487,2018-06-20,Tundra
Cut pass,68.520649,-65.289802,54956,2017-08-06,Forest
House require,-82.374254,54.300403,99748,2024-08-16,Tundra
Operation maybe,70.199622,21.195372,16771,2016-08-01,Wetland
Difference fund,-47.110047,144.69321,31408,2021-07-18,Freshwater
Cost civil,87.173301,-129.531781,6120,2021-11-11,Wetland
Talk accept,-69.9513,-59.820246,8431,2018-10-26,Freshwater
Although exactly,88.519299,-20.347231,19498,2025-07-15,Desert
Actually rise,52.058013,164.191971,44793,2021-10-09,Marine
Industry look,-17.487741,-94.01182,98672,2020-12-22,Tundra
Positive floor,-62.367297,108.654598,46876,2017-05-01,Freshwater
Alone find,-65.975363,-141.889129,74148,2019-10-26,Wetland
Could position,9.637547,106.049785,58529,2023-03-26,Urban
Keep nearly,65.466754,98.400475,99434,2024-05-19,Desert
Left information,-6.657821,-27.859172,49386,2024-02-15,Forest
Low mission,75.627123,-80.307876,29032,2025-07-08,Tundra
Old training,-67.081706,-72.900297,86117,2017-02-10,Freshwater
Behavior prevent,30.484906,-3.88227,36808,2023-05-12,Freshwater
Newspaper trade,-76.960475,-88.251256,10561,2022-08-09,Freshwater
Continue early,72.760261,-12.86889,55894,2018-07-02,Forest
Catch mouth,-83.441822,-2.604977,9756,2021-07-07,Desert
Single course,-72.091423,112.187428,53067,2020-01-12,Forest
Coach series,15.724868,108.653263,97964,2025-12-18,Grassland
Little history,13.770023,36.529693,96272,2026-01-25,Freshwater
Necessary doctor,-52.314558,99.86673,276,2020-10-06,Freshwater
Rest eat,80.120013,179.68584,39205,2020-02-07,Wetland
Occur pretty,68.795474,-155.098408,79066,2024-09-29,Desert
Yourself contain,-83.841242,135.98944,77622,2019-10-10,Grassland
Nothing finally,26.445717,156.838992,48860,2025-05-09,Desert
Recognize air,-2.401454,-19.506543,74307,2024-12-22,Urban
Special he,31.696172,-173.818556,83783,2024-03-05,Wetland
Thing work,70.610631,-113.891064,39785,2018-10-20,Desert
Imagine five,57.506868,44.94508,98680,2021-11-13,Tundra
Although business,-54.451615,-10.331572,616,2020-07-09,Urban
Continue land,-5.478665,22.413166,69801,2017-07-31,Urban
Beat through,-47.127419,17.117002,83538,2022-09-15,Urban
Pick recognize,39.07905,-69.817437,74050,2017-06-22,Desert
Student word,25.28659,44.80521,30976,2022-05-05,Wetland
Like break,59.366715,-54.932664,15670,2023-01-28,Marine
Before per,-4.804373,-79.199175,48197,2023-10-26,Desert
Current yourself,-88.563513,174.600488,20507,2019-09-12,Desert
Available continue,-44.692042,100.830125,45460,2025-08-05,Tundra
Black little,5.695559,27.218034,28230,2016-07-30,Marine
Agent when,-80.735669,-134.985412,31797,2020-02-20,Marine
Magazine give,-86.080446,-18.293873,30157,2017-06-22,Urban
Drug through,74.862186,-84.610964,22673,2023-05-26,Urban
Not hospital,55.647,63.705703,77542,2025-10-19,Marine
Opportunity hospital,-18.018068,-8.625451,55346,2017-05-28,Freshwater
Former right,68.243928,172.129781,51966,2016-10-24,Desert
Rate information,63.12129,-159.336548,82579,2021-11-25,Desert
Nothing around,-71.302347,-17.2032,58062,2024-09-07,Urban
Open necessary,1.277494,159.749377,42287,2023-08-06,Wetland
Recently among,-74.615497,-60.860804,3584,2018-05-28,Tundra
Research left,12.614039,-48.593307,89961,2022-05-01,Forest
One speech,-6.172818,19.326181,62148,2019-09-29,Urban
Under tonight,-54.121344,-71.855761,44430,2019-09-15,Wetland
Notice bar,65.413539,51.332456,91109,2019-01-16,Marine
School value,-47.404953,-124.871516,88151,2021-01-30,Desert
Television far,-65.00004,23.072386,60967,2016-08-07,Desert
Officer score,65.703073,50.404814,85078,2025-07-29,Forest
Design within,89.451755,14.150253,4519,2021-03-01,Marine
Sell also,-56.14126,102.600067,24269,2021-11-16,Wetland
Bad rest,83.551859,28.19334,43745,2020-03-14,Forest
Draw author,-67.57716,-133.185972,76365,2019-02-11,Tundra
Father high,-29.160135,-178.248916,89405,2020-11-22,Forest
Condition until,-86.106936,71.85308,48452,2024-06-04,Grassland
Choose coach,-51.916616,119.948558,55268,2018-10-12,Forest
Knowledge friend,32.835704,-40.088628,84705,2024-05-08,Wetland
Artist Democrat,80.792632,85.350283,54048,2020-10-14,Freshwater
Simply affect,81.99518,160.91712,9684,2018-05-05,Forest
Deep hot,34.930463,-130.686649,58869,2018-07-21,Freshwater
Development reality,-12.22789,107.344599,27206,2021-11-08,Grassland
Heavy enter,19.076663,149.479602,56475,2026-05-28,Freshwater
Feel campaign,-68.562294,40.341269,92282,2023-12-19,Urban
Store name,72.834273,-115.972666,70147,2020-08-17,Urban
Mean school,14.366529,-28.630181,21542,2025-07-11,Marine
Prevent expert,-46.343977,86.571032,13158,2023-04-10,Freshwater
Finish capital,-47.570054,-93.63028,64699,2023-10-09,Urban
Much space,37.732309,137.538332,99767,2025-12-11,Urban
College economic,12.201483,147.7952,11799,2026-05-16,Marine
Newspaper black,72.018802,95.059814,15323,2025-06-23,Freshwater
Statement food,-66.082246,-79.203407,40998,2021-06-27,Forest
What movie,76.003898,144.863687,74057,2024-07-25,Forest
Sure Mr,-21.751585,135.222431,78288,2016-11-17,Desert
Drug expert,-60.27525,57.082793,63192,2016-08-24,Freshwater
Within more,-51.258876,-146.763674,24420,2021-12-03,Tundra
Throw large,69.083802,65.247206,41050,2019-06-04,Grassland
Black must,25.599478,43.952987,76929,2023-04-03,Urban
Other owner,-10.72335,-113.257452,59912,2022-11-05,Marine
Work later,27.837069,-21.804556,35283,2025-12-29,Grassland
Able measure,63.045592,104.734394,85038,2017-10-06,Urban
Agency himself,55.406696,-156.271657,85225,2019-03-31,Freshwater
Put tax,-61.897273,-39.745664,56369,2017-01-30,Wetland
Class style,37.234208,21.392964,80834,2019-02-20,Desert
Type may,1.961682,88.855636,89606,2016-12-05,Wetland
Alone group,-28.234913,36.005204,83806,2017-10-12,Marine
Bed including,-32.643638,-9.19268,26038,2025-02-20,Freshwater
Tell form,80.072296,13.652938,45928,2024-09-26,Urban
Late no,-80.263924,-72.416404,48265,2018-07-18,Marine
Certainly interview,-42.891545,15.0627,6618,2021-01-06,Desert
Share foreign,61.376605,1.233306,78697,2026-06-18,Urban
City start,1.806388,-171.43787,23022,2020-03-24,Wetland
Site capital,16.104515,-128.185587,32999,2020-09-29,Grassland
Site cover,-53.7395,-152.880169,71866,2017-12-22,Marine
Million remember,62.766805,154.241152,78054,2022-02-28,Desert
Improve prepare,-36.478418,-43.124169,62066,2025-07-07,Freshwater
Allow worker,29.815834,105.53068,97191,2022-10-18,Forest
Agent cover,-51.184956,59.208129,52661,2018-06-03,Forest
Two production,32.503282,66.405965,90002,2026-01-22,Desert
Coach environmental,-45.317165,44.63195,39880,2023-10-02,Tundra
See charge,-45.126103,-28.264203,88946,2022-11-01,Desert
Face window,-13.902738,132.388945,27864,2020-02-21,Marine
Here natural,9.010156,-142.939589,57210,2022-12-23,Grassland
Mrs fall,-40.454666,12.219191,1815,2019-06-25,Tundra
Interview again,18.2635,-164.2519,58112,2022-05-12,Marine
Approach public,27.343359,-1.010819,71134,2019-10-29,Marine
Quality body,30.760761,-168.316084,36325,2020-03-01,Desert
How difficult,-26.864043,27.999109,712,2016-08-31,Forest
Here throw,-44.812652,75.100442,68729,2023-03-09,Forest
Spend play,-11.17752,-124.379343,17562,2019-12-10,Marine
Many for,-87.786274,-155.832706,58935,2018-09-09,Wetland
Always course,-35.683404,-10.921139,75826,2024-08-19,Grassland
Memory take,-84.716765,-140.228616,89432,2020-03-28,Tundra
Personal nice,-67.957095,128.311714,1314,2019-04-11,Grassland
Short finish,-58.667958,31.26006,55576,2025-12-24,Freshwater
Arrive keep,-28.428901,-140.646981,99267,2020-04-06,Freshwater
After Democrat,81.523065,149.51954,97051,2020-02-27,Urban
Drug always,69.389119,-87.803625,31236,2017-12-02,Tundra
Back film,33.42133,-10.09883,38334,2024-04-18,Marine
Top true,29.559384,-48.540337,80473,2016-08-25,Tundra
Still example,-28.457353,-115.241491,11971,2023-05-20,Wetland
Marriage administration,68.901639,-52.846719,57921,2018-10-31,Marine
Also language,33.112871,-145.455922,62812,2023-01-10,Freshwater
Until opportunity,-42.646613,50.114267,67200,2023-04-01,Tundra
More according,-37.706981,60.710721,62829,2017-07-07,Grassland
Deal identify,6.926329,-178.077226,82426,2018-11-04,Urban
Since political,39.23449,-34.026293,9266,2018-05-08,Marine
Bank site,-84.049887,-108.437695,30070,2023-12-08,Tundra
Go weight,-86.273506,-82.912702,46825,2025-02-10,Grassland
Catch half,-13.239771,152.737461,36602,2026-05-23,Marine
Stay popular,73.327183,-6.159864,97285,2019-02-22,Desert
See on,-23.8301,-7.908103,89192,2023-06-03,Marine
Down conference,14.65012,173.493291,10982,2022-05-07,Marine
However once,6.175729,-89.58139,65108,2020-02-06,Marine
Our music,56.302956,60.621464,1368,2025-10-06,Forest
Cultural quickly,14.882828,-130.07414,32779,2016-08-15,Forest
Green wall,14.701108,-162.058677,41953,2016-11-17,Tundra
Pass suggest,-62.958621,20.960532,43280,2019-02-28,Forest
Very teacher,26.319642,27.607577,9404,2024-02-13,Freshwater
Adult pretty,5.053251,-100.475406,43682,2025-01-02,Forest
Run skill,32.475596,98.038228,33919,2021-12-31,Forest
Soldier community,-21.841955,20.225111,32417,2016-11-24,Tundra
Do happen,12.886454,124.578012,50437,2022-10-31,Forest
Move late,-60.332988,91.023763,3656,2025-08-05,Forest
Life point,-65.55544,-95.128337,32489,2018-03-25,Marine
Friend much,-16.536477,105.599025,57860,2020-12-06,Wetland
Behind whatever,-9.868244,175.765447,77960,2026-05-26,Marine
Morning true,-78.367476,82.446722,16253,2021-10-27,Desert
Write need,-46.690926,-98.080877,37675,2022-01-13,Desert
Her stuff,78.543765,118.772934,34308,2020-10-30,Forest
Sense strong,-46.919307,-159.942156,21908,2019-07-20,Forest
Lose right,6.229818,45.051777,76367,2026-01-21,Marine
Her nor,39.809889,-177.229408,75609,2023-08-04,Desert
Discuss four,49.399115,-112.133683,50942,2022-10-01,Marine
Arrive indicate,86.009089,-126.024927,47771,2021-03-06,Grassland
Section open,-22.730885,127.978094,67510,2025-05-05,Marine
Food stage,-9.386127,-82.347019,1934,2017-05-28,Urban
Cultural area,-37.518113,84.531377,40803,2019-01-22,Tundra
Fight perform,62.612131,60.3401,73579,2023-02-03,Grassland
Film significant,-8.635363,95.277074,46614,2024-10-01,Tundra
Others approach,20.37504,3.166007,55108,2022-10-02,Urban
Evidence choose,60.814536,-40.149219,63942,2020-10-01,Freshwater
Another surface,52.140961,-93.724186,45104,2021-04-02,Urban
Affect wait,-10.618757,114.654884,16417,2024-06-06,Urban
According tough,-68.603104,142.273428,63742,2019-01-13,Desert
Coach entire,-56.377044,22.734621,12886,2022-03-21,Marine
Program anyone,-73.615503,-112.719976,44729,2019-03-14,Tundra
Young stay,-15.460053,113.767166,81214,2020-05-19,Urban
Student page,-67.257024,159.324549,25141,2023-12-15,Desert
In in,86.416361,61.23953,56478,2017-12-26,Desert
Lot pass,-39.599017,-78.03315,4623,2020-01-15,Wetland
Across wide,19.390349,-23.264963,90809,2019-05-22,Forest
Maybe detail,75.289614,118.34173,60506,2024-04-14,Desert
Charge course,56.896996,85.208954,50779,2020-01-23,Desert
Pass stock,-7.06285,-52.871852,75134,2021-01-20,Grassland
Note ever,15.902995,-153.246901,35640,2020-04-10,Grassland
Back edge,-63.983139,141.635919,84568,2020-01-11,Tundra
Hotel candidate,71.328503,139.501702,62529,2023-11-11,Desert
Whom use,36.111571,75.211179,31638,2019-01-26,Freshwater
Just new,13.135759,-161.533304,12638,2021-05-14,Tundra
Whose our,-57.226048,-25.017184,83148,2016-08-18,Wetland
It including,-81.16174,89.043394,59675,2023-08-09,Desert
Claim sport,-11.97136,-136.123079,66822,2017-06-18,Desert
Player meeting,-22.68719,-119.337917,40854,2025-12-18,Freshwater
By account,-80.808105,-103.474249,30611,2018-09-30,Tundra
Technology although,-77.331746,139.193647,87194,2018-01-19,Urban
Without too,-58.602177,130.740682,77074,2022-01-12,Grassland
Officer situation,20.460413,162.51618,44864,2023-09-15,Grassland
That yourself,63.284293,114.978702,42301,2024-08-31,Desert
Set record,-4.886967,95.201068,3795,2020-06-06,Urban
Hope line,10.462358,71.671273,92618,2023-01-04,Grassland
Build huge,83.73249,-46.034159,46441,2020-06-16,Marine
Teach receive,18.168626,166.063486,71724,2024-02-14,Desert
Yes myself,36.578324,161.813229,4764,2022-09-14,Urban
Would professional,3.904141,0.048644,48442,2022-07-28,Wetland
Appear fast,-70.184279,-175.187563,6009,2022-01-07,Desert
Painting successful,-73.119864,-178.351959,35415,2019-03-07,Wetland
Entire teacher,35.253477,-68.396653,438,2025-03-22,Freshwater
Spend cut,69.212619,-95.682258,9686,2025-12-15,Forest
Across mind,-4.220231,37.846794,18820,2016-11-22,Marine
Stage fear,-63.841213,-80.936982,77667,2024-07-16,Desert
His six,-68.60077,120.854433,54253,2018-09-06,Freshwater
Face interview,-15.507529,-106.726214,47092,2023-01-09,Grassland
Near important,67.528538,-165.748694,20289,2019-03-22,Marine
Watch control,44.221308,145.828117,53744,2021-03-08,Forest
Society people,59.025593,108.043367,86367,2017-08-22,Wetland
Painting usually,24.445027,-152.337106,72423,2025-05-24,Marine
Nature avoid,38.094444,114.536663,97642,2024-12-21,Marine
Increase movement,26.100187,56.109524,38331,2021-08-15,Urban
Statement maintain,-72.418283,-30.68192,7187,2026-04-26,Urban
Certainly into,-89.912675,80.244214,49511,2024-04-04,Wetland
Remain positive,-66.490065,22.99508,26312,2024-10-31,Wetland
Subject for,39.160709,-137.209555,58336,2023-10-13,Urban
Attack road,-35.609289,45.945749,87133,2021-09-06,Wetland
How difficult,62.64035,-100.348938,2758,2025-08-29,Freshwater
Bring result,86.769934,-92.42716,58421,2024-01-21,Freshwater
Rate issue,2.138512,-110.397577,75307,2020-06-05,Urban
Determine oil,-45.88657,-150.234745,2768,2022-12-02,Grassland
Food include,-32.391413,120.292114,67573,2019-06-07,Desert
Citizen side,-10.51286,-76.685779,58780,2020-08-20,Freshwater
Lay our,-71.177636,-63.977871,48002,2016-10-18,Tundra
Modern successful,25.837053,165.809982,59919,2022-08-18,Wetland
Else consumer,-47.663903,76.103683,15020,2017-10-29,Wetland
Road item,40.272202,164.269146,70502,2024-09-07,Desert
With focus,-47.139921,-21.719502,78673,2020-03-27,Freshwater
Nature American,-68.758993,115.381379,67788,2021-02-01,Marine
Space interesting,85.423594,-16.616747,27768,2024-01-08,Wetland
When usually,-8.246674,-59.12742,89559,2018-03-13,Freshwater
Word garden,40.691596,81.810192,17239,2023-11-17,Desert
Hard rise,75.391499,-135.890362,67920,2018-02-21,Desert
Range character,-52.294821,-64.01758,4035,2023-09-15,Marine
Then interview,69.279823,-83.607374,4541,2017-01-13,Marine
Bit support,84.468138,78.148669,79031,2016-12-21,Tundra
Her institution,-40.54812,115.529288,88105,2018-09-03,Grassland
Financial you,-88.391426,-60.249784,50333,2021-04-15,Forest
However half,72.556458,127.586902,9432,2021-02-12,Desert
Explain event,-82.987503,-138.765531,5975,2018-04-05,Urban
Future current,63.006839,-171.853637,52796,2023-04-28,Desert
Better several,-64.403295,26.979265,68316,2022-02-15,Wetland
Name often,60.065149,4.043539,42032,2026-05-23,Forest
Three kid,41.796453,-54.208599,12774,2018-01-27,Freshwater
Rate record,0.243422,-117.198757,39450,2025-11-02,Freshwater
Rather it,-0.43876,149.207965,16530,2024-02-13,Grassland
Last become,-4.861416,20.839508,84931,2019-05-23,Marine
Son majority,12.792245,-1.57845,18492,2018-09-19,Urban
Laugh soon,-4.658021,-121.60962,58130,2024-05-26,Desert
Impact administration,-8.441516,35.158379,29855,2026-06-06,Forest
Stuff agreement,20.68934,31.636722,62612,2020-06-27,Forest
Seek father,40.15602,-168.722853,10685,2021-08-15,Desert
Bring painting,66.780583,-58.869658,28959,2016-12-29,Urban
Tax law,-42.489471,131.982397,84100,2024-03-24,Freshwater
Ten conference,27.539086,136.853619,65181,2024-12-28,Desert
Wait get,25.009273,143.293501,21365,2026-04-08,Marine
Local people,33.2446,167.946641,22587,2026-03-23,Tundra
Throw energy,-31.426458,148.100236,74112,2019-12-30,Tundra
Age fly,26.06991,167.857395,81894,2023-05-27,Marine
Rich sister,-87.496115,164.763632,53776,2024-05-02,Tundra
Agency finally,56.261173,138.359855,59044,2019-04-08,Wetland
Though administration,-16.836995,-130.210489,78754,2020-05-06,Forest
Like allow,47.039893,103.42052,85033,2016-11-22,Desert
Number determine,-33.665499,31.194479,40472,2018-03-14,Wetland
Force police,-64.787346,90.924562,82026,2022-02-22,Desert
Friend girl,-60.722025,67.261155,57071,2019-03-22,Tundra
Player order,-84.921595,-96.151376,59800,2026-04-26,Freshwater
Too consumer,-4.812989,-95.135448,57613,2025-05-08,Forest
Pressure direction,24.373225,-128.216591,27604,2018-01-22,Forest
Weight who,-79.648261,13.96191,74962,2026-04-16,Desert
Learn sign,42.040059,82.205002,3869,2024-11-21,Desert
Million gun,-64.330299,74.641588,23732,2024-08-11,Urban
Rather probably,19.888266,-22.885418,16527,2025-07-08,Wetland
Take see,-23.026972,28.269299,19468,2021-08-08,Freshwater
Consider television,67.017645,70.76595,82478,2024-09-21,Urban
Out theory,45.873667,-70.970554,28773,2017-11-01,Grassland
Become after,78.802211,-10.542797,6469,2023-04-15,Freshwater
Glass threat,-18.670719,-169.351709,57524,2021-06-30,Desert
Bar doctor,-86.908994,-136.935812,81072,2018-05-22,Wetland
Central finally,25.007869,-78.763512,47615,2024-06-10,Wetland
Next model,-72.642658,129.80252,69255,2017-01-15,Desert
Or minute,84.09569,96.441763,58526,2023-06-03,Wetland
Lawyer whether,-77.701122,20.41007,1563,2023-06-05,Marine
Every network,40.041808,120.208125,99391,2024-05-09,Forest
Admit clear,-37.718039,-160.448924,30031,2016-11-26,Tundra
Involve our,10.86438,96.386075,61283,2024-06-23,Grassland
Recent drug,-37.829554,-115.476588,67434,2019-06-15,Forest
Value hit,71.633604,-102.912468,70660,2020-07-08,Desert
Election teach,-70.096666,67.253811,85806,2020-06-14,Wetland
Too consider,23.542929,-72.823139,38470,2023-11-05,Desert
Fine magazine,-72.18304,-113.656727,90209,2020-04-25,Freshwater
Control without,48.943573,-32.429522,31530,2021-11-15,Freshwater
Work boy,15.667116,-38.010234,11348,2022-09-26,Marine
According include,83.53923,-22.119436,74408,2021-07-22,Grassland
A explain,65.24456,-65.943468,39332,2020-07-06,Marine
Reveal law,15.667511,-105.965338,3077,2023-12-15,Forest
Trial agent,60.477993,27.934961,39017,2017-06-25,Marine
Continue pay,7.242583,104.131175,12537,2024-12-08,Forest
Understand example,-77.085105,145.495932,97398,2019-11-26,Forest
Draw size,-28.875556,80.893305,49845,2020-11-15,Forest
For public,11.751625,90.75354,23043,2022-09-03,Forest
From help,58.354302,-156.422589,64472,2025-03-04,Forest
Receive car,1.212939,38.060991,80437,2026-02-06,Forest
Soldier finish,43.377952,103.659433,59310,2022-03-13,Tundra
Number door,38.363971,132.822165,21370,2022-11-24,Marine
Officer article,-89.674513,-153.43962,3111,2018-05-18,Forest
Size window,-12.522337,45.610582,41964,2018-06-02,Wetland
Power central,67.507272,8.42272,6902,2025-05-01,Grassland
Pm world,4.720703,-30.13036,67763,2025-10-28,Tundra
Nature meet,63.114773,-144.363083,73612,2018-03-31,Forest
Return fact,63.767064,-51.309504,95170,2025-08-04,Marine
Mother full,7.738337,-63.262801,71902,2019-11-17,Marine
Give focus,84.241812,48.116116,32019,2024-01-30,Tundra
Both treat,-59.453033,-154.616644,71470,2022-03-21,Grassland
Condition while,-44.40134,120.055044,27658,2017-03-14,Tundra
Specific position,43.506538,115.235402,52876,2022-03-24,Tundra
Across how,14.771094,38.737611,59817,2026-04-08,Marine
They pattern,74.115048,-101.969452,49469,2025-03-05,Wetland
Leg purpose,-70.080791,-177.150762,1793,2021-09-27,Desert
Between create,17.512902,-18.185893,42064,2017-01-04,Marine
Write under,-11.848475,-76.44118,72827,2017-04-13,Marine
Song situation,0.846636,156.724961,76072,2021-05-04,Freshwater
Small weight,-7.084572,53.420177,71240,2022-04-09,Marine
Generation special,67.520551,40.763512,30538,2020-10-14,Freshwater
Push skill,-11.272348,-53.960436,87527,2025-04-22,Grassland
No guess,73.677217,-127.953532,95407,2022-12-01,Grassland
History success,-76.248828,38.798574,36402,2025-07-19,Wetland
Tax attention,-1.7886,-162.82496,25776,2021-10-25,Forest
Claim leader,24.198105,-117.503381,93127,2024-12-23,Forest
Group group,1.732811,113.855645,38616,2019-10-04,Forest
Follow such,-77.259029,150.266883,90320,2017-09-13,Tundra
Music forget,9.330102,-179.759258,29560,2022-01-19,Forest
Short special,-31.572388,159.28777,56896,2018-08-31,Forest
Purpose prepare,-63.564705,149.244788,70460,2017-08-09,Urban
Side admit,-12.394752,70.348759,44995,2021-11-13,Freshwater
Each scientist,-69.71855,-58.987075,72584,2024-07-11,Urban
Treat financial,10.146194,141.141975,2267,2022-03-11,Marine
Evening generation,-8.024818,0.089048,30397,2020-12-15,Tundra
Long return,89.810226,-99.332078,89538,2022-06-10,Urban
Common become,77.188043,81.351226,91406,2020-01-27,Wetland
Appear fall,62.719016,-21.218554,70495,2017-04-26,Desert
Along according,-88.475366,-89.268712,75336,2022-06-30,Freshwater
Since give,0.640808,-140.30369,73311,2017-09-26,Urban
Its seat,21.622814,114.235532,34306,2022-11-16,Wetland
Career trade,37.763876,135.214702,37162,2023-06-29,Forest
Catch American,-24.98176,-30.735554,1255,2026-02-11,Marine
Line pressure,52.105513,145.090116,3847,2025-02-14,Wetland
Message baby,-41.36495,-38.553396,9609,2017-06-22,Forest
Whose what,-84.738594,8.501928,63199,2021-06-01,Freshwater
Herself heavy,38.149475,-22.701357,42637,2022-12-23,Freshwater
Rest whom,78.312477,-119.778106,85959,2024-10-18,Desert
Across blood,-65.094661,62.570279,72409,2024-04-06,Freshwater
Identify agree,59.539428,-53.177654,78022,2023-04-10,Marine
Money modern,-18.987701,79.405607,13128,2023-04-07,Desert
List imagine,11.811425,-131.093381,41209,2025-05-13,Marine
Ever major,69.101421,-49.36727,95030,2016-09-01,Urban
Teacher school,-66.852886,35.214102,76188,2023-10-25,Desert
Take rather,72.522315,-56.453493,31167,2022-12-20,Tundra
Live investment,26.867724,152.45743,63857,2021-05-07,Wetland
Make yet,25.987841,-109.854942,13050,2025-06-10,Tundra
Painting local,-41.634871,20.035342,78420,2024-08-29,Forest
We physical,-14.227758,76.668247,18755,2025-09-17,Marine
Fund partner,22.845848,16.040203,52698,2017-03-07,Tundra
Class him,-23.598312,-114.439436,57824,2025-02-26,Wetland
Right reveal,-34.504406,146.556448,67200,2021-08-29,Forest
Production save,-37.035821,-16.600117,11468,2019-04-11,Forest
Believe season,54.881266,-80.949563,53290,2024-12-12,Urban
Management get,57.410639,91.101033,18467,2017-05-23,Wetland
Toward hair,75.733892,169.310608,36821,2016-08-14,Grassland
Short price,83.101429,54.557909,42683,2022-01-31,Freshwater
Personal individual,-11.756777,30.503032,34694,2023-07-04,Grassland
Pm phone,86.584094,179.557161,77749,2018-11-04,Tundra
Wife collection,27.296778,44.564116,99897,2021-05-23,Urban
Same discuss,-78.682234,162.955866,99596,2025-08-20,Desert
Account across,-15.076701,123.256731,60081,2021-11-16,Tundra
Product financial,82.592829,-103.258381,20509,2025-03-04,Desert
Manager option,67.467017,-79.939382,47092,2023-01-12,Forest
Eight movie,35.180948,-118.070608,59220,2019-04-30,Marine
Answer listen,-30.564474,-96.416024,28433,2025-04-06,Forest
House bank,-35.689353,-111.007174,19152,2022-05-08,Forest
Compare foreign,-38.920069,28.495331,69361,2016-12-18,Marine
His mention,16.896961,-14.7885,54193,2020-02-01,Tundra
Defense clear,30.184089,-21.280619,15713,2022-07-18,Urban
Partner Mrs,-86.983085,110.609215,75367,2023-08-18,Marine
Car reality,-51.937449,121.855362,93330,2022-08-15,Urban
Tell successful,66.717366,-179.133103,46696,2025-08-23,Tundra
Decision only,-15.919955,-101.7585,36992,2018-10-06,Tundra
Leg law,83.09908,-67.348479,33659,2017-11-04,Wetland
Election if,48.660367,5.151777,95331,2018-07-16,Desert
People east,-81.968146,127.808854,15177,2024-08-16,Wetland
Maybe table,15.408807,-160.257845,82114,2021-09-19,Forest
Third data,-19.342884,-123.558856,65578,2018-04-24,Grassland
After place,34.770998,-105.970735,72131,2021-11-18,Grassland
Your turn,3.08854,-171.374547,33843,2017-07-02,Marine
Rise lot,52.378747,-96.605277,44305,2019-05-30,Urban
Away different,75.166612,-23.17449,19711,2018-12-28,Tundra
Pm describe,73.943488,6.843998,16162,2024-09-14,Marine
Could claim,3.073686,-32.343395,56360,2024-11-24,Wetland
Look man,-25.399221,173.799453,97928,2021-05-17,Grassland
Way trip,77.001692,-162.880018,23862,2024-04-02,Grassland
Yourself sister,-63.605206,146.629998,52170,2018-07-20,Tundra
Special because,-49.381384,138.425582,61520,2017-08-12,Freshwater
Themselves explain,12.560546,-146.297377,86842,2020-04-11,Urban
Defense almost,-56.250263,97.683279,23918,2025-06-21,Freshwater
Real little,-15.698804,-95.970081,56107,2018-06-15,Freshwater
Three remember,-47.247071,7.53651,32696,2016-07-28,Forest
Near letter,70.725607,-56.109368,2134,2021-02-12,Freshwater
Like south,12.9945,-169.769699,89026,2018-11-07,Marine
Much various,-24.47994,173.438597,26851,2022-07-01,Freshwater
Meeting yeah,-65.801499,-129.924687,47602,2022-11-18,Forest
Church receive,45.273088,120.296243,20573,2023-10-24,Grassland
Prove report,49.633559,-112.313754,75767,2020-08-26,Tundra
Night game,-63.589055,-96.09687,31078,2025-04-26,Marine
Stop thousand,53.925061,-109.695189,52037,2020-08-30,Forest
Test thousand,-52.354991,-17.842425,28950,2018-09-07,Desert
Spend ago,56.44429,55.08421,1413,2019-12-14,Urban
Alone big,-87.723291,-160.4597,42108,2019-03-03,Freshwater
Assume tend,-58.640458,-103.86163,35159,2023-06-21,Desert
Someone bill,-33.6369,-156.91138,61097,2018-10-07,Marine
Up state,-50.88556,62.979,78003,2024-01-21,Marine
Within matter,44.734654,-119.463488,23346,2026-03-31,Forest
Sing yes,5.582359,-109.760432,80642,2026-01-25,Wetland
All both,-33.211814,121.917973,84633,2025-03-14,Freshwater
Meeting them,49.457197,-36.262714,69481,2024-04-21,Tundra
On heart,39.237149,-164.643092,2617,2023-04-21,Grassland
Serious everything,-13.289538,82.711172,65524,2023-02-17,Desert
New follow,43.192627,-71.755054,48983,2016-11-02,Freshwater
None away,18.162237,171.970327,9769,2019-12-25,Tundra
Total threat,-41.571135,-43.775783,79090,2021-08-08,Urban
Pretty interest,-64.507464,-114.237353,68455,2021-03-25,Tundra
Allow fill,40.247188,-129.360267,50271,2017-10-18,Freshwater
International black,-43.94879,-73.990131,19985,2023-02-22,Forest
Even majority,52.712787,-61.432844,73491,2020-02-19,Freshwater
Force bank,75.143099,126.817204,17831,2020-03-26,Urban
Republican situation,45.390937,1.484787,24037,2020-06-28,Marine
Certainly cost,-6.6967,-55.354695,41677,2018-04-08,Marine
Material court,61.168513,140.101939,85870,2024-08-10,Forest
Throughout maintain,18.544069,125.38692,34574,2019-04-14,Tundra
Reason station,-29.418795,52.510275,85975,2022-07-11,Freshwater
Toward still,-0.028151,-132.541038,43079,2016-11-24,Forest
Treat join,45.239589,173.509168,57834,2023-02-25,Freshwater
Most artist,46.686098,13.573303,6856,2021-06-05,Desert
Dark include,-65.638966,-54.407378,86450,2025-08-09,Tundra
Century hotel,-50.44275,84.583529,97317,2020-09-17,Forest
Civil knowledge,-24.050913,159.044817,42564,2018-07-25,Wetland
Area owner,-87.897764,-106.255089,45555,2023-06-08,Desert
Job return,21.476539,-99.371179,97694,2021-03-10,Tundra
Without stand,-82.553948,60.468045,19094,2025-10-24,Freshwater
Where draw,58.65803,81.756575,21507,2018-07-09,Marine
Commercial training,-36.154659,57.860701,10190,2020-10-17,Desert
Fight lot,-30.079776,178.08005,4268,2016-12-27,Freshwater
Here box,-73.900898,-2.08327,83529,2026-02-11,Urban
Fight through,-31.979488,24.411882,28174,2018-06-04,Grassland
Position truth,78.19301,119.424699,12142,2025-08-30,Freshwater
There everything,-60.78165,118.681234,96058,2025-08-26,Freshwater
Resource blue,-1.169134,173.177336,48698,2020-06-19,Wetland
Important interview,-6.309616,162.387535,49005,2021-02-16,Urban
Half investment,-88.326595,138.146096,51554,2021-06-05,Marine
Wall two,5.80408,131.218124,8293,2017-03-29,Forest
Side recognize,-58.805343,17.099772,4310,2017-09-26,Desert
Child go,16.491115,157.288188,80562,2019-06-12,Forest
Main military,4.043201,-75.253719,7657,2017-03-24,Grassland
Scientist third,-60.760405,-6.470695,55809,2026-01-28,Desert
Now increase,-71.961691,169.206665,18906,2017-01-08,Wetland
Particularly degree,-53.875744,82.89471,26985,2017-12-01,Freshwater
Mention return,-75.537563,-28.888253,62003,2026-05-18,Marine
Save about,19.562411,-145.13753,33828,2022-07-18,Forest
Write coach,15.237493,-16.033836,40285,2017-01-28,Tundra
Several enough,69.047829,141.599012,51056,2021-06-17,Marine
Race quickly,-82.436392,-69.4586,42146,2023-05-10,Freshwater
Cup five,-29.093199,173.306794,79670,2026-07-08,Tundra
Often plant,-48.925403,165.301104,93935,2019-07-26,Wetland
Well economy,-46.564074,-135.976263,57896,2017-10-18,Forest
Cold church,5.792393,149.12858,40010,2018-11-26,Freshwater
Behind now,-13.086018,-77.79082,82346,2023-04-14,Desert
Dog natural,52.355856,167.106541,75303,2017-09-02,Marine
Discussion crime,-44.596125,19.385696,22149,2023-08-16,Forest
Life want,12.922569,96.89336,58008,2019-07-09,Grassland
Effect conference,73.897024,28.053208,60407,2019-09-02,Grassland
Clear return,-40.672566,-54.489094,44915,2020-07-02,Forest
Character truth,-4.587846,2.354001,59139,2018-04-24,Marine
Your dog,18.62375,-105.926582,49531,2017-07-31,Tundra
Cost century,-24.987076,-9.91756,72102,2019-02-03,Urban
Her draw,-88.02686,163.280164,28303,2016-08-21,Tundra
Finally capital,-88.22702,-12.506833,36930,2019-08-27,Forest
Not material,-21.809258,125.226576,72261,2025-04-15,Grassland
Draw respond,37.74776,-13.549864,57903,2021-04-08,Forest
Experience begin,45.619189,-150.4199,28313,2020-07-19,Freshwater
Significant agency,71.855374,53.220758,50650,2020-08-16,Urban
Deal rate,-0.601497,78.388547,33335,2017-05-29,Wetland
Staff when,-6.956653,56.564574,87282,2022-05-06,Freshwater
Per simple,73.09017,47.044827,5358,2018-10-19,Forest
Vote bed,28.47565,99.63947,9678,2018-01-19,Forest
Series this,-13.381524,92.672481,86914,2022-01-07,Wetland
Daughter loss,-51.325449,-111.789823,60752,2023-08-27,Desert
Friend discover,-70.686281,143.804366,79878,2019-08-04,Grassland
International amount,19.436802,140.852294,1130,2024-12-11,Forest
Man return,88.882711,-111.863566,26425,2016-11-21,Freshwater
Staff who,64.25671,-30.020818,17835,2024-04-26,Forest
Raise example,24.90708,25.49077,65220,2017-08-30,Marine
Experience only,68.844471,-156.871781,64936,2018-05-24,Grassland
Head agreement,6.559552,-131.686659,8974,2018-06-30,Wetland
Something analysis,-18.993622,35.542077,321,2022-12-02,Desert
Author pick,-23.203931,89.560718,96773,2026-07-09,Tundra
Decade high,-58.064091,91.672712,77993,2023-02-07,Forest
Today fast,11.455949,21.181772,57091,2025-02-28,Desert
No over,-2.485649,138.740001,98942,2017-04-21,Freshwater
Floor sit,8.235925,-149.929691,81990,2018-03-05,Grassland
Summer look,58.625234,-143.984198,76676,2021-08-25,Marine
Character special,-14.350283,-103.762266,93903,2024-03-22,Freshwater
Face lawyer,10.889887,-65.780612,72003,2025-06-28,Marine
Able add,-79.817764,155.684358,37878,2020-09-21,Grassland
Become wide,-36.758545,-15.467186,42517,2022-12-12,Urban
Event approach,-55.821339,84.300086,59983,2018-07-06,Desert
Add total,5.99275,161.776545,95161,2020-08-14,Tundra
Design decade,-34.637132,-150.008537,29261,2022-09-20,Forest
Quality international,27.391832,105.287957,53263,2019-10-17,Freshwater
Throughout believe,81.385316,-122.800445,76403,2022-10-26,Forest
Heart magazine,-6.870877,171.855141,74614,2016-10-10,Urban
Thank good,38.206892,12.885913,48415,2017-02-27,Tundra
Ask reason,-75.515092,-102.253332,91606,2017-03-12,Marine
Born ball,54.341875,-62.642757,4012,2018-07-29,Wetland
Different need,88.23867,-172.668231,9036,2016-10-10,Forest
Collection firm,28.190234,66.622864,57250,2021-07-24,Wetland
Although probably,80.324079,126.394588,54322,2024-10-25,Freshwater
Concern treatment,38.393414,-67.064096,15187,2016-08-14,Freshwater
Civil beautiful,24.374014,-84.976871,16289,2021-11-13,Desert
Especially technology,-60.214951,-114.842385,60398,2020-11-06,Marine
Ability great,65.899015,141.027079,71120,2018-10-16,Desert
American political,36.383543,20.658838,57519,2025-04-22,Tundra
Street nor,-45.428145,-28.803712,41042,2025-12-23,Grassland
Kid light,-73.38099,114.824234,24701,2024-01-13,Grassland
Win write,74.836827,-96.050921,65326,2019-06-17,Forest
Region campaign,13.397113,-8.797344,85888,2018-05-03,Desert
Reduce develop,-49.891239,132.496334,19658,2019-06-21,Grassland
Lawyer return,-24.688314,109.095165,30586,2024-07-21,Freshwater
Individual night,37.738452,57.816325,16969,2021-12-07,Forest
Seven year,23.653275,-15.092247,75330,2025-03-06,Urban
Put person,28.994374,-131.290266,73737,2021-07-30,Urban
Factor strong,-81.73229,131.261584,18166,2023-03-05,Marine
Court care,83.776282,140.7353,30202,2018-02-02,Wetland
Half work,-47.602071,159.662835,44163,2020-10-15,Desert
Require police,-76.269321,98.673233,51414,2018-07-22,Urban
Sit morning,-12.871205,-39.623875,5623,2026-03-31,Tundra
Only kind,29.979955,166.010847,62761,2020-10-09,Grassland
Image girl,-80.19767,-59.40497,12263,2024-07-17,Forest
Rather information,20.739691,-105.35648,79286,2020-03-20,Grassland
Story main,7.567921,-83.906317,23621,2026-04-06,Freshwater
Almost would,-59.581406,111.29725,95481,2019-02-16,Forest
Science tax,86.957443,171.464916,51673,2019-09-20,Forest
Seek her,-7.978535,-171.077181,97009,2022-07-10,Marine
First work,-75.109757,65.937427,27824,2020-04-18,Urban
Guess half,27.882289,168.619943,17368,2017-03-15,Desert
See soon,65.749793,-47.869658,29508,2017-02-08,Forest
Mention hot,38.377285,-3.357348,75210,2019-05-02,Marine
Ok themselves,89.272612,72.263775,76566,2018-02-21,Wetland
Edge we,1.889672,142.574581,66448,2023-01-05,Tundra
Plan project,46.959351,41.120919,87806,2019-01-24,Marine
Increase rich,-65.466509,-14.399916,38820,2025-01-09,Marine
Enough base,-89.124931,-152.177287,87090,2018-11-09,Urban
Happen drop,54.605337,-133.067346,95057,2025-11-13,Tundra
Light happy,49.752194,23.419256,23993,2023-06-19,Marine
Reach arm,53.064488,-78.145802,6895,2020-08-02,Forest
Hospital hour,-84.734906,70.617918,57310,2023-01-26,Freshwater
Necessary product,-31.434909,-147.608513,98782,2023-04-28,Grassland
Leader away,46.208707,-144.76048,91171,2024-02-29,Forest
Their people,59.680478,98.444421,85370,2025-07-07,Wetland
Bed cell,-25.337862,12.237803,97565,2022-01-19,Wetland
Price result,-1.556971,-169.489241,92358,2021-01-18,Forest
Son require,35.941715,-128.157748,70955,2026-06-11,Grassland
Center hit,-67.797104,-38.176797,61558,2019-06-25,Tundra
Many never,-45.318882,167.33239,98783,2017-02-16,Desert
Bad star,9.327599,-78.921338,91338,2025-10-23,Forest
Speech management,55.890046,22.81596,70975,2019-03-04,Urban
Success course,2.800916,-109.636444,94897,2019-04-05,Desert
Control deal,-13.809211,135.266363,94746,2021-01-25,Tundra
Everybody another,-80.30792,99.399376,8398,2024-02-13,Wetland
Finish center,18.375203,82.803256,17642,2021-10-18,Grassland
Body event,16.419256,-25.293911,44257,2018-06-01,Wetland
Land million,-11.814629,-136.29298,41827,2021-03-24,Forest
Claim wind,17.601117,-152.69803,53686,2023-12-16,Marine
Raise message,-56.077602,116.042726,26056,2022-01-16,Grassland
Open create,-26.579004,9.615456,87502,2025-05-17,Desert
School road,42.56413,-47.710602,40141,2018-01-04,Tundra
Look on,85.917731,111.201195,50806,2024-07-18,Grassland
Production arm,-2.84403,37.588838,4061,2019-09-30,Forest
Care plant,84.126247,-168.459598,97324,2020-04-12,Tundra
Study suddenly,85.069639,7.384859,77251,2025-03-12,Desert
Cold author,64.910866,151.225932,40803,2021-01-22,Wetland
Everyone anyone,31.251136,-152.260628,63395,2021-12-29,Urban
Later street,19.900929,47.853615,86590,2020-09-05,Tundra
South Republican,-23.501713,-89.41854,91245,2023-12-23,Grassland
Million boy,-63.426486,-27.920287,19564,2019-02-11,Tundra
Total lay,-44.231847,128.629624,44040,2023-09-25,Tundra
By subject,-24.22054,95.905232,65112,2023-03-30,Urban
Agency nation,-56.249581,-139.120678,68690,2018-01-23,Freshwater
Glass north,-9.409947,22.629777,13451,2016-08-12,Grassland
Operation contain,-46.681501,-71.248035,41809,2018-06-17,Marine
Next throw,-32.601259,-10.818171,43775,2021-02-11,Wetland
Television former,17.36025,-120.700489,97563,2025-02-07,Freshwater
Friend activity,24.814519,25.091435,2886,2017-01-21,Wetland
Thus floor,-7.175561,7.661722,24653,2021-04-28,Tundra
Few population,40.489965,-49.889475,82363,2021-04-08,Desert
Final policy,8.336754,-75.94635,24265,2017-07-13,Desert
Within since,-58.903531,174.566077,47510,2026-02-08,Forest
Treat company,20.729788,123.797398,57757,2021-11-08,Forest
Training remember,-31.973707,-15.501028,66925,2018-01-18,Desert
Art involve,36.89564,40.635446,56753,2020-06-04,Freshwater
Represent anything,61.449858,-84.442209,97040,2016-12-12,Wetland
Summer seem,69.059752,-80.159561,26856,2023-02-05,Wetland
Kind occur,61.408283,67.847874,14701,2016-10-04,Marine
All base,12.467105,118.011045,61568,2018-11-11,Wetland
Military really,-51.589448,-136.691814,27797,2017-09-18,Urban
Call movie,82.595179,4.273459,6506,2017-07-10,Grassland
Past education,33.978326,152.13652,30353,2020-09-21,Marine
Face down,-55.488091,-50.049867,72931,2021-05-14,Grassland
Remember nearly,-5.221351,121.68448,49290,2024-03-27,Freshwater
Maybe kind,-34.470839,-42.691744,5700,2019-10-13,Desert
Story defense,51.50572,38.805734,37933,2017-03-03,Desert
Environmental present,84.918416,117.070576,35545,2018-07-21,Forest
Main enjoy,48.131139,-86.201739,24617,2021-12-28,Urban
Worry office,-36.961573,-153.672814,81051,2019-04-17,Grassland
Cold camera,-16.084373,16.155216,92999,2018-02-11,Urban
War democratic,-19.3472,118.359577,14117,2018-06-27,Grassland
Author fly,-83.957866,-158.046701,1775,2022-04-19,Wetland
Ever court,56.638773,178.82758,16636,2020-01-27,Freshwater
Industry stuff,-7.663835,-36.882569,55200,2024-09-05,Marine
Commercial nearly,-62.39354,24.880206,95967,2020-10-30,Desert
Sea coach,19.539516,89.090819,5797,2019-11-05,Tundra
Beautiful less,-81.332196,113.490741,58110,2024-04-17,Marine
Town wide,63.519661,175.403936,71154,2023-01-11,Grassland
Fly news,16.373019,142.320383,42527,2026-07-18,Marine
Reflect leader,50.095625,66.437803,23066,2022-12-03,Freshwater
Check experience,5.058519,34.591495,11096,2025-12-19,Marine
Their bar,83.158238,46.802194,78217,2018-05-19,Forest
Coach design,-34.014701,-148.264178,20363,2017-08-06,Freshwater
Me toward,-54.048341,-113.51568,34800,2024-10-01,Desert
Energy other,74.684235,-162.981481,53740,2025-05-07,Tundra
Wear bring,-59.306617,-85.477061,33181,2022-05-19,Tundra
Space or,-69.303876,28.027797,22433,2021-12-14,Freshwater
Magazine your,-80.268819,11.918203,11983,2023-09-30,Desert
Dinner fly,-47.609142,15.146922,4541,2025-08-18,Tundra
Dark exist,53.969922,-76.007707,66472,2017-08-12,Forest
Pm economic,-48.245328,-4.086029,62816,2018-12-23,Marine
Anything vote,-69.545262,-24.694539,4621,2019-02-07,Grassland
Degree idea,-34.573169,118.078987,40902,2019-02-07,Wetland
She strong,52.242822,-110.438017,13419,2024-02-21,Grassland
Quality change,-6.077665,-154.281121,76945,2020-09-27,Marine
Forget wish,22.324498,-154.493621,39444,2021-04-04,Forest
Popular which,12.434548,29.90421,39646,2017-11-19,Marine
Hope street,22.227983,121.059847,95592,2017-09-22,Tundra
Sometimes car,87.98099,-166.364498,33343,2022-08-09,Forest
Thank including,-62.225405,121.663016,52668,2016-09-24,Urban
Watch couple,-39.354469,-89.062615,23903,2022-11-09,Grassland
Each table,-23.50282,179.076984,6443,2019-12-04,Desert
Usually interest,-82.33523,73.286382,89857,2018-01-13,Wetland
Course significant,-64.781876,7.858336,8043,2020-08-06,Marine
With design,71.332189,-36.112805,31371,2021-06-30,Urban
Center manage,70.527764,49.319605,1058,2021-06-17,Grassland
Condition pretty,0.888004,57.232869,18670,2022-05-08,Forest
Until seat,63.87233,-129.078175,42118,2021-12-05,Freshwater
Force either,-48.354067,82.406731,68743,2018-11-14,Urban
See character,51.799445,-79.133824,6645,2017-12-04,Wetland
Safe school,39.822669,94.90483,65034,2025-09-22,Freshwater
Gas win,23.609632,-66.304809,3481,2021-09-29,Desert
Enter house,-20.163764,137.070549,18053,2022-01-28,Urban
Rich hope,-0.334164,-65.514479,51633,2020-04-25,Freshwater
Force will,63.481698,-93.677839,15575,2022-12-16,Freshwater
Fight similar,13.22126,64.14768,90691,2022-01-24,Forest
Artist half,43.490613,-102.640064,48247,2025-04-23,Wetland
Never maintain,85.139014,-58.780433,93814,2023-11-18,Wetland
Than trade,36.296574,152.450307,15400,2018-02-02,Forest
May station,39.853531,98.160113,46424,2017-05-15,Grassland
Though itself,-70.969558,141.095995,8806,2016-09-13,Wetland
Support resource,18.511473,75.063321,31538,2024-06-21,Freshwater
Consider close,13.769122,154.600141,31046,2020-10-08,Tundra
Occur gun,-43.898781,-100.511031,56810,2021-04-13,Urban
Court small,62.831759,-157.423127,82367,2020-07-01,Marine
Goal face,3.375555,45.366202,94941,2024-07-12,Marine
Decade still,-68.133811,-165.246391,19685,2022-03-04,Grassland
Eat keep,87.687134,143.710509,59557,2017-02-17,Desert
It always,-5.690031,-121.613301,69875,2019-06-24,Desert
Western investment,-5.102237,-85.635517,13353,2024-12-06,Forest
Until hope,-71.409904,-62.662331,11257,2022-03-18,Desert
Response side,-25.038393,-80.164288,92882,2025-04-14,Urban
Rule quality,78.271981,145.033378,11245,2017-06-06,Grassland
Model itself,68.994294,84.624408,82369,2019-12-12,Marine
Fact because,-46.415573,127.826426,60498,2023-07-22,Desert
Maybe ever,0.914432,92.855242,14657,2016-08-27,Urban
Lawyer floor,76.965991,-51.671251,73168,2025-09-22,Marine
Raise you,68.84946,168.965656,4923,2025-09-16,Marine
Life near,47.676058,141.843051,96464,2017-12-10,Tundra
Newspaper debate,4.100632,-41.816577,9846,2025-05-11,Marine
Agency spring,-24.800982,-102.140091,89984,2019-09-15,Wetland
Successful cause,-1.702178,-24.188278,94630,2024-08-28,Urban
Law early,66.00601,159.856239,42411,2025-11-10,Grassland
Modern age,11.721103,-19.439531,80982,2026-03-03,Marine
Happen news,-53.980589,-0.124374,29232,2017-07-14,Tundra
Fear rather,-69.629884,-149.468818,74380,2025-04-11,Marine
Situation board,16.432045,176.859502,15931,2025-07-23,Marine
Manage ground,-14.302979,-118.727562,65181,2018-06-28,Marine
Increase record,7.589119,64.674137,49554,2021-03-23,Grassland
However around,70.221422,-146.360057,16909,2019-01-26,Freshwater
Start project,4.715457,-105.05943,37229,2017-08-29,Tundra
School card,79.797238,17.831871,53333,2023-09-24,Forest
Now without,18.4491,142.020927,34427,2021-06-16,Marine
Writer good,-83.953816,43.851672,67326,2018-07-11,Tundra
The knowledge,-48.56347,-89.94469,41562,2021-10-30,Urban
Accept end,-9.989191,-126.140368,77731,2018-05-17,Freshwater
Set all,-12.533428,-68.415705,62589,2019-08-23,Marine
Security nearly,-28.705187,62.68043,91191,2019-06-30,Forest
Voice rich,-32.655315,-83.682025,19347,2025-01-30,Forest
Dinner expert,41.363331,-27.095614,52563,2022-05-04,Grassland
He hundred,-86.025348,-121.431501,53734,2024-11-24,Urban
His begin,-17.678164,-162.154915,68911,2025-04-23,Forest
Exactly him,82.635663,-53.425884,58199,2025-01-13,Marine
Book everybody,68.824218,-148.746236,34563,2020-09-03,Freshwater
Leave face,42.990888,59.79093,20607,2025-01-07,Desert
Certain speak,-64.774219,-100.639265,3764,2025-06-30,Grassland
Per spring,-89.900271,-21.023994,94131,2018-05-06,Grassland
Weight play,35.037392,-132.308109,23121,2022-08-21,Desert
Learn seek,-38.812457,104.70956,67421,2025-03-03,Forest
Minute mean,66.977803,143.535277,20565,2025-12-09,Tundra
Away continue,53.700451,-57.72877,97951,2020-01-22,Grassland
Issue open,34.468397,-61.407168,8091,2019-11-16,Urban
At material,-66.712453,133.140545,1572,2023-04-09,Grassland
Worker body,-29.978025,-78.787237,22049,2020-05-23,Wetland
Past ground,-68.174249,-119.423315,22161,2024-09-28,Tundra
Rest who,10.147893,48.457987,33926,2023-05-16,Grassland
Amount section,15.421302,-132.86292,48944,2021-12-25,Grassland
Film agent,69.967335,-45.437937,85797,2024-09-07,Desert
Cold political,14.40096,-16.582641,72266,2017-07-07,Marine
Central suggest,-73.065297,45.15234,77969,2017-06-27,Marine
Feel own,15.90562,120.612026,62222,2018-10-01,Marine
Safe citizen,-30.261218,33.153311,41111,2020-12-25,Tundra
Work role,-75.731124,-29.231908,97165,2022-05-23,Urban
Together front,33.428008,142.768712,82707,2024-05-11,Marine
Bit up,-49.287795,-66.349074,2403,2020-02-18,Tundra
But late,-67.34397,-46.582025,86191,2025-05-20,Urban
Miss message,-9.718903,-63.997941,41872,2024-12-04,Urban
Either item,-24.44836,-82.593981,9804,2025-05-20,Marine
Program seem,-31.145037,-21.84745,68428,2017-08-22,Tundra
Picture necessary,63.532741,-102.022653,14442,2018-01-24,Tundra
House east,-42.340644,9.642326,30338,2021-03-21,Marine
Ahead across,-38.40643,-0.829695,34006,2021-07-22,Forest
Store morning,-56.986858,72.223051,56056,2025-11-13,Grassland
Itself decide,-74.247582,167.299518,46870,2017-10-21,Wetland
Organization save,-89.745595,18.003679,52926,2024-11-18,Tundra
Popular herself,28.579059,39.84241,19387,2026-04-25,Wetland
Environment he,1.492003,34.592629,63119,2025-10-20,Marine
Form become,-89.775227,160.061111,69319,2024-02-03,Grassland
Cup quite,-35.432989,171.878227,52692,2020-07-07,Marine
Factor page,20.788451,176.089792,73445,2025-12-19,Grassland
Practice picture,-36.329377,150.095229,41398,2024-09-15,Forest
Manage marriage,13.876695,-97.481477,85145,2021-04-21,Wetland
Stock factor,-74.802859,-146.654935,87831,2020-01-31,Tundra
Focus safe,-43.114863,41.520559,69200,2023-02-24,Marine
Degree just,69.40596,-103.002513,96983,2022-11-22,Wetland
Analysis piece,17.854022,125.492335,96544,2017-12-06,Forest
Our walk,25.197639,-179.079458,68028,2025-05-09,Forest
Practice western,-70.769259,53.990475,85111,2024-09-17,Tundra
Alone responsibility,-38.305231,-25.36451,38336,2025-10-04,Grassland
Morning agent,42.872988,176.829411,63269,2021-10-07,Freshwater
Resource star,12.092239,-64.525413,83818,2023-12-26,Tundra
Significant cover,78.283208,8.867362,86022,2022-03-08,Tundra
Together beautiful,-44.619329,142.659615,84320,2019-02-10,Desert
Agent look,38.77114,174.779736,75356,2020-03-14,Desert
Hope my,83.476842,-59.038087,53183,2018-04-04,Desert
Statement site,-68.010268,101.778532,99915,2022-07-23,Freshwater
Country hour,23.74037,143.576016,21223,2023-09-21,Freshwater
Work despite,44.060495,-150.788116,43815,2021-07-18,Freshwater
Pay bed,73.667347,-56.589658,37202,2017-07-29,Desert
Seek science,57.327345,145.282557,56120,2023-03-28,Desert
Response read,-12.834071,-68.577332,60733,2020-12-20,Freshwater
From turn,1.777229,58.291512,71342,2021-04-11,Wetland
Be hour,67.366067,-40.818304,69510,2025-08-09,Forest
Example Democrat,59.797193,-33.742781,60847,2017-03-13,Forest
Their American,72.380603,-126.01254,25268,2024-02-17,Desert
Offer allow,14.38621,-98.121394,71875,2022-02-14,Freshwater
Leader American,51.335825,50.375732,79254,2017-10-13,Marine
Including include,6.003878,3.873765,84153,2024-10-08,Tundra
Hotel game,53.627948,57.530607,57077,2016-11-04,Tundra
Per wonder,-34.2787,-130.955861,76615,2016-09-21,Desert
Huge table,-35.119027,-120.152763,76483,2019-11-10,Urban
Cut along,61.468798,170.478154,39921,2018-12-28,Freshwater
Happy lawyer,27.992556,50.540915,23378,2023-10-13,Urban
Contain great,-40.133595,84.005755,41805,2024-02-23,Freshwater
Build toward,-84.682375,70.084986,67506,2024-10-01,Marine
None language,-80.647284,159.061706,28974,2017-03-24,Urban
Issue about,18.215943,-122.383289,70461,2020-10-23,Desert
International hope,74.955013,-108.944314,22045,2022-03-24,Tundra
Model spring,-27.068646,53.160643,97283,2021-01-13,Forest
Run same,7.084685,90.275988,64796,2019-01-12,Tundra
Theory energy,83.51042,130.421125,31660,2018-06-20,Freshwater
Thousand field,6.736258,-120.067024,23411,2017-09-10,Wetland
That share,38.503998,-119.525768,89278,2017-11-30,Forest
Decision only,-30.8033,72.997269,17712,2021-12-30,Grassland
Strong get,61.376712,97.37647,95769,2017-06-17,Wetland
New discover,-51.973025,-126.883559,99846,2021-07-22,Marine
Have vote,-18.191232,102.4338,81070,2024-07-23,Urban
Defense southern,62.320012,179.583006,60852,2024-09-22,Grassland
Response born,-4.332547,-17.614041,64960,2022-07-21,Freshwater
Despite clearly,43.623682,95.718306,51962,2017-06-19,Tundra
School reflect,-37.530999,-90.553432,94764,2020-01-31,Grassland
Concern how,-31.404803,94.192513,79055,2022-02-09,Desert
Turn change,-82.830709,30.801705,598,2025-06-28,Tundra
Brother serious,65.27968,89.507681,3205,2017-09-26,Desert
Skill reflect,-32.218894,-62.787032,86481,2020-08-29,Tundra
Conference itself,49.644691,105.266575,92410,2025-06-23,Grassland
Science suggest,89.524839,-134.228534,57157,2022-11-14,Desert
Vote answer,-4.343813,-150.180001,604,2024-06-11,Marine
Form hot,81.762978,-77.371433,22723,2025-09-26,Marine
Good main,-21.327206,-21.987875,47810,2025-12-24,Desert
Despite job,-6.029986,24.580613,45131,2020-06-06,Desert
Off enough,1.110605,-15.786345,9983,2017-04-23,Forest
Thing give,-68.402036,-74.402992,37351,2025-09-23,Forest
Him Congress,39.900373,-165.922499,37167,2025-01-05,Tundra
Case here,73.306727,-159.447238,214,2023-08-14,Forest
Bill including,13.039538,71.635003,58332,2022-03-13,Marine
Civil because,5.774093,-58.29791,18738,2026-01-03,Freshwater
Research sure,44.500824,7.731361,55174,2017-10-23,Forest
Production camera,-23.110278,-147.823707,25364,2024-06-23,Freshwater
Exist manage,-61.86497,-71.853079,24569,2025-10-12,Freshwater
Discuss plant,52.813831,-153.873506,48527,2021-04-18,Grassland
Left different,57.125779,78.735895,76787,2020-03-09,Tundra
Staff activity,-22.399181,37.294662,15684,2023-11-24,Tundra
Present possible,41.029306,24.474482,84016,2024-07-26,Forest
Yourself many,59.346609,82.040248,89697,2020-11-02,Grassland
Tv where,76.269186,43.840438,81212,2022-09-02,Wetland
Consider present,56.4943,37.570406,73881,2018-09-07,Urban
Type just,-35.045686,89.059477,44959,2017-03-04,Grassland
After sea,36.71456,4.772097,7054,2021-10-26,Forest
Agreement require,-5.737704,154.666308,34248,2019-08-25,Forest
Bill southern,72.300499,-59.284929,69183,2024-03-20,Wetland
Again chair,29.799716,57.352025,22939,2021-06-02,Desert
Go least,-46.147244,-172.072468,82484,2024-06-08,Grassland
Soon arm,-26.468407,-35.106507,40232,2018-07-12,Marine
Difference item,-35.047809,-99.566806,30792,2021-01-12,Forest
Never over,-25.947935,27.293111,94694,2019-08-30,Forest
Join although,-84.823914,-95.829368,53220,2018-06-04,Grassland
Character much,1.587694,71.180661,23464,2023-07-05,Marine
Public environmental,89.119636,-46.883358,52138,2025-09-30,Wetland
Theory understand,-53.236955,118.997743,60242,2021-05-22,Grassland
Show to,-89.125003,-122.770138,26313,2020-08-29,Urban
Benefit reason,-42.905072,139.68847,29042,2016-10-16,Freshwater
Modern write,-81.066842,94.60605,15889,2025-11-12,Forest
Rock market,1.409655,152.95284,67763,2017-09-19,Grassland
Rock become,56.539094,142.327269,77710,2019-10-30,Marine
Participant establish,26.936012,55.231954,50397,2016-09-16,Grassland
Star machine,-13.755189,-71.69933,99820,2024-06-09,Marine
Apply minute,-7.141834,143.050431,29593,2026-04-02,Forest
Whether down,-32.359388,-116.700864,68439,2024-09-14,Grassland
Institution else,7.77897,-120.965812,13113,2018-10-03,Grassland
Resource four,79.037093,-120.193066,81305,2021-02-22,Freshwater
Guy fine,56.178804,-44.865226,19792,2020-03-12,Tundra
Business reality,-47.644697,-30.655796,55973,2021-05-19,Desert
Sort bit,70.151291,177.505634,89955,2019-11-19,Desert
Try long,-23.48135,-29.717992,5214,2017-09-29,Desert
Now today,-15.669283,-4.89638,47613,2021-07-18,Marine
Measure radio,21.795265,-158.839229,26050,2021-07-30,Urban
Middle vote,48.10996,74.782186,80456,2026-07-03,Wetland
On back,2.491512,-171.99494,93281,2019-11-08,Tundra
Other law,88.781123,-156.254298,98815,2020-01-19,Forest
Hard edge,23.301989,39.604959,61859,2019-12-25,Freshwater
Raise wind,29.420112,-97.539995,16752,2016-08-31,Marine
Class simply,35.640171,120.512748,39887,2025-09-03,Marine
Perhaps outside,13.795712,155.626519,76638,2023-06-08,Urban
Lot maintain,64.07172,-167.52588,96366,2026-07-14,Freshwater
Music course,-56.363807,117.436236,59371,2025-02-28,Urban
Character discuss,8.629396,-2.838922,32326,2018-12-20,Grassland
Decade into,3.839825,157.711491,98034,2017-01-11,Wetland
Its wonder,80.855142,-8.500666,39560,2021-09-16,Marine
Find hair,11.067666,-179.746951,9772,2018-05-13,Desert
Contain performance,-58.574727,94.674935,23052,2024-11-12,Forest
Improve edge,30.839518,-5.909658,62989,2023-03-15,Grassland
Space field,-79.569047,-119.637894,27819,2018-03-11,Tundra
Soon wall,-84.115233,68.771531,8670,2019-02-09,Forest
Claim red,12.286913,-24.65782,40918,2022-11-02,Tundra
Identify name,82.899625,52.679771,37368,2023-04-30,Wetland
Material audience,-56.137322,34.663253,71166,2022-08-06,Forest
National science,22.717883,69.946304,79740,2026-01-26,Wetland
Number enter,68.901692,-178.693684,3924,2026-07-08,Tundra
Address remember,12.864251,-15.022239,27370,2020-04-23,Forest
Clear hair,5.89932,-94.435998,74071,2026-06-03,Freshwater
Glass dark,-74.81539,58.711201,97655,2019-08-30,Freshwater
Machine street,62.589536,142.440006,75504,2024-04-16,Urban
Sport usually,-33.661897,-157.73626,60305,2018-08-10,Urban
Machine traditional,81.271822,1.735423,14043,2018-10-04,Grassland
Turn school,17.243257,-64.347395,91870,2025-08-18,Urban
Card share,73.608552,179.760462,71885,2024-08-24,Freshwater
Seem reality,69.783555,-7.165751,34071,2020-05-23,Marine
Skin buy,52.089823,-108.80691,5360,2021-11-06,Marine
Provide its,64.895585,-179.09433,98291,2023-11-09,Desert
Note coach,-40.942243,-153.560152,15020,2017-12-31,Wetland
Test north,-43.329064,-121.817892,5526,2021-08-11,Grassland
Give war,-33.146874,-2.178526,627,2018-08-27,Forest
Power theory,42.124903,111.356657,77412,2023-10-20,Tundra
Western once,51.36111,-159.074718,28645,2022-11-20,Forest
Between return,-25.881776,26.202845,38187,2026-06-03,Forest
Skill nice,-31.597877,99.888257,88957,2021-06-26,Freshwater
System car,-77.077192,128.07629,22491,2026-03-15,Grassland
Region authority,-74.058262,0.571804,38431,2022-08-14,Freshwater
Improve yeah,69.644841,-175.955414,62189,2020-08-19,Freshwater
Model smile,78.63532,-64.424472,58237,2017-10-10,Desert
Red something,-27.342362,-55.299251,47729,2020-08-13,Wetland
Best question,84.160721,43.549655,15716,2019-12-02,Grassland
South strategy,15.094385,87.587581,77143,2025-03-03,Desert
Cover style,78.412757,99.443355,23093,2021-08-28,Desert
Main back,-81.399721,-87.043706,89879,2025-09-03,Forest
Including marriage,-55.438126,-170.265963,66452,2023-01-22,Urban
Congress exactly,-43.304488,57.054587,84515,2021-08-07,Forest
Total impact,-14.565555,-145.587285,28956,2018-12-03,Urban
Bring huge,38.821616,138.924884,42621,2022-03-04,Tundra
Finally drug,34.412074,-178.532132,44289,2018-04-23,Tundra
Scientist fall,-18.363384,-93.805452,93976,2020-07-15,Forest
Probably happy,-27.313631,105.202377,79762,2020-05-07,Marine
White Republican,-84.83249,111.540132,54345,2018-06-26,Wetland
State chance,40.664589,-64.586253,18005,2019-12-19,Wetland
Ok as,28.772249,149.728573,362,2022-03-16,Forest
Believe defense,37.311096,43.610097,35233,2019-10-17,Urban
Coach life,82.151234,-132.26368,92299,2021-07-26,Forest
Drive soldier,-78.553444,39.119409,74242,2025-05-29,Marine
Eight continue,-67.691555,-118.998793,67256,2018-01-24,Urban
Us role,74.918462,131.509545,33906,2020-01-31,Tundra
Class parent,52.536323,14.704866,36715,2020-03-19,Desert
Health if,74.035267,129.604883,94480,2018-01-17,Grassland
President story,78.319122,89.510644,41183,2022-04-16,Tundra
Sell almost,58.900362,167.440305,75791,2026-03-19,Urban
Order the,55.54156,-119.095045,17051,2026-03-14,Grassland
Drug himself,19.417262,163.385148,23950,2017-01-08,Wetland
Cold can,-13.317064,-143.0064,93808,2017-07-17,Forest
Quickly left,84.14219,163.35027,31809,2024-05-07,Marine
Edge want,-33.961124,158.937703,68486,2020-05-30,Forest
Space stop,-88.317544,21.659045,17393,2024-12-04,Forest
Figure manager,55.352411,118.928304,60875,2024-12-26,Desert
Try available,-77.62314,-90.905424,40650,2022-05-03,Desert
Best time,-76.658433,-147.957857,20136,2020-10-31,Marine
Sea share,76.97613,67.116278,59199,2023-11-14,Forest
Myself skin,-30.692589,-136.19332,46533,2023-09-24,Urban
Fly find,-11.901316,29.309998,31708,2022-11-28,Forest
Much meet,60.589189,-80.301118,25923,2019-10-25,Desert
Though successful,-83.731454,51.173456,15777,2025-08-22,Desert
Memory find,9.617256,134.891982,53733,2025-06-28,Desert
Spring game,-89.234416,-78.524585,43540,2026-04-10,Wetland
Each tend,54.83982,64.268414,31647,2019-11-14,Marine
Remember commercial,21.775545,141.306069,27498,2024-03-25,Wetland
Drug operation,-21.566164,-22.603001,78369,2021-04-26,Wetland
Learn better,-83.339097,-88.381684,13180,2023-03-01,Forest
Training call,34.278633,-64.529389,29781,2024-05-20,Urban
Environment standard,-56.662634,-108.861708,14567,2017-06-08,Desert
Happen third,27.179742,-168.787162,27035,2020-04-22,Marine
Wide example,51.366627,68.085557,70318,2019-01-01,Freshwater
Wind her,85.733943,5.49301,53090,2016-12-10,Wetland
Article special,24.419683,131.784972,84765,2018-06-06,Freshwater
Office throughout,-86.47676,-29.443757,16950,2016-12-05,Grassland
Amount approach,-19.207015,-80.350704,63669,2020-10-20,Grassland
Former class,-89.212291,-91.120437,79462,2022-12-02,Grassland
Serious away,2.915206,118.931407,23399,2019-09-11,Forest
New official,2.975631,-92.864977,70097,2022-11-16,Forest
Give write,-79.553707,171.037587,69670,2020-12-14,Tundra
Late card,-73.538435,-90.548708,92338,2019-07-25,Tundra
Pm writer,-87.214403,100.953903,74001,2020-11-11,Marine
Deep yet,0.490358,143.036654,6433,2020-04-30,Tundra
Recent writer,33.678539,-72.065189,71174,2025-10-06,Forest
None benefit,73.219561,-158.05326,82312,2025-08-05,Marine
They police,-27.402205,-73.48294,48739,2024-08-14,Desert
Low rate,70.269789,161.404509,7753,2025-11-16,Forest
Respond cell,3.342609,-156.130587,3876,2017-08-17,Urban
Case capital,83.97975,29.96087,55831,2018-04-13,Marine
With size,-15.553534,-133.382814,69695,2021-05-23,Forest
Significant prevent,47.386083,157.5328,77676,2023-12-04,Wetland
Animal fund,-70.576483,-96.1962,35088,2023-04-03,Desert
Table ground,-8.500804,-166.47955,31453,2024-03-12,Forest
Wear artist,6.606754,114.15142,31083,2022-01-27,Wetland
Pm yes,-56.260961,107.508641,63,2023-10-09,Tundra
Plant increase,-19.642854,-124.194852,18564,2025-05-01,Tundra
Remember develop,1.282376,29.451556,45079,2025-02-23,Forest
Sport home,-5.098641,-77.292569,1303,2023-05-01,Grassland
Value usually,17.678237,28.745168,34934,2020-04-15,Tundra
Deal appear,-73.833058,60.686833,30922,2020-03-18,Desert
Option after,11.102104,-52.726864,75052,2024-10-03,Urban
Series their,-17.177554,-106.070081,44448,2020-10-08,Urban
Throw ok,-24.025632,-161.477849,67789,2024-11-23,Forest
Republican leg,68.433312,147.335669,76878,2021-09-01,Desert
Miss still,-75.314802,156.286799,88808,2024-11-29,Urban
Else best,52.740861,-115.447031,56405,2024-09-13,Desert
Around laugh,-28.339896,154.121372,76670,2023-04-27,Urban
Southern apply,-74.744135,169.868045,38253,2018-07-19,Marine
Beat treatment,32.680711,-138.020273,4994,2025-07-09,Desert
Here remain,64.595105,-3.485765,61567,2019-02-19,Tundra
Mean claim,80.447477,-128.047574,51443,2016-07-28,Grassland
Small operation,-62.505075,-159.2491,82851,2019-08-23,Marine
Quite member,-47.792097,-159.903394,40500,2017-09-11,Marine
Administration respond,25.947917,144.041872,16307,2024-02-11,Urban
Maintain hair,-38.465131,139.765464,60640,2021-09-18,Wetland
But table,74.458098,-23.506723,64073,2025-07-23,Wetland
Daughter simple,10.727883,80.996785,98667,2021-08-23,Marine
Game town,-7.5089,-153.432386,84638,2022-01-28,Wetland
Executive hit,75.643224,169.674284,43233,2025-01-28,Wetland
Return significant,-33.757876,-106.241137,89070,2020-06-07,Tundra
Provide music,14.532847,98.762308,33822,2022-04-12,Desert
Assume administration,44.69262,28.478951,24611,2020-11-20,Desert
Little contain,89.516709,18.367838,99267,2024-05-16,Desert
Compare discuss,55.403014,159.21264,45154,2018-06-20,Grassland
Yard first,73.939241,-97.579955,85663,2016-07-22,Urban
Wide themselves,73.541296,88.889091,6241,2023-05-29,Wetland
Black ten,60.359138,-111.594593,13305,2024-12-20,Wetland
Partner bit,30.145732,51.164739,2522,2021-02-25,Grassland
Certain game,48.69476,-93.322496,23332,2020-05-23,Urban
Anyone return,-69.431654,-97.208192,56093,2017-08-01,Marine
Cell expect,19.171101,-35.9789,69207,2024-12-25,Urban
Throughout individual,-27.165386,-116.780224,8265,2019-09-05,Desert
Daughter professor,28.075343,172.824719,9671,2022-03-22,Wetland
Mean sign,-27.32986,71.910421,26084,2024-12-18,Wetland
Light station,-31.840876,-179.095543,26828,2020-12-12,Tundra
Matter central,20.875023,-135.432074,25795,2017-11-30,Tundra
Congress will,23.871589,-84.874898,54763,2023-06-03,Grassland
Organization skill,-64.906721,-51.239126,73369,2023-03-14,Wetland
Miss sure,-39.950023,134.766777,50442,2021-06-19,Marine
Not however,-78.844211,-79.466167,59278,2019-04-13,Marine
Much method,-24.690935,-97.008587,46566,2026-03-15,Tundra
True myself,-8.752027,108.841109,14014,2017-07-05,Urban
Simple onto,-77.43301,82.878646,95779,2025-07-20,Tundra
Mouth little,16.737701,1.821176,21992,2025-01-31,Urban
By card,20.259429,-25.649732,55487,2018-06-03,Grassland
War so,-3.008141,-63.999132,63689,2023-08-22,Urban
Politics country,12.6909,-133.62564,28849,2022-07-25,Freshwater
Student past,85.318705,117.237236,28138,2020-04-29,Wetland
Art hour,-86.412411,58.038755,98622,2017-07-10,Freshwater
Specific southern,24.306686,56.981968,91051,2016-10-30,Grassland
Water believe,-87.462406,-144.604228,37656,2019-10-18,Wetland
Prove between,52.018709,-159.872078,1223,2019-11-06,Forest
Important once,84.083728,45.514754,23393,2018-11-20,Forest
Social some,-60.376169,-124.910192,374,2026-02-27,Grassland
Fire right,88.348178,117.832902,21888,2018-08-28,Grassland
Popular provide,-5.632477,45.075759,84528,2017-10-24,Urban
Police ten,72.360024,-157.466629,6641,2025-07-26,Wetland
Pressure low,-77.053766,14.491978,6908,2016-10-24,Tundra
Life generation,42.8995,109.414692,93997,2023-01-21,Tundra
Your figure,77.437529,25.945734,26545,2022-01-01,Urban
More front,39.066917,1.604461,6367,2025-11-01,Tundra
Soldier result,-41.462982,64.42607,72755,2021-06-08,Desert
Buy west,39.870645,-142.029962,33462,2021-06-03,Freshwater
Foreign event,17.765886,52.791747,59961,2016-11-25,Urban
Another true,-46.424981,39.440956,94755,2025-03-10,Wetland
Machine reason,5.023196,50.246064,54235,2021-10-21,Tundra
Tv officer,-47.101505,82.770926,76205,2023-04-12,Freshwater
Threat part,70.9603,86.565844,61888,2026-07-03,Freshwater
Reduce right,-5.436688,-143.558981,14451,2018-07-19,Wetland
Bank wear,12.375932,-91.346107,59227,2021-11-26,Grassland
Color seek,32.720815,161.293196,41453,2020-02-06,Freshwater
Have many,-14.311499,72.469017,96347,2025-12-08,Grassland
Itself child,-73.489691,175.860842,14204,2018-01-07,Forest
Agent standard,47.353472,25.820146,69780,2018-05-14,Desert
Top cover,-48.435667,-15.275048,24698,2020-03-15,Tundra
Policy current,-85.288833,-113.312495,57000,2020-04-14,Forest
Election collection,-23.955096,-108.594509,43133,2019-08-14,Wetland
Watch us,-14.774289,141.746765,46790,2024-04-13,Grassland
Common second,76.477924,-153.907127,32370,2019-09-15,Marine
Realize manager,-6.309106,-101.131146,91458,2023-09-14,Freshwater
Hour process,8.054406,93.893685,41551,2026-02-15,Forest
Medical present,-33.446864,-99.440818,33022,2018-06-25,Freshwater
Five fall,-32.666447,-7.360882,1316,2026-01-23,Grassland
Reality yourself,36.984008,109.634905,4969,2023-08-05,Freshwater
Story activity,-67.739081,158.175123,72631,2022-10-11,Wetland
Audience amount,-79.857368,-79.1692,92217,2017-11-24,Freshwater
Only night,-44.502633,-124.533613,10918,2018-08-23,Freshwater
School camera,33.197885,136.116873,46403,2024-03-17,Marine
Moment near,-17.70839,150.142999,27598,2022-04-14,Grassland
Assume society,16.729908,42.676875,77786,2017-08-08,Grassland
Early standard,-85.619341,149.434401,73946,2018-10-09,Marine
Strong national,-67.087778,113.704428,34979,2019-06-28,Urban
Social successful,-13.839681,98.770761,26507,2022-02-12,Urban
Commercial method,72.469114,-153.5387,50329,2023-02-11,Wetland
Fire see,8.844939,132.424666,31455,2025-01-23,Wetland
Without behind,-38.088288,-139.596644,42789,2020-04-05,Tundra
Us cause,46.275885,-153.374192,51198,2021-02-28,Urban
No fine,4.890043,-128.636161,59086,2026-06-10,Grassland
Cost would,-55.691227,103.991958,47415,2025-05-16,Forest
Marriage necessary,48.797253,3.942399,42805,2021-06-14,Marine
State why,-3.977128,136.230266,56072,2022-08-19,Tundra
Those street,-74.139778,-149.451951,62598,2016-09-08,Marine
Bad player,-59.372536,47.260786,202,2019-11-07,Marine
Against discussion,72.372725,-47.480849,83452,2022-06-26,Wetland
Class later,-61.976846,-125.670498,17767,2020-11-23,Marine
Significant little,38.634071,150.313491,64326,2023-12-08,Urban
Occur management,-64.261865,-60.451222,30553,2021-10-01,Desert
Benefit government,38.631199,94.512866,94510,2017-11-04,Grassland
Trial kind,72.068684,158.649131,53539,2024-03-08,Desert
Decision billion,-76.182412,96.216245,57976,2016-10-12,Marine
Suggest resource,-84.418521,32.02258,69750,2026-06-24,Urban
Least camera,-66.781521,114.059529,2170,2025-04-02,Grassland
Bit under,-73.454153,-162.004531,85791,2017-11-05,Grassland
Defense factor,-17.7246,157.994356,47060,2021-12-19,Urban
Ability week,12.967103,110.459512,32694,2019-12-13,Urban
Power else,-32.43164,-109.447455,91559,2017-02-05,Freshwater
Now Mrs,-32.418197,40.662888,24422,2018-09-22,Urban
Issue manager,-33.183866,-18.880855,26246,2018-06-12,Marine
Many perhaps,75.179035,-40.737395,18153,2017-05-04,Desert
Successful try,-50.71051,144.328669,64471,2025-11-12,Marine
Body nation,-13.515132,-155.537155,86601,2023-01-16,Urban
Friend class,-27.860091,-57.660881,48596,2017-07-14,Freshwater
Audience bring,25.211696,116.104364,55703,2018-11-12,Urban
Full politics,4.012343,101.947445,60229,2024-11-28,Wetland
Present situation,-65.684373,145.237907,46399,2018-06-13,Urban
That oil,-55.323443,137.060636,13330,2022-05-16,Freshwater
Later event,7.323085,-124.050714,1343,2018-11-29,Desert
Bring which,-89.760917,91.977222,23179,2020-07-01,Freshwater
I friend,-26.751719,4.685643,39937,2019-04-10,Urban
Right writer,43.718166,122.913615,63520,2017-01-22,Desert
Next wife,85.414947,147.016931,47951,2021-06-07,Urban
Consider walk,-17.961826,-155.663351,12127,2025-05-01,Desert
Start campaign,-83.288695,-30.054311,24350,2025-01-07,Forest
National quality,83.609265,-81.386235,2214,2022-03-05,Desert
Something once,-54.350796,-47.995585,89912,2022-05-15,Marine
Your safe,36.285442,-59.073318,38229,2024-10-04,Wetland
North turn,80.641636,161.144895,55139,2020-09-20,Grassland
Edge air,-81.298323,-104.388628,2625,2016-09-13,Tundra
Community would,47.676107,-38.842974,84571,2018-03-18,Wetland
Any scientist,-68.015994,66.098594,33765,2024-05-08,Marine
Shake subject,-80.848855,-170.885758,21458,2022-09-17,Marine
Church matter,-12.978479,-167.599033,6090,2022-05-11,Marine
Religious star,-19.356948,-3.578264,99694,2019-12-28,Tundra
Attack this,-19.137833,-169.637365,46318,2021-08-08,Marine
Point current,48.251913,81.072409,89117,2026-05-19,Tundra
Country different,26.231294,-50.921476,39432,2022-10-29,Desert
Begin house,58.179855,-153.361917,49077,2019-08-28,Freshwater
Street visit,-6.701548,93.056281,73333,2021-04-23,Forest
Well what,-23.390641,95.408014,26343,2023-07-19,Tundra
North material,48.745626,81.64442,47431,2019-05-23,Freshwater
Mission know,13.187787,-109.265202,2624,2016-10-14,Freshwater
Exactly account,49.494903,81.894362,44949,2025-05-12,Forest
Parent huge,-48.526731,-110.282139,95550,2020-11-01,Wetland
Onto hit,-51.333178,26.303219,11638,2026-01-31,Freshwater
Him account,49.143163,-91.02981,79380,2021-09-01,Grassland
Role forget,60.19988,87.046113,87488,2024-06-07,Tundra
Group interest,-50.133791,-28.801704,50150,2026-01-13,Desert
Various ago,28.704389,-80.862957,11145,2025-05-28,Tundra
Individual safe,-2.610259,102.520163,48883,2023-06-10,Desert
Return player,20.704248,82.044343,39679,2023-11-05,Marine
Late cost,-35.550577,42.943375,18395,2019-09-02,Freshwater
Language measure,-26.158653,-96.316407,59282,2017-09-19,Grassland
Style control,87.775942,-171.527245,50018,2026-01-31,Forest
Growth speech,72.479715,123.531526,25678,2022-08-18,Wetland
Democratic understand,-45.582742,132.054734,22564,2020-06-09,Freshwater
Bank site,25.256357,-134.275437,26662,2016-10-05,Urban
Push through,-2.294803,-64.26527,45490,2025-04-07,Urban
Notice Republican,34.916404,148.598765,46643,2021-02-21,Urban
Human arrive,4.151437,-125.524051,86460,2025-09-05,Urban
Prevent tend,42.988103,32.717197,83745,2018-10-29,Wetland
Near institution,45.500985,5.508723,82852,2025-04-28,Forest
Your produce,-82.1912,172.419935,82532,2022-03-29,Urban
Foot policy,-76.416558,-56.312034,13766,2018-10-18,Urban
Standard exactly,-78.226601,123.962482,41210,2022-03-27,Urban
Garden feeling,39.127166,7.572179,83874,2019-04-09,Tundra
Quality no,64.620165,90.586072,47852,2017-05-28,Desert
Tough worker,14.78326,-36.111868,20664,2024-07-30,Desert
Challenge he,-78.93351,-108.151082,7523,2018-10-14,Freshwater
Consider across,-30.951167,-100.241896,78473,2024-05-11,Wetland
Couple leg,-75.404492,135.513094,31362,2017-05-20,Marine
Admit appear,88.132013,81.216867,33948,2024-06-09,Freshwater
Approach get,-28.25848,59.087305,56274,2021-12-16,Forest
Color never,-74.356077,-62.05087,17537,2022-09-23,Tundra
Management administration,-11.685615,-29.182664,70922,2025-06-05,Tundra
Hard measure,41.614953,169.577494,74697,2021-10-25,Marine
Kitchen into,12.847986,41.182383,3489,2020-09-12,Marine
Anyone fact,-83.507856,120.711481,34315,2018-07-29,Tundra
Research how,-10.274214,-153.697214,90796,2016-12-24,Wetland
Power off,-44.231521,87.050137,80896,2019-09-06,Desert
Goal role,-86.616316,-92.964485,63772,2025-10-30,Forest
Still world,18.949319,72.1455,28469,2026-03-04,Tundra
Himself interesting,-46.148188,-126.920292,27917,2021-01-10,Tundra
Place hundred,11.006027,32.228455,28305,2020-08-01,Urban
Bit large,75.92057,-18.103899,37374,2018-06-04,Freshwater
Suggest event,20.931331,-115.871165,1919,2022-12-01,Marine
Become hot,-0.787506,-19.617271,24073,2021-03-31,Grassland
Pay floor,-36.506816,-108.117611,55112,2024-09-03,Urban
Down in,-2.709662,128.247965,38839,2020-12-29,Urban
Court performance,-35.090975,116.879033,9874,2019-11-19,Grassland
Him because,-12.19356,-6.500297,30500,2020-01-22,Desert
Mrs budget,89.107319,145.782152,48405,2024-12-14,Tundra
Court public,-84.761508,58.424476,14858,2021-10-08,Marine
People little,-50.648072,-11.613553,41972,2019-05-14,Wetland
Training free,-24.182399,-82.663943,43168,2018-10-28,Desert
Spend material,-49.817874,-91.419944,41850,2021-06-02,Grassland
Risk we,14.529397,18.006829,96967,2020-12-05,Tundra
Local sound,11.441939,-9.67926,25964,2025-01-10,Wetland
Husband modern,-85.746995,-152.224176,60417,2025-02-01,Freshwater
Establish military,-43.117455,40.006131,52761,2026-02-11,Desert
Worker perhaps,56.493874,13.052258,66185,2025-12-14,Tundra
Computer response,-17.824261,-106.607531,5283,2022-01-04,Tundra
Action party,-72.133163,-78.636737,88856,2022-09-20,Marine
Plant sense,-58.486426,-141.39772,67700,2021-11-19,Wetland
Serious bring,-54.521688,-105.246755,61933,2019-05-06,Tundra
Community stock,-38.723283,72.224219,34237,2019-05-04,Forest
Pass stay,-70.891491,96.000468,38086,2025-02-20,Wetland
Buy build,-23.212437,-91.854776,22631,2019-06-06,Desert
Form quickly,-71.761558,-69.376125,40190,2020-04-27,Wetland
Method civil,-1.24757,-138.788315,24989,2025-06-04,Marine
Affect treatment,-39.556534,-150.701594,65295,2024-11-08,Grassland
Woman box,60.492013,-20.256916,67156,2018-02-16,Marine
Character consumer,-68.538709,-102.131295,28264,2024-05-27,Wetland
Plan effect,81.272676,7.61319,57854,2023-02-09,Grassland
Detail lay,-15.535651,91.469636,11637,2022-07-29,Freshwater
Together clear,66.797147,-135.624076,29384,2017-12-22,Wetland
Need safe,-16.262019,-126.358386,63454,2022-06-30,Grassland
Sound easy,-2.481497,114.408817,51917,2026-03-01,Tundra
Mrs them,12.768874,51.019935,6949,2018-11-30,Forest
Especially way,22.241829,45.720323,31113,2018-02-21,Freshwater
Hand exactly,-32.305662,-106.587541,2492,2019-07-13,Grassland
Benefit dark,-11.668002,-18.610603,5440,2020-02-08,Urban
Total second,-21.826734,113.251315,70816,2026-01-01,Forest
Prepare weight,15.281445,91.357351,35671,2022-10-18,Urban
Society one,-50.520192,-41.98144,30587,2023-02-21,Freshwater
East specific,70.731013,-109.214011,43358,2026-07-15,Tundra
Half agree,9.434092,-165.329911,48091,2017-06-05,Wetland
Religious newspaper,-85.399251,55.620012,62855,2020-05-25,Freshwater
Week official,-4.307684,69.797585,49056,2018-12-05,Marine
Skin beyond,16.12596,177.579044,24377,2019-12-07,Tundra
Parent plant,81.416746,80.228808,69318,2023-04-03,Forest
Star skin,2.104575,18.53933,30768,2026-06-12,Tundra
Art from,29.651178,104.668164,74995,2019-05-31,Marine
Floor however,72.944703,-11.60611,95701,2019-08-28,Tundra
Research send,39.004029,-128.308267,32533,2025-11-01,Marine
Her ground,10.766135,21.190799,23119,2022-10-14,Desert
Mouth yard,-66.6881,-6.477667,36174,2025-11-29,Grassland
Vote a,-1.418343,73.329458,27243,2021-12-11,Tundra
Role certain,19.693808,55.152344,79363,2016-09-29,Forest
Appear explain,83.335295,57.46788,24907,2025-07-08,Tundra
Section item,-43.156248,-49.889534,45830,2020-02-08,Grassland
Budget boy,-66.228776,-149.835094,73778,2018-10-09,Marine
Cause education,-32.742715,140.237589,81246,2018-04-13,Tundra
End pretty,20.014246,-118.74861,88772,2026-02-06,Marine
Various find,19.399779,4.067523,50841,2023-02-12,Urban
Record democratic,-65.777779,-171.59439,14795,2025-01-25,Wetland
You maybe,29.086191,2.032438,12310,2018-11-14,Desert
Building theory,50.933663,-168.753958,78685,2025-06-10,Wetland
They learn,-63.400776,31.859542,20592,2024-09-22,Urban
Consumer authority,-84.37725,141.076523,277,2024-03-31,Urban
Career whose,-27.602499,-173.061598,89587,2018-09-27,Freshwater
Agree decision,22.633123,-128.202281,62623,2024-10-09,Desert
Guy pull,-50.391585,-8.601354,74331,2022-01-25,Grassland
Need help,11.802204,-172.940008,89693,2024-10-11,Grassland
Several a,-49.009073,98.268753,41599,2026-03-22,Marine
Note six,22.40548,129.795701,59145,2025-08-16,Freshwater
Chance away,6.240522,-59.429192,86193,2020-09-15,Desert
Speech sort,-78.949737,-172.172641,82467,2020-02-04,Tundra
Sister end,-52.385291,27.997606,2637,2025-03-20,Forest
Toward whatever,-4.942991,97.863288,89642,2023-06-28,Desert
Ask mind,54.445756,54.200663,60239,2022-06-09,Grassland
Financial size,82.28391,-0.414262,60789,2023-05-11,Grassland
Teacher deal,-72.903497,164.935837,85899,2022-02-21,Desert
Church modern,-70.928253,-4.342328,28068,2019-04-14,Urban
Create throw,-53.39674,-166.279319,57228,2022-02-09,Forest
Also federal,-82.051533,-128.339518,32999,2023-07-02,Marine
Energy call,3.86003,-137.383554,88170,2024-06-17,Tundra
Do way,-85.314617,-96.48073,79292,2023-10-12,Wetland
Maybe system,18.543659,172.914199,27231,2021-11-19,Grassland
Yeah five,53.289502,-126.178166,25140,2021-08-11,Grassland
Moment ready,-52.907879,155.551017,71764,2025-08-14,Desert
Stuff type,2.059796,105.40544,17568,2022-06-14,Urban
Someone these,50.835426,-62.783826,75378,2016-11-03,Desert
Before civil,72.857376,-149.692564,13192,2019-08-31,Marine
Somebody either,42.770529,-43.618495,53775,2023-09-05,Forest
Interview thank,-77.94414,-174.300461,56027,2021-07-31,Grassland
Play method,32.641401,-45.346708,84329,2019-10-11,Grassland
Artist buy,81.019684,3.07479,76408,2023-10-25,Wetland
Campaign alone,81.460989,-69.512917,93880,2021-07-10,Desert
Computer large,1.186045,-123.563504,23059,2020-12-14,Tundra
Summer by,-52.198602,175.747951,97427,2017-10-17,Grassland
Social understand,57.160251,-125.669611,35535,2026-04-21,Urban
Pressure father,-24.697434,30.814285,64634,2020-11-08,Wetland
Floor he,22.005407,-85.862113,34416,2023-09-20,Marine
Indicate common,65.426572,42.290317,9578,2025-06-06,Marine
Election cell,-80.313031,156.699674,25122,2017-08-23,Grassland
Campaign capital,-31.900786,142.562576,81661,2020-07-12,Desert
Floor reflect,34.331734,-53.51754,37315,2020-10-16,Grassland
Read despite,-37.838642,-42.011567,97234,2024-02-18,Marine
Practice attention,-14.401421,45.21623,90022,2018-03-25,Desert
Really bit,-67.836089,152.470562,380,2016-12-28,Grassland
Listen read,-10.011124,27.001788,70580,2025-03-28,Freshwater
Travel will,58.13227,-16.306895,30806,2022-04-04,Tundra
Trip question,64.872683,54.590607,81202,2021-04-07,Marine
Management beat,-60.863626,-41.797738,7074,2021-03-19,Freshwater
Camera worry,39.523162,-172.751057,43880,2026-01-12,Marine
Tough business,-71.174854,21.138949,86247,2022-10-02,Forest
Season report,50.063013,117.822972,57312,2020-09-27,Desert
Process particular,-26.179057,-52.731999,88960,2024-08-06,Urban
Industry relate,-10.544224,167.624452,21846,2023-08-10,Grassland
Suddenly degree,67.963438,94.611476,11703,2024-03-24,Forest
Western poor,-78.196847,-148.144211,50819,2017-11-24,Freshwater
Machine fund,58.224413,79.435285,91261,2023-02-02,Desert
Everyone trade,57.244107,29.179911,51160,2025-12-25,Desert
Arrive just,-8.174541,99.196856,55988,2019-04-14,Urban
One change,-40.783234,39.539248,31683,2026-01-20,Tundra
Imagine dream,-7.037302,-110.219784,2685,2017-02-18,Forest
Decade minute,89.533633,107.854176,3947,2022-04-23,Grassland
Mrs end,55.410007,168.294363,49034,2023-01-09,Forest
Pick phone,67.557531,-4.835147,38847,2019-05-12,Urban
Human foreign,-19.830243,48.840302,81127,2023-10-22,Forest
Opportunity street,74.909595,23.963673,56231,2020-12-25,Urban
Source development,58.383873,-97.068462,57803,2023-08-03,Urban
Little apply,-9.426609,111.241149,8021,2021-04-29,Desert
Shake serve,-66.022946,79.569897,71878,2021-03-02,Urban
Until forget,76.266087,-61.235356,53264,2024-03-03,Freshwater
Growth reveal,-62.500079,-170.399348,55339,2022-05-08,Wetland
Give research,-8.388711,-106.110883,98678,2024-03-12,Freshwater
Environment he,15.027209,-151.079869,26633,2022-07-20,Forest
According line,9.792916,-7.230089,54047,2025-04-21,Wetland
Congress need,6.589766,9.358444,37527,2019-09-01,Forest
Mother year,87.232049,102.520318,56214,2016-12-25,Tundra
One he,42.012499,89.339888,21005,2022-07-30,Forest
Among light,85.511712,153.899822,96882,2023-08-24,Freshwater
Tend record,80.752492,-169.243116,94743,2020-09-11,Grassland
Rest hand,15.447142,102.999716,63790,2022-09-25,Freshwater
Someone model,-44.557317,166.548754,90934,2026-03-15,Marine
Stand throughout,-63.219713,-52.277957,19739,2017-11-20,Freshwater
Mission campaign,14.314611,-35.214099,31169,2024-08-02,Desert
Mention minute,61.048916,-52.187291,41152,2019-07-09,Wetland
Check country,-5.827603,-27.762227,92813,2022-02-10,Urban
Country traditional,36.696196,164.598653,42357,2024-07-31,Wetland
I scientist,-76.970949,-24.069167,55142,2016-11-12,Wetland
War international,-61.680045,-109.397579,6332,2024-01-16,Tundra
Ground program,48.891552,-13.973668,750,2025-12-22,Wetland
Parent room,-68.513735,8.391602,28914,2021-12-14,Freshwater
Practice phone,46.232204,-137.672821,17716,2022-08-10,Urban
Fly nature,-26.656262,43.613215,15933,2020-02-02,Grassland
Science network,-4.1449,3.079794,67505,2021-12-27,Freshwater
Road however,-17.664747,0.197381,58108,2017-07-25,Urban
Dream back,21.918458,45.211431,22644,2020-09-30,Forest
Box black,25.611365,44.244864,15634,2025-06-20,Tundra
Age me,-1.295886,-62.475125,76967,2022-03-30,Grassland
Purpose just,-55.11779,-166.296369,48079,2025-10-13,Desert
My their,37.78852,-26.682093,19249,2020-11-27,Urban
Spring impact,37.25818,-0.514601,42480,2020-12-23,Urban
Guy environment,51.847883,-83.853351,89635,2023-05-31,Desert
Guy such,-16.482254,163.646833,36247,2022-10-31,Urban
Hit growth,-53.08266,116.683906,13059,2018-11-01,Forest
Source direction,58.324302,-174.568134,35385,2019-11-27,Grassland
Notice different,-5.91138,-29.172117,52701,2017-01-19,Forest
Ground team,36.101499,-111.543366,79350,2023-06-09,Tundra
Task your,63.29728,16.403848,37195,2020-07-20,Desert
Save list,-30.604721,158.56549,10519,2016-07-28,Marine
Budget care,81.666087,171.555488,41776,2026-03-05,Tundra
Movement never,13.663244,-83.77184,92489,2025-02-12,Urban
Son model,-27.629141,35.029759,14058,2017-10-17,Urban
Either house,-81.642697,141.721037,89338,2022-05-29,Tundra
Study recognize,-85.69818,43.795853,91429,2017-09-01,Marine
Husband should,-27.150469,-129.367244,47635,2019-09-26,Tundra
Create prevent,-89.369188,130.833261,49532,2026-02-07,Tundra
Western enter,80.374742,-117.408123,85428,2025-07-22,Tundra
Stage risk,81.9763,77.682533,90797,2025-02-12,Grassland
Beat teach,-59.649377,13.810673,82965,2023-08-10,Freshwater
Rather political,25.232126,155.440881,30983,2020-01-18,Freshwater
Town member,40.172552,-175.246638,4648,2021-09-12,Forest
Beautiful sea,-39.23229,14.297783,50337,2017-10-25,Tundra
Although task,7.598377,-44.670754,15628,2020-02-05,Freshwater
Notice high,-24.459084,134.33709,54157,2019-09-21,Desert
Such nearly,27.469167,-66.578799,5974,2025-04-11,Tundra
Total question,-84.088345,2.881382,64376,2019-11-22,Freshwater
Customer old,18.857809,79.058148,70571,2016-11-07,Wetland
Best send,34.136873,72.071749,28979,2021-06-14,Wetland
Once bed,-39.978251,171.617596,84310,2024-01-10,Urban
Approach to,55.976275,-86.308433,50387,2016-07-25,Wetland
Law candidate,-35.429317,-149.6753,10939,2024-07-18,Wetland
Factor for,48.694489,-48.65235,21031,2025-04-13,Urban
Guess Mr,79.437766,-15.349546,60477,2021-08-23,Marine
Police from,37.870206,51.91787,37656,2017-08-21,Tundra
Their he,-3.89255,97.664141,66513,2023-02-18,Wetland
General later,2.357253,101.306623,87305,2022-12-05,Wetland
Forward loss,-38.506972,-58.590933,56763,2021-10-14,Desert
There go,52.113987,-18.812063,97177,2018-02-03,Marine
Civil job,-81.882669,-153.538514,83263,2019-08-04,Marine
Finally fire,-37.270455,112.181907,50389,2019-10-19,Forest
Particularly here,48.039803,-94.822314,87952,2018-10-05,Forest
Receive television,22.266958,-20.833289,85261,2018-11-05,Freshwater
Ahead decade,42.153478,55.849374,37446,2020-01-24,Desert
Loss base,-20.279055,-161.687462,15415,2025-12-15,Wetland
Smile reflect,-38.357723,-177.08942,89023,2025-06-17,Forest
Way pick,-82.266725,57.586282,24242,2019-05-01,Urban
Performance once,16.177028,99.493829,33488,2021-02-28,Wetland
Stock debate,80.379908,-14.574157,30846,2025-08-30,Freshwater
Form leave,34.111837,39.948289,66856,2020-01-28,Desert
Particular explain,87.465559,146.396365,60682,2026-07-07,Forest
Claim whose,-40.835244,103.931289,56719,2022-12-07,Grassland
Structure build,-54.728505,-174.252245,5251,2017-10-19,Freshwater
Well help,56.32296,-19.850718,50223,2018-08-18,Grassland
Kid group,45.922972,8.406003,41336,2017-11-30,Forest
Energy brother,-6.910999,155.348144,87041,2020-05-30,Marine
Past most,-77.080109,96.14192,35577,2019-03-26,Tundra
Fill produce,-55.165323,37.491946,926,2024-08-19,Tundra
Center provide,-22.772139,-155.692041,80909,2018-05-25,Tundra
Always particular,-83.288484,-65.63063,57745,2018-07-16,Freshwater
Guess picture,3.595752,164.838051,20508,2018-11-17,Tundra
Star issue,12.999993,-88.185889,79279,2021-11-12,Urban
Use news,-6.272981,-117.349315,9243,2018-11-28,Grassland
Bring somebody,32.385847,-30.422659,51231,2022-09-27,Marine
Pm but,7.786704,139.075467,22630,2020-02-02,Tundra
No affect,-83.565887,-110.410215,28131,2017-04-23,Freshwater
Responsibility expect,-26.93738,17.36668,39341,2020-01-26,Tundra
Window man,54.075612,116.300295,41823,2019-07-14,Urban
Consider since,-0.932945,-45.893934,99662,2022-03-28,Freshwater
Together activity,84.511914,136.064176,36502,2022-06-01,Desert
Fish name,27.464481,13.795271,32316,2024-04-22,Forest
For popular,21.585348,31.69466,41386,2023-12-28,Desert
Voice blue,84.241719,-88.706785,26291,2026-02-16,Marine
Usually how,-24.687932,-90.751889,96241,2026-05-11,Desert
Spring tend,-54.419738,-3.398319,53792,2025-07-15,Wetland
Memory piece,-56.395738,-13.024769,38272,2018-01-20,Freshwater
New wall,41.56889,41.558547,18219,2026-06-27,Marine
Forward sea,-49.643051,15.026015,49893,2019-08-10,Urban
Nor community,-17.658509,-172.233681,11236,2020-03-19,Wetland
Church usually,70.870277,173.348111,40646,2025-02-24,Urban
So production,-84.960615,-137.7819,51520,2026-06-27,Tundra
Spend point,-27.340443,-133.71208,8086,2022-06-15,Urban
Risk everyone,78.136805,42.569095,26504,2017-04-15,Marine
Buy quality,-51.531534,-132.98681,87658,2020-11-30,Forest
Wonder news,-16.314365,-81.455033,16208,2017-03-30,Marine
Now decade,-33.494906,-157.62257,80506,2019-06-22,Desert
Hair response,-86.928605,-27.296379,33047,2018-06-22,Marine
Crime clear,-19.29191,-61.555682,24239,2025-09-30,Desert
Face politics,58.732826,-150.525534,61216,2020-02-26,Urban
Nice administration,5.635967,-160.251703,55855,2020-11-15,Freshwater
Kitchen travel,1.146074,-146.749215,7898,2023-06-27,Urban
Seat stock,47.850641,-38.556878,34024,2018-05-02,Desert
Pass discussion,-51.20918,59.087748,85413,2023-09-25,Desert
Arm you,-50.408681,-113.443341,56776,2024-03-22,Urban
Various well,66.962272,138.577813,5937,2026-05-18,Desert
Pass reality,-82.377691,-174.66149,8763,2017-12-02,Desert
Green study,38.977702,-125.375199,4843,2018-11-26,Forest
Customer born,49.832882,153.264948,26870,2017-01-24,Marine
Health again,70.670972,-63.420545,10454,2025-07-04,Marine
Reality same,21.872038,-175.661701,2885,2024-10-03,Forest
Marriage wonder,-69.564787,-71.238242,17993,2026-02-04,Forest
Choice activity,34.771905,-33.757229,42682,2017-04-28,Freshwater
Over nature,-15.511242,-32.650088,62494,2024-04-16,Forest
Power white,65.631871,125.44972,15164,2021-11-08,Urban
Personal water,-71.418327,72.404993,83102,2025-06-04,Desert
Hundred could,-86.710729,-30.947023,82294,2017-04-10,Marine
Develop half,-31.900559,-128.400692,29913,2022-08-12,Urban
These let,30.351796,50.920688,85111,2019-06-08,Grassland
Ok reduce,65.599343,-104.601795,16898,2020-03-19,Marine
Number sort,9.382126,-140.598612,24593,2019-10-21,Marine
Record something,-23.66649,43.421933,14762,2025-07-17,Forest
Herself authority,-8.49815,93.502469,25353,2023-08-15,Wetland
Recently put,44.786233,98.319713,76920,2022-12-03,Urban
Quality type,12.368585,-71.143974,87402,2020-10-14,Urban
Process article,16.028746,77.109746,40387,2024-11-23,Tundra
Whether song,74.027497,-76.168811,93495,2026-03-11,Desert
Quickly soldier,16.194114,165.774406,43986,2025-12-22,Tundra
Particularly wind,77.387144,-143.674746,52803,2026-04-24,Wetland
Series ahead,-59.692503,-74.197797,11745,2025-11-07,Wetland
Stay mother,-1.368251,-96.328662,49686,2022-02-27,Urban
Notice consumer,17.591793,45.531643,41719,2025-12-13,Desert
Each Mr,26.368106,-73.878471,92559,2017-05-27,Grassland
Mission individual,50.976981,154.401012,92384,2018-05-10,Urban
Another person,73.483083,49.150547,57919,2020-10-12,Freshwater
He in,29.154278,95.976933,48465,2025-06-14,Desert
Weight determine,64.652459,-115.153127,1252,2021-05-06,Wetland
National second,-49.005878,84.873854,55001,2022-01-17,Tundra
Less easy,-8.271942,72.07252,44923,2024-11-03,Grassland
Provide three,-46.408344,118.467577,21969,2017-07-26,Marine
It picture,40.211718,129.869776,36928,2022-09-13,Forest
They huge,-48.261466,161.084608,24109,2020-02-14,Wetland
Carry although,77.679581,148.349959,49097,2018-10-20,Tundra
Tv democratic,88.454645,162.340334,93863,2017-04-05,Forest
Event include,33.716998,78.939473,53019,2022-12-23,Wetland
Everything machine,-75.58194,-72.872145,96157,2020-07-05,Grassland
Effort husband,-47.779362,-97.467435,90737,2024-03-21,Wetland
Fund into,76.290322,-126.150421,27515,2024-02-07,Grassland
Along TV,-6.354358,-105.556964,3470,2023-06-24,Forest
Stock pass,-23.000059,-94.990338,59572,2019-12-29,Marine
Score thousand,34.987356,-166.274471,17240,2023-02-18,Marine
Experience oil,46.484952,29.194104,57440,2018-08-17,Desert
Daughter option,23.583979,-141.506851,88063,2017-04-14,Freshwater
Information plan,46.484104,-40.344507,23176,2023-07-10,Urban
Their someone,16.650703,138.104931,95473,2019-02-06,Wetland
This I,78.833395,108.158648,41768,2023-08-28,Urban
Many each,13.378687,33.793133,41166,2026-06-12,Marine
Pressure with,-34.616147,104.189803,63087,2022-01-11,Tundra
Successful share,54.450111,-172.170257,1722,2019-11-14,Urban
Tough mind,75.837313,-6.607463,91099,2017-06-20,Freshwater
Sell degree,-79.596612,-36.477798,55557,2019-10-28,Forest
Five ability,15.133853,167.805297,81718,2020-03-01,Grassland
Set away,89.985173,102.884386,95326,2018-12-08,Wetland
Performance young,66.871606,105.728096,46218,2018-10-09,Urban
Get catch,45.787565,129.987551,54248,2024-02-04,Desert
Have who,36.661742,-145.560998,46505,2025-01-08,Marine
Design explain,70.30338,55.962405,8849,2019-09-27,Desert
Physical place,-75.42015,122.241206,57016,2021-01-12,Freshwater
Responsibility culture,-35.463476,-156.28171,53887,2025-03-24,Tundra
Price plan,-25.85809,-119.302164,76200,2025-05-28,Desert
If clearly,71.993641,-154.998037,62312,2025-01-12,Marine
Sound right,-31.415642,109.203477,52110,2025-07-12,Tundra
Technology term,11.249275,-163.384668,98603,2022-08-25,Grassland
And whatever,-57.641799,-156.900789,38487,2021-03-10,Urban
Suggest first,-68.934898,38.782188,57046,2021-08-27,Desert
Throughout front,-43.831113,-119.656044,35972,2022-04-07,Tundra
Throw chair,-76.553373,80.25679,28139,2024-11-15,Forest
Significant require,-35.473354,143.204089,49571,2020-10-31,Forest
Goal bank,-10.213194,105.809585,61134,2022-01-09,Urban
Build ready,39.124802,-59.040171,59084,2019-05-01,Tundra
Smile food,11.796413,103.503241,32024,2024-09-11,Forest
Once help,7.321615,137.078554,80820,2022-05-17,Wetland
Mother campaign,73.138499,-22.911823,26769,2016-09-19,Freshwater
Without consider,-2.042922,126.836737,19824,2026-05-29,Desert
Paper old,53.616307,-13.075006,2421,2022-02-26,Grassland
Worry past,-47.703485,34.805926,45520,2022-10-14,Grassland
Matter quality,-30.924234,133.539483,15799,2021-10-25,Desert
West only,-0.360328,-122.709944,6170,2017-03-13,Urban
Impact focus,20.130088,117.409755,54942,2018-07-22,Grassland
Wind recognize,-29.899354,-0.743987,92295,2025-04-21,Freshwater
Half medical,-40.465937,-152.77739,77252,2020-10-18,Grassland
Shoulder effort,29.556529,155.436022,4611,2022-07-17,Forest
Answer one,-44.90667,88.824635,79866,2019-05-13,Grassland
Assume claim,-82.960304,-64.466568,57094,2026-05-08,Grassland
Heavy Republican,-47.934721,-169.334093,4953,2017-07-04,Marine
Determine class,-87.250594,-128.807666,67250,2017-07-24,Forest
Couple offer,3.510848,-42.364021,60397,2017-09-12,Urban
Trouble western,-86.751906,-145.664745,80247,2021-06-28,Grassland
Energy throughout,72.079334,-108.134867,6313,2017-09-02,Forest
By without,48.520822,-16.773455,16640,2021-10-05,Grassland
Set cup,-80.810112,19.329757,68316,2018-09-28,Wetland
Leg son,-5.014454,-125.469021,68651,2023-09-26,Desert
Economic news,55.907617,-113.00053,53965,2022-07-02,Wetland
Meeting thus,31.780272,-73.943698,32875,2026-02-18,Tundra
Half sport,-46.776538,172.933233,56008,2017-03-23,Desert
Every line,51.124283,-34.335263,43067,2017-01-26,Urban
Heart goal,79.744285,-117.131691,50401,2022-04-13,Desert
Up response,-62.173321,91.584011,93899,2026-03-01,Urban
Two hold,31.194428,-110.802752,9854,2025-06-20,Forest
Same table,62.78321,-4.606972,12191,2026-06-20,Forest
Marriage option,-32.830279,-161.890194,10179,2020-03-13,Marine
Usually agent,11.382411,-160.892777,78423,2022-12-06,Forest
Avoid seek,-38.348452,-15.408202,88935,2023-09-22,Freshwater
Adult boy,55.642744,-79.833197,27434,2016-08-15,Desert
Serious stock,41.259424,139.600956,67128,2018-05-27,Grassland
Usually already,3.499154,145.268082,47608,2021-06-18,Grassland
Trade reduce,-8.859269,-85.919414,62636,2018-09-30,Grassland
Same situation,-13.767271,10.319961,11966,2018-05-27,Freshwater
Field happy,31.779348,-27.916478,73163,2023-07-16,Freshwater
Better person,-15.24946,92.972064,96394,2025-03-31,Freshwater
Difficult to,36.222589,-143.997221,15022,2019-06-22,Tundra
First out,53.014376,-101.70861,79119,2018-11-16,Forest
After budget,-74.920161,-59.939054,16558,2023-10-31,Grassland
Identify without,-20.695255,164.907973,64576,2016-12-10,Wetland
System behavior,72.773881,-149.951069,76189,2019-07-23,Tundra
Rise population,82.289193,111.653913,95917,2021-03-12,Grassland
Dark mind,-35.25528,-53.998933,16882,2025-09-10,Grassland
Sort fly,-64.454144,-115.396908,8596,2026-07-04,Forest
Purpose relate,-16.125179,-44.544447,10541,2022-07-15,Marine
Necessary senior,66.050006,179.092195,10774,2019-11-20,Urban
Air body,75.704155,152.253339,26759,2021-03-17,Grassland
West similar,-83.836995,79.759173,60980,2016-08-11,Marine
Newspaper dream,-8.635211,-60.904108,42428,2021-03-21,Wetland
Might particularly,66.450074,143.891948,18643,2023-07-09,Grassland
Decide today,73.410313,-20.338903,38184,2023-09-13,Marine
Score structure,80.501219,105.648968,79808,2026-04-01,Marine
Year race,-47.169253,38.230444,4897,2020-02-09,Urban
Significant people,-88.444747,-72.432592,57515,2020-07-20,Forest
Alone process,6.960471,146.513929,4451,2017-07-21,Forest
Beat subject,36.156462,-110.049042,39879,2017-05-30,Grassland
Including kitchen,-62.451127,-104.404377,35732,2025-08-07,Tundra
Cause health,15.790762,54.50602,803,2023-12-14,Tundra
Movie billion,39.997757,-136.796404,13820,2016-11-12,Forest
Popular citizen,-17.726278,31.21696,98506,2020-05-25,Freshwater
Radio drop,76.181202,24.237778,96747,2024-06-09,Wetland
To science,67.168788,142.476098,93204,2026-07-12,Grassland
Interesting yes,24.066507,150.915077,59971,2017-11-27,Marine
Speech part,-18.003347,-25.044088,98058,2016-11-01,Freshwater
After leader,-54.456515,-168.115747,60968,2023-09-08,Marine
End evidence,-66.596438,144.818056,77054,2017-11-02,Freshwater
Forward each,-21.077266,-57.800526,23483,2019-02-19,Wetland
Read individual,-43.57492,-3.903591,44081,2020-11-24,Desert
Speech a,68.778445,168.140767,119,2025-09-24,Marine
From economy,-50.833007,74.505784,88366,2021-04-11,Desert
Modern clear,-65.541802,-125.831038,37984,2025-06-14,Wetland
Environment see,-24.703881,152.585233,58807,2021-08-31,Forest
Despite practice,-44.869482,-72.064414,54383,2020-10-02,Urban
Physical either,77.529196,126.104857,2289,2023-05-12,Grassland
Left and,-44.201638,124.188,171,2024-07-18,Tundra
Trip same,32.837626,-117.98738,69517,2023-07-21,Desert
Hospital choose,-47.77053,25.420269,90533,2021-10-14,Urban
Clear operation,-29.357111,-53.566746,66438,2020-11-01,Grassland
To single,61.210376,150.611592,75975,2022-12-26,Wetland
Organization under,-88.29579,121.229115,91177,2018-06-04,Grassland
Answer cause,59.935305,101.257021,96658,2021-12-23,Freshwater
Child there,-17.553167,122.445306,82131,2018-06-28,Forest
Often not,55.892271,-136.07798,36991,2025-01-18,Urban
Part film,52.755715,-11.028091,75365,2019-10-21,Urban
Different administration,25.302376,34.296991,51714,2023-07-24,Wetland
Course if,49.29061,138.760453,81784,2019-04-24,Grassland
Owner stand,42.585968,86.213218,58550,2022-09-30,Urban
His despite,77.441396,-102.705042,71360,2019-08-21,Desert
Quite moment,-65.260671,-174.698145,53752,2023-11-10,Desert
Board mouth,-55.084894,166.170583,60118,2022-07-08,Tundra
Want defense,-81.359223,24.838805,75110,2019-06-04,Tundra
Couple ready,-82.454548,-126.399214,61548,2025-07-06,Wetland
Include trade,9.254221,95.343265,46575,2019-03-11,Freshwater
Truth work,-35.261099,-4.041851,24289,2017-11-21,Wetland
Site remain,-88.632726,-168.684542,85668,2024-07-08,Freshwater
Top guess,-33.568568,116.812248,42024,2019-01-09,Grassland
Majority after,14.11015,-147.196254,17998,2019-09-21,Marine
Practice science,84.337951,102.203989,40928,2023-11-10,Tundra
Be recognize,45.264947,30.546932,23236,2025-01-24,Forest
Meeting doctor,-6.835934,-133.770863,82579,2024-02-01,Marine
Many market,32.819486,-145.493054,53568,2019-06-04,Urban
Because level,48.191142,45.309281,1901,2022-07-15,Marine
Different same,-49.806218,-25.236755,34158,2022-03-25,Desert
Across war,-35.458491,126.400919,30083,2026-01-22,Grassland
Detail white,-86.161361,-137.78725,42439,2020-10-02,Freshwater
Subject in,43.043715,4.246014,72860,2025-06-22,Grassland
Thought method,-1.932886,-82.027665,82349,2023-05-19,Freshwater
Enter system,-36.254875,-11.431952,20409,2025-07-10,Forest
Oil officer,-11.644942,-65.292837,61028,2021-08-24,Tundra
Toward sport,48.803037,-71.675535,64740,2024-07-09,Forest
Paper ever,-33.55172,-133.044719,8179,2018-09-26,Marine
Follow staff,9.848695,-16.497893,29570,2017-03-01,Urban
Both arrive,83.666673,21.28432,29189,2021-10-04,Marine
Between impact,79.570008,-159.322299,91258,2021-05-27,Forest
Good arrive,-22.934756,-45.279631,12109,2021-12-30,Wetland
Door attorney,-84.089536,-63.552449,68975,2026-02-10,Freshwater
Poor deal,55.554677,52.298103,81512,2024-07-14,Freshwater
Performance describe,30.671139,-100.076137,5259,2017-11-02,Forest
Staff seat,21.1057,-139.246846,94298,2025-04-14,Forest
Full bring,80.327742,-8.617419,93707,2022-08-26,Marine
Hope ball,64.508355,-108.751163,70815,2018-07-12,Tundra
Agency even,4.169597,-177.515398,24384,2022-05-22,Freshwater
Than fly,23.396623,-89.390348,56420,2020-10-12,Wetland
Health pattern,48.297763,-52.821242,45851,2021-02-15,Wetland
Bed agreement,49.642152,-133.512624,86409,2020-10-02,Wetland
Development question,-14.414982,-57.004297,15708,2023-04-11,Wetland
Budget arm,23.875591,-99.533778,57737,2026-01-19,Tundra
National style,73.508936,-169.388767,19951,2022-10-19,Freshwater
Sea she,-38.283628,-10.604083,41168,2025-10-02,Tundra
Cover poor,43.126844,-40.883445,60402,2025-07-08,Marine
Leg happen,8.052623,-102.390835,83617,2018-01-15,Wetland
Its itself,5.052442,179.070921,86944,2019-08-02,Wetland
Upon kind,21.414004,178.116878,4037,2016-10-24,Grassland
Age court,-47.473915,-160.150309,54811,2018-02-02,Tundra
Success data,-44.141555,163.493849,69867,2019-11-29,Marine
Military region,-75.952597,-151.820661,72504,2024-06-14,Wetland
Choice from,-70.061963,-129.755112,13966,2019-02-10,Forest
Director office,-21.832854,-14.357492,73120,2021-05-04,Grassland
Property serious,-12.417834,-16.676749,7306,2017-11-01,Wetland
Budget parent,4.710994,-128.838855,53593,2017-07-11,Desert
Southern catch,-48.63155,-132.594392,22555,2018-05-28,Grassland
Stand do,12.531149,-172.475821,18107,2017-09-25,Freshwater
Foot view,-42.046932,-155.105567,10472,2024-08-22,Urban
Soon can,30.35448,-159.711809,98522,2025-12-03,Urban
Cost since,82.254573,41.887964,52339,2020-09-02,Wetland
Play better,52.49711,162.616332,53695,2024-04-02,Grassland
Court measure,-48.539425,80.550215,85724,2020-06-20,Urban
Writer easy,74.50302,-67.820277,74331,2024-07-28,Grassland
Ability determine,-70.970924,23.929715,9936,2018-02-26,Wetland
Rich heavy,51.511568,0.222574,88388,2026-03-21,Urban
Environmental participant,-68.500959,-36.631038,71599,2019-08-19,Urban
Understand half,6.4959,-37.331651,32960,2017-08-29,Grassland
Cover son,-46.129815,-80.318832,47845,2018-03-16,Marine
Customer capital,-2.911538,-167.607099,97268,2025-05-25,Desert
Message know,89.118972,-112.073269,25509,2021-02-04,Forest
Serve upon,79.963554,-94.31746,42475,2019-03-27,Marine
Control certainly,-53.21726,-13.321442,5548,2022-01-16,Wetland
Fall kind,8.811107,-106.396022,90237,2023-05-15,Marine
Tend address,23.657822,-90.147495,60550,2018-03-25,Freshwater
Ago history,-66.218631,79.647977,77148,2018-10-27,Urban
Sure would,-0.284223,72.995966,54303,2022-11-25,Freshwater
Staff whom,47.684949,118.430589,13932,2026-01-03,Wetland
Entire executive,16.570497,75.100979,7668,2022-11-08,Freshwater
Special issue,36.939661,94.27686,22939,2020-01-19,Desert
Increase factor,4.87981,137.765479,35788,2023-06-09,Wetland
Significant whatever,58.796891,-72.049688,70655,2017-05-03,Freshwater
Perhaps politics,-85.598756,-10.426146,387,2023-06-28,Forest
Strong give,-3.925508,125.847848,33386,2021-05-21,Tundra
Bank always,-37.795879,25.527274,32383,2019-12-10,Grassland
Hit he,-46.403793,-16.105357,72995,2024-10-22,Urban
Spend animal,-14.961962,-93.40062,38413,2019-01-18,Urban
Near color,22.524843,-110.290638,1407,2024-02-27,Desert
When discuss,-69.61227,-160.75951,34146,2017-01-13,Urban
Score important,-9.156322,-93.373647,69309,2024-05-05,Desert
Will stock,-35.908492,144.494837,65751,2018-11-06,Freshwater
Job bill,-28.654595,79.06393,43098,2017-11-10,Wetland
With statement,-55.804518,55.043021,73163,2019-05-16,Freshwater
Well world,18.510221,74.573357,48714,2024-07-21,Freshwater
A long,47.654398,-8.849781,81056,2024-10-28,Urban
Wall their,29.661568,28.660927,32267,2024-05-30,Marine
Vote buy,-32.046987,26.266847,24646,2022-07-26,Desert
Safe range,3.962315,-79.476803,19416,2019-09-24,Urban
Base today,7.152536,-34.492046,48087,2017-08-21,Freshwater
Plan upon,53.608227,65.332587,19487,2017-06-17,Desert
Hit want,-20.538839,137.754268,66678,2021-09-29,Freshwater
Board environment,29.465761,-56.756684,5831,2020-07-20,Grassland
Member put,-40.576991,-112.144451,41079,2019-07-25,Urban
Green art,23.592805,-38.180488,85430,2026-02-11,Urban
Executive increase,14.882885,75.889341,36068,2022-07-08,Marine
Entire sense,80.479342,46.787268,30171,2022-05-13,Urban
Consumer hour,76.341893,34.270493,39031,2025-06-14,Tundra
Success minute,82.790583,9.269615,64836,2018-07-01,Desert
Simply risk,81.344462,163.143232,23999,2023-02-04,Grassland
Meeting hear,81.581022,-147.411298,226,2026-02-14,Freshwater
American decade,-67.908391,86.969966,25800,2021-09-14,Freshwater
Material spend,-13.963747,-170.991702,44658,2019-10-27,Marine
Avoid pressure,-14.902912,34.060861,58685,2023-08-31,Wetland
Mouth west,-1.092383,87.719568,54774,2018-09-11,Forest
Help go,87.953251,82.830578,32736,2022-11-08,Freshwater
Say begin,-29.877522,71.487217,4890,2017-09-21,Wetland
Statement system,-86.37301,-166.786775,75393,2017-11-30,Marine
Degree south,-54.063338,-93.152203,33842,2022-11-26,Wetland
Character finish,-71.747791,-62.805349,94651,2016-08-16,Wetland
Leader environmental,-84.151313,-35.344271,55555,2017-12-15,Grassland
Painting right,-81.326527,162.350117,97023,2021-12-09,Forest
Manage side,-86.075702,-97.198116,35453,2025-06-15,Tundra
Site rich,-11.707614,-118.026551,13312,2017-12-30,Tundra
Final computer,79.590974,62.319815,10760,2019-04-11,Forest
Finally perform,-77.675136,66.1278,10628,2021-09-13,Urban
Almost medical,-31.37105,-87.986364,26857,2017-07-27,Desert
Life yard,-53.502452,-36.682553,64357,2020-07-13,Tundra
Each number,5.789628,-88.642037,94565,2025-10-17,Marine
Consider professional,19.694767,155.691558,14300,2023-10-24,Forest
Character work,-69.449314,145.07277,50389,2024-12-19,Freshwater
Part writer,-73.003856,-79.784397,51081,2017-08-03,Forest
Would drug,-46.5375,37.484994,9556,2016-10-16,Wetland
Record sing,-2.397015,144.797865,32595,2025-03-04,Desert
Firm everything,-10.722079,66.072067,16934,2026-03-24,Grassland
Evidence media,51.090369,-149.784484,66895,2024-04-08,Tundra
Series foreign,72.672926,138.1355,75498,2017-06-13,Freshwater
Edge language,-61.891537,145.216381,66592,2020-02-07,Wetland
Into artist,-8.266145,-109.292116,75422,2019-09-29,Desert
Street accept,16.817533,82.253184,13069,2017-05-24,Marine
Paper say,1.544931,-41.682568,23425,2026-07-09,Tundra
Popular benefit,-43.301109,178.550442,757,2025-07-05,Desert
Staff tree,-84.92486,-69.663184,1181,2023-02-10,Forest
Parent debate,3.732869,3.63455,31790,2019-11-15,Freshwater
Catch likely,6.285735,-99.644252,90145,2020-07-29,Desert
Friend eye,-39.761233,-173.950004,60516,2023-09-18,Forest
Piece team,-52.552032,8.839828,89754,2019-08-22,Marine
Not close,-18.612414,-33.09834,36736,2021-04-24,Grassland
Eye response,76.241972,-98.678683,11112,2024-10-16,Urban
Media blood,39.5075,-124.088884,97610,2026-02-11,Tundra
East series,-45.306921,-135.815436,36572,2018-04-06,Tundra
Feel speak,33.437385,-46.584396,69042,2018-10-15,Desert
Total policy,49.545653,63.938393,47980,2025-11-06,Tundra
Senior ball,87.058042,83.499633,36770,2023-03-20,Desert
He edge,-24.119043,-68.124703,97339,2017-02-01,Grassland
Interesting point,-30.061368,38.059421,10944,2024-11-01,Freshwater
Explain I,31.321245,133.233448,14667,2025-04-05,Urban
Go either,62.547266,90.32892,93574,2019-07-15,Desert
Improve power,66.704037,-1.519004,33811,2020-12-08,Grassland
Recent none,-41.07239,-160.362266,64514,2025-08-06,Freshwater
Call good,-47.053642,-7.083703,110,2017-12-10,Wetland
Act try,-24.305556,31.670559,3289,2025-03-11,Wetland
Significant pay,86.001704,71.545612,77673,2021-05-21,Freshwater
You bag,-62.902917,-134.144378,60750,2018-12-01,Tundra
Card sing,18.388288,-174.943336,71293,2020-10-20,Marine
Accept or,-89.472303,131.168516,85808,2023-04-05,Urban
While must,-82.115682,-142.720373,37727,2019-02-20,Tundra
Spring system,44.108778,-165.894159,39794,2021-03-09,Freshwater
Lay now,-24.596103,-151.912108,10176,2017-03-15,Wetland
Employee relationship,16.464046,96.193345,5670,2017-02-24,Wetland
Large present,-76.163684,-15.443418,38682,2023-11-24,Freshwater
Debate standard,2.745738,175.563714,7296,2023-07-09,Urban
Nearly already,-32.785128,-51.822223,23636,2018-02-01,Forest
Network catch,-40.253901,83.853475,47489,2018-03-05,Desert
Accept approach,-9.439417,30.360734,69538,2025-01-01,Grassland
Language area,5.134075,134.851814,17592,2018-03-25,Wetland
Off wife,21.084073,93.884428,41972,2017-11-06,Grassland
Interest factor,72.219418,-145.496517,22086,2017-05-17,Marine
Land brother,18.550461,-71.70363,13979,2023-06-29,Marine
Authority resource,13.282736,1.18847,68083,2017-12-25,Tundra
Memory very,54.734233,55.234485,27216,2017-12-06,Desert
Example off,-6.618289,-155.494049,40822,2022-01-13,Freshwater
Look law,47.454719,-146.703867,60133,2024-02-21,Tundra
Strategy however,54.044799,12.162662,28413,2019-02-11,Desert
Civil knowledge,81.567059,79.876056,69546,2021-10-24,Tundra
Agent process,78.6044,110.326339,12418,2019-10-31,Grassland
Police enjoy,-42.974971,107.970562,24851,2017-11-28,Urban
Last million,0.148299,-100.005797,9379,2021-09-29,Desert
Same baby,69.931346,34.790623,70412,2025-05-09,Tundra
Contain throughout,27.03357,-171.663512,5716,2020-01-24,Tundra
Special job,-20.747018,-154.628536,17609,2022-03-18,Forest
More pull,-62.996724,-4.259454,55141,2016-08-20,Grassland
Me modern,-69.501621,45.160965,78646,2017-06-30,Grassland
Edge design,-76.180409,-6.266852,79879,2018-12-28,Wetland
View pattern,-32.311853,-149.884245,31347,2020-10-17,Forest
Your rule,35.609054,104.750807,75879,2026-06-30,Urban
Yes artist,-39.909219,-108.347279,22404,2017-12-19,Desert
Increase Democrat,-66.535227,89.816784,12800,2024-10-18,Urban
Quite actually,42.939546,-35.285706,33888,2024-09-20,Wetland
Feeling culture,-56.780036,39.033154,86987,2021-03-10,Forest
Actually blue,-45.582256,84.584266,49352,2020-08-20,Tundra
Executive mouth,-24.490363,-54.3762,35201,2024-12-13,Forest
Writer article,75.376585,-9.435192,86564,2020-04-08,Marine
Building plant,-69.232917,-73.173754,67701,2025-11-23,Tundra
Production although,-57.681169,147.963376,47549,2022-10-17,Wetland
Conference center,-71.576334,-63.902939,56886,2018-01-21,Freshwater
Into speech,-88.529489,106.206021,86315,2026-04-12,Grassland
Difficult director,-1.221661,-60.843007,55176,2019-04-22,Tundra
Century sport,-22.988376,-116.800181,5278,2024-07-11,Urban
Order beat,38.539335,16.925581,39364,2020-05-15,Desert
Partner read,20.05354,117.111637,68811,2022-01-20,Forest
Happen new,21.622826,-73.812921,22074,2016-08-30,Forest
Bed fly,-26.256483,-127.104035,93045,2017-12-02,Tundra
West respond,18.080199,-20.064797,31564,2023-07-16,Wetland
Material involve,-2.748505,-171.363162,61856,2023-08-18,Desert
Far onto,15.109511,-21.660251,90506,2022-11-02,Wetland
Point together,44.796483,-47.964537,79286,2017-01-09,Urban
It section,-34.558917,-142.219751,72881,2019-12-01,Wetland
Reduce inside,48.966461,-142.164879,49959,2022-08-07,Desert
Present college,39.57698,-22.610459,4931,2021-04-15,Tundra
Present sister,63.009729,43.231943,73876,2026-05-10,Forest
Hope nor,23.90627,179.356464,5153,2020-03-23,Urban
Reflect single,89.433402,-37.6353,80930,2020-06-10,Tundra
Civil lawyer,19.725724,164.095417,97833,2026-04-14,Desert
Chair thus,47.081119,41.288459,75123,2025-06-11,Desert
From man,46.949969,86.545827,97361,2023-01-18,Grassland
Can bar,56.163214,-0.042538,64360,2023-02-21,Wetland
Blue training,-52.207474,-179.52017,33420,2026-05-23,Wetland
Research score,12.348203,-75.133543,22098,2017-11-06,Wetland
Sell rather,-39.726528,116.294322,44477,2016-12-10,Grassland
Best officer,-63.649519,-162.375826,75032,2021-08-21,Grassland
Experience including,-67.431009,4.461648,9810,2017-02-25,Desert
Red agree,85.079529,134.13598,33648,2026-02-10,Desert
Country together,23.848906,-76.838099,90012,2021-01-01,Freshwater
Not but,53.282265,53.423122,27934,2019-09-10,Tundra
Sport talk,66.876968,67.135497,45850,2022-03-03,Grassland
Thank smile,46.14168,-128.346505,91205,2018-09-21,Tundra
Movie body,-14.966262,19.534065,66852,2020-06-07,Tundra
Fly tax,-34.157918,4.836128,33087,2018-12-05,Tundra
Stage either,-19.119987,3.140361,89277,2019-05-30,Tundra
Bar age,32.408333,-84.879363,48189,2020-11-11,Desert
Whatever side,30.062846,-176.778213,22358,2025-02-02,Urban
Say political,-21.921927,-47.637969,44616,2025-12-30,Desert
Bring place,21.834947,-107.016422,93276,2019-03-26,Tundra
Produce growth,-77.512343,-2.849302,43736,2019-04-27,Desert
Campaign style,2.062053,-20.825682,44649,2018-09-07,Forest
Might condition,88.349814,-68.621613,4923,2024-07-28,Desert
Other itself,0.859422,159.071697,93921,2017-03-23,Urban
Catch discover,-81.95464,9.659896,3310,2020-06-25,Grassland
Mr authority,-85.469689,-75.610314,91400,2018-04-05,Marine
Name PM,82.191071,74.159175,29764,2019-03-04,Desert
Issue there,61.054406,9.916339,73264,2025-07-01,Marine
Test let,-71.410387,-36.349169,69425,2017-07-31,Forest
Give else,-36.919617,-95.415107,53112,2018-04-04,Wetland
Like toward,83.713479,-100.778643,83133,2023-06-07,Tundra
Area war,-55.953884,109.695901,52535,2025-04-01,Desert
Cultural speech,-78.998577,40.917385,79386,2018-03-04,Forest
Chair material,73.065762,57.965109,78170,2021-02-25,Urban
Avoid whose,55.484623,41.850769,87726,2019-11-11,Urban
Current price,21.185041,168.972037,26755,2017-01-11,Freshwater
Key I,-59.136994,-170.298261,26951,2018-11-15,Grassland
Onto day,-41.875436,106.576548,13459,2026-04-30,Forest
Involve detail,7.888678,-81.880509,25592,2024-11-11,Grassland
Especially clear,8.853817,27.342014,43557,2021-12-15,Forest
Career high,-2.284324,24.497164,12226,2024-03-02,Forest
Item up,23.148365,157.869523,81521,2024-06-04,Freshwater
Sister find,41.469667,-96.657262,52785,2018-07-26,Urban
Trouble candidate,78.132921,-145.386911,51442,2023-12-18,Forest
Especially game,46.827489,-75.798488,19023,2022-09-27,Wetland
Chair age,0.049057,88.315505,66338,2021-03-30,Wetland
Move prove,-4.498846,126.055388,83785,2022-11-29,Forest
Raise place,86.627557,-38.170169,14936,2016-12-28,Freshwater
Tree traditional,14.866306,63.976561,54419,2025-07-07,Freshwater
Senior political,62.593456,-36.939031,87066,2020-10-28,Wetland
Floor difference,13.257972,-93.999457,37226,2018-06-22,Freshwater
Positive statement,69.834929,-145.288057,98959,2018-05-06,Marine
Knowledge but,9.359545,-53.564233,62273,2024-07-04,Urban
Moment actually,72.28091,112.90679,28941,2018-05-09,Desert
Mind themselves,-45.04713,80.939846,77948,2019-05-28,Wetland
Where international,-67.365121,145.899021,35685,2017-09-22,Freshwater
Son sit,-64.120902,-85.647957,69027,2020-01-25,Wetland
Staff must,-32.469978,-161.143331,62148,2017-04-10,Desert
Meeting he,-82.895467,38.074137,90329,2019-08-06,Freshwater
Season leg,-59.494072,86.073304,51685,2018-08-02,Tundra
Lawyer side,-27.132235,153.875775,63023,2025-12-15,Freshwater
Price Republican,-6.098196,134.45535,28237,2017-04-17,Freshwater
Election half,-34.383119,-174.149243,85292,2021-11-17,Freshwater
Who but,40.131079,-82.216126,96841,2019-10-17,Marine
Firm which,-3.440702,-132.576118,636,2018-09-08,Marine
Standard appear,33.664715,26.780423,94547,2026-05-31,Marine
Bad dark,19.142498,104.563506,1256,2018-10-17,Grassland
Left ever,-89.110026,126.007842,10237,2025-09-10,Desert
End bad,30.049732,-46.491934,22783,2019-09-18,Freshwater
Box deal,3.570099,-153.542924,27855,2017-10-06,Forest
Difficult would,68.139157,71.611107,44200,2016-10-21,Freshwater
Range whether,53.353066,-125.979692,60866,2018-01-29,Urban
Least affect,37.83808,-19.810235,75724,2025-03-21,Tundra
Necessary agree,82.884752,-52.987908,87642,2020-09-21,Grassland
Ask way,-31.120116,14.431898,69379,2025-01-31,Freshwater
World cell,-82.879917,72.966564,85713,2021-04-28,Marine
War suddenly,56.191527,124.712095,96504,2024-02-07,Desert
Better low,80.490476,-54.319132,43166,2020-02-04,Grassland
Pm hand,89.167923,105.345459,68595,2021-08-23,Marine
Tough rock,22.861127,169.313803,38721,2020-12-26,Desert
Town determine,-66.10166,-106.024178,70687,2019-10-12,Marine
Policy their,-17.796937,-160.6209,89944,2021-07-07,Forest
Federal remember,-7.628172,137.384279,17412,2022-03-07,Marine
Hope whatever,43.280203,93.851109,63172,2026-04-08,Marine
She animal,79.343587,87.576177,17141,2025-10-26,Tundra
Catch attorney,10.372122,14.362693,62243,2023-10-13,Grassland
Debate pick,53.679759,143.02402,81858,2017-10-10,Urban
Modern visit,71.764162,-19.079486,96729,2018-10-07,Wetland
Red attention,-70.745168,-19.967931,68181,2018-12-04,Marine
Great manage,-58.162066,179.101143,98579,2018-05-18,Tundra
Keep read,42.87297,177.596304,3332,2022-06-01,Tundra
So just,-17.012038,-125.959185,42130,2024-03-18,Wetland
Carry notice,72.82961,-160.025652,10131,2024-08-06,Wetland
Option student,-39.455233,117.257632,56226,2018-05-04,Wetland
Involve term,37.673525,153.254078,46045,2018-01-18,Forest
Reality agree,-68.28326,153.359378,58104,2020-02-21,Grassland
Without share,-8.72491,160.665411,98187,2020-08-30,Tundra
Program movie,22.976802,-117.074384,42554,2017-12-03,Tundra
Nature unit,-74.469503,5.101862,40821,2023-03-10,Wetland
Treat catch,85.223991,-56.846299,66441,2018-03-21,Forest
Hope where,19.460751,-159.509311,35523,2017-10-15,Tundra
Experience fine,71.146261,-17.987245,4043,2019-03-01,Grassland
Lead here,2.84883,-97.877682,42772,2021-04-22,Freshwater
Science really,-57.0189,49.590385,21028,2019-11-23,Marine
Brother like,80.486849,-26.788626,81136,2017-02-19,Urban
Wind executive,74.319536,27.166912,77857,2016-12-09,Forest
Material watch,59.513894,174.140192,43159,2025-11-20,Urban
Dream whatever,23.776589,170.077834,95025,2023-03-22,Desert
Whole key,41.756168,-106.541356,63208,2023-05-18,Freshwater
Tell sister,64.380469,95.453938,18570,2022-01-07,Wetland
Where southern,35.772436,-7.721248,69613,2023-08-15,Grassland
Reach space,-51.572437,95.231775,63539,2018-12-25,Tundra
Actually family,83.579434,114.52717,87436,2026-06-03,Marine
Group marriage,-19.949125,-75.615332,8198,2018-08-12,Forest
Conference get,-68.106619,-115.482542,64529,2025-10-27,Marine
Partner watch,59.302291,-79.064628,47685,2022-07-22,Urban
Glass economic,72.023622,-16.87543,99991,2024-07-03,Marine
Recently relationship,54.669106,-102.128623,24862,2016-07-22,Desert
Official hard,-3.767289,-40.70669,42173,2019-04-17,Marine
Discuss your,42.944335,129.912812,71036,2019-04-21,Grassland
Only party,48.470978,123.117703,48542,2021-07-22,Freshwater
Pretty determine,20.155697,37.025974,23551,2026-03-12,Desert
As nothing,-11.965954,115.219668,29830,2020-12-20,Desert
Society like,55.002391,-30.184964,635,2024-12-14,Desert
Good leg,82.390221,169.585158,13063,2023-11-30,Tundra
Business dinner,-12.286789,91.631143,52488,2024-05-02,Marine
Turn page,36.585104,37.60549,34652,2022-10-26,Wetland
Message provide,62.317705,130.969746,41459,2021-01-08,Forest
Reason new,-31.966232,-175.393046,73040,2016-09-02,Tundra
Mrs but,24.758727,50.372645,41236,2025-12-23,Freshwater
Pattern question,72.472714,150.521876,85591,2024-06-23,Desert
Defense outside,-39.140368,51.154226,41214,2020-04-13,Grassland
Reduce floor,-45.429962,140.069191,86472,2016-12-20,Marine
Skill debate,-60.865549,34.580523,23261,2026-01-05,Freshwater
Mother collection,49.10144,-45.277877,14131,2021-11-23,Freshwater
Good least,-74.831792,-45.059363,28246,2021-12-16,Desert
From lawyer,62.81244,-146.22193,64185,2020-03-31,Grassland
Site employee,23.274839,27.337257,31101,2024-02-14,Freshwater
Reduce fine,-11.061287,99.569803,57348,2017-08-19,Urban
Rock physical,-6.912892,-117.057291,99850,2023-06-07,Grassland
Wait street,-73.711162,86.051265,1328,2017-07-14,Freshwater
Defense politics,8.107601,145.972537,61350,2021-12-12,Freshwater
Sport work,-24.534687,-118.930774,61007,2025-06-10,Tundra
Hope include,74.911509,-40.172663,77707,2018-02-18,Marine
Culture world,-43.284581,66.223741,2533,2020-01-02,Wetland
Law news,-20.457508,177.462692,77762,2019-10-07,Freshwater
Everything like,89.742145,59.492743,54975,2020-10-14,Wetland
Seven buy,18.080094,-53.942564,39570,2019-07-04,Grassland
Fine energy,88.439673,133.167922,23970,2025-05-04,Forest
Arrive the,-1.023239,-40.76196,87204,2024-09-15,Freshwater
Entire region,-21.121478,-167.989168,30919,2016-07-20,Wetland
Skill short,61.914565,60.008093,77171,2025-05-01,Urban
Let land,-71.146172,132.15443,95038,2021-05-11,Wetland
Return state,72.77231,-110.157001,98000,2016-09-16,Urban
Charge eight,4.235442,-148.968316,72009,2026-04-09,Wetland
Stop cover,-85.373537,-57.11429,97338,2020-02-12,Marine
Attack live,-11.52918,-76.158387,42207,2016-09-27,Freshwater
Pass identify,-74.554402,-65.021507,57634,2017-05-28,Desert
Kind investment,-31.345053,-31.709145,19735,2017-04-15,Urban
Sing environmental,-8.849738,54.765818,23852,2022-11-13,Tundra
Often forget,22.767044,165.66506,42522,2016-09-14,Grassland
Any year,56.463753,-93.608519,75909,2025-04-26,Urban
So player,9.811141,141.323088,91744,2024-12-23,Grassland
Report week,-23.784293,164.650028,44866,2018-09-19,Desert
Sister six,-69.276417,139.888994,32877,2024-02-18,Grassland
Treatment affect,-79.996109,75.6819,65697,2020-03-03,Tundra
Reveal player,29.508745,-85.30052,4623,2025-06-23,Marine
You last,34.86949,154.376832,55575,2021-02-24,Desert
These center,-2.375248,-14.621686,67818,2016-11-08,Tundra
Wear challenge,-51.831358,178.98903,18646,2026-01-19,Wetland
Treatment affect,63.476091,55.757532,23969,2018-07-25,Urban
Push election,32.803507,-87.004877,69868,2024-02-15,Urban
Cost adult,-7.247688,125.110927,49589,2019-11-21,Urban
Sport trial,86.445843,72.857615,34669,2022-04-06,Freshwater
Course task,16.763037,-59.353163,94876,2022-11-20,Tundra
Catch dog,-43.508156,98.690505,27602,2024-02-15,Grassland
Skin recently,81.721882,-156.94695,54157,2021-11-28,Freshwater
Scientist full,-1.1131,55.454459,25540,2021-06-17,Freshwater
Quality necessary,52.6982,127.960784,94851,2025-12-22,Freshwater
Protect degree,0.40788,42.317793,49902,2021-08-18,Urban
Draw fund,-38.642526,-149.259516,5854,2024-04-14,Grassland
Community part,-53.431703,-64.048142,44991,2023-05-28,Wetland
Table head,58.599285,-71.935184,7902,2018-06-01,Grassland
Serious discuss,50.751587,-155.723871,1762,2022-01-16,Freshwater
Relate design,39.879211,-162.254873,29090,2019-01-17,Wetland
Couple beyond,31.312275,-100.49465,99892,2017-05-14,Marine
Brother tell,-87.631845,12.114542,16282,2022-11-19,Freshwater
Situation offer,43.423551,-8.484796,89856,2017-03-05,Forest
No follow,62.434549,-102.313862,10833,2022-07-01,Wetland
Republican letter,71.890697,-76.664143,69975,2024-02-03,Forest
Reason total,-72.326945,-145.807863,93316,2025-12-18,Freshwater
Poor could,64.565476,-35.060415,68182,2024-03-23,Desert
Turn role,-61.628766,123.163959,33236,2016-10-15,Grassland
Media consider,-42.404241,-108.181139,64540,2019-12-09,Freshwater
Blue real,-54.742981,55.922993,56922,2018-09-24,Desert
Themselves show,29.151499,101.475874,74756,2024-10-15,Grassland
Doctor somebody,-47.673161,124.788203,85266,2020-10-07,Tundra
Land conference,45.267828,-127.262942,2622,2026-03-19,Wetland
New necessary,86.671029,-112.900483,43804,2020-08-19,Grassland
According Congress,-45.940202,-33.339389,87454,2019-12-29,Freshwater
Be fine,-58.488683,-30.539873,59072,2019-07-26,Grassland
Though machine,57.471437,-34.589379,17887,2019-09-15,Tundra
Music because,-32.109196,-129.386182,91812,2023-02-20,Tundra
Board television,17.372059,92.514509,62752,2023-10-15,Marine
Compare close,9.928338,30.552289,35676,2026-04-22,Marine
Tend reason,70.780377,103.825896,74775,2019-01-26,Grassland
Manage our,89.744673,-98.282249,95388,2022-08-18,Wetland
Entire item,-48.860201,18.523624,13421,2016-11-25,Marine
And old,85.46621,-49.575275,31894,2022-03-22,Forest
Believe budget,-10.211352,122.764065,7709,2019-06-10,Freshwater
Always much,56.122902,4.113437,37550,2018-12-24,Grassland
Far member,-39.287773,-16.583634,30869,2022-10-26,Forest
Star notice,-58.283509,-40.749184,53416,2019-03-23,Wetland
Never throughout,-30.253032,25.615035,84555,2018-12-28,Forest
Week suddenly,26.596064,99.452915,58775,2017-09-25,Tundra
Our visit,-25.055075,54.064393,64773,2021-01-06,Wetland
Try air,-87.893607,47.82994,6890,2017-06-07,Grassland
Force civil,-54.476641,71.68402,16793,2017-06-28,Wetland
If officer,83.301046,162.759694,43770,2022-02-21,Forest
Fight yet,10.01573,-26.695282,23597,2023-09-03,Wetland
As during,41.297283,-85.064768,28188,2019-08-31,Forest
Up TV,44.561856,-16.649199,71625,2018-10-17,Forest
Thing onto,-83.953417,-45.545292,37223,2018-04-20,Desert
Sell staff,1.180384,28.920731,35159,2022-11-14,Grassland
Network thing,-32.354561,-66.035403,68596,2019-09-17,Urban
Camera himself,-85.116356,66.599642,29994,2024-01-08,Marine
Relationship modern,-29.032832,72.963768,35651,2016-12-26,Marine
Writer your,-89.366291,-107.761113,24329,2021-06-01,Forest
Involve white,56.781114,-119.826801,59321,2019-05-05,Marine
Mother party,56.629101,39.124215,2199,2018-01-10,Forest
Remember price,-54.454061,21.483025,21791,2018-01-09,Urban
Practice film,38.837,-119.668526,30790,2022-02-25,Grassland
Fact send,-54.940046,160.842367,99285,2018-03-17,Grassland
Letter list,46.193834,-88.829495,73300,2025-11-11,Marine
Explain world,56.757065,-48.197437,35026,2021-07-04,Urban
Economic administration,78.647529,-35.352161,61559,2026-02-23,Desert
Any safe,11.973641,21.481611,80186,2023-01-13,Freshwater
Cut kid,-54.998549,37.920896,93314,2021-06-10,Urban
Affect those,52.201042,-9.103215,95662,2022-01-20,Forest
Put up,-18.930292,-32.164991,47478,2025-10-05,Forest
Difficult star,-36.877,161.862724,51284,2024-06-20,Tundra
Reality international,-53.675542,52.868717,33788,2018-11-11,Freshwater
Help enough,9.785691,50.055066,55534,2019-01-20,Tundra
Street understand,-42.333348,38.996653,22027,2022-05-06,Desert
Executive head,-14.330397,2.47467,29366,2017-09-16,Freshwater
Class range,31.050233,109.471385,63620,2020-05-28,Freshwater
Anything security,-79.933079,-30.900153,11561,2017-09-04,Wetland
Either raise,-28.415607,-30.358824,22942,2025-01-04,Urban
Old president,-60.619917,48.356077,76383,2019-05-25,Forest
Hit service,28.846764,53.448323,78956,2017-02-10,Marine
American continue,59.465721,46.38257,54981,2021-08-24,Forest
Truth receive,54.813077,58.198826,22112,2024-10-27,Forest
Per someone,3.978218,86.142428,5856,2019-12-04,Forest
Time TV,46.306092,139.810686,28401,2025-05-17,Marine
Coach form,-53.597297,-3.762527,30628,2023-01-02,Wetland
Rather in,-47.938866,-43.25962,67507,2026-02-03,Freshwater
Market career,53.214771,-7.786833,91519,2025-04-07,Grassland
Eat politics,-45.412673,147.873089,85064,2023-04-19,Marine
Property bit,-21.368061,-101.079661,13492,2018-06-25,Wetland
The save,-87.293321,-54.208669,81570,2019-09-21,Forest
Human very,6.548496,-133.018871,22324,2025-12-05,Forest
Smile pretty,-20.70695,96.725628,64065,2022-03-24,Desert
Offer table,3.880519,49.592033,81518,2025-11-05,Marine
Political move,-50.834651,103.833698,11258,2022-12-14,Urban
Although role,77.345748,112.648342,36536,2017-11-25,Urban
Quality but,-17.497319,-32.847037,36061,2022-12-03,Desert
Member he,63.565797,104.322316,63530,2021-06-09,Desert
Let wrong,13.274157,-121.267984,955,2025-08-21,Tundra
Much great,-12.001751,136.512892,89733,2019-12-27,Tundra
Front put,-23.250288,165.803675,6639,2020-09-04,Marine
Pick animal,-4.66376,-59.642045,16742,2020-01-18,Tundra
Evidence environmental,13.155688,175.405487,78783,2018-10-05,Wetland
Remember foot,72.928595,33.291011,5168,2026-02-14,Freshwater
Employee purpose,-24.457404,2.225244,24820,2025-03-14,Grassland
Never camera,-17.963416,-111.367894,64718,2021-09-20,Desert
Represent agency,42.326115,-43.053768,44496,2018-07-19,Marine
News realize,62.167891,130.464644,423,2024-06-11,Grassland
Quickly purpose,37.507821,34.887286,39497,2024-02-15,Wetland
Save only,58.24233,166.826282,88179,2019-06-26,Tundra
Likely little,-55.042533,144.212084,10329,2026-04-04,Desert
Election education,-26.165589,94.958358,91018,2017-12-30,Urban
Some most,-42.404111,148.641895,10056,2025-10-13,Grassland
Somebody beyond,36.947632,118.445675,53103,2018-11-07,Tundra
Trouble door,-80.609471,-13.293362,19449,2023-04-25,Forest
Idea however,-65.849362,144.003308,3725,2018-04-09,Desert
Deep often,48.12687,174.726145,68094,2023-08-17,Marine
Current bar,6.617305,-115.150212,78733,2019-06-26,Marine
Chance player,72.99014,-144.095424,51757,2024-12-12,Wetland
Employee forget,20.792344,120.061879,60859,2025-06-30,Forest
He per,-35.840129,-157.535607,90244,2024-10-08,Forest
Population similar,-44.356927,176.918258,50249,2024-08-07,Urban
Record environmental,87.464619,-166.632778,44146,2018-12-29,Marine
Bank difficult,56.795199,126.881927,11352,2024-11-24,Freshwater
Many seek,23.542476,-80.355747,71990,2020-08-14,Freshwater
Very song,-28.993537,-134.190139,32039,2019-12-06,Grassland
Drop industry,83.759555,-21.60235,42933,2022-04-27,Urban
Right during,61.242551,45.767767,5142,2019-12-15,Freshwater
Physical day,-62.411992,32.02703,13646,2018-04-01,Grassland
Participant possible,-5.740757,-44.916726,29057,2018-11-29,Freshwater
Eat individual,-48.822743,-177.06199,38641,2020-08-26,Marine
Attention indeed,-5.363465,-27.240004,44674,2023-01-12,Tundra
Before reflect,45.965273,32.7956,55223,2016-08-01,Wetland
Best available,78.541401,-95.722477,50604,2018-07-07,Tundra
Music long,41.084039,-114.337715,70211,2026-02-03,Urban
Seat edge,-37.285847,-89.814661,8710,2022-11-15,Grassland
Through rule,-64.878526,-155.131792,30408,2024-05-22,Freshwater
Factor population,10.219667,-57.494081,18094,2026-06-02,Wetland
Because personal,57.272838,169.715219,65123,2025-04-18,Grassland
Day test,-87.71122,157.604257,29526,2016-08-28,Grassland
Force wear,22.735168,31.76716,2518,2018-03-10,Freshwater
Seven include,28.683844,-14.378907,95765,2019-05-11,Marine
Decade industry,84.884505,-70.12445,59380,2023-04-09,Grassland
Pattern not,55.488728,168.835332,19635,2022-03-17,Desert
So for,-8.824168,-128.011857,43466,2023-07-09,Marine
Sea serious,20.7097,-112.796402,82851,2023-05-05,Grassland
Service we,-76.196647,-177.968774,57626,2016-12-27,Grassland
Campaign city,43.658083,99.804347,28115,2025-08-24,Urban
Few thank,-13.048785,38.697743,72410,2020-08-23,Tundra
Help that,81.875039,178.961824,23791,2018-03-16,Urban
Significant big,-38.895281,-18.557679,90175,2022-04-22,Marine
Trip effect,43.214314,-105.349905,84164,2019-07-17,Wetland
Arm nearly,-24.92982,-52.267701,23152,2017-03-15,Urban
First beat,-54.574197,-156.348905,37436,2024-02-03,Desert
Direction some,48.958324,152.0432,53445,2018-05-12,Grassland
Walk way,75.305098,61.224896,84259,2022-07-15,Wetland
These whom,57.183165,-31.999266,34157,2019-07-13,Grassland
Similar prevent,-87.466111,-156.150503,98588,2024-02-08,Urban
Teacher industry,39.026286,91.944083,24055,2019-02-23,Forest
Guy system,44.131182,-135.779633,23104,2019-05-31,Urban
Visit least,60.759922,-106.621477,52021,2026-02-10,Wetland
Project interview,-64.549854,92.84835,9169,2018-04-20,Freshwater
Simply image,67.808764,174.493485,72972,2024-03-01,Forest
Upon picture,-53.685912,128.210972,38716,2025-06-06,Marine
Shoulder meet,-57.085315,-156.089713,90567,2019-07-29,Desert
Support modern,36.663006,-104.770842,76618,2017-09-17,Tundra
Nature art,-65.445098,-177.872698,28189,2024-07-23,Freshwater
Same about,44.951965,35.066417,10005,2019-07-08,Forest
Laugh act,26.644155,169.02205,48090,2022-07-05,Desert
Section since,6.518418,-31.264775,73232,2021-01-31,Grassland
Son instead,-9.676534,-101.65643,48344,2017-06-06,Marine
Major little,5.760439,-64.097199,26915,2021-10-27,Forest
Assume operation,11.250036,-11.43934,6154,2020-02-23,Forest
Hotel suffer,3.850397,95.492428,30685,2024-11-21,Urban
Why now,1.460084,-134.961187,52754,2017-01-20,Grassland
Main recent,28.23732,75.690054,72894,2018-04-23,Wetland
Strong north,-31.720498,52.670317,18066,2024-03-15,Grassland
Election though,-9.409722,26.199161,60440,2021-03-09,Grassland
Nor whom,-5.829691,-147.358331,69509,2018-08-23,Urban
Body dream,77.67789,77.79888,33768,2021-03-06,Marine
Design stuff,81.45427,-112.927613,30311,2025-08-24,Urban
West bank,9.972964,112.158567,60142,2017-11-22,Forest
Allow add,27.680051,-149.010483,54884,2021-06-02,Forest
Friend same,65.096366,-7.24971,13707,2019-09-04,Desert
National whose,-11.67577,-64.760726,39770,2021-05-08,Grassland
Off kid,-25.902132,-101.555185,23276,2021-07-03,Wetland
Clear structure,75.646376,95.747969,97946,2018-03-18,Urban
Coach huge,-9.091407,89.840838,9839,2023-11-25,Grassland
End factor,10.590746,-69.258247,8089,2017-01-30,Urban
Enjoy government,42.507203,-158.512806,60664,2022-11-16,Freshwater
Official window,88.442869,50.543379,37529,2017-05-13,Urban
Debate child,-10.777859,47.114098,75239,2024-11-12,Forest
International listen,-15.816343,-112.133127,49619,2017-03-19,Forest
Whether American,46.812595,138.005726,53772,2021-11-04,Grassland
Son senior,-42.486754,129.50951,34545,2022-12-11,Urban
Our sea,78.049879,68.236988,8958,2018-03-25,Marine
Set no,-86.179477,-11.761727,644,2017-05-19,Forest
Morning score,-60.097412,-172.637192,12291,2025-04-19,Urban
Learn education,-59.910634,-18.240896,48903,2025-05-27,Wetland
Stage task,8.820159,75.751529,691,2022-10-31,Urban
Spend prove,59.733131,-140.100646,47373,2025-02-21,Freshwater
Phone store,-73.832681,-63.345566,89207,2019-11-05,Freshwater
Pretty through,70.051468,-147.675213,28131,2018-07-27,Tundra
Discover here,65.708018,-172.924168,14556,2019-01-22,Freshwater
Local effort,-45.139835,61.166483,3831,2026-02-08,Tundra
Pick issue,-76.278226,-69.69682,88877,2016-07-24,Grassland
Form mind,-24.783263,-41.244141,45860,2017-06-12,Urban
Artist night,18.900272,-1.742414,62936,2020-07-02,Wetland
Current agent,65.34421,70.2804,60004,2019-07-28,Wetland
Free kind,46.667029,22.559036,64548,2024-10-07,Wetland
Which structure,-45.791752,-151.6406,95265,2019-05-20,Urban
It Congress,73.2492,-173.232614,21538,2017-03-22,Tundra
Through lot,65.036675,61.891176,122,2020-06-13,Freshwater
Food security,1.967043,-121.614729,76565,2020-09-16,Forest
Industry discussion,4.073391,11.370406,54122,2024-06-15,Grassland
Good deal,43.117115,-110.156687,44117,2019-09-30,Urban
Evidence onto,-5.480557,-112.415434,6701,2016-11-20,Marine
Those feel,64.080856,39.43425,98467,2021-05-13,Grassland
Write player,58.298068,9.943393,54081,2018-06-08,Urban
Husband must,16.496126,-66.143676,18004,2019-01-01,Forest
Specific task,-15.974774,55.604649,90262,2024-04-18,Freshwater
Station article,-35.64705,-46.99406,94683,2021-02-22,Grassland
Foreign believe,78.785347,-6.608092,90801,2025-08-11,Marine
Teacher start,-72.019544,45.53643,65309,2022-02-23,Urban
Her these,-19.974274,-161.456713,51064,2023-01-20,Wetland
Television citizen,27.869449,39.096301,90074,2024-10-18,Marine
Decide church,9.497875,-45.327066,88946,2025-08-31,Wetland
Not memory,81.294824,122.204818,12844,2023-10-13,Tundra
Leader front,-85.383693,-29.706746,74481,2024-04-29,Grassland
Age recognize,80.169427,-27.646319,63050,2024-07-01,Marine
Wind wrong,-70.356018,166.254458,96638,2024-07-02,Freshwater
Land offer,14.992502,-31.771225,41782,2021-04-30,Wetland
Choice nature,-70.504445,156.664029,40421,2025-04-28,Forest
Foot cover,32.691274,44.486193,11631,2016-11-16,Marine
Head floor,-11.182741,85.191627,8967,2021-07-01,Wetland
Middle activity,-14.129148,155.035698,4387,2026-02-08,Tundra
Ground thing,74.901957,106.930331,51178,2018-04-29,Marine
Store such,84.505672,139.387328,44354,2024-05-31,Freshwater
But yes,61.682594,126.882521,27515,2024-02-10,Desert
Teacher hour,-82.480509,14.752344,48533,2024-08-25,Urban
Store structure,-52.839121,-155.597463,71377,2017-04-28,Grassland
True law,39.851099,143.212684,83001,2025-05-15,Desert
Left spring,77.766766,98.917014,3937,2020-08-01,Grassland
Paper general,27.11037,-73.746769,78008,2020-03-13,Forest
Woman that,36.768626,-10.425667,25057,2017-01-31,Grassland
Audience share,37.980393,148.803055,79502,2023-05-16,Grassland
Old take,73.370139,-70.819881,85131,2018-06-14,Grassland
Consider travel,-4.108652,118.170079,65525,2016-09-15,Marine
Performance possible,34.986221,-113.771978,99318,2025-06-01,Forest
Remain base,-68.581316,-127.278234,33471,2023-09-14,Urban
Player plan,-73.84302,-150.018452,89654,2026-01-12,Urban
Miss sound,41.341543,159.946542,14816,2018-07-02,Desert
Production anything,-18.114857,-167.514181,68703,2016-09-05,Desert
Clearly in,-51.554819,88.449264,78223,2020-12-21,Marine
Hour catch,-66.791225,150.794133,57706,2020-04-17,Freshwater
Still cultural,-9.108654,118.584691,61023,2019-04-12,Grassland
Cup entire,-77.096284,50.477995,43459,2025-10-13,Tundra
Forward almost,-48.496521,-23.545547,43311,2020-04-01,Forest
Save defense,12.650147,-102.475333,5318,2021-06-25,Desert
Move seat,68.576599,82.00485,356,2024-03-30,Tundra
But word,-24.031757,30.020967,37734,2018-08-15,Desert
Charge ask,44.56852,-82.452,43373,2022-04-23,Wetland
Door five,72.902734,50.279364,69537,2018-06-07,Grassland
Religious adult,-2.975258,-39.366998,18240,2018-04-27,Urban
Upon name,84.924439,-47.201602,6957,2022-03-20,Wetland
This old,-10.099788,-21.067997,30321,2023-01-07,Grassland
And expert,27.112145,-61.402461,51544,2022-07-20,Freshwater
Especially eight,-43.182611,95.641703,96228,2021-01-03,Freshwater
Move note,24.306424,-167.107337,82500,2017-09-01,Tundra
Little hope,-62.816169,130.879829,56665,2018-09-24,Forest
Mission least,-24.198426,103.372538,8405,2023-03-02,Urban
Support effort,-83.4684,-60.356415,34116,2016-12-27,Freshwater
Social peace,30.507251,67.961443,24821,2024-08-13,Urban
Certainly another,-62.225549,-54.776263,718,2020-11-13,Wetland
Occur suggest,-31.1135,-38.132621,95562,2023-02-19,Marine
Chair example,-20.044737,-79.412857,40230,2023-12-22,Wetland
Between food,29.172322,-146.712483,90473,2020-07-08,Forest
Face particular,-40.572777,10.940988,87285,2026-01-26,Tundra
Ask boy,-14.663786,-37.614844,38256,2023-03-25,Desert
Painting lead,3.53102,48.345709,44387,2025-04-22,Marine
World million,-87.133291,143.557869,249,2022-11-17,Forest
Place hour,7.780059,-136.353944,88127,2016-10-01,Marine
Fund ground,-78.007304,150.934649,68387,2024-05-21,Grassland
Baby find,46.699781,65.990673,76173,2024-07-11,Urban
News law,-82.90232,-28.982629,97549,2022-06-06,Wetland
Stock science,-29.226022,97.854877,92708,2022-06-21,Forest
Catch heavy,-44.221268,-22.720601,11288,2017-10-03,Forest
School low,23.990318,80.846954,98821,2025-01-25,Urban
Drive girl,-65.537387,129.418596,96801,2016-12-22,Desert
