species,latitude,longitude,population,date,habitat
Outside thought,-87.819717,-134.676323,45665,2024-01-05,Tundra
Own audience,33.407969,-103.287143,53466,2022-11-18,Desert
Boy me,89.725569,-172.824224,72855,2021-07-29,Freshwater
Approach base,88.689988,117.970836,9258,2023-04-24,Freshwater
Later difference,19.024655,145.773875,83021,2023-12-13,Tundra
Able cover,42.374821,123.66664,95105,2018-09-05,Freshwater
Drop foreign,39.24563,-96.304855,36220,2018-03-16,Grassland
War wife,-75.178714,-122.440232,91961,2021-09-25,Desert
Order and,-43.767193,42.777308,32424,2024-05-05,Forest
Pull company,72.663023,-38.659524,84012,2024-04-20,Wetland
During for,-58.860773,21.490496,39474,2021-07-10,Marine
Capital born,24.049619,-58.270467,72685,2017-09-18,Grassland
Care drug,49.881064,-52.410145,34027,2024-12-30,Marine
Voice sing,16.6299,99.510853,36976,2017-08-29,Freshwater
Deep your,-5.88814,116.657077,18916,2022-12-27,Desert
Future public,40.487052,52.223176,75718,2020-08-01,Freshwater
Our left,-23.220539,102.91624,56425,2023-07-31,Grassland
Car follow,-61.577664,-133.949107,58636,2018-11-19,Tundra
Up cell,-24.373929,-106.270491,89716,2024-01-01,Forest
Bar hand,-85.963873,140.427088,10183,2019-12-02,Freshwater
Phone final,88.825449,-5.058116,73996,2020-12-02,Marine
Young ahead,41.396524,58.803064,8540,2019-12-26,Marine
Light rise,-15.890249,19.702765,82102,2020-01-02,Tundra
Analysis suggest,39.293768,-103.848008,9554,2018-03-25,Urban
Sound room,27.138719,-3.203798,43001,2021-05-02,Urban
Church first,-70.836603,122.626366,39171,2026-05-27,Wetland
Apply conference,-61.556356,173.178156,60813,2025-09-15,Grassland
Wide fear,64.522578,-29.19401,29673,2021-12-23,Desert
Central spring,-81.73188,-78.469207,29475,2016-12-30,Forest
Ready career,-67.986454,-3.551304,95436,2025-01-20,Desert
Drop kitchen,-53.48813,-107.947362,6134,2017-01-22,Forest
Its two,27.076615,-29.638529,75663,2018-02-25,Tundra
Support decade,12.198968,-45.925475,54009,2021-06-04,Wetland
Seat yard,-46.045352,-131.693117,87791,2025-06-02,Urban
Both science,71.137205,-119.06329,53308,2017-01-06,Desert
Method project,58.586719,128.704812,78845,2019-03-07,Wetland
Full line,37.327075,95.75586,94303,2019-10-30,Marine
Last number,-74.552348,109.211115,90456,2017-01-20,Wetland
Society page,83.483176,42.620037,25238,2021-02-20,Tundra
Religious debate,-57.36274,90.175692,29290,2024-03-23,Desert
Only stuff,-50.860751,81.403683,82598,2017-02-17,Urban
Mr body,3.337607,-166.705009,77981,2022-09-21,Grassland
Finally recognize,-59.273538,-88.006459,90726,2024-06-09,Tundra
Remember series,73.183911,100.851781,4552,2025-12-14,Marine
Consider write,36.385809,28.821733,65668,2017-04-20,Wetland
Any teacher,45.830199,58.603478,56563,2020-05-17,Freshwater
Dream decade,57.728636,163.018804,93655,2021-12-22,Forest
Plan name,-21.155147,18.599934,91719,2021-05-23,Tundra
Evening dinner,-62.774108,-102.354455,11687,2022-05-13,Marine
Turn street,-73.979154,-107.659958,89687,2017-11-16,Wetland
North right,11.643975,-76.978726,17622,2019-04-19,Forest
Through maybe,49.289713,66.399078,53989,2021-11-11,Forest
Like allow,-56.314744,-55.598212,85942,2019-03-08,Freshwater
Difficult key,-74.318466,0.823304,50763,2016-11-23,Freshwater
Toward individual,55.921592,-82.663889,25586,2022-04-03,Tundra
History need,-5.301144,-168.561721,66754,2018-09-09,Desert
Return after,-25.449444,-43.948679,73736,2018-05-24,Marine
Major service,-46.930423,-124.875598,68924,2016-07-26,Grassland
Sure road,-18.903527,-143.735408,741,2025-08-27,Marine
Serve eye,-37.829078,159.262091,57976,2021-07-07,Grassland
Various hold,-71.749623,-21.836886,11541,2024-01-21,Marine
Wall new,-16.509466,-17.245607,46335,2023-09-22,Tundra
Situation series,-80.071773,-2.752038,845,2016-11-27,Tundra
Power civil,-57.987829,51.185237,36516,2020-08-18,Freshwater
About occur,-30.570263,119.795161,61973,2023-06-17,Marine
Think article,49.82394,23.093445,79854,2017-03-20,Grassland
Technology least,-60.019146,-37.915392,10794,2019-12-15,Forest
Machine deal,76.448656,-50.36589,75569,2020-01-30,Forest
Order ever,-22.331324,100.905698,48351,2020-02-18,Grassland
Brother everyone,-64.398616,125.864353,96721,2019-02-10,Freshwater
Impact statement,7.490886,-145.309813,65427,2024-10-08,Freshwater
Knowledge matter,-21.431614,-76.234393,81212,2018-09-22,Freshwater
Side cost,-69.008593,68.264851,51803,2020-04-16,Freshwater
Stand face,-39.972268,-8.430378,22828,2022-08-24,Tundra
Dream particularly,19.685377,-122.727364,76312,2022-03-12,Urban
Arrive defense,-17.399553,-9.287341,55147,2022-04-27,Wetland
Along site,-13.900255,-40.334894,89982,2019-06-29,Forest
Also instead,-42.901878,-148.189255,23041,2022-10-02,Grassland
Term born,-8.933945,-47.564928,65186,2026-03-11,Wetland
Charge race,39.860551,-158.916165,88592,2019-03-19,Wetland
Director worker,-86.233131,73.762101,36943,2019-01-16,Marine
Pick yes,35.811239,-107.025894,31879,2022-02-19,Freshwater
Politics let,-35.919461,-29.602233,41881,2025-03-10,Grassland
Night something,32.247217,157.499226,5555,2022-03-12,Tundra
Card into,-30.981187,-4.990564,77807,2017-01-08,Tundra
Against part,-26.271358,132.16031,26586,2024-08-01,Marine
Assume believe,64.359586,-38.651456,61070,2017-07-20,Wetland
Air case,83.473349,83.799814,85063,2021-12-17,Desert
Blood fact,-6.147701,54.489072,27136,2022-01-18,Tundra
Garden to,-38.714488,86.149707,63941,2020-02-08,Forest
Position fight,49.778958,67.957332,43529,2019-09-27,Desert
Develop property,59.626095,161.293661,49216,2025-05-05,Urban
Security in,-30.835368,-137.781469,9172,2023-11-04,Desert
Book news,47.933287,90.995051,65828,2021-08-26,Tundra
Seem read,26.701926,158.362859,61092,2019-01-21,Grassland
Size song,-7.752307,142.435628,66074,2022-05-09,Tundra
Heart short,-73.22009,27.296125,69195,2019-08-02,Tundra
Drive dinner,49.209298,127.441228,67786,2026-03-10,Marine
Company nature,-78.388402,-153.940541,63238,2018-12-11,Grassland
Three place,-77.607917,-147.898669,22469,2021-08-05,Grassland
Particular past,-75.612207,-166.037109,2791,2019-03-22,Freshwater
Important little,87.835619,-37.380668,92477,2024-05-24,Freshwater
Poor former,67.398434,-116.466359,16049,2026-01-13,Tundra
Heart lead,-89.971489,117.254667,16919,2026-06-13,Freshwater
City factor,-15.112745,-107.54333,29992,2024-05-17,Urban
Thank unit,16.125981,5.868416,94997,2017-01-04,Forest
Physical relate,-47.299613,64.543241,13435,2019-11-05,Freshwater
World tonight,-4.294641,-108.610769,90960,2025-07-18,Forest
Stop level,-24.225285,-149.269886,94330,2022-08-05,Wetland
She couple,69.254856,6.404812,77433,2016-12-06,Tundra
Might west,-85.340589,-130.891383,60337,2016-09-26,Grassland
Necessary fast,76.83873,-3.805666,64141,2020-04-07,Forest
War store,-38.09275,-30.131091,96322,2017-08-13,Urban
Program from,58.143113,-13.969077,98508,2025-12-17,Forest
Beyond full,59.800502,-44.746608,86284,2021-09-01,Desert
Audience economic,56.790381,165.250285,49630,2018-01-20,Urban
Series as,-70.664179,50.540493,36775,2022-06-25,Marine
Left day,-82.851396,69.300261,55640,2026-05-25,Desert
Democrat poor,29.573247,88.825334,56187,2022-01-18,Urban
Himself those,-39.39278,103.670329,56156,2023-01-12,Marine
Present result,-86.054458,-176.861944,13875,2025-06-01,Tundra
Sit involve,-42.921286,131.606927,42137,2026-05-30,Tundra
By next,-34.544907,-28.532953,25128,2016-10-12,Tundra
True beyond,64.567782,43.280925,34793,2019-12-03,Freshwater
There begin,-74.222492,82.207923,27428,2020-03-25,Grassland
Focus keep,-69.665263,83.186509,79213,2017-04-16,Tundra
Sometimes hit,-82.70258,-120.008032,97873,2020-10-20,Urban
Fine affect,22.442522,92.107037,5622,2018-07-14,Urban
Young director,-62.690914,-13.821045,84176,2025-04-30,Forest
Hot mouth,-72.000209,150.602336,60427,2020-09-23,Tundra
Senior talk,37.628018,-164.697388,6109,2016-07-21,Forest
Article unit,54.009951,-143.533692,44190,2025-03-01,Tundra
Happy allow,-47.205527,90.100645,3869,2021-11-02,Wetland
Subject interest,89.003551,-34.618229,40276,2019-05-11,Grassland
Rate amount,83.363414,-5.39801,94498,2024-06-23,Marine
Not sit,56.511817,-100.008502,29192,2025-09-19,Marine
Loss level,50.722805,104.174373,44683,2018-02-09,Wetland
Throw past,-41.344071,86.14092,98383,2019-06-05,Grassland
Should side,28.910277,-38.826681,35490,2020-07-26,Grassland
Would spring,49.268915,115.462067,3766,2020-10-18,Desert
Small commercial,-25.171164,56.7571,99504,2022-11-23,Forest
Check guess,-42.944723,139.576592,29860,2017-04-29,Tundra
Compare ask,-66.606906,47.491179,65068,2019-06-11,Freshwater
Game key,-15.984713,83.749655,59665,2021-12-27,Urban
Nor offer,-62.454428,176.58943,1336,2021-10-16,Wetland
Ago pretty,-65.172639,-36.178969,74487,2024-10-24,Urban
Security lay,-58.480981,-168.934114,73340,2016-10-03,Marine
Raise including,-35.732851,-147.601871,39039,2023-12-28,Grassland
Prepare value,23.166523,106.100194,65005,2021-01-12,Urban
Amount blue,-49.118379,-152.886264,63256,2021-01-24,Wetland
Result also,14.767981,22.783673,68609,2024-12-27,Desert
Maintain sing,4.449343,-163.56952,50732,2016-07-19,Tundra
Reflect machine,-17.501555,178.52145,36104,2026-04-12,Urban
Reach animal,81.85075,-124.655997,12464,2025-06-02,Marine
Religious wear,32.567245,33.418349,63648,2021-12-05,Forest
Billion environment,-8.466818,-56.196845,18430,2021-02-08,Marine
Base pressure,-42.338231,126.214579,61085,2022-12-30,Wetland
Or while,61.188909,-6.906353,68221,2023-08-29,Tundra
Above safe,80.380518,127.575674,87623,2022-10-16,Marine
Society control,34.982229,-66.400157,30068,2019-06-21,Marine
Draw one,24.669169,127.697734,74890,2017-04-14,Urban
Third beat,22.830911,164.760808,33257,2022-01-20,Grassland
Good from,34.725058,164.729098,99482,2025-01-02,Marine
Condition affect,32.210414,141.857592,8683,2020-06-05,Urban
Worker senior,86.835869,-106.235809,31354,2017-09-13,Forest
Work wonder,-6.91993,24.095437,78231,2019-07-21,Grassland
Ground Mrs,77.234295,-129.426285,59566,2020-03-18,Freshwater
Rule provide,54.136002,-64.503231,25544,2023-05-10,Urban
Drug boy,19.695995,-177.645184,38376,2018-06-23,Freshwater
You industry,-82.905825,-25.155257,73870,2025-03-12,Freshwater
Well although,56.716496,-168.520993,84711,2024-07-20,Forest
Ahead defense,23.488833,104.036722,74538,2025-11-03,Urban
Friend within,-33.154559,-81.360652,3068,2017-01-08,Marine
Capital for,-8.392912,176.763753,43884,2026-07-09,Urban
Writer training,13.783919,-10.351383,69613,2016-10-02,Freshwater
Wife scientist,18.380173,0.972657,32667,2024-10-28,Tundra
Company bill,-8.408878,175.335199,65010,2021-09-04,Forest
Show right,-17.632285,-66.729844,51131,2020-05-24,Marine
From social,-3.750822,35.232423,40417,2023-06-14,Marine
Organization myself,28.973582,-69.392746,63636,2021-09-30,Forest
Republican window,-29.704982,78.960714,31144,2018-12-07,Grassland
Quite adult,55.013735,51.626574,23939,2021-04-26,Tundra
Southern southern,-77.675703,49.957352,5076,2020-12-19,Tundra
Pull PM,-25.040082,34.072211,16697,2023-02-28,Forest
Company physical,-71.144865,-54.28481,75766,2019-09-10,Grassland
Resource travel,27.774881,-137.313259,46171,2023-08-20,Freshwater
Age want,-54.377837,-41.719003,55707,2017-11-14,Freshwater
Federal degree,69.514037,-8.438651,72416,2020-03-08,Desert
Whatever smile,61.78073,-120.965316,81705,2020-12-19,Freshwater
Black choice,80.701138,166.294726,50893,2019-05-20,Tundra
Leader control,38.777042,-135.829529,60642,2020-03-07,Grassland
Might result,74.510455,-72.902934,23687,2022-05-27,Freshwater
Sound successful,-11.54439,-118.940965,97627,2023-12-31,Forest
Community need,44.783725,-122.399953,67480,2020-01-01,Marine
Same could,25.307014,40.017426,95102,2021-11-05,Grassland
Season read,4.799871,-158.268067,8986,2024-10-26,Tundra
Attack actually,-78.538612,102.61824,95276,2019-07-06,Desert
Good assume,69.415521,153.911495,21504,2022-06-07,Wetland
Fast offer,55.201539,127.354215,20701,2023-07-31,Forest
Itself conference,-3.998725,139.282686,60798,2018-06-05,Wetland
Family lot,-22.656488,-65.643284,30137,2020-10-18,Grassland
Economy culture,-40.846811,-160.429586,4530,2022-03-03,Wetland
Whatever performance,-21.435221,-22.350563,65055,2020-09-09,Urban
Stay degree,21.336006,-84.144875,2142,2018-04-17,Desert
Outside boy,56.591044,129.889903,21604,2021-10-16,Tundra
World control,56.815372,-117.92184,91344,2024-05-18,Grassland
Challenge catch,-15.993838,-130.832945,91846,2020-03-31,Urban
Out assume,86.130775,-8.527614,45908,2020-10-29,Tundra
Network mean,-27.865977,-14.277098,90007,2019-03-05,Tundra
Final work,54.379659,-96.473481,31305,2025-01-10,Tundra
Other performance,61.643398,48.641328,8145,2017-11-25,Wetland
Clear culture,-8.399336,50.168921,58346,2016-08-06,Desert
Else cover,5.762969,-39.395162,56632,2018-09-22,Freshwater
Focus when,24.977466,179.230148,88576,2018-09-10,Wetland
Church market,-9.033772,11.040012,73808,2025-05-09,Grassland
Until myself,51.716992,-68.088502,15087,2020-07-12,Grassland
Subject by,-50.614916,74.418138,33100,2017-08-25,Grassland
Bad challenge,65.006145,-152.913098,18156,2022-09-24,Forest
Always design,62.164043,10.280732,18220,2025-03-16,Grassland
Class theory,-61.483237,178.894186,63779,2021-08-19,Desert
Though blood,60.196502,32.191343,82311,2026-06-02,Desert
Western entire,87.840819,-162.003861,61484,2022-03-31,Desert
She run,29.564232,-39.926324,95714,2019-06-20,Freshwater
Laugh price,-38.193861,126.091268,65627,2026-04-09,Desert
Son effect,37.309019,-102.635973,48714,2018-11-19,Urban
Common seven,76.83191,-140.764015,89999,2023-11-02,Grassland
Away score,-87.170815,-84.449749,98633,2023-07-21,Wetland
Detail discuss,54.996931,-143.483728,55131,2026-07-11,Wetland
Risk example,-36.524554,-176.377928,28612,2020-08-30,Urban
Stay know,-34.759726,-33.464093,44016,2024-04-02,Grassland
But case,-41.320354,59.644126,60295,2020-06-09,Freshwater
Fast Mr,81.488479,-44.25173,21303,2021-12-19,Desert
Whether now,20.839194,-80.117378,26594,2020-12-04,Urban
I pull,-14.840762,-137.233419,45165,2025-03-16,Forest
Add smile,65.791998,165.534858,95672,2023-01-30,Freshwater
Social out,-65.381039,-35.637302,22435,2023-08-23,Forest
Find dark,83.31497,-24.690349,14656,2022-03-18,Freshwater
Most rich,4.180404,144.467507,35621,2021-03-20,Desert
Bar thought,40.404007,107.580034,76463,2020-06-11,Freshwater
Fill PM,-37.338627,-35.54252,79285,2023-12-13,Grassland
Affect campaign,73.66619,88.354795,47207,2024-12-21,Desert
Much truth,-75.667587,-49.300419,8932,2022-11-13,Freshwater
Sea item,18.947836,-97.115402,94165,2020-06-08,Grassland
Role study,74.315782,-22.645959,3477,2023-04-21,Tundra
Soldier second,43.388634,141.901931,44912,2016-10-26,Desert
Draw culture,36.627049,-143.506841,26886,2024-10-16,Tundra
Film agreement,83.80185,-15.271158,53422,2020-01-09,Grassland
Air hit,-31.791753,-99.584453,24481,2017-08-16,Urban
This measure,-6.689651,29.788366,3910,2025-07-01,Urban
Read network,34.143545,-59.663412,42941,2021-06-29,Marine
Education relationship,-64.935779,-56.738438,71546,2025-01-30,Freshwater
Common paper,88.363833,-112.168821,88674,2021-03-26,Grassland
First thought,66.89647,118.660129,42811,2016-08-31,Wetland
Break service,-47.269032,170.371627,93048,2020-11-08,Forest
Still year,83.048446,-112.880974,17910,2024-10-28,Urban
Paper work,-25.062243,-148.168968,38946,2023-02-24,Wetland
Shoulder network,-52.752783,-17.340485,4713,2026-07-16,Freshwater
Whose carry,-85.459571,-152.140975,16121,2018-08-09,Grassland
Easy would,12.40481,114.4829,96422,2023-12-18,Wetland
It to,-31.835044,68.11036,24238,2017-07-19,Desert
So add,70.077618,-157.78808,5006,2023-07-19,Urban
Poor public,31.853834,-29.409751,63604,2019-11-17,Wetland
Can eye,-26.238207,-145.980687,97623,2026-02-09,Freshwater
Own world,-26.547431,55.936837,29013,2023-03-17,Marine
Tv because,9.625915,-41.484216,58632,2026-03-15,Wetland
Spend building,-19.677097,100.28264,21936,2024-01-04,Tundra
Attorney always,64.195767,159.783673,27650,2019-02-19,Forest
Simply others,25.368017,-144.045157,77764,2019-06-21,Urban
Western tree,-50.753591,33.547429,11277,2018-04-09,Grassland
Exactly history,37.171948,-131.082708,30495,2026-06-04,Urban
Sure relationship,7.128559,64.482498,94341,2025-12-29,Marine
Run low,-88.874962,140.35413,31191,2021-10-14,Tundra
Concern night,-46.200588,-118.407685,2709,2025-07-05,Urban
East similar,4.687291,72.059228,52686,2023-08-28,Grassland
Decide floor,21.892444,73.545845,37320,2020-12-12,Marine
Memory form,89.372911,-59.355817,78145,2016-10-14,Forest
Fear throughout,-80.019076,16.083464,66101,2024-03-12,Forest
Road individual,89.330281,143.394947,15071,2023-11-28,Marine
Here suggest,-66.787607,52.346767,82900,2021-02-02,Grassland
Well include,80.693542,-34.478409,76222,2025-09-26,Tundra
Nearly soon,39.985267,65.502458,42730,2018-07-04,Forest
Indeed civil,60.306658,-127.206642,54360,2020-11-04,Marine
Deal keep,23.735203,-93.849137,76542,2017-05-10,Urban
Admit every,-51.46962,-132.362561,3110,2018-01-17,Marine
Charge walk,49.437422,86.624151,61162,2019-11-29,Urban
Ground author,50.157537,133.264458,77981,2020-04-28,Tundra
Area live,-64.335629,36.698139,26623,2026-05-07,Urban
College perhaps,53.312645,-168.723319,33340,2019-02-23,Desert
Moment treat,-22.538551,-37.03983,68187,2020-01-20,Tundra
Research this,-6.866452,-13.43599,90261,2019-01-02,Tundra
Police structure,-53.129156,-162.341179,97755,2020-06-29,Grassland
Two still,84.803894,105.807643,61196,2020-05-18,Freshwater
Thought article,-28.128145,-117.422886,81479,2023-07-13,Forest
Pretty begin,58.454132,-144.798949,39031,2026-04-03,Tundra
As institution,-34.800814,-53.730446,15803,2018-03-27,Grassland
Important turn,55.408768,-17.726576,59103,2025-01-27,Wetland
Light bit,-83.785358,-75.33521,39549,2018-11-21,Tundra
Say next,-54.10052,172.993024,36429,2025-12-19,Wetland
Morning fight,17.881574,157.241722,49784,2017-12-20,Tundra
Us happy,-9.109782,-85.712803,25911,2024-06-26,Marine
Not carry,41.806888,119.355285,38211,2025-04-19,Wetland
Within their,12.464302,61.942505,73581,2023-01-05,Freshwater
General glass,24.786184,47.342942,63666,2020-06-06,Wetland
Trial fire,-27.991639,-143.370963,42088,2019-02-27,Grassland
Drug word,-34.333608,78.323798,33742,2022-06-10,Forest
Very mention,24.08669,-103.855814,27884,2017-09-19,Freshwater
Small movement,-80.946503,90.260702,27651,2018-12-25,Desert
Lose throw,82.458061,-167.179343,4353,2026-03-02,Marine
Mind stand,-66.610515,106.003525,35709,2023-10-09,Freshwater
Note in,-58.063125,-70.061419,88018,2025-08-02,Freshwater
Light ready,-37.674091,-168.674157,17252,2024-11-06,Desert
Size foot,43.147455,-103.288727,70965,2026-03-14,Wetland
Stock inside,-64.944209,-7.978806,76372,2022-05-07,Urban
Energy player,24.522193,-108.057956,11683,2023-05-15,Freshwater
Summer election,77.038209,-56.398422,88033,2022-10-31,Forest
Allow answer,-1.043622,-167.051817,38679,2024-12-10,Grassland
Address evening,6.072479,-121.640699,87313,2025-08-17,Marine
A sound,29.372986,120.195961,65254,2023-01-18,Wetland
Her where,0.018013,-17.884133,84237,2020-11-17,Desert
Seat strategy,-56.120014,18.016373,29892,2017-11-13,Grassland
Great story,11.756355,84.165727,23103,2017-06-08,Forest
Movie something,-6.881852,53.082756,57183,2018-03-30,Desert
Class various,-28.945687,-115.020256,47548,2022-11-20,Marine
Begin mission,82.376799,57.816682,27447,2023-09-09,Freshwater
Amount voice,-6.997134,-30.990469,38003,2016-07-22,Freshwater
Summer data,-37.861543,168.903293,81259,2023-05-19,Tundra
Else garden,28.80432,-77.711902,42612,2022-01-31,Freshwater
Simply certainly,30.577609,51.88492,28929,2016-12-14,Marine
Heart magazine,-2.356255,16.003852,76747,2021-02-15,Tundra
Rate more,33.199089,-5.015729,28944,2023-04-19,Desert
Recently table,-32.646025,-114.810376,84369,2026-03-03,Urban
Condition run,31.082559,90.082719,79360,2020-05-10,Urban
Case center,-42.786894,146.654969,95359,2023-08-29,Urban
Agent term,-87.46883,-65.411068,7889,2017-03-19,Freshwater
Sit picture,66.370505,132.42677,96812,2019-01-22,Marine
Environment organization,-38.435441,-169.648396,74340,2021-03-15,Freshwater
Social test,6.011438,138.32348,76177,2023-06-09,Marine
Dream leave,43.069241,132.47535,70679,2021-08-17,Forest
Between shoulder,-42.859583,31.901155,97293,2024-04-18,Wetland
Time nation,15.609585,137.625492,29487,2018-05-22,Freshwater
How begin,-59.558554,-131.686087,47589,2018-04-18,Forest
Evidence minute,-35.403558,144.814635,6975,2025-07-24,Freshwater
Rich like,-33.632648,-49.900381,89026,2020-02-29,Marine
Create stock,71.378473,29.076724,47106,2025-10-11,Marine
Feeling kitchen,-54.173945,142.654013,90784,2018-12-14,Urban
You over,-6.897339,139.325139,76421,2026-06-13,Freshwater
Learn wife,-3.328544,149.401975,14482,2016-10-17,Desert
Rule third,15.932449,-15.70583,45196,2025-07-23,Marine
Seek far,0.707981,-45.480913,49823,2018-06-20,Wetland
Me trade,-49.549216,166.069618,48679,2020-11-29,Urban
Performance rather,18.46512,-5.778553,88550,2026-02-11,Wetland
Conference food,-84.241384,73.969028,78789,2025-10-22,Grassland
Site weight,41.659038,66.770279,24031,2025-07-13,Tundra
Young protect,80.597691,-76.026963,6300,2019-04-21,Tundra
Through third,-5.74269,-51.673137,83060,2020-09-11,Grassland
Early happen,69.702502,147.790763,1780,2024-09-07,Grassland
Near hot,-49.170978,120.053765,85432,2023-01-12,Freshwater
Play must,63.971967,87.736014,23364,2016-10-01,Grassland
Green body,15.078312,110.626392,29759,2022-07-27,Wetland
Treat wrong,43.199384,-108.059088,5769,2019-04-21,Grassland
Method second,70.600313,68.19779,14049,2019-03-15,Marine
Down police,-14.52779,96.619551,58072,2025-10-04,Marine
About letter,-61.849009,-69.945093,78538,2018-08-03,Tundra
Room daughter,68.117982,-116.775677,5305,2024-09-11,Urban
Once impact,11.040294,115.334016,44912,2025-11-28,Urban
Off wide,81.678059,124.880711,2511,2019-07-20,Freshwater
Computer for,45.971964,-172.313316,5529,2024-10-03,Marine
Success soldier,65.280748,11.573612,45716,2025-05-23,Urban
Record method,-59.762145,-150.870845,86610,2023-01-19,Marine
Land heavy,-10.954395,108.764683,20527,2024-09-26,Forest
Finally tax,47.857743,27.09062,73603,2025-02-22,Marine
Skin movement,-78.175858,113.96939,76786,2020-02-12,Freshwater
Thousand certainly,19.012715,7.521431,67885,2022-06-10,Urban
Style agree,-6.926126,-54.383893,91758,2019-09-02,Desert
Until if,13.833456,-163.476136,21783,2023-07-06,Wetland
Pressure reality,-14.915453,96.475299,90459,2018-01-01,Grassland
Sit fly,-21.193814,-175.56159,90162,2021-06-17,Freshwater
Office else,-72.179664,-29.109068,14789,2016-10-10,Forest
Method seek,60.81958,-77.207515,32001,2023-02-28,Freshwater
Concern which,-41.42342,-13.180057,10348,2024-02-25,Wetland
Team ok,48.390838,-132.023131,30010,2022-01-06,Marine
Where detail,58.270385,2.554278,59445,2021-03-18,Grassland
Growth the,3.188634,78.699948,9160,2020-07-20,Marine
Sea meet,87.806054,-62.391939,14485,2022-10-26,Freshwater
Change civil,-28.805321,111.046877,34525,2017-08-18,Desert
Security book,11.659825,78.624234,78208,2016-08-30,Freshwater
Interesting thousand,-48.403112,11.943709,84345,2026-02-20,Tundra
Out my,25.491618,116.863284,98462,2021-06-24,Marine
Play point,-86.809106,10.965283,75611,2017-12-28,Forest
Because decade,-14.687499,-69.211717,77751,2025-06-03,Tundra
Buy idea,-70.609768,-50.406426,58991,2019-01-10,Urban
Understand floor,-40.65669,113.23321,19126,2022-09-28,Marine
Situation opportunity,-45.707138,-177.156352,88927,2024-08-17,Wetland
Send increase,67.829032,-146.802416,57998,2022-10-01,Urban
Beyond assume,-75.240557,33.631036,98564,2019-11-03,Wetland
Change kind,-26.845064,171.134308,21378,2018-03-11,Wetland
So but,75.470924,154.192423,86166,2025-07-18,Urban
Girl wife,-63.300331,-106.413468,7763,2024-06-12,Freshwater
Best fear,-56.840031,111.140487,19717,2024-02-22,Marine
Behavior like,-23.041201,-116.742512,5441,2025-05-06,Desert
Themselves again,-27.951635,57.653076,84897,2025-12-26,Grassland
Personal anything,71.753963,-98.072451,52981,2018-12-28,Tundra
Of threat,18.141808,-4.768606,94350,2017-08-26,Urban
Eye management,38.850295,-164.261776,22739,2017-11-02,Freshwater
Lose site,-86.329181,-141.267155,65228,2024-06-21,Freshwater
Station official,89.551791,-46.543994,62139,2026-05-18,Desert
Law market,-86.942707,75.47028,72118,2019-07-06,Marine
Indeed religious,25.006389,-136.540001,91647,2018-09-06,Tundra
Prevent especially,-34.43447,-53.706836,22662,2019-08-09,Urban
Score color,-41.126698,-65.350754,69680,2016-08-04,Tundra
Firm art,-62.45904,14.376972,79388,2021-08-23,Freshwater
Agree hear,40.922536,176.91496,34921,2024-05-02,Urban
Structure help,-82.44351,164.396909,3796,2020-05-15,Wetland
Save later,42.884803,50.546144,48104,2025-10-15,Tundra
Head others,14.499377,97.13981,88200,2024-10-14,Wetland
Positive ahead,-53.870578,138.67351,93904,2025-05-04,Marine
Ground rock,78.376361,-34.198176,4548,2020-11-13,Desert
Partner college,51.79169,-50.193211,20768,2017-07-23,Forest
Onto pay,54.020357,100.616434,48121,2018-06-29,Desert
Fine side,-1.247056,19.240615,80145,2016-12-11,Freshwater
Bed check,77.095441,-104.65112,20752,2020-11-16,Urban
Customer office,-19.872886,-175.434278,60243,2026-05-24,Forest
Establish dog,-52.350718,-68.45576,30729,2018-02-26,Tundra
Positive somebody,-39.768344,-54.698527,78013,2025-12-14,Forest
Whether quality,-49.443425,171.51985,8875,2026-04-04,Wetland
Campaign fill,-79.727071,124.740068,98332,2018-03-12,Marine
Southern certainly,49.198562,118.312825,20045,2018-10-12,Forest
Front someone,88.86956,-68.276894,96335,2025-08-29,Tundra
Service worker,14.307987,-99.519898,26535,2023-10-20,Wetland
Meet edge,32.821595,-80.785829,25490,2016-12-07,Marine
Check group,40.327795,-133.04967,61353,2019-10-21,Marine
Him hard,-1.950882,-138.789922,39990,2023-09-30,Forest
Human seven,-2.409989,115.787115,42478,2019-08-20,Grassland
Big million,-36.938209,-156.536667,93853,2020-12-07,Urban
Write outside,-51.077934,75.186337,90758,2026-01-15,Grassland
Hotel difficult,-50.865721,63.99298,95526,2020-05-18,Wetland
I become,-55.218126,-61.368517,60531,2026-04-26,Marine
Should add,42.672572,120.716813,86814,2024-04-22,Desert
Nation join,-60.951553,82.726213,51444,2022-04-25,Grassland
Culture concern,60.547687,13.96826,1963,2024-04-26,Grassland
Rate ball,-30.652101,-172.555623,8451,2020-10-05,Freshwater
Likely scene,88.726926,141.981161,23360,2022-06-03,Wetland
All agency,20.025073,68.34843,10036,2018-09-16,Grassland
Sell little,-34.63157,-168.678024,40123,2019-04-11,Freshwater
Team bed,-29.032883,-141.97766,27244,2023-01-16,Tundra
Common answer,13.780761,20.407461,12239,2023-05-07,Desert
Discuss catch,46.349822,-53.308983,44753,2021-04-23,Freshwater
Later tough,-4.35207,82.307576,42201,2025-05-22,Marine
Determine decide,85.167995,-38.939929,92265,2022-01-28,Tundra
Lot reality,-38.248315,-91.563112,4621,2024-09-28,Grassland
Attorney gas,-85.72563,71.28549,32922,2025-10-04,Freshwater
New Republican,43.472799,-20.424073,80809,2020-07-30,Grassland
Impact simply,-11.335224,36.200269,51221,2025-08-28,Freshwater
Kid most,-51.81538,-127.406908,5416,2017-05-12,Tundra
Woman possible,-40.152687,-15.385867,35660,2021-06-23,Grassland
Leader road,36.028337,-9.326795,3330,2017-10-11,Tundra
Present water,-25.733233,-55.314407,50952,2022-02-13,Forest
Generation goal,-63.454505,96.171469,80625,2021-12-19,Urban
All similar,78.120408,176.661813,33575,2022-07-24,Tundra
Different pull,-31.827987,57.749696,29572,2017-12-25,Wetland
Half indeed,-28.158174,-142.81911,60640,2023-12-17,Urban
Type they,46.167256,-71.483263,43116,2017-02-09,Forest
Range close,-30.484058,-167.929838,31131,2023-05-26,Forest
Staff attention,-53.041726,23.714187,57535,2020-05-07,Marine
Put nation,-25.24658,148.905987,16615,2026-06-02,Forest
Not manage,7.696125,99.854731,11358,2019-02-13,Tundra
Crime former,68.390395,74.272954,32427,2026-05-19,Wetland
Industry laugh,-52.562828,117.148986,2696,2024-05-21,Tundra
Send bag,82.359952,151.223784,99341,2023-01-02,Tundra
Sign only,-6.371585,5.416259,41578,2017-09-25,Wetland
Ability myself,-78.286295,-97.29745,66024,2026-06-04,Forest
Opportunity today,-49.399581,-55.448618,21140,2019-02-24,Tundra
Finally nice,-60.27604,-170.266276,37978,2023-03-01,Marine
Near him,80.624942,71.872365,53291,2023-06-04,Tundra
Event end,-77.423315,13.81377,26450,2025-10-29,Freshwater
Provide help,48.599398,-100.501407,19712,2019-02-09,Forest
Another use,66.318628,-113.685018,59771,2026-05-11,Tundra
Center close,-26.079107,17.745936,43336,2020-04-03,Freshwater
While leader,38.029094,149.871461,88514,2018-04-28,Forest
Save heart,-33.087953,-18.151018,60126,2019-04-18,Grassland
Attention eat,-42.73064,-170.118439,45018,2023-07-22,Tundra
You his,32.571764,-31.765586,98967,2019-10-12,Grassland
Service decide,38.358476,-157.594528,17048,2022-05-20,Urban
Realize environment,-23.372379,61.510538,43322,2023-11-22,Forest
Bit nice,-39.411583,60.578315,82056,2026-03-19,Marine
And last,46.30386,82.460155,9842,2025-02-23,Desert
Provide theory,69.880688,-135.655601,93547,2023-08-12,Freshwater
Act final,28.611695,-151.469305,97446,2019-11-09,Wetland
Cultural receive,-47.715396,-129.947156,72743,2026-06-29,Freshwater
Against base,-73.728403,108.972911,99171,2021-10-11,Grassland
Return yet,-83.161849,-32.407815,20766,2020-10-30,Urban
Question per,-31.552859,129.300404,5179,2019-06-02,Urban
Watch prevent,-15.459999,-42.504934,53812,2019-01-05,Tundra
Reveal nearly,30.036035,116.565382,74807,2023-12-06,Wetland
Lead important,-8.227294,114.666475,47005,2022-03-25,Wetland
Professor security,60.835337,147.760053,7998,2021-10-10,Freshwater
Story product,13.335975,14.852728,94818,2017-02-26,Wetland
Black forget,-74.115282,29.432227,62965,2024-03-14,Tundra
Day cold,69.457291,-3.675164,41031,2021-03-21,Forest
Actually lot,-20.831645,-125.106634,94922,2023-07-29,Freshwater
Product whole,89.145815,-83.001595,23795,2024-02-08,Tundra
Final grow,-76.698004,4.36638,49030,2022-09-17,Urban
Very authority,25.596981,100.273393,6137,2026-01-16,Urban
Memory sit,9.798952,107.329221,97645,2022-06-26,Urban
Stage stand,-58.977727,31.682827,30217,2019-12-01,Marine
Become series,-58.070809,-106.001871,46859,2017-11-04,Wetland
Green worker,-11.849219,-24.61186,80040,2016-09-10,Desert
Explain each,80.724765,65.806932,93374,2024-06-15,Freshwater
Despite network,45.620828,158.728492,81017,2016-12-18,Forest
Avoid lot,-82.996597,-42.070096,80599,2020-08-07,Grassland
And star,38.289868,-142.599931,79733,2018-07-12,Desert
Deal direction,-41.974059,-59.258837,59608,2023-05-14,Marine
Fear set,-47.879152,-68.696813,87873,2018-05-07,Freshwater
Institution produce,-55.208308,86.40128,84875,2025-02-28,Urban
Scene question,53.816782,-12.523218,19513,2024-01-05,Wetland
Resource best,-55.838445,-0.362641,71280,2018-06-28,Wetland
She third,-21.346512,-71.788304,9843,2017-10-12,Marine
Anything month,-73.715354,-152.012934,79426,2022-08-08,Tundra
Magazine worker,-59.442827,32.572323,35976,2019-05-21,Marine
Another lot,25.679712,158.019508,80204,2025-07-16,Desert
Tend population,80.62985,33.941175,53929,2024-01-09,Marine
Note option,-44.105133,82.783501,93329,2024-08-12,Urban
Party staff,-62.102955,29.630618,56823,2025-09-22,Forest
Establish again,-15.054198,151.269008,67521,2018-06-18,Freshwater
Position person,60.355393,-114.76193,95843,2026-02-02,Grassland
Forward century,38.808519,78.363791,81207,2021-07-29,Freshwater
Staff Democrat,-70.387651,43.230756,7093,2025-03-14,Freshwater
Sure but,-29.24043,134.287508,83863,2019-10-18,Grassland
Individual four,89.608111,119.165103,93859,2022-05-03,Tundra
Cold once,64.124963,163.186036,53052,2023-07-20,Forest
End out,-69.711486,-123.598154,71825,2022-01-12,Wetland
Health like,32.382938,-136.793813,42967,2021-08-10,Freshwater
Boy international,-24.255064,-20.502127,6453,2019-04-02,Freshwater
Mouth go,-2.430974,148.227928,50018,2022-01-05,Desert
Amount away,-20.673486,136.700991,39745,2025-04-29,Grassland
While season,61.626414,76.75354,73244,2021-11-12,Urban
Rich blood,-10.089732,112.797375,84528,2019-07-06,Marine
Performance quickly,-50.629756,79.824707,44214,2020-11-15,Marine
Way city,-10.809094,-19.727186,75235,2025-03-05,Marine
Director design,-48.810375,80.848569,7123,2022-02-24,Tundra
Cell break,-11.370251,8.500169,56858,2026-02-10,Tundra
Than force,-16.704051,122.896494,97604,2021-01-31,Grassland
Foreign deep,28.546305,-128.458083,27402,2018-04-21,Urban
Partner agency,-19.133172,-26.280513,51119,2021-09-02,Forest
Save whole,58.951332,99.526114,54535,2017-05-04,Wetland
Police behind,-17.610126,-31.027565,31535,2023-05-08,Urban
Firm decide,22.524696,-105.374835,43650,2024-11-14,Marine
Whom speak,-60.919324,-146.335272,43744,2021-02-23,Freshwater
That station,-53.699238,56.534388,56963,2021-05-09,Wetland
Feel million,-80.396026,-104.37547,9527,2018-11-18,Freshwater
Leader week,30.443004,-91.269259,134,2024-10-06,Grassland
Involve contain,51.18856,80.569844,71248,2023-01-09,Marine
Than space,-81.672939,119.422095,65865,2025-10-06,Marine
Just understand,-24.607119,-37.301736,43335,2020-05-13,Urban
Seek street,79.257875,-13.146537,82521,2019-03-24,Tundra
Special increase,-25.781331,101.843665,93225,2022-11-22,Desert
Interesting citizen,50.367014,72.808776,74024,2020-06-06,Tundra
Drive decide,-79.115439,-145.853945,56885,2026-04-21,Grassland
So build,2.797673,-0.546525,73458,2024-01-03,Freshwater
Research camera,-31.283132,4.026233,82221,2018-05-06,Freshwater
Music natural,-14.363129,122.090503,12464,2018-06-05,Wetland
Mind woman,-31.182177,88.682372,72277,2019-11-06,Urban
Last drug,19.938477,-125.534194,69072,2018-09-10,Wetland
Economic determine,-1.005264,67.137239,40509,2023-04-12,Urban
These foot,38.255425,-22.735881,20367,2021-06-25,Marine
This toward,30.270821,96.152711,19757,2022-11-29,Desert
Front food,78.86267,-11.162365,15610,2020-10-28,Urban
Build sell,83.603382,-154.48657,41126,2024-03-25,Urban
Picture event,11.295703,-75.490416,73310,2025-11-09,Freshwater
Writer apply,-39.743658,106.965772,94346,2023-08-03,Urban
High bed,61.783176,-60.474427,10289,2024-07-27,Grassland
Product short,49.992342,-95.612992,45111,2025-03-27,Forest
Individual street,-24.223448,-136.345095,13405,2026-01-28,Urban
Certainly name,-89.871964,140.174484,76782,2021-12-16,Marine
Where likely,18.317889,-103.381406,7474,2022-10-04,Grassland
Difference sell,-45.351717,-17.980661,16871,2020-01-18,Grassland
Pick air,18.504744,146.507606,64975,2025-06-14,Tundra
Wait determine,42.382642,118.233441,67879,2023-06-10,Forest
Maybe hit,2.624741,105.819222,62970,2025-05-05,Desert
Reason watch,41.542926,79.053985,53197,2021-12-01,Freshwater
Administration near,-76.468655,71.807878,73895,2017-06-16,Marine
Possible increase,-40.233223,-27.654588,63239,2020-03-04,Grassland
Myself soon,34.503705,24.949111,50626,2024-01-26,Desert
Together available,66.740392,-165.551473,48367,2026-07-04,Freshwater
Shoulder film,55.235854,-63.000903,62968,2024-10-04,Forest
Debate law,-88.009643,135.387372,57062,2018-05-21,Freshwater
Sometimes any,79.197667,-63.274931,67201,2017-02-14,Urban
Less fire,22.721865,155.109272,60777,2023-03-07,Forest
Stand again,-79.581209,-176.068996,86912,2024-10-03,Urban
Apply tax,6.588265,-123.371992,13319,2016-07-20,Wetland
Second live,-74.858782,-132.558982,49323,2017-11-28,Tundra
Second hold,-3.856834,2.357653,4465,2019-09-04,Marine
Assume wear,-35.399148,-153.834231,57760,2020-08-05,Urban
Build already,23.281295,-175.346156,29503,2024-12-18,Marine
Career game,-72.134657,-2.929967,46852,2017-08-06,Marine
Leader attention,-61.023338,151.021758,12673,2020-03-03,Freshwater
Medical difficult,-81.309174,-141.093971,17725,2016-08-19,Desert
Pass front,41.100569,179.336075,25387,2022-05-23,Urban
Building kitchen,-81.839141,62.380016,84588,2021-03-22,Grassland
Soldier card,12.002692,156.814369,92318,2022-11-12,Freshwater
Bar back,19.117267,75.64221,27454,2017-12-20,Forest
Letter he,-77.124153,-19.802157,83367,2025-05-16,Marine
Book happen,-31.051571,-149.692165,95216,2019-09-20,Wetland
Perhaps small,70.421453,94.116977,80581,2025-12-30,Freshwater
Concern smile,3.288016,-7.889832,47278,2022-02-28,Forest
Agent when,19.610088,-98.735342,31694,2025-12-17,Tundra
Onto change,-63.20988,-168.830408,221,2022-05-07,Marine
Democratic relationship,-30.449166,-150.635901,91652,2020-03-14,Desert
Cost main,7.378168,-158.537289,80052,2024-09-04,Forest
Real ever,-49.117307,50.779788,66709,2019-06-10,Marine
Share get,-54.556228,148.000415,17159,2023-10-19,Tundra
Within world,76.323278,114.959304,89558,2023-03-19,Tundra
Increase clearly,-12.383868,61.049597,82885,2020-07-22,Wetland
Office indeed,-28.502468,-53.702392,71961,2024-08-31,Marine
Here read,-86.881747,-91.270892,53695,2024-05-28,Grassland
Several usually,-25.657391,-4.775841,24033,2024-04-10,Marine
Science can,0.675462,140.157157,99439,2019-04-14,Urban
Money do,-60.61447,-33.74769,54251,2021-09-01,Urban
Determine treatment,-27.816663,-28.932043,41951,2023-08-04,Freshwater
Recognize evidence,25.493929,144.383989,33743,2025-02-16,Marine
Thought per,-1.546808,-121.831765,27326,2020-09-25,Tundra
Wife tough,58.059337,134.428536,16509,2024-06-21,Desert
Writer produce,-47.618005,-137.922737,16140,2021-07-22,Urban
Consumer image,-35.354828,87.353081,72353,2025-04-02,Desert
School be,43.686807,109.090321,512,2021-05-02,Marine
Us onto,-18.81897,123.691614,37838,2017-08-01,Urban
Front daughter,83.219188,79.55035,56206,2025-08-08,Freshwater
Well purpose,-89.685106,92.543413,79281,2016-09-09,Desert
Happy attorney,6.730179,95.755424,90986,2021-06-24,Marine
Personal into,-4.744348,82.636434,96923,2025-01-07,Desert
Buy operation,-11.375193,-134.907124,18126,2022-06-18,Freshwater
Mr bank,-2.411721,157.414473,54377,2020-03-16,Forest
Whether thank,29.40685,-107.923661,17868,2018-09-24,Wetland
But probably,15.402632,105.732715,4270,2022-05-01,Freshwater
Boy moment,0.658849,-171.347115,28227,2016-08-10,Grassland
Notice pressure,50.9036,-65.491805,94208,2020-07-05,Grassland
Court question,-47.805867,161.221409,71092,2019-01-08,Grassland
City anyone,2.397316,40.889696,47811,2018-04-10,Tundra
Wind state,63.262263,95.83103,48408,2019-08-22,Desert
Rule fine,-13.965346,133.30237,82589,2023-09-29,Grassland
Thing home,19.745761,126.027479,65598,2020-09-22,Wetland
Reason event,41.055607,-64.191596,55576,2016-09-01,Wetland
Race half,1.436665,-70.367063,10138,2024-07-24,Desert
Test research,24.895448,-151.055688,16523,2023-11-16,Urban
Run involve,63.295613,123.543642,60699,2024-08-01,Freshwater
Under though,-86.379998,-62.256147,6773,2019-04-12,Forest
Within our,-70.384459,-61.509783,19017,2024-09-05,Tundra
Likely voice,62.365851,-64.987328,29498,2022-05-01,Forest
Economic item,-5.29706,97.372851,8167,2026-05-21,Desert
Try line,83.698869,-124.47278,3294,2019-03-06,Grassland
Question not,-85.293774,156.556178,14313,2022-05-12,Freshwater
Although item,-13.073795,10.499923,33886,2020-05-10,Desert
Course she,-60.121036,-153.800556,35203,2022-02-02,Urban
Floor learn,-54.490804,59.491321,14390,2025-05-28,Tundra
Language threat,70.051233,-102.183504,64034,2025-01-16,Wetland
Herself whole,14.646568,-134.632945,63322,2018-11-25,Desert
Movement number,-89.574225,-35.01088,21421,2020-09-30,Marine
Front central,41.835576,125.535355,2405,2024-01-31,Forest
Hope also,60.22576,68.179009,46941,2019-12-12,Freshwater
Successful decide,54.177694,-115.104645,85168,2022-07-06,Marine
Focus book,32.585378,28.478443,81272,2019-05-29,Forest
Trade smile,30.869472,-27.098199,49713,2020-11-02,Desert
May prevent,-73.996567,-42.324577,82796,2016-11-12,Forest
Fish start,65.515884,131.20931,72904,2018-01-15,Tundra
Common plan,44.89797,-11.216084,20588,2020-05-14,Tundra
Accept health,86.445218,-135.215376,2420,2024-09-25,Urban
Appear whether,72.706496,-88.758761,65367,2021-03-09,Freshwater
Set check,42.152494,90.130755,43173,2019-06-26,Wetland
Trouble bag,5.078145,-81.695978,16353,2024-08-13,Freshwater
Mr easy,52.302381,-168.67809,16737,2017-04-24,Forest
Bed difference,-43.301561,-75.757491,76768,2024-03-04,Wetland
Five realize,59.331581,38.563656,61451,2023-07-01,Freshwater
Choice subject,64.00802,106.523904,72659,2020-04-27,Urban
Church government,-6.821855,75.815085,45227,2024-09-14,Urban
Into film,0.602727,114.479183,98139,2016-10-13,Wetland
Job walk,16.286462,-33.609135,49964,2021-05-27,Grassland
Family put,-73.270466,-29.250686,12467,2016-10-16,Wetland
Interview result,-78.875505,-148.09624,80291,2022-02-16,Tundra
Yes world,-51.078944,5.754242,4247,2025-08-23,Marine
Head deep,-20.187963,12.500161,95729,2018-12-04,Grassland
Read at,-49.169341,11.348737,40209,2024-11-20,Desert
Building dark,-42.122675,44.270957,69056,2022-09-22,Grassland
Next Mr,-11.039703,134.098214,60956,2019-06-26,Grassland
Later owner,-54.670608,-115.316204,54975,2019-02-01,Marine
Pay here,5.956249,-8.705595,76584,2018-11-24,Marine
Civil garden,-64.163806,-114.581956,54574,2021-10-19,Forest
Play control,79.578412,177.745775,90397,2022-11-27,Marine
Lose claim,-20.710665,-179.957966,68670,2025-10-18,Grassland
Enter play,-1.655366,120.418976,99001,2021-02-07,Wetland
Business school,-14.805961,171.522843,99286,2023-01-14,Tundra
Unit husband,-68.677569,-4.891217,67402,2018-04-01,Tundra
Share building,47.166373,-142.981405,7247,2023-06-15,Desert
Degree no,68.174477,-54.528481,61849,2021-07-28,Grassland
Enter conference,-45.11658,-146.703854,20300,2025-12-29,Forest
Test rest,-68.353733,-33.308341,74364,2019-08-09,Wetland
Mouth positive,-39.262268,-15.540754,67779,2022-03-11,Freshwater
Rest similar,82.763136,13.782532,90850,2024-12-28,Urban
Thing computer,78.714466,34.713484,86485,2016-12-12,Wetland
Share wind,33.101462,-4.798132,59752,2016-11-15,Freshwater
Part improve,-31.292863,113.099716,19011,2019-01-27,Tundra
Man thing,-39.566412,-111.930911,90472,2019-05-15,Marine
Far many,-37.527496,102.887465,24323,2018-01-15,Wetland
Some whole,39.15142,-156.47134,90853,2022-11-16,Marine
World computer,-19.250486,-69.953971,89844,2022-08-27,Desert
Not purpose,24.340333,-110.920337,29837,2017-12-03,Tundra
Third follow,16.333646,128.915352,25792,2016-11-24,Tundra
Character father,-82.215271,-12.626687,72733,2024-01-22,Freshwater
Maintain fire,-82.912658,-158.593391,24147,2019-08-04,Wetland
Bill professional,58.259051,53.714484,64525,2020-01-19,Tundra
Member body,-53.340424,-91.815427,3009,2020-12-16,Forest
Population notice,-17.247651,-96.163073,25721,2024-06-09,Urban
Government air,10.846577,4.582618,65440,2025-10-05,Grassland
Beyond long,-27.427797,-108.822689,56839,2020-11-17,Grassland
Stop environmental,-59.233114,-130.553898,12983,2018-07-26,Urban
Because production,86.938527,-13.635482,7417,2023-11-24,Marine
West understand,25.898098,-57.733661,20343,2021-11-28,Grassland
Break especially,86.517974,167.642601,82011,2025-08-19,Tundra
Process sense,63.376054,-161.198123,77024,2026-02-12,Wetland
Certainly until,4.370607,139.191457,62120,2021-12-22,Grassland
Face so,-28.323118,84.430076,7393,2025-03-26,Wetland
Employee office,-49.838953,-128.514185,12798,2017-01-15,Urban
Indicate instead,51.913573,149.797341,93324,2021-10-01,Urban
Rich common,-21.603713,-60.232945,23293,2019-01-09,Desert
Well western,-2.315379,31.717583,97845,2020-01-30,Tundra
Large vote,-33.760105,150.094809,98658,2025-11-01,Urban
Police fight,59.503883,111.902812,59276,2023-05-12,Urban
Several model,-15.463243,-80.466293,97357,2017-07-02,Tundra
Daughter police,29.828136,-102.556694,32431,2016-09-25,Tundra
Accept door,-83.951576,96.886921,52903,2024-10-30,Tundra
Fear little,-87.160233,-34.743869,98796,2018-07-14,Desert
By personal,28.581221,-179.906632,40045,2026-06-02,Freshwater
Medical same,42.035213,42.076368,49540,2020-03-08,Wetland
Page item,62.540043,79.72647,79919,2022-01-05,Freshwater
Vote left,-59.40069,-148.426689,57488,2019-07-03,Forest
Close reduce,23.482102,-36.507035,2487,2022-01-22,Grassland
Probably inside,-63.03347,-153.283038,56028,2021-07-05,Wetland
Former fact,3.896767,-60.298406,23928,2017-06-24,Urban
Reality painting,26.307058,86.840564,75481,2017-06-07,Desert
Art television,-56.813737,162.101003,86040,2017-02-14,Tundra
Write side,-15.499027,-152.020403,59412,2022-07-22,Urban
Culture single,-36.23491,-76.374442,50270,2020-10-06,Wetland
Without mention,5.790979,-142.01289,72723,2018-11-15,Forest
Current morning,20.187704,28.32008,27219,2025-09-11,Marine
Teach nor,41.838238,108.899427,39371,2016-09-20,Marine
What financial,31.242626,-97.242831,28279,2017-04-06,Grassland
Address rock,61.612887,-91.0061,1007,2020-09-25,Tundra
Star point,9.236505,-4.601146,82784,2026-02-21,Tundra
Fast dark,-79.425313,-59.945393,72286,2023-03-02,Marine
Building training,-26.503709,37.610182,94287,2019-05-07,Urban
Change on,-53.263049,36.336838,42162,2021-08-26,Desert
Plant investment,-4.650422,-145.144732,99930,2022-01-25,Freshwater
Everyone new,-51.620997,-169.154035,76733,2024-06-19,Tundra
Everybody you,19.160324,66.676089,5978,2020-04-23,Freshwater
Tend issue,-41.864666,172.620934,36307,2019-06-24,Tundra
Probably maintain,50.781222,112.837771,34908,2023-05-03,Freshwater
Difficult cup,-15.069555,165.363031,94222,2025-06-08,Tundra
Military event,-30.436296,-162.277266,99100,2022-06-15,Grassland
Former cell,25.164445,170.668604,29267,2025-09-01,Urban
Coach PM,89.37539,-77.362735,25117,2025-11-26,Grassland
Morning win,16.604438,-119.157011,80420,2026-04-01,Forest
East kitchen,-80.86241,-156.138524,33583,2020-02-24,Freshwater
High worry,64.261587,148.817539,11105,2020-07-13,Marine
Address late,-3.506054,89.171043,58374,2019-02-19,Marine
Guess space,56.613219,-155.594458,87101,2016-10-19,Wetland
All world,-65.172391,-177.653366,5962,2024-04-12,Marine
Number interesting,7.653789,72.322423,73500,2021-02-27,Tundra
Wind no,20.729276,109.338301,55204,2018-10-25,Tundra
Child four,1.932786,57.018102,30297,2021-04-21,Forest
Successful yeah,-34.732002,-57.042355,12962,2022-07-19,Marine
Join throw,-78.192781,63.779676,9546,2021-09-11,Desert
Less wide,-48.390822,22.957223,85143,2023-10-08,Forest
Fight hand,70.057291,-55.326939,33238,2019-05-14,Freshwater
Character research,-87.280559,-49.693124,42790,2025-12-29,Grassland
Training mission,-34.483737,44.138642,88369,2018-07-13,Forest
Crime language,-87.349481,-147.798614,14617,2019-12-29,Tundra
Go enough,-21.050832,82.9426,66814,2025-05-04,Wetland
Congress ten,14.828071,134.251661,52946,2019-08-06,Freshwater
Fish media,63.1484,85.855356,65146,2021-12-06,Freshwater
Large million,-71.46046,-93.140353,91431,2021-04-21,Desert
Reveal central,-66.030928,-179.512441,4238,2022-10-19,Grassland
Never material,46.659677,82.454479,54312,2019-06-17,Marine
Article participant,43.908694,51.908031,30767,2016-10-01,Grassland
Growth affect,36.201407,110.04652,24637,2017-05-26,Marine
Anything part,-21.291571,177.301119,9325,2022-06-03,Tundra
Let ability,0.387822,-109.71166,44716,2021-10-04,Desert
Effort old,7.257009,-61.651016,59107,2020-05-10,Marine
Figure station,85.742059,176.632897,18893,2020-04-12,Wetland
Price free,-26.00238,-10.573475,15848,2017-09-15,Tundra
Decision whom,59.226329,-25.817452,32419,2025-05-15,Wetland
Recently author,-40.458894,-80.820932,6176,2021-10-19,Desert
Write project,-69.464023,152.362831,96688,2020-09-03,Freshwater
Say several,-53.147214,-134.714726,94313,2016-11-05,Wetland
Late these,-5.640951,23.362893,34736,2023-10-15,Marine
From detail,-4.746184,-172.930938,93213,2026-01-03,Wetland
Short tonight,-11.369367,144.53643,20771,2025-04-12,Desert
Stock Congress,-7.747187,20.567804,61900,2018-03-29,Marine
Letter sing,42.716014,-52.442355,82060,2019-03-24,Forest
Officer daughter,-85.840615,98.432651,29942,2025-01-15,Freshwater
About especially,36.124859,100.666818,37007,2023-08-26,Wetland
Far clear,36.896489,-97.384893,25611,2020-04-06,Marine
Where fine,-39.678807,56.844436,33336,2025-05-27,Forest
Answer measure,-25.788109,-167.693463,61186,2023-01-19,Forest
Fish position,1.475928,114.811386,98270,2019-07-13,Desert
Yes since,41.619571,-13.745981,92263,2016-12-22,Tundra
Bar without,37.385032,-129.937943,34270,2025-04-20,Urban
Station than,69.651338,162.804849,36264,2023-03-09,Urban
Author both,-40.417029,-93.157906,82635,2025-03-15,Forest
Call summer,-71.91724,116.188664,16914,2019-11-25,Forest
Among give,14.213853,-118.714882,47264,2021-02-18,Urban
Figure water,23.42379,-36.934253,39872,2025-02-08,Freshwater
Close Mr,-77.852554,164.175514,24490,2025-11-05,Forest
Shoulder quickly,85.375413,22.56325,85602,2021-10-28,Grassland
Note tough,-22.831665,-99.024959,4129,2021-02-21,Tundra
Stand top,-2.76759,88.535163,10255,2022-10-27,Urban
Question simply,17.0168,-9.018702,85263,2025-01-11,Tundra
Trade economic,-1.081656,-112.51968,67145,2025-01-02,Marine
Nature recognize,-85.878076,-71.205361,89422,2017-05-17,Urban
Officer environmental,-61.537989,-151.132061,2072,2026-07-05,Forest
Either speech,-54.865385,171.053276,43727,2018-12-13,Forest
Go price,82.542974,-77.814675,86071,2017-09-30,Marine
Hot method,37.518242,114.709229,11152,2026-07-09,Wetland
Number better,-55.828051,-127.082702,2424,2019-04-26,Marine
Finish kid,54.023471,101.383554,17294,2025-03-22,Urban
Task shoulder,-55.438769,-46.217393,95349,2022-08-07,Grassland
Safe result,40.978269,-62.660466,97935,2024-09-16,Urban
Consider former,17.025202,104.006234,28709,2017-07-15,Grassland
This south,39.250601,32.846953,54293,2020-09-27,Grassland
Growth somebody,60.011069,74.182144,89588,2019-07-20,Forest
Official everything,69.550189,103.223569,10235,2022-06-15,Freshwater
Month almost,-80.36056,-134.894735,51453,2016-10-18,Desert
That home,80.522057,41.841277,44703,2023-01-10,Tundra
Million power,-34.33354,16.740273,48278,2019-04-22,Marine
Expert simple,-5.640528,26.070435,63879,2024-11-06,Wetland
Often write,27.916882,106.883626,53233,2024-08-24,Wetland
Couple against,70.790779,171.593927,12105,2019-06-15,Wetland
Factor major,36.633613,-66.310524,58343,2017-06-27,Tundra
Rather else,-49.580669,156.624486,98222,2022-11-22,Marine
Step authority,48.630882,33.499948,99524,2023-04-17,Tundra
Cell my,-58.153605,-42.046612,32905,2025-05-11,Urban
While sit,-48.73693,-77.406883,98892,2021-03-09,Desert
Meeting knowledge,-58.059191,66.792522,98175,2016-12-05,Urban
Size story,-57.472923,-159.668116,8489,2024-07-13,Forest
Gas stand,-45.43491,-162.854393,78377,2016-11-04,Urban
Month try,-69.644286,107.982689,2797,2018-05-05,Forest
Education play,52.554539,35.62829,67709,2018-06-07,Forest
Democrat move,-9.973511,-128.773771,51705,2024-09-01,Freshwater
Economy still,-23.48995,-42.138292,36032,2022-10-30,Urban
Among significant,49.58956,-122.198962,81184,2026-04-13,Marine
Table then,39.091267,98.726547,8738,2026-02-21,Desert
Lot should,-47.409066,7.743706,8707,2020-08-19,Grassland
Such close,10.592101,-153.33671,80311,2024-01-01,Wetland
Late draw,19.351279,-164.773278,28461,2016-08-14,Freshwater
Push paper,-41.569084,119.966358,65458,2022-06-20,Wetland
Month information,31.456234,152.760556,46674,2020-12-04,Tundra
Take perhaps,-47.204187,38.425342,99620,2025-09-06,Freshwater
Check general,30.091456,177.830349,46634,2026-06-21,Tundra
Much leave,-56.471033,69.891354,94041,2018-03-30,Urban
Provide organization,-43.489605,-98.690749,87681,2020-05-29,Marine
Soon newspaper,-84.960544,-7.943071,8783,2017-04-19,Wetland
Wall build,52.564632,33.24411,2087,2024-02-12,Freshwater
Policy go,-13.856063,144.357194,4606,2017-06-21,Freshwater
Total scene,78.324074,129.475549,56012,2017-05-21,Urban
Because step,-48.620478,116.295368,57275,2018-03-10,Desert
Success wind,-47.951889,141.27886,65262,2019-03-08,Urban
Example drop,51.021809,-132.162543,19301,2024-06-24,Wetland
Pm candidate,26.105736,-128.702211,3416,2019-05-11,Wetland
Assume skill,-42.618033,-53.242718,412,2021-09-24,Tundra
Main suffer,30.166848,-79.121551,63264,2017-10-30,Wetland
Rest up,-48.770749,-38.899443,93507,2025-10-06,Urban
Phone able,71.249896,-174.305042,44824,2023-11-11,Tundra
Day kitchen,-37.503197,-119.010851,91985,2021-09-23,Urban
Part nice,-60.907596,132.242951,46394,2021-04-02,Wetland
Pretty brother,-20.792598,39.224833,47806,2017-10-05,Desert
Purpose wrong,-89.261694,88.884183,4261,2022-04-19,Wetland
New positive,-3.389433,-166.33859,83406,2025-07-06,Forest
Describe international,69.753797,-173.187559,30025,2020-02-28,Marine
Team minute,-9.74261,100.861474,83654,2024-08-17,Marine
City car,0.952995,67.768739,82795,2024-02-15,Marine
Born environmental,17.256685,127.591828,78476,2024-03-12,Tundra
Record dark,26.208112,-126.447794,14735,2018-10-24,Wetland
Military area,-43.529635,-46.843595,51277,2021-02-01,Grassland
Attention painting,68.805753,-40.078135,84816,2020-12-02,Tundra
Protect politics,29.162575,-61.7537,63694,2020-10-24,Wetland
Call state,36.836952,154.198847,97589,2021-05-04,Desert
Character keep,-1.452785,88.697568,13030,2020-10-01,Urban
Well face,81.015683,-97.978624,43436,2018-03-06,Wetland
Foreign home,-14.350001,72.247961,32165,2025-12-19,Freshwater
Nor bag,-13.124916,-173.294573,10277,2021-01-20,Urban
Scientist seven,-85.911304,-154.910698,27961,2024-04-10,Wetland
Your interest,-6.650418,112.222464,67969,2016-08-07,Grassland
Gun party,-48.305859,58.956998,72185,2021-12-20,Freshwater
Represent fine,68.261741,119.001767,49682,2024-07-25,Forest
Hard protect,-32.433416,-87.407646,36139,2018-07-30,Marine
Into voice,38.732188,-111.424347,52655,2022-08-15,Urban
Consumer machine,-6.068861,134.128654,98796,2018-08-19,Freshwater
Possible white,36.164478,-13.587525,78832,2021-10-28,Tundra
News feel,-26.091596,156.682467,81928,2018-08-15,Desert
List forget,-18.131556,40.474849,82354,2019-01-20,Grassland
Head develop,-19.472385,-44.744717,63197,2023-10-22,Grassland
Reveal best,-4.951839,-138.104518,4051,2018-01-16,Grassland
Ground language,-0.015237,10.448785,66078,2018-02-21,Forest
Assume meeting,-87.452853,-62.486007,89759,2025-03-19,Forest
Network week,-35.369348,-170.344162,42466,2025-12-15,Urban
First difference,-42.500621,-132.612425,34660,2024-09-13,Grassland
Cause movie,28.311847,-142.751563,8985,2026-05-06,Desert
History and,-1.04294,14.585602,62001,2022-12-29,Desert
Story fall,-29.41167,-52.729533,44717,2017-02-28,Tundra
Mention charge,8.300454,-32.034094,18565,2023-08-31,Forest
Gas approach,-59.789332,45.421458,16082,2023-03-18,Urban
Ball one,-30.993474,128.750661,37711,2022-07-23,Urban
That stand,-85.395704,49.207389,43274,2023-10-27,Desert
Message hospital,86.929368,60.430077,90909,2023-09-28,Urban
Training all,-65.973866,67.020557,75654,2020-09-17,Freshwater
Move already,9.425285,113.110286,11205,2026-04-11,Forest
Six whether,-47.633985,69.858676,41968,2023-01-30,Grassland
Join budget,9.861935,-179.907753,7357,2024-07-19,Urban
There better,-25.079852,-34.564807,32648,2025-02-02,Grassland
Expect political,40.481867,-165.62762,25557,2017-11-20,Urban
Team enjoy,73.982099,60.021504,26548,2019-12-14,Freshwater
Various challenge,-18.119137,18.102645,94031,2024-05-04,Wetland
Ability create,-65.474808,-39.750925,42852,2020-11-10,Tundra
No all,-33.410235,71.560959,67953,2023-04-11,Marine
Catch hospital,7.321305,57.802294,64353,2017-09-09,Tundra
Set blue,29.717648,-150.360749,52109,2016-11-11,Tundra
Family institution,-24.358823,-160.818969,96707,2022-02-11,Grassland
Safe scientist,-16.82364,120.751056,26411,2019-08-06,Tundra
Parent may,16.253826,17.645897,56407,2023-12-20,Wetland
Future try,9.328274,-26.013328,48521,2016-08-29,Marine
Us manage,47.534475,-127.949569,15018,2022-10-19,Forest
Decade enough,-4.782446,54.875979,3685,2025-05-02,Wetland
Same agent,76.368492,-48.320636,32391,2019-05-19,Grassland
Clear position,-2.219175,-47.680389,40276,2018-08-11,Urban
Exactly college,-45.039555,110.598428,85126,2025-10-21,Marine
Still spend,20.837732,31.236183,24586,2022-11-19,Urban
Coach together,-85.102299,-60.563443,13237,2020-04-02,Tundra
Instead car,-40.412516,-136.570772,40375,2019-08-26,Urban
International section,-46.152288,-128.944165,50290,2018-03-08,Tundra
Bed alone,-87.830389,48.12241,27066,2024-04-01,Grassland
Experience party,34.698843,14.908673,36561,2026-03-20,Desert
Leave beautiful,29.979129,-6.186993,25762,2016-08-20,Urban
Accept eye,5.657961,90.093644,65161,2026-05-14,Tundra
Turn early,-16.881769,-78.633258,53834,2021-09-21,Marine
Owner serious,-71.649763,-173.429929,81954,2024-12-11,Urban
Leader matter,-74.047667,178.492916,57134,2022-11-04,Forest
Court down,-71.265978,35.362735,32536,2023-10-12,Desert
Case than,62.875243,108.147293,46998,2025-05-09,Desert
Other majority,80.090462,-32.452044,63732,2023-10-05,Desert
Mean everything,-58.508139,101.510518,55847,2018-07-08,Forest
Population also,-71.022557,161.626565,6462,2024-12-27,Urban
Serious Democrat,-54.939396,0.595412,9202,2017-07-11,Wetland
Culture good,-13.869332,115.497501,24456,2019-04-20,Marine
Light range,88.658545,-51.381365,96864,2022-01-04,Grassland
Join treat,39.943242,132.101868,57565,2026-04-18,Forest
Decide quite,-67.180141,-159.300927,26155,2017-06-19,Desert
Three board,-26.987581,-113.099013,44405,2020-10-04,Wetland
Worry south,38.711224,-109.63503,70743,2020-08-14,Tundra
Hot bill,58.589401,103.012605,86132,2022-11-12,Grassland
Operation floor,-68.246811,26.808771,35668,2026-03-14,Urban
Popular one,-54.835315,-78.710578,78788,2019-02-05,Freshwater
Such good,37.964312,-141.37217,77250,2019-07-13,Desert
Important bar,21.455942,45.443087,20318,2016-10-29,Tundra
Those ball,-85.595385,-67.373221,40296,2019-08-11,Freshwater
Against purpose,7.916805,115.808988,92170,2017-03-16,Marine
Enter identify,78.899643,94.570373,56692,2026-01-17,Forest
Begin over,0.285621,59.467578,11085,2017-08-21,Grassland
Author receive,27.911288,-94.104272,22109,2023-03-10,Freshwater
Include strategy,88.743806,-114.419046,70531,2025-10-18,Desert
Than red,-0.470283,-133.16128,77466,2026-04-12,Forest
Lay wait,75.592223,52.324771,55712,2021-03-12,Desert
Ever deep,-84.428285,10.352973,75785,2022-04-20,Tundra
True certain,34.906127,174.192772,72926,2017-01-04,Forest
Stop choose,6.972202,173.910567,55209,2017-04-28,Tundra
Between hand,89.463287,139.343769,48432,2017-05-24,Freshwater
Billion shake,19.661611,108.564654,97553,2016-11-04,Marine
Ground authority,-77.131972,-145.368069,74575,2016-09-15,Forest
Table however,35.204493,-47.4735,14152,2018-08-05,Desert
Feeling war,-52.171984,-145.728856,46285,2024-03-14,Wetland
Evening serve,37.153358,-129.433155,68023,2020-11-29,Desert
Trade return,-80.271197,154.1071,16396,2022-09-25,Urban
Describe age,18.476289,-154.281486,87913,2021-01-26,Forest
Before so,-53.778375,5.713824,4910,2026-06-07,Tundra
Sometimes actually,-3.713423,-87.310105,75297,2023-08-07,Freshwater
Keep better,-89.972399,-144.053406,51025,2024-05-14,Tundra
Describe board,-15.292712,-66.843339,72944,2024-11-22,Marine
Successful option,-26.900375,-104.494875,75461,2024-10-27,Wetland
Head behavior,29.620805,4.571595,47911,2023-12-10,Grassland
Your military,-7.179253,-163.655515,25397,2023-10-29,Desert
Me traditional,-39.747081,-151.171402,64281,2017-11-15,Marine
Admit wonder,0.085546,-77.749201,61543,2019-10-16,Grassland
Leg positive,-54.608198,42.810404,74255,2022-10-12,Forest
Director day,46.518886,74.425283,78654,2022-10-02,Marine
Rule feel,56.185626,18.892411,46502,2024-03-21,Urban
Consider in,22.98367,126.473925,96056,2019-06-20,Wetland
Police box,10.599912,-147.557718,7108,2024-06-09,Tundra
Dark part,18.102639,-42.912818,72365,2020-01-20,Grassland
Both road,-36.551126,103.850166,14428,2016-08-01,Wetland
Theory central,-41.359653,-65.765575,70214,2018-08-23,Marine
Knowledge unit,-21.319255,-47.647953,15406,2023-12-26,Tundra
Store you,55.164059,171.432316,29710,2018-09-28,Grassland
Oil involve,48.828054,-9.630528,18146,2026-01-16,Freshwater
Free former,-29.899507,65.73694,1647,2023-06-15,Grassland
Soldier window,37.277248,164.554358,72526,2026-03-21,Tundra
Artist perform,68.460004,-17.088401,91646,2018-03-07,Wetland
Natural third,-32.057741,-41.056656,2954,2024-05-12,Marine
Up contain,-31.705146,14.585325,22952,2019-05-21,Wetland
Black close,75.634703,118.75739,58021,2025-06-27,Tundra
Off face,-41.959195,31.04914,21366,2025-01-24,Tundra
Staff sport,-62.654836,-91.850891,51220,2016-12-16,Tundra
The produce,-39.387754,-28.855112,62541,2021-06-01,Wetland
Man heavy,-54.569535,-85.976053,36530,2022-05-20,Forest
College even,72.406634,85.003892,83269,2022-09-16,Forest
Although seat,-42.574976,-157.907342,93614,2019-01-15,Wetland
Back kid,-22.106982,-93.53908,83171,2020-07-07,Marine
Study free,87.543883,162.458098,92124,2019-10-20,Urban
Year develop,61.964409,41.15262,20142,2021-02-09,Wetland
Price hotel,43.04871,-51.019811,94406,2023-08-01,Marine
Cold think,-20.348001,-142.226057,59169,2017-08-27,Tundra
Whatever opportunity,6.984285,116.07484,12000,2021-08-31,Marine
Kitchen exactly,-34.384809,-19.599137,78286,2025-03-06,Forest
Push industry,29.759162,134.687733,94320,2024-10-17,Marine
Change party,-86.425166,113.691988,39088,2024-02-03,Marine
Scene five,28.642756,-7.85901,35672,2023-11-17,Desert
Nor argue,-27.714817,19.894326,22869,2017-07-09,Tundra
Quality college,75.710047,-73.867825,9008,2024-10-12,Freshwater
Attention laugh,-4.902975,85.934135,15764,2024-09-07,Grassland
Beyond newspaper,-30.712188,44.803449,54350,2016-09-13,Forest
Manage rich,27.784904,-103.67834,98320,2019-06-19,Grassland
Including tonight,61.715513,-53.044044,69919,2017-06-04,Tundra
Minute establish,-1.426147,-161.507037,67211,2021-11-20,Marine
Parent country,-45.290154,-62.832134,48244,2018-11-04,Forest
Answer thousand,5.719708,-18.759999,24011,2021-03-14,Freshwater
Public get,56.057157,-155.903349,2649,2023-08-03,Forest
Somebody movement,-77.795687,-162.192858,23014,2016-12-02,Wetland
Trial remain,26.144497,-126.214789,9549,2019-04-11,Tundra
Street study,49.954027,96.861601,62400,2021-04-21,Tundra
Decision card,11.981029,19.991585,68853,2023-06-16,Tundra
Window data,-25.774819,65.419711,56279,2017-02-25,Tundra
Machine to,25.974589,154.223489,14090,2021-11-13,Wetland
Would mission,74.459068,32.133182,97017,2024-07-21,Grassland
Discover box,-80.347788,-146.540241,87026,2021-06-03,Grassland
Media sort,72.677467,177.796089,42047,2017-05-18,Wetland
Collection next,-32.821686,24.926562,60944,2025-01-17,Freshwater
Seem sense,-53.998023,103.133208,30362,2018-05-24,Grassland
Western someone,7.931195,-83.007063,58634,2023-01-25,Forest
Standard city,83.318608,5.391611,33029,2023-09-26,Desert
Nor training,35.941021,92.247029,16826,2022-12-03,Freshwater
Modern each,66.896613,-57.418361,14190,2024-12-30,Tundra
Call even,-39.082485,171.141983,28892,2021-09-29,Grassland
Carry suffer,14.6386,-82.572407,37339,2017-02-27,Tundra
Open we,-63.230712,36.335797,65902,2025-10-08,Marine
Evening knowledge,-14.872285,120.98117,4802,2024-01-01,Grassland
However law,16.320012,-94.65695,63073,2025-04-17,Forest
Summer manager,56.300068,-175.816445,6957,2021-04-22,Marine
World yeah,88.062964,33.208374,66273,2023-11-11,Grassland
Ten again,2.529702,-173.549056,11929,2022-07-26,Forest
Compare movement,5.194914,-1.203769,66155,2022-05-16,Tundra
Reach wonder,-32.177934,12.925037,86592,2017-03-27,Tundra
Task environment,9.856454,-63.251564,52727,2021-08-21,Freshwater
List company,-55.868991,-70.247276,76248,2020-08-15,Freshwater
State get,24.471881,22.860871,49115,2023-07-06,Tundra
Able call,42.452469,22.728011,41504,2024-12-04,Desert
Become theory,-17.710028,-93.855148,75685,2018-03-28,Urban
World ever,63.784751,27.401959,74790,2016-11-06,Forest
Soon nation,4.567304,55.877152,3591,2021-08-19,Freshwater
Article remember,-74.963621,107.511154,22480,2017-01-08,Urban
Several fine,-1.153788,107.398454,17272,2016-11-23,Marine
See remain,51.046371,-46.954066,69450,2024-03-12,Wetland
Laugh growth,36.818009,105.913733,72943,2021-05-16,Wetland
Practice focus,9.18371,-168.303583,17891,2020-07-31,Tundra
Than fast,84.848523,-157.610081,99622,2025-04-24,Marine
Democratic million,-58.991084,26.530763,38168,2023-02-25,Forest
Describe friend,40.215892,-127.805731,33877,2018-01-09,Tundra
Result teacher,-13.750683,17.0989,64417,2024-07-03,Tundra
Act like,-73.304032,173.591414,63882,2017-07-10,Urban
Then everything,17.814349,-119.834814,806,2025-05-07,Wetland
Scene myself,-23.380138,-42.332671,75878,2020-01-09,Desert
Care water,18.716922,19.207767,99415,2019-01-12,Marine
Prepare environment,54.484229,-76.056237,8750,2018-06-07,Forest
Measure sometimes,8.916064,-157.028647,68870,2019-09-23,Urban
They consider,38.797924,111.249207,16000,2018-05-07,Desert
Letter next,47.648121,-138.494239,95293,2018-05-24,Tundra
Ten camera,-22.55094,-82.621923,76180,2026-04-26,Freshwater
Important play,-30.825881,28.305313,54104,2016-08-21,Marine
Hear cup,49.581978,-4.040754,5773,2021-12-18,Forest
Her them,-62.355322,-171.170214,9578,2020-05-15,Urban
Drop truth,-37.344303,-147.014989,67229,2025-07-28,Forest
Once rock,-59.844655,-151.882579,28602,2022-09-29,Forest
Best part,-73.254248,-57.616942,12076,2018-12-31,Marine
East view,72.966874,-53.502635,83775,2020-12-03,Marine
Ability save,61.499634,17.31523,95990,2023-02-28,Forest
Song new,17.225503,158.702569,99070,2023-06-20,Marine
Hear tell,9.958348,-33.801668,94096,2021-02-27,Marine
Alone about,-14.242913,-9.53754,65001,2023-09-14,Wetland
Network apply,-83.708684,173.703122,83455,2024-01-18,Grassland
Upon view,50.080167,21.861517,69848,2026-04-20,Tundra
Adult whom,58.148626,-152.603485,87228,2020-06-11,Marine
Little floor,56.16307,160.964637,7083,2022-12-19,Freshwater
Person watch,73.798732,-126.984969,78905,2026-02-21,Wetland
Project adult,-86.880386,-123.000318,60493,2020-08-18,Tundra
Career into,72.490345,156.801763,16983,2018-09-04,Desert
Speak probably,70.148625,-179.660048,45121,2024-03-04,Wetland
Hope close,55.687636,110.762767,4523,2022-08-03,Freshwater
Summer discussion,-73.152493,131.639203,58538,2024-11-03,Urban
Movement official,-10.036942,-48.249642,80750,2022-12-15,Freshwater
Sort tree,-22.21384,-74.191812,52397,2020-04-12,Forest
In us,-23.90493,29.531076,87788,2020-09-17,Forest
Behavior general,-73.690803,69.958122,22287,2021-06-13,Wetland
Few receive,85.718471,-78.792573,74215,2025-11-08,Forest
Article that,-68.346456,22.323949,42729,2023-06-21,Desert
Special general,-51.438693,-109.13573,412,2018-02-18,Desert
Tell seek,81.576015,-46.270459,19451,2020-06-23,Urban
Remain well,29.792548,-135.705069,52358,2021-03-09,Tundra
Size drop,-14.478239,134.959325,3183,2018-10-20,Tundra
Exactly want,-51.387112,-30.214187,90959,2025-01-18,Tundra
Such wind,-43.904298,-112.007968,23754,2017-08-10,Urban
Choice fill,36.446266,-179.710929,34414,2023-06-13,Freshwater
Success trouble,-62.027161,-55.378353,59641,2024-06-23,Freshwater
Look history,33.154905,122.255998,7999,2022-09-24,Desert
Stuff build,58.477,-132.462961,11456,2017-01-31,Urban
Expert natural,17.037136,167.908005,80874,2018-05-24,Tundra
Drop two,24.557202,29.148025,56701,2020-12-05,Freshwater
Product fly,39.093003,57.888731,71313,2022-08-30,Grassland
Reflect development,-11.437494,77.324549,1618,2017-06-30,Forest
Now morning,86.383023,-1.104761,17238,2023-08-23,Urban
Could middle,74.201186,80.979332,39772,2024-05-16,Desert
Magazine available,61.407077,121.063191,19868,2017-10-18,Desert
Reflect paper,7.485384,-55.033587,91101,2024-11-05,Forest
Professional school,61.999134,-164.043984,56106,2018-02-28,Wetland
Family door,-54.854503,74.729979,47115,2018-10-26,Freshwater
Ever former,21.661469,-152.916557,74356,2020-02-07,Forest
Pull behind,4.49574,-142.947351,28298,2021-11-27,Wetland
Bad son,-10.970322,-137.704422,75692,2018-08-30,Freshwater
Add development,-6.380365,-34.752299,86901,2024-06-14,Desert
Doctor suddenly,14.66884,-69.894121,58106,2016-10-23,Grassland
Home chance,-41.704206,67.221773,42153,2019-08-20,Desert
Short this,-87.086295,-9.9967,2015,2022-06-02,Urban
Argue tonight,26.213779,116.440634,84563,2024-05-17,Marine
Plan minute,60.428217,67.527334,21468,2021-08-10,Tundra
Wear little,57.387444,-18.441013,58980,2022-08-30,Freshwater
Information walk,-75.547141,168.848368,50138,2022-02-27,Urban
Across military,32.516659,49.281741,41458,2024-11-10,Marine
Upon individual,-6.392474,-42.730599,77875,2025-05-26,Marine
Quality land,18.022598,162.956033,10832,2018-09-24,Grassland
Enjoy red,23.26195,172.626641,80697,2017-03-02,Freshwater
Sing expert,49.332454,-178.615003,66416,2022-06-06,Tundra
Real fast,48.662232,1.236143,2814,2024-09-10,Freshwater
Yes later,14.816017,-87.839319,67286,2017-08-26,Tundra
Production write,4.646139,8.071757,78279,2021-06-17,Wetland
Measure fast,71.647937,154.222694,28069,2019-02-08,Grassland
Provide pressure,-52.539282,105.665693,18660,2016-12-05,Urban
Box dinner,43.288405,-87.839888,53446,2022-08-11,Tundra
Gun last,-64.119167,101.63598,69500,2022-08-04,Wetland
Understand personal,-43.65855,100.929373,72632,2022-03-25,Marine
Role throw,89.820616,-63.741446,22215,2022-10-24,Forest
Movement into,-10.52267,-49.666629,75017,2019-02-09,Freshwater
Fund detail,-44.906587,-136.157471,6100,2019-09-21,Grassland
Identify simply,-79.521418,33.564549,2418,2018-06-09,Forest
Still level,-3.199903,15.498173,99593,2018-08-22,Desert
Risk real,-45.627813,-50.366568,28002,2026-04-24,Forest
Range manage,-5.745585,-71.920014,8150,2020-08-14,Forest
Successful manage,-15.076294,76.414651,59011,2026-01-14,Tundra
Special realize,46.171042,162.10706,68304,2019-11-03,Forest
Skill them,-42.800082,-84.47611,65510,2020-06-05,Forest
Pressure take,44.829221,-96.685286,45706,2018-12-26,Urban
Until fight,-38.064878,117.43055,77423,2023-09-24,Forest
Movement budget,77.430069,151.53223,28036,2026-07-11,Urban
Party serve,84.64622,-94.201824,77300,2018-04-18,Marine
Individual send,32.829524,-157.78649,53231,2017-11-13,Wetland
Over continue,-19.167126,-94.832556,6654,2023-11-15,Wetland
Or expect,11.7437,3.499923,69685,2022-09-25,Forest
Whatever soon,77.26915,124.661792,58910,2018-11-27,Desert
Talk direction,8.534613,75.01202,10400,2018-08-05,Wetland
Deal party,45.555359,-121.880717,88105,2021-01-15,Freshwater
Modern notice,-41.31164,-165.989963,90353,2016-07-20,Grassland
Forget recent,21.869829,-77.510765,96864,2021-12-02,Forest
Know consumer,-31.700353,119.394605,59519,2017-09-20,Tundra
Hair kitchen,-0.515792,-137.884962,2789,2024-03-10,Urban
Game cause,18.226027,43.278758,67563,2018-09-19,Marine
Board cut,-73.440849,-33.320456,98624,2018-07-31,Tundra
Significant there,18.714681,-55.132551,75239,2026-04-02,Freshwater
West price,31.19506,-31.038212,36983,2017-03-21,Forest
Bag deal,-33.865523,-155.280131,28413,2021-07-12,Freshwater
Yes debate,-6.195884,122.922579,27569,2020-07-06,Urban
Spend through,44.507265,84.049113,13305,2018-01-29,Urban
Exactly produce,71.073623,-111.983693,60154,2022-06-19,Grassland
Street write,-88.567854,-145.583705,63484,2026-05-23,Grassland
Such trial,70.186762,57.889005,93900,2025-08-14,Desert
Store international,82.231132,107.378573,13306,2016-08-22,Desert
Generation second,-75.875234,-174.512874,94416,2018-12-22,Marine
Five establish,78.909352,61.630583,41443,2017-12-02,Forest
Series walk,16.560292,-156.99258,9273,2020-03-10,Desert
Once it,-53.28448,-171.697385,24564,2017-07-11,Forest
Role cup,39.553377,69.419642,3681,2021-03-16,Freshwater
Very official,-26.071575,68.810336,10019,2026-03-12,Marine
Similar no,0.221351,163.3359,71779,2020-12-06,Wetland
Medical do,-88.204997,65.77286,57990,2025-01-30,Desert
Business enjoy,83.73091,-67.621616,18734,2024-05-25,Marine
Eight between,-41.448663,135.406279,28844,2021-03-21,Freshwater
Voice agent,-89.376156,174.002817,95622,2021-05-12,Urban
While hotel,17.610567,-47.433961,58941,2020-11-12,Tundra
Someone technology,44.584486,8.355361,88999,2019-02-07,Tundra
Rest likely,71.739758,-112.489508,30644,2016-11-16,Freshwater
Take rise,-66.142139,175.383701,66442,2020-09-28,Urban
Treatment score,-74.742708,-93.839915,83380,2017-06-28,Marine
Ago sort,59.508713,93.665392,5667,2017-10-06,Wetland
Few easy,7.482373,37.144386,40957,2017-02-14,Forest
Million report,56.586758,-40.154848,35194,2023-02-26,Freshwater
And practice,-29.319965,152.765803,28480,2022-08-30,Desert
The hot,-89.913825,153.821156,6147,2023-12-05,Tundra
Strong method,51.881412,-94.847039,20794,2019-12-05,Marine
Yes eight,88.315966,-149.276059,16895,2025-02-08,Urban
Southern range,30.090439,111.563373,26543,2024-05-26,Marine
Month another,55.491314,-39.712524,85676,2019-06-01,Freshwater
Must team,-29.76926,-95.964719,20231,2019-10-27,Urban
Everything Congress,84.758092,140.801124,36340,2024-09-05,Marine
Still marriage,30.809432,-155.500064,28197,2019-03-19,Freshwater
Character believe,81.354943,-6.985272,98526,2024-06-18,Tundra
Let song,74.68417,159.315617,64478,2021-06-28,Urban
Call which,15.724554,12.848795,11957,2022-11-13,Forest
Across argue,21.406046,125.810226,15026,2021-01-04,Forest
Avoid wall,-41.030691,-41.524341,11539,2024-03-31,Wetland
Congress recently,-25.511722,-133.681353,50363,2023-06-04,Marine
Choice affect,68.928643,108.80249,75650,2026-05-26,Wetland
Major my,-61.926373,50.296914,24885,2024-09-23,Urban
Wrong town,-47.737584,101.850933,67949,2024-12-05,Urban
Instead quite,42.399923,-63.955103,63291,2023-05-13,Wetland
Couple staff,17.706939,-34.994808,11511,2025-11-16,Desert
Design until,44.660854,-173.100235,2624,2020-05-11,Wetland
Add worry,10.176261,-50.380503,62256,2023-10-11,Forest
Already generation,-55.692906,-165.341431,93208,2016-08-26,Wetland
Happy structure,-53.462692,132.316001,97532,2018-06-04,Desert
Soldier task,66.526021,9.410273,16718,2025-10-22,Tundra
Term anything,50.884347,-148.351708,43334,2024-07-07,Marine
Simply recent,-25.657258,160.963485,15197,2020-08-26,Marine
Various it,-80.499348,146.406694,13672,2025-10-27,Grassland
That air,78.834537,-118.187736,52875,2021-10-10,Grassland
Trouble adult,84.868716,108.77115,68238,2017-08-22,Grassland
South organization,8.649323,53.636971,87934,2021-12-31,Tundra
Economic next,88.697687,-87.213814,27312,2020-04-28,Forest
Visit that,-42.384108,137.60809,28837,2017-03-28,Wetland
Family for,-39.593333,38.466585,44411,2016-12-02,Grassland
Sport arm,37.496724,-63.890598,34046,2025-11-24,Desert
Protect and,39.342174,174.670056,10360,2022-01-05,Freshwater
Place stock,-41.200846,174.299862,97363,2024-09-25,Forest
Will light,26.072755,-165.097587,9897,2022-10-13,Desert
Happen east,-40.796292,85.256093,17134,2024-01-15,Grassland
North protect,38.256818,-178.361021,507,2016-11-19,Grassland
With make,-18.213334,152.926665,45751,2018-11-07,Wetland
Always one,-39.559374,147.651916,96726,2022-12-07,Freshwater
Area sound,20.569206,-36.977905,8524,2025-08-28,Grassland
Tonight easy,-35.79493,89.240373,23915,2020-11-23,Tundra
Type billion,54.849268,98.555355,36167,2025-02-26,Wetland
Nearly majority,-52.311306,61.278612,65032,2016-08-17,Marine
Low huge,76.957266,86.30077,80097,2025-06-20,Desert
Determine argue,-81.146791,-1.951127,38802,2024-04-18,Wetland
Although run,-47.790102,-70.097162,37075,2023-11-24,Wetland
Significant yourself,-87.254174,142.009522,79315,2025-09-27,Marine
Throw source,-65.888127,-162.428337,58318,2026-01-28,Grassland
Peace method,-60.993471,0.420105,27467,2022-11-04,Urban
Store small,-63.986285,29.175685,9891,2025-06-28,Marine
Ago expert,66.140905,116.939064,12759,2023-05-01,Wetland
Risk remember,0.759268,-118.255737,68293,2018-06-10,Freshwater
Key gun,-71.302742,17.713987,81774,2022-02-24,Marine
Financial oil,20.21736,-94.066212,51848,2025-10-20,Desert
Color again,16.261392,-179.517677,83150,2023-04-03,Grassland
Key if,56.590142,-64.621309,5490,2022-06-07,Grassland
Bed pull,-62.820989,55.116194,98380,2023-11-27,Freshwater
Week soon,-27.409292,29.908873,12142,2019-11-26,Wetland
Movement million,36.460393,-178.19383,83921,2016-10-16,Grassland
Exactly part,28.579044,144.4388,98547,2020-09-26,Forest
True window,59.245171,-25.348688,5884,2018-10-29,Tundra
Idea alone,-20.357493,70.491354,91743,2023-09-01,Tundra
Wait paper,47.370392,97.012796,67143,2023-11-05,Desert
Very source,-20.248365,68.483135,49359,2022-05-25,Marine
Push wear,40.511689,93.503551,22366,2022-01-02,Wetland
Minute debate,6.081897,19.723271,95400,2021-03-31,Tundra
Ball age,77.046029,-50.952219,6517,2019-02-11,Desert
Together establish,83.816902,39.571962,56389,2019-01-31,Tundra
There two,-71.006109,94.556909,72848,2023-03-12,Marine
Skill time,-43.097787,53.091314,96821,2017-07-25,Forest
Pass lead,85.405593,-113.21271,57355,2023-03-11,Urban
Expert available,55.33725,139.340485,81690,2019-07-06,Tundra
Community marriage,-76.996431,147.213754,58762,2025-03-06,Forest
Left more,0.985899,-155.499612,7788,2023-06-06,Desert
Cold include,-29.982815,-86.607802,45781,2018-09-05,Forest
Effort dog,39.221699,-38.599704,3619,2024-02-13,Freshwater
Interesting hair,48.22191,169.919887,68707,2024-12-01,Wetland
Similar improve,-34.209906,-94.504461,53752,2019-08-30,Wetland
Down language,14.529552,93.92674,94781,2023-12-20,Marine
Nothing put,57.663531,-99.971516,67760,2022-02-25,Forest
Hundred another,-57.903191,47.224675,28012,2017-04-16,Wetland
Kind civil,44.096733,143.487727,77954,2019-02-09,Desert
Hope man,14.716007,-37.798995,63295,2017-05-11,Urban
Including suggest,-79.150277,177.758361,18338,2020-06-02,Wetland
Difference similar,45.270411,-35.466279,18791,2023-08-13,Desert
Financial five,67.583711,136.452029,30177,2024-03-07,Freshwater
Very able,-89.029881,24.425281,40809,2020-05-18,Tundra
Dark language,78.102351,-99.823525,34883,2019-05-17,Forest
About will,58.364192,-163.047855,22268,2020-03-11,Urban
Form inside,-21.589694,-162.200447,48959,2020-02-21,Tundra
Day my,-68.465721,-68.353457,40682,2022-12-24,Freshwater
Protect southern,2.057856,-121.214499,88609,2021-12-15,Desert
Believe operation,-24.283858,102.948067,13920,2019-12-25,Desert
Environmental house,61.747851,135.986596,76583,2026-05-21,Urban
Interesting break,74.7989,113.475287,71451,2025-10-14,Forest
Avoid data,-41.960624,131.170172,23428,2018-03-15,Freshwater
Order receive,18.202498,144.563224,18875,2021-10-02,Tundra
Tell up,52.594799,76.493326,78090,2023-12-29,Desert
Treatment especially,-88.689678,49.960971,58366,2024-06-25,Wetland
Country according,-3.402066,-2.200082,337,2022-12-11,Forest
Seven she,-40.345541,-163.2393,37886,2020-07-14,Tundra
Former team,-29.486399,-103.973595,46412,2021-08-15,Urban
Try enter,-63.798659,144.921025,53230,2017-06-21,Wetland
Away population,27.500024,-146.379385,6777,2023-07-30,Forest
Attention receive,15.079357,-121.847009,97601,2017-05-02,Freshwater
Security yard,-36.795551,158.629854,76387,2017-05-16,Forest
Detail year,-10.58577,-84.95933,1236,2025-05-20,Urban
Purpose term,-43.82267,43.677058,54464,2024-02-23,Desert
Large do,-20.540564,38.289685,98803,2019-02-04,Grassland
Herself situation,-13.08916,18.034444,62888,2020-01-29,Freshwater
Majority approach,7.67339,12.99209,63730,2019-10-26,Freshwater
Particularly board,44.862765,-104.536513,82812,2021-10-10,Tundra
Thank church,12.277518,-151.589984,44538,2025-09-11,Urban
Involve provide,-38.225334,119.531042,32864,2021-01-14,Forest
Imagine chance,-32.560111,119.265113,68308,2022-12-13,Tundra
Station matter,-50.854412,-67.579691,87568,2018-02-28,Urban
Room available,80.365391,-45.687397,228,2017-05-10,Marine
Short head,25.639184,26.651602,26522,2019-05-01,Grassland
Property page,-81.095616,94.664068,14142,2021-01-05,Tundra
Movement development,-33.960932,173.080271,28290,2023-03-31,Desert
Possible media,79.144055,-59.538582,29557,2016-09-29,Urban
Event authority,-34.102154,40.309792,13851,2019-08-03,Grassland
All foot,-13.094214,109.335439,20470,2023-07-04,Grassland
Data sound,-60.813415,98.685621,57501,2020-01-05,Urban
Move serve,-51.726294,-117.447242,65144,2020-11-13,Urban
Consumer rich,74.437373,-2.524083,88334,2017-05-25,Desert
Think space,-38.681171,76.843542,5363,2019-03-18,Forest
Respond instead,60.139947,-75.653404,59288,2025-04-16,Desert
Magazine through,29.083352,100.049022,41657,2019-04-20,Urban
Yeah watch,36.7434,-89.403915,99051,2018-08-11,Forest
Poor such,-53.839064,-74.206302,2930,2020-05-09,Grassland
Board three,-65.813428,134.346632,68228,2024-11-16,Freshwater
Property ten,-33.988933,-178.610137,72015,2026-02-17,Grassland
White early,-30.736422,105.53914,88154,2018-02-09,Wetland
Themselves way,-25.715033,-15.420788,29303,2019-08-03,Urban
Movie character,-63.087559,-119.650825,98919,2023-07-20,Grassland
Group wrong,-47.048812,21.924587,80868,2023-08-30,Wetland
Spend thing,9.981817,27.557469,4202,2026-05-23,Grassland
Back share,-9.510896,41.813904,38817,2018-04-25,Marine
Just skin,-39.381612,-138.217001,47096,2019-07-01,Marine
Mission appear,57.137332,23.458516,72858,2022-08-27,Freshwater
Next decade,80.892634,-149.412754,71003,2021-06-26,Grassland
We business,3.8863,27.056164,75956,2024-02-27,Wetland
Edge building,56.344597,177.955165,54748,2024-05-17,Grassland
Off me,45.130675,142.696265,19442,2024-09-05,Grassland
Water believe,30.516581,-95.451365,21021,2025-04-08,Desert
Read mean,-74.555047,-135.495846,40746,2016-08-23,Tundra
Able case,3.322395,85.942762,13824,2020-09-01,Desert
Election situation,63.038917,151.887355,25869,2017-08-21,Grassland
Task prepare,-18.381647,141.341456,90048,2016-11-01,Tundra
Exist music,8.98749,-137.725196,69969,2021-09-23,Wetland
Traditional position,9.176042,5.956819,72733,2020-06-26,Marine
Modern yard,18.123478,28.306374,29762,2022-11-06,Grassland
Race across,-40.68548,-51.889461,51487,2021-02-28,Tundra
Crime tax,-59.398802,-7.131212,33366,2025-01-04,Forest
Together simply,-63.658648,-150.597457,95599,2019-10-26,Marine
Major former,77.626396,99.500455,81706,2018-05-15,Tundra
Thing method,12.875699,106.906392,61413,2021-12-21,Grassland
Hard with,71.235137,-30.921085,2019,2021-01-31,Desert
Attorney imagine,13.227404,-10.052233,61373,2022-08-23,Freshwater
Black computer,-51.723818,-125.145575,95459,2021-10-18,Tundra
Research finish,-3.128311,14.934718,58719,2017-10-03,Grassland
Although peace,18.21465,-82.326187,16533,2020-09-16,Grassland
Least language,-52.127291,-30.236857,62248,2017-04-13,Urban
Short crime,59.663531,43.711347,41856,2021-03-30,Forest
Fill certainly,27.286356,86.775978,89658,2022-05-14,Forest
Now local,42.417772,-103.83062,59540,2022-05-01,Freshwater
Argue model,43.341642,-173.137646,8187,2018-01-25,Forest
Middle form,82.497313,-64.065404,64163,2016-08-06,Grassland
Data develop,41.069538,-117.484472,6944,2022-09-11,Wetland
State total,79.250376,25.740984,53989,2017-03-05,Grassland
Police second,30.469691,-77.696941,82423,2018-06-08,Grassland
Economy paper,80.963666,174.080174,23153,2017-04-07,Grassland
Partner treatment,47.348097,-147.657351,33748,2016-11-05,Grassland
Program system,16.284144,84.017356,33113,2026-06-14,Desert
Already pretty,16.434742,7.151594,20258,2019-03-26,Desert
Commercial long,21.228496,164.975623,24748,2019-04-12,Forest
Degree imagine,-84.931562,0.134089,24989,2017-04-14,Marine
Store ten,-63.86444,-63.486686,12179,2021-07-30,Grassland
Different their,-71.81436,41.127487,35220,2019-05-17,Grassland
Some your,-80.393728,119.59031,72412,2026-05-19,Wetland
Beautiful such,82.390955,-78.221753,32469,2018-03-13,Urban
Fall know,-22.366527,179.650815,60,2016-10-12,Grassland
Kind box,-38.629513,-100.290695,48802,2017-10-31,Desert
Always north,52.589392,-81.383842,16911,2019-11-05,Freshwater
Future nation,-30.423101,-113.626626,23564,2023-03-30,Urban
Stay together,-56.813241,-85.25631,53897,2018-01-25,Urban
People audience,38.960672,60.823639,49297,2017-04-26,Marine
Toward between,14.281685,-63.237286,54438,2018-07-28,Tundra
Authority somebody,-70.410945,-85.119403,46424,2025-10-06,Grassland
Great trouble,14.689745,162.337893,50263,2025-10-27,Urban
Rule because,29.619663,50.192458,63308,2020-02-14,Forest
Worry character,7.438031,-61.26145,16238,2019-04-01,Freshwater
Smile local,-61.483104,25.293729,67505,2019-09-26,Forest
Economic hold,27.165023,-118.800839,16011,2023-11-19,Desert
Road friend,-83.77195,87.652385,18546,2022-12-04,Desert
Expect career,53.128451,42.81566,48577,2021-03-19,Urban
Traditional yourself,-30.907681,49.389623,41553,2017-06-20,Desert
His provide,49.218067,141.11034,4757,2018-12-29,Forest
Hour administration,22.718269,-140.156467,87781,2023-12-15,Forest
Whatever future,12.934299,-35.86248,26096,2024-06-07,Desert
Thank say,54.728809,-91.27705,9694,2020-12-19,Forest
Republican general,-46.233963,-7.486442,94888,2021-02-10,Tundra
Various ready,-45.625901,116.83779,6597,2017-09-20,Tundra
Only west,-86.379779,-117.32424,83385,2022-01-29,Tundra
When wife,-76.977294,-39.723334,83443,2022-11-18,Forest
Former democratic,1.083309,-0.006586,14449,2022-06-09,Marine
Positive later,-46.873486,-175.011859,23355,2023-01-15,Marine
Decide old,-5.901073,-123.023049,21477,2018-11-25,Grassland
Financial trade,-19.524775,-153.211657,40410,2020-05-19,Urban
One to,-19.019691,-112.236883,13396,2020-02-23,Freshwater
End human,41.929372,85.562709,53915,2018-07-17,Grassland
Particularly parent,-26.227551,-134.09979,68016,2020-04-21,Forest
To piece,-75.558008,100.543006,27978,2023-10-15,Desert
Newspaper hit,-49.841372,47.185863,70900,2018-08-08,Grassland
Boy environment,-81.783862,51.679526,89640,2023-12-03,Grassland
Government pull,-67.882256,27.85713,5353,2017-01-04,Forest
Degree nothing,-56.349118,147.661412,30758,2022-12-02,Tundra
Local word,66.429998,111.228536,96380,2016-08-14,Freshwater
Red benefit,-40.040074,-157.940239,54539,2024-10-15,Freshwater
Own almost,-33.360879,-83.410599,63901,2017-08-01,Desert
Security already,-58.656031,-44.754315,88099,2022-08-13,Wetland
Provide personal,-4.565504,28.135387,28444,2022-03-18,Grassland
Long movement,62.558192,-55.278649,87860,2023-10-31,Forest
Report consumer,34.067338,47.601708,38161,2025-10-19,Urban
Tax indicate,9.639474,155.769731,35317,2019-06-06,Forest
Film respond,-34.645343,-9.607509,3540,2025-01-02,Forest
Cut father,73.156261,-112.022889,73520,2026-02-08,Tundra
Social see,-13.301785,-148.634735,25661,2024-09-14,Desert
Debate with,37.980535,-54.957416,38784,2025-10-02,Desert
When here,13.900006,-107.28087,81609,2025-10-10,Tundra
Production career,13.623858,-143.484784,40688,2022-05-29,Freshwater
Deal fine,8.384112,77.448946,80724,2020-01-19,Tundra
Over animal,30.837026,-146.296105,65506,2023-09-14,Grassland
List occur,-67.418318,9.826376,33405,2019-12-11,Marine
Bad raise,-18.178132,120.84278,31955,2021-08-23,Tundra
Guess soon,-51.767589,27.355848,81905,2025-01-13,Desert
Not system,27.973318,-10.682602,85126,2020-03-27,Desert
Address among,31.779326,155.077307,83059,2017-02-24,Desert
He interest,34.686546,-99.405541,82678,2021-01-24,Wetland
There strategy,66.920638,165.228253,79581,2017-06-03,Wetland
However more,60.637039,-133.816608,93645,2022-01-05,Marine
Smile today,56.24522,127.961551,46121,2023-07-04,Marine
However admit,-14.966634,79.629091,89114,2022-05-03,Tundra
Since ago,-5.790241,-56.3775,77006,2016-09-22,Freshwater
Size structure,-53.105039,-135.526408,65777,2024-03-25,Wetland
Term note,75.541679,96.951118,25148,2022-10-14,Forest
Improve call,-69.097614,69.993329,13640,2019-09-03,Tundra
Drug identify,-83.934256,-30.595774,71766,2019-06-20,Marine
Administration send,-7.654114,-139.476628,93236,2021-02-11,Tundra
Laugh evening,54.460231,-92.7358,88761,2021-08-31,Freshwater
Likely interest,25.330102,14.690596,48049,2024-05-20,Grassland
Customer student,-60.336492,-55.725033,64929,2026-05-02,Grassland
Fast serve,-27.187074,-173.53157,73781,2024-07-03,Urban
Analysis find,-12.434123,81.909705,77802,2019-09-30,Grassland
Buy bad,-51.9973,-165.202252,58814,2019-02-20,Urban
Rock consider,-64.654024,-29.043165,87055,2020-11-27,Urban
Central central,-43.41846,39.103996,83835,2019-09-08,Marine
Interest finish,-46.548806,-177.171707,5138,2017-07-11,Marine
Foreign door,-57.291449,49.296125,43884,2026-04-14,Urban
Sea respond,0.238706,101.535995,92309,2016-11-10,Urban
Along city,-21.380303,-12.271324,7671,2024-05-24,Grassland
American spring,66.915029,119.794524,18387,2019-05-01,Desert
Financial someone,-60.682951,166.465983,55713,2017-03-26,Tundra
Range argue,-63.919635,-124.775741,91267,2024-04-02,Wetland
Single wait,47.611116,-166.008282,10866,2021-03-31,Urban
Final main,-52.314756,90.103956,94725,2020-03-18,Desert
Recent mention,55.428142,-145.095352,40116,2018-07-25,Freshwater
Body technology,21.823845,149.493998,27259,2021-01-19,Marine
Base fear,-10.187576,-71.788852,25597,2020-01-08,Forest
Give such,-33.247431,-22.478505,40687,2023-08-26,Desert
Laugh job,-52.921367,-24.609508,80811,2025-03-08,Tundra
Morning spring,-28.458515,-76.100838,68537,2018-01-04,Forest
Growth bill,-81.526564,70.557543,7929,2019-04-18,Forest
Drop dinner,43.683721,110.037635,9837,2018-12-27,Tundra
Pass consumer,-51.857118,-89.454389,46715,2021-06-30,Wetland
Mother dream,-43.458338,127.120716,13577,2024-01-07,Grassland
That full,89.7614,-51.138265,14613,2025-01-26,Tundra
Large perhaps,49.525882,130.461413,75781,2024-09-24,Marine
Institution establish,35.935507,-141.751166,70750,2021-10-28,Tundra
Door require,-64.697554,67.726601,82609,2020-03-28,Wetland
Quickly mouth,-32.085385,-45.166207,913,2024-07-12,Grassland
Resource offer,-5.543725,96.587948,1571,2021-10-03,Desert
Rule growth,85.562478,122.404893,922,2019-05-19,Tundra
Prove add,-52.43917,-52.815792,81596,2020-03-16,Tundra
Nature executive,-65.587704,-16.935546,38511,2019-06-30,Forest
Family pretty,-66.368671,157.665004,59930,2025-05-14,Wetland
Look maintain,-29.906848,-143.912344,669,2024-03-17,Tundra
Unit reality,14.847748,-21.241593,21473,2021-10-03,Desert
Remember material,54.553422,-92.092486,20943,2024-09-04,Wetland
Answer dark,-4.564089,-164.267697,41784,2020-04-25,Tundra
Various reveal,-61.92047,6.837446,48774,2017-08-27,Forest
Base name,83.560634,43.375224,52491,2017-11-22,Wetland
Move him,9.08839,22.487062,22762,2018-03-24,Tundra
Respond blood,-6.626236,-0.089065,32063,2025-02-20,Forest
Religious not,31.681815,71.793949,90465,2022-09-14,Marine
Whose democratic,-17.080691,127.100374,75027,2021-08-07,Freshwater
Practice some,19.781858,-88.032097,89563,2021-05-14,Tundra
Leader summer,-47.654858,74.909863,15107,2020-03-03,Wetland
Color of,-69.774371,154.519122,37429,2025-02-27,Marine
White since,-82.890363,-138.621468,47418,2017-05-05,Marine
Poor century,-51.9765,-86.080233,24887,2019-10-22,Tundra
Former almost,15.585421,83.284691,72862,2021-01-23,Forest
Available process,-21.385539,32.012914,10800,2025-03-22,Marine
Cut seem,-69.839787,40.501144,62623,2022-12-12,Urban
Care government,10.952149,120.078339,55763,2021-08-01,Marine
Structure black,-70.640524,148.344297,5368,2025-11-20,Tundra
Campaign without,-12.032527,50.019319,77731,2021-05-27,Desert
Design score,-38.342504,-132.726986,38490,2023-03-24,Grassland
Page piece,13.609041,59.47089,76927,2017-03-10,Wetland
Feeling price,84.24037,153.71427,16058,2021-06-29,Wetland
Material time,61.878216,81.163921,92059,2017-12-08,Marine
Present add,-79.95,-174.506337,17262,2016-12-16,Tundra
Fine tree,72.298224,-73.391267,31324,2024-07-22,Urban
Either treatment,-2.214184,-30.709655,79768,2024-01-10,Freshwater
Them world,4.630352,29.101004,26030,2018-04-24,Freshwater
Minute these,-37.744238,131.351595,83012,2021-04-12,Tundra
Must increase,-58.840024,-38.268911,89968,2022-02-22,Forest
Itself water,62.212058,-16.632538,38920,2023-07-19,Tundra
Point subject,61.658924,-98.900089,5688,2016-09-09,Forest
Clearly agreement,76.152648,-176.255943,35692,2020-10-04,Desert
Star expert,44.968655,112.340887,59126,2024-10-21,Desert
Its six,-85.575875,-52.069978,21614,2023-01-01,Freshwater
Prove reality,-37.686845,-37.467593,40995,2020-11-10,Urban
Heavy my,-38.286871,-42.938165,75050,2018-06-06,Freshwater
Nor fall,31.30194,-173.729731,48705,2020-01-28,Freshwater
Sing least,70.491576,53.516966,76568,2022-04-03,Urban
On especially,14.639293,-72.891125,356,2024-08-10,Urban
Draw can,66.675262,172.034009,82414,2018-12-16,Freshwater
Book we,-1.465427,-65.169385,98975,2016-11-21,Grassland
Response table,-4.540765,115.277056,44,2017-03-14,Forest
Difference explain,57.861061,-71.773811,61963,2026-01-21,Grassland
Base message,44.384869,163.483482,78617,2026-01-16,Marine
Year lead,-58.408731,-131.307424,47411,2018-12-03,Marine
Trial work,9.369472,-136.073525,11529,2017-01-07,Wetland
Live appear,-46.486729,159.329667,3808,2019-06-23,Forest
Respond skill,-37.689972,-106.893694,14963,2019-05-10,Forest
American box,-82.706819,85.918218,17930,2019-08-10,Marine
Mission deal,-21.129352,115.413747,33800,2021-07-27,Tundra
Reality go,-84.259191,112.101138,86441,2017-07-21,Freshwater
Book support,30.328713,14.865598,69490,2023-05-15,Grassland
Six hit,-9.73309,-130.464159,92097,2023-07-27,Grassland
Expert hand,46.945317,161.942942,89747,2026-06-23,Desert
Contain mother,-85.779188,-62.446274,74189,2018-03-21,Forest
Model Congress,-85.615968,-37.352011,30715,2020-12-09,Freshwater
Than Congress,-89.560517,-19.863998,98400,2020-02-23,Wetland
Popular interesting,63.962495,-43.604096,70178,2019-12-14,Urban
Party three,19.834388,82.273704,52587,2018-10-28,Wetland
Let garden,-69.233981,98.693184,83155,2022-02-24,Freshwater
Former think,88.074676,-31.564819,71963,2017-06-25,Wetland
Themselves ball,45.445138,-28.11391,61093,2021-05-25,Forest
Within well,80.730871,80.340204,17999,2021-01-27,Desert
Four off,62.221297,111.97021,22564,2021-01-10,Marine
Particularly cost,86.318473,-123.648512,31565,2019-12-26,Desert
Serve eight,-63.728987,-14.321135,24803,2017-06-22,Forest
Certain center,-36.360312,-169.090084,10103,2017-07-15,Tundra
Three take,-55.810969,-124.16149,67909,2024-07-16,Wetland
Huge as,85.043921,153.767021,64074,2022-07-03,Urban
Glass perhaps,87.291595,-116.241152,49206,2024-07-09,Desert
Pressure five,27.159784,-134.317638,63997,2019-04-21,Freshwater
Pretty ready,37.431179,-88.039956,22709,2022-08-15,Grassland
Hundred exist,-78.774352,84.519802,26032,2025-06-06,Urban
Vote like,25.343774,70.571725,22886,2019-10-27,Urban
Identify focus,60.317685,27.149397,78775,2024-02-25,Forest
Account of,-85.386129,38.481671,95736,2025-05-08,Wetland
Subject film,-48.71652,-174.680437,91691,2016-08-31,Forest
Key today,-14.71824,111.407831,2120,2026-02-05,Marine
Sometimes sometimes,-4.283469,-50.469276,99773,2025-05-21,Marine
Bank second,-88.225706,-25.876411,27540,2018-04-30,Tundra
See really,63.735781,-172.743028,48550,2026-01-28,Forest
Summer throw,5.103863,33.816504,5833,2025-02-01,Urban
Recently executive,-26.733529,114.998747,23391,2019-10-19,Desert
Million dark,-87.807303,-86.651709,1337,2022-06-05,Tundra
Senior medical,9.844732,-149.834621,49753,2022-08-24,Grassland
Member million,15.231579,166.362339,55876,2024-01-22,Desert
Want heart,-15.699546,-170.737331,57722,2023-07-23,Freshwater
Of Mr,-26.492365,131.277525,43704,2018-12-24,Freshwater
Wish Congress,7.498856,-54.758015,79698,2022-04-22,Freshwater
Fish establish,14.746611,125.962776,63324,2025-12-07,Forest
Area personal,-43.097349,-171.433701,3093,2025-04-21,Desert
Car here,55.465202,34.900695,91297,2026-04-01,Urban
Above century,-71.728792,131.875085,69131,2022-10-31,Urban
Career they,80.820361,158.838258,45656,2017-10-30,Wetland
Career know,-87.55293,58.531371,43831,2022-01-11,Freshwater
Seat else,-56.689356,68.403045,17686,2019-06-07,Desert
Eat deep,8.961247,-118.526196,187,2026-06-30,Grassland
First moment,-27.634393,-97.568835,53138,2017-09-12,Desert
Wife manager,-47.749144,-18.095478,44007,2021-10-21,Freshwater
Southern begin,34.892149,6.933383,81475,2022-04-15,Marine
Surface support,-32.857788,139.818298,59263,2016-09-08,Marine
Enter contain,2.651151,-89.361628,22947,2019-05-10,Tundra
Billion feeling,17.90335,78.574363,84550,2017-06-15,Wetland
Lot data,-34.61517,25.834707,18854,2023-12-10,Freshwater
Score election,51.953128,-37.387308,85623,2025-09-02,Wetland
Though without,-38.232004,-106.820849,83541,2019-07-03,Forest
All car,24.007646,-141.184508,87249,2024-09-22,Forest
Would vote,33.505091,9.530385,43836,2018-02-16,Freshwater
Eight reflect,-25.393139,-49.417121,21519,2023-09-14,Marine
On serve,-15.172965,-103.683199,20802,2019-02-18,Wetland
Wonder very,6.991596,44.489743,6985,2024-11-06,Urban
As improve,10.534769,148.990086,99520,2020-10-02,Freshwater
Into wait,66.942112,174.629355,77262,2024-01-06,Marine
Issue single,-11.520975,-78.860123,72897,2024-03-05,Desert
Onto develop,5.637459,-5.066967,13080,2024-03-02,Tundra
Current education,78.326933,105.016469,71783,2025-08-27,Forest
Agent professional,-87.32098,-113.682198,6534,2025-02-23,Desert
Administration of,-21.91831,6.630328,43606,2025-07-18,Tundra
His image,-59.831096,-50.102326,1498,2018-04-25,Urban
At program,32.860279,110.09673,27543,2019-01-04,Grassland
Down each,-62.989719,-63.308483,73959,2022-05-29,Forest
Walk magazine,60.455008,-159.696497,21675,2023-03-30,Forest
Director recognize,46.895684,-156.176676,56735,2025-09-28,Tundra
Old much,89.724123,-49.965447,89739,2022-07-24,Freshwater
Financial unit,10.8313,12.970982,91243,2019-11-27,Desert
People beautiful,-80.507084,-105.323508,86648,2022-08-12,Grassland
Follow evening,74.342827,50.255907,62024,2023-11-03,Urban
Leave accept,-14.314779,-21.185463,97238,2025-07-04,Wetland
Wrong newspaper,63.191109,51.836425,59481,2020-03-25,Wetland
Result summer,-81.319419,9.071146,73020,2021-02-28,Grassland
What sea,44.258021,-32.440994,78734,2024-11-18,Tundra
Animal machine,-27.739263,141.718118,44624,2025-01-25,Grassland
Because task,-41.319818,56.849402,83559,2020-06-02,Grassland
Seem forward,-83.273079,-103.946504,77483,2021-05-31,Marine
Free mission,-89.993435,8.491381,76306,2019-03-21,Urban
Buy nearly,-51.686158,1.841963,92564,2025-12-30,Grassland
Impact especially,-74.272142,78.854781,22905,2017-01-22,Freshwater
Player material,-27.205434,-54.706861,83246,2017-05-11,Forest
Eight thank,38.223566,-136.161192,34806,2023-06-03,Freshwater
Loss push,-55.80103,112.718461,86702,2017-04-19,Marine
Network hot,10.979412,108.353621,80988,2019-09-01,Grassland
National case,47.325105,53.171697,28416,2020-08-23,Desert
Need resource,-25.466462,-104.868337,32581,2020-10-22,Forest
Listen rise,-4.746617,63.747051,20292,2018-02-24,Desert
Special trouble,53.849325,-148.252869,75331,2023-02-18,Forest
Street save,58.388691,116.360377,24458,2023-08-29,Forest
Baby sort,-29.54265,-46.414487,17490,2020-01-05,Marine
Manage region,-23.846006,45.899485,30658,2023-05-19,Freshwater
Bed account,-4.897103,46.985905,11904,2025-12-03,Forest
Above line,42.834509,158.741608,41513,2023-12-13,Wetland
Left economic,61.441318,-85.283344,99994,2021-04-27,Freshwater
Sure everybody,37.192433,-87.315582,88408,2020-01-20,Forest
Light star,-10.215461,56.875022,13270,2019-11-26,Forest
Develop me,75.985559,147.704075,70877,2022-09-17,Marine
Tv science,11.198374,-133.62687,28854,2026-05-27,Marine
Government only,-53.605632,-157.369366,2629,2021-11-22,Forest
Upon both,-58.840958,105.130189,33573,2016-08-01,Urban
She site,-54.682316,-156.623356,26145,2025-03-22,Forest
Tv table,-0.347066,-94.342959,93104,2020-04-03,Marine
Most large,-57.903242,-151.611595,79644,2019-06-28,Tundra
Technology military,66.102498,-13.875737,36115,2022-03-19,Forest
Receive bit,12.540158,-143.758417,41767,2019-09-02,Wetland
Deal reason,36.705098,-121.930791,57949,2026-01-15,Forest
Meet nearly,4.30296,96.161649,79637,2021-01-13,Desert
Should manage,70.314075,40.605682,51959,2026-03-25,Grassland
Color check,-86.743621,110.402356,95400,2016-10-17,Forest
Race town,19.080793,145.772299,76374,2019-04-22,Wetland
Medical tree,36.6275,-24.965787,43318,2022-01-22,Tundra
Place rest,-7.514802,-63.855115,36730,2017-04-18,Tundra
Company defense,15.641674,-58.196101,82728,2023-04-02,Tundra
Few still,25.74963,159.526091,47208,2019-01-11,Grassland
Together model,-56.798302,77.585861,92661,2025-08-27,Tundra
Remember religious,-76.59422,-86.016494,78296,2025-01-27,Urban
Finish environment,82.212452,-174.069183,8874,2022-05-18,Grassland
Watch couple,1.748633,-5.624269,99136,2021-08-28,Desert
Wait woman,19.458038,-4.615555,1982,2017-12-16,Desert
Among couple,-34.477601,-67.489365,97335,2016-08-11,Urban
Car never,-11.17632,-39.754417,71018,2024-02-18,Wetland
Structure something,-18.336264,-158.560101,42820,2022-09-04,Desert
Whatever catch,4.255318,-136.818989,39458,2022-06-04,Wetland
Ability three,-64.676152,150.440744,91840,2017-04-23,Grassland
Need amount,-7.995381,-157.625675,62147,2026-03-31,Marine
Science whether,-31.680163,130.717773,61948,2022-05-28,Forest
Teacher fine,-54.635296,169.302408,23529,2018-06-14,Wetland
Team move,-37.58445,-93.265042,12659,2022-07-11,Desert
Scene his,63.986791,-77.282224,58768,2021-02-15,Urban
Voice look,43.972296,121.365847,60796,2020-09-04,Freshwater
Successful test,43.644166,60.502127,91191,2026-01-25,Desert
Truth say,-72.574999,173.468156,36108,2024-02-03,Wetland
Team move,-34.145916,125.870986,8080,2018-12-25,Forest
Pay important,-47.375446,88.9111,31071,2026-06-26,Freshwater
Tell perhaps,-8.114489,36.97087,51585,2019-07-25,Grassland
Significant leader,69.639099,137.943674,44988,2023-01-12,Wetland
Top strategy,24.031157,69.648076,21822,2025-03-27,Freshwater
Include question,-7.405023,-139.474554,23765,2017-10-21,Desert
Bag box,83.276981,-78.666175,31584,2025-01-06,Grassland
Arm road,-41.318828,-45.847737,8401,2019-08-08,Wetland
Call language,-2.73546,-157.959482,21934,2025-09-23,Marine
Together window,49.208501,76.09639,31322,2016-08-18,Wetland
Head project,77.17988,170.588961,26202,2023-02-19,Tundra
Find imagine,55.268258,47.040367,33462,2023-10-21,Wetland
Man need,76.81988,-117.929268,24862,2020-02-21,Desert
May member,47.833686,-139.567833,55042,2019-12-07,Tundra
Style Mr,58.29606,60.340784,21115,2017-08-19,Wetland
Coach might,79.687043,169.488772,18589,2022-03-29,Grassland
Apply certainly,88.983086,51.132808,36873,2020-01-10,Marine
Community college,-64.515539,-127.609896,20360,2025-02-04,Tundra
Card owner,64.750585,-5.817789,78113,2019-10-20,Desert
Miss son,15.109612,-9.508056,98760,2026-01-31,Grassland
Treatment green,9.653888,-27.470468,39103,2020-08-18,Desert
Foreign table,41.149842,-28.355728,7949,2020-12-29,Wetland
Magazine prevent,36.19344,83.297937,95650,2020-01-26,Freshwater
Experience window,14.211884,128.39019,79064,2018-07-10,Tundra
Can program,52.355245,-67.017552,82559,2026-01-20,Urban
Prove bring,44.943691,-13.888969,63635,2019-02-10,Tundra
Never sing,5.710354,-55.390863,86455,2018-05-08,Urban
Off people,8.668567,-89.104132,39671,2018-06-28,Marine
Expert themselves,-70.205323,-28.096698,74143,2017-10-21,Wetland
Media respond,57.184103,-134.97627,43076,2023-12-07,Desert
Respond do,64.749174,-149.975416,60598,2023-08-28,Freshwater
Listen tax,32.308395,-71.416448,42305,2022-10-21,Forest
Next per,-88.65304,-36.532682,45249,2018-09-24,Freshwater
Represent western,-44.244775,-50.033228,87642,2022-07-24,Urban
Nor rule,41.077486,1.83398,41869,2018-05-22,Wetland
Still expect,49.985108,6.340104,52433,2021-10-09,Freshwater
What same,2.610059,105.127451,66130,2017-04-14,Marine
Write too,12.506639,153.086512,50569,2018-05-26,Desert
Could poor,-71.999175,-103.760361,22483,2024-07-24,Freshwater
It meet,66.471717,63.504498,96095,2018-04-12,Urban
Raise policy,55.126651,-26.635937,37340,2022-08-22,Wetland
Measure price,21.772351,-98.862903,84169,2023-12-15,Marine
Artist challenge,-10.898687,-63.053467,41067,2026-06-12,Forest
Force they,-34.984485,136.513913,786,2017-02-02,Freshwater
Painting either,19.207587,-121.20554,29421,2018-04-10,Tundra
Shoulder miss,-28.04401,-121.804522,89200,2017-09-29,Freshwater
One street,85.012512,-102.691542,76527,2025-04-20,Urban
Phone manage,2.176635,-72.442331,95898,2026-02-10,Freshwater
Field in,-55.595113,-126.088928,21989,2025-11-27,Freshwater
Field hand,38.551147,-80.400183,19642,2017-08-23,Desert
Wish man,87.68234,61.713532,23634,2022-10-02,Grassland
Recently general,-32.819372,-136.265326,2047,2022-10-04,Tundra
Media a,37.638496,137.589668,7990,2019-11-21,Urban
Fall account,-30.774293,-81.41947,68826,2020-02-12,Urban
Fight pay,66.371589,162.995701,94923,2021-04-15,Forest
Part natural,-34.488626,88.934063,78538,2017-04-02,Freshwater
With take,14.175335,-144.728515,1464,2020-11-25,Tundra
Run story,33.686762,19.708267,51352,2019-01-07,Tundra
Card fast,2.090494,101.474891,11975,2019-08-29,Tundra
Song guy,-70.826842,-94.266106,79955,2017-04-29,Forest
Study partner,-31.836928,69.042682,11469,2017-07-01,Tundra
Notice learn,76.990875,86.549889,29227,2019-07-20,Grassland
Admit suffer,-38.117641,102.165532,4657,2019-04-06,Grassland
Party fire,6.074222,43.662828,99904,2023-01-07,Freshwater
Unit not,-55.91124,54.614797,2645,2022-07-24,Grassland
Marriage action,24.166044,-177.334144,99496,2025-12-10,Grassland
Catch argue,63.229286,-83.380581,46805,2016-10-08,Tundra
Age glass,74.674295,165.062171,67527,2017-02-09,Forest
Instead store,40.635985,157.547264,64552,2025-07-02,Marine
Position management,21.499142,178.277316,37564,2025-01-17,Tundra
Three indicate,49.002306,161.285488,85946,2018-06-28,Freshwater
Already also,-29.30431,171.813952,52974,2022-03-18,Tundra
Produce story,-14.13143,-87.386409,39438,2026-01-07,Urban
Somebody attorney,1.335931,-58.486486,9811,2021-07-22,Tundra
Those along,42.673125,35.629467,9923,2023-10-02,Forest
Board history,84.904165,77.909454,65181,2017-01-29,Grassland
Poor second,58.793969,2.789283,10925,2024-04-19,Tundra
Coach smile,89.228256,72.428335,66523,2022-03-11,Grassland
Wonder high,-74.472488,87.768264,2973,2017-07-23,Urban
Know arm,-19.95664,149.903788,19863,2022-05-17,Freshwater
By cell,-46.231231,46.904137,29492,2022-02-17,Desert
Into test,8.964751,-83.469514,47032,2024-12-11,Grassland
Though sit,-7.736268,-150.411789,20712,2023-06-04,Freshwater
Bar station,87.91576,70.265321,19590,2023-09-18,Grassland
Center well,24.151223,69.368674,72358,2017-07-09,Forest
Consumer guy,-71.553025,-129.26527,84925,2025-08-25,Grassland
System safe,-31.065632,-135.315223,2379,2018-07-27,Freshwater
My central,29.606624,41.427396,83311,2024-03-02,Desert
Happy customer,66.573425,93.079993,55592,2026-04-07,Desert
General old,41.009406,-135.430884,86695,2022-05-22,Forest
Effect vote,-79.408951,59.635608,72944,2017-05-17,Desert
Produce second,21.462867,176.088916,59029,2025-05-14,Marine
Media decide,24.901682,77.643863,2008,2023-09-11,Desert
Read business,63.851611,3.076058,32231,2020-05-08,Tundra
They discussion,-38.063445,-131.792326,82954,2023-04-26,Marine
Ahead reduce,37.514564,-15.434255,94040,2025-10-08,Freshwater
Poor hold,-89.84307,-125.243895,13419,2021-09-03,Grassland
Generation manager,49.2383,172.369761,13248,2024-12-13,Freshwater
Network third,39.481753,1.295027,74057,2021-08-31,Freshwater
Ground think,-10.132443,43.21486,56361,2021-10-01,Grassland
Your establish,-34.395506,-112.468114,95457,2018-11-25,Forest
Difference account,49.207615,120.644319,9399,2018-10-13,Tundra
None record,8.566923,-110.292372,71915,2016-09-16,Grassland
Bit event,51.480374,18.721756,55105,2016-09-16,Wetland
Dream fight,7.546735,151.736209,94543,2022-11-06,Marine
Middle where,-87.362532,49.568138,74304,2020-12-07,Freshwater
Organization mouth,-47.57695,61.217338,85953,2018-06-30,Freshwater
Quickly use,67.867092,-36.318652,69522,2025-02-03,Marine
Keep entire,-17.305893,75.312521,14384,2023-08-26,Desert
Happy you,50.380255,-11.202827,19636,2016-09-16,Marine
Onto authority,-42.06595,-35.087797,87708,2019-12-10,Desert
Expert every,64.875989,54.218389,34710,2018-07-07,Desert
Vote region,-57.139599,105.365584,69987,2026-04-01,Tundra
Mind country,-35.881693,61.28149,34447,2018-05-24,Desert
Table reveal,-73.27421,-102.296122,53053,2024-02-25,Marine
Low realize,-36.024315,163.083088,25893,2024-10-28,Urban
Role explain,-8.65522,-173.773655,84101,2019-08-10,Freshwater
Parent resource,75.906951,-57.695287,24333,2021-04-03,Wetland
Available yard,-49.973097,-126.399209,98244,2019-09-21,Grassland
Allow score,17.281431,-57.58239,46467,2019-12-24,Urban
List once,-6.346906,162.291762,83995,2018-10-08,Desert
Pay PM,-21.348414,52.433584,48688,2025-01-09,Marine
Many will,31.137294,-127.463847,84648,2026-04-16,Desert
Street agreement,84.671206,102.6499,8184,2016-08-27,Marine
Where strong,60.77395,-118.398535,65702,2023-09-13,Desert
Easy animal,-35.632838,-135.232267,4569,2017-04-16,Marine
Across firm,-89.274482,-93.929671,1292,2025-09-30,Desert
Edge win,52.756557,-94.696092,40787,2018-01-16,Tundra
Option environmental,-4.591467,26.217286,86514,2021-11-18,Wetland
Change floor,39.790009,-175.2129,64053,2021-02-11,Tundra
Senior somebody,61.253786,-133.815013,44184,2018-06-25,Tundra
To by,45.651653,-169.897633,8711,2021-04-03,Tundra
Military phone,-18.037594,-115.432959,73319,2026-07-13,Forest
Not camera,-84.77999,-151.727763,6208,2024-02-12,Desert
He word,25.606782,74.227385,10195,2018-10-06,Urban
Let property,75.739192,-27.161182,72800,2019-09-08,Forest
Wrong quite,43.235969,-179.760129,8079,2018-02-16,Marine
Fine discuss,-36.840761,62.55154,53619,2022-08-22,Grassland
Rich first,80.62365,168.083073,15760,2025-05-01,Forest
Young suffer,-82.624737,156.107701,2782,2025-06-27,Marine
Character piece,68.564515,-92.493535,50993,2018-12-29,Urban
Itself fire,63.026239,-46.279009,87246,2019-11-20,Urban
Measure amount,69.467631,22.816582,27862,2023-03-29,Desert
Though shake,-34.468753,175.770857,65703,2025-10-13,Wetland
Everything town,12.960407,-80.100808,72712,2021-09-06,Wetland
Window window,-80.258717,-150.095599,87979,2019-08-12,Grassland
Hospital instead,21.127222,-111.184828,265,2022-01-27,Forest
Foot news,87.283535,-163.699783,51757,2025-09-20,Urban
Up expect,-11.422517,135.924739,42594,2019-02-19,Forest
Policy manager,-47.362954,-88.981207,385,2021-06-17,Freshwater
Officer base,52.070095,164.500237,9531,2022-08-18,Forest
Sea receive,18.272494,-169.892845,97618,2025-06-19,Grassland
Eye authority,76.519383,-69.727127,67176,2020-11-26,Grassland
Land us,-30.769437,-173.661398,34540,2021-05-01,Grassland
Recognize five,-62.48605,-145.259586,48209,2021-11-06,Tundra
Avoid common,57.360524,25.257441,29952,2023-10-13,Forest
End clearly,14.49489,94.314607,67702,2018-09-26,Freshwater
Civil culture,74.177889,105.13648,59840,2021-07-01,Wetland
Church common,31.749925,8.306873,92883,2018-06-06,Desert
Fight herself,67.155271,16.211683,28848,2020-03-15,Freshwater
Third sort,32.162807,-66.259399,91727,2025-07-25,Forest
Professional clearly,57.588303,-0.305571,97129,2017-09-26,Wetland
Prove couple,46.510146,-102.248267,61394,2024-10-19,Urban
South certainly,33.978439,-118.18791,93278,2025-06-14,Marine
Remember seem,-83.320488,67.992116,18026,2024-03-05,Desert
Suddenly important,52.67994,158.953044,49562,2016-12-05,Grassland
Police leave,37.059255,88.13075,43116,2026-03-14,Wetland
Organization glass,68.907778,112.390935,75980,2017-12-10,Desert
Foreign toward,85.913364,57.138812,82395,2020-11-22,Freshwater
Perform range,-47.559848,-97.362404,85146,2020-06-08,Grassland
Relationship job,-41.743989,52.190352,7785,2019-09-19,Wetland
Draw say,21.757937,-120.818071,67366,2024-06-20,Desert
Grow during,-70.68133,-153.726547,77581,2017-11-09,Desert
Color professional,86.487791,31.911249,49468,2026-04-01,Wetland
Make wish,27.042536,-129.488462,28248,2024-07-12,Wetland
In nation,47.408242,169.349622,18235,2019-09-01,Freshwater
Benefit into,-72.628947,-145.110979,65238,2022-08-15,Wetland
About beyond,-60.630169,99.497445,22621,2023-10-04,Urban
Candidate person,-39.702027,115.855524,32956,2025-08-31,Grassland
Teach these,82.57417,-84.699021,22901,2025-07-28,Grassland
Expect color,-23.383523,79.252113,49315,2021-04-10,Forest
Clear short,-6.44801,-40.92026,16516,2016-10-26,Tundra
Environmental create,28.864863,29.972365,55194,2017-10-22,Forest
Lay look,-35.563734,1.703337,4712,2017-06-03,Grassland
Look about,63.240332,-161.967108,30390,2020-09-15,Wetland
Agreement fall,-32.78898,-35.529316,19782,2024-03-23,Wetland
Material and,-60.688976,-117.342169,30123,2023-08-18,Freshwater
Tough remain,14.3655,-136.062125,77812,2026-04-23,Desert
Might difficult,31.49855,-151.958042,67183,2018-09-30,Tundra
Light kind,-33.979829,-59.010492,89243,2023-08-16,Freshwater
Themselves beyond,-33.896157,9.40865,826,2024-01-14,Tundra
North answer,54.441781,11.807701,72830,2018-05-26,Desert
They great,11.588413,-154.538277,80130,2023-08-27,Tundra
We fall,-71.770746,175.060825,1133,2026-06-07,Tundra
Natural add,27.090869,-125.758488,589,2018-11-08,Tundra
Final under,47.668893,-122.76563,10586,2023-10-16,Wetland
Player product,-69.097783,156.612706,78313,2024-05-12,Marine
To current,-5.06682,165.300135,68524,2017-03-15,Wetland
Tv million,-78.045039,-38.551515,11175,2016-10-26,Forest
Return front,42.101367,130.581541,29219,2022-10-15,Grassland
Agreement create,-49.788398,-99.858662,4282,2020-01-24,Wetland
Role control,-74.484247,-84.287669,41087,2018-08-10,Urban
Statement operation,-35.290355,-113.388676,24557,2026-05-25,Tundra
Sense unit,24.657278,-42.719523,69025,2021-07-07,Freshwater
Kitchen lawyer,-26.003743,-132.276514,51490,2018-07-30,Wetland
Mention none,-19.553862,-133.840458,20060,2023-04-14,Freshwater
Themselves then,-1.216015,-101.148487,85819,2024-09-23,Urban
Front wife,10.219053,78.22965,66067,2020-12-16,Wetland
Finish hope,-55.99799,-22.509318,48127,2017-05-09,Marine
Back lay,74.101062,-14.24187,81592,2016-07-24,Urban
Light animal,79.433607,138.863017,99100,2018-05-12,Grassland
Mention home,-67.237102,-130.16929,64647,2018-01-03,Freshwater
Make want,15.41549,119.377082,19143,2016-08-06,Marine
Building seven,46.832695,176.65135,75956,2018-02-14,Freshwater
Those cause,-35.512499,63.26505,94956,2018-04-13,Desert
Later physical,33.735107,-35.657143,56869,2024-12-09,Tundra
One heart,66.430883,30.013177,37623,2024-01-02,Grassland
Present control,-6.499686,-149.304104,78142,2017-11-04,Grassland
Position weight,46.332876,2.458399,95556,2019-03-26,Marine
Life various,-47.865807,91.212386,39934,2019-11-08,Grassland
Car natural,68.978776,29.069412,46763,2025-12-02,Urban
Mention color,69.640117,-75.427629,13741,2024-10-03,Urban
World Republican,60.281422,-30.515726,74592,2025-06-26,Urban
Home pass,-9.534646,-140.016058,82067,2016-10-31,Desert
Today successful,8.453882,-108.232121,45397,2016-11-20,Desert
Light blood,56.698903,1.588461,8971,2023-09-13,Wetland
New professor,86.965394,-89.255032,82979,2021-06-12,Forest
Miss people,41.958561,-46.095988,85051,2022-07-10,Tundra
Reveal their,-66.390658,-50.611761,41849,2026-02-27,Desert
Senior class,13.649039,107.811215,48344,2025-01-14,Grassland
Somebody pattern,-16.799231,105.399361,59033,2023-04-10,Urban
Least easy,-16.851217,-143.624206,50327,2025-07-02,Forest
Anything return,-9.469058,-92.482038,79496,2021-05-05,Marine
Produce mean,59.432796,22.191679,29796,2021-10-08,Grassland
Follow skill,27.008062,-157.270703,41088,2021-05-19,Marine
Woman which,86.276593,-136.024783,60979,2020-01-28,Forest
Couple sort,-4.970851,10.12846,33620,2022-06-14,Marine
Tell act,22.02121,101.475615,70350,2026-05-14,Freshwater
Especially find,-44.146472,87.676149,90847,2017-06-22,Marine
Let seven,-64.526497,166.818203,57814,2021-07-13,Freshwater
West risk,60.872266,-64.291098,92751,2017-06-01,Marine
Situation wish,-63.603891,-3.749139,91748,2018-08-29,Marine
Member road,-34.562541,174.910719,26638,2021-03-06,Freshwater
White oil,-64.713292,103.504805,29539,2025-12-19,Wetland
Newspaper white,51.694406,-50.670576,61848,2017-04-20,Grassland
Develop fire,23.665233,83.996267,15858,2021-12-25,Freshwater
Democratic whether,10.300964,-176.191964,35841,2021-10-26,Marine
Say bar,-77.145443,-4.192456,98787,2024-10-19,Grassland
Doctor role,-41.95464,52.663917,23044,2020-05-24,Grassland
Stand board,52.513007,155.574803,45119,2024-03-23,Wetland
See us,-62.69369,2.418007,66162,2017-07-29,Grassland
Watch activity,-30.885256,10.241464,75,2025-10-24,Forest
Vote law,-44.665741,167.525479,25052,2018-09-15,Forest
Hand soldier,-14.293402,-5.530808,58640,2024-06-09,Desert
Thus art,47.636665,87.005432,9800,2018-08-07,Desert
Lead painting,-30.769933,11.881826,17198,2019-10-09,Wetland
Certain section,-52.130356,-122.50166,19278,2022-09-08,Urban
Rock politics,-3.873739,-1.711345,15061,2019-05-31,Tundra
Front give,33.73312,84.1925,89773,2019-06-25,Urban
Simple really,-71.286556,140.682005,77856,2020-08-04,Grassland
Avoid maybe,-57.972959,-25.036161,19888,2018-01-22,Desert
Improve animal,54.821095,-95.301559,39805,2025-01-26,Freshwater
No skill,41.53078,164.134146,67839,2020-04-11,Urban
Someone with,89.092884,1.89228,49026,2023-02-14,Wetland
Might young,47.367941,-103.364964,57074,2021-08-09,Desert
Heavy which,83.644364,177.61224,65394,2025-03-14,Tundra
Also under,-32.529441,83.557839,40454,2018-01-14,Freshwater
Impact carry,-34.877749,-85.366102,74286,2025-08-21,Tundra
Friend along,-61.003541,-111.367344,11119,2024-09-22,Forest
Growth civil,-62.084157,102.389129,89,2022-05-04,Freshwater
Wait charge,-37.815163,79.328151,11257,2019-07-01,Forest
Wait beyond,-38.609286,-104.190254,28923,2023-04-09,Wetland
Stop learn,-77.146744,175.187864,92630,2019-04-08,Grassland
Nice once,53.686131,50.38184,82617,2019-01-03,Tundra
Also husband,-89.96331,-39.314344,93955,2016-10-09,Grassland
Style late,-70.069478,-69.23439,31706,2021-09-07,Wetland
Floor commercial,77.76818,-179.654705,41841,2019-02-07,Tundra
Her season,-0.561149,63.747651,69945,2018-12-28,Tundra
Detail with,52.988019,-149.67091,10722,2026-02-01,Forest
Make base,55.937796,167.426578,70712,2020-11-06,Tundra
Exist season,-3.636338,152.206137,11263,2023-11-02,Grassland
Indicate south,-31.718476,57.632322,81372,2025-07-08,Forest
Sure positive,-68.10327,46.182479,77088,2024-02-04,Forest
Life guy,60.80638,171.203468,11891,2022-11-29,Tundra
Role family,-43.836047,-66.615829,26001,2022-12-09,Forest
Until camera,-18.286153,129.52908,17440,2019-05-15,Grassland
Admit red,-11.305991,29.879873,34269,2022-02-17,Urban
Grow interesting,-27.063544,-156.930712,81330,2024-03-10,Freshwater
Follow mind,61.578668,-100.513415,79228,2026-05-27,Desert
Long medical,-36.873416,144.597409,26645,2016-09-09,Urban
Business serious,-55.638948,149.552879,17163,2018-02-16,Grassland
Reason suffer,72.700907,-14.738479,76929,2023-11-26,Forest
Town way,-5.751534,70.597518,72742,2022-01-04,Tundra
Left season,-43.320623,-24.072895,21908,2024-02-28,Forest
Rate along,77.361302,102.851655,84567,2023-10-19,Forest
Us strong,-83.788357,103.886682,37340,2022-11-03,Freshwater
Either try,-66.469345,48.021862,75715,2017-06-06,Tundra
During left,62.064711,78.092368,43285,2016-12-14,Grassland
Could provide,-30.396231,40.767064,13952,2021-06-17,Grassland
Prove hour,69.497824,-72.292994,43825,2023-03-04,Marine
Soldier old,72.020887,103.302004,15089,2018-10-21,Forest
Enter certainly,26.697352,-30.535143,65465,2018-11-02,Wetland
Theory bag,-54.017482,97.934969,93749,2020-12-26,Forest
Democrat southern,-47.793063,-26.520346,36293,2024-01-14,Tundra
For sea,-42.692574,100.959423,63544,2017-09-13,Wetland
Cut win,23.447449,-90.418721,63474,2016-10-17,Marine
Ground box,49.99128,-0.798819,5469,2026-04-16,Wetland
Politics girl,69.509716,123.050744,17563,2022-02-26,Marine
On add,-49.955374,131.915404,52467,2019-04-13,Urban
Two network,29.863501,92.936844,91834,2024-02-25,Tundra
Soon many,16.018467,-54.033662,2323,2025-05-26,Grassland
Three because,-55.04588,-114.398193,15326,2017-06-21,Tundra
Him player,14.357535,-140.643096,78144,2019-02-25,Grassland
Network standard,46.175952,8.373141,98826,2021-01-29,Marine
Manager truth,-74.263475,0.232894,98882,2025-09-19,Urban
Front left,-5.788525,-89.039553,74892,2022-04-24,Forest
Culture risk,-26.235184,-141.615018,40248,2020-08-11,Grassland
On assume,47.572207,-50.470297,18365,2022-07-13,Forest
Save rest,82.717727,87.096618,45754,2017-11-17,Marine
Whose since,22.727087,137.643922,61576,2024-02-18,Marine
Watch professor,-75.602703,-102.250995,62792,2025-03-14,Urban
True action,-75.054475,65.353775,62546,2026-05-07,Tundra
Everything position,28.091636,-160.735965,49384,2023-09-04,Freshwater
Can trade,50.298481,139.852325,6092,2025-09-03,Grassland
Success mother,66.788977,114.519097,82564,2025-02-03,Urban
Rest like,88.4184,-30.518604,25094,2025-05-10,Desert
Human direction,-7.798048,-164.408117,18132,2021-11-29,Grassland
Glass suggest,-81.072441,-17.179493,110,2022-02-10,Marine
Crime on,-2.566384,159.064847,88808,2024-10-10,Desert
Best southern,0.487379,171.33531,81808,2019-07-28,Freshwater
How store,-43.800864,-151.387302,57868,2020-10-31,Urban
Claim far,-70.523527,-138.793404,72299,2018-07-07,Grassland
New protect,-31.228228,125.368828,79822,2021-03-15,Freshwater
Wall particularly,46.434818,-122.538025,96805,2024-02-07,Wetland
Away chance,22.371881,-104.224691,51543,2020-01-19,Marine
Memory environment,83.710056,32.854875,81636,2022-07-17,Urban
Heart pull,-10.600176,118.635599,52283,2023-06-03,Grassland
Show go,-69.150251,-164.307903,32279,2019-03-14,Tundra
Over her,30.320895,127.720904,35534,2022-08-17,Forest
Tough result,-30.152628,118.25864,72045,2019-12-12,Urban
Power song,-53.904714,68.044535,26860,2022-01-17,Urban
Physical your,-65.566942,-19.428317,27377,2018-08-19,Marine
Poor significant,44.547516,-71.188673,15370,2025-03-31,Urban
Step tend,-58.56263,-46.937622,63220,2024-11-05,Forest
Occur impact,18.600766,-85.577392,80766,2018-08-08,Forest
Store listen,-58.316851,48.021614,15753,2017-01-16,Freshwater
Though center,-50.829422,-173.685656,85981,2020-10-06,Freshwater
Mouth discuss,-45.705187,24.323402,46763,2018-05-22,Freshwater
What discover,70.81165,-165.557118,64146,2023-11-24,Freshwater
Rise beautiful,15.495901,-105.434081,21423,2023-05-25,Freshwater
Bit try,39.718434,30.722178,65612,2024-02-22,Wetland
Alone fill,7.930482,48.395572,29887,2025-09-05,Forest
Floor interest,-24.315052,7.694941,7200,2020-11-21,Desert
Wait measure,-15.687173,-126.444947,92122,2017-02-14,Grassland
Significant loss,-12.60799,-25.133413,75062,2019-12-30,Urban
Maintain grow,-36.900644,-95.659111,67034,2016-12-01,Forest
Billion since,24.405428,-108.976213,47309,2024-11-25,Wetland
Site turn,28.866171,64.497445,7374,2017-04-27,Marine
Role peace,71.584956,-93.180352,61337,2025-12-30,Wetland
Something how,-49.257929,24.74396,9937,2017-04-19,Forest
Anything almost,-21.953915,-98.949795,79169,2024-03-19,Urban
Food body,73.585097,-179.067804,35483,2020-09-02,Freshwater
Book forget,84.829034,46.834199,60358,2016-10-24,Freshwater
Adult young,-34.533499,-150.853694,22292,2021-11-07,Urban
Military kitchen,-41.049481,66.93878,50043,2019-07-08,Forest
Sing property,-23.617384,160.615508,53276,2020-07-15,Wetland
Approach tonight,-26.641094,160.990148,4238,2024-06-08,Freshwater
Blue beautiful,-87.647585,-74.483608,57469,2022-05-31,Marine
Well far,24.949321,44.006683,52683,2018-06-25,Freshwater
Reason whether,-9.008027,113.380445,41716,2023-05-20,Freshwater
No create,85.196734,47.77975,43330,2018-12-22,Freshwater
Nearly then,-89.578893,-6.292083,29315,2022-09-13,Forest
Shake change,84.988996,-65.369781,6633,2019-07-07,Forest
Indicate perform,-73.780012,6.782394,92643,2024-10-27,Freshwater
Leader over,-5.702797,-144.242589,52055,2019-03-17,Urban
Foot science,-25.795176,116.1676,39230,2021-11-11,Marine
Image simply,46.502265,-17.613056,33110,2021-06-30,Forest
Organization marriage,-78.334281,-127.042928,54880,2022-03-24,Forest
Wind book,-47.347301,-148.800895,70886,2021-01-20,Tundra
Chair sell,-40.154553,-47.066273,35460,2025-03-20,Wetland
Far finish,12.813485,140.74777,43713,2022-04-07,Wetland
Wife agent,21.442166,134.75458,96162,2017-06-25,Freshwater
Myself guess,35.487978,139.727712,91961,2019-07-16,Marine
Education clear,-66.374181,147.515323,97536,2023-08-02,Freshwater
Site continue,14.265464,-42.589271,12296,2017-06-21,Desert
Person organization,-3.511382,-140.643521,12110,2021-01-23,Forest
More son,-7.616188,42.429606,62037,2022-08-02,Tundra
Eye growth,-5.442071,4.26027,53094,2017-10-06,Forest
Chair enjoy,-41.81492,113.258318,31655,2024-11-23,Forest
Part anything,-28.126929,39.011911,39214,2025-05-27,Freshwater
Movement wear,60.330371,63.532014,73641,2018-10-22,Marine
Deal ahead,80.518663,131.020538,80667,2023-10-07,Forest
Above action,51.790403,86.746463,3906,2022-09-14,Marine
Most bar,-44.790849,30.946347,85421,2024-04-21,Wetland
Health main,-8.002343,-151.878401,87054,2023-02-12,Marine
Wish son,-58.229085,-105.987622,5705,2017-06-20,Urban
Risk reflect,67.900256,-78.210387,15155,2017-02-26,Desert
Cold consumer,16.198706,-136.722621,26434,2016-08-01,Forest
Impact reveal,1.418313,-20.100834,74813,2026-06-29,Tundra
Identify away,88.745271,166.348792,64409,2021-02-07,Marine
Today difference,80.891628,123.724564,29659,2018-07-16,Urban
Card opportunity,-22.673187,-57.315898,74536,2017-12-13,Wetland
Food care,-40.862647,-71.462185,94422,2025-08-29,Urban
Continue all,-40.13587,76.044459,3482,2021-03-22,Tundra
Teacher senior,89.226069,-155.567828,52483,2023-03-05,Forest
Couple sit,80.819588,54.274658,51660,2020-07-06,Freshwater
Activity likely,-25.317125,-108.176553,72450,2022-05-09,Grassland
Music four,-7.808701,112.671973,25244,2019-02-23,Urban
Wife degree,2.676805,-78.624618,67057,2025-06-09,Urban
For off,-48.546528,124.924455,53243,2018-04-25,Desert
Dream them,-4.604104,-161.336894,2516,2023-04-02,Desert
There financial,-6.879421,-64.37815,97137,2020-12-21,Grassland
Foreign of,50.079853,-168.587607,11062,2017-06-08,Marine
Seek property,-46.79921,-50.149984,96269,2021-11-23,Tundra
Help us,58.307949,26.079452,71584,2019-02-17,Freshwater
Possible side,-0.695915,-65.121882,64148,2023-04-25,Freshwater
Image site,70.077206,-16.025468,60183,2017-08-18,Freshwater
Actually government,-86.566911,15.919248,37736,2025-03-22,Tundra
Own prepare,50.493017,-152.637374,3062,2019-02-27,Wetland
Guess wall,-29.807305,1.234525,25411,2020-09-15,Urban
Compare through,36.520089,170.652644,70579,2023-01-03,Wetland
Race yes,-26.249901,167.367562,72911,2019-08-02,Wetland
Well how,48.113096,-61.486291,84692,2016-09-14,Wetland
Turn possible,-40.844504,-105.477824,29072,2023-08-09,Wetland
Put third,81.8787,-111.541419,93030,2024-01-07,Tundra
Dinner trial,-54.9514,36.19053,75701,2016-11-26,Marine
Lose experience,-77.023933,-117.406332,64496,2018-05-18,Desert
Dinner you,2.680803,142.038607,9842,2017-10-17,Desert
Animal attention,-84.278322,-67.124159,84084,2023-09-14,Tundra
Account prevent,42.743983,-41.237044,14659,2020-01-13,Forest
Author since,55.785907,-159.189099,92641,2019-04-19,Forest
Else decide,-78.21272,143.095986,26624,2023-03-13,Forest
Prepare friend,-73.406803,137.204215,89263,2026-03-28,Desert
Difference on,-69.155315,112.142516,38889,2019-02-10,Tundra
Author environmental,-61.428734,0.820964,24522,2026-05-29,Marine
Glass reflect,66.276604,152.311225,45341,2024-06-18,Forest
Foreign town,-75.52135,99.92701,8162,2020-12-26,Urban
Many also,89.444375,-110.706186,26473,2020-10-25,Freshwater
Study state,25.078532,-38.494446,19165,2018-07-20,Desert
Beat down,34.161487,127.418698,27770,2020-10-06,Tundra
Bring certainly,20.831373,128.243568,66344,2019-10-21,Desert
Child be,-16.511387,-84.271157,45146,2018-07-23,Wetland
Pm citizen,-10.007431,41.199301,54915,2018-03-11,Tundra
Same member,-34.069791,171.918914,65982,2026-03-28,Desert
Relationship shake,40.49083,37.286079,92261,2023-08-15,Freshwater
Economic throw,89.189762,-23.739908,42074,2025-12-31,Marine
Beautiful organization,44.739874,29.338127,45716,2025-01-17,Forest
People expert,-79.476542,-175.976559,51591,2026-01-02,Forest
Yet high,-81.231219,139.310522,35972,2021-10-03,Grassland
Cover different,-68.671844,14.360691,60900,2024-12-17,Desert
True upon,39.003922,140.140511,19003,2019-07-13,Tundra
Start past,-82.093449,113.770258,72918,2022-07-20,Grassland
Share civil,27.147932,-133.81302,623,2021-06-24,Desert
Paper modern,43.538665,-71.160577,61928,2021-06-07,Desert
Expect kid,22.385577,-16.988141,29436,2016-09-22,Forest
Model when,-49.950022,34.20203,2464,2016-12-19,Tundra
Natural sport,67.738392,152.227863,7339,2020-04-11,Marine
Require late,77.039287,-51.299583,93428,2020-08-14,Wetland
Person agent,-32.753373,11.375888,50394,2016-07-27,Wetland
Such cell,-86.694503,131.870147,92192,2020-03-19,Grassland
Bar nor,30.513135,-136.613089,4029,2019-01-05,Marine
Whom we,44.450883,91.966251,78806,2018-08-01,Desert
Measure movement,19.784146,-25.776596,39358,2020-07-21,Marine
Reflect black,-33.128145,-103.25187,76429,2021-03-05,Forest
Keep material,51.341674,94.220697,65010,2019-05-21,Urban
Issue also,-70.51848,41.974219,84033,2023-09-07,Desert
Radio group,-46.432623,139.221583,21134,2022-05-24,Grassland
Expect so,57.753202,79.41145,87013,2020-10-03,Grassland
Your seek,13.287476,-54.635938,87284,2025-06-21,Freshwater
Figure west,9.958674,-87.388548,98978,2018-05-17,Wetland
Rather politics,-31.367753,-136.507897,37565,2021-04-16,Grassland
While board,22.138157,77.256738,6859,2025-07-06,Forest
Course evidence,38.928201,-62.565656,94542,2025-01-19,Urban
Loss interest,-67.218088,-54.045095,31505,2022-01-13,Freshwater
Travel benefit,46.197857,-139.613724,58871,2024-10-20,Urban
Especially shake,20.797456,-50.812617,24131,2020-12-27,Forest
Goal interest,-44.087286,91.48818,68377,2017-02-12,Desert
Successful purpose,-11.792365,102.399787,17114,2025-10-22,Marine
Doctor thought,-51.048451,-37.380908,3614,2026-07-07,Marine
Season instead,-35.214526,42.193701,42506,2018-04-23,Freshwater
Member animal,50.389094,166.111382,42601,2025-07-20,Urban
Land color,-37.072844,84.642007,26910,2021-04-24,Urban
Until actually,38.764293,-0.228773,45678,2021-03-08,Grassland
Institution act,-85.994631,-98.126377,25199,2018-12-02,Freshwater
Design affect,29.856877,-60.532814,56990,2019-02-15,Marine
Describe plant,-50.298862,-159.638532,23402,2026-07-09,Tundra
Both clearly,62.45388,120.828485,95179,2019-07-21,Grassland
Scientist himself,3.760188,-142.513433,9103,2024-10-06,Tundra
High walk,76.649183,-106.35676,23429,2025-02-12,Desert
Vote finish,71.014105,-69.452864,76870,2020-06-12,Urban
Probably civil,24.620362,88.081038,72079,2024-02-24,Grassland
Significant apply,58.984258,90.960587,70373,2025-02-11,Marine
Seem since,-48.161802,-44.872848,56091,2023-04-09,Freshwater
Activity cultural,-75.444754,51.396038,51434,2018-04-17,Tundra
Event south,-46.060749,-23.810733,4367,2024-09-15,Grassland
Production instead,71.530769,-72.355192,20142,2023-07-05,Wetland
Some particular,-56.114873,-111.081553,23833,2018-10-18,Freshwater
Garden character,64.935639,-124.125286,56352,2023-07-13,Grassland
Write across,-16.31137,100.142298,7059,2023-03-22,Tundra
Model plan,-44.141127,40.981254,62818,2016-08-02,Urban
Within play,-0.843991,53.073178,40618,2018-04-14,Wetland
Ten dark,36.889209,-7.4981,82849,2017-02-11,Desert
Pull human,40.831444,174.082517,65920,2025-06-09,Wetland
Style significant,66.284915,-41.885468,62161,2025-09-03,Urban
Understand tree,54.641724,133.701081,80440,2024-12-04,Grassland
I coach,-16.439824,-27.699854,40863,2024-01-22,Forest
Just likely,85.397632,60.339119,5668,2017-05-12,Marine
Suddenly fast,-83.683204,39.824692,86303,2024-06-04,Marine
Public away,36.825161,44.847878,37681,2020-11-28,Grassland
Century red,67.633425,-91.878244,79000,2017-08-07,Freshwater
Rock foreign,2.960831,23.826787,44087,2016-09-30,Tundra
Traditional throw,0.506122,8.763717,62993,2017-05-20,Desert
Use media,-12.92285,30.833087,62619,2025-06-28,Desert
During side,-29.078284,-122.119807,80963,2026-01-05,Marine
Manager let,-68.941845,44.30213,72604,2025-04-09,Grassland
Film worker,-38.173824,122.81097,33129,2019-02-21,Desert
Evidence consider,-43.984768,82.247952,49374,2022-05-17,Tundra
Practice camera,-65.67392,129.526359,97753,2021-03-25,Grassland
Democrat then,44.084864,-56.935657,89345,2025-12-27,Marine
Fight land,83.251432,-108.960456,95405,2021-12-10,Urban
Guess nor,-5.004889,74.306008,41426,2024-05-09,Wetland
Evidence democratic,68.518558,-50.678662,13958,2026-05-16,Desert
Soldier find,-76.925895,134.762732,27383,2025-07-26,Desert
Become treat,-36.170317,-75.237346,77917,2024-03-09,Desert
Benefit practice,-74.782619,-135.489368,76182,2019-10-20,Urban
Watch foot,-60.612284,-19.442385,2819,2020-04-25,Tundra
Chair join,51.915295,-62.040278,77945,2017-12-05,Forest
Management exactly,-77.126807,-94.845556,325,2020-10-11,Freshwater
Sure try,71.747038,49.899544,58882,2023-06-19,Wetland
Understand push,69.88107,-178.910512,20769,2024-07-16,Freshwater
Imagine responsibility,-40.349533,-138.508727,66367,2023-08-25,Urban
Hit should,-87.340988,-35.041419,5794,2020-12-06,Grassland
Anything word,78.091585,-160.722443,43751,2018-05-16,Marine
Fight establish,2.644751,60.351117,76312,2025-01-27,Marine
Security south,76.2844,-58.408045,37352,2023-12-15,Freshwater
Put hand,-42.595275,-47.453385,9243,2023-12-02,Freshwater
Else audience,-82.637952,-27.615152,55294,2016-12-08,Freshwater
Argue population,58.012736,-124.346176,25026,2021-06-14,Forest
Arrive clear,67.729661,112.435522,17199,2022-12-31,Marine
Course bill,-62.587354,14.209148,22430,2020-07-01,Desert
Away fish,-33.654247,47.922723,58825,2019-12-18,Wetland
Case entire,64.681427,-67.293453,4770,2018-11-20,Freshwater
Science fall,-81.358999,-28.755492,23621,2021-01-12,Wetland
Them hour,17.33119,-47.608105,5113,2020-04-16,Urban
Baby along,69.549316,-93.936303,28028,2020-10-09,Freshwater
High wonder,-56.818477,58.494407,55319,2026-02-27,Forest
Similar myself,-1.61304,152.594251,99570,2024-11-25,Grassland
Short material,-35.397407,15.064013,25463,2022-12-30,Freshwater
Man piece,62.738872,116.976587,48370,2023-12-19,Desert
Conference situation,-31.077905,-167.227414,58566,2018-01-01,Marine
Tv actually,10.939474,133.297654,84679,2021-07-27,Freshwater
Threat court,-64.067421,131.695266,87781,2025-08-21,Freshwater
Interesting which,-18.37208,-106.779637,1960,2018-07-18,Desert
Science phone,-27.678878,-127.931999,34156,2021-06-25,Desert
Another he,-11.795305,-177.926202,42194,2025-11-18,Tundra
Lead game,-2.771293,-127.925222,37429,2019-01-03,Tundra
Sometimes conference,-85.506458,-71.807149,23709,2019-07-18,Desert
Thank experience,-77.732462,-147.342446,14060,2024-09-07,Grassland
Against agreement,19.724448,-48.836727,4290,2023-12-24,Tundra
Ready hand,16.367933,-141.401904,58717,2026-05-01,Wetland
Walk company,87.283847,-49.224732,67231,2018-12-20,Forest
Father store,40.423741,83.523874,76587,2023-02-16,Grassland
Who glass,-0.745628,-43.780175,55860,2022-03-16,Wetland
Watch husband,57.281916,41.465272,51618,2019-12-19,Marine
Grow establish,14.070268,-67.547735,35851,2017-09-21,Tundra
Finish others,87.994285,-157.2835,3585,2023-06-19,Freshwater
Cause girl,52.028804,9.733232,73330,2017-11-15,Desert
Near here,-3.635305,-17.107812,94431,2023-11-24,Desert
Member food,-16.535982,-49.874738,32416,2025-10-08,Marine
Rest institution,-43.365525,44.676999,64636,2017-12-07,Marine
Politics staff,56.523732,72.790107,72997,2021-08-17,Urban
Room send,-3.925868,73.487193,83766,2026-04-15,Marine
Miss care,-86.671215,161.302771,12523,2025-01-30,Desert
Congress contain,73.779896,153.384129,735,2025-06-16,Marine
Strategy available,-3.022455,27.933311,74690,2023-08-29,Tundra
Reach store,-45.374412,8.584433,82280,2020-11-20,Urban
Large service,-60.838379,69.406867,41460,2018-08-08,Forest
Way east,-5.937883,-60.14154,66095,2022-07-15,Grassland
Bring you,44.222467,123.214883,20080,2026-01-25,Freshwater
White word,85.495447,157.344908,74544,2017-01-29,Tundra
Anyone area,-59.621897,13.200329,64492,2017-02-27,Desert
Everyone develop,-63.968325,31.804372,61155,2023-03-07,Forest
I who,-53.993243,-63.960471,7228,2022-12-25,Urban
Left thus,-20.788939,10.589095,45129,2021-11-22,Desert
Myself learn,43.311463,-74.750116,88604,2017-03-18,Wetland
Form truth,72.302573,-175.260243,4207,2024-04-02,Urban
Success standard,25.523574,-109.58207,39428,2022-10-21,Marine
Check director,-65.212294,112.099501,53803,2024-09-03,Grassland
Subject discuss,-46.05887,-10.717005,9453,2017-07-19,Freshwater
Sort both,0.157125,91.489622,46230,2020-03-18,Marine
Create so,-23.689355,36.836432,93212,2022-12-03,Freshwater
Very rate,-41.451571,94.956001,44020,2020-01-12,Forest
Its north,87.967919,-79.28375,18313,2022-11-04,Tundra
Number I,4.342068,-35.112501,29696,2022-04-19,Grassland
Discussion themselves,5.09558,-73.54922,5490,2019-12-09,Wetland
Lay spring,-84.161001,-138.292084,20212,2024-07-01,Marine
Themselves up,-39.849299,147.500649,10888,2021-09-16,Tundra
Draw agency,-1.480091,-13.817329,8071,2018-12-02,Urban
Walk entire,57.807887,178.852689,96297,2025-05-29,Desert
Card example,74.157272,-58.146827,58004,2017-07-21,Marine
Wide bar,50.407129,-130.412189,73706,2019-12-03,Tundra
Baby trouble,-20.737598,-177.987492,5209,2016-12-02,Desert
Family face,44.785372,131.729645,42421,2021-02-10,Tundra
Improve place,85.990708,150.843794,61126,2021-02-14,Freshwater
Military about,43.338016,18.809623,81354,2021-06-30,Urban
Write instead,-66.003472,61.974375,9863,2017-09-28,Urban
Nice lose,-29.045694,-46.12025,50869,2019-10-30,Tundra
Part whatever,-41.332431,-82.147922,94734,2023-08-17,Desert
Better director,-80.877479,-111.622979,83357,2022-12-19,Marine
Week late,-11.791907,152.91877,59375,2026-06-23,Tundra
Real thank,33.801176,-74.166725,40280,2019-09-23,Freshwater
Want agreement,28.458364,-139.189577,44688,2022-04-16,Wetland
Experience better,62.902138,116.050979,47806,2021-10-02,Marine
Including ten,-4.766742,-110.415361,54193,2023-12-20,Urban
South common,-36.404325,95.042356,45206,2025-12-13,Grassland
Population have,36.351371,-133.182695,44584,2018-03-21,Grassland
Ahead need,34.392667,138.609838,84198,2020-02-18,Tundra
Indicate agreement,-83.969242,75.302453,64353,2025-12-03,Wetland
Rich mission,6.375497,64.833931,89623,2025-01-21,Grassland
Congress each,-64.09187,7.743133,78296,2019-07-26,Marine
Free season,33.180513,53.168076,17970,2023-07-11,Wetland
Generation federal,64.509842,148.343688,71788,2026-06-09,Desert
Effect before,-6.24645,171.77567,33222,2023-06-05,Urban
Determine effect,11.341598,0.052041,52123,2021-07-22,Desert
Result over,-13.475996,-56.103654,9946,2023-04-19,Urban
Old place,-11.703454,-47.997855,58660,2016-09-14,Forest
Suggest part,46.229318,-144.891078,2409,2017-06-23,Urban
Control animal,33.627823,160.288703,54932,2021-02-28,Tundra
Success environmental,54.027258,61.578067,969,2019-04-04,Desert
Inside peace,83.702604,-47.027548,72724,2021-06-21,Grassland
Work soon,88.480859,26.93824,59386,2023-10-21,Tundra
Group trouble,29.58367,151.94654,33847,2021-04-25,Forest
Town morning,-81.920255,30.733812,60938,2017-08-17,Freshwater
Medical stand,-78.24015,-10.87283,80633,2020-10-02,Grassland
Suddenly wear,-75.869368,-142.870049,56489,2024-11-27,Wetland
Heavy top,49.615289,-112.475525,26909,2018-01-03,Desert
Kind remember,-19.64312,95.190335,55827,2020-12-13,Tundra
Particular size,-80.157841,9.988725,21447,2021-01-31,Grassland
Themselves or,-59.131389,104.299283,73189,2023-05-04,Tundra
Evening foot,-15.359426,-130.87132,97094,2017-09-09,Freshwater
Billion accept,-41.562554,50.289391,70649,2018-06-05,Urban
They baby,82.395784,123.212547,32179,2023-02-13,Grassland
Movie second,79.887317,-85.869127,85369,2025-12-06,Urban
Increase rate,-8.065017,-5.219802,68218,2016-10-05,Tundra
Single family,-23.381858,-76.081014,29133,2017-02-21,Grassland
Turn series,11.909371,-120.035557,77833,2023-05-10,Freshwater
Best site,82.281506,-67.343655,50583,2026-04-10,Wetland
Note meeting,-36.696256,121.738624,18527,2019-09-11,Freshwater
Song social,-73.648957,170.998867,39599,2019-01-19,Forest
Detail degree,-56.397658,-71.864924,6979,2023-01-12,Tundra
Reveal purpose,0.198075,-166.574199,36272,2024-05-27,Desert
Agent five,-26.777774,124.419393,21851,2022-07-07,Marine
Statement every,77.273655,170.669004,3574,2021-05-17,Urban
Science scene,55.968761,-82.611428,62574,2026-03-02,Wetland
Act relationship,-85.755779,-133.963075,56980,2020-05-25,Wetland
Win now,-45.887425,-53.856704,50468,2022-01-28,Desert
Call television,71.050895,-43.014857,71816,2022-01-07,Tundra
Perhaps war,-70.349023,40.852715,5481,2017-11-21,Grassland
Recognize gas,3.576925,59.790273,67893,2026-03-02,Freshwater
Cause experience,-40.251804,-60.132273,7374,2021-03-09,Urban
Sing world,45.842358,-119.067602,6752,2018-11-19,Forest
Foot success,-19.50665,60.146264,39787,2022-03-05,Tundra
Add training,-65.916503,-0.817733,7649,2025-06-04,Desert
Industry including,-19.523396,135.043616,26877,2022-01-27,Desert
Reflect how,53.750413,-40.82018,28752,2019-08-26,Marine
Card side,52.386791,-3.006742,43467,2026-03-24,Freshwater
Democrat movement,15.273787,125.080826,31609,2018-06-17,Freshwater
Key form,52.181168,-112.945618,99735,2017-12-13,Freshwater
Apply that,-69.829236,-161.139915,24699,2021-01-21,Urban
Way difficult,-50.717854,-131.53702,72461,2023-09-28,Freshwater
Art under,11.239912,148.361376,59542,2025-08-01,Wetland
Kid day,-65.629979,-105.026531,45389,2023-06-08,Wetland
Nation dog,82.405371,-62.221915,51672,2022-05-28,Freshwater
Record mission,-8.831602,-137.202097,43435,2023-06-30,Grassland
Member history,8.170963,-170.621249,53917,2024-10-03,Wetland
Weight benefit,62.118665,-47.047503,71186,2017-11-03,Marine
Act happy,-74.626512,-100.112395,562,2025-07-04,Tundra
Choice air,11.659555,51.82709,93510,2022-11-01,Wetland
Place better,-70.919332,-63.847009,10158,2023-11-17,Forest
Several now,-59.238112,-103.894097,2899,2019-03-16,Freshwater
Dinner add,16.406325,116.389305,60619,2025-05-11,Tundra
Behavior ground,20.782607,-88.968107,52100,2020-08-21,Desert
Along step,-39.507083,17.906422,28492,2017-09-09,Tundra
Almost court,89.229767,43.633482,29717,2023-04-05,Forest
Money little,3.536226,-136.570105,58042,2021-02-02,Urban
Born Democrat,33.979927,-46.305014,48068,2020-06-04,Forest
Blood value,69.38906,-88.360208,24514,2025-07-19,Wetland
North issue,45.996238,143.593463,3729,2020-03-24,Wetland
Air wall,68.39147,164.033317,27443,2017-12-27,Tundra
Economy myself,58.257367,-50.059808,6085,2026-04-14,Wetland
Necessary parent,-35.777011,53.171423,39805,2020-10-27,Forest
Sit particularly,-6.280246,-68.824178,24540,2021-09-23,Wetland
Size rock,-51.893154,-152.705737,83221,2024-02-15,Forest
Debate pressure,0.574517,-26.095094,89081,2020-02-24,Desert
Represent indeed,-78.936045,51.371567,85448,2017-08-17,Forest
American manager,-4.164048,-47.659198,45811,2026-01-09,Wetland
There whose,54.326824,35.307437,55592,2019-09-27,Marine
Behind I,34.948409,4.341299,55880,2017-02-06,Wetland
Political cost,2.069167,125.141143,20729,2021-12-10,Wetland
Sort pressure,-66.384086,-35.830756,69249,2017-09-17,Forest
Poor community,-72.918999,-49.000229,34542,2020-04-05,Marine
Republican civil,69.417352,95.729321,99987,2020-03-03,Desert
Condition around,-79.778134,41.610289,21311,2023-08-23,Urban
Character pass,-24.683516,-172.063501,56301,2020-01-20,Freshwater
Hear involve,-27.855505,31.501806,18973,2019-10-10,Urban
Financial teacher,65.460737,-75.530289,82892,2017-05-28,Freshwater
Plan would,16.825275,44.455407,3690,2019-12-19,Freshwater
Rich year,-40.292001,169.901021,38158,2018-12-02,Tundra
Significant turn,-63.061273,-24.192489,44584,2021-02-03,Forest
Break role,-32.144392,-136.52758,83161,2018-01-31,Urban
Expect door,80.282648,86.398925,46543,2016-10-23,Freshwater
Through change,28.581406,162.124985,37458,2022-03-07,Desert
Spend lose,-35.720825,-144.337772,77611,2017-07-28,Tundra
Effort likely,-70.227459,-113.48022,91174,2021-03-11,Marine
List team,-63.736009,-162.22732,38756,2026-04-15,Grassland
Individual both,21.655785,-114.713963,33708,2018-02-18,Wetland
Pm it,-26.597552,40.966619,39082,2016-10-23,Tundra
With stage,-68.263719,104.416021,87389,2026-04-13,Wetland
Dream mention,-43.447203,22.076176,95450,2018-10-11,Forest
Discover door,59.653727,144.015296,93522,2022-07-11,Tundra
Think thought,-7.675489,78.535488,77333,2020-08-07,Tundra
Appear consider,-51.448456,-169.23802,81007,2025-06-12,Wetland
Value across,-54.631454,-166.001308,89890,2024-01-13,Freshwater
Fine wrong,-86.992623,158.284267,1464,2023-02-11,Grassland
Manager parent,-30.967045,86.555077,18858,2024-04-22,Desert
Statement order,76.04124,115.323852,86646,2019-04-29,Urban
Project long,77.440866,54.756733,34427,2017-01-27,Wetland
Director figure,-12.264893,20.269499,75231,2020-12-14,Wetland
Traditional sometimes,35.888757,53.437668,34371,2018-04-16,Grassland
Tonight others,26.099885,66.302786,50723,2018-05-22,Desert
Form get,3.692452,-170.930678,18457,2026-06-04,Freshwater
Foot kitchen,71.787355,166.258329,37790,2022-03-19,Grassland
Model concern,-5.622144,103.470766,29033,2023-10-07,Desert
Others whose,22.508542,7.429996,26659,2019-04-22,Desert
Another physical,-28.770476,40.258245,23013,2026-01-18,Desert
Out sit,31.32587,0.741624,34190,2018-02-05,Marine
Job moment,80.344293,145.690352,82421,2016-07-22,Freshwater
Area media,15.415422,-7.362358,38100,2020-12-01,Desert
Rock sit,-24.243753,112.358758,93089,2021-03-06,Desert
Collection cultural,53.570987,111.380063,65354,2017-09-01,Forest
Bit down,45.146056,-87.606261,54532,2018-06-25,Desert
Should together,-22.365309,-13.226917,38700,2026-04-03,Grassland
Game recent,7.457576,82.932177,25268,2026-07-13,Wetland
Word act,-15.625431,-39.727221,67247,2017-11-23,Marine
Federal listen,0.827155,115.922308,5612,2021-01-22,Wetland
Some main,14.440724,-135.768566,13735,2025-07-18,Freshwater
Impact all,37.290137,109.339207,39716,2023-03-09,Freshwater
Ago leave,-52.032769,149.610862,45322,2023-05-05,Grassland
Admit expect,-48.805764,40.900141,4168,2021-05-28,Forest
Agent enough,0.134069,-98.959697,14015,2016-12-08,Desert
Try fall,9.539646,-9.342277,66151,2024-02-23,Urban
Serve subject,46.827439,-175.33097,47260,2017-08-27,Marine
Imagine personal,56.152856,-161.480349,81887,2016-09-06,Marine
Reach own,61.891177,163.803535,90057,2017-04-14,Wetland
Hundred value,33.331511,143.22095,64751,2020-08-04,Grassland
Provide suddenly,-34.167607,164.615759,6786,2019-12-14,Marine
Not discover,-28.663843,-58.040256,36147,2021-11-30,Freshwater
Force oil,47.488514,153.90494,91710,2026-04-16,Urban
His attack,-61.164494,-112.628926,13066,2020-09-10,Marine
Hour standard,-6.419713,27.511326,84638,2019-08-11,Urban
Program opportunity,-59.720896,-136.897948,29420,2024-08-17,Freshwater
Forward subject,-71.071551,-156.648332,70953,2017-08-12,Grassland
Surface shake,-62.970305,-26.3828,32567,2026-01-16,Grassland
Inside expert,84.072019,59.459482,27210,2019-10-12,Freshwater
Through democratic,-35.636074,-57.737668,87816,2019-12-13,Tundra
Enjoy report,-56.851328,-54.884457,52401,2020-03-01,Forest
Your range,-31.281102,125.103637,29655,2024-02-23,Desert
Actually successful,-63.501915,-32.171323,12439,2017-08-20,Marine
Something town,64.280106,145.187218,16598,2018-04-03,Tundra
Need seven,36.841474,-37.836525,88913,2021-02-01,Forest
Drug study,18.060365,-11.214774,25588,2023-10-11,Grassland
Star war,68.878035,-64.864987,37571,2023-04-07,Grassland
Baby open,65.750784,36.329334,39579,2021-07-07,Wetland
American road,-26.214848,-134.553313,28505,2026-04-10,Tundra
My within,20.848283,124.075891,14117,2021-09-08,Urban
Might field,0.522341,-70.540349,14753,2025-10-17,Wetland
Send author,-31.291911,-90.621852,87284,2025-05-14,Wetland
Say quickly,23.754993,-65.52301,12863,2016-12-11,Urban
Skill training,70.673759,-71.794011,78690,2026-05-04,Freshwater
Leave sister,35.053801,-59.953534,10778,2025-11-06,Forest
Understand old,12.743389,-101.306607,38677,2020-11-14,Grassland
Specific address,-48.975426,35.098859,11970,2026-02-06,Forest
Structure decade,80.171457,69.564893,43975,2022-10-16,Freshwater
Success also,10.508719,-121.470637,42195,2023-10-07,Wetland
Cold style,30.238522,-160.17094,80199,2019-07-11,Tundra
Treatment economy,-58.043179,-51.757013,16750,2019-03-21,Freshwater
Entire within,55.15388,25.167404,95151,2021-03-28,Desert
Tend plan,-43.68068,-155.964598,52313,2026-02-27,Marine
Land idea,-73.902202,12.27694,61568,2024-07-17,Desert
Field sometimes,-16.848143,-42.405202,51590,2019-08-04,Desert
Yeah news,50.323952,32.118063,90313,2017-04-04,Desert
Try term,22.285528,107.445529,30690,2019-10-14,Wetland
Force green,-52.262967,147.310814,89475,2023-02-13,Marine
Least hand,-73.597661,172.883784,80280,2021-03-07,Urban
Economic sea,-52.42945,147.452573,12485,2023-06-25,Freshwater
Miss daughter,-40.578244,177.924721,76443,2021-05-04,Desert
Your well,40.522369,8.829019,62962,2019-02-10,Forest
Democratic detail,81.615121,-118.072402,27066,2017-03-08,Tundra
Add discuss,-52.333029,123.227295,46311,2025-09-20,Freshwater
Accept eye,71.447458,-39.782141,84797,2025-02-20,Marine
Action statement,-45.508904,66.202611,82395,2021-08-16,Grassland
Collection technology,-1.800088,141.299936,35025,2024-11-01,Wetland
Site piece,-88.832439,-125.821986,51235,2022-03-01,Tundra
Wonder against,-34.172133,-103.636843,91080,2023-11-04,Tundra
People poor,-13.640047,179.109729,19442,2020-09-04,Forest
Practice well,28.829706,-97.546455,82653,2025-12-21,Desert
Mr carry,46.729956,171.705663,633,2017-09-04,Desert
Religious choose,10.860603,-109.704527,79515,2025-11-20,Urban
Raise within,75.022609,6.311485,47914,2021-01-12,Wetland
Trouble process,65.490418,-104.46234,39688,2020-02-28,Wetland
Eat need,-14.331444,-61.740339,88849,2020-02-12,Desert
Within go,-13.583221,47.439572,94862,2020-10-19,Urban
Article southern,75.380214,124.329591,52208,2024-09-26,Forest
Ground modern,52.928538,-139.591,59434,2018-03-05,Urban
Some become,36.649719,35.928,72013,2019-04-06,Desert
Western ok,39.740169,171.056159,26534,2023-07-17,Marine
Sure front,57.834339,45.724827,71619,2019-01-25,Urban
Series north,-61.969171,-175.860776,58987,2020-12-23,Forest
Institution early,42.656401,47.803098,61554,2021-02-07,Tundra
Toward arrive,63.799814,-92.800104,94560,2022-10-20,Forest
Despite good,63.955073,115.17427,60815,2020-07-09,Desert
Magazine break,36.501119,94.847573,76675,2022-11-05,Grassland
Staff among,-77.47475,-103.574017,81731,2021-10-25,Urban
Western fear,45.077877,63.665784,371,2024-06-10,Grassland
Friend position,50.457058,41.720983,18741,2023-09-06,Freshwater
Table course,-67.199522,124.751814,58028,2016-09-03,Grassland
Deep series,-89.406965,170.704724,91479,2023-06-18,Freshwater
Plant behind,9.665055,-176.995485,40783,2025-12-08,Desert
Worker crime,77.070372,-3.073288,36182,2019-09-03,Forest
Include believe,30.367662,40.451687,72764,2023-11-24,Forest
Hope Democrat,2.814958,8.357964,8111,2024-06-14,Desert
Weight simple,45.503039,-115.467693,80934,2018-11-04,Tundra
Per near,-4.497316,117.603409,14461,2025-02-17,Wetland
Form word,88.221893,85.440862,60890,2019-02-19,Freshwater
Once religious,54.310522,-22.68262,83103,2026-01-13,Grassland
Collection accept,4.82862,-90.734228,70133,2024-05-30,Tundra
Quickly force,7.28601,57.499746,5797,2017-05-21,Marine
World mother,-56.336551,-51.794774,79777,2023-12-01,Desert
Beautiful bill,-55.550903,97.754482,73888,2017-07-20,Desert
Lay across,12.785113,-74.425921,21901,2018-04-22,Wetland
When despite,-12.819087,-36.608433,1167,2016-08-10,Forest
Today minute,51.152208,-77.846395,88835,2020-04-26,Urban
Require model,37.518839,132.011159,8303,2018-10-14,Desert
Face from,-63.17581,122.185551,4122,2023-03-09,Marine
Feeling easy,-55.317946,-99.436897,8276,2016-09-26,Marine
Religious wife,-10.212831,-101.550458,18892,2023-11-19,Grassland
Raise drug,-28.267831,-95.549425,63933,2022-01-08,Forest
Sell girl,23.354334,172.432178,16692,2024-08-13,Wetland
Whether federal,-37.01006,-11.828809,32458,2024-05-02,Grassland
Would system,34.935663,-94.531672,40440,2017-10-08,Grassland
Course sport,-86.357671,-16.247046,96922,2019-12-19,Marine
Dinner home,-0.573641,135.458108,80848,2026-04-01,Grassland
They either,56.760448,-22.428018,86448,2018-12-16,Desert
Front adult,-9.932482,43.840863,65333,2022-09-10,Forest
Focus red,87.956066,-177.044776,59088,2024-05-07,Wetland
Someone itself,89.63621,-1.262612,3621,2023-08-16,Wetland
Say character,-44.960582,-66.116943,53429,2024-08-05,Wetland
This show,66.211048,-65.111262,77509,2019-03-30,Urban
Group account,17.337597,27.041192,5779,2017-05-10,Desert
Tonight car,-31.71921,58.343953,64796,2021-12-20,Wetland
Nor yes,-73.92255,120.60443,15696,2023-06-22,Freshwater
Project respond,-24.317603,-163.903385,90983,2020-10-20,Urban
Meet in,-52.890472,24.02341,80710,2017-01-18,Urban
Body senior,-48.17251,35.895268,43850,2018-10-18,Tundra
Very avoid,-16.010902,-135.300106,58730,2022-02-17,Grassland
Along clear,-50.137079,-14.707177,91866,2020-04-11,Freshwater
Strategy scientist,-50.649773,59.272021,42893,2017-06-20,Forest
Save writer,15.40054,-165.478677,12518,2022-06-19,Tundra
Political mean,80.923944,64.732987,74031,2023-10-07,Urban
Begin blood,20.149622,-20.453955,1236,2023-09-12,Grassland
Letter woman,-72.29819,-105.937015,70285,2022-07-14,Grassland
Plan write,8.288477,104.55385,19659,2018-02-12,Wetland
Major sound,-84.592819,-28.738248,98325,2017-02-25,Marine
Between meeting,20.520114,69.453156,64161,2017-12-04,Grassland
Term they,33.087065,-146.498485,24730,2025-09-16,Tundra
Travel whatever,-20.459915,50.689741,30725,2016-10-02,Marine
Market reveal,14.710467,-144.547091,50133,2023-01-19,Forest
Color example,-21.935762,4.008208,22381,2026-06-12,Marine
Music activity,-52.975889,-147.414057,34706,2023-02-01,Grassland
Already continue,59.709983,116.937021,89351,2016-08-27,Wetland
Six probably,-9.290868,-104.228876,47789,2025-04-10,Tundra
Financial through,47.417086,-79.709683,73944,2017-12-12,Grassland
Have course,-15.058978,76.348747,85648,2016-08-18,Desert
Space difficult,-78.537145,177.586524,78646,2024-06-20,Forest
Yard prepare,54.848295,158.558876,98693,2024-08-25,Grassland
Early former,-75.504472,-93.375217,75372,2019-11-25,Freshwater
Fire democratic,-58.339173,160.0385,65133,2017-11-16,Tundra
Look show,59.165959,-62.472672,18860,2021-09-19,Desert
Else rock,89.761333,120.813828,56619,2021-03-03,Freshwater
Politics development,30.693552,67.054635,79323,2021-03-31,Marine
Former soldier,-12.799217,164.662313,83802,2018-11-14,Tundra
My police,-1.941477,-60.662023,59849,2023-02-06,Marine
Perhaps great,14.555616,120.474561,63313,2022-07-24,Forest
Firm something,-52.081536,78.085041,22468,2026-03-18,Marine
Garden address,43.638646,122.870135,59035,2024-06-27,Grassland
Well positive,85.875953,24.960043,15311,2017-02-18,Tundra
Quite structure,-10.233632,20.042762,72633,2016-10-15,Marine
Firm wrong,-59.938243,-20.022646,76463,2023-06-19,Desert
Listen sort,51.720304,49.924847,8976,2023-04-28,Forest
President group,-17.38094,-162.810083,86708,2020-08-14,Freshwater
Actually than,-29.812574,5.812798,99648,2017-11-13,Urban
Six lot,60.908601,160.152717,50334,2017-08-21,Urban
Despite yard,26.522418,23.801785,47122,2025-08-03,Grassland
Surface even,25.295644,-21.184344,33222,2024-02-26,Wetland
Again almost,-20.593236,36.255598,91254,2021-04-27,Forest
Record election,4.947015,-130.795666,21974,2023-07-10,Grassland
Bring day,-56.870171,-154.308091,94269,2019-12-05,Desert
Two who,-5.975976,-0.660313,9067,2022-03-20,Marine
Car glass,57.194109,-102.443071,25638,2019-08-23,Forest
Head four,-64.568568,63.631875,28224,2025-06-09,Desert
Something hospital,59.685248,-37.145357,46294,2018-11-14,Freshwater
Only very,-22.150514,83.066845,27793,2018-03-27,Freshwater
Support summer,78.594713,-28.261441,68319,2017-04-18,Marine
Professional either,-59.781633,-67.372951,7272,2024-02-17,Freshwater
Education baby,-16.378118,107.268086,41484,2019-12-16,Desert
Phone describe,32.582626,-143.878575,21182,2017-02-05,Grassland
Home first,-14.765961,44.205114,5636,2020-10-06,Grassland
Draw say,-84.271008,26.062858,81606,2021-10-10,Grassland
Wear arm,-64.472852,97.78142,50904,2020-01-13,Wetland
Stage gas,-82.378526,-105.884726,67145,2025-10-21,Marine
Western measure,65.821607,10.798359,92960,2019-08-28,Desert
Amount rule,-89.099485,69.636381,10772,2018-09-11,Desert
Either determine,-0.652203,-17.335053,60297,2023-12-21,Wetland
Recognize question,-37.262866,114.060032,44703,2022-10-20,Tundra
Time bring,-4.100766,-95.591995,34379,2019-08-29,Freshwater
Real western,-21.335566,83.39198,23591,2018-06-17,Freshwater
Find suddenly,38.897157,75.218794,99809,2025-08-18,Forest
Per large,12.906593,109.83488,16396,2025-07-02,Freshwater
Year have,16.810897,27.6945,42675,2021-06-05,Urban
Knowledge artist,51.024529,125.023819,562,2017-08-31,Wetland
Probably a,14.307636,167.697551,81547,2023-06-05,Wetland
Yourself bring,-57.637954,-51.162579,25992,2021-12-05,Urban
Well cup,-22.19884,174.48694,31392,2016-11-26,Grassland
Receive voice,74.280868,159.389564,37457,2021-12-20,Freshwater
Likely Republican,-10.701906,145.081369,40946,2016-10-10,Forest
Every hear,88.406135,-159.082168,3174,2023-11-20,Freshwater
Enjoy half,-66.051263,80.054612,99730,2020-08-18,Grassland
If build,32.769356,114.821896,92534,2019-11-01,Marine
Treat center,39.490159,175.331477,2575,2022-10-08,Wetland
Only his,-86.802344,-169.255645,69107,2023-07-25,Marine
Summer party,-18.643909,-6.377729,21892,2017-01-27,Tundra
Instead right,3.286296,64.91205,62628,2021-09-28,Forest
Discover record,-63.624989,-31.283351,58782,2019-11-20,Wetland
Candidate voice,15.206684,31.055687,98681,2025-01-08,Freshwater
Pattern serious,-81.692857,83.701974,39218,2022-07-07,Desert
General just,-27.779407,-155.328315,64555,2018-11-25,Grassland
Project really,-72.943197,35.338068,16346,2021-08-23,Freshwater
Attack among,-20.12589,62.108775,29474,2023-03-05,Freshwater
Parent assume,-31.835782,-166.257529,27166,2022-07-22,Grassland
Action college,21.801654,-125.997811,49488,2024-10-21,Desert
Be prevent,-21.466318,-163.133359,1581,2024-04-28,Grassland
Five ago,88.218538,66.102162,2782,2019-01-30,Desert
Indicate certainly,-5.163078,14.033491,26077,2021-12-23,Forest
Change first,68.253097,78.396096,49637,2025-11-10,Freshwater
Truth could,18.524722,108.5893,65176,2018-10-28,Wetland
Detail nor,-67.008062,-148.723316,30044,2018-04-22,Tundra
Discover phone,8.202147,169.822978,72609,2020-01-30,Freshwater
Environmental story,-16.106698,-61.960815,17874,2020-04-27,Wetland
Recently it,-57.390132,122.416187,45111,2018-06-17,Freshwater
Name water,-0.505486,-161.506999,73546,2026-05-19,Tundra
Almost well,-82.438612,68.958093,56941,2019-03-08,Desert
Treatment head,73.408831,-169.21641,36724,2024-06-27,Urban
Score environment,-39.589147,157.222936,42883,2022-07-05,Grassland
Born could,83.653956,-2.244869,42267,2021-01-17,Grassland
Trial difference,8.784914,112.040541,3695,2024-12-17,Tundra
Why all,62.11167,-29.866284,9284,2019-10-07,Freshwater
Manager spend,84.268846,52.712333,23177,2026-04-01,Grassland
Will relationship,-75.524439,-128.780023,44792,2025-02-10,Freshwater
Table born,11.803683,177.004721,12090,2022-02-08,Desert
Maybe citizen,-37.575997,-80.062664,23372,2019-12-10,Urban
Establish challenge,38.900362,13.096058,78650,2022-03-18,Freshwater
Officer office,-44.446416,-12.386541,13861,2023-11-20,Wetland
Per nature,-54.487111,-70.331159,73074,2025-06-01,Wetland
Increase class,-55.983246,45.605746,24452,2025-11-06,Tundra
Cover create,41.478935,171.582188,68029,2024-09-09,Freshwater
Trip foot,9.692259,-81.90294,10363,2023-07-09,Urban
Various make,37.472313,-178.53461,42187,2017-08-12,Urban
Fly later,-64.107161,-175.62963,10252,2023-06-27,Wetland
Amount ten,-44.10198,34.90628,1554,2016-12-16,Marine
Why husband,-25.325929,21.349927,67328,2024-06-12,Grassland
Data above,21.016947,-175.552704,34217,2025-04-22,Desert
Less those,-75.706022,82.934517,88747,2020-09-03,Desert
Amount true,26.470507,118.281693,93818,2022-12-12,Wetland
Field by,71.396989,-141.336683,52504,2025-06-11,Freshwater
Mouth somebody,27.275395,-114.772991,53279,2025-07-19,Marine
Traditional institution,-22.25036,-166.542106,87504,2022-11-22,Wetland
Bar clear,-60.057681,30.972017,91076,2018-08-05,Desert
Back wear,25.075284,-72.747818,95433,2019-04-17,Tundra
Street available,70.298938,-144.093936,66860,2026-05-03,Marine
Camera be,-6.142798,63.049282,77235,2020-12-30,Desert
Smile well,79.725872,32.488273,85212,2024-12-11,Forest
Study work,44.799051,-63.820521,11910,2025-06-25,Marine
Result cup,80.345835,83.090856,33565,2017-04-16,Wetland
Pass long,-75.371272,178.545757,54169,2023-10-10,Wetland
Few month,-25.296495,-97.139134,38219,2026-05-05,Grassland
Black head,-49.075569,-0.263964,88639,2017-02-25,Wetland
Standard war,-69.517835,-139.302772,65670,2023-03-17,Forest
Live ready,28.233501,-116.134146,81709,2018-12-26,Freshwater
Training politics,-70.758693,-97.657339,90014,2019-12-26,Desert
Main why,68.884171,108.140396,27128,2024-06-26,Urban
Summer four,17.757567,-92.150636,3630,2025-03-23,Urban
Seat picture,21.280792,-113.875766,34671,2017-05-15,Tundra
Law life,60.018501,-126.108978,20694,2017-07-26,Wetland
Daughter building,16.935862,-41.997002,56157,2019-01-12,Desert
Three sign,88.723505,88.238289,32142,2023-08-29,Marine
Rise ever,31.766191,-11.621158,63083,2024-08-04,Tundra
Network foreign,-0.511368,130.085425,16007,2021-11-18,Forest
Whatever write,88.678766,-174.822301,71406,2018-04-21,Desert
Phone seven,9.024467,25.477991,93875,2025-12-19,Freshwater
Agent use,-25.11127,-112.720146,35059,2019-02-09,Desert
Join human,47.153001,-152.528625,44399,2025-11-16,Marine
Expert available,-30.744266,-179.694056,16943,2017-03-01,Marine
Peace level,53.201378,-158.006051,47450,2022-01-28,Wetland
Ability hard,46.439169,7.538687,38276,2023-11-13,Tundra
Create everyone,-34.784726,-20.490157,82122,2021-04-27,Grassland
Still someone,22.431486,50.36336,45583,2019-06-28,Wetland
Would strategy,-62.955866,-106.871139,98437,2017-05-03,Freshwater
President hundred,59.524267,121.758734,70089,2017-12-17,Tundra
Improve music,29.490382,-171.362506,92591,2022-10-23,Desert
Catch relationship,53.681306,18.526423,7721,2022-08-26,Marine
Trouble onto,-4.649699,-50.895222,20006,2021-03-01,Grassland
Result moment,88.051206,139.124588,94864,2026-04-28,Grassland
Market world,7.414576,129.89184,34480,2017-03-04,Desert
Claim increase,-37.226032,-13.960626,32580,2017-05-31,Urban
Hotel stand,-76.63382,42.965641,4705,2021-11-27,Forest
Hundred imagine,64.432158,162.638712,21362,2019-11-29,Forest
Without TV,17.409505,-12.47139,66396,2019-08-13,Tundra
System affect,16.020772,-51.817783,96699,2023-05-24,Forest
Same time,15.085713,127.572203,91634,2016-12-25,Forest
Determine ahead,84.174747,-147.686629,89498,2022-10-07,Forest
Hotel get,-71.910842,-119.976241,52145,2021-08-20,Marine
Operation sing,26.385925,1.486447,15916,2024-11-07,Wetland
Expect someone,-7.983211,-136.222273,99750,2022-09-10,Wetland
Dream language,17.42282,2.206805,38041,2017-02-02,Forest
Sound article,26.190209,96.74293,82448,2017-04-03,Tundra
System accept,44.096109,-51.195862,87373,2024-09-13,Forest
Camera body,-78.257557,-9.805874,92958,2020-11-03,Wetland
Nearly law,24.713811,135.284811,94224,2019-04-18,Wetland
Continue right,77.131614,-71.570356,32159,2019-10-12,Urban
A probably,46.279248,170.282405,59639,2025-07-01,Desert
Positive office,-9.013791,53.674916,69021,2022-02-14,Marine
Particularly hope,49.70515,-6.189297,73785,2024-11-30,Desert
Have TV,23.355291,123.580306,66670,2018-07-02,Freshwater
Audience country,-53.146755,-2.025145,49999,2020-10-06,Desert
Edge leave,34.990046,170.165422,63728,2019-11-10,Wetland
Official man,-27.429364,-151.822343,16386,2022-09-21,Freshwater
Stop black,72.921533,105.196568,79410,2019-06-23,Freshwater
Three walk,7.988963,131.004196,21180,2023-07-19,Grassland
Certainly deal,3.07443,159.480281,95245,2024-10-16,Marine
Necessary yourself,45.098823,-8.35673,35626,2023-10-19,Desert
Heavy identify,-25.334154,150.843516,5335,2021-06-06,Desert
General ago,40.759639,-12.387549,94764,2025-08-11,Urban
Scientist step,-11.229232,149.366123,94518,2023-11-14,Forest
Chance company,-51.616214,140.36708,80515,2018-03-03,Freshwater
Charge draw,-48.671606,-123.187847,59401,2019-12-29,Wetland
Dream hot,6.960696,85.623871,40408,2016-11-13,Wetland
Also suddenly,-36.389859,-102.018094,80702,2016-12-08,Marine
Movie center,54.993772,-60.126151,39502,2025-03-01,Grassland
In field,-69.410471,-73.051809,27608,2020-11-04,Forest
Spend today,61.26074,13.856053,44448,2025-08-23,Forest
Administration ball,-50.888653,-65.354153,31038,2024-04-14,Grassland
Song condition,25.769134,156.559672,77745,2024-09-21,Freshwater
Citizen she,-81.189462,-99.877721,47733,2020-10-20,Tundra
Morning interest,35.111408,160.431882,31497,2017-11-05,Marine
Win pull,2.371331,-51.562326,38330,2025-04-04,Tundra
Current early,-89.402196,-12.086682,74715,2021-12-21,Freshwater
Even as,87.546426,157.280306,15185,2021-06-27,Tundra
Officer statement,54.978388,169.155958,34508,2016-12-16,Wetland
Certain system,-31.843961,113.00464,70818,2025-08-26,Freshwater
Girl learn,-55.46494,36.706248,17554,2021-09-16,Tundra
Discuss close,-5.001217,-165.051239,35383,2016-12-25,Urban
Specific certain,24.987707,-15.576693,1821,2018-12-09,Marine
Herself religious,73.010792,-35.770279,59098,2026-04-16,Freshwater
Knowledge most,43.619328,-119.77981,11095,2024-12-15,Marine
Week sell,-28.623652,-66.708836,76141,2021-09-21,Wetland
On common,-53.940804,-106.287094,85125,2018-02-06,Tundra
Me environment,20.151773,-94.305342,25223,2017-01-21,Tundra
Send their,57.733075,-16.594415,59098,2021-01-14,Marine
Information we,-25.27437,111.850519,23666,2021-09-27,Forest
Lead write,44.598094,-76.044706,62680,2018-05-20,Desert
Article friend,-36.118274,-99.491179,48795,2022-04-11,Grassland
Specific near,8.158567,-76.653572,3740,2020-05-11,Urban
Political style,-42.368171,88.326351,48876,2025-08-20,Freshwater
Decide enjoy,36.626695,-179.037477,58911,2024-08-28,Tundra
Stock too,62.110517,116.388771,4739,2021-03-07,Marine
Method theory,41.321392,43.24869,38596,2020-04-28,Tundra
Happen business,73.338165,-14.531932,93240,2021-09-10,Forest
Sister offer,-5.862671,-22.006828,21241,2023-04-27,Grassland
Total visit,-23.197875,-61.611308,92204,2023-06-29,Wetland
Season significant,46.406711,-43.732032,41912,2017-02-28,Grassland
Step throughout,74.826021,-85.037769,48074,2026-02-11,Tundra
Professor none,89.637875,68.113707,66284,2022-05-08,Desert
Allow voice,76.992181,-175.919863,51076,2020-09-15,Grassland
Building look,21.318006,0.846016,70159,2023-03-28,Freshwater
Available glass,-23.657803,6.808413,29566,2018-08-23,Desert
Food opportunity,-31.327456,120.952177,77092,2023-07-03,Wetland
Study time,-38.628187,23.88057,91691,2024-09-15,Grassland
Floor society,-74.978054,-129.016691,65331,2021-03-26,Urban
Long project,-83.963396,77.990307,21508,2023-05-14,Forest
Grow far,-25.6317,-166.21287,23982,2024-05-04,Urban
View cut,-42.466439,159.961499,12725,2021-02-18,Urban
Democratic by,52.270186,71.71072,69634,2021-11-17,Forest
Heavy but,22.048804,68.193982,72418,2020-10-18,Freshwater
White fight,21.669918,-140.121606,30084,2018-07-11,Marine
Positive likely,67.638216,81.115463,99902,2018-08-14,Desert
New process,-81.930733,138.016746,31480,2024-02-26,Grassland
Modern talk,11.143068,52.833237,68076,2022-04-05,Tundra
Benefit lose,-9.464332,-35.445008,65645,2021-04-10,Desert
Forward country,19.459421,143.509451,79214,2024-12-01,Grassland
Light behavior,67.183521,-50.833109,99482,2017-01-31,Marine
List true,27.192876,1.015295,68226,2021-10-10,Wetland
Movie early,-58.960354,70.354687,27796,2021-01-04,Freshwater
Church somebody,61.585849,151.382668,80320,2023-02-05,Freshwater
Discussion ground,32.738004,-161.154565,1913,2017-11-30,Freshwater
Fund stop,16.329727,-6.256045,42477,2017-04-01,Grassland
Series effort,-43.232645,30.012083,53912,2018-02-22,Grassland
Avoid require,-4.13059,-63.964454,89209,2016-11-30,Desert
Hotel commercial,-81.090243,170.744552,40756,2017-03-02,Urban
Feeling measure,-48.751133,-132.031743,72910,2025-01-31,Grassland
Common hit,60.53037,-38.241648,48419,2021-11-17,Tundra
Military budget,82.902995,136.234166,21078,2022-03-12,Urban
If he,31.119787,18.619316,3869,2020-09-15,Desert
Consumer possible,-54.278099,179.532587,62554,2018-10-20,Grassland
While set,-64.751401,33.883807,29842,2024-08-08,Forest
Most cut,14.650822,171.39818,98052,2017-04-02,Freshwater
Door dinner,-65.045809,142.667386,11486,2024-11-27,Grassland
Beyond maintain,64.202485,-145.134435,48861,2018-07-16,Freshwater
Door college,73.500536,43.120696,23546,2020-07-31,Urban
Bank dark,-62.626322,162.827711,39288,2024-01-24,Desert
Score shake,13.437047,166.056986,68953,2022-12-22,Desert
Traditional table,29.226772,63.915086,27823,2023-03-07,Urban
Throw hit,-78.172021,-42.037828,87272,2025-05-15,Urban
National perform,-37.40664,-108.662576,46670,2017-03-20,Tundra
News argue,-70.708163,-158.038634,3312,2021-09-25,Tundra
Could pull,4.659315,-45.503682,59416,2023-11-08,Grassland
Discussion major,61.505456,39.257696,61228,2019-01-14,Marine
Rather value,85.719342,11.692893,484,2026-03-16,Marine
Drive itself,85.872928,-38.360202,30520,2018-09-29,Marine
Car recently,-79.26899,-57.954831,34466,2018-05-16,Grassland
Assume present,10.877015,-98.355111,15784,2024-11-17,Freshwater
Boy base,7.798032,155.000919,35129,2019-11-03,Forest
True only,56.717845,177.831681,88445,2022-09-21,Grassland
End might,-63.26344,-27.906481,11346,2024-04-10,Urban
Talk reduce,-29.523928,-149.674563,56844,2018-11-30,Desert
State force,25.985153,-64.585385,63580,2020-07-17,Grassland
Partner yeah,55.76762,-119.668768,91438,2016-10-06,Tundra
Full factor,31.413304,159.367867,2434,2022-06-02,Desert
Between memory,-26.349997,-133.456642,40489,2017-07-20,Grassland
Take detail,42.931803,-151.112725,65575,2024-12-22,Marine
Again president,-63.091338,-16.392282,49801,2026-05-23,Marine
Family girl,20.653878,-117.842396,70117,2026-03-10,Tundra
Base next,-79.26629,119.826922,54443,2025-01-24,Marine
Speak job,-88.598092,-84.918026,80248,2018-01-18,Freshwater
Risk become,34.011673,68.064017,68075,2017-07-16,Desert
Single book,-16.178612,-176.819471,7257,2023-02-06,Grassland
Old real,73.354589,-101.571948,65917,2019-11-15,Marine
Recognize into,-17.460455,-142.663559,49335,2021-04-24,Forest
Green American,78.627738,109.107734,99843,2025-12-28,Urban
Base blue,-27.541287,7.349187,62601,2024-08-06,Grassland
Special machine,47.535131,-24.865628,35963,2020-04-28,Desert
Arrive born,17.52985,168.628014,50960,2026-04-10,Freshwater
Term per,-1.660109,-102.380235,34588,2025-01-30,Tundra
Discuss college,-69.654837,59.384127,21019,2026-01-13,Grassland
Beat fund,-67.939656,113.851639,24936,2026-04-30,Urban
Free unit,47.611427,1.889237,34561,2024-07-03,Grassland
Arm certainly,-82.570319,-137.57912,42975,2024-09-05,Marine
Peace generation,0.906445,56.9701,24157,2019-02-23,Forest
Day person,26.183596,-89.43872,92668,2016-09-30,Freshwater
Court develop,75.00141,135.245695,77833,2026-07-05,Desert
Set garden,-60.855208,-92.303085,5435,2023-04-24,Grassland
Art hotel,-78.104693,85.118457,39158,2018-06-02,Forest
Course on,38.244353,120.579592,99618,2024-04-30,Grassland
Change include,-49.744175,-173.004875,11732,2022-04-24,Urban
Like travel,-53.764852,54.000229,22959,2020-04-07,Grassland
Agreement evidence,-24.373671,-153.713213,87868,2016-08-31,Tundra
Which item,18.502511,110.655383,56080,2021-07-02,Tundra
Although risk,79.81683,-77.049164,87533,2017-01-15,Urban
Nor history,-9.455928,91.716165,44969,2019-10-25,Desert
Police she,-23.083627,-83.230761,54056,2017-02-10,Grassland
List beyond,-75.184075,33.524374,10908,2025-08-06,Freshwater
Save size,-61.946931,-52.340418,2283,2019-04-14,Freshwater
Capital continue,44.542836,11.748486,44056,2017-02-11,Desert
Floor quickly,81.736824,-90.089793,13811,2026-03-08,Tundra
Put product,-22.593653,49.778041,62370,2023-08-15,Desert
Source system,15.171012,60.19518,22435,2019-04-28,Freshwater
Him turn,-32.435088,29.69564,27793,2023-03-28,Freshwater
Blue outside,-85.096263,-7.870429,76425,2020-01-01,Marine
Remain it,74.251305,-2.397055,40559,2019-11-29,Tundra
Find material,-89.638103,149.984114,18398,2020-02-24,Grassland
Argue blood,-18.814708,-74.693388,68619,2019-05-28,Wetland
Girl who,6.741803,-8.517205,60612,2026-02-22,Forest
Customer step,54.849542,50.943433,39081,2018-02-26,Urban
Book environmental,-34.24024,-36.157121,22766,2022-08-04,Wetland
Machine form,-13.021892,-115.693259,18547,2020-11-28,Wetland
Animal course,74.890915,-66.885872,98286,2017-03-30,Forest
Camera news,25.471584,37.55072,982,2025-08-15,Wetland
Whom forget,63.81527,-165.210852,73500,2018-02-02,Marine
See chair,-13.69472,-138.923982,76724,2022-06-15,Wetland
Couple use,-29.610677,-172.96276,7631,2018-02-02,Wetland
Thank people,-59.316918,-32.98911,29450,2023-03-07,Freshwater
Represent rest,-77.928487,-82.751312,56776,2026-06-01,Urban
Ability free,33.84734,31.254271,20409,2024-01-03,Tundra
Decision recent,-73.207407,4.931061,3343,2020-09-12,Forest
Station second,50.635861,171.845133,29560,2020-08-18,Forest
Involve stop,-6.77602,149.766883,16071,2016-08-06,Grassland
Impact everybody,-57.27527,-70.353765,12421,2026-02-01,Freshwater
Suggest view,-52.121906,-136.078308,52473,2022-12-11,Urban
Should local,-74.150975,101.832724,42127,2021-11-10,Wetland
Audience phone,36.416908,145.945255,21145,2017-08-11,Marine
Year others,-42.692187,0.191389,48120,2022-09-06,Forest
Arrive system,85.542346,-143.397161,63333,2021-10-03,Tundra
Bag news,19.023519,60.792357,51359,2025-04-30,Desert
Similar nothing,-34.795978,-172.65695,13277,2017-12-10,Freshwater
Determine eye,-11.049539,68.776275,38706,2024-06-05,Forest
Structure rather,4.227531,16.747445,35986,2023-04-29,Grassland
Become receive,-82.636159,-79.272495,89363,2025-01-05,Desert
Pay event,-51.148217,37.086782,18074,2023-10-24,Freshwater
Enter cover,68.516013,117.440397,53328,2016-10-23,Wetland
Show public,46.031135,-170.244809,20592,2025-11-29,Grassland
Option carry,-59.043274,-146.763182,39595,2021-01-20,Wetland
Yes address,-80.17881,9.497967,91153,2018-06-23,Grassland
Edge a,-25.945108,-33.283621,85074,2021-12-12,Tundra
Remember same,10.20516,-111.518736,67982,2016-09-01,Freshwater
Keep share,64.125445,-141.022377,1922,2026-04-29,Desert
Growth easy,-45.333686,-146.948262,72483,2017-01-03,Grassland
Could buy,52.71431,123.712991,73384,2022-09-12,Desert
List yet,47.951003,175.400538,86962,2020-07-21,Desert
These upon,-73.601538,-55.867821,72801,2022-08-03,Marine
Power floor,14.220843,-101.256242,73639,2024-04-24,Urban
Shoulder ground,50.038827,-175.774473,4497,2020-10-05,Grassland
Enter push,27.566324,-93.130075,1515,2022-11-03,Forest
Concern can,-8.340309,54.596888,73567,2025-01-13,Desert
Mrs perhaps,57.696435,99.54595,66849,2020-11-15,Grassland
Decade prove,25.1699,142.783352,18208,2019-11-03,Grassland
Then safe,-12.515921,164.922626,63424,2019-09-30,Wetland
Production number,-17.150772,-23.441359,18556,2020-09-24,Urban
Cost another,-47.710878,-100.032665,691,2022-11-24,Marine
Ability floor,0.835357,74.25527,9334,2017-06-23,Urban
Work financial,-53.308313,115.99262,63777,2019-12-24,Desert
About director,48.432979,-153.27377,24109,2021-09-03,Wetland
Generation already,-45.140795,9.730013,85524,2019-05-27,Grassland
Organization support,-67.208873,-24.507984,31154,2025-08-13,Freshwater
White among,-47.734419,-69.247837,42668,2021-02-27,Marine
Claim who,87.595098,-169.345905,29603,2022-10-28,Urban
Beautiful upon,-54.972693,-115.771628,86949,2018-07-14,Freshwater
Couple cell,83.008417,153.065167,5965,2025-04-02,Urban
Page necessary,-82.306435,-164.19388,89686,2023-04-16,Forest
Traditional treatment,-89.6936,-37.926401,36089,2026-06-27,Forest
Mean magazine,10.361162,-110.871418,79168,2023-09-07,Urban
Reveal sense,-36.741565,150.715843,90559,2017-06-08,Freshwater
Big yeah,58.912038,75.927464,45897,2020-09-07,Tundra
Mrs read,27.636043,19.931221,85912,2024-08-13,Urban
Beyond school,80.70266,170.246078,82008,2022-09-28,Tundra
We phone,-83.643373,-29.756008,55722,2023-11-26,Desert
During central,-29.354153,-11.765307,35232,2025-07-08,Marine
News eye,-75.430523,91.300481,42702,2026-04-29,Grassland
Gas create,-59.067449,-31.845572,21705,2024-05-20,Desert
Same ready,-86.121158,-149.724435,59295,2021-12-05,Freshwater
Find sign,24.862944,9.004177,62997,2025-01-20,Freshwater
Suffer those,22.376619,103.232119,81216,2023-08-17,Forest
Evening drive,69.216149,103.58696,50143,2020-05-10,Urban
Us court,20.468366,148.130551,34170,2024-11-29,Marine
Away outside,-4.650128,-104.854087,5031,2023-09-20,Wetland
Minute at,-24.354323,164.270004,93937,2022-03-07,Grassland
Job product,-64.721738,55.902614,66064,2022-05-20,Marine
Seat hundred,86.505755,175.636099,82693,2023-10-18,Marine
There religious,19.988744,88.596468,9962,2020-02-29,Urban
Information watch,75.064591,-80.213458,77081,2017-04-23,Wetland
Main catch,76.456926,-32.223636,42833,2020-10-13,Urban
Mission away,79.251327,-163.333321,16948,2021-01-25,Grassland
Agent natural,80.277856,-94.004814,21270,2023-03-12,Desert
By budget,-55.093825,-48.123465,96657,2026-07-08,Wetland
Nearly animal,72.737733,156.305037,20275,2018-12-02,Tundra
Watch gun,82.664237,-170.648378,22978,2022-07-02,Urban
Speak and,29.196154,-8.442269,72675,2025-12-08,Wetland
Team tax,-39.168811,-19.961277,33786,2018-04-08,Marine
Him program,-34.737474,-15.774593,87322,2019-01-09,Tundra
Including behavior,79.693751,-78.726082,39085,2024-12-08,Desert
Option language,38.22196,71.557974,13887,2025-06-05,Marine
Total probably,-69.150153,171.709139,42449,2017-02-17,Forest
Education we,-76.916091,15.778659,52671,2026-02-14,Forest
Write reflect,19.907715,2.645338,54938,2023-12-04,Forest
Eight believe,-38.888957,-22.765657,68047,2025-07-01,Freshwater
Decide little,-29.849836,122.365585,55849,2023-10-21,Tundra
Why oil,82.862993,161.988322,68890,2017-03-03,Freshwater
Possible various,-24.705568,152.706249,63489,2023-06-07,Marine
Each over,86.970137,138.315089,75591,2023-08-19,Wetland
Interesting think,-77.331874,-18.467273,11891,2021-05-26,Freshwater
Subject charge,-81.570129,173.167416,50855,2018-07-24,Grassland
Power control,-18.08677,-148.386161,56711,2020-09-04,Forest
Term on,40.761799,-178.275699,2044,2025-11-09,Wetland
Above animal,-89.269096,157.141636,29635,2017-10-05,Urban
Couple to,-43.610151,-175.451211,83498,2018-02-02,Grassland
Board develop,-46.710757,48.864655,18181,2018-08-07,Grassland
News these,58.88313,73.759205,23711,2023-01-05,Grassland
Nice dog,31.436968,168.605461,85981,2025-09-10,Tundra
Site small,29.407886,24.880977,9993,2021-04-13,Urban
Relate drive,25.127972,64.659603,66704,2025-01-18,Wetland
Require doctor,39.637777,-149.068343,68717,2017-09-13,Urban
Reason it,56.416845,-95.529959,36129,2023-03-05,Tundra
Response thousand,50.056301,-133.325659,31275,2019-03-03,Forest
Either list,-14.713346,-19.220013,48080,2022-01-11,Tundra
Cut party,-6.924467,-118.728314,75704,2018-03-10,Wetland
Same clear,36.385857,-58.302002,72048,2020-08-01,Desert
Above finally,-76.790834,-83.729794,10809,2018-01-19,Grassland
Director fight,48.670871,-156.260151,49026,2021-05-25,Marine
Rather forget,26.26133,122.70758,82307,2019-04-12,Tundra
Organization message,-44.564369,121.772129,70653,2021-11-28,Freshwater
Sure daughter,26.896421,99.349176,82863,2022-05-05,Marine
Also understand,14.984012,37.679708,11794,2020-02-23,Wetland
Brother wide,65.972475,-123.916496,19238,2019-06-06,Freshwater
Glass natural,-30.545624,-98.765177,98052,2025-11-16,Urban
Personal year,-21.028323,-63.657146,60404,2021-03-25,Marine
Between fill,23.085101,-103.431876,35499,2021-06-15,Freshwater
Boy keep,-66.079355,83.426045,56026,2021-04-04,Freshwater
Hit parent,73.83594,-62.173762,52655,2024-03-19,Desert
Rate foot,-53.449869,30.86061,78897,2021-01-11,Grassland
Result view,-45.143729,-2.598571,56549,2021-11-02,Tundra
Sound other,-19.688876,-37.685663,43438,2025-06-12,Marine
Investment marriage,-61.366042,81.559516,46226,2018-02-03,Grassland
Month outside,72.056909,-68.118649,88877,2026-07-11,Forest
Movement big,18.952029,83.773221,50732,2021-03-11,Urban
Increase actually,15.23695,-131.834245,18423,2021-05-23,Freshwater
Nation in,-19.559036,44.239991,7402,2022-06-14,Freshwater
Impact pattern,82.522581,-120.802529,96016,2019-08-27,Marine
Leave important,85.933841,-125.578573,70623,2025-10-17,Wetland
Treatment teach,-17.459508,38.770242,54949,2020-11-05,Wetland
Military rather,-17.825105,-171.165146,83137,2018-01-24,Freshwater
Begin between,64.73381,-6.461548,21641,2016-10-15,Freshwater
Water already,-52.02976,-152.969381,3227,2021-11-10,Marine
Approach avoid,20.591473,11.479515,90319,2022-12-22,Tundra
Final security,71.599984,98.224465,54271,2023-07-11,Wetland
Pm happy,73.614581,23.964512,87074,2016-08-25,Grassland
Point help,60.382536,-2.200562,92444,2021-03-04,Tundra
Interesting paper,-32.94068,-0.493921,58973,2024-12-02,Urban
Social analysis,-13.593004,133.211576,81464,2025-11-12,Freshwater
Sign physical,48.649532,-143.446605,24913,2022-01-22,Forest
Data community,77.484154,-6.924977,91248,2026-02-04,Wetland
Thing anyone,65.263477,-169.313741,12086,2020-09-08,Urban
Bank rate,22.76192,73.331914,36025,2025-03-27,Wetland
Order describe,-61.244257,10.127885,32281,2021-09-21,Marine
Word recently,-4.31612,87.010704,29037,2020-01-16,Tundra
Tonight property,-13.917199,-137.459614,32117,2025-06-08,Marine
Professional nice,51.395742,-34.568414,21240,2018-09-22,Forest
Forward time,-54.532023,1.252243,18589,2017-09-29,Marine
Test back,22.308115,71.164241,90526,2023-11-13,Grassland
Forward customer,36.259941,-34.024021,44052,2017-08-29,Desert
Number structure,64.17246,43.561514,12023,2018-06-29,Desert
Fact against,-28.662446,-164.846773,88342,2022-08-03,Forest
Risk heart,-40.13401,126.531005,33432,2022-09-22,Wetland
Up matter,-62.380457,-162.882615,80499,2016-10-21,Freshwater
Rest suggest,23.702405,23.22899,92332,2025-04-19,Urban
East film,-34.163624,2.933619,79964,2024-03-04,Marine
Goal position,-34.125137,43.084408,30340,2022-11-11,Urban
Hot every,-39.104724,67.223659,59127,2018-05-09,Forest
Some high,-39.744403,101.542612,80289,2021-10-01,Forest
Ever teach,-57.126196,-130.94591,17030,2020-02-04,Wetland
Space race,20.983588,-123.321932,85987,2026-04-21,Marine
Police maybe,-88.639955,-47.77874,66785,2022-06-18,Tundra
Continue could,62.18059,-6.715675,10442,2020-12-08,Grassland
May white,57.352593,89.800216,21101,2018-05-13,Freshwater
Myself skin,-40.143991,37.309317,34030,2019-09-24,Marine
Three born,-1.94568,-126.101227,76662,2026-06-08,Tundra
Fast interesting,-27.700499,-2.927482,97017,2018-09-16,Marine
Energy quickly,-84.452078,80.481591,26985,2017-05-24,Freshwater
Simple break,42.115992,78.015251,90226,2024-01-22,Tundra
Room room,-80.019261,24.867485,16873,2019-01-24,Marine
Store foot,-22.93386,-9.338778,47807,2021-09-06,Urban
Nearly would,68.591039,-55.255,59778,2026-05-04,Forest
Small huge,-70.453573,153.018281,98104,2022-12-26,Forest
She perform,-67.291773,155.006338,23474,2018-08-11,Forest
Board total,68.242769,-15.151625,83148,2025-05-25,Grassland
Outside forget,-68.935087,166.648571,61089,2020-03-11,Desert
Pattern responsibility,84.157379,60.993946,38057,2019-12-22,Tundra
Stand live,-52.761314,3.91039,42825,2025-05-13,Marine
Space who,-40.543687,75.636985,61346,2022-06-08,Freshwater
Agree style,-87.773315,29.432648,31401,2021-12-11,Urban
Audience everything,-30.144764,-57.398694,38582,2018-07-05,Wetland
Attack suggest,-48.602789,-166.139901,10837,2019-06-07,Grassland
Language natural,24.520598,-91.058263,19279,2020-07-31,Freshwater
Tonight color,-33.570341,-87.09121,5699,2022-11-24,Wetland
Arm four,-36.740093,-117.338298,49564,2021-11-16,Urban
Campaign positive,-17.730585,105.861837,8217,2016-10-12,Freshwater
Wear adult,-8.53325,115.094555,68293,2018-12-27,Desert
Section parent,70.576427,-14.53989,92020,2019-04-08,Wetland
Couple music,-32.527,47.902971,92647,2018-06-22,Wetland
Fly guess,59.490516,85.616562,84180,2025-04-09,Tundra
Hundred store,34.505803,108.817761,23361,2024-10-08,Urban
Grow appear,9.986933,-43.235807,50293,2022-11-23,Urban
Change consider,-78.797467,-3.897689,68181,2025-07-01,Wetland
Your owner,-74.471553,-178.732773,73488,2023-05-28,Wetland
Everything well,-75.580701,-75.335494,64972,2024-07-16,Urban
Consumer big,-32.820949,57.064138,49925,2022-05-19,Marine
Spend thus,-88.9145,152.182563,89127,2020-08-11,Forest
Century peace,-66.120004,-117.010455,42021,2023-09-22,Tundra
Federal politics,38.999627,-47.197647,84794,2016-10-30,Freshwater
Hair general,86.597623,179.31625,31770,2018-09-18,Wetland
Way floor,-30.133956,160.807833,9275,2017-11-15,Wetland
Prevent owner,-17.880298,-121.833054,86057,2023-10-01,Marine
Back side,-85.759786,-9.020177,7230,2021-04-27,Grassland
Right statement,-64.882617,-76.243583,60166,2020-10-11,Freshwater
Receive grow,13.133433,49.343866,75165,2017-06-12,Wetland
Exist defense,52.06851,-58.66211,62973,2024-02-18,Grassland
Training indicate,-5.678867,61.382895,57515,2022-12-28,Grassland
Across through,-12.722364,-30.288191,22187,2020-09-07,Grassland
Her assume,-44.135779,126.331095,8753,2018-05-25,Freshwater
Coach option,86.715015,-47.015417,43714,2025-09-10,Forest
Still what,81.019335,178.2081,4741,2021-10-07,Urban
Explain meet,83.0744,-110.126153,4076,2021-07-06,Marine
Away bill,-60.476739,-115.514329,7566,2025-10-18,Forest
Manage attorney,83.058965,-48.211456,15925,2019-10-10,Wetland
Different stand,73.987752,39.117513,43759,2026-01-01,Forest
Seek stuff,-38.004,19.268916,83416,2017-01-07,Desert
Discuss amount,24.615976,70.766076,9749,2024-01-10,Grassland
Fire performance,-46.327594,-77.852093,89556,2024-03-05,Grassland
Newspaper discover,63.200059,-149.787858,20380,2026-03-24,Wetland
Contain show,-10.007379,74.896662,8197,2026-06-10,Desert
Station sister,-74.98197,-170.16066,84785,2023-10-24,Wetland
Debate look,53.583046,114.296742,11373,2024-06-28,Urban
Vote lawyer,-39.428408,145.401544,37009,2024-11-18,Marine
Wear oil,4.032549,116.825529,55650,2019-10-25,Forest
Memory shake,-28.984027,129.173452,17491,2020-10-05,Desert
Seven language,-43.329504,18.196258,69522,2016-11-29,Forest
Develop put,29.347032,121.19634,27159,2019-12-05,Tundra
Career board,28.853673,-95.12103,36073,2017-12-30,Marine
Star international,18.792028,84.043678,41612,2017-08-09,Tundra
Across order,16.219816,-140.537009,31251,2017-03-23,Wetland
She skill,-48.837254,6.192483,512,2026-04-27,Forest
Magazine notice,-87.507688,165.67597,46170,2025-12-30,Marine
Tough it,4.450463,-22.362075,15627,2021-04-21,Wetland
People herself,-13.39319,84.911478,82860,2017-07-05,Freshwater
International side,12.42542,-85.232434,89504,2019-06-30,Urban
Event through,18.150273,-109.653468,38659,2026-07-11,Wetland
Water seem,31.017532,-16.381764,67311,2023-10-13,Urban
Hand lot,-5.354908,-50.921035,85991,2017-07-05,Forest
Memory direction,-1.565819,-95.971767,71884,2024-05-26,Forest
High everything,71.348681,-179.143894,4429,2019-10-17,Marine
Author over,29.758482,50.538241,40307,2020-07-24,Marine
Major something,-39.301352,-82.790506,64104,2025-07-25,Urban
Individual budget,-53.805507,-87.239001,11586,2024-02-18,Forest
Next scene,-35.032202,-112.735351,79864,2021-01-23,Tundra
Campaign candidate,48.477499,46.618501,83213,2018-04-03,Forest
Throw team,77.152016,-174.087166,86486,2024-01-18,Forest
Central themselves,-85.201765,117.281566,63245,2024-01-16,Freshwater
First for,0.491179,-38.359966,69782,2021-06-28,Forest
Dog third,75.904448,50.354939,94537,2022-06-28,Tundra
Nice high,-70.801892,-0.889363,73365,2018-06-22,Desert
Measure hold,-84.811106,-115.973462,1496,2022-09-28,Desert
Forget can,-87.151317,-84.901744,67491,2022-11-20,Urban
Project daughter,74.932864,98.366922,66234,2022-11-15,Wetland
What with,54.74025,-121.631361,76174,2025-04-05,Urban
Billion mention,-49.359304,-49.829779,38019,2022-10-12,Freshwater
Tough since,-0.669168,-168.626713,49146,2017-07-03,Grassland
Need clear,-22.774177,-9.628024,73270,2019-05-02,Forest
Scene pay,63.520947,-139.970234,41572,2017-01-12,Wetland
Their rule,28.144473,87.985009,84779,2025-05-03,Forest
Top agent,-61.705354,-133.710493,41134,2023-11-24,Marine
Debate two,22.989987,-136.713697,28356,2016-12-05,Freshwater
Public bed,-45.630217,-50.944852,71348,2019-01-29,Forest
Stay agency,26.662839,-135.40235,41919,2018-11-05,Urban
Energy relate,38.486339,-105.089045,16197,2024-04-05,Urban
Build whether,30.097755,-53.62067,75829,2023-01-23,Urban
Head determine,35.777969,-55.54663,45220,2016-12-10,Forest
Pretty trip,37.464604,-129.125146,48054,2024-05-19,Marine
Then line,43.88307,-104.494514,3420,2020-04-07,Wetland
Face matter,31.57442,-9.365938,75534,2016-10-30,Wetland
State skin,-64.474709,20.812706,6670,2025-03-23,Desert
North kitchen,87.462844,82.006881,25463,2024-10-25,Forest
Ask truth,21.335357,-95.130115,40703,2017-12-21,Tundra
Natural artist,-87.83188,54.906396,27769,2018-10-04,Desert
Brother building,44.91418,-56.754433,90092,2022-11-04,Grassland
Seven dark,-20.723296,-71.585181,67414,2026-07-05,Grassland
How different,59.848342,93.598112,31861,2024-11-09,Tundra
Fish situation,19.093572,-18.443742,2841,2025-07-22,Grassland
Accept current,-14.422463,56.552613,71458,2020-09-08,Wetland
Us among,2.3776,-72.121012,32141,2020-12-27,Marine
Together whether,-25.994395,152.297041,75209,2020-09-12,Urban
Country better,-50.432307,-140.273166,68018,2024-04-25,Freshwater
Different economic,-24.253886,71.115526,97817,2024-03-10,Tundra
Necessary usually,-61.383264,-116.568887,11607,2018-03-26,Tundra
Capital set,10.713352,149.823508,75903,2020-08-25,Urban
Military truth,-60.766514,-59.411966,67537,2020-07-09,Tundra
Degree certainly,-76.558234,-64.349962,555,2018-03-19,Forest
Everyone must,4.750052,165.06711,23393,2025-11-15,Wetland
There once,45.520782,-139.327527,86142,2019-01-11,Forest
Add officer,36.450081,-22.938015,38526,2021-12-31,Marine
Trouble generation,20.92123,166.070754,50461,2024-10-07,Freshwater
Likely others,64.668808,104.410301,56321,2022-07-26,Desert
Good land,52.756705,-89.355497,63269,2025-03-15,Grassland
Standard defense,59.528857,3.1353,15360,2017-02-12,Desert
Current by,-80.426505,-50.183528,47953,2025-03-05,Forest
Success skill,49.956854,78.12615,38289,2022-04-12,Tundra
Billion fund,15.006525,-21.860837,12615,2023-01-03,Desert
Particular range,-79.293934,-88.504849,81314,2016-08-07,Tundra
Use leave,86.112802,-27.89234,76482,2022-09-04,Freshwater
Important charge,41.093192,-84.293344,64350,2025-04-03,Forest
Leader letter,-49.030287,99.200083,2393,2026-01-09,Urban
Exactly read,-48.494328,36.751894,80036,2024-12-04,Wetland
Without message,-60.237128,173.958368,99624,2025-12-03,Tundra
Land huge,-55.521288,-179.336033,13715,2019-07-20,Wetland
Down move,-5.684864,-150.3734,77501,2017-06-23,Desert
Force measure,16.584431,128.137781,90250,2023-01-21,Desert
Value service,56.257717,-88.453477,90365,2018-04-21,Urban
President economy,49.460039,-87.003264,45767,2024-08-01,Grassland
Road economic,84.740255,165.502663,88829,2024-11-23,Urban
With those,86.364814,62.578701,3955,2025-01-18,Forest
Board we,39.44812,-176.908479,66849,2019-09-18,Grassland
Easy worker,-38.542712,2.701396,62075,2021-07-28,Freshwater
Media finally,44.120103,138.517565,50654,2026-03-10,Freshwater
Show similar,-47.755338,-116.292771,27435,2017-07-28,Freshwater
Along action,70.583263,-121.824718,63871,2018-02-05,Desert
Opportunity catch,14.134109,21.518722,44463,2017-12-07,Forest
Push probably,10.823126,133.80337,86874,2020-10-23,Tundra
Out computer,-42.72837,139.259259,36073,2024-10-12,Forest
Can camera,6.558988,131.063746,58615,2024-05-26,Grassland
Save quality,65.742535,-134.788997,92053,2022-11-10,Wetland
Source chance,4.57894,-82.22966,30066,2022-05-29,Marine
Challenge really,43.590318,91.009871,48132,2024-12-03,Desert
Perhaps teacher,24.571205,-135.777476,60584,2018-03-05,Urban
Year road,-48.394319,-70.269291,87221,2024-05-19,Freshwater
Teacher part,-44.749459,49.716525,39524,2018-09-17,Wetland
Support control,-71.945675,-47.631104,65852,2024-07-27,Desert
Song simply,-52.261831,57.30099,59896,2025-12-04,Wetland
Wear analysis,-38.394335,-146.506362,88217,2017-01-22,Grassland
Get realize,-55.415494,31.6637,86722,2018-01-19,Marine
Challenge be,-65.21353,-156.912354,67930,2026-05-03,Freshwater
Can maintain,27.144423,-4.803496,50452,2023-08-25,Forest
Left that,-41.71336,-18.318724,88098,2020-03-25,Freshwater
Suggest film,-86.646659,98.811359,22963,2017-04-20,Forest
Newspaper bill,-21.15117,165.821941,46032,2023-04-28,Desert
Work news,-47.454375,-54.094753,73750,2023-08-16,Tundra
Perhaps someone,22.432104,162.306447,10738,2019-02-23,Desert
Live almost,-47.092922,-30.741376,11601,2017-04-21,Grassland
Affect east,1.488067,124.67929,92771,2023-12-05,Marine
Remember into,-49.323981,119.036848,30147,2018-09-29,Urban
No opportunity,64.984581,62.332306,20190,2019-12-22,Freshwater
Western those,-62.303529,-40.977311,41012,2022-06-30,Tundra
Various should,29.447275,-88.196881,52460,2020-11-10,Forest
Threat prove,-34.815817,-123.78756,76219,2024-07-05,Forest
Pm finally,32.739266,-63.259942,48753,2017-11-16,Grassland
Mouth your,-85.974546,-156.407014,74866,2024-02-16,Urban
Increase near,87.956715,166.955865,25340,2022-04-25,Marine
Ball bag,59.227765,-130.600615,9656,2026-06-21,Forest
Serve threat,-87.59312,6.450705,85102,2023-03-01,Desert
Despite oil,-26.336163,70.209878,19811,2026-04-29,Marine
Former result,-20.210278,160.926135,38310,2019-03-30,Freshwater
Majority church,3.80024,-46.317269,85101,2020-05-22,Wetland
Point reduce,-68.929727,-114.447502,79521,2022-06-19,Freshwater
Why read,-34.910901,-109.443841,3586,2021-04-13,Urban
Bit son,-46.868957,75.605877,95454,2026-02-02,Urban
And project,44.641621,-109.294716,91798,2025-12-17,Grassland
Very sometimes,42.127904,6.883225,1204,2018-09-04,Marine
Else meet,12.124818,-42.506982,65177,2025-06-12,Freshwater
Poor parent,-84.99885,-51.257488,80000,2025-02-08,Wetland
Kitchen tree,-6.649809,24.464415,96728,2024-03-05,Forest
Difference box,15.789715,-158.675116,77234,2019-05-04,Tundra
Continue avoid,-62.458376,-32.407142,30533,2016-10-25,Tundra
Fund grow,-22.893882,64.025837,65165,2017-03-01,Marine
Team modern,75.804316,-71.919146,61071,2020-09-07,Freshwater
Food no,20.508409,-163.855545,47799,2017-01-26,Desert
Probably she,-18.851806,-35.359216,2476,2022-07-15,Freshwater
Weight hair,62.986675,58.734875,99430,2026-06-06,Wetland
Half myself,37.147365,8.266134,70546,2018-03-24,Freshwater
Particular garden,34.692651,-166.749944,40319,2021-05-16,Freshwater
Suffer unit,84.368472,169.050759,79180,2022-02-01,Wetland
Tree win,-61.323206,83.270227,84703,2024-11-27,Urban
Officer so,-39.354674,-64.032655,73940,2021-04-20,Freshwater
Operation final,14.639446,103.691251,87645,2023-04-05,Urban
Include choice,-51.978001,178.276126,86550,2026-01-13,Freshwater
Growth attention,62.753101,37.475775,13441,2020-09-13,Grassland
Myself pass,12.994939,-54.91151,48448,2020-08-18,Marine
Charge almost,-49.320519,-153.61754,53677,2018-01-31,Urban
Those soon,24.084084,-152.642036,73522,2026-04-04,Forest
Me reveal,80.099881,14.13839,32076,2020-01-20,Tundra
North seek,69.634395,101.173347,34254,2019-06-18,Grassland
Others rise,34.449816,52.40226,42488,2022-09-21,Freshwater
Whatever win,53.303007,-26.818859,96048,2018-09-21,Urban
Often rest,-89.918688,18.357771,19405,2021-01-27,Forest
Arm argue,41.21914,-122.195099,80730,2022-09-16,Grassland
Kind stage,-8.689958,24.248036,36602,2021-03-12,Freshwater
Medical leader,-42.184866,151.841381,2855,2017-10-30,Tundra
Today friend,-83.168814,-131.527481,66496,2016-09-16,Marine
Management realize,-66.128222,-103.406694,17855,2017-11-27,Grassland
Condition responsibility,-45.107537,-137.471218,27843,2024-04-06,Desert
Discussion shake,49.453658,128.458868,78326,2020-02-27,Wetland
Determine share,-1.482661,33.122476,20035,2026-06-16,Forest
Fish pretty,-58.815947,142.37918,15739,2022-03-20,Wetland
Short take,32.551308,81.902551,55416,2022-10-18,Marine
Public top,-12.135976,-60.062925,97824,2024-11-10,Tundra
Spend sell,0.577301,-33.707104,61655,2026-04-24,Tundra
Energy let,65.768154,-50.217455,58865,2023-03-04,Freshwater
Work cup,-11.828023,-0.698736,40245,2019-03-15,Marine
Hear begin,61.991391,116.756197,49727,2020-07-03,Freshwater
Answer finally,32.832227,67.038296,81756,2022-10-06,Forest
Support indeed,-84.855564,178.438901,54829,2024-05-16,Marine
Sign audience,13.228417,124.236781,62687,2018-10-26,Wetland
Inside run,35.094309,-61.007079,18891,2022-07-02,Wetland
Already hold,-55.869956,-123.02858,25174,2025-02-03,Urban
Research story,-73.820859,-126.888608,86455,2021-10-31,Wetland
Upon them,-80.556997,-129.894726,8588,2026-03-06,Wetland
Everything activity,51.07684,5.586435,77962,2022-02-16,Grassland
Often few,-37.319063,102.497729,8942,2025-07-15,Marine
Wife resource,-3.330568,-98.344705,49113,2023-05-12,Grassland
Mind long,-46.945498,-58.080869,33620,2018-01-03,Freshwater
Stuff talk,87.107844,9.525228,16205,2019-09-22,Urban
Authority worker,30.423704,-132.543133,85522,2021-02-04,Grassland
Until like,-30.123497,119.366117,7809,2023-09-02,Freshwater
Including meeting,23.182643,85.374687,5241,2023-11-10,Forest
Still interest,42.012508,-131.219008,17510,2022-11-27,Tundra
Will final,-36.326981,-162.039909,69566,2020-02-24,Marine
Report during,45.028234,-6.476275,45418,2023-08-05,Desert
Clearly community,-43.79627,-112.303902,68850,2021-10-10,Freshwater
Manager over,-33.589432,156.941951,19621,2026-04-04,Forest
Tend page,-19.178693,-39.740511,27520,2019-01-23,Forest
Ground star,7.989184,21.090498,83350,2020-08-18,Marine
Himself important,-11.034105,11.558225,92869,2017-12-18,Grassland
Well say,-38.093812,130.485055,42493,2023-07-18,Grassland
Number manager,80.445452,113.448544,31990,2018-09-10,Marine
Determine yet,50.868295,-52.233762,3234,2020-11-14,Freshwater
Government open,-40.983537,105.228728,74270,2016-08-01,Forest
Health wear,-17.981627,20.916912,21892,2018-01-17,Tundra
Thus training,-3.388868,-91.250615,5356,2021-09-19,Urban
Use change,8.650093,-176.342799,39052,2017-01-22,Desert
Add floor,-30.263265,-134.46122,30987,2022-06-28,Tundra
Wish put,-55.983795,151.58519,37955,2025-12-10,Marine
Sort image,-21.867779,158.53255,14333,2022-07-08,Wetland
Ability house,-70.297291,-93.027815,4234,2025-05-22,Forest
Section week,9.878128,-129.801004,20614,2024-03-07,Grassland
President moment,21.300173,173.727019,96629,2024-08-01,Wetland
Lose physical,-68.080602,-152.545806,211,2018-11-30,Wetland
Card because,79.302597,7.131728,71989,2025-10-04,Marine
Address shoulder,13.376447,-40.898337,24128,2017-05-30,Freshwater
Quality owner,-10.577435,-27.42987,5719,2026-04-04,Freshwater
Card garden,62.402373,-83.049014,37163,2018-05-13,Desert
Line it,-11.688234,135.388023,99001,2020-03-28,Marine
National over,-57.816078,121.06349,91121,2018-01-05,Grassland
Best teacher,10.605851,-73.987853,32343,2024-01-25,Desert
You sign,23.273076,29.942734,29862,2021-05-17,Marine
Side ask,37.517744,-15.462083,68059,2025-05-11,Desert
Animal into,-75.050302,-87.709192,74977,2022-08-26,Forest
Quality final,44.703939,60.842543,5677,2019-10-05,Tundra
However unit,-87.642161,-21.280839,17123,2021-09-26,Marine
Suggest as,-49.349581,-106.683178,27435,2017-08-07,Tundra
Wall step,-20.648784,96.085609,49640,2022-01-01,Wetland
Much attorney,-71.668989,44.417911,2769,2025-07-16,Urban
Because blue,17.204191,173.122618,54934,2017-07-20,Urban
Quite part,-87.3508,-95.005891,32164,2021-11-05,Marine
Sometimes foreign,-82.753844,22.414796,49064,2018-02-24,Freshwater
Street involve,51.037269,-156.567263,32213,2025-12-29,Grassland
Bag lead,50.133145,149.840555,92257,2024-07-07,Desert
Radio upon,-9.44509,-18.178758,59898,2017-04-11,Wetland
Whole shoulder,-26.351378,-99.454008,55985,2022-04-25,Freshwater
Unit speech,-33.55153,55.772291,10475,2023-05-18,Urban
Happy Mr,22.408777,-80.056602,93662,2023-02-17,Freshwater
Perhaps story,17.087968,40.868899,79409,2022-08-14,Forest
Stock nearly,-12.290274,-128.626496,15265,2026-01-15,Tundra
Can floor,30.677227,-2.530647,25791,2019-06-06,Wetland
College money,9.81367,-145.515207,59305,2020-04-25,Urban
Discuss sea,28.48093,-2.969662,94138,2017-04-25,Freshwater
Talk later,50.114369,-39.305252,85047,2018-08-17,Urban
Sea much,-50.697934,-175.542072,18863,2020-05-09,Forest
Item weight,58.325103,106.389627,9400,2017-07-02,Forest
Employee network,24.941644,56.617938,57683,2024-10-08,Marine
Often account,-44.373362,132.341811,45472,2017-09-21,Desert
Specific teacher,71.729888,-156.022615,30479,2023-10-21,Marine
Wear law,-16.263863,35.674489,63848,2017-04-13,Grassland
Condition project,-18.121222,128.98672,81792,2024-01-01,Urban
Loss toward,60.20415,-169.713654,90897,2017-04-18,Grassland
Yes family,-84.212769,-19.587968,36018,2024-05-10,Urban
Certainly nation,-40.758004,-42.467399,32038,2025-03-31,Wetland
Inside scientist,64.458173,166.396447,7580,2022-12-13,Grassland
Strong especially,42.749262,68.15004,23489,2023-07-17,Grassland
Action behind,15.363736,-168.95779,42577,2021-12-13,Marine
Citizen project,22.879396,-173.655203,48231,2020-08-05,Freshwater
Material part,70.132449,-98.289731,63431,2023-03-08,Urban
Wear less,-79.825863,-34.67024,58804,2017-11-25,Urban
Final several,-34.067313,59.991402,65229,2025-06-02,Forest
Idea team,-22.999723,-158.635842,14449,2019-08-21,Freshwater
Strategy short,-16.724391,107.552165,25537,2026-01-26,Wetland
All generation,-29.677987,70.962521,70843,2024-02-28,Forest
Account might,-82.369118,-72.407109,55310,2021-11-28,Urban
Talk product,-62.825877,136.516031,76275,2017-03-09,Desert
Head treatment,-41.077253,151.349703,72388,2018-05-15,Urban
Sense believe,-68.633118,32.167951,95556,2024-12-07,Forest
Market cup,-36.956159,-149.945034,14922,2021-08-13,Forest
Room situation,-13.450315,-98.98187,91009,2019-02-16,Desert
Season clear,-8.068701,77.146483,12882,2017-02-03,Freshwater
Face public,-87.919212,115.131164,48566,2017-06-11,Freshwater
Walk between,19.787841,11.488449,65480,2017-05-30,Desert
Remain gun,75.476801,88.492975,92622,2023-09-20,Desert
Usually late,-87.314776,-23.108692,75652,2026-07-02,Grassland
Type make,-44.714565,160.98229,35688,2025-10-29,Tundra
Miss present,-5.199853,146.081457,94239,2019-12-30,Wetland
Song exist,25.675144,-177.961206,74998,2024-01-08,Marine
Throughout service,-14.787533,93.788257,28149,2017-03-25,Wetland
Provide resource,54.61199,51.902879,73266,2017-08-13,Freshwater
In those,52.526663,113.4038,42797,2020-09-15,Tundra
Official age,87.572604,-62.97729,34766,2023-02-23,Grassland
Poor news,-76.73919,-50.553216,74787,2022-03-17,Freshwater
Range their,50.083882,-67.079516,11678,2025-01-30,Grassland
Reduce describe,23.290841,-54.444331,104,2024-07-20,Freshwater
Meet attorney,-29.603518,-36.459161,45453,2025-10-14,Freshwater
Sound or,0.268347,-133.734943,35663,2018-10-08,Tundra
Road economy,68.256718,-47.787179,49737,2024-06-24,Grassland
Federal admit,-58.344487,17.304701,1713,2024-02-07,Wetland
Throw last,-13.210488,78.895315,51163,2019-03-05,Marine
Bed experience,-5.35837,-79.977542,41047,2019-01-29,Forest
Truth compare,-61.751154,-145.714733,27366,2025-03-10,Urban
Well kind,66.419205,66.462561,28805,2017-10-25,Tundra
Represent contain,80.423784,89.369324,56644,2019-08-07,Grassland
Movie water,-56.876609,74.833016,31716,2017-03-11,Forest
On almost,-14.823632,47.841767,26892,2026-03-25,Desert
Feel prevent,-57.97307,-52.053495,19749,2025-01-02,Grassland
Police field,-15.441004,23.891289,67559,2018-07-06,Forest
Big option,-45.834841,-174.510851,25012,2026-06-04,Tundra
In stage,-70.676574,93.289765,51322,2024-08-07,Forest
Husband article,-65.160001,22.720292,22721,2022-08-19,Wetland
Join free,76.513807,88.753605,34344,2023-09-19,Grassland
Similar within,-72.719066,-96.834828,10220,2026-07-04,Forest
Trade sign,0.233876,-32.616415,8221,2017-12-06,Desert
Represent grow,63.801657,170.691567,98279,2018-12-31,Freshwater
Walk certain,6.73392,141.264991,40089,2020-05-13,Tundra
Decade purpose,-68.661668,23.035095,41928,2019-05-31,Forest
May across,55.893178,-54.923762,34993,2020-08-17,Marine
Lawyer final,9.665749,-13.429576,44899,2023-02-15,Tundra
Short young,30.333637,-171.019963,35470,2022-09-02,Forest
Reduce no,27.887943,21.744536,60191,2019-04-19,Marine
Economic people,57.771048,34.758225,41754,2016-09-25,Tundra
Later skill,-34.366624,-147.34257,23012,2023-10-26,Marine
Past fund,38.93111,-156.751106,80092,2020-06-17,Urban
Instead too,39.122385,25.718257,6162,2026-05-05,Tundra
Yet maybe,-5.093659,152.068198,70981,2023-10-31,Marine
Surface too,52.086702,-135.894794,54228,2018-08-16,Urban
From former,-61.798767,-93.273528,70810,2021-03-14,Wetland
Better situation,81.264458,-103.625225,19136,2018-08-16,Marine
Bed tree,73.282598,-150.571168,87750,2021-08-19,Tundra
Paper can,11.37382,8.015234,75476,2020-03-17,Marine
Force teach,-66.019596,33.761112,42093,2021-04-18,Desert
Production vote,64.656473,67.804624,48088,2025-10-16,Grassland
Now size,-9.197805,34.928946,40196,2018-07-13,Tundra
Possible movement,52.077062,-47.134265,76063,2019-04-07,Grassland
Lead part,60.262955,86.720603,276,2021-11-23,Desert
Wife girl,15.879521,-124.915162,78336,2024-05-09,Grassland
Room poor,47.133063,154.776317,32221,2021-02-08,Marine
Within interview,84.509867,-13.766092,12762,2022-06-15,Desert
Finally fish,15.658687,116.664198,72658,2021-09-16,Tundra
Alone page,32.91896,-153.687603,42775,2017-12-28,Forest
Very account,71.441696,-47.727653,30789,2021-03-29,Forest
Green event,-33.401215,-171.791002,36888,2022-01-22,Wetland
Amount night,-23.32552,5.827944,75064,2021-05-16,Tundra
Collection four,27.377126,-141.19777,30115,2018-05-03,Wetland
Effort find,16.724126,-31.977937,93192,2022-04-23,Freshwater
Story consider,3.764965,175.183999,61837,2018-07-22,Marine
Win price,71.486627,95.007049,76314,2018-04-09,Freshwater
Mr training,-77.615025,-27.046731,56857,2023-08-14,Desert
Occur chance,-40.274367,-42.731034,71792,2020-12-26,Marine
Indicate staff,31.84151,35.29299,98862,2022-03-15,Desert
Expert attention,3.632185,136.187969,11414,2020-08-03,Desert
Personal have,-24.157422,154.837874,2481,2025-04-17,Freshwater
Weight matter,37.71291,-42.747815,46011,2025-05-25,Desert
Lead medical,45.839974,132.68384,22758,2023-06-09,Freshwater
Commercial score,-5.127193,-40.508929,54961,2016-08-19,Wetland
Much my,-82.357251,64.274577,24968,2020-07-01,Desert
News magazine,-89.054445,34.003257,92008,2018-08-05,Wetland
Help ago,-47.877436,87.573596,79181,2022-12-11,Grassland
Future cell,46.847643,-83.550279,95329,2026-02-26,Desert
Tell black,59.169561,-43.238064,28331,2022-11-22,Urban
Decision truth,10.021028,-123.102363,83631,2017-08-21,Urban
Might former,67.82325,-24.852746,32020,2018-04-03,Marine
Old poor,82.178367,110.432285,24258,2018-03-30,Forest
Spend product,52.100199,-81.000545,85881,2022-03-05,Urban
Capital recognize,-59.714829,173.116895,27617,2025-04-05,Urban
Admit role,-81.476888,-21.406942,69280,2019-11-03,Wetland
Fine pick,89.658783,116.454076,3909,2017-07-30,Grassland
Worry senior,-49.181233,110.145019,97483,2017-04-09,Urban
Against professional,-5.867486,150.594655,2312,2026-05-05,Tundra
Measure we,-66.80669,52.218555,45095,2018-06-22,Freshwater
Political word,63.334741,-45.088757,73072,2023-09-11,Desert
Natural particular,24.607094,99.480934,2692,2023-12-22,Urban
Direction clearly,-50.409978,-175.929414,38613,2024-03-06,Desert
In price,-0.159895,35.216443,23386,2019-10-24,Desert
Girl special,-49.65199,117.599318,303,2017-04-10,Marine
Mention follow,9.049895,-0.572321,4910,2022-05-22,Freshwater
Stage live,80.406552,-145.129151,80027,2020-01-16,Freshwater
Approach decide,-43.674394,-153.162034,25104,2021-01-15,Marine
Music scientist,-88.093255,86.05717,95749,2021-08-08,Marine
Least out,-3.019002,34.63105,81654,2017-12-06,Urban
Understand explain,-0.074947,102.287004,88638,2026-06-13,Forest
Candidate six,-48.182208,-150.181263,52355,2023-10-29,Urban
Bag growth,31.257923,121.714462,59891,2021-03-06,Forest
Art art,81.872408,141.526902,88451,2025-06-30,Desert
Floor source,58.21361,-96.41538,86156,2024-02-29,Grassland
Record financial,-22.62543,-142.96348,40635,2026-07-07,Wetland
Sing evidence,-67.017651,9.355269,53478,2019-12-21,Marine
Election growth,26.526735,-5.226951,71138,2023-04-17,Tundra
Ready little,50.181854,-82.712305,1070,2017-05-03,Forest
Nothing beat,-13.916789,-54.234072,55583,2021-12-07,Desert
Decide relationship,34.510266,142.966708,63539,2018-07-10,Forest
Child responsibility,-68.264536,-103.680484,4996,2024-09-05,Forest
First choice,39.950761,-163.902231,11862,2025-08-11,Forest
Your car,-50.257047,83.195907,62615,2016-11-21,Grassland
Person president,-77.416721,166.136899,55484,2017-01-13,Marine
Finish position,-86.225868,73.241608,190,2021-05-13,Wetland
Father note,73.413293,131.967319,31169,2021-06-02,Forest
Job guy,3.463144,-142.537994,99477,2024-05-16,Grassland
Season figure,7.058395,58.194427,72548,2025-12-19,Grassland
Enter some,-19.183763,-173.816432,92146,2021-09-11,Wetland
Medical be,68.123143,57.691731,32075,2022-12-21,Forest
Choose every,-6.673642,1.472941,88948,2026-01-27,Grassland
At try,-65.327488,-64.106415,51611,2022-01-27,Tundra
Sing scientist,27.96163,-112.023618,93079,2016-12-05,Marine
Region civil,41.483886,-163.570549,31393,2018-04-09,Tundra
Why off,21.679671,139.067311,70618,2023-08-27,Grassland
Civil authority,-77.645678,85.964843,71633,2024-01-01,Grassland
Either skin,-62.841189,-126.997406,58165,2022-11-26,Grassland
Trouble sign,-12.604847,-142.563728,20281,2022-08-07,Wetland
Grow similar,-19.675473,-106.652959,45581,2026-01-26,Grassland
Turn including,-39.083427,153.386974,51091,2024-01-25,Forest
Student course,-67.013746,28.480596,70609,2023-04-30,Urban
Hear pull,-14.29231,-122.894801,77697,2018-07-30,Freshwater
Next father,79.334273,25.309935,70982,2020-05-04,Desert
Director enter,-44.042216,-9.082311,10549,2026-04-14,Grassland
Name cold,29.976356,-33.17055,11597,2024-08-28,Wetland
Rest we,78.679113,46.461535,36602,2017-11-30,Forest
Computer on,-19.241026,157.369392,33941,2023-10-22,Tundra
Experience opportunity,53.010978,-123.772608,12242,2016-09-26,Wetland
Ok name,-77.358355,-36.330474,21786,2025-01-13,Forest
Result sign,57.567055,-179.032398,49315,2017-07-07,Urban
Nearly speech,-58.876842,41.921828,65393,2020-08-23,Grassland
Heart may,-5.801239,-65.730764,23514,2022-07-20,Grassland
Hair low,-63.592387,132.956481,59349,2023-01-29,Marine
Something drive,73.648243,-141.634207,9178,2023-12-08,Wetland
Growth chance,11.1389,6.047602,93074,2025-03-30,Wetland
Skin pretty,55.944137,165.599654,63082,2025-11-28,Tundra
Rise TV,-28.809571,159.194997,56962,2022-06-09,Grassland
Amount describe,30.600867,-100.056722,11817,2025-04-20,Desert
Everybody hotel,39.011435,145.450431,97293,2020-06-16,Tundra
Maintain western,33.085059,146.093019,63496,2019-05-07,Urban
Employee away,-88.951462,147.395001,77462,2025-09-24,Urban
Positive page,29.309859,12.87991,77640,2024-06-28,Forest
Upon organization,-3.035911,12.786142,54327,2023-09-23,Freshwater
Country commercial,57.184124,142.801806,2045,2024-08-24,Freshwater
Share else,-10.09136,-25.471121,18136,2016-10-16,Forest
Rule nation,81.122213,38.788635,22559,2017-10-04,Tundra
Hand share,-84.599044,-82.641946,8733,2020-08-22,Forest
Kitchen degree,28.418141,148.915399,43588,2020-05-02,Grassland
Else leave,-13.649434,38.046808,19893,2026-05-02,Wetland
Establish agree,-73.3157,-97.779304,9269,2022-08-29,Forest
According these,-66.946885,-166.980933,12170,2021-10-28,Desert
Within apply,-25.198954,66.11908,53410,2019-06-06,Desert
Role ever,81.61315,87.240369,50816,2020-09-22,Freshwater
Number perhaps,40.01351,104.125535,7747,2020-06-21,Urban
Everybody sit,67.56832,109.000189,84610,2024-08-27,Urban
Out get,15.617702,-143.250494,96494,2024-02-25,Desert
Range water,77.440909,-109.465363,24642,2017-07-23,Grassland
Blood weight,15.574555,-68.046573,77972,2022-08-02,Marine
She much,-15.700255,121.829505,26096,2017-07-27,Urban
Natural east,11.620797,115.32468,47557,2025-10-02,Marine
Establish along,-2.867348,175.975409,60883,2016-08-06,Desert
Glass price,-45.022264,-115.018842,88149,2020-04-11,Tundra
Anyone whether,-72.532066,148.521362,32862,2026-05-03,Marine
Green least,-31.41552,-89.773279,93827,2025-07-28,Forest
Large bit,-1.478605,-120.546802,73046,2018-12-16,Grassland
Purpose ability,13.818488,109.541035,93340,2016-09-24,Tundra
Seven project,-66.036971,31.843665,65047,2017-04-30,Wetland
Make baby,6.262587,-42.35398,319,2017-05-29,Desert
Ask bed,-17.978902,-147.041553,9346,2020-07-25,Grassland
Campaign including,30.333739,-19.078831,7573,2017-08-28,Desert
Individual just,12.898678,94.617701,80752,2016-11-28,Urban
Yet turn,-36.1467,25.842791,43837,2022-12-25,Marine
Interview think,-44.124422,-53.097971,58531,2021-04-03,Freshwater
Goal federal,-35.289962,-1.531746,55819,2021-08-28,Freshwater
Result eight,29.064624,41.785207,58563,2022-01-03,Urban
Rule visit,37.128619,140.684512,48283,2020-10-23,Tundra
Best source,-28.843971,132.341242,23083,2025-01-24,Urban
President financial,-59.872869,143.262382,77287,2022-07-18,Desert
See partner,-38.335335,14.889732,56870,2024-04-13,Tundra
Garden increase,-18.770564,2.068566,22637,2018-10-05,Wetland
Very term,-5.299231,-178.77677,38189,2016-07-31,Marine
Suggest record,-15.828278,-66.817152,49610,2022-04-09,Forest
Whatever see,-47.429974,138.370926,77734,2021-01-08,Desert
Defense office,-33.577191,133.006027,54480,2020-12-25,Forest
Dog finally,-88.762912,-154.09083,66322,2018-01-02,Forest
Though window,-38.370689,1.597924,8666,2018-10-29,Wetland
None value,-44.480724,115.878648,91718,2019-06-05,Forest
Morning yet,-24.656701,-35.058596,5679,2025-01-09,Marine
Forward drug,-75.772689,-29.320734,32293,2019-07-31,Grassland
Theory form,-12.239168,109.823958,13163,2024-11-23,Tundra
Also sell,11.000708,20.505028,2171,2022-06-09,Marine
Compare civil,15.47664,-92.906628,82780,2023-01-07,Forest
Thus fine,-75.139838,-169.492744,14426,2025-06-25,Freshwater
Long establish,-14.185219,59.605936,27057,2020-04-07,Urban
Hear against,52.753803,-81.69822,82111,2022-12-17,Grassland
Cut side,-50.593308,177.906914,88040,2020-07-22,Urban
Discuss we,-58.490896,-18.916922,49281,2019-06-15,Desert
Both enjoy,51.066707,-71.79612,58940,2016-12-02,Desert
Focus range,-76.549881,-80.489153,53242,2022-11-21,Grassland
People thought,-6.565202,124.699412,59284,2025-04-06,Freshwater
Main special,-39.048241,128.100963,17112,2024-01-19,Grassland
Establish national,37.49283,-172.699389,70959,2018-09-18,Forest
Pressure final,41.852943,162.912797,95575,2018-12-12,Tundra
Big vote,-2.626718,62.512163,30304,2017-03-17,Freshwater
Science true,-38.181949,116.452015,67972,2022-03-18,Grassland
Ready car,-28.158869,-76.382704,26743,2017-04-13,Wetland
Meet forget,0.68866,-146.671996,47634,2026-03-21,Wetland
Star door,22.974983,-178.961412,90398,2023-08-15,Wetland
Themselves however,11.310809,-20.683129,65881,2019-05-06,Grassland
Help serious,-57.054752,-43.06495,89730,2023-06-17,Forest
Environmental forget,73.29143,150.009317,20442,2021-11-23,Tundra
Civil treat,-39.40496,138.9516,23005,2020-01-30,Desert
Rise page,-1.317341,93.734727,3638,2024-09-10,Wetland
Long yeah,-11.24139,-155.057394,87399,2021-05-04,Wetland
Who ahead,-13.867211,136.382635,30045,2021-02-17,Marine
Set simply,-75.96524,65.381193,17680,2018-07-16,Freshwater
Course because,72.108677,76.880694,59419,2017-08-31,Grassland
Pattern decide,73.955506,70.533181,75768,2023-12-14,Marine
Condition memory,-31.634733,-20.394376,16496,2021-10-23,Grassland
Nothing old,58.193952,74.536524,72941,2018-06-04,Tundra
Hard night,-34.96978,18.233943,15999,2021-11-10,Marine
Total color,-89.990552,-20.807729,77645,2018-06-13,Tundra
Politics image,10.454461,-61.364538,36734,2016-09-28,Desert
Picture talk,-74.435236,163.72353,71766,2018-06-11,Wetland
Day speech,-76.280302,-61.645266,38427,2018-05-10,Desert
Behavior what,-13.507682,-14.773142,35409,2025-05-23,Marine
Notice type,-9.89211,79.168554,38495,2019-08-17,Tundra
Bill determine,-16.150511,142.164809,98199,2025-10-31,Freshwater
Term energy,-38.818029,-10.664128,6479,2019-01-04,Freshwater
Major market,-4.939336,133.628391,33886,2023-05-31,Urban
Play seven,-0.167466,4.301079,75152,2020-08-30,Forest
Which trade,-16.172668,-88.097734,56827,2025-03-12,Freshwater
Threat happy,-16.693277,168.128678,88367,2019-11-14,Forest
Toward prove,9.530468,176.98859,46308,2017-05-18,Tundra
Must item,-60.514513,166.237421,39802,2019-11-17,Wetland
Analysis own,-40.288406,122.617081,91385,2016-10-19,Freshwater
Center theory,-82.0237,173.380207,50171,2026-02-10,Forest
Ball forget,-80.544127,-22.925016,17214,2019-02-25,Marine
Executive process,-24.250117,7.396362,81586,2017-03-23,Marine
All memory,35.237458,114.918262,19411,2017-08-11,Urban
With box,27.685404,-105.61324,10289,2022-02-17,Wetland
Next consider,27.84194,125.509187,20811,2020-05-22,Tundra
Operation allow,-13.921793,61.420301,1716,2026-02-24,Grassland
Learn source,-12.657653,157.279297,71201,2018-08-30,Desert
Box instead,4.821233,-54.504388,11783,2026-05-27,Urban
Small well,-14.887187,-165.252846,15818,2018-07-17,Marine
Sound culture,63.611523,122.955336,58576,2022-08-05,Forest
Be even,19.501607,33.682282,2575,2018-12-28,Tundra
Ago interesting,16.503234,-164.757892,47044,2017-12-01,Tundra
Much you,-33.895567,-76.039648,79287,2019-11-22,Forest
Lay meeting,-16.134119,-11.728424,41410,2022-07-29,Freshwater
Nature take,-77.469062,-175.19051,78521,2024-11-30,Freshwater
Easy sort,-45.478457,155.432016,24931,2022-06-13,Marine
Carry offer,55.255427,-150.72519,95402,2022-10-20,Marine
East understand,-38.82739,123.153826,8485,2022-10-15,Grassland
Garden manage,48.286495,1.057594,61043,2019-04-22,Freshwater
Laugh relate,-84.446185,118.51203,96918,2026-01-31,Wetland
Beautiful support,0.393594,25.270754,10422,2017-09-10,Forest
Worker go,73.10746,133.181937,85468,2024-09-09,Grassland
Top kitchen,-57.68188,-36.181106,3087,2026-02-20,Forest
Entire mention,59.545541,-58.803883,82399,2018-03-08,Forest
Science finally,50.670902,-93.297186,2401,2019-07-11,Marine
Authority assume,22.190968,90.810745,89192,2020-01-30,Wetland
Health sea,-45.4818,-11.964667,55899,2021-03-13,Grassland
Property need,79.810136,96.220702,20186,2017-12-04,Grassland
Culture east,57.601109,119.668792,36186,2022-06-07,Urban
Turn happy,1.603706,-60.397548,21042,2023-12-12,Marine
Quite industry,42.749219,119.523734,97445,2022-12-08,Wetland
He do,18.032032,-144.441167,53406,2019-09-12,Tundra
Establish generation,4.289851,52.00349,42740,2016-11-29,Desert
Involve scientist,-21.353059,-37.837801,5302,2024-12-19,Urban
Improve stop,-16.332237,-94.635191,18982,2020-12-18,Forest
State artist,-50.185359,87.708379,41692,2026-03-07,Grassland
Town trade,-89.033484,-169.287499,60204,2025-05-17,Marine
Loss heavy,-85.195228,-155.913447,24050,2025-08-15,Marine
Culture take,62.861085,6.157652,42051,2022-02-07,Forest
Find need,-32.744994,-48.929336,60856,2019-11-10,Marine
Leg career,-36.885173,-54.792817,92917,2017-09-09,Wetland
Executive sort,-60.355955,108.13167,41133,2025-04-13,Urban
Machine hair,-35.705554,-7.819294,54693,2023-05-28,Freshwater
Back learn,50.373691,-26.547186,79293,2019-08-07,Desert
Democrat social,-66.569873,-127.673505,87690,2020-06-08,Forest
Have general,-36.386477,-170.919868,80756,2019-02-06,Grassland
Director growth,6.750051,148.767666,33805,2017-10-07,Urban
Here may,-11.434861,-106.373176,48635,2022-11-05,Tundra
Moment ball,51.819798,60.638432,63909,2021-02-28,Freshwater
Address indeed,-81.096288,54.975351,14790,2020-08-18,Forest
Discuss cut,6.121844,-78.910104,2379,2017-09-09,Forest
Very establish,51.224045,66.356294,15875,2025-03-27,Grassland
Check crime,58.723743,-136.991501,84247,2025-08-08,Grassland
Kind speech,-18.713873,66.513588,11069,2022-02-08,Marine
After head,73.278432,49.302595,37372,2017-09-06,Wetland
Institution high,14.516437,-83.261342,44719,2019-10-30,Forest
Recent serious,18.127631,-73.654397,26848,2026-05-16,Freshwater
Provide feeling,20.026423,-64.794124,90663,2025-12-25,Tundra
After something,72.756239,50.217558,75847,2017-05-15,Urban
Write accept,-46.20131,29.01013,49192,2017-11-24,Freshwater
Own paper,65.214169,146.681034,92218,2019-08-20,Tundra
Prepare first,19.91604,-3.91344,61760,2018-11-28,Desert
World figure,-26.32374,136.582226,73134,2020-11-29,Freshwater
Rich lose,29.912196,-143.388522,24061,2019-02-24,Marine
Ready safe,65.831791,-40.511861,4440,2025-08-01,Grassland
Up focus,-39.513344,-112.650627,75258,2016-10-10,Urban
Rule ask,-59.592562,-151.072858,49129,2024-03-27,Tundra
Administration marriage,69.296877,90.099404,8011,2026-02-27,Forest
Cell well,-4.395415,-11.414042,77477,2016-10-26,Tundra
Win message,84.241593,-73.201737,20572,2018-01-07,Tundra
Feeling country,-42.674429,147.333945,53139,2024-08-11,Marine
Between anyone,-57.567223,62.374163,46843,2021-10-15,Freshwater
Food senior,-70.162741,-35.432274,1748,2017-08-26,Freshwater
Staff discuss,60.190439,169.491548,6328,2019-06-01,Urban
Rule one,-46.775257,94.170159,83120,2022-03-19,Desert
Toward scene,25.588674,20.245425,11798,2022-04-04,Forest
Seem they,-41.417032,112.651987,99461,2018-02-18,Grassland
Into relationship,25.747074,11.741605,68196,2021-04-16,Forest
Early north,-61.925131,-80.412711,77353,2016-08-30,Tundra
Pick authority,-86.025866,69.924497,59168,2023-03-19,Freshwater
Race TV,-3.57711,-110.574404,30008,2020-05-26,Grassland
Federal smile,87.122484,-58.035641,25973,2024-01-08,Tundra
Television chance,83.032882,-150.944618,16304,2019-01-10,Wetland
This myself,57.274826,-55.631185,789,2021-11-14,Freshwater
Institution with,56.011073,27.629137,63796,2024-07-13,Urban
Ok site,-87.552064,15.196589,99630,2020-01-30,Tundra
Bar evening,31.113948,-68.037611,60206,2017-04-06,Marine
Cup spring,-60.405786,142.288368,3337,2021-10-16,Grassland
Truth early,-64.876655,101.067042,38981,2026-05-16,Freshwater
Back generation,45.293207,164.224009,41011,2018-02-01,Freshwater
Laugh probably,-66.559588,126.059485,13035,2026-05-22,Grassland
Our happen,11.921468,-54.862053,80369,2023-11-21,Desert
Member science,-1.081161,-85.008781,28290,2020-07-02,Tundra
Choose growth,67.814258,83.502801,21025,2019-01-21,Grassland
Notice skill,30.438457,166.359731,3074,2018-11-24,Urban
Part ok,79.229708,157.404547,10226,2021-04-30,Grassland
Offer particularly,-27.380555,-70.53609,50321,2018-04-05,Tundra
Course page,-88.242123,60.073932,10185,2025-08-29,Forest
Particular more,0.564048,-101.267805,27773,2017-11-09,Desert
Try write,-61.760693,-154.62396,25003,2018-03-18,Wetland
Wife interesting,-27.831996,49.316612,67673,2021-09-27,Forest
Range involve,18.316236,96.991969,27615,2022-03-05,Marine
Talk better,-20.376833,-160.414048,60113,2019-05-24,Grassland
Result sort,-36.270752,-50.689047,20691,2017-08-27,Grassland
Language nation,4.834111,-14.964639,41181,2019-06-12,Tundra
Receive direction,-69.324615,-160.043968,91408,2021-08-28,Tundra
Who difference,12.121703,98.218294,70763,2026-06-25,Tundra
Free between,-1.513656,-78.537444,44504,2018-04-01,Grassland
Night friend,-61.853456,-173.899468,98444,2017-06-24,Tundra
Play future,25.662399,38.933678,73679,2019-09-12,Tundra
Give policy,-25.415748,131.428303,90825,2019-01-04,Grassland
Though data,87.601868,-158.793657,35882,2017-07-25,Forest
Between race,-89.539316,147.535033,75768,2016-10-07,Marine
Wind sense,9.217469,126.148809,22720,2020-05-09,Grassland
Table head,-18.453089,-131.122075,91476,2018-02-03,Tundra
Material what,30.812029,84.095335,90846,2021-10-27,Grassland
Style many,-37.308861,-88.163585,20749,2021-09-20,Grassland
Manager trial,75.310802,26.063233,18851,2024-10-10,Forest
Final body,86.15994,-88.229449,90624,2021-07-04,Desert
Federal spring,-7.767549,22.22875,13242,2025-09-06,Freshwater
Keep phone,-63.619456,48.114219,360,2021-07-05,Desert
Actually data,16.17181,-126.878309,99538,2016-09-03,Wetland
Industry whole,35.047437,-178.657374,24984,2019-02-06,Desert
Threat local,-84.244826,-133.785397,76868,2017-04-01,Desert
View sound,75.29987,104.675198,30605,2018-05-30,Freshwater
Two face,73.330346,-161.740507,63373,2019-05-22,Marine
Contain call,-34.313503,10.960066,22147,2018-04-06,Forest
When authority,-2.807742,135.358242,1108,2021-10-08,Wetland
Give themselves,11.338207,-10.44943,37511,2022-09-02,Urban
Same kid,-40.066676,137.378589,99828,2018-01-10,Tundra
Pattern experience,-5.470561,-150.313777,98291,2025-12-05,Grassland
Understand action,23.936326,-49.182116,81913,2022-12-13,Tundra
Away small,43.133243,130.869227,94818,2020-07-11,Tundra
Go for,-43.319307,-49.747363,34324,2023-01-25,Wetland
Difference direction,61.354836,126.570336,45220,2020-08-20,Marine
However address,8.214798,-111.422695,58401,2019-04-30,Desert
Especially environment,-43.375855,94.025972,10906,2023-05-17,Freshwater
Agree modern,-23.251982,-63.342258,77075,2018-08-11,Tundra
Anyone news,-32.000974,151.124762,77267,2024-12-29,Forest
Would night,-67.647292,-113.877853,41066,2026-04-30,Desert
Mrs check,26.078735,-100.581683,72743,2019-01-04,Forest
Their my,-21.395546,-168.811048,16810,2022-12-09,Wetland
Break want,-33.336767,-98.456328,54882,2016-11-13,Urban
Through treatment,-89.361136,10.123877,58551,2021-06-24,Wetland
Attention really,9.789812,-156.800549,72211,2022-04-19,Marine
Receive drive,74.038885,138.440578,88622,2024-08-02,Urban
Someone everything,-72.133139,166.017278,90353,2020-07-19,Forest
Oil true,32.718292,-21.503475,93049,2025-04-30,Tundra
Or chance,-12.890479,-20.757501,70321,2022-08-18,Wetland
Cut charge,-31.017223,-47.37821,64281,2018-11-30,Marine
Rather our,60.540136,-141.722195,74535,2024-04-04,Tundra
Draw theory,69.183643,-175.618256,71880,2023-02-09,Forest
Not quality,-87.095908,-150.261393,31542,2025-04-30,Tundra
Chance data,51.86172,-168.192394,65967,2016-07-18,Desert
Name white,-53.934975,-57.995056,32139,2024-01-06,Marine
Fast question,-19.28159,99.407145,55703,2019-10-23,Freshwater
Sit study,-39.338254,169.216588,32541,2018-02-02,Forest
A amount,-84.252384,-99.947277,21676,2024-10-28,Tundra
Fund throughout,60.268864,-93.524225,82751,2022-07-19,Forest
Senior national,19.018332,-88.919907,32193,2021-09-20,Wetland
Chair parent,23.989045,170.082712,96221,2023-11-04,Urban
Interesting if,87.326666,9.890543,53303,2021-02-26,Marine
Green trial,-16.932577,52.950774,39244,2025-02-21,Marine
Eye man,1.018221,29.379235,45706,2019-07-14,Wetland
Eight perhaps,-68.925427,-132.508691,44625,2024-02-26,Freshwater
Instead film,69.494002,-105.91806,74612,2021-06-26,Forest
Show it,11.730844,48.781314,77120,2020-10-03,Desert
Statement establish,-52.776454,-140.338174,17849,2018-06-07,Tundra
His material,59.581172,95.134827,63254,2025-07-25,Wetland
Strategy involve,-51.66995,-89.980915,60502,2024-03-03,Marine
Listen look,42.20017,144.795248,66566,2017-10-22,Wetland
Catch decision,51.092253,101.29522,57617,2022-08-07,Forest
Share per,-73.914151,101.829546,86195,2016-12-09,Wetland
Firm school,21.904244,-50.518538,33921,2025-02-26,Marine
Whatever behavior,-59.469173,-18.817373,92600,2025-06-19,Desert
If source,74.121505,156.923545,36845,2017-09-29,Grassland
Live conference,65.043124,98.517445,97761,2026-05-07,Tundra
Talk now,17.668431,-135.685178,59466,2019-03-19,Marine
East course,-83.750024,116.2963,29719,2018-06-06,Desert
Maybe oil,54.656356,5.544143,31063,2023-09-21,Freshwater
Financial ago,-70.22075,-124.323639,71852,2016-12-08,Freshwater
Scientist green,-68.611866,-168.651567,31641,2019-11-15,Freshwater
Recognize identify,-67.598972,101.858478,1141,2019-10-04,Marine
School senior,-28.881373,4.187441,13841,2024-03-08,Desert
Although hotel,-20.661039,-70.665242,155,2022-10-10,Freshwater
Future religious,87.811031,-26.535241,60531,2020-04-11,Freshwater
Daughter until,50.790907,-108.708476,18254,2020-04-14,Marine
Table pattern,-49.298298,62.133087,45874,2024-12-24,Freshwater
Evidence stock,67.515335,59.935551,62005,2021-02-23,Wetland
Sing check,21.43328,100.065336,68980,2023-07-17,Grassland
Room remember,81.398981,64.430487,15991,2023-01-15,Freshwater
Scene expert,-37.988477,-9.718913,97751,2017-04-05,Marine
Local term,75.809773,121.91013,50673,2025-08-08,Wetland
Beat positive,-58.677099,-49.588171,40369,2024-07-31,Grassland
Hand both,82.204184,114.038385,13718,2021-02-04,Urban
Person can,17.021518,-163.872451,12086,2023-08-31,Urban
Appear sort,84.240249,-29.985162,66288,2021-04-17,Freshwater
Thousand town,-9.82791,-117.113183,18226,2019-09-08,Freshwater
Write somebody,-8.844445,97.76549,18375,2024-07-26,Marine
Truth hand,-24.230959,-15.933902,17935,2018-12-04,Marine
Crime response,-48.482222,-100.772942,94689,2023-12-01,Desert
Need politics,-13.908305,26.066549,47799,2017-02-07,Urban
Create various,13.306363,19.282071,2251,2025-02-26,Tundra
Tree different,-68.944855,139.674388,45901,2020-10-23,Wetland
Suddenly especially,-18.353599,-72.540569,1741,2020-12-23,Forest
Team worry,21.812298,18.438567,64981,2021-07-18,Forest
Player light,2.088086,90.295804,30566,2017-01-27,Wetland
Heart event,30.251029,-48.772558,36687,2019-02-10,Grassland
Describe record,30.33931,71.83726,26551,2024-09-10,Wetland
Brother dinner,-2.620818,-2.556386,89367,2017-10-10,Urban
Need both,-4.649746,-67.782836,47627,2025-02-12,Grassland
Owner have,-77.57796,74.915322,12655,2017-02-19,Urban
Start president,-26.295909,59.060477,27947,2024-04-07,Grassland
Music voice,-54.043741,-128.769416,96872,2022-11-09,Wetland
Rate town,67.19627,146.277584,63021,2024-09-10,Marine
Both professional,77.678812,-73.320478,82987,2026-05-12,Grassland
Program them,66.314835,20.851055,53990,2019-08-06,Tundra
Treatment understand,81.895162,3.33406,72147,2023-07-31,Marine
Report bad,-43.810344,111.9264,10097,2018-07-08,Desert
Should never,45.676712,3.609896,18024,2017-08-07,Marine
Husband sense,7.814382,-168.644976,27211,2023-07-17,Forest
Evidence possible,-25.462841,160.631586,46774,2024-09-18,Wetland
Member first,49.594673,-96.814081,30015,2018-10-05,Marine
Now only,-28.972088,-9.157264,48616,2019-01-11,Wetland
Its can,37.619346,-172.998197,3270,2020-07-01,Wetland
Voice theory,4.481394,161.680829,86962,2017-05-23,Freshwater
Anything should,-48.857111,136.562232,45246,2023-03-01,Desert
Executive series,73.942794,101.715223,44079,2024-11-26,Urban
That score,4.60825,-137.276026,48838,2021-08-30,Forest
Least cultural,40.792245,-83.36076,57483,2022-04-25,Desert
Sign mention,-48.043814,101.263841,61358,2025-04-24,Wetland
Growth forget,-32.704786,-123.717783,25262,2020-11-25,Wetland
Sit hundred,-63.706005,-135.793963,96842,2022-05-20,Wetland
Budget woman,-75.186771,172.568508,71081,2019-04-29,Desert
Compare past,-37.45251,-61.926984,60970,2024-01-02,Forest
Base plan,-11.040006,-51.627588,82737,2023-05-26,Grassland
Trip worker,-85.485142,85.015103,43745,2025-10-31,Wetland
Almost what,-34.742912,-116.340068,19411,2025-01-14,Desert
Star current,-65.032866,5.882576,59373,2024-03-01,Wetland
Action offer,-28.732162,17.5698,48317,2018-09-27,Desert
Fund artist,-72.480271,165.29586,6670,2026-04-02,Grassland
Trial garden,-13.474512,99.243611,33203,2025-11-02,Tundra
Even guy,72.169349,-51.607002,24821,2022-05-16,Freshwater
Pressure physical,-0.105631,-105.529409,77359,2018-06-18,Desert
Store tough,81.237331,-55.778295,33630,2018-08-29,Wetland
Cut production,-23.808418,104.397134,42838,2022-09-27,Grassland
Ahead carry,18.968632,-169.973457,1720,2025-10-29,Marine
Tough matter,-52.123183,-92.718918,69518,2019-07-01,Desert
Pattern view,14.189095,106.860742,15193,2023-02-12,Tundra
Study beat,5.174644,-165.376268,46645,2024-12-06,Grassland
Development bring,-19.563628,-129.82844,19199,2022-04-04,Freshwater
Instead despite,-68.407233,-112.764593,2968,2025-01-21,Tundra
Point six,-46.723121,45.907094,30763,2022-08-07,Forest
Prove himself,17.882327,63.673271,93142,2021-07-23,Forest
Identify citizen,30.716766,119.004005,63672,2018-02-20,Tundra
Price certain,22.145688,-69.934522,60225,2020-06-21,Forest
Allow question,88.72614,119.0001,79750,2026-02-14,Freshwater
Whether mean,-40.634486,170.437783,12764,2017-05-25,Desert
President month,-83.85638,169.991141,39337,2026-04-09,Desert
Attention have,-31.275273,-55.477921,14289,2025-04-12,Wetland
Apply mean,-4.078372,-32.681273,95903,2017-10-06,Marine
Method next,58.896822,74.0448,68175,2024-10-03,Tundra
Hold road,37.269365,-70.49751,8359,2021-12-30,Urban
Blue fly,17.063595,-117.270517,61547,2025-05-11,Wetland
Very drive,23.943917,-101.293435,14774,2024-04-11,Tundra
Hundred there,-81.478471,113.646506,63816,2017-08-23,Marine
Yet top,25.011641,105.085699,81349,2024-05-09,Wetland
Congress serve,58.216741,64.770635,45444,2022-07-31,Desert
Computer reality,78.322528,-109.890123,4859,2019-03-10,Tundra
Activity crime,9.336065,-96.029925,89410,2021-05-15,Urban
Condition treatment,-21.399528,-54.811321,15578,2017-12-04,Freshwater
Lose decade,5.371624,-59.559594,8115,2020-12-25,Wetland
Reveal job,-27.167941,-59.361363,29193,2021-05-08,Grassland
Institution huge,89.194816,-77.60316,74563,2020-07-03,Tundra
Close that,-69.542143,71.651023,56527,2018-03-12,Freshwater
Unit store,-5.345085,-146.051272,15319,2026-04-15,Desert
Board through,3.046669,-28.425958,81252,2019-12-09,Forest
Energy performance,20.041836,6.896389,11757,2025-02-21,Desert
Statement performance,14.780814,-28.47325,21951,2019-04-11,Tundra
Technology simply,-47.85246,127.479699,89830,2020-05-29,Desert
Treat surface,-73.855733,152.811241,24620,2017-04-24,Wetland
Six again,-65.304156,111.828023,26465,2024-11-01,Freshwater
Concern center,-85.412711,135.271657,90249,2018-04-27,Tundra
Very throughout,-76.930976,-152.274783,57169,2025-05-31,Desert
Strategy above,20.910023,-149.659549,777,2017-02-23,Wetland
System late,-21.8722,75.667927,92373,2018-01-27,Wetland
Win land,-24.447091,-50.734579,40527,2016-12-08,Freshwater
Pretty professor,53.722626,-40.097662,59196,2021-05-11,Tundra
Cover air,40.98967,108.690013,79284,2019-03-10,Freshwater
Should well,-82.674546,79.859229,91627,2019-05-21,Urban
Worker too,-9.657691,-81.730484,10767,2025-08-31,Marine
Drop everyone,37.92614,106.828821,30471,2018-03-06,Urban
Maintain around,26.853047,-55.519589,10120,2019-07-03,Marine
Party eye,-79.04685,113.108578,25345,2021-10-23,Forest
Machine ability,-4.574898,54.921789,17523,2018-02-12,Forest
Also according,-52.775357,-18.191807,92134,2025-05-17,Tundra
Reality offer,52.460604,-164.170173,57964,2025-10-12,Tundra
Amount staff,80.259077,103.96244,50484,2019-03-24,Wetland
Government official,-30.88261,65.267743,89052,2019-04-10,Desert
Store growth,-86.377074,-153.789051,50393,2019-10-12,Urban
May room,-10.152533,153.824022,70171,2024-11-19,Marine
Continue hold,-55.337949,99.225055,20853,2025-05-15,Wetland
Significant rock,82.21087,35.112014,25680,2020-05-28,Urban
Fear collection,-13.608992,-123.515072,22425,2020-01-21,Grassland
Politics again,-44.270215,133.673151,86206,2018-01-06,Wetland
Visit full,54.658867,-80.999183,20437,2025-08-27,Marine
Big hour,-27.607063,-86.193053,780,2023-03-27,Freshwater
Process focus,57.914364,74.982877,54363,2023-02-01,Marine
Oil travel,-14.460617,96.256158,37980,2026-06-26,Grassland
Body than,-51.788881,119.543676,36606,2023-11-29,Grassland
Father image,34.192583,114.290764,78489,2021-02-22,Wetland
Participant show,52.905489,46.440721,91503,2017-03-02,Marine
Early system,73.594011,-81.645635,46598,2025-01-04,Wetland
Perhaps fill,25.713275,109.266561,64715,2021-03-07,Tundra
Event picture,67.890165,121.817728,75541,2021-12-23,Forest
Individual deep,-60.363295,115.585197,47575,2021-05-18,Freshwater
Clear sell,71.054804,156.527704,66248,2024-03-14,Freshwater
According drive,-11.562594,165.05284,35495,2026-03-22,Marine
Maybe vote,-35.962286,-75.682824,87958,2024-01-03,Urban
Next contain,10.387925,-69.304587,10114,2017-09-23,Wetland
Everyone computer,75.289957,50.586242,14294,2018-06-23,Desert
Ten skin,0.755471,-50.146821,38002,2026-02-16,Grassland
Water discover,-81.673428,1.587646,66840,2025-11-27,Forest
Build ever,15.030693,-91.43886,96254,2021-10-07,Desert
Decade specific,-79.968148,8.702749,52049,2023-10-17,Grassland
Quite sister,-37.290371,-141.41976,82351,2021-06-29,Tundra
Often area,65.843472,165.441299,49129,2023-03-24,Tundra
Health consumer,73.962735,53.386745,83286,2016-07-19,Freshwater
They reason,49.018071,-162.657588,46947,2023-10-26,Tundra
Around director,-47.028247,68.105701,91569,2019-05-31,Forest
Bed buy,-26.520523,-13.446229,94094,2023-02-04,Urban
Have must,-7.644854,158.755005,18450,2021-03-01,Urban
Commercial according,-43.429889,-106.495273,9987,2023-10-25,Freshwater
Save natural,20.352481,139.549239,16624,2024-02-24,Forest
Management store,53.559096,29.333657,24845,2024-09-05,Tundra
Realize weight,77.047632,-136.490715,23782,2024-10-19,Wetland
Per its,-31.95186,25.046537,40965,2024-07-07,Marine
Hundred charge,57.711427,-10.270773,40610,2021-12-01,Grassland
Theory line,36.360417,138.053254,50559,2026-03-22,Grassland
Discuss man,-72.77024,18.509142,21755,2023-07-01,Grassland
Expert radio,1.034818,-153.740931,8494,2019-06-14,Desert
Authority director,8.973132,11.032205,96520,2016-10-23,Grassland
Back bill,-12.554756,-145.681161,42233,2024-07-29,Tundra
Lead quite,74.563286,-46.199925,24393,2023-03-11,Freshwater
Determine maintain,12.310965,-84.056865,95005,2018-05-21,Desert
Cut board,-74.437704,-56.361474,35168,2017-04-19,Grassland
Let state,67.394782,-63.044787,50414,2017-01-15,Forest
Once rule,12.452274,159.782173,68938,2022-10-16,Tundra
Street indeed,84.416468,-176.16869,10098,2018-05-11,Tundra
Message agreement,39.989715,-17.610845,23619,2018-06-01,Desert
Or ask,86.726738,-143.177249,14868,2025-07-12,Freshwater
Decide too,12.978765,9.0048,59017,2023-02-27,Freshwater
Short ability,55.482058,1.042741,98788,2024-05-14,Marine
Soldier position,35.280457,-89.044287,46967,2016-10-23,Forest
Country or,-11.054056,-118.077343,89323,2022-06-19,Desert
Letter by,-47.877175,162.661165,87882,2019-07-07,Tundra
Window officer,38.371406,178.761071,95157,2025-01-26,Grassland
Baby night,32.665656,-72.734458,55523,2016-08-12,Marine
Relate be,29.358766,-63.682019,62006,2016-12-06,Forest
Anyone different,33.040391,9.773089,37478,2024-01-27,Wetland
Fly radio,5.231935,165.500081,61376,2019-03-23,Tundra
Stay eight,-48.70717,34.869481,65656,2023-05-24,Tundra
Clear develop,-42.285818,100.851949,87347,2021-10-13,Desert
Natural television,24.853102,-131.058315,43362,2018-03-07,Marine
Hard build,-22.79415,-26.077646,24974,2021-03-20,Urban
Between when,-52.04165,155.433529,32561,2020-01-26,Grassland
Way pass,34.569778,-55.084473,63902,2022-01-12,Tundra
Free occur,3.730934,-110.315599,29975,2024-04-08,Tundra
Federal person,-34.026728,-45.015961,61542,2024-02-19,Desert
Hundred local,-68.704184,-126.928371,38694,2022-11-07,Wetland
Kind character,69.61123,145.391905,19909,2017-03-10,Grassland
Explain since,-22.247756,-85.578423,10685,2016-11-11,Freshwater
Save military,32.007901,31.00175,36423,2022-12-12,Wetland
Movie way,15.404691,-157.838416,5312,2017-08-11,Freshwater
Class long,10.418571,12.3666,50539,2020-07-20,Desert
Serve him,66.298832,0.804036,23995,2020-06-17,Tundra
Candidate store,-81.69134,-173.489699,56056,2023-04-02,Wetland
Purpose finish,-43.648509,124.930771,85944,2025-09-24,Desert
Remain after,-68.025016,95.150154,35609,2024-04-02,Urban
Him prove,37.663536,-77.749914,6722,2024-03-01,Marine
Actually community,77.127729,108.235657,41809,2020-04-14,Wetland
Mention talk,3.596891,85.892687,69521,2016-10-18,Tundra
Hard ten,-36.896263,95.50823,51300,2024-03-02,Freshwater
Step idea,57.196945,156.425871,83517,2022-04-04,Wetland
Present paper,-13.794195,-86.422556,90341,2021-06-19,Desert
Wear with,79.708092,114.216482,7857,2022-08-12,Urban
Stand another,3.69923,-23.467584,22690,2025-12-25,Desert
Trouble throughout,72.150649,-105.30862,23128,2022-09-08,Urban
Leave determine,55.04629,50.864227,76841,2024-05-26,Wetland
Daughter heart,-9.775841,-152.050282,24534,2025-05-24,Desert
Whole sing,30.912321,-162.041656,11457,2023-11-24,Forest
Subject specific,-76.353887,64.603145,78145,2017-02-25,Grassland
Itself main,-7.565054,-75.079404,44154,2025-03-03,Desert
Control different,88.539307,142.341609,27686,2022-06-05,Freshwater
Simply while,-13.660242,0.7718,31529,2023-02-17,Forest
Deep nor,52.82633,-67.719012,44423,2021-12-30,Forest
Talk field,-22.464857,-90.72069,80395,2019-02-20,Desert
Herself difference,-11.739391,82.513093,53860,2021-04-10,Tundra
Thousand keep,51.339791,71.600239,82959,2017-07-31,Wetland
Today well,-37.934772,155.570116,94002,2025-12-12,Wetland
Strategy support,13.982229,-164.018348,65847,2017-06-18,Desert
Region take,-81.578188,167.006251,39939,2024-04-25,Desert
Relationship travel,58.528851,-31.192317,77734,2022-01-03,Wetland
About expect,61.012508,148.69753,43583,2021-05-02,Marine
Company say,-70.372208,124.646165,29440,2020-06-26,Marine
Design main,4.815215,-25.1855,76513,2025-06-29,Freshwater
Seat part,72.536764,-105.697007,30155,2022-11-02,Marine
Director tend,-9.8933,-124.313179,85839,2024-10-14,Urban
Fast finish,20.066843,145.494958,9784,2022-10-23,Freshwater
Education worry,47.034941,135.073494,84216,2025-02-03,Wetland
Reduce dream,59.192287,-80.826176,74275,2020-03-09,Urban
Once forward,7.635231,-112.031453,87614,2018-07-03,Marine
Join whether,82.199411,-28.710349,96410,2025-08-30,Marine
Response save,66.700206,-128.231381,74718,2024-03-04,Urban
President better,73.880164,109.934447,66313,2018-07-31,Tundra
Important reality,73.84702,85.957188,41960,2019-03-08,Wetland
Better yet,-32.295954,-159.849103,29750,2019-12-16,Grassland
Serve former,62.585941,121.3357,98133,2023-09-24,Marine
Will reveal,-89.506784,11.175582,99850,2023-12-31,Marine
Lay upon,-1.199481,21.603978,15076,2025-07-16,Desert
Dream success,45.61171,121.957456,18423,2025-09-20,Wetland
Some loss,81.713688,46.603582,24432,2026-06-17,Grassland
Best international,62.423411,-117.849262,22224,2023-01-16,Tundra
Full parent,-89.138892,118.736417,25912,2024-01-26,Tundra
Rise western,-54.302176,-122.546887,44483,2020-06-09,Freshwater
Fall tend,86.212675,2.01535,97370,2020-10-07,Urban
Able place,-39.418469,55.218621,9319,2018-04-21,Forest
Short couple,-17.095526,-148.495802,43636,2017-02-08,Wetland
Age west,-78.967213,157.527237,76932,2021-09-25,Grassland
Long look,-1.003955,-165.857279,17620,2023-12-22,Freshwater
Feeling law,83.073552,58.411204,57653,2018-02-04,Urban
Number report,85.415767,25.030741,26385,2017-02-16,Grassland
Key right,29.566768,-64.540288,58790,2019-03-08,Marine
Recognize wide,59.884064,-111.667902,19900,2017-03-16,Tundra
Finally team,2.436657,-117.97945,92508,2019-06-29,Wetland
Federal either,15.170434,116.095444,31448,2019-04-26,Urban
Very first,74.467995,36.989965,43755,2018-12-12,Tundra
Certain effect,-35.608159,143.358463,22690,2025-06-08,Freshwater
Federal stand,-4.693731,54.111884,95584,2024-09-12,Urban
Way base,16.573356,-69.972627,21783,2022-12-05,Forest
Customer true,-30.827344,62.835759,99039,2017-04-19,Urban
Soldier recognize,-1.939384,158.992743,83258,2021-12-29,Urban
Group board,12.357165,135.071219,87841,2024-06-29,Desert
Here question,-77.295463,-134.305109,97027,2017-12-20,Urban
Onto daughter,55.575945,-32.518912,9673,2024-09-23,Marine
Remain southern,57.114057,111.474094,59716,2024-02-27,Wetland
Accept respond,-66.483272,-55.007727,19565,2019-07-07,Urban
My base,-12.209222,-12.372075,88558,2022-12-11,Tundra
Thought personal,36.61108,61.353533,52108,2016-10-29,Freshwater
Collection camera,35.746956,-71.555795,70992,2023-08-22,Freshwater
Stuff expert,-64.210145,-163.564714,26456,2019-05-29,Desert
Whole news,-16.043387,163.522707,77902,2021-04-12,Urban
Fund cold,-85.7173,16.530667,23761,2020-04-04,Marine
Reality project,74.785238,-119.690018,12915,2017-09-16,Wetland
Three never,-23.893877,-32.762557,69423,2024-09-21,Tundra
Ask avoid,11.371742,-119.196088,68260,2020-04-06,Freshwater
Huge fall,50.021618,-62.18932,69898,2023-03-26,Wetland
Point bag,3.584648,57.343433,37364,2017-10-21,Urban
Can nearly,-89.577254,154.784078,90609,2025-08-07,Wetland
Of travel,-0.749578,-79.194916,4286,2026-06-23,Forest
South program,-48.881625,58.514739,21417,2018-12-21,Tundra
Soldier hope,58.255163,38.306378,54177,2024-09-25,Desert
Indeed ready,-64.016537,143.836601,84876,2020-08-02,Tundra
Affect bag,-20.219565,43.968237,82463,2020-03-04,Tundra
Style TV,-39.740672,-22.665887,39191,2018-03-30,Urban
Five yes,2.801861,-46.275424,41649,2017-09-26,Grassland
Social low,-66.067389,68.674778,47737,2022-08-18,Tundra
Order lead,51.941115,-35.215696,92328,2016-08-17,Tundra
Certainly sing,-63.561023,-86.318117,89155,2023-10-21,Grassland
Explain despite,71.655658,-113.946566,89034,2025-10-07,Desert
Parent cultural,-38.433886,-117.29914,66483,2019-11-17,Urban
Executive remain,86.938064,118.358953,97692,2018-01-18,Freshwater
Country nor,13.836755,82.778395,2603,2022-01-27,Tundra
Go stay,29.219174,-176.277802,75891,2023-08-17,Tundra
Hard against,31.726102,-5.524324,79401,2024-11-17,Urban
Night window,15.228049,7.121844,93508,2022-10-17,Forest
Film idea,-65.331084,-144.050437,81305,2021-08-12,Wetland
Congress mother,-49.767689,135.753232,73799,2021-09-13,Marine
Bring various,-16.924425,6.479883,93529,2025-05-03,Tundra
Develop sport,-50.570586,-33.732567,55163,2020-12-31,Grassland
Three police,-42.239938,4.639513,47630,2026-01-22,Freshwater
Glass nearly,22.040424,-3.082299,71910,2019-11-14,Desert
Huge into,-89.809665,-33.985495,32222,2022-09-28,Wetland
Phone mind,7.225289,45.213436,95442,2023-09-01,Freshwater
Interest just,-24.057268,-25.529449,43111,2023-04-06,Urban
Race while,-81.844006,-34.952429,24314,2026-01-03,Grassland
Rule thousand,-4.618077,-170.797707,94456,2019-02-13,Tundra
Card sport,-68.077924,42.457006,25093,2017-07-16,Wetland
Somebody fund,3.200761,-166.744918,7864,2022-08-15,Desert
Without admit,-20.750731,53.13521,96460,2019-12-03,Desert
Phone enough,-51.387252,-18.719574,66318,2025-05-14,Freshwater
Claim create,-72.464454,158.946258,97010,2022-12-30,Urban
Reach debate,-41.422953,-154.036479,63989,2025-09-04,Freshwater
Fine maybe,29.571195,-33.878196,35498,2021-11-09,Wetland
Various action,47.579827,178.387272,83810,2022-10-04,Wetland
Star later,-21.453949,-125.027638,41183,2026-04-26,Forest
Film art,31.478203,-21.015017,57575,2022-06-25,Urban
Forget behavior,-11.927939,82.959436,81431,2018-10-22,Freshwater
Financial look,-34.58264,156.997631,68597,2022-02-11,Desert
Media picture,-15.124954,-0.561106,42969,2022-03-27,Forest
Enough art,44.636692,113.847342,9362,2017-02-24,Freshwater
Every area,71.652187,142.790505,82972,2025-02-26,Tundra
Simple laugh,-59.645327,-5.953956,59106,2020-01-06,Tundra
Economy everyone,68.029451,126.771728,26071,2021-08-05,Desert
How unit,53.125793,138.389808,11093,2018-09-21,Tundra
Score election,-2.251375,171.526331,15749,2019-07-23,Forest
Agree magazine,85.156861,162.993696,77719,2018-05-29,Freshwater
Fall fire,-16.670491,32.099574,6532,2016-10-20,Marine
Skin relationship,39.359799,-110.480836,56483,2017-02-27,Urban
Summer away,81.475098,42.063643,94140,2019-03-05,Wetland
Father system,-50.916016,49.240149,12247,2018-10-16,Wetland
Whatever word,-36.098603,-131.698184,76241,2018-10-29,Wetland
Between house,18.862553,160.313924,64798,2016-10-20,Grassland
Direction much,1.706387,-168.586123,58205,2022-06-01,Forest
Its much,-1.166329,14.734623,27534,2023-12-16,Freshwater
Different soldier,-14.454844,105.39274,86309,2023-12-29,Wetland
Discuss who,-24.445672,32.425345,65759,2023-11-22,Tundra
Billion way,70.518723,-107.99741,61518,2016-09-14,Wetland
Dream life,-87.345424,-0.519234,63526,2023-02-28,Grassland
Edge clear,27.472541,-112.079885,28757,2017-08-28,Marine
Others large,-39.682321,12.783656,51604,2016-08-15,Forest
Ahead difficult,-63.46203,114.045978,80241,2016-09-19,Tundra
Sense chance,56.630034,175.742323,24906,2018-05-25,Tundra
Well gun,-67.387809,98.233317,37837,2020-03-12,Wetland
Room structure,72.10329,-22.082036,43376,2020-07-13,Tundra
Together piece,-38.674811,126.218565,93808,2024-03-05,Desert
Improve life,40.121669,-123.424504,52428,2026-06-30,Freshwater
Necessary reality,-81.014392,93.258743,88021,2019-01-21,Tundra
Financial throw,46.526094,61.946083,60737,2023-10-05,Forest
Detail mind,2.707689,-30.153987,52924,2022-09-14,Marine
Start forget,-21.367648,-30.959027,41689,2023-08-03,Wetland
House then,85.374971,160.433414,79990,2023-06-24,Grassland
Book discussion,4.305671,82.465038,53320,2016-10-28,Grassland
Carry as,38.960184,-70.099046,83829,2025-01-01,Freshwater
Out wide,64.957894,66.207336,53591,2019-10-29,Marine
Natural opportunity,40.785822,17.046722,3796,2020-10-25,Desert
Especially light,58.339305,60.681943,13489,2025-10-22,Tundra
Particularly direction,32.564556,139.102339,70135,2016-12-22,Wetland
Water newspaper,-45.830838,-66.091371,56443,2019-07-18,Urban
Action economic,12.842769,148.843262,7829,2021-11-22,Urban
Nor student,75.577139,77.365391,4888,2026-05-07,Desert
Wide book,9.846004,76.114322,2574,2020-03-18,Forest
Work degree,57.704838,164.096613,5059,2026-04-18,Grassland
Capital take,-57.402765,83.329211,14495,2025-02-27,Grassland
Nor difficult,-78.442796,21.325795,13949,2023-12-13,Urban
President blue,-64.124774,0.167007,5661,2025-10-13,Tundra
Have serve,-87.460551,127.820462,36717,2019-05-08,Forest
Kitchen perhaps,5.961037,109.043402,42504,2022-05-02,Grassland
Sit find,34.780568,140.32124,21561,2018-04-24,Urban
Successful radio,-29.034226,-20.034982,82276,2017-06-10,Grassland
Everything surface,-44.18771,-172.424942,32193,2022-05-30,Wetland
Believe quite,-79.656887,39.579496,98455,2024-08-18,Grassland
Myself agreement,89.438781,-80.313357,1771,2023-01-13,Freshwater
Certainly rate,0.486438,-159.738921,97238,2018-07-11,Forest
Site fire,-77.738105,-12.875607,83615,2024-11-09,Forest
Practice ground,59.336332,-160.504533,97859,2025-11-10,Urban
Shoulder that,-37.109804,-159.839112,79577,2019-01-22,Desert
West song,-47.456366,-90.690449,56846,2020-09-02,Grassland
Large adult,-31.775666,-165.572384,58900,2022-08-18,Freshwater
Billion price,80.313791,173.378575,98116,2016-10-09,Wetland
Human trade,-22.188206,-144.074426,5421,2019-10-18,Grassland
Important shake,-65.10892,171.444825,61037,2024-09-30,Grassland
Black occur,28.433414,9.967671,25602,2019-09-12,Forest
Itself notice,-48.828276,89.031918,60693,2023-07-08,Urban
Young recognize,0.561594,19.354638,85644,2024-08-01,Urban
Player material,-71.038002,-52.610153,99955,2019-12-15,Forest
Find traditional,-30.148934,-11.952822,57528,2017-09-30,Tundra
Star per,-37.00082,-66.438138,28379,2020-08-18,Freshwater
Data pressure,-21.327695,-128.577755,52993,2018-02-25,Freshwater
Daughter member,63.921111,-17.274135,79444,2024-06-09,Marine
Coach manage,-5.610374,-76.551361,4399,2022-10-25,Grassland
Goal face,-57.553473,59.302692,31462,2020-02-23,Tundra
Party within,40.282907,106.37557,25413,2017-03-04,Grassland
With door,88.207159,147.534496,79419,2017-10-05,Desert
Father size,77.653586,-151.576262,68983,2020-12-30,Forest
Air thought,57.494984,-45.924275,31833,2024-06-25,Forest
Election soon,-84.43918,-71.644148,25344,2025-01-23,Urban
May movement,-75.318737,-76.873852,20980,2025-06-03,Marine
Able far,7.198167,38.379856,21441,2022-09-20,Tundra
Real nearly,67.938676,-115.308548,4156,2024-08-13,Forest
What teach,17.581528,63.460253,33598,2019-10-19,Urban
Consider almost,53.261654,-20.313504,29601,2020-02-24,Marine
Say involve,-50.582933,179.300006,2085,2025-08-05,Wetland
For hold,9.156557,173.024346,29532,2019-08-18,Forest
Financial official,86.140047,-102.783507,22038,2023-07-23,Grassland
Later once,16.272524,131.569013,45116,2022-11-25,Marine
Current nearly,28.099148,131.813234,43050,2017-01-23,Freshwater
Town rest,87.523774,97.521576,54979,2026-01-20,Desert
Site quite,83.768113,-77.955583,75332,2022-11-15,Wetland
Final kitchen,-29.059174,108.859734,83892,2025-11-10,Urban
Prepare knowledge,81.402516,125.015445,36999,2020-11-03,Grassland
Especially something,29.522804,-115.681512,50989,2018-01-21,Forest
Relationship five,73.679674,178.508491,63839,2022-06-24,Marine
Likely time,33.027663,-4.146845,60480,2018-11-14,Forest
Attack toward,-87.515929,114.874435,18062,2016-12-14,Freshwater
Star feel,-30.183472,68.052617,33490,2024-04-11,Urban
And number,-49.142526,46.18669,25161,2025-08-11,Tundra
Recently argue,-59.61727,54.335786,31590,2020-07-23,Desert
Usually its,-73.969055,69.842206,74136,2018-12-31,Marine
Successful boy,-85.037585,90.55556,69012,2025-02-27,Tundra
Season our,-38.384394,169.624872,58099,2024-08-31,Grassland
Talk wonder,-67.576313,115.298837,35791,2024-05-13,Tundra
Purpose later,5.100236,76.47634,33291,2026-07-05,Urban
Each president,-62.707806,-40.302369,58951,2020-02-10,Freshwater
Total age,-4.181718,107.432115,33664,2020-01-11,Grassland
Woman on,52.83681,-16.181299,40085,2025-07-02,Marine
Couple offer,64.013425,60.249001,47235,2023-08-18,Freshwater
Out remember,-54.987308,170.742516,66492,2017-01-15,Urban
Surface small,66.142191,101.25004,40505,2019-05-12,Tundra
Listen be,-72.854331,-27.475216,68183,2023-08-01,Tundra
Throughout evidence,59.753886,105.630613,87776,2022-02-11,Grassland
In far,-25.458546,-62.360789,35370,2017-11-08,Urban
May coach,-60.313279,-59.822649,66727,2022-02-16,Freshwater
Compare wait,-45.153366,41.543679,56282,2026-07-13,Desert
Term of,-47.527892,179.484627,22687,2026-05-05,Desert
Training arm,-64.492716,70.845603,82454,2024-03-04,Forest
Future according,-7.274904,-54.024922,37966,2020-08-08,Marine
Move lose,88.627302,143.172513,5254,2023-01-13,Freshwater
Mother north,-35.844206,46.454617,92258,2019-04-10,Desert
Town dream,11.386746,-63.244189,3815,2021-11-26,Urban
Meeting thank,88.892398,-42.736221,23134,2025-05-24,Freshwater
Me almost,-24.939169,27.61788,78890,2019-06-24,Freshwater
Only name,6.294111,-155.404534,82561,2019-05-03,Grassland
Wide may,25.909266,-20.303628,88572,2017-05-28,Desert
Of seat,29.358778,169.77168,54579,2025-06-12,Wetland
Teach glass,14.967683,55.681676,40216,2021-10-23,Freshwater
American shoulder,39.345709,103.9537,63332,2023-12-16,Forest
Yard central,-12.338341,-72.200943,8373,2025-10-23,Forest
Itself its,46.313034,89.13287,13458,2018-09-21,Forest
Market worry,18.557112,29.618881,28350,2019-02-17,Urban
Do forward,-14.17921,-129.312492,68799,2024-09-17,Wetland
Miss Republican,-16.278493,117.2244,36803,2021-06-10,Freshwater
Factor nature,51.228104,89.529027,68005,2019-12-31,Grassland
Rise now,13.547999,-43.220693,58603,2022-12-19,Wetland
Respond authority,20.851254,111.747059,13627,2026-01-10,Grassland
Why property,-87.700851,-55.056969,98468,2019-04-10,Grassland
Case spend,-2.006257,107.227924,15023,2018-05-17,Grassland
Significant truth,36.62827,-46.651282,72670,2023-02-14,Forest
Today attention,2.976958,0.671949,34608,2024-09-05,Desert
Six cup,-17.055621,106.802615,29983,2019-01-27,Grassland
Appear leader,39.443039,-115.60058,39206,2018-02-04,Forest
Foot red,55.927774,-12.215317,90256,2020-01-31,Tundra
Thank six,71.22033,-22.687585,89486,2017-08-22,Urban
Nor ok,-60.737151,153.860845,2074,2021-09-26,Freshwater
Personal something,-65.729827,-119.223621,54006,2021-02-24,Desert
Teacher red,73.331665,-138.640084,88761,2026-04-21,Urban
Sure make,-53.479659,-47.891275,83543,2024-08-19,Grassland
Painting force,56.162961,163.205741,35770,2017-12-23,Grassland
Could social,-36.111245,-40.154217,90001,2023-04-15,Forest
Too campaign,-55.858226,146.623225,13145,2019-02-26,Desert
Sit girl,46.33615,-174.852718,15240,2017-02-23,Wetland
Professor dog,3.359133,-57.851067,61231,2016-11-03,Tundra
Painting quite,23.204207,174.670119,7707,2021-02-27,Wetland
Man civil,-81.414894,128.96184,21257,2019-10-07,Wetland
Whole memory,53.615977,-156.548339,90028,2022-06-06,Freshwater
Fine weight,-30.426062,144.532945,85601,2022-04-24,Wetland
Fight field,-89.394786,56.357301,90659,2024-09-08,Forest
Against through,25.955615,4.567266,2465,2017-10-14,Grassland
Note agent,-24.202514,129.742793,85494,2026-01-21,Grassland
Bed section,60.880611,122.095012,97803,2025-01-22,Wetland
World wide,-56.112331,-66.036203,31672,2023-11-14,Grassland
Family part,-44.085786,-22.404939,34621,2022-04-14,Freshwater
Out down,-1.421226,103.476045,8240,2022-07-19,Desert
Ability simple,-68.129129,-55.102859,93322,2025-07-08,Wetland
Fact executive,4.856197,-6.431522,92179,2021-06-08,Urban
Production fly,11.681178,27.855872,15649,2023-04-16,Freshwater
Chair step,-81.969924,18.252666,67431,2022-09-15,Tundra
Foreign bank,22.207046,131.683658,55089,2022-03-30,Wetland
Experience they,-85.364316,175.302057,67900,2019-05-21,Tundra
Be street,28.785198,44.275715,27182,2022-01-12,Tundra
Him movie,-65.8854,-126.954199,59913,2020-12-10,Forest
Second however,-32.516459,5.539472,92159,2019-09-07,Desert
Us bill,46.303599,-120.881198,57970,2024-10-17,Desert
Range example,54.238539,-59.952571,78089,2018-03-25,Forest
Yet series,70.844685,-140.814273,77400,2026-05-13,Wetland
Son partner,19.153912,-22.277027,88941,2024-01-12,Marine
Money ten,23.895458,-70.663201,83793,2021-04-30,Tundra
Benefit remember,-37.197997,166.675168,41191,2017-11-14,Tundra
Create food,-44.399037,-63.26745,68514,2023-04-09,Freshwater
Already case,-71.939537,95.208549,53152,2018-02-14,Wetland
Couple politics,74.856653,-151.096706,26381,2025-01-29,Wetland
Traditional avoid,-47.825196,127.798993,2837,2016-11-25,Tundra
Much describe,-89.185496,24.699734,86619,2022-06-17,Desert
Real enough,-47.42691,-17.006003,61530,2020-10-07,Freshwater
Forward herself,12.713874,-19.541772,76924,2017-02-12,Tundra
Sell government,40.575716,-69.46938,51240,2017-11-05,Tundra
End rise,23.970968,-24.954156,51687,2017-12-25,Grassland
But soon,39.563702,134.027154,90175,2025-10-20,Marine
Wrong behavior,77.773962,139.897922,61688,2018-07-13,Forest
Front movie,-2.849196,124.914199,49293,2024-11-13,Urban
Heart accept,-71.526737,-135.897178,13070,2020-07-21,Forest
Public some,19.173839,60.546824,9708,2022-06-09,Wetland
Unit account,52.769535,23.820925,73663,2024-06-06,Wetland
Capital exist,32.964121,23.241646,46504,2022-03-06,Forest
Training administration,82.028223,40.326423,81172,2025-11-29,Wetland
Economy artist,15.155562,137.81157,6238,2017-05-30,Grassland
Author open,-72.661778,-87.678289,33797,2024-09-06,Forest
Customer of,63.81725,-93.434927,47696,2024-01-02,Urban
Mention their,-79.225836,-22.314674,49042,2025-08-12,Tundra
Site letter,-62.080792,-20.42071,96257,2023-04-07,Marine
Second including,-23.62664,36.936012,40640,2026-05-15,Desert
Phone same,7.064029,85.784498,85407,2020-04-01,Grassland
Figure table,-23.521352,96.004668,21469,2025-04-11,Tundra
Service wish,16.635707,-72.158905,39205,2021-07-24,Marine
Wonder themselves,-73.162584,175.441381,92840,2020-10-23,Freshwater
Piece material,27.166728,-82.186997,19314,2018-01-29,Desert
Her ok,60.436644,-71.399432,64169,2016-11-04,Freshwater
Total face,-55.876424,-10.054158,82541,2020-05-12,Marine
Onto drop,-53.072612,-144.045938,55669,2019-03-29,Forest
South expert,-10.34899,-176.791817,72813,2025-08-12,Urban
Next argue,-75.445809,108.510516,5715,2017-08-07,Desert
Forward staff,-64.668364,123.085384,29508,2023-09-15,Grassland
Station break,-27.139308,18.957081,3270,2023-03-03,Grassland
New nice,53.849182,-157.773326,72082,2023-11-25,Desert
Peace sister,-25.698345,-47.804173,85082,2017-06-24,Urban
Unit article,86.447038,-33.349577,90339,2022-09-05,Desert
Change shake,87.229762,-116.035066,28638,2016-09-27,Tundra
Leave others,21.327151,98.909894,98945,2025-09-23,Tundra
Feel save,-22.222528,132.990994,81137,2026-05-03,Desert
New someone,-48.594953,-110.663987,11250,2018-06-19,Desert
Different since,-41.496031,98.465965,25063,2018-05-04,Marine
Create still,-4.411984,11.518755,84815,2019-08-23,Marine
Individual nature,8.606379,142.869311,57777,2025-09-16,Freshwater
Fact message,46.369779,-171.362757,12677,2020-03-12,Urban
Next vote,-5.555505,103.840027,35832,2025-08-28,Marine
Two try,6.340443,-89.518855,16728,2024-10-10,Desert
Necessary growth,-26.479859,-90.302291,55249,2023-04-29,Forest
Have red,-38.145419,151.819693,75915,2022-03-15,Tundra
More vote,74.150006,158.687538,15291,2021-02-05,Freshwater
Consumer need,78.928216,35.69287,90391,2018-07-21,Marine
Head health,85.227587,66.286135,46849,2023-08-21,Freshwater
Agency energy,65.348921,-58.786057,40567,2021-12-11,Marine
Drop long,12.484596,-92.563691,32720,2019-08-30,Freshwater
Sense song,18.547588,-53.17991,58794,2021-08-08,Freshwater
Glass political,-66.04136,41.057697,15072,2023-12-05,Marine
Hear often,23.255362,39.909488,59265,2023-09-04,Marine
Beyond determine,64.661801,-53.793336,76106,2023-09-03,Tundra
Call within,31.956588,-66.749231,96577,2021-06-02,Desert
Fight party,3.242587,-65.234911,14348,2022-02-19,Forest
Set many,-5.269927,129.536529,91837,2023-10-13,Marine
Worry ability,-64.437308,135.977503,4530,2017-02-15,Forest
See above,84.089076,-47.184876,70470,2016-12-24,Tundra
Recently million,60.513474,106.566222,32918,2025-11-14,Wetland
Everybody add,-33.858593,124.084909,60693,2023-05-14,Grassland
Outside wear,-27.058446,10.845809,47551,2021-06-25,Desert
Single floor,87.235038,27.210726,56649,2020-12-07,Tundra
Eight single,-53.196834,4.929258,56303,2017-11-16,Urban
Yet everything,-83.920296,143.31248,72048,2024-12-23,Grassland
Painting policy,-1.652924,56.628584,12660,2017-10-04,Urban
Boy buy,8.7894,-33.189833,71256,2018-09-20,Marine
Stay kitchen,20.839657,152.78272,70861,2023-07-29,Wetland
Summer person,74.752757,174.2158,57824,2019-11-01,Freshwater
Ahead whatever,-82.834669,-162.301016,91852,2025-09-14,Forest
Figure answer,14.975592,8.324309,54269,2020-10-05,Tundra
Both black,18.845134,31.155236,13378,2023-10-23,Grassland
Smile she,-22.180298,87.734662,58281,2022-02-15,Grassland
Use detail,81.482837,89.915715,64017,2018-03-05,Desert
Someone certainly,-35.836591,-55.794574,28894,2024-12-29,Urban
Behavior adult,38.836441,24.334493,58391,2017-07-30,Forest
Stage tell,-12.114437,-32.854416,89451,2022-09-07,Urban
Firm keep,-46.290121,103.831833,82497,2025-02-08,Grassland
Series challenge,-89.336618,-54.578552,90649,2018-05-05,Tundra
I word,-68.267412,-179.140602,69739,2020-11-05,Wetland
Think keep,-0.483377,-101.403169,78316,2019-08-23,Wetland
Democrat he,85.792942,97.660629,51829,2017-03-17,Forest
Wait artist,-7.752419,175.650849,38869,2025-04-05,Tundra
Police appear,78.83867,-112.354693,5927,2023-01-29,Urban
Compare try,-23.883311,-68.673393,97660,2021-04-29,Freshwater
My social,-9.26596,42.727479,77475,2020-12-02,Desert
Entire hold,-63.276812,158.579943,30559,2026-06-22,Freshwater
Which ask,-40.818066,175.318651,96935,2021-04-07,Grassland
Staff according,-88.468502,-133.976007,91457,2023-11-21,Marine
Available entire,56.650574,-1.520708,42414,2025-10-07,Tundra
Determine common,67.271813,20.641146,3243,2020-12-22,Wetland
Direction nice,-29.713428,120.838774,83692,2017-10-10,Marine
Structure once,-76.685427,-82.011731,12052,2017-02-25,Urban
Necessary society,-52.041453,-44.3863,49172,2017-08-26,Marine
Whose movement,37.226994,-96.764388,12620,2024-10-02,Freshwater
Seek set,-14.112863,0.142286,2888,2021-05-05,Freshwater
Board country,-61.066623,120.04148,57205,2024-09-14,Tundra
Cause politics,12.442603,-47.153631,63344,2021-04-29,Grassland
Degree owner,44.79609,-46.981328,13636,2020-08-20,Wetland
Forget why,-62.291045,99.849913,1802,2026-05-25,Desert
Yet as,83.394392,143.016506,96188,2018-05-03,Desert
Skill however,2.838003,-7.018082,50304,2019-12-09,Marine
Establish compare,-21.095626,57.011367,50787,2019-06-18,Forest
Name join,64.886303,106.627308,69239,2017-07-12,Freshwater
North argue,69.662234,113.34287,30180,2024-10-01,Tundra
Bank grow,-3.577096,-8.686847,82951,2016-07-29,Forest
Run five,17.915775,136.55209,15535,2025-08-12,Forest
Listen team,-10.369113,115.304335,39812,2017-07-28,Grassland
Him measure,51.661765,78.473036,76593,2026-03-30,Freshwater
Someone my,70.237526,-3.496517,25227,2019-11-04,Desert
Miss life,35.27595,32.851345,50334,2017-03-25,Marine
Yard interview,-70.072136,-140.019706,96464,2018-06-29,Desert
Important hour,46.794976,-41.081243,32357,2024-04-03,Marine
Hair thousand,68.710325,-50.310208,62078,2024-02-16,Marine
Account type,-4.26727,-88.161452,51519,2024-07-11,Desert
After suffer,37.926119,-126.586142,16378,2018-07-28,Marine
Effect blue,-88.24517,24.971309,12444,2024-11-19,Desert
Man yeah,-89.73851,75.801036,70804,2023-03-28,Urban
Risk name,-27.213113,112.596589,13074,2019-01-01,Urban
Use take,-50.055097,174.230832,61457,2025-12-25,Urban
Coach sense,-68.844674,12.009656,7377,2024-05-27,Forest
World build,5.833228,-163.1255,9690,2025-10-26,Marine
Forward go,-2.04368,8.654839,88299,2022-01-26,Freshwater
Course responsibility,-4.768637,-56.706796,69322,2019-03-06,Wetland
Some never,77.600017,-155.48205,22181,2020-04-11,Urban
Professor school,-26.939165,21.789684,84948,2018-10-28,Tundra
Another paper,41.445045,-23.513941,92241,2026-05-02,Urban
Just we,42.106833,-25.742703,32925,2020-04-04,Forest
Couple believe,-81.008015,101.88644,68089,2017-12-12,Wetland
Me relate,18.867238,167.484067,74843,2017-05-22,Desert
Score throw,15.303362,117.466262,45143,2020-07-13,Tundra
Situation travel,65.700256,171.452908,2170,2025-01-20,Marine
Cover adult,56.003346,-97.484518,35787,2025-09-10,Desert
Other body,-70.293762,1.569453,58232,2024-04-05,Grassland
Choice professor,38.942871,-18.132585,50418,2022-09-09,Grassland
Wife until,81.884442,-95.846196,28537,2019-08-27,Desert
Always Republican,-86.452292,-95.405404,63175,2017-09-23,Grassland
Economy somebody,-17.992582,13.135762,51952,2019-06-20,Marine
Produce American,64.869637,-9.237151,18443,2017-01-13,Forest
A plan,45.492433,-38.979262,82545,2023-06-02,Tundra
Glass point,36.993554,-155.204892,32351,2021-08-02,Marine
Computer note,62.594168,-145.86691,7771,2025-12-17,Forest
Over claim,16.830614,-0.429499,37293,2018-07-14,Marine
Machine open,1.427291,171.838959,78261,2017-06-06,Marine
Himself both,-49.046697,147.411081,70896,2022-11-01,Tundra
Gas top,59.26739,177.638251,73,2020-05-26,Marine
Somebody along,-86.93935,16.385511,83812,2018-09-22,Desert
Day story,-82.708076,14.722669,90093,2017-10-16,Grassland
Actually size,-9.324573,138.636933,66750,2018-05-06,Grassland
Computer couple,5.359005,172.464109,70481,2025-03-29,Wetland
Image agreement,-42.031416,-39.517121,17499,2022-10-17,Tundra
Compare wonder,-62.456911,-76.207384,95629,2023-02-09,Tundra
At tend,71.703956,-153.744641,53472,2019-05-01,Desert
Tough yourself,26.625303,99.402129,9282,2019-01-08,Grassland
Shake course,-27.527626,173.539674,82734,2020-12-30,Tundra
Time campaign,-5.928108,-61.15815,20916,2023-12-25,Marine
Nor letter,-26.874936,-43.825748,91310,2025-06-02,Marine
Blue pick,78.628783,48.408936,35224,2019-09-14,Marine
Conference chance,49.258356,-119.650148,10012,2017-03-10,Tundra
Choice either,-60.690328,-151.184891,62210,2023-10-08,Urban
Heavy laugh,-48.586906,68.139459,21123,2016-07-20,Urban
Response perhaps,46.651136,27.03298,59951,2023-11-14,Urban
Concern buy,-57.62687,-47.264686,17305,2018-01-28,Marine
Could break,59.715162,178.248076,38837,2023-10-05,Desert
Teacher parent,-53.388611,152.039445,92276,2025-12-03,Desert
It least,26.21746,-90.719965,39945,2017-07-26,Wetland
Make world,-63.410089,-82.451761,69049,2019-06-07,Marine
What apply,-72.788098,48.038312,56484,2024-12-10,Desert
Set hold,-31.714565,-127.84616,7839,2022-07-29,Desert
Us medical,-70.727607,155.711142,91777,2025-02-27,Forest
Produce man,-86.13603,114.010918,66139,2022-02-17,Forest
Actually poor,83.481138,39.243359,40721,2018-03-30,Grassland
Yes national,37.237944,158.42636,51962,2024-11-16,Urban
Yeah show,-0.055828,168.781871,50979,2024-09-24,Desert
Memory send,66.746803,-109.82936,87168,2022-11-14,Desert
People allow,76.660336,99.455075,31020,2026-03-31,Forest
Artist television,-50.692488,5.883346,17629,2017-08-12,Forest
Radio area,12.779741,-66.213386,14480,2025-08-28,Wetland
Himself side,-56.737431,89.024691,16452,2019-08-17,Forest
Idea against,34.393764,-108.352836,73328,2026-05-04,Tundra
Next still,-86.125928,160.80691,12351,2018-11-19,Tundra
Thus expert,88.690566,-79.607711,50275,2019-10-13,Forest
Six among,-34.182042,137.501673,37209,2020-05-11,Grassland
Structure region,-52.8271,-96.843493,51680,2018-09-20,Forest
Attack list,-37.146556,105.047513,22242,2025-02-18,Freshwater
Individual investment,58.455395,-123.227158,88833,2018-11-12,Tundra
Five dinner,-53.167425,-176.318489,2907,2017-09-10,Wetland
Memory suddenly,-31.982503,-59.57707,74267,2017-10-22,Desert
Through my,-18.382869,-111.005969,1326,2023-02-14,Forest
Environment these,-73.864013,-27.435523,27788,2019-11-24,Wetland
Hundred town,72.042549,157.388966,85664,2018-12-17,Tundra
Prepare book,-3.627531,156.429161,19157,2018-08-15,Freshwater
Pull past,-21.482237,-80.455049,19110,2021-04-19,Freshwater
Better home,-39.234307,-148.734861,85723,2018-08-18,Urban
Point military,-19.179635,-56.885668,19341,2026-05-11,Urban
Phone follow,-32.686859,52.23556,90710,2025-08-19,Desert
Official such,0.209396,3.800529,48842,2022-10-22,Wetland
Minute successful,65.741054,78.400792,33834,2020-02-19,Forest
Travel travel,-77.823134,33.946778,86814,2016-11-30,Marine
Hospital special,85.956977,129.284314,81911,2022-11-27,Grassland
Rise human,10.04366,64.425541,11433,2019-04-05,Freshwater
Whatever catch,-24.254144,42.578671,25847,2016-09-14,Wetland
Compare parent,-73.796723,-36.100026,82873,2019-03-02,Freshwater
Edge order,-26.245559,156.710853,5326,2017-07-08,Tundra
He staff,-35.980733,-3.693513,52216,2022-03-31,Marine
Recently go,68.091704,33.416517,3678,2021-09-04,Marine
Could half,-28.391025,76.410386,73925,2017-01-11,Wetland
Great popular,11.255531,-103.813131,23423,2025-08-01,Urban
Measure another,31.691451,-105.092846,41964,2023-12-26,Forest
Feeling young,-6.4653,-140.05743,89393,2026-03-14,Grassland
Four amount,57.487051,10.76822,90277,2023-04-12,Freshwater
Argue under,-19.104219,-10.972116,82773,2021-01-21,Tundra
Senior senior,-0.203167,19.007424,14196,2018-11-01,Forest
But our,-86.456851,-82.274881,94974,2017-05-22,Grassland
Son decision,57.303434,36.513752,26532,2018-10-07,Marine
Build social,75.864275,136.174103,72003,2026-05-24,Forest
Case realize,32.288418,-178.782779,98463,2023-12-21,Marine
Wife lead,-6.575921,-102.666004,9313,2017-02-27,Tundra
Memory deal,-86.356438,-9.069919,28692,2022-10-31,Tundra
Store stage,-5.67272,-101.042834,15927,2023-08-24,Grassland
Eat indeed,-58.591319,104.303999,51583,2021-08-03,Urban
Know speech,-1.576435,8.361227,63546,2020-11-06,Grassland
Century for,-54.087918,-4.533513,78346,2021-05-07,Desert
Institution face,-14.605262,92.933987,17032,2023-06-17,Desert
Lead where,-88.85503,146.677074,77399,2022-05-14,Urban
Fight century,-14.924267,-42.571393,79439,2017-10-14,Grassland
Subject share,-41.041584,159.88053,36476,2016-09-02,Urban
Very matter,26.543175,-69.939219,4689,2023-01-18,Forest
Organization everybody,24.603769,-86.049793,50973,2025-09-01,Desert
Modern live,-26.379568,-178.961059,71555,2020-07-29,Wetland
Case hear,-70.06203,-121.645408,86493,2017-08-20,Desert
We buy,24.196042,176.741721,2444,2022-01-08,Wetland
Trip and,-47.67999,0.512696,65401,2021-11-18,Grassland
Hour civil,-6.22703,-55.479716,51554,2026-05-08,Tundra
Admit of,2.106747,71.349774,7335,2019-03-05,Marine
Middle worry,45.307097,12.788274,67778,2017-04-17,Desert
Available much,-8.873747,169.325493,63102,2016-10-27,Forest
Whatever guy,-69.722473,-140.5075,56258,2026-03-01,Marine
Social director,22.256038,-62.613719,91624,2022-03-07,Tundra
With determine,-6.971355,-74.471887,83082,2016-07-24,Grassland
Yet it,-34.336911,-6.932825,84274,2024-03-09,Urban
Instead special,22.403481,157.513038,22053,2026-02-16,Grassland
Information top,-1.220345,-71.92705,224,2026-06-02,Wetland
White pattern,51.454091,-139.595456,20708,2017-10-22,Forest
Region assume,12.108878,-26.848606,43868,2022-04-04,Marine
Into industry,82.220474,-17.366213,7618,2023-04-21,Grassland
She write,-26.402199,-92.831137,21768,2017-02-14,Urban
Investment soldier,-40.489452,79.297085,35371,2025-07-03,Forest
Actually it,12.11682,-30.972529,43758,2019-03-12,Freshwater
Official but,54.318691,-60.57082,38764,2022-04-26,Urban
He difference,-2.086077,-26.950772,48425,2025-07-05,Grassland
Four resource,44.852165,64.018926,43729,2024-11-23,Tundra
Again far,47.069417,102.68442,57842,2020-01-03,Desert
Develop another,86.002192,41.012391,65339,2024-07-12,Forest
Scene time,-44.021727,167.139677,32009,2026-05-27,Freshwater
Machine pick,-38.146274,-113.247643,35977,2016-11-27,Desert
Watch spring,49.247757,162.802521,5181,2022-03-27,Freshwater
Exist whom,-80.007272,-48.418832,90918,2019-10-15,Freshwater
Financial he,-69.004316,-64.957092,58799,2020-01-26,Urban
Member fear,8.070669,-5.033849,92972,2025-01-28,Wetland
Region blue,-88.309476,-88.05207,63194,2025-11-12,Marine
Identify rate,0.202885,-18.489798,83253,2021-11-26,Wetland
Indicate everybody,-68.042946,-102.097441,68219,2020-12-13,Tundra
Another similar,41.146111,72.485175,1119,2016-09-06,Forest
Clearly participant,66.73249,53.331658,7644,2024-07-08,Urban
Job success,-0.019412,-129.353155,55905,2024-08-26,Desert
Me opportunity,82.038313,15.531723,5558,2023-06-21,Freshwater
Sea leader,43.069542,-107.170817,23849,2020-06-09,Urban
Pattern boy,69.269628,153.75448,94609,2018-01-19,Tundra
Just floor,63.521395,79.462153,37607,2023-10-14,Freshwater
Back choice,-5.772145,-177.868937,79872,2022-10-03,Grassland
Deep carry,-66.715961,-118.051656,32910,2023-02-07,Forest
If air,65.06489,170.884948,29021,2021-06-22,Wetland
Relationship force,26.353734,122.745013,70258,2024-07-11,Freshwater
After that,-15.33411,-84.056626,40797,2023-02-15,Freshwater
To material,-34.79308,34.393199,9353,2025-03-15,Urban
Oil detail,39.991813,-165.12567,54158,2025-08-14,Desert
Three also,-32.103899,131.99965,39912,2018-06-27,Desert
Able maybe,-0.847531,9.815977,3343,2026-04-21,Grassland
Assume inside,-29.387084,78.943847,48672,2018-01-23,Freshwater
For truth,16.65156,-28.021019,13305,2018-08-07,Grassland
Study trouble,-3.785689,-35.827646,84758,2021-03-26,Forest
Mother evening,-8.663178,113.269651,79013,2019-06-20,Freshwater
Note leg,-77.865487,153.235609,11011,2025-07-09,Marine
Manager tree,78.977426,123.863992,93712,2024-03-30,Freshwater
Audience various,-64.713769,-161.593635,48633,2023-06-13,Forest
For usually,-40.950683,-105.452582,93106,2024-10-02,Desert
Its state,-8.043901,164.438628,18842,2020-09-12,Urban
Meeting trip,-37.115061,-92.0868,22133,2016-12-02,Forest
Wear free,78.531661,61.051796,15896,2016-11-09,Tundra
Case participant,29.665854,-141.872532,39088,2020-07-19,Desert
To smile,-63.444538,121.924685,21684,2020-03-19,Marine
Tax while,-13.098434,77.426565,2898,2020-02-22,Grassland
Thus people,-16.8866,112.67364,9018,2024-08-08,Desert
White drive,-10.736062,113.998865,89479,2022-02-19,Forest
Person yard,-29.359192,-33.324305,45567,2026-05-06,Urban
Ago finally,2.644062,-175.656376,82024,2025-11-23,Freshwater
To individual,2.346915,35.072299,13235,2020-10-28,Wetland
