species,latitude,longitude,population,date,habitat
Idea outside,31.654812,-132.285742,63749,2021-05-12,Marine
Wrong model,-25.67886,-155.445052,98791,2016-12-06,Grassland
Guy eight,-27.465187,54.396242,52584,2019-12-07,Freshwater
Particularly who,-38.856869,-93.286845,11644,2018-08-14,Desert
Reflect determine,0.181527,-30.753301,31557,2024-05-22,Tundra
These himself,-68.709349,-39.737409,26581,2019-04-20,Tundra
Per plant,-15.958742,168.250492,63480,2026-02-27,Wetland
View rich,48.866668,49.710344,30224,2018-02-17,Wetland
Difference nation,24.091648,-157.393335,90892,2023-10-26,Tundra
Possible forget,63.49402,30.211349,44374,2022-11-07,Freshwater
Class quickly,26.501602,41.720348,55074,2021-08-25,Wetland
Actually industry,-60.496076,48.743759,79047,2025-03-07,Marine
College view,47.368478,54.612095,8983,2017-04-10,Wetland
Herself see,69.090739,54.201591,10935,2020-09-29,Wetland
Positive make,-24.265315,72.849372,60390,2017-12-24,Freshwater
Painting tend,-73.037273,167.202942,42738,2024-02-25,Marine
Parent follow,-53.99696,-39.044522,82636,2018-10-26,Wetland
But bad,3.73574,58.401494,35373,2026-06-20,Marine
Describe manage,21.566976,-103.973,42867,2022-08-03,Wetland
Response tough,-83.584581,89.926362,36891,2023-12-03,Grassland
Watch job,89.657125,-151.691994,37172,2023-12-28,Marine
Us subject,74.182841,155.816434,13750,2017-06-05,Wetland
Enjoy staff,-8.825597,97.393301,12366,2018-09-05,Freshwater
Scene clear,68.981374,-46.069149,75524,2024-02-11,Grassland
Win information,-78.234487,-71.615037,32184,2022-04-21,Freshwater
Crime morning,-52.245697,96.297382,91502,2023-10-31,Marine
Involve official,74.834385,-86.23507,17838,2016-10-01,Forest
On church,-23.572416,-27.131234,22671,2024-03-27,Desert
Week several,22.877334,2.002512,41418,2026-06-24,Grassland
View similar,30.888647,97.690318,63805,2025-02-23,Urban
Allow commercial,46.210299,169.62412,55740,2019-06-20,Marine
Full short,8.524621,-52.629942,31063,2024-03-14,Tundra
Return deep,-63.855624,94.70644,14982,2022-12-10,Grassland
Computer another,-85.63788,69.735501,50054,2020-08-02,Freshwater
Eat far,-56.796928,156.477832,39039,2022-06-29,Freshwater
Pm world,74.979502,175.367327,25887,2022-08-01,Wetland
Recognize until,13.990045,-30.96295,59570,2026-01-23,Marine
Five sea,33.666092,91.230295,17374,2019-12-23,Urban
Who official,87.69558,167.672473,37827,2018-06-11,Marine
Republican work,14.188973,-159.03323,92180,2023-12-09,Forest
Three still,-75.143984,152.459881,21172,2018-10-02,Wetland
Agreement marriage,28.88188,68.704031,80418,2017-10-07,Forest
War prevent,-9.519226,-35.44858,6152,2024-07-21,Marine
Interest about,20.355562,3.599903,71889,2017-10-08,Marine
Explain now,-18.482816,-55.711654,37742,2026-05-14,Marine
Standard young,73.472507,-32.752412,31803,2025-03-30,Wetland
Over get,-4.27731,137.364474,12716,2022-04-04,Forest
Career customer,40.986625,19.500057,98718,2017-10-28,Grassland
Else visit,-29.824227,-42.696556,7331,2019-01-17,Freshwater
Indeed treat,86.903046,-89.301593,34682,2018-06-02,Wetland
Big wrong,12.222305,-173.275585,35310,2019-04-06,Desert
Leg ask,-25.130347,-101.335536,91385,2020-09-12,Forest
Religious guess,73.952187,139.075992,94008,2016-10-18,Marine
Building address,-7.516722,-155.65938,74287,2020-05-28,Desert
Onto certainly,57.860716,144.717664,79866,2024-04-11,Wetland
Kind church,16.586973,-0.211078,10875,2026-01-12,Tundra
Wrong may,38.313974,178.006696,75423,2024-09-01,Grassland
Tend third,70.827304,85.862688,61012,2016-10-21,Forest
Air court,-89.924521,43.191718,1956,2019-12-18,Wetland
Parent effect,-76.375158,104.981941,88885,2022-06-13,Marine
Defense up,3.334137,-148.28989,79663,2023-08-29,Freshwater
Wide deep,10.12429,-71.950995,46837,2018-04-26,Urban
About community,50.020703,-47.537764,2931,2024-01-11,Wetland
Result air,76.19732,9.167866,99222,2022-02-14,Forest
New pay,37.759749,-55.180097,95118,2017-09-23,Marine
Part end,0.414399,-116.339977,62166,2021-05-31,Grassland
Race case,-12.239482,-89.49746,64103,2022-09-06,Freshwater
Draw conference,-6.270082,-111.801976,9277,2024-10-25,Wetland
Risk arm,-47.597156,-1.742408,28777,2019-04-16,Marine
Man country,-21.517942,83.919857,88243,2018-02-17,Wetland
Report result,29.594995,47.68227,54300,2023-09-13,Forest
Traditional door,-70.39205,-103.772468,75090,2019-04-17,Freshwater
Know assume,-74.765008,-121.338354,39700,2020-07-15,Freshwater
Happy off,83.342535,119.283698,75078,2019-07-13,Tundra
Author story,31.926718,-81.323205,8944,2024-07-23,Urban
Big meeting,-18.234676,-76.93408,75200,2020-10-18,Freshwater
Measure parent,-83.992251,60.700726,18198,2026-05-01,Tundra
Pm step,71.514053,-5.861662,57852,2025-02-26,Urban
Quickly cup,-52.656778,-172.47494,50550,2019-01-15,Forest
Similar the,-58.991755,94.084994,95302,2018-01-18,Freshwater
Artist water,42.149215,145.475527,8060,2019-12-13,Tundra
Group might,-15.719503,115.379553,15750,2021-06-30,Grassland
Several have,54.511698,-112.33208,68722,2022-05-15,Urban
Prepare instead,59.789363,149.326907,5166,2018-01-06,Marine
Charge argue,77.507036,-19.614869,82233,2021-06-04,Freshwater
Cultural carry,4.820809,-19.901691,6312,2019-04-08,Grassland
Total seat,79.019348,9.902482,7441,2024-02-27,Forest
Join better,-55.535445,-23.237679,82797,2017-08-07,Grassland
Individual crime,64.485089,153.946155,87913,2021-07-12,Forest
Address cold,-61.486813,-73.488008,67415,2020-07-30,Wetland
Republican black,12.224491,-66.717889,4240,2017-06-27,Freshwater
Between begin,32.959996,-94.60629,50280,2017-04-22,Freshwater
Create so,-73.293276,160.532588,47405,2020-09-10,Urban
Box task,-80.196991,16.519949,58227,2022-02-14,Urban
Middle movie,29.527933,-49.154738,62942,2017-02-06,Freshwater
Boy price,48.005799,-119.486753,36029,2021-08-06,Wetland
Write situation,-89.852448,-4.94933,69967,2020-06-13,Freshwater
School safe,8.708368,49.956112,35350,2024-07-09,Forest
Spend million,-55.970636,93.309084,2150,2017-06-19,Wetland
Air air,5.244021,121.094588,98616,2019-09-21,Forest
Try north,-19.462156,148.434383,51228,2019-08-31,Freshwater
Against low,25.445773,113.11318,73627,2021-06-19,Desert
Building yard,33.363212,-147.820846,81640,2025-05-28,Forest
Available teacher,-86.705204,46.459324,12338,2024-07-09,Grassland
Increase may,-28.351186,-85.247862,9995,2018-05-11,Urban
Why hair,61.507075,-41.636166,64595,2025-04-14,Wetland
Six operation,45.987649,-39.950999,28787,2023-07-26,Tundra
Evidence what,54.624247,-106.638328,72009,2017-07-04,Forest
Hear hand,42.236307,4.67939,22490,2023-06-08,Freshwater
Wrong sense,-61.847082,-54.193447,24532,2021-11-28,Urban
Generation capital,-78.857151,-15.442626,74473,2019-08-13,Tundra
Color all,-11.983654,55.229396,95973,2016-09-09,Wetland
Few some,50.200128,131.225833,56332,2026-07-01,Desert
Law brother,-82.406426,-86.696446,42669,2019-09-23,Freshwater
Around cell,-85.87072,-64.437759,63920,2023-03-10,Forest
Again hotel,59.288822,48.419922,71324,2023-01-14,Tundra
Take resource,-28.940492,-157.763617,43059,2022-06-04,Freshwater
Skill brother,-21.098158,12.701982,65449,2018-11-15,Marine
It lay,-14.428693,46.665822,16802,2023-02-21,Wetland
Sort rule,5.297675,12.847062,35349,2021-11-23,Grassland
Wonder write,16.596342,38.421654,98495,2022-09-20,Wetland
Simple new,-30.882335,102.570197,89331,2019-08-22,Marine
Economy life,-78.128849,76.272785,51640,2017-04-03,Marine
Worry more,12.614406,148.01524,56211,2023-01-25,Tundra
Child attention,-78.926461,126.005695,71335,2017-03-26,Forest
Hit seek,61.42598,96.977732,27184,2022-03-22,Tundra
Doctor together,66.335713,163.332945,43421,2016-12-28,Forest
Social every,-14.211861,96.528409,59397,2021-02-17,Freshwater
Manager similar,-15.567341,25.317565,92950,2021-09-13,Desert
Fish treatment,-33.14722,61.332404,30284,2021-02-20,Grassland
Herself must,73.60845,117.187975,39312,2017-04-17,Freshwater
Especially week,71.81797,-153.861141,47079,2017-02-16,Freshwater
Force current,53.821715,65.320819,3759,2023-04-30,Grassland
Effect mouth,-69.918212,100.789502,83722,2019-10-23,Marine
Share prevent,-42.644874,-96.159482,77695,2023-08-12,Wetland
Kitchen include,-78.503207,90.205946,39619,2019-09-28,Freshwater
Bed record,51.435206,76.037148,86758,2024-06-12,Desert
Bad young,-1.016753,-74.138875,76562,2018-12-31,Urban
Guess soldier,-31.227564,67.740628,50255,2026-02-24,Grassland
Color white,10.10602,115.533426,41794,2019-06-13,Urban
Often woman,40.826258,-10.173624,43909,2022-04-28,Desert
Continue ago,9.947589,-1.194487,62200,2019-12-29,Freshwater
Company some,-8.152909,-21.087142,18881,2025-10-28,Urban
Sometimes leave,-87.314103,16.781269,91002,2018-02-26,Freshwater
Minute range,49.840555,116.557753,53104,2018-11-12,Urban
Development him,-38.291501,167.676026,9289,2018-01-18,Tundra
Debate physical,89.952978,37.832801,43112,2018-05-09,Urban
Federal perform,-31.934297,-74.487068,77241,2024-01-16,Tundra
Current air,-85.382977,95.613908,88129,2020-11-13,Tundra
Eat group,43.958217,-101.731659,79929,2019-08-21,Freshwater
Identify mention,-52.967439,84.866678,71924,2026-02-15,Urban
Positive forward,-4.159789,-115.192764,83608,2022-08-06,Grassland
Professional plant,79.93273,133.580067,9362,2021-05-15,Tundra
Evidence my,9.759031,99.883716,1263,2016-11-24,Wetland
Oil ever,-68.077221,9.69025,96713,2024-02-02,Urban
Will on,33.656038,-43.387115,38549,2025-08-14,Marine
No board,-78.110282,-61.975007,65547,2024-10-19,Tundra
Campaign number,10.112934,11.839214,1951,2024-05-05,Marine
Put physical,-88.218653,175.462526,24437,2023-07-25,Marine
Author blood,-7.944448,41.628319,92698,2021-03-20,Urban
Source investment,45.157724,-41.80943,97712,2018-09-08,Urban
Friend relationship,-28.266942,77.58379,56660,2018-05-16,Desert
Onto believe,-43.364754,-45.921476,91866,2026-02-06,Urban
Attorney first,-30.788176,-126.952238,66419,2025-08-26,Tundra
Ago affect,-1.769111,-177.064408,46977,2018-09-20,Forest
Window Mr,-7.999495,26.518503,59536,2019-11-09,Grassland
Compare deal,31.133159,-179.442073,82825,2026-02-05,Freshwater
Quite long,46.145293,-156.774132,68350,2026-05-03,Tundra
Concern case,21.342217,112.155196,80630,2026-04-28,Freshwater
Never message,40.336834,4.822699,97447,2024-01-30,Urban
Conference national,74.635702,-22.926911,16886,2026-06-29,Tundra
Move yes,-76.078911,173.185265,78794,2019-10-29,Freshwater
Kind watch,-28.02322,-58.008109,75417,2020-08-20,Urban
Again his,77.091588,-132.608872,14919,2020-08-07,Marine
Development her,23.217778,108.599187,83423,2016-09-01,Tundra
Toward modern,-65.590841,-134.675943,87920,2021-01-23,Urban
Occur put,47.647935,-3.012709,87484,2022-04-09,Tundra
Ball church,-59.323573,-4.078206,18608,2024-09-17,Forest
Sing still,-48.584462,116.926978,62734,2021-06-09,Grassland
Fear too,-12.245142,-178.662878,24241,2021-10-17,Wetland
Form agent,54.76733,63.604776,73904,2022-08-26,Marine
Medical mouth,7.797513,153.247475,81175,2022-04-25,Urban
Build get,73.605155,-21.056828,68224,2021-03-02,Forest
Employee culture,-4.42436,-95.559639,94187,2020-05-26,Urban
Behavior performance,-83.921478,177.081439,92220,2025-02-23,Forest
My street,-27.498194,2.177401,64012,2024-07-12,Forest
Theory particular,12.058833,-135.132279,66754,2021-10-21,Tundra
Yeah performance,46.00093,20.573419,91459,2019-07-08,Freshwater
Skill ball,-85.605052,-20.98751,87936,2017-09-02,Desert
Image other,-30.764089,-109.930947,94095,2025-09-22,Tundra
Instead traditional,0.685021,-33.445596,32988,2022-12-08,Marine
Teach discussion,65.5573,149.195646,35920,2025-03-14,Urban
Approach involve,-59.265516,-67.734056,35886,2025-08-07,Wetland
Find clearly,-41.481134,25.55526,50510,2019-05-06,Freshwater
East already,6.190274,11.303371,63224,2021-06-11,Wetland
Resource artist,56.724971,66.439247,27944,2018-12-14,Tundra
Environment evening,-59.442217,-130.752875,35124,2025-02-01,Desert
Chair us,9.819187,132.455576,52091,2019-01-16,Grassland
Sit fear,23.325436,116.961952,5048,2024-01-10,Wetland
Year particular,-41.200804,156.497698,87917,2016-11-17,Desert
From right,12.136878,89.818937,54901,2017-08-27,Tundra
Size case,-14.610696,-63.796834,56539,2022-10-18,Urban
Hundred key,-68.542361,-18.565064,82508,2024-07-25,Grassland
Only tell,5.766168,23.587188,5366,2020-05-27,Urban
Design which,-84.271778,-23.524918,68843,2025-05-03,Urban
Just under,-31.26877,-68.789725,7843,2023-10-30,Forest
Help talk,-71.629166,114.051367,66557,2025-10-20,Grassland
Chance expect,-76.091423,7.904635,88584,2017-09-15,Grassland
Audience fine,46.170458,-79.808032,87292,2023-12-12,Forest
Probably commercial,-54.242565,8.379731,7772,2019-12-20,Grassland
Indeed close,-55.839062,-13.741396,87655,2023-12-16,Marine
Other scientist,-1.890133,9.542566,71871,2020-06-13,Desert
Modern expect,81.639008,45.403587,27399,2020-08-30,Forest
Health simply,-32.645058,-140.375296,40432,2026-04-21,Wetland
Policy drive,-17.170977,-176.863065,96733,2020-01-30,Urban
Become evening,54.365403,-87.788955,60019,2017-04-25,Forest
Push party,-78.260595,-50.400618,43948,2021-07-30,Forest
Down or,-42.961513,100.382129,74474,2023-09-04,Freshwater
Line dog,-50.437561,15.666185,22873,2025-03-10,Urban
By approach,43.173327,-40.188314,84787,2022-05-07,Desert
Conference stock,22.283305,-123.465324,78779,2026-02-20,Tundra
Project pay,58.509415,85.028954,29041,2021-06-14,Freshwater
Republican yet,86.097723,-136.309281,23080,2025-04-20,Desert
Newspaper total,80.397705,51.832735,4203,2024-04-07,Wetland
Change beyond,-84.376674,130.788763,4376,2022-03-23,Marine
Partner drop,64.093833,-26.656165,88426,2022-05-18,Forest
Claim environment,-88.027995,-57.734414,50977,2022-08-28,Freshwater
Program hot,-63.589017,-154.428025,34060,2024-01-13,Tundra
Respond degree,-80.714526,-32.439897,11967,2016-11-29,Marine
Threat drug,49.583008,69.620616,78789,2025-01-18,Tundra
When theory,46.879781,7.744502,88219,2021-12-28,Freshwater
Statement trouble,-24.985378,100.51475,55431,2024-05-10,Grassland
Any social,-89.199122,20.95015,58980,2022-09-24,Urban
Check home,-79.340562,43.786061,45691,2020-05-20,Tundra
Community special,85.888323,-103.44647,22247,2019-04-05,Marine
Word name,-14.755091,163.752763,61948,2017-08-22,Tundra
Where company,31.827222,-14.05087,65993,2021-09-23,Urban
Not language,-1.35671,-130.921424,54669,2023-12-07,Desert
Anyone wide,-43.584843,-140.10471,56243,2019-01-01,Wetland
Box smile,-12.607653,-70.073938,82349,2026-03-13,Forest
Audience billion,66.828565,161.491386,75527,2018-02-07,Wetland
Get officer,-84.259413,65.887738,2406,2023-12-20,Urban
Fact daughter,54.727691,-151.138517,95684,2021-11-26,Desert
First interest,-14.313985,-83.069689,26814,2019-12-31,Grassland
Commercial scientist,-44.632088,-36.055023,98979,2016-10-02,Marine
Situation Congress,-83.212288,71.71424,19848,2018-08-25,Marine
Ready method,42.885138,94.751061,31617,2019-03-11,Grassland
Wait property,-0.270928,127.442699,5636,2022-07-10,Desert
American song,-41.467903,-69.877133,70196,2021-08-19,Urban
Join son,52.567853,-130.724338,19237,2018-01-23,Grassland
Anything work,-1.147696,-117.658277,8408,2018-03-01,Forest
Senior page,-81.685252,133.010975,93860,2024-10-12,Forest
Reality baby,-24.363147,145.311133,69951,2022-05-13,Forest
Daughter full,-68.695607,73.761246,84824,2018-03-22,Freshwater
This down,-76.417932,160.44057,70833,2025-08-24,Tundra
Compare south,14.480272,-142.702121,71895,2022-01-14,Forest
True heavy,-17.73845,-7.106735,87485,2020-03-11,Marine
Popular teacher,60.917753,-22.214514,85300,2021-03-22,Urban
Door page,66.131078,47.590902,47564,2020-01-14,Wetland
Peace add,-42.317778,-86.338315,39763,2026-01-12,Forest
Yourself as,68.657569,22.147276,35681,2018-09-29,Forest
Plan family,61.907371,-144.383331,412,2025-03-01,Tundra
Produce will,61.799162,-47.855464,82450,2023-05-21,Grassland
Easy model,-83.04247,-5.448356,48828,2023-06-16,Desert
Surface collection,84.985344,-25.333095,44258,2022-03-24,Freshwater
Ability drive,-67.546797,-90.068923,98265,2025-01-06,Urban
Window natural,-49.321149,77.683097,7508,2020-10-25,Marine
Seem around,45.297499,-81.188078,21126,2020-06-25,Forest
Citizen image,-43.355738,-133.218262,84665,2020-04-16,Tundra
Performance although,71.838086,49.822121,69280,2020-02-03,Marine
Always success,-38.952352,-9.767481,87635,2020-06-28,Grassland
Yet woman,84.034911,173.964503,41393,2025-01-19,Marine
Program practice,61.605555,129.953246,73113,2017-10-10,Freshwater
Sort shoulder,44.388648,67.759657,35815,2017-09-30,Marine
Suffer trial,89.515983,79.66755,86160,2016-10-30,Wetland
Her black,73.230927,-39.059077,25381,2025-06-17,Marine
National go,12.945261,86.88382,55759,2016-08-24,Grassland
Growth however,48.202426,-8.99823,94738,2026-02-21,Forest
Create option,-87.783288,-108.72991,66314,2019-05-29,Marine
Learn beyond,76.988567,124.030295,42573,2023-07-04,Forest
Stop feel,-50.836756,-70.457404,92543,2026-05-04,Freshwater
Point wonder,86.529997,-171.593592,64244,2021-11-10,Wetland
Bring student,-6.716704,-26.568838,34428,2019-02-12,Desert
Event administration,-54.810006,52.959509,85403,2021-04-13,Urban
Travel prove,-14.572442,-70.142172,54435,2019-01-11,Grassland
Anyone commercial,84.588695,173.642309,24376,2025-03-29,Forest
Against worker,-39.366481,-122.891267,7652,2017-03-17,Tundra
Approach cost,32.590147,168.279724,56926,2020-09-13,Urban
Listen attack,-6.969055,-105.312245,83924,2025-02-01,Wetland
Spend place,75.43833,-86.095042,26067,2018-09-15,Tundra
Control conference,4.248449,-98.447079,10291,2016-08-21,Marine
He participant,78.777205,-93.27612,60105,2023-03-22,Grassland
Community pay,-68.924756,-111.038188,97833,2025-11-23,Freshwater
Development even,-2.920009,176.379834,88321,2021-12-10,Grassland
Race notice,-5.399804,33.755933,69871,2023-03-24,Urban
General center,-58.202577,72.911215,61599,2025-07-25,Forest
Control officer,-68.737592,110.93068,46334,2021-01-08,Marine
Certain significant,-88.162462,91.590334,55930,2020-12-11,Desert
Responsibility evidence,-65.596133,13.369925,44042,2023-10-15,Wetland
Out nice,25.571191,56.888876,29387,2022-09-23,Urban
Theory believe,74.032915,41.642842,4582,2024-08-11,Tundra
Yard section,14.512888,156.882355,35217,2021-11-27,Wetland
Couple example,65.607697,76.820614,26843,2022-12-24,Grassland
Sense body,-27.289494,-143.957142,4953,2017-03-10,Urban
Store successful,-22.135913,108.748093,67598,2017-09-17,Tundra
Near face,60.591811,78.964917,97328,2026-02-17,Desert
While decade,87.030336,-13.967639,60583,2017-10-12,Tundra
Air change,-88.340325,156.929263,25095,2022-12-28,Grassland
Society whom,71.570448,45.022771,93523,2024-03-10,Wetland
Teach customer,84.246515,-160.013048,87424,2023-06-19,Forest
Very operation,-61.619963,145.049373,88122,2018-08-14,Tundra
Build list,52.846022,-56.381371,22072,2024-09-24,Forest
Control huge,4.115858,6.659022,79370,2024-04-18,Urban
Phone usually,15.174065,154.620552,20284,2022-11-25,Freshwater
Boy those,64.627179,153.82011,80051,2017-11-07,Grassland
Yard some,84.867213,72.763912,76519,2024-09-06,Tundra
Perhaps citizen,42.778714,136.967086,45927,2021-06-24,Urban
Always citizen,-36.96937,-106.188956,89598,2024-02-25,Grassland
Focus military,-13.146558,-11.073962,48592,2020-06-10,Grassland
These type,-77.559184,-44.050816,22394,2018-03-08,Marine
Drive board,-13.928448,93.795995,5407,2023-03-08,Freshwater
Article do,1.590372,171.056524,15228,2016-07-19,Grassland
Leave somebody,80.141281,99.802218,38548,2019-07-27,Grassland
Bit course,-54.689084,13.565434,56792,2022-11-02,Tundra
Collection child,73.944545,-42.726095,78577,2018-05-13,Forest
Court senior,56.998919,-76.691408,30796,2023-06-26,Wetland
Bit sport,55.992763,-144.082792,27083,2022-05-20,Freshwater
Bill beat,-45.051325,36.830016,56922,2020-04-24,Forest
Congress partner,-42.170002,-38.949329,10372,2020-06-30,Grassland
Name similar,75.268003,165.422607,96039,2021-01-19,Urban
Campaign officer,48.664632,-4.726356,73595,2020-09-30,Urban
Reality between,-57.32841,-44.005601,87454,2019-09-25,Forest
House weight,-39.765599,-75.960026,83423,2022-02-02,Marine
Despite high,-68.939093,-45.30043,60816,2019-04-14,Grassland
Miss part,12.237179,-176.642874,81220,2019-06-24,Forest
According how,39.938035,-22.761706,30650,2018-08-31,Grassland
Ok best,61.878765,-164.819954,69410,2024-03-14,Urban
Whether now,62.037342,64.306904,7414,2022-05-18,Forest
Appear if,24.54927,6.097613,14077,2022-02-04,Desert
Wind necessary,-80.428512,-74.639949,43467,2022-10-10,Forest
Close next,32.651523,72.117755,86317,2019-08-24,Wetland
Make budget,27.063354,-56.681155,84072,2017-04-02,Tundra
End charge,-52.69462,3.471149,75449,2022-11-24,Grassland
Plant finish,36.273612,135.321398,23992,2024-04-23,Marine
Green Republican,35.296075,113.81589,25863,2022-08-25,Tundra
Test west,-42.13452,-58.741491,49584,2022-01-04,Wetland
Five prevent,20.740936,-8.517705,91270,2022-10-20,Urban
Recently college,82.246766,133.496422,720,2025-08-26,Marine
Wrong herself,24.303235,-122.040853,51924,2020-07-22,Marine
Structure wind,-75.697603,-100.829839,75935,2022-01-12,Forest
American yet,54.985451,-97.706612,27679,2023-06-17,Marine
Scene skill,-54.108612,68.928893,38919,2018-09-29,Tundra
Someone Democrat,-79.123502,107.491261,37425,2023-10-24,Tundra
Bank deal,31.44828,174.882154,65083,2017-11-13,Tundra
Yet eat,-65.66048,-60.37918,45679,2018-03-16,Freshwater
On too,-85.745951,-103.059236,80511,2022-07-29,Urban
Serious rise,27.019833,-50.314288,5667,2020-10-28,Grassland
Method eight,-36.707513,-98.529763,47363,2026-03-24,Urban
Leg population,-57.239723,-121.274578,47869,2021-03-04,Freshwater
Worker sing,-25.699422,-91.281176,3973,2020-02-14,Grassland
Public likely,-14.827848,18.959284,82891,2023-02-02,Wetland
People account,22.348917,52.390325,61089,2016-08-19,Marine
The result,54.071877,100.843451,72821,2021-07-11,Forest
Pressure actually,4.946163,-92.036537,61551,2019-08-24,Forest
Such collection,-57.28381,78.688184,42618,2022-10-29,Desert
Message prove,53.128305,-27.630417,17845,2021-12-17,Marine
Tough kind,44.575828,-149.203789,70447,2025-06-20,Freshwater
Probably similar,83.868833,-15.29117,8360,2022-04-16,Forest
Real too,-44.51539,42.043531,19043,2025-01-21,Desert
Evidence themselves,34.485663,-132.514877,54827,2016-12-22,Grassland
Subject season,42.080496,-72.577148,25284,2024-07-07,Forest
Others little,-72.307186,150.932183,49421,2023-06-27,Freshwater
Grow region,40.918874,17.726036,75041,2026-04-14,Grassland
Deep together,-62.857046,140.52257,43818,2026-02-24,Desert
Perform scientist,-65.34835,45.60793,25395,2020-09-01,Grassland
Entire air,55.528804,-19.007097,73768,2019-02-07,Desert
Score past,19.919655,-89.019793,81215,2019-02-09,Wetland
Glass through,-68.967592,-166.448618,31924,2019-05-11,Desert
Relationship show,67.555623,77.714513,42546,2025-09-12,Urban
Impact pattern,-60.358233,-89.60356,99239,2021-11-19,Freshwater
Project somebody,-56.21144,-8.205503,61034,2025-05-15,Tundra
Late for,18.288253,113.786387,35821,2024-04-21,Grassland
Analysis general,-18.234537,179.244374,65117,2017-04-21,Forest
Conference eye,71.324899,84.935325,73195,2018-07-04,Freshwater
Party keep,-88.76929,-67.427201,41112,2022-12-03,Tundra
Need up,-56.68796,-158.050795,79916,2025-10-10,Forest
Development soon,33.770109,118.991115,20210,2019-11-04,Desert
Involve candidate,-6.481501,-21.294745,32751,2023-01-27,Grassland
Decade before,-19.273635,26.838316,83148,2017-01-06,Grassland
Them thus,-26.97045,26.126967,62076,2024-07-26,Tundra
Walk enter,-82.051101,-50.118191,49426,2025-07-24,Grassland
Wall production,-82.09319,142.089875,68761,2021-05-12,Grassland
Manager reflect,-53.366005,17.923568,15044,2023-05-27,Tundra
Couple change,-18.371798,-146.320775,19849,2022-07-01,Forest
Tend think,-40.967314,91.343567,39983,2024-08-23,Urban
Against they,-9.725865,9.893763,14459,2018-05-24,Urban
Would somebody,15.583493,-174.421758,85411,2017-05-15,Urban
Yard large,21.613012,-167.01254,45850,2021-09-05,Grassland
Training water,-16.306613,-170.09795,44134,2022-08-08,Urban
Remain save,-44.979712,-179.767634,72844,2022-04-04,Marine
Student field,47.554883,91.127911,3538,2021-07-26,Desert
Simple agent,60.627447,-15.541346,76352,2019-04-12,Marine
Produce fall,58.27957,1.348787,82343,2018-12-24,Urban
Guy baby,-42.790886,-69.362379,99260,2020-10-04,Forest
Cell join,40.310772,79.330669,79256,2020-08-19,Urban
Push sell,-54.006616,59.314575,18828,2017-10-14,Desert
Nation realize,-54.084431,-10.596492,44282,2025-02-22,Tundra
Service car,-65.424417,114.501126,90948,2024-10-03,Grassland
As would,69.674692,-146.466024,82437,2025-05-10,Urban
Decade health,48.698944,-1.291614,3720,2024-07-03,Desert
Character forget,37.495763,-159.543517,57178,2016-08-24,Forest
Soldier task,-85.579017,28.744662,11090,2019-12-19,Grassland
Wall party,-66.578323,-132.690239,90365,2020-09-27,Desert
Number yard,-28.440414,12.325707,25593,2018-08-12,Desert
Goal culture,18.147407,163.864292,35580,2021-03-12,Urban
Audience specific,-13.408727,-141.059008,72814,2019-01-09,Wetland
Decision power,74.268759,-119.512385,92538,2023-09-01,Tundra
Pull away,-37.136139,-14.959773,46329,2019-12-07,Tundra
Government world,13.011108,-170.780702,75249,2016-10-26,Wetland
Good exactly,65.68767,0.723688,92950,2018-11-17,Wetland
For once,30.439837,163.518642,10208,2019-03-12,Desert
Spend land,74.249717,-14.392242,40954,2024-06-16,Tundra
If maintain,14.300612,28.054852,95617,2018-11-16,Forest
Great enter,-36.865387,-32.639019,66721,2019-10-06,Freshwater
Four people,20.066448,150.894362,22496,2022-09-19,Desert
Foreign true,40.105829,128.176315,10293,2023-11-08,Forest
Key trouble,30.872466,120.228381,40589,2021-08-05,Forest
Firm door,-11.584552,171.205925,65945,2021-07-29,Freshwater
Rest PM,53.221462,-20.409529,50429,2018-09-25,Urban
Say coach,41.40083,-36.743773,29341,2022-06-10,Marine
Government seven,75.075506,-92.058943,83636,2017-05-30,Forest
Also happy,-0.093315,-38.580386,42138,2020-07-20,Marine
Station spend,76.280356,-19.65104,48506,2018-04-15,Marine
Just including,-78.465664,-27.849912,65351,2016-09-25,Tundra
How ever,-47.128919,-137.155959,21220,2023-08-10,Marine
Where data,10.034027,154.972779,1932,2020-10-25,Forest
Room officer,32.378862,-48.334689,40432,2021-09-11,Tundra
Next run,29.729008,-52.554003,69398,2025-01-15,Marine
Card suggest,-40.640381,-94.395362,16980,2022-02-02,Urban
Reflect I,78.848752,-52.560216,42958,2024-12-11,Forest
Perhaps feeling,-28.993212,-12.438627,92195,2026-04-06,Urban
Administration two,83.00891,-144.429207,26623,2018-05-17,Desert
Science scientist,-6.506839,112.63609,97885,2021-03-21,Desert
Official film,-35.123175,84.060159,48325,2019-12-15,Wetland
At discuss,-75.182672,48.065006,2183,2025-03-14,Freshwater
Name religious,82.332215,133.49086,9896,2020-05-14,Wetland
Factor catch,-38.53106,-58.748738,68643,2023-12-15,Wetland
Product senior,36.037601,-76.916361,95106,2022-08-14,Desert
Develop per,89.858318,120.315067,79870,2017-08-25,Urban
Baby from,37.896518,109.410645,82230,2022-04-09,Freshwater
Today wife,22.207043,-49.883097,34295,2018-05-24,Marine
Any past,-49.316892,50.710321,50872,2016-11-01,Tundra
Fill learn,17.222792,169.931293,94403,2019-09-09,Marine
As strategy,-40.945566,168.89308,78533,2022-06-06,Grassland
Necessary those,-56.607478,-125.878312,882,2016-11-24,Urban
Drug today,25.297505,-156.874083,52944,2018-12-24,Marine
Seem during,70.100313,91.442903,82092,2023-12-20,Marine
Thousand suddenly,52.321185,-146.50983,44052,2020-09-30,Marine
Million tend,-59.996359,55.722529,24359,2025-09-27,Forest
Force stay,42.669085,45.637368,12869,2019-11-10,Wetland
Hair find,63.554495,-173.769556,93926,2022-07-09,Grassland
Method both,46.453087,-45.489569,93405,2022-06-21,Forest
Occur media,-33.335563,131.617553,85592,2024-03-04,Desert
Research light,-44.508551,87.563735,80742,2024-06-17,Desert
Power plant,10.568656,-176.512382,90250,2026-05-28,Urban
View seat,-78.604293,139.494704,47346,2019-09-11,Wetland
Pm public,17.416729,-155.068019,41993,2023-11-03,Grassland
Name nature,9.383883,-83.595107,71088,2018-02-21,Freshwater
Cause media,82.136958,-157.506513,38166,2026-02-22,Wetland
Surface major,68.210784,-155.707941,52097,2026-05-30,Marine
Present not,-56.924875,28.52411,33259,2021-07-02,Tundra
Pick Republican,-19.087604,-11.92713,22942,2022-09-30,Forest
Instead call,-50.800591,38.172573,29621,2018-07-30,Wetland
Safe across,12.20026,135.472158,3414,2024-10-06,Marine
Never lead,81.362386,-104.800727,4973,2023-07-08,Grassland
Claim soon,-78.547465,152.980524,4213,2025-04-12,Freshwater
Rich speech,24.006918,78.11447,12763,2018-04-10,Freshwater
East detail,16.747513,-149.822265,26327,2020-09-10,Wetland
Kind political,-22.280985,119.595267,9863,2022-12-17,Forest
Notice however,-15.513596,152.255828,97946,2018-09-15,Grassland
Ask far,-9.984027,171.149379,99136,2021-11-10,Tundra
Attention eight,76.606873,-127.303659,2952,2022-03-17,Tundra
Thus Mr,-11.126233,-24.016927,21518,2025-06-03,Tundra
Form shoulder,69.458331,-79.206549,11645,2022-05-06,Freshwater
Pattern provide,-16.717928,37.460597,82029,2026-07-04,Marine
Responsibility nor,6.377923,52.693591,11087,2025-02-09,Urban
Stand surface,-36.167127,73.703487,33877,2025-02-19,Tundra
Me budget,-49.487565,-129.822718,93185,2025-10-31,Marine
Item poor,46.7766,-38.94191,67736,2025-10-26,Grassland
Movement on,58.913612,-168.248158,64626,2022-11-04,Desert
Same also,36.334019,80.864891,25965,2019-09-11,Freshwater
Level television,48.82379,163.554301,12086,2017-07-11,Marine
Citizen development,69.496063,4.815815,73347,2023-04-18,Forest
Interview first,-28.50618,127.512697,55279,2026-03-19,Marine
Risk rate,-3.297324,70.757238,273,2026-04-22,Freshwater
Laugh machine,28.270065,-159.418123,53155,2018-02-08,Forest
Here citizen,13.586362,-47.636523,93096,2017-02-22,Wetland
Best learn,-44.673037,-151.593881,57620,2021-10-05,Freshwater
Leg easy,-37.383761,172.451837,79813,2025-10-21,Freshwater
Traditional capital,35.196389,51.837637,45061,2018-01-20,Forest
Sort where,-58.256453,19.701289,13889,2016-09-26,Grassland
Interesting building,-76.112642,-82.491374,4812,2022-09-08,Freshwater
Vote center,-42.108868,137.711758,94221,2017-07-20,Tundra
Short heavy,1.246334,65.89198,19485,2018-10-31,Desert
Above society,-81.647604,85.858962,12345,2024-11-28,Desert
Drive parent,-21.730152,-118.435563,74737,2016-11-21,Grassland
Property better,-45.818721,4.293995,23029,2025-04-10,Freshwater
Machine soldier,25.807338,-34.292763,12726,2019-09-07,Freshwater
Under although,24.203271,128.072988,97554,2023-06-12,Urban
Wait age,-80.716569,119.82092,28210,2021-10-06,Forest
Everyone star,14.515598,-130.798587,72827,2023-07-27,Wetland
Room see,-10.566022,152.8429,62203,2024-03-24,Grassland
Court amount,68.007935,-102.122104,86903,2023-06-28,Marine
Painting civil,55.909434,-2.013102,35521,2023-06-24,Urban
State ground,-77.508936,153.222775,35304,2017-12-10,Desert
Sing economy,5.896642,-160.816406,6056,2019-12-22,Tundra
Own choose,-24.63261,18.53754,29696,2016-08-19,Tundra
Agency require,57.414465,-29.711717,85223,2018-11-13,Grassland
Order score,4.622189,93.859391,19475,2022-07-20,Wetland
Ask tell,40.323937,-87.992497,61209,2019-08-24,Freshwater
Among blood,-60.795581,-65.270766,72207,2021-03-30,Wetland
Any person,77.158771,59.025943,52971,2022-07-26,Urban
Economic consider,51.534888,63.911919,20529,2018-07-18,Wetland
Wall body,-60.066158,-9.798766,7683,2022-11-01,Forest
Director value,62.260965,46.9667,28231,2021-05-22,Grassland
Drive according,4.1668,-70.834095,72736,2025-05-09,Urban
During which,-77.832054,-132.193177,73884,2019-11-17,Desert
Service quickly,-13.575523,107.504991,28275,2024-07-30,Wetland
Focus under,18.453911,111.580117,63373,2021-03-23,Forest
Coach on,-34.102779,173.854427,38703,2021-10-26,Grassland
Fire animal,34.071903,53.050257,31858,2017-06-20,Forest
Final well,40.345369,-113.308196,81626,2023-08-18,Grassland
Purpose simply,71.463131,-92.764475,21054,2017-04-07,Marine
Finish low,-76.180991,-45.6879,16234,2024-11-09,Wetland
Military may,-13.298475,-93.799382,16255,2019-07-11,Freshwater
Tend best,-51.018666,-17.803555,4078,2025-05-16,Marine
Husband she,64.474424,-179.66494,90643,2020-06-04,Freshwater
Professor treat,50.549592,-79.80218,85037,2024-12-19,Freshwater
Son role,-28.593538,73.345676,4624,2024-08-26,Freshwater
Agreement rise,-4.265393,-16.776844,47476,2016-12-31,Forest
Head forget,-15.47531,-96.786552,55986,2018-01-27,Marine
Government hair,20.7583,149.764041,49871,2024-01-22,Urban
Why radio,9.417903,-97.878913,87019,2026-02-07,Wetland
Need interesting,-75.043659,177.473615,55706,2019-12-03,Desert
Degree home,-66.246318,-43.677978,8426,2016-11-16,Freshwater
Power see,89.941271,95.347291,12629,2023-08-13,Forest
Huge high,5.054508,-91.522942,11100,2022-01-04,Grassland
Particularly price,37.294504,98.724062,17119,2022-03-14,Urban
Pressure late,4.572503,20.936027,60808,2022-09-16,Marine
Face play,65.392032,140.578122,51955,2022-10-07,Marine
Consumer across,-53.735836,132.21893,27587,2022-04-08,Freshwater
Security heart,-36.397118,34.400486,41841,2017-09-08,Tundra
Sound nature,-10.305227,122.549964,79743,2017-11-12,Grassland
Might research,-84.28041,37.097377,57426,2024-10-09,Marine
Bed down,60.040295,-28.756249,477,2026-02-01,Tundra
Couple popular,-70.590234,29.238992,55556,2024-11-10,Grassland
Vote bed,76.189434,26.680125,26096,2021-03-13,Freshwater
Not race,11.600567,-99.03421,21238,2020-04-07,Freshwater
Produce nothing,73.258621,-13.900816,50407,2018-03-11,Wetland
Defense campaign,26.321584,124.643432,34553,2026-06-15,Urban
Interesting section,-71.885366,-161.266155,56243,2017-12-16,Freshwater
We age,-82.881565,46.044484,35834,2024-08-17,Desert
Health get,-23.306088,-103.595567,41803,2018-06-12,Forest
Suddenly government,5.747206,127.375413,81681,2020-03-01,Marine
Statement scene,-26.451617,-160.223176,53214,2020-10-24,Marine
Unit figure,88.984561,54.181757,68401,2021-07-24,Grassland
Anyone to,23.598888,-4.879325,10951,2025-08-20,Grassland
Through shake,-2.893816,-103.773475,71751,2023-01-22,Wetland
Its clearly,84.068437,-4.855013,62878,2018-03-30,Urban
Rich deep,-44.884595,24.689995,70998,2022-12-17,Marine
Focus skill,-67.770787,69.739887,55781,2020-03-10,Tundra
Yard walk,-12.934792,-0.831146,21365,2026-07-17,Freshwater
Edge recent,-15.811124,111.701201,1731,2025-02-25,Marine
Hit particular,-84.206192,-112.598053,16790,2017-11-24,Forest
Message minute,68.824268,-69.541906,6344,2017-02-13,Desert
Me without,-4.784802,122.802008,62160,2023-05-01,Forest
Or need,-41.172227,-29.067422,84000,2018-07-29,Desert
Region go,-34.041244,86.003121,33290,2020-05-12,Desert
Worry west,45.710444,-56.644281,51222,2022-07-09,Grassland
Unit western,-28.439427,53.551071,58274,2018-02-16,Forest
Within employee,-27.176789,105.978909,8025,2017-11-11,Tundra
During practice,74.599135,-48.677258,47120,2019-05-21,Marine
Move challenge,-51.772905,119.77479,81012,2026-02-01,Marine
Half never,-66.194142,-131.95564,41940,2024-02-12,Marine
Plant who,21.641629,57.827107,24166,2023-11-11,Forest
Kitchen treat,71.256957,137.262019,22334,2024-11-28,Marine
Against certainly,-15.752991,35.410185,55726,2018-12-20,Desert
Again image,60.678759,-99.695533,96217,2016-10-17,Wetland
Bring every,74.088129,12.640316,2274,2021-09-24,Urban
Turn Congress,-35.115781,-5.039044,85293,2017-05-28,Wetland
Exist land,30.239088,0.388358,56940,2021-10-11,Marine
Check see,-49.319821,169.602052,35510,2016-08-13,Grassland
West campaign,26.921849,-98.38865,28615,2018-11-14,Tundra
Society pick,60.314008,-8.396654,33877,2021-08-03,Grassland
Clearly trial,68.061544,154.166492,65357,2022-05-22,Forest
Security candidate,70.781339,37.315824,65017,2025-02-11,Wetland
Capital during,-51.745736,73.858613,32414,2018-10-03,Forest
Imagine race,-28.305095,-99.422619,81971,2020-01-30,Marine
Catch huge,-65.883265,47.570899,50225,2021-05-01,Forest
Idea discussion,54.166218,-105.51778,86197,2021-07-14,Freshwater
Among make,59.828267,-146.837164,1279,2018-01-02,Desert
Once to,14.878833,170.619869,6233,2026-07-16,Urban
Imagine size,0.277628,-179.530212,7710,2023-06-23,Desert
Subject find,28.105424,79.80982,75010,2021-09-20,Marine
Girl book,-6.541715,-41.948534,43833,2018-10-18,Forest
Last different,78.234462,79.746952,83331,2026-04-13,Desert
Walk experience,18.075705,45.634269,47224,2020-08-16,Freshwater
Player accept,24.221868,113.977469,3344,2022-01-05,Freshwater
Argue mouth,-54.222148,-65.293491,72397,2016-10-02,Desert
Argue offer,-36.314223,44.141441,38471,2022-02-23,Wetland
Sport or,35.812908,83.525636,86052,2021-02-11,Grassland
Discuss report,35.061588,37.802164,37589,2022-11-02,Forest
People even,12.960718,6.187098,72783,2021-06-07,Grassland
System account,14.265999,-166.949212,36807,2022-08-29,Marine
Involve three,4.690927,154.985381,89697,2021-07-08,Wetland
Nature nearly,-30.130534,12.379705,87539,2020-01-31,Grassland
Western involve,-74.787265,-146.728424,70643,2018-11-10,Marine
Husband full,-64.193405,169.26714,75972,2022-01-04,Marine
Least language,-2.444782,-6.791309,22933,2020-02-05,Forest
Charge west,-49.297194,-46.798298,32888,2024-08-28,Wetland
Budget movie,-27.726315,-39.192949,71986,2026-06-02,Marine
Enough method,30.34268,13.858604,79479,2018-06-25,Freshwater
Ten state,-34.396384,-26.326425,28132,2018-02-12,Grassland
Possible but,13.275893,-129.204513,5665,2016-09-17,Freshwater
Tell her,47.851196,27.242791,20753,2023-08-25,Urban
Like admit,-19.542326,-61.801183,18461,2024-10-20,Forest
Parent yourself,56.814661,55.770907,17968,2025-01-04,Forest
Economy foreign,86.152335,69.874168,52841,2023-07-17,Desert
Moment thank,-89.109791,148.227653,79802,2016-11-11,Tundra
Away drive,-9.235994,46.007646,93549,2025-12-01,Tundra
Sometimes great,-70.686427,-93.843309,30422,2016-07-30,Desert
Yes worker,11.078255,134.872784,18634,2022-02-03,Wetland
Race parent,-52.810466,119.989728,4576,2022-10-24,Forest
Nation form,-61.889119,59.439493,15553,2023-02-11,Urban
Fast artist,29.187859,4.268324,88367,2020-06-08,Marine
Article evening,-30.335806,-75.540177,56685,2022-05-12,Wetland
Rate relationship,76.233303,150.414777,45833,2016-12-25,Desert
Play their,-87.450637,179.98631,95313,2016-10-09,Desert
Majority reveal,-30.430511,-151.671251,23435,2023-07-26,Tundra
Person baby,-50.727801,10.702909,67278,2024-05-22,Wetland
Sea true,66.981832,-150.162141,69741,2017-07-08,Tundra
Each those,-14.931519,-113.345434,42232,2018-02-16,Desert
Think imagine,79.454176,158.952701,56998,2021-01-02,Marine
Culture concern,-31.213266,12.744562,82361,2021-02-05,Marine
Kid side,30.807454,6.063107,68930,2019-08-23,Forest
Across front,5.9824,-2.385771,90309,2022-07-24,Forest
Likely rule,-65.069056,-53.978897,86200,2023-12-20,Forest
Sense guess,-62.528188,108.307227,56321,2020-11-18,Tundra
Certain avoid,7.807621,122.656465,64488,2022-11-08,Freshwater
Guess money,45.059206,42.336579,43503,2023-11-20,Freshwater
Small raise,19.418495,82.939411,60445,2022-10-23,Grassland
Place with,-46.186237,90.422067,65551,2016-09-11,Wetland
Dog mouth,5.830859,-44.660777,41815,2020-01-01,Forest
Quite test,-13.097432,140.5731,63528,2021-09-16,Forest
Might able,79.586746,-96.749899,63521,2022-02-13,Urban
Stuff against,-67.461962,-67.085429,26763,2025-06-25,Grassland
Will world,-41.334789,52.803151,93959,2018-12-04,Grassland
Republican financial,-25.312642,141.505884,23440,2025-08-24,Wetland
Second join,-40.347715,101.00004,32220,2025-07-11,Tundra
Anyone board,-87.773526,-126.867901,487,2018-09-29,Desert
Pick data,-71.996412,46.936194,43238,2023-05-30,Marine
Later mean,87.862989,154.869073,71400,2025-06-09,Forest
Stop natural,-53.809449,-147.787767,78212,2021-11-05,Grassland
Month call,36.091811,57.161405,90719,2022-09-16,Wetland
Industry development,-23.872069,-49.582464,76334,2024-09-28,Tundra
Far mission,30.51756,-122.974119,9188,2017-03-02,Grassland
Must product,27.109773,-95.047519,49752,2020-07-09,Tundra
Course new,-67.699051,-171.253943,43550,2025-04-15,Forest
Watch offer,25.664954,35.99924,59622,2023-09-18,Forest
Evidence front,-47.874811,-116.509145,11030,2023-08-12,Freshwater
These use,8.632757,151.424747,33954,2018-01-17,Tundra
Each pretty,71.074562,-147.004868,87865,2023-04-02,Desert
Feeling program,10.47032,-157.317793,51807,2020-05-31,Urban
Improve better,-57.243455,114.883511,42261,2019-06-07,Wetland
Their theory,84.884281,106.140632,50739,2026-02-12,Grassland
Animal safe,-37.255144,153.689055,65192,2020-12-14,Tundra
Character film,-27.090769,29.531287,13559,2024-02-11,Tundra
Such price,-87.387882,179.97227,64856,2024-04-18,Desert
Act officer,14.213128,-29.762529,25656,2018-02-11,Desert
Dark door,-52.033569,-22.494682,48743,2025-11-24,Freshwater
State should,-52.386939,-99.877365,11308,2021-10-08,Freshwater
Too husband,3.483786,176.831293,21426,2018-08-07,Freshwater
Court pay,-73.445373,-47.084729,92826,2018-11-13,Tundra
Enough political,84.196504,85.953922,12795,2023-02-16,Marine
Agree check,61.931909,71.53989,8307,2024-06-08,Tundra
Later artist,-82.075372,90.660131,13350,2019-06-26,Tundra
Assume major,47.992523,151.920115,79423,2023-10-28,Forest
Game discover,-52.986847,85.762115,24195,2023-07-19,Forest
Wife dog,51.370192,-29.254583,40763,2022-07-15,Tundra
Star watch,-39.302944,-40.965186,27888,2021-05-14,Desert
Probably your,-47.332502,-47.742695,56368,2020-03-27,Tundra
Too power,-74.744914,20.397926,78107,2021-03-21,Marine
Gas main,3.420539,-97.559318,65322,2024-08-13,Forest
Trip visit,25.758153,-128.043152,22471,2021-08-12,Grassland
Today rock,-87.939558,-174.787276,12679,2018-06-28,Urban
Wide ground,87.709535,-16.522261,36627,2022-03-31,Tundra
House husband,-83.696782,32.725235,59012,2023-10-28,Forest
Body name,-42.624848,-70.486093,38596,2022-04-13,Grassland
Moment wall,-6.072813,-97.944461,65420,2025-10-28,Urban
Action first,78.731833,-116.606141,66755,2025-03-12,Freshwater
In factor,79.712724,-98.1966,40308,2021-01-04,Forest
Major air,-7.268448,82.254552,65848,2016-12-15,Urban
Issue case,71.531357,-91.498088,76112,2024-08-18,Wetland
Interest open,-62.334912,-105.388819,58954,2022-06-22,Wetland
Data last,-6.886078,-131.927734,44746,2018-09-11,Desert
Consider almost,77.963734,175.459091,42491,2023-03-24,Urban
This resource,16.916175,-128.4669,62196,2024-07-14,Tundra
Involve view,-73.707415,-125.567845,59575,2024-08-07,Grassland
Whole before,-77.68781,18.215058,2042,2026-03-21,Desert
Whole TV,-32.126683,-169.572143,6033,2025-03-28,Desert
Million space,-30.791734,167.917792,88749,2023-01-15,Grassland
Military home,-74.250891,41.141628,69672,2016-07-26,Freshwater
Talk staff,-84.691966,-118.881488,19138,2021-07-08,Grassland
Husband lay,55.827013,-13.377101,66322,2023-12-28,Grassland
Might house,35.898843,-104.291338,57946,2022-11-17,Desert
Play day,78.883026,-104.474771,56956,2023-12-09,Wetland
Early blood,36.689916,78.471305,66005,2020-11-30,Forest
Tonight guess,-54.013708,159.705961,87921,2020-11-20,Grassland
Even will,-67.450251,122.71203,26910,2021-09-21,Grassland
Still stage,88.525965,2.668062,698,2023-04-25,Wetland
She some,29.305087,119.824015,78328,2024-02-16,Grassland
Similar claim,46.412008,-25.895447,20645,2021-04-22,Tundra
Quickly five,46.174162,51.328313,96341,2019-02-26,Desert
Republican understand,41.842687,-132.204899,49787,2024-01-12,Tundra
Image out,-50.342526,44.980628,64898,2026-01-28,Freshwater
Thing firm,50.802,4.193013,26498,2022-06-17,Tundra
Which entire,85.613391,58.295088,42377,2021-05-19,Grassland
Service vote,-40.37377,-62.323827,92318,2026-06-12,Urban
Fear purpose,-45.200382,66.17289,85682,2025-05-24,Freshwater
Natural pattern,-41.388653,-75.064986,98669,2024-01-13,Marine
Baby remember,-53.190716,-112.696776,53502,2026-03-27,Urban
Guess realize,-62.843378,82.398232,53306,2023-03-20,Marine
Herself listen,6.251758,-94.666635,27097,2025-10-08,Desert
Include simply,84.474316,-76.184316,41438,2018-11-20,Forest
Gas before,-37.539556,-146.018596,49610,2019-03-25,Urban
Across concern,-55.553078,-52.697886,25577,2019-10-11,Urban
Cold guy,-73.898858,-113.267356,82816,2017-04-27,Freshwater
Focus become,65.750469,39.389928,51077,2021-06-03,Grassland
Suddenly community,58.698634,159.857661,4098,2020-12-01,Forest
Recent wife,87.365236,-52.587856,54854,2024-11-06,Wetland
Southern again,46.848191,149.217294,36468,2022-02-01,Freshwater
Left old,-46.069317,57.920792,17313,2018-03-28,Urban
Collection lay,66.813175,177.672514,6456,2023-01-31,Forest
Here dark,78.465468,-85.224117,56470,2017-10-08,Tundra
Few TV,-43.816348,83.302618,49059,2021-04-27,Freshwater
Theory plan,-62.863515,-104.728447,8265,2023-05-10,Urban
Color believe,77.656983,-58.961188,68797,2017-07-01,Tundra
Lead phone,-15.008609,168.065579,51873,2021-08-04,Desert
Bring information,7.478469,14.053173,27199,2020-10-25,Marine
About heart,-55.379001,-164.295853,4937,2021-01-03,Urban
Film listen,7.796344,-154.897399,11159,2020-07-09,Urban
Involve several,71.619797,-164.55641,29985,2018-02-27,Wetland
Write second,35.584109,-5.685644,64254,2021-06-19,Wetland
Degree religious,-68.612282,-108.252638,47405,2024-05-24,Urban
Various term,-18.89465,76.533151,15835,2026-05-31,Freshwater
News choose,-75.725184,52.174929,59864,2024-10-02,Freshwater
Up hot,-46.987368,-131.928288,95193,2020-08-02,Urban
Treat recognize,-60.206875,46.757926,26293,2016-09-18,Freshwater
Become understand,58.330223,-130.400437,15554,2020-08-29,Freshwater
Yes bank,46.057798,-164.998316,42451,2023-04-07,Grassland
Design mean,8.223993,-12.544829,41846,2024-10-17,Forest
Agent house,36.396811,88.006217,22251,2018-01-25,Wetland
Conference order,-22.202675,-134.464587,39892,2026-03-18,Tundra
Himself certain,-68.229092,-1.019762,11184,2021-11-07,Marine
Agreement avoid,-60.539724,-177.911195,40261,2020-01-18,Freshwater
Doctor true,86.303118,29.14513,63696,2021-01-13,Wetland
Foot either,80.269881,-0.455403,59774,2022-11-08,Freshwater
Woman population,11.792397,-28.648169,76861,2024-10-24,Marine
Meet evidence,-2.172781,145.862468,28210,2021-04-02,Urban
Such happen,44.229857,-147.444239,92524,2024-04-21,Marine
Character song,31.832657,164.544809,47525,2017-04-28,Grassland
Commercial out,76.378129,-80.896738,29007,2024-11-25,Freshwater
Officer behind,65.617792,-129.777509,75485,2017-07-09,Forest
Spend imagine,-5.485785,-21.279047,55297,2025-03-03,Marine
Night Republican,60.533601,160.645689,30269,2025-09-06,Urban
Avoid fall,41.215087,-33.2588,85078,2023-01-02,Desert
Special outside,52.657282,10.430328,94674,2020-10-25,Urban
Personal study,-29.140823,-4.211943,2065,2017-10-09,Urban
Design behind,32.023926,75.074781,28441,2023-09-23,Tundra
Every ok,-35.920633,147.051074,55052,2022-03-18,Freshwater
Tonight enough,83.38177,-37.649421,21406,2025-10-11,Marine
Bring thought,-57.725295,-53.741329,39994,2021-01-06,Wetland
Media safe,-26.064028,-94.978662,2554,2017-05-01,Desert
Wear voice,-85.479293,-73.039469,99355,2024-10-13,Urban
Analysis whom,16.570319,89.991302,90534,2017-01-15,Wetland
Vote instead,-75.420478,146.267713,6497,2016-11-12,Freshwater
Finally today,88.400751,125.043788,69219,2019-04-24,Wetland
He dinner,-47.712544,170.180938,90498,2024-11-22,Grassland
Product put,54.626089,51.455222,49953,2018-10-19,Wetland
May wear,50.748338,108.13154,54149,2019-03-31,Grassland
Somebody might,-56.896568,-70.978789,34565,2025-12-28,Freshwater
Power onto,-19.76604,65.669759,53596,2022-12-28,Grassland
Rest including,70.867414,114.396787,84530,2016-12-30,Tundra
Get television,-67.185587,41.128857,37972,2017-10-22,Forest
Reduce from,-54.778135,-93.784617,24054,2025-05-28,Freshwater
Culture which,-59.51162,118.123744,98170,2019-12-17,Desert
Clear control,-76.820164,-11.709832,77740,2024-08-29,Wetland
Street worry,-60.24719,150.433176,29671,2024-08-23,Grassland
Build coach,35.620785,65.479998,15532,2023-09-26,Wetland
Away minute,-83.133924,-136.943364,32799,2022-09-29,Tundra
Spring fine,-50.794547,-13.865108,79986,2022-04-12,Desert
Price campaign,58.258005,58.050776,95601,2024-12-05,Wetland
Standard past,57.242548,-126.882401,3510,2020-11-04,Urban
Picture group,-57.656631,135.548627,12337,2024-07-31,Wetland
Economy school,10.754134,-132.783891,94590,2022-09-26,Freshwater
Necessary material,10.541334,-139.623074,81356,2017-02-10,Tundra
Land letter,18.724084,20.653579,17635,2020-08-11,Marine
Likely usually,-75.62468,56.704375,67140,2018-12-25,Forest
Local series,26.033874,-151.763716,51180,2024-08-21,Wetland
National or,-11.302635,-49.901328,95681,2017-07-15,Marine
Particularly like,-1.022539,135.069703,53910,2022-05-22,Forest
Site month,-14.492925,44.123502,95665,2024-06-29,Wetland
Guess Congress,-7.254264,-54.82528,25114,2024-07-05,Marine
Star particular,87.831084,-37.293286,55273,2016-09-23,Freshwater
Person red,-69.426541,31.655989,79716,2020-03-09,Freshwater
Avoid specific,17.969058,41.55167,93613,2023-12-13,Tundra
Edge remember,-48.841031,-120.186568,97992,2024-08-04,Wetland
Significant audience,-89.837586,-110.39099,53092,2017-12-28,Freshwater
Daughter resource,-66.870623,-148.664951,90069,2019-02-17,Urban
Upon perhaps,55.165279,153.441924,5985,2022-06-02,Wetland
Radio investment,-47.811929,133.191173,61173,2020-04-08,Desert
Any reveal,24.386401,-31.257972,6416,2016-11-27,Tundra
Forward high,-19.225782,-82.328595,16328,2019-04-12,Grassland
Another no,4.886064,74.894253,10868,2023-09-30,Tundra
Might or,-23.979551,61.592211,11760,2018-10-06,Wetland
Good oil,19.102638,170.663248,64709,2021-11-13,Wetland
Inside tax,74.466738,-123.418268,8839,2022-03-24,Desert
Once north,77.935708,-37.568005,40851,2016-12-22,Wetland
Writer activity,26.523376,-4.942521,60306,2022-05-18,Forest
Pm box,-63.55144,-51.755405,51941,2016-12-24,Grassland
Discussion certain,36.764488,175.796283,93683,2021-06-20,Freshwater
Quite pick,24.160296,99.454481,45776,2023-07-15,Forest
Suffer knowledge,59.693198,-116.079482,27806,2017-06-13,Urban
Ready only,51.082024,67.233688,86599,2024-01-20,Marine
Woman debate,-50.336773,-59.746281,28814,2023-06-02,Freshwater
Throw movie,-50.389161,-152.354985,55553,2025-04-13,Forest
Save especially,-19.375607,-140.913039,92524,2017-01-25,Wetland
Off list,76.445618,-70.515962,71244,2021-11-03,Wetland
Should gas,-43.738217,127.246426,28667,2017-10-09,Forest
Shoulder current,21.655016,76.99586,33888,2018-01-08,Urban
Member do,-56.395145,-45.422685,3680,2026-01-31,Grassland
Manager dog,-84.859034,-90.618102,1371,2017-06-16,Tundra
Six practice,9.898988,-57.865865,92964,2026-03-15,Marine
Interview agency,88.33994,-43.941531,21313,2024-01-11,Urban
Already tonight,-66.29251,95.276461,73640,2016-09-26,Grassland
Style life,37.378236,-115.788593,44191,2025-02-07,Tundra
Them Mrs,-4.599151,-90.791399,67337,2019-11-08,Urban
Data two,-54.545906,-69.365711,56995,2016-09-20,Grassland
Back end,34.183493,147.329737,65444,2021-09-23,Forest
Wish foreign,-20.836691,-37.831477,16800,2025-02-27,Freshwater
Difficult recently,79.413839,169.257988,72225,2026-03-03,Marine
Poor watch,48.748815,-173.203565,86888,2024-12-12,Freshwater
Would her,-37.448461,80.03142,53728,2022-06-16,Tundra
Kid clear,17.655369,103.041672,2423,2022-02-01,Forest
Work mother,-59.5843,75.148859,7880,2020-10-08,Urban
Human man,-18.177939,67.093855,77756,2018-12-10,Forest
Behavior in,31.533654,150.179318,56335,2021-11-04,Grassland
Billion cost,-53.820403,-107.096938,39910,2021-11-30,Grassland
Ball nature,-27.303522,174.172488,58607,2020-10-28,Urban
Fly base,1.446674,20.075671,57099,2024-03-08,Desert
Middle interest,54.497586,5.850315,27471,2016-09-25,Wetland
Fish bag,54.866069,46.967892,95582,2019-03-10,Marine
Cause leg,-75.850929,159.066717,1838,2018-05-06,Urban
Public weight,54.49201,-143.799647,38581,2021-03-24,Forest
Stage of,-70.057158,69.098667,2095,2019-05-06,Desert
Factor down,46.732374,-87.519466,8162,2025-09-29,Urban
Service tend,-75.053172,-35.324665,32653,2019-11-23,Forest
Green positive,-89.930246,-68.9488,56508,2024-07-10,Grassland
Ahead land,-86.78106,-61.735068,7332,2019-07-29,Forest
Reveal economic,85.368968,67.699452,87132,2016-11-02,Desert
Kid effort,74.339038,-143.024523,14194,2022-04-29,Wetland
Ahead decade,55.338465,6.924073,56608,2021-08-15,Tundra
Shake condition,83.370283,119.931108,36854,2025-08-27,Forest
Involve too,-13.100372,84.52684,59952,2016-08-17,Marine
Own yard,-67.348197,-24.337731,38102,2018-02-11,Urban
Would after,-18.252222,67.917732,17942,2020-02-29,Forest
Into majority,7.143769,159.211329,73168,2018-10-05,Desert
Recognize it,-39.391558,-99.529144,92905,2020-09-18,Wetland
Once important,-79.581309,-113.175695,64303,2020-01-03,Marine
Meeting official,6.471737,-1.273267,55976,2024-11-11,Desert
Interest recently,67.066314,-128.954878,37804,2017-06-17,Desert
Once church,-1.921556,-135.701073,30260,2021-11-25,Freshwater
Best car,-69.140421,161.332307,60252,2026-01-24,Wetland
Theory cause,-34.877073,-178.27731,36110,2025-05-14,Tundra
Culture free,-52.702541,92.291298,93983,2021-01-01,Wetland
Simply thousand,-18.115612,-171.93478,56406,2019-08-06,Marine
Heart born,-69.357831,30.746767,46869,2016-11-23,Wetland
Make particularly,-62.899618,13.420133,13284,2019-06-22,Freshwater
Society claim,-82.476187,-165.007401,19471,2024-11-13,Desert
Imagine sea,-25.809556,95.020106,46711,2024-08-02,Wetland
Institution rate,80.874455,70.85522,39968,2024-09-16,Freshwater
Sure member,-71.853566,-75.211098,93245,2025-03-04,Marine
About challenge,88.689606,-30.30567,19207,2024-03-14,Tundra
Machine scene,52.12013,-8.741375,50442,2019-10-27,Marine
Partner medical,86.618595,-71.108672,46939,2018-04-05,Grassland
Point hair,-9.779429,20.791468,88290,2018-06-12,Wetland
Camera peace,-12.910903,-49.54698,35849,2016-12-31,Marine
Wind cold,-21.931716,-1.00673,47884,2020-12-01,Marine
Discuss majority,-29.78972,-69.050034,58852,2020-05-03,Urban
Important than,4.381574,124.026905,31005,2017-02-23,Marine
Material so,-0.37139,0.434158,45801,2021-01-18,Forest
Eat information,64.521592,116.333995,98248,2020-02-01,Desert
Cell throughout,3.5683,153.360271,81690,2017-08-06,Marine
Position idea,78.772736,-157.664875,51451,2021-07-06,Grassland
Industry else,-33.491861,-114.53126,66606,2019-11-17,Urban
Work worry,-64.862556,-38.724289,38115,2019-12-07,Wetland
Wrong since,-62.196234,-146.881948,46490,2017-07-01,Freshwater
Method week,-56.52734,-70.61666,47387,2017-04-21,Desert
Stay according,-64.401623,5.728384,93954,2018-12-16,Wetland
Perform part,11.76492,167.745098,64604,2017-12-14,Forest
Spend our,-67.146601,36.266304,90013,2018-12-16,Wetland
Suggest term,19.561519,161.769966,37774,2022-10-03,Desert
Friend level,37.700446,100.129079,90171,2017-03-04,Forest
Line tend,-31.786188,-80.440863,35940,2016-07-22,Freshwater
Whatever behavior,56.327278,-174.17978,88195,2024-01-09,Urban
Out medical,-17.488819,-41.771333,53365,2024-06-07,Desert
Government national,-79.87184,90.742827,29410,2021-10-09,Freshwater
Student try,34.317769,0.91136,49703,2025-11-18,Tundra
Beyond opportunity,-27.874021,71.517638,43551,2026-03-21,Freshwater
Part police,-35.077494,-122.295194,34283,2020-03-30,Grassland
Ever push,-45.725947,-148.11139,20651,2026-03-01,Freshwater
Around political,26.899482,-25.100228,3049,2021-01-02,Freshwater
Listen standard,15.411063,-51.345838,86387,2017-07-18,Grassland
Effect answer,52.565903,-147.228512,49843,2020-09-30,Marine
Strategy party,-13.0533,-49.230357,8585,2019-01-22,Forest
Often local,0.073793,-75.601839,92637,2023-12-16,Freshwater
Opportunity across,16.767653,-21.93535,34795,2022-12-20,Wetland
Song agent,-14.097434,111.637414,12734,2021-03-19,Grassland
Tonight meet,-74.425431,139.481446,35678,2025-08-22,Urban
Time area,-10.502572,148.255141,67132,2021-04-21,Desert
Who experience,30.071965,-128.598734,59172,2020-01-24,Desert
Population eye,69.123452,-166.219118,44685,2019-02-17,Desert
Soldier say,30.797749,-116.046708,58093,2021-08-19,Forest
Matter he,25.351212,44.266451,78129,2021-06-14,Urban
Rather example,82.610772,-150.235827,63570,2016-09-07,Wetland
Fear speak,78.79688,105.434181,82735,2019-05-01,Freshwater
Ahead need,-74.600266,46.330032,63319,2021-03-08,Urban
Play present,-70.026292,-61.064079,3871,2016-12-27,Urban
Summer imagine,-74.170004,81.438072,45958,2025-10-08,Freshwater
Themselves southern,-4.153232,-147.822752,33561,2017-09-02,Forest
Response join,55.55285,-34.969756,6955,2021-08-12,Forest
Music glass,-2.325192,60.100804,20597,2025-03-07,Wetland
Cost professor,-88.693505,165.712628,38211,2020-03-27,Grassland
Actually approach,-0.301377,67.368467,14229,2025-01-12,Desert
Few report,-1.283958,-139.839693,64166,2020-08-28,Tundra
Region sea,-71.191106,-116.187385,46638,2020-09-04,Urban
Operation range,-11.516011,-67.290594,14647,2021-12-09,Forest
Shake another,-32.593855,-29.94576,83677,2022-10-06,Grassland
Them almost,7.69879,-162.664886,80772,2026-05-04,Urban
Crime agent,22.63457,121.395583,55116,2018-05-20,Forest
Shake collection,20.888725,-60.789679,35355,2025-08-17,Freshwater
Maintain task,-80.399598,-171.059277,88265,2019-10-21,Grassland
Test on,51.471726,-91.87975,97838,2018-09-30,Grassland
Miss between,-65.210251,6.813316,9861,2018-08-10,Forest
Run score,39.153758,147.107813,55544,2023-08-30,Grassland
Technology player,31.507925,-156.15279,7666,2019-07-27,Freshwater
Return art,-7.200986,-103.188785,66243,2023-05-28,Freshwater
Compare blue,79.359795,36.177716,93667,2017-08-29,Freshwater
Score cell,-11.338323,-147.426661,68456,2017-04-06,Freshwater
Others democratic,24.180724,-44.462637,93018,2023-10-23,Tundra
Dinner war,2.137147,169.655465,40672,2018-10-22,Grassland
Never also,-25.677122,-146.242471,65776,2020-06-13,Tundra
Summer together,-74.595742,-142.324615,56843,2020-06-12,Marine
Stand help,-6.701226,-119.263166,59562,2017-06-24,Tundra
Throughout eight,-15.80923,-117.850481,88577,2019-06-07,Marine
Focus nice,66.966756,93.541708,44575,2018-12-10,Marine
Do song,8.910878,-159.157364,43533,2026-04-11,Tundra
Relationship per,2.838498,-35.246506,11169,2017-05-24,Forest
Hand than,-32.808312,20.22764,45932,2019-05-06,Marine
Find item,-25.69768,9.758001,19801,2018-10-26,Wetland
Wonder international,-15.236475,7.292354,86245,2021-10-18,Urban
Too picture,51.946421,118.140542,27598,2024-01-20,Wetland
Walk institution,-38.735937,-167.3749,16065,2021-02-08,Desert
Discussion because,-52.876396,112.33478,20853,2020-11-26,Desert
Water director,-40.641118,166.957206,80317,2025-12-13,Forest
Animal professor,-29.177134,-80.230912,686,2017-05-18,Wetland
Its determine,-7.267275,-10.763054,47849,2021-10-08,Marine
Case myself,77.871425,-127.838125,87614,2025-07-21,Freshwater
Official respond,3.171911,78.996092,80396,2020-07-10,Desert
Knowledge scene,-3.751155,-173.394385,52447,2022-06-24,Marine
Subject president,49.879767,-109.36336,96725,2016-08-22,Urban
Mrs chance,-73.246115,166.215338,48832,2022-12-11,Marine
Imagine whose,-7.116578,86.877905,71078,2018-07-09,Marine
At imagine,36.757796,177.59168,5642,2023-05-23,Marine
Strategy hospital,33.990867,-27.809301,20367,2026-07-05,Grassland
Actually magazine,-18.398589,21.868656,70254,2020-01-19,Forest
Each arm,77.822055,-19.377461,13601,2019-11-17,Forest
Trial both,-28.918926,49.839268,49465,2018-01-20,Tundra
Ready budget,39.259433,57.884858,75470,2021-05-06,Urban
Create visit,-83.902184,-3.860492,71104,2026-02-01,Tundra
Machine simply,-75.896205,64.761389,34817,2019-02-19,Wetland
Respond word,0.835179,76.572949,11092,2025-10-03,Forest
Key crime,-33.050774,9.206598,2859,2023-05-07,Urban
And carry,-58.562635,136.620828,27969,2017-04-08,Grassland
Speech do,67.445626,-34.819475,80995,2026-06-29,Marine
Draw office,29.947528,26.658156,3774,2021-03-30,Desert
Dream rest,-82.025956,88.758549,17454,2021-06-11,Freshwater
Wait American,-36.967634,151.093835,89395,2026-01-04,Desert
Audience lay,15.668438,120.938524,43845,2019-03-11,Marine
Ask several,-85.299193,-25.719636,15495,2021-11-14,Grassland
Future much,13.883918,13.209325,40568,2021-07-09,Grassland
Half dream,72.7843,-24.720046,778,2018-06-23,Wetland
Follow lead,33.792787,2.00847,72055,2018-08-24,Tundra
Treat down,14.99104,-111.54612,86653,2024-08-26,Forest
Technology yeah,-78.855641,-52.717328,62102,2019-06-15,Grassland
Pressure notice,-68.385268,130.498353,78704,2024-03-10,Forest
Build value,32.948733,-114.47615,86877,2023-07-15,Freshwater
Marriage their,7.340585,-176.190875,57929,2019-01-15,Grassland
Then necessary,58.988378,53.353961,7995,2018-03-30,Grassland
Technology doctor,63.188322,101.470485,9725,2021-10-21,Grassland
Factor event,70.378851,142.309249,6528,2017-04-29,Forest
Relate peace,50.041462,66.860278,2899,2016-08-26,Desert
Recent someone,12.245246,-174.062906,20174,2021-06-23,Freshwater
Deal decide,35.698418,-43.832332,80659,2018-06-03,Urban
College leg,10.290079,-104.680106,35540,2023-01-18,Marine
Memory movie,-10.805079,132.712268,66710,2020-11-26,Tundra
Store Republican,34.992426,106.128314,62500,2019-04-08,Tundra
Have dream,-35.790933,44.051486,83252,2024-10-17,Urban
Environmental war,-13.759621,36.772483,25829,2020-07-05,Urban
Where physical,63.958801,-132.303955,32373,2019-04-21,Marine
Office budget,49.29125,-109.86912,1856,2024-03-17,Grassland
Now control,32.123152,95.054773,51843,2018-07-06,Freshwater
End brother,83.248524,140.930284,9962,2024-04-17,Wetland
Rule already,47.157257,40.762991,3902,2022-07-31,Wetland
Appear benefit,59.668411,86.974082,76272,2016-08-10,Marine
Sing artist,-80.696349,-134.90376,8529,2018-01-29,Tundra
Analysis recently,69.553697,173.286189,99633,2017-05-20,Grassland
As happy,62.522669,74.889828,68330,2017-02-03,Grassland
Per official,-87.63701,146.852126,46698,2022-08-25,Grassland
Ok appear,-36.805347,8.638678,47291,2023-03-30,Forest
Second people,23.713432,-139.90515,52804,2023-12-14,Tundra
Huge character,51.869324,44.318783,12653,2022-12-20,Desert
Old maybe,-46.506253,85.495983,90945,2024-04-11,Tundra
Democrat really,-14.455557,-25.314679,60609,2021-04-01,Grassland
Single smile,84.454297,125.697779,56010,2018-03-14,Freshwater
Behavior interview,-16.641118,136.938829,71793,2026-06-11,Freshwater
Guy life,16.08696,-72.107129,75115,2020-04-27,Forest
Right he,-32.23412,-53.427383,63899,2021-04-25,Tundra
Experience career,-78.282077,46.941873,76923,2021-05-19,Forest
Interest thought,19.187173,-140.825457,53764,2019-09-28,Tundra
Either seven,20.828617,-120.057557,17641,2017-05-25,Grassland
She party,7.511848,-68.395295,60298,2025-08-18,Tundra
Choose relationship,-49.184649,141.020108,33625,2023-12-30,Marine
Break trade,-88.010887,37.866362,79542,2022-08-11,Forest
International live,-54.417094,79.025352,41689,2019-03-04,Wetland
Remember compare,-45.441012,-67.493929,42025,2025-12-19,Freshwater
Look growth,65.573269,-86.559297,1105,2025-04-25,Desert
Perhaps yes,64.090331,171.50949,41374,2025-06-11,Freshwater
Task those,63.518647,-172.011253,23621,2023-02-10,Grassland
Trip drop,39.367733,-144.623078,90180,2024-12-12,Freshwater
Indeed suffer,-35.186327,113.971724,60610,2017-05-09,Marine
Edge challenge,42.057456,-122.351025,79018,2024-11-23,Tundra
Site local,-30.355659,67.093985,19258,2024-03-14,Forest
Attack art,-50.886717,60.881372,62672,2024-10-16,Urban
Similar his,75.787521,179.778703,79716,2018-03-20,Forest
For generation,43.290512,26.789572,62849,2025-07-05,Grassland
Study eight,-61.311867,-48.650907,3460,2021-11-02,Freshwater
Name woman,-87.569077,104.46055,81147,2023-02-20,Desert
Discuss site,-32.021288,-155.855379,60469,2019-10-23,Urban
Industry land,34.760283,49.040184,910,2023-05-03,Grassland
Man right,-79.931178,66.963757,86302,2026-04-23,Forest
Certain education,-72.615703,-1.458204,46396,2024-02-02,Freshwater
Less scientist,-66.855819,155.88697,49215,2018-05-12,Desert
Loss deep,51.98048,172.888312,99624,2019-06-27,Grassland
History stock,-19.33465,-95.995056,94594,2020-08-28,Forest
Among agent,-64.81711,8.740749,31071,2017-04-01,Forest
Outside Democrat,-64.242004,26.902385,35087,2019-06-27,Tundra
Focus medical,-38.253581,148.267367,2707,2017-10-06,Marine
Whose choice,-88.996146,89.66314,9310,2022-05-13,Forest
Baby surface,-44.803763,-104.340355,65443,2021-11-14,Tundra
Sometimes conference,36.575125,44.004696,68720,2020-03-19,Marine
Meet mission,-73.883456,-130.657342,4529,2017-08-17,Freshwater
Life picture,3.513181,50.147969,14711,2022-10-17,Tundra
It year,73.329212,-164.421057,35443,2020-07-15,Wetland
Relationship last,-21.577161,126.916559,61383,2025-01-21,Wetland
Win specific,27.770231,160.694679,27607,2021-01-21,Forest
Recognize oil,-35.323214,-39.720789,7429,2019-03-17,Desert
Hour benefit,-3.584157,-105.361029,39986,2021-04-05,Freshwater
North finish,48.701997,162.316092,33056,2019-06-25,Tundra
Consumer history,85.61923,90.876808,43458,2020-08-26,Wetland
Those officer,-36.007858,-55.250434,94086,2021-09-29,Urban
Music budget,-83.688901,-154.144677,18723,2026-03-15,Forest
Rich property,0.64618,-44.191807,15082,2017-06-17,Urban
Culture common,-45.038088,-83.416778,82697,2021-12-29,Tundra
Resource nation,-29.43643,135.101538,99740,2017-03-16,Desert
Big entire,-17.255543,68.629263,69950,2019-04-14,Freshwater
Argue management,-37.458594,-117.196059,98134,2018-10-22,Tundra
Work there,81.900128,-160.699379,67877,2019-01-12,Wetland
But or,62.462979,-97.41563,24695,2026-04-29,Marine
Risk political,-67.201281,113.253273,12558,2023-08-22,Marine
Star best,-2.396679,-40.471755,26995,2025-05-24,Urban
Heart western,-59.798831,-35.351913,74739,2017-05-29,Forest
Mrs stop,28.665796,119.469283,23259,2021-12-06,Desert
Item particular,-1.091785,-22.526683,29071,2020-02-13,Grassland
Television their,7.3965,-108.561669,5914,2023-09-03,Grassland
Include policy,74.396582,-46.642582,62060,2026-03-18,Desert
Effort control,-73.861241,86.286159,60249,2025-04-06,Forest
Result floor,30.983676,156.178351,29927,2022-10-02,Freshwater
Staff something,89.934471,-86.323343,46901,2019-03-07,Wetland
Nice customer,52.860227,-1.692969,56986,2022-10-24,Wetland
Senior economic,82.329226,-159.753244,17108,2019-12-31,Forest
But nearly,-14.44431,-169.033498,3555,2019-01-17,Desert
Page road,-5.654864,-156.838791,3237,2024-12-09,Freshwater
She coach,35.672398,-15.934179,5624,2024-08-16,Freshwater
Information city,70.549949,-109.561689,90062,2016-07-22,Wetland
Million include,-1.546365,140.611618,23872,2023-07-21,Wetland
Blue likely,75.418749,-79.13484,60670,2019-12-05,Freshwater
Model good,-86.493527,-61.619825,68568,2023-11-09,Desert
Smile size,-43.857072,22.394371,3949,2019-04-06,Forest
Career machine,3.585728,80.925594,98164,2016-10-12,Grassland
Beat bill,-46.933799,7.773427,39086,2021-03-28,Urban
Success music,38.747674,-73.303552,25909,2023-09-01,Grassland
Scientist model,85.509605,-141.074263,37666,2024-06-20,Desert
Treat check,-9.304418,-129.226397,90210,2018-02-26,Freshwater
Large box,25.980473,-142.015245,2066,2024-02-14,Marine
Free anyone,-81.08201,-80.897364,18313,2019-06-07,Wetland
Top itself,2.680398,-119.731694,44311,2019-07-02,Wetland
Reveal simply,61.085154,-163.761434,11711,2023-03-04,Wetland
Practice thus,38.953831,80.120846,9390,2019-03-26,Wetland
To else,33.662562,62.163242,78660,2024-01-18,Desert
Thank school,8.792055,65.969677,53768,2018-08-31,Urban
Itself heart,17.187742,147.06997,36146,2022-08-18,Desert
May of,-11.530143,-35.35752,31145,2023-09-22,Freshwater
Knowledge order,46.893968,-147.96307,43157,2022-10-05,Desert
Approach seven,-42.55985,51.18308,4682,2025-07-13,Wetland
Trial affect,42.127718,111.293363,69513,2019-10-13,Desert
Vote check,-59.851013,169.606011,15263,2026-07-07,Freshwater
Computer seek,-77.753328,-11.12642,95894,2021-07-09,Wetland
Much material,60.519072,131.962462,44423,2022-03-23,Grassland
Us here,-77.343025,16.370845,25775,2019-02-11,Urban
Feel foot,60.125516,-120.087691,34478,2024-11-25,Desert
Course force,-13.250751,164.782216,57602,2021-03-07,Desert
Realize issue,37.81491,-69.451835,45528,2018-03-19,Wetland
Game represent,73.022287,58.639527,54176,2023-05-29,Marine
List hundred,8.814246,131.34583,74329,2019-06-15,Grassland
Service party,-65.201642,-164.303701,61500,2019-04-15,Forest
Play still,-31.185577,18.637138,13351,2021-11-11,Freshwater
Foot admit,-57.28101,119.838511,3976,2022-02-19,Marine
Make approach,-42.015234,177.902098,87091,2019-07-02,Marine
Partner performance,-3.524292,-81.322669,79540,2021-02-11,Forest
Without admit,31.783313,-66.992506,37116,2021-12-26,Urban
Evidence answer,-57.494636,127.650993,58519,2026-01-02,Forest
Fear loss,19.306369,-67.487499,96501,2023-01-07,Desert
Network bed,53.974765,-159.136593,27376,2020-04-21,Urban
Rich your,55.966348,-52.117262,59209,2024-01-02,Grassland
Yard product,67.368088,125.162616,90953,2018-08-22,Urban
Society trial,58.243592,-21.432262,60224,2026-03-30,Desert
Arrive blood,-46.219845,157.509836,7946,2021-12-24,Desert
Hundred bag,-1.772619,-32.233746,81168,2023-05-02,Marine
Mother term,-73.059774,33.711947,83995,2017-08-18,Marine
Very anything,-38.577847,44.403115,80093,2020-05-21,Forest
Court glass,67.138486,-65.727268,3336,2022-12-08,Wetland
Catch according,72.014056,-117.468391,30884,2021-05-29,Marine
Beyond notice,-54.808827,97.364101,96230,2021-08-20,Tundra
Skin generation,5.453827,106.543856,9719,2017-08-16,Desert
Last move,5.122331,-0.086602,20562,2025-06-12,Wetland
Card some,54.072393,152.632891,94356,2021-03-08,Marine
Professor former,-75.656387,-167.542883,3678,2024-01-12,Tundra
Film choice,44.301389,79.60158,58620,2020-12-14,Urban
Ahead statement,-85.860616,-150.748733,46980,2025-11-22,Urban
Paper true,-51.628454,162.423167,45579,2024-04-29,Wetland
Notice last,-35.367812,-144.479658,44234,2026-04-25,Urban
Carry it,-64.907873,129.241091,77392,2025-08-26,Desert
Get something,80.926682,167.89462,8411,2022-12-11,Desert
Usually moment,-2.803562,-141.800692,17463,2019-04-01,Grassland
Movement start,-61.274319,169.133109,19320,2017-08-17,Desert
Believe follow,-31.271496,150.367249,10134,2019-09-16,Urban
Under check,80.231551,49.473412,21661,2025-10-20,Tundra
Until charge,6.2729,127.701753,92925,2022-08-07,Desert
Down after,-9.023442,-17.754956,48675,2018-06-05,Urban
Agree six,53.493493,85.179388,51339,2023-07-13,Freshwater
Site cost,7.432401,78.107276,36306,2017-08-11,Wetland
Authority factor,86.31488,-177.869583,55223,2018-11-06,Forest
Half every,-36.862956,110.101063,3008,2022-06-28,Grassland
Drive town,49.515645,157.161069,51271,2017-10-11,Forest
Data husband,-22.850028,-74.988737,30391,2017-04-24,Desert
Discuss sign,-70.496441,10.153028,24345,2026-05-17,Grassland
Region great,-45.730861,1.697985,84556,2016-11-06,Urban
Prevent four,56.891264,-16.326927,34051,2023-08-03,Urban
Share especially,-82.401152,53.961339,62246,2016-08-07,Grassland
Opportunity according,65.689372,103.802518,77816,2021-07-08,Forest
Report stand,66.247915,43.691825,24014,2018-10-14,Marine
Know response,45.219952,49.197158,70878,2026-06-27,Urban
Street me,5.146794,-155.583212,92025,2020-04-17,Forest
One avoid,-83.577913,20.146331,14167,2019-12-29,Urban
Next heavy,-78.97527,22.240596,92488,2020-12-17,Urban
Strategy statement,27.002316,66.459102,90753,2022-01-01,Wetland
Believe allow,59.082252,-122.888875,24215,2023-03-23,Tundra
Chance another,-27.204991,19.246832,88405,2024-10-24,Marine
Chance need,-57.093881,149.05265,83380,2026-02-18,Wetland
Two try,-51.421927,-52.83412,59929,2026-02-05,Wetland
Middle four,29.459361,31.909702,16167,2023-05-04,Tundra
As now,-41.246849,40.206647,59254,2021-07-30,Marine
Require result,-64.394983,-158.688387,32333,2018-07-04,Urban
Enjoy water,-9.840157,-156.928864,82594,2025-08-05,Wetland
Receive must,48.982931,-110.807895,90804,2017-10-06,Freshwater
Year bar,-8.017403,6.39082,8082,2018-11-18,Wetland
Threat name,73.390743,-12.937258,67501,2025-03-26,Freshwater
Concern off,-65.084751,22.898759,14218,2025-10-26,Grassland
Control this,34.953169,-125.806993,39433,2025-07-21,Desert
Similar hour,13.973882,-164.770561,95546,2026-07-01,Forest
Feel over,-15.74801,79.167105,13970,2022-01-30,Urban
Collection nothing,-33.610289,-155.13628,96986,2020-03-27,Tundra
Family course,41.571601,127.597579,14571,2021-12-01,Freshwater
Walk painting,9.97207,-128.969231,14940,2025-03-26,Forest
Feeling seat,2.359996,-143.360417,25781,2024-07-13,Marine
General whatever,-1.920323,130.948803,92725,2022-12-24,Forest
Assume design,-14.354807,169.762825,80818,2026-03-23,Desert
Should soon,25.639478,27.182265,38050,2020-08-21,Marine
Health employee,-21.730939,79.462488,39881,2024-10-09,Grassland
These maybe,-59.839229,-86.016491,34069,2026-01-28,Grassland
How billion,87.918848,-55.738916,93521,2022-02-22,Tundra
Magazine star,54.696404,39.478441,53842,2026-06-11,Urban
Child way,-56.378453,-66.345797,12469,2019-06-21,Urban
Could issue,9.197581,-108.249708,14358,2017-06-27,Forest
Daughter magazine,69.87527,-36.628391,11516,2021-09-08,Forest
So daughter,14.752425,103.508933,17065,2017-11-17,Marine
Claim matter,18.242866,1.889661,58899,2018-06-19,Freshwater
Course peace,-40.678514,50.042655,45068,2020-08-13,Forest
Speak to,-5.36265,-151.812747,80611,2019-10-26,Wetland
Material play,-85.273288,15.57524,79324,2026-01-17,Urban
Successful trial,-67.123526,-48.607288,98704,2021-06-30,Marine
Raise college,-86.122004,-39.291167,17620,2020-02-18,Forest
Great wall,50.688003,138.502308,86293,2016-09-06,Forest
Again through,72.353468,-117.889117,95466,2024-02-20,Grassland
Home analysis,-82.534266,-140.458524,26714,2020-05-08,Marine
Worker reduce,89.540807,34.244074,30104,2022-08-19,Wetland
Join finish,72.586555,6.017265,1022,2018-12-01,Freshwater
Wrong from,5.943535,-100.771158,49462,2018-09-09,Urban
Conference tell,85.492804,-160.613698,73987,2023-11-11,Freshwater
Career appear,25.019786,66.23036,18180,2017-12-19,Marine
Stay tax,15.103804,119.124193,48290,2020-03-17,Freshwater
Red score,-24.556218,-140.524133,68501,2024-08-03,Urban
According scientist,89.135692,150.610823,36686,2017-07-25,Forest
Surface direction,-50.209547,-5.846155,5651,2025-12-17,Tundra
Real after,-29.067218,-21.169504,803,2026-06-16,Forest
Mission be,-31.924814,167.562673,74079,2022-09-29,Grassland
Difficult doctor,-29.502672,-1.968961,64070,2017-10-18,Freshwater
Inside consider,-24.388456,76.686601,45625,2023-03-29,Grassland
Company car,73.79592,57.920207,60900,2019-12-19,Tundra
Mother leader,-39.679143,-62.493504,95657,2018-10-22,Grassland
Play sing,71.105353,80.019888,87068,2020-12-04,Desert
Nature operation,14.720837,-175.326823,79475,2017-05-22,Desert
Walk wide,-47.383982,-163.421768,47469,2021-03-15,Grassland
Draw measure,-48.102583,148.312146,98841,2019-10-19,Grassland
Public list,-6.457371,-46.22283,5922,2023-07-25,Grassland
Performance reality,50.740326,19.955944,46235,2023-10-03,Marine
National doctor,37.94951,139.062718,53676,2026-03-20,Tundra
Single store,-31.775167,34.923335,64556,2016-12-21,Marine
May water,-7.62429,149.086778,47825,2024-08-19,Freshwater
General very,11.36406,-172.576819,53321,2024-02-01,Forest
Course church,-8.716086,122.792922,7407,2018-06-19,Forest
Back reach,59.511347,124.049631,26877,2019-02-12,Desert
Space song,-40.585007,156.444112,87526,2025-09-20,Desert
Production marriage,48.69731,139.748882,60736,2022-01-14,Freshwater
Foot next,34.991693,144.064967,96373,2023-10-06,Marine
Kind else,-58.483707,-137.126385,55994,2021-05-10,Freshwater
Dinner cause,-65.645905,85.186544,53730,2016-08-26,Freshwater
No address,-38.942361,-65.606729,69180,2022-12-01,Desert
Discover budget,-7.521545,82.641675,57704,2026-03-26,Desert
Evidence seek,-78.594801,173.446751,64080,2021-06-20,Freshwater
Local sort,45.372646,-142.995688,94999,2019-07-04,Tundra
Even course,-39.272999,-179.912281,50454,2026-02-17,Grassland
Assume glass,59.631666,15.104101,90244,2023-06-05,Wetland
Place support,-6.584291,47.035399,74255,2019-03-07,Forest
Agent thus,-48.431851,-74.07015,14058,2016-07-26,Desert
Different type,68.273618,154.002033,24746,2021-11-29,Grassland
Sea live,26.97186,-10.242263,98624,2016-10-28,Marine
Past nothing,-14.175606,-117.200326,22136,2025-10-08,Desert
Military away,71.518341,101.871748,96002,2025-06-17,Desert
You want,-61.538547,84.005874,72217,2018-10-10,Urban
Record energy,-34.667549,99.739714,15747,2017-02-13,Marine
Strong right,64.012849,116.407607,22610,2024-03-05,Forest
Use between,-72.087776,20.905654,34381,2025-07-02,Urban
Indicate your,-58.182492,126.977963,85864,2026-07-07,Grassland
Day as,-65.453224,-138.269292,74489,2024-04-07,Desert
Tv window,-88.441707,62.713602,63544,2026-04-19,Wetland
Enjoy protect,-38.656463,21.456945,35425,2025-02-08,Grassland
Science specific,-72.064725,14.621394,52498,2021-11-09,Wetland
Structure top,-24.288426,-151.810321,256,2021-06-20,Urban
Sport population,-28.28259,-37.8833,18943,2017-06-25,Forest
But card,-36.354124,93.113613,88065,2024-01-23,Desert
Until wall,-13.36478,164.49886,17277,2025-02-18,Urban
Upon fall,-74.566776,-90.730931,68480,2021-12-03,Urban
Item study,-87.528965,-23.777212,31560,2024-03-13,Desert
Contain report,-73.338764,-118.514621,91961,2021-05-11,Desert
Soon management,-78.969127,-158.458575,87160,2019-07-12,Marine
Spring perhaps,-31.357922,150.517288,47555,2021-01-04,Forest
Wrong beyond,-35.667896,-60.08346,91701,2020-05-17,Desert
Color order,64.871168,21.601758,7517,2024-04-04,Freshwater
Involve door,13.484771,-158.70359,4186,2018-01-12,Marine
Hotel feeling,-56.312181,81.477144,98422,2025-01-10,Urban
Food ten,40.325421,38.877619,7523,2020-10-18,Tundra
Seat perhaps,32.006777,-117.296255,67561,2022-11-15,Marine
Summer community,-30.186344,-118.159152,71201,2022-06-11,Desert
Bit speak,-88.688543,-17.085196,40873,2023-09-27,Tundra
Wonder offer,-73.10249,96.119687,74971,2021-10-12,Marine
Meet bit,-74.423124,147.267886,19693,2025-06-18,Grassland
Detail give,-48.169915,161.445721,73960,2019-09-20,Wetland
Start police,15.062636,97.524132,67971,2019-05-03,Grassland
Indicate I,79.160159,13.340109,71306,2018-08-15,Marine
Long peace,-80.486219,87.680567,52168,2024-02-29,Tundra
Grow technology,16.436316,-39.341696,2535,2023-08-23,Freshwater
Minute themselves,62.338333,71.103093,38000,2017-04-20,Grassland
Writer happy,-28.942834,110.744119,47341,2017-02-19,Wetland
Measure whether,-35.17144,112.492688,51189,2023-02-05,Grassland
Must movie,56.714507,96.668681,90957,2026-03-06,Forest
Learn could,4.342105,76.626777,97777,2017-01-04,Urban
Suggest memory,71.799598,-8.007544,53856,2025-11-11,Grassland
Member four,88.906257,57.472285,83667,2023-01-16,Tundra
Sister keep,7.99517,-107.638296,66710,2017-07-19,Grassland
Treatment simple,-9.483305,128.443973,72914,2016-08-26,Desert
Network future,81.847223,-138.294359,51404,2022-09-29,Wetland
Society approach,4.710644,58.494165,29681,2023-01-11,Marine
Whether agent,-67.414752,-178.081842,19971,2025-01-25,Forest
Sea similar,-6.408537,51.098625,62591,2018-11-24,Urban
Describe memory,86.261469,-14.973305,656,2020-06-18,Wetland
Sea who,43.776578,152.569934,8827,2024-01-04,Forest
Into likely,-8.142746,-147.196945,35544,2026-05-17,Tundra
Court large,73.979601,95.434913,22265,2020-12-26,Tundra
Family surface,-77.654139,-57.97635,1903,2017-03-27,Tundra
Traditional those,-70.701633,-164.0866,91134,2016-07-18,Grassland
Federal nice,75.492425,106.58455,55573,2019-01-30,Desert
List home,-80.9006,-157.251119,31761,2019-05-17,Urban
Skin letter,-57.33502,-46.416478,77547,2023-11-12,Grassland
Task I,-56.361764,-163.500684,11000,2026-06-14,Grassland
None person,-6.008874,19.244332,26885,2018-07-17,Tundra
Campaign no,24.511911,-66.352856,9554,2022-08-16,Desert
That half,-47.771499,-92.28167,33106,2017-04-30,Freshwater
Plan often,-46.958585,-3.689698,60385,2020-06-15,Urban
Physical property,59.076437,116.734014,10649,2016-11-02,Wetland
Direction evening,-89.36107,-94.417946,61959,2018-08-18,Grassland
Involve reach,-18.999802,127.768089,69143,2021-04-04,Forest
Meet significant,7.350691,-96.629184,52879,2025-10-24,Tundra
Head difference,12.166698,69.09062,59067,2017-03-02,Freshwater
Industry travel,-89.173108,-0.80424,70345,2025-05-28,Tundra
Speech television,5.879414,-74.686398,55250,2020-02-15,Tundra
Brother size,-4.176627,-41.691751,86909,2020-10-05,Freshwater
Wide measure,-15.374434,118.516088,54864,2024-07-27,Desert
Our finally,-7.802692,137.901352,58100,2020-01-22,Wetland
Interesting thus,-16.422517,-28.536107,34706,2025-09-20,Marine
Activity dark,15.858132,158.053432,43422,2025-05-11,Marine
Run challenge,32.595491,123.450152,89332,2018-10-31,Freshwater
Detail local,85.245911,72.410706,37505,2020-07-03,Forest
Then where,-40.436787,145.510371,99990,2023-04-04,Grassland
Rock mind,-39.124798,90.381861,94768,2018-03-06,Tundra
Recently people,47.143352,-20.45646,98540,2021-02-14,Wetland
Quite concern,15.601842,-28.630985,50091,2023-09-19,Grassland
Follow admit,-50.47245,-0.573971,95837,2019-05-10,Marine
Then great,-11.899008,17.216212,41295,2019-01-09,Tundra
Generation owner,-31.684847,-7.803246,40656,2025-01-05,Freshwater
Year important,68.883333,17.291933,62670,2020-12-03,Grassland
Current career,12.830689,-33.659771,78633,2019-01-16,Forest
Inside join,-82.573665,17.561208,29599,2020-12-14,Desert
Need visit,9.745453,124.74345,73898,2019-03-22,Freshwater
Central improve,-31.21196,38.064671,3579,2023-05-26,Freshwater
Society consumer,-47.023873,47.14975,36563,2018-01-21,Grassland
Others group,-28.289526,-81.94493,55658,2021-02-05,Grassland
Forget race,1.186013,-64.986314,42283,2017-11-18,Grassland
Successful we,65.830999,-56.731776,9513,2021-02-11,Freshwater
Large page,-31.379233,-153.018297,30064,2021-05-22,Grassland
Step there,84.645307,-122.220496,82759,2016-08-31,Forest
Speech tell,48.664262,71.08661,23379,2024-09-27,Urban
Kitchen consider,72.311104,47.715395,18343,2019-05-19,Forest
Age change,20.412623,-23.134935,6620,2024-08-31,Forest
Certainly church,48.165903,75.100032,27806,2021-05-02,Freshwater
Few force,24.682669,-173.339271,50300,2025-11-23,Freshwater
Laugh perhaps,64.652273,-69.831813,99742,2022-01-04,Marine
Treat seat,2.117313,-18.930137,9924,2021-08-28,Forest
Community nation,8.310282,76.788099,14784,2018-07-29,Wetland
Fact within,8.048919,-10.599477,73425,2017-08-27,Grassland
Guy PM,-40.958981,177.136128,18224,2019-03-09,Marine
Today live,-72.56392,42.578899,52084,2026-01-03,Forest
Simple factor,-63.869541,115.177251,67026,2017-07-21,Wetland
Play her,56.409988,69.770502,92059,2016-08-23,Tundra
Million scientist,45.4993,161.129215,35689,2017-06-27,Grassland
Public front,-46.761478,113.445249,2528,2026-03-20,Urban
Thought third,-11.230052,-41.057897,96300,2022-08-30,Forest
Positive only,-28.825262,-120.070127,38177,2016-08-15,Desert
Stuff product,-17.13224,82.700497,69350,2024-09-14,Wetland
Tend effect,86.504949,-161.028186,93456,2025-12-14,Tundra
Size should,-85.637869,17.724646,50616,2024-04-30,Grassland
Up organization,-40.288137,59.698629,62243,2021-05-19,Freshwater
Operation series,-74.709171,-65.286977,2758,2025-08-27,Freshwater
It much,-64.1677,-51.090068,53158,2017-12-31,Tundra
Improve along,-17.23116,81.350593,72575,2026-06-22,Desert
Similar or,39.205907,-152.086338,11325,2018-03-12,Urban
Onto both,-81.019488,-108.005839,32599,2018-04-14,Marine
See peace,58.889441,54.945988,86826,2019-11-30,Forest
Practice official,24.115685,92.345878,41299,2026-03-17,Desert
Significant middle,-31.742475,-77.394299,61966,2021-07-29,Grassland
Improve let,31.501328,-139.964571,43418,2019-04-01,Marine
Clear determine,-67.118771,-167.157861,84441,2021-07-06,Desert
Street dark,-0.842664,-175.60474,20371,2021-08-29,Urban
Nothing author,6.399189,65.088915,96533,2023-11-16,Marine
Ability owner,-16.172982,-29.613974,98717,2022-06-13,Desert
Only especially,-33.990181,-94.606977,73185,2025-01-10,Tundra
Cultural shake,44.811787,36.144517,51220,2018-04-15,Desert
Certainly laugh,80.242567,-157.370422,41129,2019-02-16,Desert
Wait sense,52.569642,139.060771,95694,2021-08-20,Desert
True treatment,70.691799,27.526021,36382,2024-10-01,Desert
Born little,37.548699,-3.409223,89,2020-12-07,Grassland
Source stage,11.371388,-129.805516,68829,2017-08-11,Forest
Western decision,44.350513,-83.572387,29626,2023-04-29,Desert
Seat could,-55.938552,-15.974641,99026,2017-09-23,Desert
House upon,-71.134181,-152.894713,67805,2018-07-07,Marine
Partner response,66.704939,-40.2292,903,2022-05-05,Wetland
One have,25.772666,-106.943546,6066,2016-08-14,Wetland
Produce usually,66.998901,-7.361909,56898,2017-07-10,Urban
Many happen,-85.562814,75.385914,53298,2023-07-05,Urban
Vote way,9.4591,-164.983067,53710,2016-09-23,Wetland
Herself rock,38.17594,-99.88798,49503,2026-02-23,Marine
Pay team,48.052279,-31.798759,72912,2018-03-27,Grassland
Available less,80.224026,-103.943309,32465,2025-11-25,Grassland
Read project,66.324301,105.657489,37826,2026-05-22,Freshwater
Development manager,49.726949,-122.878049,25595,2021-04-02,Wetland
Until effort,86.129438,21.968717,34984,2019-03-12,Grassland
That around,1.666309,119.346704,57307,2024-12-26,Desert
System heavy,-52.344601,-4.605587,75276,2017-10-09,Urban
Despite hundred,73.575423,17.846828,39726,2024-09-22,Tundra
Similar medical,-76.021803,-4.736194,30613,2022-01-10,Freshwater
What more,83.832696,167.300595,81227,2023-11-30,Wetland
Figure lot,23.764191,155.276171,49748,2019-03-22,Urban
Evening particularly,46.96192,14.280419,11301,2020-08-13,Freshwater
Threat training,53.596311,-33.377488,10748,2024-01-30,Tundra
Reason knowledge,-82.677371,-130.140836,93002,2026-05-14,Wetland
At technology,47.391356,29.532075,29462,2023-07-26,Urban
Skin run,-68.816039,-63.510862,55743,2019-10-13,Marine
Future then,15.538572,-82.395112,49548,2017-11-11,Wetland
Clear call,70.537798,99.115959,78834,2019-12-14,Desert
Much myself,-86.186082,35.39922,38769,2023-11-21,Wetland
Business per,-51.00413,64.22294,63273,2020-05-22,Forest
Walk sound,-15.203793,79.821307,90091,2017-12-23,Freshwater
Buy past,53.535705,-53.756135,72609,2017-03-02,Wetland
Situation ten,76.97812,172.477806,65387,2021-12-08,Wetland
General story,-57.35648,-12.67009,95884,2019-07-02,Tundra
Region camera,13.119114,-178.139192,17691,2024-07-16,Grassland
It central,54.463691,-88.148034,88129,2021-11-11,Wetland
Idea hair,18.823339,70.473034,3847,2023-11-30,Urban
Trouble lot,30.445234,-165.700031,72674,2026-05-16,Tundra
Way tree,87.281205,-135.239684,94613,2022-12-09,Grassland
Early position,10.605147,118.436787,80135,2017-03-29,Grassland
Mother focus,-15.284408,-19.882724,63378,2026-06-05,Tundra
Science meeting,-27.169788,58.535259,50176,2017-09-13,Forest
Customer future,-12.266266,136.56109,16907,2023-03-19,Tundra
Single better,18.381657,-95.971487,95627,2023-10-24,Wetland
Buy beautiful,-52.307327,-173.880234,76150,2026-06-16,Marine
About number,-33.860887,-68.760744,59495,2020-03-28,Marine
Effort continue,-55.57814,-81.573993,16968,2021-11-07,Marine
Subject sell,-48.924563,-117.886238,63951,2022-12-28,Wetland
Truth year,55.588346,176.545662,3309,2018-11-26,Grassland
Now live,-77.467569,111.694249,22326,2025-05-11,Forest
Dog since,-62.670091,98.656685,38065,2022-05-30,Marine
More several,60.096633,-102.502709,57739,2025-11-29,Urban
Serious realize,33.357637,129.291533,27423,2025-10-08,Forest
Realize dream,-86.233991,130.408022,34521,2017-04-16,Freshwater
Others number,28.827007,159.270223,93983,2021-11-22,Urban
Month lay,6.380593,0.607298,19387,2025-06-11,Tundra
Mother third,62.627275,-26.143311,99486,2019-12-05,Tundra
We daughter,-23.432269,-40.000679,83344,2025-02-01,Marine
Sell soldier,27.728979,-62.630877,80007,2026-04-01,Marine
Speak especially,-31.326961,-32.119203,79281,2017-12-23,Marine
Bar real,15.060512,-113.236371,87488,2022-08-30,Urban
Century analysis,83.638476,-10.592759,55694,2020-03-31,Grassland
Draw population,25.905706,-9.285903,83630,2024-08-13,Grassland
Try certainly,59.914159,-91.235976,99542,2016-09-20,Marine
Level become,32.849701,52.131819,75693,2025-03-01,Desert
Member go,-18.941095,-84.11744,70145,2025-01-23,Freshwater
Sport century,-2.029079,160.791157,54770,2024-11-20,Desert
Defense against,57.930886,-70.060197,57696,2025-12-05,Grassland
Measure anything,-58.559861,147.754002,19855,2019-01-16,Grassland
His method,9.976126,111.992027,66534,2017-09-23,Forest
Campaign this,-61.106705,126.096843,78430,2021-01-21,Wetland
Plan show,-0.5745,-45.00339,6943,2019-07-28,Wetland
Best perform,40.989947,-118.70955,70415,2018-06-03,Desert
Which meeting,-5.211252,-134.86201,57647,2026-07-10,Marine
Trade program,62.869887,83.483471,34273,2016-12-02,Tundra
Mission feel,-27.707107,163.440161,64607,2017-12-20,Urban
Some bring,-1.771359,-44.325314,90315,2017-09-04,Urban
Space member,34.094613,-174.076395,72459,2018-01-04,Desert
Answer assume,15.829664,140.374018,83947,2019-05-08,Tundra
Leader recent,33.611891,167.173159,67112,2023-06-05,Wetland
Wonder continue,-18.665375,-3.814171,84480,2018-02-17,Freshwater
Evidence feeling,26.497932,-168.512141,82761,2017-05-27,Marine
Leader country,49.594291,-118.862231,89383,2024-01-11,Marine
Particularly town,-69.779984,4.974836,42494,2017-03-28,Tundra
Candidate address,-84.177705,-40.748848,20871,2022-08-07,Marine
Own reach,86.379265,-123.540002,12258,2024-06-26,Wetland
Wonder yet,53.997212,-118.792788,10484,2021-01-18,Marine
Any knowledge,77.680502,35.969655,83109,2024-11-26,Grassland
Win guess,49.729583,4.838795,63142,2025-04-08,Urban
Government during,-14.222136,22.58706,69624,2021-01-14,Grassland
Response edge,86.32071,-14.995083,22573,2018-04-19,Marine
Single make,89.73816,92.462749,578,2021-08-04,Grassland
Kitchen floor,18.002476,-31.040163,56454,2016-07-18,Wetland
Attack out,39.126153,-103.368087,29502,2025-09-02,Forest
Current staff,45.669068,84.282134,30388,2018-12-05,Freshwater
Offer painting,-22.341213,-138.712165,54122,2024-11-28,Marine
Tend ready,39.507227,18.460872,10985,2021-09-28,Freshwater
Address future,57.621198,88.810396,89714,2023-01-10,Marine
Make baby,-88.823459,50.059752,33155,2024-04-22,Forest
Shoulder box,-27.238302,70.991355,86395,2025-04-22,Tundra
Part product,7.560118,41.205742,3753,2025-10-23,Desert
School top,49.861972,88.818763,36526,2022-10-13,Marine
Issue police,56.143529,64.976063,66821,2023-09-24,Desert
Picture power,-31.224315,-68.754551,23169,2020-01-11,Grassland
Within cause,-41.451568,-174.304765,16774,2019-10-13,Tundra
Party late,70.12765,-43.331583,62059,2020-03-13,Desert
Term establish,33.817675,-15.081685,6819,2022-05-09,Forest
Natural player,-83.953615,107.429108,29659,2020-07-29,Freshwater
First American,28.599297,-1.645907,40320,2019-07-24,Urban
Guess those,-4.780183,-14.130613,30448,2024-04-20,Freshwater
Ago treatment,61.57477,-167.634566,82607,2023-10-02,Urban
Offer economy,2.607413,109.90111,53969,2020-04-05,Desert
Close again,80.337567,47.073153,12821,2018-09-12,Grassland
Your again,55.804668,45.680121,82759,2017-11-22,Grassland
Through paper,77.036007,-31.617897,92883,2017-02-17,Grassland
Inside imagine,86.910072,8.529155,20689,2026-02-21,Freshwater
Responsibility short,9.373524,99.889222,21980,2018-09-29,Urban
Change partner,-63.580942,-148.77496,54074,2019-03-25,Forest
Do minute,-17.619059,0.998629,99382,2018-06-13,Marine
Ground operation,28.884736,-137.551679,26144,2020-01-13,Freshwater
Perform southern,74.768686,50.816838,64090,2020-09-12,Urban
Leader choose,-57.212137,-68.061829,80748,2018-08-18,Wetland
Really sometimes,45.320627,175.437274,31974,2023-08-03,Freshwater
Maybe explain,-42.426503,-84.390802,20975,2016-09-21,Grassland
Owner response,-1.728562,107.24387,22677,2026-01-16,Marine
Include manage,71.88566,88.562086,37916,2020-03-16,Grassland
Same energy,-39.711763,113.548747,18425,2026-02-02,Forest
Technology stock,-80.235825,116.23686,81084,2025-09-16,Grassland
Its discuss,-78.120923,69.803252,22805,2019-08-03,Grassland
Way capital,-89.612374,-18.072239,13513,2025-08-15,Wetland
Difficult probably,80.405758,3.422748,11631,2019-10-12,Forest
Role into,68.621728,86.710456,79534,2018-08-24,Desert
Experience learn,4.494296,-74.980319,53796,2025-07-13,Wetland
Land run,8.295509,141.377462,61529,2022-11-29,Forest
Entire six,16.255765,-103.894857,90511,2025-03-21,Wetland
Once fly,63.777282,-3.197622,95670,2022-09-06,Wetland
Prepare analysis,-4.084215,-86.883957,41843,2020-07-20,Marine
Final expect,-25.895368,160.880806,61619,2017-07-10,Marine
Under work,-40.932496,168.926759,25625,2018-05-23,Marine
Dinner fill,-8.107438,-47.186192,86126,2018-12-10,Forest
Teacher save,69.248706,-150.737963,65588,2018-03-10,Forest
Policy truth,79.334738,83.906659,24231,2024-06-21,Forest
Herself myself,14.995829,155.49878,78836,2022-11-04,Grassland
Wife organization,3.900476,-121.446987,45696,2020-02-04,Freshwater
Hour natural,-45.976188,172.291158,46561,2020-01-16,Grassland
Cover knowledge,19.69919,-158.10282,4948,2025-07-19,Grassland
Word Mr,3.463725,-164.482655,55569,2024-11-29,Marine
Understand she,-50.971681,-5.230949,51309,2025-10-30,Urban
Major popular,-61.00698,174.634913,647,2024-03-28,Desert
Response response,83.806386,49.709228,30170,2026-07-04,Grassland
Next property,-24.411799,120.61747,70334,2023-07-27,Desert
Indicate fine,83.590086,61.462945,98994,2024-10-04,Desert
Data put,14.829194,94.314805,17975,2023-04-02,Tundra
Better of,-0.339785,-58.684016,58053,2026-06-04,Wetland
Lead position,78.262571,-63.011987,27213,2017-11-29,Forest
Question out,50.044671,152.879972,53470,2022-11-17,Desert
Just majority,73.594666,-139.260031,51785,2019-06-20,Urban
Half oil,-24.860334,110.54682,79753,2025-07-01,Marine
Hear return,-74.862599,120.662289,42046,2019-01-14,Wetland
Foreign alone,-25.655416,68.489182,26811,2019-02-17,Tundra
Them really,79.716081,145.911984,93802,2020-10-28,Desert
Late she,62.089004,29.912959,65625,2022-06-07,Tundra
Speech simply,10.026987,48.806838,3020,2021-08-08,Grassland
Step include,74.605346,165.380626,51932,2026-04-29,Freshwater
When development,-7.930042,-78.27668,38502,2026-02-14,Urban
Fact style,1.306603,-141.979783,66839,2017-05-31,Grassland
Side consumer,57.674831,9.78301,26949,2024-04-07,Tundra
Home guess,-22.690856,-58.511451,83010,2016-10-11,Tundra
Push scientist,-28.442497,-154.563265,98554,2017-05-21,Forest
For figure,-70.290882,98.077324,12058,2025-04-06,Tundra
Military talk,-39.036362,20.11241,18925,2021-01-13,Tundra
Manage people,15.813426,-145.692127,68870,2020-10-15,Wetland
Involve play,26.627737,12.116635,90103,2025-10-08,Wetland
Board everybody,10.038043,-153.771236,94598,2025-02-10,Freshwater
Exist number,76.349738,-155.167734,46500,2016-12-24,Tundra
Interview training,-64.676251,-91.130105,48032,2019-07-18,Freshwater
Mrs education,-82.313345,133.539339,17356,2023-07-18,Urban
Return another,-22.069837,-6.425413,83375,2018-10-09,Wetland
Lot thousand,-57.794034,-107.079113,36478,2022-07-13,Grassland
Smile course,-28.326671,-68.187736,42706,2024-12-29,Urban
Purpose data,76.452512,6.143471,30606,2017-03-14,Urban
Only brother,31.629552,113.739504,29509,2024-01-31,Grassland
Fly music,-2.050515,151.418636,4644,2020-05-30,Forest
Though during,-64.989989,139.653783,14483,2017-09-20,Forest
Study cultural,39.166423,-40.673308,5430,2020-07-31,Wetland
Similar anything,-21.599291,-70.267112,55038,2021-03-29,Tundra
Country security,33.644385,0.992054,99672,2022-01-30,Wetland
There candidate,-31.577657,168.33777,50697,2024-08-27,Desert
Mention common,-28.592258,130.954206,55277,2023-06-25,Forest
Approach couple,46.97485,15.512051,23569,2023-11-17,Freshwater
Role American,-50.2809,-155.476566,68640,2024-08-10,Marine
Evening goal,-21.363957,77.84318,58618,2021-06-07,Tundra
Rise conference,-44.454418,-171.215118,57616,2018-07-14,Urban
Stay go,-11.043301,72.110595,67768,2026-03-01,Freshwater
Become sell,-80.890916,-156.955634,8097,2020-04-02,Wetland
Fall notice,60.697041,116.611638,9270,2017-02-11,Freshwater
Day sign,70.896123,-163.32568,96041,2021-11-10,Tundra
Carry take,-47.643124,-55.466006,79330,2025-09-30,Grassland
Decision blood,81.393298,148.831316,4393,2025-10-02,Grassland
Writer law,43.262157,-89.789756,49772,2020-01-09,Forest
We common,-9.483806,-122.308928,26069,2016-07-24,Tundra
Audience industry,-44.559749,-2.085769,32997,2018-09-23,Urban
White certainly,-29.00995,146.493473,62260,2018-07-03,Desert
War might,57.787888,-143.859617,64456,2021-01-06,Wetland
Area floor,-63.370513,-45.611734,96612,2024-09-27,Tundra
Hour ask,80.826465,-6.661025,84612,2023-12-24,Grassland
Give huge,-64.249253,122.524584,31962,2019-01-17,Wetland
Member night,77.196875,68.044661,28091,2018-05-13,Urban
Near relationship,3.394188,174.751045,98612,2025-10-16,Tundra
Amount address,1.532663,66.409251,41169,2020-04-24,Wetland
Me partner,40.389006,-116.830693,98994,2021-05-24,Desert
Represent truth,-41.511841,137.519911,16600,2023-03-04,Desert
Federal season,37.458487,-160.685562,83975,2020-12-17,Forest
Force these,39.777413,114.025685,40962,2017-09-17,Wetland
Whatever baby,79.899926,-119.523544,72566,2024-07-03,Grassland
Born central,0.7638,-176.927712,78501,2021-11-13,Urban
Pressure top,-36.076593,52.284739,75229,2021-02-11,Desert
Sell environment,40.354423,50.653741,90389,2017-08-17,Tundra
Send building,85.432877,-104.364499,86901,2026-01-07,Wetland
Know alone,-14.633937,131.288505,33093,2016-08-31,Forest
Care future,-86.183454,-178.502747,65961,2019-12-22,Urban
Ago explain,1.882702,51.402895,4331,2017-11-06,Marine
Able mouth,-87.992927,86.72907,69705,2026-05-07,Marine
Use order,-9.052628,-159.75992,50118,2017-12-11,Marine
House give,-48.851866,18.280901,78156,2026-01-25,Forest
Scene require,-64.42416,-10.316822,34357,2023-06-27,Freshwater
Six stop,-76.753849,-139.056915,15754,2020-06-27,Grassland
Deep consumer,-61.147443,-137.180507,54819,2026-06-28,Urban
Visit religious,36.934224,24.02596,24645,2020-09-03,Desert
West price,-10.397654,93.492592,57192,2021-05-29,Urban
Public answer,43.921203,85.453304,5965,2021-11-02,Wetland
Question mention,78.222449,-53.73767,83421,2022-02-26,Wetland
Mission without,-89.568434,32.173476,95230,2021-12-01,Urban
Less strong,-26.811996,-31.532801,68967,2021-02-15,Forest
Edge sense,32.983959,-102.865872,43637,2021-06-08,Desert
Answer Republican,27.853244,75.829885,26218,2023-07-05,Marine
Few hand,-16.485661,-27.619906,75562,2019-08-29,Grassland
Feeling carry,-5.025089,-116.815321,84787,2023-12-26,Forest
Check catch,-74.561559,-81.052601,80437,2020-10-10,Marine
Clearly difference,61.949503,-134.926204,28612,2022-01-27,Urban
Energy ground,-56.679825,21.397624,70250,2020-05-13,Freshwater
Summer long,17.378933,-92.277698,96403,2019-08-17,Marine
Blue tree,-26.902873,-143.839339,25071,2021-10-07,Forest
Dark individual,-73.993029,-67.618599,48280,2018-05-17,Urban
Hospital let,-4.829406,-63.870581,98625,2018-04-26,Marine
Enjoy meeting,-48.982044,-101.451572,12216,2019-07-19,Marine
Decade dark,62.069688,-130.42337,6985,2023-05-14,Forest
Present exist,13.738178,142.500611,7374,2025-03-20,Urban
Tend person,-13.826885,42.166594,28077,2017-06-21,Marine
Draw among,-81.638785,-121.438811,57784,2022-05-29,Marine
Pattern include,-58.686954,99.46459,58956,2023-05-28,Freshwater
Important measure,51.017712,41.772923,59356,2019-10-06,Marine
Understand government,68.190528,157.643158,53033,2022-05-09,Wetland
However quickly,-68.707498,-59.963649,77778,2022-04-24,Desert
News particular,86.207767,138.240859,60447,2019-04-18,Urban
Leader paper,-40.411351,-50.258847,69195,2024-12-26,Marine
Action available,-77.357805,-104.032586,20220,2020-11-07,Urban
Everyone window,-85.577545,112.047062,10644,2024-10-16,Tundra
Young build,68.276615,172.158689,54419,2022-10-22,Desert
Community especially,14.083306,143.928503,30528,2018-09-19,Tundra
No rest,-45.966308,149.065225,20060,2023-12-28,Urban
Above decision,48.391044,-20.333631,17099,2024-05-02,Wetland
Represent anything,-39.173314,-159.400249,1791,2018-10-22,Forest
Feel family,84.056376,32.12609,20674,2017-08-25,Desert
Should respond,-26.474604,60.473923,53261,2026-04-10,Freshwater
Well girl,46.978666,53.452147,18654,2023-04-20,Freshwater
Without myself,14.253292,74.484129,8434,2020-09-19,Grassland
Hot up,18.380823,120.706718,60812,2022-05-21,Freshwater
Author left,65.844587,-86.922139,96666,2024-03-21,Marine
Condition no,-17.942375,-77.682226,49730,2023-11-15,Freshwater
Loss add,-19.691023,52.220282,73197,2022-06-14,Urban
Most our,-71.918354,53.238858,57077,2020-02-10,Desert
Serious factor,1.764188,-96.611208,32744,2018-12-27,Desert
Everything serve,-77.52782,-162.878046,10135,2023-01-27,Tundra
Door speech,-83.122386,-62.088837,89514,2017-11-08,Forest
Bar choose,87.268793,-46.815537,36280,2020-01-31,Marine
Activity appear,-30.620984,122.712818,9884,2021-06-18,Tundra
Billion see,-13.019016,118.776942,67970,2021-01-24,Desert
Foreign find,-10.091349,-48.280053,43450,2016-09-21,Forest
That pattern,27.549108,-22.736505,43891,2026-04-04,Urban
Focus ever,-62.784729,-147.623378,18234,2024-03-28,Forest
Amount commercial,-58.469402,9.025373,66448,2018-11-30,Desert
Yeah exactly,34.242034,-48.974259,75906,2024-05-27,Urban
Collection tax,-83.85117,20.692166,66675,2023-07-16,Forest
Green face,-24.583505,89.544387,830,2022-08-10,Urban
Picture court,78.400228,39.897486,61547,2018-12-20,Freshwater
Realize position,-53.782596,45.41772,84406,2021-09-24,Wetland
Almost president,58.566456,83.428514,37065,2026-02-15,Urban
Medical something,59.261248,175.319187,5752,2017-09-16,Grassland
Perform lead,-53.26258,-167.819814,45787,2024-09-05,Desert
Note animal,-47.970627,18.192578,5221,2026-03-21,Freshwater
Agreement ever,-61.924973,-136.948643,80735,2025-06-14,Wetland
Tell form,5.041801,-80.946266,59561,2023-10-27,Urban
Bank store,42.152445,80.009675,71892,2018-05-22,Marine
Do writer,65.704968,-169.87483,64433,2019-06-20,Tundra
Picture off,-27.665054,146.958774,23177,2025-08-13,Freshwater
Fire four,42.091967,-31.505883,71618,2018-04-23,Marine
Common pretty,-82.82895,-153.866716,31964,2025-05-16,Forest
Democrat reduce,-44.601635,-144.609639,31508,2021-09-01,Grassland
Alone take,-66.679768,174.541773,99601,2020-04-19,Freshwater
Seven big,-77.502632,-75.202439,38895,2023-11-07,Wetland
Her various,79.992891,-105.792566,36537,2017-10-24,Desert
Keep moment,-36.318465,54.701835,48062,2020-12-12,Urban
Common image,69.268641,52.772024,25260,2020-03-20,Wetland
Environmental nice,7.38267,-163.075268,52219,2025-04-26,Urban
Produce nearly,-82.506537,-165.892571,66879,2020-02-28,Tundra
Sell response,-30.713527,-179.87802,94076,2025-09-30,Urban
Seat either,86.811492,-62.91685,30646,2020-05-01,Marine
Couple trade,14.951075,165.117885,38258,2016-10-20,Desert
Listen themselves,3.078782,-2.186685,1308,2026-07-09,Urban
Billion plant,25.94128,-113.266249,20177,2021-07-18,Forest
Majority several,-19.070037,164.46049,4232,2021-01-31,Urban
Military two,27.765938,-149.280096,28938,2018-09-01,Wetland
See old,-10.932048,-104.846855,14846,2017-07-09,Grassland
Consider whom,-60.68914,-7.671873,52626,2024-06-03,Tundra
Middle southern,-66.22479,-59.437351,46693,2020-02-22,Urban
Three image,-24.142935,-86.830052,29039,2021-08-20,Grassland
Toward ten,41.823176,-60.353508,85886,2018-04-07,Tundra
International model,-4.81541,139.019423,18825,2024-04-23,Forest
Mention church,-3.158239,66.063438,21678,2025-01-16,Grassland
Eye remember,-52.62345,154.438413,5156,2026-07-06,Grassland
List day,-34.031883,126.913927,237,2021-11-18,Grassland
Arm son,-40.867104,92.892562,51981,2021-01-27,Desert
Firm figure,80.901456,74.092479,57153,2021-03-05,Freshwater
Executive similar,-14.196794,-46.598321,62465,2025-02-14,Grassland
Old want,-6.68798,-129.711162,4401,2025-12-23,Tundra
Dream water,19.851673,-137.507816,31875,2025-04-16,Desert
Particular red,-70.872066,13.644355,13045,2018-09-13,Urban
Five wear,84.952139,25.750046,76299,2025-02-16,Desert
Suffer miss,-75.967137,-12.863991,40360,2022-05-17,Forest
Girl while,-37.297164,-35.309363,49500,2022-11-26,Forest
Building financial,9.343479,86.18808,37247,2020-02-15,Desert
Street then,-48.76884,-88.37117,38774,2022-05-14,Wetland
Although decide,47.54052,-23.733649,95653,2016-08-09,Wetland
However little,-14.591277,-127.139371,31238,2020-07-26,Marine
Work mean,-83.674448,-179.566495,86843,2018-02-23,Marine
Situation skill,-36.121872,18.811719,52087,2017-06-25,Wetland
Ever age,84.966442,-113.061774,13955,2022-10-14,Wetland
Manage few,8.076305,-124.421658,86521,2020-05-06,Urban
Agency teacher,23.672585,150.0964,37374,2023-06-28,Freshwater
Raise understand,-17.331507,-18.6189,33979,2023-10-02,Forest
Improve realize,-64.551625,-110.913778,33397,2026-05-09,Wetland
Today cause,81.826881,48.542225,76267,2026-06-09,Freshwater
Professor impact,-18.147827,-17.498474,9583,2024-01-25,Tundra
Shoulder ahead,84.314611,-127.290422,82178,2026-01-10,Marine
Character international,59.990072,167.359474,33354,2025-06-30,Desert
Item above,30.081098,-124.052742,36664,2024-08-05,Freshwater
List some,-48.539799,-175.561852,93758,2019-05-23,Desert
World deal,63.322351,-86.68468,39281,2020-09-23,Marine
Democrat when,-83.229781,-173.437675,98585,2018-01-26,Urban
Beyond which,77.615831,35.714481,12149,2020-07-29,Freshwater
Develop reality,-7.158585,32.982089,67957,2020-04-19,Marine
Take left,1.429892,171.971791,93968,2021-02-07,Tundra
Century society,27.010274,120.645379,30249,2018-08-23,Tundra
Answer reason,-2.343156,1.997663,32813,2024-03-07,Tundra
Nearly spend,-34.736452,-134.205962,34433,2022-09-29,Urban
Make during,-39.371802,108.292277,95154,2020-04-14,Marine
Want reality,-23.394375,19.940999,28983,2024-10-26,Marine
Big bag,9.469776,-75.39707,41790,2020-06-05,Grassland
Add eat,-82.932532,167.878869,19752,2023-09-15,Grassland
Show she,-70.059639,-167.652869,30339,2026-06-24,Tundra
Record name,-19.27584,-37.098408,36023,2024-09-11,Forest
Difference computer,21.020392,-109.670672,21564,2026-02-15,Urban
Job head,-28.812938,72.115788,43979,2023-12-14,Wetland
During participant,9.497451,65.331913,97478,2018-02-14,Grassland
Day open,-28.714177,141.387666,51398,2025-10-18,Urban
Trade drop,-18.024719,-78.076561,99656,2018-07-04,Forest
Start fear,-76.055008,54.5132,28173,2019-10-28,Freshwater
Eight arrive,-64.578633,-101.557805,44244,2020-03-18,Tundra
Consider care,55.969545,-145.275107,5423,2022-02-27,Wetland
Couple common,-57.192978,78.470632,82920,2023-02-22,Forest
Three hundred,78.147819,-113.639678,67246,2017-09-26,Grassland
Series voice,54.050635,-112.033047,17536,2019-08-22,Urban
Life feel,-4.549588,-158.255979,50528,2024-01-28,Marine
Property billion,-15.070939,-48.988547,76597,2016-08-19,Forest
Politics first,51.677688,-56.152533,1714,2025-06-26,Grassland
Side together,46.539163,12.269224,59298,2024-09-18,Urban
Night maybe,-3.588776,-6.879324,2113,2020-08-08,Grassland
Entire general,-43.520402,80.675531,99943,2019-03-30,Grassland
Single ahead,-64.610081,18.385337,79872,2025-03-31,Wetland
Issue conference,20.959574,148.09783,4478,2017-04-22,Forest
Music experience,79.092421,-121.930942,7877,2021-01-01,Forest
Subject art,14.383928,11.142201,32985,2025-06-05,Urban
Media drug,32.11188,16.321292,38629,2022-04-23,Urban
Group computer,-29.123276,45.950331,2043,2025-01-15,Freshwater
Also program,89.310832,168.570662,54766,2019-04-02,Grassland
Foot degree,1.950069,62.905,24597,2018-04-28,Freshwater
Model experience,-10.166848,144.35293,51759,2017-01-29,Desert
Debate study,-73.14732,-66.379536,25623,2022-10-16,Wetland
Maybe down,-83.667837,-172.422105,88750,2025-10-30,Urban
Hope wait,-50.590158,-82.751254,69498,2022-04-20,Wetland
Series fund,29.28803,-51.18363,81653,2024-03-28,Marine
Record mention,-21.252618,173.966094,76055,2022-12-28,Desert
Wide your,11.557673,98.09116,12290,2018-09-11,Forest
Area toward,55.938113,-123.577218,118,2021-09-08,Tundra
When lot,56.573365,60.434086,80881,2026-05-20,Marine
War interest,24.681245,-45.466718,16198,2019-09-12,Forest
Five yet,85.387826,-114.280825,67863,2017-07-25,Freshwater
Front eight,-87.773634,-47.159219,24903,2017-06-02,Wetland
By each,16.762335,-48.817745,47772,2021-04-14,Freshwater
Author assume,-13.540139,131.758823,44400,2025-07-11,Wetland
Trial will,-13.789495,-179.391576,67507,2020-04-23,Tundra
Entire discover,64.745513,-81.056847,7405,2024-05-07,Desert
Instead standard,-76.559514,-174.120874,54971,2025-08-14,Grassland
Sort knowledge,76.593709,-21.379973,26206,2026-05-01,Urban
Guy in,25.138035,-132.13595,40518,2023-11-09,Grassland
Night age,74.947641,-146.990672,85885,2024-01-20,Desert
Special green,18.629728,15.7903,11397,2024-02-20,Urban
Tonight option,-11.22045,152.661645,2419,2017-07-25,Wetland
Step skin,28.702231,136.271224,38764,2023-08-26,Marine
Born continue,-55.594477,-12.5468,75657,2019-02-02,Grassland
Evening share,-63.393316,-54.33229,76646,2017-12-30,Wetland
Evidence pretty,-36.659085,-43.892099,95558,2025-09-04,Forest
Able model,88.862555,50.578462,88914,2024-07-27,Desert
Imagine protect,64.185983,35.32392,97370,2026-05-23,Forest
Bed couple,62.832209,62.385794,89914,2025-10-07,Wetland
Less smile,17.050712,-68.617218,87984,2017-05-30,Grassland
Thing expect,-66.067413,-76.978975,91331,2023-07-07,Grassland
Born term,57.60467,-127.105278,25899,2016-10-04,Marine
Address rather,-79.968464,35.326179,59916,2022-07-18,Desert
Face field,-83.837931,2.715774,4529,2017-12-27,Freshwater
Hospital window,-4.176851,-161.421861,30771,2025-10-30,Wetland
Mouth quite,57.333695,-122.705379,4121,2021-03-09,Marine
Bit pretty,-63.66812,64.709991,73042,2020-02-19,Marine
Simply radio,52.349419,-153.467475,4986,2016-12-29,Grassland
Woman challenge,13.520229,103.705008,53978,2017-09-03,Marine
Role involve,76.157634,33.42745,60124,2017-07-28,Forest
Feel move,34.266153,17.023342,23043,2022-06-10,Freshwater
Result base,36.606374,10.587987,43807,2017-12-08,Freshwater
Draw firm,-48.110443,-76.791205,60930,2017-03-07,Freshwater
Learn popular,21.562183,-131.593743,50708,2021-11-04,Wetland
Treat feel,13.96327,149.78531,27159,2021-02-26,Forest
Officer wish,26.191361,-17.969319,18969,2017-01-15,Marine
Reach home,-68.157908,-74.053939,54790,2016-09-14,Forest
Design set,2.610098,45.068981,31496,2022-09-12,Urban
Few describe,-32.772134,33.310338,34322,2016-09-12,Urban
Picture say,-4.257476,-152.819275,54679,2017-05-22,Freshwater
Call this,-43.838471,-88.806992,71531,2016-11-17,Marine
Push people,50.270004,21.98506,2881,2023-10-24,Grassland
Decision power,-29.221408,54.438205,42138,2025-11-01,Freshwater
Bar keep,32.087968,130.34241,59758,2025-01-01,Desert
Federal series,-80.799049,61.573777,43037,2026-06-20,Marine
Nation turn,0.87166,-78.790584,86432,2026-07-13,Grassland
Window class,-32.86847,173.042054,11400,2022-04-28,Tundra
Seven film,-82.832096,-174.629489,38054,2017-07-07,Urban
Edge plant,-81.651776,75.461161,79950,2020-07-15,Desert
Which laugh,75.695471,-105.931588,83567,2019-07-26,Wetland
Throughout front,-46.129922,20.546611,68961,2025-11-30,Grassland
Design accept,65.175585,108.516652,13362,2021-09-11,Freshwater
Capital local,-43.409127,-52.953349,62539,2025-07-23,Wetland
Entire indicate,-56.194654,77.625353,97687,2023-06-04,Marine
Upon prevent,-38.30969,172.263233,83964,2019-05-23,Desert
But huge,30.146374,-145.232369,15812,2019-01-14,Forest
Key same,14.367484,-132.016766,37967,2025-09-25,Wetland
Adult office,-3.163313,-53.994342,32568,2020-02-18,Grassland
Radio mention,64.154867,-51.948879,68258,2018-08-12,Forest
Build effort,24.366047,75.678767,8077,2026-03-06,Wetland
Across doctor,-55.963218,-163.486653,13222,2017-04-30,Grassland
Computer he,-33.370654,120.252501,5194,2024-08-25,Tundra
Close large,61.74348,-118.570353,33509,2017-05-24,Wetland
Carry suddenly,-67.640407,-1.856983,39343,2024-01-27,Freshwater
High art,-65.793894,-15.610921,9818,2019-01-04,Tundra
Great road,75.718517,-103.556572,13424,2017-09-07,Freshwater
Stop wonder,44.333347,-158.374218,46563,2018-01-17,Urban
Individual population,21.36586,35.552966,95492,2023-11-22,Wetland
Something book,28.266616,141.838602,42249,2018-12-10,Forest
Meeting buy,-45.320469,75.112422,97462,2024-09-19,Grassland
Choice most,11.592988,-110.289115,46896,2024-03-27,Marine
Upon lead,33.161302,1.574782,90731,2017-12-26,Urban
Measure series,58.683883,-110.901832,73753,2021-01-12,Tundra
Attack second,89.511358,-84.221788,29190,2019-08-20,Grassland
Pass message,7.389285,-95.463283,16693,2017-04-10,Freshwater
Place group,-84.012656,-126.925041,16312,2023-01-23,Urban
Daughter possible,-65.054134,130.579062,54690,2019-11-22,Tundra
Both then,2.441857,-139.043489,33237,2022-11-28,Freshwater
Travel physical,-79.845045,166.70799,85311,2021-08-12,Freshwater
Develop attack,-48.821251,117.561501,70652,2021-12-16,Grassland
Forward writer,-51.21609,99.511077,52897,2024-01-12,Forest
Scene top,-26.377632,-83.024281,27451,2024-01-21,Wetland
Will not,69.269103,88.319233,1170,2024-06-11,Forest
Nature tough,67.705028,1.010653,72862,2026-04-08,Tundra
Pull alone,21.294674,31.388289,60712,2026-07-15,Urban
Reveal perform,-86.774313,175.139353,82885,2025-07-09,Tundra
Worry local,44.71135,70.817781,78072,2023-05-18,Urban
Dark defense,33.55281,-173.631081,59407,2026-07-04,Tundra
Responsibility defense,26.284111,37.249569,22442,2019-11-08,Freshwater
Experience certainly,48.368225,73.427165,34451,2017-01-19,Freshwater
Church learn,77.189855,-22.369576,86436,2025-04-26,Marine
Benefit also,-70.343597,15.887536,41484,2018-07-05,Forest
Place doctor,-82.407264,75.299555,5539,2018-05-09,Grassland
Write who,24.918211,40.374939,16443,2018-06-01,Urban
Surface authority,-44.964458,-144.822817,34077,2017-01-20,Grassland
Kitchen ready,-40.624063,113.69549,21232,2025-07-22,Freshwater
In father,-16.011751,81.635525,53540,2025-05-22,Wetland
Shake culture,1.225125,154.504556,86212,2020-03-10,Wetland
Couple minute,-65.103691,-173.262575,32010,2019-06-29,Marine
Lay drop,-43.304493,86.881055,69683,2017-04-30,Wetland
Protect theory,-18.11608,-129.522637,42474,2017-03-21,Urban
Son top,-77.388106,18.108129,82939,2022-12-12,Freshwater
Perhaps marriage,88.995651,108.767318,10244,2024-02-24,Tundra
Consider recognize,81.586343,44.207858,24164,2021-12-02,Urban
Start body,-12.145741,-14.975986,4497,2024-01-08,Marine
Big kid,13.858787,49.608785,42711,2018-12-04,Desert
Hair social,47.619353,67.01016,46445,2016-09-08,Marine
Expect week,-60.187269,-118.922211,14366,2025-07-25,Tundra
Public why,21.755721,41.552581,33953,2025-09-05,Grassland
Rise standard,34.383136,-42.330577,35989,2025-11-27,Urban
Well successful,-43.908792,147.878044,33425,2024-01-13,Forest
Test song,84.820657,120.938687,67121,2024-04-17,Desert
Central return,-88.52033,20.787602,42878,2024-10-29,Forest
Local color,-28.087255,126.228782,72236,2022-08-09,Grassland
Role game,-10.103848,60.045919,16653,2025-05-17,Wetland
Society fund,74.35161,-51.803496,10168,2020-01-25,Marine
Share car,25.484255,148.128828,32145,2022-11-08,Freshwater
Century look,-7.213808,-20.488882,59574,2018-12-04,Tundra
Mean political,24.655053,75.020046,72982,2018-09-18,Freshwater
Line wear,29.687302,-16.280451,94966,2023-11-07,Marine
Many process,-70.214156,42.772481,89239,2021-08-30,Grassland
Section box,-29.579372,-135.317329,24945,2019-12-30,Urban
Business deal,-21.887759,146.026003,84849,2023-03-09,Grassland
People similar,24.229525,50.957651,24827,2022-10-11,Urban
Measure run,-9.286679,136.858927,2803,2021-03-31,Forest
Note step,67.073964,-111.665481,93819,2017-07-01,Wetland
Affect less,71.765583,81.728319,73714,2022-07-28,Tundra
Bit show,-8.777271,118.108257,51784,2017-10-05,Forest
Management this,69.762229,-102.326398,94971,2017-10-26,Grassland
Smile century,-20.930852,-162.745357,70135,2023-09-30,Desert
Prepare draw,40.375479,-101.04628,98696,2020-07-04,Desert
News special,-83.583758,-112.466817,75144,2019-08-31,Desert
Congress argue,33.559949,177.754931,55758,2016-09-07,Marine
Memory more,56.659366,56.746904,97183,2021-07-27,Grassland
Institution together,0.181404,-141.380711,16780,2018-01-01,Desert
Government suggest,82.847124,-163.269452,64980,2021-01-14,Marine
For born,20.054542,72.910596,47193,2019-08-03,Forest
Shake walk,19.606289,0.599837,76629,2024-10-19,Wetland
Will source,15.979266,0.765162,79204,2022-10-19,Forest
People each,57.389746,-57.564639,84511,2017-11-08,Marine
Parent parent,-23.650643,-66.370559,91621,2024-06-26,Grassland
Style car,-33.853408,-0.738811,435,2019-06-11,Tundra
Head up,54.818603,34.486612,77138,2022-10-28,Urban
Method green,-8.505598,-71.506906,10723,2018-09-28,Grassland
Security tree,-48.842847,-57.901498,58227,2025-01-16,Forest
Money evidence,27.349224,-86.564167,4560,2019-01-18,Tundra
Point according,43.488135,133.119885,41042,2023-08-10,Tundra
Article health,-65.104579,69.760757,58538,2022-05-04,Forest
Nothing network,-53.965023,-133.977746,89846,2017-01-03,Desert
Finish notice,38.986172,114.294095,6497,2021-11-24,Freshwater
Account white,41.2889,-114.092555,4840,2023-01-08,Marine
Science sometimes,33.255473,168.883681,57934,2024-05-24,Urban
Phone strong,13.847825,115.520832,43059,2016-12-24,Wetland
Performance second,14.831715,-5.78219,30794,2026-02-11,Wetland
Resource interest,-37.294954,-109.234865,6860,2025-01-22,Wetland
Think hospital,-30.643879,-11.726136,47144,2025-04-01,Desert
And goal,-15.419566,76.271284,97240,2019-06-11,Tundra
Yeah return,86.31957,-172.241431,15219,2020-12-15,Marine
Daughter picture,-58.498421,69.71779,39934,2021-06-04,Desert
Scene property,76.850639,-68.449932,94843,2020-08-13,Urban
Half example,-88.38486,177.165622,55722,2026-06-07,Urban
Large whatever,2.831274,132.495621,15780,2025-11-05,Desert
Training card,-15.749199,-125.509235,80447,2024-09-10,Forest
Guess majority,-24.552095,117.140216,3507,2018-07-13,Marine
Experience window,64.646953,-159.401811,83016,2019-11-19,Freshwater
Green story,-35.201466,-76.451856,41510,2020-10-15,Urban
Leave over,-28.554166,43.269316,97162,2016-12-16,Urban
Section moment,-47.490885,152.86342,51226,2017-09-21,Grassland
Weight power,-65.113401,-1.65652,80602,2019-03-16,Forest
Night develop,52.296801,-140.184377,74228,2019-02-26,Marine
Look somebody,-26.010303,-145.174382,29163,2021-05-06,Marine
Theory strong,60.595561,-145.109167,89624,2023-06-13,Marine
Right woman,-46.093388,-161.384122,17385,2021-12-25,Desert
Around radio,87.083618,48.035469,58526,2019-08-08,Forest
Would both,69.341487,-109.184971,21665,2017-04-09,Grassland
Arrive east,85.530318,-115.308904,52881,2020-02-11,Grassland
Camera forward,36.807491,-139.660756,16840,2024-12-18,Desert
Not prepare,-61.828393,-4.323672,40678,2016-11-27,Forest
Meeting court,33.336553,64.9782,86846,2016-09-26,Grassland
Each note,54.37231,146.212011,58043,2017-10-26,Freshwater
Box shake,80.306543,87.937881,12042,2021-04-08,Wetland
Rate owner,-84.759201,-112.259854,34798,2024-04-07,Grassland
All trip,14.710688,71.35073,36792,2022-01-21,Urban
Ready baby,-69.203985,55.829281,10181,2021-08-26,Tundra
Election agree,-33.892994,-24.615534,80244,2016-07-30,Wetland
Science learn,-23.212716,108.065118,41356,2026-01-27,Wetland
Theory near,-34.628253,-12.260937,55324,2025-10-29,Urban
Other loss,78.496314,-1.126181,73877,2023-03-30,Urban
Fight floor,84.009178,-90.233952,18800,2020-03-04,Tundra
Until staff,43.816602,41.534841,25855,2025-07-27,Urban
Act person,18.228019,-160.191097,89140,2019-02-15,Grassland
Majority finally,-23.807387,-173.123148,72442,2022-10-15,Desert
Six cause,-36.28143,39.809758,58049,2023-11-20,Marine
Positive white,53.896555,50.429663,31745,2021-07-18,Desert
Street across,82.528934,77.270039,11609,2021-01-22,Wetland
As memory,36.844633,75.176107,15494,2017-06-07,Freshwater
Dream these,81.775088,158.243374,932,2023-11-29,Freshwater
Later ask,-62.277669,-78.767545,9500,2022-05-02,Wetland
Claim beyond,48.326362,160.1508,75035,2020-01-31,Desert
Perform table,14.406852,34.894824,75902,2016-09-05,Wetland
Hit quickly,-30.102557,-160.192536,87416,2019-05-02,Urban
Side act,43.683346,175.004002,16861,2025-10-25,Forest
Finish finally,7.732157,7.855742,23037,2018-11-08,Marine
Skill team,46.128348,89.999688,54931,2025-08-17,Marine
First always,58.199916,44.268927,45420,2024-03-19,Wetland
Book fear,-9.32402,-87.334419,6332,2017-08-23,Freshwater
Idea effect,67.927905,-157.713184,11536,2021-09-02,Freshwater
Himself physical,27.974674,32.816249,41851,2017-09-26,Grassland
Already act,-77.729957,25.437726,38834,2023-08-07,Freshwater
Listen pretty,20.26026,127.046624,95016,2025-02-21,Forest
Size national,-11.117515,-88.295069,44397,2023-02-15,Grassland
Common compare,-44.184387,-88.059265,93896,2021-05-28,Desert
How main,5.994579,-133.112572,31921,2025-05-30,Grassland
Address by,19.254151,13.49379,41248,2024-09-28,Wetland
We along,-80.727563,25.319949,65237,2021-12-14,Wetland
Between claim,72.842572,-102.150642,43074,2023-07-07,Freshwater
Hair adult,-18.565768,107.230707,61028,2024-07-04,Freshwater
Step agreement,36.248966,-114.320768,98764,2019-05-24,Grassland
Trade American,50.888606,-134.321454,11094,2017-10-15,Tundra
Interest song,-89.918739,0.776875,86990,2023-03-05,Urban
Ask certain,33.416534,11.954217,83887,2017-03-10,Grassland
Stand protect,-69.267899,44.744346,80574,2022-10-23,Forest
Line voice,-54.715295,88.289463,7151,2017-04-22,Desert
Left start,-59.878576,178.043681,83136,2026-07-10,Marine
Young significant,-39.552564,60.911487,94439,2016-07-29,Desert
Movement fact,-42.188829,147.316322,51664,2021-12-06,Urban
These close,55.811989,50.785674,78149,2016-11-10,Freshwater
List half,69.862705,95.046494,45911,2017-01-07,Wetland
Blue forget,-8.079548,148.709093,21260,2024-10-14,Urban
Between threat,-2.133818,113.73743,23650,2019-06-22,Grassland
Short treat,-86.781832,48.201531,30883,2022-04-07,Wetland
Pretty term,54.440582,-95.930935,82458,2020-05-14,Wetland
Here hit,-38.27118,72.234847,93937,2026-06-19,Wetland
Response draw,-18.629469,-68.198164,32906,2021-05-08,Forest
Agreement accept,60.801209,110.259757,90475,2024-10-29,Desert
Traditional drug,-64.471857,109.941943,58248,2017-10-16,Forest
Talk particular,-4.005901,128.025195,38649,2018-10-10,Forest
Field by,18.350899,82.165344,70308,2022-02-07,Wetland
Put whom,-76.078531,177.409698,23411,2019-05-28,Tundra
Student perhaps,-9.838217,102.312177,96935,2023-05-01,Wetland
Pattern after,24.749123,57.723301,98749,2023-09-02,Marine
Town best,-85.041454,-51.990884,34848,2018-03-13,Marine
Avoid crime,-69.796699,-49.932139,26209,2018-09-15,Freshwater
Politics religious,-60.11061,133.166252,65322,2026-07-18,Marine
We thing,2.9402,141.877499,55341,2022-07-24,Freshwater
Congress choose,-86.23798,-113.904135,89700,2025-10-16,Freshwater
Few want,-55.262684,151.246583,56000,2026-06-15,Grassland
Live light,53.10787,75.767105,87492,2024-11-20,Desert
Deep term,-64.297543,-86.101996,12884,2017-02-06,Forest
Fall visit,-1.03373,-127.652825,99505,2018-01-10,Tundra
Population end,85.314366,-160.710989,23276,2016-10-26,Forest
Race writer,-74.329548,56.152622,22867,2025-01-12,Wetland
Land bag,71.354477,-43.649414,70304,2025-11-15,Grassland
Staff value,80.189378,-123.105984,94117,2020-11-16,Grassland
Into grow,87.389645,-2.156605,77565,2017-03-13,Urban
Read let,40.890254,1.102393,8068,2023-12-25,Forest
Authority wind,-43.765816,21.450309,87207,2022-06-29,Marine
Choice these,71.511081,-58.766069,54410,2020-07-09,Wetland
Agency what,-38.097132,143.174539,42612,2017-04-13,Desert
Weight without,18.543467,-57.5619,68605,2023-01-10,Marine
Time arm,-71.980448,-32.991425,29025,2022-11-07,Freshwater
Government realize,-2.310343,129.707784,46319,2020-05-16,Marine
Education begin,86.090825,-84.352472,65233,2017-03-06,Urban
Side page,6.96117,111.019637,22355,2021-11-28,Grassland
Fall majority,-13.097774,42.997367,85189,2023-07-16,Wetland
Before painting,-6.558992,-47.151019,32415,2022-07-31,Freshwater
Learn store,51.736947,-167.593604,53260,2025-11-08,Wetland
Friend miss,-64.548284,-97.677059,8053,2024-01-01,Forest
Similar sister,69.350822,154.580271,78140,2022-12-16,Marine
Nearly them,-70.97869,34.995975,76360,2025-11-23,Freshwater
Discussion make,-31.606847,117.006882,20190,2024-03-02,Forest
Vote interest,-40.476509,-56.35915,95634,2017-03-24,Urban
Matter national,54.81817,-139.36954,66474,2017-03-13,Marine
Audience improve,88.414935,37.039307,25899,2024-04-01,Marine
Area left,71.853369,136.33191,23385,2026-04-05,Desert
Whose participant,72.830697,128.602073,59882,2021-07-07,Marine
Mind boy,82.822122,160.88737,53397,2023-05-16,Wetland
Machine sort,56.93959,-12.336752,68021,2022-05-30,Freshwater
Score home,-43.710118,34.641169,27564,2026-03-02,Desert
Born get,-87.559002,-154.740605,17603,2019-01-13,Forest
South but,-65.413506,-19.936737,61711,2021-11-02,Tundra
Six budget,-43.98463,-73.600601,71784,2017-02-13,Wetland
Option large,-26.419124,29.824624,6144,2022-06-03,Grassland
Activity board,67.830483,-172.793709,38343,2018-05-17,Marine
Effect read,-56.844454,132.105668,81779,2024-06-23,Urban
Although different,14.394745,114.575952,88914,2025-05-07,Grassland
Note happy,15.966733,163.937284,6032,2024-11-16,Wetland
Suggest agency,81.32581,-33.968717,13666,2026-06-11,Grassland
Poor itself,-40.830212,164.849669,95676,2018-08-09,Urban
Including energy,-36.40638,-52.346294,18904,2019-11-11,Wetland
Concern president,-35.926947,-84.785687,11830,2018-01-15,Urban
Start beat,70.556698,-1.853884,18153,2018-04-13,Tundra
Area mission,-77.31884,-92.433429,96334,2023-10-29,Tundra
Suggest also,46.088599,140.303602,13829,2021-05-25,Grassland
Yeah floor,-39.939099,-46.370413,26629,2022-05-21,Marine
Together care,85.194835,-73.712424,85035,2019-12-11,Freshwater
Thought address,53.252616,-155.649632,62087,2017-10-21,Tundra
High similar,18.519425,160.950237,86154,2017-01-10,Grassland
Factor member,-52.614919,-23.205659,89665,2017-12-04,Freshwater
Among draw,-8.408609,-24.983548,81187,2019-04-08,Desert
Fill probably,-87.127,-11.847403,59697,2026-01-14,Forest
Beyond difficult,42.659193,129.420793,35037,2021-02-07,Freshwater
Sense political,-47.223191,131.5342,787,2025-07-24,Wetland
And require,-81.78039,174.62501,38850,2024-12-23,Tundra
Rest radio,81.093925,-163.927003,88060,2026-06-28,Grassland
My you,-40.421113,28.603467,58319,2016-08-24,Wetland
Manager thus,28.219787,110.783274,17288,2024-06-13,Grassland
Sense hold,70.069722,4.553647,30060,2020-01-11,Urban
Heart lay,-10.075998,-55.232739,66312,2022-05-09,Freshwater
Smile white,-7.5773,126.251635,43238,2022-01-12,Marine
Couple hour,-68.077016,33.277525,40668,2026-03-10,Tundra
Blue race,46.332061,-31.217525,86450,2022-09-10,Freshwater
Pm every,60.677697,117.832456,4505,2019-11-17,Grassland
Although special,81.592369,117.080148,19960,2018-06-19,Wetland
Improve business,-81.462373,-99.857965,13450,2020-01-10,Tundra
Health couple,13.734536,-38.849096,65281,2020-07-30,Forest
Bit off,-38.18965,79.675983,4674,2019-01-04,Wetland
List beat,-17.216674,-43.013345,27145,2024-07-25,Grassland
Safe short,4.673853,43.936112,98951,2023-01-11,Forest
Visit cause,-20.957644,-84.520691,91389,2023-05-13,Desert
Tough itself,-89.648537,-78.122115,62238,2023-07-22,Tundra
Worry range,54.427757,87.444718,85394,2018-03-12,Marine
Source talk,42.881521,-144.988287,56921,2025-07-25,Grassland
Hot state,47.175921,-72.370822,28009,2019-04-07,Marine
Customer hand,68.829341,34.848523,53577,2020-06-01,Wetland
But onto,-81.443189,-49.534059,47188,2021-03-09,Forest
Method commercial,0.637975,30.271357,76039,2024-01-19,Urban
Far according,-68.049785,178.820133,68034,2024-11-23,Grassland
American way,1.456862,85.943375,14945,2016-10-23,Tundra
Successful probably,50.406365,-85.105931,2598,2022-06-30,Freshwater
Each carry,64.364584,65.19612,8694,2021-12-03,Urban
Series baby,24.827366,-117.374747,29524,2023-07-20,Desert
Daughter stay,-35.326444,179.75522,6898,2022-04-19,Wetland
They culture,-9.251288,-3.948334,46697,2024-02-19,Wetland
Actually night,-35.134515,-19.812198,72222,2022-05-05,Tundra
Safe cold,32.394321,109.715119,97017,2021-07-25,Grassland
True shake,-0.75945,-169.925181,19763,2022-02-23,Forest
Image simply,54.987074,115.555285,36978,2019-10-07,Freshwater
Catch anything,55.825615,144.32943,26170,2022-08-09,Urban
Goal third,-36.526478,39.182393,96253,2025-11-27,Grassland
Church training,13.039632,5.213644,49742,2024-07-24,Desert
Figure structure,8.906038,133.807903,10919,2018-11-01,Grassland
Here talk,55.973615,-32.999958,87075,2024-04-09,Forest
Tonight whole,-77.534324,81.978999,12289,2020-01-22,Tundra
Order open,-38.742731,142.269753,9695,2024-02-12,Wetland
Time firm,-28.118704,40.853067,94445,2016-11-18,Marine
Oil blood,68.164021,109.814338,43111,2020-06-26,Tundra
Full candidate,79.045866,16.119112,39273,2017-01-27,Freshwater
Career day,1.446927,63.140201,57538,2022-07-14,Desert
Nor cell,-38.228091,-40.646773,90592,2024-09-15,Tundra
Truth official,-78.433937,131.578621,72513,2023-09-24,Freshwater
Some east,16.482344,23.194873,92825,2021-11-20,Wetland
People add,70.918835,110.598023,87499,2025-08-10,Wetland
Rise radio,-86.272931,122.225752,135,2017-11-14,Urban
Late skin,-49.847816,27.20528,93197,2018-03-21,Grassland
Today hope,51.535112,75.624947,48887,2018-03-01,Grassland
Nothing determine,-78.013474,2.660187,48394,2025-11-02,Urban
Law experience,-89.650439,-46.591753,20795,2024-04-30,Urban
During manage,80.650907,-39.966774,71861,2017-01-06,Desert
Too glass,53.811398,169.618553,89633,2017-04-15,Freshwater
Forget talk,61.290266,-104.536778,75562,2021-02-09,Grassland
Major yourself,39.076965,19.329305,64388,2021-10-12,Forest
Concern art,-76.926283,-161.919416,53688,2026-03-09,Wetland
Enough public,84.121927,146.703543,12488,2020-02-14,Urban
Song low,-22.001547,-132.324727,38009,2024-01-26,Forest
Woman idea,-23.088631,48.677264,83162,2017-06-04,Freshwater
Carry and,68.499572,-50.493907,51331,2024-09-09,Freshwater
Treat policy,-86.467356,36.772009,19207,2024-11-20,Marine
Into life,9.528087,106.987851,69529,2018-12-06,Forest
Important bag,47.378982,-43.776096,42440,2022-08-26,Tundra
Real with,53.95474,54.342913,58636,2023-05-17,Grassland
Expert staff,17.78201,117.112915,69817,2017-09-18,Marine
Special way,-13.451256,-42.94969,67220,2022-09-29,Desert
Industry specific,7.014928,18.250673,48970,2017-11-23,Marine
Assume need,44.432045,105.830654,10077,2017-03-27,Forest
Road news,-36.669361,154.439416,28698,2026-05-17,Urban
Itself exactly,37.959145,171.860122,3314,2020-01-28,Forest
Husband able,-34.05113,-87.871999,44972,2021-04-16,Wetland
Group various,-61.812369,-77.243548,8139,2024-12-15,Forest
Matter several,73.704634,178.545774,39786,2023-02-21,Freshwater
Point bed,50.092501,-26.76007,80032,2021-03-16,Grassland
