species,latitude,longitude,population,date,habitat
Play month,-84.990944,48.608805,93720,2022-02-14,Urban
Notice father,-9.205131,-100.952865,94384,2021-11-12,Marine
Low manager,72.134997,26.770747,54412,2018-03-08,Freshwater
Gun cell,-84.425,163.26782,23693,2021-11-02,Urban
Research expert,77.830992,-21.415619,51923,2024-08-14,Freshwater
Manager price,-85.955818,-4.826927,51284,2024-10-12,Tundra
Staff course,47.761448,-162.737653,22211,2025-03-26,Freshwater
Green machine,-42.109244,-84.100434,51252,2019-01-14,Tundra
Chair sing,14.463988,-55.811497,45231,2017-12-01,Marine
Necessary project,38.117475,133.557282,30681,2024-02-11,Urban
Call sound,-18.262008,-72.642493,34380,2018-06-05,Urban
Claim name,81.706991,-94.337925,43689,2020-08-30,Marine
Administration hot,-79.442994,146.755331,55445,2024-06-21,Desert
Trip provide,20.4607,168.915587,78764,2025-10-10,Urban
Lay finish,-65.732119,154.963659,58620,2022-11-24,Wetland
Direction else,-66.028968,-39.986921,52565,2022-11-19,Tundra
Bar quite,26.617337,91.899437,71990,2026-01-29,Wetland
Decade over,-89.808472,97.402894,63450,2019-02-27,Grassland
Area front,87.190656,99.192105,81884,2016-08-31,Tundra
Beautiful article,58.874833,116.445401,47804,2021-05-17,Forest
Poor require,75.942127,130.313915,4158,2020-10-13,Urban
Event question,51.23733,61.120869,83913,2024-02-24,Tundra
Machine be,45.623115,-137.741219,65362,2023-05-12,Freshwater
Feel whether,-74.88306,84.616292,3740,2018-05-11,Grassland
Likely three,-25.274002,56.703487,5637,2025-09-28,Forest
Evening poor,68.408603,129.216567,72919,2016-09-18,Wetland
Station contain,-40.411598,92.329311,32908,2025-06-08,Marine
Court issue,12.204438,133.221866,11738,2022-08-15,Urban
Hard effect,53.467143,-155.134445,51689,2023-05-08,Urban
Want get,-79.072437,-38.53669,81391,2025-09-05,Forest
Set guy,-14.074245,106.668302,45065,2018-09-05,Tundra
Yard field,19.808239,-71.589665,20621,2019-02-26,Freshwater
Business democratic,29.56668,-93.227727,45235,2020-06-29,Tundra
Prevent rate,10.236975,-113.371239,41698,2025-02-27,Grassland
Able change,-0.734036,146.851684,45599,2022-02-27,Marine
Like war,1.513559,157.544119,95233,2021-06-29,Urban
Marriage describe,-23.376274,113.723589,11402,2020-06-11,Forest
These bring,-60.940574,-93.16031,53817,2022-06-29,Wetland
Land single,21.046995,-108.38405,6756,2025-05-27,Freshwater
Note alone,86.49106,161.396236,1845,2025-09-02,Urban
You appear,-76.999155,133.038456,19938,2019-10-31,Marine
Car medical,2.210484,47.318135,64599,2017-09-22,Grassland
Center these,55.197986,85.472519,89887,2021-04-25,Desert
Game base,-81.975606,158.068686,76754,2017-07-02,Freshwater
Alone fight,-15.307404,-113.773415,29060,2020-03-26,Marine
Standard with,-52.321878,-93.385459,28700,2016-10-11,Desert
House expect,3.314776,9.043817,36831,2023-10-30,Urban
How letter,73.998891,-26.792886,55816,2019-12-06,Tundra
Mouth consider,-45.147377,98.326095,28262,2024-02-24,Desert
Debate base,51.514434,66.254335,11821,2024-12-18,Urban
Reason item,-61.931136,89.677242,69489,2025-02-24,Desert
Discussion Mr,65.203668,128.197197,70666,2021-08-29,Desert
Set fight,-25.956979,-146.173647,18543,2023-12-09,Tundra
However generation,-8.42698,59.076184,35542,2023-02-24,Marine
Language help,77.32381,102.255043,38870,2016-10-24,Desert
Every question,18.403592,-109.053044,49376,2024-11-21,Tundra
Agency today,77.221877,-71.77737,96478,2019-01-09,Marine
Two board,3.862285,134.518786,4075,2025-05-04,Marine
Only yard,8.047514,71.067091,22630,2020-02-14,Marine
Organization room,-32.197415,-97.456628,78625,2020-04-12,Marine
Room ahead,-32.195541,-174.557165,99484,2020-11-14,Wetland
Arm cut,69.933354,173.217495,22210,2021-08-11,Grassland
Tell bring,33.109783,26.413357,97908,2021-11-07,Marine
Shoulder surface,49.616911,9.427086,71187,2019-04-06,Wetland
As memory,-15.7149,-91.823687,16129,2025-09-14,Forest
Respond wrong,21.951004,98.844801,31010,2025-03-31,Wetland
Environment decide,-37.871735,-55.26761,47726,2018-08-20,Urban
Third her,43.731831,-120.219649,14454,2024-03-27,Forest
Room little,-18.708177,-112.898218,61634,2018-03-11,Freshwater
Again lot,-20.954706,-67.847701,70003,2025-02-22,Wetland
Pick people,0.224638,-48.474401,2919,2019-08-27,Desert
International I,-81.158206,10.350568,42144,2021-08-10,Desert
Operation security,21.12038,78.177308,50302,2018-12-20,Marine
Cell responsibility,-3.277373,167.131517,73769,2023-05-23,Grassland
Service end,-44.650692,-33.886592,79463,2020-01-02,Wetland
Other rest,-80.130892,-131.98558,27884,2022-06-22,Desert
Main positive,-63.129398,76.799618,40511,2018-04-06,Urban
Create financial,41.195222,-85.019617,72441,2019-12-28,Forest
Ground bank,-56.841217,161.992402,57144,2025-01-27,Marine
Vote continue,2.33681,-120.871393,89732,2024-07-24,Marine
Have side,84.967731,164.133157,11357,2022-04-07,Urban
Attention recognize,36.514219,-109.600435,99813,2024-08-16,Urban
Join process,44.00841,129.231565,19126,2020-01-09,Freshwater
Little with,-67.406389,163.587404,12580,2018-07-13,Urban
Across science,56.154874,102.048318,94049,2016-09-14,Tundra
Strong ready,-80.87477,-81.479715,9318,2020-07-28,Grassland
Age me,80.476322,114.548148,22339,2017-04-21,Wetland
Make run,-32.984192,118.797838,96898,2026-01-10,Grassland
As company,-56.967779,154.495819,45017,2023-03-19,Forest
Take necessary,-8.111847,82.598286,40336,2018-09-15,Forest
Place instead,-69.997317,16.440978,94608,2022-08-25,Forest
Tend many,-68.661351,-107.941053,31177,2022-01-04,Desert
Course make,39.108406,32.23955,4872,2017-12-19,Marine
Wear deep,-74.545677,36.322616,23917,2021-07-03,Grassland
Many who,55.600649,136.072455,67445,2021-08-08,Marine
Road foot,81.342343,131.950886,15606,2018-12-19,Marine
Moment how,25.70503,75.838902,63490,2020-01-21,Marine
Much happy,-64.905569,24.853594,90779,2026-05-22,Freshwater
One head,-59.693315,109.532516,31129,2017-05-04,Grassland
Like imagine,-81.931142,138.679418,44187,2024-06-24,Marine
Smile maybe,19.04612,59.117188,21071,2020-09-24,Desert
Oil detail,65.069921,125.562325,41910,2020-02-14,Desert
Work difference,-35.399311,-92.294523,34899,2022-12-25,Forest
Population choose,-49.391224,-38.706857,65496,2022-02-23,Urban
Star mission,13.909349,-42.5745,34050,2025-10-28,Tundra
Maybe too,86.484832,-150.095204,64976,2020-01-14,Grassland
Reality town,-87.97894,117.672736,92136,2025-02-01,Freshwater
Audience try,73.114392,-114.515718,8069,2026-06-15,Grassland
Offer on,54.337461,171.867071,53153,2016-10-02,Urban
Month avoid,45.137065,-81.14481,23251,2026-01-01,Tundra
Store run,19.006522,-67.031037,82893,2023-07-21,Wetland
Pay inside,-1.445116,-79.10824,1820,2025-06-10,Urban
Test lead,86.134447,110.814508,75304,2019-02-18,Marine
Article allow,-21.514832,42.940617,10853,2021-09-06,Forest
Else someone,79.117282,-43.528838,56654,2021-02-19,Desert
Pretty huge,61.220969,-152.969954,1565,2020-02-12,Grassland
Skin fight,52.598595,168.360747,55947,2025-02-13,Forest
Scene grow,43.131856,169.127829,50284,2018-11-01,Urban
Raise across,-46.07805,-89.13229,68111,2018-05-05,Tundra
Month meet,-25.232317,-124.157263,77762,2023-04-06,Tundra
Even spend,-33.861519,149.025976,80824,2025-09-15,Wetland
Huge investment,63.511805,156.625888,95123,2026-05-14,Urban
Occur Democrat,-29.959794,159.534422,21208,2018-12-13,Marine
Decision very,69.207363,8.07386,28309,2020-07-28,Freshwater
Head institution,48.597014,115.63949,51981,2018-01-14,Desert
Enter keep,-36.664461,-88.164859,43193,2024-01-05,Wetland
Girl sense,-43.865712,120.890152,95201,2016-11-01,Forest
Month protect,11.116795,160.185107,75620,2024-06-02,Urban
Likely skill,40.607488,-16.450068,65819,2020-01-09,Marine
Modern protect,62.322913,25.397411,95833,2016-11-10,Freshwater
Them decide,73.598017,-36.709853,97045,2017-02-02,Freshwater
Trouble here,-25.676482,143.075582,71797,2021-02-13,Forest
Seven why,-65.152556,3.546889,8636,2023-08-23,Urban
Home store,-13.532718,96.951752,5900,2019-09-19,Marine
Physical early,-42.260593,-142.208988,16205,2021-07-05,Desert
Discussion vote,-42.444313,-127.998745,51808,2024-05-31,Forest
Western hospital,0.77195,-107.203832,33803,2018-08-25,Freshwater
Need production,-20.178815,-36.925407,7572,2026-02-23,Freshwater
American data,-72.613567,159.388571,4103,2019-05-26,Wetland
Century serve,55.216185,161.132383,11518,2020-11-27,Freshwater
Bank another,41.485373,92.283787,43660,2019-07-19,Grassland
Staff material,22.061807,-176.025334,91836,2023-07-01,Marine
Event deal,-33.191859,72.165903,83987,2016-08-12,Forest
Conference baby,-64.392256,8.621689,94314,2025-01-15,Desert
System often,-28.579574,48.264979,44310,2019-06-04,Desert
One feeling,38.212651,-26.401117,16167,2024-10-29,Urban
Nearly even,21.226323,10.316314,2488,2022-11-30,Forest
Should situation,13.538712,162.129551,31876,2025-01-26,Urban
Lot couple,88.672342,149.240527,27053,2020-10-17,Wetland
Sit note,18.418492,-178.436511,76026,2026-04-02,Marine
Son what,-77.867906,-178.596463,25991,2023-09-22,Urban
Relate real,16.381264,71.272322,75346,2025-06-22,Marine
With hospital,-75.743327,95.693897,83289,2016-11-19,Freshwater
Rate bank,-56.820604,-38.101647,60573,2020-01-05,Desert
Bring contain,-46.118473,79.97609,22592,2024-04-25,Urban
Drive decision,54.193818,97.98429,49366,2017-12-11,Marine
News Republican,-89.703145,171.648889,12655,2021-05-18,Desert
Account eye,-53.71379,148.146606,3420,2023-08-05,Freshwater
Politics reveal,21.008767,-164.278462,93473,2024-04-27,Wetland
Style me,-12.917418,139.96097,62245,2025-04-23,Marine
Ok evening,76.273989,-94.457712,76504,2019-11-11,Freshwater
Color drug,26.852022,146.305797,71699,2016-08-14,Grassland
Risk involve,-41.084019,117.256745,31791,2017-10-07,Freshwater
Perhaps want,-89.307359,-65.495511,83379,2026-01-09,Freshwater
Price director,69.384815,-167.817794,74369,2024-07-02,Marine
Idea election,-9.023361,111.41267,32169,2020-12-23,Forest
Director return,-59.822739,-124.357069,19452,2025-04-20,Urban
Can operation,-63.68089,-118.006958,63286,2020-04-04,Marine
Prepare short,85.903756,106.242981,30049,2024-04-19,Tundra
Reduce instead,-64.215341,88.873035,45837,2016-12-08,Desert
Future method,32.318487,-0.88735,91175,2024-11-15,Urban
Hold into,65.507097,-136.069532,59806,2024-04-21,Desert
Cell medical,-44.347208,-110.791738,72773,2020-01-16,Freshwater
Teacher pressure,-15.382408,-114.3783,31676,2019-08-12,Wetland
Its human,54.666225,49.613714,27719,2024-11-19,Tundra
What left,11.861669,-175.388804,93944,2019-09-28,Grassland
Believe point,36.233196,23.782816,33539,2023-01-02,Urban
Open trouble,-72.360921,-33.993374,7421,2016-12-01,Marine
Growth main,29.634231,27.477504,93078,2016-08-23,Grassland
Win really,17.668206,-28.142187,7922,2016-10-24,Urban
Call financial,-46.638086,-70.7495,27652,2018-11-15,Forest
Kid stage,-26.98338,35.769678,85473,2024-04-16,Tundra
Way mention,13.477478,168.26853,91868,2024-03-12,Marine
Guess military,56.80385,-101.967278,21890,2017-12-19,Tundra
Thing require,-27.359459,165.599209,89156,2017-12-12,Desert
Several evening,43.146654,151.696937,2579,2022-06-30,Freshwater
Amount approach,89.48194,49.400063,70184,2020-11-21,Wetland
Image success,-55.70564,69.926851,76580,2017-02-22,Grassland
Clear enjoy,-42.363286,-90.839969,90447,2026-03-13,Wetland
Program piece,-10.38982,-6.60528,14956,2019-05-28,Forest
Well strong,-17.836287,-179.882757,71972,2020-12-04,Grassland
News goal,27.870263,-107.41849,79382,2023-10-14,Wetland
Particular way,-86.868276,-10.791237,33244,2016-12-11,Marine
Bit behind,-18.423498,72.35836,95526,2024-01-08,Freshwater
Themselves get,-7.34731,-170.009904,70835,2020-08-29,Tundra
Sister especially,27.542289,-157.709885,66296,2023-06-13,Marine
Play apply,-23.468378,-153.943859,17639,2021-02-06,Marine
Foreign phone,53.963623,80.960433,78127,2025-03-01,Desert
Blue decide,-45.022071,136.685492,93713,2023-10-12,Tundra
Alone painting,82.740055,-18.936185,66240,2023-12-06,Wetland
Item know,-52.132372,159.404947,88416,2020-03-23,Grassland
Despite office,89.284054,120.081166,58153,2018-10-07,Marine
Room I,30.050242,73.051541,39974,2026-01-13,Desert
Particularly rate,65.942916,142.62967,28657,2018-02-13,Forest
Put not,37.044695,-29.75599,6787,2023-05-02,Desert
Fly threat,-11.07127,-79.605125,32803,2025-01-29,Wetland
Gun PM,-39.858901,-30.712218,40605,2017-01-10,Wetland
Parent record,42.975976,-110.929237,67729,2020-07-21,Freshwater
Break morning,13.020116,83.053071,30905,2020-07-10,Desert
Board certainly,-62.726095,124.812451,87315,2022-03-17,Freshwater
Five trouble,-79.294384,100.395247,86395,2026-04-09,Urban
Among character,-19.942243,73.961958,6615,2018-09-30,Desert
Should minute,32.494583,-179.890506,98318,2020-03-07,Marine
Ready third,-14.560618,-4.478948,66112,2019-07-03,Forest
So change,27.385886,178.932044,89302,2024-11-26,Wetland
Without million,-48.892224,179.784572,30432,2021-05-08,Urban
Purpose common,26.573085,-133.212395,66710,2021-05-23,Desert
Exist body,49.723778,126.217588,19840,2020-11-05,Grassland
Fast put,-45.382014,-152.493579,55440,2021-07-25,Tundra
Improve vote,-18.34885,78.413302,17389,2024-03-22,Desert
Way organization,60.675421,-4.740922,41499,2023-02-25,Urban
Conference TV,38.811645,-5.991354,43646,2016-08-09,Tundra
Then worry,82.684791,25.574306,69799,2022-01-07,Marine
Audience address,-61.656452,-20.283908,87752,2022-08-05,Tundra
Term none,-50.435304,112.641355,67405,2022-12-02,Freshwater
Low very,15.550741,-167.126679,69942,2020-10-19,Freshwater
Physical name,35.434698,-172.751764,98183,2024-02-19,Forest
Those on,-12.813247,90.139839,62204,2024-11-24,Desert
Much strong,-51.691343,161.803088,41877,2020-12-17,Wetland
Upon among,-68.20973,-149.504231,60359,2016-12-15,Tundra
Final together,24.804945,-150.37629,67701,2018-01-05,Wetland
Site which,-25.917588,-62.104874,89405,2023-04-07,Desert
Until approach,77.473091,108.485242,82908,2017-03-09,Desert
Reach fight,18.990115,139.309673,97943,2021-06-17,Forest
Exist show,-59.845209,-6.54111,53883,2021-01-03,Tundra
Prevent executive,-41.894646,-128.734069,93591,2021-02-02,Urban
Wish truth,-30.188189,-107.535849,27453,2020-11-29,Forest
Suggest personal,-51.856982,-137.495536,38648,2017-09-14,Wetland
Study light,15.007745,134.812814,54903,2017-04-05,Urban
Follow skin,-7.923019,161.721387,85281,2019-11-03,Tundra
Minute home,-28.065589,-77.314449,27323,2024-12-01,Marine
Room nation,-84.406838,162.607546,76496,2025-09-09,Freshwater
Help capital,-44.313805,132.115571,71839,2020-10-02,Marine
Big figure,-58.657102,84.814065,19291,2024-04-21,Freshwater
Recognize something,1.111104,-42.893832,73589,2020-07-26,Wetland
Yes top,37.182262,-154.877323,99922,2018-04-21,Wetland
Campaign tough,20.700177,-145.906157,58262,2025-11-28,Tundra
Start mind,-44.435482,68.634305,91249,2021-06-25,Freshwater
Kid also,2.606467,102.912808,68377,2020-09-25,Marine
Gas industry,54.465269,123.34713,19436,2022-11-15,Urban
Idea attack,40.798727,-14.628101,62837,2020-10-02,Freshwater
Reason somebody,3.915911,16.058251,4977,2023-08-03,Forest
Them notice,42.775118,-83.220743,19712,2019-12-25,Desert
Wind modern,-61.629208,71.899672,77728,2024-11-29,Grassland
Down executive,-71.42915,-146.127329,98107,2016-12-14,Forest
Of serve,1.484551,156.947461,64755,2023-07-02,Forest
Statement carry,-19.858424,-125.976821,98560,2019-12-09,Grassland
Increase condition,-80.274951,-2.571478,46177,2017-03-21,Grassland
Pick rock,-39.483755,-77.985128,36198,2026-01-20,Forest
Heart unit,-22.188025,134.933781,9895,2026-03-25,Wetland
Well few,29.512709,41.04839,79676,2018-06-18,Forest
Try question,-41.49101,43.109082,44784,2024-02-01,Marine
Cause candidate,17.097545,-165.718089,31436,2024-09-14,Desert
Same cut,47.386066,-50.645867,52536,2019-03-05,Desert
Kind sea,31.527407,-123.867437,96604,2026-06-16,Grassland
Question apply,-60.118436,25.578903,48138,2017-09-02,Marine
Offer money,60.201721,-0.595985,22602,2018-07-07,Tundra
Number brother,32.594056,-127.305416,88734,2021-06-28,Desert
Employee how,63.445121,-46.357997,13035,2018-06-11,Grassland
Close painting,-73.358412,46.693034,28894,2017-08-19,Marine
Drop field,58.485907,-81.946925,35397,2023-10-28,Desert
Stay attack,-40.618876,42.179948,17282,2023-06-03,Grassland
Situation quality,-43.264503,-28.259816,85636,2026-01-25,Grassland
Argue score,13.002513,-140.343482,83182,2021-06-05,Forest
Approach step,3.895841,169.008356,82502,2026-03-06,Marine
Level hundred,-55.199299,-107.736187,62161,2025-01-08,Tundra
Guess star,-40.643644,-127.788784,94509,2024-10-19,Urban
Training wear,-49.213648,-166.950341,106,2021-05-03,Wetland
Mind again,13.603361,-116.713776,26345,2017-07-14,Urban
Their buy,28.765714,165.704147,67237,2026-03-23,Forest
Benefit perform,-41.676546,-91.34201,58198,2021-02-16,Grassland
It no,31.447478,-22.233196,99348,2023-11-28,Forest
Situation perhaps,65.399243,143.790409,18419,2022-06-16,Urban
Can fight,77.992359,-81.982886,54318,2018-11-20,Marine
Six address,76.210196,33.846186,2669,2022-11-25,Urban
Blood save,44.230061,93.671079,83670,2021-03-15,Marine
Low meet,-78.304136,-133.343567,72823,2024-06-25,Desert
Soon present,68.78485,145.520598,88601,2018-09-23,Wetland
If turn,45.874158,139.508841,94664,2022-05-23,Urban
Morning interest,-12.848046,-15.204471,42212,2016-07-22,Grassland
Near night,72.037431,173.858956,31430,2019-06-08,Urban
Two job,-47.227995,99.266473,64395,2019-11-19,Forest
Likely stock,0.309383,-38.708019,91817,2020-10-02,Tundra
Best white,-30.750916,-128.306865,73214,2020-08-31,Urban
Road goal,-44.831329,-83.516804,30252,2019-09-29,Tundra
Lot fall,-47.326464,37.774122,32249,2024-06-29,Wetland
Boy light,77.213021,131.19713,79244,2024-06-05,Forest
Site trial,-42.454439,-95.649612,62243,2024-12-12,Urban
Practice provide,53.226315,1.184037,23701,2018-12-01,Desert
Before might,63.747568,-170.598518,7838,2016-07-31,Tundra
System second,79.61214,146.400323,38558,2016-11-14,Forest
Have buy,27.846606,-179.323076,46174,2024-07-10,Grassland
Number fear,-13.688144,-21.152435,80524,2023-12-14,Wetland
Soon worry,20.194176,161.921237,77379,2023-09-17,Tundra
Leg leg,-50.893621,65.410042,14632,2016-10-31,Desert
Note community,24.57163,-168.768715,55310,2020-03-26,Grassland
Idea her,38.326436,4.400184,28245,2025-06-15,Tundra
Hit technology,25.4066,-57.034006,80229,2017-03-26,Urban
Past ahead,-52.062901,96.881155,91918,2026-06-22,Marine
Economy even,45.452651,-171.717221,55379,2020-05-27,Desert
Lot cover,-47.844155,45.409076,86145,2025-09-16,Urban
War pass,-86.678601,20.266236,89224,2017-07-17,Desert
Collection enough,5.376361,127.265811,8691,2019-07-18,Urban
Growth hundred,-69.316969,-166.045443,14515,2024-06-23,Grassland
Age forward,-25.688649,38.340707,68234,2021-01-20,Freshwater
None fish,-59.394317,-96.775204,82387,2020-04-20,Tundra
Everybody hand,85.443179,-133.909632,17354,2023-07-02,Grassland
Beat Democrat,-31.163039,-40.2736,88521,2021-01-18,Desert
Both simply,-40.929596,43.839951,27465,2023-07-11,Forest
Star world,-69.858443,-151.227956,81637,2025-01-22,Tundra
Check involve,-72.47243,-77.783747,22761,2020-06-26,Forest
Hospital politics,-43.717756,146.915953,17877,2026-07-06,Forest
Million language,14.294181,3.995049,72291,2025-07-02,Forest
Raise throughout,-85.085287,34.253372,64725,2024-09-20,Desert
Near without,-87.04707,111.099017,30373,2022-07-03,Forest
Minute indicate,0.59058,-46.951911,44049,2018-08-01,Desert
Market hotel,-44.89261,94.653495,63466,2018-11-16,Freshwater
Plan hair,-59.861356,-17.95617,80771,2017-04-11,Wetland
Might any,58.878187,73.352561,228,2021-05-18,Marine
These every,68.462765,102.036228,38885,2022-11-20,Grassland
Your let,-59.423292,-171.142808,87114,2020-01-22,Marine
Mention information,-14.516941,-90.042544,78300,2024-07-05,Wetland
Window rate,-31.768776,-177.843319,61174,2025-05-03,Desert
Name fight,-70.28049,-54.225901,4233,2024-09-16,Desert
House I,86.254299,70.399501,3301,2018-08-24,Wetland
I firm,-10.76326,68.293082,58532,2023-12-05,Wetland
Stop trip,-35.352799,67.398733,96043,2021-06-21,Grassland
Ever design,-69.589105,-13.865228,81410,2022-02-10,Grassland
Hundred company,-16.522682,-11.862516,9618,2024-12-24,Tundra
Some card,31.18523,-159.887681,3425,2025-01-29,Marine
Organization it,-72.023498,-164.419945,93510,2023-08-25,Wetland
Budget surface,36.085986,164.250195,9376,2024-05-02,Tundra
Challenge space,58.285123,139.221864,5850,2021-03-03,Freshwater
Outside difficult,79.067564,-115.424628,61712,2017-05-02,Freshwater
Walk sure,-56.091066,-110.691633,86854,2016-09-20,Urban
Kitchen former,-81.050474,-121.28375,55699,2025-10-24,Forest
Effect themselves,69.532619,-41.637325,3269,2025-07-09,Tundra
Say job,74.342616,-172.720038,56073,2019-05-29,Wetland
Hot miss,9.917081,23.758941,72192,2023-03-27,Forest
Add agent,2.10868,52.064815,39773,2021-10-11,Grassland
Establish economic,88.938501,-116.999537,63456,2019-09-18,Wetland
Fish center,-5.834738,161.515495,7451,2018-05-01,Grassland
Popular student,-64.623335,-66.987604,99830,2023-11-15,Freshwater
Example hope,-60.782132,8.035257,68645,2016-07-27,Freshwater
Suffer determine,-10.112821,-33.079836,36025,2019-05-17,Grassland
Room sort,81.315899,124.643696,69483,2021-02-22,Desert
Assume effect,-35.4944,-125.343576,84613,2018-01-26,Tundra
Age serve,68.39992,113.710636,5657,2025-07-07,Urban
Section provide,-86.23045,67.830088,16660,2018-09-07,Tundra
Six sport,23.602501,-55.297159,52495,2022-08-12,Marine
Explain this,-65.35493,24.762253,54173,2022-05-31,Wetland
Half myself,-59.692325,-0.959858,28085,2021-04-22,Freshwater
Himself study,66.496004,21.90176,99607,2019-08-17,Urban
Draw task,-54.032475,-119.364997,28784,2019-10-12,Wetland
Improve enjoy,-60.97274,120.424814,51056,2025-03-19,Desert
Drive nation,3.58262,-161.407167,97233,2022-10-17,Grassland
Name activity,1.936012,-168.168173,22379,2024-05-04,Wetland
Language five,71.015097,47.486579,60158,2020-07-20,Marine
Board could,76.807439,29.776382,84757,2017-07-18,Grassland
Plant difficult,12.527055,0.909545,5390,2021-12-26,Desert
First myself,58.593563,-137.325606,28849,2024-04-15,Desert
Change fall,-51.665259,-149.263854,46856,2026-01-21,Freshwater
Trade collection,54.005347,5.534187,87184,2019-12-18,Tundra
Particular seat,26.029541,-172.615328,2627,2022-05-30,Marine
Section tax,15.959559,47.721194,98702,2017-06-01,Tundra
Create mouth,82.368405,86.287694,84832,2024-01-21,Tundra
It eight,-57.828757,30.572989,77453,2018-06-23,Desert
Agree blood,13.493489,-10.070675,90224,2019-12-16,Freshwater
Specific nature,-71.302975,16.051269,29603,2019-07-17,Freshwater
Campaign religious,22.109533,146.375787,10998,2017-09-10,Tundra
End consumer,-25.890906,97.256922,41073,2026-04-25,Desert
Identify guy,1.201107,113.344431,4236,2025-07-08,Grassland
Magazine international,-29.606971,123.872966,28853,2021-09-21,Tundra
Weight week,56.207149,-28.446586,40413,2022-04-14,Forest
Operation last,20.171019,110.912652,79098,2022-01-15,Marine
Impact or,-0.363826,62.113993,90101,2023-07-06,Forest
Operation room,64.922787,-8.039095,72643,2025-10-16,Desert
Address soldier,39.693991,17.158841,3895,2024-04-25,Grassland
Election book,-40.25335,-164.050942,39687,2021-05-24,Desert
My tough,-76.110759,5.644637,72498,2018-10-22,Tundra
Carry manager,30.757204,28.503316,61359,2020-03-03,Desert
Effort year,44.246331,60.772333,30256,2023-05-21,Grassland
Any first,-10.87284,101.120006,52773,2018-12-31,Grassland
Tell upon,41.221305,33.401936,18268,2025-03-23,Freshwater
Make nearly,49.32211,-140.634739,68584,2025-03-13,Tundra
Pull anything,20.017283,149.245355,39153,2025-02-13,Forest
Defense water,77.719283,-130.056847,75606,2023-03-30,Urban
Place reveal,12.423643,76.201124,85304,2023-05-25,Tundra
Whether say,-58.671282,-170.258749,76279,2026-07-04,Forest
Difficult part,47.948671,-12.010921,95015,2022-12-29,Desert
Open serious,41.762896,-3.739455,95546,2023-05-25,Desert
Girl second,-69.574589,88.115182,57113,2021-08-08,Wetland
New or,-38.665544,126.793038,11801,2022-05-30,Grassland
Always card,27.94663,-116.913991,78618,2026-01-16,Freshwater
Put red,-8.896991,44.294937,82552,2016-08-25,Tundra
Example pattern,66.240152,16.829924,41598,2020-07-03,Forest
Her industry,-45.020425,55.82332,61300,2020-01-08,Tundra
Base him,66.196748,-11.000456,48694,2024-02-06,Freshwater
Performance simply,-21.291468,-53.302961,86013,2022-12-13,Urban
Traditional stand,36.639928,81.388657,78518,2023-04-03,Wetland
See nothing,39.113853,-78.332581,11410,2019-04-09,Tundra
Another last,51.298147,-97.550139,38915,2024-04-01,Wetland
Unit war,-61.244492,-50.59899,51686,2020-11-14,Forest
Management travel,-51.854481,53.89053,26797,2018-08-13,Urban
Throughout read,15.412561,106.944949,3991,2024-01-08,Desert
Training expert,-56.202044,-99.041152,18056,2021-08-11,Urban
Happen when,-40.392684,-29.025625,11828,2019-04-26,Tundra
Many wind,-51.145904,-11.147944,38267,2021-11-28,Grassland
Control system,56.037789,113.680264,31239,2023-09-20,Marine
May like,-59.147606,-152.155384,702,2019-03-30,Grassland
Rich nice,-76.327134,-118.614446,32309,2018-02-17,Wetland
His effect,21.047114,121.743477,93399,2018-10-23,Wetland
Fish others,67.297491,-62.219057,52275,2022-03-09,Desert
Article reality,-28.554289,-177.426006,25745,2017-05-09,Urban
Easy financial,-59.463067,-13.668036,87167,2024-02-19,Wetland
Including let,-18.195132,-94.175789,67893,2025-12-14,Urban
Nearly son,-13.913226,-28.641124,52330,2024-11-15,Grassland
High develop,-71.067808,144.62746,30459,2019-12-20,Tundra
Suggest answer,25.148608,172.410953,12142,2019-02-05,Marine
Take maintain,43.7773,-35.505862,75660,2022-08-27,Tundra
Sort fast,-84.003967,30.400398,98936,2020-12-21,Forest
Sometimes cover,3.895314,-100.849439,17200,2018-02-04,Freshwater
Final laugh,60.072258,-58.048888,73839,2022-12-24,Marine
Toward guy,-4.039734,-29.75826,27694,2020-06-20,Marine
Parent film,34.030864,-64.993151,79835,2022-05-11,Wetland
Reflect economic,-76.95585,86.914526,77509,2017-05-28,Wetland
Anything high,-80.305743,24.548097,63500,2021-08-15,Wetland
Outside small,44.930349,-60.873604,51059,2021-06-21,Wetland
Collection ten,-65.143674,77.098849,89574,2018-08-18,Forest
Small call,-61.076748,-175.515588,69273,2018-03-22,Desert
And simply,34.899587,-132.482603,70148,2023-08-18,Wetland
May stop,83.574302,-40.424255,46407,2017-11-05,Grassland
Thousand challenge,-13.728708,16.430975,84987,2019-03-30,Marine
Idea treat,-63.756659,-174.389916,90269,2026-01-17,Marine
Child design,11.827656,110.872956,18060,2021-02-17,Marine
Nation debate,61.219857,117.625869,92987,2026-02-18,Wetland
Get give,46.104425,119.680804,65886,2023-01-18,Tundra
Yourself avoid,18.121442,-86.822672,85572,2017-02-10,Wetland
Executive sometimes,-33.630653,-167.61744,6079,2021-06-18,Freshwater
Authority movement,-1.50976,50.196424,55697,2025-08-11,Freshwater
Pressure thank,21.289286,-161.052936,45430,2021-02-21,Grassland
Paper five,6.333715,143.878264,87933,2020-02-27,Grassland
Along both,76.946137,-94.38236,21018,2025-03-31,Freshwater
Media fear,-78.927172,-156.695767,44147,2021-07-25,Desert
Himself draw,23.060438,-24.049584,98609,2024-07-20,Freshwater
Over eat,-3.41853,-116.677324,30475,2021-05-04,Marine
Team though,-52.938702,12.193289,8937,2025-05-19,Forest
Cultural dark,-68.500086,-61.26788,65052,2019-09-05,Tundra
Real character,-18.775514,-165.451494,58166,2019-05-17,Grassland
Executive great,-37.748272,3.348345,59744,2019-02-09,Urban
Draw total,-37.388001,64.417971,89079,2022-10-05,Forest
Sing allow,42.614583,-91.860413,18120,2024-03-31,Freshwater
Lawyer guy,-57.941827,-178.826776,30286,2025-05-24,Marine
Watch keep,11.961292,60.9541,42815,2023-10-27,Forest
Kind believe,-79.662089,-73.678892,63351,2019-04-17,Freshwater
Also matter,-85.719428,137.209538,88084,2025-05-20,Grassland
Perhaps price,-65.175801,98.677037,28810,2022-03-02,Tundra
Republican different,-87.404271,-168.495429,56937,2020-11-08,Freshwater
Buy few,50.794038,-136.341255,542,2018-11-30,Urban
Human sometimes,-44.695629,100.93244,71,2025-03-07,Freshwater
Far if,-13.94101,-131.764696,87190,2025-01-13,Wetland
Political speak,30.490201,120.664783,18114,2022-01-03,Urban
Home material,-65.989162,-155.775747,15198,2018-05-09,Urban
Break actually,-57.456416,-141.819309,87812,2024-06-24,Wetland
Than avoid,75.201451,4.590015,74943,2021-03-24,Desert
Single again,-35.466945,-19.068279,50992,2024-03-03,Grassland
Begin attention,27.987609,-94.77631,22238,2024-01-04,Grassland
Customer message,28.252688,-22.31904,60660,2018-03-10,Desert
Sure student,-84.41998,79.519713,67341,2023-07-24,Desert
Somebody tree,79.503666,65.752986,13625,2023-03-29,Tundra
Product perhaps,5.185538,148.180282,11372,2022-06-09,Tundra
Make more,87.66775,21.818893,29545,2026-02-10,Marine
Level TV,42.058939,-5.762625,83080,2023-02-26,Wetland
Financial next,-69.7032,-78.967497,54859,2020-09-24,Desert
Push heart,-22.327567,-71.838676,6239,2023-01-21,Marine
Summer six,-13.905769,-63.923538,80392,2025-09-04,Desert
Relationship capital,-87.330325,160.651779,66366,2026-02-01,Freshwater
Represent she,47.610318,-152.384418,81471,2026-07-08,Marine
Yet open,22.153682,-52.938351,67771,2021-07-03,Urban
Good section,-64.522564,-119.507216,37680,2024-03-22,Grassland
Week firm,68.829267,105.979195,32479,2026-07-16,Forest
Agency in,40.605782,138.696509,12732,2024-09-11,Urban
Long travel,-4.159383,96.114343,83356,2019-04-03,Wetland
Take company,-3.823487,157.025626,1968,2024-08-12,Wetland
Go tree,31.941609,-70.3635,99431,2022-02-25,Forest
Remain economic,21.363832,146.304264,93691,2023-10-15,Forest
Necessary society,32.745694,-102.31875,36358,2025-08-25,Forest
Good they,83.048079,134.480338,79597,2023-03-26,Desert
Be watch,17.348172,-12.937975,20968,2020-09-26,Desert
Spend alone,63.216812,44.510019,19500,2026-04-26,Freshwater
Short great,34.370036,11.713504,88756,2019-07-02,Tundra
Center society,-7.872982,-128.846392,22228,2023-05-15,Tundra
Feeling career,65.168947,-44.012246,9302,2021-08-10,Tundra
Else clearly,41.549442,-28.159675,10066,2025-08-14,Freshwater
Rate beautiful,-15.181107,70.752061,36702,2024-06-14,Forest
People mouth,0.3018,-169.955313,52567,2020-12-27,Freshwater
Pick drop,-36.166163,68.497858,49330,2021-10-19,Forest
Service idea,-77.503198,85.453783,81413,2025-09-16,Tundra
Art treat,-73.145198,15.027765,21021,2025-07-20,Tundra
Tend economic,36.103632,-51.958871,8100,2022-12-07,Tundra
Section adult,-6.597666,-148.761651,95311,2018-05-15,Marine
Upon apply,-12.517968,-34.768177,34165,2021-03-23,Wetland
Herself medical,53.1029,94.115691,60285,2023-02-04,Grassland
Indicate himself,8.229517,74.941319,20472,2024-03-15,Forest
Wind small,-86.234422,-144.069605,70798,2020-10-25,Wetland
Arrive keep,70.216691,43.382283,52410,2021-02-06,Urban
Trial thank,-29.911743,148.273724,92699,2025-07-22,Wetland
Peace certainly,-76.153286,35.893966,85600,2016-09-16,Desert
About exist,-83.268699,-94.144944,13864,2022-03-03,Freshwater
At us,-50.649515,-48.839149,15540,2019-10-08,Tundra
Direction whose,-77.366224,-24.587602,523,2019-03-02,Urban
Year protect,-22.130245,-121.599157,9467,2025-07-28,Marine
Say worker,-22.22613,179.505647,42796,2025-07-31,Tundra
Wrong those,58.731565,18.230699,10033,2017-02-25,Freshwater
Customer region,-77.66865,100.229332,67487,2024-07-22,Tundra
Here current,28.197893,81.311416,3262,2017-06-05,Grassland
Friend push,65.858255,-131.027006,89727,2018-04-05,Urban
Never buy,-52.819099,159.288344,53245,2024-08-21,Grassland
Agency could,67.924706,-179.385678,24692,2018-12-19,Urban
Certain focus,-73.392864,-104.068129,42188,2022-09-26,Freshwater
Would pretty,85.293011,8.050417,23153,2025-01-23,Grassland
Surface happen,86.341612,-27.790559,26696,2023-12-13,Forest
Work suggest,83.32345,61.369241,84999,2022-08-07,Desert
Success anyone,55.467189,-42.207836,53636,2023-10-23,Tundra
Service sort,-66.193259,-34.8695,82953,2023-03-02,Urban
Today red,3.242152,-39.783389,60696,2020-02-16,Marine
Agree huge,69.15315,149.092434,66783,2022-04-24,Freshwater
Too issue,51.668195,-117.016971,41667,2021-11-28,Desert
Play sister,58.45921,-134.768738,69496,2021-02-10,Desert
Send owner,46.323092,146.502526,28362,2016-10-27,Forest
Today out,-33.016203,100.808062,8473,2022-02-04,Desert
This reveal,82.812274,12.055585,65318,2022-06-07,Freshwater
Education financial,13.859346,74.308449,24099,2022-08-01,Grassland
Song adult,-84.289914,91.102616,24554,2025-04-10,Desert
Well unit,57.330731,13.05793,27187,2021-08-04,Urban
Leader probably,-25.318436,117.299022,91117,2018-02-05,Desert
Around top,-86.014985,163.868118,79141,2022-07-19,Grassland
Free born,-69.822089,49.799825,79757,2016-11-23,Forest
Audience might,-44.525282,-143.183835,98116,2018-03-18,Grassland
Individual notice,64.042489,85.963676,22590,2017-02-11,Urban
Why world,-75.110103,-59.526445,15610,2022-11-08,Tundra
Line law,56.002827,-102.854074,88402,2019-05-03,Urban
Really tonight,-40.582133,-64.724327,65523,2021-06-26,Urban
Appear idea,2.022019,173.760962,23750,2019-12-02,Urban
Participant less,37.026026,82.55949,16487,2025-02-03,Forest
A off,-83.573365,-174.798351,17459,2018-04-23,Forest
Window everyone,87.014611,-140.378816,95835,2016-11-02,Urban
Relate wall,8.249431,-2.440628,67768,2025-08-21,Tundra
Behavior himself,73.756683,69.452997,21164,2021-12-24,Forest
Student pay,31.112937,44.5482,32936,2025-04-10,Marine
Million everyone,48.930826,122.21007,45807,2020-06-11,Grassland
Ground respond,24.933598,-133.487237,49142,2026-02-01,Tundra
His financial,-25.118196,135.848721,79956,2023-04-23,Desert
Hospital part,-85.592616,61.712229,56822,2019-11-29,Urban
Grow public,-17.203779,-25.446868,51818,2025-07-23,Tundra
Modern political,-3.967226,-110.593182,16029,2021-10-02,Grassland
Forward event,-75.085367,-92.248585,3088,2025-11-04,Desert
Form chance,-12.964734,-75.882224,33975,2020-01-24,Tundra
Rest even,0.997635,-112.102974,63604,2023-02-25,Tundra
Better rise,31.358424,-136.070714,12003,2021-01-11,Forest
Foreign on,14.518354,-2.779964,54995,2025-08-02,Urban
Before time,23.125625,-97.320559,4619,2026-03-31,Freshwater
Situation involve,8.850854,154.135728,94482,2017-08-13,Urban
Talk along,-10.143753,51.789832,70579,2026-05-15,Desert
Oil course,2.255293,-71.705892,71026,2020-08-11,Urban
Quickly wonder,61.683143,0.881087,37638,2023-03-30,Tundra
Body ten,51.297741,178.026432,73376,2018-09-02,Wetland
Day discover,-67.046298,-82.370162,8993,2022-05-12,Freshwater
Large amount,-21.586136,38.295681,65377,2024-11-21,Tundra
Real serve,-33.946747,-175.172851,25967,2017-04-13,Grassland
Her decision,-71.601023,-173.019634,26047,2024-11-04,Freshwater
Second star,-76.970019,40.701637,43336,2017-09-21,Wetland
Eat pass,-74.694356,-147.459387,63932,2017-05-09,Marine
Piece add,45.687232,9.448876,65666,2017-11-15,Freshwater
Upon never,46.788582,-103.408591,72655,2021-07-06,Desert
Effect add,30.346096,58.359314,28733,2020-08-12,Freshwater
Movie site,13.98024,147.393663,98185,2021-01-15,Freshwater
Them yeah,72.999213,-76.512757,74729,2018-04-12,Marine
Suddenly itself,-56.479052,60.464811,73122,2017-02-19,Grassland
Range must,-41.97379,2.093604,7306,2020-07-14,Freshwater
Imagine then,50.540979,46.748202,56091,2017-04-21,Urban
Each long,-48.984675,5.351951,24587,2019-10-29,Marine
Amount make,-39.902204,8.014212,21067,2025-09-29,Tundra
Hear guess,13.490711,81.113635,62207,2024-04-04,Forest
Peace grow,23.576048,-114.312864,93768,2019-11-10,Tundra
Even deep,-35.256884,-161.327897,59664,2026-03-07,Urban
State physical,-82.62729,-78.976607,39532,2024-11-29,Desert
Another where,-10.584595,4.015387,35162,2017-06-10,Desert
Citizen approach,28.724723,145.890558,34081,2017-05-17,Forest
Discussion official,81.683845,98.900965,94487,2016-11-21,Marine
Born quite,6.220574,43.254142,51111,2023-03-04,Freshwater
Share play,-38.791036,-152.881757,52951,2026-04-17,Wetland
No dog,-37.207405,153.449871,73114,2025-07-17,Forest
Center instead,87.846855,-90.357512,84384,2023-12-12,Wetland
Image four,-58.682946,140.927207,55802,2017-08-29,Desert
Less past,-47.011366,82.987678,28520,2021-09-20,Grassland
Democrat space,18.930556,130.403111,98678,2016-12-16,Wetland
Environment street,27.366047,-100.037922,12338,2019-05-04,Forest
Yard from,-62.560466,-166.659692,94993,2026-01-19,Wetland
Usually somebody,-28.848809,-37.994689,63916,2017-06-26,Forest
After candidate,19.888904,-161.550573,98677,2025-07-26,Marine
Reality course,-1.093836,53.78595,6401,2020-08-20,Grassland
Drop thousand,-7.761182,156.40123,78827,2019-06-17,Freshwater
Difference employee,8.736243,148.550843,81573,2020-01-15,Grassland
Serve send,34.62543,-105.062477,94963,2017-08-20,Grassland
Tax physical,-21.721446,110.394398,89129,2019-01-08,Grassland
Real what,-23.198108,-79.637248,16731,2025-05-19,Wetland
Popular indicate,-28.399972,-70.211125,51921,2023-09-28,Freshwater
Huge wish,31.270064,110.198129,92634,2021-05-20,Wetland
Standard economic,5.793746,-72.988527,28406,2023-01-30,Forest
Head public,19.330564,-103.19575,10738,2017-02-20,Desert
Away rich,87.831179,148.475216,48870,2024-12-18,Urban
Particular they,-75.919018,12.526763,16868,2019-12-18,Tundra
Agreement successful,-30.322475,151.419915,27626,2025-03-04,Grassland
Finish fear,12.302541,-14.467578,39739,2022-12-26,Grassland
Candidate economy,15.968501,57.319345,57537,2018-10-24,Wetland
Project able,-16.470143,150.267653,8841,2021-06-12,Freshwater
Operation state,76.460936,-101.605493,256,2017-01-17,Desert
Conference part,54.775302,-143.421475,51026,2019-04-07,Grassland
Wife data,-61.948928,-2.25007,85993,2020-07-19,Grassland
Be when,-81.156305,-68.262344,27619,2023-12-29,Marine
Local probably,-70.048251,-84.4636,71900,2022-07-19,Tundra
My single,-87.150732,132.104414,23798,2023-05-12,Tundra
Pass indicate,-75.637789,58.758251,96758,2025-11-10,Tundra
Thought chance,59.637494,70.282157,30538,2023-08-04,Marine
Among position,-34.35082,-59.624392,9097,2022-02-02,Grassland
Agree much,-87.592358,-104.094974,35890,2024-08-07,Wetland
Friend probably,69.72364,177.943564,60398,2024-07-09,Urban
Contain man,-3.491851,-155.373081,11067,2024-10-15,Grassland
Hear herself,57.995878,-68.147432,78917,2021-08-09,Wetland
Nation edge,-47.8183,-153.070319,99817,2019-04-01,Tundra
Third because,-30.933927,-107.910752,67346,2021-10-23,Freshwater
She almost,58.146273,47.537992,60241,2018-08-04,Freshwater
Pay billion,-2.270117,-169.347054,30812,2026-06-07,Grassland
Statement case,27.174285,-128.896448,72113,2023-01-13,Wetland
Poor adult,-35.910568,25.327049,9414,2019-06-24,Marine
Care art,-7.097472,43.737665,90443,2022-08-31,Wetland
Crime board,-25.934268,-109.893801,61879,2017-11-05,Tundra
Drop professional,-47.425545,-84.78218,34642,2021-05-11,Wetland
Interest difficult,75.499606,-111.152703,77457,2021-01-08,Urban
Surface chair,40.172235,122.681223,75731,2017-11-08,Urban
Recently language,-84.284848,24.107674,46027,2019-07-31,Desert
Community say,59.259355,-39.592722,23589,2023-11-17,Freshwater
Dream determine,-12.959636,-148.792822,75168,2017-06-22,Freshwater
Produce over,26.262523,120.580156,55560,2020-06-07,Desert
Teach great,-4.957854,-176.22671,25477,2019-02-16,Freshwater
Girl by,86.484936,-109.739559,88277,2017-11-04,Freshwater
Practice where,-8.276115,71.91105,62401,2021-02-27,Freshwater
Federal matter,19.533037,-78.283523,15011,2022-12-29,Marine
Strategy they,71.673286,33.231682,14278,2022-06-27,Grassland
Staff quality,76.025896,41.435585,15686,2018-04-22,Wetland
Field individual,86.585945,2.13057,8095,2022-12-29,Urban
Happy environment,63.980369,-178.451533,95500,2023-05-07,Marine
Training computer,-72.377608,-124.342103,67900,2021-02-01,Tundra
Military wall,-15.913046,-155.50941,47667,2016-10-25,Urban
Entire address,17.226198,-141.106863,62477,2022-07-15,Desert
Onto truth,-44.087283,13.680455,45651,2026-06-29,Wetland
Here half,-43.965591,110.524826,86197,2018-05-25,Grassland
Sort run,-18.929857,-164.200893,26440,2024-03-18,Marine
Life special,80.095292,76.72748,88400,2018-10-26,Marine
Research involve,73.188887,-141.41612,18539,2023-12-12,Desert
Free pick,31.731572,-119.550525,25073,2018-01-16,Desert
Since subject,49.384054,63.034341,96725,2018-11-01,Wetland
Cup address,-44.018495,-26.254184,63764,2019-10-02,Wetland
Culture business,-14.489977,-118.594465,85700,2021-03-11,Urban
Now among,3.084874,123.641619,6278,2021-02-05,Grassland
Property candidate,-1.465732,90.04222,97281,2025-10-12,Tundra
Enjoy pull,-68.684211,120.298637,91666,2016-10-24,Desert
Off baby,19.088691,-25.43394,89963,2024-12-19,Forest
Try management,-30.878703,169.216053,504,2024-05-03,Tundra
High successful,27.132831,21.614597,98935,2022-04-28,Tundra
Wide be,88.343005,-172.452116,10060,2020-05-16,Urban
Scientist become,68.652734,100.122045,20179,2022-03-05,Desert
Safe camera,24.254562,23.192283,7721,2024-12-14,Urban
Central glass,-89.802317,2.145589,19763,2018-04-23,Urban
Thank hour,-8.719994,-162.824134,44636,2023-07-24,Desert
Own prepare,-47.800691,-116.372753,82809,2021-05-23,Marine
While usually,-22.46044,141.249801,15693,2017-02-17,Desert
Establish apply,39.593722,57.496225,23556,2022-09-27,Desert
Social mouth,69.138505,-173.031499,86090,2025-01-15,Marine
Leg energy,34.824422,-53.70153,75467,2025-11-08,Wetland
Company which,38.764828,157.304243,74213,2020-02-12,Forest
Can until,-45.902157,101.511738,98831,2022-05-17,Marine
Particularly growth,34.218043,63.768762,17669,2025-08-30,Wetland
Production every,71.759744,-165.216061,58433,2018-02-09,Marine
Team their,51.15072,-145.532585,17421,2025-11-04,Grassland
Marriage material,39.652527,-71.128726,10793,2017-07-24,Grassland
Cut point,-73.719056,-88.546707,82244,2024-01-11,Forest
Happy state,-79.84971,-175.96715,92946,2024-04-12,Tundra
Truth dinner,-37.649879,78.219889,17222,2017-09-07,Forest
Mission around,-89.88387,-68.647842,88299,2022-02-27,Freshwater
Life western,8.359419,-61.898323,64742,2023-08-17,Freshwater
Find language,-34.563794,85.928513,67221,2025-04-27,Wetland
Cut nice,-27.919683,-12.608532,52385,2023-04-26,Freshwater
Present explain,77.969491,-26.25565,63663,2025-01-11,Urban
Child mission,-34.459455,142.016114,7118,2024-06-23,Freshwater
National mouth,56.248914,-26.350785,62453,2023-10-31,Marine
Animal return,6.869638,45.664008,55658,2017-12-02,Wetland
When understand,80.115359,-78.950417,82364,2018-01-25,Urban
Act six,59.586712,-33.538745,61469,2018-04-18,Tundra
Wait night,81.031873,175.675112,35074,2020-06-02,Marine
Surface staff,6.162859,-57.925894,94542,2017-01-21,Wetland
Offer remember,-89.745975,172.605591,31970,2017-09-16,Freshwater
Debate because,62.272556,108.86497,66961,2018-04-22,Urban
Know chair,-15.869626,101.476401,75722,2022-04-25,Urban
Report purpose,17.259607,-21.341116,86668,2022-07-03,Tundra
Central understand,1.386997,160.398371,96104,2024-04-10,Freshwater
Someone low,1.756737,110.730328,93406,2017-07-26,Desert
Financial fall,63.210035,-40.263889,86347,2019-10-07,Wetland
Father interest,-50.213206,142.789218,66047,2024-03-01,Desert
Particularly half,-30.978701,-146.7363,69423,2018-04-04,Urban
Water night,-47.601785,-100.559308,59330,2020-12-02,Marine
Star share,12.168428,-68.339413,56043,2020-02-25,Freshwater
Best include,1.686832,44.973518,79303,2018-05-07,Wetland
Audience firm,-45.539618,86.603232,72763,2021-09-29,Grassland
Project great,-44.296885,-164.865541,67681,2020-06-09,Tundra
Score whatever,-74.280682,179.447389,38310,2017-08-12,Grassland
World skin,-60.817893,-134.841667,98323,2018-07-04,Desert
Grow without,-82.457726,-2.854294,46358,2023-03-24,Desert
Particular without,50.944894,56.47882,18256,2020-01-21,Urban
Myself issue,77.382247,-70.313233,9867,2025-03-05,Grassland
Available brother,65.228272,-100.113351,48832,2017-05-13,Urban
Enter seek,6.539747,128.602127,89695,2019-04-21,Grassland
Force training,88.21158,-0.520717,29204,2024-07-01,Marine
Actually quite,-73.62846,-107.143616,86104,2023-05-04,Desert
After assume,78.778036,-93.529971,5552,2024-06-18,Tundra
More always,-10.944185,-6.169286,21370,2022-01-17,Forest
Perhaps have,1.198439,1.005451,12970,2020-01-12,Grassland
Four somebody,27.536553,19.166426,59312,2024-09-05,Freshwater
Question treatment,-47.612263,76.365591,35491,2017-09-10,Tundra
Produce couple,81.151356,-46.279804,48428,2023-03-14,Urban
Write idea,15.512934,109.333802,45494,2024-12-22,Urban
Later thus,28.701773,-120.63444,27452,2024-08-23,Grassland
Democratic point,-77.402901,-42.378114,28795,2025-11-16,Forest
Himself cause,88.12908,63.000975,23517,2016-12-09,Marine
Treat break,32.962592,-80.247499,88178,2026-06-09,Tundra
Lot while,-33.293654,105.804335,2834,2025-02-05,Urban
Indicate finish,25.073572,134.075549,49579,2017-10-23,Urban
Tree structure,-22.820214,10.445982,75908,2020-01-30,Freshwater
Capital picture,-41.691144,12.915403,35541,2023-10-05,Freshwater
Win need,67.025693,67.317331,21371,2019-04-17,Wetland
Type stand,28.965525,127.820471,14856,2019-09-29,Desert
Study still,82.994038,-117.84136,10473,2018-01-09,Grassland
Throughout return,73.21709,-106.384468,14999,2022-04-30,Marine
South economy,-26.469921,142.277838,85944,2021-08-25,Marine
Memory those,-59.167085,-80.978941,75663,2025-04-16,Urban
Music particularly,-72.451004,23.738816,23174,2016-09-25,Wetland
Miss religious,-25.592588,-51.602847,85207,2024-09-19,Desert
Billion left,72.257127,19.641742,86283,2019-06-09,Forest
Would body,66.931922,120.076227,48946,2025-04-22,Grassland
Image general,-77.05644,-27.798511,35949,2018-01-29,Wetland
Past coach,59.79641,-177.48181,6118,2021-04-17,Forest
Lot thousand,-37.79499,94.728621,32232,2020-09-22,Forest
Parent well,82.508822,140.769465,67732,2024-09-17,Wetland
Floor life,-12.978319,-55.611774,35457,2018-04-07,Tundra
Should team,39.980258,36.580587,43162,2022-05-17,Freshwater
Two appear,75.036065,-135.4305,61970,2019-06-20,Wetland
Leg century,70.247178,41.389933,20260,2021-03-24,Freshwater
Piece clearly,-74.486864,44.057119,58870,2016-10-15,Tundra
Maybe spend,58.676509,-24.785082,23799,2018-02-02,Tundra
Mrs speak,-82.631516,-116.071946,41720,2021-08-21,Freshwater
Section former,53.807841,80.252871,14264,2023-05-05,Marine
Republican later,17.452451,18.979274,3030,2022-05-31,Desert
Chance upon,54.909727,101.559549,53192,2017-08-02,Urban
Your treatment,-37.198487,150.975364,33355,2020-02-26,Grassland
Activity teacher,-69.80982,-59.126869,85886,2018-11-27,Tundra
Sound leg,-33.702475,-179.852437,36658,2023-12-08,Freshwater
Campaign hard,-83.125089,-25.039724,53021,2025-07-16,Marine
Learn close,7.359565,-54.456167,87922,2021-08-17,Forest
Fear education,-22.524998,-102.347639,71496,2022-02-16,Urban
Budget way,-81.889542,-130.34595,44670,2017-11-19,Wetland
Which move,67.304378,-134.498838,87448,2024-08-01,Wetland
Case strong,-27.749244,-138.919688,72817,2024-05-04,Marine
Ten several,-18.621123,-52.746503,19711,2024-09-13,Urban
Whether movement,45.106621,-159.649092,224,2016-11-14,Wetland
Sign majority,44.532559,-146.799799,15869,2017-10-31,Forest
Happy source,19.530144,89.709339,95592,2021-08-09,Wetland
See figure,70.928419,-153.368335,41588,2022-07-20,Freshwater
True something,-30.977685,54.60566,6137,2023-09-07,Grassland
Great than,44.188766,122.11847,81621,2025-12-07,Urban
Bank federal,9.302599,-119.047947,12055,2021-09-28,Freshwater
Get set,-27.858602,-148.602693,24415,2018-12-27,Desert
Work song,-69.67998,34.676026,57549,2024-03-23,Urban
Want fight,78.062108,-14.792556,24123,2017-02-25,Freshwater
Nice whether,-70.215013,-37.597279,5446,2023-04-13,Marine
Public everything,57.281095,175.123031,14286,2020-05-06,Desert
Front skin,30.413705,1.25382,91569,2024-12-28,Urban
Adult wife,56.63393,54.785696,24238,2024-12-29,Forest
Foreign piece,12.732266,115.956067,20075,2022-04-26,Marine
Live kitchen,-4.078309,-65.050888,34830,2020-03-07,Grassland
Need family,71.972133,73.775597,74288,2021-06-09,Urban
Shake above,-69.401941,160.028877,81228,2023-04-22,Urban
Number mission,-68.495908,-132.367933,23874,2023-09-07,Freshwater
Value weight,-75.305615,173.304437,33311,2025-07-25,Grassland
Rather space,-59.267447,135.653287,93160,2024-02-12,Wetland
Arrive management,88.791106,29.442479,30522,2024-04-01,Wetland
Realize act,-80.790748,13.131644,42839,2018-05-17,Tundra
Everyone go,13.208368,-167.837862,89077,2018-11-21,Urban
Per hour,4.769438,10.49927,75079,2020-08-07,Marine
Two audience,2.351198,164.284218,48303,2021-06-08,Marine
Build speak,78.136966,-106.903631,22678,2017-10-19,Forest
Color similar,69.355651,17.646269,93807,2022-08-27,Wetland
Care question,-28.427435,163.251636,10000,2022-12-23,Forest
Black feeling,-27.05025,92.92501,4548,2019-02-03,Urban
Over animal,-30.11208,-166.886458,75399,2021-08-05,Grassland
Understand radio,87.990437,-7.191588,46056,2022-07-14,Grassland
Project raise,-64.753415,46.519958,32877,2018-09-12,Tundra
Air marriage,-41.638664,174.142559,57471,2020-12-12,Grassland
Manager wish,-77.470461,-64.776798,79445,2019-04-24,Wetland
Old throughout,33.44308,-3.740737,50903,2021-03-22,Desert
Society physical,80.899171,81.197579,61972,2025-08-28,Marine
Beautiful travel,-49.605806,50.163451,62075,2016-10-27,Freshwater
Environmental subject,-64.889834,112.192182,51353,2019-09-14,Desert
Put country,-39.411562,47.111144,80908,2026-02-20,Tundra
Soon beyond,31.612506,134.4575,64844,2023-08-15,Forest
Attorney discuss,-27.000557,17.784246,26840,2021-09-09,Forest
Pressure cold,9.387736,160.386681,63225,2017-07-27,Forest
Above level,-57.683283,-149.832572,34621,2023-06-20,Tundra
Speech sort,9.49548,167.450606,89632,2018-03-19,Urban
Skin treat,-46.711527,104.047614,4796,2017-12-06,Grassland
Project quickly,-76.425405,128.276432,72525,2017-05-06,Desert
Anything thousand,55.417452,70.629469,4056,2018-01-02,Urban
Plant last,-29.720727,44.157209,58696,2026-01-26,Marine
Treatment threat,88.64038,167.625457,88765,2021-10-10,Tundra
Tend discover,-41.019388,129.485722,65282,2016-08-16,Forest
Very east,-65.608536,-68.366241,35409,2021-11-27,Tundra
Nearly key,-31.246432,-60.996133,78997,2024-10-11,Desert
Establish up,-35.055737,112.257954,25269,2022-12-18,Tundra
Boy street,28.560615,-26.821105,51120,2020-04-20,Grassland
Section fish,52.859688,-113.072259,90894,2023-11-15,Wetland
Sense field,-81.620703,148.693963,43873,2017-11-27,Desert
Same memory,22.351034,126.088076,50233,2025-05-30,Grassland
Government personal,-58.346806,160.911676,71694,2020-10-13,Urban
Nice pass,49.324769,171.759351,72348,2017-04-28,Freshwater
Stay better,-54.529353,57.567561,26691,2024-03-07,Wetland
Education business,25.746532,-14.073343,74104,2023-03-10,Urban
Little worker,5.686179,78.819961,20059,2019-10-24,Tundra
Yes certain,-7.440762,148.327955,83891,2020-08-25,Desert
Fight work,41.269685,98.968836,86307,2020-09-17,Forest
Model side,-36.630524,64.917932,64379,2025-06-14,Freshwater
Stay oil,-88.035429,35.743502,39906,2022-06-19,Desert
Picture east,0.927394,178.159929,92573,2018-08-01,Forest
Discussion recognize,10.69667,74.81711,70715,2018-08-22,Freshwater
Game actually,-83.621484,127.378817,96849,2022-01-25,Forest
Environment three,58.629515,-80.910234,9338,2019-10-01,Marine
Tough artist,-61.002436,135.942149,61058,2022-08-25,Marine
Entire she,87.382335,-40.578294,67033,2026-07-11,Forest
Worry the,40.940286,-116.489092,56391,2016-10-01,Marine
My town,-49.994635,119.4634,66921,2019-02-03,Freshwater
Oil interview,-14.265449,-105.314953,78887,2017-09-07,Marine
Throughout particular,-2.814138,-68.920586,62164,2026-02-15,Desert
Population since,-22.773594,-88.167267,95612,2022-11-17,Forest
Beat affect,-36.493075,12.01588,32365,2019-03-26,Desert
Concern white,-68.525024,0.498474,92814,2020-01-21,Freshwater
Per raise,32.940537,128.475002,37764,2026-05-17,Wetland
Recently popular,-19.505465,-9.247429,10206,2021-12-18,Desert
Floor recognize,87.030616,7.668096,9170,2024-03-20,Wetland
Camera range,-41.780115,-96.687209,3508,2019-03-02,Forest
Trade Democrat,-1.294941,65.405297,63105,2020-01-04,Marine
Information want,8.053416,152.691044,8226,2023-08-29,Grassland
Visit heart,-40.74015,148.649587,17367,2020-01-04,Tundra
Bring strong,-38.957174,104.630108,53695,2023-07-03,Desert
Make nor,-0.542393,-87.786221,69579,2025-05-13,Marine
Role deep,-71.46234,43.693833,95060,2019-08-01,Wetland
Detail middle,80.841585,167.092214,32724,2017-09-09,Forest
Operation well,-62.471072,86.037101,51303,2017-09-10,Forest
Economic no,29.593275,-86.190257,21770,2022-05-19,Forest
Budget forget,-23.07766,34.990709,72328,2023-11-24,Grassland
Try who,1.64652,49.351567,96103,2021-05-16,Urban
Control father,34.227169,127.243395,7933,2026-01-06,Urban
Network size,24.661552,-131.348257,18215,2022-09-23,Grassland
Pick shoulder,44.325258,-129.768448,74814,2019-09-24,Desert
Why reality,64.427803,64.570438,35029,2018-07-04,Forest
Sense part,56.324899,-171.644574,80020,2019-02-26,Marine
Like model,-87.75317,89.430715,99891,2023-11-22,Desert
Value cell,57.815524,-169.577637,1543,2017-11-08,Forest
Partner think,-34.059362,-135.292047,68179,2025-05-05,Tundra
Produce such,-30.866132,49.081409,297,2020-11-27,Freshwater
Have important,83.554873,-79.699849,64577,2018-10-22,Tundra
Throughout evidence,-40.176791,-167.31123,94074,2026-03-30,Wetland
Local level,8.01188,3.317272,56825,2016-11-14,Desert
Drive pull,55.659777,-103.719577,58616,2016-09-20,Grassland
School same,83.600263,-57.588231,67560,2022-01-12,Forest
Throw often,-10.363094,144.213432,43293,2019-03-02,Desert
Article measure,-62.677858,18.620782,58858,2025-11-14,Freshwater
Still television,9.888089,165.979007,276,2024-01-06,Freshwater
Now Mr,-59.483195,135.388982,94663,2022-12-07,Tundra
Later scientist,80.733923,102.550886,86825,2021-11-12,Tundra
Hit gas,60.736365,129.788336,12604,2024-02-09,Urban
Hotel you,11.878684,154.648154,95660,2020-09-04,Desert
Option realize,-39.344462,-164.879439,48132,2020-11-02,Urban
Coach large,58.589366,64.489407,670,2023-04-29,Forest
Likely main,-47.655,-176.472761,77778,2024-09-16,Marine
Seek score,-77.291013,-163.212868,50687,2021-07-04,Urban
Image small,-33.803375,51.380164,8152,2024-02-21,Tundra
Road teach,-16.976738,9.493657,88981,2020-02-08,Forest
Race behind,-59.63279,164.43904,99506,2019-09-25,Grassland
Event require,60.503701,31.780184,66250,2019-04-03,Forest
Notice trial,-84.584475,-10.777051,48735,2020-04-20,Freshwater
Shake view,12.435695,-96.327002,25383,2017-12-10,Desert
Your become,-38.763614,-91.636329,46536,2017-11-27,Desert
Guy expert,-63.029054,-143.57239,94404,2020-10-05,Freshwater
Above concern,-22.832281,57.931497,63142,2017-02-07,Urban
Second road,-22.525809,-2.30449,77230,2020-02-16,Forest
Leader car,-6.825243,-133.31496,93313,2022-05-05,Tundra
Camera three,86.28819,28.307586,90315,2020-02-14,Grassland
Blue item,-39.121537,103.89776,98470,2022-03-28,Desert
Local note,-17.439047,138.232091,23562,2021-01-08,Marine
Animal I,62.67504,-117.376465,56486,2019-03-31,Wetland
Miss how,62.55589,120.234542,51547,2018-02-12,Wetland
Can movie,-88.419089,-80.86678,6781,2022-07-31,Forest
Player offer,-19.128109,-109.323906,2934,2019-09-24,Desert
Authority eye,68.633902,19.614991,95525,2020-04-14,Marine
Reduce term,-0.596819,84.511861,40453,2025-12-22,Urban
Professor about,80.775109,-59.345875,57593,2024-01-31,Desert
New personal,-37.377519,-9.658754,90807,2020-10-14,Urban
Threat level,-16.419275,-65.745434,44288,2023-08-23,Forest
Difference enjoy,32.386268,125.55903,41265,2017-10-23,Urban
Level house,53.445975,-94.995374,86565,2025-08-19,Urban
Room discover,58.9675,-118.379284,28303,2020-01-02,Forest
Age agreement,34.046169,-156.153201,6013,2023-04-16,Forest
Ten real,28.799524,-57.414987,96202,2025-06-24,Desert
Save compare,-21.013467,-111.534067,4524,2022-07-10,Marine
Dark many,-23.403448,42.365514,93394,2022-07-06,Grassland
Character who,72.5977,-164.693205,24959,2019-06-16,Wetland
Bed door,60.025804,-7.562071,35816,2020-11-30,Forest
Cold move,77.685441,-100.229631,54115,2026-01-31,Tundra
Organization during,-49.348614,-112.611675,48944,2019-08-23,Marine
Them especially,75.656015,146.816199,11425,2024-07-08,Freshwater
Media the,-45.639587,-85.650824,72939,2023-03-13,Marine
Also resource,17.406281,-159.918358,2510,2025-10-19,Forest
Easy quality,21.842216,51.776288,50892,2018-04-05,Wetland
Little party,-1.863482,53.386243,3204,2024-01-18,Urban
Yourself popular,-70.910137,-56.42304,2141,2022-12-19,Tundra
Keep visit,-24.689457,166.095548,7168,2024-07-17,Urban
Wonder order,58.988575,143.135225,55845,2021-10-03,Marine
Add fast,-18.868903,-36.438263,46478,2022-03-12,Urban
Performance party,-56.441122,6.923922,16305,2018-01-14,Grassland
Throw four,-14.816536,-67.258502,46678,2021-03-12,Desert
Single language,77.20218,99.421973,33495,2025-03-23,Grassland
Article bill,-17.353389,-118.341891,45213,2020-11-23,Freshwater
Whole turn,-0.915268,114.807664,87706,2017-10-09,Tundra
Yard most,53.620228,161.710638,61605,2025-09-27,Tundra
Bring report,-29.021378,93.355658,72510,2022-11-08,Grassland
Physical important,-12.849985,57.495074,52633,2021-08-19,Marine
Some which,-48.975725,144.977307,71150,2017-03-21,Urban
Miss wish,-75.58528,-94.136028,21085,2021-05-26,Desert
Half wonder,6.683843,139.678444,14211,2020-08-19,Marine
Collection program,47.182764,-136.984341,26478,2024-06-03,Grassland
Score term,-8.504163,-55.840831,51354,2025-03-01,Wetland
Sing full,-74.857235,90.625111,63123,2024-05-01,Urban
Case level,36.147567,23.937566,71108,2020-05-10,Desert
Change where,-40.28933,101.852303,1918,2023-02-22,Marine
Activity approach,27.925596,27.776444,87391,2023-09-08,Marine
Kid open,-19.343426,34.948873,6272,2017-10-22,Desert
West Mr,43.839739,94.408379,48279,2023-04-25,Tundra
Fish week,65.765033,110.980078,35165,2026-07-15,Wetland
Performance traditional,81.834316,101.971913,21746,2023-01-23,Desert
Air hair,-33.744174,-124.946749,52381,2018-09-08,Marine
Picture firm,32.882622,152.404922,58607,2018-12-26,Freshwater
Election goal,-1.60513,15.185444,45791,2018-02-12,Wetland
Design particularly,-6.696975,8.955497,80437,2025-02-26,Wetland
Board let,86.765036,77.351217,94985,2025-09-21,Urban
Cut successful,57.057765,72.314814,60392,2016-09-08,Grassland
Right common,39.424048,-168.651102,49343,2018-03-03,Tundra
Anyone everybody,-33.141796,-165.826095,96220,2016-12-22,Wetland
Thing against,-35.582411,100.841356,84507,2019-02-06,Tundra
Provide perhaps,-64.09418,153.880231,35770,2019-04-05,Freshwater
Company serve,46.574631,-149.47786,23913,2017-07-30,Marine
Authority finish,-13.061114,-29.644919,6268,2024-08-01,Forest
Poor act,-74.043924,-58.16806,96338,2021-04-16,Freshwater
Degree recognize,18.472208,-57.396575,27248,2021-12-06,Grassland
Site rate,70.134456,-107.287988,18197,2024-02-19,Marine
Loss guess,62.691854,-171.18469,49628,2023-03-04,Tundra
Generation this,5.603863,-41.121018,2134,2018-02-21,Urban
Speech left,38.969764,85.01346,87610,2023-08-24,Wetland
Indicate half,-63.911092,-16.850679,50639,2018-08-25,Freshwater
New give,47.201066,-94.058009,51312,2021-10-30,Wetland
Here already,-61.845039,130.479964,62201,2026-03-30,Desert
Art operation,-53.823711,-7.265374,76665,2020-04-28,Marine
Citizen strategy,-1.125976,-15.842957,19157,2023-11-11,Freshwater
Note can,-41.920575,25.866552,24798,2020-07-03,Forest
Pull check,-6.891482,-163.803697,99046,2026-04-11,Tundra
Law amount,72.926108,149.581624,48338,2022-08-15,Grassland
Window focus,7.404788,99.744205,86447,2024-07-14,Forest
Collection this,-39.975411,-31.426601,48440,2018-10-12,Wetland
Development cause,-35.221316,-108.627722,12895,2021-03-19,Desert
Per sometimes,-12.200939,-178.645673,65975,2023-02-27,Desert
Money read,16.787544,-38.087101,63511,2022-08-27,Urban
Media character,34.384243,-44.478384,75440,2023-03-16,Grassland
Simple police,-25.174432,18.232738,53216,2020-10-21,Urban
Over sign,-3.820616,171.482619,30912,2020-07-08,Urban
Sense organization,69.155306,-81.517479,63559,2017-05-25,Wetland
See lay,84.20386,178.952311,87915,2019-06-27,Wetland
Thought low,-48.373619,-85.902025,55301,2019-04-05,Forest
Floor seven,78.35827,36.039567,95999,2017-02-19,Grassland
Lead usually,-46.386595,-84.983028,10013,2020-10-22,Marine
Full she,0.384864,86.316213,88883,2018-03-19,Grassland
Against anything,-82.485885,54.441741,43340,2025-01-16,Tundra
So red,36.896313,-176.892128,74988,2021-08-28,Grassland
Consider worry,-9.762101,-42.895235,35674,2026-01-24,Urban
Whole young,73.998832,-150.65918,91161,2024-09-26,Urban
Us would,9.712227,18.251515,59770,2025-01-19,Forest
Something Mrs,-73.216174,-81.242485,37969,2022-04-28,Wetland
Arrive beat,-82.523538,-166.664536,22965,2021-09-29,Tundra
Space hospital,87.901949,-72.022298,13557,2025-10-26,Tundra
Maintain last,-33.420528,-113.582824,84466,2020-06-28,Marine
Trouble issue,74.234775,-178.968574,10171,2020-12-06,Tundra
Reveal interesting,-84.572828,-157.076396,48222,2017-07-01,Wetland
President offer,-52.221566,-64.054029,82552,2022-07-02,Tundra
Property item,-85.36417,168.251767,74086,2018-01-25,Forest
Most hold,3.547704,-123.249625,6860,2025-01-15,Desert
Finish top,-25.336347,-122.994122,78411,2017-06-11,Marine
Religious various,12.511015,-169.221867,9798,2021-10-28,Tundra
Air baby,80.197298,-78.671184,47725,2024-11-09,Marine
Up ask,-80.186946,68.733588,56991,2022-07-21,Desert
Remain else,21.865612,164.371257,91916,2018-06-10,Urban
Today community,89.228679,69.20875,85832,2024-05-21,Tundra
Subject keep,5.606733,31.85415,92955,2024-02-10,Desert
Edge road,-64.085013,38.665432,52429,2025-03-11,Urban
Feeling success,-54.910287,104.209203,71213,2016-09-06,Desert
Their as,-56.248461,-170.104416,57831,2021-06-06,Marine
Laugh position,38.273097,53.547427,46494,2020-08-05,Marine
Travel magazine,38.572829,2.380761,31346,2023-09-07,Freshwater
Beat you,-29.936657,-51.973298,63339,2022-09-08,Tundra
Religious one,72.318404,17.253807,23354,2018-12-30,Tundra
Sort instead,-80.797374,164.027223,13241,2018-09-29,Desert
Everything floor,-11.756779,18.053944,29488,2022-05-01,Freshwater
Walk painting,80.207426,114.56652,35232,2022-04-09,Desert
Mr ago,64.837385,-53.762919,7772,2017-06-02,Marine
Will work,34.010079,91.55985,45580,2020-06-13,Tundra
Significant seem,25.252459,-98.014953,27667,2024-01-26,Desert
Child song,-22.041715,97.421652,70694,2019-12-31,Freshwater
Three send,48.392489,-55.583938,64664,2017-10-24,Forest
Those discussion,89.501962,178.108767,87790,2022-01-29,Grassland
Win student,87.182965,19.607936,52960,2017-10-30,Tundra
Most agreement,-55.114658,8.472737,68633,2025-08-26,Tundra
North catch,-14.594749,-167.978415,53057,2019-08-13,Urban
Player allow,-74.914274,32.06533,21544,2022-05-24,Urban
Option fill,-89.305232,-31.209952,31599,2021-03-17,Freshwater
Citizen design,5.881785,-73.655235,9647,2018-08-08,Forest
Condition may,17.305089,84.408649,13709,2019-10-26,Tundra
Because to,-58.061783,-75.435351,28144,2018-07-12,Forest
Else official,-21.568602,147.212602,41548,2025-08-14,Desert
Society behavior,-85.09693,10.501023,8251,2024-10-23,Marine
Wonder direction,-45.516085,-139.734822,11355,2024-02-12,Tundra
Character throw,-81.809336,-3.936881,94823,2016-10-08,Desert
Subject about,23.553725,-103.379267,75472,2026-04-18,Tundra
Remain sometimes,-54.180465,130.976709,52260,2023-08-02,Freshwater
Great federal,-46.290405,68.796024,41333,2024-02-25,Wetland
Trouble future,-69.225233,6.096677,52157,2018-12-05,Urban
Teacher political,79.26171,148.424584,66855,2021-01-18,Tundra
Top their,-71.841958,4.149464,15980,2025-07-07,Marine
Indicate occur,-11.939927,-151.826507,8224,2026-04-23,Urban
Five radio,-24.765329,170.986413,22998,2021-03-07,Freshwater
Physical visit,83.078984,87.929386,50856,2023-01-08,Urban
Thought family,-40.67289,-120.696072,96056,2021-07-19,Freshwater
Page second,-49.34194,150.156903,70502,2020-11-13,Desert
None front,35.665581,-38.884896,9058,2021-02-13,Desert
Position sound,78.580268,137.707014,72966,2023-06-07,Tundra
Choice statement,2.455516,24.69113,7435,2022-10-29,Wetland
Team group,80.837583,-105.129416,10300,2024-11-29,Tundra
Your yet,87.776508,-9.240095,27007,2020-04-07,Marine
Drug stock,81.780185,176.42141,91378,2020-06-16,Grassland
Then blood,-39.810394,-113.949385,7080,2023-12-21,Freshwater
About benefit,-26.622191,-75.809539,73423,2018-02-25,Urban
Bill yes,5.270793,-135.637011,56971,2017-08-16,Forest
Ten soldier,8.460701,91.724646,81087,2024-12-19,Desert
Visit painting,8.092883,57.971226,21446,2017-01-30,Tundra
Subject oil,64.692779,-18.938773,66059,2018-12-24,Desert
Work fact,-41.530775,-129.599801,6793,2018-08-30,Desert
Mean minute,29.430619,-65.174339,55874,2018-05-19,Freshwater
Before society,84.966256,141.249366,11697,2025-08-20,Freshwater
Social only,86.849263,-129.751365,34738,2024-08-12,Forest
Indicate model,60.565143,-135.794809,61385,2017-12-01,Desert
Sense speech,72.959563,-39.009865,85437,2020-05-19,Wetland
Human produce,63.56045,158.176928,66033,2018-12-19,Freshwater
Front matter,43.129604,155.226239,56004,2022-06-08,Grassland
Reality this,26.64061,-157.134543,45437,2020-08-21,Wetland
Outside common,-67.76798,-26.321396,72876,2017-04-07,Urban
Prove over,65.335042,-15.895384,17699,2017-01-12,Forest
Against perhaps,-41.146136,-125.477638,46446,2025-09-25,Freshwater
Else success,-33.6032,-4.355877,58654,2025-05-01,Marine
Front blood,-28.299917,173.122,80805,2020-11-22,Tundra
Side nation,-41.055202,73.863576,74467,2025-03-05,Grassland
Develop middle,53.504892,140.757605,62922,2024-09-27,Grassland
Poor someone,47.439256,-93.673086,78662,2024-09-13,Forest
Answer learn,-10.440333,152.979735,25858,2018-09-01,Forest
Program first,-70.926894,-96.773615,69423,2020-01-26,Urban
Usually Congress,-27.777472,46.357622,52696,2024-11-26,Urban
Strategy pay,63.950832,109.576368,87476,2025-07-17,Freshwater
Discussion window,-75.72439,40.101079,61846,2017-02-23,Freshwater
By discussion,60.731846,155.29768,2296,2024-07-04,Grassland
Large floor,35.598035,132.239289,25279,2022-06-12,Grassland
Long choice,12.828001,74.662535,96586,2021-05-01,Desert
Pretty she,0.692659,-155.442777,92703,2020-01-09,Freshwater
Energy beautiful,-39.689714,-40.242122,29350,2023-05-07,Freshwater
Exactly among,-27.936142,156.15151,74037,2017-02-25,Grassland
Still eye,-33.748766,143.618672,5066,2020-02-06,Freshwater
Short land,16.752411,179.615206,39048,2023-04-19,Grassland
Newspaper pretty,34.752725,-137.073878,36132,2020-11-02,Forest
Garden drive,-52.314597,-124.052866,23581,2023-08-09,Tundra
Case what,39.404951,-105.246579,39730,2026-02-17,Marine
Every seven,8.938424,68.670622,87526,2021-03-08,Grassland
Stock boy,-40.992752,129.585469,139,2017-01-24,Forest
Site back,-53.79649,-18.872274,60986,2025-10-22,Grassland
Success why,32.370998,-172.639155,70159,2017-08-03,Forest
Fight point,20.532996,136.288106,10181,2026-01-30,Freshwater
Exactly bring,-11.754451,-178.068985,27667,2025-03-29,Grassland
Look receive,45.021325,-132.117723,54113,2024-02-16,Freshwater
Near movie,-50.880349,-175.585065,15971,2020-10-18,Tundra
Claim start,-76.872467,101.873517,10722,2016-08-24,Urban
Charge even,-66.306043,-143.579568,5568,2024-12-09,Desert
Even media,-65.879797,88.817502,2198,2018-02-01,Forest
Since research,-80.465626,-130.963056,57744,2024-06-22,Forest
Wall onto,55.337258,87.146409,11469,2024-11-23,Tundra
Seem hear,82.719329,-142.404197,31795,2025-04-10,Freshwater
Make stand,11.298062,-85.044768,28005,2023-07-08,Wetland
Expect staff,-16.534096,-13.779323,64589,2021-07-28,Forest
Argue community,79.308836,129.048727,24646,2016-08-12,Desert
Pull final,-39.36027,-121.706642,2651,2020-09-12,Grassland
Season tree,-58.968975,147.970921,38889,2023-11-23,Tundra
Air event,-29.053709,-151.457167,89596,2020-06-05,Grassland
Best safe,-41.696386,-55.633067,76643,2026-01-02,Marine
Which role,-0.005626,-47.22083,25423,2023-02-15,Grassland
Piece always,25.10938,151.246688,30713,2021-09-18,Marine
Recent past,89.776165,-108.525706,88145,2024-01-18,Tundra
Record could,57.157594,-97.560897,44075,2024-08-14,Wetland
Report everybody,46.875753,-23.599136,31845,2019-05-13,Wetland
Simple responsibility,-54.829564,154.491157,95968,2022-03-12,Forest
In let,82.427226,88.45029,50336,2023-12-28,Freshwater
Law man,37.197404,-10.705662,68676,2021-09-18,Tundra
Customer before,-23.844878,-14.079817,91016,2019-02-04,Grassland
Man town,-37.46381,138.667978,32707,2023-09-30,Wetland
Guy point,79.548528,64.340695,9726,2020-06-23,Marine
Argue structure,-84.420751,75.041236,98314,2022-08-22,Marine
Fine adult,67.791788,127.065514,35630,2023-11-30,Marine
Water manager,82.466049,68.781106,84807,2018-03-04,Freshwater
Smile several,28.078435,42.522617,15239,2024-01-09,Desert
Practice party,29.952483,42.896194,62190,2023-08-27,Forest
Hotel base,70.610306,-65.809314,92810,2020-09-05,Grassland
Professional ball,-60.859753,-101.207178,31702,2019-10-12,Marine
Move Mrs,50.954007,83.112217,30963,2019-03-18,Tundra
Back yourself,54.410744,-86.423322,15110,2022-04-16,Wetland
Foot recent,23.747646,-67.654169,99691,2025-01-12,Marine
Note table,-21.818793,145.020723,80006,2020-10-02,Grassland
Pull effort,70.156131,61.37233,51281,2022-06-10,Wetland
Open election,-66.29691,81.466738,68499,2018-01-19,Urban
War now,-31.332965,-64.073866,9520,2019-12-22,Desert
Here it,-31.137651,-155.083868,88993,2018-12-28,Urban
Discover us,-41.469735,116.39556,61295,2019-12-15,Freshwater
Unit task,-41.64758,66.221763,33913,2021-07-23,Grassland
Indeed already,34.638145,-24.804505,20288,2023-10-03,Desert
Travel market,-26.052971,171.598709,84829,2019-03-26,Tundra
Ball church,11.902886,-77.529463,65330,2017-02-09,Freshwater
Of car,31.743833,99.819786,83400,2022-09-06,Tundra
Song agree,-5.726868,27.540373,48032,2017-01-07,Tundra
Sea total,89.172791,8.965873,95952,2018-08-20,Desert
Soldier social,-80.148349,94.726602,3199,2024-12-14,Wetland
Technology it,51.969267,-118.832514,67796,2026-01-14,Tundra
Beyond financial,-80.340927,47.356312,28177,2018-10-23,Tundra
Its local,53.477052,-164.095608,25375,2025-04-24,Desert
Bad dinner,23.374875,-147.733392,18836,2020-12-13,Forest
Sometimes product,-65.786126,50.068054,72951,2023-09-03,Forest
Grow finish,-0.506639,24.47281,94642,2023-03-07,Marine
Turn sea,63.998041,-116.017102,40142,2026-02-03,Grassland
Edge drive,-84.289462,-119.582982,45128,2018-09-23,Forest
Central collection,-41.998004,-3.802775,96272,2017-10-20,Forest
Investment send,8.220075,20.1162,44235,2026-05-18,Urban
Itself chance,65.285349,-124.967639,19611,2025-11-20,Urban
Stand either,-88.121978,70.708852,92542,2024-04-16,Desert
Myself world,-35.84109,-71.028313,9233,2024-08-02,Desert
From indicate,-78.531702,35.159005,35861,2023-11-01,Tundra
Three these,34.604258,41.38998,94985,2024-03-27,Tundra
Shoulder important,-47.211481,20.581894,27170,2018-03-21,Freshwater
Possible Republican,-47.495102,170.394251,29581,2023-08-24,Freshwater
Ever serve,4.06289,-19.813185,73286,2025-09-22,Freshwater
Attack order,-12.858964,-158.844875,83647,2016-08-03,Forest
Or require,-72.938289,-60.704735,43092,2020-05-14,Freshwater
Similar year,31.525815,175.409744,73687,2016-10-30,Desert
Dog level,42.008343,-113.56911,72385,2024-01-07,Tundra
Attorney fish,-87.346885,177.686614,47686,2018-06-13,Forest
Fly civil,51.226256,-127.541975,9721,2016-08-30,Tundra
Threat part,30.742075,61.744811,80041,2022-06-09,Wetland
Expert push,55.5785,87.183642,78440,2020-03-12,Marine
Control election,72.513919,-17.043826,70649,2024-05-18,Tundra
Feeling child,-22.751418,84.83567,96871,2023-12-23,Grassland
Heavy believe,33.031831,-117.936796,99301,2019-04-17,Grassland
Message tonight,-73.108082,-83.587499,28684,2026-05-24,Freshwater
Job most,1.586018,-93.311291,88548,2022-03-05,Tundra
Else senior,51.898549,120.339959,35869,2019-07-07,Marine
Full TV,52.500818,-84.883253,58736,2017-03-23,Forest
Smile idea,-15.045881,-106.482214,40714,2021-01-12,Grassland
According foreign,-46.185132,-153.939066,9121,2021-02-11,Marine
Offer capital,41.810206,-95.535368,10271,2023-08-14,Marine
War loss,76.219651,-92.048999,53267,2018-11-09,Marine
Require most,29.51789,-7.351977,33662,2024-04-27,Desert
Ground huge,18.592165,-125.952194,70199,2025-03-26,Wetland
Fight why,63.909841,-91.487266,34427,2020-02-06,Forest
Keep leave,-25.811018,-5.161956,43601,2023-06-14,Freshwater
Meet senior,4.072927,-118.842323,6744,2026-06-19,Grassland
Since capital,-72.465438,9.094462,2180,2019-04-30,Forest
Figure wide,78.051646,-153.791252,96146,2026-05-12,Tundra
Maybe really,-20.771534,129.392201,28848,2025-07-28,Wetland
Conference hand,88.892042,-92.018759,91257,2020-01-13,Freshwater
Item something,84.249952,-160.363547,76053,2021-03-16,Tundra
View upon,57.999331,-164.220185,7369,2018-04-21,Tundra
Trip blood,46.278236,92.238692,54672,2016-07-28,Forest
Beyond build,56.148012,2.589003,94467,2023-01-08,Forest
Himself lose,-18.044267,-164.84966,58637,2020-08-22,Freshwater
Exactly military,-50.061785,97.109334,78160,2026-06-08,Forest
Management exactly,-21.148877,-23.768979,25797,2017-11-03,Tundra
Really nor,-36.059707,-151.943488,80685,2020-12-23,Wetland
Standard behavior,-53.815879,-155.161273,49199,2020-02-22,Urban
Significant avoid,-36.585765,69.631133,59230,2024-04-29,Wetland
Throw rather,-70.091868,-86.333994,4426,2018-10-01,Grassland
City explain,38.206791,156.640356,7557,2019-01-30,Tundra
Why yourself,-36.503805,67.192451,45188,2022-11-11,Wetland
Smile business,-75.866806,27.772558,13968,2024-10-06,Marine
Fill growth,-56.463878,98.421275,62593,2023-12-30,Urban
When color,45.68641,-138.971759,28355,2019-01-04,Forest
Song check,72.146476,-175.628629,17472,2023-04-18,Urban
Sign operation,-9.920662,78.528276,22937,2023-03-20,Urban
Knowledge throughout,14.067633,-12.169527,61122,2023-03-17,Freshwater
Candidate plant,-86.648521,19.851751,53045,2023-05-21,Forest
Today herself,59.730301,155.909078,96862,2025-07-28,Tundra
Themselves above,16.783431,-99.873609,4426,2025-01-03,Urban
Explain husband,-64.054243,-120.151074,18569,2019-09-17,Grassland
Pretty free,53.206118,-84.491472,37761,2021-02-19,Desert
Watch power,27.95181,47.253097,57829,2018-12-26,Urban
Establish medical,-25.018855,-158.38795,76644,2024-03-09,Forest
Writer although,51.914774,-34.256938,61683,2025-01-04,Urban
Physical notice,-80.87558,148.776722,54244,2021-03-11,Marine
Career sign,-66.349323,14.310368,29766,2025-03-18,Desert
Its factor,-69.220775,127.997594,89447,2025-11-23,Desert
National go,-4.667203,-61.950696,69232,2022-09-22,Urban
Kind level,58.643244,-171.560726,33587,2020-07-25,Freshwater
Blue ability,67.115634,-35.258302,3212,2024-08-18,Urban
Remember ago,-5.069527,-92.28634,84609,2017-02-23,Forest
Recent fast,-58.825942,-161.68591,60318,2022-12-13,Grassland
Expert yeah,-60.595463,19.131479,27054,2019-05-15,Grassland
Though us,52.66438,-171.222866,17175,2017-06-10,Tundra
Not leader,81.854281,70.908239,51224,2025-08-07,Forest
Arm after,23.821472,-77.938171,852,2020-11-20,Tundra
Television candidate,59.531121,-110.415315,97336,2023-10-29,Urban
Your rich,21.660419,-173.161737,94587,2025-07-14,Freshwater
Few most,83.329376,29.708934,76600,2018-02-18,Desert
Line source,62.316423,72.12569,73254,2024-12-17,Forest
Some Mr,-13.523439,-49.7933,58872,2019-12-23,Desert
Which new,-70.130687,-79.660141,81003,2025-08-21,Urban
Most explain,54.672809,-94.911055,97652,2018-11-07,Wetland
Total herself,88.04481,-104.503176,76445,2021-03-31,Tundra
Both option,-44.636695,-155.372849,200,2020-02-03,Freshwater
Raise account,-17.611176,-69.594997,90530,2018-08-05,Tundra
Forget stand,-76.304156,-160.468736,94533,2026-05-01,Freshwater
Effect person,36.931247,59.447378,27560,2022-04-09,Desert
Sell kitchen,-79.677038,-49.854221,48036,2020-06-11,Wetland
History arm,89.836155,-83.374555,55649,2017-01-21,Tundra
Seven field,28.02509,102.535091,5492,2023-12-23,Desert
Almost point,-62.093766,23.344915,53012,2020-07-24,Freshwater
Protect baby,-64.917466,78.840232,10445,2023-11-17,Desert
Remember compare,-48.500914,159.399684,82759,2021-08-26,Wetland
Line use,-15.776471,172.144489,73178,2020-05-10,Wetland
Either marriage,13.171249,-81.396409,78219,2024-12-31,Grassland
This cell,2.987417,6.909616,26719,2017-01-01,Wetland
Pass consumer,-42.267344,125.85891,62361,2021-05-10,Urban
If include,37.373122,44.157348,17054,2021-08-31,Desert
Future security,88.468791,175.714922,48470,2017-09-18,Grassland
Officer be,23.518246,117.397712,13426,2018-12-15,Urban
Begin tax,-72.020582,63.02095,41985,2018-03-30,Tundra
History realize,84.977015,-112.097486,32938,2022-03-02,Freshwater
Prepare finally,-14.177801,-42.597059,74895,2023-04-12,Marine
Interest guy,76.800085,-96.846052,76116,2019-05-20,Forest
History tell,40.93445,-154.713812,10250,2026-03-11,Desert
Base American,33.241767,-95.093292,13442,2023-07-08,Forest
Green full,75.171625,-48.838418,11941,2018-01-25,Freshwater
Until production,-5.334366,-48.764461,86049,2024-12-22,Forest
Plant news,-80.251746,-0.189763,33472,2017-02-03,Marine
Couple go,21.688696,-122.878989,33692,2022-08-30,Tundra
Heart expect,35.606135,-90.933854,5673,2024-05-09,Forest
Matter occur,-51.641225,156.391938,41345,2017-09-01,Freshwater
Stop song,23.67796,0.685111,44214,2022-09-14,Tundra
Woman one,32.849409,-141.996147,1014,2020-08-29,Grassland
Bill reveal,59.818812,125.426826,28307,2016-08-27,Tundra
When next,49.813046,-51.061329,28997,2021-06-08,Grassland
Top only,-24.693422,-4.525724,34883,2020-07-01,Desert
Military cultural,-60.488885,131.283077,98311,2017-01-24,Marine
Course employee,-59.478078,25.454456,66385,2017-12-01,Marine
Improve finish,-85.175712,-122.417318,30708,2021-07-29,Wetland
Result serious,43.068335,-14.485606,52316,2018-09-07,Tundra
Past personal,37.053937,-53.796633,19702,2024-04-14,Freshwater
Performance business,-21.716955,159.258524,72353,2022-05-10,Urban
Table tax,-3.110148,-139.701066,81576,2025-09-20,Freshwater
Poor east,10.816543,48.238687,18528,2020-09-27,Marine
Show accept,33.249711,-111.22461,33688,2021-08-01,Desert
Hot special,22.743638,-146.205531,68107,2026-06-27,Marine
Trouble strategy,83.536775,100.497484,54963,2016-07-26,Tundra
Meeting attorney,83.768249,3.328111,51812,2024-02-01,Grassland
White first,-87.874178,117.191962,67261,2018-06-06,Urban
Central away,-45.128836,43.573359,36364,2026-05-25,Wetland
Far however,14.152948,-17.323526,83537,2021-06-23,Freshwater
Join kind,50.265586,99.135202,29205,2020-08-12,Wetland
Environmental test,-20.547437,-77.608886,54293,2018-07-30,Grassland
Response film,-74.05095,70.080504,2071,2022-06-13,Wetland
Worry forget,-89.876351,80.752028,62450,2024-12-27,Desert
Painting wind,0.600578,61.014768,73802,2016-09-28,Forest
More American,-80.699256,-32.631511,74974,2025-07-26,Grassland
Step perhaps,-50.405696,140.537308,97685,2020-04-13,Desert
Clear property,-14.169291,9.89356,76386,2024-11-14,Forest
Manager music,15.815602,152.938113,56086,2023-02-11,Freshwater
Open agency,-7.3331,-12.10961,66193,2017-05-30,Forest
Civil recognize,30.596016,-140.90992,94292,2019-11-27,Forest
Away none,-61.692182,-8.821267,83563,2020-07-14,Marine
His mother,40.579365,-140.558835,42810,2019-08-20,Urban
Quite imagine,-8.63512,73.459306,76160,2022-09-17,Tundra
Experience ever,-35.367271,131.264016,74465,2017-12-16,Forest
Phone fear,2.934376,136.065253,26147,2017-01-06,Grassland
Song from,46.910987,85.801883,58935,2019-01-05,Forest
Here explain,56.85597,-14.629363,49219,2024-09-29,Wetland
Other spring,-56.866149,166.953769,10023,2024-10-24,Grassland
Toward high,-79.031866,-92.017789,36922,2024-04-03,Wetland
Interest perhaps,-32.686769,74.441459,35566,2024-07-21,Tundra
Itself story,80.84309,81.596854,27081,2018-11-18,Desert
Sure cause,34.675621,-111.873758,88172,2016-10-23,Grassland
Modern quality,-19.238094,-11.481063,14334,2021-01-11,Wetland
Respond business,-33.525764,26.687588,40459,2016-11-11,Freshwater
Early boy,20.049706,-99.248814,72366,2019-08-02,Wetland
Consumer above,60.536646,19.492889,35655,2020-09-28,Forest
Director doctor,-40.21437,5.415871,13914,2018-08-23,Freshwater
Marriage guess,-50.753946,-144.438926,95098,2019-06-19,Urban
Feeling growth,57.376113,34.844119,92490,2020-08-21,Tundra
Should fund,89.274849,-170.85555,23701,2020-12-09,Forest
Stay theory,-79.092919,-37.175041,17551,2019-07-20,Freshwater
How through,-51.931383,-157.865904,75579,2025-09-24,Freshwater
Subject debate,-24.801488,-15.194078,80030,2024-05-07,Desert
Less possible,-42.437412,57.185918,33288,2020-05-06,Forest
Black agent,-34.499536,66.797487,28265,2017-11-24,Tundra
Piece education,-36.803938,-2.22407,34504,2022-07-11,Wetland
Country seem,51.725283,-165.525502,7388,2022-12-16,Tundra
Expect it,66.937968,163.460429,69675,2017-02-03,Forest
White early,-40.108446,-116.416077,7649,2018-01-15,Forest
Probably political,-64.896738,-130.300963,66079,2020-01-22,Marine
Attention increase,-86.797049,127.803758,43713,2018-01-31,Grassland
Might development,47.880343,-117.370487,51828,2025-11-01,Freshwater
Official begin,-49.171305,143.159779,17859,2020-11-14,Tundra
Source not,-11.498198,80.266468,92533,2018-08-08,Urban
Certain able,39.927344,178.611667,74932,2023-04-19,Grassland
Series war,-57.695529,-24.274375,83238,2023-10-23,Tundra
Citizen front,-73.696859,-156.725622,70092,2026-07-11,Forest
Trial toward,-15.105801,-60.83554,49320,2018-07-17,Marine
That seek,72.787272,-70.171554,12439,2018-11-28,Freshwater
Brother west,-65.38371,19.033336,41283,2017-04-03,Freshwater
Film degree,71.234935,-172.390613,36648,2022-09-14,Freshwater
According good,-84.505112,-0.301379,47311,2021-01-25,Urban
Defense baby,-9.769546,103.821285,53398,2016-10-05,Freshwater
Laugh media,-87.338169,120.531595,87557,2017-08-15,Marine
Product myself,20.662366,50.257215,61333,2018-08-04,Grassland
Send direction,-57.658323,-70.086162,60180,2016-10-27,Urban
Public quite,-3.499427,-36.213639,63649,2021-03-19,Freshwater
Current of,-87.576302,74.838596,60784,2022-10-07,Marine
Great right,84.888716,108.827997,21426,2016-08-26,Grassland
Partner may,58.599434,176.395303,27295,2023-02-02,Tundra
Take fish,21.741974,80.155359,66930,2023-05-07,Desert
Television capital,-51.41879,-37.197782,50789,2021-06-14,Forest
Space agent,-45.603176,167.715543,86975,2023-07-14,Grassland
Career tell,49.255026,-125.247457,33612,2018-12-20,Marine
Center five,4.506163,32.826796,15011,2019-05-06,Marine
Course bag,79.232505,-53.789366,20332,2019-03-20,Grassland
Agreement occur,-34.288213,4.309177,59498,2018-11-09,Forest
Somebody add,-23.124875,125.102971,94367,2017-03-10,Tundra
Plant agree,-78.519803,16.144518,99313,2021-02-09,Wetland
Ability our,-49.062122,85.010066,25233,2022-01-08,Freshwater
Hope during,-71.50246,-176.211614,4476,2025-02-18,Urban
Hit head,-38.106538,-40.267834,42560,2019-02-19,Urban
Begin out,4.288659,-120.246169,47643,2024-01-01,Marine
Notice table,-55.848638,-3.897621,96001,2022-12-14,Desert
Impact whether,-65.032345,119.145784,69944,2023-09-30,Grassland
Product above,-6.897048,13.799318,38372,2022-07-31,Desert
Bit six,44.978918,-3.799124,93759,2016-09-21,Urban
Early thousand,39.045972,96.175403,69618,2017-05-21,Urban
Away military,-75.833034,127.24412,46494,2026-01-10,Tundra
Raise big,15.257295,-100.782907,93413,2024-03-05,Urban
Tough air,-19.326643,-5.71849,51574,2019-04-15,Grassland
Line since,8.931707,5.5563,65191,2018-04-25,Freshwater
Successful possible,-57.802419,95.439479,10567,2026-05-22,Forest
During interest,75.017729,51.429768,34128,2022-02-14,Tundra
Get shake,-59.096742,-132.474911,6174,2025-03-18,Freshwater
Establish work,-81.844858,61.466361,7235,2023-12-28,Urban
Population TV,-54.203641,-42.053253,61034,2020-04-02,Desert
Close produce,-38.201988,-147.286008,53902,2026-07-11,Grassland
Enough buy,0.294351,70.189674,74124,2019-01-14,Urban
Thing region,-77.720067,-166.399937,80149,2026-02-09,Wetland
Note while,47.608714,55.209133,69221,2024-08-12,Tundra
Ball avoid,-52.785466,66.033374,91574,2017-04-27,Grassland
Travel your,14.232097,-11.068859,40623,2026-05-15,Urban
Book hit,88.018577,-22.794338,21625,2020-11-15,Desert
Still later,-75.226978,-92.905557,47297,2017-11-20,Freshwater
Medical open,53.715439,-27.499197,43167,2021-02-19,Grassland
Job everyone,14.104727,110.646469,41411,2024-04-25,Tundra
Far born,-50.851911,47.858796,32832,2017-09-08,Urban
Common list,76.741568,-100.574063,35692,2016-10-26,Marine
History your,-49.091715,124.150578,96571,2024-07-24,Grassland
Control system,-30.981131,-159.295298,36682,2020-10-18,Freshwater
Share sit,-84.373483,-138.190289,34311,2021-12-29,Desert
Respond produce,-56.775667,-84.922998,25715,2024-09-25,Forest
Then budget,46.554278,164.083361,34203,2022-07-27,Forest
Way ahead,-58.439742,42.35062,24279,2025-12-15,Marine
Degree serve,50.929364,-90.26679,77285,2024-05-18,Wetland
Finally owner,20.711988,-165.345868,48353,2018-06-29,Freshwater
Standard cut,80.070185,-107.157936,81959,2023-12-15,Tundra
Move must,15.123364,-134.791638,96548,2022-08-01,Grassland
Parent debate,-46.695601,153.013372,58667,2016-08-16,Desert
Investment sometimes,86.976957,6.643703,37164,2025-10-14,Tundra
Either often,31.066003,-171.03812,51145,2022-11-17,Freshwater
Forget window,-25.750915,121.036031,7002,2022-12-12,Marine
Up size,-24.70716,-112.249791,97235,2017-10-21,Desert
Toward heart,-8.157754,179.49579,29771,2021-08-04,Wetland
Authority actually,-48.027496,-179.553071,16891,2023-05-12,Marine
Require out,-41.938065,81.344494,99327,2023-11-12,Forest
Feel drive,-20.312077,44.386904,87836,2022-11-05,Marine
Country everything,1.169177,110.302336,84775,2024-10-06,Freshwater
Develop act,51.963648,-164.433095,27760,2024-06-25,Forest
Treatment traditional,68.091475,-78.593594,33935,2022-05-22,Tundra
Example major,21.220135,14.810784,43059,2026-01-30,Wetland
Son available,-31.783488,171.930324,1682,2018-06-17,Wetland
Skin morning,24.298851,65.459252,58019,2020-12-28,Forest
Church form,-24.942962,31.872195,87189,2024-06-19,Marine
Table add,52.349499,36.127725,46512,2018-04-23,Desert
Beautiful research,-53.731372,-163.832099,12134,2016-10-26,Grassland
Enough woman,-51.679489,-29.027378,74047,2024-01-15,Marine
Discussion effort,25.197837,-45.403794,9012,2025-06-22,Freshwater
Nature south,1.032818,88.990547,97515,2026-04-19,Forest
Daughter beat,-45.297003,115.305915,45316,2022-07-06,Forest
Shoulder agreement,-48.263546,126.327767,39480,2022-06-07,Grassland
Do old,80.880997,-109.857821,2151,2016-08-17,Urban
Natural itself,4.349994,-71.975242,42257,2021-06-15,Wetland
Minute expert,-86.167887,-164.941475,44879,2017-07-02,Wetland
Walk education,19.588414,174.580179,60242,2024-01-16,Marine
Certain yard,-65.917227,85.531559,78700,2024-02-14,Tundra
Clear medical,-20.872024,-105.414283,846,2022-01-08,Grassland
Through since,87.025561,41.424951,38213,2019-04-09,Tundra
Bar agency,-36.131252,-149.706118,33596,2022-05-31,Forest
Task race,-59.397642,159.365264,94264,2018-05-12,Forest
Mean value,-63.775306,148.495718,35551,2023-04-10,Desert
Far around,-86.799727,-159.099444,70568,2019-12-05,Wetland
Country none,-66.407086,-7.33802,28281,2024-11-03,Tundra
Indicate lay,-11.674485,44.080642,58644,2022-07-11,Wetland
Which seek,-24.315579,-77.77217,46111,2021-09-28,Tundra
Specific myself,-0.294936,-45.521719,73688,2020-07-04,Freshwater
Once collection,-21.426199,109.386948,87282,2023-11-08,Wetland
Thus she,-76.17614,-29.476987,37265,2018-12-18,Marine
Treatment catch,77.41671,-154.649268,60419,2022-05-06,Forest
Word significant,83.981882,-103.20151,49120,2022-10-01,Grassland
Relate indeed,16.401733,153.407281,57602,2024-01-31,Desert
Computer paper,70.292735,-10.897704,38421,2016-11-07,Tundra
Common more,-54.815787,-29.490765,92739,2017-11-30,Desert
Character big,85.82884,-64.201088,90785,2018-12-03,Marine
But west,38.921517,69.15552,39671,2022-03-13,Desert
Operation way,-10.464291,126.284844,24533,2026-04-29,Tundra
Pattern be,7.260004,32.538741,81540,2024-08-17,Freshwater
Major business,17.509961,-71.212734,92076,2019-01-24,Grassland
Issue most,-84.443986,67.988154,26196,2022-03-01,Grassland
Career nature,1.70496,114.79402,18475,2025-02-20,Tundra
Ability best,-61.860134,124.114722,16436,2019-05-15,Marine
Yeah step,45.944979,158.961595,90282,2017-08-14,Marine
Around president,-13.800939,5.294119,28688,2023-08-15,Wetland
Allow listen,-84.731044,-105.178045,64949,2020-01-13,Tundra
Later me,18.789505,61.410929,59083,2018-04-01,Marine
Yes gun,-84.973045,18.513165,71153,2017-12-13,Forest
Once performance,-55.808659,-33.150441,94989,2022-04-06,Marine
Easy question,54.886864,-47.466066,15448,2025-09-02,Marine
Sell song,-82.432315,-83.578365,7397,2023-04-24,Freshwater
Media turn,-28.021627,-157.188584,92786,2020-12-06,Marine
Arm including,-18.702864,-50.208463,7997,2022-07-11,Marine
Else security,67.247679,-94.726968,1679,2024-03-06,Wetland
Game citizen,-34.760864,19.385587,22963,2017-08-16,Urban
Mind think,11.263602,55.458346,92533,2022-10-09,Tundra
Stop forward,-68.743435,145.286113,2556,2018-02-02,Wetland
Role yard,-3.063236,-168.307261,75643,2025-07-11,Forest
Stand stand,-42.28298,117.524764,40356,2018-12-07,Desert
Security raise,48.584464,117.716031,16806,2018-09-01,Urban
Evidence these,-26.861782,-71.273712,88369,2022-11-01,Grassland
Talk practice,3.190756,3.20893,42861,2023-03-05,Desert
Then reality,17.181162,-42.744765,13929,2016-12-03,Urban
Decide skin,-10.675903,177.986836,49321,2025-09-24,Desert
Theory run,86.127176,-53.196441,31055,2018-11-15,Desert
Water establish,8.93706,-33.307835,52980,2021-10-28,Forest
Among see,77.073881,-122.66009,7026,2018-11-27,Urban
Than industry,48.844793,1.322863,91129,2025-11-26,Wetland
Reduce home,-0.261616,22.150154,36528,2021-07-02,Forest
After Congress,83.665456,-140.827283,85560,2020-06-02,Wetland
Over light,67.204588,150.893003,3773,2023-10-24,Freshwater
All first,-28.430828,-94.712044,77691,2024-02-06,Tundra
Property doctor,9.424894,-9.303868,38999,2020-06-11,Freshwater
Almost edge,64.284862,150.383984,70898,2020-09-27,Urban
Question employee,-0.851506,-7.668429,52597,2021-05-14,Desert
Rule really,-67.421516,76.898201,39430,2016-08-12,Urban
Religious position,-65.758707,157.987409,83090,2020-12-20,Tundra
Everyone cup,26.773069,158.912904,77718,2019-05-06,Urban
Role position,74.85722,-170.91766,81552,2020-05-07,Grassland
Process blue,28.025601,-124.913713,84861,2022-03-29,Marine
Development campaign,-12.606504,-128.626137,4436,2023-11-09,Grassland
Culture center,-57.222662,-151.681345,50457,2020-08-15,Freshwater
Whether note,45.646599,-139.710144,86327,2022-09-27,Desert
Him when,-24.936247,46.292865,72942,2022-08-25,Urban
Two white,-60.692941,-31.510579,31221,2023-09-05,Marine
Possible impact,50.571517,167.186539,26897,2019-05-28,Freshwater
Around anyone,18.543154,91.563539,96142,2017-09-26,Freshwater
Successful five,63.46537,-19.416261,63768,2022-07-22,Tundra
Chair seat,74.278136,9.07271,71798,2021-11-05,Wetland
Simply camera,77.985117,-31.393095,87813,2024-12-14,Forest
Method drive,-16.131609,-137.424425,49604,2019-09-21,Marine
Piece condition,50.761994,-64.159784,33165,2022-07-16,Grassland
End everyone,-77.209485,170.489849,63365,2018-12-25,Grassland
Center board,-9.013137,-84.221271,46493,2023-11-25,Desert
Believe share,-64.981835,-31.799112,49526,2024-06-15,Forest
Career return,33.585607,-158.753913,425,2024-01-21,Wetland
Reflect well,-10.897973,-160.202572,17657,2026-01-19,Tundra
Would drop,-59.766141,52.61864,20438,2020-08-18,Forest
Less speak,49.175994,-31.914882,82233,2021-01-17,Urban
Cell letter,61.296731,-108.514646,77403,2017-03-26,Forest
Forward receive,-23.287016,101.309519,72473,2024-12-02,Marine
Weight trip,10.737799,-69.402762,93067,2025-04-23,Grassland
Thing choice,-86.240537,108.696115,97593,2023-03-17,Wetland
Former today,29.618641,109.811978,68314,2021-03-07,Forest
Exist scientist,-40.991202,-168.906924,36114,2019-11-26,Tundra
Local thought,41.63909,-103.733987,82535,2017-08-04,Marine
Determine have,18.876962,144.815804,85648,2021-08-17,Desert
Democrat our,0.771999,-17.359865,76133,2019-11-13,Marine
Rule number,45.100943,-172.76267,11764,2021-01-19,Freshwater
Number only,-61.450952,-64.276198,48690,2021-03-14,Tundra
Leg company,28.233746,155.78266,43939,2019-10-25,Grassland
Town recently,67.673242,-91.330408,85415,2023-11-01,Forest
Series performance,12.468083,133.678239,57903,2019-10-20,Tundra
Green help,-8.30726,176.366022,13814,2024-04-10,Tundra
High act,19.918939,-151.259852,59594,2026-06-12,Desert
Town thought,54.802795,7.14084,8862,2017-01-29,Tundra
Direction network,52.068779,-53.628911,46267,2026-04-17,Urban
Citizen art,84.680785,25.259519,96852,2026-01-08,Freshwater
More land,52.231388,-12.122148,98367,2026-01-03,Forest
Card per,27.222981,-109.284881,80626,2021-10-03,Grassland
Stock young,84.535418,124.924276,99909,2024-09-09,Forest
Could scientist,-12.142303,-129.303659,68083,2019-10-18,Forest
Week open,79.269958,-32.13534,39539,2024-11-27,Tundra
Song woman,63.646689,45.1054,71827,2018-12-03,Wetland
Thus international,-78.850106,28.710621,45406,2023-02-10,Freshwater
Specific page,-57.843355,157.783186,32631,2023-05-09,Freshwater
Indicate term,-11.305484,-169.883776,34023,2017-04-02,Wetland
Play follow,84.142143,96.584341,83226,2018-11-27,Forest
State with,56.224601,101.258617,84357,2024-03-13,Freshwater
Back fill,59.143461,-149.760148,37031,2019-11-13,Freshwater
Traditional travel,60.913235,-105.969221,18489,2017-03-03,Desert
Everything leave,-59.442641,80.304889,69632,2021-10-17,Marine
Up detail,9.680306,-60.99956,62199,2016-12-04,Marine
Send again,85.760769,72.705571,33416,2024-08-22,Wetland
Local issue,8.360854,35.218317,60704,2025-01-17,Grassland
Allow nice,36.959509,59.526297,55490,2018-01-20,Grassland
Poor enough,18.133781,91.785486,61238,2020-06-12,Freshwater
Stop cover,74.750574,25.928658,73700,2021-07-21,Desert
Edge one,69.465361,36.663053,18019,2024-10-30,Marine
Mr serious,-79.709363,30.346553,64262,2020-07-03,Forest
Despite television,7.484747,-56.379129,17929,2018-10-21,Urban
Research relationship,-89.866807,144.729845,23180,2025-10-09,Freshwater
Near particular,-47.761387,91.903924,49919,2020-12-04,Grassland
Up oil,62.208679,-135.317066,52654,2022-04-05,Grassland
Vote current,-15.643023,-80.148451,42403,2022-08-12,Tundra
North all,57.55212,56.918179,30901,2018-11-23,Urban
Run major,-17.320394,156.863482,12818,2023-09-14,Grassland
Agent south,-5.306319,134.510415,94680,2018-04-14,Tundra
Say ten,-30.246913,-153.854813,8884,2024-01-14,Urban
Hope safe,20.440431,105.805995,79527,2023-07-21,Wetland
Pattern send,-41.63891,3.046221,65024,2022-09-29,Grassland
North reduce,-84.295581,113.473015,61797,2018-05-14,Tundra
Special politics,-20.200615,-125.072618,24448,2022-03-05,Forest
Writer capital,62.080372,172.398144,39620,2018-02-13,Freshwater
Forward capital,86.497749,57.203816,46520,2024-07-05,Marine
Gun thing,1.546732,-22.492378,6480,2025-12-31,Wetland
Often tend,-29.180295,56.530966,48209,2024-07-01,Forest
Positive size,-85.570977,-159.735652,52969,2017-07-17,Desert
Rise too,-76.502025,18.393326,29480,2024-09-11,Grassland
Million rich,82.770016,114.966006,95118,2019-05-09,Tundra
Writer me,-10.337336,-14.737086,59488,2023-06-18,Forest
Arm popular,84.919237,-1.419448,78809,2021-10-09,Wetland
Recently deal,-89.392382,108.264206,24501,2018-03-23,Freshwater
Operation him,-87.934442,-137.158927,74023,2018-11-04,Freshwater
Service season,-44.775588,62.761229,49591,2016-12-03,Forest
Thus trade,68.811135,81.802334,53877,2019-01-29,Urban
Dinner international,-60.317731,166.627136,64498,2023-04-03,Forest
Give suffer,-6.781022,119.831433,18513,2021-02-16,Desert
Term station,-45.997427,-178.852247,34786,2018-05-07,Grassland
Focus service,81.949139,111.927158,81341,2017-05-20,Tundra
Instead protect,-57.864862,-137.269232,94115,2024-02-21,Grassland
Particular north,83.808933,-26.24923,63042,2024-09-28,Freshwater
Effect call,47.807475,10.532522,83115,2018-08-10,Marine
Security challenge,-82.787161,-63.707076,41379,2025-10-06,Desert
Brother without,15.090221,123.819728,60535,2023-01-02,Marine
Issue care,-37.79194,107.290999,82561,2019-02-28,Urban
Play to,30.296519,70.612374,22183,2018-02-28,Forest
Financial large,-24.341973,-87.389323,67098,2021-04-03,Desert
Production base,-86.188907,157.395566,95031,2017-07-06,Marine
Surface ten,-17.216986,-15.098753,81047,2019-07-23,Grassland
Term suggest,78.560222,145.554111,99869,2018-10-17,Forest
Say pretty,62.614962,-14.99087,19632,2025-09-14,Forest
Cause the,-71.829705,71.219168,21320,2022-12-01,Wetland
Pretty ask,-24.444276,-87.582312,5499,2018-03-01,Urban
Through rather,38.122809,-21.450497,18454,2019-05-01,Tundra
Network baby,-10.85014,-36.426342,55406,2016-10-06,Desert
Together feeling,82.237595,164.459851,14434,2017-05-31,Urban
Hot certain,-45.587354,-179.515109,52374,2018-05-30,Wetland
Stand sport,-59.286378,74.026594,78086,2025-07-02,Desert
Reality much,-42.685497,23.481871,3379,2023-01-13,Grassland
Information improve,-81.975235,-113.8319,1131,2019-01-07,Urban
Road learn,-11.555546,-34.503524,10012,2022-03-21,Marine
Forget article,17.56412,-135.945433,33521,2019-03-30,Freshwater
Husband well,-6.856655,163.795207,6440,2020-01-16,Wetland
Full pretty,62.341967,164.7194,7542,2019-01-15,Desert
Indeed hour,20.983903,-67.880317,80048,2022-11-25,Urban
Thought support,-60.27031,94.877132,22044,2023-08-29,Tundra
Value personal,-78.431527,8.649639,90212,2023-05-12,Desert
I along,-72.968048,158.490449,71872,2026-03-03,Tundra
Local behavior,-74.638826,31.823415,78492,2022-11-19,Tundra
Down behavior,32.488669,102.218133,27659,2024-03-20,Tundra
Poor decade,-65.181498,27.365007,95978,2018-09-19,Wetland
Sound imagine,34.657308,101.155815,67605,2024-12-31,Marine
Surface scientist,-66.041313,-25.009522,41299,2022-04-16,Desert
Development hard,-88.463397,-56.423927,31566,2019-01-21,Tundra
Control according,30.992153,44.003173,89369,2019-05-30,Tundra
Field generation,-49.483551,-34.011543,15665,2021-09-21,Desert
Serve whom,60.047676,3.404939,71397,2019-06-18,Desert
Drug account,-78.809486,-99.793374,18974,2019-06-26,Forest
Throw role,-13.491593,148.098622,5387,2023-11-07,Desert
Choose energy,-16.693094,-71.706753,11145,2017-12-05,Freshwater
Change attack,79.340386,-81.962233,10691,2023-07-28,Freshwater
Like player,30.581783,-104.835673,371,2021-11-30,Urban
Culture commercial,-58.154292,-156.400391,63038,2018-10-05,Forest
Soldier act,-4.160225,163.532369,15476,2017-02-08,Urban
Fight sure,40.162029,121.916896,33019,2021-03-19,Freshwater
Friend industry,5.670053,173.336753,68002,2025-01-30,Forest
Table sport,83.994525,126.393009,87115,2024-10-08,Forest
Work successful,75.352994,153.653106,13728,2021-02-01,Freshwater
Trade education,-36.044298,-71.499448,96609,2017-06-28,Forest
Heavy half,-9.304492,-69.072278,6911,2018-10-09,Marine
Also bring,84.084468,-7.423923,6430,2022-02-24,Marine
Heart challenge,-42.358055,123.074749,1290,2025-05-25,Marine
Bag business,-27.115747,-171.260098,45985,2020-09-20,Marine
Almost deep,39.700495,124.211048,2386,2021-10-17,Grassland
Why weight,-31.261221,-19.923148,70940,2022-10-22,Desert
Campaign success,73.992584,57.863072,85753,2025-01-24,Desert
Month candidate,-85.446366,-59.825702,46076,2020-09-05,Freshwater
Follow simply,-72.681288,149.028426,4509,2016-08-12,Forest
Much hot,6.18482,11.985812,20609,2023-11-30,Urban
Population first,-20.377022,-36.804215,33522,2022-12-23,Grassland
Bill strategy,-26.85244,-107.879908,16788,2020-10-31,Grassland
Read group,-3.227521,-45.243896,666,2018-10-06,Marine
Eye nature,7.084945,-64.930548,46399,2023-01-26,Desert
Send personal,77.030825,67.453635,84494,2020-09-25,Tundra
More general,-46.592198,-141.387477,9482,2018-12-13,Wetland
Pretty key,69.468246,-75.947323,39666,2022-07-12,Desert
Structure pay,1.639216,90.226366,70040,2017-06-10,Urban
Work who,37.417639,86.698349,3373,2021-05-22,Forest
Experience pull,58.915717,-151.080283,37144,2017-11-23,Desert
Try gas,81.200487,46.460124,25198,2019-10-02,Wetland
Sense later,50.004435,-94.041989,924,2018-02-01,Forest
Bed impact,-85.223712,90.629028,14347,2017-04-02,Freshwater
Into director,16.277385,24.932691,20285,2026-04-19,Tundra
Level safe,65.80275,-55.228535,29364,2018-08-20,Tundra
Above push,-58.947981,-173.93142,49004,2024-04-30,Grassland
Happen why,12.69218,-58.732147,66152,2017-08-08,Urban
Prove any,15.616629,-74.018884,95933,2022-01-21,Forest
Describe source,42.318859,24.987531,77653,2026-01-06,Grassland
Best wall,56.877613,-166.211641,84242,2025-09-24,Marine
Information population,37.372798,4.022649,94682,2020-09-27,Tundra
Lawyer fill,-79.578476,174.524141,91385,2023-03-22,Forest
Approach receive,-79.457713,54.364681,9102,2017-04-24,Urban
Imagine method,74.669523,68.960883,17833,2018-12-10,Grassland
Let that,84.931587,28.801506,19411,2021-07-03,Freshwater
Course thousand,-24.153983,-162.762135,28736,2019-08-19,Forest
Civil blue,-67.769809,67.928084,5624,2026-05-23,Urban
Not agency,26.023894,176.90231,41373,2018-10-30,Desert
Ask movement,-36.870775,147.796067,32421,2025-12-28,Freshwater
Certain pressure,31.969453,39.723654,5296,2023-04-13,Marine
Despite whom,-0.549244,36.27775,94064,2019-12-03,Grassland
Citizen fund,33.997738,162.993169,68378,2024-08-30,Marine
Give agreement,77.428805,-74.230447,92444,2024-02-05,Tundra
System enjoy,-1.32231,176.976902,32797,2022-01-18,Marine
Economic tell,-7.601277,-28.294103,34571,2016-09-10,Desert
Police great,-44.197579,-91.12726,90058,2017-10-20,Marine
Start body,-55.023209,42.477805,77620,2016-11-16,Marine
Instead instead,-56.390591,73.746679,54215,2023-10-20,Freshwater
Help trouble,89.151607,73.244481,74125,2017-10-10,Forest
Evidence trouble,-34.774237,-5.136857,10316,2020-07-14,Grassland
Occur author,-82.492611,104.791414,67740,2020-06-04,Wetland
Morning personal,-16.735855,-97.264447,13216,2021-08-11,Grassland
Still country,-20.13831,-153.623473,56168,2016-09-08,Tundra
Let hour,48.2398,174.51989,25875,2023-04-10,Tundra
Address live,-32.983966,-33.118204,33774,2019-06-21,Forest
City thank,-36.88105,150.117796,8219,2024-07-07,Freshwater
Example bad,46.348178,155.423478,20288,2022-05-23,Urban
Enough know,20.604629,18.506863,14018,2019-04-10,Freshwater
College field,3.462444,57.564818,45370,2023-06-09,Grassland
Trip player,-17.756144,119.960484,39076,2017-09-24,Wetland
High mother,-26.358287,-136.542791,15143,2017-08-11,Grassland
Support cover,5.901758,51.325969,39705,2019-04-12,Freshwater
Prevent main,-18.348743,-126.302023,38333,2017-06-26,Wetland
Single father,-36.702233,117.550083,64413,2021-10-27,Desert
Author ground,35.082429,31.503382,59886,2019-08-19,Grassland
Beat herself,20.627331,76.711591,82033,2020-09-07,Tundra
Book road,49.540868,41.209725,73185,2021-07-08,Tundra
Strong decide,-24.030363,-168.034086,91956,2020-05-16,Forest
Order ball,-71.624054,142.14503,44279,2019-06-14,Wetland
Reflect half,-39.14423,-82.419561,80271,2022-03-15,Wetland
Pretty measure,41.347832,13.423382,54052,2017-11-17,Urban
Audience word,-86.847758,-120.279843,60918,2024-11-11,Tundra
Behind maybe,30.816683,33.72305,23018,2020-11-07,Urban
Smile present,-75.319453,-134.456732,38744,2021-05-12,Forest
Quite yeah,10.627774,10.686222,15482,2017-07-11,Marine
Determine discover,46.637891,93.311176,25544,2018-07-01,Desert
Son inside,-29.98389,-153.511968,54071,2019-03-30,Urban
Record leg,55.497214,-121.618828,63411,2018-02-17,Marine
Moment imagine,-74.045551,-101.110279,19032,2022-05-15,Wetland
Though indeed,50.947722,-17.863568,38943,2023-07-11,Urban
Stuff beyond,61.066356,-73.043187,12322,2026-06-30,Desert
Recent attack,48.827785,68.250447,38795,2022-03-30,Urban
Window avoid,8.707842,67.490945,71084,2018-08-16,Marine
Sister deal,28.632414,45.59461,75911,2025-01-28,Urban
Natural political,-61.551566,-63.396301,43399,2018-09-18,Grassland
Month buy,83.919252,-58.981333,23291,2021-05-16,Freshwater
Respond black,-20.564743,52.254025,49914,2018-07-12,Wetland
Amount street,-89.817649,1.272181,13183,2023-04-04,Forest
Message at,-14.840629,91.121951,15725,2025-11-09,Forest
Music since,-63.917889,94.27775,43087,2019-09-26,Marine
So where,-24.857298,19.967027,69572,2022-04-07,Desert
Window moment,-58.625324,-131.202555,98844,2026-03-22,Forest
Stand it,58.653941,-174.324775,33836,2021-02-11,Urban
Administration staff,-18.83235,-139.093241,25289,2022-11-01,Tundra
Pressure win,27.595976,141.65364,79030,2018-08-07,Grassland
Executive within,-88.564934,33.044374,13961,2018-10-21,Wetland
Third nothing,-21.181355,131.859179,29206,2018-10-22,Marine
Issue seven,-81.569168,-139.905416,69578,2023-04-08,Wetland
Cover government,18.780486,-24.779169,16336,2019-01-15,Urban
Would inside,-43.03361,3.417323,59367,2026-06-09,Urban
Win reason,20.590622,-52.901275,74931,2023-03-30,Freshwater
Defense white,-89.229984,122.403317,88777,2025-05-13,Forest
Rate thus,-54.147567,132.252832,40291,2025-06-23,Wetland
Wife save,-6.855885,-19.934429,99211,2023-07-14,Forest
Both happy,54.10944,83.99326,64265,2026-01-17,Marine
Stand get,-43.231628,82.781536,13346,2023-12-31,Urban
Perform concern,-9.373342,-34.211706,43341,2023-01-29,Forest
Home local,-26.069813,-119.147896,6360,2018-10-16,Wetland
Just word,56.447513,-18.418213,8529,2022-07-13,Tundra
Dream assume,5.641278,47.09163,73445,2024-11-17,Grassland
Just instead,-8.492146,-10.203658,21901,2018-02-19,Freshwater
During lay,53.213131,-70.805403,15694,2025-07-21,Urban
Light high,66.024222,149.256636,7581,2018-11-24,Urban
Give black,26.866288,-178.137157,43385,2023-07-01,Tundra
Door ok,86.835197,111.104903,50473,2019-03-31,Forest
Job who,76.915758,144.213728,12002,2017-07-08,Tundra
Relate treatment,-73.231502,30.356879,47375,2019-03-21,Wetland
Couple thank,-68.565984,115.011179,67508,2017-09-16,Freshwater
Ground receive,-9.85172,-78.062998,6532,2022-03-18,Forest
Son their,85.028646,-116.004713,94405,2025-10-20,Desert
Administration character,79.9002,134.834205,41445,2024-08-26,Urban
Course sing,64.703917,139.568763,53591,2024-03-24,Urban
Character economy,88.27536,-25.224522,35041,2023-11-17,Desert
Culture whose,22.240934,129.865931,64238,2021-01-08,Marine
Wall away,74.153188,124.358277,87223,2024-07-23,Urban
Source hotel,-81.90036,-178.908996,38248,2016-09-18,Wetland
Bill friend,-43.997449,92.413992,18910,2018-05-29,Wetland
Book sound,61.176313,-88.359794,55465,2023-05-24,Desert
Knowledge institution,17.562229,-50.538468,11745,2026-02-27,Freshwater
Nice throw,53.00731,67.057349,7423,2022-09-06,Wetland
Early know,3.529379,87.407822,69205,2019-04-29,Forest
Crime coach,20.534356,97.334171,60494,2021-05-14,Wetland
Born skill,-32.220032,110.274702,13308,2017-09-16,Urban
While school,23.832596,40.009145,59293,2019-11-25,Grassland
Piece quite,-55.588999,172.971609,60466,2018-05-05,Desert
Year church,-63.578765,10.869683,17106,2025-10-19,Freshwater
Move near,-15.191583,75.352039,48725,2017-07-11,Desert
Young section,28.803812,-10.546527,13371,2018-08-19,Forest
Out major,21.804857,-24.489201,16139,2017-12-15,Tundra
Support fund,5.995516,-113.053618,54151,2025-08-24,Wetland
Fast stage,-3.464119,133.258388,94047,2019-02-17,Tundra
Sport city,-11.157277,35.875316,83510,2017-02-25,Wetland
Feeling health,-77.613342,-71.766882,64663,2019-06-15,Urban
Author sort,24.872132,49.527018,76246,2022-10-20,Urban
Store against,-58.850558,-70.643361,58003,2020-09-26,Urban
Fish player,9.206628,-81.270642,67328,2018-07-12,Grassland
Forget reflect,-70.755827,-106.221022,20323,2021-09-03,Marine
Father board,5.301522,158.478969,43237,2018-08-16,Forest
Message single,52.585676,-30.022515,86639,2021-11-07,Grassland
Piece year,14.581706,-53.38767,90029,2022-04-02,Grassland
Technology air,52.662912,121.952926,1908,2017-06-27,Urban
You despite,-85.313535,67.052998,33406,2018-03-28,Forest
Camera require,2.181871,-144.831236,58531,2025-03-11,Grassland
For indeed,-40.87171,-68.228115,17183,2022-12-24,Tundra
Any single,16.731322,44.830585,79509,2021-01-04,Wetland
Address catch,-15.707046,108.21816,9494,2022-03-15,Freshwater
Usually because,79.904285,-169.08806,20943,2018-02-22,Tundra
Thing kitchen,23.358086,-86.603492,25657,2020-04-03,Marine
Artist home,87.076813,-74.995201,49555,2023-01-28,Freshwater
Rate positive,49.773859,-8.373815,27581,2022-07-22,Grassland
Environment huge,74.615063,-104.297562,46384,2016-12-09,Urban
Security yet,42.541298,70.752822,6159,2020-01-17,Grassland
Mouth fall,-70.59501,176.55204,62369,2024-04-19,Tundra
Feeling just,-43.760871,-174.684687,26502,2022-11-28,Forest
Region receive,-7.794226,75.211426,61283,2018-03-06,Wetland
Group see,-63.383876,161.300514,66292,2018-01-30,Marine
Former language,-43.500806,158.141784,89055,2017-11-06,Grassland
Or actually,-25.609761,-173.518378,46288,2021-09-04,Wetland
Else be,-55.763251,-103.786326,72252,2019-08-15,Marine
Avoid her,-2.943489,-13.761563,37433,2025-11-05,Forest
Half public,55.504878,116.003719,95945,2022-02-19,Marine
Trouble quality,30.757025,134.146479,69945,2018-03-10,Marine
Door someone,77.00291,-176.111792,97510,2019-04-21,Tundra
Resource military,89.393459,-164.945253,85405,2018-07-20,Urban
Him development,-62.666233,-179.614388,17333,2022-03-11,Urban
Nature development,-26.83928,-104.948904,92825,2018-01-07,Freshwater
Rather guy,82.546736,167.230836,56629,2019-01-16,Wetland
May indeed,27.333067,-138.647786,65653,2024-02-11,Wetland
Ever pressure,-22.192057,-127.683357,92320,2022-08-22,Urban
Several sign,-63.182653,-179.830039,72268,2023-01-16,Freshwater
Piece music,15.733139,96.669337,70856,2016-08-19,Marine
Claim simply,75.389529,138.869788,84318,2020-10-21,Tundra
Tend and,7.067354,-58.167346,51524,2021-03-24,Freshwater
Today high,-43.291836,56.11568,46642,2020-02-05,Grassland
Reality who,44.797681,-72.545813,81380,2022-11-28,Forest
Debate stock,78.981209,-47.980994,3675,2018-09-28,Forest
Case ago,-54.085782,46.888294,35416,2022-10-10,Grassland
Adult affect,-67.932359,-146.076744,81719,2021-09-22,Grassland
Assume deep,-82.340543,-118.882389,32164,2019-11-19,Grassland
Building like,-36.205476,157.523341,21598,2022-04-20,Urban
Another start,48.547484,100.066819,63643,2020-01-29,Marine
Color drive,37.018642,118.063881,81185,2017-03-30,Tundra
Ok international,-73.637956,-98.26961,96975,2020-10-22,Forest
Join where,76.292216,40.459979,72727,2018-11-03,Marine
Vote attorney,-3.640734,-45.405669,36875,2020-12-24,Freshwater
Miss agency,8.541217,-84.367011,2090,2017-05-16,Desert
City strategy,-59.539762,-70.811765,32179,2021-05-28,Desert
Opportunity huge,-30.52009,22.747625,93873,2018-08-31,Forest
Without win,29.448826,140.275697,7126,2019-06-05,Urban
Son change,-59.40312,-163.282404,65201,2022-12-18,Forest
Clear modern,73.192394,-172.232902,42968,2021-10-26,Forest
Break serve,-82.447363,-103.88544,18806,2021-01-13,Forest
Herself maybe,45.674565,-142.386843,55854,2024-05-07,Forest
Century first,30.631566,172.122148,63266,2023-05-26,Forest
Free late,-8.39384,153.501325,52508,2019-09-19,Desert
Set could,-84.176884,-131.15202,75946,2022-01-19,Freshwater
Total catch,-89.401826,9.155332,35433,2025-04-27,Grassland
Possible upon,32.573522,-52.084522,57430,2018-08-15,Marine
Adult size,-23.993256,104.868919,2016,2025-09-03,Desert
Language hold,-37.747676,41.547263,2683,2018-10-19,Freshwater
Court able,-89.617541,85.561117,4675,2018-09-20,Urban
Onto term,86.988751,112.945706,86372,2018-08-06,Forest
Owner cause,38.803375,-151.655725,315,2022-05-29,Desert
Skin short,19.479147,-135.116423,31106,2024-09-16,Tundra
Evening billion,74.065836,51.955469,89653,2022-01-06,Grassland
Culture product,-32.111402,30.990504,56788,2024-08-09,Forest
Build play,71.486142,58.573731,31194,2022-09-14,Grassland
Mother cell,45.633998,50.90109,98444,2022-07-01,Marine
Lawyer author,-50.420096,-39.825758,21913,2025-05-15,Forest
Number employee,29.912257,117.48295,31994,2025-06-01,Forest
Machine change,-32.283583,94.297505,16670,2018-04-14,Freshwater
Art method,-15.005496,145.838349,2078,2026-05-28,Grassland
Chair ball,8.273713,141.773667,48840,2023-11-24,Grassland
Strong available,-77.300102,35.046872,34731,2022-03-26,Grassland
Message human,83.045901,-30.871067,8172,2021-09-23,Urban
Tell care,-44.713254,120.767248,53429,2017-09-19,Grassland
Good clear,-18.424638,-149.027036,33458,2017-03-30,Wetland
Theory himself,-77.881935,90.898048,80917,2016-09-06,Tundra
Land yes,-77.677946,152.357536,7246,2019-02-10,Urban
Yard while,2.271811,-144.708434,84615,2019-06-18,Wetland
Dark ten,-32.876113,163.286269,33440,2020-07-31,Wetland
Soon themselves,-55.476052,-150.758412,16255,2026-06-02,Wetland
Fish understand,15.47493,33.715621,31153,2023-01-19,Desert
Tough environment,3.073491,133.348503,88805,2021-12-01,Urban
Age act,-80.95153,-88.427779,97985,2020-05-15,Desert
Impact occur,-84.122946,-120.268538,42225,2021-01-18,Marine
Area cost,79.53638,-123.936215,88117,2022-12-14,Tundra
Meeting two,-81.645559,-41.196161,64442,2017-04-05,Grassland
Student look,-88.732643,136.120671,54460,2019-04-24,Wetland
Country take,45.39562,-53.641591,56191,2018-11-27,Urban
More heavy,-51.371487,-98.817942,19505,2025-02-02,Wetland
Open six,76.66174,-16.977164,7770,2019-07-20,Freshwater
Read view,-57.813886,31.103427,34044,2017-04-30,Wetland
Accept field,48.488552,165.580034,99828,2021-08-18,Desert
Mean management,51.406157,-59.122989,63934,2019-02-22,Desert
Could statement,-28.391633,12.778299,49257,2019-05-21,Forest
Financial year,16.671395,-170.191618,77772,2017-02-13,Wetland
Century become,-47.27722,-110.936002,18756,2024-04-25,Forest
Consider involve,-29.503417,-60.786012,46438,2020-06-27,Tundra
Laugh include,-50.304342,93.906661,39949,2025-03-05,Desert
Do performance,15.996804,29.672377,40503,2021-07-06,Wetland
Design evening,-83.418541,-156.177783,72895,2021-08-15,Urban
Style evidence,-62.1577,-15.506618,38583,2024-02-19,Urban
Company where,-7.594659,-102.69548,36901,2021-03-26,Grassland
Mean individual,-80.89286,-27.25991,44155,2017-12-07,Forest
Past else,-29.73711,59.786699,37918,2020-12-17,Desert
Above require,14.459374,175.89093,2956,2023-08-25,Forest
Yeah forget,13.324176,53.572419,87638,2025-12-01,Grassland
Herself listen,3.892565,109.222085,74408,2026-06-16,Marine
Its well,79.10988,-160.051715,28749,2023-04-30,Wetland
Program which,-36.279936,46.308861,27684,2016-11-16,Marine
Indeed program,-17.678153,-69.384068,25269,2016-10-30,Marine
Local law,-13.916473,63.031075,77503,2019-03-22,Forest
Argue lead,-86.974123,14.677251,7016,2026-04-11,Tundra
Word computer,-75.078165,146.95675,39492,2024-12-27,Marine
Build north,-47.493703,-29.503909,92872,2021-08-22,Forest
Process notice,-15.034248,-105.469462,66740,2017-03-02,Forest
Table suggest,55.395043,-52.576804,9321,2026-03-31,Desert
Billion need,-69.014268,-46.979855,8269,2021-03-27,Forest
Consumer quickly,-20.307793,-170.79675,73449,2017-06-09,Forest
General record,83.291656,32.662533,55989,2024-04-30,Marine
Pressure between,-20.25327,-114.488503,23659,2022-07-16,Freshwater
Avoid where,-79.485753,109.570073,30049,2025-05-14,Marine
Trip author,1.667183,-45.128662,13120,2020-08-03,Grassland
Between generation,46.556435,-132.918464,97146,2022-12-23,Grassland
Evidence usually,0.834372,-33.44376,386,2021-05-19,Desert
Skin which,-43.672609,133.941089,14813,2026-02-20,Urban
Follow often,-49.536797,131.355833,24188,2024-07-25,Grassland
Member pull,-79.641757,-70.323808,89383,2017-10-06,Freshwater
Suggest question,73.042534,103.372865,43962,2024-11-24,Wetland
Same energy,69.70867,-113.463638,16831,2019-09-15,Grassland
Indicate direction,-32.070529,129.998944,16247,2018-01-11,Tundra
Civil land,-25.028723,-57.900251,72354,2023-01-05,Desert
Common foot,-10.250472,76.879696,46117,2023-04-28,Urban
Structure daughter,-7.181599,18.381068,1521,2020-12-18,Forest
These six,-12.549887,104.135355,18202,2025-03-15,Tundra
Character understand,4.755975,21.662902,28278,2024-04-07,Wetland
Present behind,-62.668216,-33.376611,47713,2021-10-03,Desert
Ten cost,76.195379,34.817171,34518,2022-06-15,Wetland
Blue drop,-1.611665,77.643885,87862,2020-03-15,Desert
Site race,-65.45259,78.824793,58884,2017-06-26,Freshwater
Wrong least,73.274025,-127.577304,89845,2019-11-25,Wetland
It wind,-4.246362,97.081856,58216,2024-09-12,Forest
Nor light,47.65866,-135.719662,53107,2017-03-20,Marine
Sound condition,1.427475,-23.442073,34582,2023-12-27,Urban
Own style,68.222787,-116.068206,45093,2023-05-04,Forest
Window each,-14.829794,-13.001349,8996,2017-05-01,Desert
President end,-50.764058,125.39365,65326,2018-08-27,Desert
State go,52.51741,-46.435366,52030,2025-09-16,Urban
Present should,-13.975908,-145.400808,86447,2019-01-01,Marine
Cold listen,78.436341,6.370714,45806,2023-04-07,Grassland
Much without,-85.181288,-164.051121,70977,2020-10-30,Marine
Truth either,-33.569974,89.94769,36569,2021-02-11,Grassland
Stay weight,20.987141,-97.262153,75566,2024-10-24,Freshwater
Since expect,-12.140919,-8.627716,1533,2025-03-13,Wetland
Mention economic,-43.686472,-13.011396,16024,2016-10-04,Forest
Baby left,-86.196183,-80.430405,49084,2021-05-09,Wetland
Seat stay,-19.453486,118.845901,46669,2022-11-26,Freshwater
Sound reflect,7.12202,135.09949,70133,2020-10-03,Urban
But attorney,34.994758,15.732332,11820,2020-05-08,Freshwater
Item remember,0.804928,115.927946,73342,2021-08-14,Wetland
Believe as,5.291143,46.287635,98676,2017-12-28,Grassland
Economic level,57.275917,-42.604835,54615,2022-07-21,Wetland
Across fall,-56.878293,-168.834579,81418,2018-02-04,Freshwater
Hair indicate,54.663462,-43.562684,60438,2024-08-12,Forest
Rise picture,-55.283198,91.628441,68166,2020-01-05,Wetland
Though fish,84.137359,142.707545,76095,2019-12-27,Wetland
Beautiful movement,42.811446,-3.900827,24335,2020-05-06,Forest
Region today,-60.014617,-0.485096,44529,2022-05-13,Grassland
Magazine benefit,19.728905,-60.290286,27774,2025-02-25,Marine
Top while,34.926219,104.382831,51254,2025-05-10,Forest
Former shake,58.825777,-45.558849,74527,2026-06-15,Desert
Knowledge office,49.741961,-166.458756,98660,2021-04-18,Marine
Line these,33.396546,-139.823066,43965,2021-06-19,Marine
Better population,-43.13247,-79.595386,13200,2025-04-08,Tundra
Practice easy,76.223148,37.609394,95837,2023-06-16,Urban
Against if,59.251645,-134.998457,77541,2019-09-21,Forest
Campaign rest,-4.245,-109.841839,54534,2019-01-29,Tundra
She idea,21.432415,148.04524,16838,2020-10-24,Desert
Evidence best,-12.093159,-152.365244,84021,2016-09-16,Desert
Player several,76.988695,118.965652,70022,2017-04-07,Forest
Customer well,-36.218617,47.870207,61404,2019-07-10,Freshwater
Glass image,63.148211,114.453478,99552,2017-12-07,Forest
Hope her,-54.578291,161.201891,30673,2020-09-05,Wetland
Development outside,-71.734952,173.997535,91472,2018-05-07,Freshwater
Argue response,0.914378,-165.785298,19750,2017-06-25,Desert
Age several,88.26265,75.853853,75178,2020-06-07,Marine
Remain change,40.053692,131.113383,91409,2025-10-27,Desert
Executive how,-78.469255,-90.713466,28304,2024-04-20,Urban
Yard will,-67.980237,131.460351,92414,2022-06-25,Freshwater
You course,68.223557,153.877481,62470,2017-07-01,Wetland
Machine production,-57.74327,57.500737,15423,2021-05-20,Wetland
Majority a,83.894246,128.278867,79140,2018-07-27,Forest
Food and,-9.78596,26.260089,39132,2018-08-23,Marine
Keep quality,-2.37774,32.547572,90207,2019-03-20,Forest
Population economic,21.027149,84.108328,38075,2020-07-08,Forest
Coach skill,14.44884,-160.476142,67060,2026-01-24,Marine
Everyone thousand,40.472531,170.242639,12943,2021-07-29,Urban
Us seat,-59.620286,-82.884638,70189,2019-10-23,Marine
Type strategy,-42.815095,159.787706,95334,2026-06-06,Freshwater
Build read,-35.016037,69.994578,5166,2022-07-11,Urban
Together himself,-58.096225,8.926725,59171,2019-03-27,Grassland
Remember not,46.468161,175.240733,79707,2017-03-26,Tundra
Too piece,-50.327217,95.962323,69353,2020-05-22,Desert
Form knowledge,-36.898364,-29.154492,62928,2019-09-11,Marine
List letter,-39.764102,-62.507135,69910,2021-12-12,Forest
Couple allow,77.703475,-12.54285,18513,2023-05-15,Forest
Maybe garden,-57.660825,-13.150839,81793,2018-11-23,Wetland
Determine many,-7.525597,-159.265393,29121,2024-03-01,Freshwater
Find street,-50.816025,-125.278866,2345,2024-08-22,Desert
Reduce better,-74.224325,-121.701894,92093,2019-06-18,Urban
Carry southern,85.626487,-23.621401,24392,2025-12-27,Desert
Once doctor,84.969897,-102.108346,8519,2017-06-26,Grassland
Activity note,14.627051,-63.487868,9459,2017-07-26,Marine
Raise have,-86.092181,94.742908,37309,2022-06-14,Marine
Boy American,-12.24722,-166.088816,31799,2020-02-18,Desert
Behind north,-17.026018,-142.97647,46960,2019-01-28,Wetland
Maintain ability,-49.306058,135.500385,63799,2026-02-08,Grassland
Activity amount,-51.780458,-100.128197,7692,2026-06-12,Forest
Rather reveal,69.204346,159.198633,35895,2017-04-09,Wetland
Task participant,42.99454,-95.419024,25052,2026-05-31,Freshwater
Environment religious,42.178866,150.298985,39105,2022-08-03,Forest
Describe send,-59.941799,58.658466,67818,2019-05-28,Desert
Than business,-85.506722,-56.339558,96302,2022-03-09,Wetland
Relationship left,-63.448511,-80.53172,60071,2022-12-30,Tundra
Can nor,-38.614101,-65.361217,38413,2020-06-03,Tundra
I yourself,-40.160028,17.813508,13678,2025-08-11,Desert
Eight Democrat,-3.484731,-58.421848,19268,2025-06-18,Tundra
Significant charge,17.042253,135.216703,9338,2018-06-02,Urban
Away edge,88.452687,-93.819436,3699,2026-06-10,Grassland
Else former,-10.469085,92.39546,33335,2018-04-03,Tundra
Gas air,-80.199754,168.54531,55905,2019-12-08,Wetland
Notice public,-50.039035,158.01973,98658,2017-09-26,Freshwater
Traditional heavy,-63.109522,175.715351,29823,2021-06-01,Freshwater
Discuss nor,-4.815597,80.882794,70999,2022-04-01,Forest
Role practice,-54.0752,-158.712166,68936,2021-11-04,Forest
Wife example,60.718713,-103.469093,10404,2022-08-13,Marine
Itself none,-41.12962,116.249449,43039,2017-01-13,Freshwater
As deep,77.684028,63.907562,34461,2024-03-11,Wetland
Sell put,77.651556,156.26701,94741,2017-04-12,Tundra
Indeed edge,-77.845519,-104.971611,56625,2021-10-29,Grassland
Together foot,-38.394737,-40.286768,7788,2017-10-08,Marine
Tell court,51.984173,40.736581,29877,2023-09-07,Grassland
Seat part,-50.313383,93.304298,75728,2025-06-07,Wetland
They well,-67.308218,14.883421,722,2019-10-18,Tundra
Fly thousand,37.759163,-71.979165,87015,2024-04-03,Marine
Stock say,66.432871,11.464769,57988,2026-06-27,Freshwater
High activity,-84.742301,61.373709,15216,2025-01-09,Wetland
Onto far,17.578406,146.842873,72864,2016-09-09,Grassland
Fly evening,9.850922,-146.725968,37251,2026-03-22,Marine
Suffer method,-53.760467,22.019072,27818,2023-01-21,Desert
Attention hard,86.091517,-135.431519,74547,2018-09-13,Marine
Top me,-89.893441,67.000145,86009,2023-08-08,Urban
Mr cold,-16.662038,53.348127,46217,2016-12-26,Tundra
Major happy,21.7629,-102.89835,27088,2023-07-11,Forest
Turn know,-20.538586,-105.939831,38925,2021-04-17,Wetland
Plan major,-26.580126,-48.34964,69460,2024-02-01,Marine
Wait toward,-73.143127,14.603076,30111,2018-04-20,Freshwater
Camera condition,46.96052,-97.126256,94868,2024-04-07,Marine
By religious,81.471264,-136.783897,51588,2020-08-03,Wetland
Dream help,6.232092,105.87754,75620,2024-07-07,Freshwater
Physical strategy,70.907261,151.440198,70925,2020-10-02,Tundra
Health very,33.68289,6.935115,34004,2024-01-25,Freshwater
New front,-81.645266,-36.117269,17016,2022-09-07,Grassland
Article professional,89.520841,107.940862,14028,2023-02-05,Tundra
Little everybody,18.298319,-55.711747,18795,2020-05-23,Grassland
Effect debate,-23.560747,128.647627,85931,2017-06-11,Marine
Reality budget,16.686648,-169.522836,48047,2018-12-06,Freshwater
Generation bar,76.78481,25.896006,36985,2020-12-07,Wetland
Call music,-13.367966,-98.351732,57206,2020-10-31,Urban
For skin,-7.558564,-141.914363,91717,2025-08-07,Forest
Identify other,-29.80022,98.082874,44300,2020-01-24,Forest
Table just,89.411795,-138.673145,62923,2025-02-16,Tundra
First fall,-67.052191,85.923574,69028,2024-12-13,Forest
Life role,-9.040329,-105.105291,99918,2025-07-07,Urban
True impact,-85.314062,148.126432,19411,2026-07-11,Forest
Win model,-44.185556,-166.226748,85207,2023-01-11,Freshwater
Administration scientist,-49.580734,-87.705675,71930,2024-12-31,Forest
Art home,-17.638121,-13.528573,23201,2018-03-27,Urban
Say mother,-3.236932,114.875071,48537,2020-11-09,Grassland
Make already,-89.007009,89.951624,89670,2018-09-30,Freshwater
Any race,-72.329549,132.498567,76188,2024-04-18,Forest
Senior write,-15.802638,-59.528176,64531,2022-06-09,Wetland
Phone change,17.651175,-141.854684,23288,2019-07-17,Grassland
Why someone,-21.852088,36.019976,65641,2025-12-22,Freshwater
Wife by,4.584204,-101.22308,79557,2024-11-30,Urban
Federal billion,-76.870485,-82.316747,76458,2025-08-23,Forest
Suffer young,-40.718539,-134.92595,30487,2024-02-15,Tundra
Their a,29.916372,71.151449,2289,2023-05-24,Desert
Be experience,3.798934,-20.957816,87228,2020-04-13,Wetland
Several white,89.79721,-59.824622,14819,2018-02-28,Freshwater
Bar office,35.286178,-110.626888,18970,2017-10-31,Urban
Property its,82.720549,77.65434,82346,2022-05-18,Urban
Contain indicate,19.638223,-47.019292,76490,2023-08-03,Marine
Style develop,-49.385253,124.447363,68230,2023-05-08,Urban
System war,11.82193,-47.86243,92800,2019-11-30,Marine
Maybe anyone,60.797662,107.060128,78796,2020-08-25,Wetland
Nature method,15.190287,-136.770859,68367,2025-06-22,Grassland
Full people,-83.019787,45.57631,55462,2021-03-15,Tundra
Newspaper word,-89.110542,43.685466,30418,2019-06-01,Grassland
Indeed marriage,15.747758,122.659902,72695,2021-03-03,Tundra
East religious,32.662333,-15.080109,67489,2025-04-22,Urban
Reduce prove,-54.444572,158.108346,59932,2022-04-05,Desert
Thus prove,-58.34697,-95.768462,88191,2021-06-05,Grassland
Social property,-69.25258,-53.373829,59806,2024-05-18,Marine
Pm cell,62.905186,-38.385689,48273,2026-04-05,Freshwater
Practice seek,-54.763031,-97.80427,94888,2022-07-26,Urban
Traditional hospital,36.816534,-99.565349,78092,2017-09-25,Grassland
Life understand,33.125821,31.744602,97211,2025-09-04,Tundra
Democrat body,-0.479681,14.928119,13506,2019-10-18,Forest
Before government,-38.530789,-73.382926,97418,2022-07-20,Urban
Bar against,12.521795,12.460047,7060,2017-01-23,Freshwater
Result somebody,-59.717616,-10.14451,31239,2026-04-20,Marine
Human be,59.848317,-119.256827,21249,2017-06-05,Grassland
Race sea,-50.266963,-7.943641,9500,2023-04-26,Urban
Relate economic,54.947035,-34.425098,4899,2023-10-17,Marine
Political dinner,-84.660461,-96.210649,72258,2019-05-01,Wetland
With station,4.81672,-175.508774,90019,2025-12-18,Freshwater
Easy poor,-73.90543,-133.292503,39027,2026-04-04,Desert
Seem commercial,-41.189397,-146.654084,76517,2020-05-10,Urban
Do own,-3.996507,-160.966831,6449,2017-05-25,Tundra
Still husband,-38.590923,176.566844,42136,2023-06-11,Grassland
Behavior decision,-49.547516,28.160803,90964,2023-10-28,Tundra
Image bill,-26.063686,-102.750599,48595,2018-02-20,Grassland
Rock what,68.111872,-91.934592,43368,2020-05-15,Wetland
Major year,-19.329806,-107.974099,8078,2023-06-08,Forest
Control some,-39.608833,-24.41273,66643,2022-09-05,Desert
Cell prevent,57.42901,85.388266,5244,2018-08-24,Grassland
Whom like,-81.647868,-74.284127,24637,2020-06-07,Tundra
Still accept,5.489594,-38.511587,22180,2021-05-21,Tundra
Give tough,23.194611,129.257779,43819,2022-06-30,Wetland
Race tough,11.241759,-76.646617,46118,2018-01-29,Marine
Opportunity size,-14.168658,84.57222,99159,2025-12-07,Urban
Sell skill,51.712077,131.124995,30404,2017-04-10,Grassland
Prove minute,35.633943,28.940855,61863,2019-01-28,Forest
Tend dog,-13.397152,28.725846,43497,2016-07-24,Freshwater
Fast follow,-20.289644,125.418355,10916,2019-12-28,Desert
Source particularly,-5.592221,-29.885177,33167,2023-04-26,Marine
Leave will,-16.245064,-49.055012,83425,2025-01-15,Forest
Where organization,83.687624,72.61472,35238,2025-03-10,Marine
Economy child,60.804988,128.585949,21435,2025-03-20,Marine
Wear watch,-63.633542,100.783992,91445,2024-06-09,Tundra
Sense probably,-89.591905,161.075729,57354,2024-06-21,Tundra
Professor media,-22.126129,146.417697,22445,2017-11-05,Tundra
Effort morning,-68.892284,120.727272,3545,2023-11-14,Freshwater
Both like,-72.168863,-51.530466,61556,2018-07-28,Desert
Fight population,21.888206,-135.433513,10962,2020-03-06,Freshwater
Behind simple,-18.910077,-156.363537,34951,2019-02-19,Grassland
Education grow,86.530524,118.165466,90229,2024-04-28,Grassland
Quickly range,67.589337,-97.586049,12395,2020-08-13,Tundra
Tend lose,69.031129,-61.537162,90033,2016-08-10,Wetland
Under describe,15.404328,-43.131123,12147,2025-07-16,Forest
Hundred once,64.080944,-16.798029,80959,2022-08-24,Freshwater
Year image,87.962092,-68.683861,32907,2021-06-12,Grassland
Really theory,59.96036,-129.937732,93857,2026-03-26,Tundra
All amount,-38.754653,85.950673,64459,2018-08-05,Tundra
Appear live,-73.590022,-112.451752,71635,2017-11-03,Urban
Green least,-1.151498,52.056662,5146,2021-01-19,Marine
Those senior,-21.149198,65.778095,47297,2026-01-30,Freshwater
Answer song,-16.722269,45.610441,90203,2024-02-09,Grassland
Rule nice,-4.329419,58.377264,57015,2021-12-21,Grassland
Candidate catch,-38.206983,76.501661,75274,2024-04-27,Freshwater
Bad news,86.089883,-19.074372,45269,2024-02-10,Tundra
Million need,48.465052,-106.847935,49306,2019-08-16,Freshwater
Information design,-23.84713,123.079479,34177,2019-04-07,Marine
Need structure,71.570652,60.517711,12952,2022-01-01,Forest
Along contain,71.056608,-10.309723,34832,2025-08-05,Tundra
Nation listen,38.921826,139.162222,94097,2026-04-07,Wetland
Challenge no,31.750437,-133.318905,45548,2018-01-14,Grassland
Recently too,73.525085,-78.552269,29847,2017-01-27,Forest
Party thus,61.874596,96.382897,63640,2020-08-06,Grassland
Yet during,36.472748,3.409238,48282,2025-01-16,Freshwater
Employee store,12.279194,131.365332,38753,2021-06-29,Wetland
Let their,-33.189204,152.39523,1478,2018-07-20,Forest
Development office,6.129355,-33.313795,28933,2025-06-18,Freshwater
Yet current,-85.308552,-42.925977,95738,2020-03-02,Urban
Effort production,8.912622,107.986645,23145,2026-02-20,Tundra
During food,69.566408,165.388274,56114,2023-10-01,Forest
Door positive,26.335402,129.424566,33325,2025-07-18,Freshwater
Man station,33.444274,-32.932421,11836,2019-01-05,Desert
Scientist animal,44.674775,176.768427,32064,2021-09-03,Tundra
Old second,-18.337182,-23.890736,67553,2019-08-10,Marine
Simple tell,-1.878495,-148.70625,19419,2021-02-25,Freshwater
Change from,37.790822,7.835178,55117,2026-04-29,Forest
Cell energy,-10.454032,-51.533722,17668,2021-02-06,Freshwater
Especially past,-74.62775,69.087662,11687,2019-01-21,Urban
Government ball,75.494613,-89.859058,88847,2019-05-12,Wetland
Provide general,64.48586,121.023827,46800,2018-03-10,Tundra
Always stage,0.815669,151.428031,32971,2017-04-12,Grassland
Structure base,-43.808211,-1.185319,3075,2022-06-26,Tundra
Answer dinner,63.051729,45.600242,88564,2026-04-14,Freshwater
Son movement,-30.954221,25.681587,76202,2022-04-16,Marine
Again indeed,-51.955478,150.620187,5317,2019-07-31,Wetland
Appear then,-74.346502,4.567406,42176,2026-02-06,Marine
Large majority,56.39877,102.57802,26589,2024-08-23,Grassland
Newspaper despite,65.711971,-136.880317,43347,2026-03-27,Tundra
Wait prepare,-16.798207,36.440766,89659,2025-04-04,Forest
Drop participant,76.070318,-32.476841,34360,2020-01-22,Tundra
Job technology,8.504619,130.710929,62657,2026-05-15,Desert
Believe Republican,-34.137898,77.272212,59001,2022-09-18,Urban
