species,latitude,longitude,population,date,habitat
Enjoy member,35.926656,-12.633787,97200,2019-06-05,Tundra
Bit better,-44.174475,155.325798,98081,2022-03-07,Wetland
Child plan,6.737946,-177.213305,27705,2021-10-25,Urban
Eye certainly,-55.894849,-178.571183,45315,2019-08-27,Grassland
Mouth note,61.554701,7.390065,4826,2019-03-13,Wetland
Nature which,76.54151,152.63722,43952,2020-04-12,Freshwater
Force kind,15.770471,113.685691,8650,2024-11-30,Urban
Cut thought,-7.213148,24.769969,33731,2021-07-26,Wetland
Third management,80.497274,-152.274338,62008,2025-08-14,Forest
Girl radio,-60.453289,42.791225,12973,2021-08-23,Urban
Identify population,-86.639946,24.129676,75407,2024-01-05,Wetland
South lawyer,-32.954572,30.012334,2893,2024-07-04,Marine
Daughter guess,-33.64416,174.717818,59587,2022-11-05,Urban
Air common,-31.625557,34.943827,99641,2020-06-26,Forest
Later suddenly,10.280218,-137.700695,6107,2019-08-19,Marine
Real middle,-18.465557,30.09318,58138,2021-07-01,Forest
Here receive,42.66333,56.756232,64198,2025-09-07,Freshwater
Even and,87.269019,-129.352548,46400,2018-11-29,Grassland
Particular gun,9.281434,30.655928,72008,2025-07-04,Tundra
People task,-54.328253,15.022728,89015,2023-07-01,Forest
Visit between,-55.999859,-15.611809,47559,2019-07-21,Urban
Happen college,-43.467293,146.406716,13236,2021-11-18,Freshwater
Staff loss,-69.856101,90.890829,55679,2024-03-02,Tundra
Response lot,15.562477,-4.999199,1076,2020-09-18,Desert
Focus top,35.282777,136.122536,86610,2022-08-03,Urban
We arm,11.547338,165.195474,20584,2017-02-20,Desert
Behind professional,-77.264392,-171.508373,42204,2019-02-24,Freshwater
Computer like,63.699918,-17.830606,52904,2022-07-07,Forest
Opportunity support,40.753743,98.574404,57490,2019-09-24,Tundra
Government age,0.919287,-59.016319,69201,2025-05-04,Wetland
Inside today,21.075821,44.296201,91510,2024-08-21,Marine
Daughter adult,31.683254,-24.791966,36988,2023-10-31,Marine
Bed key,23.352495,13.873522,46932,2026-03-06,Urban
Voice activity,27.940194,-128.958466,86242,2017-06-11,Grassland
Seem point,62.825292,41.373466,51729,2018-10-22,Marine
Country movie,46.165751,50.225901,2717,2017-06-09,Freshwater
Serious deep,78.071894,-98.090113,88598,2024-12-24,Urban
Sort me,-78.971631,-150.663314,44064,2019-11-13,Marine
It region,-64.258111,-155.007714,46179,2022-10-11,Urban
Shoulder against,-87.362657,-130.734908,29730,2017-01-08,Urban
Large check,-9.672782,-112.941519,28279,2018-10-11,Grassland
Push five,-84.185729,-7.868011,43479,2018-09-03,Freshwater
Without person,77.78131,-118.819229,26738,2020-09-03,Freshwater
Think least,-1.655532,153.228731,2448,2017-05-06,Freshwater
Leave analysis,-80.543022,-9.417622,38652,2021-02-27,Wetland
Fish data,76.691039,-71.347559,57590,2016-07-19,Forest
Occur store,-41.846464,14.215293,45359,2019-11-28,Freshwater
Apply head,81.86138,-56.969554,7165,2025-02-25,Marine
Themselves my,-31.636574,112.930196,68266,2016-09-02,Forest
Religious behind,41.788494,18.389793,49281,2018-11-23,Desert
State effort,-15.95459,-31.21593,85704,2017-11-25,Desert
House use,86.76305,151.502666,65134,2020-01-28,Freshwater
While explain,-72.62507,3.617067,42504,2026-03-24,Grassland
Plant different,-63.366795,-92.887907,46405,2026-06-07,Tundra
Certain magazine,-71.409607,-156.392909,90492,2022-01-14,Wetland
Organization protect,34.295319,95.679141,34236,2017-01-25,Marine
Ahead race,41.773805,-62.632041,87644,2019-01-13,Desert
Level what,11.242198,-82.243893,5858,2017-01-25,Marine
Parent ten,49.242546,-11.767164,15860,2021-02-17,Desert
Heart race,-83.833971,78.389214,12899,2023-09-29,Urban
Do fast,23.589837,-27.062435,71843,2018-06-20,Freshwater
Try property,34.2808,30.995081,46890,2023-09-17,Marine
Candidate early,49.767237,-94.915667,85237,2017-09-03,Marine
Read black,-46.464799,-80.453154,20035,2024-08-01,Urban
Statement agent,63.903336,-168.436002,5290,2023-05-01,Wetland
Moment eye,-3.007063,111.487188,21619,2017-10-04,Urban
Run brother,76.597795,145.466183,81068,2026-03-21,Tundra
Shake day,-50.332623,-57.875864,55065,2022-09-25,Marine
Sit sense,78.247167,102.556426,53638,2019-08-11,Desert
Main seek,18.416396,131.333082,50913,2026-04-30,Desert
Report significant,47.047075,167.543736,15808,2017-09-18,Freshwater
Benefit Mrs,41.727118,-142.610248,79559,2021-10-22,Forest
School whatever,81.480377,-160.86401,56313,2022-05-28,Wetland
Kind health,72.981076,-129.217951,18541,2017-03-24,Tundra
Street then,-7.315336,21.815891,27503,2025-12-30,Desert
Inside money,70.92392,154.07636,41230,2021-06-15,Desert
Out not,-9.601168,40.094271,96969,2023-03-20,Urban
Like appear,77.89384,-109.647144,22637,2021-02-07,Urban
Case southern,40.603611,-175.014912,35258,2026-02-14,Marine
Hear audience,-34.559061,128.683107,44790,2023-09-15,Urban
Weight two,-51.243934,-49.391422,19181,2017-07-08,Wetland
Fine me,9.887884,-55.635766,37263,2025-08-08,Forest
Reality nation,55.032733,4.372912,46279,2020-11-30,Freshwater
Especially feeling,-88.407826,117.593857,28755,2023-01-12,Grassland
White drug,41.036112,169.533872,6574,2025-07-10,Grassland
Sign five,-71.546267,73.826288,20692,2017-11-30,Wetland
Under finally,81.535291,60.508163,49110,2020-08-30,Forest
Season development,78.218649,41.582995,45156,2020-10-09,Wetland
Admit include,-32.110155,-70.239862,53175,2025-08-05,Wetland
Authority four,83.842929,-9.450238,1097,2017-07-04,Tundra
Set whether,-89.721269,-52.244726,70102,2022-04-20,Desert
Thought member,22.76459,-93.310802,71457,2019-11-18,Desert
Toward eat,68.750781,112.207469,12580,2018-02-11,Urban
Smile not,-69.910013,-24.849335,54345,2022-08-24,Desert
Throughout success,-48.492896,60.286586,48955,2018-04-30,Wetland
Fast half,19.533344,13.348554,44348,2025-10-22,Wetland
Effort teach,0.282191,91.398169,50291,2018-03-05,Wetland
The point,44.975626,58.307038,90323,2021-02-23,Urban
Discussion tax,28.634356,171.833734,93375,2019-04-14,Grassland
Into space,13.062982,-141.181061,14542,2021-05-06,Marine
Research hundred,-55.608851,74.221706,70281,2019-11-01,Marine
Cup adult,59.779212,-163.678059,51481,2023-12-16,Wetland
Strong standard,-74.330715,106.652892,71822,2022-06-17,Marine
Republican life,56.889208,162.037024,43260,2022-10-08,Forest
Guess bring,77.183957,6.744418,59159,2017-02-08,Marine
Glass decade,16.941421,-105.756219,67516,2023-11-27,Grassland
Exist method,-14.794977,-4.728979,88796,2017-06-10,Desert
I despite,-41.685847,15.731212,67490,2016-10-06,Grassland
Other out,-57.81108,-67.0408,2478,2025-08-18,Tundra
North important,28.166881,-156.429664,72473,2023-01-20,Freshwater
Career bit,86.18428,-54.706973,56215,2017-05-31,Marine
Federal certain,-22.106525,-33.299794,71694,2017-11-29,Desert
Bill want,43.350343,129.673354,83967,2025-11-24,Tundra
Last read,44.930579,123.360554,39970,2024-01-03,Desert
Perform argue,20.892675,174.105519,65368,2025-03-25,Forest
Cost our,80.88967,-161.820987,78467,2018-10-02,Forest
Property southern,-11.270207,-43.411994,86150,2025-08-09,Urban
Important fund,-81.584054,-150.205052,64245,2019-06-12,Marine
Choice blue,40.063733,-119.143047,63170,2026-01-02,Grassland
Positive government,13.733669,52.705453,85656,2020-02-08,Desert
Listen production,32.537096,-168.434911,64221,2023-01-03,Urban
Partner rate,-31.014052,-15.656159,68444,2024-08-01,Freshwater
Stuff set,17.149945,21.540848,18639,2021-08-15,Tundra
Series every,-81.020016,-68.590076,76043,2019-01-07,Marine
More black,-0.006866,-166.759677,19727,2021-11-21,Grassland
Case yeah,-15.982405,103.382764,17711,2017-07-18,Marine
Pick would,45.381806,128.156168,42229,2024-02-02,Wetland
Ground quality,20.699083,168.063663,25138,2016-08-16,Marine
Discover former,-43.129872,-2.474313,23962,2016-10-22,Urban
Customer wish,-74.336875,12.782693,38261,2025-05-02,Forest
Experience music,10.989627,32.779197,95018,2021-03-17,Marine
Few suffer,87.761241,-69.748319,43109,2020-02-28,Grassland
From new,-48.294035,-178.493701,71564,2019-06-13,Forest
Majority state,58.975712,-156.834427,99731,2018-09-15,Tundra
Cost speech,-86.919279,30.01073,48299,2019-06-18,Marine
My claim,25.96856,9.499542,80981,2018-10-18,Tundra
Discuss office,-13.583965,-177.072517,15739,2026-06-02,Desert
Floor career,39.9002,30.457976,41248,2017-04-04,Grassland
Back raise,-84.10992,143.542908,26308,2017-01-02,Desert
History stuff,40.812682,108.128364,86240,2020-07-21,Forest
While various,29.608504,-39.714406,3904,2022-11-05,Wetland
Job method,-10.54536,-146.421117,75561,2016-11-17,Marine
Speech before,1.61356,-18.95185,80984,2018-11-17,Forest
Human every,14.550411,95.176226,39556,2024-11-09,Marine
Who few,-72.191382,-102.774032,98803,2019-01-14,Freshwater
Life woman,-9.677078,138.360081,24140,2025-07-08,Grassland
Agree ball,21.789136,100.364829,33762,2018-07-04,Wetland
Need bill,28.572654,123.854765,38083,2026-04-11,Desert
Reach current,-36.089276,157.040698,5101,2026-04-06,Freshwater
Serve agreement,37.130828,6.298466,48396,2018-06-15,Urban
Building campaign,-27.728217,-131.359486,65106,2018-02-10,Urban
Themselves white,-79.505251,-103.319132,76170,2018-09-17,Urban
Partner also,-3.299684,173.47882,49997,2016-12-08,Grassland
Decade cost,79.938863,-34.114676,48707,2019-10-31,Urban
Fall report,-73.050335,-107.60107,89358,2017-03-19,Wetland
Into pressure,-15.83122,-166.558021,23669,2021-10-08,Freshwater
May mission,5.345926,-154.01094,92533,2020-06-12,Grassland
Walk each,-56.874097,-108.988201,66374,2020-01-07,Desert
Class middle,50.143466,77.705464,27666,2022-08-31,Tundra
Dream start,-56.778643,-35.504125,45913,2020-01-19,Grassland
Individual environment,81.869486,168.064057,67188,2016-08-29,Grassland
Worry conference,51.37014,33.532554,72524,2023-09-02,Freshwater
Laugh build,60.378342,166.166611,26310,2021-02-23,Freshwater
Fine especially,-38.199895,-137.067585,70097,2019-09-07,Tundra
Identify indicate,56.063978,-11.098111,89904,2023-11-22,Desert
Force consumer,-27.8615,35.533197,76557,2022-03-24,Tundra
Their much,73.384933,135.745809,78536,2023-02-13,Freshwater
College provide,-66.141395,-89.824136,42202,2019-09-08,Forest
She from,-41.930626,61.12167,36162,2018-05-09,Freshwater
Against how,73.590467,-49.518424,94194,2017-01-23,Wetland
Film important,-2.740863,-135.208292,28871,2021-08-30,Tundra
Reach push,-35.901925,5.486878,24419,2024-06-08,Forest
Coach then,54.685473,-62.42413,4898,2022-11-18,Freshwater
Home change,-22.02575,88.680528,71694,2019-07-05,Forest
Government say,8.022869,33.159942,80279,2022-08-31,Grassland
Area old,49.474596,25.9125,59300,2025-08-02,Tundra
Remember enjoy,-52.007969,162.916499,71486,2016-10-12,Marine
Point season,13.422553,27.763374,79024,2023-06-06,Tundra
Apply tax,-64.222886,99.474231,38029,2019-08-25,Desert
Cup close,-61.950777,-113.321539,22650,2021-02-25,Tundra
Billion response,48.292482,41.830347,88766,2019-09-30,Freshwater
Campaign collection,36.023203,-96.551423,81646,2021-09-13,Forest
Machine piece,78.874015,62.640606,18674,2025-01-04,Forest
Your government,27.885984,89.038604,94149,2021-12-08,Urban
Decision special,-44.082485,173.501047,63750,2021-03-10,Marine
South year,-70.879138,155.20797,81246,2018-01-31,Grassland
Or wait,-76.071844,-67.492625,61834,2017-07-12,Marine
Poor store,3.537079,48.275373,82433,2021-01-15,Tundra
Total out,-84.479923,-142.723251,52430,2025-09-25,Freshwater
Institution claim,71.195159,-73.816836,82197,2025-04-09,Urban
Mission important,-17.089722,166.784035,62438,2021-12-21,Desert
Society race,-19.886479,-85.521777,85579,2022-07-20,Desert
Dark tough,-10.509012,-137.402549,90473,2017-11-27,Grassland
Interesting beyond,49.28461,-107.591748,41393,2023-07-03,Freshwater
Reveal candidate,64.827006,-75.171231,98332,2020-09-16,Wetland
Culture social,63.943875,21.49058,61409,2021-03-11,Forest
Peace writer,74.562732,-160.553675,12144,2022-09-06,Grassland
Also as,46.123129,140.237341,92861,2020-11-03,Urban
Reveal way,57.128718,134.047677,962,2019-03-14,Tundra
Like government,58.441612,159.013511,63572,2021-11-10,Freshwater
People visit,-41.44102,22.563898,86241,2019-07-26,Urban
Physical course,63.816677,-171.754049,53239,2019-01-22,Tundra
West agent,-18.200868,-179.655212,51424,2024-11-01,Tundra
Listen tree,-4.078606,112.653241,46471,2021-03-26,Freshwater
Seven which,3.796377,-140.180165,67191,2020-03-07,Marine
Then skin,-28.348464,55.868492,80085,2021-04-15,Forest
Play resource,46.394324,64.605631,44325,2023-03-30,Freshwater
Including question,-52.396126,-136.557261,10581,2017-04-20,Grassland
Western time,-80.952986,-61.705794,87507,2016-12-11,Urban
Ever contain,-81.177447,47.710608,67108,2019-09-14,Forest
Thus attention,50.900207,10.665809,4128,2025-11-04,Grassland
Together hit,26.088818,15.279075,58521,2017-03-19,Marine
Power knowledge,56.800569,57.804167,3242,2018-10-17,Tundra
Song practice,77.216088,81.96268,41583,2018-07-10,Urban
Environment inside,-68.379906,107.19802,98239,2024-06-18,Marine
Recent under,18.128325,12.004924,90722,2026-06-05,Desert
Compare ago,-89.916038,72.698616,31109,2025-05-30,Marine
Upon human,51.683886,-58.545286,33659,2019-03-15,Grassland
General social,11.964755,59.824975,41929,2020-05-04,Wetland
Worry nation,26.51811,-92.374237,29792,2020-09-12,Grassland
Class size,-36.103598,146.470905,10502,2019-10-21,Urban
Cut management,-22.94164,8.916611,43888,2025-06-27,Desert
Remember election,80.38676,54.192062,83620,2022-02-05,Desert
Resource wife,43.723915,46.798649,64252,2025-01-04,Forest
Field economy,-54.318411,-132.324907,5304,2025-03-01,Desert
Mean arm,45.380022,66.116072,62553,2020-03-11,Urban
Focus material,-56.135975,-106.023226,68287,2024-08-18,Grassland
Imagine upon,61.371603,-51.936916,58179,2024-10-20,Marine
Suddenly institution,-89.202166,-121.206794,13703,2025-04-18,Grassland
Decision teach,-15.504313,-46.187006,38643,2023-06-24,Marine
Price buy,20.567618,-78.669917,56167,2020-11-22,Forest
Well run,37.807385,0.181834,60539,2024-06-08,Urban
Plant beautiful,34.598072,-127.782476,9718,2019-03-03,Desert
Recognize four,-36.413217,-125.014081,40662,2024-04-03,Forest
Finish civil,-18.930994,-97.133121,13457,2021-10-30,Forest
On husband,35.484176,-11.571026,94830,2018-11-13,Forest
Whole learn,-47.779632,-53.644696,34641,2020-03-04,Freshwater
Pay true,57.516029,-58.469826,96489,2021-11-08,Forest
Culture laugh,48.65329,14.480119,96777,2025-08-01,Forest
Whole new,-87.52055,-19.967402,27977,2025-03-30,Grassland
Light firm,89.760675,-22.074917,64614,2024-09-08,Grassland
Culture break,-34.329113,-107.087682,50934,2018-12-20,Urban
People billion,-8.622877,35.520463,60118,2020-07-30,Forest
Avoid will,67.827597,44.905802,43138,2017-08-14,Tundra
Wrong tax,78.872894,8.977649,45336,2020-06-29,Wetland
Hard analysis,-57.850693,143.750774,77624,2019-01-23,Grassland
Long edge,49.637717,69.107545,82449,2023-01-03,Desert
Several message,-82.052798,-38.515137,59455,2024-03-10,Forest
Charge indicate,-77.573405,143.867916,88380,2024-07-12,Grassland
Tree indeed,-89.645921,30.653215,8521,2024-04-06,Urban
Instead stage,72.935844,79.479148,63298,2021-08-16,Tundra
Center cell,32.181057,-164.509244,37588,2018-03-18,Wetland
Help return,49.098611,-87.591148,62354,2023-07-11,Desert
Follow film,-88.855375,-77.377646,75592,2025-12-29,Marine
Seat animal,-41.318674,-16.181808,6274,2021-11-02,Forest
Feel possible,-23.262379,-13.212589,40023,2019-10-26,Wetland
Anyone go,-44.537349,52.38162,41720,2021-04-12,Marine
Effort American,68.720438,114.378444,42343,2017-09-13,Tundra
Home pass,26.888782,65.202358,17535,2017-10-09,Freshwater
Mind before,-72.824441,-164.357302,12638,2019-05-04,Marine
Dog issue,15.473552,-96.219493,80487,2025-03-15,Freshwater
East company,66.894966,-18.739566,62230,2024-10-14,Forest
Behavior rest,-27.782396,-61.815369,75597,2018-11-12,Forest
Body hospital,-10.342,44.943615,11204,2016-08-04,Freshwater
Specific method,17.099847,107.184645,47317,2017-02-25,Desert
Model staff,9.545622,-151.917221,84100,2022-08-08,Forest
Begin similar,-2.275166,-15.264898,51912,2018-05-08,Wetland
Owner sure,-74.422057,22.748288,36818,2019-10-31,Forest
Blood occur,40.347587,57.975118,14461,2017-01-06,Grassland
Word appear,-52.251421,142.554905,29309,2019-03-06,Desert
Dog safe,-21.090973,93.520967,89148,2016-10-28,Wetland
Even success,47.283384,-50.995146,91992,2022-06-05,Freshwater
Dark positive,-59.267334,132.479033,40005,2020-03-09,Desert
Poor plant,66.974629,-119.927173,14193,2020-06-01,Forest
Police amount,-52.624202,146.822146,7786,2019-09-30,Marine
Event treat,-44.926246,-4.287723,47606,2022-03-18,Tundra
Television poor,-26.472826,-7.746799,29235,2026-07-04,Tundra
Test generation,3.623191,20.160858,93179,2025-06-29,Forest
Usually impact,81.773022,-155.279505,56383,2016-11-10,Forest
Reason member,66.203354,60.947688,48677,2024-05-19,Desert
Chance part,86.369802,-103.18775,99172,2024-03-10,Marine
Television book,43.615564,74.759384,63978,2025-09-07,Marine
Edge ever,89.610436,142.496515,7620,2018-12-14,Marine
Another among,-70.61192,-83.393094,57138,2019-09-01,Tundra
Trial memory,-1.44352,-107.179006,42849,2017-02-28,Grassland
Live with,56.848854,161.327851,82775,2019-03-31,Grassland
Herself coach,49.745568,-111.19599,48993,2024-05-17,Grassland
Painting state,-68.461933,-62.315654,98961,2026-04-05,Desert
Sing country,-58.322925,152.000136,33432,2017-01-31,Forest
Note each,-37.485185,-72.881954,54446,2019-09-20,Marine
Matter operation,-88.907903,28.527957,35350,2016-07-29,Tundra
Analysis clear,26.959787,2.190069,21199,2023-07-05,Forest
Fly listen,78.480183,154.752378,25930,2020-01-30,Tundra
Spend wall,-53.413243,107.207855,58114,2022-09-27,Desert
Us most,-41.123248,95.38145,7695,2025-09-30,Tundra
Beat wait,-18.229766,-161.753575,75225,2021-05-17,Urban
Rise support,40.933745,108.709962,17822,2021-07-03,Grassland
Leg moment,59.829953,-85.701192,72787,2023-05-01,Freshwater
Prepare sit,30.067788,67.424801,512,2017-01-27,Marine
Treatment author,-61.897328,118.989221,93712,2020-05-22,Grassland
Likely range,-54.036532,-80.087027,61595,2018-01-04,Wetland
Smile important,48.718762,-107.572808,21815,2024-04-26,Marine
Who statement,61.918632,-27.73094,65230,2019-01-20,Grassland
Sell rise,-11.171604,82.730903,83505,2020-11-14,Desert
Picture PM,6.452823,47.697145,58831,2024-04-09,Forest
Anyone ready,-54.105031,-75.188662,54558,2024-02-10,Grassland
Game across,58.27004,-76.353737,85617,2017-06-15,Tundra
Maintain like,-81.912232,129.370439,76648,2025-03-31,Forest
Others by,88.048047,-73.383888,95750,2023-01-20,Tundra
Example both,-75.127222,-38.843777,75311,2021-03-07,Freshwater
Your here,51.89067,-144.05306,97330,2020-12-20,Tundra
Move a,11.997826,171.240634,40249,2023-06-08,Forest
Catch sense,-37.844126,-132.465187,64182,2020-02-16,Grassland
Unit debate,-43.399345,61.670341,25616,2016-11-06,Tundra
Hundred career,-65.720406,-53.567502,59828,2023-03-17,Urban
Population best,-79.702128,-155.443202,29279,2022-09-07,Tundra
Same loss,-36.598338,108.258126,57794,2024-09-19,Urban
Whatever tough,41.0122,-88.061639,33375,2025-12-16,Urban
Visit over,59.717107,-91.627188,99889,2022-05-20,Grassland
Structure section,-38.919498,-115.607619,52359,2018-07-18,Forest
These card,39.933467,143.114673,12807,2021-07-02,Urban
These watch,70.542928,-120.140883,57016,2019-03-10,Wetland
Care generation,-82.709965,-60.742321,9845,2019-08-28,Wetland
Player among,-73.921055,10.681125,33757,2024-10-13,Freshwater
Hear remember,42.747053,30.289678,63056,2023-09-28,Desert
Machine off,74.958943,5.926276,12290,2018-03-28,Grassland
Particularly return,82.005842,-118.662488,51962,2018-12-13,Grassland
Candidate family,-42.102582,-124.534308,5495,2019-12-15,Desert
Likely identify,1.716782,-12.000357,35405,2018-03-14,Marine
Decision so,6.015681,57.20131,67361,2019-09-07,Freshwater
Catch available,-32.246137,-31.319727,97073,2019-06-09,Freshwater
Environment suffer,56.123877,31.479084,23321,2019-07-10,Marine
Until TV,66.987269,-8.722209,63311,2025-07-19,Desert
Thus consider,-32.098454,-60.707167,83221,2020-07-18,Desert
Political way,-9.681986,-66.300692,4284,2018-09-12,Forest
Already cell,75.309635,140.109348,17971,2024-07-30,Freshwater
Visit culture,-4.268646,138.886299,49876,2017-04-09,Desert
Far new,82.144692,-44.459042,43219,2017-03-06,Freshwater
Clear then,50.038723,72.948918,80049,2023-05-28,Desert
Avoid professor,59.244627,-157.929021,26179,2016-10-05,Desert
Pm but,-75.178315,12.205842,50013,2025-06-09,Desert
Him sea,30.824173,-165.614427,76442,2020-12-29,Freshwater
Wish should,-63.856192,-56.810916,30564,2024-03-17,Grassland
Of professor,-36.219557,2.685813,90416,2020-12-23,Tundra
Number usually,53.752053,-135.529354,48828,2019-07-08,Marine
Former learn,82.416234,-46.13406,91408,2017-03-24,Freshwater
Of big,8.579591,-112.154463,95159,2026-04-02,Wetland
Area perhaps,11.922786,-35.346794,33447,2017-06-11,Desert
Open campaign,63.766871,-103.976377,26068,2022-03-08,Grassland
Surface stage,-61.186398,-101.453566,69448,2020-12-25,Freshwater
Fire above,-89.409596,95.704923,2938,2016-11-28,Freshwater
Third cover,11.89239,116.133966,72332,2025-03-25,Freshwater
Air message,-53.705429,-109.542841,33939,2018-09-07,Forest
Charge degree,-33.894337,135.43836,34092,2021-05-20,Urban
Present voice,47.941596,103.823553,14288,2017-02-20,Grassland
Could study,-14.243404,2.637414,12782,2022-02-02,Forest
Table interview,-83.527004,-50.894004,87178,2022-05-04,Forest
That mention,58.129417,-36.460826,83588,2024-04-27,Marine
More foreign,-46.573128,21.21658,56323,2026-01-23,Desert
Table popular,-66.795062,71.881198,32159,2025-02-11,Tundra
Visit not,72.068768,36.366507,41218,2019-06-06,Desert
No network,-79.7507,24.882285,67428,2025-09-28,Freshwater
Store will,58.524803,178.578217,96758,2023-06-04,Forest
Strong organization,-65.90899,-89.871683,51042,2017-01-12,Freshwater
Point majority,-30.781345,-60.311349,46671,2025-06-14,Freshwater
Write difference,-46.872683,-109.670502,15758,2021-05-24,Grassland
Arm blood,24.276657,101.938936,95255,2023-11-16,Marine
Second might,-76.969613,78.281744,83468,2019-11-17,Freshwater
Between treatment,82.231672,172.833973,3628,2026-07-01,Desert
Across suddenly,37.136914,177.678325,70280,2025-07-22,Wetland
Prevent church,42.500693,176.497879,70535,2024-09-09,Freshwater
Let occur,26.200668,-41.680047,7439,2023-03-29,Desert
Race surface,-58.115585,-34.846205,43971,2025-06-02,Marine
Charge enjoy,65.487785,11.102856,65145,2023-06-28,Grassland
Everyone television,-2.510038,90.101529,19302,2019-03-19,Urban
Too specific,-45.934811,175.275514,29100,2017-08-10,Marine
Major relationship,62.045089,16.181294,77090,2025-07-28,Tundra
Catch skin,-86.00749,-84.73301,73118,2024-05-24,Urban
Though second,44.083952,10.112393,79579,2022-01-20,Freshwater
Least really,-89.73768,170.466785,74689,2025-08-04,Grassland
Pull may,69.923574,-169.296042,79935,2024-03-09,Freshwater
Require require,45.075374,-32.388688,86432,2025-05-01,Wetland
Side since,47.781485,-74.838079,56118,2021-12-01,Marine
Movie again,-83.106822,134.019919,45110,2021-05-14,Tundra
Particularly heart,-65.023497,-36.243301,45239,2019-02-11,Tundra
Professional party,-26.587512,124.990019,31949,2024-05-25,Marine
I interview,-10.774448,81.225221,79446,2016-08-10,Desert
Many city,-77.299845,35.026075,1283,2025-12-23,Forest
Series before,26.831951,121.981592,25203,2023-05-05,Desert
Between either,-56.511579,23.530219,52788,2024-03-15,Tundra
Country form,-40.868659,-83.768671,32620,2021-12-09,Tundra
Program happy,-31.834202,-35.72364,12429,2019-01-29,Urban
Clear late,33.770384,-74.261656,58337,2022-11-06,Freshwater
Town result,-43.760757,-135.120865,67360,2025-08-06,Wetland
Way well,74.82674,130.176847,51220,2024-10-06,Marine
Blue war,50.102977,164.023855,31400,2018-02-25,Marine
Answer thought,1.612926,90.547484,61272,2024-01-14,Urban
Business capital,75.687933,-127.680112,56421,2024-11-13,Wetland
Whom recognize,60.995837,139.829432,87867,2026-02-09,Grassland
Near inside,60.658531,9.851233,58823,2024-05-22,Tundra
Admit buy,-23.631176,172.622593,35690,2025-09-08,Urban
Several big,31.408295,-152.67237,16820,2024-04-26,Forest
Subject relationship,-7.719447,-63.177395,40820,2026-05-15,Freshwater
International when,79.078198,-151.870844,47133,2022-07-21,Tundra
Assume support,29.770814,162.264838,39736,2019-02-10,Marine
Entire suddenly,40.019814,109.969817,39694,2024-05-09,Grassland
Business morning,-76.4251,30.308296,24342,2025-05-07,Desert
Across would,-15.864596,123.246166,53494,2019-02-10,Desert
Piece decision,-3.698911,-42.159834,56319,2022-06-10,Wetland
Good according,73.804954,152.875529,18328,2026-02-09,Freshwater
See oil,-57.778814,-79.172019,59829,2021-03-09,Tundra
Check short,37.955696,-26.002167,30141,2022-08-03,Forest
Choice figure,26.722054,63.818686,25693,2025-04-17,Wetland
Station report,68.196675,60.389498,22558,2026-04-09,Forest
Watch herself,-56.21147,67.913325,81181,2020-02-10,Grassland
Majority fly,20.014046,3.103774,14110,2025-01-01,Wetland
Writer stop,-39.977624,-45.910433,67053,2026-04-06,Grassland
Remember much,50.423997,119.452407,12417,2019-10-28,Forest
Red benefit,-21.407686,-107.262451,2884,2017-11-07,Forest
Instead my,-74.704057,111.412999,76114,2020-12-23,Tundra
Unit pick,13.715009,108.038972,21430,2025-07-31,Desert
Rate thousand,-6.400431,-98.350999,62383,2023-08-14,Marine
Majority lead,-50.627436,171.906171,78648,2026-04-29,Forest
Avoid none,-3.046839,-155.546638,66952,2021-08-09,Freshwater
Treat air,55.558999,-112.797832,44265,2025-09-05,Marine
Up visit,29.320633,-179.625355,59848,2024-09-11,Urban
Large enter,5.55126,-18.809288,92565,2025-03-05,Marine
Game article,-13.267214,-23.845138,57818,2025-01-08,Freshwater
Military night,61.188061,139.203728,48112,2024-11-30,Desert
Join human,-32.141154,125.284382,31839,2025-10-26,Forest
Agent by,69.102005,136.844142,39949,2021-05-17,Desert
Case though,10.520916,112.23559,85261,2018-06-01,Wetland
Difference economy,-19.753731,95.500002,6462,2017-05-15,Tundra
Line say,-21.436012,-41.621019,96591,2020-02-07,Tundra
Cold sing,-27.135252,68.21235,2852,2020-04-24,Desert
Product everybody,15.55029,-177.20971,80503,2019-12-17,Freshwater
Market positive,83.366531,154.078867,22626,2018-05-08,Wetland
Store measure,-88.141472,-105.740147,57746,2016-10-17,Freshwater
Training loss,85.344869,63.567474,10373,2024-12-09,Freshwater
Clearly garden,45.378734,-36.500665,37730,2020-09-29,Grassland
Produce court,36.592954,103.942305,23923,2017-04-23,Marine
Key catch,86.835944,178.887857,25691,2026-06-26,Forest
Local bag,-74.867773,-163.211338,52930,2025-03-23,Marine
Worker next,-16.685266,22.079108,93944,2024-09-23,Tundra
Per relate,-66.592088,-5.109237,59555,2018-08-07,Tundra
Through lose,88.776291,-39.534967,11044,2018-03-02,Tundra
Foot effort,-41.786829,83.277929,8599,2020-09-28,Tundra
Research happen,58.411273,66.157097,62996,2019-01-17,Desert
Thing image,-1.674845,57.758782,49883,2016-08-31,Grassland
Direction artist,-60.821194,-62.506808,6336,2023-02-19,Freshwater
Threat world,0.741283,-162.045772,61022,2021-11-03,Urban
Bad place,70.975076,5.970111,47973,2026-02-07,Grassland
Build scientist,-2.334608,-72.259951,36522,2020-03-10,Grassland
We fire,-48.010244,155.160042,81608,2025-11-29,Desert
Season new,-72.764121,-23.285776,74868,2016-12-19,Tundra
Either election,-86.029938,60.443607,2264,2018-08-16,Wetland
Report one,32.533268,122.960931,97,2021-05-31,Tundra
Under during,-17.130156,68.817967,94743,2021-11-19,Marine
Ground fast,-76.476701,-41.915856,76154,2019-02-27,Marine
Wind glass,4.0617,-23.553742,20170,2017-09-28,Desert
Question edge,73.929323,-14.517375,50184,2021-04-06,Freshwater
Middle gun,-10.325301,53.000898,79785,2024-01-29,Marine
Small us,63.034785,17.052316,64748,2018-01-30,Desert
Think surface,51.632532,-85.138162,18591,2020-12-31,Grassland
This father,79.840342,46.392323,29192,2018-12-15,Grassland
Goal will,-60.502541,22.105329,41323,2024-03-05,Freshwater
Watch interest,4.464164,-55.737232,94670,2025-07-15,Grassland
No control,-89.531039,-35.659428,1981,2016-12-04,Urban
Institution analysis,-23.012546,152.598261,52622,2018-05-14,Tundra
Without population,43.50921,-86.301206,76720,2023-02-05,Freshwater
Half institution,52.646644,-156.433608,81684,2021-07-02,Desert
Wish itself,-80.08262,71.083729,51627,2025-05-14,Marine
Various field,-9.678421,-101.750405,6770,2016-12-14,Tundra
Stuff song,-16.667039,-95.91625,21147,2025-07-13,Wetland
According institution,38.038934,-97.838573,1517,2022-02-27,Urban
Anything someone,-85.54785,-110.708744,35895,2017-03-29,Wetland
Explain window,-89.560036,97.656039,93573,2019-09-05,Desert
Message individual,65.662662,134.351044,23314,2017-09-20,Urban
Citizen evening,39.658803,-177.758227,73302,2020-10-25,Wetland
Force certain,-44.967621,32.617618,73585,2018-04-03,Wetland
Address building,58.316874,-14.17609,23533,2021-01-01,Grassland
Believe can,86.167148,152.485003,17295,2019-08-25,Wetland
Beat save,-69.51234,179.139634,32552,2018-06-18,Freshwater
Identify summer,-29.630412,-63.378863,22775,2019-12-14,Forest
Condition hospital,-35.897137,162.498942,80483,2026-05-26,Grassland
Trade already,72.357308,158.805228,14834,2017-12-31,Forest
Prepare central,28.689023,44.542558,77486,2019-03-04,Urban
Test wind,82.330671,177.121276,75683,2020-05-06,Forest
House bag,-45.196106,-59.477975,41102,2016-08-06,Tundra
Political between,-32.496092,131.271712,70214,2017-12-24,Desert
Team purpose,-37.794801,-116.622301,29446,2023-09-07,Grassland
Bed situation,71.401847,144.747241,93458,2018-12-16,Wetland
Dog responsibility,-29.842521,15.673797,49048,2018-10-22,Urban
Sea whatever,81.894093,17.884776,71556,2026-05-09,Forest
Catch treatment,-11.309076,120.564368,41027,2025-10-27,Desert
Listen meeting,76.797577,-79.520687,27228,2019-10-06,Wetland
Give result,-87.683904,111.753289,16985,2019-03-05,Marine
Maintain certainly,-19.26369,-160.32653,15982,2021-04-13,Wetland
Offer wife,49.044124,123.122718,72904,2020-11-03,Desert
Opportunity light,17.799777,-127.628501,89679,2019-07-07,Desert
Support rest,-82.257172,5.384663,56838,2016-12-02,Tundra
It best,25.648761,88.810373,8566,2025-05-06,Marine
Into last,51.444658,131.521266,25666,2019-04-11,Desert
Minute travel,-88.187582,156.439789,57192,2026-03-26,Urban
Something themselves,34.81206,26.843724,80228,2024-08-22,Wetland
Side compare,65.297871,-105.625551,2192,2020-12-20,Wetland
Institution here,56.802322,-124.77599,62662,2024-11-02,Tundra
Mind family,-18.978121,151.139716,1816,2022-02-23,Marine
Against as,-53.633175,-62.504414,77411,2018-12-31,Urban
Smile entire,-12.409211,-85.32751,50496,2018-01-20,Wetland
Remain probably,2.560724,-9.748826,33143,2024-05-24,Forest
Lay reach,-21.052603,151.462885,65195,2023-11-18,Wetland
Risk wrong,6.794345,1.919131,58460,2021-04-14,Marine
Drug decade,-6.691291,96.273683,69886,2016-08-19,Grassland
Develop television,22.054809,140.28338,94118,2025-06-01,Wetland
Third some,-74.878497,140.889008,64932,2025-08-11,Marine
Term various,81.199816,-63.353616,28252,2019-03-23,Desert
Main take,64.638273,-117.251708,84465,2025-08-15,Freshwater
Music pass,71.393989,123.503036,89799,2016-09-10,Forest
Method total,53.528317,-81.935141,25912,2024-11-23,Freshwater
Face explain,5.710932,0.99443,25571,2020-10-28,Desert
When just,-39.454562,74.180041,89375,2023-08-22,Wetland
Then my,37.669614,-100.949186,1948,2021-04-03,Marine
Loss body,-18.324287,-31.649931,93615,2017-06-06,Grassland
Total tough,-63.274781,-13.902259,61352,2020-12-26,Wetland
Other side,-44.702522,16.052477,80161,2021-08-14,Marine
Those technology,76.345398,-29.809722,45135,2022-02-01,Wetland
Partner woman,56.711822,-157.815384,64256,2019-12-22,Urban
Own election,55.833902,69.995085,12017,2018-12-17,Urban
Realize administration,-73.976543,-142.504066,32517,2025-07-13,Marine
Must phone,-69.830393,127.626191,50443,2024-02-24,Marine
Save decide,-36.908158,36.927729,7142,2017-08-08,Desert
Study control,-21.409118,75.820935,76328,2023-03-01,Marine
Case these,54.210594,78.908477,21996,2019-06-23,Wetland
Possible beyond,61.070921,91.551415,44893,2023-02-13,Grassland
Spring less,-8.560124,-40.776598,22864,2022-03-20,Wetland
Imagine me,88.43615,149.972413,97418,2021-07-13,Wetland
Eat allow,-0.371475,-62.86083,28011,2023-05-18,Marine
Director sure,-28.682806,92.433796,70403,2024-07-21,Grassland
Marriage similar,81.115112,-78.11506,56928,2019-12-22,Grassland
We us,-25.412838,9.305926,33964,2024-06-29,Marine
Pass door,24.310969,92.619081,54307,2021-11-25,Desert
No authority,-64.921587,125.940897,86882,2025-05-31,Desert
Court society,33.025311,-172.707384,20662,2019-08-12,Grassland
Try couple,-0.226865,-170.610983,80664,2024-07-11,Wetland
Technology site,15.577188,-160.05666,1946,2019-08-29,Wetland
Challenge work,-75.36568,-162.960963,94457,2024-12-11,Tundra
Oil account,-48.498657,129.779307,37618,2018-10-16,Freshwater
Person reduce,48.1642,-42.841817,57821,2024-09-06,Urban
Bag throw,88.269307,-100.962243,58342,2026-05-27,Tundra
Daughter crime,-3.706888,79.174872,16708,2020-06-18,Forest
Light rather,78.424571,-174.53677,31865,2021-09-20,Freshwater
Sure read,-70.487799,54.724469,26769,2022-09-17,Urban
How clearly,-69.656338,166.302535,10580,2025-08-30,Tundra
Born hope,81.333349,149.921662,38133,2021-08-27,Freshwater
Inside fine,52.390107,93.574416,98358,2021-04-30,Wetland
Pm begin,64.748225,111.840567,26322,2023-02-20,Grassland
Source career,15.027506,135.090298,88504,2025-08-26,Marine
Him direction,47.830178,50.089419,3994,2020-05-07,Marine
Food evening,-16.835235,-13.981017,99005,2023-09-18,Wetland
Too artist,-31.343896,-86.596587,48250,2021-01-22,Forest
Peace newspaper,-17.104101,18.65045,73991,2019-12-31,Grassland
According model,-21.902928,7.932823,48939,2025-02-12,Grassland
Grow per,-35.244591,25.526447,31641,2018-03-30,Marine
Feeling might,-43.591053,-147.348438,80998,2017-07-26,Freshwater
Could nearly,-59.382697,-100.985514,86681,2025-02-17,Marine
Impact Mr,-37.684449,-35.743156,53744,2024-08-10,Marine
Consumer one,-68.630671,162.409444,79923,2018-11-25,Forest
Star throughout,-69.03074,100.0518,13811,2024-06-21,Desert
Through box,29.833313,-53.06089,4483,2022-06-15,Wetland
Structure section,13.62626,9.153053,41909,2026-06-29,Forest
Challenge would,-3.0981,147.717638,98424,2022-05-09,Wetland
Various me,-5.898112,-9.114094,60086,2026-03-17,Desert
Memory including,29.938957,-37.184991,81308,2024-01-16,Grassland
Hotel perhaps,50.684732,-116.594848,96467,2022-01-30,Wetland
None yard,-29.311637,122.29749,53296,2020-08-19,Grassland
Spring full,68.966653,10.95771,96379,2020-09-19,Marine
Subject environmental,65.596344,-150.821524,51471,2018-11-09,Grassland
Force beautiful,19.608573,43.456851,73718,2022-02-19,Grassland
Magazine major,-11.514461,-28.181362,52446,2020-01-22,Tundra
Me buy,-53.554757,-90.82968,27969,2020-08-24,Desert
Go born,87.001657,175.755695,43547,2019-10-12,Grassland
Together compare,62.783897,-24.964004,79959,2022-04-17,Marine
People service,81.114372,-154.39637,83246,2023-01-26,Wetland
Up why,52.461538,115.513075,2000,2019-03-04,Forest
Test analysis,32.676764,145.403324,24621,2022-07-14,Tundra
Computer challenge,9.724041,-13.947864,86852,2026-03-03,Freshwater
Raise program,8.038575,87.954965,15173,2020-11-29,Urban
Any job,88.117576,-177.595814,58648,2025-06-27,Tundra
Choice best,44.873693,150.979761,1596,2024-06-29,Desert
College theory,10.555312,-36.447344,67449,2026-03-18,Forest
Force will,-75.790296,-16.50367,64850,2022-12-10,Marine
Toward hand,29.707486,80.381795,43913,2026-05-06,Forest
Call court,21.244576,52.373941,27716,2018-05-23,Tundra
Hot dog,69.684392,-12.881048,9268,2026-01-19,Wetland
Move sure,54.380679,-69.895463,62605,2017-02-16,Tundra
South sign,-5.213663,167.598354,84042,2023-01-12,Grassland
Line across,-57.359621,-165.344108,58102,2022-07-09,Grassland
Modern story,87.671115,-127.246714,17576,2018-07-04,Desert
Provide impact,-28.586988,169.870968,97995,2025-09-15,Grassland
Yeah measure,-70.841651,104.779933,41432,2021-04-10,Urban
Everything network,67.300015,146.041278,40565,2018-08-31,Freshwater
Provide push,-67.65239,-63.70104,31094,2026-03-25,Forest
International base,51.574922,157.641987,51807,2016-08-18,Urban
Involve morning,40.603322,-6.860634,49087,2017-01-18,Grassland
Professor character,41.466316,-157.914876,96371,2020-08-05,Desert
Rate others,-54.168014,17.411418,50589,2020-07-10,Grassland
Director particularly,49.947193,71.437865,79437,2020-12-17,Marine
Short glass,-25.043911,157.363634,33413,2025-12-18,Forest
History plan,-31.231636,-95.171482,28854,2016-08-06,Tundra
Often size,26.813155,-164.982885,77101,2017-11-19,Desert
Heavy probably,41.393488,124.575989,10545,2023-11-30,Urban
Send day,34.021643,-150.392148,9792,2022-04-05,Wetland
Study race,-44.097072,-84.307873,44503,2023-10-20,Marine
Could little,74.200446,-99.113657,10363,2017-08-12,Forest
Career personal,-79.744276,154.214097,45270,2025-12-07,Tundra
Those manage,6.950118,-134.440727,20485,2025-12-25,Wetland
Unit similar,-19.144443,-72.623671,89211,2024-09-18,Forest
Young her,-38.330083,132.368567,98615,2022-01-17,Urban
Focus exist,-58.843258,151.920739,54446,2018-12-12,Wetland
Race some,19.854381,67.449587,97253,2024-11-22,Forest
Account window,-35.331485,21.704483,33698,2021-07-28,Desert
Off meeting,15.68495,-149.715753,58336,2019-09-07,Forest
Stuff huge,-9.517427,126.856214,24893,2020-03-12,Forest
Sound add,17.628125,23.332284,91461,2023-10-05,Wetland
Head door,24.834396,-24.188204,34002,2021-03-25,Urban
Eye then,5.574742,-120.725422,62403,2019-12-13,Desert
Court particularly,-7.59625,-141.455257,26055,2017-07-30,Tundra
Subject middle,-40.861634,73.580321,77,2022-05-30,Tundra
Third something,81.462039,-93.476746,86318,2024-07-18,Marine
Produce major,-18.47369,54.499633,42607,2023-08-15,Freshwater
Catch hold,-45.858991,84.504679,78366,2019-12-25,Urban
Majority others,24.867553,-169.571277,16269,2025-10-16,Freshwater
Light certain,-79.018368,-29.335294,44577,2022-11-23,Urban
Entire all,-82.257914,-86.356839,20127,2016-12-30,Urban
Or color,-4.112848,-62.715399,18304,2021-07-01,Forest
Several number,-19.751798,55.228889,62085,2018-03-14,Freshwater
Think guess,-71.792513,74.967921,13390,2020-02-15,Desert
City any,-74.005998,114.447073,30670,2016-09-14,Tundra
Responsibility try,75.323274,-122.655252,45504,2024-08-23,Freshwater
Eight able,-77.69185,170.168941,82782,2020-08-11,Wetland
Life air,-54.276204,-161.631193,82436,2022-04-14,Marine
Truth staff,-36.83727,32.077144,59774,2025-05-02,Forest
Natural foot,67.976867,172.145582,80726,2017-10-03,Grassland
Despite up,-89.221552,95.020303,59314,2018-09-02,Freshwater
Role never,-62.767444,-44.955905,21350,2019-04-11,Forest
Science return,5.494339,146.7335,39374,2022-11-24,Wetland
Guess response,39.743199,-160.562926,29574,2017-05-10,Grassland
Turn poor,-39.647405,-136.588783,58136,2024-04-25,Forest
Maintain but,-18.461522,87.240195,47574,2025-12-08,Tundra
Onto pressure,1.045723,-21.546491,85932,2023-11-17,Forest
Car training,67.833538,88.441154,73418,2020-09-14,Grassland
Add own,14.520607,-33.099911,69934,2020-08-01,Grassland
Recently certainly,-65.688146,-171.773883,70828,2022-04-26,Forest
Oil skill,32.212691,-86.92827,60328,2023-09-02,Wetland
Carry form,-59.189406,136.453672,24177,2020-01-05,Wetland
Successful TV,61.643881,-4.375825,96898,2023-04-01,Desert
Series despite,83.475108,163.877971,44743,2025-07-13,Desert
Weight little,-39.071182,-88.859636,43023,2025-05-19,Freshwater
Trade consider,88.735176,-151.050316,25470,2017-03-20,Desert
Stop what,4.700722,-59.115794,40853,2022-04-15,Freshwater
Make federal,46.047445,65.124189,35492,2025-01-11,Wetland
Clear much,-14.133934,122.290142,48623,2022-06-28,Freshwater
Either reflect,1.888642,-74.141481,45554,2021-09-20,Grassland
Story interesting,-56.848952,50.775525,85596,2021-06-26,Desert
Maybe maybe,49.369602,-15.778184,26716,2016-08-03,Tundra
Politics one,-70.921233,99.71907,7093,2016-11-22,Grassland
Raise necessary,37.24682,-39.806011,51328,2018-03-02,Tundra
Thank billion,61.652754,1.683634,17999,2023-10-04,Forest
Its stock,-38.250077,-97.736636,77256,2022-10-23,Grassland
Stock find,38.64174,-85.602384,17772,2022-11-18,Grassland
Ago the,75.387029,-124.34675,25153,2023-07-06,Marine
Over west,-10.826492,47.110941,48662,2020-11-30,Tundra
Operation town,68.355503,-134.880086,90211,2019-08-16,Marine
Alone red,36.4507,17.983671,7326,2017-02-11,Forest
Speak as,84.150169,22.621862,46039,2025-01-31,Grassland
Apply fear,-38.711132,83.104021,2203,2022-12-26,Forest
Memory third,-77.51247,-33.03479,18054,2019-12-11,Tundra
Home place,-43.575974,135.399617,74500,2019-04-24,Wetland
Send sit,-8.739241,175.070614,552,2020-05-28,Forest
Stand choose,-82.413562,1.61817,86796,2024-01-13,Urban
Seem there,-80.117031,6.214061,53986,2022-04-03,Marine
Fast bed,-55.899102,60.275566,58439,2022-03-02,Urban
Skin market,-72.33209,-18.433562,60119,2017-04-07,Grassland
Discussion know,46.836145,55.997297,76114,2017-05-19,Marine
Usually move,20.684252,86.480351,5267,2020-03-12,Freshwater
Cup shake,-51.079439,89.489601,33111,2017-08-09,Urban
Star may,10.259342,79.46739,72856,2021-05-16,Tundra
Participant final,-35.173852,117.097191,44572,2023-10-09,Grassland
Already door,72.661441,126.082331,21421,2018-11-22,Wetland
Author lose,39.891505,26.232149,48152,2018-12-07,Wetland
Former while,-3.491126,-24.412122,97909,2023-02-20,Marine
Look fast,-63.272363,61.472349,11537,2025-01-20,Tundra
Garden quite,74.198788,-164.4064,2720,2020-08-10,Desert
Would left,-18.623923,162.881766,75884,2024-08-26,Wetland
Television office,79.679501,145.195795,1195,2023-09-07,Urban
Less character,13.819492,175.811292,87703,2019-10-14,Desert
Nearly cause,-83.052464,-19.858707,80049,2025-03-27,Forest
Player find,20.434367,-23.692468,37863,2025-02-06,Urban
Have respond,44.713094,-25.842147,79941,2024-10-07,Freshwater
She pay,-45.464342,116.785791,11153,2021-08-01,Grassland
With without,16.31694,52.709409,43080,2016-08-12,Desert
Special know,39.022176,119.575955,93849,2020-03-30,Desert
Mention study,6.199514,-124.36501,46168,2021-04-10,Tundra
Drug management,-51.331578,40.169216,92984,2018-11-02,Freshwater
Yourself base,-24.379118,15.314156,88723,2017-06-27,Marine
Exactly manage,-86.564749,-142.68568,86517,2018-09-29,Desert
Trip enter,-60.072668,-97.955137,55451,2019-12-30,Wetland
Voice affect,86.981075,173.722914,43019,2018-07-15,Grassland
Fly change,27.258895,94.835446,78366,2025-11-01,Urban
Rock feel,65.924383,-79.74792,58371,2018-02-28,Freshwater
Front gas,81.643287,56.589398,45888,2021-08-10,Desert
Point generation,75.002403,108.328951,24161,2024-01-26,Forest
Unit kitchen,-6.544602,107.043014,81412,2026-07-14,Tundra
Section do,6.733627,104.041822,2362,2020-03-17,Tundra
Drive market,-32.516978,-99.580988,51043,2021-05-15,Urban
Create outside,59.130104,-79.385541,34157,2025-08-08,Forest
Experience staff,-24.590634,-50.130647,7814,2023-03-11,Urban
Officer receive,19.222167,-152.273543,27122,2018-05-29,Forest
With read,-34.939897,-91.706861,40975,2021-12-15,Urban
Long stage,-80.373324,32.740008,6081,2022-04-30,Urban
Information available,-8.665401,42.81151,33480,2020-06-25,Desert
Stand tell,-48.409324,-32.075676,10848,2020-11-12,Grassland
Indicate area,0.216499,-137.506745,78942,2024-05-01,Desert
Example in,-55.227669,-16.64423,71979,2020-04-17,Urban
Himself example,-57.415238,51.556464,58837,2024-11-11,Grassland
Class century,-30.146916,-126.022686,75611,2017-05-11,Desert
Phone study,-28.451146,-156.2918,85433,2020-11-06,Freshwater
Join step,39.313072,-144.374603,68844,2019-02-11,Marine
Treatment nearly,50.49351,52.892681,87246,2025-07-09,Marine
Card we,-18.662988,-125.192813,91234,2026-03-29,Freshwater
Notice however,-59.701256,-66.798048,45582,2020-04-16,Forest
Traditional scientist,32.510819,117.161529,26707,2020-08-06,Urban
Per call,36.328383,-26.035796,38542,2017-03-08,Marine
Purpose because,77.932014,163.156138,48512,2024-09-27,Urban
View approach,87.162976,141.476048,74174,2022-02-23,Forest
History society,8.970854,10.335911,30349,2025-11-03,Marine
Speak into,-17.768351,68.688968,58193,2019-09-30,Grassland
Charge smile,57.997913,43.565749,36549,2017-12-03,Grassland
Language treatment,-55.724649,-86.299401,56623,2023-11-09,Desert
Treat price,60.741407,-148.796233,17570,2022-09-15,Marine
Color authority,89.151997,-59.554965,20169,2024-10-16,Marine
Teacher during,-56.957438,95.691842,82244,2017-06-02,Wetland
Eat record,41.720836,-52.802477,79649,2018-10-28,Forest
Decide trade,-2.216281,137.424452,27884,2017-10-10,Desert
Every table,-19.258489,91.491751,24296,2019-12-02,Marine
Top authority,56.270049,-48.414462,13057,2020-03-12,Wetland
Service again,54.674592,42.873138,62001,2017-05-21,Desert
Yourself defense,15.455587,4.181408,51016,2024-12-03,Grassland
War sport,-55.567971,-125.584983,93436,2025-04-01,Grassland
Question spring,62.061532,166.738955,27982,2019-04-04,Marine
Room city,19.135162,-97.553691,10319,2018-06-22,Forest
Political degree,-3.025313,-134.999181,49273,2020-07-15,Urban
Though note,-76.671634,-77.517168,48856,2018-10-03,Forest
Local song,-80.910952,-160.01701,82345,2019-04-03,Freshwater
Federal decision,83.628825,83.904529,85615,2026-01-03,Marine
Finally public,84.124875,58.167832,83120,2023-06-16,Desert
Leave get,-35.659852,-5.646182,27444,2018-01-27,Marine
Republican nation,-79.208065,-17.338862,65020,2023-09-02,Marine
Right us,55.511359,-21.593047,33142,2020-10-06,Urban
Detail put,-32.62988,-117.370208,97602,2023-05-12,Tundra
Environmental maybe,-41.542977,-3.536703,19196,2026-05-10,Forest
Ok play,-62.178906,162.177824,46232,2022-06-20,Grassland
Close evening,64.260787,7.484097,55657,2023-02-07,Wetland
Soldier she,30.779851,101.265853,10400,2020-10-17,Urban
Senior politics,-69.371359,147.890288,44920,2023-09-07,Wetland
Speech there,16.589084,172.861119,72807,2025-08-14,Wetland
Know minute,-49.000012,-178.104134,89347,2018-10-06,Marine
Itself participant,-82.522371,128.512763,56213,2021-03-12,Desert
Home goal,2.118434,-78.911137,23246,2024-07-08,Tundra
Day that,76.587107,-164.086228,50206,2019-02-02,Freshwater
Government half,-13.015248,73.990346,21475,2018-12-25,Forest
Collection civil,2.475656,153.0184,6470,2026-07-10,Tundra
Alone second,-50.814656,10.714504,77744,2021-11-18,Freshwater
Black unit,69.740338,78.83358,56816,2022-11-30,Urban
Them final,85.277807,-60.95753,29774,2020-12-06,Freshwater
Mind win,56.64038,-109.770103,44630,2022-11-08,Marine
Skin find,72.36673,-12.343135,45959,2018-11-17,Forest
Boy issue,-86.054395,-83.035313,86573,2023-08-02,Freshwater
Budget include,-39.76598,-82.776749,35871,2022-08-30,Urban
Start technology,-54.002732,-121.185545,63688,2017-11-10,Urban
Common myself,-79.997585,112.828015,23504,2022-11-29,Forest
Pattern rich,52.630479,139.564828,99834,2024-11-17,Freshwater
Determine spend,-41.369959,-8.708937,14403,2023-11-20,Freshwater
Artist people,19.066777,102.54691,28985,2025-09-04,Tundra
Fish tax,-89.113742,-43.706087,34031,2023-01-26,Tundra
Use produce,20.26931,165.679032,984,2016-09-19,Tundra
Expect hold,72.924871,42.624544,54072,2020-02-04,Marine
Above throw,-50.650035,-80.905681,11331,2018-08-20,Desert
Fire write,-8.793731,171.855887,80025,2022-06-12,Freshwater
That interesting,46.967886,-75.685239,40222,2025-05-29,Wetland
Research possible,19.389112,153.217424,18709,2024-02-28,Forest
Type there,11.521578,175.07418,42195,2017-03-31,Urban
Rich central,-62.2115,-156.433358,12774,2019-01-12,Freshwater
Five dog,-41.197098,-11.372848,31750,2026-02-24,Grassland
Enter protect,46.993876,52.527331,16144,2021-01-06,Forest
Capital of,65.733975,94.073346,81086,2023-01-28,Forest
Price live,-41.319018,-142.236234,82242,2021-02-02,Grassland
Body really,-59.985664,-9.324597,69536,2019-04-27,Desert
System now,-9.058406,-68.127556,33307,2022-02-16,Wetland
Manage south,-57.164469,159.046425,42703,2025-02-14,Marine
Single president,41.518413,-73.741736,50531,2026-05-23,Desert
Deal nature,29.443427,92.762855,89135,2025-03-20,Wetland
Foot small,60.855072,-61.999969,36798,2017-11-12,Wetland
Start chair,2.306946,-23.992625,56075,2023-06-04,Tundra
Husband benefit,34.16543,31.024736,36447,2018-09-29,Urban
Those open,-53.257742,-156.024861,92841,2024-07-21,Desert
Democrat probably,89.975884,-84.736136,36785,2025-02-10,Marine
North instead,-33.206277,127.225991,62981,2026-02-10,Forest
Weight seat,13.873609,94.249079,96478,2024-08-02,Marine
War fly,-51.851228,143.457654,94600,2017-10-23,Freshwater
Nearly add,71.767933,176.755572,39141,2021-03-11,Desert
Peace over,-37.855968,79.974086,30415,2026-06-03,Wetland
Well floor,-52.433204,68.476223,95152,2020-12-20,Forest
Travel black,-65.686884,54.308261,34331,2021-12-12,Marine
Today any,78.000575,75.400551,78800,2017-01-16,Marine
To always,-9.686351,10.269247,56676,2019-07-09,Tundra
Maintain pattern,87.968485,152.689134,19948,2018-07-05,Forest
Film reduce,-72.308865,114.442852,77244,2026-01-22,Tundra
Speak look,-50.584687,34.29678,48231,2025-12-03,Urban
Ground physical,-26.984291,-33.095782,90567,2023-07-12,Wetland
Across clearly,28.728677,-45.70694,86905,2022-06-13,Urban
Knowledge adult,50.74354,-172.819673,99177,2026-06-08,Freshwater
Phone above,-19.394263,178.050093,23970,2023-10-04,Urban
Space at,-39.446901,128.778036,54004,2020-04-17,Tundra
Camera million,-15.140239,-112.803946,57591,2025-01-28,Wetland
First past,-23.310043,134.361792,52028,2020-06-21,Urban
Run mouth,21.935862,52.557218,92843,2026-01-12,Marine
Agree save,68.802921,122.529031,33426,2023-10-01,Tundra
Agent specific,-42.742162,-17.85859,85997,2017-11-05,Urban
Feel sister,13.889569,-152.878458,35425,2026-07-18,Grassland
Significant young,-22.797284,170.278904,64986,2019-08-25,Marine
Possible big,-71.320382,-122.72187,30337,2021-09-04,Marine
Couple pick,-76.371588,115.142134,44060,2021-12-26,Freshwater
Current recognize,19.539957,94.603968,76137,2018-03-07,Wetland
Whole everybody,35.971976,-102.224454,88300,2019-12-22,Grassland
Crime tough,-9.645297,88.739521,81003,2023-09-23,Marine
Little college,66.022645,-47.585518,28239,2023-03-21,Freshwater
Rate pressure,70.04888,4.97558,43777,2023-04-02,Tundra
Try radio,10.246274,126.02184,62833,2025-12-10,Urban
Manager fine,-20.470464,175.118637,58121,2022-11-08,Desert
Assume hard,83.595759,-30.417239,6431,2017-06-14,Tundra
Work blood,36.948687,114.680716,65129,2018-02-08,Grassland
Use themselves,76.893714,64.47703,35455,2021-09-15,Grassland
Everything law,45.411307,16.118435,32100,2021-09-04,Urban
Fight message,-16.413721,51.57449,37572,2020-02-10,Grassland
In perform,67.885945,69.316696,34503,2019-10-10,Marine
Never memory,-26.904083,-148.206579,15756,2018-02-08,Desert
Measure office,18.93355,130.15015,92013,2020-04-04,Urban
Threat scene,-69.815257,-174.085857,21899,2023-07-07,Tundra
Similar participant,76.876545,91.750331,6601,2025-02-23,Wetland
Image daughter,-29.360804,-75.867399,22419,2023-08-15,Grassland
Little note,25.419207,105.834199,63519,2018-04-10,Grassland
Data four,-70.330079,140.602746,26629,2020-04-15,Marine
Rise Congress,-27.090042,74.758693,87943,2017-05-25,Wetland
Over police,-36.6486,-121.054006,24934,2020-04-29,Grassland
Lay way,0.282826,-79.628747,51422,2016-07-29,Marine
Reveal firm,-21.951516,125.568637,39526,2018-12-01,Freshwater
Effect soon,69.016479,12.466313,60488,2023-04-19,Forest
Store fall,-29.455975,25.504245,6405,2020-01-26,Grassland
Type return,-54.171695,81.680743,36368,2019-03-14,Urban
Follow five,42.857254,-91.846366,57175,2024-11-19,Grassland
Approach conference,77.835595,-121.075875,79019,2017-09-15,Forest
Total leader,57.912384,-15.239691,71742,2021-10-09,Marine
Foreign understand,-0.900107,-43.110539,73133,2019-07-06,Urban
Plan rate,-22.081211,-125.449345,12226,2023-11-06,Grassland
Card old,-61.643992,-60.779806,98052,2025-11-19,Grassland
Sign believe,-32.216195,-98.602201,69006,2022-03-08,Grassland
Shoulder never,-52.16695,-143.873787,84317,2024-08-19,Freshwater
Total play,35.029404,-171.562745,94193,2021-07-09,Wetland
Approach address,-30.255198,-91.568172,71508,2026-06-10,Urban
Want tonight,-11.438711,-108.06004,27611,2025-02-05,Wetland
Nearly agent,42.179966,-152.048243,77436,2019-05-08,Forest
Since make,-75.595242,152.748312,25636,2019-01-14,Forest
Wide any,69.328775,-171.31504,77000,2018-04-04,Forest
Image section,55.105282,138.278976,24067,2024-06-06,Grassland
Head blood,-13.729645,-42.463494,89909,2025-04-12,Grassland
Bill recently,12.396701,65.727979,92332,2021-10-03,Tundra
Factor radio,-39.898285,-29.899041,88800,2017-10-07,Grassland
Yeah million,-34.130368,-88.560796,87176,2025-12-16,Marine
Stand board,-34.858367,-167.483036,74019,2019-07-02,Freshwater
Door road,23.708129,118.923354,88127,2021-02-01,Marine
Today skill,14.657366,25.468538,70147,2025-12-24,Tundra
Recent within,-28.514166,58.895122,24981,2020-12-08,Wetland
Management fall,-44.118378,23.690797,17771,2017-12-30,Forest
Beat anything,-15.527873,-38.742264,2490,2023-11-28,Freshwater
Brother feel,68.021539,143.42662,44079,2025-01-23,Forest
Sign tonight,62.931791,-116.442158,85466,2025-02-15,Urban
Capital over,-9.937033,-104.832161,4694,2017-04-16,Grassland
First teach,52.073598,135.566352,81886,2021-08-24,Tundra
Doctor school,12.099464,105.854253,32674,2025-08-26,Urban
Enough beautiful,77.867762,-15.977786,52256,2019-05-10,Freshwater
Point same,89.661818,-173.337545,65065,2018-06-09,Freshwater
By beautiful,-20.251989,25.204686,38810,2016-12-09,Freshwater
Wind respond,-16.09376,-177.130183,83683,2017-03-19,Wetland
Force cold,36.424708,-85.553304,85694,2023-12-23,Forest
Learn write,-88.043783,34.799521,46065,2018-11-17,Desert
Mention price,20.628666,-132.825446,23741,2018-01-09,Forest
Program team,-56.206027,176.228481,90922,2025-08-13,Forest
Walk draw,-40.38314,122.395161,23866,2024-12-20,Desert
No he,-71.249533,96.591934,51294,2018-06-12,Forest
Do building,-12.721481,143.48432,65786,2018-06-28,Freshwater
Management north,85.265192,53.337154,74392,2025-08-23,Tundra
Themselves very,34.50343,-68.248249,10820,2018-11-22,Wetland
Agent commercial,-43.60375,6.630675,42976,2020-06-14,Marine
Start light,-34.533373,157.197503,4135,2025-01-11,Marine
As movement,28.657808,142.477545,86723,2016-08-22,Urban
Study tonight,-9.637784,36.787112,39990,2017-01-29,Tundra
All heavy,80.459054,-13.447196,36573,2024-05-15,Wetland
Product foot,-13.423278,-124.747956,81081,2022-08-03,Grassland
Participant unit,-30.276692,30.998199,95540,2023-01-24,Desert
Long thought,81.501051,143.18087,36904,2016-11-30,Marine
Challenge hundred,65.948333,71.156511,48918,2017-05-24,Freshwater
Finish relate,56.792983,-12.020416,33051,2024-01-05,Tundra
Blood what,30.10784,70.598651,53407,2025-12-16,Forest
Sit right,53.19858,-76.364146,23677,2017-12-31,Urban
Community dark,36.382179,36.063939,76496,2025-09-13,Grassland
Low until,-47.960797,16.13116,76453,2022-01-11,Forest
Us live,-35.373116,-144.485892,79980,2024-09-26,Desert
Would those,30.884561,-8.058888,78879,2021-07-22,Urban
Now drug,11.154973,135.54797,5580,2023-07-03,Tundra
Unit enjoy,-6.917629,93.033875,58654,2025-10-15,Urban
Born now,4.942749,41.624195,53141,2023-09-09,Desert
School him,22.050949,163.695995,37188,2019-01-30,Wetland
Sometimes value,20.435817,127.580301,57113,2024-08-27,Forest
Mouth put,-42.580531,-61.186884,35812,2019-03-15,Desert
Security tax,86.700324,-137.203413,86325,2017-02-05,Freshwater
Standard Democrat,63.700328,69.090159,94252,2024-05-27,Tundra
Reduce name,-56.694375,84.721828,51772,2017-09-03,Tundra
Unit government,-40.345235,-3.781147,72723,2025-07-04,Tundra
Vote there,-56.413936,-31.824709,71710,2019-03-18,Wetland
Better show,15.187656,-11.85967,23659,2021-10-25,Wetland
Though fund,-12.325974,176.081085,46305,2026-05-09,Freshwater
Watch participant,-59.245535,-115.320502,44964,2018-02-20,Desert
Coach skin,-20.031006,77.850201,52311,2024-10-20,Marine
All there,3.537499,-135.448077,68102,2018-02-21,Grassland
No industry,53.973006,126.081717,59268,2026-04-13,Forest
Rich father,1.784513,53.941193,35205,2021-01-06,Urban
Store past,59.392399,-110.764617,76062,2016-09-05,Tundra
Food than,-58.827846,-51.973947,45109,2025-09-10,Tundra
Put force,9.743966,64.602154,68157,2020-10-26,Forest
Special region,85.849054,-43.408835,64144,2020-04-15,Tundra
Trade bag,-8.891276,-68.195944,13718,2024-05-16,Urban
Source include,-62.788835,47.953544,69835,2025-05-24,Desert
Edge look,71.629428,-92.303275,99466,2023-06-24,Tundra
Sister need,-7.342658,-34.975849,38555,2018-09-25,Wetland
Require among,-70.995078,-123.270432,49546,2026-05-15,Forest
Number news,47.504726,40.447338,33175,2021-07-27,Marine
Agency even,65.834612,-73.684613,69517,2023-02-18,Grassland
Else my,-28.583717,58.175845,1406,2016-12-11,Grassland
Budget hospital,0.748315,105.396957,2879,2018-05-20,Freshwater
Situation when,35.284883,-122.176214,54642,2020-08-06,Desert
Teacher whose,23.571291,-124.69502,54627,2024-10-29,Tundra
News expert,35.905908,10.353261,64596,2024-03-29,Urban
Pass discover,-10.366183,-65.660617,60828,2023-04-04,Desert
Animal area,-25.586268,157.385744,94793,2023-03-05,Tundra
Capital song,50.48233,-172.007637,60645,2024-04-02,Freshwater
Should without,-46.883306,-50.739856,70997,2024-12-08,Urban
Rule opportunity,1.778847,-50.750761,89169,2025-01-26,Forest
Second parent,8.832244,177.279078,79433,2025-08-05,Forest
Walk mention,-2.66553,-63.533194,21888,2021-05-11,Urban
Care answer,-29.647593,123.856085,46201,2019-12-03,Tundra
Agency audience,42.811668,-53.285196,23561,2024-07-12,Freshwater
Doctor blue,10.270339,41.134502,81464,2018-10-29,Urban
Challenge quality,-30.870453,155.757304,4429,2019-08-03,Marine
Provide either,37.571387,179.711481,29968,2024-05-13,Grassland
On well,-88.996509,-81.430269,61193,2019-05-06,Marine
Production student,-37.577854,35.390623,64487,2018-06-12,Wetland
Improve loss,-41.225203,-157.645722,2691,2018-08-08,Desert
Experience toward,56.156675,123.726909,91405,2020-08-03,Forest
Necessary buy,75.891748,146.466744,15432,2021-08-06,Marine
Especially wrong,-16.313253,118.669229,60610,2026-02-12,Freshwater
Long peace,63.410198,-169.926609,66946,2020-02-09,Tundra
Present out,-85.728507,143.961431,19853,2026-06-15,Wetland
Side happy,81.055209,-153.946757,8930,2019-04-02,Wetland
Mind scene,40.440706,-54.420612,2320,2024-03-18,Wetland
Moment per,-23.230139,157.064516,1427,2023-10-25,Grassland
Whom better,13.841423,147.05864,24537,2017-03-18,Desert
Size strategy,75.592355,21.662248,60972,2023-03-07,Forest
Ground result,69.377721,128.832593,39516,2024-08-07,Desert
Many admit,-2.441689,-158.798244,75192,2017-05-06,Wetland
Group practice,-89.620422,165.454583,93630,2024-09-09,Grassland
School piece,-62.312963,-23.408366,9021,2021-07-12,Tundra
Edge he,-12.516549,-108.310468,30841,2024-08-26,Marine
Short capital,-58.967036,-13.076797,32476,2018-06-16,Urban
Beyond miss,68.565164,-128.345021,64299,2022-11-15,Grassland
Meeting baby,-57.347278,16.350851,35443,2024-04-22,Desert
New personal,-88.420552,19.776301,19497,2022-12-07,Urban
Between simple,-60.03398,-28.596036,66499,2019-12-11,Grassland
Program write,-80.34738,-87.722254,79982,2020-12-11,Urban
Short customer,-48.452001,-42.455454,66534,2018-10-26,Freshwater
Price not,18.155248,-34.097964,82503,2023-08-16,Marine
Fill yourself,-40.650981,140.34174,53681,2019-10-13,Freshwater
Wear without,-13.575136,-75.743701,58688,2019-09-07,Marine
Life final,-73.434067,-82.337816,79660,2018-01-17,Grassland
Recently born,23.344463,84.760304,73656,2017-09-16,Desert
Race writer,-18.616234,39.113548,47580,2019-07-25,Tundra
Since place,-54.760795,152.36549,36685,2020-06-09,Forest
Present word,-37.680155,155.694144,13498,2019-04-09,Freshwater
They nothing,31.491371,77.20075,73605,2019-10-31,Marine
Practice significant,-28.976201,34.837992,46592,2020-05-10,Wetland
Everybody material,61.237204,117.159276,12977,2017-11-05,Freshwater
Eight doctor,-38.188503,165.720178,18417,2026-04-05,Freshwater
Organization sit,69.268035,-34.020006,67102,2017-11-07,Urban
Need must,57.723102,-174.031954,20177,2020-03-07,Wetland
Since none,29.046117,-161.491784,62172,2023-05-17,Forest
Prove drop,21.951929,-7.768202,50102,2016-08-17,Tundra
Own run,-74.000085,26.15569,91672,2020-04-11,Forest
Beat structure,-85.027066,-26.576854,75589,2024-03-22,Grassland
Major anyone,35.435185,-130.355555,51143,2016-10-30,Urban
Against box,76.186528,-28.363628,24299,2018-03-29,Marine
Girl yet,63.88896,72.775449,37495,2018-04-06,Forest
Mr score,-16.514281,-97.712813,58546,2022-02-21,Freshwater
Something energy,48.859584,-160.018005,95245,2021-10-17,Marine
Professor her,33.366195,169.209115,9877,2020-10-05,Marine
Give continue,63.091613,165.887977,55739,2024-06-08,Grassland
Small blue,33.967094,-114.176124,37083,2020-01-18,Marine
Life magazine,15.893466,-153.340475,7737,2023-05-23,Marine
May play,-4.422206,75.634806,11767,2016-07-23,Wetland
Old agency,-79.166121,-20.176835,17626,2021-11-12,Grassland
Less rich,-67.461111,105.04639,78204,2017-04-16,Wetland
Break which,-66.613452,178.942531,12643,2022-09-29,Marine
Final future,-14.964075,81.519356,55783,2022-01-12,Tundra
Big grow,-9.626076,78.99377,85334,2022-01-09,Marine
Red TV,-47.209372,76.104051,57036,2020-08-18,Desert
Wall rise,16.301326,120.780921,7937,2024-05-05,Marine
Entire onto,1.736305,176.283817,11764,2022-05-23,Wetland
Do least,-58.078938,21.929706,70911,2023-04-08,Grassland
East let,-32.468978,-156.10487,74153,2024-07-27,Urban
Realize threat,-85.821867,75.702948,46161,2017-02-28,Desert
Consider partner,33.759024,-121.020927,12211,2024-04-10,Grassland
Beyond consumer,-46.028088,56.176332,50824,2018-07-03,Urban
Include serious,-42.82475,92.97888,63331,2021-05-31,Wetland
Like for,6.89369,-28.116293,13584,2019-07-09,Tundra
Quickly commercial,-63.217536,-13.716008,40706,2020-07-02,Grassland
Development long,20.463154,-129.520845,56548,2019-01-19,Urban
Can pressure,44.92967,76.012426,41410,2026-05-04,Marine
General under,-25.10995,109.520432,7455,2018-12-12,Forest
Tv recognize,-38.816108,-54.949773,30554,2018-03-01,Grassland
Animal prove,87.786699,-178.048199,69746,2019-03-27,Wetland
Play region,89.5153,29.407386,95741,2026-04-12,Freshwater
Wife senior,60.885111,-31.993594,82285,2020-04-17,Freshwater
Official top,-11.044369,-125.373278,98082,2024-11-07,Desert
Else subject,87.285879,-130.78359,62538,2019-08-26,Freshwater
Upon standard,81.61974,-167.432644,19367,2017-05-07,Urban
Police easy,4.575995,54.52389,39087,2022-08-03,Wetland
Administration lay,59.006008,80.996516,93060,2023-02-15,Wetland
Center admit,75.336359,48.912006,84559,2018-12-09,Urban
Rise room,55.192387,167.364362,12912,2025-09-10,Tundra
Action exist,35.528045,-65.977458,59300,2022-01-15,Urban
Ball appear,13.053296,-36.286505,60940,2022-06-04,Marine
Street next,-22.777567,144.322942,49256,2026-02-09,Tundra
Hit report,71.970261,-84.070709,85136,2018-09-16,Grassland
Own bar,11.940199,-124.910802,67638,2021-01-30,Grassland
Cup thought,-85.399302,-64.500578,14120,2017-05-27,Grassland
Experience sea,51.92545,-130.587461,58275,2025-06-26,Tundra
Director recognize,-28.382162,37.170612,6676,2017-09-26,Tundra
Past impact,-68.539233,9.565097,21170,2026-01-21,Tundra
Black house,70.503494,-167.346658,15893,2021-02-14,Grassland
Physical all,-81.168017,-19.957079,93088,2016-10-19,Desert
Sort order,-73.492818,-81.638411,63149,2024-03-05,Grassland
Thing catch,8.964282,56.724736,66544,2026-02-26,Forest
Threat individual,-82.557008,-57.560387,96623,2025-03-06,Urban
Discuss sing,56.041178,-106.302608,39194,2018-09-01,Freshwater
More politics,0.491046,29.44709,52935,2020-02-18,Marine
Commercial people,83.231706,-86.552545,40304,2025-02-09,Wetland
Act partner,-83.33896,-158.623701,52998,2024-09-05,Desert
For education,67.368803,-33.49022,30150,2018-07-29,Desert
Provide meeting,37.639756,147.782224,50917,2020-05-10,Urban
Democratic create,-28.267825,41.199214,41734,2018-10-03,Urban
Bag add,28.094614,-154.997466,95343,2020-08-24,Forest
Century large,-26.428426,-72.613084,73845,2019-07-02,Grassland
Sit choice,39.241976,-171.807801,59107,2019-03-06,Marine
Need sense,3.864642,79.236375,28836,2021-04-04,Wetland
Natural ever,-29.146833,-41.625452,87252,2017-10-28,Urban
Message suddenly,-9.658846,-60.332899,70276,2020-01-06,Freshwater
Late science,-46.049296,-11.126446,95497,2017-06-10,Grassland
Issue number,-75.26118,118.182649,72691,2019-10-02,Forest
High matter,-88.592108,-42.281562,76285,2020-07-27,Forest
Radio last,38.436981,146.425918,83956,2022-09-16,Urban
Occur ok,-27.173726,-70.795315,24660,2018-08-06,Desert
Parent sister,42.28302,16.269703,20052,2020-11-27,Tundra
Health prevent,-79.33852,-41.052564,3259,2021-07-08,Forest
Month church,64.861317,-90.538149,89257,2024-01-29,Desert
Here measure,86.169678,121.561475,22924,2017-04-01,Freshwater
Thousand receive,58.152968,-53.500757,32836,2023-04-12,Desert
Give school,25.632458,120.00756,21601,2022-10-08,Freshwater
Order reveal,-59.491299,48.811169,73764,2018-10-10,Desert
Test senior,74.961965,-138.79004,45433,2016-09-27,Forest
Among indicate,-17.723962,61.915122,14423,2018-06-24,Wetland
Create begin,2.741892,-55.872249,74308,2026-06-01,Tundra
Sign night,-61.985983,-97.777413,26,2023-11-28,Desert
Listen true,-67.629534,-55.823454,67479,2017-09-16,Tundra
Audience toward,-66.101674,-142.349468,57232,2021-07-05,Marine
Thought about,45.614166,91.444807,57009,2018-01-13,Urban
Into man,58.305455,127.96907,69787,2022-08-21,Forest
Coach rise,71.711592,154.599169,20184,2025-09-29,Freshwater
Red tell,59.981193,-164.978188,7567,2023-10-03,Forest
Which bag,65.286717,-32.063995,59104,2025-01-03,Freshwater
Once support,-49.085574,144.209911,19871,2025-09-14,Wetland
Chance be,43.594235,28.207125,79402,2026-02-12,Grassland
Who despite,-46.889018,151.979407,91425,2020-11-10,Grassland
Structure adult,-65.993257,-31.9046,87251,2026-05-23,Freshwater
Brother but,-20.765172,-67.051625,87359,2017-07-30,Marine
General meet,-10.57665,-107.805149,69350,2019-12-12,Grassland
Become though,18.412811,169.241478,82208,2023-10-13,Grassland
Perhaps article,-30.748807,153.74648,43732,2024-01-20,Desert
Oil decision,-36.909287,164.558857,53305,2018-05-24,Urban
List his,57.865029,-178.043102,40573,2021-02-06,Tundra
Executive cover,22.506022,-7.007767,9760,2025-12-15,Grassland
Past power,25.459973,11.700632,58834,2025-05-12,Grassland
Run threat,-63.538279,172.50159,53688,2025-06-14,Grassland
Rule social,-31.233588,43.212528,9102,2024-08-11,Tundra
Forget will,42.125385,178.194408,2366,2017-10-15,Tundra
Raise while,-14.964521,103.288673,4513,2024-05-31,Desert
Raise environment,6.255054,43.887214,75297,2020-06-13,Forest
Since to,82.358182,27.623094,96536,2024-11-16,Grassland
Policy find,46.237882,-105.201878,3401,2017-12-11,Forest
Must spend,-50.363624,171.42268,57459,2024-06-01,Tundra
Available character,78.675337,156.7837,65358,2024-08-11,Grassland
Land debate,-85.181551,-156.522067,74431,2017-12-10,Wetland
Say debate,62.989745,-89.552196,31500,2018-09-04,Marine
Write hold,22.906559,154.454322,12585,2022-07-26,Desert
Want enough,77.081988,-82.423819,37739,2023-07-22,Wetland
Hospital somebody,-47.849244,-41.194938,17406,2018-06-09,Grassland
Area various,51.606415,-71.34273,61396,2017-12-14,Forest
Senior off,37.820576,-97.710994,71852,2021-07-26,Urban
Edge history,47.1433,111.739426,48370,2026-06-08,Desert
Address old,38.255534,170.837621,58894,2025-04-24,Freshwater
Oil film,-7.88554,73.05115,73957,2021-04-10,Desert
Nature notice,77.526728,-31.857985,84314,2024-08-28,Urban
May require,-16.941129,-89.5247,64104,2017-12-22,Urban
Ready more,43.542399,9.225334,49284,2025-02-11,Forest
Second effort,15.142973,154.686362,88170,2024-03-19,Marine
Prevent hundred,-23.594295,25.008266,98697,2024-07-11,Forest
Allow send,-5.003158,110.767242,64518,2018-12-10,Desert
Sign change,66.898141,-35.536583,23134,2024-12-28,Marine
Glass most,75.787576,148.573746,20526,2020-09-21,Freshwater
Your wish,20.102496,-107.124796,15464,2022-11-09,Wetland
Official rest,31.906471,38.873089,77960,2026-03-21,Urban
Others painting,-41.075258,-177.441967,38274,2026-06-07,Marine
Pull yard,48.308181,-106.816917,79246,2021-11-08,Marine
Individual later,-69.524745,-126.801224,15184,2017-10-14,Tundra
Black ask,-57.914194,-160.504305,16400,2022-10-07,Tundra
Third animal,36.411532,-35.19114,79211,2024-11-17,Grassland
Industry Republican,59.082146,-10.113744,95136,2023-06-19,Tundra
Include PM,-36.924308,-170.768703,31312,2026-06-17,Desert
Quality a,-65.426561,-75.850967,94499,2016-12-23,Tundra
Sure operation,5.0289,159.444973,12831,2024-04-11,Freshwater
At over,84.671647,4.014296,41793,2017-12-29,Urban
Raise white,20.812175,-157.50861,70917,2018-03-17,Grassland
Few than,25.520573,-129.192963,82258,2020-09-28,Desert
Size out,58.349005,13.673757,93407,2018-12-15,Freshwater
Accept crime,59.536741,107.158004,66283,2020-11-06,Forest
Affect medical,21.236888,93.647361,60821,2019-06-29,Forest
Third know,11.627575,-101.552302,29608,2018-04-23,Urban
Save edge,-56.038585,-23.622084,54393,2019-04-27,Forest
Step use,62.470123,-117.162496,462,2024-07-23,Wetland
Involve agreement,-8.532997,-138.386499,76388,2025-10-18,Forest
Occur lawyer,-53.821749,135.093393,24478,2018-12-06,Grassland
Rest like,86.753216,-71.237477,16098,2024-10-22,Marine
Career realize,-6.838016,-98.791544,74524,2025-02-27,Grassland
Positive key,-83.7763,-83.603277,71005,2017-07-07,Urban
Tv case,-31.558588,-50.501843,55668,2018-04-22,Grassland
Rock recognize,-58.62353,-166.199159,87542,2019-05-28,Freshwater
Test similar,77.652547,-16.624735,5139,2024-09-25,Freshwater
Religious continue,-54.189866,-78.631229,3917,2016-08-09,Forest
Official close,53.79684,-4.914081,65396,2020-09-26,Grassland
Administration claim,-41.503428,-47.703752,79590,2017-09-23,Forest
Must church,27.224538,-68.387156,66931,2024-11-22,Forest
Television each,19.384469,44.353259,61856,2021-04-01,Desert
Congress central,66.78129,83.684997,34843,2026-04-26,Desert
Old represent,35.987456,-163.853146,39582,2016-10-02,Grassland
Full stop,83.782656,-16.899622,8887,2019-06-21,Desert
Despite sister,-9.078665,-76.567019,21222,2019-04-24,Grassland
Yourself water,39.632904,118.914866,35151,2024-08-18,Tundra
Range discussion,33.171555,139.077296,95361,2025-11-01,Marine
Weight word,87.940721,122.60366,89782,2024-09-15,Wetland
Subject foreign,8.878152,78.066171,99590,2023-09-21,Wetland
Single five,66.784146,4.127043,52266,2026-01-29,Tundra
Which among,-11.082571,3.247453,49989,2018-03-16,Forest
Perhaps box,3.347806,-15.850937,55105,2017-03-07,Freshwater
Hair tend,-43.551068,29.557593,46256,2022-08-14,Forest
Dog very,-78.94856,92.116258,26870,2024-02-09,Tundra
Drive until,-87.878243,100.2211,9809,2019-01-05,Tundra
Beat loss,0.323698,-39.508938,83279,2020-05-21,Forest
Tough pull,39.766612,-79.545891,72337,2016-11-18,Urban
Lead price,2.668381,-95.482546,79697,2021-10-14,Urban
Stock technology,49.768474,78.069496,99115,2025-08-07,Freshwater
Various model,15.126143,152.814739,37917,2022-02-21,Urban
Kind evening,46.261947,129.287798,44908,2021-09-11,Wetland
Ask certain,-86.435345,58.889404,91904,2019-03-12,Desert
Writer current,31.68749,-74.757314,33662,2016-11-14,Freshwater
After situation,1.247737,-121.955646,12473,2024-06-08,Forest
Write couple,62.502406,127.942686,74708,2016-12-16,Urban
Radio recent,61.478989,28.064294,6598,2020-05-06,Freshwater
Piece face,67.204031,-2.566419,97530,2018-05-11,Marine
Economy choice,-81.672804,-62.284365,62061,2019-08-18,Urban
Himself need,82.329355,77.187525,82502,2025-07-04,Wetland
Suggest future,73.068443,37.87922,90596,2026-06-12,Marine
Off sea,-16.777538,91.625368,90798,2021-01-23,Wetland
Sound claim,-59.917359,-25.75176,82685,2026-06-16,Marine
Election young,-0.320834,-144.458874,97403,2023-02-23,Wetland
Ready drop,-40.424434,162.859569,77549,2026-06-14,Tundra
Provide born,-54.221255,-147.228915,8597,2020-07-16,Wetland
Out central,24.653479,70.901339,34787,2021-05-22,Forest
Present instead,-21.862553,140.778427,97146,2024-06-07,Freshwater
Movie group,67.83371,150.377041,44522,2021-11-14,Grassland
Control arm,-67.265825,122.75596,64561,2019-08-10,Marine
Painting interview,26.498528,32.884186,86933,2022-08-16,Marine
Even perhaps,-42.758898,132.47683,30173,2025-08-16,Forest
Main hot,-62.222637,-151.679688,18118,2022-10-03,Desert
Then receive,10.659168,-43.99019,53134,2017-04-14,Forest
Tree treat,-44.101839,-131.454965,172,2021-10-15,Marine
Subject too,49.072589,166.404031,96951,2018-03-13,Wetland
Heart professional,-65.828777,157.263794,50225,2021-03-08,Tundra
Commercial feeling,21.179947,71.881317,71729,2024-10-29,Desert
Few fine,-80.979882,-97.726903,5482,2021-07-01,Desert
Model relate,-66.367221,-20.110148,90650,2022-08-27,Desert
Worry conference,-27.851853,-162.832485,75372,2025-01-30,Marine
Main law,-40.905344,153.207821,6503,2017-10-06,Forest
How hand,27.515599,-121.589468,36516,2018-08-29,Freshwater
Thank subject,19.840599,38.470506,73565,2017-07-27,Wetland
Practice western,46.022019,-152.2536,2225,2023-11-21,Wetland
Ready stuff,-3.939393,150.133577,85049,2017-05-03,Desert
Foreign upon,24.631713,161.810821,63864,2018-03-10,Marine
Contain media,86.10554,17.977855,14099,2024-05-12,Tundra
Front culture,-22.222366,-55.100506,12711,2020-10-09,Urban
Despite image,-82.131585,64.489561,86111,2023-12-03,Tundra
Sport Mrs,20.23972,142.284245,45705,2017-12-22,Urban
Soldier wait,-45.825293,-109.475631,3986,2016-10-04,Wetland
Visit out,80.510966,15.090283,39216,2022-05-27,Grassland
Better age,-89.912145,-11.838752,14567,2022-01-30,Marine
Follow author,-33.897024,33.472674,52845,2017-07-02,Wetland
South picture,-6.917263,-7.087003,285,2017-09-12,Tundra
Design community,-2.180145,-111.665453,37312,2023-02-12,Desert
Condition about,-79.828393,-139.304234,48142,2022-04-09,Grassland
Also close,-10.57472,161.844052,24371,2020-05-10,Tundra
Lawyer ever,60.549163,93.248824,15603,2022-09-18,Forest
Coach public,75.286191,-79.900948,18395,2021-05-28,Forest
Likely difference,-51.586964,-71.370691,59113,2023-05-20,Freshwater
Eye smile,11.973826,112.364604,94796,2017-09-30,Forest
Letter since,-33.745272,111.053905,34616,2024-09-16,Freshwater
Professional create,70.436046,70.07894,229,2018-04-02,Marine
Top official,25.979469,1.485659,82446,2020-03-06,Marine
Writer phone,64.590795,111.452346,42660,2016-09-14,Forest
Seven herself,60.200098,-142.851037,78225,2018-03-29,Urban
War young,-36.980545,174.546086,55029,2021-08-16,Freshwater
Significant not,44.745622,-14.103415,68165,2018-06-16,Freshwater
Unit exist,32.451086,-156.014528,39560,2024-08-27,Grassland
Defense piece,39.993726,78.315755,16093,2025-12-19,Marine
Gas bring,-31.982268,19.860579,22048,2025-09-17,Desert
Run sound,-14.138603,6.729209,99505,2018-01-25,Freshwater
Build now,77.7798,-114.174737,37336,2019-03-25,Freshwater
Increase any,7.683926,82.850352,91155,2020-08-20,Tundra
Nearly article,23.368444,-76.994864,68938,2025-02-14,Freshwater
Attack list,75.659208,160.157005,64760,2017-10-03,Forest
South need,0.106453,-82.367054,42604,2019-02-25,Forest
Security consumer,-64.968086,-17.829535,43286,2019-03-21,Desert
Soldier season,-82.985117,-100.532918,34494,2019-08-02,Desert
Tree in,57.767977,-49.920108,49022,2025-05-02,Grassland
Court early,9.432714,-39.033817,59165,2023-03-06,Marine
Project short,70.469017,72.768296,20685,2026-01-23,Urban
Start quickly,-73.918717,45.804176,66196,2018-06-27,Forest
Include house,18.473817,-115.294876,31788,2016-08-27,Marine
Hair never,-6.182817,126.748606,56877,2019-05-25,Urban
Ground example,4.99108,85.398516,44962,2024-04-25,Wetland
Character find,16.796638,-89.312368,74055,2022-08-15,Freshwater
Station major,-38.320127,23.192353,78814,2020-05-18,Tundra
Player special,9.182243,-114.249434,71914,2021-03-09,Wetland
History hand,-11.707936,-58.338589,96486,2021-06-04,Wetland
Alone watch,25.229034,131.325178,1825,2022-12-28,Freshwater
Go serve,83.653623,24.343466,88943,2020-07-10,Grassland
Story film,5.009428,-78.903116,18806,2023-02-20,Grassland
Community sign,17.884267,109.199501,12316,2023-11-29,Desert
Like structure,-53.19513,-92.750013,53826,2024-03-22,Marine
Science game,5.484596,-171.215468,77501,2026-02-11,Urban
Color energy,68.455621,100.187111,90101,2025-01-21,Freshwater
He really,-23.729382,10.292136,43325,2023-09-14,Tundra
Could prevent,-74.9252,-51.122117,31232,2017-05-22,Wetland
Your ball,45.015741,-159.102269,74543,2017-06-25,Tundra
Only table,-74.164103,83.789157,29710,2026-07-18,Marine
If table,1.894355,-32.842838,42059,2021-11-30,Tundra
Mr make,62.703625,18.698959,22235,2020-10-18,Urban
Short most,13.819832,54.266095,72238,2022-04-25,Urban
Allow third,-77.994668,-78.684401,33559,2026-04-16,Freshwater
Both lay,-50.26577,-147.934941,83655,2023-02-06,Grassland
Center cost,33.416808,89.991227,65495,2020-10-31,Grassland
Director significant,39.529342,-73.616559,20586,2025-02-06,Urban
Keep painting,88.788717,9.941037,42603,2025-10-31,Desert
Those phone,-52.109618,153.957949,2928,2021-09-18,Desert
Yard per,14.70433,-22.575788,58631,2026-04-09,Urban
Owner trip,-57.590975,-104.176263,47370,2024-01-11,Forest
Science moment,-88.468132,32.059993,244,2026-03-02,Grassland
White walk,6.570764,61.443094,89836,2026-06-15,Grassland
A maintain,-28.453826,-79.902358,57339,2020-04-14,Forest
Person general,-57.855509,39.610413,99159,2019-11-23,Desert
Kind heart,-63.164173,26.726023,5272,2025-05-20,Wetland
Than mouth,-71.658231,-94.663048,94512,2022-07-10,Desert
Discussion ten,10.228997,-5.559422,23437,2022-08-10,Grassland
Kid ahead,6.601071,150.879872,61203,2023-11-09,Urban
Leader resource,22.118074,140.6188,63734,2022-04-28,Desert
American at,12.133585,79.560145,13415,2020-10-20,Freshwater
Protect down,65.931931,107.232313,37951,2018-01-30,Marine
Discussion girl,-81.153808,165.557794,56310,2017-06-27,Desert
Answer play,-22.091549,44.39743,68110,2017-12-05,Marine
Break strong,83.439611,-160.641902,22504,2025-10-08,Urban
In final,33.268097,7.609108,12949,2020-07-17,Tundra
Goal phone,62.788003,117.718488,11652,2019-11-10,Wetland
Lead entire,-44.909731,102.903398,38395,2021-04-10,Marine
Within toward,11.887721,73.532413,32497,2020-10-23,Desert
Could feeling,-30.66698,-154.170978,60026,2021-11-07,Grassland
Paper new,83.044802,28.746353,1299,2023-07-18,Desert
More grow,-9.836874,-94.252401,14057,2021-09-08,Urban
Professional interesting,-73.873666,74.903045,26137,2017-11-13,Desert
Together section,-33.56727,172.36818,53065,2020-02-04,Tundra
Yourself improve,56.769139,144.315755,20237,2017-12-11,Forest
Night respond,-23.400356,-74.210991,19186,2017-02-27,Freshwater
Mention quickly,-57.047306,-13.293397,40751,2019-01-21,Tundra
Head another,25.087618,135.402433,39950,2023-11-07,Freshwater
Just admit,11.153707,138.196077,27702,2025-08-19,Grassland
Today president,3.29372,-136.309809,99405,2019-08-21,Marine
Sea care,88.074806,52.155653,65295,2017-08-17,Forest
Design someone,14.54582,-160.294602,89681,2021-02-06,Desert
Allow challenge,59.261691,156.867823,4604,2021-12-12,Freshwater
Become cold,-62.235764,-65.454962,88238,2025-12-20,Desert
At certain,17.053706,-115.117623,58968,2017-09-26,Freshwater
Edge argue,8.579681,56.233827,62828,2019-06-16,Freshwater
Be reality,38.024843,14.100467,86219,2018-04-15,Wetland
Explain green,38.529824,161.920952,12892,2025-09-14,Tundra
Least event,-9.132196,61.688063,74176,2024-03-01,Desert
Age support,-59.00956,12.350237,80124,2021-02-21,Freshwater
Recognize since,75.221339,-16.344439,1927,2023-06-28,Tundra
Hotel run,81.087033,-121.477046,25606,2023-09-04,Grassland
Question story,-30.125008,-19.050028,11369,2025-07-07,Forest
Effort itself,-81.927941,12.634865,52240,2023-06-11,Wetland
Strategy bar,64.959136,-106.451472,89989,2026-02-13,Urban
Book condition,-13.085226,-168.114408,70518,2018-07-10,Forest
Leader face,13.350482,-39.248824,81891,2020-07-02,Wetland
Answer democratic,35.513715,-52.646432,30887,2023-11-07,Forest
Hot head,-17.378099,175.798142,30695,2025-07-06,Marine
End voice,-66.647493,-146.05401,80302,2020-04-07,Desert
Sing western,-18.659331,-176.257661,7879,2021-10-26,Wetland
Central science,25.358777,110.593202,60875,2025-07-05,Grassland
Professional peace,-27.043803,178.205107,15524,2021-01-05,Freshwater
Agency something,49.236002,-87.826249,84416,2020-10-19,Desert
Economy remain,50.4199,-29.633306,42443,2019-06-16,Marine
Pick full,-8.157,26.785308,96473,2020-11-01,Freshwater
Involve small,11.712176,111.124041,83283,2021-10-15,Freshwater
Enter whatever,14.487498,-128.434263,49299,2019-03-02,Forest
Program staff,28.131471,75.258947,40222,2024-09-17,Grassland
Film first,51.599743,-57.226558,97618,2022-09-12,Tundra
Indeed physical,5.328371,-26.453725,37293,2020-10-06,Forest
Seem wait,-47.221532,139.372915,4159,2021-01-26,Desert
Ok control,-13.66832,161.58515,63344,2024-01-23,Grassland
Democrat play,39.768871,-169.669356,82376,2025-03-28,Desert
Trial sort,8.804219,50.433962,84529,2021-09-18,Grassland
When short,37.242485,68.09343,59000,2022-03-10,Desert
Money trip,-9.992166,-141.362127,53122,2017-11-06,Grassland
Consider during,59.287587,-153.237024,56699,2020-11-24,Forest
Much middle,-86.149987,68.225739,96695,2019-04-06,Forest
Figure edge,33.134532,152.740396,69389,2018-02-16,Urban
According office,-83.00532,-81.418702,20473,2018-03-13,Wetland
Bed practice,-60.39492,121.503874,22047,2018-01-07,Wetland
Month loss,-31.217322,-48.124393,5955,2019-12-04,Wetland
Claim think,-64.936633,-128.082226,64030,2020-06-25,Tundra
Body rock,-51.299068,47.802463,68866,2022-10-30,Marine
Forget car,-9.854899,158.373953,13297,2023-07-02,Tundra
Leader see,-68.717161,154.210321,37629,2017-01-20,Tundra
Within carry,10.871251,95.527657,84993,2026-03-20,Tundra
Power she,1.94156,6.873708,41380,2021-05-19,Tundra
Recently high,-59.247182,178.981314,75315,2016-08-01,Grassland
White sound,65.27811,77.275701,66011,2026-05-01,Wetland
Condition process,-46.0681,-113.772625,48761,2021-01-10,Freshwater
Expert contain,-65.324054,-108.224209,77592,2019-03-16,Desert
Young sometimes,-87.594707,-66.418668,89112,2019-01-17,Freshwater
Specific fine,72.112212,63.302549,61653,2025-11-23,Forest
Factor daughter,-66.907135,162.138458,71011,2025-12-09,Urban
Use water,18.42767,-48.376972,4305,2018-03-10,Grassland
Music rather,35.633468,99.955566,85798,2016-12-04,Tundra
Recognize light,37.993951,-164.406566,64963,2022-09-20,Tundra
Around walk,-23.816552,-123.34534,15327,2021-09-21,Tundra
Financial my,85.923894,-25.914235,17722,2022-05-17,Wetland
Seem color,-68.691666,15.223282,55935,2016-12-20,Wetland
Soldier sell,30.173132,-148.195787,1882,2025-12-29,Forest
Late view,25.036541,-75.516286,46075,2020-09-16,Freshwater
Plan score,-34.344562,-82.263265,4176,2022-07-26,Marine
Billion foot,-15.564774,-96.414166,18946,2021-08-15,Tundra
Democrat well,-1.201937,115.249846,17073,2018-12-31,Wetland
Store billion,22.044108,106.489588,56313,2019-06-04,Urban
Test lawyer,27.958063,103.647335,79956,2019-10-30,Tundra
Capital this,-10.591192,-55.673728,5914,2024-05-26,Urban
Term whom,68.381642,12.951756,35823,2018-08-23,Forest
Just have,38.190614,126.859568,62943,2026-05-11,Forest
Safe alone,-63.450828,-35.242524,85911,2020-07-02,Freshwater
Include whatever,-36.192222,75.689271,110,2021-07-02,Marine
White change,-9.263026,59.773467,6962,2017-12-09,Freshwater
Eye company,24.919308,17.385079,84548,2021-09-11,Grassland
Big difference,63.801567,105.705645,41613,2024-09-21,Marine
Reach picture,-27.439437,52.190945,30900,2016-09-03,Freshwater
Study human,64.022466,128.969965,17162,2022-06-23,Forest
Yard seven,-39.776018,-115.335387,86109,2025-12-22,Marine
Present son,-57.233126,138.926216,8320,2023-02-04,Desert
Big chance,50.14177,78.917422,89592,2022-08-21,Urban
Involve maintain,-13.940281,73.972076,44221,2025-11-30,Marine
Particularly wish,19.379034,-96.76649,44628,2024-01-14,Desert
On computer,63.466107,9.145625,778,2026-01-12,Grassland
Agency none,-33.009644,-131.108793,7389,2018-02-25,Forest
Choose able,89.71349,-38.859876,30083,2026-06-09,Marine
Rise production,-85.28672,-173.682094,53164,2020-05-18,Marine
Weight future,67.873196,-109.718554,28508,2021-09-21,Tundra
Camera travel,-18.791084,-71.681395,38005,2020-09-26,Freshwater
Energy quality,-30.421536,175.582933,45776,2024-02-01,Grassland
Though present,26.643735,-122.619694,39467,2023-07-22,Wetland
Prove son,-88.350213,151.766618,97884,2021-04-18,Urban
Account where,24.869911,18.815502,47107,2023-11-15,Marine
Season out,-76.356724,-79.565815,46116,2016-07-23,Desert
Stay own,74.697065,7.353313,66267,2022-08-14,Desert
Next base,-38.422952,-55.450568,54505,2023-06-07,Freshwater
Step on,70.541582,61.814089,61535,2025-04-06,Forest
End say,39.095582,96.292039,77755,2018-03-28,Tundra
Weight better,-3.891972,103.917887,17276,2022-12-20,Marine
Main situation,-63.290282,141.707432,94659,2020-08-10,Forest
Break cost,31.856363,-34.667259,88904,2020-05-11,Forest
Talk senior,-41.156764,110.796012,9895,2016-09-27,Grassland
First character,-55.494068,64.485624,57784,2021-08-07,Freshwater
Personal none,-62.126641,-153.805948,38893,2017-04-19,Desert
Who save,-29.438052,153.399991,80278,2026-06-01,Tundra
Right budget,-36.400066,66.579578,83293,2023-11-30,Marine
Agency between,-57.825064,152.530832,61090,2024-05-06,Marine
Know guy,-49.171521,133.549611,85935,2019-04-17,Grassland
Economy know,8.022281,-40.749518,12459,2019-03-29,Urban
Though dog,52.500565,-84.86684,4128,2025-08-01,Freshwater
Production responsibility,30.414264,10.515424,98023,2022-08-06,Freshwater
Several drop,35.492749,-43.39953,30658,2021-12-08,Forest
This much,-24.675711,-120.666591,14323,2020-03-30,Wetland
Later into,88.01119,-31.846311,87607,2025-07-24,Grassland
Successful benefit,-23.689025,13.736072,77483,2020-11-17,Urban
Born spend,32.309565,-28.643103,2822,2024-06-10,Wetland
Assume medical,-31.964553,8.081628,27126,2023-07-25,Wetland
Practice recent,-29.83979,93.293041,46757,2025-11-10,Freshwater
If daughter,56.893637,7.762664,27691,2021-10-11,Grassland
Body body,12.304028,-66.258874,10566,2023-12-13,Tundra
Hotel next,-44.7982,-124.018763,80110,2018-03-14,Wetland
Race level,-59.817983,-171.899744,49930,2023-11-28,Freshwater
Today heart,5.997231,-36.172374,17203,2024-06-15,Wetland
Herself authority,-8.812207,-91.969349,56241,2020-05-26,Freshwater
Station Republican,-31.793497,158.800434,1331,2025-04-12,Desert
Admit move,-8.918238,40.262997,58300,2017-02-14,Forest
Husband number,61.34632,38.185867,28882,2021-03-22,Urban
Through themselves,-66.126193,-54.916586,95617,2016-10-02,Urban
Safe result,-46.216344,94.533699,16069,2025-03-30,Grassland
Most process,50.039867,-102.291769,19937,2020-05-13,Wetland
Deep three,74.945062,76.957901,6351,2020-05-09,Tundra
Before name,37.822755,-136.906074,17536,2019-01-15,Marine
High until,-22.964776,138.895434,21811,2024-09-25,Grassland
Successful town,34.465564,-137.416967,87404,2021-04-18,Freshwater
Central group,-76.054578,113.093442,33841,2021-02-22,Freshwater
Type hit,-8.366294,171.596274,62570,2021-01-29,Freshwater
Authority prepare,56.777135,-19.872808,63174,2022-08-22,Tundra
Skill walk,-75.153604,116.284686,44433,2022-05-10,Tundra
Energy poor,57.058775,-60.84352,17692,2022-06-11,Tundra
Memory those,-22.383253,155.304724,43095,2022-06-19,Wetland
Position serious,32.151003,-163.577766,24932,2024-09-12,Freshwater
Response scientist,-25.637927,-102.306151,71920,2021-10-13,Urban
School result,-1.004121,-15.733984,18082,2026-02-11,Desert
Image inside,-38.982258,10.662517,79559,2022-03-05,Tundra
Act for,-0.845323,-70.12235,69507,2023-07-03,Desert
Side produce,4.211007,-163.247578,32786,2017-07-25,Tundra
Response woman,1.088354,-165.958839,18709,2018-06-02,Forest
Anyone water,-43.293229,-120.605257,32399,2023-08-13,Urban
Suggest exist,-39.667909,44.352153,58867,2022-10-05,Wetland
Successful reason,49.078246,8.353809,53885,2016-12-27,Forest
Account discussion,-18.4225,170.086316,3888,2022-08-21,Forest
See crime,-27.562195,59.946653,34471,2016-07-23,Tundra
Serious decision,64.220599,179.128791,66955,2023-06-22,Marine
Growth nature,7.380084,151.814662,9798,2017-08-24,Urban
Sport mean,65.084702,115.005135,8704,2018-03-11,Tundra
Kid strong,-35.709946,26.654638,58795,2019-10-23,Grassland
Good rule,-68.162168,-78.366318,7299,2023-10-04,Wetland
Clearly total,-82.983974,-29.291446,46391,2023-03-19,Freshwater
Billion apply,-83.753743,-45.619016,50228,2025-12-13,Marine
Cup either,-81.24747,3.130994,35685,2022-07-08,Freshwater
Over attorney,26.562301,92.694325,1368,2025-05-25,Freshwater
Year become,19.399595,-69.956184,30584,2022-07-06,Grassland
Safe avoid,-50.221313,-157.340514,73651,2018-02-01,Grassland
Money point,48.996997,-74.377338,57076,2023-09-11,Grassland
When across,50.674015,53.868125,45693,2020-02-16,Urban
Heavy born,-67.745103,119.814355,45419,2025-12-30,Freshwater
Call small,46.136568,143.682592,20711,2020-11-12,Wetland
Process cut,43.093242,-52.2168,70805,2021-12-17,Tundra
Research individual,-34.737993,123.525943,73828,2019-07-24,Tundra
Stand range,76.817123,-17.101352,11799,2017-10-09,Freshwater
Certain dinner,-77.54739,-21.189227,37344,2023-10-24,Tundra
Statement hand,-88.432992,-59.863369,18706,2022-01-05,Urban
Worry hair,-17.43976,-30.151033,61068,2024-11-01,Marine
Perhaps provide,23.209558,53.17494,79974,2022-01-10,Tundra
Record probably,-34.435821,27.16877,81799,2023-01-15,Grassland
Long behind,55.288711,123.925641,71832,2017-08-25,Marine
Sort safe,53.557907,-128.296972,33362,2024-01-26,Tundra
Nearly western,86.986572,122.082948,3759,2024-05-26,Wetland
Approach note,10.675427,152.261414,4968,2025-12-15,Freshwater
Expert letter,61.828213,-112.793121,84113,2025-07-30,Freshwater
Poor baby,46.160489,28.532707,65418,2018-11-20,Marine
Candidate ground,-27.622344,156.787006,80115,2019-02-06,Marine
Build ground,34.567433,-111.478618,21124,2020-08-01,Grassland
Do body,-31.436118,-126.261976,51172,2023-11-06,Urban
Husband three,-22.570474,134.357691,83196,2018-05-13,Freshwater
Bit note,-70.739874,63.166483,8564,2022-10-13,Tundra
Discussion safe,67.733496,-166.966531,45510,2018-02-05,Marine
Its hair,-54.900809,-125.300301,55364,2025-05-15,Freshwater
Word reveal,-28.438881,8.397307,32785,2022-02-19,Freshwater
Know Democrat,78.773751,-36.290862,7152,2022-07-07,Desert
None weight,60.551476,-109.769389,84816,2024-04-26,Forest
Into reason,51.5492,-52.58757,58628,2026-01-14,Tundra
Determine happen,65.627733,-118.662384,16648,2025-06-18,Urban
Movie available,31.748998,172.196938,3615,2023-12-15,Forest
Lot indeed,-24.851648,38.49909,64615,2024-06-14,Freshwater
Anyone agency,-6.634907,133.565931,29169,2025-07-05,Desert
Box stand,64.567709,-17.85498,11750,2019-09-02,Desert
Run plant,17.193213,15.151188,54072,2017-10-11,Tundra
Rock agent,1.508641,109.220078,53465,2023-06-04,Urban
Prevent it,-14.721907,35.717361,38989,2017-11-18,Freshwater
Career week,-57.092571,-87.229627,57839,2023-05-11,Forest
Could middle,-71.206686,-81.738067,94921,2023-04-13,Grassland
People expect,23.655672,-109.650803,3690,2016-07-31,Urban
Expect top,16.554467,-134.651888,27847,2023-12-17,Tundra
Best hand,62.971346,-83.596189,57129,2026-05-13,Wetland
Cut agreement,-22.902251,-30.842787,69387,2021-04-16,Wetland
Begin yes,58.732544,105.329567,65258,2020-11-26,Wetland
Reduce I,-83.943069,-166.501853,57802,2019-01-02,Marine
Through free,24.308319,-94.305245,50603,2019-11-18,Marine
Particularly section,89.169636,127.97503,6076,2020-09-19,Urban
Whose hot,-58.035095,115.684505,1774,2018-08-21,Desert
Daughter process,40.567308,159.309374,97461,2024-05-21,Desert
Speak four,83.256945,49.114621,9500,2022-06-18,Desert
Prove prove,5.333868,-63.599926,18535,2023-12-29,Freshwater
Way big,-37.687926,32.795259,38213,2020-03-26,Wetland
Stand parent,-55.975508,-44.437741,27925,2023-11-03,Wetland
Activity go,30.070895,-126.169256,6108,2024-01-07,Marine
Within safe,-64.083296,-111.162318,99328,2017-03-08,Forest
Including step,-16.476041,14.407301,8302,2021-05-28,Tundra
Yard probably,42.084455,-102.020129,8246,2022-12-10,Forest
Instead soon,-40.294556,131.860714,57417,2018-06-15,Grassland
Detail full,-83.194901,-20.364924,3125,2024-09-23,Grassland
Others moment,47.612876,93.768563,14611,2024-06-25,Wetland
Safe firm,51.783902,-16.773237,65535,2016-07-18,Desert
Where song,84.032342,-95.038234,73517,2026-01-19,Desert
Think itself,61.630654,-35.359825,35721,2018-07-20,Forest
Bag report,-2.980115,46.839387,29342,2017-09-11,Tundra
Artist pull,-6.363757,-128.640788,96847,2019-05-31,Grassland
Ever get,-7.248463,-69.347925,14638,2024-01-12,Marine
Ten scene,38.944802,137.927779,31504,2021-12-02,Grassland
By health,-9.971919,-50.488295,57487,2025-10-16,Forest
Officer listen,-9.387574,34.493861,85292,2022-02-08,Grassland
Here whole,80.542579,-88.238869,11990,2023-01-26,Desert
Too admit,-23.788673,-83.551548,24656,2018-10-12,Forest
Live explain,-24.566123,168.370761,54453,2022-07-02,Urban
Chair notice,73.895895,35.288921,67284,2022-08-06,Wetland
Science once,-5.020531,145.632693,62940,2020-06-27,Forest
After provide,-17.376513,-48.929672,26108,2023-11-14,Urban
Describe top,-75.548008,-144.427136,7047,2026-01-15,Forest
Decision wonder,-6.068522,-81.110221,60013,2022-04-06,Urban
Perform hold,-40.150444,89.37101,48264,2018-04-29,Wetland
Become Mrs,76.996878,-129.147215,55988,2022-02-14,Desert
End serve,-7.03084,10.506195,74074,2016-09-20,Forest
Finish trade,58.79127,39.114451,91128,2018-08-26,Grassland
East great,85.478771,125.743495,88117,2019-03-13,Freshwater
Challenge suggest,-22.385358,-10.06298,23154,2026-01-28,Forest
Need several,-52.442316,40.963451,93432,2021-11-02,Marine
Avoid natural,67.05509,65.250081,97121,2023-07-25,Urban
Blood face,64.816138,2.460923,98098,2020-04-26,Wetland
Development large,1.81489,-100.078816,16377,2019-01-09,Grassland
Western administration,85.98251,-107.196824,52159,2021-06-06,Tundra
Simply employee,38.26643,-126.606367,65399,2026-05-15,Urban
Growth like,8.939597,-124.222316,42100,2018-11-24,Desert
Yes color,-5.779427,-135.194744,81486,2020-09-23,Tundra
Even difference,37.005902,-62.101427,52506,2024-04-15,Marine
Picture central,18.584772,-107.953433,67182,2022-10-18,Desert
Would policy,-38.113243,-151.650318,78490,2018-12-31,Desert
Old there,31.875803,-58.019705,18491,2023-12-14,Urban
Person edge,-88.359502,49.074317,36586,2019-03-05,Tundra
Thought with,49.984259,-1.410364,93599,2026-03-18,Urban
Democrat phone,24.129078,150.405901,20951,2019-06-20,Marine
International their,69.700414,68.287044,58854,2019-10-14,Tundra
What history,29.804698,-156.043958,40906,2020-01-17,Urban
Single war,-58.844457,-113.553436,39390,2024-05-05,Grassland
Water message,23.902486,175.487356,80197,2021-11-25,Tundra
Health along,62.653977,-76.024759,18576,2024-07-05,Marine
Subject home,58.95799,-69.462089,97376,2023-05-10,Desert
Great that,17.487489,-160.908474,278,2022-02-20,Forest
Show produce,-79.645833,-104.12149,75439,2018-03-10,Urban
Big bad,38.00785,-43.782107,57858,2019-04-25,Freshwater
Create country,-72.70806,-172.757786,50950,2022-03-24,Freshwater
Southern I,-10.366257,-14.198183,57357,2022-08-24,Grassland
Tough attack,-48.400125,23.924616,98718,2021-02-24,Wetland
Station we,-38.563952,-2.489171,64520,2022-03-01,Grassland
Dinner her,3.540825,-47.350239,81804,2023-07-24,Marine
Evidence character,-31.056069,131.174819,17823,2023-12-19,Forest
Toward rest,-37.409739,-5.33717,47633,2025-04-22,Urban
Camera deal,63.42291,80.311628,45236,2017-03-24,Urban
Able success,-69.049307,136.057349,53419,2021-11-07,Urban
Economic seat,-83.55577,16.902158,62545,2017-09-12,Forest
Whose style,13.819527,14.569991,39196,2023-02-08,Urban
Dinner month,-81.389503,-135.778761,57799,2024-03-10,Tundra
Beyond perhaps,31.616615,9.906809,33085,2023-03-23,Desert
Will factor,-54.182469,40.669094,91974,2025-04-29,Urban
Position job,28.810096,-151.746371,83141,2026-03-15,Freshwater
Change agency,72.244132,-82.868555,78637,2019-11-24,Tundra
Point former,81.233943,-151.32485,86380,2021-02-13,Tundra
Together involve,-22.074918,177.222688,4664,2025-07-11,Freshwater
Own tax,62.523886,-145.621087,9848,2018-11-06,Urban
Society support,-46.354806,125.308206,84742,2017-05-05,Urban
Tell way,84.401208,-112.308282,52833,2024-12-03,Urban
Share pressure,-32.518258,131.75913,42506,2018-12-31,Desert
Something happy,3.874063,77.914258,177,2017-02-11,Freshwater
Bank peace,-23.246752,-77.927617,13575,2017-05-24,Freshwater
Beyond chair,25.948428,-71.723699,54856,2026-05-27,Freshwater
Southern practice,31.146068,40.512158,11118,2018-06-22,Forest
News Democrat,-29.017995,-157.11582,6837,2021-07-29,Desert
Follow night,89.350284,139.258093,97106,2022-07-11,Freshwater
Girl involve,-64.31222,-166.875525,70065,2017-02-07,Grassland
Current expert,74.557686,14.574016,61539,2019-07-26,Wetland
Conference there,81.479748,16.946561,36894,2022-08-08,Marine
Rock budget,86.652862,171.462812,34476,2025-02-20,Urban
Sure court,-48.655248,-39.660898,29124,2022-03-21,Forest
Inside nation,-79.625506,4.077028,79328,2024-07-06,Marine
Personal president,76.545393,-86.692638,23216,2021-06-12,Urban
Democrat send,47.746066,-64.515431,10190,2021-12-20,Tundra
Chance woman,-2.508077,62.826912,13652,2024-11-30,Marine
Teach difference,63.760855,12.838949,88129,2017-05-31,Grassland
Blue it,54.474079,29.658524,82194,2025-05-10,Desert
Morning may,66.642797,-126.693974,12179,2020-10-19,Grassland
Wear story,42.396374,170.309105,85051,2023-05-17,Urban
Quite recognize,54.120119,65.846155,31239,2016-12-07,Forest
Talk statement,-20.799512,122.363873,16360,2020-03-27,Tundra
Religious fill,27.077349,50.399289,71100,2016-08-01,Wetland
Fast weight,13.69663,-131.424592,42862,2025-12-30,Marine
In toward,33.426924,35.725629,89312,2018-06-14,Freshwater
Never right,-9.45784,12.741983,96441,2026-03-02,Desert
Money reach,61.368945,97.074216,73004,2023-02-14,Urban
Daughter medical,2.888486,-118.793005,1347,2025-06-21,Marine
Stand look,14.42615,149.493622,27984,2017-03-26,Marine
Only concern,-46.158137,150.657176,61429,2022-01-25,Desert
About might,-73.522345,-111.042077,50995,2017-04-29,Desert
White buy,-40.246386,92.101494,32078,2016-08-31,Tundra
Their pattern,-13.760193,119.607007,73202,2024-04-25,Grassland
Program sign,-53.603243,109.928015,44353,2023-08-07,Forest
Candidate notice,-44.760072,6.574565,24088,2021-05-02,Desert
His raise,45.142638,-127.808539,46705,2025-08-03,Forest
Size picture,-45.876265,-77.775656,74670,2025-12-17,Grassland
Visit bed,-79.725882,-96.635653,29592,2025-01-11,Marine
Rich expert,-58.141113,-81.595363,27513,2019-08-02,Forest
Event day,-81.186264,155.945117,83634,2024-01-11,Desert
Line myself,-32.570174,-46.601365,79796,2026-05-07,Freshwater
Data focus,17.317107,-76.643789,31514,2019-12-23,Forest
Structure consider,68.948462,-61.388539,15097,2020-10-17,Tundra
High someone,-11.177903,-75.956386,84524,2019-04-24,Tundra
Accept myself,6.655697,118.508986,26906,2019-09-25,Desert
Rest certain,-74.153736,-77.788784,97833,2017-01-29,Marine
South could,85.058564,22.143417,94251,2023-04-18,Grassland
Computer keep,19.16814,-60.386401,28964,2023-01-14,Desert
Memory time,-77.082185,-112.462072,19820,2016-08-23,Marine
Increase value,76.39114,70.417829,50121,2016-11-01,Grassland
Exactly each,-58.928123,-55.255041,45065,2023-11-04,Urban
Itself nation,-20.718857,10.131493,15235,2023-07-25,Grassland
Food despite,74.812443,-75.432439,65600,2023-07-18,Freshwater
Process international,-82.395393,-28.159525,98746,2017-09-02,Marine
Phone side,53.132342,168.601521,43729,2019-03-23,Desert
Production personal,0.43209,114.090538,45807,2024-12-21,Urban
Approach production,73.915154,-60.265052,56275,2023-12-22,Urban
Right opportunity,-77.709891,-139.883438,81165,2017-05-16,Forest
Upon draw,5.123994,59.09948,8664,2025-04-12,Freshwater
Beyond member,-77.162041,-4.116255,53547,2022-06-24,Desert
Place participant,-58.768051,-163.134949,45713,2020-09-17,Wetland
Treat may,-7.923603,25.10978,99403,2025-07-24,Tundra
Animal few,10.728107,-88.905928,17731,2020-03-27,Freshwater
Hour possible,71.088415,-48.11898,84794,2021-03-25,Desert
Wife require,74.97261,56.92892,26675,2019-12-20,Tundra
Into style,-36.058733,106.768627,88102,2017-11-17,Freshwater
Build spring,-55.218341,-91.489316,75635,2025-07-24,Wetland
Cut make,1.527307,-41.70234,8207,2019-01-26,Tundra
Sell loss,-21.912426,120.50795,3839,2022-03-08,Marine
Garden south,-21.236735,168.300181,98062,2026-05-27,Grassland
Too certain,-10.108485,-121.427133,54278,2023-01-31,Marine
Medical color,73.802176,41.537554,14014,2019-04-13,Wetland
Investment son,1.35659,-63.003136,56291,2017-12-11,Grassland
Nor upon,-89.13671,-84.091776,89324,2023-06-19,Marine
Cover animal,-70.707855,95.648035,8684,2020-05-12,Freshwater
Next even,-34.287467,-23.03572,4584,2022-07-08,Urban
Role doctor,-48.206131,-85.229355,34606,2025-01-11,Desert
Garden girl,71.863998,-114.481024,9436,2023-09-23,Tundra
Leg technology,-28.28842,-122.567622,81697,2026-05-02,Wetland
Too size,38.199617,154.509433,41454,2025-05-02,Desert
Simply hit,67.431606,-35.711653,28979,2020-06-06,Urban
Onto discover,-2.240695,74.549225,8216,2017-11-22,Wetland
Business southern,22.647768,-153.417945,68497,2018-08-06,Forest
Why item,-56.90306,-27.118422,98938,2023-12-10,Wetland
Sister move,87.479808,63.94119,90314,2023-05-07,Desert
Item part,-23.44665,-146.601614,42303,2021-07-14,Wetland
Side month,-10.187991,-152.745547,17589,2017-03-18,Marine
Speak with,89.595731,-153.108814,31206,2024-06-22,Tundra
Phone sing,-26.025439,-98.406877,95212,2020-08-17,Tundra
Gas upon,18.437657,77.249686,96043,2024-06-23,Tundra
Remember image,-28.386705,52.072209,3483,2026-07-14,Forest
Chance mother,9.239958,58.587355,43280,2023-02-11,Desert
Remain civil,-11.759305,29.134853,21598,2019-05-06,Marine
Strategy rock,23.317149,10.358414,53440,2025-11-30,Forest
Positive yeah,-4.446853,-166.798772,59249,2017-06-18,Marine
Seem nature,58.625987,99.894724,88600,2018-01-22,Desert
Water pattern,43.073262,-62.711103,93265,2018-12-19,Wetland
Build choice,-72.150032,-71.057564,54523,2021-09-16,Marine
Law agree,55.846723,-106.924686,55604,2019-03-10,Freshwater
Scene foot,63.641062,173.844949,99174,2025-12-10,Urban
Another force,41.221363,-156.77724,84902,2018-05-16,Urban
Huge far,8.243167,-101.423679,52757,2018-12-06,Wetland
Suggest property,-52.954097,-147.117553,72296,2021-12-09,Wetland
There push,-38.225476,-5.293935,86167,2026-04-10,Desert
Budget throughout,-55.205428,-115.29396,31075,2021-06-15,Freshwater
Concern end,-71.160726,112.523577,24603,2024-11-08,Desert
Matter note,-2.835137,168.852156,67899,2018-11-11,Marine
Piece power,20.606232,-61.839377,57577,2017-12-01,Urban
Maintain kitchen,-49.455627,-136.440121,53790,2023-03-05,Freshwater
Find trip,58.89142,-66.571667,94776,2020-04-26,Grassland
Notice suggest,87.31624,-61.619057,69708,2016-09-23,Tundra
End return,27.680936,-173.210209,56645,2020-03-09,Freshwater
Truth social,56.640456,-107.073406,63511,2023-09-25,Grassland
Road face,-83.710069,151.889055,69294,2018-01-23,Desert
Remember teach,-10.216854,138.69335,53788,2024-11-05,Desert
Maybe draw,-46.971672,31.559031,20709,2019-02-10,Desert
Event red,-65.566348,-21.956047,31729,2021-05-23,Forest
Memory somebody,-51.911901,-92.666844,24943,2019-10-19,Desert
Heavy herself,84.731472,153.304935,16892,2022-06-23,Urban
Happen join,-64.247515,-34.295172,22536,2017-10-09,Grassland
Also toward,83.221221,-115.282977,93658,2019-10-25,Desert
Special writer,71.406796,-10.4622,34774,2016-10-25,Marine
Happen guy,66.050423,24.27387,76195,2019-07-18,Wetland
Couple notice,51.588902,85.291768,78945,2024-02-17,Freshwater
Important voice,30.683439,-22.795642,63148,2026-04-28,Marine
Agency partner,66.74388,-79.605283,74133,2017-11-15,Forest
Across figure,61.883133,46.550723,8638,2019-03-03,Tundra
Partner share,-57.465679,45.081361,35424,2025-04-15,Tundra
Paper news,64.684611,-175.736955,13618,2022-10-02,Grassland
Left simply,-71.451231,42.708033,86358,2017-07-25,Wetland
Not probably,-49.595137,82.493438,37466,2019-08-23,Forest
Worry degree,6.078134,112.363615,20413,2019-03-17,Desert
Add reality,-0.906277,-100.41806,30671,2017-01-01,Desert
Staff hospital,13.341894,-151.113634,35847,2018-05-04,Forest
Measure their,-9.291162,-130.317755,43411,2019-05-25,Wetland
Decade here,7.624384,-67.732965,75646,2023-07-15,Wetland
Seek while,35.879072,-9.201984,69256,2021-06-06,Forest
Level floor,89.197404,29.814104,37244,2018-03-17,Tundra
College fact,86.925652,105.137666,11498,2021-05-09,Urban
Consider feeling,38.592169,-23.308165,40654,2021-07-01,Urban
Possible boy,-72.250155,179.375672,10166,2022-11-02,Grassland
Family nature,17.405874,-88.404147,13717,2018-08-27,Urban
Subject enjoy,-52.089602,-142.636926,92182,2017-06-19,Grassland
Heart capital,-69.658077,24.328982,89024,2023-05-31,Urban
Mr argue,63.478584,145.783425,82636,2022-02-03,Marine
Dog school,-30.778184,176.915691,63140,2025-10-03,Wetland
Test friend,-88.820748,-54.365273,29103,2022-08-14,Desert
Consumer issue,78.283702,2.523368,93959,2020-01-21,Desert
Beyond six,-66.305492,-123.12563,68920,2022-07-16,Forest
Skill public,0.676337,50.646055,82563,2017-04-08,Desert
Long response,78.496682,105.40814,18298,2022-12-28,Wetland
Guess total,85.165389,-37.928986,41103,2021-10-22,Tundra
Else some,-22.37375,78.643299,80015,2019-09-19,Marine
Than although,52.383947,-140.931766,4185,2024-07-26,Freshwater
Movement student,-32.27846,108.045532,62760,2017-12-24,Grassland
Final cell,-88.918678,-24.078331,95863,2018-11-16,Marine
Language stop,-27.446481,3.149936,12627,2019-10-02,Wetland
Themselves agreement,77.609115,-75.147783,35911,2018-11-11,Urban
Answer feel,76.068229,95.945626,22866,2016-12-31,Desert
Interesting list,-35.584565,72.941945,6327,2020-06-06,Freshwater
Blood without,-82.844727,164.263541,43262,2016-10-27,Forest
Walk college,62.396549,168.68109,40898,2019-06-20,Freshwater
Culture service,-83.593711,-35.222096,82532,2025-03-29,Wetland
Skin black,-47.634621,6.091011,85962,2017-05-02,Wetland
Rather free,14.456545,60.13311,23268,2021-10-22,Tundra
Add quickly,16.20693,21.225734,76052,2019-01-13,Marine
American heart,70.715633,-160.827111,44911,2018-02-23,Grassland
After voice,-5.174381,32.066036,78475,2025-06-18,Marine
Dog sell,47.803622,-108.563969,26625,2018-01-11,Urban
Instead day,68.02813,142.044149,61059,2022-02-03,Desert
Across of,88.094852,-111.433639,51253,2021-09-22,Wetland
Boy concern,-84.266195,-30.593743,12888,2018-02-23,Tundra
Really prepare,3.84468,-101.980898,10920,2023-11-23,Wetland
Until suddenly,87.910605,118.607561,22129,2021-11-15,Marine
Carry lay,-36.734583,-167.916656,88648,2021-06-15,Freshwater
Type couple,26.612916,67.015635,67864,2023-07-13,Desert
Whole almost,-18.313227,29.58501,89213,2019-03-02,Desert
Represent hair,-15.920463,48.214244,16889,2019-12-27,Urban
Road teacher,-23.869846,159.881594,51297,2019-06-07,Desert
Laugh year,57.509814,-36.183267,62081,2024-06-13,Wetland
Theory program,83.906764,-32.075634,42647,2026-04-18,Urban
Employee here,73.446499,118.619506,48611,2021-07-10,Wetland
Answer star,-54.912451,-156.842893,59763,2020-10-10,Desert
Owner situation,-23.658802,1.040871,76932,2017-04-24,Wetland
Land report,-62.043447,-79.138404,15765,2018-08-03,Freshwater
Friend include,6.60261,-100.089016,30120,2017-12-09,Freshwater
Wife learn,80.992884,-23.785353,89066,2017-03-18,Marine
Page away,-56.086957,-168.071795,49870,2019-02-13,Grassland
Decision Democrat,-52.668817,162.051231,32476,2020-07-26,Desert
Despite part,-75.417923,-166.757721,90292,2022-11-19,Wetland
Point hair,6.197892,-21.776571,76450,2017-07-23,Desert
Pressure hospital,-35.528409,69.510175,10293,2019-08-02,Tundra
Board involve,-76.687264,-128.021211,99903,2017-12-08,Marine
Young sport,-12.86565,25.264567,32602,2018-01-15,Tundra
Radio exist,72.229951,-142.988869,75507,2024-10-14,Urban
Stage professor,-79.182808,16.836205,98238,2019-02-06,Desert
Lawyer special,-18.685719,61.049205,2719,2023-06-04,Marine
Fast his,78.93607,4.953226,63761,2023-02-17,Desert
Camera analysis,-59.428479,-22.127726,28805,2023-04-20,Tundra
Small skill,43.766942,97.594112,51039,2021-04-21,Wetland
Degree attorney,-68.104928,169.415502,57730,2024-10-10,Grassland
Thought draw,-29.093803,-63.399,75987,2017-11-07,Marine
Admit as,-10.267131,-68.252973,87387,2024-06-26,Wetland
Half operation,-25.238606,115.877618,86351,2021-12-22,Urban
Teach gas,36.487717,-125.734597,21990,2025-05-27,Marine
Yet already,-33.93519,11.873369,39977,2023-01-09,Wetland
Him exactly,22.344952,-23.939815,47376,2024-05-08,Forest
Treatment on,33.729519,-41.103721,43239,2017-09-19,Tundra
Hear plan,27.500199,-26.900254,79699,2023-04-07,Urban
Eight glass,-27.544813,173.127147,27350,2017-12-05,Grassland
Language young,26.23345,1.931539,78575,2025-05-10,Grassland
Raise fast,-84.412409,-11.998369,62766,2024-07-03,Grassland
Key product,29.626579,163.659466,37204,2018-07-25,Grassland
True recognize,-17.366628,89.553,43876,2017-05-31,Urban
Dog risk,77.998759,-64.402682,33561,2023-07-24,Urban
Factor stock,24.95237,75.588563,77098,2026-05-28,Freshwater
Sing serve,70.945608,-117.38003,73367,2019-02-15,Grassland
Write let,15.493352,-46.492375,98651,2026-03-04,Urban
Them herself,-65.737325,13.061095,32794,2020-01-06,Desert
Hair operation,-64.135298,76.265954,75776,2020-03-23,Marine
Yard country,-3.942997,104.671657,47545,2018-03-12,Desert
Will cultural,16.423926,158.027575,52241,2026-05-22,Marine
Understand support,-58.383856,70.802874,50645,2020-04-16,Marine
Campaign measure,74.078497,-48.127333,70056,2021-04-17,Freshwater
Add wrong,-28.667474,-142.698612,46535,2025-06-14,Grassland
Bed change,-30.542624,160.303642,34833,2022-05-19,Freshwater
For house,-80.72289,-74.877822,85694,2021-05-08,Urban
Great keep,-8.775479,13.849714,61388,2025-01-13,Grassland
Sign medical,23.716721,21.722441,49110,2019-05-01,Wetland
Shoulder look,-4.652307,-81.957102,94475,2021-07-27,Freshwater
Every develop,-81.375486,45.44444,28201,2024-03-09,Urban
Majority call,-5.105807,160.899016,25505,2018-06-03,Urban
Tend response,58.277619,100.790157,76201,2016-09-13,Urban
Opportunity more,63.640406,97.302119,95495,2016-12-01,Forest
Notice follow,-30.432931,168.042363,40117,2017-01-08,Marine
Same friend,19.906663,47.577363,913,2024-11-26,Wetland
President good,8.345692,113.361291,72824,2021-10-03,Forest
Minute newspaper,-22.486097,-167.518698,76849,2025-05-23,Urban
Their protect,-65.961771,-176.467674,57264,2018-10-29,Wetland
Very east,-13.943389,11.014664,56148,2021-02-20,Tundra
Series little,-71.561992,135.478471,90234,2023-09-17,Urban
Technology radio,-34.258911,-5.938027,30399,2022-01-05,Forest
Either save,-27.981323,-58.073421,58308,2017-04-06,Wetland
Get act,-52.116391,92.087714,8854,2019-08-08,Grassland
Truth around,-55.064046,-50.15545,76664,2026-01-11,Desert
Someone debate,-36.725271,-135.217014,74613,2019-06-18,Urban
Approach wife,-79.301016,-35.870173,6550,2018-07-05,Tundra
Blue subject,-83.03095,132.393597,21674,2017-09-12,Wetland
Alone husband,70.805937,112.161746,69749,2021-07-10,Desert
Condition since,-27.590513,-38.371978,88410,2020-04-03,Marine
Thank heart,78.117149,45.566453,68754,2023-12-13,Desert
Material behind,-34.060374,-80.017456,7251,2023-06-25,Marine
Challenge fast,-20.248992,-16.090473,63740,2019-06-11,Urban
Loss happen,-2.769642,29.951554,82623,2024-09-18,Forest
Visit maybe,-13.241276,-132.243278,92015,2018-09-16,Desert
Open skill,-82.334908,-171.143476,25413,2019-02-23,Tundra
Authority you,17.417083,136.649774,76444,2022-12-03,Wetland
Identify because,-51.013856,-29.715717,77853,2017-04-23,Wetland
Color simple,-18.175633,172.07729,63681,2019-12-08,Urban
Hard even,-9.758665,13.459825,19666,2026-01-25,Wetland
Generation lose,-25.370092,-71.575025,85350,2021-08-07,Tundra
Newspaper model,-42.72569,135.964806,4631,2018-01-22,Marine
Step current,-84.24781,-66.022991,41981,2021-11-24,Marine
Air operation,64.216502,-65.571187,68409,2020-12-28,Desert
Argue major,-79.039644,159.036219,75403,2024-10-25,Forest
Bed could,36.125152,44.320879,85254,2021-11-28,Grassland
Perhaps now,-67.41246,-179.191978,42679,2025-07-10,Grassland
Hard center,-5.602541,100.377611,76947,2017-10-11,Wetland
Full whatever,22.064998,91.483138,12913,2019-04-06,Grassland
Education ability,-33.460469,75.476094,32019,2024-12-28,Wetland
Upon woman,-47.911758,93.847638,90510,2025-08-14,Desert
Six tough,-88.70825,134.415376,10286,2019-08-19,Urban
Use usually,75.943143,-84.024795,53671,2018-09-20,Forest
Information she,-9.407361,-152.60272,86261,2023-11-15,Grassland
Among dream,-34.709108,30.199487,65935,2016-08-07,Tundra
Current station,22.972639,5.667067,97980,2024-06-28,Wetland
Economic hand,-33.600446,173.224164,47259,2022-06-03,Forest
Rise spring,-38.961389,66.560353,78675,2020-03-13,Forest
Face fight,-69.509425,-154.455761,11843,2020-09-16,Freshwater
Across government,-40.445628,40.634365,7138,2017-04-09,Wetland
Indeed senior,45.35638,-157.338168,8743,2023-05-07,Freshwater
Expert marriage,45.100613,143.93951,90644,2025-02-24,Marine
Interest chair,-87.547943,41.412494,54865,2017-09-19,Marine
Blood area,-33.715386,165.158534,1586,2022-11-05,Marine
Citizen deal,40.701629,151.258166,97724,2025-04-28,Freshwater
Amount economic,-9.668138,45.840356,20614,2022-12-12,Grassland
Effort deal,78.549475,-119.957504,34879,2022-01-13,Wetland
College area,52.042294,-2.729378,7187,2019-07-27,Freshwater
Interest truth,-61.582923,156.131624,1661,2019-06-09,Urban
Past their,24.476259,-78.855248,90756,2023-04-16,Wetland
If toward,28.778633,-164.029609,39879,2020-02-08,Forest
Finally leader,75.903909,-95.18193,11744,2018-02-06,Forest
Give analysis,38.857125,53.391095,30895,2020-08-20,Marine
Thank theory,50.435808,-65.881275,76638,2023-11-23,Grassland
Network front,-73.043422,-123.857479,7570,2020-07-20,Tundra
Spring their,-35.088322,173.568276,55473,2025-11-26,Forest
Individual itself,-68.233962,126.925693,40469,2019-11-29,Urban
Full husband,-48.233449,11.836187,49802,2017-07-24,Forest
Generation factor,-86.384984,33.659486,397,2025-12-30,Urban
Watch job,34.39275,115.602142,55037,2016-09-08,Tundra
Season according,21.516867,93.162897,12526,2016-11-10,Freshwater
Form than,-65.995603,-32.875305,860,2022-08-09,Wetland
Education keep,-13.765305,-153.111961,29936,2024-10-31,Forest
Marriage baby,6.669633,-49.524523,95594,2024-12-07,Freshwater
Kind real,73.603647,-76.8822,4996,2026-02-27,Tundra
Stock large,46.614753,-4.676882,87100,2018-01-25,Tundra
Religious evening,43.87706,44.894644,76111,2026-03-18,Tundra
Single support,15.000429,-5.40606,79272,2017-08-17,Desert
Half myself,-54.879874,111.247173,84119,2024-12-15,Grassland
Direction modern,83.397456,39.971499,1291,2018-04-06,Desert
Reveal which,-45.270728,64.78523,39425,2020-11-28,Freshwater
Go practice,88.914734,-67.003001,89294,2017-09-01,Forest
Everything agreement,-58.617096,74.998768,64388,2016-09-28,Wetland
Player pretty,-35.268695,52.245814,39960,2019-07-19,Wetland
Operation decade,26.310507,-58.769496,17812,2023-12-21,Urban
Machine teach,-53.712812,-40.754903,68883,2022-10-03,Marine
Trip top,38.307404,-151.330612,61157,2017-07-01,Marine
Late mention,41.282357,142.388668,33874,2020-02-09,Desert
Bag voice,0.9327,-168.217214,61823,2017-09-15,Urban
Yeah yourself,-68.503309,154.410865,14683,2023-04-14,Desert
Site general,47.259132,-36.863719,30467,2024-02-03,Urban
Compare which,-76.743386,165.449256,21710,2024-04-02,Grassland
Break special,-11.277593,119.497601,21990,2022-05-16,Grassland
Arm long,73.892325,44.358856,96807,2018-08-03,Freshwater
Camera according,16.282442,62.130631,70878,2019-05-16,Grassland
Type if,59.233435,153.723403,78718,2017-09-16,Wetland
Field economy,-44.67616,-107.85203,52616,2021-04-12,Grassland
Here color,47.302155,-132.261345,99134,2020-10-30,Forest
Arrive front,-57.253377,109.481889,42410,2019-12-22,Wetland
Image improve,2.416128,-120.851071,24910,2022-06-18,Forest
Important social,-34.177391,20.283435,80006,2021-03-29,Wetland
Two make,0.706891,176.958205,94277,2023-02-15,Forest
Health type,-62.143828,-94.996123,31303,2022-11-20,Forest
Send take,-53.084576,105.89861,54874,2019-02-20,Urban
Vote front,73.708958,-21.353507,5412,2018-02-14,Desert
Structure live,-62.845961,-147.954998,7010,2024-06-21,Forest
Method project,34.489298,-17.098072,26192,2021-06-11,Marine
Change main,56.326906,144.926026,76354,2024-07-02,Desert
Admit building,62.930953,-170.744308,66579,2024-04-21,Forest
Speech policy,35.336574,-104.807253,86654,2019-02-24,Forest
Affect large,52.17637,117.38325,31266,2021-07-25,Urban
Poor trip,-24.631276,133.954144,70842,2017-02-21,Desert
Simply must,29.635419,102.980077,56628,2018-03-24,Forest
Fund understand,-23.689646,139.457884,26535,2019-08-17,Wetland
Level story,70.688855,94.422585,53901,2025-01-07,Urban
Focus question,88.105842,-16.183294,75121,2017-04-30,Wetland
Throw of,-63.446102,87.861642,92899,2021-04-06,Desert
Professional check,19.587576,-93.121318,78464,2021-12-03,Desert
Bit money,-46.224484,-157.806714,49830,2019-06-13,Urban
Rate power,-67.604835,102.872008,91555,2018-05-03,Marine
Nation may,85.990089,164.9461,15612,2024-03-24,Tundra
Box trial,59.832691,88.723119,61613,2022-01-16,Grassland
Well little,60.161703,67.469364,41757,2026-01-21,Marine
Image move,-70.817964,-177.913769,43221,2026-01-16,Wetland
Rise policy,47.382819,-175.273181,78126,2019-10-26,Urban
Play under,6.447813,-144.881857,64934,2025-10-29,Forest
Throw guy,21.030385,134.487702,46074,2022-08-24,Wetland
Project pressure,-32.621988,-109.396354,84613,2026-03-05,Wetland
Assume feel,20.065141,-87.836176,64309,2017-04-11,Forest
Name federal,-46.944092,1.822947,44199,2023-06-09,Tundra
Hotel model,-1.643688,-44.057396,99921,2020-06-18,Urban
Computer break,-34.932676,140.040526,15107,2018-05-15,Desert
Research imagine,-19.932016,-14.792729,92524,2021-07-23,Forest
Responsibility claim,25.124606,9.026055,30152,2021-04-03,Marine
Everyone clearly,-54.392368,-119.971911,55406,2021-05-08,Freshwater
Focus official,52.465678,135.625072,91141,2021-09-12,Marine
Mind war,29.062081,22.778527,43909,2017-07-26,Grassland
Way role,3.611502,-50.17546,2375,2021-01-08,Wetland
Book TV,79.740268,85.148398,2972,2022-09-04,Tundra
Contain artist,-69.79044,37.625178,94663,2017-03-13,Freshwater
Such soldier,14.782131,94.723346,28134,2016-11-10,Desert
Research who,-71.168678,177.429367,93944,2019-05-24,Desert
Network ok,79.463025,-170.932696,9824,2020-03-20,Tundra
According fight,55.85966,-40.888525,64096,2025-07-26,Tundra
Cut tell,6.353472,18.498025,83610,2024-06-05,Freshwater
Information black,-74.2263,3.915266,78652,2020-03-15,Wetland
Market walk,-9.13267,-88.906295,93366,2025-12-06,Marine
Market save,-82.83729,105.240357,25452,2017-09-22,Desert
House good,-59.826935,41.874399,89463,2017-10-04,Wetland
Move treatment,54.567297,-58.907421,61144,2026-04-29,Marine
Lay produce,-56.836218,14.743669,23010,2022-02-02,Urban
Threat develop,30.777166,-142.074656,4463,2020-02-18,Grassland
Garden lawyer,64.980048,13.204743,78748,2020-07-27,Wetland
Society hot,-79.937775,-97.923624,31776,2025-06-15,Forest
Month red,18.032389,59.002026,61690,2024-02-12,Desert
Treatment cut,76.235394,88.221477,55775,2020-04-16,Marine
Seat product,25.767514,21.691327,7773,2019-11-17,Marine
Mean management,25.614472,-76.461349,37849,2018-06-03,Forest
Put authority,64.44261,121.404861,28814,2024-04-02,Forest
Cost four,87.2366,-47.962745,81552,2024-12-07,Urban
Kitchen material,-65.807074,-136.753527,30237,2018-06-09,Urban
Audience middle,44.668512,174.044144,81861,2022-08-27,Freshwater
Really that,-82.715959,116.830265,1289,2022-10-13,Freshwater
Both safe,-14.354385,-66.840013,67210,2026-05-26,Desert
Service wish,59.112532,13.352406,67797,2020-12-28,Marine
Study surface,-5.390161,-177.184208,99624,2020-01-22,Grassland
Per edge,58.186136,-83.267988,49639,2026-03-25,Urban
Remain black,40.668527,35.97477,85766,2018-07-24,Grassland
Him himself,14.147158,-45.362217,74284,2022-10-26,Marine
Out speech,-39.552957,149.322284,36735,2021-08-31,Desert
Three keep,-82.121377,132.901758,71453,2023-07-19,Wetland
Quality great,-0.232007,127.231362,33314,2016-10-14,Grassland
Method environment,-35.557093,-174.893854,44635,2026-06-02,Tundra
Manage under,-40.223485,131.26609,59940,2020-08-21,Urban
Story tax,72.594076,174.305987,62313,2018-01-10,Desert
Degree water,56.330314,176.518496,16016,2019-08-15,Tundra
Begin information,50.624122,126.337964,2542,2022-11-21,Urban
Radio several,-17.644646,72.272071,75433,2023-12-12,Forest
Health second,79.094106,47.335555,49162,2017-08-18,Tundra
Family natural,83.225367,-56.316059,478,2019-10-29,Freshwater
Senior cost,-40.023482,-13.739378,25747,2021-07-13,Desert
Gas growth,47.311708,105.908663,95387,2020-08-19,Marine
Rest marriage,7.084159,4.70312,12620,2017-04-18,Forest
Word contain,33.590682,-118.092621,46216,2017-07-11,Wetland
Yet within,-80.158309,25.675134,70897,2024-11-01,Marine
White life,53.305576,110.223943,55202,2020-06-28,Urban
Former everybody,40.10294,-4.903405,55163,2016-11-07,Tundra
Indicate hear,-73.932348,5.323213,30383,2019-03-29,Wetland
Fish around,20.621946,42.125017,36769,2021-03-22,Marine
Truth find,-31.400901,64.55659,13915,2017-02-17,Grassland
Party east,15.077992,12.822189,58174,2018-08-20,Grassland
During issue,81.868739,-104.369814,62641,2024-12-18,Freshwater
Difference leg,10.492227,50.744974,1202,2018-07-27,Marine
She little,16.700223,-53.85264,22657,2019-08-18,Marine
Stock available,63.051357,132.273229,5154,2020-07-02,Forest
Management past,-26.878182,-65.356602,2082,2022-08-14,Freshwater
Beat give,38.204553,72.688065,61925,2023-03-23,Wetland
Choose worry,-24.350503,48.992255,60096,2020-04-04,Wetland
Particularly serious,47.589435,-11.009409,13059,2021-08-19,Forest
Day month,16.207101,-4.084492,27100,2021-10-12,Marine
Material daughter,47.566241,88.469231,90953,2021-02-04,Marine
Now reveal,56.230486,-87.124123,65850,2024-10-27,Urban
Responsibility make,48.052897,-31.267265,80269,2025-03-08,Tundra
Analysis several,80.101572,77.430188,78034,2018-10-18,Grassland
They maybe,-77.613397,99.987537,26817,2016-09-11,Forest
Community agent,-54.13365,119.369946,85520,2018-12-07,Urban
Ago poor,-69.769866,26.996432,11189,2017-07-18,Forest
Law too,-41.465519,14.900863,48629,2018-07-17,Desert
Growth network,28.69279,161.775797,79844,2017-04-21,Freshwater
Despite mention,-6.475733,-136.442238,78812,2020-03-25,Urban
Begin respond,-13.816278,77.707377,95234,2018-01-29,Forest
Quickly sister,-37.112811,55.93908,23179,2025-01-23,Tundra
Off media,79.21541,-132.351437,57347,2020-07-20,Freshwater
Over bring,55.047033,112.82542,68592,2025-07-06,Tundra
Cover born,-37.340302,-4.547812,44127,2024-02-11,Marine
Phone something,-26.075685,-67.72337,78333,2023-03-18,Tundra
Health sister,-29.038283,84.852251,4049,2018-05-31,Forest
Might explain,-82.130044,128.616633,56482,2023-02-26,Grassland
Animal mission,-42.352322,96.156661,72618,2016-12-13,Tundra
Trip among,-44.955407,-36.216843,52244,2017-02-21,Grassland
Strong five,-58.903058,-101.119838,12209,2026-05-01,Marine
It around,57.069019,-38.505877,99303,2023-06-21,Freshwater
Part receive,64.459497,-146.218026,5748,2025-03-29,Desert
Financial wait,81.729127,-62.807279,35672,2021-01-19,Marine
Growth begin,-43.554202,-82.945923,96179,2022-04-02,Desert
She contain,-51.440696,2.011019,94049,2026-04-14,Grassland
Those like,71.74488,57.58163,36676,2024-11-05,Urban
Health lot,-28.514838,-49.177127,24216,2022-06-09,Tundra
Reduce onto,14.643359,173.272767,42012,2024-02-23,Tundra
Class main,-79.217302,-25.228005,8538,2025-09-09,Forest
Food possible,73.948216,-144.057892,78169,2020-10-21,Urban
Leg space,63.399195,157.758425,4961,2023-03-05,Desert
Yeah character,-67.343046,72.017353,15223,2021-10-28,Tundra
Hour executive,-45.359063,-175.434572,27308,2021-02-12,Forest
Simply know,-46.949199,74.106067,46472,2018-06-01,Marine
Mean office,61.939385,-177.021573,4485,2022-09-04,Grassland
Budget threat,69.261738,64.520658,82934,2019-01-07,Wetland
President data,-31.786256,64.807787,81367,2025-06-16,Urban
They win,75.104615,-95.425267,75844,2017-06-24,Desert
Yes which,65.819803,164.482608,96131,2026-01-15,Urban
Prevent seem,-52.022066,1.660021,12327,2021-08-20,Forest
Either which,44.430197,175.668934,54085,2018-02-19,Wetland
Certainly car,-39.03845,174.285081,6952,2025-11-08,Tundra
Range space,-11.490193,144.115995,83279,2024-04-22,Forest
Check tough,-34.337755,114.405858,61310,2026-06-17,Wetland
Require somebody,-41.89293,-55.775346,45665,2023-09-12,Grassland
Instead from,-19.922794,74.734323,38443,2019-05-03,Desert
Modern name,34.84911,-50.607039,98229,2025-10-21,Marine
Improve doctor,-75.950416,-164.838072,58108,2021-08-28,Urban
Simply responsibility,83.866933,73.091285,40509,2021-08-14,Marine
Cost finally,-10.691528,34.735858,72274,2024-07-01,Marine
According why,55.727902,-10.233853,53872,2017-07-03,Marine
Business news,-69.647164,-145.887083,11327,2021-10-29,Marine
Behavior Congress,87.124252,49.58941,74544,2017-08-02,Desert
Describe bill,-49.90421,23.768677,34699,2025-10-11,Grassland
Can then,-16.255542,166.679989,53269,2025-02-09,Grassland
Record will,-55.759387,72.319954,29761,2016-11-18,Desert
Bad store,55.440989,153.155069,68556,2020-01-16,Urban
Surface program,25.698497,-173.248367,65820,2018-02-15,Forest
Cause certainly,79.280507,162.37897,73721,2023-09-26,Tundra
That consumer,-79.645,4.744834,95031,2023-03-21,Wetland
Hard idea,19.540829,-160.87172,82501,2022-04-18,Desert
Career market,15.882397,-89.648004,36437,2017-12-19,Freshwater
Candidate character,-76.611265,84.199817,39131,2024-02-10,Forest
Provide we,-83.991109,-53.792936,75850,2017-02-01,Urban
Mouth name,-36.712002,-79.382664,45270,2018-02-06,Freshwater
Dinner anything,-21.246166,36.577402,94979,2019-09-20,Marine
Professor compare,-75.175512,-125.201384,31154,2022-09-25,Urban
Player environment,34.995934,42.634096,99570,2021-03-02,Wetland
High any,12.400704,-139.851775,59499,2021-06-17,Grassland
Speak decide,79.252239,-15.858877,69023,2026-05-10,Grassland
Close bar,-24.536422,7.805647,43584,2024-07-05,Tundra
More type,41.419287,78.68394,34019,2022-06-25,Tundra
Future agree,-73.227347,14.950381,73659,2017-11-05,Freshwater
Involve large,-70.65598,68.394077,7053,2019-07-23,Urban
Add situation,7.847631,-21.63641,49497,2017-06-09,Urban
Tonight head,9.076635,-174.690357,29950,2026-07-16,Desert
Federal nor,-39.481138,-139.696089,76188,2022-05-21,Wetland
Pay campaign,88.45277,89.538053,10777,2025-11-17,Marine
Ask never,44.391293,-36.69217,49142,2026-06-09,Grassland
Create range,-77.754778,37.44238,58241,2024-12-29,Wetland
Chance able,79.879487,144.923859,91550,2021-09-11,Grassland
Serve score,46.144303,-89.395025,13178,2023-02-28,Desert
Blood list,-68.003577,112.65911,91195,2021-02-15,Desert
Leader push,-41.698378,122.575223,69323,2021-08-01,Grassland
Hold down,-70.791211,52.226813,80187,2021-04-05,Urban
Our yet,83.488271,77.920574,71325,2020-06-19,Wetland
Later wonder,-73.558944,25.075372,16849,2023-01-24,Tundra
Occur college,-89.416665,-102.421263,89816,2024-08-16,Urban
High drive,-9.173936,-44.433735,66670,2026-01-15,Freshwater
Hospital factor,-70.416424,-95.900076,32016,2024-06-24,Tundra
Next street,12.556091,-107.783763,18664,2025-02-23,Marine
Approach seek,39.269941,-100.103129,87379,2025-12-12,Forest
Need campaign,49.582135,39.764017,67644,2022-04-07,Tundra
Present smile,62.575766,-54.290088,52108,2021-07-31,Freshwater
Than experience,88.619577,56.24097,90480,2025-12-17,Urban
News they,-0.102621,100.774529,22995,2020-04-09,Freshwater
Hope simply,24.606098,-41.423247,10759,2018-03-22,Marine
Ball final,-63.736608,57.238113,48443,2018-03-21,Marine
Take up,53.819404,139.319557,90464,2018-01-24,Tundra
Agency green,13.080727,-128.913717,77545,2018-04-11,Desert
Husband day,-79.17412,-32.322434,78894,2020-11-16,Desert
Name way,-53.23826,24.505697,27662,2021-05-02,Desert
Style public,-89.54559,-108.784045,37444,2025-04-08,Desert
Cut fill,56.671564,-15.982896,42702,2019-04-06,Marine
Turn southern,27.410075,111.656143,5602,2022-09-21,Grassland
Force type,69.926641,-85.795401,50171,2024-12-06,Desert
Interview shake,8.491737,-36.299932,42494,2023-08-13,Grassland
Buy together,-49.357457,131.890474,26395,2021-04-01,Marine
Show everything,-86.732761,-146.246207,82678,2017-12-16,Wetland
Over woman,-58.222075,36.955829,3788,2019-12-30,Wetland
Like black,11.940874,-116.775584,23150,2019-10-14,Freshwater
Care son,77.655117,59.432374,84618,2023-08-01,Freshwater
When accept,-20.992895,111.416578,44917,2021-01-15,Desert
Without yes,80.054189,-30.139239,86408,2023-12-05,Forest
Single but,13.965941,-18.730508,72032,2018-12-19,Grassland
While sister,-84.750761,178.532663,35342,2018-12-30,Wetland
Training go,71.199025,-36.805383,38256,2020-09-01,Forest
Wide level,87.226893,-122.823816,82531,2016-09-16,Marine
Agreement seek,-2.360496,-67.283531,41838,2026-07-15,Freshwater
Collection hospital,42.684437,-109.52074,64303,2017-09-21,Freshwater
Attack threat,-46.540474,45.1854,61763,2019-12-11,Forest
List face,27.663421,-74.446761,61115,2024-10-13,Tundra
Meeting available,62.279345,137.417266,25185,2025-05-19,Marine
Treatment memory,-87.905238,128.15836,80321,2021-01-17,Forest
Study allow,76.930434,-20.62872,27461,2021-05-27,Forest
Enter thought,-0.395292,59.622767,394,2022-02-17,Grassland
Hit despite,34.537072,54.343529,31082,2021-06-07,Tundra
Draw grow,-14.196939,-146.515967,91498,2022-06-05,Grassland
Boy local,34.403542,1.666646,67422,2024-08-20,Forest
Sport last,0.765292,-133.082817,84302,2023-03-16,Freshwater
End behavior,40.388265,-161.901402,68100,2017-03-22,Desert
Suddenly serious,61.14547,-142.510331,35743,2016-12-16,Marine
Across investment,53.209245,-47.15815,92221,2024-07-29,Wetland
Cultural history,78.430351,157.940594,23359,2024-02-11,Tundra
Work little,29.500665,-74.875586,47701,2019-10-25,Grassland
Behavior yard,71.049491,-127.599432,65345,2017-04-12,Freshwater
Image article,41.609063,-94.39546,40250,2022-08-30,Grassland
Parent about,82.169742,128.355642,162,2019-09-28,Wetland
Impact figure,-53.202313,-45.496931,64506,2017-02-22,Marine
Thousand my,59.933186,121.16047,54909,2023-03-26,Marine
Group instead,10.350749,158.005156,25899,2026-06-24,Tundra
Leg Mrs,43.356922,-15.38733,5948,2022-02-26,Tundra
Number tend,42.32915,0.213358,16836,2019-09-23,Urban
Agreement course,62.748428,-102.674544,26522,2019-05-19,Urban
Drive statement,21.084071,105.443147,73661,2025-08-15,Wetland
South ok,16.607891,-7.118484,58033,2017-01-28,Marine
Unit involve,34.482491,40.775487,96033,2017-07-30,Urban
Bit which,-70.183729,-132.954949,83320,2026-03-16,Urban
Mind prove,42.414374,-143.537413,71117,2019-07-26,Marine
Relationship suffer,43.042835,-106.074502,80820,2024-06-28,Urban
Rich spring,-53.897914,149.307649,830,2022-04-12,Freshwater
End brother,49.308868,-173.10582,69582,2019-10-11,Urban
Determine nation,-86.155175,170.096606,69101,2022-05-19,Urban
Information night,27.461736,170.203822,9946,2018-05-30,Desert
Fund ball,38.619203,-83.245411,28631,2023-03-08,Wetland
Happy cultural,58.501217,-49.674124,28305,2020-10-03,Forest
Enough trial,78.893838,-1.535325,91940,2025-12-07,Urban
Write phone,17.131416,-165.502644,74157,2021-01-01,Urban
Instead laugh,-30.582361,13.500454,55425,2019-11-05,Forest
Side ball,89.507532,26.272969,77710,2025-11-09,Freshwater
Community place,51.328091,-177.252542,53201,2023-07-01,Freshwater
Nice adult,41.125585,126.489188,68361,2025-05-13,Grassland
Man image,-17.21784,-67.390542,90288,2021-10-14,Wetland
Record evidence,84.338502,138.866594,70453,2025-12-03,Desert
Phone eight,77.796175,170.879157,75196,2026-06-30,Tundra
Pick fill,-0.65037,35.380016,81546,2017-11-04,Wetland
It see,32.937122,145.425922,91128,2020-08-29,Wetland
Policy sister,-45.213309,96.412314,63670,2016-11-18,Desert
Property find,4.006655,-68.858247,50915,2021-03-01,Freshwater
Game suggest,2.075881,47.351282,31164,2016-10-24,Desert
Age face,-86.833429,1.680815,67445,2023-11-27,Freshwater
Picture concern,85.276648,152.172662,75727,2020-01-27,Grassland
Consumer particular,-78.32091,26.842294,14549,2024-12-26,Desert
Fear hear,-58.557823,-170.535254,50086,2025-08-01,Tundra
Scientist really,3.158361,-155.302337,1156,2026-02-01,Grassland
Statement camera,30.291367,146.123099,71260,2020-02-06,Wetland
Indeed above,-70.30618,141.591514,93528,2023-06-27,Tundra
Generation cost,73.123882,84.713311,22218,2018-11-11,Desert
Style near,-18.106355,-79.606834,99790,2018-09-18,Marine
Every degree,25.087054,-21.477703,2427,2026-03-14,Marine
Itself lay,-29.284296,107.975098,34715,2017-09-23,Forest
Toward concern,-10.013507,-37.964133,26331,2018-09-13,Marine
Off newspaper,86.840231,-11.580968,55656,2021-09-02,Forest
Pass customer,-40.678643,96.377731,15411,2016-10-13,Desert
Employee common,-32.814418,17.527183,1061,2022-04-04,Tundra
Perform sure,51.24074,-19.428149,21826,2021-04-18,Forest
Mention none,-14.926086,96.758196,6295,2017-03-04,Wetland
Dark site,78.495071,-80.449057,12482,2021-05-01,Wetland
Store wife,69.639736,14.578049,96950,2018-10-08,Forest
Strategy business,-18.33614,78.056982,51822,2016-09-17,Forest
Behavior mean,20.9612,176.51133,69511,2021-02-13,Desert
To enough,21.873489,-174.889394,51308,2021-09-20,Grassland
Itself develop,9.994561,56.946844,66935,2025-03-24,Desert
Discussion Congress,-49.469368,167.598297,90888,2023-07-11,Urban
Customer note,-34.267837,-13.317742,96707,2019-09-11,Urban
Second pay,84.932406,3.623966,11104,2022-01-13,Urban
Democrat difficult,-0.629381,-68.087221,97786,2024-02-14,Freshwater
Hit join,-76.997183,125.476287,589,2019-10-12,Forest
Lawyer tough,83.383483,58.258813,51691,2023-12-31,Urban
Get method,28.467854,-32.19373,47315,2016-08-20,Urban
Expect appear,0.913855,139.553759,4851,2018-03-25,Marine
Main pass,-78.905233,134.331212,42446,2020-06-30,Urban
Because activity,-73.800986,-43.019475,12593,2018-09-27,Wetland
Each outside,75.915988,71.380219,4517,2025-05-15,Desert
True product,54.835857,-31.139807,38853,2022-10-14,Freshwater
Discover realize,40.896774,-167.631679,34543,2025-01-22,Grassland
Such respond,17.04539,143.726338,22756,2024-09-17,Urban
Name state,61.189525,-3.257746,49657,2017-07-29,Wetland
Standard country,-31.178424,-1.73859,4890,2020-12-16,Marine
Kitchen to,-42.819791,142.361033,18952,2024-11-24,Grassland
Modern culture,-59.392262,116.339983,87197,2023-07-31,Grassland
Camera world,81.76599,-36.265869,29608,2022-01-12,Marine
Try parent,33.074605,177.387476,6851,2022-02-11,Tundra
Talk less,37.339335,178.846018,63812,2021-12-01,Wetland
Protect politics,-20.931796,69.057492,28803,2019-10-11,Forest
Around national,-11.99908,7.606606,16943,2022-12-05,Urban
Budget position,31.258882,18.009041,83466,2020-03-12,Grassland
Far pretty,10.588413,126.559834,28950,2022-02-06,Grassland
Office data,-51.737695,-86.545369,60446,2024-05-28,Forest
Might week,-48.176445,125.958418,53317,2025-10-06,Tundra
Movie Republican,-32.504945,-95.28554,26657,2019-01-19,Forest
Sense over,-18.458072,-168.176207,51735,2016-11-30,Freshwater
Sure try,75.691104,-113.589659,25225,2023-12-27,Tundra
Cold especially,-7.831067,-174.353028,62196,2022-06-12,Wetland
Should level,-46.419065,133.009479,66547,2019-02-03,Desert
Something part,9.899331,-43.848503,1129,2026-03-19,Desert
While more,-3.729161,4.783588,41760,2024-04-11,Urban
Range offer,-86.149617,61.102666,86546,2025-01-18,Forest
Individual involve,60.553279,-132.409645,51075,2022-12-14,Forest
House group,-41.938588,40.704214,24359,2019-12-25,Urban
Vote policy,-19.712842,-74.258515,58421,2019-07-05,Tundra
Challenge professor,-1.456292,-35.783069,46866,2019-08-28,Urban
Successful themselves,-84.240843,-173.790252,43800,2017-01-23,Marine
Visit glass,-4.800767,53.217433,28184,2018-02-09,Freshwater
Themselves already,-51.867121,-0.93826,3901,2019-01-20,Wetland
Security amount,-76.508112,-171.85657,16003,2022-03-31,Forest
Low turn,-64.944674,44.253594,8954,2020-06-05,Grassland
Not eat,-75.894078,-127.421909,7921,2024-11-29,Grassland
Generation strategy,86.050792,-33.189665,13346,2020-09-30,Forest
Fast page,-67.731114,-161.917857,56539,2019-04-15,Forest
Still study,66.598842,-166.418003,53607,2020-07-11,Urban
Citizen line,-54.557488,-110.869033,61495,2020-04-18,Freshwater
Hospital least,71.716665,-118.858786,27118,2023-09-04,Grassland
Degree big,17.161126,165.203707,44631,2018-04-12,Wetland
Can wish,5.139347,-102.261113,1723,2025-10-08,Marine
Tend guess,13.605583,-90.972769,76697,2019-06-19,Marine
Simply add,-51.306178,0.136866,12349,2026-01-08,Marine
Movie must,46.535804,-105.828265,67384,2021-07-26,Forest
Community loss,4.879137,65.224783,56980,2020-03-23,Tundra
Girl mouth,-14.379427,168.18898,97882,2022-07-11,Freshwater
Together cut,87.042829,178.206961,85666,2017-03-03,Forest
Exactly cultural,-66.729975,-45.915908,63367,2023-09-12,Urban
Easy story,-64.892404,-11.905318,92881,2025-11-28,Tundra
However yard,36.73718,-139.124518,63387,2021-11-25,Desert
Company dinner,60.002611,-7.102203,18729,2018-07-01,Forest
Nearly team,-55.334355,69.38492,95452,2022-04-09,Urban
Finally prepare,83.134712,90.200136,72634,2021-08-27,Forest
Mouth identify,72.128037,-136.79234,20094,2017-11-01,Freshwater
School find,-18.007869,-96.115917,93023,2024-06-15,Forest
Include ask,71.234703,144.758759,11459,2019-12-02,Wetland
Send require,81.4636,-92.272938,64146,2017-02-23,Forest
Wrong beat,-23.989916,-94.596065,95168,2019-02-09,Forest
Spend nature,70.315732,15.307992,12029,2019-08-23,Freshwater
Store apply,-56.329489,118.227833,42455,2023-03-20,Freshwater
Baby heart,79.455415,-123.44327,99275,2020-06-28,Wetland
Rate sing,31.329802,156.776682,72723,2016-10-04,Marine
Us outside,-42.298144,-20.857731,98231,2024-04-02,Urban
Action fast,-48.163288,133.076929,48686,2025-04-27,Grassland
Create thing,87.072879,-55.010178,6636,2021-11-05,Freshwater
Under firm,-37.593546,-116.996719,98438,2024-11-27,Freshwater
Thank add,1.251777,-63.599699,50362,2022-09-03,Forest
Reason east,-59.678581,50.693575,84523,2022-11-08,Desert
Important ten,-84.503603,-105.474281,1332,2020-11-09,Grassland
Artist where,-50.098783,-7.306616,82764,2018-11-04,Marine
Cause play,-75.511043,-176.244008,88484,2020-08-14,Tundra
Trade study,30.025596,70.818644,89375,2019-03-30,Desert
Common now,-9.370837,-110.224967,59229,2021-05-11,Urban
Moment speech,-59.886082,130.629981,39846,2017-11-30,Marine
Response behind,-83.388198,-102.488257,63944,2016-12-19,Tundra
Natural society,22.866761,-83.373186,26904,2022-07-20,Urban
Black listen,67.952808,7.333153,39007,2022-06-14,Marine
Right of,27.720368,-98.45014,70957,2018-07-03,Tundra
Large money,80.363997,20.889048,6263,2021-03-20,Marine
Though should,7.408102,163.830711,81896,2026-06-01,Wetland
Company whether,82.469022,-105.633321,49985,2020-08-26,Grassland
Interview find,57.987792,-3.484789,24485,2019-01-17,Marine
Few PM,75.787356,50.257053,2283,2025-09-27,Freshwater
Man thought,-60.454452,179.555812,65117,2018-07-02,Urban
Heavy or,-19.690012,151.710282,96970,2016-10-03,Wetland
Shake way,48.938809,-67.660591,21808,2018-10-08,Marine
Animal thus,-12.240854,-78.206336,21124,2024-10-23,Grassland
Stand sell,29.908651,27.873631,45898,2024-11-04,Tundra
Television manage,46.181184,83.164832,25072,2017-07-29,Tundra
Add education,-77.609919,121.698148,1231,2023-10-22,Wetland
Stand yard,-28.8348,146.442976,44623,2022-01-03,Grassland
Same apply,74.647615,-36.025799,42889,2018-01-02,Wetland
Responsibility over,-39.379814,-126.16861,7055,2024-05-22,Freshwater
Type machine,-41.488282,93.817898,52196,2018-09-24,Wetland
Buy film,87.061087,41.039412,78675,2021-07-25,Forest
Song first,-48.263063,-46.779748,99342,2016-10-21,Grassland
Wonder kitchen,-78.173001,-95.016966,5333,2018-07-05,Grassland
Later quite,-20.155194,27.949295,2601,2022-04-30,Urban
Reveal future,-18.343562,79.974341,49875,2021-03-20,Marine
Military field,-58.37272,-33.858141,93252,2019-09-16,Forest
Top to,-21.317256,30.185898,96643,2024-12-18,Freshwater
Whether meeting,8.60469,177.717146,77164,2017-04-16,Freshwater
Hope everybody,-7.907052,-5.074086,90979,2022-10-13,Wetland
Piece bring,-61.376673,130.665757,69589,2020-06-06,Desert
Artist peace,-27.044171,120.99836,51983,2019-06-21,Forest
Statement yes,-39.877699,-41.155206,93361,2025-11-03,Tundra
Floor movement,23.054871,117.408133,10651,2018-06-16,Grassland
Experience member,80.294542,-36.032939,77122,2023-10-09,Wetland
Machine indicate,-86.593001,142.979466,73900,2020-06-07,Marine
With clear,89.477384,11.243415,95469,2022-04-02,Forest
Its law,-54.326757,-89.208891,70781,2018-10-10,Desert
Remember in,-28.104788,-76.105067,86511,2017-10-10,Grassland
Include student,13.837906,-61.718244,4337,2025-01-29,Tundra
Work walk,-51.258752,-99.35905,56750,2022-02-10,Wetland
Improve opportunity,-31.03435,178.368525,68645,2024-12-27,Freshwater
Young history,-1.437112,115.35489,14373,2018-12-13,Forest
Interview fear,-19.487193,-42.325606,95226,2018-01-05,Marine
Either imagine,73.287253,-173.441703,3940,2021-02-03,Grassland
Agency trip,-52.225287,-23.012632,69663,2025-05-06,Urban
Nearly I,50.362338,17.924122,39715,2021-11-19,Freshwater
Bring individual,-63.969219,-120.802715,12123,2023-07-02,Forest
Without group,23.170554,17.459716,89768,2023-11-21,Wetland
Ten Democrat,-82.752889,154.874547,2291,2019-11-03,Grassland
West partner,-59.327935,-76.198188,67511,2018-10-03,Urban
Forward national,80.079641,-113.439455,65029,2024-11-29,Tundra
Recognize range,44.850964,-103.880222,31208,2024-08-13,Forest
Within up,-25.313443,119.291131,72224,2023-02-27,Desert
Attorney hundred,7.062546,155.090253,55447,2025-03-15,Desert
Growth various,59.33755,-15.312177,73628,2024-04-20,Freshwater
Subject knowledge,-52.681909,53.221849,34857,2016-09-03,Freshwater
Only whether,-65.578126,25.968938,938,2018-08-05,Forest
Speak around,-85.702297,46.526863,51838,2018-11-10,Grassland
Direction stand,18.982399,56.139794,88922,2018-12-04,Desert
Thing region,-26.175174,74.360141,82314,2026-05-02,Grassland
Pay admit,44.853852,83.608963,8735,2024-02-18,Freshwater
Investment eat,-56.784346,96.654452,1225,2024-10-21,Wetland
Talk stop,-34.587845,-17.534355,46865,2024-11-23,Forest
Food year,-71.352812,-9.012696,18439,2020-11-16,Forest
Share training,12.291277,8.229369,40373,2018-03-10,Freshwater
So word,3.665514,-108.291998,50863,2025-06-20,Freshwater
I oil,-69.639849,6.886627,3232,2019-03-18,Freshwater
Coach operation,-84.552133,-17.967837,16625,2022-07-16,Desert
Claim value,-58.262766,23.266043,54844,2026-03-02,Wetland
Member person,-53.528998,-126.249864,27484,2024-10-14,Urban
Would gas,10.030655,-136.135002,28784,2019-09-28,Desert
Trouble machine,18.305057,-32.078508,35498,2021-06-30,Marine
Focus audience,-58.613105,-96.543442,25643,2024-10-25,Freshwater
Perhaps similar,-13.896517,177.018003,78263,2020-02-23,Grassland
Claim far,-85.289921,-161.23467,47195,2023-03-12,Tundra
History establish,12.443036,62.568031,8361,2018-11-06,Forest
Play read,-86.674171,-82.423638,69813,2020-12-10,Forest
Require art,67.562526,-81.862014,94428,2019-11-17,Tundra
Total everybody,12.912603,137.426546,519,2020-01-07,Wetland
Gas film,-9.362442,-76.484511,87634,2017-11-30,Urban
Fish everyone,42.599847,36.572477,52282,2021-04-17,Wetland
Couple almost,55.536778,45.598622,95275,2023-03-08,Marine
Himself reflect,-4.639544,60.118951,58432,2024-03-17,Marine
Character only,-52.83932,55.865662,82281,2025-03-09,Marine
Son increase,20.297698,-40.72395,20739,2018-04-15,Tundra
Father both,-62.305603,168.732062,74606,2019-10-16,Grassland
Away wife,-88.902753,165.487958,60447,2024-10-31,Desert
Again raise,86.524963,23.164291,50815,2020-05-08,Wetland
Here then,-67.654205,147.430947,61056,2016-09-10,Wetland
Decision view,-30.274162,59.784118,35289,2025-01-15,Tundra
Teach cold,-3.357501,93.059632,15054,2019-08-19,Grassland
Door while,69.780248,61.114812,140,2023-07-26,Freshwater
Leave hope,-11.079309,-121.818893,72261,2023-03-12,Grassland
Yard of,-60.189357,-168.085976,7941,2026-01-08,Freshwater
Ever pull,-28.810651,-93.22043,76986,2017-12-26,Forest
Laugh explain,11.823599,54.280732,97065,2024-08-23,Urban
Society sure,64.504321,-60.425154,1656,2024-07-29,Desert
No necessary,0.388831,112.815663,69984,2022-10-27,Marine
Threat air,-27.448534,39.555538,4610,2017-04-16,Tundra
From example,20.0229,87.962382,88835,2025-07-18,Wetland
Evening state,30.149096,72.35361,65651,2024-09-03,Tundra
Still glass,34.427716,86.65853,43944,2016-12-17,Marine
Buy let,74.537433,136.568153,40918,2022-07-26,Tundra
Tell your,16.973373,120.562477,57123,2018-10-21,Tundra
Inside measure,36.096342,-16.307499,19200,2024-02-09,Desert
Month miss,44.153723,159.892385,12113,2025-02-12,Forest
Cost each,46.264862,-146.650164,84840,2021-01-05,Wetland
Sort possible,-72.488595,131.93808,34401,2020-07-14,Grassland
But off,-86.902508,-77.00785,42842,2024-01-21,Tundra
Until development,89.97844,-156.704877,8936,2020-04-15,Grassland
Democratic current,84.270109,56.293004,38278,2022-12-27,Desert
Challenge miss,84.202319,-103.599787,64728,2026-06-04,Forest
Themselves local,-26.603264,-74.659868,48473,2023-05-05,Marine
Decision exist,-41.289014,28.694142,53582,2018-06-28,Freshwater
Agency even,-13.849765,-40.437816,78286,2019-10-22,Tundra
Produce present,8.873688,151.122116,89232,2016-12-03,Urban
Build environment,38.402794,18.497637,37157,2020-05-22,Desert
Military because,-56.735395,103.134127,89082,2020-05-02,Forest
Support ground,-41.034521,170.331416,65090,2020-01-26,Desert
Course up,-85.245367,93.760093,25192,2024-05-09,Freshwater
Seven perhaps,-89.509914,39.815594,25005,2017-05-01,Desert
Place trial,-46.534509,-13.376071,51214,2025-06-12,Freshwater
Would movie,83.217203,-27.248976,87416,2021-04-28,Wetland
Full else,-86.783658,-63.563924,25264,2021-04-23,Desert
Impact responsibility,-63.881451,-32.453304,30113,2020-02-01,Forest
Size idea,-67.029109,43.299812,69615,2016-08-28,Forest
Film speak,88.02352,-131.286493,95721,2018-11-22,Grassland
Be land,-80.667954,-22.104797,70927,2017-05-03,Marine
Movement begin,-38.601483,105.008119,29937,2025-06-06,Forest
Theory yeah,75.45619,-117.494865,15477,2020-10-10,Freshwater
Science even,0.693013,-11.117136,96245,2023-12-15,Urban
Run news,-42.09357,-31.601712,39475,2026-03-05,Urban
These visit,81.245545,-85.735935,68593,2021-05-21,Marine
Certainly always,-42.920681,-127.84761,59299,2024-07-20,Urban
Ball I,15.909441,-170.62921,7833,2018-03-15,Wetland
Society huge,-73.191406,5.171928,87764,2017-12-07,Marine
Join green,0.931571,-132.88337,61157,2024-03-21,Marine
Should responsibility,-18.40371,-45.339238,49307,2022-03-26,Desert
Wall or,23.999309,45.800693,87696,2023-06-02,Grassland
Above quality,35.764996,-3.902093,26729,2020-11-18,Grassland
Behind sometimes,82.744626,-170.287514,51439,2016-12-22,Urban
Feeling everything,32.682391,-3.697097,89587,2020-04-08,Marine
Hair majority,-22.043169,-90.275292,44534,2024-07-15,Forest
Option speak,-72.079581,102.443123,54880,2020-02-29,Grassland
Since employee,-28.098954,167.107174,36072,2018-08-25,Wetland
Series authority,28.55009,5.34433,73627,2017-09-10,Freshwater
Policy study,-54.502139,-76.633843,97369,2019-10-21,Forest
Develop suddenly,-17.610341,102.1024,17827,2022-02-12,Wetland
Care son,-2.179133,21.293938,21731,2017-05-08,Grassland
Main hold,3.96744,-97.146894,69015,2018-03-14,Forest
Fish real,87.0029,-69.584052,87452,2016-11-11,Desert
Be model,-58.651189,67.702028,10661,2019-02-17,Freshwater
Commercial hit,-72.408555,54.324461,18879,2023-09-03,Urban
Sense son,-44.203633,-86.704702,50415,2020-12-06,Tundra
End social,-53.047615,-127.545592,63317,2020-02-16,Urban
Risk answer,-48.587296,-27.905588,41141,2026-02-10,Marine
Value body,-21.783357,76.153209,24503,2019-11-09,Marine
Your impact,78.561774,113.511324,37056,2023-01-11,Wetland
Ever student,-43.35791,-10.92319,98017,2025-08-30,Wetland
Guy industry,55.523717,-122.994692,34803,2019-05-26,Marine
Day figure,69.401004,15.305774,14359,2020-03-18,Tundra
Conference animal,70.977441,-18.002706,33790,2017-07-16,Desert
Describe audience,14.141521,-138.943961,12731,2022-10-09,Marine
Significant cover,-48.71901,75.79217,72710,2022-06-15,Desert
Laugh only,-12.376211,169.429599,43592,2017-02-26,Desert
Quite he,-62.602127,-85.592939,31338,2024-07-21,Freshwater
Issue measure,-7.83793,-133.414124,8807,2024-03-30,Wetland
Close bit,63.916048,-137.367755,24151,2017-07-08,Desert
Son compare,-72.601346,-7.267947,79101,2016-08-27,Tundra
Finally so,71.110887,18.119934,59008,2017-09-05,Desert
Guess enjoy,42.524642,-133.635664,75494,2019-05-14,Urban
Sell ask,47.32322,118.375578,7589,2023-09-13,Wetland
Key nothing,-20.309891,-76.003113,72901,2021-02-23,Desert
Believe human,-78.054366,-104.754173,10943,2025-09-16,Wetland
Soldier close,66.568526,140.142131,67048,2018-12-31,Freshwater
Hand step,70.746168,112.260734,70178,2023-09-06,Grassland
Bar because,-48.070913,131.463402,84609,2020-03-28,Desert
Cover spring,47.089183,67.994767,45023,2022-05-25,Marine
Sit material,16.316751,-8.845256,52549,2023-07-01,Marine
Side word,47.422222,-151.741431,43277,2024-03-16,Wetland
Image home,-37.852626,174.786477,86394,2025-10-08,Marine
Authority fast,1.997442,11.379718,37197,2017-01-02,Tundra
Continue center,-47.123074,40.530356,15431,2016-10-31,Grassland
Suggest practice,-31.287309,-136.103704,41525,2018-08-30,Grassland
Care end,27.853537,12.106067,69758,2019-10-05,Urban
Foreign someone,-63.970925,16.678027,83167,2021-04-03,Tundra
Analysis central,-45.51956,-87.424284,92541,2017-02-10,Forest
Road quickly,-47.161096,154.752656,77500,2018-02-08,Forest
Open hour,8.712302,-116.533415,37718,2017-12-24,Forest
Mission task,45.340506,-45.811888,85027,2022-09-04,Forest
Open son,-2.168086,-19.573888,51439,2022-09-09,Urban
Blue would,1.185358,-134.338538,92604,2017-11-27,Forest
Son particular,0.847629,141.69036,33992,2025-09-14,Marine
True court,14.186371,-49.271556,17993,2022-12-23,Grassland
Reduce majority,8.080586,-155.279364,20527,2020-08-01,Tundra
Thank thank,-31.014757,-47.580786,29666,2019-04-12,Grassland
Take seem,-0.707144,88.386892,37305,2026-04-30,Desert
Draw line,-33.756448,175.975818,67041,2024-01-21,Grassland
Ask remain,-37.197794,165.845488,11801,2025-06-28,Wetland
Better card,26.486233,-114.026355,11116,2019-06-18,Marine
Door her,-59.189737,-122.623753,58163,2025-05-18,Freshwater
Weight news,53.342497,-68.691876,44710,2021-05-13,Tundra
Although relationship,88.582726,-141.622469,82837,2022-06-22,Urban
Receive also,77.480232,53.970349,48112,2020-01-15,Wetland
Draw officer,-13.462117,11.899422,71159,2019-04-18,Forest
Play easy,-52.253438,88.51402,11408,2024-07-28,Forest
Stay clear,47.66191,39.823595,50907,2016-08-16,Urban
Ground billion,60.093303,-112.495612,67845,2021-06-11,Tundra
Half pattern,-20.860742,-164.749572,68300,2017-01-29,Tundra
Say dinner,86.400295,-73.158866,1768,2020-12-08,Urban
Herself close,87.341791,128.540243,9874,2019-09-03,Wetland
Walk cut,15.115542,-145.690647,46988,2020-01-06,Marine
We type,2.735388,-47.078758,72014,2017-10-31,Wetland
Expert tonight,27.02049,-16.301993,51853,2016-11-04,Grassland
Although three,-31.347608,51.541929,17118,2025-10-11,Urban
City look,59.619161,167.219001,98588,2025-03-13,Grassland
Method blood,-85.565286,-47.830191,14195,2021-03-05,Forest
See its,-52.632717,-22.071449,43814,2024-08-27,Freshwater
Describe able,-87.877441,-110.696585,84883,2020-09-03,Forest
Report music,-5.461616,151.995725,38463,2019-09-13,Forest
Statement summer,19.41571,168.365754,53379,2019-11-17,Urban
People benefit,-43.672159,-1.52284,48008,2024-09-20,Freshwater
Firm western,-35.740766,-152.140304,81323,2025-08-06,Desert
Agreement herself,72.612906,118.069803,21533,2019-06-04,Desert
Property place,8.391197,118.067387,3619,2019-01-04,Desert
City now,-31.444211,21.31829,26107,2023-02-06,Freshwater
Her myself,31.63149,49.042816,35074,2020-09-02,Wetland
Garden best,-73.15141,-111.654567,862,2022-12-31,Forest
Box learn,52.965799,172.328329,99453,2019-04-06,Forest
Toward our,83.009457,-40.04841,15991,2022-09-22,Freshwater
Former significant,62.882288,-129.619241,43712,2023-07-01,Wetland
Before north,0.160041,70.861138,31714,2018-11-19,Marine
Foreign minute,-39.331738,91.153779,44297,2019-03-20,Marine
Team important,-19.044871,6.546409,60059,2026-01-01,Marine
Image key,56.35775,-87.259491,57074,2025-04-21,Freshwater
Person firm,77.27786,26.98527,80945,2024-12-04,Forest
Enter must,63.898869,-74.343091,9095,2018-02-13,Freshwater
Subject ability,-50.673637,-96.328162,29513,2021-09-15,Freshwater
Fine traditional,87.280764,-80.798278,67423,2021-05-17,Tundra
Unit well,36.720856,-69.12988,9757,2020-01-09,Freshwater
Law example,22.90314,-41.689406,30209,2022-02-17,Wetland
Capital month,-8.273161,16.01214,50023,2024-09-23,Tundra
Security approach,-1.235104,53.803373,34905,2022-10-04,Forest
Behavior play,3.36644,-49.513458,15056,2019-12-02,Grassland
Painting garden,-47.928622,107.400891,52551,2018-05-28,Desert
Capital eye,13.973584,154.071918,85140,2022-11-07,Grassland
Month building,-38.055057,134.531254,94702,2020-07-16,Urban
Line plan,-2.104513,-141.61698,51493,2020-11-25,Wetland
Officer yeah,-13.439253,-10.234839,40551,2023-10-24,Urban
Person morning,-75.864919,4.482387,87433,2020-06-02,Freshwater
Yard travel,-65.01068,-11.125669,5842,2016-11-12,Wetland
West yet,-31.410943,-90.537223,60370,2025-04-12,Tundra
Than law,-63.752543,-0.831102,47112,2024-03-12,Freshwater
Along little,-86.577214,-177.758312,29471,2026-05-19,Forest
Discover east,25.168392,50.190196,99218,2026-01-08,Forest
Despite line,80.931142,76.611749,32382,2023-05-22,Desert
Those strategy,-21.967161,-69.518236,91963,2017-02-15,Marine
With trial,-29.083494,124.109252,2793,2023-03-20,Wetland
Wall bring,3.773366,87.092637,62438,2026-04-25,Forest
But study,-66.075997,-126.239156,93297,2026-04-30,Desert
Significant the,4.640849,-159.543589,95150,2022-07-08,Forest
Serve include,-25.53248,-55.465939,82744,2017-07-22,Urban
Level up,-13.345753,-84.257412,73151,2025-09-29,Tundra
Cup including,6.305678,34.555257,48475,2019-03-21,Wetland
Imagine drive,-77.430811,-118.910916,21813,2018-05-30,Marine
These company,32.940627,-83.685143,24429,2020-07-11,Urban
Keep politics,69.300648,134.790172,70438,2018-02-05,Freshwater
Husband run,41.447668,-51.724169,15552,2018-07-04,Grassland
Approach standard,4.562685,-87.237032,40298,2018-12-30,Wetland
Discover we,-21.832617,106.908175,79379,2025-06-22,Urban
Create hold,-23.766882,-18.973239,50404,2021-04-29,Freshwater
Wait ready,58.706777,46.448154,67992,2023-12-29,Desert
Current affect,-69.518542,168.063889,77801,2018-10-23,Freshwater
Relationship free,39.181727,-66.859999,22601,2019-09-03,Desert
Trade left,0.218274,-129.494951,48888,2023-11-24,Urban
Writer hundred,24.716471,-41.065844,15147,2026-01-24,Wetland
Water scientist,-16.751623,20.735726,79414,2020-07-18,Freshwater
Decision machine,6.707257,-157.042283,89189,2021-09-05,Urban
Fall marriage,-14.294965,-152.55856,36878,2017-02-12,Freshwater
Main us,86.386792,97.696666,93354,2024-03-29,Freshwater
Nature investment,7.117882,54.462652,7021,2024-04-01,Grassland
Watch sit,-58.607736,-97.027664,47785,2019-05-13,Urban
Anything defense,56.708235,-62.423916,20970,2021-05-30,Freshwater
Hour reflect,-59.290291,53.611539,94705,2018-12-28,Desert
Girl hold,26.281608,78.178611,66183,2016-07-19,Wetland
Dinner option,-14.652043,-146.400056,98000,2026-03-26,Desert
Game hear,51.879775,132.093093,41265,2018-01-07,Desert
This glass,-10.561515,-150.751978,17202,2020-10-26,Grassland
Knowledge stage,28.311372,-91.562257,5554,2025-06-09,Urban
Top discover,59.521196,-95.225172,62883,2018-03-27,Grassland
Member control,-15.45009,-107.644832,48451,2018-10-07,Desert
Bad leg,31.455596,139.096408,14398,2022-05-09,Marine
Tonight painting,-15.226297,6.479307,84546,2026-01-22,Wetland
Trouble apply,63.434954,-74.677847,90811,2021-09-08,Forest
Likely yes,24.15283,174.005331,41428,2019-11-22,Freshwater
Sound half,-22.77847,-51.862986,90229,2019-04-29,Marine
Herself eat,33.407847,-77.924491,71298,2018-09-24,Marine
Every customer,-32.711632,51.208709,68181,2021-09-16,Marine
Shake response,-85.938203,43.779414,18482,2025-05-21,Urban
Free especially,62.657305,-100.610809,72781,2017-10-12,Freshwater
Common away,18.861965,95.913618,3685,2021-05-31,Marine
Admit attack,-11.389227,-3.469678,25941,2020-12-30,Marine
Ready compare,71.725291,-153.257046,2148,2025-08-16,Freshwater
Beat worker,-66.590311,-92.841653,31618,2026-07-02,Desert
Role he,-11.520822,-21.092706,38769,2019-08-18,Urban
Up move,-3.77356,-158.460841,75229,2019-02-10,Tundra
Mention project,86.809358,11.522972,20268,2022-10-02,Tundra
Interview game,-14.960074,133.720655,70496,2024-04-30,Urban
House here,-66.915265,153.147413,74983,2026-01-04,Urban
Through onto,-80.806649,0.258753,88586,2018-12-01,Wetland
Him east,-23.703887,166.915265,64916,2017-04-01,Urban
Fire reason,54.69061,167.490282,13097,2020-10-12,Desert
Result none,1.415961,-25.188307,48104,2017-12-23,Forest
Agreement science,-73.463057,107.474627,88462,2016-12-20,Forest
It by,-48.981062,158.764698,30705,2020-04-23,Urban
Quality agree,77.514618,168.30472,613,2025-02-16,Freshwater
Wear imagine,-87.723117,-161.648963,44844,2017-01-14,Urban
Ready like,36.318283,-37.199943,66950,2026-04-17,Grassland
Decade key,62.721979,7.907094,74305,2017-08-24,Desert
Thing decade,16.699585,-23.029357,29915,2026-03-16,Forest
Author week,11.181813,-63.054996,53024,2025-10-02,Wetland
Tv strategy,-29.306482,-144.672586,93628,2024-10-16,Grassland
Analysis eat,46.34529,-134.063242,74835,2025-11-17,Forest
Different stay,56.103412,24.331122,20393,2018-05-10,Wetland
Use reach,-23.679073,119.960756,66789,2025-12-17,Urban
Resource hand,87.359794,69.093063,77182,2018-02-18,Wetland
Arm writer,27.731477,-19.272435,49600,2019-08-23,Freshwater
Ten skin,-81.972816,-79.686344,10764,2018-08-01,Desert
Beyond individual,14.71557,-25.128394,58110,2017-10-04,Marine
Bank several,-24.558957,-67.861755,12896,2019-07-06,Desert
In to,-5.781165,-157.894636,52442,2021-08-14,Desert
Born music,20.748732,-167.235036,37547,2017-07-26,Grassland
Require current,18.724727,-11.980539,90883,2018-02-23,Freshwater
Water sure,-53.035438,28.601775,90518,2021-09-11,Marine
Center break,20.760254,-6.249514,1883,2019-09-10,Marine
Indeed front,4.877977,-166.731813,43523,2019-09-17,Marine
Film writer,-11.898921,19.307502,65296,2020-01-02,Urban
Drive describe,-26.556425,113.652275,63650,2020-10-27,Desert
Together serve,-49.18749,57.632958,55873,2016-11-03,Forest
Of each,27.068593,-82.770089,51714,2019-08-25,Marine
Sister writer,63.158403,-56.167577,88661,2026-05-04,Tundra
North degree,-88.172909,-17.878233,93455,2025-04-20,Urban
Once glass,9.764042,157.569031,72815,2019-06-14,Tundra
Century century,88.833258,172.182051,56737,2024-10-14,Urban
Media party,26.932392,98.079032,47946,2023-01-27,Urban
Recognize go,-57.527577,-51.285133,87131,2022-09-09,Tundra
Important teach,84.982372,-125.690354,34343,2026-06-01,Wetland
Attack short,-34.734177,6.471401,20528,2017-11-24,Tundra
Heavy eye,-52.796366,-141.222275,71021,2021-02-28,Marine
Box draw,-2.683859,68.934712,8545,2023-10-02,Marine
Lawyer toward,-77.402361,170.753731,36650,2025-05-03,Urban
Huge training,-20.467475,106.468178,94651,2023-05-23,Tundra
Baby usually,71.593997,-174.319664,24659,2019-08-16,Marine
Next test,-77.458911,-149.611963,14171,2022-07-12,Marine
Thus bag,15.707664,29.48352,79224,2025-06-24,Urban
And cost,5.298495,114.506362,49261,2020-04-19,Desert
Environmental but,57.250503,27.276632,88540,2022-01-27,Wetland
Option memory,-21.230181,-173.020545,14502,2022-01-24,Wetland
Him some,-73.173776,-109.208822,52205,2017-03-23,Desert
Money about,-88.347912,13.758097,27525,2019-09-21,Wetland
Across budget,46.945299,57.457731,76649,2026-04-06,Freshwater
Benefit herself,62.657241,-115.578689,69204,2021-01-05,Urban
True scientist,63.177328,-134.292434,1537,2025-06-26,Freshwater
Trial artist,-44.262884,-67.506241,24673,2024-06-08,Grassland
Oil player,47.236468,-25.820657,98733,2021-08-11,Freshwater
Morning feel,50.86132,-80.87884,93728,2019-12-06,Freshwater
Size story,-3.398391,100.389912,22749,2021-04-20,Marine
Second show,-74.960858,-75.619772,333,2017-12-04,Tundra
Far would,56.635213,149.625015,4485,2023-01-03,Tundra
Throw break,58.394524,-62.643103,55276,2020-11-29,Urban
Phone anything,76.09496,-177.567488,27188,2017-01-19,Grassland
Follow similar,-84.266104,97.513223,50746,2026-02-04,Tundra
Own need,42.154953,-110.121515,89539,2020-10-15,Freshwater
Value we,-24.79716,-177.313221,31314,2019-03-03,Grassland
Science could,-49.884075,-66.806777,30054,2019-12-26,Grassland
Consider some,-9.527889,3.653687,3299,2020-05-21,Forest
Four exactly,30.031013,21.05894,41940,2018-01-30,Wetland
Start memory,-86.754531,112.465993,658,2020-10-26,Grassland
Save very,75.503422,14.12842,42381,2018-06-15,Wetland
Century best,86.503966,163.164208,26912,2024-11-06,Wetland
Total think,-19.095562,62.025159,67966,2018-11-07,Freshwater
Some life,-16.244544,-125.090627,84109,2022-02-06,Tundra
Congress enter,39.746215,-116.277211,53944,2019-10-11,Freshwater
Bill trade,-28.901055,-91.591326,20901,2019-11-22,Marine
She there,22.696487,-46.828624,19222,2022-08-13,Wetland
Say decision,-9.718058,114.044575,97959,2020-05-21,Desert
Set happy,-83.930025,-2.087706,34752,2017-04-01,Freshwater
Those into,22.209391,169.296469,72106,2026-05-01,Forest
Whole relate,79.503856,104.457896,75916,2022-11-30,Grassland
Into election,-20.117523,-90.702095,25297,2018-07-13,Forest
Always economy,29.704179,-113.248569,95174,2017-06-05,Wetland
Statement country,-82.929026,-70.079561,13261,2017-07-26,Freshwater
City land,12.806917,159.390025,99276,2019-11-17,Freshwater
Turn occur,-40.519836,38.207852,42728,2019-04-26,Freshwater
Instead plant,-26.387598,166.675468,89455,2024-09-30,Freshwater
Response hope,-30.697372,-145.713104,42727,2021-05-01,Wetland
Without buy,-45.475618,-112.356753,83759,2022-08-17,Desert
Chance use,82.55755,-164.305091,23969,2017-08-14,Urban
Per people,31.504973,-73.278577,89148,2023-02-20,Desert
Data can,-56.387268,97.217689,18676,2018-07-10,Wetland
Step by,-11.25716,-99.21326,7740,2017-10-20,Desert
Certain likely,-61.781569,80.522121,6250,2022-07-19,Desert
East good,33.157075,-110.88257,17957,2023-10-03,Wetland
Away important,-26.538214,-135.829537,5357,2020-05-02,Tundra
End sit,37.271887,-90.958885,81790,2020-11-26,Forest
Surface five,35.662191,86.957621,75867,2018-04-06,Wetland
Kitchen movie,66.394262,161.149083,51921,2021-12-19,Freshwater
Help pattern,-20.70752,137.637902,38084,2022-01-31,Desert
Stage radio,-60.085237,178.393224,10599,2022-12-21,Marine
Deal simple,56.935759,26.324138,79638,2018-04-06,Marine
Issue reason,-26.060838,-33.222767,38816,2025-05-10,Urban
Billion or,-54.185809,-0.417966,63642,2019-07-14,Forest
Heavy opportunity,-2.422729,-5.276162,20784,2024-05-21,Wetland
Parent mean,-8.455045,8.10761,58905,2020-08-27,Marine
Rock every,4.480873,8.495656,13395,2022-04-02,Freshwater
Win yard,83.387371,-34.69297,12101,2021-05-21,Desert
Upon suggest,85.335581,-41.931429,24609,2021-02-01,Marine
Director development,-9.186492,176.700938,82168,2020-11-24,Desert
Already office,-57.255282,70.787575,49989,2026-06-03,Forest
Deep move,-12.266467,-172.741835,22951,2022-11-25,Urban
Send establish,43.127031,11.109037,86733,2023-07-20,Wetland
Material occur,-56.860534,-135.500192,28148,2017-12-01,Forest
Garden protect,-26.3639,-47.865264,48225,2018-06-04,Forest
Sign reveal,-57.012661,154.779664,49929,2016-12-18,Urban
Home show,8.832923,-144.490318,19765,2019-06-19,Freshwater
Receive follow,60.88809,94.765288,4475,2018-06-06,Tundra
Risk put,-28.974167,-60.520391,49625,2023-10-30,Freshwater
List one,-33.166071,129.244837,45258,2019-07-15,Marine
Suddenly catch,-85.866817,-176.174579,30836,2017-10-29,Urban
Bank when,-37.107567,150.839642,92006,2023-10-24,Forest
Stock name,-19.263846,136.243636,59022,2023-01-10,Marine
Himself father,22.862012,51.189939,61343,2022-10-23,Freshwater
Music piece,-88.624446,-176.448202,21759,2023-08-22,Forest
Industry staff,-78.836304,-173.018563,26250,2025-03-09,Freshwater
Key determine,30.137385,-76.540353,84164,2019-07-24,Marine
Believe yourself,17.79694,-30.191037,14654,2024-06-05,Marine
Attention senior,-1.347997,-105.260063,61953,2017-03-28,Marine
