species,latitude,longitude,population,date,habitat
Structure its,-79.038941,52.416707,30711,2026-03-06,Wetland
Institution little,-29.864894,-133.503488,42297,2025-05-16,Freshwater
Join activity,25.644553,37.792818,8881,2016-10-19,Freshwater
Capital family,-35.436574,15.842019,40866,2026-06-24,Grassland
Commercial suggest,89.681111,84.579357,2362,2018-06-13,Wetland
Decision kid,-35.493899,134.916944,31193,2023-11-01,Forest
Season system,-39.010954,-69.779393,96928,2024-11-07,Forest
Lose hand,37.650882,-74.927403,30740,2021-12-11,Grassland
Beautiful dog,60.325513,-160.269493,27246,2019-04-22,Grassland
Evening soldier,-27.759312,42.531319,94270,2022-01-02,Freshwater
Theory century,-41.966811,-7.689344,58341,2024-03-18,Freshwater
City instead,54.857894,-165.841366,31115,2022-05-12,Tundra
Instead red,5.702948,-50.832829,44565,2023-03-12,Forest
Here trouble,78.743117,-124.848056,96274,2017-08-07,Urban
Natural realize,-26.710041,-14.257465,45238,2023-10-25,Wetland
Fear body,58.081105,140.481742,76507,2018-07-11,Wetland
So team,65.694233,-158.20747,57451,2023-07-17,Grassland
Itself try,-80.51999,93.44836,17719,2024-01-14,Urban
Second keep,-78.883207,-159.351907,44881,2016-10-18,Grassland
Forward sense,-45.17408,-123.678445,10420,2022-03-24,Grassland
Player situation,8.512007,-114.454529,94274,2022-05-05,Forest
Vote song,35.105885,87.712708,56193,2021-07-08,Freshwater
Today over,31.528359,24.994294,443,2019-12-07,Wetland
Soon source,-22.189808,47.1153,2041,2019-03-27,Freshwater
Road human,-23.541742,-167.281306,26512,2022-04-01,Marine
Two moment,57.331772,79.762088,1127,2021-03-12,Freshwater
Me head,37.509773,8.06864,61628,2022-10-13,Freshwater
Eye employee,-37.457389,100.403199,38078,2022-02-13,Tundra
Young born,3.345804,109.255573,31122,2019-02-01,Freshwater
Put defense,-23.560145,178.587634,5285,2016-10-21,Urban
Someone factor,-23.896373,105.332113,37010,2024-04-17,Urban
Point explain,30.736555,175.968235,22166,2024-03-02,Desert
How least,-50.203361,-103.274045,21936,2018-11-19,Forest
Business audience,35.765502,-132.024031,82696,2020-05-13,Grassland
Old little,46.550953,-102.23042,44657,2018-12-30,Freshwater
Across fine,47.749122,14.153123,3159,2017-11-15,Marine
Whose size,62.603123,-146.972826,76759,2019-06-06,Wetland
Book player,-49.879553,33.80872,88717,2022-10-14,Marine
Production doctor,88.461262,-143.80864,19536,2025-08-12,Forest
Turn relate,40.566195,-159.955779,59727,2020-03-16,Urban
Forward learn,-10.214248,84.457976,49641,2025-12-29,Marine
Task most,-64.133858,-114.198896,527,2025-10-12,Freshwater
High effort,-14.930019,-83.26629,78312,2018-12-19,Wetland
That half,21.119507,170.48091,19609,2020-09-01,Marine
Choice rise,-63.509234,-166.62486,98683,2019-01-03,Grassland
Learn would,7.078514,-39.895124,14343,2018-10-16,Desert
Behind window,6.237078,45.602239,9906,2022-02-26,Grassland
First huge,-86.130627,-173.327629,41349,2024-03-11,Wetland
Form understand,77.848438,177.951442,39988,2020-06-20,Wetland
Add up,-38.51478,-13.358034,52867,2018-10-15,Urban
Coach memory,0.629419,71.275814,96130,2020-05-08,Forest
Free continue,74.969513,-102.00694,70426,2019-02-15,Desert
Account brother,-71.440946,104.015995,87532,2023-02-13,Tundra
Occur however,-10.463886,-115.660604,37332,2019-11-16,Wetland
Rate figure,-4.968784,-51.71608,73305,2026-04-05,Grassland
End best,-21.565619,5.759537,34388,2024-12-19,Forest
Lose artist,-44.370402,179.408555,35190,2017-01-19,Marine
Week explain,65.775729,-24.302039,56110,2019-12-25,Urban
Court TV,59.598138,-150.417519,23538,2024-11-28,Forest
Bit whatever,-82.416511,-50.580193,61007,2024-03-14,Marine
Visit each,77.352318,161.909732,60405,2024-01-21,Forest
Coach much,-45.347404,-21.46001,33763,2016-11-06,Desert
Account why,71.461537,-179.611255,38454,2017-01-04,Marine
Health event,4.712239,13.401813,58746,2016-08-20,Desert
It win,-42.67695,171.256136,50167,2024-08-04,Freshwater
Word measure,67.19869,133.553047,83259,2020-10-07,Wetland
Road doctor,-16.950984,-67.113274,7517,2025-03-24,Tundra
Group recognize,20.130971,4.100974,81814,2018-10-31,Forest
Break budget,13.696861,-63.217482,90997,2025-09-02,Desert
Customer environment,79.816763,32.264677,6574,2023-04-12,Urban
Between perhaps,61.263774,148.848696,63665,2018-06-10,Urban
Piece begin,-88.326905,80.308223,28960,2020-03-21,Desert
Message month,-9.950176,62.454669,88995,2020-02-12,Wetland
Again cut,68.047338,85.375843,83329,2022-01-29,Tundra
International might,89.759816,-73.189453,70040,2023-06-20,Forest
Attorney outside,72.970438,128.640773,40084,2023-07-12,Desert
Charge her,65.99415,96.461259,80046,2019-02-09,Wetland
Record work,-85.400345,-34.859311,16470,2021-08-13,Forest
Nearly leader,76.757951,-141.774998,33426,2017-05-12,Urban
Reason check,-9.798615,-76.505179,71271,2019-11-20,Marine
Who few,74.092499,30.369053,33061,2026-01-26,Marine
Wall base,-75.173429,90.523893,73898,2026-07-07,Freshwater
Huge imagine,43.532534,153.844038,43090,2020-01-15,Tundra
Another certainly,26.633936,121.378673,13389,2022-06-07,Freshwater
Wait technology,37.592634,-153.114524,85337,2019-11-27,Tundra
Star specific,68.916543,175.892758,92872,2019-08-17,Grassland
Course instead,-84.508336,166.261916,14429,2021-04-25,Grassland
Maybe describe,78.642274,-83.091173,66095,2017-08-15,Grassland
Magazine line,12.577047,-19.955889,18121,2018-03-19,Grassland
Cold despite,-0.503684,156.618675,70088,2024-12-17,Marine
Along late,77.701229,171.954703,37837,2021-08-16,Marine
Few tax,36.877814,-43.921167,80249,2022-12-10,Forest
Factor current,-8.462478,177.127653,25468,2022-05-11,Forest
Suffer government,11.75752,9.635393,16352,2024-04-08,Forest
Deep news,43.471676,-126.5698,53650,2021-05-19,Wetland
Wear some,38.244225,-172.531889,4002,2021-04-02,Grassland
Face cell,83.335422,10.428064,56132,2019-05-04,Forest
Lose security,-4.950259,-24.907186,53842,2024-01-13,Desert
Support year,41.937828,-43.976945,80982,2020-01-24,Freshwater
West though,-48.050203,90.342341,97803,2026-02-04,Freshwater
Role inside,-9.117535,140.408429,10609,2023-05-03,Grassland
Couple as,-27.695572,114.342402,44167,2021-05-21,Tundra
Ok full,-86.387748,129.187337,49946,2022-04-06,Desert
Total water,-26.078835,-33.501382,28198,2024-06-30,Grassland
Moment even,-68.537048,-6.289046,11234,2025-01-26,Freshwater
Nothing you,7.676411,-114.788385,68801,2019-09-28,Grassland
Paper room,87.815612,81.423836,11584,2024-07-31,Desert
South I,-84.848708,162.768292,45018,2021-02-11,Urban
Bit call,-66.965081,-67.710804,82048,2016-12-28,Forest
Throw maintain,62.550787,-140.290274,32584,2017-06-23,Grassland
Quality between,-78.65029,-13.093405,45605,2017-07-26,Urban
Together sister,80.643929,156.745133,36472,2025-04-09,Wetland
Indicate value,-64.900966,124.327558,38661,2022-05-05,Urban
Memory tend,74.312464,154.396902,17660,2026-01-13,Marine
Wait opportunity,-42.418875,-165.415902,20357,2021-04-17,Wetland
Statement house,-55.857037,165.832109,49472,2017-10-08,Grassland
Specific general,-13.852515,-53.537532,84254,2023-09-29,Marine
Fly space,82.660528,127.108311,54279,2023-02-11,Forest
Final city,88.681654,162.361326,29775,2021-01-11,Tundra
Color wife,-39.281356,-1.75124,38444,2026-04-02,Forest
Movie mother,-6.268773,118.830237,49638,2020-12-01,Freshwater
Similar political,-2.366226,52.253661,86473,2017-05-31,Freshwater
Cut arm,-89.709359,-43.190591,70771,2021-01-27,Desert
Technology structure,22.925069,-120.038517,2204,2024-09-28,Desert
Agency drop,-13.467824,71.879998,41772,2019-03-11,Urban
Behavior charge,82.048088,-63.578261,82585,2023-02-12,Desert
Seven season,72.954194,-160.596612,71413,2025-05-04,Wetland
Key a,-43.63483,-28.616387,89562,2023-02-01,Desert
Unit bank,-15.75927,13.13825,83250,2018-08-21,Freshwater
Wish stop,26.807959,-129.40876,9632,2020-02-26,Tundra
Begin help,68.789872,-58.778919,29219,2017-06-15,Urban
Parent industry,32.777033,-43.347858,65654,2024-10-03,Wetland
Fact stay,-81.289868,163.758278,59186,2025-04-03,Tundra
Else country,-38.133789,90.768612,87065,2023-12-29,Forest
Treat mission,50.512344,-28.355746,93658,2017-10-10,Grassland
Lay story,11.622012,-46.025546,81078,2025-12-30,Urban
Able institution,69.353174,43.724403,53690,2021-01-05,Urban
Note age,-79.554293,-102.582081,69427,2020-03-12,Forest
Friend trip,-0.996048,-158.735712,89687,2022-04-22,Urban
Know mission,82.267878,17.150225,14232,2020-08-03,Urban
Quality power,34.953149,34.842869,66071,2017-11-16,Urban
Never capital,21.333273,44.774114,64463,2020-09-29,Grassland
Today point,-87.83417,-110.699015,71692,2026-04-30,Forest
Ago parent,-62.537104,33.200932,80035,2025-03-24,Desert
Fact evidence,-82.273768,124.972353,63335,2022-12-25,Forest
Change be,-66.927512,-153.928894,20164,2026-01-27,Wetland
Office travel,61.287555,-98.085555,82170,2026-02-15,Grassland
Simple whether,87.597617,37.308755,3581,2017-04-04,Desert
Situation manager,4.753426,95.425889,27317,2017-09-11,Marine
Take not,-45.511702,-75.12769,92714,2023-08-08,Urban
Control career,26.290458,148.932939,43763,2023-05-08,Freshwater
Institution wide,-14.418933,103.58274,2200,2016-07-28,Forest
Week tax,87.168054,164.516205,48047,2023-04-08,Tundra
Perform child,71.577009,72.066531,73147,2023-02-13,Desert
Technology off,7.450599,92.152748,41834,2020-04-28,Urban
Ground consider,51.122603,129.030699,67458,2026-04-14,Urban
Represent security,-63.044253,70.006109,81249,2022-10-10,Forest
Probably particular,3.560965,24.73659,424,2024-06-18,Desert
Nor door,20.17567,119.169535,36493,2018-03-11,Tundra
Body site,68.458573,137.050748,29941,2025-05-22,Marine
Cost store,66.143418,40.891021,74054,2025-03-30,Tundra
Bar protect,-19.67284,-97.184212,2373,2020-12-27,Wetland
Effort travel,-60.402191,93.224687,45504,2019-08-28,Forest
Smile language,-48.583364,-27.607877,89897,2019-09-18,Wetland
Run simple,-6.739955,151.193193,52583,2022-09-01,Wetland
Floor would,53.825415,-39.826969,52043,2020-04-17,Desert
Right purpose,-36.123699,62.861687,70560,2019-07-04,Grassland
Fast send,45.759926,-179.48556,28147,2022-01-07,Grassland
Sense fight,76.010562,41.05561,22507,2023-05-19,Desert
South show,-84.288279,102.597046,21645,2019-05-19,Freshwater
Glass final,-87.528737,94.491406,60808,2026-03-08,Wetland
Sort green,29.268684,-29.066842,33644,2019-11-08,Desert
Already week,-71.80538,-118.191818,45047,2026-02-16,Urban
Service glass,20.764935,128.710849,17161,2021-11-06,Urban
Skill newspaper,-68.650838,71.295116,75684,2019-09-09,Desert
Tree fly,-62.115371,7.796647,18218,2020-04-13,Marine
The know,-25.800809,2.523484,69875,2023-07-31,Desert
By staff,33.572326,-21.742639,4329,2018-02-24,Forest
Ability seek,44.770116,1.418078,59932,2019-06-18,Grassland
Nation likely,-56.34049,-103.736822,49467,2025-05-01,Grassland
History during,-4.250935,75.447197,71423,2018-06-25,Wetland
Foreign relate,-35.501876,-121.692579,67303,2017-10-02,Desert
Use manage,48.050572,78.567745,52184,2021-06-08,Forest
New admit,-7.67477,169.941452,65234,2024-10-27,Desert
Trouble while,-64.568314,30.727694,27330,2022-02-04,Marine
Understand three,-14.751714,-35.957877,72398,2017-04-15,Forest
President purpose,53.597299,178.198673,42253,2019-02-19,Urban
Sure rich,-14.538106,8.499621,54553,2020-07-22,Freshwater
Team talk,-61.892343,15.219532,24143,2021-08-25,Marine
Our enjoy,18.075197,-161.23299,72829,2021-07-13,Wetland
Piece hot,-55.52723,7.646243,61266,2021-02-03,Desert
Instead hard,76.51547,-52.465583,34180,2025-10-14,Forest
Either book,-13.591354,8.065358,15578,2017-08-27,Tundra
Worry investment,10.716291,-79.030925,51416,2016-08-29,Urban
Interesting probably,-80.481644,66.617778,11979,2019-11-07,Urban
Whose reveal,-87.974714,112.623158,63882,2017-07-17,Urban
Finally place,65.393823,40.365704,78390,2024-08-17,Wetland
Media senior,-4.13015,-52.113123,77043,2023-05-15,Freshwater
Project office,-45.753165,-122.891313,22675,2023-12-29,Marine
Cultural mention,-55.549899,-6.236699,40886,2022-06-24,Wetland
Modern enter,40.563402,-79.299797,18050,2024-01-17,Wetland
Effort future,49.076476,56.611366,2332,2024-01-04,Grassland
Finish moment,-61.972034,-24.419913,94280,2017-08-12,Forest
Subject later,-59.818009,-65.467998,92899,2022-09-25,Forest
Your common,57.257417,-175.932916,5191,2025-09-15,Forest
Truth position,-59.446501,-175.56315,15321,2020-03-29,Marine
List practice,-21.318624,-170.71962,86438,2018-11-07,Desert
Region field,-68.7796,152.363623,28275,2023-10-10,Tundra
Realize road,57.034394,75.072815,30617,2018-05-02,Tundra
Product final,81.945542,32.259355,19335,2019-05-12,Urban
System adult,54.751179,-141.371283,35806,2025-06-14,Marine
Yard when,-12.405051,21.623965,89404,2021-04-11,Desert
Report class,-36.664231,164.561784,29901,2017-04-27,Forest
Story force,-28.122159,-152.720581,93595,2017-02-15,Forest
Approach pattern,15.400264,-129.549122,39405,2024-02-24,Marine
Wide team,71.136437,27.845393,76789,2026-02-03,Forest
Within avoid,55.332229,-161.799885,17278,2022-12-14,Desert
Remember child,-48.776443,-78.739716,52517,2019-04-11,Desert
Him character,56.603454,98.866795,60263,2023-09-27,Urban
History laugh,29.625177,88.685538,63882,2022-03-29,Freshwater
Feeling factor,-56.54374,127.102673,75560,2019-08-21,Forest
End him,84.309253,16.43915,7141,2019-01-08,Desert
True discover,-83.365363,7.709774,62229,2024-12-31,Grassland
Simply always,-1.665466,156.997845,40907,2024-01-25,Freshwater
Key home,-25.776853,168.737668,53082,2019-02-12,Forest
Collection car,-75.141293,121.312624,43318,2018-08-11,Wetland
Good computer,65.263984,-114.647057,93903,2023-05-24,Forest
Themselves somebody,76.402771,159.268148,37363,2017-12-04,Wetland
Political little,-3.282943,-179.149725,83979,2020-01-05,Forest
Each probably,70.211288,140.20159,6519,2026-06-05,Tundra
Success day,-73.116851,-9.425186,14858,2019-07-25,Grassland
Country young,58.081202,-119.49632,93945,2024-01-18,Forest
Town budget,36.233277,-129.733526,83402,2019-12-07,Freshwater
Eye knowledge,-5.28536,38.260922,10082,2018-12-08,Tundra
Garden culture,43.933181,115.424032,56472,2025-06-12,Wetland
Sort condition,34.194409,56.423015,98474,2021-07-14,Desert
Green power,-82.485061,32.995072,61455,2019-09-21,Wetland
Account stand,43.49087,-0.532555,28940,2021-07-14,Desert
Fight dream,59.36398,-66.708704,43031,2022-01-06,Forest
Often bar,-64.946197,36.036825,22678,2019-01-15,Grassland
Audience drop,68.4056,110.992601,49828,2019-01-07,Marine
Possible responsibility,-74.914848,56.24012,91359,2018-09-19,Forest
Seat cause,29.638409,-81.542694,60398,2023-11-27,Tundra
Improve listen,-2.661774,-78.318959,88599,2018-12-18,Wetland
Only reality,-51.232589,148.233085,74221,2019-07-01,Tundra
Organization way,-12.060507,-37.129547,3615,2016-08-28,Urban
Power political,-64.61045,128.517222,41061,2016-10-01,Forest
Catch big,-1.336152,99.09789,80147,2025-12-21,Marine
Then tree,-47.70161,-113.2538,39477,2023-02-06,Urban
Establish doctor,-78.433367,72.340905,72301,2023-10-17,Wetland
Student end,-5.93611,81.198801,44573,2019-05-18,Tundra
White control,67.902634,104.760751,18818,2022-07-13,Forest
Appear policy,-20.431723,-140.696626,36047,2022-12-22,Grassland
Direction mention,-52.560193,-89.559576,16155,2022-11-26,Desert
Pm against,77.55876,-114.504551,24016,2025-08-13,Marine
Bed degree,13.431438,77.973388,72058,2023-02-26,Grassland
Shake add,54.821379,48.949837,47058,2021-04-21,Grassland
Financial produce,52.436866,170.435201,98435,2022-11-21,Urban
Argue suddenly,26.382929,-57.229047,30486,2025-04-15,Wetland
Price gun,67.448543,150.24809,71177,2017-01-07,Marine
Drop tell,-7.789504,-115.06604,7857,2021-04-16,Urban
Value allow,-41.029217,167.989008,36792,2026-05-27,Freshwater
And rule,81.799913,-39.748797,40239,2025-04-22,Wetland
Check resource,4.466451,-91.646668,49761,2019-10-05,Grassland
Approach few,-49.139953,-126.94638,58948,2024-06-19,Urban
Grow turn,-38.185216,-177.325866,71426,2016-08-12,Freshwater
Stage adult,-29.737813,92.606953,93631,2017-12-27,Freshwater
Decade lose,-30.046147,-27.069282,7947,2020-11-28,Tundra
Challenge room,27.763573,139.849511,6798,2020-02-28,Grassland
Avoid article,71.309284,73.987674,68014,2026-01-05,Forest
Strong scene,-63.67445,120.40114,27162,2025-11-10,Urban
Church carry,30.975532,-133.581168,87340,2017-06-07,Grassland
During them,-61.762447,118.588563,42355,2025-01-26,Freshwater
Board forward,-13.333639,-131.40043,52326,2017-11-11,Marine
Important road,40.762953,154.568039,64512,2018-03-25,Tundra
Religious strategy,65.897069,10.090095,38066,2022-07-14,Desert
Short knowledge,32.68572,-101.830282,88512,2022-01-12,Freshwater
Head candidate,-32.51208,-87.758081,93504,2016-10-02,Wetland
Information professor,-6.64533,135.074308,77162,2025-08-25,Desert
Successful note,48.726095,40.193077,60035,2024-01-16,Tundra
Mind however,-14.229825,-50.434637,44599,2023-10-30,Urban
Within page,-52.979753,123.285339,60571,2018-08-29,Tundra
Hotel office,-79.755903,13.664269,94094,2023-12-04,Tundra
Collection team,43.151555,-152.500219,57390,2018-10-28,Desert
Decade cost,-3.149965,22.461171,43746,2023-02-22,Freshwater
Feel charge,59.570388,89.296738,75978,2019-05-12,Wetland
Sure off,38.63735,128.687085,67255,2025-03-19,Marine
Between particularly,9.769164,-127.993851,36652,2022-01-01,Wetland
Reduce less,-25.434402,-160.492694,86137,2019-11-17,Freshwater
Say suddenly,81.844671,-36.778782,956,2024-11-08,Freshwater
Government go,-24.569578,-167.14871,58528,2020-10-11,Marine
Dream inside,-22.30472,-101.906442,1170,2021-12-28,Tundra
North ground,66.087265,-31.891792,17741,2022-11-26,Wetland
Like crime,-34.877233,-27.860918,61145,2017-09-28,Grassland
Meeting during,-70.253002,-45.352823,9715,2026-04-14,Forest
Large later,32.55547,135.670155,11320,2022-10-07,Urban
Leave conference,75.375544,97.25349,51646,2025-10-14,Freshwater
Majority at,-66.836143,90.731955,89976,2018-03-04,Tundra
Structure blue,-38.417282,-133.30948,17888,2017-02-22,Wetland
Animal summer,29.752789,-176.216032,11178,2024-12-03,Forest
Consumer ground,17.21214,-175.442166,60409,2018-03-04,Forest
Cultural save,-9.801935,-95.958735,62568,2017-09-02,Freshwater
Free past,34.195493,19.229496,19541,2022-03-20,Grassland
Every leg,-11.895138,-52.931571,70768,2017-04-15,Marine
Prevent face,58.52505,5.80137,52824,2025-05-03,Freshwater
Including action,-3.256023,-141.539077,59894,2016-12-23,Forest
Seem four,32.136642,-91.759698,74104,2020-01-23,Marine
Memory three,74.226024,-176.187937,5060,2021-06-07,Urban
Reduce past,-68.165373,44.883655,44474,2019-03-19,Marine
Three individual,74.191076,45.156779,73852,2025-07-29,Urban
Election bad,87.615947,12.358804,72174,2019-07-14,Wetland
Green student,30.674371,-76.039937,35471,2022-08-27,Grassland
Clearly you,-82.004287,-104.413032,59440,2018-04-07,Forest
Movie fall,73.033397,144.996941,54641,2021-12-05,Urban
Success again,-19.740443,-24.650848,25796,2024-02-01,Desert
Follow prove,30.245021,-127.443213,34793,2017-01-16,Marine
Wide include,34.688411,-21.070743,78459,2016-10-18,Urban
Or ball,75.655057,51.691597,82817,2025-05-08,Forest
Choose mean,44.000016,-118.055448,19920,2022-09-11,Freshwater
Indicate with,58.976719,-74.517857,96858,2022-07-28,Tundra
Opportunity democratic,-55.490715,-83.578945,20438,2024-12-08,Marine
Common fine,-67.401293,-97.404048,72037,2022-04-27,Freshwater
Visit respond,21.910285,-42.820464,34964,2016-09-29,Freshwater
Seek identify,51.975,172.099861,79353,2024-02-24,Grassland
Goal skill,-54.708281,10.073232,45931,2016-11-19,Forest
These back,-12.012129,39.553551,61339,2017-03-13,Grassland
Machine somebody,-72.267326,168.872245,36899,2023-10-07,Freshwater
Whom discuss,-56.860638,101.902398,64006,2025-05-12,Tundra
Career appear,31.794837,72.058341,31650,2017-10-25,Desert
Listen service,-0.622897,-85.296608,64945,2025-01-13,Wetland
Building rock,4.607417,-90.524579,5267,2019-03-16,Grassland
Four water,74.059563,59.168371,93333,2025-06-19,Marine
Away cold,-42.456914,-49.568148,64594,2020-11-21,Marine
Impact together,68.42832,149.314933,35985,2021-07-05,Freshwater
Series meeting,-65.479398,88.920317,97652,2020-03-01,Freshwater
Environmental drive,-75.876762,-92.476624,86677,2020-11-05,Urban
Be determine,-36.157976,165.691364,54142,2021-11-18,Marine
Audience cultural,-22.32924,-27.778308,57645,2016-12-21,Tundra
Occur cut,-1.499522,-90.747388,35120,2025-05-15,Marine
Help someone,9.143431,52.98013,76680,2021-05-17,Marine
Road effort,0.206031,-158.223537,22776,2021-09-02,Freshwater
Leave early,-69.908667,63.131173,94495,2024-02-04,Tundra
He wrong,23.106158,83.926341,47285,2023-09-03,Grassland
That option,-59.607006,-179.772178,71547,2017-11-21,Urban
Top share,-78.837064,109.4969,49876,2025-03-29,Tundra
Next listen,87.54735,-50.560032,47243,2026-07-18,Freshwater
Me together,68.726022,95.80451,91612,2019-07-24,Marine
Write class,-28.241522,-37.547664,4670,2016-11-27,Marine
His course,18.121591,175.397759,9368,2019-02-05,Marine
Often process,-9.565256,-5.951503,65829,2018-04-12,Wetland
Bag avoid,-7.622443,-121.779865,88147,2021-10-26,Desert
Health community,58.69287,-56.378046,8477,2018-04-14,Urban
Million lose,70.293188,-57.333817,93908,2024-09-21,Freshwater
Continue tell,-19.206292,175.532336,29814,2025-04-10,Marine
Section necessary,-80.738061,-164.375543,42097,2019-08-03,Freshwater
Most society,21.882396,39.181161,57225,2020-10-11,Grassland
Look fish,-67.437844,-87.919516,19252,2017-01-28,Forest
Serious too,-45.232859,7.576601,76175,2024-07-05,Wetland
Another chance,48.003434,-129.077019,42694,2025-12-02,Marine
Side eat,71.921822,94.516284,55563,2021-09-09,Wetland
Health computer,47.426344,-17.055774,38256,2021-04-17,Grassland
Understand feel,-38.242699,-47.621084,7799,2017-12-12,Forest
Hot only,1.507721,137.402891,68116,2023-05-15,Forest
Mr fast,38.595172,-45.616306,59715,2021-04-18,Desert
Red evening,24.877874,-12.077967,3128,2024-07-05,Grassland
Blood case,-30.936412,-112.325856,31636,2019-04-25,Forest
Rather wish,58.182674,119.628387,90514,2022-06-14,Desert
Skill yeah,-34.999891,124.71673,93458,2018-02-24,Tundra
Reality sit,67.305289,-132.68335,70721,2023-10-26,Freshwater
Job ever,-54.244555,39.415224,44804,2018-08-31,Grassland
Hope wall,51.001597,-141.399588,25365,2017-04-17,Forest
Deep single,66.97058,-18.382455,84177,2020-06-17,Freshwater
Effect price,20.787103,131.134672,56857,2022-06-26,Forest
Subject ability,-85.92202,78.005643,48673,2022-07-27,Tundra
Firm improve,-74.701924,34.917586,7407,2024-02-27,Desert
Stay travel,78.595442,26.391518,37032,2019-10-07,Wetland
Personal receive,60.622338,-16.04947,25357,2024-11-20,Grassland
Hair watch,5.421434,-89.574475,96563,2020-06-12,Wetland
Board sometimes,-62.71568,59.053012,7733,2022-02-22,Forest
From trouble,13.518722,178.32512,35995,2022-12-07,Marine
Wife land,0.318039,68.152379,40542,2026-05-22,Desert
Exist daughter,-25.156149,90.631343,74747,2019-12-18,Forest
College return,-80.129035,97.664337,17897,2022-09-19,Marine
Wrong development,-30.623709,23.929483,83058,2016-10-28,Grassland
Anyone everybody,43.565778,100.276443,29550,2023-09-15,Marine
Find television,-86.05148,9.632913,10706,2021-12-03,Freshwater
People take,-23.432739,-165.701288,77210,2025-08-18,Desert
City thus,56.0662,78.635464,56100,2020-05-25,Urban
This commercial,-42.336556,175.836931,7960,2024-10-22,Marine
Spring exist,-53.574786,-172.61161,11433,2023-10-29,Urban
Simply generation,8.120236,53.290818,35103,2023-06-09,Desert
Her fact,-85.92986,-13.051791,68510,2020-07-16,Tundra
Financial which,-85.632748,-110.904852,55963,2017-01-14,Tundra
Sell upon,-19.489558,-158.554007,27918,2021-07-11,Grassland
Fine including,-89.417046,68.612044,99847,2024-03-15,Marine
Nothing animal,44.345434,-119.852281,75392,2024-10-17,Desert
Pattern case,-53.922374,-171.228775,26963,2020-10-09,Marine
Catch show,11.273932,88.556137,58055,2024-06-09,Urban
Focus professor,-6.888823,97.874668,75200,2021-06-07,Marine
Tax environment,88.836464,-109.884547,87719,2017-04-30,Urban
Record safe,31.523126,-109.626284,32857,2025-12-08,Freshwater
Mind out,-36.81282,-147.594964,30700,2019-10-08,Forest
Hair down,-28.090982,146.372681,71087,2019-06-04,Desert
Few art,-3.652755,-130.135439,45128,2022-09-30,Desert
Structure fear,87.124428,-148.707123,66491,2020-04-05,Grassland
Box while,-68.613014,-162.538836,86919,2022-09-10,Marine
Look south,1.408939,-115.600181,3868,2026-04-27,Grassland
Themselves traditional,70.245399,90.350446,46975,2024-01-12,Urban
Case open,53.969839,174.453935,20629,2021-09-18,Forest
Page ask,33.689983,44.31071,54498,2023-05-25,Marine
West writer,-13.86052,-73.961707,85092,2022-11-20,Freshwater
One activity,17.3025,-92.016692,75129,2016-07-27,Marine
Upon always,-16.231635,-149.532996,36446,2020-02-22,Wetland
Although ten,-2.011603,-177.242305,17699,2022-11-27,Desert
Recently a,54.354209,158.387458,96241,2024-12-20,Freshwater
Development student,-74.704798,119.212844,22953,2018-10-28,Marine
Ask benefit,-84.624817,-125.02258,70952,2025-08-08,Tundra
Her I,-53.953289,1.908087,17103,2017-03-16,Forest
Six we,18.942405,-120.999633,31737,2022-10-07,Tundra
Argue network,88.250884,163.227783,71622,2022-11-19,Freshwater
Bed first,14.178373,-151.002321,75418,2026-03-11,Forest
Research protect,40.826428,-14.150359,88877,2017-02-06,Wetland
For industry,27.911895,-177.735252,77329,2021-02-18,Urban
Serious personal,-69.096094,-33.4221,18450,2021-08-09,Urban
Affect chance,-41.84659,118.387065,51225,2019-10-19,Forest
Pick sign,-9.418906,-177.273248,38372,2017-01-01,Urban
Ability avoid,32.112602,-25.402219,1250,2019-04-04,Tundra
Technology avoid,-28.482334,-40.466787,18703,2017-10-14,Freshwater
Follow meeting,-56.387864,-115.440928,16850,2023-10-02,Wetland
Special free,9.622385,-92.29763,38012,2018-08-09,Freshwater
Evening from,33.662432,-11.678589,1814,2020-07-05,Wetland
The kitchen,11.630415,125.020916,76109,2019-03-15,Marine
Year around,60.812417,158.479597,30836,2024-10-06,Grassland
Structure general,-14.327105,-161.878463,31127,2019-09-25,Desert
Chair section,59.214945,-176.817972,83091,2017-08-17,Wetland
Weight movie,28.008157,178.247294,36520,2017-03-28,Urban
Goal society,6.677804,-14.983443,26459,2020-05-25,Marine
Then production,-68.487142,-18.194067,65277,2017-06-25,Forest
Natural so,83.609863,110.019409,63921,2016-09-27,Wetland
Make especially,32.854514,-91.834699,39419,2021-03-24,Tundra
Decide glass,-4.811018,157.509005,8345,2020-01-17,Urban
Nature expect,20.871646,51.430168,61446,2020-04-18,Freshwater
According tax,23.848752,159.405476,46391,2023-12-09,Tundra
Product thing,-74.753329,170.763779,73327,2024-09-12,Marine
On seat,-82.379954,146.253021,34181,2025-08-03,Desert
Themselves floor,-82.459821,77.413159,43560,2025-01-03,Tundra
Manage player,79.186799,63.00834,51710,2023-04-24,Wetland
Product between,58.561161,-56.307973,84037,2022-02-20,Desert
Few attack,20.536625,-42.199768,35171,2017-03-03,Marine
Feeling everything,53.503114,-68.598158,9103,2024-01-07,Tundra
His character,42.541625,-175.611294,16258,2017-05-25,Tundra
Condition someone,85.9979,-103.094721,78848,2025-04-18,Tundra
Success everything,35.143998,-38.410387,10442,2016-09-12,Urban
Administration why,11.629812,-111.444512,22567,2018-03-30,Marine
Cup whose,-88.192855,-101.272591,30645,2020-01-16,Forest
Everybody lay,9.227645,-73.744334,7035,2023-04-10,Marine
Evening adult,14.441116,-73.447753,4482,2018-02-04,Tundra
Where that,14.198351,-125.729797,71999,2021-05-17,Desert
Performance increase,-34.199398,-84.243237,27852,2019-12-06,Desert
Place heavy,48.944845,-108.766571,51121,2018-07-03,Urban
New card,-8.093486,-149.90719,46536,2025-10-31,Marine
Kid affect,-46.035176,-162.707452,63115,2025-12-22,Tundra
Pressure meeting,77.357308,-32.147116,67183,2022-01-16,Desert
Vote hot,-62.421931,64.398262,12706,2017-09-09,Tundra
Ahead culture,-56.249725,-17.867818,63000,2020-10-19,Freshwater
Day they,-80.119121,-173.696565,47251,2020-07-05,Desert
Decade professor,13.40378,112.834377,84250,2025-09-20,Desert
Boy quickly,-81.58872,109.295939,23040,2025-05-25,Grassland
Reality pay,64.012917,79.500226,61590,2022-09-23,Grassland
Oil simply,-11.681941,-130.319911,23626,2019-05-16,Wetland
Eye want,43.982382,85.276964,66477,2021-03-19,Desert
Able image,-34.21964,35.654041,2951,2022-02-27,Marine
Tough action,40.324409,-66.363808,54914,2019-01-14,Grassland
Main must,-12.965018,-23.41452,80864,2016-12-29,Urban
Popular provide,52.282605,132.472669,21149,2016-08-18,Grassland
Season pattern,-83.940595,-50.557101,38100,2023-08-19,Desert
Go goal,-60.262584,56.128325,10750,2022-12-21,Urban
Campaign see,-32.990235,-131.897477,71661,2021-06-22,Grassland
Company every,-26.235538,59.514866,39379,2024-03-04,Desert
Wind suddenly,-12.628887,163.9194,91759,2025-10-27,Marine
Once not,45.890418,96.76045,11511,2024-09-08,Marine
Forward fire,-15.36,145.715933,8648,2018-05-07,Urban
Relationship capital,17.405806,63.981294,77978,2024-02-05,Forest
Morning together,47.348546,-148.208409,4356,2018-09-15,Grassland
Campaign affect,29.940694,25.322434,22755,2024-04-08,Forest
Thank better,49.37046,5.70606,24748,2020-04-05,Marine
Ok someone,-46.571594,-0.044609,79636,2016-11-20,Marine
Different look,-28.817974,-11.444744,39639,2018-06-19,Marine
Decision official,-27.483393,125.266143,95196,2020-03-07,Grassland
Write site,-7.611898,62.83593,59166,2023-12-01,Forest
That condition,17.666894,-12.287551,56166,2023-07-11,Forest
Your hour,-8.467285,23.170725,78522,2019-06-16,Tundra
Television television,68.18372,-26.896494,17337,2023-04-19,Urban
Federal do,68.815666,121.738183,79790,2019-03-08,Tundra
Week staff,32.436457,48.656093,28641,2022-12-28,Freshwater
Money price,-63.32395,-164.954811,14346,2025-01-03,Grassland
Per lay,65.880693,-169.820153,73959,2021-10-06,Urban
Follow situation,89.938933,0.580135,89847,2025-12-27,Tundra
On own,-78.184895,-38.871025,61903,2026-02-28,Grassland
General author,9.061549,-33.901835,5750,2016-07-29,Grassland
Pattern heart,-67.521121,-171.472644,6060,2020-11-05,Wetland
Occur college,63.091988,23.737787,65258,2018-10-08,Marine
Market cup,9.267824,-107.117827,16810,2025-12-17,Grassland
Hospital poor,-26.90581,-85.308027,26398,2022-04-22,Grassland
Establish world,42.950109,63.177647,15234,2024-05-20,Urban
Whose analysis,5.475736,71.115653,32039,2018-09-28,Forest
Know head,-12.415398,131.206844,31693,2018-10-18,Marine
Country fly,67.410587,-66.231239,45661,2022-09-18,Grassland
Machine health,11.247905,165.421803,62286,2017-03-08,Tundra
Energy challenge,-82.441565,-179.881577,42544,2020-06-05,Grassland
Guess provide,-89.028493,130.790332,85015,2023-06-25,Forest
Professor arm,-85.776956,-70.102084,26977,2018-08-17,Urban
Look up,-61.386885,113.810203,35170,2020-12-28,Freshwater
Option me,-20.538061,-100.697051,59007,2019-07-08,Tundra
Series focus,7.19532,-16.007717,55101,2024-01-07,Desert
Wonder fill,44.248351,15.838787,48915,2018-03-17,Forest
Director with,36.850709,163.868013,53442,2020-12-26,Tundra
Rule free,-0.4872,25.91364,46441,2022-12-24,Tundra
Official every,43.774592,73.989338,51096,2023-01-21,Freshwater
Imagine something,-44.995151,-104.486913,26681,2022-02-26,Wetland
Left what,28.23712,-120.485419,94675,2025-10-23,Forest
Product fill,-60.520166,-67.346457,61183,2017-05-05,Freshwater
Blood mouth,64.087577,-178.272225,28339,2017-10-24,Tundra
Others challenge,64.877084,124.849437,74921,2018-02-22,Desert
Where modern,-27.257667,-45.6335,3202,2022-04-18,Grassland
His son,-55.869149,-13.887903,43291,2019-05-13,Forest
Specific lose,-81.334983,98.032068,2313,2023-07-24,Grassland
Process hot,13.252643,151.596645,52388,2025-09-28,Marine
Impact represent,70.667311,65.146005,13268,2026-07-04,Marine
Recent training,-64.368594,131.596263,68172,2025-03-07,Desert
Doctor determine,61.452083,-107.677528,52675,2025-11-21,Marine
Provide finish,42.176527,-39.676668,47479,2019-02-09,Wetland
People daughter,21.669159,106.933117,60199,2017-03-21,Wetland
Political different,-24.472981,-13.612615,74857,2019-02-04,Grassland
Across science,77.920139,93.830746,78758,2017-04-06,Desert
Ball however,-29.46395,-103.721057,17571,2025-09-19,Desert
Use field,-63.0808,-88.936374,83869,2025-05-26,Wetland
Though water,13.500788,-51.197101,40852,2022-06-24,Wetland
Success west,82.6153,37.334595,37081,2025-11-13,Desert
Join model,-33.964862,-103.029161,81239,2024-08-17,Forest
Opportunity major,-80.673349,95.182695,25555,2016-11-27,Forest
Nor design,61.686577,-179.085131,37781,2024-01-27,Desert
Television theory,-21.806226,-56.363985,6874,2019-03-17,Desert
Certainly top,-85.656804,-158.370939,2402,2017-03-09,Grassland
Language better,24.596017,117.454559,75489,2017-10-27,Forest
Not prevent,-73.079768,-156.315238,15772,2024-10-15,Desert
Sea forward,-49.710126,14.820547,78441,2020-11-24,Urban
Visit administration,3.811684,71.097941,72270,2025-04-15,Desert
Kid language,-41.573924,172.439999,46896,2017-12-22,Freshwater
All very,-25.308362,36.766668,82053,2020-03-16,Grassland
Weight amount,17.096115,77.915256,32401,2017-03-11,Grassland
Conference rule,-1.372007,155.42296,11001,2016-10-14,Wetland
So national,-41.545854,71.015923,89183,2025-05-25,Forest
Generation future,54.192063,-164.697411,40335,2019-09-17,Grassland
Ten chair,-62.618695,23.953922,50963,2022-04-06,Freshwater
Leader authority,60.610028,73.040711,96962,2024-02-04,Marine
He participant,39.818389,-128.662882,80800,2020-07-28,Urban
Paper tend,23.762201,-67.950891,69153,2022-09-13,Tundra
Better recently,8.586419,-76.308657,17788,2023-05-24,Forest
Out offer,46.792138,-179.546983,46486,2018-01-17,Grassland
Another success,27.787662,2.43309,40629,2022-01-12,Wetland
Tax book,-68.119309,-36.027224,28461,2017-06-08,Desert
North large,80.056176,-150.625083,59508,2024-12-06,Forest
Action near,73.602464,-177.482418,59031,2023-02-21,Marine
Policy sea,51.095243,162.68887,55604,2018-08-28,Freshwater
Admit improve,33.758126,-44.629683,42915,2018-06-05,Desert
Small draw,-44.162828,12.224793,68777,2022-12-15,Tundra
Type shake,70.213779,21.548727,2222,2026-04-28,Marine
Next simple,-38.046818,75.52474,77739,2017-11-02,Forest
Enter front,27.835773,164.158032,99948,2018-06-14,Desert
Common he,-61.403152,-38.940658,83003,2018-03-06,Wetland
Threat contain,53.082196,-56.832046,8957,2019-09-09,Grassland
Alone official,-20.469986,98.257801,62693,2019-08-03,Wetland
These time,65.164343,44.298269,58940,2025-05-23,Wetland
Everyone letter,-28.401086,99.946679,24226,2021-03-05,Marine
Ok eight,51.037467,-84.591695,92359,2016-09-18,Freshwater
Call maybe,-32.955125,6.942369,67407,2016-07-20,Desert
Possible author,-23.146157,-118.530801,8492,2024-11-12,Marine
No else,-8.598961,-63.577332,23678,2024-05-21,Forest
Person who,68.604839,-134.515871,42228,2021-01-23,Urban
Everything should,-23.463187,25.662947,14185,2017-11-19,Urban
During community,26.84678,-22.589619,1618,2022-11-18,Desert
Management explain,-73.098685,130.260172,37683,2018-06-04,Wetland
Race international,-66.859404,98.743454,54256,2024-02-20,Forest
Listen never,31.886372,139.954005,38146,2016-09-08,Desert
Itself against,-80.17704,94.88514,37679,2018-04-13,Grassland
Speech thank,36.933433,-158.012229,80461,2019-12-12,Desert
Sometimes wish,82.998889,25.73182,93486,2021-01-05,Freshwater
Rise young,80.458192,-47.145636,81520,2019-02-04,Wetland
Address positive,85.890307,-78.554103,669,2018-12-08,Tundra
Owner light,13.803874,-0.674789,50137,2020-06-25,Urban
Know board,40.410152,123.401776,51525,2026-02-27,Grassland
Under common,-70.589804,-32.280342,75620,2019-06-07,Wetland
Marriage type,-9.866759,68.052874,50560,2021-01-20,Tundra
Figure prepare,8.564194,-43.916319,62337,2024-11-28,Desert
Case task,-68.518132,-116.960814,9859,2024-07-06,Urban
More quite,-23.730952,54.427249,18291,2025-10-02,Desert
Structure upon,52.753674,34.70484,23911,2020-05-08,Grassland
Interesting heavy,12.854637,-160.009139,30322,2023-12-15,Tundra
Enter morning,80.833118,37.454141,64823,2024-05-02,Freshwater
Often people,82.181581,-76.754277,12960,2019-12-01,Marine
Class western,-29.279941,-169.459451,78388,2024-08-31,Freshwater
Development also,29.756236,165.198009,92526,2024-09-26,Forest
Administration work,-50.417949,165.054806,10993,2021-01-26,Marine
Run mind,-24.165916,-77.379368,91924,2018-01-28,Forest
Position according,48.665411,34.419034,34768,2025-10-31,Freshwater
In business,-12.413343,-64.19917,72473,2022-08-22,Urban
Capital democratic,-79.738905,110.845654,30179,2020-03-18,Marine
Certain health,-44.796,-176.243532,64547,2019-12-04,Urban
Turn economy,-27.33753,-149.960955,30281,2019-10-29,Marine
Though of,-60.139825,-59.185232,55629,2025-09-14,Grassland
Ok role,66.320097,99.13989,80959,2020-01-25,Desert
Return nature,-26.663861,149.230298,35282,2020-05-07,Marine
Off explain,22.255127,-114.293901,31985,2026-03-12,Urban
Manager television,26.560631,-173.64805,79562,2018-04-11,Freshwater
Cultural performance,83.987197,-170.345908,74897,2023-08-16,Forest
Clear put,47.615568,107.18529,44297,2022-05-19,Marine
Future tell,1.446386,57.461676,67986,2025-04-21,Marine
Create nice,-63.862885,132.66153,4501,2024-09-18,Grassland
Budget forward,53.674585,-149.073746,47402,2019-05-19,Desert
International affect,85.581036,-104.308865,28255,2020-04-10,Freshwater
Item prove,66.071263,123.622816,82028,2024-03-19,Freshwater
Democrat else,-2.929396,91.938658,12370,2017-01-30,Forest
White third,18.630985,136.48191,82935,2020-09-23,Urban
Will magazine,-77.662929,159.833213,11629,2023-11-25,Grassland
Mrs life,11.72998,-48.942571,42746,2016-12-22,Freshwater
Wish soon,-73.318654,-90.548498,16017,2021-04-15,Grassland
Item there,21.956922,-98.901036,32666,2023-07-16,Tundra
Away adult,3.503152,160.035495,13806,2018-05-12,Desert
Far support,12.152287,26.259879,76796,2021-04-04,Desert
Magazine least,-36.104153,-62.481061,56372,2018-10-03,Desert
Worker far,28.215761,-105.813911,96757,2026-02-26,Grassland
Manage line,63.834053,7.67145,90536,2024-05-05,Grassland
Phone guy,86.854312,107.34688,10669,2023-01-28,Tundra
Population old,38.242465,-99.753294,9594,2021-12-30,Marine
Film future,-36.558909,31.053306,67164,2021-07-28,Urban
College member,61.762915,18.40237,1455,2016-11-07,Tundra
Mouth worker,-57.900502,-113.830798,69727,2023-06-17,Marine
Defense production,-82.417383,-159.585579,93947,2016-08-17,Forest
Former international,-24.881129,106.98634,80130,2017-08-08,Wetland
By city,47.786118,-65.662127,63158,2025-03-31,Urban
Group too,-68.062713,-72.275478,78087,2023-07-21,Forest
Final score,89.155589,55.62978,51828,2021-11-02,Grassland
Course success,88.435361,-93.90204,16971,2023-07-28,Freshwater
Already analysis,-77.936493,43.032236,47899,2019-09-07,Forest
Common truth,-68.506349,104.133082,22343,2023-09-18,Freshwater
That sign,-45.338744,18.312157,23780,2021-07-17,Grassland
Trouble interesting,44.088871,-125.714425,65950,2026-07-05,Forest
Perform name,-56.584124,-7.973696,91179,2026-04-01,Tundra
Much care,-70.847185,-58.683447,78343,2016-12-11,Freshwater
Recent firm,82.604197,35.715037,88266,2018-10-22,Forest
Member piece,61.341883,-4.270985,92204,2019-10-14,Wetland
Pass law,-21.553021,-3.898999,96000,2016-12-23,Desert
Military result,-87.455346,63.323119,94975,2021-05-23,Tundra
Strategy within,40.550245,-125.090536,76668,2022-06-29,Grassland
Difficult resource,-78.577502,-15.403696,4929,2018-09-30,Forest
Head reality,-13.251771,-10.403151,84833,2018-06-23,Desert
Hear though,-61.673819,-59.110293,38683,2021-03-15,Desert
Least effort,-62.007656,-76.841276,53188,2019-08-21,Marine
Adult like,-82.206906,89.348857,20378,2017-04-06,Grassland
Big another,-63.113707,100.195889,76969,2018-03-09,Desert
Onto term,32.472926,-22.52413,30339,2022-02-19,Marine
Big without,15.560879,151.051049,40438,2020-02-27,Forest
True future,-30.882731,-133.645152,98204,2019-02-11,Tundra
Military spring,-63.420303,-136.262067,54468,2022-07-08,Wetland
Major assume,54.8305,146.889635,29279,2023-08-18,Wetland
Site indicate,-37.323545,141.955614,5580,2016-08-02,Urban
Point manage,23.120564,-159.288093,11863,2024-12-07,Freshwater
White word,51.626223,49.029974,5269,2019-11-27,Grassland
Own figure,39.511366,156.379221,91589,2018-04-15,Freshwater
Yes agreement,52.256825,-140.649419,30015,2020-01-09,Tundra
However maybe,58.042435,134.695188,11659,2021-12-22,Desert
Whatever information,-64.740287,116.483486,77200,2024-02-26,Grassland
Go live,14.586934,-89.050812,25379,2019-03-07,Tundra
Night evening,33.690252,-30.947889,11516,2017-11-06,Desert
This magazine,-86.371875,94.117222,7317,2019-03-19,Forest
Drive performance,-64.210194,136.037242,42958,2024-07-30,Grassland
Result it,32.177348,152.182168,36709,2017-01-31,Wetland
First result,-18.066749,-70.996628,15795,2019-03-15,Urban
Dinner reach,-19.425121,-55.866525,12627,2018-08-15,Wetland
Rich fine,35.201772,-13.615524,47215,2020-03-30,Tundra
Last stand,-1.991226,-61.727978,41156,2018-06-23,Marine
Parent career,-66.648288,-104.569488,29097,2019-02-10,Tundra
Family type,-58.995362,5.592933,96375,2025-05-15,Grassland
Really moment,-60.264059,-51.415997,87031,2019-02-21,Urban
Situation them,-73.742024,-118.258875,997,2025-07-13,Tundra
During program,-80.852798,14.576065,16567,2023-10-28,Grassland
Compare matter,82.546216,94.691914,16250,2025-11-30,Urban
Hotel agent,26.491504,-48.321982,94078,2016-08-13,Forest
Morning performance,-23.772534,-94.288585,57616,2025-10-20,Freshwater
Leader agent,39.259086,89.626506,69032,2023-09-28,Freshwater
Agent vote,87.390355,40.190395,21300,2025-12-07,Freshwater
Thought woman,-2.318956,-152.10856,51693,2022-02-20,Freshwater
Yourself blue,61.989516,133.143338,17105,2018-03-09,Grassland
Success with,-7.533741,-71.644678,99330,2016-08-03,Freshwater
Trouble American,-54.973489,33.976034,79939,2018-06-13,Urban
Green Mrs,-22.906852,-19.388113,2375,2021-08-02,Freshwater
Term purpose,-23.878276,-97.885387,84507,2017-05-17,Marine
Into model,19.147095,86.616435,49164,2025-05-19,Desert
Us travel,84.200905,137.283713,44867,2025-02-06,Marine
Hotel threat,73.454428,44.286463,38012,2026-06-27,Desert
Free plant,-21.034399,129.231776,79144,2023-10-03,Urban
Around although,52.271338,-15.679359,76219,2025-04-13,Forest
Family behind,-68.829917,112.50895,28576,2017-10-02,Urban
She ground,4.657711,-12.597232,3085,2022-03-25,Wetland
Later many,82.446167,-105.912492,93782,2025-11-26,Urban
Teach trip,43.604905,162.512733,38868,2017-09-09,Marine
Reduce usually,52.502189,20.243223,81565,2017-06-29,Forest
Former argue,86.940593,-76.90298,14222,2021-08-28,Urban
Message nation,-5.836347,8.993321,70595,2019-10-28,Wetland
Model million,-76.74948,-131.695804,93295,2021-09-29,Marine
Yard nor,3.68393,-177.92308,30947,2016-12-20,Tundra
Enough third,-48.08092,-160.252062,22999,2022-01-30,Wetland
Design house,75.029121,-94.095288,64182,2018-04-28,Wetland
Every order,-44.861422,175.491896,29962,2017-07-27,Marine
Building member,37.465189,178.768493,45799,2018-09-04,Forest
Kid force,70.299239,-66.298624,15647,2020-12-18,Tundra
Old trouble,-46.071121,-179.078719,36507,2024-04-27,Tundra
Yes respond,-28.935845,78.085666,5961,2019-07-11,Grassland
Easy today,17.977351,38.567515,85239,2018-02-15,Grassland
Start her,23.031062,68.515574,25013,2022-10-30,Tundra
Brother oil,14.253201,39.73191,65501,2016-10-20,Marine
Her open,-15.563131,-97.814471,28162,2024-11-04,Forest
Data third,-30.610657,87.084452,18971,2021-04-23,Urban
Body wait,-18.519457,-39.545935,73463,2020-05-14,Wetland
Center detail,-46.625425,40.206845,68983,2017-03-10,Tundra
Language body,-53.916978,-79.504684,13240,2018-04-09,Tundra
National different,83.394344,39.184768,81390,2022-09-16,Marine
About whose,50.422353,101.277483,56250,2026-07-13,Marine
Senior first,-64.037098,-169.242791,77690,2016-12-22,Grassland
Chance run,38.219827,-145.430839,67889,2017-01-02,Marine
Sort top,40.053694,40.595538,40374,2024-07-14,Marine
Loss she,-11.031871,14.114218,27047,2026-05-19,Urban
Television Mr,13.432482,-5.693954,86243,2021-09-13,Freshwater
Special design,29.264781,167.584752,92696,2024-10-17,Wetland
Read owner,-73.678526,93.507568,71652,2018-04-28,Marine
Song vote,68.889358,3.91912,88638,2025-08-21,Wetland
Page lawyer,42.698697,-154.188536,24221,2024-03-28,Freshwater
Scientist as,-51.301627,-121.343605,89390,2025-07-11,Desert
Three door,-15.774887,-142.095548,5117,2025-01-01,Forest
End onto,-11.598442,59.570092,72785,2016-12-26,Urban
Education drop,-17.749131,175.794587,9306,2024-12-24,Grassland
Central growth,-57.851336,-108.817924,88940,2021-02-09,Marine
History hand,-12.203948,-139.010326,68081,2019-11-28,Tundra
Explain particularly,86.542521,-43.905032,21277,2025-06-27,Tundra
Realize your,-57.841856,152.016202,62044,2016-08-17,Desert
Catch level,-40.666409,-15.049379,41279,2019-06-17,Freshwater
Team this,-81.782782,91.30003,36790,2018-04-20,Urban
Policy pattern,-63.398287,51.86159,22900,2024-09-13,Marine
Very tell,-43.195541,165.075927,73787,2023-08-21,Wetland
Accept beyond,14.248278,157.58142,48554,2018-06-24,Forest
Mean because,-10.048027,-178.358063,83538,2023-04-17,Desert
Republican phone,-63.348959,-93.955831,13245,2022-04-22,Tundra
Arm crime,-47.579184,139.762845,30580,2019-05-25,Grassland
Practice future,74.710473,-26.021295,81979,2020-01-14,Tundra
Seat among,64.910771,130.173852,99081,2018-09-20,Grassland
Defense economic,-75.083512,-176.504168,9520,2019-07-05,Forest
Each red,75.311622,156.296302,55066,2026-02-01,Grassland
Actually social,-22.3757,-46.190672,71412,2016-08-06,Grassland
Reason fall,-72.097753,96.935477,88170,2017-05-25,Desert
Teacher pressure,-16.780871,65.029067,54659,2022-07-17,Urban
Detail laugh,-75.92131,-113.198432,61145,2025-07-05,Marine
Chance wait,43.874051,102.770918,56160,2017-02-26,Marine
Game plan,-32.863434,29.473517,39073,2026-04-10,Urban
Stage than,54.280818,82.774831,42830,2017-03-18,Marine
Treatment media,10.224872,122.284301,97256,2023-04-30,Tundra
Away person,-59.419507,-68.278429,90144,2018-08-22,Tundra
Area television,-30.034121,-77.208479,19829,2025-05-31,Grassland
Majority majority,-88.403523,82.231259,40745,2021-04-04,Freshwater
Message plan,30.657424,139.093509,75583,2019-08-13,Marine
Member local,58.835586,-39.961927,88069,2025-04-25,Tundra
Physical it,56.856699,-26.409385,23513,2021-04-05,Urban
Program own,52.545138,-65.10703,59675,2026-05-27,Desert
Fall clearly,-51.204804,8.435148,72835,2025-08-27,Urban
Eye minute,-32.617452,105.562328,78290,2020-12-24,Wetland
Because determine,38.928727,101.941373,67163,2024-09-22,Wetland
Much book,-60.270028,-75.441699,48712,2023-07-25,Desert
Wide mission,-20.912942,-27.425912,78401,2024-07-27,Marine
Example than,-24.387955,-80.090072,66090,2025-06-13,Grassland
End radio,-51.896085,174.934018,91949,2019-11-19,Grassland
Five set,74.222446,152.428523,25636,2020-03-24,Desert
Whether team,0.070387,136.618046,20156,2019-02-25,Forest
End parent,15.800624,-114.313641,72709,2017-09-22,Forest
Personal travel,34.391718,36.488385,6909,2020-11-03,Desert
Great approach,-15.00198,86.904421,86578,2023-03-11,Wetland
Eye far,26.993086,-151.753743,81646,2021-09-02,Marine
Large say,-65.613186,106.634558,1332,2017-12-02,Freshwater
Me miss,62.14882,-103.861854,49678,2019-02-11,Freshwater
Party indicate,75.304525,-148.51934,75647,2022-08-05,Urban
West likely,-10.756834,-17.55416,6120,2016-09-29,Forest
Source newspaper,77.975108,79.704716,7248,2023-06-11,Wetland
Likely price,-5.651181,175.261615,44626,2026-05-25,Marine
Those generation,-34.821518,75.635928,78063,2018-11-10,Desert
Every unit,-51.774383,75.526514,28565,2023-06-14,Grassland
When hear,-54.971032,30.356059,34877,2020-05-14,Grassland
Performance every,26.423415,-76.841745,26518,2018-10-09,Tundra
Answer away,24.628174,21.024098,87390,2023-09-28,Grassland
Question two,-87.160891,164.429942,94158,2021-12-18,Wetland
Child wrong,-0.425838,-35.756809,54575,2022-10-27,Marine
Force material,-47.448032,-88.226334,18688,2019-08-15,Urban
Defense senior,-45.313591,60.384741,4360,2019-04-28,Grassland
Power you,45.023264,-72.336685,68834,2019-12-09,Forest
Everyone industry,-11.106379,143.600264,24524,2018-10-31,Forest
Force watch,-29.537809,166.886079,34011,2019-10-04,Wetland
Court debate,-34.771296,-65.600768,30,2020-11-29,Wetland
Star who,-78.594681,-170.919978,44417,2025-02-21,Wetland
Charge realize,14.450034,-139.994922,90004,2025-12-04,Urban
Very lead,-7.787465,-81.783951,73982,2024-05-25,Wetland
He line,-48.156131,-44.031248,8820,2026-04-07,Grassland
South research,-18.935597,-150.589084,3699,2022-01-27,Desert
Become back,-4.018889,14.018989,47246,2017-05-10,Tundra
Child lot,28.474598,177.77953,73032,2022-11-08,Urban
Catch up,-56.284718,110.422872,21482,2017-09-24,Grassland
Listen quickly,80.459914,-73.102239,89832,2019-01-07,Marine
Activity imagine,-39.704108,-158.653263,95006,2017-01-27,Urban
Food establish,-14.627644,57.588509,82495,2023-12-09,Freshwater
Like more,-4.328672,152.90272,90170,2025-02-16,Urban
Wrong source,68.249368,-50.361204,40413,2019-06-15,Grassland
Bank authority,22.065434,21.71793,90439,2016-08-14,Freshwater
Property often,61.465951,22.494375,87491,2020-10-01,Grassland
Require foot,-35.42679,31.269418,72711,2019-10-03,Forest
I teacher,29.299918,85.174381,80996,2025-10-17,Forest
Interest smile,-69.570336,-38.395659,328,2019-08-10,Freshwater
Far left,-45.525761,-147.660742,58504,2026-01-10,Freshwater
Visit administration,-51.328867,68.723773,15749,2024-05-02,Desert
Sure rock,75.734271,-147.796714,54556,2021-04-01,Forest
Process hold,48.691686,53.013964,24673,2021-09-14,Urban
Less pull,89.641744,104.631889,22687,2017-03-07,Marine
Environmental concern,-17.226738,74.954266,39158,2025-12-09,Freshwater
Own clearly,-34.874943,51.405922,93269,2022-06-03,Wetland
Thank move,53.426606,42.017079,44154,2022-07-12,Tundra
Medical mission,31.989341,-39.864868,13744,2021-01-26,Desert
Likely record,-62.420512,-70.304232,38198,2020-10-11,Wetland
Only crime,-33.199319,-137.931778,7470,2020-04-12,Forest
Show should,27.113361,-21.602091,74263,2019-01-07,Marine
Certain speech,29.263815,84.367048,44007,2018-12-12,Tundra
Prepare sport,32.222649,22.276655,18497,2026-02-27,Freshwater
Wide later,-31.428097,149.773685,80391,2021-09-04,Freshwater
Area offer,54.513725,-148.904177,72079,2017-05-10,Grassland
Personal various,-74.053744,111.138139,33538,2024-05-04,Desert
Late present,-74.546994,35.441517,36367,2025-06-02,Grassland
Network field,3.819652,-56.948714,67917,2025-02-27,Desert
Until bring,32.06247,-173.46237,68805,2018-08-24,Desert
Plan over,-23.221863,135.236137,99601,2022-12-02,Marine
True happy,-80.407598,-99.682366,26195,2023-02-23,Forest
Interest paper,72.042267,-90.679779,88689,2017-01-27,Grassland
Section hundred,26.244564,-138.089249,53585,2025-06-22,Marine
List serious,45.941497,-137.359258,95595,2018-01-08,Desert
Last personal,24.466039,113.552445,33424,2018-08-12,Wetland
Beyond thank,-56.228039,110.429358,34794,2025-06-26,Forest
Church listen,27.599806,-146.207598,3007,2026-03-21,Wetland
Role middle,24.001025,107.273275,98060,2022-06-30,Forest
Control after,-15.187651,-142.698784,90153,2023-03-25,Urban
Us though,-55.394005,164.257899,17244,2020-02-07,Desert
Something free,24.440317,-131.099485,82233,2017-04-23,Freshwater
Worker house,-11.021472,101.329736,11311,2016-12-17,Forest
Own address,-3.364186,21.74326,31321,2022-12-07,Wetland
Explain head,-44.751375,-62.941985,83271,2019-09-17,Wetland
Her knowledge,85.889921,174.79817,84045,2020-12-05,Desert
Production TV,-49.523883,-66.953963,87792,2024-11-03,Forest
Gun part,21.935672,-4.13849,39910,2021-08-22,Tundra
Drive expert,44.037264,118.519431,36018,2025-02-09,Tundra
Mother difficult,-25.403845,-84.821218,20242,2024-07-27,Tundra
Culture question,38.521213,-164.714961,25637,2017-01-08,Grassland
Idea by,67.01342,71.218442,33076,2019-07-04,Urban
Production anyone,61.899403,-88.338133,63042,2019-09-06,Grassland
While find,53.555005,-14.092861,40804,2025-10-16,Marine
Large though,33.681832,-152.183019,48151,2026-03-05,Urban
Something dream,55.910984,-117.531281,44345,2019-10-18,Marine
Picture thank,-89.425438,-72.879057,69449,2017-11-26,Wetland
Size less,-76.094376,148.87397,3540,2022-05-21,Tundra
Manager wall,2.243979,177.260781,20397,2020-09-03,Tundra
Finish player,-38.541827,149.342951,92514,2017-08-06,Wetland
Learn another,56.058149,68.480175,21956,2016-10-12,Freshwater
Music follow,-37.384676,140.95749,36005,2018-01-08,Marine
Forget myself,-80.940407,104.386987,12272,2022-11-14,Urban
Expect school,-48.533319,109.21818,1539,2018-09-16,Grassland
Place everyone,-5.25392,-157.80732,88781,2019-09-15,Urban
Resource six,11.037281,38.868867,94949,2019-04-25,Urban
Foreign so,-69.436102,147.950232,70335,2016-11-24,Wetland
Walk even,8.786829,-97.106542,2570,2022-07-23,Freshwater
Make they,71.201695,-49.150476,61014,2016-07-23,Freshwater
Allow prove,-49.407331,-169.607456,40230,2017-01-09,Desert
Thought scene,37.073837,79.903174,30671,2025-12-04,Tundra
Dream magazine,82.12685,8.878796,14678,2018-12-03,Forest
Thank finish,24.518965,40.867486,13949,2021-08-15,Wetland
Lay help,-55.789325,-123.699039,3290,2019-05-17,Grassland
Specific interest,52.290627,88.606803,8647,2018-04-03,Desert
Lawyer above,24.685654,-103.137164,52516,2018-04-30,Forest
Tell sort,53.633691,-95.135079,34684,2021-03-28,Desert
Close quality,-84.538661,-30.55225,35983,2017-03-30,Grassland
Service second,-10.254895,74.006132,40472,2017-12-19,Marine
Within be,-68.349441,42.189429,98874,2025-10-19,Grassland
Magazine reach,-41.722646,-85.875959,68223,2017-03-04,Desert
Plant end,-50.893799,-91.535706,16888,2019-02-17,Wetland
Ask lot,-53.680033,-153.284608,73183,2024-03-09,Grassland
Gas treatment,-37.113049,33.329334,36967,2020-09-02,Marine
Beyond agree,-77.388196,70.138527,40382,2023-02-14,Urban
Avoid white,54.843939,-158.114853,97138,2024-10-20,Forest
Federal well,76.465104,-18.706023,25467,2022-07-12,Desert
Tax share,79.250502,102.68713,15276,2024-05-12,Freshwater
Letter fact,84.6453,-107.550083,46865,2019-12-09,Forest
Soldier politics,-34.897192,57.220811,413,2019-11-05,Wetland
Put measure,-85.891274,165.347492,81994,2018-01-13,Grassland
Really standard,-20.241644,122.176069,47044,2017-11-25,Urban
Home draw,-86.462312,163.32841,57386,2021-11-16,Grassland
Music despite,-89.750059,52.908092,11588,2022-12-15,Tundra
White contain,78.449627,-76.851835,18959,2020-03-07,Freshwater
Wife including,-16.170456,83.438452,81868,2023-12-31,Urban
Enjoy world,4.482036,143.298492,84801,2017-09-26,Urban
Fly want,-7.665228,156.227235,78658,2017-06-06,Grassland
Rather house,41.387435,-123.246729,49822,2025-05-24,Desert
Pay itself,8.669137,128.578368,21229,2024-04-24,Forest
Million power,13.489881,30.391938,92826,2017-01-24,Forest
It perform,-41.455488,57.60639,92293,2019-03-13,Tundra
From series,-77.835427,-104.372436,58177,2019-07-24,Urban
Message personal,-54.212946,38.317362,41450,2022-03-14,Grassland
Position answer,-61.603472,-7.489421,31273,2017-11-12,Grassland
Majority thought,78.914743,-166.912041,11274,2022-02-12,Wetland
Example road,-42.156131,-116.744763,15345,2019-08-03,Tundra
Hotel book,-53.388593,-14.387091,31127,2016-08-20,Grassland
Forward speech,52.060029,13.551834,42417,2020-10-04,Tundra
Wait upon,-27.351161,12.875832,27695,2017-05-01,Freshwater
Street against,48.405868,38.449053,17209,2024-03-21,Tundra
Early occur,-17.054373,-145.69626,99692,2016-11-24,Forest
Economy skin,7.098116,-47.747943,85292,2018-05-29,Desert
Idea to,59.346185,157.319928,33850,2019-07-10,Freshwater
Head my,35.954826,-132.324074,35254,2023-03-02,Grassland
National back,-61.818195,97.521187,98352,2021-07-13,Urban
Scene town,21.409934,133.549297,55240,2021-05-03,Forest
Treat structure,-53.588398,29.920155,65826,2018-05-23,Tundra
Line by,-9.456451,85.845142,68265,2024-02-06,Freshwater
Girl management,53.345553,163.607708,3670,2025-02-15,Wetland
Her international,-28.149015,-178.959951,12420,2023-04-11,Tundra
Ball physical,-27.880178,-149.824247,74384,2023-04-27,Freshwater
Citizen deep,-43.246565,-69.468973,87238,2026-03-26,Forest
Bad Republican,48.981707,-31.108979,6913,2018-11-16,Marine
Process region,65.510407,125.232465,15129,2026-07-18,Forest
Determine phone,16.015236,68.738059,32584,2024-12-07,Wetland
Require party,69.12204,3.67924,92961,2023-12-27,Marine
Continue he,-71.922858,24.781439,96346,2020-05-08,Desert
Stage difference,-17.175433,45.008021,48928,2022-01-19,Marine
Responsibility send,-65.400659,134.566216,35590,2022-01-03,Marine
Republican charge,15.537914,68.784589,47789,2025-12-16,Grassland
Help hot,8.749889,-50.717109,66608,2020-12-18,Grassland
Table property,13.345134,25.445285,86216,2021-04-01,Wetland
Then special,-43.742901,-161.757099,50944,2021-09-17,Desert
Remember prevent,-67.630465,99.727095,5525,2018-03-19,Wetland
Feel central,-55.182,122.469589,23922,2023-08-22,Urban
Financial alone,7.365141,98.747925,12708,2022-04-28,Tundra
Stock far,83.754522,153.78239,63391,2017-12-27,Wetland
According care,-81.689452,44.76235,50506,2026-04-12,Tundra
Size whom,-65.164448,3.176243,46622,2019-02-16,Urban
Sit news,-68.000368,-0.326269,45308,2019-11-21,Marine
True true,49.803653,-25.064746,93024,2025-11-14,Desert
Anyone visit,84.318767,54.152542,34040,2024-11-25,Marine
Deal hit,11.146229,161.816102,12130,2026-02-11,Forest
Old old,4.283607,-39.390519,94242,2019-05-05,Tundra
Available hear,53.794119,148.710372,19817,2019-04-07,Freshwater
More discussion,33.445034,79.675311,64987,2020-01-09,Tundra
Way hot,-70.343727,-136.281065,80246,2023-08-05,Tundra
What water,-33.877653,-35.857691,80270,2019-10-21,Grassland
Senior light,-49.498225,-127.445556,8868,2021-12-15,Wetland
Follow last,-19.504336,84.569956,9377,2023-01-27,Marine
Fight participant,-56.892797,-131.419126,84259,2022-08-10,Wetland
Beyond contain,-11.74723,-137.427693,14276,2017-07-18,Desert
Born carry,28.785866,54.649728,31067,2020-02-02,Marine
Better house,-24.234036,21.803491,40267,2020-02-09,Wetland
Interest month,30.922096,162.677552,97823,2022-04-16,Freshwater
Career break,-58.565014,-153.667943,45862,2018-10-25,Tundra
Safe doctor,-9.46064,-114.201865,59577,2019-09-18,Grassland
Drug far,-23.836321,-91.682594,10284,2016-10-15,Desert
Somebody home,-79.31999,-108.255362,49885,2021-10-02,Urban
Player sing,-45.789735,158.149598,40145,2020-09-14,Tundra
Again issue,-46.286111,41.95113,95961,2021-06-05,Tundra
Week pull,-54.077481,-108.05055,97004,2024-01-24,Grassland
Say information,21.432673,163.124438,12481,2026-02-26,Desert
Necessary know,-81.100523,-48.179333,6013,2017-06-16,Grassland
Eye Mrs,27.214615,11.024293,68557,2016-10-28,Freshwater
Wrong wrong,-83.876467,-87.233196,80316,2017-05-29,Tundra
Stay try,-23.995272,-166.800441,36018,2021-08-22,Urban
People agreement,78.009016,5.153324,31384,2018-11-05,Freshwater
Now parent,-82.289266,-4.385077,77943,2018-02-24,Urban
Indicate section,-63.377036,-24.463944,68484,2021-09-01,Desert
Understand evidence,62.351467,-20.672096,94792,2021-02-08,Urban
Technology make,25.515554,84.055633,94200,2020-06-04,Urban
Lead market,-57.065412,-63.515577,973,2022-12-21,Grassland
Single learn,-25.157841,70.924281,13910,2024-08-16,Grassland
Improve already,69.524425,-104.606275,88577,2016-08-22,Desert
Successful study,-47.534698,130.238696,48647,2023-05-31,Desert
Low can,73.768551,18.761453,29056,2017-10-03,Grassland
Somebody outside,-52.411489,-123.220461,78539,2022-04-24,Desert
Member explain,-72.775142,156.493194,33225,2025-07-06,Wetland
Easy treatment,8.388896,-81.085963,43552,2023-11-03,Urban
Entire person,4.16065,-61.05182,82197,2018-08-03,Urban
Value per,36.384622,-57.098402,5746,2020-08-23,Marine
Attack tell,52.000924,105.802028,15858,2021-08-11,Urban
Save democratic,-65.338189,99.637455,52203,2026-01-09,Forest
Glass relationship,-70.64598,-34.285389,78223,2021-09-25,Wetland
Cup few,-10.11674,156.798903,47074,2023-09-11,Marine
Maybe consumer,68.357337,-113.188356,12498,2022-03-14,Tundra
Evidence full,87.085224,-126.984491,83087,2025-01-19,Marine
Nation moment,81.099247,16.604696,20750,2026-07-16,Wetland
Indeed its,36.229953,-115.935948,33698,2016-08-22,Grassland
Involve on,0.441697,-114.954277,41415,2020-07-04,Forest
Eat force,-85.767383,-20.367193,37809,2025-04-30,Forest
Far place,-48.826904,-38.462678,67310,2018-06-24,Freshwater
Study know,-1.890033,-25.79854,17415,2019-03-18,Wetland
Real of,-18.82695,14.34497,23007,2024-03-19,Grassland
Play whatever,58.413223,-150.288855,53153,2017-07-29,Freshwater
Movie always,-31.381281,164.628023,64801,2021-04-27,Urban
Upon management,-28.388752,-143.829937,92963,2018-12-31,Tundra
Phone sense,84.287871,-144.784077,8071,2018-09-16,Wetland
City pressure,-66.450783,165.756414,28371,2017-04-24,Urban
Buy area,70.539561,64.037699,92731,2018-09-07,Desert
Old indeed,-26.702566,-9.280382,1188,2024-04-28,Urban
Call way,-82.481034,-112.226404,60618,2021-11-17,Urban
Project himself,83.895831,61.872824,57959,2016-12-09,Grassland
Republican here,24.469998,170.745239,36458,2019-06-05,Wetland
Present one,-51.6685,-32.993403,37932,2018-09-17,Urban
Those pick,56.763778,-17.728266,25097,2017-03-14,Grassland
Cold senior,6.111858,94.628841,70237,2024-10-15,Urban
Your team,40.921905,15.748421,8914,2018-05-04,Grassland
Question attention,-20.097015,21.909402,20068,2022-06-12,Urban
Official add,35.742899,-123.98209,22243,2018-10-31,Tundra
Want hard,-83.779431,42.504488,31101,2019-09-06,Grassland
Already prove,46.542257,-68.072663,35143,2025-12-15,Tundra
Simple rock,-0.539529,-165.938372,17673,2024-06-19,Marine
Seat source,63.001928,-151.92195,20956,2017-03-23,Grassland
Office question,-50.476128,-153.340609,22944,2025-07-09,Grassland
Peace expert,53.497534,63.069295,14843,2019-07-17,Grassland
Dream sing,4.426991,-83.196831,42120,2019-04-23,Forest
Pull mouth,34.35994,78.838708,9420,2020-01-26,Freshwater
Reach might,-79.725037,-179.126148,78979,2019-10-07,Desert
Every admit,-87.31975,24.819715,76142,2021-04-05,Marine
About decision,-51.611496,-144.432925,41401,2025-11-09,Desert
Choice tree,-86.620353,-126.991333,41710,2021-02-28,Wetland
Ahead body,-35.475079,160.923167,13587,2016-09-19,Desert
Quite understand,50.227693,-104.640184,43176,2025-05-05,Urban
Race account,-35.952302,-150.137028,8087,2018-05-24,Tundra
Toward animal,-60.588152,-76.059362,18591,2019-07-28,Freshwater
Tax meeting,-16.68338,65.262905,84617,2017-12-02,Tundra
Speech turn,57.408723,-26.966105,99328,2016-08-09,Grassland
Public task,-57.437227,-85.310922,7338,2021-02-15,Grassland
Continue between,28.337027,-151.661616,81274,2018-05-24,Freshwater
Form individual,53.981053,-61.108736,29558,2017-12-06,Wetland
Several hand,3.619848,150.481641,86380,2020-04-26,Urban
Tend bad,-6.31479,-22.469374,25370,2020-04-27,Desert
Full kid,-40.986101,7.639171,95067,2018-03-25,Marine
List however,-32.317098,51.210069,31218,2017-11-19,Desert
Close oil,27.506766,-85.3313,36275,2022-07-31,Grassland
Contain administration,35.263482,-72.48736,47322,2023-10-31,Desert
Just role,-12.688372,90.218741,15522,2023-11-07,Tundra
Member sometimes,22.496806,-136.244235,49929,2021-11-04,Urban
Physical middle,-66.888309,173.83723,53063,2018-05-14,Wetland
Want law,81.266665,-164.072672,41,2020-03-31,Freshwater
Support race,-62.98926,4.248075,90234,2018-09-19,Urban
Rate if,78.323227,-106.755359,90392,2020-03-08,Marine
Gun research,24.944095,-165.076437,37140,2026-03-18,Tundra
Ever paper,-68.946143,-42.919659,71953,2024-10-11,Wetland
Where just,6.507901,103.503888,83910,2022-06-20,Desert
Ago trade,-42.229248,51.894825,87682,2019-01-09,Freshwater
Play all,19.109956,171.974363,74658,2021-09-29,Freshwater
Career election,14.095967,-147.951457,63948,2016-10-03,Desert
Wear third,44.079779,98.736491,45969,2019-01-28,Wetland
Law record,-67.044756,79.321753,81420,2023-09-24,Wetland
Before television,-12.473644,-101.776706,69945,2024-04-15,Wetland
Event program,-28.273851,8.781675,26676,2021-12-26,Marine
Few air,-49.027709,83.506176,40229,2021-12-29,Desert
None character,-14.087307,37.561457,39997,2020-12-12,Grassland
Book impact,18.573274,109.022492,19432,2018-04-12,Freshwater
Interest truth,85.0512,-42.730318,61059,2017-04-10,Forest
Different glass,-44.765046,61.844408,9896,2023-08-12,Forest
Minute hear,-84.790004,83.937188,54896,2023-07-26,Desert
Decade response,29.039721,8.859921,67125,2018-06-20,Freshwater
Give mention,-47.845938,13.61689,26886,2018-08-10,Tundra
Cost clearly,38.726274,-171.140234,87944,2017-12-10,Marine
Red it,-9.997777,140.672571,91226,2020-09-27,Marine
Right for,-44.984118,14.632918,45010,2024-06-03,Grassland
Work budget,-82.521335,77.366758,16077,2018-11-17,Desert
Easy agency,36.764337,18.324897,16941,2023-03-16,Tundra
Choice human,72.26404,175.712761,82054,2026-07-12,Forest
College hold,-20.662127,3.077416,39721,2023-06-19,Forest
Message arrive,-35.391558,39.68096,34366,2025-11-03,Wetland
Nothing light,-6.965918,129.014713,78820,2020-08-30,Urban
Address image,5.934823,137.569036,21845,2024-05-17,Wetland
Participant nor,75.975661,69.874963,314,2017-08-27,Marine
Garden subject,69.425001,-45.259299,92666,2026-02-18,Marine
Amount approach,4.116109,-11.049557,89877,2019-05-25,Desert
Two himself,16.198648,-162.70769,55933,2020-08-17,Tundra
Participant small,-48.299196,116.671657,51912,2025-01-02,Urban
Expert find,65.430395,-113.716065,1052,2022-06-14,Marine
Until among,-15.049105,139.117074,73876,2026-07-07,Urban
Nothing much,-8.428675,99.594618,95202,2022-01-16,Desert
Man onto,42.416111,81.654278,53216,2019-05-04,Freshwater
After many,38.040795,151.305176,34835,2018-12-06,Forest
Although almost,67.759054,-31.346615,68703,2025-05-23,Tundra
During a,-18.975097,-4.819049,14293,2018-11-21,Urban
Very source,-21.178016,-83.944406,18446,2025-07-04,Forest
Everyone item,-80.252854,-100.349638,2311,2016-08-13,Grassland
Pay few,-81.721305,-59.562943,18495,2025-07-13,Tundra
Team represent,10.611859,171.716605,44572,2019-07-05,Freshwater
Glass key,45.903732,-120.213703,81830,2021-04-14,Freshwater
From quickly,-6.322133,106.084758,5095,2024-09-07,Freshwater
Today structure,19.616274,-150.449333,69672,2025-01-06,Wetland
Act agent,-29.834761,156.77568,82142,2025-05-08,Forest
Determine off,63.242647,13.892962,31663,2022-04-19,Tundra
Which everyone,71.409507,-60.662061,98938,2020-12-05,Tundra
Statement project,-84.759117,-132.283659,62774,2021-07-28,Desert
Get sister,-19.491703,-165.117187,86955,2023-12-25,Marine
Continue cultural,15.492253,-136.600466,16785,2019-08-22,Tundra
Citizen knowledge,-28.272866,54.195773,121,2017-07-30,Tundra
Watch lose,46.168252,-143.66341,93512,2023-01-23,Wetland
Ahead parent,-42.723009,-144.035512,12840,2018-11-15,Freshwater
Including according,8.969498,-125.148328,70576,2018-12-21,Urban
Between wall,-88.487384,175.064475,78177,2018-12-06,Desert
Science someone,1.281236,2.563741,9873,2021-07-11,Marine
Direction option,82.278786,179.43165,79542,2022-12-25,Grassland
Final investment,21.863993,59.541275,37219,2022-10-23,Wetland
Dream least,-71.359896,159.855135,43174,2025-01-20,Desert
Part TV,-62.127109,-168.053992,78794,2017-06-05,Wetland
By front,34.905195,-136.334111,94623,2019-12-02,Forest
Capital order,66.457955,68.745635,33338,2022-03-17,Tundra
Much professional,39.379048,137.897532,6431,2024-01-02,Marine
But rule,-20.079683,-15.334158,1703,2019-01-22,Tundra
Forget structure,-78.837439,-152.959924,81981,2024-10-26,Marine
Example art,80.964511,36.175149,73883,2024-10-21,Urban
Serve environmental,31.727757,36.303864,75894,2025-04-21,Forest
Door stock,60.211391,179.26902,86354,2020-02-27,Grassland
Face close,-3.096913,-117.760027,57149,2019-04-05,Forest
Direction identify,7.947804,35.244148,14776,2018-10-16,Urban
Center thousand,50.937987,-122.185776,17170,2024-08-23,Marine
Professor spend,59.95925,145.491511,13373,2024-12-11,Marine
Find author,-54.964571,-47.691764,81836,2024-04-19,Urban
Role former,87.742591,101.677663,39640,2019-02-12,Freshwater
Accept nothing,28.195201,129.007825,38634,2019-05-30,Marine
Evening easy,-70.822858,168.974223,33215,2020-07-30,Desert
Performance free,-17.150244,100.513238,91384,2020-11-18,Desert
Speak unit,79.966949,155.72286,77579,2018-10-12,Grassland
Force quite,59.030762,-160.378491,55226,2018-06-17,Wetland
Care campaign,-25.787137,-8.593705,93052,2020-01-24,Tundra
Argue store,-3.757578,82.607694,33151,2016-07-23,Forest
Sort parent,-12.979457,-75.0603,9413,2024-06-19,Tundra
Doctor trip,71.583659,-157.654963,17578,2017-02-27,Freshwater
Contain wind,-3.247212,-166.223534,53562,2017-06-21,Marine
Case south,-87.630406,-22.17428,69802,2021-05-03,Marine
History as,-47.908014,-101.047004,89175,2020-09-30,Marine
Ball just,-54.095873,13.163207,28256,2019-03-23,Urban
Service force,67.50622,107.632509,53602,2020-12-14,Freshwater
Follow quickly,-45.272931,-30.790711,90536,2022-05-04,Desert
System discussion,-61.345905,-42.957885,24714,2021-08-12,Forest
Avoid will,69.040667,-141.085821,8722,2024-05-20,Wetland
Election rock,-46.704935,99.132892,94155,2024-03-06,Grassland
Behavior difficult,73.114471,28.35954,14385,2021-06-25,Grassland
Sport sense,39.815666,98.86846,43357,2017-05-14,Forest
Foreign do,25.227612,176.284867,45749,2025-03-04,Freshwater
Join recently,-65.60741,79.908516,25590,2018-09-30,Desert
Bank last,-70.37213,-75.990732,68899,2021-11-08,Marine
Economic get,-46.195047,-18.14244,37999,2025-01-10,Tundra
Move up,-30.928453,-33.354448,82142,2016-10-10,Grassland
Maintain prepare,85.787133,179.890541,5610,2022-12-06,Tundra
Factor assume,-79.344256,151.886726,93057,2022-12-21,Marine
Eight sure,-2.214813,-172.508584,5101,2025-11-05,Grassland
Very measure,16.783429,86.828457,54216,2017-01-12,Marine
To operation,-25.738769,110.980166,47383,2019-08-13,Marine
Wish oil,-49.293185,111.828551,98142,2025-12-02,Marine
People sell,78.251767,123.522029,117,2021-06-13,Forest
Wind these,59.964719,95.919246,13983,2016-08-04,Grassland
Evidence another,-56.268497,-61.239079,25156,2017-08-06,Freshwater
Sure city,79.889536,54.716251,52493,2022-09-22,Tundra
Represent learn,-62.723139,131.505238,68044,2024-09-17,Grassland
Ready join,-8.589148,-79.786512,80455,2018-06-01,Forest
Across pass,50.107201,-127.151106,84353,2023-05-03,Desert
Off able,55.631396,102.797492,64195,2019-06-02,Grassland
Cup standard,-47.754242,18.8234,12191,2018-10-19,Forest
Add cut,20.052112,-156.843123,77901,2017-04-10,Desert
Write success,87.693968,-147.069778,53780,2021-09-13,Urban
Learn mind,-48.66398,-159.618172,15635,2022-02-15,Tundra
Floor I,-81.990263,-69.665381,31449,2022-04-15,Wetland
System sell,31.972493,-167.285992,20111,2018-08-27,Grassland
Either man,-77.622212,-139.220558,10669,2023-12-07,Freshwater
Majority front,-11.479925,0.502175,34462,2021-01-04,Desert
Actually test,-28.880459,-141.23924,77021,2020-01-19,Desert
Media large,13.569169,37.992276,21831,2021-02-11,Wetland
Not who,5.300163,176.089921,65812,2021-03-08,Urban
Ready pick,75.969206,178.220806,60615,2020-10-27,Desert
Capital bag,-28.519361,-125.866948,76824,2021-01-20,Tundra
Police myself,-57.288838,-115.338001,93553,2025-09-05,Grassland
Rather against,65.785883,149.561121,84011,2017-11-11,Tundra
Your nearly,36.329624,154.732499,36708,2017-06-12,Wetland
Must eye,50.247785,97.08125,96784,2018-09-14,Wetland
Since before,-25.370195,80.70876,84543,2019-07-05,Wetland
Job card,-11.474049,-50.964884,34008,2018-12-17,Wetland
Guy identify,77.474693,85.729937,17167,2019-08-28,Freshwater
Single finish,-78.305929,-174.406908,1086,2020-04-21,Desert
Control final,-23.478657,42.311642,40979,2024-04-25,Urban
Four mind,18.316357,44.253748,99742,2019-01-11,Tundra
Threat rich,70.266893,-102.407272,15191,2017-10-16,Forest
Indeed people,28.868287,-5.334782,11612,2020-09-11,Desert
Cup support,-61.26483,157.106144,22724,2025-04-18,Wetland
Center over,-80.812034,-125.398648,43351,2019-05-24,Desert
Investment begin,-73.519961,-168.990485,49874,2020-05-26,Urban
Strategy prove,56.945245,-15.265515,104,2025-05-01,Desert
Field place,83.437571,99.560628,19472,2019-02-19,Forest
Live job,12.349008,155.217833,23773,2018-02-14,Wetland
Stay hour,-40.153474,48.298097,57519,2017-03-07,Tundra
Dream building,-48.72108,47.064743,14232,2020-01-09,Tundra
Stop go,-21.455688,19.672522,67169,2019-11-28,Urban
Color rich,42.655196,-6.919705,10576,2020-08-10,Wetland
Common live,-57.641746,127.057465,65842,2021-08-24,Forest
Method foot,23.096483,-61.944499,12363,2022-03-12,Marine
Car item,-23.991791,-121.298036,59862,2021-08-10,Wetland
Someone whole,50.340794,155.301442,67198,2020-01-28,Desert
Partner course,-59.808878,157.159553,30093,2018-08-11,Wetland
Arrive subject,-31.474218,81.618012,49191,2016-10-15,Urban
Dinner break,51.721601,-113.589564,74418,2017-10-17,Marine
Road southern,15.269137,59.954825,37942,2023-07-29,Desert
Age be,-53.197335,-41.920355,208,2020-06-22,Marine
Fight wrong,-73.578545,-168.80407,17313,2022-03-27,Tundra
Day traditional,52.380067,97.733506,7199,2025-05-19,Tundra
Ask different,23.917847,-161.049247,72262,2026-06-12,Desert
Soldier cup,-75.76727,89.985298,86947,2023-02-18,Desert
Republican fear,-28.350113,97.442555,59183,2022-10-31,Forest
Brother fight,40.421411,-49.116171,89078,2017-12-31,Forest
Among Republican,49.700707,160.927463,15245,2020-11-07,Freshwater
Sense idea,-78.522848,-63.806921,76600,2024-04-10,Tundra
Natural share,-38.217371,96.174244,27122,2025-11-10,Forest
Fill mean,-12.274107,95.607092,77253,2025-09-09,Desert
Window ability,-36.659721,-44.503425,29428,2018-12-14,Forest
Answer everyone,8.735156,-38.330651,27990,2020-12-26,Freshwater
Author able,-56.819103,-67.57363,2942,2024-03-09,Marine
Fear religious,-37.506224,106.678848,49099,2023-06-18,Grassland
Marriage treat,42.73827,55.9136,16534,2023-12-27,Urban
Physical kitchen,39.122074,-70.904583,46533,2025-05-03,Urban
Perform that,34.507535,107.32248,46544,2025-03-23,Desert
Site available,61.081282,163.543021,10358,2025-12-09,Wetland
Summer behind,46.67123,-174.500164,78431,2021-02-27,Urban
Prevent data,73.984421,-163.154649,1639,2021-07-22,Urban
Second movie,24.53825,-121.557365,20636,2020-03-09,Tundra
At surface,-86.16291,101.833195,59613,2023-07-21,Forest
Knowledge center,6.826589,118.546408,45801,2022-02-12,Wetland
Throughout bar,3.551649,112.117799,85671,2016-12-27,Desert
Article teach,47.311517,151.085673,52742,2018-02-08,Tundra
Learn use,76.411609,89.223645,98018,2017-01-13,Marine
Wear allow,44.716866,28.882451,76855,2020-05-30,Wetland
Who method,28.659689,-128.149916,34272,2025-06-20,Forest
Crime example,20.347679,107.769571,85699,2018-11-04,Urban
Protect no,-88.361658,-167.380984,67038,2023-01-18,Forest
Century a,-13.91155,-29.936514,77186,2016-09-25,Freshwater
Cell office,-11.302196,63.06991,80975,2023-11-01,Freshwater
Majority star,15.080468,121.680788,71599,2021-01-25,Wetland
Green despite,21.663521,-173.205962,85660,2018-09-26,Tundra
And collection,32.103689,-51.335572,41704,2026-03-13,Freshwater
Cup issue,-76.118,22.458076,98365,2018-11-08,Urban
Treat fill,-67.524897,-152.479461,53933,2022-02-22,Wetland
Beautiful interesting,13.698617,3.084578,16960,2025-08-03,Forest
Edge edge,-64.565071,134.884828,12968,2016-12-18,Urban
Wish possible,-0.935079,29.60625,19724,2025-03-16,Desert
Fund production,74.253468,83.452148,1687,2018-12-10,Grassland
When full,-49.441113,140.430728,6556,2018-11-01,Urban
Alone PM,-66.850361,-127.240399,40492,2017-11-02,Tundra
Front me,26.472409,-104.793836,18516,2020-01-11,Marine
Put resource,-37.745097,145.910106,1672,2020-04-27,Marine
Should conference,60.210017,-62.27433,62074,2024-07-15,Desert
Speak air,5.955331,90.296504,13250,2022-05-29,Tundra
Production give,-69.521341,-72.102081,5028,2019-07-23,Urban
Shoulder sign,-62.89733,-45.595358,50572,2021-06-16,Marine
Man thousand,64.20585,-143.271928,44669,2016-10-27,Wetland
Travel control,-86.449769,39.79652,84917,2018-01-30,Tundra
Head wonder,51.564938,175.589479,84587,2021-05-23,Desert
Too share,-61.113908,-86.986913,78425,2018-10-12,Forest
Beautiful decade,-24.393576,96.353408,72550,2021-05-01,Desert
Hand wife,-34.993912,-27.963858,35463,2018-03-21,Forest
Return his,73.594043,5.767739,76667,2019-02-11,Grassland
Almost often,-28.918734,-158.427672,60595,2022-04-19,Forest
Work firm,67.369187,-22.186354,48567,2020-05-02,Grassland
Avoid short,80.065362,-18.381171,18651,2017-02-23,Freshwater
In staff,-40.680964,-55.975629,95521,2021-07-04,Urban
Miss wide,41.097633,4.727886,16462,2017-10-27,Desert
Couple among,-71.269935,16.408922,22905,2025-09-19,Marine
Son just,-20.538553,-119.804841,74991,2018-05-29,Urban
Suddenly report,70.826065,-74.783493,99209,2016-12-02,Grassland
Foot lay,6.317149,-123.232102,48992,2020-05-26,Urban
Vote thus,54.903822,-14.330714,66015,2018-04-25,Tundra
Born foot,-55.147812,-71.390569,69937,2025-04-07,Forest
Current seek,-8.545857,-87.762097,14250,2017-09-21,Forest
Over speak,-44.139857,37.749576,61971,2018-04-07,Urban
See before,-6.274641,173.216909,11890,2018-06-09,Tundra
Cost that,-17.656847,-145.389858,58318,2022-03-07,Desert
Avoid usually,-51.722205,154.778225,33090,2021-04-27,Urban
Research open,-55.808802,41.911894,36510,2019-01-01,Wetland
Much dinner,51.100035,-79.869581,19341,2022-12-26,Desert
Left religious,-19.99778,-5.950779,79983,2023-02-28,Desert
Mind animal,9.909121,-119.693083,2124,2022-07-20,Urban
Force receive,-82.572503,-158.481655,76750,2021-07-26,Forest
Recently general,79.38378,-93.264374,15192,2021-11-30,Freshwater
Experience too,-54.558573,-24.572316,84366,2024-08-25,Grassland
Capital population,46.581161,-7.478958,70494,2017-09-21,Wetland
Discuss couple,8.305418,-115.657264,35156,2023-06-18,Tundra
Old take,54.58553,66.670404,47550,2021-09-30,Marine
Various cause,-9.235354,30.711093,32784,2022-05-02,Tundra
People some,-44.933124,34.619201,99676,2020-06-13,Grassland
Best would,-32.435187,-1.523283,30728,2021-06-18,Forest
Walk level,10.140207,110.425271,43063,2020-04-03,Urban
Analysis law,81.994484,-153.879963,31277,2019-02-23,Wetland
Almost especially,1.487357,-115.069224,66002,2020-09-13,Forest
Oil no,-38.469716,176.937286,2194,2024-03-11,Forest
Large too,-50.621585,53.898606,89744,2020-05-05,Urban
No late,74.848054,-170.436421,68955,2017-10-19,Desert
Cultural science,-13.586667,143.386984,50526,2017-09-27,Tundra
Country probably,-26.45892,-51.603368,76034,2021-02-04,Wetland
Line group,-66.220314,105.700255,93010,2016-09-15,Grassland
Land pressure,-73.94158,114.93409,51608,2017-05-02,Urban
War eight,-34.530455,175.724871,69649,2017-01-28,Wetland
Personal allow,70.518663,-116.663584,13929,2026-02-08,Wetland
Water represent,-6.411379,-3.400262,5427,2023-03-06,Urban
Reveal environmental,-85.693975,63.342922,49668,2020-06-09,Grassland
May no,88.019316,-160.132936,34518,2018-07-16,Tundra
Out price,70.081164,-91.142771,67241,2017-09-05,Marine
Program every,76.940354,-126.006987,34128,2026-02-22,Forest
Laugh red,8.978538,106.065392,99648,2020-12-25,Grassland
Conference plant,8.645119,-107.830396,24766,2026-06-10,Wetland
Back individual,27.719143,165.020031,6093,2025-04-12,Marine
Per above,44.823667,164.022588,48737,2019-03-08,Urban
Close church,53.554966,-17.864897,4193,2024-01-28,Tundra
Although theory,44.720677,-152.794824,11675,2024-07-25,Marine
Wife majority,-32.539873,78.852126,54139,2024-07-18,Desert
Chance lot,-52.516696,-89.861929,59385,2025-08-24,Urban
Represent Congress,-64.301933,2.217573,26720,2020-04-24,Freshwater
Cut cultural,-35.478823,-39.836148,50838,2024-09-21,Marine
Record within,21.207721,-68.580773,89727,2017-04-03,Tundra
Case PM,74.368672,177.900814,85378,2018-03-27,Freshwater
Up long,-40.198841,-147.309975,82408,2017-05-02,Forest
Word market,-49.945376,-145.634702,18555,2016-09-07,Freshwater
Entire outside,45.338872,-175.021367,60198,2024-04-20,Urban
Note almost,3.095962,48.045366,87607,2017-03-03,Forest
Drop think,49.294265,179.057056,16807,2024-09-03,Desert
Forward high,71.77525,-150.544072,8319,2022-03-23,Wetland
Cost too,72.524782,-125.901542,29465,2019-09-17,Urban
Up film,-0.911675,-113.55674,9199,2026-06-05,Freshwater
Class citizen,-83.16793,121.622007,98910,2021-10-25,Tundra
Common pay,11.224618,-83.658591,40572,2023-06-06,Desert
With much,-42.656155,-119.16948,84136,2018-05-21,Desert
Author tend,51.514245,-49.475536,90501,2023-06-11,Desert
Answer want,-87.223292,40.749027,16461,2025-06-25,Grassland
Staff test,-23.411806,129.402061,74754,2024-04-02,Wetland
Political mission,19.91906,45.093837,51058,2023-11-08,Marine
Run process,-42.69902,-73.702826,23404,2021-06-29,Tundra
Possible tough,0.036516,162.156354,57462,2025-10-12,Wetland
Authority blue,-82.696906,61.023697,53949,2021-05-04,Marine
Fine language,2.030287,-83.15352,34267,2022-03-03,Grassland
Point yard,-7.298891,-39.677458,44893,2017-11-01,Tundra
Drop know,24.503069,130.400867,82787,2020-04-04,Marine
Stand husband,80.405171,-45.753483,3539,2022-06-10,Desert
Herself sense,-58.952992,-29.500633,54678,2023-07-15,Forest
Bad cup,80.480112,-60.462042,45331,2025-02-17,Marine
On check,20.108247,-150.535165,87356,2025-02-21,Freshwater
Perhaps financial,30.221014,5.379441,73500,2018-01-11,Marine
Factor marriage,74.887114,54.779998,87178,2025-01-29,Marine
Final thus,35.007321,-22.346163,23311,2020-02-03,Wetland
Discuss cause,5.078913,-113.308013,97325,2023-03-22,Desert
Learn bit,-5.13704,144.33357,68722,2017-11-09,Desert
Build total,-36.039167,-45.474387,22090,2019-07-04,Wetland
Present against,-30.887243,165.570864,29062,2019-03-24,Marine
Central coach,60.48728,120.013344,80186,2025-10-01,Marine
Avoid individual,82.745403,-21.306824,36356,2022-01-03,Wetland
Will weight,-36.71797,177.52477,28048,2024-11-21,Forest
Sound product,-38.594961,-130.756754,67701,2024-09-26,Urban
Society issue,11.702989,-46.653488,14242,2023-06-13,Tundra
Member choose,63.30822,96.588743,16441,2020-04-07,Forest
Modern five,-77.331138,-38.644433,35249,2026-05-18,Urban
Million recognize,-26.301355,-48.250609,61246,2018-04-27,Tundra
Decision church,-30.623102,136.223274,14291,2017-05-10,Wetland
College international,54.211384,99.857473,40013,2018-12-23,Freshwater
Early still,44.791518,33.986763,47955,2022-01-24,Grassland
Or finish,-54.673435,1.378494,78870,2020-01-09,Marine
Behavior south,86.720285,5.984577,59849,2025-02-07,Urban
Sing central,10.001495,43.918789,49710,2018-02-13,Marine
Money bring,-66.484333,176.019574,17683,2024-04-06,Marine
Assume car,-46.052307,90.238254,12417,2025-03-24,Marine
Organization quickly,29.113488,-64.402083,97520,2018-10-28,Freshwater
Now enjoy,68.823163,155.456287,8397,2017-12-09,Marine
Simple probably,-78.132281,-177.040625,22671,2018-08-24,Forest
Within floor,29.817791,-79.265743,6679,2025-02-28,Wetland
Become detail,-29.93648,-34.870599,25733,2021-04-13,Freshwater
Brother interest,69.403211,-172.892325,26453,2022-08-17,Grassland
Say they,-34.76033,35.174396,2669,2026-07-18,Forest
Then step,-75.735339,-50.370694,94289,2016-11-18,Wetland
Military know,62.419666,-59.706674,26077,2017-02-25,Marine
Fish mean,-78.469249,-90.731598,17326,2023-08-02,Wetland
Life on,-78.24158,-64.581975,24413,2017-08-17,Urban
Success Mr,-70.488916,91.107483,16190,2022-06-03,Grassland
Hard action,-57.902063,167.823615,60348,2019-11-28,Grassland
Yet population,1.367194,-58.844992,3104,2019-08-09,Desert
Production base,-55.64051,30.18259,12208,2026-01-23,Desert
Real among,-16.670177,-171.734217,2237,2018-11-10,Urban
Wait wish,-24.366439,29.431352,82468,2017-03-07,Tundra
Company realize,71.11826,168.61247,11472,2018-08-22,Freshwater
Treat team,-70.413343,77.743239,63915,2026-03-27,Freshwater
Election source,46.343514,21.955521,21241,2025-04-08,Desert
Five goal,-75.363912,-82.568336,64814,2016-07-21,Desert
Onto collection,-44.297727,179.592269,38043,2022-06-14,Desert
Record tax,-34.978212,-47.91104,40352,2024-07-01,Tundra
Great follow,-27.788509,173.402158,70498,2022-02-21,Tundra
Low tree,-48.32005,-81.413489,60289,2018-10-09,Marine
Power meeting,-40.248545,-62.235371,17757,2021-09-26,Tundra
Arm notice,-2.499702,165.988332,12990,2024-11-20,Tundra
Be determine,-63.918326,156.346717,89416,2021-05-09,Urban
Bed need,-35.871844,-71.969591,10961,2023-05-09,Marine
Bank toward,-26.801626,-39.246505,96210,2024-06-27,Forest
Space evidence,75.097011,-79.940479,23775,2019-02-05,Desert
Ability prove,-40.349323,134.295648,33999,2026-01-25,Forest
Institution alone,24.625097,-55.33587,42036,2019-07-21,Desert
Add involve,10.945536,-154.236199,13212,2020-10-08,Desert
Program source,-45.373469,-48.522777,68375,2025-03-14,Desert
Front trial,-46.343016,-6.63044,61878,2018-02-09,Marine
Institution sister,-74.474537,39.417941,42041,2025-03-23,Desert
Media trial,-21.212675,101.871746,74090,2023-05-15,Marine
Whatever manage,57.65582,-139.220155,2966,2018-04-10,Urban
Their on,38.472469,17.94431,13161,2024-02-09,Grassland
Leader section,10.092192,-172.009769,13650,2022-12-26,Urban
Can allow,34.080535,36.627187,73271,2017-06-19,Tundra
House late,-74.442886,96.500669,84856,2023-03-16,Freshwater
Reality person,86.122814,42.563742,43026,2017-05-04,Marine
Effect future,-87.674651,2.020309,22112,2019-11-17,Grassland
Thought such,26.675292,67.927378,81808,2023-12-06,Forest
Finally sing,7.18087,163.2241,79354,2023-08-26,Tundra
That then,-81.821071,102.389699,66363,2023-11-29,Tundra
Scientist simple,-26.746824,-135.186964,20315,2021-08-18,Grassland
Message thought,-75.026199,-25.147674,57346,2022-12-14,Forest
She public,67.22173,66.991349,51429,2022-11-09,Urban
I beat,56.92036,81.130344,45068,2026-06-28,Freshwater
Throughout indeed,-52.591402,-125.813533,70748,2020-08-21,Forest
To thing,-0.3044,-149.889972,6156,2022-07-20,Freshwater
Job real,35.325083,-33.978354,33611,2026-06-30,Urban
Avoid point,-22.495057,53.841687,42975,2021-05-03,Desert
Cause become,3.428066,-127.662087,15653,2022-09-09,Desert
Daughter produce,12.139846,7.935753,37911,2023-08-05,Forest
Never rather,64.287855,51.463463,1406,2026-02-12,Urban
Bed thank,-45.344848,-147.762459,36495,2022-05-12,Freshwater
Positive matter,60.07487,-157.859977,89911,2024-05-28,Wetland
Report music,1.309096,41.779434,19835,2021-02-05,Marine
Without avoid,34.984749,152.327748,26224,2026-04-23,Wetland
Lose total,11.963088,-30.92657,23647,2017-11-28,Urban
But market,85.354094,35.346655,44345,2019-08-03,Tundra
Plant news,62.868645,-98.30176,78267,2026-01-14,Forest
Already often,12.932832,-172.809215,62409,2019-03-31,Desert
Mind break,-54.772656,-116.375876,57123,2017-06-15,Urban
Ability important,3.075487,-108.49224,64862,2024-10-01,Wetland
Show past,-8.723581,-118.746349,90876,2023-05-23,Urban
Push but,-38.10876,2.680614,8816,2020-02-07,Desert
Six cultural,-84.625543,-88.090833,27143,2025-10-15,Marine
Task next,21.117204,-83.422128,10763,2024-05-29,Freshwater
Receive traditional,36.592288,-167.590488,56838,2019-10-14,Forest
Board traditional,7.519058,84.658618,93745,2018-09-22,Tundra
Personal part,64.893679,10.980427,42201,2026-02-11,Urban
Bag staff,37.607635,-38.579527,60389,2022-02-12,Grassland
And PM,16.38196,-132.944296,74940,2025-09-14,Urban
A concern,-43.33029,-149.409361,95541,2018-01-31,Freshwater
Then cover,-31.156191,-27.504892,52759,2018-02-17,Freshwater
Though forward,62.475362,-121.315954,57749,2023-04-21,Tundra
Authority anything,-17.132405,-75.647566,72817,2020-10-11,Desert
Reduce reveal,-76.48686,-169.293899,38657,2023-11-14,Tundra
Behind when,14.312333,116.547685,17021,2025-02-14,Marine
Outside pay,-62.985247,133.195311,59794,2018-08-04,Desert
Anything long,76.16877,19.276263,61834,2021-08-12,Forest
Interview professor,-44.144729,-157.829237,96198,2020-04-29,Urban
Pressure number,-55.035454,-50.315892,53696,2018-02-02,Freshwater
Fear community,57.861283,28.562664,83404,2024-06-03,Tundra
Activity water,60.592615,-58.477127,88074,2025-11-22,Urban
Together our,37.077161,14.293482,10063,2023-08-15,Desert
Hotel yet,-14.517501,-99.767381,42901,2023-08-27,Grassland
Identify else,-75.187959,170.752014,19389,2024-10-08,Desert
Open marriage,67.55421,-131.375394,5006,2025-06-12,Grassland
Toward cover,-64.49485,92.302881,10438,2024-05-13,Tundra
Carry everyone,50.014186,-144.421968,80307,2020-11-24,Tundra
Person already,4.417825,100.321625,65761,2021-06-02,Desert
Body direction,3.312181,-138.569628,76980,2025-12-01,Urban
Born across,65.817686,87.874236,58876,2025-03-01,Forest
Adult window,-16.561612,-130.850606,79691,2022-08-21,Freshwater
Line trial,19.110412,-100.567388,51278,2023-11-14,Marine
Buy stock,64.577206,161.692495,98580,2024-10-21,Freshwater
Drop those,88.041222,119.784729,41963,2023-04-17,Tundra
Food science,-23.370542,159.63388,72327,2023-10-14,Grassland
Recognize purpose,37.821022,50.946935,72357,2020-04-25,Desert
Range school,-65.934859,-104.262452,71146,2021-04-03,Freshwater
Likely leader,53.986513,76.661047,90893,2019-03-24,Tundra
Sell not,-76.048289,156.374781,66144,2022-05-13,Freshwater
Until bag,-38.57635,101.937878,58811,2018-01-06,Tundra
Billion before,-30.135548,93.083767,66051,2016-11-02,Grassland
Little camera,-64.777521,-36.678306,1487,2020-09-01,Desert
Her down,-88.053057,89.285008,19208,2022-04-07,Tundra
Beautiful range,-82.145955,49.308684,91893,2023-10-28,Marine
Mission a,-13.910108,-11.244634,11108,2021-02-23,Urban
Catch number,87.041162,-56.999429,12641,2023-07-22,Freshwater
Agency itself,85.512183,153.971953,44144,2025-11-05,Freshwater
Reach mention,26.97072,-77.211996,83329,2020-08-29,Urban
Hit kitchen,-42.472325,-104.267326,99003,2023-01-12,Wetland
Consider someone,72.564274,179.894565,85213,2022-06-09,Wetland
Recently spring,12.70458,163.640067,71247,2019-09-30,Grassland
Wear paper,1.528196,161.105523,83004,2016-09-17,Forest
Simply rule,-62.473926,-96.072156,28253,2024-12-13,Desert
Foot save,76.502693,-16.582613,29002,2025-02-16,Desert
Break central,-53.613636,40.269796,78626,2019-03-11,Tundra
Push score,-48.766818,-12.116023,76875,2024-02-15,Desert
Sure high,20.360283,-11.414312,51085,2017-12-15,Tundra
Agent religious,-36.867337,-92.013345,99041,2017-10-30,Urban
Perform event,14.175407,7.362523,24719,2018-07-01,Urban
Religious less,75.26459,64.699017,47589,2024-10-01,Wetland
Agreement provide,-78.562249,-85.102807,55516,2023-04-13,Urban
Close affect,64.759859,-8.464525,92861,2017-07-20,Urban
Tv institution,-85.895596,41.768234,22744,2018-07-15,Tundra
Mean American,70.128024,103.771253,37603,2016-11-15,Grassland
Policy resource,-51.517763,161.666162,69889,2021-11-11,Wetland
But wind,-1.28322,112.877068,5025,2019-02-14,Forest
Start painting,-43.3269,-45.41587,98528,2022-06-10,Marine
Create whether,66.290837,-87.579312,93662,2025-07-02,Freshwater
Model four,-50.541005,74.454943,44760,2021-01-30,Freshwater
Crime whether,-82.349747,44.792895,78654,2025-02-24,Grassland
Fine partner,37.776768,148.072969,36741,2024-04-12,Forest
Least old,37.934983,-170.197596,67415,2019-10-01,Wetland
Those decision,-27.713079,125.732837,76708,2025-06-04,Marine
Benefit goal,-64.251666,-45.867603,92603,2024-05-23,Tundra
Major rich,20.338673,-90.840662,25406,2025-01-14,Desert
Issue field,14.089013,-53.720891,43151,2023-01-09,Wetland
Course record,-2.746946,67.446319,67369,2019-10-28,Tundra
Ask gun,89.654407,-110.631149,16255,2021-09-17,Tundra
Mind subject,16.089792,140.649872,30640,2021-07-25,Forest
Technology happy,86.020543,-57.4975,49353,2026-05-25,Forest
Summer fill,72.221819,43.537383,49716,2019-03-31,Wetland
Sense past,43.710938,-86.169022,82608,2020-12-20,Marine
Benefit weight,-43.268275,78.951955,30643,2016-09-06,Wetland
Environment school,56.177754,70.635729,41356,2019-07-09,Marine
Practice even,24.90696,148.757552,68927,2017-01-08,Freshwater
New professor,12.860185,132.067349,68423,2021-03-02,Wetland
Lead pressure,74.584665,16.779042,29087,2022-05-20,Forest
Prevent stuff,59.843354,-157.246827,19333,2026-02-24,Forest
While walk,24.213168,5.486143,22600,2016-11-06,Tundra
Spring take,-43.257019,84.182295,36313,2021-04-29,Urban
Feel case,-24.719306,151.255085,41666,2021-03-31,Wetland
State who,-30.598977,-37.193531,29235,2022-11-22,Marine
Test opportunity,8.089183,-122.176394,61225,2017-04-21,Marine
Or east,-1.099145,-141.140531,13193,2024-02-09,Grassland
Building his,-6.939617,93.584272,25844,2024-09-18,Wetland
Owner include,-83.457376,169.35752,33358,2019-12-24,Forest
Sure teach,-54.09935,57.387887,21361,2023-05-13,Urban
Put nice,-5.211268,6.078525,80513,2020-01-02,Forest
Population economy,66.791521,71.30265,56802,2018-10-29,Urban
Whether not,-23.006898,-4.734113,55964,2016-08-15,Wetland
Especially box,-70.579002,-146.37945,2535,2019-06-23,Marine
Situation speech,-59.104744,-20.302069,28919,2020-09-13,Marine
Property same,34.513691,-50.194446,91644,2018-02-02,Wetland
Address responsibility,3.483047,-114.730709,66792,2017-06-29,Freshwater
Hundred condition,72.042478,-49.39623,45480,2022-06-02,Freshwater
Your look,-72.414022,-112.103825,14533,2020-09-21,Forest
Series world,86.350718,-156.7129,6375,2017-01-12,Forest
Office sea,-33.387128,110.855321,3855,2024-02-13,Forest
Matter government,68.348569,-69.002082,49110,2020-11-04,Marine
Girl sure,-32.550834,-36.216518,77088,2022-03-01,Tundra
Together green,14.59493,-106.65885,61183,2020-08-11,Desert
Thought couple,-84.640055,-158.99756,63149,2022-05-04,Grassland
Former body,87.136715,171.591514,62704,2025-11-12,Desert
Choose range,66.163506,22.928586,74222,2022-08-05,Freshwater
Energy go,-79.2854,-158.210496,34039,2024-10-12,Freshwater
Green pull,34.553375,136.580363,44304,2017-03-19,Tundra
Work traditional,-57.452489,-83.898131,9675,2023-08-15,Freshwater
Reason assume,-82.496013,-95.815017,28799,2022-11-29,Marine
Worker purpose,30.924883,-87.228374,88572,2022-05-01,Freshwater
Dream brother,48.469969,-151.781405,99407,2017-08-31,Grassland
Senior live,-30.911532,45.694219,91389,2025-01-03,Wetland
Field rise,44.260033,-26.47998,6995,2019-10-07,Marine
Energy clear,32.498421,175.51059,62848,2019-02-08,Grassland
Bar with,-0.726588,-178.45385,40100,2023-03-23,Grassland
Dream government,-36.105124,-83.198507,31682,2024-04-15,Wetland
Discuss field,55.220745,-123.675672,57025,2021-05-28,Marine
Pay light,-69.719714,-35.312247,79077,2017-11-17,Wetland
Court activity,-23.899725,-156.255445,98990,2017-08-28,Grassland
Race today,67.392322,-120.863196,46567,2019-11-16,Freshwater
Gun send,18.334204,-6.76931,18394,2020-01-30,Marine
Seven way,35.842916,9.002636,63191,2019-07-14,Grassland
Turn policy,34.762078,-59.465154,25511,2018-11-06,Urban
Able difference,-44.197886,-160.175008,57214,2023-08-30,Tundra
Prove summer,-39.442923,-141.064541,59683,2022-05-11,Desert
Nearly difference,54.894136,-38.11396,40173,2019-08-31,Marine
Practice operation,-87.123665,3.109236,90543,2017-06-13,Forest
Candidate who,82.423761,104.895178,44431,2018-07-31,Marine
Within road,48.985797,-1.426379,11542,2021-10-26,Tundra
Sound someone,55.303732,117.46058,24870,2021-02-16,Tundra
Letter necessary,-47.131007,173.818928,6836,2026-05-17,Marine
Exist dinner,56.35362,-94.756478,38456,2023-06-05,Wetland
Society night,-39.551915,-42.282748,65821,2019-06-04,Marine
Mention matter,6.138391,-76.325559,75071,2016-10-13,Desert
Just special,37.161005,-24.720034,35286,2018-03-13,Wetland
Teacher beautiful,6.087041,66.881234,54081,2023-09-23,Urban
Voice enter,-47.167102,28.440991,94464,2016-10-09,Tundra
Game cut,39.171729,-66.562424,80696,2025-12-08,Forest
Wish ahead,-15.11064,29.461785,48689,2021-04-11,Urban
Think best,-54.242434,-75.019674,86961,2025-05-15,Grassland
Bring side,10.224605,6.473376,60735,2020-06-27,Freshwater
Seven break,40.986787,155.183161,50369,2023-02-10,Grassland
Oil economy,-8.988536,19.815482,6739,2023-11-17,Grassland
Contain while,16.737614,-104.545499,449,2022-05-06,Wetland
Concern even,53.975833,7.259604,81497,2020-12-14,Forest
Season Democrat,-71.649284,-125.529555,90324,2026-07-04,Freshwater
Pm no,-16.527734,-118.823768,2520,2024-08-24,Forest
Out happy,-1.228375,128.667338,48344,2023-03-02,Grassland
Early light,-44.707392,73.526151,95709,2023-08-11,Grassland
Likely interest,-36.222523,-100.892639,94928,2023-06-30,Urban
Blood human,-57.704206,-36.60344,11192,2022-07-26,Freshwater
Them not,0.752903,23.602532,11124,2017-06-27,Grassland
Father real,-41.726507,156.576671,61497,2024-02-03,Forest
Could five,36.090147,-44.014166,85251,2025-02-02,Desert
Radio yourself,63.132893,155.812118,8027,2026-03-06,Urban
Indicate how,-64.762731,-150.727029,58438,2019-10-04,Forest
Front wide,-54.611903,-179.364353,37399,2024-06-03,Urban
Year federal,45.29988,-138.823073,24315,2024-06-30,Tundra
Spring run,45.082711,-39.14498,71652,2025-01-07,Grassland
Week make,15.280105,167.537773,64546,2023-10-14,Forest
Daughter onto,42.686418,-127.306115,16434,2024-04-18,Forest
Reach about,3.138857,-165.616799,97084,2022-01-16,Marine
Month nice,39.870203,37.485224,73123,2022-09-18,Urban
Today mean,-6.403657,33.232078,80523,2025-03-14,Desert
Sell again,72.488526,98.476038,40387,2018-11-24,Grassland
Direction work,-89.05887,138.041458,27845,2017-08-27,Forest
Network style,-80.424581,-131.400712,63855,2024-02-08,Grassland
Challenge explain,-84.68197,151.38796,92331,2021-01-24,Desert
Community military,-1.536512,-56.322764,45115,2019-11-04,Forest
Card like,-57.494641,6.3458,50946,2019-05-01,Wetland
Almost someone,33.313054,-9.506615,26275,2019-02-21,Freshwater
Natural history,-16.052751,-149.599174,89205,2024-10-12,Desert
Finally late,-88.094832,27.960251,55891,2017-02-09,Grassland
Safe nothing,33.906058,113.01621,21564,2025-07-29,Marine
Bill agreement,64.696535,-145.832369,93480,2020-12-10,Tundra
My contain,47.008333,36.224233,98049,2025-08-25,Forest
Song on,79.078225,-97.833035,10685,2020-11-18,Marine
Plant respond,-63.134894,-169.273208,31226,2019-10-18,Marine
Certainly forget,-28.195762,86.865108,68704,2017-08-24,Marine
Modern success,5.45289,90.164357,81032,2020-01-28,Marine
Turn group,56.890054,106.903883,2892,2018-09-21,Grassland
Area military,-52.633761,-177.357263,24892,2017-03-23,Grassland
Consumer quality,-31.124981,88.311318,2803,2018-08-20,Forest
Clearly enough,70.613464,89.056537,1592,2018-10-14,Freshwater
Suffer some,2.42303,80.553249,67578,2016-09-18,Forest
Push bed,38.53349,86.230513,20374,2018-08-20,Wetland
National me,46.614191,122.400449,40711,2026-04-23,Desert
Need field,9.873287,27.988471,649,2021-09-24,Tundra
Should send,45.634608,105.59521,15886,2023-09-05,Grassland
Vote away,-78.525871,-7.686621,87917,2021-12-17,Freshwater
Card body,55.726985,-95.721021,2834,2023-11-26,Freshwater
Difficult increase,-56.51259,36.886232,98345,2026-04-03,Forest
Even officer,37.781739,46.418583,90659,2024-01-27,Desert
Thousand allow,28.824988,123.91786,1207,2022-06-06,Wetland
Three part,47.385924,-75.250382,64901,2016-12-12,Wetland
Low five,64.590894,32.463108,11854,2023-06-26,Marine
Term develop,-29.099159,-170.876573,83057,2025-05-03,Wetland
They more,74.136901,-87.885927,27813,2019-12-28,Marine
Science south,-6.011009,-78.179944,54446,2019-11-13,Marine
Team open,58.785961,-113.944404,97972,2021-07-14,Wetland
Cut ball,51.350213,-35.041799,60508,2026-06-29,Desert
Ago theory,27.592663,-30.917433,4359,2021-08-24,Forest
Modern major,69.794571,104.231029,64308,2017-06-05,Freshwater
Space still,81.614573,-53.339606,71837,2022-11-14,Grassland
Defense school,-8.094171,-61.682549,58286,2026-02-06,Urban
Husband summer,-0.816497,-157.109686,91079,2025-05-06,Forest
Challenge left,-83.29004,30.051251,58981,2017-11-23,Tundra
Record concern,1.294485,-57.492883,23445,2024-03-22,Marine
That now,23.859683,-92.182832,70918,2024-01-03,Desert
White design,10.739154,174.445744,82735,2025-03-08,Grassland
Organization among,85.642913,-68.262005,43772,2019-01-10,Urban
Congress seem,-53.973952,-118.840769,86399,2018-06-27,Freshwater
Generation toward,-25.901467,-91.879147,27806,2017-06-13,Tundra
Need little,-69.517632,24.089346,65829,2025-05-11,Freshwater
Four thing,73.03122,-172.024576,18225,2018-11-17,Wetland
Remember collection,-19.999117,149.508388,93666,2022-08-24,Grassland
Series specific,55.363293,135.3834,91346,2021-02-06,Tundra
Carry hundred,74.018599,-158.661237,46863,2023-07-29,Tundra
Democrat finish,28.228978,-131.833324,67814,2026-07-13,Urban
Game person,71.835761,128.291807,98308,2026-02-07,Desert
Item drug,67.46733,8.966235,33891,2020-11-25,Tundra
Off quite,-57.139785,-135.639171,56497,2023-02-21,Desert
Pass say,-47.457739,-167.494465,23549,2024-11-30,Desert
Bed peace,-36.060873,132.201112,97718,2017-08-05,Tundra
Pick rock,22.008042,-125.793763,26095,2021-12-22,Wetland
Half stage,86.009314,-35.346437,72862,2018-08-07,Grassland
Decision similar,36.321609,-3.840339,78536,2018-10-26,Grassland
To goal,67.372322,-144.963894,7981,2024-09-16,Grassland
North financial,-37.307337,-73.283217,61056,2024-10-15,Tundra
Its knowledge,6.903321,-29.846897,18206,2023-11-15,Tundra
Throughout picture,-28.269105,-42.489168,22460,2023-02-26,Wetland
Late up,54.240952,95.124499,24871,2026-03-30,Urban
Together become,7.829729,149.692267,3697,2022-09-25,Freshwater
Clear lose,83.823667,-89.751356,67207,2021-12-29,Marine
These protect,53.112742,50.422781,67460,2016-12-13,Forest
Wind onto,-63.122459,-159.889926,73177,2024-06-09,Forest
From pay,-60.518273,40.452421,95047,2019-04-25,Forest
Old wife,-43.232975,22.215302,49573,2023-01-18,Grassland
Administration skill,13.526827,-107.511794,47801,2016-10-18,Freshwater
Throughout trouble,58.379665,-37.874982,7018,2018-06-25,Marine
Media for,-69.103199,107.548515,77200,2022-11-28,Tundra
Those someone,6.777204,11.088923,92177,2021-02-06,Marine
Film return,35.373486,21.487466,63951,2017-09-07,Desert
Need last,50.717564,67.806153,44910,2019-09-17,Wetland
Yourself technology,-83.289649,-144.3015,79225,2020-05-25,Freshwater
Significant prepare,42.456531,-80.032075,61488,2024-07-08,Freshwater
Eat general,42.244771,141.775347,90548,2023-07-26,Tundra
Drive religious,12.690632,140.508335,95849,2020-12-21,Freshwater
Middle wind,35.051531,26.11874,31049,2022-12-30,Forest
Couple usually,-15.215316,-50.466919,25993,2021-09-03,Tundra
Quickly society,13.780709,54.814445,13087,2021-09-26,Freshwater
Tend admit,-33.257166,-169.846866,12637,2025-07-15,Tundra
Want skin,-64.804898,-8.890552,87687,2025-06-05,Wetland
Community she,3.379915,63.673679,22499,2023-10-12,Desert
Speak hard,41.466721,-148.049298,12404,2023-12-06,Grassland
Later space,66.19813,-121.773589,62781,2021-12-18,Desert
Be rather,-20.785475,154.511243,45565,2024-05-29,Marine
Statement help,72.803515,-0.47594,27653,2020-11-04,Freshwater
Already woman,-57.672314,-64.314688,94673,2024-03-18,Desert
Top message,8.268816,13.755582,33344,2022-10-02,Forest
Policy music,-18.119298,-15.10067,4972,2024-10-02,Freshwater
Free newspaper,69.147955,30.298031,38352,2025-03-21,Wetland
Enter rise,-0.655541,-134.230395,62032,2023-02-05,Tundra
Know fly,80.911047,-175.106745,83715,2020-11-02,Wetland
Prove body,34.158566,-17.229853,21865,2023-06-27,Desert
Crime pay,-68.5808,-63.650335,59331,2021-07-06,Wetland
Eight right,73.328137,-90.952571,98349,2021-02-08,Forest
Catch open,34.595892,-7.299783,62436,2021-01-04,Tundra
Price today,7.505623,-90.895041,26985,2019-01-30,Freshwater
Body discussion,63.592355,154.890096,79524,2020-04-18,Urban
Simple since,-8.920722,-42.349896,83601,2019-12-06,Marine
Smile determine,77.369458,-42.75979,8497,2024-03-07,Freshwater
Send while,-37.298258,-39.226868,83125,2023-10-22,Tundra
Particular pattern,-75.981538,-47.731001,30867,2017-03-20,Urban
Scene way,-88.532504,-116.355729,30678,2019-10-27,Marine
On reflect,-83.708667,89.75993,48061,2017-09-28,Tundra
Today voice,56.522494,-93.676179,67742,2018-10-27,Grassland
Dark mission,51.886594,-25.630867,7669,2021-08-22,Urban
Find only,-4.288298,-176.458777,70669,2022-08-26,Grassland
However clearly,17.601753,-0.877517,8767,2017-05-03,Freshwater
Break ok,-38.705434,-3.46897,86548,2024-11-07,Urban
Organization party,84.396163,-176.101084,93510,2024-07-11,Desert
Use social,-10.887622,-87.482751,65810,2021-12-06,Marine
Leg lawyer,-68.414397,166.957745,1110,2019-07-14,Urban
Learn professional,48.055903,153.366015,77379,2017-03-11,Forest
Fine summer,-86.422445,26.620606,31068,2019-04-11,Grassland
Anyone cup,46.300023,82.447639,78562,2022-06-12,Wetland
Form far,68.511093,157.423204,79398,2017-11-22,Freshwater
Something various,-84.953049,-122.632221,11448,2020-08-20,Grassland
Between power,43.342675,62.280882,90063,2021-06-17,Wetland
Visit economic,33.376449,-42.67803,46503,2023-02-27,Tundra
Two like,-47.033573,139.236982,10642,2025-08-01,Desert
Live option,64.068806,164.994867,66016,2023-03-01,Marine
Often write,-48.461333,113.775461,2124,2022-02-13,Marine
Make owner,88.062254,-161.73931,56378,2021-04-07,Forest
Name score,70.090392,-160.045857,26875,2017-01-12,Forest
Type nothing,0.558808,6.895937,36551,2021-10-07,Desert
Recently within,-34.495018,133.242632,28747,2018-08-27,Freshwater
Road he,-76.787209,-153.254411,76415,2023-01-03,Grassland
Few director,-13.880807,32.422916,52235,2021-01-16,Grassland
Represent key,47.389571,-105.339766,7790,2017-02-03,Marine
Try meet,31.317222,-84.522688,63255,2021-02-05,Forest
Year whole,44.920666,150.773527,80321,2016-10-22,Freshwater
Long voice,-23.048201,-137.295326,99015,2025-01-03,Forest
Ball best,-32.750157,-54.894271,57486,2025-05-21,Freshwater
View research,61.404332,-162.19515,75806,2016-09-05,Desert
Memory admit,-78.572183,22.918183,27708,2017-02-11,Forest
Rate happy,43.886517,-96.37983,56006,2023-09-08,Grassland
Food inside,31.519849,93.475885,1164,2020-12-15,Urban
Speech learn,-26.506928,133.259879,88327,2023-11-02,Forest
Shake of,16.995053,26.722565,22695,2018-05-29,Grassland
Know question,-23.168963,-169.067596,52932,2022-07-08,Desert
Family of,-7.266883,-151.561868,83816,2023-08-29,Tundra
How approach,-4.269199,156.731924,84718,2022-08-27,Tundra
Sport recently,-80.313964,-98.906813,13031,2019-10-08,Desert
Film event,9.274567,-78.85011,60794,2025-04-01,Freshwater
Million billion,8.433868,-71.665535,60174,2022-12-20,Tundra
Improve today,80.325733,50.462615,33903,2017-06-11,Wetland
View wall,-24.726938,-141.691864,43741,2025-06-20,Tundra
Result world,77.002356,-166.997682,86684,2016-10-15,Marine
Plan call,39.849241,-16.907401,5556,2021-05-26,Urban
Moment imagine,-62.29337,162.442791,83526,2021-09-08,Wetland
Trouble never,31.947651,126.916274,61067,2025-11-11,Desert
Style these,47.398705,-66.375097,40132,2016-10-25,Forest
Necessary identify,-50.387987,110.613377,15801,2023-05-18,Grassland
Adult second,66.538766,177.309428,17161,2021-08-03,Freshwater
Evidence really,-42.60292,-71.85611,9951,2019-12-27,Urban
Age small,-62.642871,-27.731393,4027,2017-11-19,Wetland
Lot nearly,9.326056,-58.54729,28538,2018-07-09,Desert
Thus kind,32.231927,84.098962,48352,2022-12-09,Wetland
Player film,48.069606,-58.725776,56209,2022-06-04,Urban
Ten interest,-5.715066,65.482301,95564,2023-11-15,Grassland
Guy study,28.16912,-52.739092,58128,2020-09-07,Tundra
Ever pull,10.86785,-163.229532,23417,2019-10-15,Forest
Such base,53.509532,103.369204,60843,2023-01-02,Tundra
Animal move,-63.980147,-167.165185,9604,2023-02-18,Wetland
Hope better,-50.634544,83.154728,6524,2022-04-14,Urban
Service might,27.956865,78.738117,84491,2016-12-25,Grassland
Lay something,-48.749526,87.994456,37488,2019-07-02,Freshwater
City special,-31.661561,-115.531165,65121,2022-09-02,Freshwater
Maintain close,63.02398,114.281056,91899,2016-08-20,Desert
Rock value,-88.852431,-46.673323,9333,2021-09-24,Marine
Century TV,-56.80711,1.384786,34079,2018-03-04,Tundra
Seek song,-5.864351,-35.826676,12173,2023-05-31,Freshwater
Industry option,-65.174746,-86.976787,52623,2018-11-12,Freshwater
Social office,64.186812,-134.380003,59008,2022-03-26,Forest
Type number,0.319756,-54.678956,30326,2023-07-04,Marine
Low hotel,8.233566,-168.484902,22290,2024-10-29,Wetland
Indeed product,-44.635002,37.844867,91276,2023-05-16,Wetland
Again space,60.605304,28.503508,36860,2020-09-02,Urban
President term,79.078599,-98.399763,53993,2018-04-04,Freshwater
Weight focus,-65.220799,118.270226,37506,2024-10-09,Wetland
Head resource,20.869339,-77.696591,91357,2019-03-20,Desert
Past significant,-89.446168,5.690094,3565,2024-10-18,Forest
Yard key,-36.951669,-120.942598,38894,2024-06-17,Marine
Interesting institution,26.590489,88.569426,42762,2020-01-19,Freshwater
Maybe there,30.29442,-162.249543,68170,2016-09-02,Freshwater
Prevent bad,-51.227862,-90.741376,57596,2019-01-22,Marine
Detail town,-81.36089,2.263949,47823,2017-03-29,Tundra
Best alone,69.822646,-34.223962,48280,2021-09-10,Desert
Ago say,71.349408,109.298601,97602,2026-01-12,Forest
Under investment,-78.466634,170.317288,84473,2024-03-30,Marine
Smile late,8.233154,-60.130577,76984,2026-06-23,Marine
Miss understand,45.406665,157.642279,23335,2023-02-02,Freshwater
Painting method,37.473934,94.128221,20563,2026-01-27,Tundra
Agent before,-53.04801,-177.418996,72530,2017-03-15,Desert
Various reveal,65.12633,-154.21508,39757,2017-06-06,Wetland
Fine end,-37.653966,-119.165624,16110,2017-07-29,Marine
Offer suffer,35.766443,-68.884183,40956,2026-04-06,Urban
Class anything,-9.061609,44.639447,3208,2019-09-07,Forest
Which phone,14.46581,126.216067,85301,2018-05-03,Tundra
Former today,34.878699,-123.990584,26166,2016-12-27,Marine
Employee million,56.21345,8.181424,7231,2021-10-17,Urban
While note,-4.163442,60.336292,55275,2022-12-10,Forest
Really fly,-56.21618,-56.254884,26121,2024-05-25,Grassland
Whether see,-84.616516,-77.985782,79047,2018-12-28,Tundra
Participant someone,25.716211,-145.011574,67855,2026-02-02,Forest
Half administration,-79.711952,-58.544546,65986,2021-09-23,Grassland
Region southern,-20.313582,-159.548996,47762,2020-08-22,Freshwater
Perform later,-67.825452,83.249861,62177,2025-01-11,Wetland
Thousand else,12.34986,-71.017785,64179,2024-05-21,Freshwater
Chance main,36.287734,-84.634474,7920,2022-11-08,Urban
Book truth,10.918161,164.805178,63040,2024-11-08,Wetland
Care discussion,-71.976083,-10.675062,32258,2026-02-24,Forest
Several fire,-45.180828,179.630457,69139,2019-01-05,Wetland
Before late,80.059315,50.311915,64517,2025-04-27,Wetland
Could recognize,-89.109631,125.805195,9257,2024-11-20,Tundra
Sometimes discussion,-25.104806,49.660464,86508,2023-08-09,Forest
Trip senior,24.082421,-62.883054,2935,2026-02-04,Marine
Nearly watch,18.037629,-107.439104,72994,2021-06-10,Desert
Blood check,55.980888,80.652975,69422,2023-07-14,Freshwater
Worker carry,60.810664,-155.094489,29566,2021-10-18,Urban
Wrong also,-84.973112,-87.238303,66629,2025-04-12,Marine
Before run,52.036245,126.538528,40903,2023-09-22,Marine
Chair leader,-39.124977,-152.077993,50594,2022-12-16,Grassland
At Mr,-24.065151,37.773509,65434,2026-06-11,Freshwater
Organization over,-33.146276,-125.664999,83694,2024-08-24,Wetland
Five as,50.358907,-82.155167,25436,2023-07-06,Marine
Fact pull,9.435448,-65.281584,63136,2016-10-24,Grassland
Though least,-21.921542,-16.620212,24231,2022-04-21,Grassland
Policy shoulder,79.156514,1.693462,18788,2017-06-15,Desert
Wish play,-34.404462,36.435865,79721,2025-08-11,Grassland
End thus,68.920269,93.100516,24167,2019-11-26,Urban
Minute situation,64.483572,132.448459,17172,2025-03-09,Tundra
Easy class,35.843216,-58.452551,22035,2022-12-10,Forest
Product Mrs,59.720462,-172.688873,57962,2018-12-29,Freshwater
Forget but,43.592732,56.352467,52185,2021-04-09,Freshwater
Picture particular,-68.38252,152.619993,59566,2021-01-19,Forest
Involve back,-63.282806,-139.977503,43835,2022-05-04,Freshwater
Protect identify,26.340212,61.233108,53662,2025-08-21,Desert
Second serious,68.317903,-124.546136,77523,2020-05-16,Tundra
Notice minute,35.16516,-72.076436,30030,2021-02-19,Desert
Indicate use,38.077736,18.181696,7265,2019-08-19,Desert
Here agreement,15.632196,24.440527,50488,2023-02-07,Wetland
Ten continue,34.882553,158.553833,89294,2025-08-04,Desert
Fine matter,26.264935,-49.345576,41348,2023-12-30,Forest
Performance should,60.729755,-26.804898,80236,2025-11-24,Wetland
Forget watch,23.291232,-25.529316,6281,2021-12-14,Tundra
Education price,77.642422,-56.390375,72689,2026-03-25,Desert
Tv effort,51.77002,-48.466783,61576,2021-07-17,Grassland
Prove at,32.124352,-156.91436,84929,2018-04-05,Desert
Behind your,-17.349588,36.239235,67383,2020-07-04,Tundra
Data prove,-41.972326,-39.580446,15231,2018-04-13,Forest
Board degree,1.079535,117.20087,60303,2019-05-11,Desert
Off civil,-9.79551,-1.618947,84969,2026-06-26,Grassland
News anything,-46.491145,-70.181129,47054,2018-06-06,Forest
Information service,-38.959063,62.392275,2418,2021-07-26,Grassland
Career yet,1.289067,159.054714,68106,2017-12-06,Forest
Loss face,17.872937,117.143275,63683,2017-07-03,Grassland
Part myself,-2.7659,-151.172782,18722,2023-04-22,Desert
Analysis four,-45.528859,-178.996173,56603,2021-10-18,Marine
Hundred performance,67.32856,-166.698013,10693,2021-07-17,Desert
Late son,-23.567852,93.654333,85520,2025-06-07,Wetland
Long their,77.365004,-115.189732,11736,2021-11-08,Urban
Police hair,45.012326,-71.506471,57773,2026-03-18,Marine
Quite successful,60.193815,138.830043,45684,2024-01-01,Wetland
Capital pretty,77.083506,31.675491,45844,2018-03-21,Wetland
Dream she,-62.438842,43.881256,37210,2023-01-11,Forest
Course cut,51.389455,-34.411861,19795,2020-08-24,Urban
Lose easy,36.131935,-87.713848,73961,2016-11-22,Urban
Institution same,-37.242311,-65.950937,5848,2021-02-17,Desert
Threat no,-81.541667,121.522924,14874,2022-10-31,Desert
Probably direction,13.432205,-58.445149,55193,2021-05-30,Grassland
Provide population,79.137353,84.105817,78976,2024-07-28,Freshwater
Project similar,63.011178,42.468947,7563,2019-10-01,Freshwater
Child town,80.484419,-123.563883,65920,2024-01-28,Forest
Country receive,-88.203062,123.061304,26699,2017-10-13,Desert
Account difficult,68.047618,23.248942,28964,2018-03-07,Urban
Mrs treatment,64.266752,-84.138306,70640,2025-09-08,Marine
Institution any,6.972406,-65.672175,53184,2023-06-15,Marine
Hit baby,-1.757221,164.466357,23504,2020-10-04,Grassland
Sing party,-0.069444,-82.690879,52243,2022-04-16,Desert
Usually remember,82.168024,106.865164,57702,2018-01-01,Marine
Little large,-31.575398,-155.241285,10575,2024-12-26,Freshwater
Move that,83.314238,130.480234,59529,2024-11-26,Tundra
Clearly commercial,60.354484,50.522305,10191,2022-09-15,Marine
Student interest,-87.846675,-165.273312,22569,2018-12-12,Grassland
Food toward,65.251539,110.688082,43179,2018-11-20,Grassland
Actually age,44.319356,60.633085,54504,2020-04-28,Urban
Send better,-35.865064,-159.806813,46493,2024-06-11,Tundra
Billion yet,54.855213,-58.187419,61390,2018-06-15,Tundra
Choose power,15.48593,12.224058,59678,2020-12-18,Desert
Food leave,22.665513,110.824167,28331,2016-12-10,Marine
Into need,9.80708,24.878369,86054,2020-01-30,Desert
Season democratic,-89.96381,-61.569709,65943,2017-07-26,Urban
Pm wind,7.189632,-12.786504,87239,2019-07-16,Marine
Foreign tend,-53.083837,-147.972971,55475,2026-03-23,Grassland
Physical type,-46.806484,40.194068,90266,2023-01-06,Urban
Seek camera,-15.311267,-25.926405,18660,2017-10-03,Freshwater
Time individual,5.160673,3.982241,95074,2021-01-25,Freshwater
Possible wife,22.684143,130.836187,54187,2025-03-02,Wetland
Stay heavy,57.794419,-89.849355,88463,2021-07-31,Desert
Beat between,24.60874,14.387038,63071,2021-09-10,Tundra
Trouble authority,26.697788,-134.419522,41445,2022-08-24,Marine
Clearly high,71.182789,-69.928673,2238,2020-08-09,Freshwater
Current activity,58.006639,74.492725,91453,2017-09-30,Wetland
Political line,-43.199465,84.713377,48166,2019-07-24,Urban
Official tax,37.145343,-168.649177,93105,2016-09-15,Desert
Maybe far,31.560052,-133.014254,40826,2016-09-07,Grassland
Ready say,-79.682557,3.066366,55541,2024-01-24,Forest
Development rise,46.372083,-122.94179,12686,2022-03-17,Urban
Arm friend,65.819791,75.621209,80320,2021-12-26,Urban
Before thought,82.980153,112.782367,52697,2025-06-09,Marine
Indicate go,-7.467818,5.12831,39991,2020-08-02,Grassland
Itself some,-44.293366,174.942919,22622,2025-08-02,Desert
Probably recognize,81.444153,131.039043,19675,2020-03-21,Freshwater
Significant animal,-34.656257,-104.597397,26727,2018-11-23,Grassland
Commercial run,-22.023864,-132.670758,41250,2024-06-21,Grassland
Hear agreement,48.257003,-118.838411,49272,2018-11-04,Tundra
Country enough,22.922989,131.759066,46361,2023-11-28,Freshwater
Reason suggest,81.468558,79.155151,91170,2023-12-20,Desert
Must despite,34.004327,98.569683,80098,2018-09-24,Desert
Yes subject,15.057477,-140.189209,68641,2020-12-05,Marine
Or now,37.382255,76.942186,81666,2021-05-28,Grassland
American certainly,-84.204632,-130.171049,3603,2018-11-12,Forest
Almost edge,-24.481135,106.633431,33465,2023-04-16,Tundra
Money know,21.102567,-120.753599,55979,2026-01-27,Marine
Hold star,-28.650427,37.888249,3698,2019-02-28,Wetland
Garden speak,88.259456,-146.366371,67759,2018-10-02,Freshwater
But from,60.524862,-92.741812,33216,2019-11-26,Grassland
Agency trip,-51.474204,172.406929,80124,2020-11-25,Marine
You theory,-38.983025,-100.954219,20037,2022-11-22,Grassland
Easy book,-37.636274,-105.260172,29907,2022-07-17,Desert
Standard someone,13.706574,-126.425726,43056,2022-09-10,Urban
Drive second,-34.033109,134.366455,88416,2023-05-29,Grassland
North off,19.603851,115.605298,80881,2017-03-24,Urban
Sell send,56.805417,19.268992,5470,2019-04-24,Desert
Appear weight,-14.919077,-177.995057,84212,2018-01-12,Urban
Yeah surface,59.237906,-0.964549,5827,2018-05-16,Marine
Issue anyone,40.069902,-85.274306,26443,2024-08-19,Wetland
Pull American,-64.495208,114.810118,30937,2019-09-06,Urban
Type east,-80.561646,78.90418,928,2018-02-07,Marine
Talk bag,24.491169,134.8897,84427,2020-04-15,Urban
Draw fish,-22.281957,-17.460639,73005,2023-08-28,Urban
Amount other,-49.587341,173.726306,94975,2020-07-14,Marine
Change us,-10.610305,139.297828,51569,2017-06-23,Forest
Deal would,52.684129,104.804379,38991,2022-10-30,Marine
Bit gas,72.219827,53.128386,22456,2016-12-26,Wetland
Enter employee,24.653032,-95.193741,2245,2016-08-17,Wetland
Whether yet,57.759554,-135.349258,95530,2025-09-03,Marine
Country alone,44.643638,133.418717,38710,2024-05-29,Forest
Beautiful growth,22.54805,2.614436,42030,2018-11-09,Desert
Pass fight,-81.025513,-7.820733,38595,2018-05-15,Wetland
Effort left,-82.935685,-111.257063,10993,2019-04-04,Forest
Special article,81.460212,139.073461,75760,2024-04-29,Desert
Speak statement,-88.618069,131.392061,91272,2024-11-25,Tundra
Message large,-19.635234,-172.070077,92200,2020-08-04,Desert
Hot rock,19.778766,-66.399769,48231,2022-08-11,Freshwater
Very young,-49.683418,8.749057,21672,2017-12-26,Freshwater
Eye world,-89.175746,3.775741,9725,2025-05-02,Forest
Property through,37.741823,15.992274,97607,2025-06-23,Wetland
Fast quite,21.828436,-44.035305,322,2024-12-05,Forest
Eye that,-42.246202,-102.799721,57022,2026-07-05,Freshwater
To front,51.967392,-0.047221,70113,2023-12-30,Freshwater
Laugh ability,-5.793481,138.353854,6477,2023-12-19,Grassland
Right finish,0.190303,119.398528,3397,2020-09-06,Marine
Simply miss,-7.898071,46.942321,83226,2017-04-26,Urban
Group food,-3.768401,25.031854,37123,2024-09-29,Wetland
Modern little,6.149057,-104.67252,94784,2022-02-18,Urban
Recognize necessary,-59.717817,140.968268,78495,2019-03-30,Desert
Soon talk,72.163318,-160.565511,31315,2025-03-05,Wetland
Technology woman,62.687732,-59.344542,64651,2018-04-25,Urban
Soon majority,79.667601,150.511016,45573,2020-05-24,Wetland
Than citizen,-12.668407,-97.485644,99164,2026-07-14,Tundra
Stock American,7.711873,-26.347746,37983,2019-12-07,Forest
We each,43.669422,-45.342884,15091,2022-12-13,Freshwater
Approach behind,34.215497,156.493858,80868,2016-10-31,Wetland
Know sell,31.510377,-62.850793,40034,2025-10-17,Desert
Number whatever,-34.981922,-173.266268,47503,2020-09-09,Grassland
Why message,60.851979,-141.720878,71004,2021-11-17,Grassland
This trade,-43.552986,-9.939943,53906,2023-06-23,Tundra
Have recently,-35.32435,-118.861785,17360,2025-01-14,Marine
Event issue,-50.828443,31.146267,30098,2018-06-17,Marine
Understand ahead,21.23236,42.432117,49207,2026-03-14,Desert
Church fast,0.377535,-76.223968,7219,2021-07-02,Freshwater
Bar result,57.250404,-14.276312,49069,2019-07-16,Wetland
Join those,-15.625566,-162.601652,75794,2021-11-28,Grassland
Long billion,-42.836778,8.493363,378,2017-07-18,Tundra
Occur lose,38.924114,137.595761,81461,2017-04-25,Forest
Certain during,0.126098,-52.792422,51637,2018-11-17,Marine
Around suffer,-16.37376,-25.231534,69140,2024-01-02,Marine
Quickly through,70.962437,-48.960753,73064,2018-04-10,Desert
Western no,-89.903324,-100.146164,86258,2019-10-02,Tundra
Culture able,-12.11794,-62.442684,58535,2017-11-10,Wetland
Whom wind,28.845562,-6.160486,33857,2019-12-14,Tundra
Identify military,-88.987506,106.115377,71010,2025-06-19,Tundra
Start respond,37.029515,-55.587763,63721,2018-09-22,Freshwater
Blue season,-30.675543,162.786098,64589,2020-05-19,Grassland
Loss front,61.993019,57.087263,96331,2024-09-29,Forest
Develop represent,-5.380294,86.34315,10048,2023-04-25,Forest
Size outside,-61.69853,-163.710704,54182,2022-03-03,Forest
Concern instead,11.429669,12.525228,57574,2020-08-25,Marine
Full seat,62.903426,-144.832439,9076,2019-12-06,Freshwater
Manager management,-82.345637,20.674237,78054,2025-06-12,Wetland
Take listen,-55.045227,-122.080098,23690,2025-06-02,Tundra
Heavy development,-4.932114,137.538617,22474,2022-05-28,Marine
Sometimes expect,84.964097,-124.810986,76316,2020-10-16,Freshwater
Glass write,33.504565,-177.39817,69890,2020-01-27,Marine
Across air,73.773706,150.288956,63793,2018-01-09,Urban
Toward find,16.788781,46.573743,95238,2019-10-15,Freshwater
Point form,-29.500141,129.6184,80033,2025-01-14,Tundra
Cultural other,42.424449,23.138557,26932,2018-03-27,Urban
Amount building,-77.326417,-73.954334,89475,2017-05-03,Grassland
Stock more,-35.262712,-130.776501,88522,2025-03-05,Marine
Police meet,-8.664359,-25.090203,33267,2021-01-09,Forest
Stop foot,18.042102,44.838656,53651,2018-01-05,Marine
Several total,9.750072,-13.744361,35007,2018-03-27,Forest
Collection plant,-88.82737,146.224941,55813,2018-12-03,Grassland
Bad mouth,89.287889,-38.830495,62414,2017-10-19,Freshwater
Free factor,-16.461558,-77.749748,19015,2022-06-17,Grassland
Real fall,21.077021,-43.175937,11974,2023-12-26,Desert
Bar rise,46.025431,-1.385751,34412,2021-10-17,Tundra
Meet center,26.646975,-51.466323,42016,2022-11-09,Grassland
Number career,72.97074,73.617384,64782,2020-01-03,Freshwater
Itself home,-60.238028,72.876755,43982,2016-09-19,Forest
Me policy,-35.739079,76.882124,28129,2018-04-28,Urban
Protect paper,-10.457518,-141.977909,59771,2019-07-21,Wetland
Reason already,-82.987112,62.289303,9490,2019-04-27,Desert
Nation production,52.996955,91.417684,84591,2023-03-12,Grassland
Data have,32.001903,124.797429,70002,2017-05-17,Marine
Rock crime,10.59205,74.021133,45690,2026-06-18,Urban
Reveal wrong,-3.119412,-39.100434,78689,2024-11-11,Urban
Memory capital,-58.297875,-56.126488,78016,2026-01-27,Marine
Interesting generation,31.228948,-87.464895,68473,2024-11-28,Wetland
Real task,71.565133,81.176854,70137,2019-05-17,Freshwater
Explain within,53.594877,175.412991,92311,2022-04-26,Tundra
My listen,18.43578,68.838238,88728,2021-12-10,Tundra
Interest air,-9.662349,-163.300523,71118,2017-08-27,Tundra
These at,60.761794,107.005439,26422,2021-12-25,Forest
Entire machine,-34.429345,-39.384468,77189,2017-03-15,Freshwater
Respond foreign,-9.443864,-93.281603,11147,2020-09-15,Grassland
Former laugh,-3.22802,-15.776207,82323,2022-03-28,Tundra
Machine raise,6.912015,71.867081,62588,2016-08-08,Desert
Particularly animal,-38.812646,17.930906,19631,2017-04-19,Tundra
Environmental outside,-83.220236,0.108348,95004,2026-03-12,Urban
Like friend,5.721713,41.516412,6286,2017-03-24,Wetland
Attorney our,7.962034,-40.239689,541,2019-07-28,Marine
Every smile,7.133148,68.996804,89576,2022-07-31,Wetland
Camera summer,-62.641825,-28.378156,79856,2024-04-23,Marine
Like marriage,-53.546437,-7.545947,3471,2019-02-25,Wetland
Letter any,-59.323235,-7.239638,49477,2019-03-03,Tundra
Guy television,-11.67299,-95.679815,32059,2022-12-14,Marine
Test phone,-72.032007,100.437692,97256,2018-10-21,Marine
Partner today,79.383954,61.487581,99896,2016-12-13,Forest
Appear himself,38.105766,-89.454496,13483,2017-04-20,Marine
Nation but,-82.621292,-108.886554,25000,2021-05-18,Wetland
South western,11.304549,1.100979,20342,2018-12-30,Tundra
Hour nation,-14.134261,164.456005,48970,2023-08-08,Desert
Program call,17.901154,-35.886975,50365,2021-07-02,Desert
Very edge,-54.452318,39.097746,54877,2020-09-21,Desert
School financial,-9.53701,-72.698179,65468,2019-06-10,Marine
Fact pay,12.129735,6.757784,98715,2026-07-05,Grassland
Develop produce,-72.71944,-33.979581,1395,2023-07-28,Wetland
Describe money,29.116588,1.989572,56637,2023-09-11,Forest
Tonight friend,-55.079813,-50.482262,71441,2024-07-06,Urban
National clearly,0.066467,99.778651,24994,2020-04-29,Wetland
Outside for,45.18629,49.838196,8653,2020-10-02,Grassland
Become dream,75.403041,64.501456,23559,2022-02-11,Urban
Police art,-63.926576,-21.566806,25104,2019-11-28,Urban
Before six,59.112017,42.292312,75492,2018-08-16,Urban
Language kind,80.756918,11.715804,97339,2023-06-09,Desert
Natural force,65.348293,113.455309,33348,2016-10-15,Urban
Fast agent,53.327924,-167.963199,56847,2017-06-05,Freshwater
Foot morning,58.857431,63.350593,375,2019-08-11,Urban
Radio nature,18.287647,81.480416,99922,2022-02-10,Freshwater
Cost yeah,-84.858917,2.11169,88511,2022-02-20,Tundra
Where occur,-65.300075,-168.630375,75179,2025-11-13,Forest
Worry dog,30.285381,166.408812,45847,2023-04-29,Desert
Good how,-63.122249,69.967937,24179,2020-11-17,Wetland
Sell wind,61.756076,-147.043192,81672,2018-12-01,Grassland
Product find,86.224377,172.90842,78073,2021-11-10,Freshwater
Career past,85.588585,53.371526,87700,2019-04-15,Forest
Model life,-2.066582,112.202238,62540,2017-10-14,Grassland
Young with,72.683481,-1.331941,75517,2019-02-23,Grassland
Hour direction,-17.404449,84.537687,35761,2025-09-30,Wetland
Hear protect,-48.391242,25.83348,39833,2026-01-31,Grassland
Country company,34.131079,-111.436736,16572,2022-05-06,Tundra
Recent building,64.502179,-16.742056,12635,2023-02-25,Grassland
Store floor,31.4442,-154.350139,91127,2021-07-07,Wetland
Ability foreign,-46.888538,108.258466,1212,2026-01-09,Marine
Oil traditional,41.377842,59.236917,20447,2019-12-30,Forest
Authority finish,-26.267015,34.567088,21560,2025-03-10,Forest
Election rule,67.973023,150.100544,41031,2026-06-29,Forest
Gun tend,64.868465,-25.545203,55440,2019-12-23,Tundra
Middle mention,80.065534,83.637887,70127,2021-08-18,Tundra
Compare tonight,-24.107092,106.822186,18765,2016-09-28,Tundra
Bar tonight,-83.525826,118.52082,28419,2025-03-12,Grassland
Century need,47.576937,-136.083612,67790,2017-12-27,Freshwater
Choice skill,54.873027,-16.270842,28449,2022-05-09,Marine
Figure yeah,-89.803015,-94.41484,20434,2018-07-08,Freshwater
Arm include,-3.6569,19.12337,29276,2024-03-28,Marine
Live blood,-30.045677,-91.921358,78208,2017-11-22,Urban
Society message,32.790096,80.948833,18575,2019-06-18,Forest
Better herself,-71.592716,-129.989092,74479,2020-04-02,Freshwater
Garden open,-58.735282,-130.177905,16015,2023-09-25,Freshwater
Member play,-87.039093,23.677224,69476,2019-04-14,Tundra
National high,-61.900677,-59.689295,81894,2021-10-28,Urban
Argue trip,-56.983588,-127.642687,37216,2019-07-07,Marine
Understand deal,-53.88542,132.32102,35625,2019-01-01,Freshwater
Your statement,66.767715,12.320583,46323,2024-03-02,Urban
Find how,49.441587,97.337482,97017,2020-03-18,Desert
Red point,-2.007169,110.081103,60749,2024-04-23,Forest
Market foreign,-4.687802,-159.758671,95399,2019-10-27,Urban
Former only,-12.537139,-52.635132,52381,2016-12-02,Tundra
Politics however,63.489524,-175.159732,9843,2016-07-24,Desert
Point despite,-75.874282,99.689488,75095,2023-12-12,Forest
Represent you,32.551305,3.638119,24790,2023-06-17,Desert
Whether similar,-51.639614,16.01817,56995,2023-03-14,Freshwater
Plan resource,-12.879907,-58.9782,82361,2020-04-08,Freshwater
During item,50.953092,154.911176,39402,2021-02-14,Desert
Almost sort,81.466542,155.566727,35892,2025-10-13,Grassland
Rise husband,-7.473357,-74.737084,58502,2017-01-06,Tundra
Individual local,72.037622,-179.324908,97117,2018-07-10,Wetland
Human candidate,-82.874371,135.204892,81431,2021-02-05,Desert
Sign south,-27.425334,33.941524,36659,2023-05-30,Wetland
Water population,30.088935,-107.285068,49713,2018-12-23,Grassland
Public activity,-47.592509,-31.977141,23910,2023-09-07,Tundra
Close read,39.586823,-18.608406,85163,2026-06-19,Wetland
Certain thank,-35.185647,121.123851,62241,2021-06-17,Grassland
Early senior,-52.217985,75.441151,8490,2022-04-23,Grassland
Wonder above,78.283431,-2.999121,61290,2019-08-23,Marine
Drive writer,53.644499,57.020088,40860,2024-03-28,Freshwater
Tv front,-16.399057,-33.914082,92051,2017-05-21,Urban
Chance exactly,45.751041,-147.539322,34665,2020-06-10,Tundra
Sense agent,0.210566,126.815736,32295,2025-03-20,Urban
Among call,-11.090662,-22.8759,67838,2019-02-08,Tundra
Type store,-25.496995,-78.736846,42401,2020-11-07,Forest
Director meeting,-9.329071,-5.272459,16526,2019-10-01,Urban
Cultural seek,60.833907,161.317828,52981,2021-06-29,Grassland
Cup within,-47.009891,165.740438,70455,2025-12-07,Forest
Learn student,-36.522707,14.306633,89485,2020-05-30,Freshwater
Drop heart,-32.064421,61.761029,10134,2021-10-23,Desert
Tv style,-33.983035,30.843391,23783,2020-04-13,Desert
Information movement,71.527378,59.480961,39362,2017-05-08,Desert
Outside them,30.706504,149.556585,57090,2022-10-14,Marine
Goal about,78.72183,-138.730571,79169,2016-08-30,Wetland
Firm sing,-73.762123,-127.306223,64533,2026-05-16,Forest
Area business,-73.173892,-88.112256,95956,2020-10-25,Grassland
Fire down,77.894079,-45.607445,94057,2024-02-10,Tundra
Short degree,-57.644775,88.646247,44794,2016-11-17,Desert
Determine growth,-86.591178,0.273815,87826,2022-10-08,Urban
Total life,-42.832135,0.715667,92107,2020-08-19,Marine
Attack kind,-45.734352,27.171625,8567,2017-07-23,Urban
On character,54.299932,-57.141559,51419,2025-08-04,Marine
Success great,29.26991,-99.665579,32767,2025-01-28,Freshwater
Behavior raise,-86.784168,-97.184692,86466,2022-03-09,Tundra
Clearly consider,84.07157,144.91293,66734,2020-12-24,Urban
Life pass,58.725677,130.870468,54057,2023-04-02,Urban
Ok sell,38.312133,-108.052467,749,2016-10-13,Forest
Bed weight,28.617053,62.693989,74451,2022-04-13,Marine
Environmental shoulder,45.965986,-151.99123,4670,2019-06-17,Urban
Soldier upon,-70.029172,34.060915,57165,2022-09-01,Tundra
Couple population,-78.071813,133.857654,49377,2023-09-30,Desert
System machine,-85.005032,-102.778989,89931,2023-09-25,Forest
Power on,45.850421,-173.414597,18930,2019-06-16,Desert
Before anything,-33.143307,-29.808572,51248,2017-01-26,Marine
Late statement,-63.511602,-18.78771,69692,2019-05-07,Marine
Young and,43.362617,-20.020042,76240,2018-08-31,Tundra
Course best,22.974173,-132.41687,21741,2018-07-18,Tundra
The hair,45.638605,-8.22618,34632,2019-03-29,Tundra
Always pattern,56.851178,-19.281091,10469,2021-01-11,Wetland
Modern another,43.104071,94.530794,70171,2026-02-11,Marine
Art sense,72.569441,29.997893,14739,2025-07-19,Urban
Sell scientist,-75.87968,93.62382,83857,2017-06-03,Tundra
Despite floor,-62.077827,-47.769533,65212,2023-09-24,Tundra
Certainly together,10.512162,165.486136,40970,2017-12-12,Marine
Sell budget,62.505031,-5.094805,9547,2016-08-20,Tundra
Pass see,-34.493841,-104.789568,5253,2024-02-09,Marine
Happen point,60.97889,-123.392059,9898,2023-09-12,Tundra
Marriage plant,-20.957401,38.276457,8975,2018-05-08,Desert
Speech enjoy,-75.951518,36.756357,4026,2017-09-11,Desert
Eye fund,34.491312,-177.10992,68668,2017-05-16,Tundra
Air whole,26.534617,75.130516,86263,2021-07-10,Marine
Contain know,23.563821,-69.794384,46323,2019-08-20,Wetland
Already whatever,69.37401,62.624006,55770,2020-06-20,Forest
Report of,43.800476,-160.418938,49603,2018-02-26,Wetland
Evidence play,44.2182,-25.108646,81640,2021-08-17,Wetland
Collection paper,22.170716,102.955465,44483,2020-03-30,Forest
Painting consumer,48.739919,88.416324,64248,2020-08-28,Marine
Hundred work,-15.990818,-11.300544,4830,2023-07-07,Marine
Serve show,-47.739,108.913698,19617,2024-01-10,Forest
Song news,-28.62051,120.072194,67957,2017-07-07,Freshwater
Writer among,-51.231354,-117.876332,85693,2021-11-02,Wetland
Hundred race,88.773791,-72.227576,93936,2024-10-29,Marine
Act stage,-52.939489,13.120338,687,2025-12-01,Wetland
Reach help,-32.389221,111.926175,21277,2022-03-21,Urban
Total reality,-52.84164,-16.320223,51824,2020-01-12,Desert
Citizen west,16.980767,77.385706,44854,2023-08-23,Marine
Our light,-25.73801,-58.447521,18401,2020-08-09,Grassland
Edge chance,55.087601,170.136583,9411,2020-08-06,Desert
Whatever create,-71.941946,-137.733188,52151,2016-08-28,Marine
Receive defense,-32.237061,-115.685807,12343,2019-01-31,Marine
Guess she,30.578774,-155.188296,37229,2016-10-04,Marine
Foreign plan,-31.168337,47.607252,75165,2016-12-04,Urban
Center successful,65.661436,-145.235633,7804,2018-08-13,Wetland
Impact adult,27.860929,0.789319,70915,2025-09-09,Urban
Address bar,68.928716,89.013685,1567,2020-07-27,Marine
Major management,18.69506,80.193009,33385,2022-10-04,Grassland
Blood expect,-67.286843,-123.355407,39172,2017-06-22,Desert
Test news,-41.318271,-18.816159,65231,2019-06-20,Desert
Serve number,35.44645,21.41723,56340,2025-10-31,Tundra
Including factor,-16.577128,-98.945195,31518,2022-11-26,Grassland
Allow gas,50.758198,-51.338068,58171,2023-03-15,Forest
Want which,37.533312,153.75338,10796,2025-06-20,Desert
Hour worker,22.716392,-155.215227,8991,2025-11-30,Grassland
School yet,11.389626,131.666163,88850,2019-02-22,Urban
Talk meeting,71.043249,89.472325,49947,2023-12-27,Marine
Level administration,-57.380498,125.483303,23815,2023-02-19,Desert
Economic media,-41.832331,-58.823949,28755,2017-03-21,Wetland
May film,4.171405,-106.729899,10598,2022-05-09,Freshwater
Piece standard,-37.67611,-110.459365,34661,2026-02-15,Grassland
Adult Mr,70.876074,-50.448162,26939,2018-12-20,Urban
Discussion such,78.934418,14.105488,90618,2021-02-09,Grassland
Item measure,3.192516,-42.694344,15508,2017-01-22,Forest
Expert change,-79.89402,-16.092473,17285,2023-01-17,Forest
Benefit event,59.194708,88.437798,17351,2022-02-08,Grassland
Sign fill,-25.720384,159.544497,96344,2023-02-21,Forest
Live production,-40.269154,169.135314,9070,2026-01-11,Forest
A thought,-20.355832,-27.432082,85214,2021-06-08,Desert
Cause attorney,40.166996,-156.880297,65051,2026-06-11,Freshwater
Tell four,-47.604609,130.541735,20383,2021-02-16,Desert
Including senior,18.200361,-71.123496,10367,2022-11-03,Desert
Successful water,10.521226,-90.962898,28929,2017-09-07,Desert
Wait western,88.092511,88.281096,10611,2025-01-11,Forest
Wear require,46.24522,57.307194,56058,2025-09-30,Tundra
Republican quickly,-49.65677,-161.044959,54320,2018-03-09,Marine
Physical movie,-34.095743,-160.188233,18410,2025-01-27,Marine
Current be,-14.962046,-85.134195,72827,2025-05-15,Desert
Purpose eat,-16.692682,13.755202,12744,2022-05-24,Freshwater
Top according,69.270309,-166.632837,93697,2023-11-15,Tundra
Tonight analysis,84.965909,-73.232724,54038,2017-03-03,Urban
My need,30.888912,65.277555,4594,2026-02-27,Freshwater
Such program,29.815318,53.276715,22162,2024-08-08,Marine
Add property,62.957814,160.585226,19095,2020-02-24,Desert
Product effect,-28.703256,-108.487688,14291,2023-07-12,Forest
Attorney director,-21.419211,151.26112,74023,2018-06-15,Wetland
Campaign man,15.606645,144.745173,66940,2018-04-25,Tundra
Among bad,-48.256642,173.951828,23464,2018-01-21,Freshwater
Nice education,52.948339,172.498863,95213,2025-05-12,Urban
Less less,79.684279,89.988921,13993,2024-08-15,Wetland
On fine,46.318181,13.841145,3201,2021-04-29,Forest
Get pattern,9.841158,163.886011,75030,2020-01-11,Desert
Camera large,78.746036,149.353035,851,2016-10-08,Forest
Produce day,-41.842236,-9.171576,43094,2017-11-09,Desert
Stand measure,-83.236952,23.740821,8360,2020-09-18,Grassland
Special election,-14.001579,86.464971,73087,2025-08-12,Marine
Similar everything,23.985122,-163.583739,74958,2025-01-05,Grassland
Deal determine,-16.678567,-26.002361,50753,2022-10-28,Tundra
Remain painting,39.677403,114.091675,54592,2024-08-07,Desert
Factor go,4.774073,-17.080143,16321,2023-02-18,Wetland
Notice eye,-67.48483,-111.493566,76593,2025-12-24,Urban
Must traditional,31.244477,-88.326332,3131,2023-04-24,Urban
Like provide,77.287678,4.248648,80019,2018-05-07,Freshwater
Four cover,-29.862868,22.326058,33535,2023-07-22,Grassland
Apply one,18.867446,-68.537918,43518,2026-01-09,Urban
Member toward,-53.542983,160.770213,29894,2021-04-17,Wetland
Development these,0.189833,-162.98785,89043,2019-07-13,Freshwater
Exactly political,42.083037,-29.006849,11656,2021-11-29,Wetland
Show animal,-20.520391,85.835704,1184,2017-07-28,Forest
Current maybe,69.377846,121.288422,11765,2021-03-25,Forest
Beat heavy,-70.553371,-169.727445,19801,2023-11-16,Marine
Maybe feel,-7.201627,43.055543,88460,2020-01-23,Wetland
Eye democratic,31.703439,179.48115,26986,2017-11-22,Wetland
Record some,-28.665464,-126.181759,40403,2019-06-26,Tundra
Choose place,7.553358,-167.010873,15563,2024-10-02,Wetland
Teach word,25.020534,-164.95935,41962,2022-04-07,Desert
Program current,62.588137,-107.237595,79851,2019-10-09,Urban
Effect agreement,-5.646615,-37.274025,18985,2017-01-07,Marine
Study animal,-76.804606,26.91083,28322,2024-08-30,Grassland
Operation edge,-60.837302,-155.042838,30361,2025-09-26,Wetland
Arm cup,17.711089,17.719017,17628,2022-07-12,Freshwater
Next weight,-22.492205,117.422259,85201,2023-06-16,Wetland
Because wish,84.05515,24.169866,50513,2019-05-12,Desert
Art significant,-65.727481,120.744022,95497,2024-11-08,Freshwater
Always leg,38.408183,-145.080786,56249,2024-05-15,Urban
Serve same,89.972772,52.627229,65841,2025-10-08,Wetland
Top maybe,88.586127,-10.722766,69076,2023-01-17,Grassland
Economy fight,6.647196,172.866726,46777,2023-05-25,Marine
Unit town,40.931428,13.506645,10412,2019-02-18,Tundra
Hundred fine,-78.43919,-145.487966,56877,2020-12-09,Desert
Military democratic,-74.622078,-84.704233,8327,2023-04-21,Urban
Director ago,54.112895,-155.377949,72453,2022-06-18,Tundra
Represent list,4.028421,167.382972,88298,2018-08-01,Marine
Forward someone,80.417476,138.705588,75864,2020-07-17,Marine
Statement rich,12.686973,35.939526,5602,2019-08-20,Desert
Theory Mr,3.80198,49.419622,17126,2018-02-15,Freshwater
Night beat,56.184723,159.87578,83927,2025-12-19,Wetland
Special section,45.168697,-170.754771,36475,2020-07-24,Marine
Strong you,-76.591174,51.916584,48527,2021-06-13,Wetland
And quite,62.769021,-77.557826,40107,2024-03-22,Forest
Degree brother,36.612677,144.063287,79638,2021-02-21,Forest
Which eight,80.253911,-19.579513,28056,2018-09-12,Tundra
Else artist,35.882529,44.291724,22449,2016-12-09,Grassland
Yes yet,-7.148029,-150.146627,23599,2024-09-26,Tundra
Exist couple,7.8036,-125.699564,34716,2023-07-09,Forest
Democratic education,-47.419416,71.985582,42694,2025-09-08,Forest
Writer me,-20.993181,122.664611,31737,2026-01-22,Urban
What third,-59.706631,-139.163584,49154,2025-02-13,Forest
Look which,0.690732,-63.396787,4704,2026-03-12,Urban
Something former,-24.242616,118.283316,16061,2017-02-03,Wetland
Always push,-50.726479,134.003002,56760,2025-11-06,Marine
His his,-23.828422,34.498018,12353,2022-11-29,Marine
Personal center,-42.841562,106.683662,9954,2022-11-01,Forest
Single box,-81.119094,135.508573,8673,2021-02-09,Forest
Behind test,-1.223414,87.429109,57877,2019-12-06,Freshwater
Send service,61.94606,-149.420472,7372,2026-01-29,Marine
Single amount,-4.990093,-7.98617,22566,2026-07-10,Urban
Smile despite,5.841202,-162.538532,60664,2018-11-18,Grassland
Drop those,45.593042,128.425517,5745,2017-01-08,Forest
Whom difficult,-55.537168,-148.194014,16107,2026-04-01,Marine
When military,-37.9621,87.457827,10566,2024-02-16,Urban
Sit back,-68.771168,47.748195,40300,2023-03-05,Grassland
Beautiful player,83.641616,168.943798,82753,2023-01-04,Urban
Old tough,80.289549,142.486249,32008,2026-05-25,Marine
Attorney which,-28.605422,142.038048,52055,2020-02-06,Tundra
According know,89.999079,25.042831,48095,2019-07-23,Wetland
Bag among,-56.688787,82.204895,30430,2025-07-19,Forest
Should per,5.973175,-23.437292,69122,2018-01-01,Grassland
Choice couple,1.56249,-38.190506,86974,2017-11-15,Freshwater
Hour medical,18.371638,33.008902,78766,2025-04-20,Marine
Field father,49.90835,144.489869,43491,2020-05-15,Freshwater
Machine director,-84.902066,-5.522383,59091,2025-09-04,Grassland
Follow on,-43.149878,84.90244,99340,2022-04-14,Tundra
Show strategy,31.52557,-59.35855,517,2016-08-24,Urban
Read response,53.807057,149.141062,8106,2018-12-28,Forest
Resource professor,-84.675397,158.594995,41123,2022-03-29,Wetland
Cut gas,-3.700425,-65.896646,64218,2026-04-07,Urban
Stock pay,-36.194088,-125.731891,84522,2020-10-02,Forest
Go already,-54.396383,164.672694,6083,2022-11-04,Tundra
Amount sell,18.434237,-21.787025,51970,2022-10-11,Forest
Find know,-20.732682,-40.486049,31495,2022-04-12,Marine
Cut yeah,49.573249,164.116444,77450,2025-02-18,Desert
Hour heart,-21.545544,124.917916,96160,2025-02-28,Wetland
Hotel piece,13.463668,94.261084,12071,2025-02-02,Freshwater
Create talk,83.407348,-107.236619,79751,2022-10-04,Urban
Daughter consider,57.069158,-7.665903,11321,2020-07-09,Freshwater
Into movie,-51.912137,-83.107252,70701,2024-10-17,Marine
Dog test,45.551852,63.765209,97810,2021-01-08,Forest
Customer bit,-20.718381,7.372151,12395,2018-01-17,Grassland
Much fill,67.445843,-58.188755,72788,2020-05-15,Wetland
Arm receive,77.156265,28.546688,71785,2023-10-10,Forest
Film speech,-42.96142,4.968584,45162,2020-07-04,Forest
Require and,-6.375617,-74.008886,35544,2024-04-11,Forest
Tonight new,-3.920842,-104.385575,78012,2024-02-15,Desert
Read go,-77.519208,68.804869,38349,2019-03-20,Freshwater
Send budget,29.482285,135.830495,60922,2024-09-06,Wetland
Development every,37.70172,-14.868938,91058,2020-10-29,Tundra
Respond hospital,38.904246,69.741492,13848,2024-06-30,Marine
Word statement,64.611805,28.340068,30359,2024-09-27,Forest
Control else,75.347736,177.137648,49055,2024-12-15,Urban
Feel per,20.206238,-128.298734,87047,2023-11-15,Freshwater
Level great,-14.81824,-164.475561,77126,2023-08-25,Desert
Author why,-57.377752,117.534905,4345,2019-10-25,Grassland
Anyone wide,-22.964964,16.756358,84966,2022-12-02,Marine
Size animal,31.939468,152.809843,44285,2017-07-16,Marine
Go case,57.965906,-84.234037,8609,2025-11-22,Wetland
Human task,-38.507157,-118.974517,24765,2024-03-01,Tundra
Ahead day,79.037048,-153.363807,64317,2018-01-25,Desert
Amount put,35.57407,-46.06482,20639,2020-05-12,Wetland
Political key,56.351689,163.5322,82166,2023-11-24,Tundra
Police single,34.654719,-77.955861,54282,2024-04-14,Freshwater
Shoulder note,51.36331,-155.076594,9132,2019-01-10,Desert
From enough,25.708837,44.749114,1958,2020-05-01,Desert
Every election,38.121857,-76.747938,8352,2018-07-12,Desert
Glass wrong,24.456239,-95.979962,3136,2019-07-25,Tundra
Before wear,30.011665,59.289514,4905,2025-06-03,Desert
Imagine improve,-23.722847,-124.660309,27145,2016-09-15,Marine
Send far,-44.84231,81.912986,86122,2023-03-10,Forest
Voice send,-66.838844,-15.829236,63979,2018-03-18,Forest
Everyone beyond,65.378968,171.692176,60185,2022-02-22,Wetland
Air card,34.179558,179.606299,60679,2023-09-17,Marine
Six crime,26.266598,82.269715,37769,2024-01-04,Grassland
Join remain,-17.080848,141.114989,28028,2021-12-28,Desert
Scientist conference,43.647719,-176.894126,46756,2025-01-26,Marine
Son cold,11.948267,-177.24417,14008,2020-11-28,Forest
Place available,-10.479579,-119.789709,65879,2023-01-03,Grassland
Call national,-5.267628,-68.656964,4545,2017-04-05,Freshwater
Old reveal,-27.23644,-71.572116,93179,2021-11-12,Wetland
Speak section,51.81849,-153.551557,62333,2020-03-15,Forest
However age,-67.089299,148.284712,96939,2023-05-24,Marine
Certainly together,3.849098,58.160431,11239,2018-10-19,Freshwater
End smile,42.312805,95.595517,62745,2020-01-23,Tundra
Who live,2.692356,-30.54337,90935,2023-02-01,Urban
Discussion wrong,-85.93095,7.166684,50630,2022-09-07,Tundra
Card already,4.720683,2.943912,19838,2025-02-08,Grassland
Plan hundred,-28.874538,-129.229214,88090,2021-10-02,Grassland
Expert represent,-51.330322,-59.962179,62565,2021-08-30,Forest
People look,-31.21243,-106.739616,18673,2018-03-18,Desert
Budget nice,5.267068,-130.081711,51863,2025-08-16,Desert
Trouble sort,-5.505549,-161.346852,82970,2025-02-21,Wetland
Summer happy,-79.641462,-135.977244,57911,2024-09-29,Desert
Money beat,25.257443,-101.525505,26978,2024-01-03,Wetland
Watch end,-67.547162,-166.582943,21830,2022-02-06,Tundra
Full service,13.875601,-101.585079,71816,2016-08-06,Desert
Clear per,-81.618514,-128.503287,26222,2025-10-09,Marine
Field from,-64.228347,91.585911,26212,2017-04-25,Freshwater
Accept PM,-27.049401,-134.018862,23447,2022-10-15,Forest
Enter start,83.83491,43.227313,50734,2023-02-23,Forest
Benefit form,25.005253,73.514593,25481,2023-05-07,Freshwater
Industry building,-35.605532,-132.049258,39284,2021-03-28,Marine
Training reach,29.387672,167.276376,318,2026-06-09,Urban
Discuss sell,-0.878379,47.075058,16950,2017-01-03,Grassland
Role modern,-67.711482,-94.613059,77936,2017-07-12,Marine
Decade red,1.539518,156.745201,5633,2021-01-06,Wetland
We approach,59.932599,165.423866,69029,2017-12-17,Tundra
Great account,-1.148853,58.769102,89615,2024-12-24,Wetland
Happen bar,-41.032487,101.250794,30857,2023-10-12,Tundra
Eight respond,69.433262,-0.141431,82080,2018-07-15,Freshwater
Something throughout,66.096191,-110.627849,95752,2020-04-24,Urban
He magazine,-5.666983,45.586815,86125,2021-04-20,Tundra
Couple onto,-32.428804,-142.079977,58110,2024-04-23,Wetland
Do now,-56.741549,-171.426194,28553,2023-11-14,Tundra
Address prepare,-67.770001,-170.297534,62762,2023-12-16,Urban
Call hand,8.06774,156.873778,39494,2022-08-08,Grassland
Forward these,-13.549861,-143.993821,53809,2023-09-22,Marine
Road throughout,-4.256705,10.676589,86656,2025-02-17,Desert
Social agree,49.995441,-21.373658,37445,2021-03-15,Freshwater
This financial,13.698983,-142.287876,22606,2021-11-02,Urban
Both total,-78.822102,-54.855471,79104,2020-07-10,Freshwater
Raise already,-63.753656,79.882361,83136,2018-07-21,Desert
End whatever,-75.065159,179.949932,75774,2022-06-26,Forest
Man during,-39.501875,-64.316959,1365,2019-12-09,Wetland
Magazine return,14.844542,-0.405175,40010,2017-05-13,Grassland
Interest hard,3.519795,128.486196,97612,2018-11-11,Forest
Public free,-70.712216,132.809839,8025,2019-12-15,Tundra
Source real,-27.651591,153.82309,96357,2022-04-07,Grassland
Word region,49.719468,-137.989571,2526,2019-05-07,Grassland
Claim difficult,78.696178,85.823155,40625,2020-01-14,Grassland
Different city,68.0622,141.324556,35542,2022-10-30,Freshwater
Hear kid,62.394112,84.685429,52953,2023-02-18,Freshwater
Fight section,61.942968,34.980574,34711,2020-04-09,Urban
Hit foreign,7.380514,169.594472,89759,2018-10-04,Grassland
And market,71.025902,50.496118,46611,2018-09-14,Desert
Almost those,13.047651,61.453117,49565,2024-08-16,Urban
Job me,46.650631,-148.332872,86914,2023-04-13,Marine
Fund management,70.199309,-45.853313,72946,2024-06-29,Wetland
Read see,-32.30748,-94.459699,66670,2020-12-16,Desert
Traditional measure,66.28568,-167.49659,44287,2021-06-28,Forest
Certainly him,-42.685333,128.375519,94411,2017-01-09,Tundra
Drop around,13.214939,161.361438,20264,2024-08-26,Urban
Democrat rest,38.169123,-146.581123,17785,2024-11-15,Desert
Ever present,-25.540231,-17.836148,26662,2023-05-01,Wetland
More own,-6.494673,45.196838,74521,2018-01-19,Wetland
Home force,-28.611666,-160.395887,86069,2021-03-18,Urban
Analysis coach,-4.535461,125.66997,60491,2018-10-10,Freshwater
Management safe,21.761402,-75.762908,59053,2019-04-14,Marine
Develop poor,69.045255,75.772139,63586,2021-06-06,Forest
Special message,24.51457,126.740414,84519,2025-06-08,Urban
Network network,38.702751,16.627955,37094,2024-10-07,Forest
Through health,-89.776237,-86.803288,86019,2017-07-08,Marine
Buy fire,47.270355,-160.357817,83438,2023-05-08,Tundra
Carry over,-27.633987,-35.742415,82216,2025-06-04,Urban
Discussion enter,12.458702,14.481304,48858,2016-08-27,Forest
Law manager,35.751107,2.619714,1641,2021-07-14,Urban
Different provide,44.777444,-94.939046,26636,2022-09-05,Tundra
Long pretty,52.695302,-113.179614,55802,2021-07-02,Forest
There fast,88.484341,-93.144048,49279,2022-12-03,Freshwater
Eat while,-39.814742,-75.96238,4616,2022-12-22,Tundra
Probably window,23.751769,-64.677973,16372,2024-12-30,Marine
Inside art,-85.985503,163.260729,18058,2025-02-23,Forest
Believe live,-18.6716,-30.084284,20406,2020-03-29,Grassland
Herself which,76.671685,179.69676,66501,2022-12-07,Desert
Thousand hit,-46.651112,18.233833,32648,2026-01-31,Wetland
Kind special,89.957074,-152.813457,29781,2021-01-09,Wetland
Forward also,49.547583,122.800289,67215,2022-08-24,Marine
Listen yard,13.411598,115.153357,95694,2019-11-13,Grassland
Water use,-70.525454,92.629073,82527,2023-10-07,Grassland
Someone eat,-20.464865,32.772162,16374,2023-05-29,Tundra
Camera security,-24.475146,83.190768,29915,2016-10-06,Desert
Recognize west,-54.563959,55.738762,11726,2018-05-15,Forest
Business them,6.244291,-46.529493,85636,2023-04-30,Freshwater
Mention wide,77.105212,-92.904624,61863,2026-03-06,Marine
Professional push,28.261239,-4.367867,40811,2018-07-02,Grassland
Behavior nearly,-57.260751,125.800779,41450,2025-03-17,Marine
Level model,-36.285646,57.754172,4828,2020-02-29,Wetland
Boy painting,6.055272,133.732866,22581,2026-04-22,Urban
Individual meeting,2.269161,-82.997591,50674,2023-07-25,Freshwater
Real source,3.686006,56.295639,10610,2016-11-12,Urban
Thus than,-69.289429,85.206817,53313,2024-05-29,Wetland
Development left,62.310125,119.996121,80937,2018-05-04,Forest
With camera,14.98115,-121.95497,98563,2017-09-21,Desert
Space approach,-9.47537,148.426195,94122,2021-11-12,Urban
Him resource,41.274882,-168.508197,52328,2019-06-22,Grassland
Next oil,-87.415102,122.094806,94886,2019-02-24,Freshwater
Health open,9.816838,-167.109876,95408,2021-11-13,Grassland
Decade kind,45.608253,135.812728,81236,2017-09-16,Marine
Laugh discover,-59.197355,-85.218259,61425,2020-06-07,Forest
Order building,-16.139595,-58.047494,67201,2017-02-16,Marine
Should born,-38.506553,-46.780936,54409,2019-07-28,Grassland
Agent education,66.0013,-155.823887,62931,2018-04-23,Desert
Great consider,-4.962446,85.306905,4661,2023-05-22,Tundra
Baby party,28.491559,-48.980752,9381,2021-12-16,Wetland
But take,-37.296161,-169.292424,14534,2017-08-20,Forest
Technology morning,32.406056,-159.290678,45593,2020-03-22,Freshwater
Toward particularly,58.191386,86.601279,23211,2016-12-10,Grassland
Management major,68.030156,-152.863659,21516,2020-11-16,Desert
Reality international,81.499423,-173.748019,45169,2023-10-19,Marine
Police within,53.360183,-44.597585,69116,2022-01-23,Wetland
Class candidate,-40.393733,122.210469,71279,2020-11-16,Wetland
Sign large,51.599981,-151.963746,83622,2019-06-09,Grassland
Product level,4.860616,152.794694,70685,2024-04-21,Desert
Else collection,41.109624,66.611059,4021,2026-01-27,Wetland
Small major,-47.187762,-112.557003,99574,2018-06-19,Desert
Modern would,78.81651,-99.172707,11556,2020-06-01,Forest
Involve finally,0.773188,-148.108257,26372,2024-10-19,Forest
Agency discuss,-57.033959,174.974473,50559,2025-09-27,Freshwater
About knowledge,27.646926,9.049173,23256,2026-02-24,Marine
Whom church,49.149061,119.1338,69551,2024-10-12,Marine
Reveal list,-56.864047,133.667853,81933,2026-01-22,Desert
Teacher group,-20.17464,8.859915,52660,2025-08-16,Marine
Owner fact,41.137857,169.171842,30447,2025-10-07,Grassland
Baby dog,-57.094681,78.148946,1701,2024-02-07,Desert
Go administration,31.870166,146.775933,63729,2026-04-28,Desert
Practice paper,28.647513,-178.561224,2618,2022-03-08,Tundra
Style treatment,-16.170005,143.320465,70548,2023-07-25,Freshwater
Action interesting,0.007971,37.908933,96494,2023-11-27,Tundra
Great up,0.541972,166.013782,65299,2020-08-29,Grassland
Number them,-41.597187,-33.561669,10022,2017-11-09,Desert
Increase daughter,78.26608,26.798125,94718,2020-03-25,Grassland
Nor economic,23.435434,-96.750188,60125,2019-10-01,Wetland
Despite many,74.329444,68.34331,3602,2018-10-12,Marine
Deal water,-30.368994,178.07772,46960,2023-04-18,Grassland
Set break,78.839573,109.20293,22177,2025-08-10,Tundra
Interest receive,-48.241698,150.564208,29560,2025-07-12,Marine
Assume say,-36.794952,-105.98155,72151,2020-01-25,Grassland
Receive light,88.077016,21.16327,87115,2019-07-23,Grassland
Together pressure,27.370303,-127.442557,7410,2024-03-03,Urban
Effort kid,30.223218,-77.981606,21659,2022-01-15,Tundra
Between federal,87.25259,-14.097379,73497,2021-05-19,Tundra
Policy grow,-38.914505,-11.483737,39837,2016-08-15,Freshwater
Military game,-10.373912,175.087386,87116,2017-11-29,Wetland
Red concern,13.467764,-142.941403,96997,2022-01-13,Desert
Sister accept,78.562314,86.895,56506,2019-10-24,Forest
Know region,-60.679442,-47.821766,74055,2018-03-08,Tundra
Must speak,65.335868,161.014134,55512,2025-06-30,Forest
Interesting husband,-74.241646,-131.859721,17004,2018-12-19,Freshwater
Well him,-23.30156,-165.745525,61558,2025-12-26,Desert
Contain mother,-89.604251,49.567396,46575,2018-12-14,Wetland
Most by,-22.447027,163.832087,69470,2025-10-29,Freshwater
Cut generation,-4.213553,6.628153,58503,2026-06-25,Forest
Similar beautiful,-87.082931,37.69844,49639,2020-09-02,Desert
Off various,-55.44704,80.800369,17536,2023-01-27,Desert
Water enough,-89.341642,177.142326,62394,2021-03-12,Forest
Left former,-82.771474,74.465511,43542,2021-08-27,Marine
Heart report,56.197582,63.661379,10134,2023-11-25,Grassland
Civil make,-82.4612,-32.714078,75754,2022-08-09,Desert
Risk nature,41.089362,-86.650345,6736,2024-02-23,Wetland
Window now,-46.151233,18.792884,73991,2018-03-11,Desert
Quickly dinner,42.491618,11.186394,19661,2018-02-19,Marine
System new,26.588772,95.174591,13506,2022-12-16,Marine
Fund environmental,31.151135,-122.060105,9625,2020-02-16,Wetland
Generation about,25.759721,169.95516,12740,2024-09-12,Marine
People stay,-9.656417,-112.919606,92129,2021-02-23,Marine
Responsibility follow,14.773703,133.764353,69448,2018-06-21,Forest
Than brother,-14.297899,-56.699737,63862,2018-11-25,Freshwater
Authority spend,71.118429,-21.026726,74451,2020-06-10,Urban
Yourself better,-51.330899,79.165782,80763,2025-06-24,Marine
Around station,30.047908,-33.159949,27251,2023-05-03,Grassland
Performance perhaps,-8.825426,35.422005,17082,2022-09-26,Grassland
Citizen value,53.07736,45.295636,54735,2025-11-27,Marine
Outside fine,-50.519481,0.182645,36288,2019-05-11,Marine
Movie once,-17.453498,56.588547,11791,2021-05-03,Marine
Southern one,-75.883274,-97.059218,44016,2023-05-06,Wetland
Democratic top,-48.473745,114.237075,46106,2025-12-01,Urban
Meet training,-71.318058,-70.192621,34479,2022-01-24,Marine
Food after,-73.914133,64.035676,62465,2020-10-19,Forest
Follow might,32.713534,179.773373,8951,2021-11-04,Marine
Democratic development,36.310138,-118.949904,74879,2020-01-03,Freshwater
Majority charge,0.053512,-134.065803,71541,2017-01-01,Wetland
Area school,-19.016524,-167.552392,16115,2023-11-24,Marine
Physical whether,45.637802,61.880592,99632,2023-01-25,Freshwater
Degree gun,32.980302,179.307533,47482,2017-12-08,Grassland
Require old,39.8771,8.359747,31001,2017-07-20,Grassland
Effort attention,30.845132,164.345447,77123,2017-09-19,Wetland
Hotel scientist,31.409201,35.308415,19117,2020-08-20,Desert
First be,44.440238,15.755306,96730,2025-08-22,Tundra
Why thank,-65.342839,-114.155498,28499,2019-07-18,Wetland
Still manager,-85.734013,-102.863276,17873,2018-12-14,Marine
So scientist,84.460409,111.999386,20678,2018-08-24,Tundra
The free,-9.863628,177.195003,56721,2024-11-07,Marine
Always ahead,85.610881,-162.380653,44745,2021-07-16,Wetland
Material education,89.71333,139.671604,19674,2024-02-08,Desert
Must Mrs,85.127739,138.565285,76550,2021-08-04,Forest
Great military,-29.360457,20.622075,73987,2024-10-17,Desert
Speak young,-60.259923,-50.404612,62292,2020-01-03,Marine
Region across,-24.958863,105.746295,22577,2026-02-21,Forest
We teach,43.926808,-145.925334,85880,2021-03-12,Urban
Anything itself,2.921321,-9.553591,30117,2020-06-04,Wetland
Congress process,-39.824255,133.431085,65414,2024-08-15,Urban
Somebody each,-17.485763,19.584811,34962,2024-01-28,Marine
Sister raise,44.120319,-25.411269,72797,2020-05-05,Tundra
Successful number,8.443183,20.192631,35391,2019-07-11,Tundra
Full half,18.695229,-75.183296,28875,2021-04-12,Urban
Movement major,38.726622,164.322069,6190,2019-12-17,Tundra
Method many,49.780935,165.917469,30280,2021-03-20,Forest
When speech,37.664166,106.710729,82721,2023-09-25,Tundra
Suddenly number,56.545462,54.567711,65757,2019-10-24,Tundra
Wait walk,-16.24648,108.494773,5572,2021-04-21,Grassland
Drug issue,58.004005,-144.956839,85176,2024-02-27,Forest
Leader now,-50.678888,149.683764,24466,2017-05-05,Desert
Family mouth,34.063038,68.233689,42378,2017-08-21,Freshwater
If determine,34.110481,-18.943242,53445,2021-06-05,Tundra
Boy stuff,-5.651652,-132.550518,24742,2017-11-15,Urban
Paper no,-18.264502,60.738767,33416,2025-03-11,Wetland
Hair peace,19.143145,167.533442,90534,2016-11-01,Urban
Any beat,-9.131821,-56.960655,11422,2025-07-16,Grassland
Similar yourself,3.10893,83.363705,82450,2025-10-19,Urban
Society western,-40.180093,-38.313462,14811,2023-08-12,Urban
Step protect,50.207445,-104.631882,52597,2017-11-06,Freshwater
Country between,84.968623,90.646677,41528,2025-10-23,Tundra
Huge standard,76.977928,23.888697,4398,2018-04-18,Wetland
Of reality,32.379088,137.196096,72293,2017-08-28,Freshwater
If discover,52.560512,150.573906,12247,2024-11-22,Urban
Lead society,-52.252752,-162.381522,8376,2024-09-10,Marine
Suggest interesting,-42.290233,-39.878461,88241,2024-04-03,Forest
Product civil,81.631915,-33.360631,77850,2018-08-17,Freshwater
Data according,68.474187,-6.425459,7649,2019-08-19,Freshwater
Trip final,82.7914,-91.670638,99807,2021-08-10,Tundra
Live young,27.293737,87.612724,49134,2016-12-29,Forest
Role charge,71.173547,106.360976,64004,2025-12-01,Freshwater
Change tell,5.865904,177.766224,64069,2025-02-22,Marine
Yourself growth,-36.761929,-151.136914,18428,2020-10-26,Freshwater
Lawyer star,-19.161244,102.102739,38647,2020-12-29,Freshwater
Card moment,3.261087,-29.214273,48793,2023-07-13,Marine
Wear face,45.032709,143.600336,19420,2024-09-29,Grassland
Apply hit,82.988053,169.452354,80194,2025-11-05,Wetland
Prevent foreign,23.623177,-75.435943,46758,2018-08-19,Wetland
Become debate,25.140072,-9.450142,92370,2020-11-21,Freshwater
Must population,66.13445,2.345064,54329,2025-05-08,Freshwater
Return which,84.240822,-0.121269,5658,2018-05-12,Wetland
Treatment small,51.88003,-23.195168,99930,2020-05-19,Wetland
Address bad,19.557376,-28.831171,33158,2017-07-30,Desert
Data born,9.09338,106.019263,53425,2022-06-05,Forest
Although standard,41.776554,100.621343,5506,2017-11-15,Marine
Company or,62.406046,-127.589532,41501,2025-07-10,Urban
Human explain,-33.279242,-55.72677,93363,2020-09-04,Urban
Not teach,14.445358,75.661236,60405,2022-05-15,Wetland
Term help,25.390312,17.252837,17132,2016-09-25,Wetland
Arm until,82.127634,-151.617881,67112,2017-08-09,Tundra
Religious performance,50.465451,-169.064992,26298,2022-01-25,Grassland
Artist season,5.036515,42.984641,2635,2026-07-14,Freshwater
Loss indeed,-24.9078,41.364444,52448,2021-01-15,Freshwater
Know hotel,49.551639,25.582034,19049,2023-10-04,Wetland
Actually daughter,83.300771,11.257143,80803,2018-03-05,Freshwater
Mrs feeling,-38.535074,-51.327727,33490,2017-10-23,Tundra
As population,75.723143,-128.596635,73719,2025-03-17,Forest
Behavior reality,-45.875885,77.789849,65846,2019-12-09,Desert
If garden,-55.309626,-101.624347,98424,2018-11-14,Marine
Break meet,54.935805,-157.856185,79168,2021-01-10,Desert
Quite phone,44.032979,-177.195268,81206,2018-06-18,Forest
Firm unit,10.640885,56.946345,27049,2019-10-08,Desert
Here either,-17.853598,89.367929,78987,2018-09-18,Tundra
Board everybody,10.951327,178.317603,33829,2024-12-21,Urban
Expect someone,-23.611008,62.368176,15613,2017-11-21,Wetland
Year certainly,57.628795,10.077658,43185,2019-01-18,Grassland
Attack to,-22.341104,118.294575,99028,2021-11-02,Tundra
Activity bar,6.367468,-33.446908,34093,2020-11-07,Marine
Tend program,25.798767,-49.465652,77145,2017-09-08,Tundra
We Democrat,-83.474689,-101.223358,19761,2025-09-23,Urban
Put more,-40.105872,62.758223,87640,2021-11-04,Tundra
Easy clear,-5.830027,22.513555,23635,2020-08-27,Marine
Lay believe,17.040864,61.498571,47648,2023-08-29,Tundra
With behind,-4.553602,-123.179901,84092,2020-05-26,Wetland
Care world,15.424281,-50.807691,25152,2021-08-15,Freshwater
Yourself summer,-27.328977,-91.678151,68323,2026-02-16,Wetland
Certain bar,19.92431,71.212545,22313,2018-03-15,Freshwater
So subject,-85.291025,-148.953251,66045,2026-03-30,Grassland
Wrong produce,-59.9228,-19.150222,55215,2024-03-08,Tundra
Same forget,88.593287,126.332621,93166,2021-05-03,Wetland
Production human,-85.100708,-20.572702,55213,2017-05-22,Freshwater
Live theory,-49.599095,-123.434133,9501,2020-02-29,Desert
Candidate oil,24.027457,-31.473143,53077,2020-11-10,Tundra
But various,-85.240782,-43.059749,24064,2022-01-25,Urban
Individual resource,-80.435929,165.623902,26744,2017-06-01,Desert
Ground enough,64.313121,-102.378195,3077,2025-10-28,Wetland
Work my,-71.587484,82.187824,71765,2017-07-27,Urban
Another international,59.195319,-39.883778,24219,2024-08-19,Urban
Move talk,5.193268,23.562768,66733,2025-05-29,Marine
Politics picture,19.342649,53.052735,70358,2017-10-21,Tundra
Detail sort,34.198092,-16.720155,34896,2023-06-23,Urban
Leader son,63.886295,-65.958781,46755,2023-04-04,Forest
Drive notice,-73.50836,108.313957,8718,2021-07-23,Tundra
Us night,-68.267794,112.204066,71652,2018-08-18,Grassland
Enjoy name,54.700298,-80.229366,96319,2020-09-21,Wetland
East story,37.972797,115.526964,70977,2018-10-16,Freshwater
Eight arm,-29.541674,-176.528298,4061,2019-06-02,Grassland
Speak start,15.805886,-122.283168,21989,2018-03-28,Freshwater
Including treatment,27.146536,139.938468,31187,2026-05-08,Grassland
Degree recent,79.207912,-66.109483,6051,2025-11-05,Wetland
Whom write,-60.563852,135.980098,69577,2021-02-21,Desert
Lawyer single,4.22653,-60.700487,12933,2020-11-24,Urban
Fact at,-59.179057,92.123867,84239,2020-10-11,Wetland
Month left,-33.18633,57.679185,67314,2025-07-30,Tundra
Huge fall,84.754784,152.217094,5887,2022-04-03,Desert
Compare dinner,82.237748,97.199403,9878,2020-12-24,Freshwater
Guy look,-47.101489,150.307715,48955,2022-07-16,Tundra
Unit off,25.614273,-100.071622,33598,2022-09-19,Grassland
Office return,-80.774219,-33.738267,62060,2018-12-11,Forest
Certain anyone,79.112934,-170.159009,11564,2019-08-10,Wetland
Newspaper edge,-89.051668,-44.352929,24752,2025-03-07,Wetland
Congress same,-30.205519,178.522346,99494,2022-11-08,Grassland
Tonight second,70.387281,96.93028,48517,2018-08-12,Freshwater
Nor car,56.667744,48.731783,87462,2020-12-03,Wetland
That per,-46.73798,25.639835,83245,2025-08-08,Marine
No measure,60.77112,-31.07739,46523,2018-05-07,Marine
Participant smile,-50.543536,-170.673845,75654,2019-06-04,Marine
Day player,86.890088,-98.857968,75451,2017-06-18,Freshwater
International different,48.316887,173.331236,61177,2021-08-16,Grassland
Their even,40.636656,-170.634715,70795,2017-06-30,Grassland
Media crime,-4.048844,-110.500265,41605,2020-10-03,Tundra
Continue scene,30.505177,-50.413682,23760,2025-10-25,Tundra
Among political,69.105473,-162.27341,38908,2025-08-09,Forest
Consider heavy,-79.801032,-114.595359,7991,2023-06-12,Tundra
Spend whole,-42.813117,-77.613226,56285,2020-06-25,Grassland
Carry across,-22.6064,-113.705084,24838,2023-07-11,Grassland
Although nation,75.415172,-94.238605,74819,2025-02-10,Forest
Pm our,-39.521812,-79.22778,80684,2020-02-29,Forest
Network camera,42.715205,-14.790607,30510,2016-09-21,Tundra
Agency woman,49.097285,-145.525579,97170,2025-03-21,Desert
Keep price,9.587385,63.849592,11234,2022-08-06,Marine
Area teach,37.568963,-60.191543,33564,2017-01-22,Desert
Give might,-86.810675,-51.61983,28047,2018-01-03,Freshwater
Agreement car,36.933314,-173.699973,88873,2020-05-18,Marine
Cultural tree,28.601834,-67.383885,50883,2018-07-15,Forest
Know face,10.65093,154.926802,24449,2018-04-18,Wetland
Land among,29.783128,158.149979,63919,2019-09-12,Wetland
State responsibility,28.693867,-63.203526,36192,2023-04-15,Wetland
No information,-36.472732,-80.228295,72878,2024-12-07,Tundra
Likely seem,-53.127022,-109.906688,94691,2026-01-01,Forest
I stock,1.660126,-152.739311,62099,2023-05-14,Urban
Specific suddenly,-42.566722,-81.512984,47154,2024-12-15,Desert
From again,-46.08012,164.67467,43725,2025-01-21,Grassland
Degree near,59.432358,8.65219,61554,2022-03-24,Marine
Drive level,13.483591,-55.905667,44393,2018-06-14,Wetland
Stand dark,-76.625296,67.753263,79534,2023-05-16,Marine
Those design,-53.810236,-21.46539,14862,2016-10-21,Marine
Society free,-71.986022,-171.268073,10765,2017-10-12,Tundra
Ten anyone,-42.576349,-169.995123,79706,2019-03-12,Freshwater
Music song,23.198539,103.189946,64073,2018-03-16,Freshwater
Anyone face,84.847539,168.178268,67285,2026-03-17,Desert
Catch could,70.058408,44.272973,12177,2024-11-04,Grassland
Lose western,63.306806,51.231935,30545,2024-06-08,Freshwater
Various end,-56.870622,-104.912921,33948,2025-03-23,Forest
Cover understand,-66.093793,-82.568952,2313,2017-02-19,Wetland
Suffer my,84.026947,43.942624,52706,2022-07-12,Tundra
White treatment,-74.296712,38.52434,38182,2023-08-14,Forest
Maintain it,-66.471282,163.131472,67094,2022-05-27,Freshwater
Machine gas,-22.339063,-4.542185,14567,2018-05-29,Forest
Pattern shake,13.816235,48.256659,26328,2025-10-17,Marine
Land computer,-68.346615,102.469613,86914,2018-04-29,Forest
Hair present,-15.012868,-174.159416,92678,2016-09-14,Grassland
Key agreement,66.038438,-169.393266,22924,2022-05-18,Urban
Arm phone,-77.715194,171.786042,26914,2024-03-26,Freshwater
Visit behavior,28.897436,4.042518,25285,2019-07-13,Grassland
Determine wish,-31.7456,-1.151936,8184,2016-10-26,Marine
Increase represent,42.891404,140.43015,75027,2023-07-02,Forest
Collection meeting,-14.12882,116.415858,88338,2019-12-19,Freshwater
Million movement,-45.857354,-110.556727,2554,2021-09-06,Grassland
Say left,56.225516,-9.064004,11316,2020-07-21,Freshwater
Policy example,-60.273052,-88.496841,16993,2019-10-27,Grassland
Source anything,-39.564275,-136.46057,21054,2023-06-02,Marine
Big away,-23.476054,-62.387245,69709,2017-08-26,Urban
Source indeed,41.892633,-168.843999,10783,2019-05-07,Urban
Over remain,0.35729,-68.019086,29799,2021-10-16,Forest
Key law,-79.541819,-13.903263,42838,2025-10-21,Desert
Attack think,17.676298,84.755192,9407,2025-11-04,Wetland
Economy wait,-34.629373,154.126286,81598,2022-04-12,Tundra
Cultural change,-41.141623,153.574769,93177,2017-12-28,Grassland
Summer serve,30.49953,-13.474073,26247,2020-04-21,Grassland
Other whole,-79.910472,-69.968747,58232,2022-04-25,Forest
My best,46.787969,-51.249167,70134,2022-08-25,Desert
Light realize,-10.172764,-35.796071,30916,2019-02-24,Desert
Require wait,-35.964585,152.651017,69824,2026-05-08,Desert
Theory lay,-61.207343,-31.820238,86542,2020-02-10,Freshwater
Pattern voice,37.044388,104.789952,68639,2018-03-31,Forest
Especially from,66.254242,-100.995831,55360,2022-02-07,Grassland
Vote foot,44.847114,139.48191,37554,2020-05-05,Wetland
Sell window,-65.713489,-28.813965,98324,2025-06-03,Forest
Box particular,82.913007,63.06084,13606,2020-06-28,Desert
Simple though,-31.406465,113.817491,65976,2017-03-29,Grassland
Type response,-27.306355,55.027179,51703,2018-01-08,Freshwater
Themselves forward,-7.286134,53.020536,22928,2019-08-30,Freshwater
Month direction,38.165196,-94.89425,65779,2018-12-18,Tundra
Wear interesting,-22.647213,-104.339262,28328,2018-05-02,Urban
Read than,84.478242,6.781662,71360,2017-05-19,Marine
Paper late,-33.393213,70.957993,13768,2025-03-16,Grassland
Resource simply,36.488104,-177.756886,98681,2019-03-13,Grassland
Sense him,-9.764012,-29.352522,15960,2018-02-23,Urban
Government recent,62.756334,5.044807,64882,2024-06-14,Desert
Relate who,84.850644,154.188071,87186,2022-10-29,Tundra
Fight society,72.59513,-57.748312,95707,2024-10-02,Desert
Note knowledge,47.291922,-94.292804,3787,2024-04-16,Urban
Instead deal,78.848149,-2.565317,8933,2021-04-09,Grassland
Occur huge,-47.710396,164.485657,79865,2020-04-08,Wetland
Leg husband,49.938182,-76.698299,75805,2022-02-15,Urban
Many situation,45.90631,27.539013,6663,2018-05-16,Urban
Way happen,37.166895,-45.00875,65740,2021-08-05,Forest
Glass down,49.898495,154.738846,98612,2020-07-31,Grassland
Difficult inside,-30.162886,-10.451239,98817,2026-03-15,Tundra
Million boy,-61.949722,-54.219349,42395,2025-02-14,Grassland
Will avoid,-65.594895,67.363325,42033,2025-02-10,Urban
Method there,-15.839345,-82.25104,1103,2017-11-08,Forest
Mr cell,17.44292,48.446774,21005,2017-05-31,Freshwater
Weight compare,76.211233,-95.410145,31846,2023-04-14,Desert
Car five,-60.378458,77.044572,6187,2017-07-12,Urban
Job we,37.397842,-139.425613,18126,2022-04-10,Freshwater
Article seat,40.564719,-22.221137,32406,2024-01-20,Forest
Owner east,54.679312,107.189177,92564,2016-08-14,Forest
Cut government,33.596484,174.765327,1157,2018-09-16,Tundra
Religious already,-14.233351,64.709278,42815,2018-01-20,Wetland
Watch or,39.114969,142.266873,28356,2018-07-23,Urban
Popular want,-34.708384,-102.165697,28127,2024-02-02,Tundra
Water argue,72.677286,-82.993081,86108,2026-04-21,Tundra
Probably mention,-6.558881,-70.831408,17764,2020-01-23,Marine
Read establish,-14.172388,-155.366449,54867,2023-06-14,Marine
Bed federal,-29.619235,-110.102315,43425,2021-11-01,Grassland
Walk not,-79.858099,-131.090378,38019,2018-11-12,Desert
To per,-70.941437,-171.599257,99578,2023-03-10,Freshwater
Budget low,-35.634366,-106.693562,59316,2020-04-21,Grassland
Break enter,34.160317,20.61447,61847,2024-03-22,Tundra
Brother believe,33.278053,-131.36776,35621,2019-12-13,Freshwater
Southern pull,40.880718,106.047522,7643,2025-08-26,Forest
Item then,87.882477,100.096443,19756,2020-07-28,Freshwater
State bit,19.880533,89.955765,32014,2021-06-30,Grassland
Benefit become,13.318763,-28.044151,53486,2021-03-22,Desert
Environmental world,-32.830592,-141.092642,64571,2026-06-10,Forest
Take believe,36.447059,3.222613,29448,2017-01-24,Freshwater
Wide stuff,-14.581803,-108.252742,62934,2019-12-30,Marine
Improve community,32.66422,-116.621939,73645,2020-11-07,Tundra
Parent least,86.271314,137.23598,20889,2018-04-16,Marine
Instead explain,-35.930615,-47.970319,64633,2017-03-17,Grassland
Travel draw,-7.925912,-145.904069,45837,2023-03-21,Grassland
Late pretty,9.206536,-111.731414,6443,2023-06-16,Desert
Author day,-19.823299,146.640575,89066,2024-05-13,Grassland
Recognize rest,69.330374,-88.524311,93012,2017-06-03,Tundra
Have candidate,-53.388922,-155.20065,25131,2022-09-20,Marine
Here information,-49.051818,108.122624,58899,2022-06-09,Marine
Role player,73.74723,91.67221,2901,2025-02-28,Tundra
Safe range,-17.642027,63.728192,12139,2020-08-31,Tundra
Main include,-3.417754,44.8792,95165,2023-07-30,Desert
Per together,66.631027,-42.607066,88082,2019-10-23,Marine
Administration should,-78.49669,1.496792,41093,2022-07-28,Forest
Task short,-69.54114,-1.026461,94181,2020-08-03,Marine
Although any,7.894463,-51.705037,87001,2021-06-19,Urban
Fight be,43.527511,-150.890275,12369,2021-05-01,Desert
Child serve,41.236858,-50.110823,41664,2024-03-30,Forest
Picture smile,-87.293733,-109.186218,26801,2023-07-23,Desert
Want already,77.909044,71.194662,63877,2023-03-06,Freshwater
Thank now,-0.515265,103.663619,72161,2019-03-08,Desert
Me key,-82.582638,159.329345,33068,2020-10-01,Desert
Present short,77.322731,129.917335,21006,2026-04-18,Freshwater
Democrat politics,28.588538,45.47532,70381,2026-02-15,Tundra
Reveal himself,4.167673,92.63408,344,2021-08-30,Urban
Run their,23.167997,83.651089,27045,2023-10-21,Urban
Front those,55.502589,-71.485642,76123,2024-01-29,Grassland
Skin yard,20.659121,133.857761,11901,2025-10-29,Wetland
Environment out,-58.591077,-161.900111,15120,2021-11-12,Forest
Reach unit,60.705945,-43.989498,88504,2022-11-24,Forest
Physical view,-88.394162,-24.454022,3273,2018-09-12,Marine
Today shoulder,56.961225,36.449539,59595,2016-12-14,Urban
Maintain green,5.969366,-121.236153,74987,2025-03-08,Freshwater
Well reflect,27.31607,-179.80278,60457,2021-03-06,Freshwater
Around marriage,54.770508,80.703107,42999,2019-08-03,Desert
Will check,-50.633898,121.132116,49764,2026-05-12,Freshwater
Certainly per,-6.187526,132.900035,66799,2022-04-24,Urban
Firm whose,-10.447086,-20.744275,84421,2018-11-04,Marine
Foreign consumer,-63.44288,-50.427929,90137,2023-11-25,Forest
Place activity,-56.576714,-25.342441,63070,2025-10-03,Tundra
Piece mission,-11.411137,-31.368601,37566,2020-09-15,Forest
Chance film,-86.003747,-169.303422,79903,2021-07-18,Grassland
Result difficult,-23.542336,0.123555,83990,2018-07-07,Grassland
Poor social,-45.281437,141.929266,56918,2019-05-09,Urban
Than strategy,-22.573061,-1.134029,88961,2025-05-26,Urban
Always investment,-29.927703,-83.89016,44103,2024-07-07,Desert
Onto skill,27.305635,-40.873847,43003,2024-05-30,Marine
Green wonder,74.998236,-171.37988,59643,2024-07-25,Urban
Home resource,-88.966824,-114.494879,36246,2021-09-05,Grassland
Wish water,2.421366,-50.463452,4149,2022-06-03,Freshwater
Who into,65.482879,-161.899445,332,2024-01-03,Desert
Democratic their,-57.329598,48.132231,7242,2017-04-01,Urban
Animal place,39.448035,34.957777,98069,2023-04-19,Wetland
She station,88.767246,126.217409,86222,2024-12-04,Desert
Middle between,-15.991115,-93.357139,97257,2026-02-11,Tundra
Modern condition,72.140152,-109.471305,65715,2016-09-06,Desert
Civil picture,45.292314,-177.213025,60928,2022-09-05,Marine
Pressure simply,-83.542451,91.744577,28770,2026-05-04,Freshwater
Environment blue,-18.801019,134.693736,43210,2017-10-08,Marine
Pass enter,-1.517014,-91.39308,55397,2025-11-29,Tundra
Catch common,-24.835682,-90.167125,71359,2018-09-27,Forest
Power crime,-82.04627,69.056014,50576,2017-08-02,Urban
Professional from,15.34648,-66.691398,19019,2021-09-02,Freshwater
Kind about,-31.731304,-170.691102,60659,2021-09-02,Wetland
Knowledge ago,-31.632571,-48.409563,90115,2025-05-04,Freshwater
Care a,-37.971713,-132.859402,88566,2026-04-16,Grassland
Street total,-26.516688,28.073579,67207,2019-06-26,Marine
Floor last,83.909508,-67.160738,85940,2026-01-01,Forest
Drive try,29.361556,-104.955859,25083,2017-12-14,Desert
This field,5.031297,3.493451,17151,2020-07-04,Tundra
Size executive,20.240138,-57.446075,60501,2021-07-27,Grassland
Around almost,-67.695457,-47.464967,56998,2020-12-02,Grassland
Wonder college,-88.868949,23.036096,34870,2021-06-24,Tundra
Strong spring,-18.265201,-60.617229,54280,2018-07-21,Forest
Spend lose,85.868739,10.064114,51713,2017-06-30,Tundra
Share drop,-65.990825,141.451882,42311,2017-01-28,Desert
They project,-37.873777,155.815788,93603,2021-08-25,Marine
Thank usually,59.35088,-116.252105,47745,2021-05-28,Tundra
Capital politics,19.652415,104.328182,80460,2025-12-10,Grassland
Game plant,-40.655864,69.368798,71812,2021-03-12,Desert
Music drug,-20.563963,-20.458979,43605,2018-06-16,Tundra
Task agency,-2.287521,-13.965616,45702,2018-04-28,Urban
Would day,-28.741268,48.698697,24900,2016-09-21,Urban
You sea,75.074295,4.476159,27295,2018-04-14,Grassland
Computer happen,23.462086,-137.860228,93639,2018-08-26,Tundra
Whether chair,-3.171333,26.139027,98129,2022-04-17,Freshwater
Campaign environmental,38.836811,-34.108635,33834,2025-07-30,Grassland
Recently week,57.31974,-31.13081,56377,2021-09-20,Grassland
Fast join,-43.07738,127.528268,99814,2018-07-15,Freshwater
Day central,-13.761371,165.801342,11030,2020-04-24,Freshwater
Reason public,60.584356,-78.940212,8468,2018-09-03,Desert
Power energy,-21.052238,-47.952759,84914,2017-10-24,Freshwater
Tree best,-15.688783,179.657168,99214,2025-11-21,Grassland
Customer foreign,31.132136,-45.746755,55857,2019-11-03,Freshwater
Maintain reduce,-7.89017,129.16062,25686,2021-02-18,Urban
Course through,28.818304,-123.668728,565,2016-11-10,Urban
Difference someone,52.521947,171.768997,62247,2019-12-25,Freshwater
Significant lose,41.248865,127.971847,47378,2025-05-11,Forest
Activity huge,31.392999,63.387288,9822,2025-02-15,Grassland
Film lose,-11.346698,163.798703,3339,2016-10-22,Freshwater
Drive push,40.191551,65.568503,83637,2019-06-18,Freshwater
There during,36.52275,-177.276826,36927,2023-05-22,Grassland
Without vote,-60.384707,25.352915,24696,2026-05-11,Grassland
Raise instead,-49.82604,17.518311,27629,2021-04-13,Freshwater
Class art,3.482161,163.696666,78610,2017-05-02,Grassland
Cost too,-52.341324,0.650829,69515,2018-07-01,Tundra
Space care,78.789774,-65.047498,56842,2023-06-30,Desert
Local support,23.997466,-115.371875,93782,2025-09-02,Urban
Get cultural,-58.22033,110.003644,6085,2023-10-15,Grassland
Ok order,-19.769481,-107.793819,4664,2021-07-05,Wetland
Spend blue,72.72765,-109.221976,45326,2025-01-21,Grassland
Nor often,-34.279839,-112.744857,98807,2022-04-05,Marine
Cut station,0.168857,25.131732,1269,2019-01-26,Marine
Drop when,-40.272577,-55.249743,84969,2019-11-19,Desert
Brother score,25.219411,68.805316,16647,2024-06-11,Grassland
Whatever history,-24.766658,-39.039103,49833,2021-09-12,Wetland
Arm spend,-8.596407,-159.68642,18067,2023-05-08,Urban
How including,76.740844,-114.84299,14792,2026-04-17,Tundra
Explain fly,-69.766612,-21.850496,70628,2018-06-20,Urban
Thought trade,2.224631,81.805064,51117,2022-07-15,Desert
Accept wrong,-17.165015,-150.388921,99258,2016-12-07,Urban
Church word,-58.803344,-174.798213,89410,2017-07-15,Forest
Art sing,-83.485561,-19.012899,32808,2021-06-08,Forest
When company,-24.303259,108.984085,63480,2024-12-06,Desert
Determine market,-60.112646,-105.02744,97863,2018-11-19,Wetland
Responsibility a,-79.980002,-116.759599,83985,2019-08-16,Marine
Speech building,55.010275,13.427221,69163,2018-03-13,Forest
Increase training,5.897133,178.182956,90752,2017-06-17,Wetland
Agent art,-15.97175,112.812837,24213,2023-05-26,Marine
Entire look,49.41005,-8.855414,34130,2018-04-16,Grassland
Phone east,46.003124,-139.222053,80436,2023-12-24,Marine
City call,-71.772932,158.033667,48322,2018-02-18,Grassland
Which girl,-0.457974,-13.230591,37839,2026-06-16,Desert
Take across,-82.518185,59.550229,39347,2019-06-23,Desert
Area green,-60.359414,141.558186,83513,2020-04-10,Forest
Stock whole,-1.040911,-66.689408,39143,2019-01-12,Grassland
Read tough,43.010413,105.569536,67098,2024-08-20,Tundra
Lose no,-69.619261,99.532352,25307,2017-09-12,Tundra
Little player,44.359424,10.8578,99173,2019-03-21,Marine
Let ago,86.652818,174.669208,82712,2020-04-10,Wetland
Top green,89.457571,16.505027,11547,2021-06-07,Desert
Discuss poor,10.03117,-158.20008,85962,2025-09-15,Wetland
Foreign six,-62.3059,50.221634,20825,2025-01-22,Grassland
Market debate,63.294226,176.186802,85053,2020-06-20,Desert
Other suffer,56.398305,82.24515,21259,2023-10-04,Forest
Similar moment,77.944711,-65.452917,39050,2026-07-14,Marine
Late collection,83.040358,-16.90928,47689,2021-06-16,Marine
Leave economic,-4.969442,-116.970923,35471,2026-06-21,Desert
Audience reflect,61.9779,-37.975264,51860,2022-08-14,Freshwater
Economic of,32.77331,147.906249,1157,2024-11-25,Wetland
Travel authority,68.375437,-156.14016,44518,2023-08-04,Freshwater
Floor sport,46.365109,128.213382,372,2024-05-20,Urban
Head peace,19.898047,-64.396565,96213,2021-05-26,Forest
People more,-61.412735,-89.48391,63615,2023-05-10,Wetland
Security should,21.611914,-160.186418,69311,2019-05-02,Forest
That five,18.679346,44.266843,35157,2023-12-26,Grassland
Station matter,83.096945,174.92612,63671,2023-06-25,Grassland
Pretty bar,-12.705186,-9.653216,64047,2024-08-13,Urban
Someone image,-46.975314,55.024775,58578,2024-11-16,Grassland
Another either,-17.628664,41.695205,84972,2025-12-20,Marine
These idea,-57.868789,-17.830358,54863,2022-06-06,Freshwater
Section official,1.142868,143.664803,43657,2016-09-25,Forest
Treatment bar,-60.811913,-28.668364,82119,2024-02-16,Freshwater
Nor Mrs,88.405638,-25.596524,59379,2018-05-18,Tundra
Building before,-19.432151,-112.784066,77304,2021-08-26,Marine
Skin not,-33.937663,-3.144205,30469,2025-02-19,Wetland
A book,5.544304,45.270371,51354,2020-01-09,Desert
Off most,-6.685231,77.261485,82492,2023-02-13,Wetland
For open,59.893604,-13.121001,97877,2026-01-12,Urban
Age current,84.01412,115.874805,73271,2026-06-20,Desert
Recently human,-23.306417,21.704286,84262,2025-05-12,Freshwater
Hot pressure,63.390444,25.377403,72110,2016-12-09,Desert
Part sort,15.951914,-19.212332,53051,2018-02-26,Tundra
Herself list,-30.820301,110.333172,45516,2018-02-21,Desert
Defense history,36.00493,70.710259,94249,2023-11-13,Marine
Force own,82.278778,-170.909819,61709,2019-07-28,Freshwater
Get site,60.286196,120.420582,48579,2025-09-25,Forest
Child accept,56.013713,-61.401529,88952,2023-01-19,Freshwater
Spring a,-9.047561,42.127703,95933,2022-05-11,Forest
Hard sense,-53.381025,100.297137,21120,2022-05-25,Desert
All front,26.521898,-144.869674,1773,2017-03-08,Desert
Service there,74.702947,34.777691,71070,2017-07-26,Freshwater
Contain sign,62.922269,13.687355,63101,2019-07-08,Grassland
Sport gas,-8.569244,83.656952,89890,2018-05-06,Forest
Kitchen scientist,-89.404881,-57.146932,57990,2021-07-06,Tundra
Difficult executive,62.533468,15.950449,84136,2017-09-01,Desert
Amount can,16.226797,122.671915,93119,2020-04-13,Desert
Per company,-88.215588,-106.026454,64828,2025-02-22,Tundra
Reality late,5.90607,125.198586,29497,2018-03-07,Marine
Deep why,-28.158536,8.6463,82088,2022-01-22,Marine
Drop want,-4.405661,158.046369,55130,2020-11-23,Grassland
Everything military,-76.526192,-111.548406,66868,2023-07-23,Grassland
Successful this,16.035438,-118.65307,28399,2023-02-20,Forest
Open region,1.223228,151.773152,10168,2017-12-16,Tundra
Include dark,39.64076,177.188128,70565,2020-04-12,Wetland
Middle many,-4.22922,-152.5702,71074,2020-06-30,Desert
Language including,87.725947,90.936111,31956,2016-10-11,Urban
Image final,-27.19964,79.192612,15853,2021-12-10,Freshwater
Stand tree,-12.190681,-2.491804,39063,2022-09-11,Wetland
Suggest campaign,-66.869201,-63.535439,42623,2019-04-20,Grassland
Never process,-26.643876,-32.739807,48767,2021-01-13,Grassland
Operation water,2.375955,70.339377,30845,2024-07-28,Marine
Be appear,-27.54263,44.850222,38728,2018-12-20,Freshwater
Rather represent,-23.412201,65.168388,49557,2025-06-14,Forest
Enjoy sort,77.120964,120.452913,27457,2018-02-26,Urban
Order game,-45.13339,-0.427651,75368,2024-07-30,Freshwater
Drop ability,16.733708,-163.535142,15579,2021-02-28,Forest
Occur more,-13.329556,60.632671,25022,2019-05-15,Tundra
Him discuss,18.99414,39.545895,41752,2024-01-26,Freshwater
Keep themselves,26.263119,-116.220463,52215,2025-08-04,Marine
Enter thought,-36.483438,105.66912,53976,2023-06-03,Freshwater
Wind serious,69.107194,-152.406647,41095,2023-07-13,Urban
Organization role,18.249887,-88.078815,33161,2018-08-06,Wetland
Close blue,-28.577436,-6.020911,9337,2021-05-25,Urban
Produce region,21.981414,-35.661393,64038,2018-04-19,Marine
Age lead,20.187572,89.109627,84056,2026-01-17,Tundra
Security movie,-67.530377,-71.950679,20630,2020-10-14,Freshwater
Should check,44.165722,-63.435782,16043,2023-08-07,Freshwater
Hard research,-2.443933,-44.280547,48272,2025-09-07,Tundra
Another see,14.129895,64.618414,61004,2024-09-09,Freshwater
Customer me,30.538004,43.023156,34814,2017-03-01,Marine
Account find,52.677687,-149.391516,67360,2018-06-17,Desert
Opportunity finally,-62.429777,73.459639,32617,2025-03-19,Desert
Pattern college,-51.525537,118.901825,34964,2021-11-27,Tundra
Evening arrive,17.597334,-5.872634,95866,2025-05-13,Tundra
Customer build,-89.517007,2.739574,24407,2016-09-11,Forest
They kind,20.147745,134.931906,33175,2019-11-27,Desert
Whatever son,-67.610942,63.666517,63345,2024-08-31,Desert
Agree you,-1.946545,137.461577,11007,2017-02-01,Tundra
Also far,70.664507,-111.906636,27845,2021-06-16,Wetland
Event act,-60.027672,-62.701716,26731,2021-04-06,Urban
Paper under,-30.169894,-174.114723,9515,2022-07-19,Desert
Important on,-18.25822,-67.598789,97610,2022-09-24,Freshwater
Indicate population,-40.436077,-135.154088,66793,2022-08-03,Desert
Face describe,-84.618052,150.428439,1657,2023-05-13,Tundra
Activity situation,41.733799,-59.801383,50880,2026-06-23,Marine
Machine people,-54.514613,-159.790603,70694,2020-04-25,Grassland
Exist live,-33.054347,158.715163,35751,2026-07-13,Tundra
Past practice,-11.020576,-107.775853,61139,2025-07-26,Wetland
World box,88.830848,177.125875,13784,2020-03-15,Marine
Prevent create,-45.859549,-23.331592,94523,2018-09-30,Grassland
Look hard,-32.548491,21.045646,90320,2026-06-17,Freshwater
Number note,89.748764,-103.949082,54311,2020-03-16,Forest
Mean summer,29.557341,110.977523,66151,2019-06-29,Urban
Mouth church,-78.079375,178.33577,47684,2022-10-17,Desert
With above,-56.432398,-36.927998,37204,2018-03-24,Wetland
Money try,56.723413,105.120582,73849,2023-09-23,Marine
State billion,68.849291,131.055384,42409,2025-12-30,Desert
Factor nothing,85.799121,105.124262,74032,2025-01-06,Grassland
Wife us,29.623008,-25.484172,28391,2019-04-22,Forest
Everybody state,27.200455,41.291268,60862,2019-08-14,Wetland
Job area,17.578206,114.998027,48490,2023-02-01,Wetland
See nothing,26.69572,-49.652022,37198,2023-03-12,Tundra
Alone character,-50.033444,129.597563,33196,2017-07-05,Urban
Represent heart,65.41358,46.630374,85829,2018-01-01,Tundra
Price finally,26.296531,-108.00237,51162,2025-10-26,Urban
Cost long,60.273473,-114.805422,28444,2020-03-19,Tundra
Beyond learn,51.182929,-109.227631,52257,2024-12-27,Forest
Mouth management,-4.09412,30.963414,17672,2024-01-28,Grassland
Page feel,-54.972804,-151.85131,31561,2020-04-05,Wetland
Like learn,-10.13831,-70.097693,55231,2017-09-10,Marine
Study think,75.958407,-108.26978,15679,2022-09-14,Urban
Wall dog,-69.224367,-7.061063,86362,2026-05-25,Forest
Watch president,72.781588,143.427285,83036,2018-07-20,Marine
Stay ask,38.912051,3.132956,29219,2025-06-17,Desert
Study senior,-81.676926,-142.338111,62496,2017-09-19,Tundra
Ball speech,-85.656755,-114.258909,43822,2016-10-06,Marine
Yourself ahead,52.509548,-12.819885,22180,2020-12-13,Freshwater
Others doctor,-53.266793,9.763516,15811,2020-04-08,Grassland
Boy her,-15.798776,2.498762,64769,2018-08-16,Tundra
Choose cost,84.111341,174.638079,49675,2024-01-24,Freshwater
Republican reality,-9.88822,-102.615176,22989,2023-05-24,Urban
Be first,70.393448,165.407129,37760,2023-01-27,Urban
Smile card,-81.103372,126.252101,67992,2021-12-17,Forest
Pick lose,-22.15786,-171.768563,22108,2022-07-08,Wetland
Bit size,-63.923117,-103.762238,39356,2021-10-01,Freshwater
Between gas,3.14166,94.524125,57190,2024-05-13,Urban
Simple protect,53.689978,-150.652012,24554,2022-01-04,Grassland
Ability attorney,75.501359,-146.644345,64712,2025-07-07,Urban
State prove,43.423675,-98.049659,11017,2017-05-24,Tundra
Of religious,84.629085,104.697202,96048,2016-08-25,Urban
History agree,85.488165,57.177086,66985,2016-10-26,Grassland
Note effort,-16.153933,112.274868,53216,2022-12-18,Tundra
Media determine,-64.20782,61.601475,7841,2020-04-20,Marine
Anything college,-58.718847,116.429388,76544,2024-10-22,Marine
Trip this,-62.252615,-70.202539,71523,2019-08-21,Wetland
Assume write,-16.092261,-179.195864,80879,2025-01-07,Forest
Model power,-43.395997,129.637273,68586,2025-04-21,Grassland
Significant surface,-31.629893,-163.484411,27715,2021-03-10,Forest
Little leg,61.899904,-110.890483,9034,2018-01-31,Marine
Commercial special,-59.769348,93.252786,17830,2022-09-15,Grassland
Tonight summer,20.915691,-41.299188,64527,2017-01-04,Grassland
Own administration,12.417919,-96.454659,28288,2024-10-25,Urban
Painting star,78.777939,-94.045311,25210,2022-07-09,Forest
Trade five,13.938307,101.706962,37079,2022-03-13,Forest
Still house,-65.667577,115.499466,18239,2021-07-11,Tundra
Six heart,39.76254,-0.010923,15913,2017-12-10,Forest
Real trial,-8.055336,-35.231719,49351,2024-01-22,Marine
Growth remember,18.151642,18.528135,63789,2018-06-12,Tundra
Establish act,52.314428,86.522529,87750,2023-04-16,Freshwater
Economic authority,51.449412,175.018656,55693,2023-04-12,Forest
Great recent,-84.86002,-145.401926,43273,2019-02-13,Freshwater
Generation century,-83.449747,173.255543,1771,2020-03-30,Forest
Door voice,61.646224,-120.634799,7183,2018-03-11,Forest
Herself and,64.503325,-171.226182,93637,2023-10-10,Forest
Reduce meeting,80.100057,-127.021645,40893,2024-06-15,Grassland
Heart offer,21.622938,102.327682,79533,2023-11-27,Forest
Old discuss,-55.76568,66.021276,51806,2025-01-24,Grassland
Author star,66.541028,104.318348,74042,2022-06-28,Urban
Worry customer,-66.15022,1.259959,24927,2019-11-05,Marine
Talk type,7.448374,-117.681701,87878,2023-02-12,Forest
Age front,81.378611,-128.445139,64227,2019-11-20,Wetland
Level get,-45.646043,98.537606,57483,2022-03-13,Tundra
Case more,18.28817,-14.192938,12540,2025-04-04,Wetland
Board health,28.75879,-174.253831,24494,2017-10-23,Wetland
Democratic set,73.998248,-29.878281,88261,2019-07-31,Freshwater
Quality phone,-31.357511,-72.980696,31409,2022-04-11,Urban
Explain part,-28.821886,113.652381,10768,2017-06-27,Grassland
Speak language,-10.472344,-141.363061,45154,2020-01-29,Urban
Station only,-26.841037,22.700849,88868,2024-03-12,Urban
Three call,76.955789,-152.900941,14984,2020-02-26,Desert
Response military,-20.851629,163.518268,59086,2020-01-11,Desert
Policy social,-8.061831,170.051789,22303,2022-10-07,Urban
Person describe,65.506866,-61.962762,87395,2019-02-28,Grassland
Throw relationship,52.704742,148.955096,55907,2024-12-05,Freshwater
Season blue,-55.776025,-174.129154,77905,2023-12-26,Tundra
Treat interesting,-20.444927,-6.827851,84336,2026-01-13,Wetland
Least debate,-28.16035,162.278331,86585,2018-08-17,Grassland
Likely although,-24.216176,117.407829,47921,2021-04-02,Marine
Should not,-84.835916,89.132137,96702,2023-07-10,Tundra
Tell join,-50.573923,40.051254,45933,2020-09-27,Marine
Choice safe,2.540078,76.345026,22598,2019-03-17,Marine
Tax adult,-24.188175,117.878167,64703,2018-08-27,Desert
Point amount,79.196459,-115.919834,4351,2021-06-08,Freshwater
Bad yes,-36.087326,72.399535,13124,2026-05-01,Desert
Which power,-60.272485,-77.017837,45696,2018-05-25,Forest
Age describe,77.789739,-85.322217,24327,2022-05-13,Forest
Scientist wide,-59.506701,78.081893,51987,2018-07-20,Tundra
Note since,-54.44013,82.786334,67547,2024-02-24,Freshwater
Light capital,74.177621,58.802628,53003,2019-04-21,Forest
Under church,-50.854149,6.355863,96286,2025-02-08,Freshwater
Bank morning,-4.172122,149.031429,20666,2020-03-24,Forest
Across expert,-34.220493,62.777164,6656,2019-04-04,Desert
Give indeed,-44.103483,-74.205645,32507,2020-02-14,Tundra
Region race,79.101941,4.8455,30596,2017-01-21,Wetland
Each example,-12.518726,139.7009,55510,2023-11-27,Marine
Visit such,10.225565,-5.67884,45896,2022-10-08,Marine
Authority turn,-25.759938,149.278802,87591,2019-12-29,Marine
Mission serious,16.150443,-151.312876,45668,2016-12-04,Grassland
Civil value,63.408853,-17.281465,17352,2021-05-02,Wetland
Past special,-11.761726,-68.410191,36030,2025-01-10,Wetland
Big place,-12.497757,-151.738784,520,2019-07-24,Grassland
Walk thing,-48.461954,-142.440972,14988,2016-09-07,Grassland
Away including,43.157194,-168.392057,66093,2017-02-02,Wetland
Yeah ok,0.658215,170.275231,91270,2017-01-03,Desert
Base involve,-69.252493,-34.681251,41697,2017-02-02,Grassland
Member like,31.079386,17.640822,86272,2020-05-10,Forest
Agency concern,31.368606,-126.541215,55283,2020-06-12,Desert
Attorney wife,57.703361,-41.490737,18598,2023-06-01,Forest
Stop wide,-11.218921,-147.947008,91829,2022-07-02,Marine
Tv statement,25.719663,-170.836645,79711,2020-12-12,Grassland
Close nothing,-64.911505,-139.436563,1362,2023-05-18,Desert
Success similar,25.476693,139.502877,64593,2020-10-31,Urban
Contain quite,-48.641444,92.80863,15708,2021-06-22,Forest
Forget growth,19.307661,35.3851,85801,2025-07-04,Forest
Issue sea,59.479845,-170.125513,79975,2020-02-21,Wetland
Voice hour,48.41425,-110.990377,10596,2024-01-19,Marine
Doctor coach,72.396023,43.176923,70727,2021-10-04,Desert
No what,83.366621,-44.60267,7890,2022-11-20,Urban
Impact lawyer,17.689711,167.895218,36582,2020-01-18,Tundra
Last baby,-62.892667,0.740937,35240,2019-08-08,Tundra
Consumer most,-31.366127,52.084648,92900,2026-03-11,Marine
Employee throw,14.077628,-51.895227,19852,2023-11-08,Freshwater
Learn rather,-48.286091,-47.52058,16203,2018-12-05,Desert
Low none,-3.884885,-119.717242,57776,2025-11-12,Grassland
Information summer,13.765843,49.671337,77010,2023-01-06,Grassland
Five develop,32.009972,46.909051,6432,2017-08-11,Desert
Situation her,55.344948,-126.257004,92736,2023-07-14,Tundra
Model yet,-33.268111,66.94315,6541,2022-06-15,Freshwater
Development treat,36.100592,-171.619437,86202,2018-07-05,Grassland
Total body,-46.716104,-136.948093,57976,2023-07-29,Freshwater
True talk,-80.905951,-38.337036,92404,2020-05-11,Marine
Onto establish,86.388306,-131.94218,71534,2017-04-21,Urban
Window carry,-14.54086,-44.547897,85420,2016-08-05,Marine
Protect what,63.870927,2.542841,92176,2021-03-28,Tundra
Action respond,31.994666,-153.07406,85181,2026-03-23,Freshwater
Sit avoid,73.572923,65.987324,70257,2025-04-23,Grassland
Foot large,22.580894,32.774875,80499,2018-05-10,Desert
Show beyond,-62.451213,-86.149733,66876,2019-09-06,Marine
Mrs card,31.284864,-131.326596,25985,2025-10-16,Tundra
Would get,-16.663197,-123.24954,80136,2023-11-22,Marine
Particularly into,24.488988,-136.726581,48821,2025-10-29,Freshwater
Month environment,22.115607,31.560622,96490,2022-06-04,Grassland
Visit arrive,-61.542405,159.796079,57229,2016-07-23,Wetland
Open position,12.466756,-150.98252,4446,2023-08-08,Tundra
Safe power,45.974502,76.419059,93535,2020-03-30,Grassland
Area memory,88.200752,110.730768,23788,2025-10-28,Grassland
Model together,60.22604,-156.820236,42027,2025-10-17,Freshwater
Cultural admit,24.467464,44.774325,86332,2025-11-19,Grassland
Four western,4.792595,-15.511654,59020,2017-08-18,Desert
Up those,-62.32454,54.180396,83222,2023-06-25,Freshwater
No song,-81.757076,116.020016,48225,2016-09-21,Desert
Not Republican,33.11161,1.71365,78707,2024-04-16,Urban
Son full,-88.534421,-69.007264,51574,2023-01-13,Marine
School culture,-5.90467,-75.069242,35060,2023-01-04,Marine
Value upon,-56.043363,12.528704,57110,2022-12-21,Marine
Beyond prevent,30.531729,38.087759,50711,2022-09-23,Freshwater
Matter term,-83.875445,-166.497755,60467,2021-01-21,Wetland
Onto name,-36.963594,162.245265,18494,2017-01-29,Marine
Police begin,53.659386,7.502298,72724,2026-05-16,Desert
School answer,38.066101,28.070583,96878,2023-07-05,Freshwater
Toward fund,35.436709,5.11497,91013,2024-02-03,Tundra
Large seem,15.970102,71.522473,58183,2019-03-25,Desert
Do reduce,-38.316132,106.274705,15613,2021-06-27,Tundra
Authority though,-54.261726,-34.75364,90181,2025-01-24,Marine
Be system,-19.394852,114.411366,21130,2018-05-02,Marine
Audience executive,14.526472,-79.048487,54926,2019-01-10,Grassland
Make television,-64.675462,86.725299,13580,2025-05-15,Desert
Identify fine,78.114286,-126.431101,30550,2023-08-20,Wetland
Half now,-71.806747,-70.984399,95832,2025-08-16,Desert
Imagine local,31.771342,98.178945,61220,2018-03-04,Urban
Glass which,-25.748359,-128.022372,1798,2018-01-26,Marine
Out individual,-88.744092,-141.839706,17715,2018-01-21,Marine
Course bad,12.591321,-65.190398,44711,2023-10-28,Tundra
Institution executive,-44.669078,156.7658,42430,2021-10-07,Marine
Drive state,-31.437722,59.495803,27137,2025-05-30,Wetland
Provide American,78.337305,178.237494,40659,2019-01-30,Tundra
Area war,6.958399,82.895335,11422,2018-08-16,Desert
Oil force,14.211258,88.824947,78193,2025-05-26,Marine
Fast model,-13.498724,94.805856,61338,2017-03-05,Tundra
Rate special,-21.340416,94.96854,80291,2018-01-15,Tundra
Know push,-19.489212,-21.417422,45529,2022-10-07,Freshwater
Owner cause,-55.648477,124.686067,94910,2021-10-07,Forest
Notice get,-84.090317,18.785993,52521,2017-07-29,Freshwater
Job any,-47.701452,-69.211828,46695,2020-02-12,Forest
Behind increase,-17.313188,135.625625,34515,2021-05-02,Grassland
Case gas,-75.215879,-22.573436,53052,2022-09-19,Urban
Do while,-78.711256,-87.497833,39958,2024-12-23,Desert
Remain opportunity,42.449826,-39.969662,55099,2021-04-11,Marine
Us bank,-18.016439,128.477764,86900,2020-05-28,Grassland
Style worker,37.494813,-170.15823,6301,2016-09-14,Marine
Particularly health,-14.188199,-156.315413,90135,2024-03-06,Tundra
Truth player,-84.970779,-143.068771,71098,2022-05-19,Tundra
Hard bit,28.336152,-82.974863,56860,2022-03-19,Wetland
Democrat last,-5.933046,52.441954,8446,2020-12-07,Desert
Thus rise,57.796196,112.741796,30650,2020-01-27,Grassland
Half red,74.123278,-123.077638,41733,2018-03-14,Freshwater
Save final,-29.524056,23.722374,43130,2026-06-07,Grassland
Woman crime,38.468201,-130.160166,96798,2020-12-25,Marine
Friend leg,-63.055289,91.633609,23070,2018-09-01,Urban
Avoid at,50.246887,-152.685673,39072,2025-09-20,Freshwater
Black mean,78.767903,178.218378,55945,2018-12-25,Urban
Agency subject,-48.812337,179.301309,36795,2018-11-29,Tundra
Exactly four,86.207413,154.651777,13383,2022-08-03,Grassland
Almost product,20.120188,-49.339623,68309,2021-02-16,Forest
Dark care,87.865204,76.982974,66763,2017-05-26,Desert
Itself film,56.360694,-163.336105,67071,2025-06-04,Freshwater
Opportunity there,8.788577,6.340495,44848,2024-10-02,Desert
Thousand head,-30.015638,-92.263274,52475,2020-09-30,Grassland
Network even,30.175673,69.083288,52751,2022-02-02,Marine
Knowledge personal,-21.555638,177.910743,52765,2025-05-07,Wetland
Either so,-12.181401,31.097449,76703,2017-03-10,Forest
Drug thus,50.583555,-151.489932,94282,2021-11-29,Tundra
Technology lead,-62.734705,-23.056826,10701,2017-06-20,Grassland
Recognize likely,34.348134,94.255627,36523,2024-10-15,Urban
Mouth drug,-73.493522,25.785964,84573,2025-10-26,Desert
Analysis difficult,-81.777013,-122.439692,70613,2025-10-10,Tundra
Any stand,-60.555415,-147.584418,92712,2025-12-07,Wetland
Reflect because,44.495314,61.745132,56506,2023-05-23,Grassland
Industry every,10.00189,-105.583961,31853,2021-02-20,Grassland
Exactly hundred,-29.120108,49.427498,9293,2021-06-04,Freshwater
Boy rise,28.916298,72.616981,63283,2019-03-23,Desert
Career ball,3.040669,-125.873804,31721,2018-05-02,Wetland
Rock itself,-54.842957,7.276751,63589,2018-08-04,Forest
Throughout current,-33.331562,-158.382952,22739,2021-02-15,Desert
Season cut,5.946907,12.031265,37611,2018-10-20,Desert
Tv say,48.169483,17.726191,44150,2018-10-24,Wetland
Painting ground,66.320478,-161.370994,10576,2025-04-09,Forest
Class where,26.728929,-44.683154,13789,2021-09-23,Wetland
Student among,-73.406472,-127.559717,8712,2018-05-09,Urban
Significant Mr,-83.357453,-176.474414,91230,2018-03-02,Marine
Student sometimes,-40.758205,-97.869466,36649,2026-03-05,Freshwater
Have course,62.287692,-168.94166,10558,2024-08-06,Wetland
Result drug,-56.293709,64.531775,39919,2022-05-05,Freshwater
Foot evidence,-55.520655,-63.587321,95923,2017-11-25,Desert
Weight clearly,10.578353,-59.277405,72282,2024-11-27,Forest
Court special,-28.353426,-63.454397,13935,2023-12-11,Wetland
Outside as,-36.528425,161.421788,93664,2017-09-09,Wetland
Use opportunity,83.931081,-90.178204,31703,2024-07-17,Marine
Personal tree,-46.622073,44.547558,40711,2025-08-23,Tundra
Remain only,87.79833,159.845182,53409,2017-09-06,Desert
General else,0.383395,28.429379,69931,2021-09-25,Marine
Difference election,20.947812,-28.173116,62368,2018-03-19,Freshwater
Budget paper,-80.457641,-117.64513,30639,2018-11-29,Marine
Hotel return,38.632628,110.604428,34177,2025-06-17,Forest
Stand increase,13.93047,22.486312,22361,2019-06-22,Urban
Voice actually,-54.434946,63.342124,36313,2026-03-25,Tundra
State resource,-85.563151,-102.429939,63399,2024-07-20,Marine
Prevent run,23.788135,119.720578,82241,2017-09-16,Desert
Air capital,-0.274429,5.470685,21716,2021-02-12,Marine
Try travel,68.44779,136.410571,26890,2023-07-07,Marine
Many will,16.453621,45.150129,23642,2019-05-13,Tundra
Look toward,58.682247,-112.877006,75924,2026-05-17,Desert
Body onto,15.051087,86.227774,12795,2021-12-19,Tundra
Arrive look,-84.253859,-43.132564,3915,2024-10-18,Grassland
Owner kind,65.123907,-99.503413,43672,2018-01-18,Grassland
Apply project,-71.114656,-88.333986,61246,2026-05-05,Tundra
Source from,-80.686134,177.177634,36716,2024-12-16,Desert
Carry bill,33.91728,46.186511,36451,2025-04-21,Grassland
Health create,-66.343354,-34.213579,82701,2024-10-06,Desert
Life include,-56.984345,152.212707,89937,2026-03-10,Tundra
Strong end,-86.36288,-102.134587,94808,2024-03-04,Tundra
Remember professional,80.025305,78.620755,95255,2021-03-05,Marine
Per reality,-87.791593,-5.595446,95647,2017-06-24,Freshwater
Increase condition,27.190527,154.578552,1958,2020-04-28,Wetland
Significant understand,26.014809,-55.932483,28461,2016-10-14,Freshwater
Personal group,-19.364756,-29.634321,63969,2017-10-24,Marine
Together forward,-24.315334,-120.778354,62666,2022-03-01,Wetland
Reflect campaign,35.301687,169.655804,76960,2022-05-11,Grassland
Opportunity me,53.812861,-51.588298,12767,2026-05-10,Desert
Write certain,-45.657278,-44.026307,39639,2018-05-02,Grassland
Bed inside,63.535954,17.053054,49782,2019-12-08,Urban
Sell PM,66.26261,157.203165,19316,2018-10-01,Desert
Difficult up,-8.651203,82.531316,10367,2022-06-21,Desert
Partner can,-9.055051,-104.043819,56450,2016-11-20,Tundra
System call,42.38895,-96.250636,37853,2018-02-13,Tundra
Condition speech,-61.252868,-167.859599,16969,2017-12-05,Urban
White modern,-22.354511,62.190319,21919,2025-12-24,Freshwater
Production player,50.531425,-77.257416,66556,2024-01-29,Freshwater
Wear camera,-36.157603,-141.4491,38026,2024-06-12,Grassland
Approach stock,47.14141,163.177216,83959,2018-12-02,Tundra
According test,67.019814,46.324721,82919,2023-10-24,Forest
His hard,-17.316438,-88.951249,83178,2020-11-22,Urban
Benefit write,-19.316517,20.217178,44413,2023-07-23,Grassland
Allow I,-56.630151,-57.529431,24519,2016-09-30,Desert
Cup report,32.895171,9.084164,22207,2022-01-25,Tundra
Computer public,40.402949,-57.550161,44869,2023-09-26,Tundra
During make,-71.172357,173.938152,90204,2020-08-30,Urban
Rock under,-85.46036,-39.83951,48197,2019-09-27,Tundra
Up interesting,13.802562,-30.016381,93094,2023-03-08,Freshwater
Available open,33.463381,71.8018,41424,2021-03-19,Grassland
Technology find,21.445678,-148.739589,47810,2025-02-10,Wetland
Especially expert,38.642868,-153.065489,22618,2025-11-02,Desert
Word though,63.121535,-162.6661,80630,2019-01-05,Grassland
Like authority,49.05645,-94.779271,66757,2020-12-31,Marine
Might avoid,50.782455,50.350075,46907,2020-04-06,Freshwater
Quality after,43.884954,127.041243,58605,2017-09-22,Urban
Lead green,-83.400677,125.911453,46970,2020-11-12,Marine
Another term,32.364044,-170.013588,62083,2021-09-25,Forest
Marriage industry,-44.04634,141.134916,9042,2016-08-09,Marine
Throughout career,67.951984,-155.146056,44712,2022-05-13,Freshwater
Bad trip,-20.282155,-154.462922,35560,2021-09-25,Marine
Take care,14.089862,-46.705502,81917,2026-03-06,Wetland
Senior husband,-61.283122,-64.817786,29495,2018-06-07,Urban
Kind if,-76.276747,50.75082,61688,2020-11-29,Marine
Yet marriage,-71.097493,-16.943766,65448,2020-07-10,Wetland
National yeah,-34.488826,-35.721689,19673,2026-01-15,Desert
Crime film,-22.56272,116.956766,93069,2021-12-20,Urban
Scene stage,37.273733,-112.242551,32180,2021-09-30,Forest
Choice require,-42.890634,-133.875696,63112,2017-10-20,Wetland
Trial affect,84.004178,111.913433,24626,2022-12-11,Grassland
Pm responsibility,77.09027,-24.228033,69236,2023-08-23,Urban
Fill turn,73.18121,65.766607,86621,2026-01-26,Marine
Yet quite,-76.061767,-137.747134,73918,2022-12-10,Marine
Stay herself,53.615057,-42.489546,71622,2022-02-13,Marine
Image might,-36.427086,129.663452,25147,2019-07-31,Urban
Attention send,38.408643,18.632582,89641,2019-01-22,Grassland
Instead hundred,0.494956,-45.657762,34870,2016-12-21,Urban
Plan seven,26.280045,-164.528177,62948,2017-05-03,Grassland
Describe just,-23.756054,-108.277103,5775,2026-04-01,Marine
Second company,-87.691104,-126.377538,52247,2020-06-13,Marine
Blue door,-72.377285,-162.308544,1954,2017-04-03,Forest
Source see,33.679004,-9.632577,87215,2017-06-11,Marine
Identify owner,-81.029333,85.721096,23019,2023-07-04,Marine
Product professor,86.207483,73.140382,63682,2018-07-21,Desert
Answer finish,-4.725912,-117.788416,80981,2021-02-24,Desert
Study fear,72.713554,-57.801077,34056,2021-07-19,Desert
Sometimes short,71.42932,51.544198,14655,2017-09-13,Desert
Especially kitchen,-9.877913,34.348104,74097,2025-01-05,Desert
Avoid half,-76.808906,-176.069244,85171,2020-09-21,Desert
Administration chair,25.58019,142.679653,50370,2026-01-20,Grassland
Necessary north,32.255724,-154.725554,43564,2018-07-13,Forest
Parent marriage,85.695921,-118.979943,61613,2023-07-26,Desert
Wind avoid,-22.816852,-4.04489,27644,2021-11-17,Wetland
Through believe,52.176659,162.891084,90712,2023-09-16,Desert
Analysis man,-67.714096,97.94885,56260,2024-10-29,Freshwater
Air fact,75.306926,-75.623339,88909,2023-10-04,Tundra
Build week,11.032008,-80.329746,50593,2024-12-26,Grassland
Director pass,-75.1344,9.79165,70021,2023-03-22,Wetland
Turn TV,50.318536,-134.340002,27848,2025-07-10,Desert
Long decide,69.734879,138.708827,56597,2021-02-21,Forest
Collection car,64.387435,-105.941893,27282,2018-12-27,Wetland
Term later,-9.161167,-160.528487,2137,2026-04-02,Forest
Mention foreign,-72.892878,-113.170318,21862,2018-05-13,Tundra
View else,-44.481722,-143.910284,13942,2022-06-27,Forest
Lot by,-32.411287,-120.731307,54150,2026-01-27,Forest
Entire air,41.605368,68.998166,12823,2022-08-07,Forest
Police amount,79.228928,105.520761,11616,2017-02-09,Wetland
Everybody every,-42.932863,79.033161,83045,2021-02-15,Tundra
Begin relate,84.497596,29.028467,91554,2021-03-31,Desert
Thousand hard,77.799586,-69.509339,62805,2019-05-24,Wetland
Partner daughter,-59.522505,91.837838,79782,2020-08-06,Grassland
Require of,-61.649307,-106.212331,87165,2023-09-03,Grassland
Couple find,1.029116,-17.287979,73155,2024-07-26,Wetland
Hotel compare,37.752299,-157.613849,4817,2020-04-12,Desert
Upon church,16.625586,27.423016,31173,2018-01-20,Desert
Room candidate,-82.689922,35.280229,207,2016-10-15,Marine
Send car,-50.869866,33.879604,71046,2020-09-07,Marine
Early answer,-31.740692,176.180876,56656,2022-08-13,Wetland
Either ask,-48.435813,23.971369,52109,2025-01-08,Forest
Into hand,59.302436,-26.119198,19619,2025-12-12,Marine
Name we,7.626674,113.48685,49730,2026-07-09,Wetland
Produce while,-34.222015,-20.523904,7638,2021-12-23,Forest
Time defense,-58.576612,-132.536146,67005,2024-02-01,Desert
Same almost,-17.634274,162.82508,5782,2016-12-07,Freshwater
Network fire,-63.655623,71.927407,13287,2025-09-12,Grassland
Box entire,-66.199605,9.446459,31079,2019-01-18,Wetland
Collection political,6.444329,-159.138542,34795,2023-10-17,Urban
Small floor,14.013487,-114.069221,80278,2025-02-10,Wetland
Act travel,51.3228,75.736929,15221,2016-11-05,Marine
Father themselves,89.325205,133.532113,78464,2020-03-16,Marine
Change compare,-85.06237,-87.814381,50199,2017-10-18,Forest
Condition son,-11.503543,-170.577455,10068,2020-12-18,Forest
Turn third,-26.721936,-7.88215,36849,2021-01-31,Marine
Parent pick,-13.617213,63.620359,4670,2017-04-07,Marine
Record check,58.791757,170.691032,25683,2025-03-31,Freshwater
Assume need,-20.708684,-84.281218,34679,2023-11-14,Urban
Let easy,-81.68133,23.222102,9574,2024-05-15,Forest
Learn score,-16.207032,42.386013,27997,2022-05-18,Freshwater
Indicate social,84.459025,-61.294414,71946,2021-10-03,Wetland
Right economic,7.172711,-92.031615,68114,2017-05-26,Forest
Remain measure,79.929582,0.472435,74035,2022-04-05,Desert
Attorney left,21.232139,-123.861159,48947,2025-07-19,Forest
Only like,47.747264,23.768975,64148,2022-01-28,Freshwater
Heart compare,-53.221709,-150.890606,31433,2024-08-09,Wetland
Stuff truth,37.067747,157.002411,18773,2019-03-19,Desert
Note throughout,-73.531655,-11.655797,50246,2025-11-03,Urban
Lose house,-51.935643,-176.792728,35185,2024-10-29,Forest
Energy close,-29.438718,123.483926,8978,2021-05-04,Desert
Expert fear,-72.213052,145.392698,50566,2020-10-03,Urban
Billion beyond,-47.453923,-2.703846,44099,2025-06-16,Wetland
Person phone,-69.585441,0.124075,28285,2025-11-30,Urban
Home another,13.194406,12.174257,51624,2022-05-28,Urban
Argue maybe,44.209134,33.232144,18881,2019-08-04,Grassland
Win focus,-44.999287,66.843146,36078,2024-04-11,Tundra
Right agree,-67.995218,76.259066,69459,2025-08-14,Freshwater
Behind someone,23.688961,-146.089506,8772,2024-09-17,Tundra
Investment at,9.409773,178.889194,24442,2021-06-03,Marine
Over parent,9.131987,17.95335,41006,2019-03-04,Tundra
Tree green,3.107338,-83.944435,98473,2026-02-23,Urban
Foreign stay,-89.374067,54.398531,49689,2021-05-06,Urban
Along peace,79.923379,129.145986,67430,2020-06-02,Grassland
Radio deep,-67.457379,-60.483349,97116,2022-04-13,Freshwater
Investment gun,-57.756374,172.149312,80230,2019-03-19,Marine
Station man,-51.58253,109.335338,24122,2025-10-13,Marine
Rock exactly,18.082104,-153.274018,65759,2018-01-24,Forest
Industry admit,89.68713,135.733836,91803,2022-12-04,Marine
Professional practice,-34.32195,-133.90785,30853,2022-03-01,Tundra
Finish of,-19.568662,127.356774,92581,2022-08-30,Desert
Key store,4.447208,28.426858,96427,2019-10-27,Freshwater
American radio,-66.205976,-19.094057,69599,2023-05-06,Forest
See should,15.927786,-155.440456,53792,2023-01-16,Marine
Teach where,-55.33619,-143.960324,51491,2017-09-04,Wetland
Organization author,43.147539,63.848773,52634,2026-03-18,Forest
Laugh paper,26.861017,48.326168,66529,2016-10-20,Wetland
Bank as,-28.947674,-149.569759,63357,2018-06-30,Urban
Doctor reduce,57.629694,-176.490002,78771,2021-10-15,Desert
Pass just,-87.087819,110.45399,45241,2023-04-27,Wetland
Reach clear,73.318915,-151.06587,14279,2017-04-15,Marine
His approach,-38.925231,148.846714,14463,2020-01-16,Forest
Discussion side,81.047847,58.409467,57571,2023-12-09,Freshwater
Response recently,25.985526,59.104791,73302,2017-04-05,Freshwater
Hour value,85.649774,-128.410177,7650,2025-01-17,Tundra
Have art,62.883517,76.135621,95377,2020-10-18,Freshwater
Manager owner,-51.59677,179.112665,72866,2022-08-12,Wetland
Try shoulder,-72.215427,97.420498,69810,2018-01-22,Wetland
Anything effort,64.229014,-113.177761,33074,2021-12-13,Freshwater
Year black,-45.532271,166.294419,90900,2019-01-10,Wetland
Local break,41.48431,-130.990769,47583,2021-12-13,Desert
Yet owner,-42.282294,-74.841661,37717,2019-10-06,Desert
Effort system,37.382018,-46.275462,16800,2019-05-11,Marine
Civil without,-81.96389,108.527067,26864,2024-04-18,Wetland
Treatment item,52.663848,-70.186605,98274,2024-10-25,Freshwater
Management gas,0.130594,140.520215,91514,2019-09-09,Forest
Save million,56.947783,77.3382,9183,2025-10-06,Wetland
Network often,41.1675,-3.74498,24015,2020-09-22,Marine
Almost serve,-8.899941,-88.855709,35471,2019-12-26,Wetland
Build moment,-31.447643,160.786642,98060,2022-11-04,Wetland
Since list,11.985241,-143.391278,6038,2025-01-05,Grassland
Side respond,-0.945247,-144.244891,3428,2019-06-03,Forest
Glass effort,64.484912,11.489823,75323,2022-12-13,Wetland
Magazine religious,26.336588,-169.867789,38827,2018-09-01,Marine
Quality site,68.974778,-155.361544,13458,2025-02-15,Forest
Difference support,-1.416176,-61.086029,90639,2016-10-19,Forest
Nation himself,-44.923004,46.451023,5383,2021-07-15,Tundra
Significant direction,-23.95587,-37.449375,8280,2017-09-12,Wetland
Of mother,-80.220861,173.804831,51212,2018-09-06,Grassland
Find be,88.675941,-29.851964,40568,2017-07-15,Marine
Including third,-72.932286,72.58574,17566,2022-10-16,Freshwater
Morning onto,34.791523,52.693685,17536,2020-03-01,Freshwater
Animal produce,33.126239,-154.78742,32634,2022-12-18,Urban
West reveal,47.064962,-30.777161,79295,2024-08-28,Urban
Management consumer,13.451008,34.997727,32669,2018-09-27,Urban
Blood natural,82.631317,-22.209594,71412,2020-12-27,Tundra
Wish travel,-50.58893,-55.56974,2114,2022-08-13,Wetland
Hundred serve,-13.938103,-108.402439,3725,2021-11-22,Urban
Here safe,-65.908519,160.66849,13268,2018-01-26,Grassland
Reason off,22.837603,-48.526046,10463,2023-03-15,Urban
Let make,-21.932971,178.917745,1967,2020-03-19,Freshwater
Affect according,-29.940622,38.744729,34943,2026-04-14,Urban
Art more,-26.772608,-137.683636,58050,2016-08-18,Freshwater
Understand know,23.122499,94.145732,47160,2019-04-07,Marine
Some gun,57.125306,145.724017,61392,2017-08-21,Marine
Imagine discover,-2.29803,57.791183,81791,2024-06-28,Forest
Hard better,85.007338,-123.291086,74606,2020-06-07,Tundra
Thank experience,-55.368481,55.811108,46836,2023-12-27,Tundra
Summer but,1.339036,-21.846522,12519,2021-08-27,Desert
Present something,-76.955346,124.941965,54684,2017-10-16,Forest
Clear only,16.002302,55.675399,63969,2019-10-31,Freshwater
Stage second,-83.620714,31.762301,74748,2019-03-24,Desert
Close even,-12.503821,-74.403074,68626,2019-12-04,Freshwater
Compare least,77.29319,-142.497765,13293,2021-11-01,Desert
Born place,89.074308,-65.405436,64797,2021-08-18,Wetland
Actually medical,-72.466154,140.632089,33277,2024-07-01,Tundra
Probably next,86.982014,83.4913,25691,2019-11-29,Tundra
Within but,77.583774,-61.604561,47056,2025-08-29,Wetland
Human fact,89.798689,105.544988,79823,2019-09-20,Tundra
Chair north,62.599459,-30.658053,49526,2025-11-13,Tundra
Piece environment,63.297895,151.15887,16745,2026-02-20,Urban
Without see,19.585707,-110.604456,96283,2018-06-21,Grassland
No well,45.529708,-56.984062,95699,2019-01-24,Wetland
Office stay,-16.905282,-164.50986,71312,2026-03-27,Grassland
Leg under,-37.024683,43.82873,7941,2022-11-06,Freshwater
Relationship skill,57.801952,145.932628,64298,2018-03-26,Forest
Opportunity manage,-66.594698,129.515667,40009,2019-06-18,Desert
Billion property,-48.250557,-25.957801,69518,2018-12-24,Grassland
Some customer,-85.261731,10.152063,4662,2020-12-06,Marine
Parent investment,72.446106,-163.656512,93231,2018-02-28,Freshwater
Final TV,15.017596,-162.735591,49174,2018-03-07,Tundra
Fine smile,6.82939,160.968858,43897,2020-10-16,Desert
Exactly reveal,71.891722,149.778082,83465,2019-04-26,Urban
Ago begin,15.46179,-92.198272,28455,2023-07-01,Forest
Hear science,-12.088751,-23.803508,36230,2017-01-31,Urban
Home court,-62.295918,179.896993,33323,2020-08-18,Marine
Director my,-38.179069,-161.291757,32956,2023-05-12,Marine
Need speak,-81.178085,-162.341889,90696,2025-04-02,Freshwater
Five military,-30.973026,-161.310242,98583,2017-04-20,Freshwater
Couple occur,-32.090325,-22.338541,39917,2017-02-19,Freshwater
Position tonight,-58.487786,93.031755,5233,2023-02-01,Urban
Full language,85.069666,166.841142,59884,2025-05-25,Tundra
Maybe until,-83.704977,-37.963031,56026,2021-04-13,Urban
Wife rest,-3.26918,161.169766,66280,2022-05-09,Grassland
Argue price,1.008486,113.753411,38407,2023-07-09,Freshwater
Success best,55.073791,147.255874,20283,2023-06-05,Urban
Minute conference,-0.202308,68.502444,45919,2017-04-21,Freshwater
Ask suddenly,-57.435379,-135.62913,21988,2024-06-11,Wetland
Size media,-56.96743,-29.224797,86363,2018-09-18,Tundra
Size language,34.491101,104.584436,43429,2025-11-06,Tundra
College above,-47.094837,65.147938,27490,2025-08-20,Freshwater
Open her,-63.091283,18.455743,37220,2022-12-27,Marine
Court dog,-24.373497,-94.8951,21889,2019-03-22,Marine
How through,2.954048,122.980975,29347,2021-01-24,Urban
Necessary affect,42.408907,-120.96598,72421,2018-01-08,Forest
Special fire,-59.844586,-160.889736,95490,2021-08-12,Grassland
Data human,45.956933,-79.249169,6990,2024-02-11,Grassland
Upon floor,-84.736956,-64.927046,3087,2020-11-24,Wetland
Test TV,-21.118382,-155.301505,60442,2017-07-04,Marine
Stuff agreement,-35.268049,-126.913138,81715,2020-01-19,Forest
Phone successful,49.485917,-100.217687,85752,2019-07-30,Marine
Indicate plan,87.679252,-53.059363,26526,2023-09-18,Marine
Authority later,-77.849177,178.296122,67586,2016-07-29,Urban
Account opportunity,51.790226,-171.773534,40469,2021-07-01,Grassland
Property range,-89.184083,-2.831483,60735,2024-10-05,Forest
Type clear,81.752445,35.643206,226,2017-01-11,Wetland
Head medical,8.412643,56.627418,43825,2018-07-26,Marine
Prepare close,36.574478,-11.053204,50411,2026-03-21,Urban
Force network,44.92791,-2.477282,94595,2023-11-01,Marine
List style,81.527882,-101.98866,97929,2019-09-23,Urban
Write begin,-29.959941,53.555888,81417,2021-12-06,Tundra
Particularly meeting,-21.247103,-104.130584,81975,2019-03-25,Forest
Produce need,-52.592613,61.831958,18689,2022-08-27,Tundra
Gas light,-25.723858,179.065049,43278,2021-10-04,Forest
Gas important,-74.836048,173.501077,40795,2024-04-02,Tundra
Clearly the,40.375688,49.816075,88268,2020-07-14,Marine
Analysis ok,-41.570393,-102.596906,33206,2021-08-23,Urban
Cultural education,-70.714738,161.248227,49993,2017-01-05,Freshwater
All child,24.812845,-96.430638,36013,2019-08-23,Desert
Science sea,80.107814,27.621228,72053,2017-02-07,Tundra
Whole condition,21.803167,-1.377277,65092,2026-01-03,Marine
Sign despite,32.888532,34.941344,16822,2025-11-30,Wetland
Yes cause,-82.954623,158.789694,18585,2022-08-20,Desert
Cut actually,79.743097,156.655829,1387,2025-07-22,Marine
Foreign factor,36.774477,-72.749286,95181,2016-08-11,Urban
Serve describe,-48.364793,103.113452,59142,2023-08-08,Forest
Federal nor,48.604832,29.193828,54280,2020-01-31,Tundra
Raise international,73.350333,97.145971,37714,2025-08-18,Urban
Describe do,39.314549,-25.122652,24244,2024-07-31,Urban
Sell water,-82.609438,40.662114,95261,2020-02-09,Desert
Family more,1.614187,-152.745231,79951,2020-06-12,Freshwater
This school,-89.912057,-110.63178,57463,2022-03-06,Wetland
Forget car,-0.608725,65.842897,88914,2022-09-09,Grassland
Cell dark,13.672109,-171.605326,27533,2019-06-14,Tundra
Catch study,77.127003,-151.031141,13818,2023-03-29,Forest
Three policy,48.675185,103.194443,47228,2021-06-22,Marine
State population,-49.138101,140.701593,92540,2020-05-03,Urban
Apply them,30.558948,-8.09705,87919,2020-04-17,Desert
Around us,78.785297,46.87403,20637,2016-12-29,Wetland
Herself age,-79.842795,-7.804787,27710,2016-11-04,Wetland
Accept camera,-77.878488,11.888043,35968,2019-05-17,Tundra
Edge city,-70.176278,-108.242517,51560,2022-09-03,Urban
Teach certainly,-31.428556,101.126675,97139,2023-09-07,Freshwater
Military whether,-23.02723,-42.997174,17877,2021-01-26,Marine
Case themselves,8.542171,-100.772454,45097,2026-03-29,Freshwater
State government,22.736602,-22.857647,91214,2022-07-09,Urban
Step shoulder,56.785308,18.510943,26772,2022-07-06,Tundra
Prove note,65.20959,90.191537,59531,2017-09-27,Desert
Would name,7.07305,7.026666,53911,2021-04-10,Urban
Along finish,-19.98778,-161.731165,32942,2021-02-09,Grassland
Teach analysis,4.058283,-23.334389,78052,2022-05-10,Marine
Notice full,89.774901,-142.394753,45375,2023-09-07,Grassland
Office certainly,-48.51002,-173.381399,81554,2024-08-19,Forest
End sell,-78.826818,103.969574,55541,2017-12-26,Desert
Rock want,-16.152116,-166.751361,54,2019-05-04,Urban
Exactly collection,83.958945,-26.980144,39805,2022-10-02,Tundra
Western son,5.947172,-140.991982,27629,2020-02-28,Grassland
Eat detail,-16.834025,98.145454,20340,2016-10-14,Urban
Near once,57.023753,-59.713782,97057,2024-03-09,Wetland
Cold international,-48.230243,-153.405314,9012,2017-06-14,Grassland
It human,0.334213,76.491086,15070,2024-03-22,Tundra
Compare reduce,79.186084,-45.405733,70541,2019-06-09,Grassland
Keep knowledge,-3.502424,-82.507471,50604,2018-07-13,Wetland
Discover discover,37.828475,121.236895,20501,2019-01-06,Desert
Voice make,30.529087,-0.142323,22199,2019-12-10,Urban
Blue perhaps,-38.466006,-153.585781,94734,2025-12-07,Urban
Learn ground,10.187981,88.888939,17346,2019-04-13,Wetland
Focus dark,-76.024746,7.96582,64146,2020-02-17,Marine
Wide can,-0.069185,-77.160719,88989,2017-04-28,Freshwater
Yard improve,44.537903,-167.270547,20724,2021-11-30,Freshwater
Yard board,-6.875508,52.076165,24327,2018-12-28,Grassland
Involve occur,-3.758583,-10.249329,15411,2024-08-22,Tundra
Other body,-55.463823,155.288422,76658,2021-12-03,Forest
Easy red,40.737949,-11.903546,94493,2016-07-30,Marine
Herself upon,-13.297028,-102.446875,69334,2020-03-17,Wetland
Purpose enter,-13.889137,76.961728,81487,2018-04-20,Tundra
Ready color,-37.827147,179.179708,36713,2021-04-22,Wetland
Daughter effort,-33.209171,21.478398,47427,2019-07-06,Marine
Position similar,41.011738,-124.211369,62951,2018-11-04,Grassland
Expert source,84.965421,38.858567,1454,2022-07-11,Forest
Accept Republican,23.501227,-87.786456,28206,2023-02-27,Tundra
Page thing,-66.327809,39.47539,68600,2020-10-26,Wetland
Personal example,-24.337754,135.379687,53420,2025-12-24,Grassland
Home standard,-11.534787,-84.554875,46130,2022-05-05,Tundra
Participant plant,-68.270118,-9.716651,63442,2017-09-19,Urban
Recently line,-56.269474,-1.810007,36027,2023-11-05,Tundra
Nothing medical,-44.939355,33.642058,69639,2019-05-30,Grassland
Run total,-33.677548,143.479772,59082,2018-05-31,Tundra
Method enough,-14.26331,81.96702,38787,2018-10-10,Urban
Event although,9.9337,-72.618439,78623,2025-05-01,Forest
Cup wonder,37.221377,43.925143,53477,2018-03-14,Grassland
Pretty door,-71.089654,166.801303,85537,2021-06-05,Forest
Among worker,73.676175,-40.890442,88349,2021-07-19,Freshwater
Worry hold,-33.599606,84.858393,56251,2016-11-24,Freshwater
Firm will,42.044406,18.637345,73326,2022-07-31,Urban
Blood realize,-34.861591,-18.32746,31209,2021-07-18,Freshwater
Dinner nature,86.039513,-129.710643,17568,2023-08-28,Freshwater
Because make,79.451838,-84.308107,83449,2020-07-09,Wetland
Physical try,7.981117,-52.540131,23937,2021-02-26,Freshwater
Right site,25.462724,-177.217899,66927,2018-06-21,Marine
Report last,-16.100332,36.07384,91105,2019-11-14,Desert
Past because,-5.580727,-68.565029,53905,2019-04-25,Urban
Personal need,-22.611071,113.640566,24369,2022-04-03,Tundra
Level usually,-35.149714,-132.351265,31925,2023-03-17,Urban
Yourself some,86.118744,-38.886348,65170,2020-05-22,Wetland
Charge family,41.70551,-165.590151,49971,2022-08-15,Forest
Property positive,-22.62412,118.789491,79383,2017-03-28,Marine
Common building,16.614767,70.59265,62627,2022-02-27,Urban
Involve foot,57.298401,-67.721272,60614,2025-03-07,Freshwater
Grow network,74.553351,-11.986864,41825,2025-06-18,Forest
Clear notice,84.349844,-87.435018,89908,2024-01-11,Urban
Difference tend,-16.634314,109.303752,70677,2017-09-29,Grassland
Ready woman,-60.044143,30.808912,77713,2021-06-15,Desert
Approach mind,-55.641728,138.021748,2347,2023-10-23,Tundra
Across man,-24.571413,57.619902,91240,2018-01-06,Forest
Remain herself,44.817126,61.785162,42764,2024-06-20,Urban
Part act,36.701744,-98.982524,81818,2022-06-19,Freshwater
Be month,34.349922,-55.315435,23749,2020-09-13,Grassland
Degree letter,-85.114061,-0.417762,56531,2023-06-08,Wetland
Door consider,2.783253,109.698871,58913,2016-10-21,Tundra
Maybe pattern,14.485388,142.548475,51245,2017-04-21,Wetland
Center short,-63.519029,-119.244686,4598,2020-07-31,Urban
Successful another,-69.039581,-29.694599,21002,2020-02-05,Urban
Tree new,-50.894068,-57.060354,63529,2020-04-21,Freshwater
Even already,32.563965,108.888604,56154,2024-09-27,Urban
Difficult plant,10.856466,46.211614,43971,2018-08-08,Urban
Significant party,9.868907,-39.113285,53692,2018-01-10,Tundra
Central exist,-64.022996,48.475325,21903,2017-05-02,Tundra
Catch effect,84.410364,54.374692,31710,2018-05-16,Marine
Future style,-5.7638,101.646989,8725,2018-07-29,Marine
Fund four,-29.978629,136.477337,15805,2017-06-21,Desert
There decision,-59.072164,138.061751,57039,2021-03-29,Tundra
Remember southern,-63.531619,166.40824,32212,2022-11-21,Desert
City meeting,-37.185498,79.334227,74436,2021-02-28,Desert
Wait treat,42.375688,125.733731,23224,2019-07-29,Forest
Around safe,-0.318012,49.467366,66178,2024-05-28,Wetland
New fall,11.245067,77.09812,28209,2025-10-18,Wetland
Threat clear,-22.669798,-116.113601,41470,2025-09-02,Wetland
Focus market,64.056569,144.026643,62593,2019-12-05,Freshwater
Early medical,-65.275096,-86.691063,96116,2025-04-09,Freshwater
Subject generation,-31.069839,-134.803975,76387,2019-09-21,Wetland
Its Democrat,31.482908,170.773539,52693,2017-12-10,Tundra
Task nearly,13.457346,11.557084,50435,2018-11-20,Grassland
Movement animal,-72.709403,-34.107352,65725,2025-09-12,Freshwater
Quality clearly,-57.404547,46.398254,19596,2017-02-08,Marine
Century student,16.206973,-137.454537,61646,2019-11-24,Forest
Current protect,17.389079,27.196521,2876,2021-09-05,Grassland
Imagine front,-82.950388,-174.715794,13082,2024-08-31,Urban
Away too,14.232097,42.72608,23962,2021-10-19,Freshwater
Decade central,-12.02811,-132.853648,13164,2021-06-17,Desert
Song significant,-16.334506,31.050884,31004,2020-02-20,Forest
Bar remain,-71.93783,-148.071729,37804,2021-09-25,Forest
Including guy,58.692577,178.575393,86203,2018-04-29,Desert
Paper consider,30.429065,80.784584,88806,2017-04-06,Desert
Why attention,70.237658,-34.346491,71771,2023-04-17,Tundra
Foreign bed,65.315583,104.213453,64552,2018-12-29,Tundra
Price part,-84.941668,122.317447,82691,2019-11-30,Forest
Large improve,-43.46898,-33.97345,19464,2023-01-19,Forest
Collection stay,61.388417,-128.18657,40847,2020-09-30,Marine
Price at,-67.098226,-128.288387,28698,2018-09-02,Freshwater
Represent politics,46.232684,-52.164229,14909,2024-06-27,Forest
Later officer,40.510989,-75.508682,20093,2022-01-12,Marine
Computer use,3.872822,-129.373933,63108,2024-12-23,Desert
Real college,-19.367196,-161.194648,33906,2026-03-19,Wetland
Party believe,-25.482912,-102.106354,98298,2021-03-14,Forest
Shoulder someone,-0.470254,90.012741,64077,2021-04-20,Forest
Enjoy without,54.400304,88.271337,97096,2018-09-18,Marine
Cover white,-44.534887,7.748704,14827,2021-01-02,Forest
Appear skin,-32.840447,168.466029,74489,2026-06-20,Tundra
Hand business,-51.181237,94.776549,67276,2019-06-23,Urban
Year blood,29.464952,-106.368695,20126,2021-10-06,Wetland
Method local,61.396889,-133.684673,67664,2025-07-27,Grassland
Face ability,59.829155,-116.980643,63897,2024-07-08,Wetland
Never consider,45.894317,-112.834488,22240,2019-10-27,Urban
Region notice,-84.867097,-161.311245,82134,2020-06-16,Freshwater
Thank course,-79.90525,59.834683,28253,2024-04-14,Urban
Left others,-67.899755,51.507554,11174,2017-05-25,Desert
Big through,75.017065,-144.937425,72729,2021-08-02,Wetland
Training mind,12.639474,109.293319,75838,2019-01-29,Urban
Card inside,-58.31781,-3.907133,82736,2022-09-10,Forest
Center claim,-85.961203,142.065403,347,2021-11-11,Tundra
Skill lose,-49.25356,-139.877927,97100,2020-03-17,Urban
Note lay,-3.707127,44.859513,48227,2020-09-05,Urban
Really sign,-76.405849,63.167295,64638,2020-04-13,Urban
Capital anyone,48.630851,-72.051067,4761,2019-09-25,Forest
Level follow,66.818548,5.981398,78003,2023-12-29,Desert
Wrong skill,78.804282,25.521354,78447,2021-08-25,Forest
Allow southern,-39.060957,-166.744584,26362,2022-02-27,Freshwater
By specific,-66.129791,-18.576107,80406,2025-02-20,Forest
News bank,-15.893299,-31.907516,93096,2025-03-05,Wetland
Leader wear,21.362261,-177.628432,38519,2020-11-25,Freshwater
Work office,13.0261,122.559267,59161,2022-11-03,Forest
Old own,49.300191,-142.073902,36670,2017-07-28,Urban
Involve focus,79.892578,-177.458907,15465,2017-06-07,Forest
Write despite,19.439783,124.98553,89373,2017-08-20,Freshwater
Interview either,-56.3232,-124.64935,96469,2019-01-07,Forest
Everyone pressure,77.00359,36.372974,55294,2019-03-14,Marine
Tv myself,-1.443044,11.884239,38723,2022-10-15,Urban
Tv network,-78.47545,-95.093545,45705,2022-10-03,Tundra
Over left,44.036533,-77.476808,48018,2024-10-30,Tundra
Difference enter,-38.391214,-138.508825,88477,2020-10-23,Freshwater
Return of,5.882145,161.602986,53128,2022-04-01,Urban
Region far,11.80682,32.294948,45670,2023-03-12,Wetland
Nothing site,-4.87676,-72.39961,61344,2025-11-13,Desert
Defense language,-8.175201,49.39686,1788,2022-07-29,Tundra
Require north,5.249004,168.640723,91593,2017-12-18,Freshwater
While give,9.771712,-87.250875,16458,2022-11-27,Marine
Citizen list,-68.178543,-98.147642,12889,2023-01-29,Tundra
Treatment affect,-51.281651,-44.092597,3765,2017-11-09,Marine
Where act,-82.484545,-148.1376,47656,2020-04-01,Desert
However whom,-35.340186,-94.461079,95783,2016-11-24,Wetland
Read test,20.41321,-77.298173,85364,2024-11-21,Wetland
Into yeah,-32.446874,62.965418,67956,2021-12-12,Marine
Draw water,77.298898,76.275835,88761,2020-10-02,Freshwater
Camera purpose,51.363775,-120.511605,63691,2025-05-18,Desert
Order ago,5.129733,-95.735556,87286,2018-06-20,Freshwater
Relate exactly,-78.816852,-131.547107,32554,2019-03-27,Tundra
If present,-85.089475,-41.787966,33005,2025-07-14,Forest
Him must,56.351564,-3.625259,16516,2024-10-07,Tundra
Beat decide,37.758462,30.772115,42889,2017-06-02,Freshwater
Hotel reflect,-57.402669,77.059738,68980,2023-11-16,Grassland
Thought last,71.2062,77.574829,9233,2020-12-31,Desert
Close hospital,-19.479255,-6.467055,41414,2022-02-07,Marine
Current wish,-20.959579,-27.800424,83374,2020-11-04,Grassland
Again fine,-9.790503,-176.489019,2294,2023-11-23,Urban
Choice goal,61.553311,40.949234,86203,2021-12-31,Urban
Maybe even,10.527726,109.072317,91520,2022-11-16,Freshwater
Certainly answer,74.080376,74.553324,39674,2025-02-04,Forest
Big need,18.79555,-159.573312,96052,2017-12-14,Grassland
Wife safe,-9.119463,30.471695,19078,2018-07-17,Freshwater
Citizen public,88.485956,32.666483,89323,2026-01-03,Forest
Include work,-73.207335,-106.963569,90740,2019-10-16,Tundra
Oil growth,-7.154931,104.366538,56312,2023-11-18,Freshwater
Student training,-14.69593,-60.196757,43427,2016-12-10,Forest
Various recently,-71.225167,-139.040576,71722,2020-07-21,Grassland
Ready what,-5.33588,-124.304499,11130,2021-10-18,Wetland
