species,latitude,longitude,population,date,habitat
Everyone add,-17.925509,-23.499596,99130,2018-10-31,Tundra
Quickly behavior,87.427626,36.302863,5370,2020-10-12,Urban
Teach religious,76.170183,-173.555436,13957,2017-11-04,Freshwater
Miss color,40.2512,-170.004997,84901,2020-11-08,Desert
Happy catch,-10.466245,71.747805,30554,2019-11-06,Forest
Approach rate,-84.002066,88.531306,58019,2020-01-21,Grassland
Likely role,-25.402626,-138.486414,71896,2021-03-30,Urban
Defense draw,-42.317606,-51.005602,7334,2020-09-01,Marine
Talk remain,-79.504755,179.440224,43073,2018-09-12,Wetland
Tend enter,-69.907571,59.955079,2815,2020-10-18,Tundra
Claim week,57.170423,-43.756775,74732,2021-10-15,Wetland
Nation forget,-76.150882,160.247152,36839,2023-05-05,Forest
She wide,9.216752,-159.693405,47963,2019-02-10,Freshwater
Rule space,-72.438156,-73.289166,24309,2022-05-25,Freshwater
Film back,12.2004,-74.934771,38392,2024-03-20,Desert
Hair law,-83.188595,67.194775,45939,2018-11-03,Tundra
Environmental another,-29.615352,150.638174,62853,2021-12-21,Grassland
Sure account,87.073891,161.231291,1202,2022-07-23,Urban
Call shoulder,-37.575355,2.872934,34902,2026-03-23,Desert
Tv fire,0.589511,-162.396567,91139,2025-02-22,Wetland
Pull talk,2.085047,-73.09644,96150,2024-07-13,Wetland
Somebody defense,-88.903374,89.365496,45541,2022-01-28,Marine
Three sometimes,-55.093508,-79.122361,48495,2024-09-15,Freshwater
Gun few,-23.83138,-38.370927,73891,2021-05-10,Forest
First mission,-29.843399,-36.148317,80450,2023-01-11,Desert
Hit center,-25.296652,-69.180536,97936,2016-07-30,Urban
Idea painting,-43.669143,-6.535699,89403,2016-08-27,Urban
Certain anything,-35.617063,86.832714,19151,2019-11-05,Tundra
Toward now,-36.271157,-28.523412,43598,2019-06-13,Forest
Check throughout,-78.383201,43.706833,30446,2023-04-09,Urban
Everybody rise,75.007633,41.229516,71848,2017-12-18,Urban
Customer same,-23.478348,-151.907447,41529,2021-07-02,Urban
Voice wonder,37.173831,133.96083,86737,2026-04-08,Marine
Available you,31.946114,-101.440533,83300,2025-10-11,Marine
Your somebody,40.050171,94.819344,22414,2025-02-05,Tundra
Heavy wrong,-49.845042,-142.848689,9085,2020-09-26,Grassland
Stay step,54.578119,123.853187,26783,2017-01-15,Tundra
Federal film,77.574892,-176.380268,2479,2026-07-18,Marine
Glass growth,56.218942,-32.954869,7721,2020-04-14,Forest
School commercial,46.233771,-86.917887,68377,2025-06-25,Tundra
Trouble want,-38.792881,-77.287808,4620,2026-02-23,Forest
Money vote,39.562663,-174.896421,82524,2019-12-19,Grassland
Want police,55.944146,60.529867,58450,2023-05-06,Wetland
Site throw,71.313835,-148.262109,32224,2021-12-17,Urban
News money,-85.572412,-83.029984,40219,2022-08-06,Desert
From age,46.975947,57.989329,40125,2016-10-05,Marine
Indeed necessary,57.363859,160.508498,84512,2018-01-20,Tundra
Great just,-70.815104,-130.296383,58458,2022-05-12,Forest
Its month,-68.972248,90.381311,4035,2022-02-03,Tundra
Skin left,18.015814,-71.174045,63936,2022-10-16,Desert
Whether pressure,30.41519,87.292462,2787,2018-09-25,Urban
Certain program,-64.413489,72.912006,1051,2020-11-03,Desert
How grow,-46.685924,144.371453,54037,2018-12-15,Desert
Simply strong,-3.792441,161.66432,6605,2018-05-08,Grassland
Sign give,-51.835354,-146.598477,76658,2025-05-24,Wetland
Behavior production,-43.48372,-63.962871,60445,2021-06-18,Grassland
Make case,0.591615,130.216653,20207,2022-10-26,Wetland
Sea bag,-24.133557,136.668328,65476,2017-11-28,Desert
Husband person,27.077373,179.78189,86900,2020-12-22,Forest
Land computer,-65.38031,-136.852913,63377,2020-04-18,Urban
Always various,-13.141772,-152.324007,55047,2023-01-14,Desert
Theory skill,-68.866711,-177.105668,65490,2025-08-10,Forest
Son enjoy,33.298781,-148.015422,6754,2021-02-17,Grassland
Improve state,-1.494131,-53.72322,15332,2021-12-09,Marine
When determine,-1.082235,12.724227,76548,2025-09-26,Wetland
Many the,20.465966,51.909859,60696,2024-11-11,Marine
Play go,68.809692,-88.374599,49937,2021-03-14,Forest
Yeah for,-19.057338,-143.291421,84330,2024-04-18,Grassland
Address feel,-38.200481,-87.12667,62784,2018-08-12,Forest
Himself quickly,75.410662,37.734582,70795,2016-12-24,Marine
Become you,51.971494,-174.733993,98476,2020-06-14,Grassland
Whole ten,34.785306,-125.645026,34141,2019-02-12,Freshwater
Believe morning,-17.93643,131.569846,52922,2021-03-11,Wetland
Old discover,78.116583,-78.478094,12156,2020-03-11,Forest
Already source,34.588721,-40.402785,72719,2022-03-18,Tundra
I between,48.869617,-125.705328,29122,2024-12-29,Desert
Outside seat,-68.970035,144.907689,52078,2025-06-05,Grassland
Increase available,33.831724,-123.958042,84992,2020-12-10,Tundra
Arrive top,-84.95712,-62.105361,86060,2020-06-07,Grassland
Catch her,35.518583,63.675713,45820,2022-12-25,Marine
Group hot,80.017708,154.583088,56332,2026-04-21,Urban
Must save,-71.237277,-151.71417,92571,2025-01-26,Tundra
Decade country,-87.579571,58.888083,31180,2025-01-10,Forest
Manage very,-89.590745,39.522669,69832,2017-12-08,Marine
Tend doctor,54.574273,145.330287,90845,2018-06-10,Marine
Sell since,-49.719803,-109.03355,6052,2022-10-10,Forest
Almost camera,-65.019571,-69.609303,26409,2020-11-26,Freshwater
Hair stuff,76.419604,-146.99116,6865,2019-08-09,Forest
Candidate civil,72.569893,-54.983759,68789,2017-08-25,Tundra
Meeting speak,21.049794,-95.859609,78789,2023-03-02,Grassland
Newspaper child,-85.726067,101.703817,1852,2022-02-16,Marine
True its,-74.761815,-0.687635,33237,2026-05-24,Wetland
For ten,41.084841,166.763816,80699,2017-09-18,Grassland
First test,-57.167398,64.697976,46353,2019-03-13,Tundra
Successful statement,86.614177,-168.562862,81611,2019-06-08,Freshwater
Body way,89.647721,116.365396,89581,2024-03-04,Grassland
Home face,55.58666,13.824549,24176,2017-10-20,Marine
Model recently,4.445797,-22.60204,16735,2023-12-24,Freshwater
Be success,-84.999856,-17.295224,90833,2024-11-03,Tundra
Brother point,-3.306526,-22.872344,12443,2022-02-23,Wetland
The force,39.387867,102.071908,45776,2017-04-22,Desert
Debate goal,7.949499,32.16838,34618,2017-03-18,Tundra
Help in,-27.883799,-94.774125,89285,2021-05-09,Tundra
Foreign say,-76.767098,-61.307338,53446,2025-01-06,Wetland
Piece professor,-77.347901,35.675591,24722,2025-02-06,Forest
Matter difficult,54.907599,118.096643,42209,2023-01-30,Desert
Third cultural,28.832176,-159.876464,54561,2025-01-13,Marine
Direction manager,52.224443,-101.300656,25159,2018-07-10,Urban
Key young,-66.550718,120.050167,6270,2018-08-19,Wetland
Person audience,8.996806,151.765697,58879,2021-05-24,Desert
Southern scientist,7.018282,-92.006856,99988,2025-03-25,Marine
Win defense,86.542216,-103.917957,70677,2025-05-29,Tundra
Series energy,-70.872394,28.403193,83100,2018-08-18,Grassland
Today create,-57.041274,-81.417114,71672,2017-01-23,Marine
Around nice,-23.184987,-47.741368,82769,2017-09-18,Desert
Good away,-57.767542,94.765427,68545,2019-02-18,Marine
Writer role,-4.722793,52.913585,1798,2020-08-13,Grassland
Effort treat,-18.33844,33.907546,86439,2020-09-11,Marine
Situation film,12.751042,-73.174483,49765,2018-01-15,Freshwater
Fall result,-7.575767,140.294525,71424,2018-12-18,Freshwater
Culture thus,-32.405868,-147.934401,11254,2020-07-28,Urban
Seven just,-71.764417,125.10207,6338,2018-10-16,Wetland
Threat only,51.882249,-39.346647,89899,2024-07-31,Tundra
Media day,-38.962214,49.631536,51578,2016-12-14,Desert
Current information,-6.365832,118.740226,16983,2023-02-27,Marine
Able radio,-39.811432,9.102131,23145,2016-12-18,Forest
Some fight,-22.738244,-3.966262,9856,2016-11-07,Freshwater
Executive glass,28.866812,-111.235301,38465,2018-05-07,Grassland
Quite view,55.549558,68.878256,77874,2019-02-23,Grassland
Before no,52.737863,151.605938,62746,2019-10-14,Wetland
Tonight drop,30.812542,-168.828979,81165,2025-03-13,Urban
Know himself,1.892007,143.619046,36309,2023-10-08,Marine
Fire bank,-9.138346,141.874373,40223,2024-04-23,Urban
Young radio,64.689023,61.911545,92669,2020-09-30,Forest
Game mention,-26.643573,106.358482,45345,2017-07-05,Urban
Article site,-5.155045,-91.009801,78281,2018-01-14,Desert
Old point,60.885716,120.961377,24851,2018-12-17,Freshwater
Most cut,-22.006483,12.735337,90474,2024-06-30,Grassland
Of north,84.923705,158.927182,94216,2024-06-23,Marine
Sit energy,2.009657,20.254531,18355,2021-07-28,Urban
Capital hard,-65.602612,-1.028566,8491,2021-12-05,Urban
Pass recent,47.834126,133.017466,17934,2017-10-22,Freshwater
Wide owner,-53.568476,-31.954332,56110,2025-06-03,Freshwater
Federal important,-71.298277,-70.32428,6748,2021-09-29,Grassland
Reveal service,69.603046,128.955908,74759,2025-03-04,Urban
Mouth whatever,15.436435,-28.37057,76940,2016-08-12,Freshwater
Material full,16.32557,173.66482,85585,2019-08-12,Marine
Operation none,-86.824553,52.553441,98760,2017-10-23,Desert
Change television,-14.187581,18.057434,59716,2025-03-24,Freshwater
Then glass,81.075777,64.176209,65190,2020-12-12,Desert
Their cold,80.931646,108.523838,65022,2020-03-31,Urban
Relationship offer,-27.136208,-157.011603,43239,2021-03-17,Urban
Cultural long,22.701782,60.507609,4460,2018-07-11,Wetland
Week late,-21.804562,-129.846556,7985,2026-02-07,Grassland
History direction,-79.125015,-177.866228,92727,2021-01-27,Desert
Million shoulder,-82.235277,165.016212,86999,2022-06-28,Forest
Mrs owner,-24.61735,-55.275563,60839,2017-07-17,Grassland
As lead,26.6398,157.320808,16836,2019-04-07,Desert
Meeting allow,-15.822715,179.15513,60498,2025-04-26,Freshwater
Put much,50.583556,78.831328,52665,2024-09-04,Grassland
With human,21.627634,121.981013,90675,2023-11-30,Forest
Quite impact,32.475572,-69.393451,26976,2025-07-15,Marine
Character kitchen,-67.562081,-49.058257,98675,2018-01-23,Tundra
Check either,62.727519,65.601274,58395,2017-04-29,Desert
Source whose,-50.608562,121.041396,79117,2021-02-26,Desert
In increase,14.327458,95.296548,40956,2025-09-01,Desert
Watch page,74.98426,-98.968604,17384,2026-04-29,Urban
Across whom,-51.862556,-51.398959,49134,2026-07-18,Wetland
Help trip,-64.09425,95.636948,93557,2019-09-15,Tundra
Economic our,-45.458267,82.024381,22543,2025-07-13,Tundra
Indicate data,84.143005,146.784815,13337,2025-02-10,Marine
Heavy response,-69.255703,19.5879,4307,2025-04-03,Desert
Whom door,-64.897031,-46.657088,37337,2019-02-25,Desert
Difficult pattern,6.672118,19.365505,11304,2017-12-07,Freshwater
Research night,-21.104794,-86.512226,15270,2024-03-30,Wetland
Professor check,54.333213,167.255698,70700,2019-02-24,Urban
Blue coach,78.759047,168.79792,29434,2021-05-08,Marine
Follow happen,75.616075,1.523182,68226,2025-06-21,Tundra
Success employee,-18.890259,125.980487,20215,2022-05-03,Forest
Gas amount,83.560824,-98.864992,95550,2022-03-28,Tundra
Spring line,76.117699,136.707095,83797,2024-05-15,Urban
Dark continue,-8.541271,-132.189847,12186,2022-08-13,Marine
Also player,-39.587172,81.61649,59716,2019-11-14,Grassland
Institution new,-43.711089,52.495566,17228,2024-02-13,Urban
Contain along,-25.714469,-46.896788,35444,2025-11-25,Wetland
Themselves popular,-13.14977,17.529792,47152,2020-12-18,Urban
Attorney better,64.66547,133.770525,21561,2016-12-01,Marine
Writer middle,41.292081,-164.747647,65759,2020-01-17,Marine
Pattern few,78.631551,-81.297079,18612,2020-10-25,Wetland
Ask not,25.436643,-178.657311,35057,2017-07-24,Tundra
Mission character,-81.848019,116.840445,25421,2023-05-06,Marine
Type theory,-5.791607,40.940648,31285,2020-08-03,Forest
Far learn,-43.387885,95.04062,19651,2021-09-29,Grassland
Inside degree,-30.202747,-65.129873,98899,2022-01-14,Forest
Over special,-53.232228,-176.705982,84240,2020-07-05,Grassland
President outside,23.988065,-93.23953,9266,2018-12-31,Forest
Degree certain,54.782049,-68.432424,55931,2025-08-21,Marine
Development building,52.463181,-119.34991,15831,2022-01-15,Wetland
Raise strategy,-25.000945,-129.993774,91784,2020-02-26,Freshwater
Despite environmental,30.368698,33.890856,13024,2021-06-16,Forest
Their law,-14.506471,86.698856,7638,2017-03-11,Grassland
Economy amount,87.006403,-65.386348,47328,2021-07-09,Wetland
Push will,-21.476813,-151.909963,82789,2019-12-01,Tundra
May position,-19.874271,125.477942,46659,2022-09-10,Grassland
Report half,65.375406,-155.831539,63835,2023-08-16,Forest
Management to,88.84064,87.891752,39663,2023-09-07,Desert
Star interview,14.986974,-34.842765,18986,2017-03-22,Freshwater
Want throw,-55.918328,62.513955,71616,2024-11-10,Marine
Outside six,79.441445,158.844364,29248,2022-11-24,Forest
Soldier weight,54.918372,-100.567083,48724,2016-10-03,Marine
Sea responsibility,5.0752,-38.873967,83222,2018-01-13,Tundra
Religious various,-0.5709,-27.112976,70360,2021-02-02,Urban
Race black,-47.645084,-72.523541,58790,2016-09-07,Grassland
Charge society,72.573155,125.245561,23648,2020-06-20,Tundra
Civil strong,82.257066,-31.016724,4054,2022-08-14,Urban
War set,-60.277697,-142.555221,85157,2020-07-03,Marine
Read those,-66.60896,-66.340731,8849,2022-05-19,Wetland
Prepare memory,81.497892,112.554283,84388,2021-10-19,Grassland
Chance almost,-85.598841,-134.278581,52423,2025-05-08,Desert
Firm interest,9.327957,153.42442,91131,2021-09-12,Desert
Morning food,-87.35407,52.738472,90226,2020-01-01,Grassland
National avoid,-19.477335,81.789843,75884,2023-02-04,Forest
Month buy,66.524705,-31.309948,16983,2018-04-24,Tundra
Around turn,-30.708933,157.076044,98948,2021-05-08,Freshwater
Country most,-40.314167,-59.187218,32027,2023-07-06,Grassland
Him step,12.411075,-45.430682,44609,2024-06-21,Desert
Wonder time,44.301733,-21.947952,51079,2023-07-26,Marine
Section step,-57.773002,-114.909159,72131,2020-09-23,Urban
Though focus,46.366566,-26.475908,42265,2020-12-05,Grassland
How town,10.836938,105.530642,8030,2021-10-11,Freshwater
Color set,30.806553,-89.775893,95473,2018-04-15,Grassland
Wind heavy,71.015068,-147.279083,50315,2019-02-04,Marine
Ever town,22.147501,50.159819,86002,2025-02-01,Tundra
Church mother,-1.177993,-49.645462,976,2017-12-15,Grassland
Theory anything,40.574671,-153.826884,26829,2026-02-11,Marine
Join could,-21.333953,-165.006137,85321,2017-09-20,Marine
Whatever own,-75.326105,-72.000555,94137,2021-05-19,Marine
Leader nor,-32.034966,149.756808,69248,2019-07-15,Marine
Take arrive,87.994041,-118.565492,33605,2019-12-10,Urban
News front,-34.397624,165.491408,56061,2026-03-09,Tundra
Pass late,-73.651947,19.425653,3757,2020-06-25,Tundra
Know green,-49.909003,105.958945,10521,2020-01-26,Forest
Free start,28.692727,-142.996399,74743,2019-04-21,Marine
See agent,-31.703874,107.457447,33956,2017-01-28,Freshwater
Build yeah,-74.511644,97.879921,12136,2025-03-24,Tundra
Step energy,29.722246,69.564858,29916,2016-09-20,Grassland
Establish unit,-11.229542,-117.165832,68114,2023-05-01,Freshwater
Executive they,36.170976,-154.115665,77284,2017-07-31,Grassland
Child pressure,42.994408,-173.92317,43737,2018-07-01,Freshwater
Open avoid,34.826984,108.335216,4387,2022-01-03,Desert
Continue couple,-35.361714,-54.992102,14249,2023-03-21,Tundra
Anything sign,12.701955,59.145074,54626,2020-02-28,Forest
Its later,-24.208242,68.800304,89057,2016-08-26,Tundra
Ground night,-49.393324,25.311567,50273,2021-01-10,Urban
Son or,26.156404,113.01471,24242,2024-03-11,Desert
Likely focus,9.735174,91.541863,40833,2017-10-16,Wetland
Expect sound,-47.410189,93.84547,77484,2017-03-03,Freshwater
Who eye,-6.774712,38.343873,5042,2025-03-07,Forest
Gas sound,-26.857509,-172.02177,86450,2025-09-05,Marine
Hard to,44.683706,-167.007431,85796,2024-08-11,Urban
Experience piece,-31.799236,102.348252,23139,2025-01-21,Grassland
Family style,-20.019888,-23.823959,87208,2021-03-16,Desert
History else,-33.01387,-96.111547,34003,2017-03-24,Wetland
Rather Democrat,-42.425629,44.914278,27188,2017-06-01,Freshwater
Last power,-74.984262,22.676893,15794,2018-03-17,Urban
Bad within,12.282586,-47.880603,90332,2019-01-14,Forest
Expert same,78.72302,131.907885,64639,2023-01-15,Wetland
Enter type,56.340403,179.899122,17820,2025-06-29,Forest
Gun include,-65.649238,-46.088973,1329,2022-10-20,Forest
Response how,67.037581,160.959522,29567,2024-11-30,Tundra
Pull from,-35.9272,23.262877,11322,2026-06-07,Wetland
Skin hand,-49.165695,-178.411198,79286,2023-02-14,Tundra
Generation form,76.416685,126.821212,49175,2024-05-02,Grassland
Current compare,-71.09825,-36.426293,31483,2026-02-19,Wetland
Skin people,74.111184,11.33399,59187,2016-08-28,Desert
No main,81.8323,-109.926908,86131,2021-08-31,Freshwater
Help bag,-66.684009,113.069685,32316,2025-07-14,Urban
Member American,-7.576368,-47.913136,23740,2016-10-21,Freshwater
Forward clearly,16.515915,-63.175708,68683,2023-02-13,Marine
Hour energy,-70.180128,-163.813018,51038,2024-06-16,Desert
Offer movie,78.932604,82.542799,42551,2023-05-06,Marine
Note feeling,34.436312,-128.424239,68344,2023-02-23,Desert
Large community,38.800731,-102.827812,84401,2017-03-09,Grassland
According page,70.03091,-18.076041,58513,2023-11-20,Forest
You dark,-11.067151,-96.141851,34020,2023-11-04,Marine
Laugh leg,-71.745483,122.823386,47302,2026-05-04,Urban
Size street,21.104622,-159.963186,28688,2024-07-25,Forest
Collection with,59.26025,156.819136,11585,2022-03-01,Freshwater
Easy field,-49.721969,-119.963337,30544,2026-01-11,Forest
Officer report,37.282015,57.20731,77073,2022-02-02,Forest
All soon,-33.516256,-11.833557,58609,2018-11-22,Marine
Marriage fast,-66.905412,-81.751466,85814,2019-06-05,Tundra
Able allow,8.653866,121.103561,14076,2023-10-25,Tundra
Fear little,-75.688739,99.446061,28616,2018-08-03,Desert
Center computer,-3.138931,110.8928,68843,2018-09-22,Urban
Including know,67.10389,62.969679,31167,2020-01-02,Forest
Cold put,86.049236,115.264934,70482,2023-06-08,Wetland
Worker five,-6.728379,-1.101882,19299,2018-08-31,Marine
Push beat,43.661471,-114.860134,89639,2018-12-03,Tundra
Table military,-62.574599,-118.079147,9155,2021-07-02,Grassland
West student,20.497909,104.902385,54079,2022-08-03,Tundra
Big language,75.195041,12.134066,43580,2021-04-30,Marine
Get wear,60.422781,-86.850593,1105,2019-08-22,Forest
Staff almost,56.246138,49.647722,78687,2023-12-03,Wetland
Time Congress,-28.230317,-147.652204,7784,2018-08-30,Urban
Set activity,60.091099,-77.196457,45083,2022-08-04,Desert
Of participant,-37.204315,-47.730326,14818,2023-03-28,Freshwater
Song family,-24.648452,-141.936976,94025,2021-06-04,Freshwater
Country specific,-8.709932,98.339071,4232,2022-03-26,Forest
Upon marriage,-35.863562,13.379221,70734,2017-07-31,Forest
Remain capital,-66.921558,-6.372452,25629,2025-01-23,Tundra
Population war,85.823042,156.294183,66260,2025-05-03,Urban
Time worker,80.553215,114.651991,88417,2020-06-12,Grassland
Prepare side,10.30633,-165.683281,81644,2021-02-06,Freshwater
Impact film,14.475196,-105.505808,78619,2021-08-19,Forest
Debate source,-58.541337,152.893131,79811,2025-07-10,Urban
Open grow,-68.083978,101.322057,90068,2025-09-04,Forest
Election experience,61.134332,-12.864188,12470,2025-02-26,Grassland
Animal indicate,-54.304323,45.866795,89776,2025-05-28,Tundra
Senior west,-33.494485,-144.988141,64364,2020-04-24,Freshwater
Common same,-52.860987,-3.221217,56250,2025-01-18,Desert
Indeed decide,16.811169,52.428161,4104,2021-07-08,Urban
He suggest,14.540066,48.677862,93038,2017-06-23,Freshwater
Why treatment,-59.864053,87.338532,92747,2023-02-04,Grassland
Yet hit,-13.73814,-56.078051,4159,2020-07-02,Tundra
Single hot,21.360944,-81.291322,49476,2017-08-17,Forest
I key,-31.698708,-164.415765,61962,2020-01-25,Grassland
Region particular,0.859479,16.184685,30826,2024-12-29,Marine
Accept employee,89.326488,-50.78536,17126,2022-05-08,Forest
Spend let,45.86153,69.762257,76483,2026-04-01,Urban
Analysis cold,-14.567488,10.335376,73128,2019-02-14,Urban
Religious firm,27.002376,30.189485,10052,2019-07-14,Grassland
Candidate determine,-23.25921,-94.220035,22584,2017-05-20,Grassland
Something word,-53.548622,145.738996,48660,2017-07-26,Freshwater
Protect have,86.175004,41.625695,53080,2023-12-03,Freshwater
Source write,-65.846928,-121.775944,82176,2018-10-02,Freshwater
Set I,10.65716,-158.553707,15807,2021-12-09,Tundra
Citizen sea,89.866027,74.91576,62292,2019-07-12,Urban
Leader gas,50.943572,-82.308477,28844,2024-06-23,Tundra
Management team,65.321601,64.582361,30324,2018-01-30,Wetland
Establish decision,3.093033,-101.470526,49639,2016-12-02,Grassland
Quality talk,21.840046,123.506573,34654,2022-02-03,Urban
In against,-14.559887,165.166745,77746,2020-12-28,Grassland
Minute itself,84.793453,23.999736,36088,2024-09-01,Desert
Particular lot,-73.758021,-177.987831,74733,2026-01-03,Urban
Practice police,-55.823775,85.341546,37243,2024-04-08,Urban
Common theory,38.626947,-12.963753,75864,2019-05-04,Forest
Common within,24.184015,-122.609773,55973,2023-05-01,Urban
Back boy,-55.158318,143.460448,36606,2022-02-14,Tundra
Out himself,48.074528,33.144742,29331,2023-10-11,Desert
Cost build,-19.35805,-58.41266,60524,2018-05-11,Tundra
Middle capital,86.816857,40.43484,41090,2023-12-21,Forest
Court especially,-76.686572,-30.501536,54827,2020-01-18,Urban
Least happy,51.294078,-173.409402,36038,2025-07-21,Tundra
Nature Republican,22.843218,-153.309436,47613,2017-02-26,Wetland
Eat idea,-44.269963,-61.900074,29153,2018-06-29,Tundra
Yet score,-41.854697,146.671944,91587,2020-05-18,Tundra
Star on,39.049458,0.790533,36726,2023-01-28,Forest
May truth,24.806441,82.780782,70772,2024-05-29,Freshwater
Structure which,74.422893,-36.485331,38785,2019-05-21,Grassland
May garden,87.784563,55.269874,4670,2025-02-28,Forest
Network another,-54.055952,160.545616,47365,2026-01-21,Desert
Could one,41.400309,105.452914,58688,2019-12-28,Urban
Believe off,75.801081,-61.97769,61350,2026-03-21,Freshwater
Himself spring,33.616024,70.188634,52894,2020-04-24,Forest
Door relate,19.486473,-26.240588,66133,2018-10-27,Tundra
Practice matter,-12.652739,158.625866,88054,2025-10-04,Tundra
Under partner,47.075786,38.539752,99679,2023-08-17,Desert
Peace baby,85.52351,90.350286,65339,2024-01-30,Tundra
Rise place,-10.909797,130.265893,30584,2025-10-27,Marine
Room name,29.225361,-144.878062,39008,2022-10-19,Urban
Professional build,83.651355,178.953299,20068,2018-04-12,Desert
Successful total,22.080206,43.257733,47373,2024-07-25,Wetland
Kitchen individual,24.95731,70.146091,5708,2023-07-18,Forest
Buy form,32.557205,100.176375,26400,2025-06-12,Grassland
Especially town,72.888233,25.290929,40741,2017-11-14,Marine
Respond protect,-54.553905,-90.279268,33393,2024-10-12,Urban
Power quickly,85.751908,-99.089749,7382,2020-07-27,Tundra
Treat successful,-4.874061,-67.528239,44530,2024-12-20,Forest
Go again,57.508387,37.899548,61556,2018-08-05,Tundra
Range have,63.094598,-79.364973,34429,2019-04-28,Freshwater
Expert history,67.757698,-83.839791,47106,2018-05-19,Forest
Worker few,-55.763632,-109.568102,39076,2025-12-27,Wetland
He mention,75.349739,48.826218,32668,2026-07-06,Marine
Figure decision,1.326029,83.103143,46262,2017-02-03,Grassland
Notice management,-0.831365,-24.946717,55586,2023-01-12,Wetland
First hotel,-61.223028,153.743376,62878,2017-05-16,Forest
Form after,87.749966,35.085168,76559,2018-02-07,Tundra
System bring,76.827105,87.551116,98881,2016-09-13,Wetland
Claim million,7.870284,-115.843761,10692,2023-02-18,Forest
Food mother,36.252134,49.210269,40301,2025-02-11,Grassland
Staff above,-42.263017,56.940053,58329,2024-04-24,Desert
Newspaper city,40.764218,-1.509219,84773,2021-09-21,Tundra
Good agency,-74.896023,140.350031,92485,2023-05-27,Marine
Research shake,86.852715,80.554164,99452,2022-06-16,Tundra
Debate kitchen,-59.954491,-5.063128,8483,2024-04-02,Forest
World easy,-34.108613,-82.256456,78815,2025-02-18,Tundra
Church anything,53.633371,145.583999,54120,2025-06-22,Marine
Can there,14.393893,7.526579,85083,2024-04-01,Urban
Street learn,72.214427,117.284827,98052,2020-11-11,Grassland
Treatment meeting,81.276539,-38.787192,63512,2023-01-16,Desert
Condition hear,-29.350507,-166.07551,36605,2024-06-18,Tundra
Win data,30.312635,166.474793,98124,2018-09-01,Desert
Ten control,89.589499,-54.928764,85740,2018-06-15,Tundra
Vote hope,4.846525,-143.450121,36580,2019-06-19,Urban
Down really,-64.541325,-92.034935,34635,2021-06-01,Desert
Sometimes voice,-38.627246,-129.131535,21253,2023-12-07,Wetland
Perform relationship,-3.352468,158.69136,65298,2018-06-05,Urban
Teach mean,75.3215,78.196611,87986,2018-01-27,Grassland
Daughter coach,-16.815352,-22.776017,64539,2016-12-08,Desert
Hundred laugh,72.911809,163.086723,57468,2025-12-16,Desert
Fund defense,39.079987,-77.004739,37794,2026-07-01,Forest
Natural happy,73.190912,-166.682876,32587,2022-04-14,Forest
Perform good,-19.548087,-1.645107,75848,2019-01-07,Urban
Remain role,46.8997,-18.455124,88911,2022-06-03,Tundra
Guy structure,36.698992,139.360299,89101,2025-08-31,Tundra
Short throughout,-70.688814,1.098184,41451,2017-10-02,Freshwater
Event attorney,75.837255,85.84299,24438,2022-04-28,Forest
Listen upon,-56.101985,100.871376,23978,2025-03-31,Urban
Upon somebody,-3.179941,-155.370492,49689,2021-09-14,Grassland
Federal that,-21.974176,35.070744,46233,2018-09-24,Tundra
Often issue,71.165819,-128.049248,80747,2019-11-08,Urban
Nearly do,63.011763,63.951312,77609,2025-08-18,Desert
Someone land,-87.786157,-50.743924,42636,2019-04-19,Wetland
Institution rest,26.336424,-23.042849,929,2023-10-14,Freshwater
Around discover,-81.60171,102.351585,49174,2017-06-17,Forest
Herself fund,-89.902716,-147.193414,3116,2024-08-07,Desert
First cause,9.679473,-147.44031,59280,2026-04-04,Forest
But wind,87.661103,30.999523,29626,2020-02-08,Freshwater
Receive ask,50.955269,118.256138,79400,2022-04-19,Freshwater
Current manager,44.248966,117.875738,89448,2017-07-19,Marine
Cause protect,-64.607078,151.473575,61258,2018-07-01,Forest
Authority available,55.327471,-7.980778,43578,2021-09-17,Freshwater
Hope space,-21.456751,133.896562,37242,2016-12-08,Desert
News know,-87.166872,43.104746,88346,2018-11-02,Desert
How investment,66.114874,40.857463,23710,2016-10-11,Grassland
Cup five,-73.740316,-112.863705,45878,2024-02-18,Tundra
Fly after,87.737362,88.235311,5106,2022-04-21,Marine
Arrive different,59.105076,-32.429226,46955,2025-04-28,Urban
Character ever,-3.838916,-41.768033,23414,2021-12-30,Freshwater
After another,7.398075,130.895545,31854,2018-02-17,Forest
Realize line,46.485859,109.194737,27751,2019-12-23,Wetland
Employee health,23.24146,-100.121225,7053,2019-01-04,Marine
Mother experience,71.472396,-5.180055,94708,2020-12-23,Wetland
Board special,10.622276,101.704983,66962,2021-03-02,Forest
Religious expect,58.990875,161.215468,24065,2024-11-27,Desert
Season notice,-24.213885,44.03676,90220,2023-11-03,Desert
Carry meet,19.509366,82.376391,14854,2020-08-20,Desert
Between it,58.754071,-27.051459,27229,2019-12-26,Wetland
Chance cell,-36.787412,75.237784,85668,2023-02-04,Grassland
Report wear,-33.943751,-48.025553,1955,2020-04-30,Wetland
Culture what,84.260159,56.68894,38299,2018-08-19,Freshwater
Those glass,22.871024,21.7251,31826,2024-05-05,Urban
Police person,30.221149,-73.74128,65141,2025-09-05,Wetland
Recently whatever,-24.625296,-64.356061,17307,2020-09-11,Urban
Hot each,0.253636,-16.736692,66707,2021-01-05,Marine
Scientist election,-69.223668,133.810108,23928,2025-03-05,Urban
Collection idea,-17.746714,156.545433,72539,2023-05-21,Urban
Me good,-14.929302,-77.446393,66644,2023-09-11,Tundra
Key history,-22.274574,95.004655,73139,2023-01-29,Tundra
Your drug,-22.54056,-141.60119,14884,2018-01-14,Freshwater
Product economic,42.362695,-77.607318,68669,2017-12-13,Urban
Discuss develop,-56.484073,-127.996961,37249,2016-07-23,Freshwater
Thing determine,-22.781648,-74.217978,49872,2022-05-23,Marine
Including person,76.772843,141.554666,47184,2025-02-25,Grassland
Issue fill,-35.361924,-135.65149,71364,2021-11-04,Forest
Live far,66.012052,-42.900337,22092,2022-07-03,Desert
Imagine key,-76.78501,-20.866482,95818,2018-06-05,Tundra
Line anyone,9.225843,133.892318,90398,2022-05-11,Desert
They relate,-12.190012,120.681607,74342,2024-11-14,Grassland
Activity quite,84.446895,-14.760803,5066,2026-02-16,Desert
What specific,45.077285,-25.645076,50458,2026-02-27,Freshwater
Store almost,43.048747,175.395793,82165,2018-08-03,Freshwater
For read,64.366986,-137.729587,80150,2021-05-01,Urban
Officer understand,59.004472,-81.020333,4951,2017-09-12,Freshwater
Data already,-20.970564,-34.23525,1775,2021-12-09,Grassland
Firm base,-67.7935,-107.318869,74785,2019-02-18,Urban
Call husband,-6.258156,-13.880962,70369,2022-08-09,Marine
Stand past,-51.758741,173.991085,38644,2021-05-26,Wetland
Send even,51.388676,-140.53484,33569,2022-03-30,Wetland
Business common,-66.670171,112.852682,7925,2023-02-13,Desert
Animal attack,-87.171169,119.08983,114,2022-11-04,Urban
Join open,7.565982,155.735882,33866,2020-11-09,Grassland
Best effort,-81.471079,105.099364,28180,2023-01-31,Marine
Bit subject,-87.474313,-86.521351,45549,2018-09-18,Urban
Reality life,-36.026721,-54.233506,89128,2025-08-25,Grassland
Common professor,87.44731,50.15439,23450,2024-07-28,Marine
Speak use,-39.810347,42.179112,46059,2018-06-15,Wetland
Attack arrive,32.937913,-48.229421,61830,2019-10-27,Forest
Total pressure,5.292397,-101.998492,32829,2021-09-25,Urban
Drug project,84.490713,111.766062,11961,2021-11-24,Urban
Back Mr,64.762387,-115.559207,8690,2021-06-26,Tundra
Newspaper job,50.18583,-9.486861,6655,2021-12-29,Wetland
Travel public,-49.043599,163.179286,71913,2025-06-09,Forest
Group type,57.659944,116.044441,87647,2023-06-23,Tundra
Push already,41.714765,-51.943218,27229,2023-09-17,Desert
If kitchen,43.944411,118.682511,70488,2017-03-19,Desert
Operation dog,56.50269,35.956263,73316,2016-12-14,Forest
Where check,63.715019,127.53142,54769,2024-10-10,Freshwater
Human effect,-3.629393,155.90582,44717,2019-09-04,Urban
They five,-45.323954,61.576863,53225,2024-01-04,Wetland
Training page,53.145803,-87.671895,40299,2026-01-13,Grassland
Author yet,12.438258,176.202837,80631,2019-04-09,Freshwater
Common work,-25.847745,-122.410521,22256,2025-06-22,Forest
Good guy,-4.595612,-38.239496,82234,2021-12-20,Wetland
Physical speak,79.582779,80.389731,66104,2020-05-14,Marine
Wonder never,77.847085,-144.743257,39667,2026-02-19,Wetland
So summer,3.306268,83.7179,47329,2018-07-18,Wetland
Music page,-84.783908,172.105105,34483,2020-09-15,Grassland
Drive wish,54.03947,-42.301849,68173,2022-11-20,Grassland
Finish myself,-51.330468,41.245057,38736,2018-03-09,Grassland
Many or,23.896798,-51.911882,53282,2025-02-28,Forest
Real foreign,-24.337384,-92.492732,55058,2023-05-04,Freshwater
Help certainly,8.85509,38.059938,84120,2023-06-03,Freshwater
Campaign indeed,-65.432125,-148.697975,85399,2025-05-10,Tundra
Eight mind,-41.815936,36.397097,67134,2016-09-19,Desert
Fish set,78.757375,-124.341619,34694,2019-07-23,Freshwater
Walk economy,-15.839448,94.734836,56022,2019-03-03,Wetland
Born score,55.157257,123.844847,65864,2016-10-27,Desert
Suddenly effort,-61.973423,148.243652,26411,2024-10-08,Grassland
Direction enter,-44.792124,75.134132,16155,2022-01-27,Urban
Arm realize,-82.281643,-142.313902,92734,2016-09-25,Forest
Medical view,-52.144029,-130.274278,49250,2019-03-22,Freshwater
Garden me,1.194021,-23.523769,39298,2025-01-07,Wetland
Two heart,-32.315127,152.599152,30583,2017-04-26,Forest
Pattern society,-58.21675,-179.203444,58022,2019-06-21,Wetland
Always stock,-34.904696,13.912047,84992,2023-07-01,Desert
Near adult,-74.735204,-93.687194,73390,2022-07-20,Grassland
Let instead,-61.2979,169.609637,80704,2023-04-17,Freshwater
Child discuss,-20.9497,157.008948,75786,2021-02-12,Marine
Dinner for,54.634137,-87.66645,49562,2023-12-26,Desert
Ask as,-36.372663,68.748627,70391,2020-01-05,Tundra
Continue student,-4.557974,-20.694013,25556,2019-07-12,Grassland
Customer address,-25.228011,55.10754,61753,2024-08-30,Tundra
Dinner act,24.51391,133.650445,42968,2018-05-20,Marine
Senior summer,35.124376,34.638052,70835,2019-03-23,Marine
Trip nature,37.409976,66.77982,35934,2021-09-02,Tundra
Describe have,-21.780425,-171.732151,40356,2026-06-17,Urban
Sing statement,-69.410485,149.852595,71426,2021-03-04,Grassland
Whatever treatment,-23.480559,144.292075,75914,2025-05-20,Grassland
Might bill,26.20396,-155.200326,7827,2026-04-22,Marine
Along under,-4.374691,123.796351,58044,2018-12-19,Forest
Nature report,34.036346,108.362245,49160,2017-08-28,Urban
Total computer,-45.305696,60.689901,43132,2025-02-25,Urban
Matter certainly,-18.044425,28.546052,587,2024-12-26,Grassland
Capital such,-4.189749,111.105277,48415,2020-05-22,Grassland
Exactly small,68.104864,-127.126702,27946,2023-10-20,Grassland
His beautiful,-87.714774,-73.03517,70581,2024-01-13,Urban
See doctor,-19.171665,-119.528004,35225,2022-11-06,Wetland
Data soldier,-66.48541,-20.057031,18426,2026-03-09,Urban
Into avoid,-5.760655,-174.210428,51327,2018-06-03,Freshwater
Forget along,49.723906,115.665807,69143,2022-11-05,Forest
Land yes,50.554788,-170.433988,37902,2026-03-18,Desert
American week,-39.648308,-18.368295,55263,2026-05-09,Marine
Clear here,78.054312,110.487299,65089,2020-04-08,Wetland
Return win,-4.831042,-39.633816,73886,2025-03-24,Marine
Institution recently,18.059664,19.919369,45896,2024-07-17,Urban
Protect source,68.357092,-47.124535,49949,2020-03-21,Desert
Nature cultural,-15.914426,53.726396,34326,2019-02-22,Wetland
Several cultural,-47.877188,-22.863719,57152,2025-10-23,Desert
Part must,5.186898,-152.728768,9606,2025-03-12,Tundra
Language bring,46.40172,-124.526063,59080,2023-03-15,Freshwater
Buy herself,43.529425,130.652765,93217,2022-08-20,Tundra
Cut memory,-1.987652,-95.270019,94481,2026-05-06,Tundra
Defense Mrs,68.276754,145.12784,83775,2017-04-28,Forest
Gas policy,-63.533121,-115.965123,42055,2019-06-18,Freshwater
Year operation,-30.643644,16.014678,28568,2018-12-18,Desert
Surface push,27.606884,14.90262,32063,2019-10-31,Urban
Cultural head,48.300519,85.32738,96363,2020-03-19,Desert
Somebody economy,-63.136648,-149.040719,83637,2025-12-29,Freshwater
City position,0.712352,-152.091878,79391,2019-10-19,Grassland
Particular letter,4.775522,-13.735183,82982,2026-01-31,Grassland
Carry good,66.886028,-137.612347,85701,2022-11-12,Freshwater
Seek agree,70.791454,-2.788037,22229,2022-12-26,Forest
Treat find,-4.891718,76.379942,93801,2018-05-21,Tundra
Exactly cup,45.419316,145.863012,27364,2023-03-15,Forest
Name performance,61.736476,-99.102121,24901,2017-10-22,Desert
Season property,-68.116193,-61.325425,72417,2022-04-29,Wetland
School ball,-74.633364,-4.398035,97113,2022-03-21,Desert
Second prove,-11.35724,137.176624,40865,2024-11-10,Marine
Wait early,-39.2402,-24.656728,42936,2017-10-19,Marine
We future,-77.602468,147.197205,49643,2018-06-25,Desert
Stay little,-38.129916,123.879818,94435,2021-04-10,Freshwater
Mrs time,20.430902,-177.523185,14029,2020-05-28,Freshwater
Course simple,5.166112,-53.505962,63195,2025-09-27,Desert
It must,-25.881922,-132.584052,84140,2018-10-22,Forest
His significant,76.844033,-20.517775,30237,2024-12-10,Wetland
Tend many,-68.246673,162.41873,96021,2018-01-11,Tundra
Card music,-26.962679,-25.553192,73294,2019-08-29,Desert
Money any,-27.485687,-78.985947,476,2020-09-29,Marine
Defense say,63.422919,12.77218,90780,2025-06-04,Desert
Although he,40.65115,-67.046895,21835,2021-12-06,Tundra
Good sell,63.225374,-127.999695,5597,2020-09-27,Desert
He writer,-81.364056,-145.379569,2021,2018-01-12,Grassland
Need politics,-9.522336,21.462436,47282,2017-01-23,Marine
Less stage,44.453913,-69.618968,68710,2021-11-10,Urban
Likely attorney,30.421235,-32.535857,50827,2021-09-06,Wetland
Listen recently,-75.024905,27.219133,54686,2020-05-05,Marine
Many others,-11.09091,137.892448,51542,2017-08-27,Freshwater
She way,82.356141,-179.554683,22977,2024-04-11,Forest
Father threat,-46.110978,-4.337656,46506,2019-01-23,Desert
Enjoy add,-75.775564,163.270973,34072,2020-02-25,Tundra
Nor experience,58.785988,-13.555013,44155,2024-04-19,Freshwater
Simple here,-79.775606,-51.984901,66672,2023-05-02,Urban
Theory office,-73.824055,56.494993,18951,2026-07-12,Tundra
Significant head,40.182961,40.692874,94523,2020-04-12,Marine
War us,77.219309,171.562198,84610,2023-05-30,Desert
Clearly agree,-14.330193,-77.752994,76570,2018-08-20,Urban
Sense truth,-35.98887,-79.377191,42699,2022-05-21,Forest
Foot great,-52.168624,112.055269,44578,2025-08-03,Urban
Bed feeling,1.569958,99.074145,57869,2019-09-08,Desert
Place data,14.134637,50.842328,88239,2019-05-30,Urban
Movement her,-88.150174,174.338661,83012,2017-09-07,Freshwater
Your serve,-18.602509,87.014199,53531,2023-06-05,Desert
Run TV,-19.636123,102.189293,50681,2023-12-25,Marine
Major film,-66.065569,-117.969514,9858,2017-08-07,Wetland
Total opportunity,-88.05142,-11.824545,64084,2017-07-20,Tundra
Type boy,58.808958,-10.786776,4296,2021-08-27,Freshwater
Before make,-59.844242,17.574411,93301,2019-04-08,Marine
Cultural with,44.324559,-126.175871,44228,2024-01-20,Desert
Light guess,65.162358,122.629874,5998,2022-01-31,Tundra
All mother,27.435918,83.182771,99516,2023-10-11,Freshwater
Sound course,-9.643389,95.680183,99268,2025-04-08,Freshwater
Not wide,-14.883433,-146.603805,56154,2018-06-08,Grassland
Today city,67.620692,-29.221221,4868,2018-11-09,Urban
Big group,-1.95663,108.11114,89762,2025-05-15,Grassland
Us economic,-65.090706,109.667408,3003,2021-07-06,Tundra
Site market,-78.663663,19.363913,53628,2024-10-21,Grassland
Poor decide,-43.333357,-133.513465,26833,2022-03-06,Freshwater
Four while,-70.364378,-43.678815,63646,2026-06-19,Marine
Clear character,51.559773,81.167902,54269,2020-12-25,Grassland
Author amount,-12.703181,75.562874,8949,2017-11-20,Wetland
Board number,-30.383498,-39.691361,43424,2024-03-09,Freshwater
Day may,-35.353647,122.301395,10971,2025-07-13,Freshwater
Many before,64.170334,-63.118136,64672,2023-02-25,Desert
Each cost,8.066423,-58.435471,24362,2017-06-07,Forest
Laugh call,-45.239169,73.776516,84091,2018-03-15,Marine
By off,-56.00776,-17.313486,54998,2018-12-18,Wetland
Wall protect,-25.131039,-151.045656,57080,2022-01-05,Desert
Mother off,-73.040132,127.729316,16402,2021-07-06,Tundra
Reach should,58.916889,28.864636,56093,2024-06-26,Grassland
None month,19.054268,-102.950944,49506,2020-07-10,Freshwater
Fish knowledge,24.207824,11.381053,74944,2025-06-18,Marine
End natural,-62.791837,-117.077583,62904,2022-10-18,Wetland
Medical something,-72.266965,27.322003,83141,2020-08-18,Grassland
Beautiful perhaps,-36.882191,95.117012,54642,2024-05-02,Freshwater
For heart,31.29513,-64.545636,51816,2025-03-02,Wetland
While forget,74.913421,4.361245,23543,2024-03-28,Tundra
Smile really,-48.663651,97.364483,53234,2023-01-16,Wetland
Politics already,22.363768,116.614998,57965,2026-07-09,Wetland
Forget response,11.496867,157.423964,16845,2025-12-23,Marine
Bit official,-57.78137,-82.824107,14027,2018-06-10,Grassland
Gun sure,81.372453,-126.702912,93089,2017-09-29,Tundra
First decision,70.161246,143.708703,17282,2021-04-11,Wetland
Society dog,-10.048322,39.84994,57854,2017-12-08,Grassland
Voice condition,-9.120318,130.634388,16292,2018-03-29,Wetland
Imagine ok,-24.984157,-103.981825,24029,2024-10-20,Wetland
Size summer,-71.641545,118.123814,76906,2023-09-12,Desert
Radio thank,-87.188136,-141.486898,80014,2016-12-10,Grassland
Event turn,-82.316129,127.198186,20377,2022-09-23,Forest
Concern trip,14.161486,-39.575743,7052,2017-08-18,Tundra
Model election,-28.614243,-63.873124,11084,2017-03-16,Freshwater
Door young,-42.464543,133.489256,57392,2023-12-28,Grassland
Firm benefit,89.448172,0.344733,52010,2022-07-14,Marine
Easy item,64.371375,-162.431598,94388,2021-02-28,Forest
Really majority,-77.967504,174.300253,1703,2017-12-14,Freshwater
Remember despite,-12.61591,-9.620364,52010,2025-01-31,Tundra
Much some,-66.159447,109.736066,43396,2019-04-04,Grassland
Increase accept,-76.336812,175.919144,1162,2022-01-17,Urban
To school,20.465448,105.745935,30646,2018-08-30,Tundra
Different its,88.029109,-51.189857,4094,2016-10-17,Freshwater
Story political,27.263944,23.231174,80174,2018-05-22,Marine
Amount around,25.316013,-169.310603,81250,2019-11-03,Grassland
Thank do,-81.66069,127.700926,8570,2018-05-24,Grassland
More of,46.362989,67.832666,3771,2018-11-21,Marine
Stuff light,-28.521407,-153.758332,87446,2018-03-14,Tundra
Local avoid,8.792203,158.391955,85511,2023-05-14,Marine
His long,77.829185,-31.980616,16937,2021-11-23,Freshwater
Record seek,-69.510652,65.844759,29459,2020-01-16,Urban
Sign every,-84.558182,-78.453704,81120,2023-09-18,Marine
Development individual,58.902378,18.998036,19942,2020-11-08,Grassland
Industry choice,85.147415,107.647667,70303,2021-02-16,Grassland
Source change,-19.461261,-40.578081,79820,2026-06-01,Urban
Seven capital,81.940523,31.940258,73594,2024-12-15,Freshwater
Cold play,-4.034504,175.784464,40636,2026-03-06,Wetland
Fill guess,75.234456,148.33093,12856,2018-10-13,Forest
Establish role,-44.379771,-140.947595,74217,2025-01-02,Desert
Always surface,88.830819,80.743421,44736,2016-12-04,Tundra
Either political,-35.029529,32.302413,94277,2018-01-26,Freshwater
Talk culture,36.895121,-66.686985,92827,2020-11-14,Tundra
Heart control,-45.681604,168.883646,67171,2020-09-21,Freshwater
Me key,69.839925,-173.107852,47608,2025-08-11,Wetland
From bank,45.85898,120.454106,83553,2025-06-07,Forest
Develop end,68.87977,-93.835462,96552,2022-02-06,Desert
Every heart,40.960814,-41.140729,38966,2021-08-02,Tundra
Put wide,44.798894,-9.752102,48157,2023-06-19,Tundra
Six under,56.375183,59.837191,31187,2024-12-25,Wetland
Whom available,-69.008421,171.681778,42704,2026-02-17,Freshwater
Message thought,-75.545564,-20.372216,20038,2018-01-21,Grassland
Everything then,9.717657,148.66779,52155,2020-12-11,Wetland
Assume general,54.965414,-62.527062,42221,2025-03-12,Freshwater
Society face,-89.470597,168.026219,44152,2021-10-14,Tundra
Possible possible,6.245059,12.129975,17987,2022-06-08,Desert
Close research,33.302305,47.421547,32442,2016-10-25,Wetland
Development certainly,-7.190087,81.666259,64206,2026-01-06,Marine
Industry create,79.623981,173.456995,33508,2018-02-26,Forest
Pick eight,-44.808704,160.011907,34298,2019-04-12,Freshwater
Add back,63.755749,24.395797,76197,2025-10-06,Desert
Measure management,-47.779565,104.104995,2601,2023-05-22,Desert
Half left,-23.308531,173.747723,84280,2018-12-11,Forest
Road level,23.378509,-92.445787,46172,2017-07-17,Desert
Could chair,-33.224078,61.980943,68543,2022-08-12,Forest
I employee,9.686342,-6.010169,60835,2021-06-30,Marine
Run TV,76.426282,-92.635907,1103,2023-08-28,Wetland
Soon natural,-55.153688,90.244247,17515,2025-12-04,Tundra
Conference rich,30.102616,-111.309582,91862,2022-10-22,Forest
Write run,79.909917,99.706526,34820,2025-02-15,Marine
Same note,-85.633018,53.097266,7647,2024-10-28,Tundra
Various difference,38.066471,30.496465,52823,2021-11-19,Tundra
Carry fast,-89.736021,-125.334902,92668,2021-05-21,Marine
Already really,17.081314,-43.922587,15206,2020-04-21,Grassland
Political design,-29.362304,49.607801,9195,2024-12-17,Grassland
Happy scientist,13.666159,67.38826,37001,2025-02-06,Wetland
Main building,-57.483581,-156.939475,7538,2025-11-05,Marine
Morning state,-12.946815,-87.644302,96336,2021-12-06,Tundra
Crime throw,85.48776,-88.140927,87293,2026-06-25,Freshwater
World already,55.875955,102.03306,23822,2025-02-15,Desert
Open few,85.301289,-110.552224,71691,2021-03-09,Urban
Modern next,-49.84126,160.037152,41981,2023-01-19,Freshwater
Body me,30.389641,-16.109393,18278,2017-06-18,Wetland
Build everybody,-76.309032,160.385388,6451,2026-06-19,Forest
Rest movement,74.528027,-144.617325,20081,2024-09-18,Wetland
War consider,82.667524,119.404668,9430,2022-03-13,Freshwater
Ask over,84.655249,20.092248,9823,2026-04-19,Grassland
Standard it,6.377602,-52.510004,35107,2024-08-30,Tundra
Present live,-26.198261,-135.245877,10014,2017-09-09,Urban
Certainly without,38.098504,-11.046261,33276,2024-05-06,Urban
Challenge offer,-47.017517,-114.749803,8725,2020-01-06,Forest
Finish message,-3.93143,-107.635804,79738,2017-06-26,Tundra
Night before,-38.613788,6.769641,50007,2026-01-08,Grassland
Over above,-27.9533,-85.585747,97548,2023-04-07,Wetland
Guess business,-74.089745,-47.211103,91782,2024-01-30,Forest
Difference become,-61.220525,-136.90216,27054,2025-09-03,Forest
Red this,80.593664,-153.869943,40809,2024-02-08,Desert
Long box,-13.824259,153.66856,88416,2025-05-22,Desert
About fight,-0.397181,78.943383,87054,2019-08-29,Marine
Believe seek,-66.583893,107.226525,43709,2018-12-24,Urban
Establish key,75.528568,-79.599924,2261,2021-05-24,Desert
Necessary senior,-85.455959,-171.988925,17538,2020-09-05,Forest
Science scene,73.3739,69.270036,20877,2019-11-23,Desert
Employee over,-55.289301,-58.193095,15193,2022-05-31,Wetland
Finish commercial,15.690631,120.466666,78841,2023-07-11,Marine
Indeed could,-46.115677,-131.250336,53713,2024-04-29,Freshwater
Result movie,-20.098166,102.522153,18604,2025-10-24,Tundra
Seem sell,-67.871328,-43.031473,7506,2022-11-17,Freshwater
Beat religious,6.824168,-65.893149,34527,2023-01-10,Desert
Add tax,-26.976142,91.757541,15582,2019-08-28,Urban
Arm benefit,35.699005,41.889867,45706,2019-03-30,Wetland
Modern change,13.257349,38.289541,69569,2019-10-01,Urban
Bad cost,-7.691224,42.09296,58867,2017-02-26,Forest
Technology fight,-46.417998,122.936013,53114,2026-05-10,Wetland
Respond nor,-49.544099,3.385054,45483,2022-03-01,Desert
Amount computer,34.908349,-32.754172,41319,2024-08-21,Desert
Under wonder,82.590839,-91.479099,43637,2018-09-22,Urban
Young tell,-15.554023,125.764715,68499,2025-03-14,Desert
Life with,14.317964,33.754957,48299,2018-08-30,Tundra
Movement police,78.643366,151.346072,60758,2024-07-24,Wetland
Body build,-49.102134,-8.785793,96224,2020-05-01,Urban
Buy star,-29.573135,21.405664,5818,2025-10-21,Desert
Into very,38.889672,164.90715,66406,2017-05-21,Wetland
Before recent,28.518566,-62.567295,9737,2020-09-12,Grassland
Difference hear,-62.75561,67.165477,75952,2025-07-08,Marine
Station knowledge,76.694166,-119.691889,44843,2025-05-21,Freshwater
Quite degree,-39.347711,67.108726,85869,2016-10-16,Urban
Strong show,-87.801703,175.493632,63294,2017-06-19,Tundra
Challenge record,-85.395416,46.380356,19170,2020-02-04,Forest
Another training,-52.865246,3.6025,93079,2018-10-23,Urban
Something consumer,50.590822,161.443107,93049,2017-08-28,Freshwater
Financial church,33.820112,-134.96052,10253,2024-08-23,Desert
Control answer,-14.547238,30.391661,93249,2017-08-14,Desert
Ready push,13.625003,168.026052,68634,2023-10-16,Wetland
Idea occur,26.429079,145.234903,52566,2020-09-21,Grassland
Thousand low,-18.391069,40.656258,24400,2025-03-23,Desert
Become glass,11.725077,149.499182,2250,2023-03-13,Forest
Friend center,29.313638,-120.739422,85357,2026-04-11,Forest
Affect middle,23.953113,-126.525433,98854,2022-01-22,Freshwater
Treat often,42.627546,-90.35216,57897,2026-03-22,Urban
Hotel technology,71.721427,162.630777,19767,2024-06-27,Urban
Within mention,22.87581,40.810871,30846,2024-02-13,Marine
Education street,-47.970938,-64.692762,52284,2024-03-08,Grassland
Role box,23.189153,-1.643563,60228,2019-12-01,Marine
Establish resource,24.622313,2.148113,92090,2019-01-29,Desert
Type we,72.346822,54.691869,68739,2025-04-06,Tundra
Price type,-1.485779,69.147479,36132,2018-01-14,Wetland
Music style,-85.73087,-25.328179,72859,2022-04-18,Urban
Player land,26.268122,149.536639,65191,2019-06-13,Marine
Somebody already,84.352641,-145.320029,99593,2021-11-25,Freshwater
Trade pay,9.622236,-125.594889,77142,2017-01-05,Urban
Our also,-6.536927,-57.303867,42584,2024-05-24,Grassland
Anyone despite,14.578317,40.931646,50161,2019-03-12,Marine
Bill environment,12.922534,97.817992,33309,2025-03-05,Tundra
Drive state,65.09919,56.290034,79442,2023-09-12,Wetland
Often environment,-74.147228,44.647108,22719,2025-07-25,Wetland
Church too,-75.253789,-110.603094,37206,2016-11-26,Freshwater
Light practice,-41.555113,-20.473969,98943,2020-01-07,Urban
Clearly month,16.98791,81.235471,11126,2023-07-27,Desert
Indicate center,36.366334,-122.195809,22146,2023-02-19,Forest
You up,57.351594,-106.254973,748,2016-11-04,Forest
Talk authority,-6.341577,-107.220739,8762,2018-02-15,Marine
Teacher option,3.047003,-144.390368,88395,2026-04-05,Wetland
Whom mother,34.688182,-111.580423,26784,2024-03-03,Tundra
Trouble federal,-82.364256,96.146556,60574,2020-01-03,Grassland
High home,72.721777,-76.662487,1406,2024-07-15,Freshwater
Foreign beyond,-78.679944,-0.492942,40230,2021-08-17,Wetland
Outside among,33.659838,114.084869,98106,2025-12-29,Grassland
Region apply,-47.579801,90.664596,38582,2021-09-19,Tundra
Certainly difference,-89.454467,76.728231,50634,2023-07-23,Forest
Source loss,21.176338,-46.952209,55854,2024-10-09,Desert
Maintain such,7.096445,-130.039913,83579,2024-12-14,Tundra
Mind loss,-56.635094,91.62959,62241,2025-11-21,Tundra
Culture commercial,-32.295175,-125.398001,30269,2024-08-02,Urban
There they,4.286238,-7.923377,73653,2020-06-11,Forest
Visit health,-82.464473,136.762457,76459,2017-09-18,Tundra
Full can,6.259619,-110.9864,99384,2023-10-30,Freshwater
Someone history,-11.604597,-80.288453,23476,2016-11-28,Forest
Former rate,57.229708,-26.586893,50315,2026-04-30,Forest
Consider run,41.526234,4.316783,18733,2019-01-22,Desert
Pay agree,-32.01308,99.546564,4630,2020-08-08,Desert
Night range,-89.17304,-145.456782,22400,2025-11-19,Wetland
Study whether,41.470669,171.180505,5762,2025-06-03,Urban
Born forward,20.40731,108.043062,50965,2024-01-28,Forest
Pm help,-15.558544,147.74675,47399,2026-03-23,Tundra
Police wait,66.941671,-110.361837,38456,2019-06-04,Wetland
Decade more,-52.644279,-99.213438,86026,2026-02-19,Urban
His may,-15.037213,-102.703274,12785,2025-12-27,Freshwater
Wear morning,-57.869548,86.599995,79725,2019-10-24,Freshwater
Mind almost,-88.819948,67.333501,4677,2021-12-23,Freshwater
Field green,85.132337,135.762162,74403,2020-12-20,Freshwater
Late get,9.059688,-89.519566,59928,2023-09-20,Wetland
Million else,-83.683722,171.84069,38566,2018-07-28,Grassland
Their commercial,-45.081505,-139.664268,47210,2021-01-02,Freshwater
Since provide,18.034179,-112.137404,517,2026-06-11,Wetland
Some hundred,6.418268,33.719288,61874,2023-08-29,Grassland
Science picture,10.699689,39.761283,44280,2024-09-29,Forest
Doctor guy,26.997625,121.071996,54384,2025-08-25,Desert
Program tend,11.832332,142.848125,45533,2025-02-15,Grassland
Order money,-14.711162,-39.291439,35431,2024-01-06,Urban
Player really,74.671021,168.585101,36740,2022-12-04,Marine
Everything it,76.954435,-27.410282,97024,2016-10-06,Urban
Away skin,-88.472477,82.545751,69389,2025-06-28,Urban
Season entire,11.041092,22.843383,58919,2019-04-18,Urban
Exist us,45.553774,-107.839953,97095,2025-04-27,Urban
Unit music,44.457057,82.001567,14863,2023-05-20,Freshwater
Same pick,-6.217524,64.486399,11052,2020-10-02,Urban
Hair oil,83.536531,47.795935,18232,2018-05-12,Freshwater
Better place,-70.114154,122.140286,49799,2018-08-01,Urban
So civil,-84.030101,141.650523,39687,2020-04-29,Grassland
My area,76.20877,171.568876,47958,2023-09-19,Wetland
Some heart,28.949914,-69.53915,27567,2018-10-24,Tundra
Near cultural,51.541191,-22.976159,5042,2022-07-10,Wetland
Up whether,51.703869,98.440029,86216,2022-07-15,Tundra
Sort rule,58.129222,101.277978,49662,2023-10-06,Urban
Resource myself,-59.603387,24.761091,8869,2021-12-08,Freshwater
They have,-76.128119,-110.969851,73983,2021-12-22,Freshwater
Tough hundred,-11.180697,19.675874,97266,2016-10-30,Freshwater
Safe personal,-78.618754,-173.456636,99816,2022-08-27,Marine
Nice maintain,-86.479944,83.08715,76514,2024-03-12,Forest
Detail husband,41.692082,168.804544,86928,2022-01-30,Desert
And reason,39.869063,-23.526603,50071,2024-01-11,Forest
Power enough,-22.950594,143.589558,94225,2024-12-07,Freshwater
Success station,20.722373,-150.971597,72550,2019-04-18,Grassland
Professor vote,-11.257889,28.502822,50926,2026-06-01,Wetland
Citizen field,-69.522766,-130.875949,89428,2019-05-15,Freshwater
Investment class,-23.801372,-89.369197,87362,2021-09-10,Forest
Hair glass,26.038347,-53.954536,79106,2023-06-25,Marine
Water land,-77.848761,166.711686,40706,2020-12-18,Desert
Team possible,63.973309,168.664641,67943,2020-12-24,Urban
Place until,-49.356835,4.8828,47891,2018-10-26,Forest
Hope TV,0.258135,30.463092,88213,2024-06-28,Forest
Provide expect,-55.614785,-69.565499,21957,2020-04-14,Freshwater
Happen shoulder,-33.384514,39.693673,1594,2018-07-25,Marine
Per treat,19.854094,136.312221,73737,2026-05-30,Desert
Leave kind,1.231673,-145.247695,28056,2021-04-27,Urban
Relate manager,17.043385,130.211815,87854,2018-03-25,Grassland
Simple quality,-3.44465,2.067799,46797,2020-03-15,Wetland
Determine resource,-46.867793,-124.96685,70171,2022-07-18,Wetland
Fall eat,28.725091,137.42296,92845,2025-06-10,Tundra
Run amount,40.482961,8.035782,38691,2018-01-21,Desert
According room,74.483529,115.35907,85306,2021-03-27,Forest
Should tend,-5.008807,12.760274,77448,2017-11-05,Forest
About against,-51.838119,-72.100094,75461,2024-09-29,Tundra
Pay space,-4.301175,172.245559,32274,2023-10-09,Forest
Institution option,-54.275565,-2.196791,71865,2017-12-25,Freshwater
System American,76.218372,3.888215,19889,2017-01-28,Tundra
Discuss guess,39.984435,-105.636994,15110,2024-03-25,Desert
Top water,-81.81551,137.405873,57203,2019-12-17,Urban
Door per,-70.554364,122.63825,7651,2016-10-23,Tundra
Trial out,60.688516,-152.738445,44254,2018-08-29,Urban
Half resource,-10.602518,-31.264325,88242,2026-02-16,Wetland
Become when,56.760268,44.688381,24527,2025-04-14,Grassland
Interview structure,-89.202088,-63.379874,93737,2017-04-11,Forest
Fire fast,83.076124,-134.699736,78635,2026-01-12,Grassland
During alone,-9.151925,-151.596916,79809,2018-08-30,Urban
Step until,-9.552147,10.133359,86389,2022-03-16,Marine
Yard attack,45.377782,51.059647,13766,2017-04-19,Desert
Citizen let,-82.769508,-106.455968,43744,2022-06-28,Marine
Decade professor,-3.029946,172.053299,14738,2019-07-13,Urban
Detail sea,59.092022,40.811699,3550,2023-06-22,Forest
Somebody shoulder,10.126584,76.666,18607,2022-05-05,Marine
Several program,14.933234,-154.849188,90630,2020-08-01,Forest
Voice participant,21.000144,45.750268,66828,2017-07-10,Wetland
Same six,29.430829,-83.40797,56550,2017-10-23,Forest
Police public,-7.574939,-82.04696,15698,2018-09-04,Forest
Front how,-33.847211,-160.747838,83689,2021-07-11,Urban
Enjoy country,46.763848,-135.269022,25878,2016-11-07,Forest
Out artist,-76.834776,46.310363,53649,2025-08-11,Wetland
Activity event,-50.416646,-135.869903,71248,2021-11-08,Grassland
News popular,15.048957,39.202693,18739,2018-11-29,Grassland
People leg,58.318525,-86.433131,49737,2022-05-10,Desert
Arrive language,-89.109395,-150.463751,71271,2017-09-30,Desert
Word by,-17.992751,-65.771584,31068,2016-11-10,Urban
Guess discussion,-54.94113,63.067555,50497,2023-09-26,Marine
Sister station,-46.367715,47.569393,14833,2021-02-17,Desert
Listen fall,27.42027,51.952882,39501,2020-03-27,Wetland
Goal effect,36.268296,-61.133661,43738,2025-05-25,Grassland
Traditional former,-78.351063,52.23574,11637,2021-03-30,Desert
And home,-13.058449,151.182052,67706,2021-01-05,Urban
Discussion develop,22.494213,-98.249158,61300,2017-06-20,Desert
Charge large,27.67111,-54.262747,52813,2022-04-10,Urban
Top always,-6.903948,50.268436,59275,2023-07-10,Grassland
Order thus,32.349269,58.462275,63782,2019-05-04,Urban
Key could,-83.29982,170.611283,92431,2023-01-13,Marine
Bag accept,9.726598,-92.682449,96054,2017-06-16,Desert
Again school,78.239433,116.663073,74632,2024-09-18,Freshwater
Actually water,83.11401,-10.326383,99814,2021-07-18,Urban
Cultural trouble,-75.219997,154.78723,12979,2022-01-13,Desert
Thus ever,3.649472,-2.063839,16029,2020-08-30,Urban
That note,44.156365,22.155817,93490,2026-03-09,Wetland
Edge right,72.418103,-40.555945,6579,2021-07-14,Tundra
Arrive address,-89.296432,-150.177815,23145,2019-04-14,Wetland
Though yard,19.461031,172.933835,95886,2025-04-14,Grassland
Night get,-48.809371,-30.049865,80092,2020-05-26,Tundra
Reveal space,-63.551164,-22.985946,61656,2017-07-31,Wetland
Hair simply,52.574234,-86.406887,91311,2019-08-20,Freshwater
Future car,-68.572379,-164.470737,81515,2026-01-01,Urban
Catch radio,-39.238157,122.29548,95977,2023-04-24,Desert
Window or,-22.07159,-20.158616,15351,2026-05-25,Marine
Simple a,-37.364443,-6.952621,68025,2021-08-13,Grassland
Food hard,70.088628,-83.013043,98229,2023-07-02,Marine
Nearly traditional,1.352385,30.26967,1171,2019-11-05,Tundra
Offer seven,-7.791444,145.161928,44830,2019-07-03,Urban
Explain unit,26.393101,102.801429,65692,2022-06-19,Forest
Much work,-49.975051,29.27362,46170,2018-03-22,Grassland
Buy create,62.205121,-116.5891,6733,2021-02-07,Tundra
Senior suggest,-69.822931,86.121272,65157,2026-02-02,Tundra
Know national,-19.70719,134.337175,11489,2022-10-27,Freshwater
Role forward,75.888064,-115.75542,61868,2019-08-22,Desert
Decision special,18.671276,-124.432314,28249,2024-07-11,Wetland
Technology technology,-79.403369,-11.544903,31735,2026-01-08,Wetland
Recent truth,-33.825612,36.271465,37972,2024-10-14,Urban
Fish age,-31.297051,-121.036394,45630,2021-09-01,Freshwater
Reality short,66.059809,-99.163845,50338,2023-12-28,Desert
Research develop,49.737117,-27.854399,52875,2020-07-28,Desert
Effect seek,-17.228659,-22.921288,27605,2019-03-30,Urban
Most detail,-16.441127,-34.516445,99749,2022-05-06,Wetland
Difference face,7.633559,-110.941983,39394,2025-10-17,Urban
And still,-42.662628,90.314193,19438,2019-12-11,Urban
Stage small,-2.780148,11.976841,39987,2017-05-11,Wetland
Skin question,-73.555392,-9.059223,83718,2023-09-15,Tundra
Road old,27.256035,21.331829,33514,2022-06-01,Tundra
Age even,-80.29365,4.487261,89010,2018-04-23,Tundra
Federal radio,75.228762,149.457028,71519,2023-06-04,Desert
He third,-46.787981,169.192051,98630,2024-08-07,Grassland
Visit option,-17.785005,72.483708,60114,2026-02-09,Freshwater
Factor population,-78.180331,-146.841025,10725,2017-09-18,Forest
Never oil,30.238284,-41.665806,74948,2021-03-23,Tundra
From week,74.512685,146.48836,16072,2021-12-03,Desert
People religious,57.868581,175.791873,76359,2019-03-24,Desert
Raise pressure,-26.197797,-42.360466,35175,2018-05-15,Tundra
Interesting seek,66.740036,143.51369,98690,2018-10-06,Urban
Citizen certainly,62.349345,-116.648311,61350,2026-01-26,Tundra
Six himself,-51.030814,-175.41621,6995,2017-06-21,Urban
Rich than,76.520042,-61.334669,72573,2026-05-06,Urban
Perhaps break,-55.316766,-86.743871,28263,2017-01-29,Marine
Marriage build,-3.879498,162.785058,91907,2017-07-13,Marine
War remember,87.858408,53.165581,73412,2020-10-17,Urban
Grow window,-58.250544,-147.346888,37457,2023-10-04,Wetland
Myself seek,-11.31604,110.952519,6091,2025-09-09,Urban
Family child,39.068216,82.889375,35422,2023-02-03,Grassland
See bit,-42.020651,-178.293812,78694,2025-12-29,Tundra
Probably its,-55.296897,151.673194,61742,2024-07-08,Marine
Your or,-66.512928,-143.070815,56229,2020-04-26,Wetland
Listen read,-38.763263,68.87332,70448,2025-10-15,Freshwater
Amount home,-63.55397,-14.4113,90331,2025-11-27,Tundra
Week outside,34.725871,87.110738,47202,2026-04-24,Urban
Street court,64.441299,11.59128,17408,2019-04-08,Wetland
How manage,22.546428,-45.025407,48328,2025-10-23,Tundra
Action every,64.603728,53.028822,98590,2021-11-08,Desert
Wait three,-84.027469,102.074337,68376,2024-12-22,Marine
Establish resource,43.998127,-148.876324,58666,2023-12-13,Wetland
Early Mr,-50.533141,106.289441,59905,2020-07-19,Wetland
Born continue,-88.093911,-112.542888,36969,2024-09-11,Marine
Yourself factor,-7.123222,55.871666,31616,2018-09-25,Freshwater
Standard modern,-11.867326,9.471321,93647,2018-11-08,Desert
Character number,62.801441,116.129045,1053,2019-05-20,Desert
Professional meet,42.259892,-176.664882,33184,2023-01-20,Forest
Movie with,0.450107,9.184933,56363,2022-01-10,Marine
Form key,-46.352814,87.194622,15475,2021-01-31,Marine
Television training,29.128033,106.393064,21363,2017-06-04,Tundra
Movement indicate,49.372566,-61.707881,77941,2018-06-19,Grassland
Pull because,85.713391,152.119527,82917,2022-09-17,Forest
Small green,42.335837,97.829497,87297,2023-06-22,Urban
Five whether,-24.296973,-126.505074,55962,2020-06-25,Freshwater
Discover process,-21.529047,-131.791701,88853,2026-02-02,Desert
Loss clear,-11.070774,-17.772583,53161,2024-09-03,Marine
Audience way,-21.888314,-38.464261,66668,2025-05-19,Wetland
Hot increase,-12.019532,-136.693122,61641,2020-09-13,Tundra
Positive throughout,-4.489105,100.156045,46860,2020-08-18,Urban
Conference over,-73.163313,28.795108,93678,2021-02-19,Wetland
Particular realize,32.666285,-2.748932,73078,2022-02-25,Wetland
School firm,-11.479839,95.841406,17273,2025-03-02,Urban
Respond better,41.342314,-71.57347,6424,2022-11-21,Marine
Represent if,25.305679,-64.114642,62844,2026-07-18,Tundra
Visit media,37.565538,-109.120861,30058,2026-01-07,Marine
These program,87.702078,-91.917159,29342,2023-05-28,Freshwater
Pattern debate,-68.157344,-28.173001,57240,2018-04-17,Wetland
Fear at,21.657816,-43.387516,41694,2024-04-17,Tundra
Leg what,52.014468,-53.440786,73129,2017-07-08,Grassland
Forward house,-87.508097,-34.861374,7675,2020-10-17,Wetland
Worker color,-39.709542,-98.237296,68679,2020-05-30,Freshwater
Man raise,-64.612912,-105.319287,1044,2021-06-18,Tundra
Bank writer,25.926237,-3.205187,54696,2017-01-19,Forest
Nearly each,-85.558285,-155.508051,61886,2020-08-31,Grassland
Sound north,-47.721024,148.889609,7052,2020-06-12,Wetland
Claim heart,-75.797022,171.851953,30173,2018-05-15,Grassland
These student,-42.831205,19.035902,59541,2024-05-20,Forest
General visit,68.784402,-36.422576,38572,2024-12-28,Marine
Hear development,12.119384,141.729621,3850,2020-11-20,Tundra
Soon fight,34.280686,-75.581125,76095,2023-11-05,Tundra
Explain road,0.602417,46.671684,68926,2024-09-29,Desert
Prevent black,21.653223,160.463863,58618,2025-03-24,Forest
Ahead technology,18.638515,2.91639,69345,2017-01-25,Marine
Born second,58.196039,26.356463,37119,2024-11-11,Freshwater
Interesting foot,-63.222558,-113.756426,42061,2026-02-04,Grassland
Official apply,-79.855734,172.717049,67940,2023-06-25,Tundra
Group amount,-72.194388,-36.470996,4605,2023-11-09,Urban
Home under,-27.996541,-149.711595,47376,2025-02-21,Tundra
Bed control,60.276068,-18.208096,97685,2016-08-04,Freshwater
Conference now,89.796331,-149.663245,85653,2022-05-20,Tundra
Professional responsibility,83.478597,121.557667,75145,2026-03-23,Freshwater
Very religious,-53.968564,132.42509,13434,2026-01-30,Wetland
Politics total,-37.421147,-112.992776,13418,2020-08-03,Wetland
Subject example,30.556073,177.724279,84013,2020-08-02,Urban
That several,-57.780874,-70.594023,28148,2016-09-16,Urban
Western suddenly,-89.320612,-94.156641,99541,2018-02-15,Tundra
Dog probably,-22.677149,40.975618,35329,2023-05-17,Grassland
Eye side,70.41556,159.549863,10459,2017-12-26,Marine
Back environment,-71.319602,155.599412,9007,2022-01-23,Desert
Nature resource,-58.823027,-100.611172,76980,2021-03-22,Wetland
Language there,31.514121,-85.329842,53985,2022-07-27,Freshwater
Area if,25.861265,45.038761,11,2025-07-20,Freshwater
Poor two,35.541786,-75.815988,62727,2026-04-29,Forest
Often carry,-11.844931,20.453856,96953,2022-10-19,Wetland
Side wonder,-87.240531,82.200881,83091,2019-06-20,Wetland
Cultural lay,-64.703325,97.511296,79598,2023-06-04,Marine
Current hot,-85.228621,-74.331151,54175,2018-05-30,Freshwater
Room person,-51.676002,14.610097,1257,2019-04-12,Urban
Offer interest,-76.050162,81.480655,51775,2021-05-22,Wetland
Up actually,23.983916,-65.465046,97414,2026-03-07,Wetland
Certain upon,-49.62313,143.565411,83486,2023-05-28,Marine
We interview,-84.053463,-177.818551,39200,2019-05-01,Forest
Food local,-26.990663,64.623426,13066,2019-04-12,Forest
Pay feel,-38.751997,177.925901,25541,2023-03-08,Desert
Model throughout,-84.614987,-42.258427,86791,2016-11-05,Desert
Mrs pattern,26.060272,-2.803234,65165,2020-04-11,Freshwater
Cold no,0.544494,-138.678438,18390,2017-05-08,Wetland
Music chair,-87.142693,-126.152674,614,2020-01-04,Freshwater
Anyone instead,65.510522,87.622301,32354,2025-01-01,Desert
Break attorney,-17.444222,-8.021869,59124,2023-03-14,Urban
Dinner magazine,32.938081,72.593119,49189,2019-04-18,Freshwater
Law who,-42.639323,140.093472,24358,2022-05-28,Freshwater
Sort finish,-34.239619,31.491312,90429,2018-01-07,Marine
Fund officer,-89.588831,62.196329,75399,2018-12-29,Wetland
Trade power,-71.970459,48.446509,72759,2020-07-08,Urban
Though position,-72.849045,63.980937,93787,2023-07-17,Marine
Even research,-24.03865,145.601694,38489,2017-11-08,Wetland
Mind around,54.294535,131.071407,31318,2022-08-01,Urban
Out whose,-20.989904,-123.312591,37366,2018-03-23,Forest
They try,40.463079,-173.120661,86831,2018-09-06,Tundra
How behind,-3.851203,86.271191,22961,2016-10-04,Desert
Actually chance,78.227758,132.640502,16992,2020-09-06,Tundra
Air thousand,-67.239761,58.238419,6445,2024-04-20,Desert
Coach shake,-89.063359,22.816044,60414,2021-02-13,Desert
Player consumer,44.612286,-178.978721,12779,2021-12-03,Desert
Article simple,2.62906,-50.444163,10360,2025-06-12,Wetland
Before Democrat,18.405939,12.260588,52788,2016-10-28,Marine
Support investment,61.934493,141.569814,73351,2021-04-30,Marine
Music color,34.367517,145.404121,23804,2021-07-14,Grassland
Serious but,50.976341,-151.722762,5560,2025-02-27,Tundra
Major garden,-67.303384,-142.108863,502,2024-07-28,Marine
By ability,-13.01675,-39.909762,68013,2026-05-11,Freshwater
Cold add,-9.023008,-10.37928,13041,2023-07-04,Forest
Loss situation,33.915595,-117.852491,39631,2021-03-09,Desert
Must defense,-42.025736,-135.641772,78336,2023-08-23,Desert
Interesting project,-54.325483,49.453434,50951,2018-02-09,Freshwater
Grow protect,-62.389322,-81.037232,93127,2020-07-13,Forest
Fear race,-17.057499,136.938001,65569,2023-12-07,Desert
Population medical,53.900894,-148.241186,34474,2022-05-16,Forest
That go,28.414428,-159.782209,5699,2023-05-10,Marine
Water sport,-13.592092,84.475371,18203,2017-03-09,Marine
Enter natural,-28.400803,-101.692379,70629,2026-05-07,Freshwater
Between when,-28.449189,-5.678766,32853,2020-11-27,Freshwater
Win environmental,1.485703,-55.659569,76894,2017-12-30,Desert
Rest quality,81.27134,-96.889168,67914,2025-02-25,Grassland
Cold third,-54.450286,-51.240975,5664,2022-05-20,Forest
Approach affect,-37.397753,-54.576116,43180,2025-02-14,Wetland
Performance soldier,-85.100946,46.741187,13379,2024-01-20,Marine
Still do,-55.127017,45.581367,17629,2018-04-12,Tundra
Be probably,49.780576,65.196413,45138,2019-01-22,Marine
View shake,85.529071,-30.991046,98469,2019-06-13,Freshwater
Probably up,-82.032105,-46.485795,15625,2024-05-27,Wetland
Whose magazine,24.108794,31.652119,31514,2025-12-26,Desert
Want she,-89.602319,22.774387,51819,2022-12-05,Grassland
Society daughter,-9.475393,-81.457079,59683,2021-09-14,Tundra
Most describe,-62.267567,-165.813088,90811,2024-08-01,Forest
Particular enough,32.059365,-86.599102,1239,2023-07-20,Desert
Fund will,-66.308303,-84.473183,60680,2022-03-05,Freshwater
Consumer mind,-20.558959,89.952893,80719,2022-09-13,Grassland
Decide push,81.379735,-150.547516,96868,2019-04-09,Desert
Thought audience,16.134684,103.807164,29221,2026-03-08,Freshwater
Be pattern,-32.64336,111.697349,56804,2025-10-13,Tundra
Democratic image,64.581855,72.038569,29363,2020-10-21,Tundra
Item sport,13.761133,0.386927,65524,2018-04-09,Grassland
Suggest smile,-65.200641,-158.271626,31041,2026-02-07,Forest
Until various,-15.411525,-80.595127,97632,2025-11-14,Freshwater
Throw customer,-1.650085,3.590693,37714,2022-01-23,Freshwater
Hospital interesting,-6.054099,-158.414827,88053,2019-02-26,Tundra
Memory less,-49.997599,77.896744,13129,2025-09-22,Urban
Call bit,80.786134,161.029108,55839,2019-02-13,Wetland
Nice to,-48.950245,27.02835,8733,2024-03-26,Marine
Early share,56.984478,84.240518,65866,2020-01-25,Urban
Down value,87.303716,-150.915623,70263,2022-12-05,Freshwater
Note east,38.228221,-85.426838,68310,2022-01-13,Urban
Catch fly,-4.763495,22.612709,19500,2025-09-29,Urban
Try kid,30.453464,38.688825,74670,2022-12-15,Grassland
Different answer,-55.321025,167.177188,61776,2026-01-21,Freshwater
Guess be,-25.215876,1.697813,26929,2019-08-01,Urban
Drop early,-4.485665,12.979268,58041,2024-01-28,Desert
Political close,42.968999,124.472677,60550,2022-12-19,Desert
Many style,60.839127,-68.431075,90214,2024-03-01,Desert
Traditional seat,28.846187,4.4561,79968,2017-10-13,Tundra
Congress against,36.767091,-1.629184,93251,2025-08-04,Tundra
Thousand concern,-8.786184,174.651629,35607,2022-04-14,Grassland
Poor several,54.349267,-131.995032,21803,2017-01-24,Freshwater
Tax still,-88.302136,94.864481,7271,2021-06-19,Grassland
Glass character,44.439351,-150.242174,82086,2024-07-09,Marine
Support worry,-70.961102,82.947108,44367,2017-09-22,Desert
Structure air,-12.721454,21.093843,84114,2019-01-05,Urban
Blue reduce,-74.260035,-77.062912,42331,2026-06-17,Grassland
Career indeed,36.10969,-146.794943,95727,2018-07-06,Forest
Professional ever,-7.901052,-9.400592,28319,2024-07-29,Grassland
Perhaps pick,-73.785911,-135.187455,60690,2020-08-14,Grassland
Trouble try,-69.657095,-20.085477,8310,2023-07-21,Freshwater
Everything cold,-53.62428,98.931092,25805,2019-12-14,Freshwater
Wait type,-7.512278,37.699614,81399,2024-06-10,Marine
Long financial,-86.000889,91.278783,22366,2021-03-29,Tundra
Memory compare,-80.079376,-118.715203,69770,2021-09-06,Wetland
Name few,25.708749,-146.305915,61817,2021-07-02,Tundra
Area nature,26.075319,-111.278233,7339,2022-11-07,Marine
Score car,-2.483362,34.23039,58863,2019-06-27,Desert
Enjoy office,19.954535,-149.198707,64403,2024-03-19,Freshwater
Energy social,-11.456839,54.794739,10702,2020-01-28,Desert
Listen use,-84.54897,-51.845836,1127,2022-03-05,Freshwater
General movement,23.845063,-147.237327,39904,2020-07-03,Forest
Dark case,-15.040362,16.421396,9925,2026-01-25,Marine
Clearly expect,12.392917,-58.491209,38780,2023-05-15,Urban
Nation herself,-8.36739,-18.170484,30529,2017-07-13,Grassland
Left century,-25.0695,-176.258482,83156,2017-02-24,Marine
Rock effort,65.226474,88.394965,36929,2016-10-23,Tundra
Analysis matter,-43.961457,-18.943489,50080,2022-02-15,Grassland
Buy law,8.705285,98.223717,23147,2023-06-10,Tundra
Against very,-64.042966,113.57154,92840,2024-08-27,Forest
East prevent,14.985056,-29.962948,35212,2025-07-31,Marine
Lawyer mention,-27.934588,77.402701,72180,2022-06-04,Marine
Network large,76.065567,41.784273,2384,2025-06-10,Wetland
Perform time,-36.871675,88.019001,78414,2023-02-28,Urban
Finally team,63.13891,-68.928609,80701,2025-07-28,Grassland
Model beat,58.177828,67.656997,69331,2022-02-11,Urban
Smile grow,-30.660968,16.493444,24548,2024-01-27,Tundra
Place stuff,67.376584,136.034809,36463,2020-07-06,Urban
Art treatment,16.587423,107.288281,20713,2024-08-18,Forest
Allow mouth,-42.927787,-119.890385,26051,2019-07-26,Freshwater
Often prepare,-19.029836,169.712125,90357,2018-05-26,Urban
Region story,30.200115,4.8664,1878,2024-05-12,Urban
Late adult,-23.788209,-40.886561,85874,2021-03-29,Marine
Stage hour,-15.487354,3.383431,23438,2024-03-14,Grassland
Trial event,61.869798,-149.313128,88793,2019-05-28,Freshwater
Home list,46.416494,63.352766,12166,2018-05-17,Marine
Choice main,62.259442,-16.600601,89252,2018-04-21,Tundra
Need read,2.807135,-0.053052,35548,2022-03-21,Desert
You list,-15.234827,109.401969,63102,2022-10-11,Freshwater
Available represent,-72.650382,93.822203,67095,2024-04-27,Freshwater
Should bad,76.811087,-73.252827,71032,2017-10-12,Grassland
Certainly raise,-28.814604,-24.879254,25985,2020-03-05,Wetland
Front ball,39.656439,-50.328871,95487,2023-09-15,Grassland
Out mention,-28.827739,-114.513929,42149,2023-03-07,Wetland
Theory environment,48.03063,-160.683035,51079,2022-10-29,Tundra
Also method,47.42661,-2.978624,15910,2016-11-09,Grassland
Loss physical,-21.797006,171.120091,77521,2022-12-21,Tundra
Service ever,-87.739757,-5.376491,33757,2019-05-18,Tundra
Open political,-74.78903,141.673714,86953,2024-04-07,Forest
Start education,43.686841,-172.343275,49965,2022-02-03,Freshwater
Authority life,9.775817,13.051442,90554,2019-01-23,Wetland
Where he,-9.87953,121.205166,43240,2024-05-01,Marine
Cell serve,23.154004,145.099241,67402,2019-05-13,Desert
Piece pull,49.110358,-79.576167,41945,2024-06-23,Grassland
Most special,57.401174,42.268905,49485,2026-07-06,Tundra
Become pattern,-23.397598,-69.98831,95344,2021-04-18,Desert
Chair about,-42.802628,-58.19586,30251,2025-04-25,Forest
Bit party,-9.262248,57.100708,68669,2023-09-02,Forest
Hundred past,86.397333,37.392149,90127,2018-04-14,Marine
After fast,10.231101,153.494081,97343,2018-08-18,Marine
My beyond,51.648499,-143.665744,66946,2024-10-13,Forest
Yes meet,44.50873,-168.375803,67678,2023-06-08,Tundra
Population high,-34.378323,121.392518,85340,2024-09-12,Wetland
Outside door,65.757629,119.40218,43029,2022-12-03,Marine
Very stand,-12.248131,-116.978927,77002,2020-07-22,Wetland
It that,-69.332565,172.659859,82257,2023-12-16,Desert
Floor could,15.876512,-10.233428,43990,2020-12-26,Grassland
Marriage capital,15.977974,-71.892952,93002,2016-12-02,Marine
Stock various,-83.430507,17.325301,15643,2022-06-03,Marine
Effect crime,-66.284569,-175.231875,76123,2016-11-19,Forest
Stuff religious,28.416349,57.859131,45185,2022-11-04,Desert
North Mr,-76.046133,-5.828714,96475,2023-04-14,Marine
Worry major,-78.431371,-103.802011,27959,2020-04-17,Urban
Idea control,-65.195692,47.376998,28213,2022-09-19,Wetland
Age product,-21.386569,-128.665913,49712,2019-12-23,Forest
Detail wish,-39.426996,82.133132,47376,2022-03-06,Tundra
Billion receive,5.193034,-24.503332,74032,2016-12-23,Forest
Condition simply,-31.345735,-163.352871,45450,2020-06-02,Wetland
Seek oil,-29.180622,-30.001469,48371,2025-03-19,Marine
Condition poor,72.473969,-41.025367,48945,2020-08-02,Grassland
Treat Mrs,-19.183357,-7.006363,10800,2018-03-08,Tundra
Pass guy,55.827385,84.560599,72749,2018-06-30,Marine
Spend as,59.211913,41.643063,47808,2024-10-31,Tundra
Cause after,-11.759814,137.430092,78760,2022-08-17,Forest
Always bill,85.323483,35.165383,83282,2021-03-30,Freshwater
Break religious,50.399857,179.35673,62828,2022-04-13,Marine
Scene think,80.352665,-155.188394,41713,2018-11-24,Urban
Point old,10.616404,66.871549,99501,2021-10-06,Tundra
Eye she,23.310803,147.308631,68769,2020-02-20,Grassland
Modern real,-65.852091,53.752007,91971,2021-02-14,Wetland
Carry author,25.362797,52.750207,86268,2024-08-13,Urban
Report worker,53.067542,-35.889331,75232,2021-05-16,Tundra
Player establish,40.146939,92.753752,503,2024-07-14,Grassland
Already Republican,-10.904881,150.697088,70837,2023-06-26,Freshwater
Affect drug,81.293409,-126.782308,15455,2024-11-20,Desert
Quality detail,29.078586,92.449728,77754,2017-10-30,Forest
Try head,76.993744,37.510339,45835,2016-11-07,Marine
Worry other,-3.034324,-105.513317,24125,2021-12-03,Tundra
Range process,74.800657,148.202569,84737,2025-03-01,Urban
Environmental available,-5.615846,-101.149588,64935,2016-10-28,Freshwater
Positive pay,86.920528,-149.562454,67644,2017-05-13,Marine
Opportunity child,-68.110899,31.151117,33745,2021-05-10,Urban
Find performance,-82.291842,-7.73809,94128,2023-07-10,Freshwater
Week program,45.12409,166.250373,33570,2022-11-03,Freshwater
All mission,1.79611,-30.52338,46276,2019-02-23,Urban
Production family,-72.466741,77.737577,42961,2020-09-28,Freshwater
Situation respond,-23.899052,152.50974,69259,2020-02-10,Grassland
Main financial,81.207985,9.308211,10502,2021-02-22,Desert
Organization clearly,38.228577,-153.501965,38042,2024-04-29,Urban
Even claim,-84.937759,58.703021,42349,2025-02-06,Freshwater
Itself herself,-11.410071,10.065551,66873,2017-11-17,Urban
Performance entire,-77.29738,-25.189691,20761,2025-10-03,Marine
Thought direction,-20.296828,-79.37673,26533,2016-08-19,Forest
Certain agree,-5.345896,40.89584,6637,2020-02-18,Forest
Lose image,-48.758468,142.901804,19960,2024-03-30,Wetland
Painting show,-36.36706,99.483287,46561,2024-10-27,Desert
Many both,1.578873,-12.742703,79411,2018-08-10,Forest
Lose prepare,-79.397621,116.231174,64493,2018-12-09,Freshwater
End laugh,24.947273,-51.749209,12222,2017-03-29,Urban
Black use,40.459111,175.583603,71959,2026-06-20,Marine
Issue science,-4.944027,10.974539,52328,2022-04-04,Grassland
Buy always,61.175976,-110.289014,72393,2024-09-06,Wetland
Recently eat,-70.522527,146.952368,65237,2018-02-19,Marine
Always future,-3.693407,-31.641639,18558,2017-09-09,Grassland
Understand social,-39.902498,1.806755,91317,2026-03-15,Desert
Tend against,-50.318362,-60.635077,35084,2020-04-18,Grassland
Make different,43.054328,-157.189038,33051,2020-06-04,Grassland
View whether,-1.074679,-87.141976,23447,2021-11-09,Freshwater
Finally be,-56.999839,-140.427478,87109,2021-03-07,Marine
Another discuss,1.358005,176.023866,52390,2018-12-14,Forest
Protect center,1.865925,-156.41524,44565,2025-03-09,Tundra
Far instead,40.599589,-140.491406,6819,2022-11-05,Grassland
Discussion as,29.53287,-79.819322,35022,2016-12-06,Forest
Sometimes finally,19.085518,114.478926,28788,2016-08-01,Grassland
Learn room,-71.052863,42.881305,18947,2024-11-19,Urban
Concern note,85.393463,27.723729,59465,2018-03-25,Grassland
About within,-88.883376,94.355181,78417,2021-07-20,Freshwater
May paper,-79.565465,126.817428,85546,2023-03-02,Freshwater
Usually as,-4.891254,-79.315661,99531,2023-02-19,Forest
Tv service,-79.913253,55.737828,72008,2017-01-15,Freshwater
View mission,44.634288,45.689625,32045,2019-02-15,Desert
Us include,61.417103,164.085149,67848,2022-01-08,Forest
Factor apply,-43.303552,-63.905741,60147,2021-06-04,Marine
Attorney do,-76.736041,-108.590369,10338,2017-03-30,Desert
Would Congress,26.635194,-22.236213,73591,2017-06-28,Urban
Early public,-45.072001,174.826167,59161,2020-09-08,Marine
Deep scientist,-21.361329,148.97678,96601,2022-07-14,Forest
Include have,62.779944,-166.796636,74154,2024-11-21,Marine
Them back,-30.064824,-32.385877,82793,2022-05-12,Desert
Drug food,-21.45498,109.536633,59307,2017-06-02,Forest
Generation political,-71.044136,96.537609,53827,2021-06-24,Freshwater
Wide mention,66.007157,147.273096,35235,2021-03-15,Desert
Moment north,-7.332558,104.464025,62189,2025-06-11,Grassland
North money,45.512887,-133.203607,51486,2021-12-29,Wetland
Human on,16.132486,-20.245011,93701,2019-01-18,Freshwater
South true,-17.703223,-146.566679,43312,2026-04-23,Freshwater
Main wife,79.829982,-127.469598,4424,2025-09-07,Marine
Member one,-42.603112,-77.177651,71436,2018-09-15,Urban
Whose laugh,8.460209,-136.903746,63306,2020-07-16,Grassland
Six if,-69.347993,-148.952555,77324,2022-06-03,Forest
Church one,-32.776522,-65.728555,46008,2020-12-15,Wetland
Vote represent,-34.7416,134.611995,3514,2016-07-23,Desert
Direction prepare,-74.659252,-108.711878,20161,2019-07-17,Forest
Arrive treatment,-57.309014,-158.244618,74454,2019-09-13,Wetland
Choice return,-87.593174,67.637579,59532,2024-06-23,Tundra
Election member,-44.205755,-131.539039,41912,2023-10-23,Freshwater
Hot relationship,65.65951,-169.349043,236,2023-07-23,Urban
Truth class,28.78735,-74.511831,58284,2020-02-27,Forest
Chair institution,49.450476,-45.026554,69435,2023-06-23,Marine
Religious agree,-79.170825,-145.836281,77403,2022-01-24,Urban
Science part,-60.486837,-145.652448,55748,2024-02-21,Desert
Friend doctor,78.697141,-62.644611,51004,2018-09-20,Grassland
Allow eye,47.95908,-24.31416,17264,2019-01-14,Wetland
Thank store,-55.956865,-10.143826,5548,2021-09-20,Marine
Significant yourself,64.066029,-175.661298,78175,2020-06-30,Grassland
Behind this,31.111322,-58.921616,9699,2021-11-26,Grassland
Interview well,-11.42464,19.062508,86127,2019-07-26,Marine
Try ready,-7.93173,-175.893735,53008,2017-02-23,Desert
Sit green,89.32037,123.520862,94805,2019-01-27,Urban
Include program,-19.381397,112.260288,43119,2022-06-16,Freshwater
Accept rock,44.536961,63.541419,45529,2024-09-18,Desert
Material suggest,21.584021,57.26732,96842,2023-02-03,Forest
Civil maintain,-57.024191,-89.143655,4418,2020-01-25,Marine
During man,2.377658,-97.972443,23042,2019-08-21,Desert
Space military,56.139992,-4.359103,73653,2016-10-31,Desert
Face history,82.705655,-6.749169,95429,2021-12-16,Wetland
Wide walk,70.14438,14.636669,61660,2023-01-02,Forest
Crime care,72.903048,73.043141,21707,2024-08-17,Grassland
Case Democrat,74.79326,-145.408381,9788,2021-11-13,Desert
Give entire,88.349831,20.082049,93054,2025-05-25,Marine
Test each,22.359984,-47.146975,12716,2022-11-28,Freshwater
Dream thank,8.54685,-78.597925,83472,2020-07-03,Forest
Professional growth,43.363306,-46.946224,87213,2019-09-10,Desert
System yard,-46.034054,-158.845969,51264,2026-01-23,Urban
Weight discussion,78.308528,9.642842,14673,2025-06-19,Freshwater
Pattern because,63.358547,-130.524419,32651,2026-05-12,Grassland
Direction decade,37.108964,144.283628,52431,2023-04-15,Tundra
Win perhaps,59.791637,-23.095726,37241,2025-12-06,Forest
Defense seat,15.029889,-162.302798,17141,2021-10-12,Tundra
Else I,-10.615535,-144.235485,22443,2019-01-10,Grassland
Choose hotel,81.390823,6.933702,2787,2017-11-10,Desert
Record so,49.658347,-41.620194,50793,2018-08-09,Freshwater
Forward plant,-54.086395,-74.9693,60706,2025-05-23,Tundra
Better information,33.978584,-50.252813,69576,2019-05-18,Forest
Recent service,-42.838073,-82.417806,76349,2021-03-07,Desert
Mrs marriage,-39.373569,177.318651,89244,2017-12-07,Desert
Top loss,-75.116968,64.898928,9246,2023-10-09,Desert
Shoulder morning,-0.423614,16.378573,95965,2018-10-03,Tundra
Success dark,85.472352,-18.351089,70399,2025-01-24,Freshwater
Read eat,-70.529782,-169.810169,49928,2025-03-21,Tundra
Cell assume,72.611372,-60.957061,32889,2020-03-08,Grassland
Ever billion,-35.246004,-7.229028,43503,2023-07-04,Marine
Reduce she,-46.959211,-178.56514,71596,2024-11-07,Wetland
Mouth individual,-2.379219,-164.994287,96508,2023-09-26,Urban
Bit prove,-16.140494,-43.947184,75457,2023-06-14,Tundra
Past maintain,-33.726398,-142.460111,48450,2024-04-12,Urban
Us reflect,67.689361,98.277804,14399,2020-09-22,Marine
Will their,-81.645756,-30.396633,65676,2019-02-13,Freshwater
Until treatment,82.040142,3.237851,35212,2022-11-24,Wetland
Stuff it,13.020543,120.666695,9391,2021-09-07,Forest
Cause poor,-54.500775,-91.00644,16650,2018-06-09,Wetland
Education well,8.882655,170.514363,85982,2016-11-24,Tundra
Lose fast,-77.497142,171.254781,50889,2019-11-26,Desert
During perhaps,-59.237842,138.815601,69140,2025-04-27,Marine
Fill reach,80.160718,-178.559666,10924,2024-01-22,Tundra
Seek purpose,66.713368,-122.595989,81557,2019-07-27,Wetland
Garden serious,33.824649,-21.722746,35318,2026-03-06,Freshwater
Through hair,79.453763,100.730827,12273,2021-03-06,Desert
There policy,-50.722223,-101.514902,90467,2017-01-04,Grassland
Test sea,38.633156,0.231926,47342,2018-12-21,Forest
Century partner,50.159898,-100.355945,89843,2018-08-25,Tundra
Why threat,-52.55547,-8.911015,6178,2023-04-01,Grassland
Present whole,32.388884,151.315616,2477,2020-01-31,Desert
Describe even,-61.594968,-78.080613,60163,2024-02-09,Marine
Fast population,17.60684,72.841226,17509,2018-09-11,Grassland
Someone everybody,84.378177,-101.868736,70543,2025-03-16,Urban
Represent TV,-65.339331,-167.403441,21425,2025-02-27,Forest
As develop,32.29729,47.774798,73654,2024-10-19,Forest
Score subject,4.726024,0.844757,53664,2017-10-16,Forest
Hot large,-78.6527,16.514135,71594,2020-07-29,Marine
Rise treat,-80.166591,75.742064,85654,2024-09-18,Tundra
Pay spring,-79.338115,-107.893439,14965,2019-12-05,Wetland
Lay reveal,69.170487,-119.824555,68059,2022-05-06,Desert
Deal fill,47.691009,48.792249,58716,2023-05-01,Urban
Social exist,77.755934,-127.280164,55889,2022-05-03,Freshwater
Amount window,23.251835,31.028538,46366,2025-11-26,Grassland
Understand last,21.082772,159.295367,21021,2020-09-13,Marine
Himself receive,-44.948454,20.317789,27294,2025-07-28,Grassland
Above push,-65.263593,-176.826132,95881,2018-12-06,Desert
Reality sit,62.688318,-58.721576,6211,2017-11-07,Freshwater
Very pay,-82.16186,-19.888861,56814,2020-09-16,Urban
Gun work,-6.176503,25.385563,25150,2017-08-12,Marine
Boy stop,62.363827,42.864313,35102,2022-06-13,Wetland
Site put,-87.97909,-71.587797,47679,2023-11-28,Wetland
Whole cost,86.026385,125.921558,71192,2025-08-22,Forest
Between son,16.525183,152.155606,28948,2020-08-18,Freshwater
Local husband,-4.056984,-162.530808,81106,2022-12-10,Tundra
Meet wide,-46.685514,-109.722988,27018,2019-05-07,Forest
Seven yes,61.316266,-104.220583,85673,2017-08-09,Marine
Yard seem,28.327897,-12.125614,18419,2016-11-02,Marine
Movie until,62.048228,-103.83099,70257,2023-01-11,Freshwater
That candidate,-78.28567,1.457834,33698,2023-05-02,Marine
Audience fear,-33.311082,172.619598,66638,2018-10-05,Wetland
Threat official,-58.145267,-102.043158,50146,2023-03-04,Grassland
Yard order,-45.612306,36.397128,73360,2025-12-28,Marine
Lay kind,-9.191738,37.170757,35683,2024-04-02,Grassland
Task reality,43.49189,-58.604155,33334,2023-02-01,Wetland
Sense smile,-78.847234,-54.270741,28675,2016-08-27,Desert
This experience,-76.558385,45.204841,47295,2020-11-22,Grassland
Significant detail,-63.758493,161.047801,46945,2022-10-13,Freshwater
Bag front,37.448912,144.712895,1902,2024-10-12,Marine
Perform act,-12.668518,95.613365,21056,2019-12-13,Tundra
College television,-88.168569,-137.52523,36550,2018-01-01,Wetland
However several,-63.483783,68.122017,27814,2026-03-26,Wetland
Series arrive,-8.797047,-107.839381,67535,2022-06-04,Tundra
Point simple,50.47086,62.084639,62259,2025-07-06,Desert
Assume appear,6.406724,-110.628492,59166,2024-11-30,Grassland
Have state,21.911301,53.193371,17846,2026-04-01,Grassland
Order recent,48.987554,-130.915744,82805,2020-03-23,Tundra
Team performance,-79.525013,-117.380263,50594,2024-07-30,Tundra
Radio against,-12.253832,-16.628794,5497,2023-06-20,Marine
Sometimes parent,48.239236,16.358429,77787,2018-07-30,Tundra
Goal hospital,-34.0645,-45.998102,71479,2020-11-14,Desert
Buy police,-14.950408,-95.066675,49890,2023-07-25,Desert
Lose sometimes,-5.061605,-104.786164,53500,2023-12-31,Marine
Share camera,-54.759143,108.246149,49783,2018-01-17,Tundra
Say laugh,14.728597,-71.864453,97971,2017-08-18,Marine
Star discuss,-49.58014,20.824039,42005,2023-01-02,Freshwater
Behind citizen,-66.039804,-85.229115,2195,2021-08-24,Freshwater
Benefit education,-7.209128,175.599874,20875,2023-04-09,Freshwater
Whole me,16.226814,-10.709508,71682,2026-07-16,Freshwater
Number Congress,-89.135883,-21.502464,19812,2017-08-24,Marine
Information yet,-71.024346,-71.762757,73677,2019-09-02,Wetland
Week current,-85.633002,67.043283,66392,2021-03-14,Grassland
Natural water,-62.211063,107.897519,78351,2024-09-07,Freshwater
Anyone address,76.09632,44.88321,68764,2022-07-10,Marine
Three key,-45.222861,110.104314,66540,2022-02-25,Desert
Number information,58.739208,45.191256,6661,2020-05-06,Wetland
Line hit,81.060085,-75.618114,97582,2019-06-07,Desert
Fly brother,-69.262122,144.28654,81067,2024-05-17,Grassland
Leave trial,-38.800463,36.240139,76726,2018-08-03,Marine
Charge though,67.203372,-125.580655,74475,2026-07-16,Grassland
Hair step,-14.662034,-52.887664,24663,2017-10-05,Grassland
Into alone,76.260879,151.34013,99273,2025-08-26,Wetland
Also bank,5.73783,26.950596,98100,2022-07-30,Freshwater
Lot firm,-63.191314,-153.626933,68416,2020-08-01,Wetland
Last clearly,62.380938,123.908708,71048,2026-03-01,Urban
Coach growth,48.265788,-72.500463,1972,2018-03-25,Freshwater
Painting dog,-36.963088,99.099257,58201,2025-04-03,Freshwater
In certain,64.574384,36.251688,46559,2020-06-18,Wetland
Heart course,51.367166,145.241441,88337,2016-11-16,Marine
Medical over,38.99013,118.481055,98661,2026-04-26,Grassland
Few coach,61.529962,10.406467,85319,2022-09-09,Grassland
Turn over,7.892739,-172.501778,33589,2022-01-15,Tundra
Service owner,-29.01318,-112.002538,89398,2021-05-07,Forest
Serve matter,-40.644119,1.127239,76794,2019-02-26,Freshwater
Political view,-62.181264,113.241986,16962,2016-11-12,Grassland
Tv become,-7.261593,-121.347847,92145,2023-08-02,Freshwater
Administration example,5.046611,118.551463,97592,2023-10-12,Grassland
Since wonder,86.019904,13.221389,22118,2018-04-10,Desert
Significant remember,-43.250987,-89.446264,52578,2016-08-01,Marine
Cultural surface,50.397027,112.151501,65056,2018-05-17,Forest
Service take,52.171443,130.36022,23054,2025-06-16,Tundra
Major make,-50.653372,68.749164,62395,2023-03-31,Marine
Ask different,-47.782971,-145.040158,4620,2018-09-30,Marine
Whose box,75.589139,-155.131293,1945,2026-01-31,Marine
Structure peace,-10.960826,26.133404,23271,2016-07-31,Desert
Project every,22.133639,-179.874025,27516,2017-12-22,Freshwater
Require hand,-66.464026,-61.483935,4990,2021-08-27,Tundra
Interest Democrat,4.785143,138.043435,26668,2021-07-18,Desert
Learn mission,-3.334655,-147.081218,32530,2020-04-13,Tundra
Mission continue,27.032083,141.311564,61481,2026-02-06,Tundra
Among entire,3.711634,174.575424,11201,2024-07-29,Marine
Include according,-18.119043,-31.945749,40110,2025-12-30,Forest
Effect culture,35.024983,30.880805,22513,2022-10-13,Wetland
Republican technology,-39.577461,138.792263,33099,2024-12-10,Freshwater
West significant,-63.172199,-45.174571,65100,2018-03-25,Desert
Whether charge,-44.190338,-48.138788,25842,2024-01-04,Urban
Magazine former,32.172381,8.905068,26398,2025-06-17,Marine
Firm voice,18.580484,-127.331585,26461,2016-10-13,Forest
Board thing,-40.649431,-107.821411,51386,2016-08-27,Forest
This able,-16.187567,-81.821919,43758,2024-12-17,Freshwater
Truth forget,60.147983,-114.241191,97935,2016-12-03,Desert
Million senior,33.898222,169.079707,47964,2023-11-21,Wetland
Walk particular,-24.774526,-175.711565,30362,2020-05-06,Desert
Stand individual,-71.608056,-116.475032,50351,2019-10-19,Marine
Reason law,-68.035214,63.884188,24633,2022-08-12,Freshwater
Interest hospital,-51.684267,8.704393,51438,2017-04-13,Urban
Environment buy,87.823663,-128.640971,5296,2023-04-17,Grassland
Apply gun,4.251979,53.877418,57040,2018-05-04,Marine
Buy and,75.01011,-40.950306,34348,2021-09-24,Grassland
Space term,-86.309185,14.912352,13582,2020-01-28,Desert
Despite industry,23.568817,35.176934,40776,2024-08-21,Desert
Business where,-82.794648,75.322744,25882,2020-04-27,Freshwater
Be focus,82.653799,46.739185,88536,2017-11-30,Desert
Top wide,-9.021891,9.669547,16752,2023-06-06,Grassland
Teach wide,71.372186,-84.030458,59020,2022-02-26,Tundra
Audience catch,-69.030173,121.108975,3260,2026-02-02,Freshwater
Current leader,-64.682811,177.405228,64641,2020-02-26,Grassland
Hair they,33.073382,-40.992917,9474,2025-10-28,Forest
Main sit,-63.641087,-121.308991,43159,2016-12-18,Forest
Say heavy,-64.059256,56.087557,78324,2019-07-22,Forest
Energy yet,-58.454993,-13.331425,11166,2024-08-14,Freshwater
Matter mission,-24.253171,-99.989745,58114,2026-02-10,Freshwater
Product avoid,-25.647167,148.10764,40943,2024-10-18,Freshwater
Manager everything,-28.429505,-179.160145,88691,2022-01-20,Marine
Development answer,19.961376,56.535395,52341,2020-10-10,Urban
Than short,-77.077853,57.102262,445,2026-03-03,Desert
Medical firm,41.252466,173.814041,53407,2020-04-17,Urban
Order defense,-35.865659,123.438149,34747,2017-06-30,Wetland
Son laugh,23.702388,-161.790773,10074,2024-10-04,Desert
Nothing economy,-64.408963,26.889857,44423,2018-09-30,Forest
Line fire,-18.998556,85.08586,27655,2020-03-12,Grassland
Individual baby,85.7878,-107.62821,46636,2022-02-25,Wetland
Democratic foot,43.109773,-91.210512,75019,2018-09-22,Wetland
Again event,18.961901,-40.162164,24241,2021-08-31,Freshwater
Simple ground,-0.081282,-25.233871,56933,2026-04-24,Desert
Yes officer,-89.221769,131.266415,46777,2019-05-05,Grassland
Budget get,50.328437,-67.428721,55143,2021-02-03,Freshwater
Response give,49.548086,26.30082,77701,2016-10-31,Marine
Tell opportunity,-25.334561,50.09026,93953,2021-04-18,Tundra
Fight compare,85.232488,68.656162,22336,2018-03-10,Wetland
Fly culture,60.150517,47.532372,8532,2022-12-20,Urban
Author spend,-57.812144,89.847154,92874,2023-04-30,Forest
High remember,64.467195,-141.817607,83431,2017-01-16,Marine
Degree action,3.475732,32.483378,86076,2021-11-25,Wetland
Black glass,-27.994521,-95.643009,71138,2016-08-03,Marine
Stock wrong,36.185995,-93.414724,85279,2025-05-07,Wetland
Make over,28.876368,101.834916,60696,2020-04-10,Desert
Act player,-2.874515,-41.235559,35773,2022-03-10,Desert
Laugh hospital,85.622178,-128.638656,20368,2016-09-21,Tundra
Letter south,-88.795695,16.753917,83267,2020-02-27,Grassland
Miss mind,-23.774672,-99.511151,47343,2022-06-25,Wetland
Box attack,38.474014,-146.454632,61503,2020-12-06,Forest
Music simple,-47.60985,-89.480122,77780,2023-10-05,Forest
Such president,-45.926571,167.330333,39397,2025-07-09,Marine
Protect apply,61.888777,-66.80562,38546,2025-08-10,Forest
Perhaps office,83.375202,-3.458939,27196,2020-12-25,Grassland
Area laugh,-12.850947,-44.986259,95107,2022-02-01,Freshwater
Wall night,36.287443,55.715167,32400,2016-08-07,Wetland
Page almost,23.111048,-79.632003,39709,2023-06-30,Grassland
Group practice,-60.927388,-61.156332,18285,2020-05-15,Tundra
Smile statement,-56.15062,-40.600992,32981,2016-07-18,Forest
Box same,-89.022285,-104.475077,4471,2024-06-13,Forest
Enjoy and,39.063996,68.128959,76617,2021-09-24,Desert
Away class,81.097706,96.24398,80068,2022-06-07,Marine
Would step,50.422391,33.810593,17575,2017-09-27,Wetland
World control,-40.76333,-85.557258,54149,2022-02-22,Tundra
Teach suffer,-19.697255,61.958667,72849,2025-02-22,Wetland
How meet,24.357269,-90.491783,60828,2025-04-22,Wetland
Serve dinner,-31.506981,179.526293,27198,2019-04-24,Wetland
Know purpose,42.57599,60.166346,3446,2021-10-12,Wetland
Drug if,44.565525,37.655829,97880,2018-09-02,Marine
Way lose,-43.039823,83.231026,23223,2021-08-25,Grassland
Town art,82.418404,-160.504893,62139,2024-05-16,Tundra
Concern board,7.176283,-176.492929,93846,2020-08-11,Urban
Thank leave,29.26184,-103.073128,13942,2023-02-16,Grassland
Nothing feeling,-38.430545,-113.262347,58193,2016-10-03,Forest
Arm nor,77.47081,-87.750489,16326,2022-05-15,Forest
Establish learn,86.74977,86.700312,91569,2022-10-14,Grassland
Research I,20.191274,-117.794506,55156,2019-01-19,Grassland
Less into,9.850053,67.581066,67821,2017-12-20,Urban
Agent level,-7.43259,170.300706,89446,2021-08-21,Grassland
Present card,-50.1822,113.219233,67422,2021-01-21,Wetland
As bed,-42.817947,29.16204,33982,2017-11-01,Wetland
Second good,56.199384,69.228511,27596,2022-05-17,Urban
Consumer without,64.054753,-179.093421,81288,2021-01-06,Wetland
Bit offer,-78.524049,78.004045,93780,2025-12-07,Grassland
Animal hundred,-75.583839,94.611929,78932,2023-03-28,Freshwater
No affect,-32.695164,-101.127739,71179,2016-10-17,Marine
Measure stop,24.553666,77.52251,39505,2020-08-28,Wetland
Others five,78.969305,-144.267561,27886,2019-05-17,Grassland
Modern bit,19.125571,61.613697,12985,2022-10-09,Marine
According with,23.2268,173.512256,82114,2019-11-12,Urban
Would event,-66.066159,-4.620241,54166,2025-06-25,Freshwater
Music would,-8.999382,161.498723,28516,2024-05-05,Grassland
You collection,89.257197,-30.423644,62422,2019-10-16,Forest
Say successful,-48.388197,61.681013,85840,2019-10-18,Grassland
Institution matter,26.767627,114.431283,74144,2016-10-28,Forest
Dark sport,46.767278,-60.182359,78982,2020-02-18,Freshwater
Enter true,53.921193,86.697682,89185,2024-06-18,Freshwater
Other decision,-31.847186,-19.278518,5597,2021-03-09,Desert
Much manager,14.62489,-168.26207,3447,2021-08-31,Desert
Subject remember,22.245229,-71.85653,6297,2017-06-18,Forest
Design maintain,4.179026,164.946632,56998,2017-11-17,Tundra
Hot tax,-57.599245,-28.455087,93529,2018-02-07,Wetland
Subject style,-79.659057,-131.474453,9163,2016-11-24,Urban
Herself fast,-63.523866,49.637698,99337,2018-10-28,Marine
Truth room,-54.720619,-79.631912,30735,2022-05-15,Freshwater
Drug show,2.819156,-70.169195,41387,2025-08-15,Grassland
Leader Republican,1.158776,84.731548,98297,2022-12-20,Freshwater
Firm allow,27.541744,-11.066677,10962,2017-05-07,Marine
Ok house,55.72706,-121.656911,9948,2017-09-06,Tundra
Not knowledge,48.165986,60.184748,2688,2018-09-01,Desert
Ok idea,40.72638,68.068092,19633,2017-01-04,Urban
Act member,-63.960676,28.610797,73249,2018-02-02,Desert
Free toward,78.883068,-136.352623,5232,2020-08-14,Marine
Your speak,48.484027,-147.563567,93954,2020-11-26,Grassland
Day west,-80.93109,-92.67616,12768,2020-11-07,Wetland
Tv determine,-65.939626,70.116458,66307,2017-10-08,Wetland
After word,-48.162451,73.243415,67443,2019-12-24,Tundra
Return term,-41.20224,154.835816,76830,2017-04-02,Urban
Might course,-58.260991,29.8302,87900,2019-06-02,Freshwater
Suddenly cell,-21.485972,-117.314095,45572,2019-03-04,Grassland
Professor animal,59.42807,73.788204,60158,2023-05-23,Urban
No improve,10.67957,22.216174,2451,2019-12-07,Urban
Wear lose,-17.774272,-55.905822,51790,2023-06-19,Forest
Happen hundred,-61.061043,-58.327507,10105,2023-10-03,Urban
Add return,15.796706,-98.448348,67974,2020-06-11,Tundra
Couple myself,67.024539,-40.570411,74368,2026-05-30,Urban
Until its,-37.29153,-72.395342,33169,2018-09-18,Desert
Recently Republican,18.135921,141.050158,8627,2018-11-26,Urban
Street member,-3.037557,-22.956333,39152,2018-11-14,Marine
Serious control,-10.872187,-114.755589,35552,2025-02-12,Wetland
Mother window,79.642805,-104.529264,5767,2017-12-20,Marine
Market wait,16.328362,-153.986503,4700,2017-06-01,Grassland
Hour line,-17.318538,-147.598189,75058,2019-11-11,Marine
Push attack,-60.976458,-26.475415,59546,2024-03-13,Wetland
Second successful,-30.582785,-31.908998,66329,2017-10-14,Desert
Us a,16.471133,96.801376,67300,2025-03-12,Marine
Know national,-75.790643,61.161943,52001,2019-06-18,Freshwater
Quite American,-1.320459,108.194253,19548,2019-11-12,Grassland
Hard hospital,-51.982179,-70.206243,68991,2024-11-04,Forest
Ask modern,2.436372,146.362943,19168,2025-07-29,Tundra
Art risk,28.718741,66.276234,50977,2019-08-11,Forest
Billion the,-89.819048,148.368531,5136,2022-11-28,Forest
Result hour,-23.173142,124.73654,17626,2021-12-09,Grassland
Southern by,-55.755708,-19.668287,94152,2018-12-15,Marine
Man likely,12.948709,-0.386128,7121,2022-07-16,Forest
Our director,85.270697,-82.482731,25979,2016-12-12,Desert
You possible,-58.521403,151.488269,83533,2024-11-09,Urban
Throw sort,21.105779,61.59573,27275,2022-09-13,Urban
Apply clear,-0.622237,-69.266423,30110,2020-06-07,Wetland
Use task,-35.50502,-111.007386,62069,2024-09-13,Forest
Executive computer,-85.606163,-24.297295,57715,2021-06-16,Marine
Choice some,36.091158,-144.024087,67416,2026-03-22,Urban
Our large,-9.074062,114.910439,5587,2025-05-20,Grassland
One our,18.725595,48.3183,42238,2024-05-19,Desert
Focus director,-83.889906,-167.85708,28950,2020-04-23,Forest
Apply song,-40.94558,-168.931649,52327,2021-04-03,Tundra
Miss last,51.429778,147.675817,57553,2025-07-05,Freshwater
Floor shake,68.577605,-168.865894,66336,2019-12-11,Wetland
Yes collection,78.726571,-45.686064,16201,2024-01-23,Grassland
Pretty memory,-0.670819,-49.547366,50480,2019-04-02,Freshwater
Occur collection,-55.980063,82.470228,99504,2017-05-12,Forest
There above,-8.274415,-1.516712,88281,2017-01-04,Grassland
Pay any,69.621616,18.28162,88663,2023-10-29,Grassland
Allow community,12.270812,-49.692472,61981,2023-06-26,Urban
Eight audience,84.903053,-84.085126,35790,2024-02-19,Grassland
All first,-23.526471,-122.673577,4073,2023-09-01,Freshwater
Have thus,69.906447,93.931325,65661,2021-07-18,Wetland
Report decade,-18.15472,-118.102525,4123,2023-10-10,Freshwater
While interview,9.490376,-16.576906,43856,2019-08-16,Desert
Than cause,64.457382,22.302627,97549,2021-06-22,Forest
Eye this,-5.702487,-159.503576,77340,2018-02-04,Desert
Bank bill,79.219245,-179.958768,13846,2025-11-01,Desert
Economy fight,1.843208,168.820978,70240,2019-01-15,Grassland
Soldier expect,32.654769,-110.39362,25870,2022-12-19,Tundra
Mind reveal,8.766127,-100.438589,67275,2018-11-07,Forest
Sport part,-84.413189,-96.841357,74526,2019-01-18,Forest
Drug could,65.930339,-54.445763,14820,2021-12-02,Forest
Assume performance,59.463536,43.295949,50539,2019-03-31,Wetland
Many color,-78.490019,168.523319,75938,2019-09-13,Freshwater
Commercial reason,82.351686,-117.035164,74632,2021-06-25,Grassland
Finish adult,28.749735,28.075758,40439,2017-07-26,Desert
Year structure,-72.205303,-61.253739,66327,2022-02-07,Marine
Building relationship,-89.591226,45.774163,23361,2017-09-11,Urban
Head item,-9.444849,57.756086,86923,2024-05-27,Urban
Everything lead,26.607816,-7.651468,7507,2022-07-28,Urban
Environment past,-69.358347,55.101916,23174,2024-10-08,Marine
Produce painting,67.954358,125.43353,80783,2018-12-19,Urban
Month respond,-43.573124,-11.801489,71187,2025-01-11,Tundra
To side,-69.566398,-13.956744,65081,2022-08-31,Urban
Case science,-78.806341,169.090035,16383,2022-11-25,Grassland
Nation majority,70.492638,66.918748,77643,2018-11-02,Urban
Own half,64.289775,-142.183067,50739,2025-06-26,Grassland
Service artist,80.62823,-123.041303,71037,2025-12-23,Urban
Notice break,23.041827,30.613986,32730,2016-11-21,Marine
Travel hair,-15.422846,161.222279,83642,2022-02-17,Grassland
Story model,51.120536,12.671605,83254,2025-07-28,Wetland
Book scene,-50.07247,123.862596,76637,2025-03-04,Freshwater
Whatever simple,8.241112,-91.568768,22793,2025-01-05,Marine
School there,-48.830374,7.394173,92563,2021-04-27,Forest
Individual drive,78.98708,38.685267,17745,2021-05-21,Grassland
Describe pretty,-50.300931,78.051857,48480,2020-03-19,Tundra
Improve nothing,-27.106793,41.552925,92823,2022-05-21,Freshwater
Any similar,25.894985,30.854125,84781,2019-09-13,Desert
Everybody rule,21.972236,-71.980983,99061,2019-09-21,Urban
Store right,41.528539,24.265384,45713,2016-08-30,Desert
Determine item,-86.569053,-121.262376,89442,2018-03-03,Urban
Analysis move,-2.286527,-39.18809,31741,2018-10-26,Marine
Debate produce,82.567077,44.087623,39088,2016-11-24,Wetland
End travel,-5.054385,-4.676515,24272,2019-07-27,Tundra
During six,-22.069358,-128.170693,83147,2026-02-04,Desert
When energy,51.719159,-95.215825,59387,2024-12-10,Forest
Yard the,45.059238,150.826969,33797,2021-03-21,Desert
Case space,50.213712,95.522498,32389,2018-08-26,Grassland
Meet way,26.708165,71.273807,36290,2016-08-29,Marine
With through,84.132194,-49.378049,86350,2022-07-07,Wetland
Including trip,59.398082,-168.54271,22388,2019-02-04,Desert
Eat thing,48.731907,-128.306258,38480,2023-09-14,Freshwater
Subject sure,-32.850649,-100.637651,29019,2023-09-14,Desert
Right defense,-57.142785,-38.378306,6825,2016-08-12,Wetland
Mean country,-2.292761,-53.889692,11624,2026-02-20,Forest
By political,18.079941,165.039999,84704,2022-01-16,Freshwater
Born name,87.985872,94.266541,59441,2022-07-01,Tundra
Condition real,-56.258141,-125.947087,70986,2025-07-21,Wetland
Matter guy,-48.429129,68.739464,22607,2019-05-09,Freshwater
Responsibility agree,-4.114772,159.435345,82506,2024-04-15,Tundra
Participant important,-20.991017,-36.625572,88795,2024-01-15,Forest
Drug fly,23.931441,79.386155,34134,2017-07-08,Marine
Purpose son,80.505332,-104.890892,3459,2026-06-10,Freshwater
Home us,42.652595,142.947111,8628,2023-10-28,Grassland
Understand keep,-77.890124,-1.180001,30648,2021-09-02,Wetland
Answer card,12.841688,161.296841,75693,2025-06-10,Urban
Myself call,17.1659,-101.872715,90230,2021-06-19,Desert
Kind improve,-6.6898,60.044832,85284,2024-01-31,Tundra
Ever offer,-80.769144,47.238537,61218,2021-03-31,Freshwater
Structure sport,-43.650426,-141.057697,50878,2024-08-30,Tundra
Something individual,-57.024723,165.058907,5085,2023-11-27,Tundra
Leader draw,-24.563175,-103.546847,15851,2021-08-12,Desert
Police our,-9.728891,-15.721091,36487,2019-06-04,Wetland
Young to,-74.961553,-12.514806,81636,2023-02-26,Marine
Through against,-24.490748,101.265445,2307,2023-05-24,Marine
More against,73.773749,-162.530266,75941,2020-01-13,Grassland
Let manager,5.396208,145.642892,77408,2021-05-15,Desert
Various bar,-44.922022,-136.152301,9477,2024-06-03,Urban
Environment structure,-0.091558,-61.018376,94204,2018-12-20,Forest
Necessary collection,2.961018,128.073465,58827,2022-06-28,Urban
Try compare,-38.971527,-138.125067,45806,2019-01-17,Forest
Discuss phone,-85.719517,-5.574811,95728,2021-12-18,Tundra
Market every,-64.714753,-15.467242,46696,2024-01-09,Freshwater
Believe board,-47.921893,-82.832054,80272,2017-09-15,Tundra
Practice factor,65.703506,154.935231,84534,2017-12-14,Freshwater
Let figure,-23.294571,-132.512516,37781,2016-10-01,Desert
Political upon,24.327176,-59.870463,8127,2023-01-16,Forest
Too worker,-53.753604,91.231238,29154,2020-08-08,Forest
Entire building,-36.320883,-135.390761,46033,2024-12-19,Forest
Increase owner,89.976849,125.745987,91956,2024-05-08,Tundra
Tree represent,-79.345839,142.552921,77629,2026-02-05,Forest
Newspaper just,49.729861,167.612438,8422,2024-09-06,Grassland
Plan in,-44.381525,-154.861149,84498,2022-03-16,Tundra
Floor score,35.367297,-68.195612,52163,2018-06-05,Wetland
Administration parent,-86.879874,-38.401484,23749,2020-08-11,Marine
Girl behind,16.820686,-89.669533,28056,2017-01-14,Forest
With hospital,-2.429205,141.347736,10940,2021-01-24,Grassland
Represent idea,-15.776741,12.17433,61437,2019-12-17,Tundra
Hundred cut,55.409833,146.228466,86583,2020-01-15,Wetland
Coach movement,-69.851823,-81.517809,20422,2020-03-25,Freshwater
Themselves week,-68.03097,164.312725,2527,2021-04-05,Grassland
Perform break,36.01575,-3.457283,91525,2024-12-22,Freshwater
Mean foreign,-78.744208,-120.731785,56446,2025-04-01,Tundra
Shake program,32.636236,-103.296799,388,2025-06-09,Urban
Too hope,38.519279,-101.672696,6816,2025-09-18,Tundra
Indeed whether,41.293659,-82.496024,93607,2019-11-06,Marine
Whom change,45.285071,-179.847392,13174,2026-01-15,Urban
Need feeling,-74.003206,95.72924,18863,2020-11-03,Wetland
Adult area,-36.144019,-47.619117,85536,2022-05-13,Freshwater
Ten however,88.671267,-60.603675,17137,2022-01-26,Desert
Former thousand,-13.188731,-113.938253,54195,2021-11-06,Urban
Idea increase,56.697376,10.694396,57312,2023-04-21,Desert
Environmental pressure,20.97197,88.1629,32573,2018-06-01,Forest
Class ball,75.237318,-10.745398,75978,2024-07-01,Wetland
Area change,-20.667078,50.312998,95714,2019-10-13,Grassland
Think sister,-42.382862,-36.124018,56863,2026-04-06,Desert
Their left,-83.259132,-144.445673,48751,2025-10-30,Tundra
Attack old,22.206016,-144.215605,83312,2025-03-18,Grassland
Science city,-25.982331,-67.169265,53590,2026-01-03,Grassland
Significant consider,68.636475,37.460259,59935,2023-09-25,Freshwater
Other decide,62.055244,59.466583,48087,2026-05-07,Urban
We between,54.17125,103.376849,39097,2018-05-29,Marine
Mouth impact,24.686444,-163.385687,42501,2017-07-14,Forest
So nice,-45.14571,-22.172554,22986,2020-09-17,Grassland
He do,-54.859796,17.665731,94624,2018-03-31,Wetland
Down law,-20.4357,-35.384323,47362,2020-12-25,Tundra
Administration democratic,44.229487,48.196231,10322,2017-03-16,Grassland
Officer soon,-49.934894,159.740536,38333,2017-05-17,Marine
Heart during,50.231934,125.708542,18653,2023-03-16,Forest
Hard public,-85.10587,-18.981188,19260,2021-05-09,Grassland
Common serve,-18.791535,164.377884,94885,2020-03-14,Desert
Trouble long,-30.18595,-8.219354,9094,2020-09-23,Marine
Hot join,-82.622209,-113.530124,86171,2025-01-13,Tundra
Account game,68.849825,-163.208399,92470,2025-09-29,Wetland
Popular number,62.094755,-145.499854,88284,2025-08-30,Forest
Ask some,59.480802,-155.260619,38226,2017-08-12,Forest
Leader paper,-70.127472,134.527504,41302,2022-07-27,Marine
Recognize wait,82.340686,178.276848,35690,2022-09-17,Marine
Gas coach,89.666097,-118.672184,85872,2025-03-29,Grassland
Structure will,19.486801,-159.114206,8237,2025-04-22,Grassland
Book expect,29.757405,-134.961173,71739,2025-05-16,Urban
Per address,-19.671389,-147.196775,10311,2022-02-18,Urban
Evidence modern,76.59048,176.376728,56447,2021-10-29,Urban
System watch,-13.440376,108.725516,57364,2017-06-09,Desert
While common,-78.961018,-98.428738,38549,2018-04-30,Desert
People sister,23.890023,-147.544877,68591,2022-10-03,Urban
Place stand,7.585359,170.700961,59936,2018-05-18,Wetland
Listen respond,23.00217,159.232178,53230,2021-10-03,Desert
Image sort,-42.170185,88.277861,65414,2023-08-08,Urban
Room member,-83.549725,154.917262,40792,2026-03-17,Marine
Per after,89.362353,-3.141974,7714,2016-11-24,Tundra
Capital return,-81.567498,77.016452,15686,2022-05-18,Wetland
Item edge,-34.079236,-64.377792,85118,2026-01-17,Marine
Attention move,35.75038,-38.033352,96261,2026-07-13,Forest
Movement across,65.655233,-170.643047,55911,2021-05-10,Marine
Keep according,41.527929,0.306807,47375,2019-06-05,Forest
Including nation,53.871763,11.918503,45667,2023-07-17,Freshwater
Participant cup,-20.360224,65.410903,57517,2018-03-01,Marine
Plan military,-26.015007,-151.786992,53039,2017-10-10,Freshwater
Arrive learn,56.600969,-143.241695,21057,2022-03-22,Desert
Form summer,58.71999,92.424875,52006,2020-12-12,Desert
When way,70.817158,92.097229,69766,2023-06-13,Desert
Third offer,21.765763,163.714173,10668,2025-07-14,Urban
Industry shake,-75.79597,-6.919753,28610,2026-02-21,Freshwater
True bank,13.936372,1.206808,66770,2023-08-28,Desert
Accept sign,-49.875924,18.218326,83002,2020-01-12,Grassland
Successful focus,-75.305234,-64.328785,35561,2022-02-21,Marine
Sport according,-33.078318,-114.24148,68512,2024-06-03,Urban
Central gas,19.035576,-53.534974,98254,2019-03-12,Desert
World hope,1.417262,-9.798207,93000,2024-05-29,Wetland
Question travel,81.432539,36.534385,48784,2016-08-16,Urban
Computer light,-48.416275,59.05618,97095,2019-10-08,Forest
Black nation,-72.0981,106.236695,7479,2016-10-06,Marine
Do work,75.013844,-78.516422,37712,2019-10-24,Wetland
Heart college,11.637489,171.99724,57781,2018-10-03,Urban
Strategy good,-27.63002,134.785881,31080,2016-08-16,Forest
Top trip,16.147142,-1.344172,33985,2017-11-10,Grassland
Natural reason,-10.406723,-100.267937,87745,2018-06-06,Tundra
Represent benefit,22.632969,-66.370542,34606,2023-11-03,Urban
Send reveal,-85.133643,-63.214794,211,2020-07-14,Grassland
Cause smile,19.100309,-44.486448,19768,2019-07-16,Grassland
Six drug,-72.092599,-11.117133,55037,2019-10-05,Tundra
Television budget,-75.390956,86.717063,80489,2019-02-21,Marine
Plant ability,19.95315,-134.661036,51078,2026-01-16,Grassland
Page when,22.791301,142.089342,44350,2020-03-28,Urban
Decide actually,24.820691,-171.370477,69539,2020-12-15,Forest
Radio wish,-38.368355,29.29099,11550,2023-02-18,Forest
Four international,0.7758,75.464979,81024,2018-07-27,Desert
Wall best,87.390951,-73.483359,98923,2017-06-03,Forest
Spend fire,63.056562,-20.494262,10590,2017-03-12,Marine
Wide six,20.348774,35.905411,72301,2024-06-11,Marine
Series important,-29.736685,-83.554384,83180,2021-10-07,Marine
Hour phone,-86.671794,-111.200431,58132,2024-10-21,Marine
Yeah front,37.365407,-33.250888,83478,2020-11-28,Tundra
Wall just,-86.413479,168.295918,77687,2023-12-16,Desert
Ask clear,-84.310603,46.592468,83565,2022-09-09,Grassland
Age raise,36.584341,163.262244,51906,2018-05-02,Marine
Activity often,59.008594,85.180128,14896,2025-12-21,Forest
Simply name,-19.270424,-26.633261,610,2023-03-06,Freshwater
Maintain final,37.795592,132.058112,60504,2016-07-29,Desert
Management time,80.686418,-36.792875,18598,2024-02-18,Grassland
Discussion speech,15.546051,93.67672,79548,2022-04-30,Freshwater
Hospital idea,73.403737,-139.783309,21294,2020-06-21,Urban
Box we,-30.581594,-10.622398,34339,2018-08-13,Forest
Understand continue,72.094196,177.077388,6031,2016-12-23,Freshwater
Man available,60.088483,165.426853,60231,2017-10-29,Marine
Early purpose,9.971132,138.417678,63522,2016-11-11,Freshwater
Start game,-9.810189,27.132745,33961,2019-04-20,Wetland
Inside political,31.198835,109.3758,97521,2024-09-09,Marine
Response herself,51.517741,1.317139,59026,2025-10-02,Freshwater
Guy small,-37.42492,-112.234957,15389,2018-05-28,Urban
Bed focus,-7.032808,112.523501,54306,2023-07-24,Tundra
Perform sort,-27.755287,-107.62533,88829,2022-02-17,Urban
Be number,-45.380297,167.032102,12051,2022-03-23,Urban
Drive building,58.580145,7.876794,52083,2025-05-23,Urban
Rise impact,38.297955,-51.319008,36614,2019-02-23,Forest
Truth during,-85.131467,-75.034618,18287,2018-12-29,Wetland
Practice peace,82.571438,-97.021951,75452,2021-08-07,Forest
Effect interview,-1.835195,47.061641,93385,2022-04-14,Tundra
Case option,-82.99007,-6.333832,73972,2025-03-16,Desert
Happy country,-9.759859,-39.426425,71586,2016-08-11,Marine
Reason standard,73.046618,-26.514533,56809,2023-06-15,Grassland
Together idea,60.943585,-154.671228,376,2021-11-19,Marine
Happy major,-47.129968,-84.761274,74997,2017-05-26,Urban
Role they,7.860858,23.461495,44059,2019-07-18,Forest
Moment ball,-53.254375,-44.168975,9706,2021-05-19,Wetland
Whether best,67.753194,-52.439188,59422,2019-04-20,Grassland
Light kid,80.370402,-153.844772,63223,2024-04-26,Marine
Special paper,-50.527908,-177.929467,99934,2025-10-28,Grassland
Himself town,18.32011,-153.96527,60801,2022-01-08,Urban
Drive key,25.266172,-147.110368,85781,2018-09-19,Marine
Outside rock,75.271986,-164.54786,39599,2019-12-17,Freshwater
Themselves speech,27.927724,91.507434,45806,2019-09-02,Freshwater
Argue seven,2.773494,93.666394,82975,2017-08-23,Grassland
Debate quality,-16.426128,-107.944884,90899,2020-06-12,Forest
Home different,29.790429,-20.286727,93300,2022-01-17,Grassland
Rate tax,73.495638,177.409101,79019,2024-04-25,Desert
Oil enter,56.386355,-120.307677,77641,2017-07-18,Freshwater
Finally these,84.925633,118.409274,9966,2019-12-04,Freshwater
Sing so,75.314127,-12.23821,95404,2020-11-02,Desert
Card realize,-6.314698,-27.788555,68464,2025-12-10,Marine
Animal military,71.880851,143.480327,51337,2017-04-06,Freshwater
By member,-81.058502,-58.168825,78923,2020-07-03,Tundra
Many nature,-88.931565,-144.475699,61641,2023-01-28,Tundra
Already plant,-78.1075,-13.886632,50157,2024-12-13,Marine
Popular early,-77.802405,112.202328,50979,2021-03-01,Tundra
Economy establish,84.60503,134.327338,14607,2020-11-07,Wetland
Fear style,-82.45527,146.483618,84861,2020-10-11,Tundra
Arrive sister,4.625407,35.631302,64309,2018-04-10,Forest
Environmental color,-87.293204,-16.060113,79439,2025-05-27,Freshwater
Fight enough,-80.248512,61.576019,4160,2022-08-27,Grassland
In loss,28.972154,-163.102555,91851,2018-03-14,Tundra
Practice where,-25.843502,30.584317,93789,2018-06-16,Grassland
Support organization,-68.944488,42.758659,36728,2017-04-13,Freshwater
Why team,-33.289383,-40.088682,1775,2024-07-08,Freshwater
Full event,-9.33616,70.37676,13880,2024-11-01,Marine
Vote quickly,-31.489945,64.893298,50691,2022-12-14,Marine
Game her,83.868807,-157.894695,50324,2019-03-09,Forest
Game reason,7.177488,68.454999,74642,2023-10-16,Wetland
War he,19.682825,-85.762525,90325,2018-08-31,Grassland
Travel quality,15.768776,-65.310929,94579,2018-07-24,Desert
Fire development,72.716743,71.880949,98854,2023-08-19,Desert
Question that,-80.247398,-113.359559,81792,2020-07-18,Forest
Week very,-3.765411,119.089403,77265,2017-09-01,Desert
Single gas,67.927488,18.016957,49910,2022-05-26,Grassland
Be health,68.366635,65.352432,31962,2020-07-10,Tundra
Later miss,-75.242363,-169.417784,16112,2019-11-28,Tundra
Research card,-85.921666,-88.270478,37538,2024-05-25,Urban
Challenge establish,18.861823,59.441695,90292,2022-04-18,Wetland
Effort discuss,-1.801769,-7.802193,59779,2022-04-04,Wetland
From analysis,0.02983,-59.283917,32098,2021-04-19,Grassland
Up wrong,60.153345,112.839767,96,2021-07-25,Desert
He professional,43.216829,-102.906655,51146,2018-04-14,Urban
Today sport,48.999507,-121.860847,56909,2025-02-19,Tundra
Medical last,63.994477,27.13466,40242,2022-08-05,Tundra
Next morning,-1.316537,166.079371,97954,2017-01-26,Tundra
Despite full,38.549465,9.975077,36531,2023-04-07,Forest
So sea,-0.002109,52.177643,97915,2018-02-03,Grassland
Describe democratic,-21.418213,4.811252,94789,2018-08-23,Urban
Necessary writer,-66.019018,126.083531,79262,2020-04-26,Urban
Standard open,-66.413046,-124.616355,1076,2016-11-02,Marine
However week,-5.710722,1.785892,97459,2020-02-05,Forest
Team man,81.809399,33.504353,35992,2021-08-14,Desert
I mind,-6.793292,-137.519356,72177,2016-08-13,Forest
Country choice,9.240895,66.245009,18430,2019-03-04,Freshwater
Cover member,62.789885,-4.497144,90915,2019-01-31,Tundra
I soldier,24.22848,-1.034246,88833,2022-01-11,Wetland
Boy message,57.540843,-8.145917,19462,2018-12-09,Urban
Anyone tend,-81.433013,-104.96222,69391,2021-05-06,Urban
Base call,6.517762,9.847904,55967,2025-04-11,Marine
General born,-86.647026,139.082922,67349,2017-08-31,Urban
Cup have,-36.857372,-111.75381,3065,2019-12-29,Wetland
Put lay,84.586807,-63.590247,89550,2020-07-21,Freshwater
Order teach,-18.363811,0.915744,98537,2021-09-02,Wetland
Discover serve,79.800574,91.020305,83664,2016-11-28,Urban
Do leader,23.656374,-11.198161,68077,2025-07-16,Marine
Position smile,44.854363,128.094537,6731,2024-12-13,Desert
Example material,60.451741,141.414501,93922,2018-07-25,Wetland
Enjoy daughter,25.99993,-160.354641,59767,2021-08-17,Desert
Happen manager,38.069992,-135.683238,35502,2018-07-17,Tundra
Term paper,68.521304,-73.145576,98985,2023-01-05,Forest
Six line,34.178443,60.968809,52389,2017-03-24,Freshwater
Fly either,-66.521071,38.247988,5350,2016-08-28,Tundra
Great environmental,67.365928,-130.460719,53501,2024-02-15,Forest
Couple every,20.699129,-21.638316,73718,2020-06-29,Freshwater
Him teacher,18.989055,6.342296,63452,2020-03-22,Urban
Especially watch,-35.749712,-125.458425,2595,2021-03-02,Freshwater
Entire leave,-46.301525,83.958491,53423,2024-08-19,Desert
Career enough,75.115266,49.375448,2128,2024-03-11,Grassland
Son near,39.579416,173.415277,42601,2025-09-20,Desert
Trial decide,-36.47512,37.062105,10423,2025-05-06,Wetland
Finish protect,24.913455,114.517846,75021,2023-08-15,Freshwater
Once win,-57.770085,-6.800961,30608,2024-02-13,Wetland
Newspaper top,27.02667,-11.696122,88500,2024-04-06,Marine
Similar person,42.287725,69.293584,75082,2017-08-24,Tundra
Ago police,77.684365,124.399108,60331,2025-09-23,Desert
Over ball,-55.675699,-136.257037,35976,2022-10-30,Tundra
Light mention,0.10436,-154.915044,70754,2020-01-20,Marine
Trouble interview,-65.584426,95.751283,20144,2018-07-10,Urban
Nor into,-1.632193,-41.875029,44963,2026-03-04,Tundra
Single speak,29.072382,-131.461884,75097,2018-01-17,Marine
Easy appear,26.255683,-23.721869,34763,2025-01-21,Tundra
Cell low,44.372257,-42.437282,43219,2022-10-09,Grassland
Attack former,-13.422769,-144.063901,2643,2016-08-24,Freshwater
Left close,-2.02207,45.536806,34318,2018-04-21,Grassland
Field show,-15.511566,92.870917,33610,2017-05-26,Urban
Cultural clearly,-14.855583,36.609479,99496,2020-09-08,Marine
Cover management,7.790232,-68.748665,81399,2024-12-11,Marine
Position Republican,63.67893,-2.774357,29879,2018-10-27,Tundra
Former party,14.953109,-45.320273,63098,2020-06-14,Desert
West again,48.337088,175.121333,28925,2026-07-11,Tundra
Itself civil,-48.353028,-105.075739,66843,2024-06-02,Urban
Prepare trial,-55.19753,-92.341435,58331,2018-08-09,Wetland
Room wind,20.773864,-143.361556,26967,2021-10-03,Marine
Others entire,68.070432,-142.136937,96242,2021-07-27,Urban
Central action,-3.771595,124.411406,56030,2017-06-24,Wetland
End half,43.067878,-125.831493,84487,2026-01-04,Desert
Quality debate,19.756349,-66.509784,13577,2023-04-26,Freshwater
Million idea,77.951125,169.920863,9236,2021-05-15,Desert
Whether fight,-26.944933,-16.231809,5931,2018-08-05,Forest
President threat,-21.857239,175.174452,27594,2020-05-14,Urban
Argue product,59.983962,81.05617,83219,2022-06-25,Urban
Admit quite,55.413938,175.923144,55958,2021-05-06,Grassland
Interview some,21.172979,-171.582647,44699,2025-08-28,Wetland
Lawyer bring,24.064862,9.726496,91331,2020-08-17,Urban
May center,5.368264,30.074881,64701,2017-08-26,Grassland
Between clear,-19.131083,69.638454,95007,2023-03-15,Forest
War rest,-81.72242,-170.593887,37904,2025-12-19,Marine
Dinner camera,13.985706,163.270765,93650,2017-11-07,Wetland
Subject concern,-25.038023,-3.360562,60549,2024-04-03,Forest
Guy country,-13.822832,115.53396,5944,2023-03-22,Urban
Responsibility trouble,-82.944132,140.772169,82022,2020-06-22,Freshwater
Compare dog,-37.010038,178.787451,97515,2021-05-05,Tundra
And example,50.990045,87.614796,50605,2026-02-02,Urban
Here threat,-66.037713,56.348888,7429,2022-10-05,Marine
Between every,-64.974775,-34.564183,36377,2021-03-06,Urban
Reach partner,53.463966,-119.770473,65224,2021-11-16,Freshwater
Court risk,1.412706,44.82784,11430,2022-04-13,Wetland
Long according,-41.499538,-174.35537,72553,2026-06-15,Marine
Go water,-76.433566,-158.791084,14347,2018-08-15,Grassland
Quickly use,-18.959634,26.134796,49658,2017-07-17,Desert
Senior tend,1.987465,-90.690147,359,2024-12-30,Grassland
Theory name,-74.259444,-115.970605,88812,2022-10-18,Forest
Hour general,50.173318,-22.638438,34035,2018-06-21,Grassland
Man friend,-52.795267,26.380064,12402,2022-07-25,Marine
Itself candidate,-55.906018,-1.250249,3500,2024-11-19,Freshwater
Behind TV,-75.218221,-37.838911,72233,2025-09-23,Marine
Style debate,23.759847,4.905416,30190,2017-10-21,Freshwater
Yard left,14.753571,-76.265237,76326,2018-11-13,Desert
Information matter,18.161329,108.705517,42629,2020-01-20,Tundra
Although may,1.057564,149.381623,59372,2025-12-29,Forest
Small town,-9.33258,142.115128,18149,2024-02-20,Urban
Class adult,-51.636479,-168.089009,22308,2020-02-26,Forest
He memory,-63.649833,159.372781,18680,2021-01-15,Marine
Fund detail,72.949172,11.068173,88167,2019-01-13,Desert
Upon worry,-33.148149,5.20763,40396,2018-01-11,Tundra
Some late,51.745412,94.336421,84202,2025-12-28,Freshwater
Meet run,87.636938,-158.145269,74756,2023-09-12,Desert
Class serious,81.356754,124.016377,91550,2019-10-08,Desert
Citizen line,76.482546,71.581488,3838,2018-04-08,Freshwater
That different,24.833032,79.82303,79097,2021-09-14,Urban
National require,35.266639,3.914282,20078,2024-09-30,Forest
Let oil,11.245626,22.321636,75311,2018-06-28,Marine
Population pressure,-1.668659,-56.784405,3411,2020-08-15,Forest
Production guess,-57.897834,67.075084,61413,2017-07-21,Urban
Until car,16.428855,14.153452,77420,2022-09-20,Grassland
Major particular,27.321008,-114.218682,32946,2022-01-04,Forest
Her simply,73.115167,67.954087,23838,2021-12-31,Forest
Research voice,-17.562784,-125.973666,67735,2024-02-23,Desert
Week security,66.765733,65.925069,65101,2022-04-18,Freshwater
Billion the,70.386472,-44.078244,3531,2017-04-20,Urban
Bill receive,55.048809,115.545605,72210,2018-08-29,Freshwater
Deep Republican,-80.37221,-108.127821,28475,2023-05-12,Desert
Left chance,-69.6272,121.607338,19369,2023-09-09,Urban
Attorney others,23.817549,151.924996,80689,2025-03-10,Grassland
While drop,-81.959327,-10.235634,43386,2017-11-27,Grassland
Image nice,4.900403,-78.31733,34034,2018-02-24,Forest
Shake could,-65.767718,-50.007767,5843,2016-09-23,Marine
Model fund,-29.493049,-148.904629,32577,2025-03-27,Urban
Mission while,-87.724736,119.674461,99568,2019-11-19,Urban
Sell my,-80.793679,-6.280287,84307,2023-06-04,Urban
Keep lot,-79.463813,-98.241645,12678,2025-10-12,Wetland
Work before,85.584088,6.087608,3523,2018-03-02,Grassland
Peace move,70.296284,8.204697,38412,2020-05-24,Urban
Down world,3.090111,-113.631905,77272,2026-01-01,Grassland
Energy question,41.752507,93.167227,97029,2018-04-17,Urban
Radio he,-0.642132,-140.618373,44986,2018-04-22,Urban
Identify well,59.480017,25.410851,55015,2025-06-07,Urban
Could who,-47.844636,-45.275059,89318,2019-03-21,Grassland
School so,50.015119,122.377994,82848,2019-02-07,Wetland
Enjoy drop,41.761616,-173.474344,17316,2021-12-22,Urban
Student south,-23.877334,123.757498,1141,2018-09-18,Wetland
General glass,-50.074486,7.250706,16311,2022-04-27,Grassland
Chair however,-80.999479,-122.769912,12934,2018-01-13,Marine
Floor not,54.703539,-121.188931,88130,2025-03-10,Forest
Method community,87.541596,-100.265085,54764,2022-03-21,Grassland
Talk themselves,63.389473,171.845821,44196,2025-10-31,Desert
Should whose,7.326942,-173.948022,19365,2022-04-26,Grassland
Argue wife,-23.541344,-168.221113,34531,2024-11-24,Tundra
Determine word,-80.319173,-43.036551,23646,2017-04-12,Forest
Hear total,-4.172745,76.709286,14859,2020-07-15,Desert
Technology operation,9.076486,69.301467,10758,2019-07-09,Wetland
Throughout thousand,-6.07652,96.144463,2628,2018-04-07,Grassland
Grow message,-42.839535,-169.394158,69871,2023-02-10,Forest
Too blood,-7.767211,165.750398,99039,2017-01-21,Desert
The human,-10.640861,78.805534,99030,2018-09-10,Urban
Evening friend,75.51665,166.09382,15407,2016-12-25,Tundra
Almost current,-65.034584,-14.631434,84141,2020-12-10,Forest
Lead open,-0.886093,22.988606,17085,2026-06-06,Freshwater
Nature probably,-39.29656,-7.532427,98619,2017-11-11,Desert
Foreign wrong,59.147923,49.966348,15717,2019-05-28,Urban
Tell crime,35.303749,173.485459,22520,2017-11-06,Grassland
Seek thank,-85.115974,175.941513,48989,2019-04-12,Marine
Star president,23.004476,-38.34333,60993,2017-08-14,Marine
But leader,82.154335,-148.018317,59705,2022-10-08,Tundra
Build just,81.478628,82.875324,68009,2017-06-06,Urban
Company discussion,7.295896,18.234065,22554,2017-02-11,Marine
Whom baby,-76.486941,-13.181627,70656,2021-09-09,Desert
Case store,55.371603,-45.832253,11117,2024-10-23,Forest
Certainly by,62.966558,-40.696364,35287,2024-09-04,Grassland
Design someone,5.771247,-68.94261,26189,2020-03-02,Grassland
Trade bar,32.798798,-41.583672,13860,2024-10-19,Grassland
Sign sound,-53.510771,171.136762,55632,2019-04-19,Grassland
Network who,59.034362,-28.08567,30696,2021-03-03,Marine
Room develop,86.329709,117.299256,85328,2021-05-09,Urban
Executive ability,-8.709523,-38.543304,28483,2019-05-20,Tundra
Reduce such,-0.449756,-169.798633,82489,2017-09-10,Freshwater
Measure indicate,30.109571,36.117269,23577,2026-05-05,Forest
Several nor,-10.086136,35.945808,85080,2026-06-19,Wetland
Mother Democrat,68.482075,-141.809981,18592,2024-04-28,Tundra
Prepare church,-67.754913,-85.870125,58753,2021-01-03,Freshwater
Parent manage,48.727599,-149.124808,89173,2016-09-01,Grassland
Impact approach,20.018415,-23.278946,9577,2025-07-09,Forest
Somebody claim,-33.380763,8.18707,64178,2018-02-24,Wetland
Establish history,65.49384,90.561577,38632,2020-06-21,Freshwater
Society safe,-55.701323,-33.907003,24566,2020-05-18,Forest
Beyond suggest,51.274369,-92.91818,87196,2021-03-26,Urban
Generation social,40.674006,30.593572,74152,2018-11-05,Marine
Threat tree,88.190227,-141.485614,37435,2019-11-08,Freshwater
Next lay,11.5413,-33.88826,64388,2019-07-14,Forest
Get wind,16.875308,165.765472,20917,2019-09-18,Desert
Leader choice,73.414583,-176.483649,40492,2026-03-17,Tundra
Hand drop,-31.363221,38.286864,30620,2025-09-28,Urban
Social expert,-19.387836,-134.962885,6298,2016-11-26,Wetland
Away little,87.756467,75.152861,33724,2017-05-11,Forest
Use window,-89.168339,-173.099987,43401,2026-06-01,Wetland
Free month,30.109889,-56.325878,57526,2020-11-25,Urban
Certain marriage,55.569961,46.2432,19723,2023-06-16,Urban
Main later,-19.596407,0.67475,89928,2026-01-04,Desert
Add pay,35.931843,-86.673835,71329,2023-07-22,Urban
Book wind,-25.92927,37.545104,22794,2023-11-09,Marine
Into understand,-1.770878,-16.731596,92302,2017-08-24,Freshwater
Kind remember,-79.997368,-149.87215,76396,2020-02-29,Freshwater
Necessary almost,-14.005259,37.954394,89565,2021-11-29,Tundra
Sit away,-3.613133,-58.682456,37392,2024-06-14,Grassland
May none,31.415621,-150.887977,2361,2022-08-03,Grassland
Process medical,-80.932498,73.315314,70977,2024-05-14,Desert
Home so,-33.312503,150.857802,62944,2020-10-23,Forest
Nearly scientist,50.208337,128.973374,26697,2022-08-05,Urban
Minute coach,-43.241415,122.511882,88897,2025-09-02,Wetland
Someone read,76.234279,-161.679256,19472,2020-03-16,Wetland
Positive buy,65.291681,-131.005021,61186,2020-03-25,Freshwater
Force dream,-12.938956,-161.947431,90281,2020-02-09,Tundra
Still either,13.931445,-4.40864,1682,2019-06-01,Desert
Young miss,-35.795149,-85.76354,48053,2024-08-18,Grassland
Through high,-28.733764,27.959558,83360,2022-10-03,Tundra
Security authority,39.58726,89.516227,56616,2023-01-19,Marine
Glass apply,73.401257,-136.674132,4015,2019-05-29,Grassland
Mission air,70.756419,178.478332,32733,2022-02-05,Urban
Be itself,-86.951784,-1.231298,71044,2020-05-07,Freshwater
Sign body,-54.174695,-163.119209,91495,2023-05-29,Urban
Attention method,78.374047,107.656697,36111,2019-10-28,Grassland
Example raise,60.482244,-24.851703,60791,2024-04-05,Wetland
Accept almost,64.639809,-28.906116,46199,2025-10-08,Forest
Board population,-14.032911,-91.141218,69794,2020-07-05,Wetland
Stop scene,68.776646,76.136654,21070,2017-11-05,Wetland
On still,21.322301,62.024297,86513,2025-11-27,Desert
Anyone sense,-15.987493,-36.283208,56399,2018-05-07,Grassland
About table,-40.319924,-31.055441,48455,2022-05-28,Desert
Involve party,15.243946,168.094636,59731,2024-01-06,Forest
Resource throw,-79.737583,86.903388,25515,2022-09-16,Wetland
Goal world,-29.11787,127.156265,97180,2023-08-25,Freshwater
Exactly physical,-25.214736,-126.706568,89861,2018-04-11,Marine
Important from,78.95738,-116.225423,37962,2019-01-02,Wetland
Down central,79.899862,-8.698656,35116,2019-07-20,Tundra
Tv today,-38.398397,-172.240989,8721,2023-01-12,Desert
Sea skill,28.580463,-82.887769,833,2018-03-09,Urban
Effect open,38.95023,-152.783265,93373,2021-04-14,Urban
Degree thank,-75.589164,-109.730877,91907,2025-02-16,Grassland
Address large,-31.696885,-169.805846,33483,2020-04-17,Tundra
Staff small,-30.824634,49.405067,22072,2022-01-20,Urban
Point notice,80.029462,134.631323,65268,2020-02-11,Forest
See more,-62.418293,19.799825,52489,2021-03-12,Tundra
Reason whose,82.080445,122.381717,98564,2019-08-04,Freshwater
Responsibility ahead,-54.74115,-58.111501,15458,2018-07-23,Tundra
Consider stage,-52.343168,-141.351687,82550,2026-01-07,Tundra
Level opportunity,-29.055022,54.538699,16888,2021-08-18,Desert
Suddenly look,68.626596,-95.068786,60572,2019-11-16,Tundra
Bit expert,37.944466,-30.748489,32530,2020-05-13,Tundra
Town anyone,-27.103645,-91.496115,19358,2024-11-26,Desert
Development peace,-20.238106,175.176218,59457,2022-01-27,Desert
Build least,50.520011,125.053233,148,2019-02-04,Urban
What sometimes,32.482386,-104.444201,65572,2024-11-13,Tundra
Discover your,-25.218265,55.158977,15595,2018-12-04,Forest
Care cut,69.817395,62.147328,80567,2019-01-18,Desert
Pretty leave,58.946707,-143.886314,7965,2023-03-22,Marine
Everything value,-52.584359,0.265583,67024,2018-08-05,Forest
Sometimes dream,-73.758224,73.144936,84023,2023-11-27,Marine
Include test,-87.507483,90.827585,62687,2025-08-31,Desert
Food agreement,21.275303,-15.394736,93305,2025-01-16,Freshwater
Spend year,21.025681,-130.105092,86044,2024-03-09,Forest
However yes,89.885151,-67.87285,28419,2025-10-13,Marine
Opportunity ok,16.581511,74.32098,50028,2017-03-05,Freshwater
Group it,60.479412,30.826767,88833,2023-03-19,Grassland
Girl event,37.429166,105.8012,11719,2022-03-20,Marine
Court article,69.76756,95.306085,15536,2024-02-25,Tundra
Southern voice,60.960671,-23.470448,91587,2026-06-08,Wetland
Of camera,14.519341,-74.058995,74315,2024-12-22,Grassland
Over strategy,-68.143303,7.801546,64096,2024-03-26,Grassland
Become whether,-18.997368,158.197302,52983,2024-11-04,Desert
Left dark,56.055773,-58.015227,78666,2026-02-18,Tundra
Citizen result,36.808984,44.622023,16309,2022-06-28,Urban
Enter role,14.570611,41.719107,36378,2020-04-03,Freshwater
Phone goal,-24.843518,-147.243492,44272,2017-04-30,Desert
Leave office,-87.488622,136.293423,16026,2022-03-31,Desert
Dog skin,-26.641453,15.270623,56973,2021-04-29,Freshwater
Report finish,51.961866,16.557685,97165,2019-09-06,Desert
Book third,88.332879,60.204714,37383,2018-06-20,Urban
Another rather,-22.155882,63.901065,83006,2025-01-25,Wetland
Deep company,68.743201,11.457907,11280,2024-10-30,Grassland
Culture car,-54.438495,74.763338,92398,2024-11-07,Urban
American charge,56.651293,-108.358574,96953,2016-08-19,Desert
Choice because,-0.146785,-48.019089,13967,2020-12-27,Urban
Two itself,-38.94418,-20.382278,39616,2018-10-01,Urban
Yeah beat,56.045586,146.955595,82337,2024-10-23,Urban
Four my,-54.963961,65.770068,27766,2019-02-01,Wetland
Side responsibility,-81.473997,-55.241973,57761,2025-03-12,Forest
Name because,-33.301972,-125.843681,72438,2021-02-03,Tundra
Purpose seem,-10.337392,93.634726,10916,2021-05-27,Grassland
Next address,30.494474,-35.430091,50510,2017-06-29,Urban
Garden than,88.865038,-110.052316,40225,2025-11-07,Wetland
Reality quite,85.906708,-61.722383,3587,2022-01-01,Urban
Table spring,88.070514,80.149432,349,2023-10-05,Freshwater
Other visit,-27.210709,-170.790261,64686,2021-06-16,Marine
Real future,-52.536986,-89.070857,88467,2019-04-25,Desert
Because wife,25.626865,-59.795912,748,2019-08-27,Urban
Available city,-13.304583,-32.815997,44048,2017-04-03,Wetland
Clearly far,49.368589,-105.08534,32843,2017-10-29,Freshwater
Government under,-81.717253,-13.347331,2499,2021-03-15,Desert
Walk here,-53.246009,120.354261,98211,2017-03-23,Freshwater
Answer record,17.306313,-26.657322,21394,2017-01-28,Marine
Surface decade,-55.408089,-166.818771,94082,2022-10-13,Wetland
Manager simple,49.965383,41.850049,17404,2025-10-19,Wetland
View hear,80.569683,-156.841371,63417,2025-11-01,Grassland
Foreign doctor,-89.244686,-13.980609,27940,2023-03-06,Forest
Song cell,-83.960444,-166.810337,61140,2020-06-20,Wetland
Month us,77.698048,-122.055501,92256,2024-02-27,Tundra
Forget animal,49.188038,173.387013,50349,2022-05-29,Marine
Sound stock,-50.46137,144.943819,93639,2024-11-04,Freshwater
Money necessary,26.097834,96.153749,49507,2017-07-02,Grassland
Most food,-32.63178,-52.60913,22453,2025-05-29,Tundra
Range sport,-13.666011,-126.234379,16324,2017-02-09,Tundra
Necessary team,7.426425,-6.3981,99736,2017-07-15,Marine
Establish billion,-43.760893,-6.780394,64121,2023-12-08,Desert
Sport bar,-8.022244,-24.029798,94437,2019-04-08,Marine
Student indeed,42.139419,-29.206652,89491,2016-08-28,Forest
Law seem,23.036732,97.113401,76136,2022-02-09,Urban
Many common,-50.882855,2.538673,55485,2019-04-02,Wetland
American prepare,-34.018382,-86.238445,93722,2021-07-02,Grassland
Similar have,43.982764,-148.918032,34630,2020-02-10,Tundra
Almost participant,67.16477,60.879859,11588,2020-12-02,Forest
Enjoy after,-12.897166,-92.557377,67814,2019-05-01,Forest
Medical make,-36.976558,175.799028,32690,2019-10-16,Marine
Laugh song,73.046973,151.777562,20312,2019-11-01,Desert
Surface available,31.894863,-33.906134,36250,2021-11-28,Wetland
Image simply,29.927872,115.22166,95579,2018-03-15,Urban
Soon need,-47.695736,-84.445252,86237,2025-03-19,Forest
Dark forward,-83.770876,-17.248938,37229,2025-07-18,Urban
Note stock,21.417777,-153.271338,17707,2019-11-23,Urban
Research physical,73.990361,11.385667,86388,2017-08-03,Freshwater
Million food,-22.197407,39.139598,87452,2024-11-22,Desert
Other various,66.96445,15.554809,94471,2022-06-14,Wetland
Since shake,-36.065441,-4.648217,64601,2022-10-06,Grassland
Lay season,11.975004,-72.822942,47771,2025-05-02,Forest
Me last,-70.105717,120.933157,18807,2024-08-30,Marine
Couple mission,-18.647471,79.595961,48154,2023-11-29,Wetland
Involve performance,-14.523618,107.31444,86979,2017-05-16,Desert
Describe over,-20.957394,127.2629,9374,2024-05-21,Forest
Pull station,65.296749,-1.644256,52701,2023-06-03,Urban
Back newspaper,79.232067,-168.722479,62033,2026-02-06,Freshwater
Think add,0.792633,65.326604,87330,2024-03-16,Tundra
Kitchen never,-56.130661,-57.694844,13063,2017-05-16,Wetland
Cold near,28.787418,94.848481,45281,2021-12-03,Marine
Open three,43.12364,107.592146,66003,2017-08-20,Desert
Reflect factor,-51.809011,73.251926,53106,2024-09-24,Wetland
Everybody per,-12.154935,-96.82923,59794,2021-10-01,Urban
Rock popular,-76.490588,-149.611477,56451,2016-10-10,Grassland
Car air,-14.984118,114.648608,45117,2025-12-23,Wetland
Particular office,73.351812,171.852744,1165,2024-10-15,Wetland
Despite six,-64.236126,20.765727,51579,2018-08-26,Freshwater
Central sign,-18.787637,104.002419,65080,2025-06-01,Tundra
Them nearly,2.790946,-19.940202,32031,2017-01-24,Freshwater
Billion serious,23.39123,10.742036,71866,2023-10-23,Tundra
Summer many,-22.886583,-60.933241,22117,2022-02-08,Forest
Another stop,-11.977603,33.859346,23042,2024-04-26,Forest
Eight the,-7.741589,-150.513991,44602,2022-11-06,Marine
Will matter,35.362907,86.743669,56263,2017-05-13,Tundra
Room evidence,23.945888,30.018174,31786,2026-03-22,Wetland
Present half,20.599108,9.257121,72809,2017-03-28,Urban
They however,86.008588,149.925809,67941,2023-01-15,Freshwater
Analysis before,-68.61652,64.042666,94101,2018-10-03,Urban
State movie,18.501035,-55.119317,49518,2025-10-02,Forest
Imagine data,-75.641996,156.800843,41734,2020-10-04,Marine
Several girl,-21.767733,89.525648,90425,2020-03-11,Freshwater
Build prevent,35.435258,-38.480944,95091,2022-02-09,Urban
Air resource,76.807674,-110.108172,28568,2022-09-07,Tundra
Idea even,-50.288878,-161.158676,30249,2017-06-15,Desert
Term name,-19.466707,-126.427571,16892,2016-07-19,Freshwater
Piece treat,-68.871853,130.337753,21434,2017-07-12,Freshwater
Pattern student,0.203682,-53.804613,11894,2022-12-30,Grassland
Outside car,-12.618158,112.617648,8911,2026-05-18,Wetland
Best speech,-53.349579,-69.292142,63735,2022-11-08,Wetland
Situation item,82.478764,-164.080331,94623,2017-03-24,Marine
Reality oil,64.702441,122.260977,56444,2018-04-05,Desert
Happy reach,-59.425188,-179.710488,36267,2024-12-13,Freshwater
Indicate continue,35.320053,-159.725059,8941,2016-09-17,Desert
Maybe perform,-4.093538,-12.196356,90835,2023-09-08,Grassland
Sound term,12.275754,129.28388,76019,2020-07-04,Wetland
Data least,6.636139,117.197193,55867,2025-12-23,Urban
According piece,23.807159,122.929922,47618,2017-02-19,Wetland
Husband major,-33.819317,-79.241651,6409,2020-08-11,Forest
Stand nice,-46.928584,-69.815004,19509,2017-08-22,Tundra
Reflect guess,-75.22518,-69.996507,7956,2018-10-28,Wetland
Purpose fall,53.803564,-98.311804,34318,2023-04-03,Wetland
Hotel build,-86.188095,-18.148772,57280,2023-04-04,Desert
Again safe,-77.660522,-0.515169,70711,2024-04-13,Marine
Customer may,1.180432,176.691334,95481,2023-03-19,Forest
Husband foreign,-0.793011,137.346311,33541,2022-09-01,Desert
Night who,16.809022,4.711248,88370,2026-07-14,Grassland
Expect available,-0.801229,-27.142483,89826,2022-07-25,Freshwater
Ball mouth,-8.451652,5.034007,83857,2026-04-09,Forest
Soon medical,-66.978058,103.782138,65063,2019-02-19,Urban
Above skill,41.129855,-1.612725,93531,2023-10-22,Desert
By one,53.209451,-151.717136,54724,2024-11-20,Urban
Customer sometimes,78.662707,24.188059,73734,2024-08-07,Wetland
Section take,-38.712025,-160.013863,24968,2018-11-11,Urban
Lot fight,-15.354355,-91.892499,41215,2025-09-28,Marine
Kitchen region,-36.371889,-86.223567,44071,2024-07-12,Freshwater
Run son,11.404655,-125.677677,30930,2023-03-01,Wetland
Eat wall,-33.145337,39.614896,68724,2021-05-05,Wetland
Finish program,-84.567855,34.190933,17172,2025-06-13,Freshwater
Top somebody,-73.590774,135.156442,2189,2024-03-07,Marine
Must system,-46.939413,44.147554,57319,2018-07-16,Grassland
Explain house,31.845837,-60.479157,46683,2023-10-09,Grassland
Product fire,36.228872,139.624949,48969,2019-09-28,Freshwater
Owner themselves,83.370896,-34.403909,22326,2025-02-09,Forest
Again benefit,-28.842408,26.371774,39530,2018-09-03,Marine
Class story,84.411002,-124.354087,42776,2018-09-02,Urban
Number more,9.54423,-28.240907,45972,2020-08-01,Grassland
Finish you,-65.908638,52.900011,81860,2018-10-30,Marine
Someone campaign,57.706792,68.513502,62024,2017-09-20,Urban
Something history,57.274535,31.494608,75934,2022-01-08,Tundra
Sea travel,-80.775926,115.949825,30984,2019-10-27,Forest
Her floor,-42.300921,175.990122,50237,2023-02-09,Marine
Treat break,24.401105,82.09054,75771,2023-03-08,Desert
Forward executive,-21.154439,-2.286183,35106,2020-08-14,Desert
Time million,-83.090097,32.987867,78315,2025-10-17,Desert
Sit say,-30.696622,-76.518427,8579,2018-06-18,Urban
Stuff list,-19.586302,-29.894566,28623,2019-01-19,Freshwater
How place,59.794374,-11.229419,8918,2026-01-15,Grassland
Most others,56.511813,-76.056926,63222,2018-08-08,Forest
American article,78.914777,158.013097,39902,2023-11-11,Grassland
Partner line,21.995844,-38.351111,7572,2022-05-13,Desert
Reality discover,-88.496686,60.237786,56357,2026-06-25,Grassland
Responsibility onto,48.826861,-55.616926,49868,2023-10-07,Wetland
Official cell,-58.809039,22.664581,54208,2025-10-20,Grassland
Business across,84.193265,-72.822047,46563,2019-09-22,Desert
Never listen,33.245375,124.980703,85932,2018-04-18,Marine
World establish,-2.279516,9.366977,79130,2022-08-01,Grassland
Imagine read,69.436083,51.674748,25861,2021-05-21,Urban
Tend if,45.327949,33.862923,40779,2024-08-13,Freshwater
Control apply,22.863369,-48.537992,31531,2016-10-22,Wetland
However race,20.02787,-51.13308,33440,2018-09-16,Freshwater
Professional size,-41.891269,-25.14563,6903,2017-05-06,Grassland
Can hold,62.434908,-70.814083,41368,2018-07-25,Urban
Picture head,30.355106,74.467497,46089,2022-01-29,Urban
Country minute,-9.660444,106.730273,64036,2019-03-03,Forest
Center view,-4.493917,-72.465541,20263,2024-09-03,Desert
Practice such,72.09138,8.217246,32788,2024-03-12,Grassland
Security six,36.508102,-161.420746,7881,2020-12-31,Grassland
Tough father,-48.503982,-118.67614,95517,2021-03-22,Marine
Measure almost,51.865719,119.65622,42141,2025-06-02,Urban
Happy across,-25.834032,23.412704,58824,2024-08-29,Forest
Wait water,51.26153,-176.385885,16344,2021-06-26,Wetland
Provide personal,-87.572193,153.383661,97575,2022-12-26,Tundra
Piece reality,-21.362109,111.436225,59165,2022-04-10,Forest
Including born,-32.519944,-45.319893,81575,2024-06-11,Grassland
He kind,-38.206188,-167.013304,71067,2020-06-19,Wetland
Player door,66.050934,-146.986549,80441,2016-11-18,Forest
Network building,33.984271,115.830323,36679,2017-09-26,Urban
Might away,-55.696359,77.468061,6550,2025-08-21,Freshwater
Risk behavior,39.871455,-178.279575,49294,2022-01-29,Forest
Conference me,56.48148,122.403069,77402,2022-05-20,Desert
Language individual,82.402997,-43.348703,48147,2017-03-03,Freshwater
Great theory,79.837916,94.303298,86361,2017-10-17,Grassland
Either pick,5.796346,-122.721183,46866,2022-07-16,Urban
Risk citizen,62.175093,107.16322,5611,2019-07-15,Forest
Trip role,-88.957485,9.556928,80004,2020-10-31,Wetland
Country site,-57.704471,-117.79855,71488,2023-06-13,Grassland
Beautiful decide,-77.343378,-27.695782,14468,2019-08-02,Wetland
Leg my,28.603256,80.531455,14402,2019-03-21,Grassland
Sense record,-53.422483,70.150812,29124,2019-04-21,Forest
Figure government,-66.206123,-87.650971,68209,2026-06-26,Grassland
Give model,-86.562339,125.803428,40201,2017-01-09,Grassland
Stage reach,51.110733,5.306221,81681,2023-04-27,Grassland
Quality manager,83.975638,94.730877,33740,2017-05-29,Desert
Alone ball,-78.248219,-151.890843,92825,2017-04-10,Wetland
Road enter,-80.91576,49.951002,91219,2024-05-19,Wetland
Threat any,-14.015649,89.232372,15716,2017-08-08,Freshwater
Name prepare,-29.634817,56.218148,24703,2018-11-22,Urban
Cost success,-14.578145,-122.790343,50024,2020-02-09,Tundra
It choice,41.242728,-61.2568,56445,2023-02-23,Urban
Receive moment,23.279663,4.037086,45452,2025-08-15,Freshwater
Start long,81.403603,137.963342,88152,2021-05-14,Urban
Stop fish,-38.285538,-20.337387,1952,2018-11-27,Freshwater
Treat four,-15.016053,120.267616,64517,2022-03-19,Marine
Management minute,33.799685,-42.994332,59273,2017-07-04,Grassland
In home,80.696367,-69.690701,7910,2021-05-26,Marine
Little forward,70.802162,-15.824185,56886,2025-02-08,Freshwater
Hit body,-45.027468,73.825964,48533,2024-01-22,Forest
Remember party,19.31687,49.724612,4452,2025-08-14,Urban
Likely husband,23.392121,153.696205,59380,2025-12-04,Wetland
Treatment offer,-53.944098,-163.752641,25113,2024-09-15,Freshwater
Trial if,-72.656823,85.513715,96305,2025-07-16,Grassland
Industry line,86.554119,-126.608171,37542,2019-06-17,Grassland
Significant key,-65.331838,-157.685558,24409,2020-05-26,Desert
Whom throughout,73.084253,-162.974574,95768,2019-03-30,Desert
Impact might,-18.11842,-6.888099,53913,2017-05-31,Tundra
Benefit official,-13.204239,29.117746,90277,2016-07-23,Freshwater
Paper stay,-85.942611,-128.544938,59964,2017-04-21,Urban
Method focus,-38.382779,-12.394432,71948,2022-03-29,Wetland
Political total,-51.13562,-75.910948,20697,2018-09-12,Tundra
For perform,-25.547357,126.301017,83793,2021-07-10,Forest
Picture window,-61.800437,-27.037235,61442,2019-05-24,Desert
Because bag,48.383289,-62.39335,63029,2024-08-09,Desert
Citizen statement,57.124175,-99.695512,10713,2017-12-17,Marine
Fine international,-87.686833,163.776985,81242,2021-09-03,Urban
Where commercial,49.950161,0.08623,57972,2022-06-06,Grassland
Wish some,62.971621,146.635105,95043,2017-01-10,Desert
Kid drop,-79.018522,-33.468853,92630,2025-11-11,Desert
Real do,-14.110399,-17.093615,96836,2025-04-08,Tundra
Better reveal,25.213133,143.895588,64004,2019-09-30,Forest
Improve difficult,50.140966,-79.075027,52092,2024-10-10,Marine
Do leg,87.300588,-86.427571,942,2017-07-12,Tundra
Most trade,-36.911367,90.029192,89364,2022-03-21,Tundra
Approach accept,-52.925953,138.485505,57907,2022-11-13,Marine
Much Democrat,-9.578018,-58.850362,5556,2022-09-04,Freshwater
Rest into,75.833329,-83.107026,18584,2025-01-14,Marine
Agent firm,28.193007,123.041083,50563,2021-03-07,Grassland
Bar campaign,-83.591555,-61.080746,90361,2016-11-20,Desert
Become officer,57.087953,167.108359,52902,2021-04-15,Wetland
Election hard,-26.252118,-75.658346,70307,2018-05-09,Desert
Action decade,-28.233668,-33.552807,43619,2026-04-27,Freshwater
Control bank,-46.918985,-53.904683,14749,2020-10-22,Desert
Future bad,74.210105,-16.843934,73736,2019-08-19,Forest
Daughter life,-63.404404,-12.533192,80538,2024-10-25,Forest
Among decade,64.215737,-136.339867,78671,2022-11-20,Grassland
Onto brother,21.827474,-63.470135,32439,2025-03-06,Wetland
School financial,58.337488,-2.468435,20272,2022-01-13,Forest
Evidence information,5.282541,-124.085027,66280,2018-09-25,Wetland
Get prepare,30.805064,53.553513,44867,2023-06-20,Grassland
Federal picture,-45.498348,165.937635,6273,2018-09-23,Wetland
Although unit,30.782553,15.900093,3697,2017-12-08,Desert
Least run,-84.336997,-12.034894,84370,2016-10-06,Desert
However born,86.97497,-53.328977,51298,2025-10-01,Tundra
High he,63.756483,-136.849262,58074,2020-07-14,Marine
Task recently,-62.848991,103.860469,4569,2022-11-29,Grassland
Nature pass,-35.967276,-35.103438,77671,2024-03-02,Grassland
Reduce lead,-14.241216,84.893349,19808,2016-08-12,Urban
Leave music,26.34235,-129.395746,63220,2016-09-19,Freshwater
Father enjoy,-64.279599,72.904568,39468,2024-11-21,Grassland
Agree heavy,4.581328,46.995172,58712,2024-10-16,Tundra
History church,-75.526345,-69.681777,62355,2021-06-07,Wetland
How mention,57.18874,59.22718,25424,2019-03-13,Desert
Impact collection,56.176973,61.55545,17521,2024-03-08,Tundra
Fast show,-4.203596,-115.398873,60608,2019-02-18,Grassland
Image special,12.175203,31.782374,32979,2025-11-15,Tundra
Also tax,-77.202043,-82.589922,55065,2017-08-04,Urban
Theory whether,-82.034285,-102.783039,52022,2024-08-01,Urban
Either need,-60.253255,64.32785,1446,2018-05-08,Marine
Along run,-40.819657,102.027476,95948,2022-08-28,Tundra
Social fact,-5.541812,109.01939,19809,2022-04-24,Desert
It when,-11.851594,71.553461,87277,2025-07-06,Grassland
Statement sport,72.956715,-142.949023,5153,2017-12-04,Forest
Own hot,-53.703794,-86.87907,32662,2017-02-12,Desert
Meeting focus,-32.831758,-172.950779,21197,2017-10-29,Freshwater
Mrs subject,-89.632136,-162.164305,58947,2022-10-21,Urban
Central leader,44.326469,10.687727,71226,2023-04-09,Desert
Growth exist,82.581135,14.049113,52494,2017-12-11,Grassland
Song room,56.419433,102.646862,55866,2021-05-02,Desert
Something avoid,-23.382683,-159.462025,83875,2017-10-24,Urban
These plan,22.51676,-93.619889,86901,2020-01-11,Wetland
Expert window,84.972203,-54.963944,95796,2019-10-06,Urban
Yes compare,-78.229676,-78.291037,98522,2021-08-30,Wetland
Old quickly,65.001771,-5.68013,89020,2024-03-21,Grassland
Case appear,71.614145,-167.798196,33467,2025-02-26,Wetland
Through newspaper,75.869767,1.227708,5854,2016-11-15,Tundra
Loss expert,79.485776,112.065531,67508,2021-04-01,Marine
Assume author,-5.04417,-103.377495,37052,2019-09-09,Freshwater
Job least,89.976562,-89.009318,3703,2021-10-01,Urban
Live important,-54.505527,101.297623,46448,2018-06-23,Forest
The issue,79.657832,-23.644287,86243,2025-09-30,Forest
Practice national,67.124214,-117.620504,63998,2018-01-22,Forest
Purpose because,23.217831,175.040206,68874,2017-01-30,Marine
Sister usually,68.497112,14.460522,51064,2018-06-10,Urban
Among begin,3.496366,-49.660246,12388,2021-08-03,Marine
Spring forward,64.747006,52.652003,54572,2019-04-05,Wetland
Fill law,63.155538,-14.619398,31207,2020-11-27,Marine
Dog begin,68.178213,-34.09422,71075,2017-01-11,Urban
Away protect,11.344855,-110.857706,71965,2019-07-27,Wetland
Build education,4.923454,-121.957942,75730,2017-01-31,Urban
Free international,44.888076,28.553585,9957,2024-06-11,Tundra
New edge,83.06753,-6.069133,25540,2025-12-20,Forest
Miss soldier,58.04844,43.73004,98704,2020-07-15,Tundra
Road save,-79.416481,-19.0863,98735,2024-10-21,Freshwater
Culture student,71.908096,-102.520068,4796,2018-05-25,Grassland
On poor,-27.748977,62.477448,87205,2020-12-25,Marine
Forward training,55.679041,-167.646524,27103,2023-03-09,Wetland
Some base,-16.583926,106.21498,83487,2018-06-30,Forest
Color where,-61.293848,-22.986153,14689,2024-11-25,Marine
Purpose which,18.762532,110.685834,17259,2025-05-27,Tundra
Set particularly,-4.18256,-171.817905,70410,2022-11-15,Forest
Allow brother,-35.320625,147.728746,57099,2022-06-21,Freshwater
Point forget,-13.069826,-95.798357,7643,2025-06-02,Urban
Condition hold,55.73051,108.993483,44958,2019-03-02,Freshwater
Pull management,-2.000823,80.471485,32507,2025-10-03,Grassland
Lose direction,70.174809,-157.927703,44706,2018-11-08,Freshwater
Know commercial,16.529065,93.637647,11270,2025-11-10,Grassland
Mrs century,55.653303,-55.10368,59119,2020-02-18,Tundra
Leader picture,-77.781041,21.304746,29436,2025-07-30,Urban
Off property,-84.264888,-116.950269,31296,2021-01-23,Forest
Dinner including,81.582538,-87.627525,30309,2017-05-21,Forest
Environmental some,-26.642057,-106.365437,12228,2016-08-23,Desert
Knowledge itself,23.220851,-131.558745,57077,2025-01-08,Desert
Tonight senior,-42.674687,10.696071,21721,2020-04-02,Wetland
Character enjoy,-17.454369,80.503006,4980,2023-09-15,Tundra
Nice yes,3.881628,-12.069291,93050,2018-08-04,Marine
Threat she,-21.906492,-177.813835,49729,2024-12-28,Tundra
Could poor,-60.871517,-141.388785,33411,2026-05-08,Wetland
Popular later,13.640729,-2.687607,43827,2021-06-23,Marine
Each huge,-21.276241,146.718888,34217,2022-03-10,Tundra
Over data,5.466012,151.742707,14849,2019-05-23,Desert
Already reveal,-80.405252,142.993294,46304,2025-01-13,Freshwater
Time against,-55.178094,-79.957212,13965,2022-07-28,Tundra
Key stock,4.015811,-20.932559,95558,2017-10-31,Marine
Ahead watch,-51.087415,137.287948,761,2024-04-23,Grassland
Camera off,46.576934,173.879582,29259,2024-03-13,Desert
Rise population,3.423061,-43.529601,24292,2026-05-16,Forest
Law third,78.821944,-79.885231,68739,2021-07-24,Grassland
Set as,-48.37809,76.059924,51326,2024-07-24,Wetland
To born,-84.091033,-71.757356,18579,2021-04-23,Urban
Able line,-37.29709,-5.885417,77006,2020-08-15,Tundra
True near,-69.300177,161.959434,28227,2026-03-06,Urban
Season yourself,-83.87044,3.116665,73833,2025-07-11,Tundra
Yourself summer,37.349453,-44.099759,83431,2021-03-12,Forest
Produce all,14.435114,-25.145941,19850,2017-01-05,Tundra
Gun hundred,-38.299313,72.602445,62584,2019-02-11,Urban
Goal under,-33.194076,-108.850604,96763,2019-11-17,Tundra
Whether throughout,-83.157192,-145.97186,17303,2021-02-18,Forest
Material without,75.99538,112.828819,72242,2024-05-16,Wetland
Democrat through,-70.958336,-48.176785,82587,2020-10-26,Urban
Listen represent,76.183877,-159.622034,46774,2018-05-13,Freshwater
Rate help,-77.078194,-77.282584,38563,2018-08-06,Desert
Drop build,-20.187837,-58.061822,9184,2020-03-14,Urban
Guy international,-18.24977,-170.098334,24727,2023-09-08,Desert
Thing later,-33.214698,71.409579,61928,2017-10-10,Tundra
How magazine,-75.256877,-147.34277,66321,2018-02-19,Freshwater
Tonight later,8.803956,82.089598,22538,2022-05-23,Forest
Name customer,-1.667058,45.841543,97539,2022-05-25,Urban
Letter or,69.553857,-28.688856,79371,2022-10-15,Tundra
Name federal,7.809238,81.64562,97706,2020-02-24,Desert
Speak activity,-31.175448,-78.867395,92482,2021-08-19,Marine
Beat around,-17.075176,-163.713585,47560,2017-03-25,Freshwater
Off view,18.401732,93.961126,16012,2020-03-04,Tundra
Crime boy,64.734159,32.911036,5075,2025-03-20,Grassland
Talk remember,28.016553,164.048088,20946,2016-10-30,Forest
Well student,82.676835,112.671557,56439,2024-07-26,Tundra
She choose,-27.06342,153.184561,75079,2022-04-27,Forest
Worker share,9.267505,-116.641424,60317,2024-01-06,Urban
Hope population,79.473091,-81.207472,30579,2018-11-24,Wetland
Fact us,48.032238,-146.071298,40408,2024-06-12,Tundra
Expert rock,-79.785772,-153.300172,7289,2025-06-15,Desert
Specific arrive,-50.630026,-168.094407,85778,2018-04-02,Wetland
Edge common,72.301958,-97.828512,55384,2021-01-12,Desert
Magazine wear,36.397989,-11.091165,74902,2018-04-07,Desert
Expect she,-85.983232,167.37215,81984,2020-02-27,Marine
Rate compare,1.859663,-90.907934,42129,2021-09-22,Marine
Box near,-13.883977,-87.367483,45943,2017-09-03,Wetland
Baby its,-15.189916,-120.857254,57923,2020-11-15,Marine
Organization any,57.651337,-145.461884,61930,2016-07-21,Forest
Tend the,-54.858362,-113.40733,88216,2020-11-10,Tundra
Because like,55.80478,-65.458305,85976,2018-04-24,Tundra
Increase ten,-35.482435,81.181178,77398,2024-12-13,Marine
Open think,-20.508537,72.251194,66485,2020-12-06,Desert
Politics third,-28.000425,178.771067,4190,2026-04-25,Forest
Today chair,6.30549,-165.182008,61015,2017-07-13,Urban
Poor at,4.191061,-82.598609,45146,2016-11-26,Marine
Rich similar,-77.914305,55.354609,84008,2018-10-30,Grassland
Exist without,10.677164,-64.268042,93086,2016-11-30,Tundra
Ten clear,17.628557,-86.059069,25755,2017-01-13,Wetland
Red indicate,75.081492,-122.276734,5697,2023-01-11,Tundra
Discussion tree,-81.773036,-144.957655,94469,2025-03-18,Wetland
That room,43.886025,-34.68659,24660,2025-10-28,Marine
School six,-16.818752,151.112081,52002,2019-08-16,Freshwater
Meet degree,-58.615823,-76.930027,30534,2017-08-26,Urban
Themselves leave,-28.539182,160.463528,48858,2019-07-16,Wetland
Language choose,4.563532,-145.943212,8209,2023-08-28,Wetland
Safe short,-62.871605,-14.611179,1123,2019-11-15,Grassland
She author,36.047351,114.609678,92661,2016-12-03,Freshwater
Treat age,57.698578,127.957742,39433,2024-08-06,Freshwater
Democrat second,28.849085,55.895282,45507,2020-03-14,Forest
Bring employee,-45.004678,-133.157594,24221,2021-07-22,Wetland
Us study,40.179237,-26.652994,53341,2024-10-26,Grassland
Paper section,36.35495,8.342947,79587,2017-03-17,Grassland
Very you,-66.456023,140.48027,31335,2023-12-02,Wetland
Art treatment,40.121399,154.458409,57279,2019-01-07,Marine
Allow quality,51.599606,-49.935065,15362,2018-06-09,Forest
List so,-25.423457,-52.885342,36334,2016-11-01,Forest
School number,15.679715,-71.724201,38800,2017-11-27,Wetland
Child together,-22.91845,25.24071,19292,2024-12-25,Tundra
Technology south,-78.548788,-138.320745,23840,2025-05-31,Grassland
Lose message,-49.070711,7.666838,35526,2022-10-17,Marine
Hotel day,-23.469896,-111.043745,92592,2018-06-19,Tundra
Strategy cost,47.663094,169.769353,65893,2025-04-13,Freshwater
Eye their,3.352816,-121.432798,10879,2016-11-12,Marine
Spend different,89.085762,-176.662573,47940,2022-06-19,Forest
Staff military,85.708539,98.45048,29446,2020-06-23,Forest
Man each,-4.345921,105.939485,30503,2017-08-27,Forest
Attention understand,-9.472698,-36.515295,43594,2017-11-26,Urban
Toward party,-47.889674,112.199465,73367,2019-11-14,Grassland
Reflect word,89.222757,31.587165,4161,2022-05-23,Marine
Size customer,31.49863,109.610455,22688,2018-10-27,Freshwater
Among certainly,22.223812,61.811403,70154,2021-11-06,Grassland
Best certainly,-54.285312,-169.656117,72814,2016-09-22,Grassland
Language voice,12.565966,24.374901,9211,2019-06-29,Tundra
List product,-87.986764,-110.9942,60307,2025-06-11,Tundra
Task image,-41.068404,-72.8102,42662,2025-03-02,Wetland
Probably production,-66.733821,164.85829,46409,2022-11-01,Marine
School main,-32.138885,107.312272,901,2021-08-02,Urban
Drive way,47.30366,89.685444,6677,2016-12-22,Urban
Wind than,-17.127548,-89.420366,38517,2020-01-11,Desert
Price skin,74.767321,172.989621,56943,2022-05-15,Freshwater
Bar less,-87.414433,-106.342503,27016,2025-09-08,Urban
Ask reason,16.958923,129.299841,6390,2017-10-16,Forest
Top them,19.047409,47.926126,92029,2020-05-16,Desert
Will evidence,-37.045201,-37.836494,24933,2018-01-15,Marine
Training go,48.273553,-15.129692,55085,2019-11-20,Desert
Number official,49.030355,32.424799,18903,2024-05-14,Urban
Environment kid,-83.695929,-93.98161,89801,2017-10-26,Tundra
Reason mean,4.116072,-126.96934,64887,2021-06-22,Urban
I teacher,32.040132,-59.732295,48541,2025-03-28,Wetland
Gun risk,55.763244,74.568497,96404,2025-01-31,Urban
Concern receive,-42.860584,-1.04223,70842,2016-11-27,Marine
Particularly recognize,-5.798056,70.653019,44031,2022-11-27,Wetland
Method reality,-66.743937,154.530221,80577,2024-06-29,Wetland
Woman price,60.230945,-143.560416,79137,2022-07-15,Freshwater
Consider company,6.072739,159.02123,24140,2021-12-01,Tundra
Since system,-13.981633,-177.210339,7252,2016-11-08,Wetland
Grow fly,-65.414587,-9.727648,65985,2025-10-11,Urban
Tend pressure,-38.879934,-92.026805,36194,2020-09-25,Grassland
Wear alone,60.55957,5.152028,21484,2018-08-07,Urban
Time assume,-39.525693,-39.061281,15041,2020-07-12,Tundra
Indicate past,-16.810462,28.248142,75522,2023-01-25,Tundra
According person,-6.275666,-133.103434,2343,2020-06-25,Forest
Visit care,-7.203099,-169.20236,77006,2022-12-16,Grassland
Season somebody,-5.191212,80.073511,28241,2021-06-16,Tundra
Wait just,69.211875,-46.756665,6283,2019-08-10,Urban
Total focus,-1.485434,-27.184709,94041,2019-06-01,Marine
Thousand summer,-55.384411,-65.556105,38315,2025-11-19,Forest
Blood behind,-20.064989,-85.293845,81621,2025-03-06,Tundra
Hope week,81.207544,-45.511976,36555,2021-08-23,Grassland
Already travel,-60.094557,-3.100528,34815,2022-01-19,Wetland
Scientist fund,-20.618123,48.257349,68190,2023-05-18,Tundra
Drug here,24.714821,157.316702,13225,2022-01-11,Wetland
Compare suffer,24.759776,43.79954,28486,2018-02-05,Marine
Appear sit,-89.255337,-36.905515,2316,2023-09-09,Forest
Lead mother,1.750009,96.242445,39484,2026-01-07,Urban
Hope case,-46.789285,160.758736,541,2017-12-07,Tundra
Off media,14.853914,-83.459482,70082,2018-06-30,Grassland
Can measure,-53.62416,160.131184,31522,2020-10-22,Desert
Finally say,-86.188936,117.940419,49217,2020-10-01,Tundra
Away model,-65.635877,-73.785044,12930,2021-03-11,Wetland
Pay although,8.216403,42.024878,66880,2020-11-29,Grassland
Teach we,81.152943,-32.907496,55482,2022-02-15,Freshwater
Bit likely,60.823006,51.692479,62295,2017-10-29,Forest
Build drive,-3.47236,-122.106494,75469,2024-02-28,Wetland
Structure claim,-19.306539,-24.941063,60310,2023-07-08,Urban
Partner allow,44.7558,-0.455089,98829,2016-11-09,Wetland
Especially two,-39.728708,-109.151468,78942,2016-11-07,Grassland
Effort ok,60.975758,35.265456,65999,2018-11-05,Tundra
Season listen,-54.884104,-104.268094,975,2022-03-04,Forest
Million back,10.934745,107.4992,78620,2025-07-24,Tundra
So environment,-85.209888,133.041091,39125,2023-05-23,Marine
Agency customer,13.549577,-25.01036,59474,2022-12-11,Marine
Structure represent,-78.359407,89.699553,95614,2022-12-11,Marine
Nature ok,-21.935305,132.371635,11627,2024-07-08,Wetland
Skin form,-0.528513,-133.332923,56676,2021-04-17,Tundra
Glass think,-80.232339,-71.695959,65027,2017-01-21,Marine
Full group,78.338824,-137.3727,86449,2022-05-20,Urban
Church sing,27.02334,156.293263,62101,2024-04-24,Grassland
Six free,-72.750306,-171.10507,27050,2020-02-06,Grassland
Today long,-64.921329,-127.423446,32284,2023-09-25,Desert
Building subject,44.448187,82.404954,87390,2018-05-14,Forest
Heart old,-69.680109,172.106084,96680,2024-12-14,Marine
Sport likely,-34.740862,61.27806,46161,2017-03-11,Marine
System future,21.477535,-33.298798,31451,2025-01-11,Marine
Lose leader,41.908809,-126.000463,79958,2016-09-10,Grassland
Test tonight,-7.706166,-15.233704,98628,2023-10-13,Desert
Commercial political,23.631238,-32.512074,68146,2024-07-07,Urban
Professor mention,36.824145,35.321414,38527,2021-01-28,Tundra
Approach past,-82.105331,-169.072972,69507,2025-06-09,Marine
Play huge,-6.53555,32.091303,55754,2026-01-28,Desert
Art with,-74.704123,-148.866139,26618,2021-11-30,Freshwater
Sort tree,-23.42421,-55.012307,54520,2025-02-05,Wetland
Day professional,-59.106624,111.933427,12242,2025-04-09,Desert
Ability agent,88.588061,-121.042007,71343,2024-12-21,Marine
Garden provide,-48.223091,-176.258186,9934,2020-09-18,Marine
This land,28.145348,-147.423229,27229,2021-01-08,Grassland
Reason city,53.196216,-137.786292,30953,2018-12-10,Urban
Use think,-23.567172,-77.115716,37612,2026-07-07,Desert
For type,-80.071748,-115.326026,81866,2017-10-01,Urban
Civil live,62.65091,-136.866363,46699,2023-09-10,Urban
Will board,-24.59528,66.452768,96443,2022-02-27,Marine
Theory end,56.596595,123.952561,74880,2018-08-03,Forest
Return really,47.082654,-104.093659,73337,2023-01-05,Freshwater
Wife act,41.508006,-138.982879,42069,2017-11-30,Urban
Follow PM,-54.853832,-88.915963,37019,2025-07-20,Freshwater
Scientist lot,-78.674542,19.526355,67684,2023-03-31,Desert
Necessary quite,-70.678619,81.68548,11011,2023-08-08,Forest
Society value,-89.156666,-177.587134,42230,2018-05-17,Tundra
Return will,71.243936,103.53572,68955,2016-10-20,Tundra
Represent rule,12.513796,-89.767997,35612,2024-06-01,Tundra
Religious few,-3.936601,95.596608,14788,2017-12-18,Urban
That week,58.761212,-0.544137,53583,2024-03-31,Freshwater
Former fact,-43.545635,-75.169032,20499,2016-10-09,Wetland
Ask machine,7.657327,-126.606573,74649,2016-12-26,Tundra
Side a,-6.975704,95.273986,75758,2025-02-19,Wetland
Shoulder charge,-37.910233,-121.892128,17255,2017-11-05,Tundra
Start like,-57.150317,-22.524398,9177,2021-01-01,Freshwater
Hold camera,67.013379,-157.960017,88181,2025-03-29,Wetland
Education year,73.778798,-148.501898,71484,2017-06-25,Forest
Fact add,-88.52072,54.421438,22510,2021-12-29,Marine
Mrs then,-46.423855,-57.325038,7458,2023-11-09,Urban
Man cup,-13.604145,173.451761,23593,2023-12-11,Tundra
Bill evidence,13.458169,52.895936,30073,2019-03-19,Freshwater
Piece send,55.011474,128.21603,42338,2022-03-23,Desert
Walk you,88.113433,-22.369343,44370,2017-10-05,Urban
Black interest,74.17147,27.792756,18640,2022-01-23,Urban
Because note,-35.743077,171.146857,18586,2023-09-20,Urban
Admit financial,-72.392146,-96.931311,74306,2016-10-17,Freshwater
Wife name,6.442056,177.514256,42759,2025-09-05,Freshwater
Cut themselves,-56.317428,-88.088897,97610,2017-03-07,Grassland
Firm professor,-16.959186,91.518157,53509,2019-11-13,Tundra
There think,76.004258,-117.275231,82945,2022-02-09,Freshwater
Election look,-49.880355,-97.4952,16604,2025-07-27,Wetland
Together send,21.214026,-12.263269,29174,2021-04-02,Tundra
Important show,-47.458186,-19.618582,86193,2019-05-12,Tundra
Whom ball,-87.76512,-29.732284,32992,2025-03-17,Tundra
Vote true,-12.275678,-110.487854,64093,2016-12-04,Marine
Skill debate,-62.845987,4.573121,95510,2022-01-12,Forest
Season person,33.098458,-173.832663,54280,2022-07-27,Desert
Fast man,-62.584861,-96.959155,55434,2020-02-09,Grassland
Second citizen,58.669209,-74.882884,78343,2020-11-27,Forest
Occur those,-9.155673,138.925329,9056,2019-12-19,Tundra
Reveal entire,-11.308649,-29.237881,26692,2024-05-08,Wetland
Again including,-53.992179,5.994488,92211,2022-06-19,Marine
Federal shoulder,-59.053179,65.036404,69774,2020-09-07,Grassland
They south,-78.22911,-93.457619,84741,2016-09-19,Freshwater
Feel once,68.778115,-174.653852,46146,2021-01-13,Tundra
Early discuss,72.173557,-116.374322,61006,2022-04-09,Freshwater
Direction politics,76.466253,-11.106831,72342,2023-12-19,Urban
Skin cell,-6.646608,151.900173,10877,2023-07-20,Tundra
Even process,23.178484,88.100036,95478,2022-06-29,Freshwater
Message unit,-26.435288,35.367143,94424,2025-08-05,Wetland
Baby position,-0.934276,105.212928,44491,2020-11-03,Forest
Capital relationship,80.245718,100.743175,25367,2026-06-16,Grassland
Create again,-78.356036,14.282665,96813,2018-03-21,Wetland
Window around,-69.308875,-67.622186,44916,2026-07-02,Marine
Policy last,63.316481,-93.475225,69804,2026-03-13,Freshwater
Arm reason,-43.47656,155.650533,96354,2024-12-11,Forest
Fear bring,-13.795195,53.868885,60921,2026-06-04,Wetland
Little true,-18.192135,62.200593,216,2019-10-02,Urban
When where,6.378259,13.305577,69230,2023-10-27,Urban
Major begin,77.138601,7.161627,50739,2023-03-07,Freshwater
Company attention,73.16383,-110.498306,83539,2020-06-09,Forest
First easy,44.784917,159.367441,60386,2016-08-01,Desert
Five ground,-74.53017,31.514092,58283,2023-08-02,Freshwater
Two specific,32.039557,82.810796,51595,2025-10-23,Urban
Best star,-15.567247,40.097928,30514,2024-06-11,Wetland
Thing if,-56.066604,20.223568,34203,2023-10-31,Urban
Site guess,-15.232149,-92.761502,61982,2022-01-13,Wetland
Door maintain,75.156115,110.273815,19829,2016-10-03,Urban
Follow picture,22.456124,17.935658,64167,2026-04-20,Desert
Free mind,16.131844,-77.717855,68945,2024-06-27,Tundra
Church force,-57.122011,-69.45666,92038,2021-03-21,Marine
Stand window,-6.98378,-149.83446,79450,2022-09-18,Grassland
Nice here,-73.260293,-43.472409,52168,2016-09-21,Desert
Letter the,-69.271486,132.184932,49449,2018-07-02,Desert
Mention him,-43.204596,84.016692,76656,2022-06-19,Tundra
Respond baby,34.388795,-82.982543,38792,2025-12-20,Urban
Leave response,82.700423,-77.081537,51697,2025-07-31,Tundra
Mention activity,72.35379,69.589453,37535,2017-08-27,Marine
Various join,-20.109437,-143.868732,69648,2020-09-13,Tundra
Hope professor,62.108844,117.672607,90173,2019-08-01,Freshwater
Research eat,29.763968,-127.411361,3079,2019-11-10,Marine
Situation away,-57.473593,99.821877,45279,2020-02-16,Desert
Agency break,33.741885,-67.9656,38633,2023-05-12,Wetland
Follow someone,-18.881596,-7.788119,75571,2021-11-12,Freshwater
Four resource,3.118548,154.212319,35774,2025-01-23,Forest
Side above,66.427823,-80.954145,10343,2025-01-17,Forest
Any magazine,64.076396,47.538366,37403,2017-11-16,Desert
Forget force,-71.958852,116.000127,98599,2023-03-25,Urban
Her practice,7.083033,111.567466,90244,2017-08-20,Tundra
Manage himself,55.568325,51.119121,86278,2022-11-07,Desert
Stop attention,-78.637873,31.48841,21247,2020-06-01,Forest
Whatever red,-66.034696,-119.379858,37953,2017-07-03,Freshwater
Popular a,89.061135,121.281515,73235,2025-09-06,Wetland
Southern school,54.69116,-93.903356,84810,2021-01-13,Wetland
Strategy education,-64.360422,78.203367,54627,2025-09-05,Desert
Each theory,86.365725,131.4317,40686,2016-10-05,Urban
And kid,-0.86294,-27.785201,14562,2018-06-28,Wetland
Reason close,-67.027271,66.440283,4654,2017-04-21,Wetland
Lawyer however,41.666101,94.701343,35499,2017-05-04,Wetland
Open however,41.895646,12.462785,98576,2018-02-01,Urban
Various first,87.787544,-106.842429,43998,2020-11-09,Wetland
Despite what,69.96978,19.560595,68132,2025-10-05,Freshwater
Despite finally,63.550034,65.2609,82268,2022-05-04,Grassland
Laugh become,1.488016,106.409856,79399,2024-11-26,Tundra
Contain for,33.913281,-108.474082,14430,2018-02-07,Marine
Build traditional,17.515635,-48.361437,42785,2019-11-30,Urban
Bill during,73.934983,-169.044123,89165,2018-10-28,Freshwater
Man before,-71.883034,-144.330035,65835,2022-01-21,Marine
Deal girl,70.493959,-177.596975,65582,2021-12-16,Forest
Focus open,46.76383,14.340599,51685,2019-08-05,Forest
Energy live,19.099165,-54.175911,84767,2021-06-10,Desert
Race fast,-57.477392,4.367728,18459,2025-01-17,Desert
Itself nearly,25.127867,-108.29063,7049,2020-08-25,Freshwater
Again success,-89.420834,63.256357,52044,2019-01-26,Desert
Individual material,34.628176,-31.026778,35527,2023-07-30,Grassland
Dinner recent,-34.695585,53.809271,73226,2017-12-13,Tundra
Race be,-13.378216,160.22918,98338,2022-02-28,Desert
Happy ten,60.936042,165.673445,93716,2016-10-04,Marine
Must national,-46.521738,-131.761298,760,2021-10-29,Forest
However good,4.233787,-146.447876,93415,2020-03-20,Grassland
Both need,-26.130236,131.019373,36058,2018-06-12,Marine
Live house,-27.432952,45.232572,36767,2025-01-05,Urban
Student market,85.89744,175.659429,912,2025-07-02,Grassland
Yard serious,-3.404606,-164.88323,90623,2025-07-19,Forest
Until blue,-59.727416,-156.009422,92889,2023-12-15,Freshwater
Sell environmental,63.254448,175.556614,56796,2023-01-05,Urban
Particular mission,79.345015,-89.033272,14002,2018-05-11,Forest
Almost well,-42.294042,46.788684,74318,2022-04-23,Freshwater
Evening line,80.980612,157.541988,10450,2021-03-26,Wetland
Mean event,-64.09181,96.647349,84775,2025-10-27,Marine
Break appear,22.7499,143.495838,68987,2019-02-09,Wetland
Environment on,62.331754,85.975972,18774,2025-12-08,Desert
Bar let,-15.673108,-31.952292,91604,2018-05-24,Wetland
Design television,19.016276,116.080244,71723,2016-08-18,Tundra
Sing eye,-78.803465,28.13189,66456,2025-12-13,Freshwater
Like keep,-85.107614,-158.087569,75714,2020-08-11,Urban
Voice happy,31.310532,106.685481,95526,2020-05-11,Freshwater
Such late,25.280079,155.780688,55798,2022-05-20,Marine
I adult,88.923344,-36.895141,51796,2018-07-21,Grassland
Happen view,-79.564801,8.43689,20648,2018-09-25,Marine
Economy pretty,85.799247,105.680206,81405,2026-07-10,Desert
Forward water,-22.820662,-92.238181,7914,2024-11-08,Grassland
Vote me,16.89889,28.527266,68727,2023-09-13,Freshwater
Morning Congress,-63.988537,-169.436693,3681,2018-07-17,Grassland
Present chance,88.235479,59.028041,15410,2018-04-15,Grassland
Expect any,30.466966,-99.605949,43360,2018-01-15,Forest
List race,-39.176801,165.950184,69832,2021-07-31,Grassland
Like record,-49.843912,66.433144,77888,2016-09-16,Wetland
Security dream,41.015393,127.628937,76669,2017-04-05,Marine
Organization police,23.882239,115.9515,39272,2024-10-20,Marine
Within brother,-47.700525,-52.068918,98966,2017-09-06,Tundra
Production rather,83.371558,7.532596,99384,2019-09-09,Freshwater
Stock many,12.477867,41.100185,94235,2022-11-13,Tundra
Others involve,79.610506,28.624667,24246,2025-07-22,Grassland
Ask suddenly,-22.093734,44.91259,11525,2023-04-06,Urban
Lead eye,-27.393034,37.282024,6952,2024-01-09,Marine
Man few,-29.102638,61.266143,55388,2022-02-13,Forest
Information particular,-3.602587,147.549854,69965,2026-03-01,Urban
Main mission,-84.575329,-172.29663,97570,2021-04-26,Desert
Push key,-16.490217,-55.98111,10911,2020-05-18,Wetland
Act evidence,86.392949,-92.60977,63033,2018-04-06,Desert
Produce will,69.485791,23.664455,75350,2021-07-17,Urban
Better fight,81.628902,127.248073,13116,2016-11-15,Urban
Oil book,6.563291,136.415758,9302,2025-11-19,Wetland
Environmental nearly,35.19261,-177.144238,25701,2023-07-27,Marine
Bag you,-37.95755,-143.690433,52873,2018-10-09,Marine
Health while,28.923546,-120.474945,20661,2018-03-05,Desert
Decision fire,-41.140223,-42.945209,72168,2017-04-03,Urban
Water light,2.092232,-95.580336,6193,2025-01-30,Tundra
Compare place,-48.826829,-21.734621,74686,2017-01-23,Tundra
Organization hand,-89.770529,-63.937321,534,2025-01-01,Wetland
Safe majority,18.846687,-22.199137,83266,2026-03-11,Marine
Force teach,-36.708757,79.847385,26704,2018-09-21,Urban
Purpose law,-38.670608,158.49881,71833,2022-06-29,Marine
Give into,61.412026,20.279498,21884,2016-10-20,Forest
Today agency,61.448049,-151.122987,11787,2017-10-06,Tundra
For short,28.028652,132.195745,58849,2022-12-05,Tundra
Travel sign,-64.63139,-58.878554,69681,2022-10-24,Freshwater
Low size,-79.42743,-56.860291,874,2025-07-07,Urban
Toward thought,-85.263077,-173.54222,90193,2023-06-04,Grassland
My professional,70.878312,-9.992542,22453,2017-01-06,Desert
Sit law,71.65077,-79.553877,4965,2021-01-09,Urban
Return important,78.490192,-20.424506,26646,2021-02-20,Freshwater
Friend seven,-1.572635,128.658334,54492,2018-11-26,Forest
Fund range,-28.838457,5.853193,29287,2017-04-11,Forest
Material old,1.61751,111.687297,33106,2024-07-14,Freshwater
State front,-22.152936,-25.701642,69917,2025-10-18,Grassland
Guess reflect,29.134789,169.990045,45513,2024-02-07,Tundra
Meeting next,9.84903,8.939526,6536,2024-03-13,Forest
Whose would,-14.834346,-64.375268,75764,2021-05-23,Tundra
Scientist certainly,47.373088,40.631886,24166,2021-04-28,Desert
Today glass,47.977091,-17.795438,64387,2025-12-25,Forest
Drop wonder,6.973631,-94.106445,54546,2024-07-28,Wetland
Kind kitchen,-39.622881,57.097754,44135,2018-04-08,Tundra
City five,-89.310147,13.836578,87141,2018-08-28,Desert
See parent,59.565568,-73.537291,72494,2023-07-15,Wetland
Stand direction,-47.806753,85.537021,27883,2025-12-23,Freshwater
Nothing capital,39.180039,-140.125557,13391,2023-02-26,Marine
Expert too,83.557355,169.116639,57431,2019-01-13,Marine
Life thought,69.011139,149.169441,89943,2021-08-08,Forest
Firm woman,19.051461,-19.511596,60886,2016-09-30,Urban
Because strong,-0.105254,-73.846063,777,2019-07-31,Forest
Seek professional,-44.659982,98.207141,97941,2022-08-25,Desert
Factor public,-7.685326,60.541329,58995,2026-05-25,Tundra
Need message,-28.539097,-174.436614,53685,2020-06-02,Marine
Field under,-1.79093,-50.643582,34536,2017-09-08,Marine
Among decision,-84.872161,77.304387,83680,2017-06-30,Grassland
College adult,52.95824,-147.984024,98366,2022-01-18,Tundra
Job produce,68.571209,71.816587,8913,2022-08-02,Urban
Surface agency,-89.494187,-164.817096,26656,2023-10-23,Wetland
Control professor,-24.848597,-69.833365,61795,2022-10-15,Marine
Prevent card,-86.464844,-130.700582,60216,2019-04-06,Forest
Success spring,-46.409198,-10.077846,75177,2019-10-25,Desert
Great election,3.351376,27.958566,43865,2024-04-17,Wetland
Computer son,-47.715565,134.668921,67355,2019-02-18,Grassland
Than eye,8.093602,106.450146,96698,2018-08-21,Forest
Discuss foreign,11.975151,50.670544,11661,2024-12-21,Wetland
Better exist,-60.269307,-25.933881,19781,2025-03-10,Tundra
Almost require,42.956828,-41.954132,43236,2025-05-30,Desert
Stay watch,1.898909,-117.162268,60627,2021-05-25,Tundra
Industry each,39.70437,-144.449046,18933,2025-08-17,Marine
Approach book,54.505526,-75.844559,22670,2026-01-05,Marine
Plan why,78.254268,-131.672686,85454,2024-10-28,Freshwater
Product short,-14.968994,-34.387276,47209,2019-01-17,Forest
Strong couple,-40.265153,32.377409,8343,2017-07-02,Desert
Put provide,-85.320443,126.353772,62715,2016-09-14,Wetland
Scene family,17.581102,-57.806061,96093,2021-03-15,Grassland
Message south,-65.887429,-126.721356,70759,2020-11-19,Forest
Direction whether,-21.207945,-26.934532,92662,2024-07-25,Wetland
Dinner hard,80.715409,-133.833537,63324,2018-02-25,Marine
Economy cut,-46.175175,84.425382,60104,2020-01-22,Freshwater
Short tonight,26.898672,-35.866063,65073,2020-06-23,Urban
Draw debate,-55.53753,147.201534,63981,2024-05-16,Freshwater
Current edge,7.770501,-158.182542,76804,2021-05-29,Urban
Available full,23.255668,-127.290031,13292,2020-01-03,Freshwater
Book piece,26.21166,23.34498,83543,2021-01-23,Wetland
Citizen down,-84.60502,-65.181103,75575,2025-11-11,Forest
Trouble goal,-61.901537,112.90317,26973,2017-01-29,Tundra
Know force,-50.864817,-99.405459,73695,2025-11-21,Forest
Trial community,88.073092,3.855381,8027,2024-07-25,Desert
East possible,-64.633032,-117.991994,87442,2016-09-13,Wetland
Own read,51.339299,-34.259548,8271,2024-05-02,Forest
Represent one,-7.87033,161.410777,91653,2022-01-02,Grassland
Material price,71.900777,-79.238281,19205,2025-03-13,Grassland
Low value,40.474897,-57.282769,87462,2023-12-15,Marine
Energy director,-56.164965,158.224536,30868,2019-11-11,Marine
Care end,66.611837,-66.29477,10185,2024-10-21,Freshwater
Movie hold,-56.2689,-174.509515,74859,2021-07-09,Grassland
Use particularly,68.643435,-159.885484,8820,2026-02-02,Marine
Election strategy,-39.118763,30.526085,17849,2023-11-27,Forest
Improve purpose,44.851084,-150.221162,40484,2017-01-10,Grassland
Top grow,69.270958,-129.967075,46166,2024-10-31,Desert
These call,-22.343289,-63.197637,59699,2020-01-30,Desert
Actually foreign,8.521216,136.623626,14408,2022-09-15,Freshwater
Provide sometimes,-1.992351,-10.642045,18531,2022-12-01,Grassland
Pass woman,-39.423678,1.217591,12408,2026-03-10,Wetland
Administration believe,65.996601,-149.161446,39171,2025-05-16,Urban
Open drive,57.472801,93.856397,82298,2018-09-07,Wetland
Worker clear,35.698451,-3.543093,94891,2020-12-31,Grassland
Scientist meeting,-17.001709,-57.458967,98376,2026-07-05,Urban
Hit performance,-24.935284,157.410956,16655,2021-12-23,Urban
Accept weight,78.003363,-109.950069,11156,2025-05-10,Urban
Prepare rather,20.862362,151.15221,86842,2026-03-04,Marine
Along see,28.842814,-141.706357,12586,2024-04-20,Freshwater
Information build,46.962487,-10.105758,6560,2017-06-16,Tundra
Lot man,-41.736903,174.387291,32330,2024-08-01,Forest
Once bring,-62.629929,41.072438,54829,2023-01-04,Freshwater
They Republican,83.684555,-123.251211,27361,2026-03-18,Desert
Office American,35.724446,52.778264,76107,2024-07-08,Grassland
Beat commercial,-65.99573,-128.668249,95854,2020-03-14,Marine
Tonight yes,7.009796,-160.065565,36859,2021-02-22,Urban
Security share,17.144872,-112.189776,55712,2024-09-25,Urban
Wrong collection,-10.186371,-68.775858,99259,2024-12-24,Freshwater
Evening question,-55.547221,-136.493865,62554,2021-02-25,Urban
Inside fire,-28.957213,14.533577,87714,2022-04-17,Urban
Those sister,-0.456577,69.638155,61536,2019-06-03,Urban
Sister serious,73.757268,30.474754,83767,2020-12-10,Marine
Treat hear,5.837262,1.076141,49716,2021-10-06,Urban
Answer establish,-36.320797,-54.613771,19102,2017-10-23,Grassland
Student left,-85.210061,92.832917,12989,2016-08-23,Tundra
Behavior choice,74.499074,-67.790054,88630,2026-07-16,Wetland
Others probably,22.756827,13.369037,12092,2018-06-03,Forest
Baby military,-60.832374,41.78161,94675,2024-05-02,Desert
Protect work,2.059415,-63.750115,97379,2020-10-06,Marine
Significant century,-50.301029,-27.646305,48749,2023-12-07,Desert
May most,43.501892,-118.52209,58106,2025-04-12,Marine
Stay government,-35.060346,68.324428,93660,2016-09-25,Grassland
Take that,-38.090645,55.535428,68363,2022-01-15,Wetland
Imagine child,78.105181,-78.037238,70963,2021-10-24,Grassland
Spring whom,-28.282419,139.461735,16727,2025-05-05,Tundra
Sport call,-44.572683,35.302134,86899,2025-12-11,Marine
Possible compare,80.097481,89.512926,52965,2024-04-26,Urban
While word,27.209173,118.285273,54548,2023-08-10,Marine
Change much,39.437128,-14.44748,98817,2022-11-02,Tundra
Light child,36.810843,173.0763,65854,2021-11-23,Desert
Similar nor,-61.43228,140.140961,22118,2022-01-07,Marine
Town help,0.636309,-51.659413,38182,2023-06-22,Marine
Nation game,4.066095,-71.515034,57657,2021-10-31,Forest
For toward,77.971925,69.175752,14927,2018-01-25,Grassland
Single month,31.273393,12.842196,34288,2025-12-25,Tundra
Sense nor,11.809905,133.416429,89827,2017-11-08,Urban
Policy teacher,48.509606,-79.855677,22525,2019-07-16,Grassland
Short give,-57.485756,169.147203,66416,2023-10-19,Urban
Partner entire,-82.915016,166.087644,67584,2023-08-30,Grassland
Ask official,15.667994,-89.114669,98401,2023-11-24,Marine
Area wait,84.247098,77.096806,96375,2022-05-01,Desert
Tonight choose,-23.230041,-17.220576,86996,2024-12-31,Marine
Letter strategy,-1.286318,84.744154,77955,2017-06-12,Freshwater
Thought in,-22.61694,142.210187,76956,2018-10-13,Tundra
Building together,16.468823,133.860747,2808,2025-03-26,Freshwater
War seat,83.196321,142.753469,62870,2020-07-19,Urban
Firm learn,19.232902,68.56501,52956,2016-09-18,Desert
He include,60.092976,-93.201706,60003,2026-01-28,Forest
Suffer how,-61.64765,-115.329541,14158,2024-03-25,Desert
Election behind,-86.705949,8.901782,21347,2017-04-18,Marine
Career safe,-38.992114,172.933762,36842,2017-05-24,Tundra
Mr response,89.393412,-2.326377,59484,2021-05-22,Desert
Time nation,-18.302691,-49.733083,45916,2025-01-27,Marine
Modern many,52.052116,-147.928694,68313,2020-01-03,Wetland
Property team,42.862024,13.775628,47702,2018-02-13,Urban
How write,31.848789,-99.479808,11872,2018-12-09,Tundra
You center,81.538306,-78.317251,25364,2025-05-16,Freshwater
Father inside,-25.479208,17.274222,19684,2022-03-08,Grassland
Own listen,79.722915,66.003024,81288,2020-02-11,Grassland
Nature natural,79.892003,-176.96009,32302,2016-08-30,Desert
Resource successful,-6.720293,128.523574,67957,2026-05-13,Freshwater
Game though,-52.468108,51.401481,37870,2025-11-10,Forest
Wall accept,-41.281662,156.746355,34927,2020-09-13,Freshwater
Really be,3.526068,-169.656687,22752,2024-07-26,Marine
Deal project,-46.111462,107.626189,85711,2026-01-22,Grassland
Crime reason,-41.841059,13.573085,78451,2020-01-05,Grassland
Past beat,1.524373,127.5124,29067,2023-04-28,Grassland
Current toward,-48.225491,-77.279452,9252,2020-06-21,Grassland
Reflect either,48.071107,-103.540615,95663,2026-04-20,Marine
Middle analysis,-20.289694,-92.55302,35433,2025-10-02,Tundra
Smile generation,30.39872,-7.026022,63007,2021-12-06,Forest
Seat trip,21.542206,-5.091248,20689,2018-05-19,Wetland
Who teach,68.275659,37.680172,34903,2023-02-05,Wetland
Garden treat,12.011488,-170.457817,69998,2020-06-14,Desert
Result under,-26.736434,-51.627069,99474,2021-12-25,Urban
Road responsibility,-26.597087,138.075451,83798,2024-02-10,Urban
Probably parent,-75.795337,-106.587077,9860,2024-02-22,Urban
Fund hair,-38.948014,-36.131244,44772,2020-10-21,Tundra
Know similar,-31.232444,-132.39388,44692,2026-04-23,Forest
Project return,-67.678216,-97.910482,95569,2016-11-16,Wetland
Hold per,-39.282444,107.981226,45758,2025-03-09,Wetland
Course he,-31.864128,65.103799,77634,2023-04-30,Desert
Federal list,6.648762,-170.787981,6047,2022-10-08,Wetland
Image positive,33.717028,169.92322,24832,2018-08-09,Urban
Strong even,-17.215064,-56.373997,75805,2017-09-24,Freshwater
Wrong one,-27.949832,82.982663,98476,2024-03-18,Grassland
Couple improve,1.981659,2.104317,23625,2019-05-21,Marine
Bad large,-14.493648,-96.288472,74129,2018-03-30,Urban
Identify box,9.292494,-96.224412,33866,2024-06-21,Freshwater
Leg four,69.168562,-4.948273,71780,2023-03-20,Marine
Listen majority,-42.36825,-10.844776,30917,2017-05-22,Desert
Agree president,-78.951854,-176.001501,5447,2021-03-09,Grassland
Surface region,-78.175207,141.665607,71547,2024-04-26,Grassland
Continue low,0.34235,-165.060446,76346,2020-08-14,Forest
Force approach,20.192754,172.689482,78675,2019-02-23,Wetland
Camera character,56.168549,165.677872,64316,2025-11-15,Marine
Manage place,65.445204,119.779624,79798,2016-12-02,Tundra
Every note,66.494212,-37.698914,24619,2025-08-13,Grassland
Build detail,68.222566,-71.65416,73623,2019-01-09,Urban
Score social,-86.651653,122.27066,33506,2024-11-23,Urban
Television carry,-16.592203,-147.856823,35519,2018-12-12,Urban
Talk during,35.147279,-88.589934,44440,2023-06-18,Forest
Him front,-60.177454,-142.686452,83667,2020-01-30,Desert
Model question,6.610808,19.749167,65118,2026-05-25,Grassland
Skin clear,53.645339,162.16701,90645,2017-06-19,Desert
Remain training,1.292639,55.924615,14692,2019-10-28,Marine
Go ability,77.515756,-125.902446,23795,2018-04-14,Forest
So popular,-14.270693,132.995294,55825,2023-07-13,Desert
Mother Congress,-83.383768,21.624724,95106,2020-09-04,Urban
Senior start,39.211954,45.202633,56779,2025-10-20,Forest
Perhaps alone,-68.995428,-168.838863,83420,2024-11-30,Forest
World part,27.621599,-79.453197,15630,2018-01-18,Marine
Cup pick,34.181622,128.934091,41382,2025-01-24,Tundra
Recognize successful,32.641911,63.445976,59285,2026-06-12,Urban
Speak sport,65.782924,-137.460003,10121,2022-11-08,Freshwater
Economy wish,35.157514,118.283794,72931,2025-11-14,Desert
Song among,-54.740895,74.641912,95630,2019-02-01,Urban
Appear commercial,28.482669,36.930557,2075,2017-02-21,Forest
President executive,83.080365,85.909986,90718,2023-06-18,Urban
Return lay,89.583107,37.117105,23713,2017-02-13,Marine
Toward probably,15.438461,-50.830792,18825,2023-04-29,Wetland
Lot while,15.697517,-148.249173,50698,2019-11-17,Forest
Run word,-21.984981,-128.121708,83949,2019-12-27,Wetland
Sing conference,12.218309,-31.730519,89922,2025-04-23,Grassland
Speak role,58.463449,132.881953,81264,2026-06-19,Marine
Far control,53.196243,47.984651,48388,2017-03-18,Grassland
Billion responsibility,-57.837724,129.740511,9184,2023-03-26,Marine
Chance before,-88.929059,126.586064,90365,2021-05-18,Forest
Cup soon,16.077244,-108.329685,30892,2020-02-29,Desert
Them official,-32.187217,-154.092155,64536,2025-11-25,Marine
Quickly challenge,-59.431086,-85.52564,99793,2020-08-07,Desert
High trouble,15.778508,-76.015633,98824,2021-01-26,Wetland
Radio effort,0.463269,-176.58153,96568,2020-08-16,Forest
Choice benefit,-63.296281,-103.16023,35227,2024-10-18,Freshwater
Growth response,51.331228,-111.02771,36067,2026-02-14,Desert
Good hear,53.606963,8.416793,3878,2017-01-21,Forest
View other,-14.813151,46.973664,1470,2021-05-12,Grassland
Since through,17.858533,63.682878,6743,2019-10-28,Forest
Support recognize,-85.565604,-90.27841,36234,2020-09-25,Wetland
World successful,42.502036,-33.776357,26363,2025-10-14,Wetland
Hour term,-46.864634,71.431732,1294,2024-12-31,Urban
Along personal,21.858923,21.483119,85882,2018-03-13,Urban
Magazine serious,-3.582591,-126.358336,81790,2017-05-22,Desert
Trip how,56.847269,109.258158,39666,2024-01-27,Forest
Future nor,-71.197035,-24.225081,3598,2023-03-26,Freshwater
Leg high,60.566963,-151.702568,68385,2021-07-05,Desert
Officer class,23.0594,-130.07918,84466,2023-01-31,Forest
Explain big,-67.428686,151.334079,49809,2019-11-11,Marine
Everyone future,-73.402607,-158.615683,36250,2023-05-27,Freshwater
Political clear,-56.536038,174.769044,30872,2017-10-04,Urban
Rock born,-81.917039,-179.432272,57241,2018-11-27,Marine
Middle capital,-70.000602,-123.056784,95162,2021-10-09,Tundra
Color social,-80.352783,-172.385602,9037,2023-07-15,Marine
People garden,80.568851,5.351903,44791,2021-01-15,Grassland
International character,30.803793,-23.774867,64047,2024-10-23,Grassland
Scientist official,-57.155907,75.973354,44338,2016-08-16,Desert
Speak when,61.410248,75.444319,21251,2020-10-13,Desert
Because green,46.971621,3.153866,85856,2016-08-16,Desert
As let,-48.182319,164.773352,17145,2018-11-07,Freshwater
Economic within,17.596192,41.982795,39002,2018-02-11,Wetland
Painting whose,37.765337,-159.448822,40199,2021-07-24,Urban
Eye open,15.27725,103.027489,83410,2024-02-24,Wetland
Every visit,26.464485,115.52505,82701,2020-09-16,Grassland
Behind behavior,-16.250222,61.121548,37430,2023-09-20,Marine
Live among,74.658168,12.722211,4872,2021-09-22,Wetland
Major want,-64.183279,-178.022749,26905,2020-03-22,Tundra
President single,-47.405245,-143.204266,95273,2016-11-02,Grassland
Night company,17.795109,45.393985,91760,2017-09-11,Tundra
Mrs movie,-13.45138,-38.048998,44767,2021-10-25,Tundra
Job space,-60.0998,155.507979,67152,2021-02-15,Wetland
Seven service,54.847497,-86.070238,40742,2019-05-21,Freshwater
Upon sure,-17.645944,27.438112,29472,2022-03-26,Urban
Medical mother,20.375955,-158.894246,44723,2017-06-19,Wetland
Strategy meeting,-45.24059,90.616475,48804,2022-09-28,Tundra
Foreign garden,8.358304,126.797359,22982,2023-07-04,Wetland
Through really,73.562129,25.058488,46712,2017-11-06,Grassland
Large work,-34.398647,98.496691,83723,2022-03-02,Desert
Green industry,-87.391988,160.425627,67556,2019-12-22,Forest
Although yourself,51.784444,-154.729365,48588,2020-10-26,Urban
Ever shoulder,67.907969,165.608537,9522,2026-03-08,Wetland
Give specific,65.415535,-116.545424,44912,2023-07-06,Wetland
Mission rate,-13.616743,-89.97187,84514,2026-04-21,Urban
Together one,-55.994104,-83.500583,88783,2021-07-30,Grassland
Both top,36.741676,165.090444,8235,2019-10-04,Marine
Involve what,-65.846723,80.003855,90935,2023-06-15,Grassland
Phone sound,-50.231407,-145.645233,32961,2016-08-29,Grassland
Eye I,-15.136794,39.394292,28859,2022-12-21,Forest
Image fly,86.11046,30.07121,40942,2018-02-10,Wetland
Should few,5.819834,37.752425,12033,2019-06-03,Freshwater
Throw woman,31.087883,38.884651,93549,2019-01-11,Desert
Social front,84.393455,-83.493345,68127,2018-10-15,Urban
Success sport,81.22475,172.547,34185,2018-08-04,Marine
Especially and,-70.622327,18.01278,80856,2020-02-24,Tundra
High create,26.819086,-129.823067,29546,2021-08-16,Tundra
Investment world,60.071671,31.453114,40134,2022-02-01,Grassland
Economic sense,38.541523,14.632573,58727,2023-05-26,Forest
Develop shake,53.223753,-42.431127,18379,2018-04-29,Tundra
General what,-68.325584,-171.494983,74342,2025-08-24,Marine
Still goal,30.234346,-79.966643,10998,2020-03-30,Tundra
Choice consider,-66.910841,-0.880722,51520,2024-02-28,Grassland
Research discuss,67.847437,64.97837,88137,2023-08-01,Grassland
Try often,-53.378871,146.452182,47414,2023-09-28,Wetland
Hotel suffer,-19.299956,-121.407147,83601,2022-08-26,Wetland
Better box,-74.912009,43.244101,90375,2022-08-03,Forest
Energy edge,-10.696108,7.391512,53988,2021-09-08,Tundra
Way few,49.99196,-0.56717,61516,2019-04-30,Tundra
About see,49.676339,153.047764,62623,2020-05-14,Urban
Movie available,68.04946,-140.263896,90727,2025-08-21,Desert
Month worry,32.289902,-13.995936,23513,2022-07-23,Desert
Happy result,7.176626,41.432701,99073,2017-04-06,Forest
Oil tell,2.307927,-94.060367,1455,2016-12-28,Desert
Yes effect,-62.145349,-4.82543,19333,2025-08-04,Tundra
On article,-5.274537,21.548577,61204,2016-10-26,Tundra
Church customer,19.102964,54.772184,44303,2016-10-14,Freshwater
Rise general,14.278265,-125.918838,63994,2026-03-08,Wetland
Media reduce,82.302289,-74.923497,53840,2018-05-26,Grassland
Else but,-69.468465,-172.371931,88617,2023-10-09,Forest
Make time,-74.341628,-44.167864,50159,2017-11-30,Grassland
Area institution,-78.530795,-63.02201,60185,2023-06-01,Desert
American benefit,-57.525688,2.356573,64641,2016-08-20,Urban
Lay nor,-58.287604,-139.273648,69757,2024-11-06,Tundra
Stuff material,-70.301487,178.987667,98866,2025-06-14,Grassland
Human blood,8.355106,163.249216,5214,2020-05-19,Forest
Certain can,-67.490496,64.893129,55999,2023-12-26,Desert
Card unit,-62.45632,43.53922,78305,2022-04-27,Tundra
Campaign they,-24.118666,-97.007774,14654,2021-05-15,Forest
Cause situation,44.872932,113.24725,91602,2018-06-23,Desert
Still free,-57.39136,175.882407,81541,2023-10-23,Forest
Before decide,-73.106752,-102.806588,21166,2021-07-20,Tundra
Any hope,-66.407814,-13.46383,86879,2026-04-01,Marine
Reflect front,-64.666906,-34.43701,53573,2024-07-22,Forest
Trial early,7.99501,17.057206,69254,2019-07-25,Freshwater
Require where,-31.306432,137.824578,72625,2022-03-16,Forest
Inside talk,3.082206,179.02924,53605,2026-03-07,Freshwater
Cut rest,-8.799838,-98.790848,33537,2026-07-17,Urban
Risk beat,20.463507,72.342822,85874,2026-05-20,Freshwater
News rich,-46.376608,-40.295465,80956,2021-08-17,Freshwater
Represent pull,-70.257123,18.360697,88192,2017-08-23,Forest
Herself amount,14.473507,56.444764,50472,2024-04-18,Wetland
Manage mean,2.017082,99.721585,60509,2018-01-19,Tundra
Seem cause,59.342233,58.047371,30507,2018-07-27,Forest
Reduce west,-8.455469,-109.430287,84251,2022-09-14,Grassland
Year war,-60.556659,-155.397665,27290,2022-08-04,Tundra
Share purpose,34.728769,-15.725369,2121,2018-07-15,Forest
Opportunity experience,-43.42385,-36.867497,34547,2026-01-31,Urban
Visit rock,-21.548547,-108.359912,28653,2016-07-21,Tundra
Republican argue,-70.20111,20.594001,5250,2020-01-27,Wetland
Check race,1.222266,-20.990349,59666,2023-02-14,Desert
Foot must,80.781068,63.551775,57756,2019-01-01,Wetland
Life threat,49.408618,-72.961687,26896,2017-09-30,Grassland
More talk,-56.285074,-5.9779,9593,2021-06-30,Urban
Option whose,42.68399,178.16594,10006,2026-07-08,Desert
Several move,63.146173,103.553323,84267,2018-05-20,Tundra
Tonight since,35.546308,-26.563238,19569,2019-10-26,Tundra
Smile friend,22.080874,117.779536,41299,2019-02-06,Marine
Market great,-25.787181,-175.776821,91532,2018-04-20,Desert
Do plan,-59.49661,81.088834,35960,2021-03-03,Desert
Senior style,-70.107895,-14.40732,5094,2016-09-18,Desert
Region under,56.277201,-62.107044,7744,2025-10-28,Forest
Message necessary,5.259098,-80.629067,72217,2025-02-24,Marine
Open not,-42.509058,145.385451,92113,2017-03-28,Desert
Do young,44.309528,141.494823,68144,2024-06-01,Forest
Result before,-47.022484,127.414435,22580,2017-01-01,Desert
Still arm,-86.491542,140.313961,5321,2016-10-14,Forest
Despite budget,-68.664478,112.125235,45432,2026-02-12,Marine
Third culture,-84.017698,63.040521,39750,2020-11-01,Tundra
Just ground,-28.781627,-128.40616,90195,2022-06-29,Marine
Sound art,-23.708786,170.500044,17239,2024-12-05,Grassland
Outside building,49.355528,127.076044,66771,2020-02-13,Wetland
Determine place,-2.855105,-24.47875,29317,2018-08-30,Urban
Bill southern,-21.826431,12.918646,82897,2020-05-22,Grassland
Able rock,41.100577,143.002051,22632,2025-02-14,Desert
Almost hit,-13.959197,82.28745,99933,2018-08-26,Wetland
Choice sister,-50.778752,-104.814341,15394,2021-06-14,Urban
Young door,-76.823986,-47.944468,41216,2017-01-15,Urban
Right Republican,-56.751972,133.124759,36721,2018-04-05,Wetland
List including,16.183903,57.461245,16760,2023-08-17,Tundra
Political three,-43.873959,125.11508,92029,2019-04-01,Desert
And think,59.010044,124.868172,63953,2017-08-03,Marine
Likely identify,89.009114,108.286766,84892,2022-06-14,Desert
Fight plan,-6.52254,-167.966086,75310,2024-09-06,Marine
What entire,-5.666533,-135.491984,99203,2019-08-20,Tundra
Message worker,-30.199756,-54.093006,62684,2020-09-08,Tundra
Job ten,-78.894209,4.842517,22126,2023-03-30,Desert
Young social,-85.500023,72.415532,55759,2016-10-31,Grassland
Nation partner,-57.864142,-140.04009,87388,2019-03-08,Desert
Same evening,33.307022,-115.674079,32347,2017-12-25,Tundra
Everyone grow,10.313328,-96.79955,89929,2024-07-26,Urban
Education growth,-64.929582,168.052967,75100,2021-12-24,Desert
Generation majority,-20.174346,-131.601798,1246,2017-12-26,Desert
Impact learn,-21.352407,167.773101,28839,2019-05-31,Desert
Care seem,-1.20758,12.152595,80279,2024-08-14,Desert
Bar try,54.408634,34.341855,7275,2018-01-23,Marine
Police speak,-20.750613,-45.18744,45492,2019-03-25,Freshwater
Week leg,53.714383,32.023863,52695,2018-01-18,Forest
Rock billion,86.854683,-42.952998,44493,2026-02-13,Urban
Citizen field,46.784915,144.195454,56650,2018-10-08,Tundra
Black year,19.839101,15.017113,57730,2022-03-11,Freshwater
Nor simple,4.427347,-93.606412,13869,2023-08-04,Tundra
Around product,37.790953,-127.170887,46106,2022-11-28,Forest
Base who,-65.898023,-135.138463,32201,2018-09-24,Wetland
Almost shoulder,12.033648,103.069803,61818,2024-07-23,Tundra
Quality with,-17.341637,-171.15186,63452,2023-01-16,Tundra
Nice participant,-34.736727,139.240232,44009,2021-10-19,Grassland
Score personal,45.399422,-17.351763,7116,2019-08-21,Desert
Hope certain,-48.764561,17.492339,14728,2026-01-31,Wetland
Phone get,-86.227166,-61.141929,5522,2021-07-03,Wetland
Close young,-0.872058,-49.894394,84939,2021-06-22,Freshwater
Well imagine,73.039421,131.537023,34395,2022-10-12,Tundra
Parent reflect,-21.80961,66.207595,47656,2019-07-08,Tundra
Still scene,25.221279,-26.399479,16880,2021-11-30,Tundra
Small human,-37.453899,-91.888544,31191,2025-12-13,Urban
Possible development,26.142129,41.786594,34176,2020-06-12,Freshwater
Sister single,-50.451116,70.61863,49405,2020-07-20,Freshwater
Half security,-30.748301,-149.021646,37299,2024-07-31,Urban
Month generation,83.191135,-171.590246,3679,2024-12-17,Desert
Stage hand,18.966944,66.066896,25683,2017-01-04,Marine
Where but,-50.993429,118.527265,29526,2017-12-27,Urban
Hotel fund,-89.176868,65.877061,55630,2023-08-28,Wetland
Wait political,-62.708152,61.133449,47261,2022-11-10,Marine
Near trial,71.725903,157.411933,66806,2023-10-28,Forest
Relationship popular,-5.846297,-11.004998,50245,2018-05-12,Forest
Ground low,-17.389239,-39.843765,19910,2021-11-12,Desert
Forget part,18.024054,152.460835,5670,2023-02-02,Wetland
Note study,8.517403,-50.981795,5906,2019-08-03,Urban
Change care,78.31237,85.627336,53220,2023-11-26,Urban
Power dream,-46.83537,111.343298,16131,2025-09-16,Grassland
Week three,83.941912,-117.940458,8367,2020-10-06,Urban
Fish various,63.758434,84.881676,44761,2016-08-13,Freshwater
Thousand likely,-18.380662,44.013856,79112,2018-07-19,Grassland
Hot major,71.599303,90.029764,986,2021-01-22,Freshwater
View cultural,65.462874,13.565004,41690,2017-03-24,Desert
Close animal,85.521058,-169.839606,39501,2021-01-19,Wetland
Security son,-19.294604,164.760781,63957,2020-06-05,Forest
Really key,1.554579,94.124478,6338,2017-10-06,Marine
Left name,-34.892757,27.666885,14863,2025-10-09,Tundra
Late hit,-13.815815,50.995753,76723,2022-06-24,Wetland
Gas watch,35.403519,-90.799687,44563,2025-06-19,Freshwater
Voice everyone,81.553232,-111.83842,97790,2017-08-25,Desert
Career happy,87.177094,106.240645,64909,2024-01-31,Forest
Campaign record,-3.483748,33.417392,73627,2018-11-21,Tundra
Its heart,-25.86976,102.955676,7957,2021-10-09,Marine
Degree sit,-11.710752,173.54638,44557,2019-08-30,Grassland
Personal Democrat,-58.469601,80.395693,40402,2018-01-22,Tundra
Subject a,24.662272,-41.45333,16685,2020-07-27,Grassland
Since language,71.725432,43.658779,596,2026-03-26,Grassland
See either,-0.652193,-143.808246,49557,2019-07-01,Wetland
Century establish,-28.129113,-13.037445,91001,2021-09-21,Wetland
Site happy,-80.502164,47.259281,34876,2017-10-29,Marine
Follow although,37.823162,101.413408,87746,2017-03-09,Forest
Program down,-32.573995,-15.204125,12125,2025-11-12,Freshwater
Fly fire,-46.379692,-0.672737,69158,2018-07-31,Wetland
Both spring,-34.742145,-111.334876,71075,2025-06-28,Wetland
May central,-54.423058,137.866941,86852,2022-01-18,Urban
Mind believe,-56.138739,-140.791692,83504,2018-03-03,Marine
Subject attention,-78.348097,-175.858355,42544,2018-07-06,Tundra
Week modern,25.815363,-52.785977,75457,2023-11-22,Tundra
Other door,-61.707541,149.526383,28055,2017-11-26,Marine
Sometimes system,74.832113,-18.539618,5341,2025-08-27,Marine
Avoid staff,25.180862,19.847905,98486,2023-02-07,Tundra
Activity social,-40.67698,61.306162,18389,2017-12-01,Freshwater
Several involve,29.986062,-31.433611,67995,2024-11-05,Desert
Safe wide,-20.809753,109.509575,10295,2017-08-10,Desert
