species,family,leaf_length_cm,flower_color,habitat,region
Their page,Orchidaceae,42.06,Green,Marine,Tropical
May knowledge,Solanaceae,7.09,Yellow,Forest,Subtropical
Food today,Rosaceae,20.31,White,Desert,Tropical
Up story,Asteraceae,45.38,White,Grassland,Tropical
Stock space,Poaceae,41.56,Blue,Freshwater,Arid
Explain avoid,Brassicaceae,42.75,White,Urban,Arid
Memory her,Asteraceae,22.48,Purple,Forest,Tropical
Our test,Brassicaceae,11.95,Pink,Wetland,Tropical
Character necessary,Solanaceae,17.44,Pink,Grassland,Subtropical
Employee loss,Orchidaceae,15.63,Blue,Urban,Polar
Approach meet,Brassicaceae,32.59,Blue,Marine,Mediterranean
Common decide,Brassicaceae,37.33,Red,Desert,Arid
Community surface,Poaceae,28.48,Orange,Marine,Temperate
Million life,Asteraceae,30.45,Yellow,Marine,Subtropical
Put reality,Asteraceae,1.87,Green,Urban,Polar
Receive tell,Orchidaceae,19.18,Yellow,Tundra,Tropical
Government reason,Asteraceae,20.59,Orange,Grassland,Mediterranean
Pm key,Fabaceae,18.01,Purple,Urban,Tropical
Cover study,Asteraceae,4.68,Blue,Forest,Mediterranean
Interest ball,Orchidaceae,27.91,Green,Urban,Polar
Support speech,Orchidaceae,39.86,Red,Forest,Polar
Best something,Poaceae,45.52,Green,Tundra,Mediterranean
From executive,Brassicaceae,11.99,Pink,Wetland,Mediterranean
Whose serve,Solanaceae,41.6,Red,Urban,Mediterranean
Reflect full,Solanaceae,6.27,Red,Desert,Tropical
Unit much,Rosaceae,32.8,Purple,Desert,Mediterranean
He upon,Rosaceae,44.5,White,Marine,Tropical
Thing general,Poaceae,18.97,Green,Forest,Arid
Head yourself,Orchidaceae,36.23,Blue,Forest,Mediterranean
Product activity,Orchidaceae,26.98,Pink,Wetland,Temperate
Them choose,Solanaceae,29.3,Blue,Tundra,Arid
Method reduce,Brassicaceae,28.12,Pink,Tundra,Arid
Soon push,Poaceae,40.5,White,Urban,Mediterranean
Check far,Rosaceae,20.3,Orange,Forest,Mediterranean
Few discuss,Poaceae,45.78,Pink,Desert,Polar
Last himself,Poaceae,5.79,White,Urban,Polar
Finish television,Poaceae,14.61,White,Freshwater,Temperate
Traditional land,Fabaceae,21.23,White,Forest,Tropical
Party figure,Asteraceae,33.41,Purple,Freshwater,Tropical
Tonight federal,Solanaceae,27.81,Yellow,Wetland,Tropical
Computer land,Asteraceae,19.55,Yellow,Marine,Arid
Training establish,Asteraceae,35.6,Red,Desert,Mediterranean
Effect whom,Poaceae,29.4,White,Forest,Mediterranean
Trial understand,Orchidaceae,16.46,Blue,Grassland,Tropical
Order simple,Fabaceae,1.19,Yellow,Urban,Arid
Still notice,Poaceae,36.01,White,Desert,Arid
Understand five,Poaceae,29.07,White,Freshwater,Temperate
Market effect,Asteraceae,22.75,Yellow,Forest,Mediterranean
Born surface,Brassicaceae,9.02,Green,Marine,Temperate
Himself interesting,Poaceae,41.7,Green,Freshwater,Subtropical
Shake baby,Brassicaceae,22.85,Red,Forest,Tropical
Early tonight,Brassicaceae,39.38,Red,Grassland,Tropical
Tonight feel,Asteraceae,8.68,Blue,Marine,Subtropical
How film,Orchidaceae,37.31,Yellow,Grassland,Subtropical
Run contain,Brassicaceae,48.79,Yellow,Urban,Tropical
Whatever make,Rosaceae,15.91,White,Marine,Temperate
Show serious,Fabaceae,2.37,Blue,Marine,Mediterranean
If Congress,Orchidaceae,25.03,Pink,Urban,Subtropical
Force here,Orchidaceae,31.44,Orange,Wetland,Polar
Key may,Solanaceae,39.56,Pink,Forest,Temperate
Camera line,Poaceae,1.08,Green,Urban,Arid
Current job,Brassicaceae,29.34,Red,Urban,Temperate
Down drug,Fabaceae,16.3,Orange,Marine,Arid
True culture,Fabaceae,16.05,Purple,Wetland,Mediterranean
About north,Poaceae,8.47,White,Grassland,Arid
From attention,Fabaceae,42.03,Yellow,Grassland,Tropical
Send tree,Orchidaceae,5.6,Blue,Tundra,Mediterranean
Yeah team,Brassicaceae,8.68,Red,Marine,Temperate
Hour theory,Rosaceae,46.78,Red,Freshwater,Polar
Great person,Orchidaceae,30.31,Red,Wetland,Polar
While likely,Fabaceae,18.9,Pink,Wetland,Mediterranean
Energy market,Rosaceae,10.36,Purple,Tundra,Arid
Blood serve,Brassicaceae,9.75,Yellow,Grassland,Arid
Chair would,Solanaceae,20.57,Purple,Forest,Subtropical
West prove,Solanaceae,36.62,Pink,Tundra,Polar
Day question,Asteraceae,46.15,White,Wetland,Subtropical
Rest after,Poaceae,30.09,Green,Marine,Subtropical
Also community,Brassicaceae,10.04,Orange,Freshwater,Temperate
Out big,Rosaceae,4.85,Orange,Wetland,Mediterranean
Foreign deal,Orchidaceae,38.21,Red,Desert,Temperate
Focus end,Brassicaceae,21.34,Yellow,Freshwater,Polar
Thus fly,Asteraceae,23.65,Yellow,Freshwater,Subtropical
Kid school,Solanaceae,33.75,Green,Tundra,Mediterranean
School she,Rosaceae,30.05,Purple,Forest,Tropical
Finish rate,Poaceae,32.84,Green,Desert,Subtropical
Central above,Fabaceae,45.05,Green,Urban,Tropical
Mother early,Asteraceae,32.38,Purple,Desert,Polar
Now score,Solanaceae,13.56,Yellow,Forest,Arid
Law require,Poaceae,39.92,Red,Grassland,Polar
A do,Asteraceae,6.16,Red,Tundra,Polar
Guess certain,Solanaceae,10.33,Red,Grassland,Temperate
Opportunity single,Solanaceae,8.61,Purple,Tundra,Polar
Service green,Rosaceae,5.59,Pink,Marine,Arid
Above budget,Solanaceae,46.01,White,Desert,Arid
Focus anyone,Orchidaceae,7.09,Blue,Wetland,Subtropical
Full computer,Rosaceae,19.26,Green,Tundra,Polar
Point great,Rosaceae,21.58,Pink,Marine,Arid
Try task,Brassicaceae,47.58,White,Desert,Mediterranean
Name soldier,Fabaceae,25.3,White,Wetland,Polar
Reflect beautiful,Orchidaceae,37.15,Blue,Wetland,Subtropical
Lot fly,Fabaceae,16.94,White,Freshwater,Polar
Simple born,Brassicaceae,26.53,Blue,Freshwater,Subtropical
Writer subject,Brassicaceae,1.2,Pink,Marine,Tropical
Girl political,Poaceae,41.5,Blue,Forest,Tropical
Rise color,Solanaceae,33.35,Red,Forest,Temperate
Explain city,Orchidaceae,31.76,Purple,Grassland,Arid
Teacher country,Asteraceae,14.87,Yellow,Forest,Arid
Important notice,Solanaceae,5.65,Red,Wetland,Subtropical
Shake fight,Poaceae,48.99,White,Desert,Subtropical
Town responsibility,Poaceae,5.68,Orange,Desert,Tropical
Know against,Rosaceae,29.87,Green,Forest,Arid
Game work,Brassicaceae,16.99,Yellow,Grassland,Arid
Man full,Brassicaceae,37.47,Yellow,Tundra,Temperate
Upon decade,Fabaceae,42.3,White,Tundra,Polar
Television offer,Orchidaceae,39.55,Green,Tundra,Polar
Recently yourself,Orchidaceae,26.6,Pink,Urban,Polar
Sort training,Orchidaceae,26.66,Yellow,Desert,Tropical
Plant represent,Rosaceae,6.67,Green,Forest,Subtropical
Various leg,Solanaceae,27.2,Purple,Marine,Mediterranean
Somebody tonight,Brassicaceae,46.85,Purple,Tundra,Arid
Which point,Rosaceae,7.98,Green,Grassland,Tropical
Note history,Poaceae,48.31,Blue,Forest,Arid
You area,Solanaceae,20.57,Orange,Freshwater,Tropical
Quality institution,Asteraceae,5.88,Purple,Wetland,Temperate
Least strong,Poaceae,4.69,Orange,Forest,Polar
Interview hold,Brassicaceae,21.62,Purple,Wetland,Mediterranean
Probably seven,Solanaceae,46.0,Purple,Forest,Mediterranean
Cell west,Brassicaceae,22.82,Orange,Desert,Subtropical
Carry morning,Poaceae,37.58,Purple,Forest,Mediterranean
During require,Solanaceae,45.16,Red,Forest,Subtropical
Understand law,Poaceae,6.96,Green,Wetland,Polar
Billion become,Orchidaceae,42.13,Green,Forest,Polar
Their area,Rosaceae,44.41,Red,Tundra,Temperate
Everybody stuff,Asteraceae,20.35,Blue,Freshwater,Temperate
Phone money,Fabaceae,30.06,Red,Urban,Arid
Take wish,Rosaceae,12.3,Red,Marine,Mediterranean
View music,Poaceae,42.61,Purple,Desert,Arid
Ten can,Brassicaceae,38.66,Orange,Urban,Temperate
Party money,Asteraceae,47.71,Red,Wetland,Subtropical
Purpose game,Asteraceae,40.27,Red,Desert,Polar
Less out,Poaceae,37.71,White,Marine,Subtropical
Attorney between,Fabaceae,19.87,Green,Wetland,Arid
Clear across,Brassicaceae,37.4,Red,Desert,Mediterranean
Wear today,Orchidaceae,29.06,Red,Urban,Polar
Point school,Brassicaceae,7.07,Purple,Forest,Mediterranean
Really quickly,Solanaceae,35.15,White,Grassland,Polar
Simply fill,Orchidaceae,36.44,Pink,Marine,Polar
Voice keep,Solanaceae,21.02,Orange,Wetland,Tropical
Let pick,Orchidaceae,3.24,Yellow,Wetland,Mediterranean
Partner movie,Rosaceae,25.41,Yellow,Freshwater,Arid
Trial majority,Orchidaceae,39.36,Yellow,Desert,Subtropical
Camera suddenly,Asteraceae,10.85,White,Forest,Subtropical
Everything against,Fabaceae,46.24,Purple,Freshwater,Temperate
Kitchen money,Rosaceae,49.22,Green,Grassland,Mediterranean
Sea than,Fabaceae,22.98,Pink,Desert,Arid
These loss,Asteraceae,31.49,Green,Grassland,Subtropical
Attack oil,Asteraceae,10.1,Blue,Freshwater,Polar
Hot wonder,Asteraceae,1.66,Orange,Marine,Subtropical
Police foreign,Brassicaceae,34.89,Pink,Desert,Temperate
Recent service,Poaceae,29.83,Purple,Marine,Arid
Third nature,Brassicaceae,43.92,White,Wetland,Temperate
Sit available,Asteraceae,19.92,Yellow,Forest,Subtropical
Cause prevent,Asteraceae,12.11,Blue,Wetland,Subtropical
Whatever maintain,Asteraceae,24.02,Pink,Wetland,Temperate
Hair after,Fabaceae,11.23,Yellow,Desert,Subtropical
Film good,Fabaceae,15.96,Purple,Wetland,Mediterranean
Reach worry,Asteraceae,22.13,Purple,Wetland,Polar
Suggest enter,Poaceae,14.13,Pink,Wetland,Tropical
Eat dog,Solanaceae,25.71,Pink,Urban,Subtropical
As color,Asteraceae,23.53,Red,Freshwater,Subtropical
Together ready,Solanaceae,35.22,Purple,Forest,Subtropical
Near building,Brassicaceae,20.55,Pink,Desert,Arid
Half pressure,Asteraceae,44.91,Pink,Tundra,Subtropical
Adult picture,Rosaceae,47.62,Yellow,Marine,Temperate
Direction every,Fabaceae,47.6,Red,Urban,Subtropical
Film price,Orchidaceae,22.06,Blue,Forest,Arid
Congress chair,Asteraceae,36.94,White,Tundra,Tropical
Choose player,Rosaceae,6.68,White,Marine,Arid
Close prevent,Asteraceae,40.7,Green,Marine,Polar
Perform happen,Asteraceae,38.99,Blue,Grassland,Temperate
House employee,Brassicaceae,5.08,Yellow,Forest,Polar
Carry action,Poaceae,40.36,White,Urban,Mediterranean
Start since,Brassicaceae,10.57,White,Desert,Tropical
Why believe,Asteraceae,8.49,Yellow,Grassland,Subtropical
Show toward,Poaceae,17.88,Pink,Wetland,Temperate
Should career,Asteraceae,40.79,Green,Urban,Temperate
Rather catch,Solanaceae,28.83,Red,Urban,Mediterranean
Politics gas,Solanaceae,7.97,Red,Tundra,Tropical
Night politics,Poaceae,47.89,White,Wetland,Tropical
Board up,Asteraceae,25.14,Orange,Urban,Arid
Purpose attention,Fabaceae,39.8,Orange,Freshwater,Mediterranean
Story teacher,Poaceae,11.23,Red,Marine,Polar
Then Mr,Rosaceae,8.34,Pink,Freshwater,Tropical
Seem note,Asteraceae,23.11,Blue,Forest,Arid
Beyond compare,Brassicaceae,24.62,Purple,Wetland,Polar
Century affect,Solanaceae,17.44,Yellow,Urban,Subtropical
Practice remain,Poaceae,47.12,Purple,Freshwater,Temperate
Senior board,Asteraceae,2.76,Yellow,Wetland,Mediterranean
Tough history,Orchidaceae,48.66,Green,Desert,Mediterranean
Win matter,Poaceae,14.6,Purple,Wetland,Polar
Education response,Solanaceae,5.81,Purple,Freshwater,Polar
Just summer,Poaceae,4.32,Yellow,Marine,Arid
Speech nor,Brassicaceae,29.69,Pink,Grassland,Temperate
Their effect,Brassicaceae,20.65,Yellow,Urban,Mediterranean
Would left,Fabaceae,41.56,Green,Urban,Arid
Beautiful boy,Poaceae,37.64,Pink,Wetland,Tropical
Rather else,Asteraceae,19.47,Purple,Wetland,Subtropical
Decision fact,Solanaceae,28.36,Blue,Grassland,Polar
Woman game,Solanaceae,1.51,Blue,Urban,Tropical
Almost politics,Poaceae,19.4,Green,Wetland,Temperate
Ten table,Orchidaceae,32.25,Green,Forest,Mediterranean
Picture third,Brassicaceae,41.69,Yellow,Freshwater,Subtropical
Fast city,Asteraceae,1.93,Purple,Desert,Arid
Instead human,Asteraceae,18.94,Yellow,Freshwater,Temperate
Film board,Solanaceae,47.13,Yellow,Freshwater,Polar
Successful organization,Poaceae,49.41,Yellow,Desert,Temperate
Agent into,Rosaceae,41.8,Blue,Tundra,Arid
Let future,Rosaceae,14.46,Purple,Tundra,Subtropical
People campaign,Orchidaceae,9.9,Pink,Desert,Mediterranean
Fire rich,Rosaceae,31.48,Red,Desert,Tropical
Education family,Asteraceae,34.69,Pink,Marine,Subtropical
Success area,Solanaceae,2.07,Red,Forest,Temperate
After little,Poaceae,45.51,Purple,Desert,Tropical
Take media,Orchidaceae,6.14,Orange,Urban,Temperate
Election can,Solanaceae,9.23,Purple,Wetland,Subtropical
Natural south,Asteraceae,13.45,Green,Forest,Subtropical
Development degree,Solanaceae,18.58,Blue,Grassland,Mediterranean
As top,Rosaceae,33.27,Yellow,Marine,Temperate
Stop imagine,Asteraceae,7.09,Purple,Desert,Mediterranean
System before,Orchidaceae,15.35,White,Forest,Tropical
Task he,Fabaceae,40.72,Orange,Urban,Subtropical
Represent rather,Solanaceae,43.66,Red,Tundra,Polar
Whole rise,Brassicaceae,22.28,Pink,Urban,Arid
Perform simply,Poaceae,19.09,Orange,Wetland,Arid
Second do,Brassicaceae,43.38,Blue,Grassland,Temperate
Show nothing,Rosaceae,20.35,Orange,Forest,Mediterranean
Of audience,Rosaceae,9.82,Orange,Freshwater,Subtropical
Company plant,Solanaceae,24.05,Blue,Urban,Mediterranean
People for,Asteraceae,44.73,Orange,Wetland,Temperate
Even know,Brassicaceae,10.3,Blue,Freshwater,Mediterranean
Receive away,Brassicaceae,24.32,Purple,Marine,Tropical
Once only,Fabaceae,33.78,Yellow,Desert,Arid
Crime others,Poaceae,40.78,Yellow,Desert,Polar
Son bill,Fabaceae,4.74,Blue,Forest,Subtropical
Large recognize,Solanaceae,31.52,Purple,Marine,Temperate
Recognize method,Brassicaceae,9.25,Purple,Urban,Mediterranean
Tax between,Poaceae,31.53,White,Marine,Tropical
End executive,Fabaceae,38.54,Pink,Wetland,Temperate
Across thus,Asteraceae,36.16,Red,Urban,Tropical
Increase clearly,Poaceae,45.4,White,Marine,Polar
Spend sign,Orchidaceae,48.58,Yellow,Grassland,Subtropical
Majority listen,Rosaceae,48.12,Green,Freshwater,Mediterranean
Whom federal,Poaceae,6.92,Red,Wetland,Subtropical
Build black,Orchidaceae,13.03,Orange,Desert,Polar
Everything black,Rosaceae,22.98,White,Wetland,Temperate
Attention off,Poaceae,12.69,Red,Desert,Polar
Dark inside,Brassicaceae,37.77,Blue,Marine,Temperate
Economic recent,Solanaceae,35.83,Green,Forest,Polar
Value itself,Solanaceae,38.07,Blue,Wetland,Temperate
Song respond,Orchidaceae,31.33,Pink,Grassland,Mediterranean
List begin,Brassicaceae,2.66,Blue,Grassland,Tropical
Out tree,Solanaceae,41.45,Orange,Freshwater,Polar
System chance,Solanaceae,35.12,Green,Marine,Subtropical
According administration,Asteraceae,15.33,Pink,Forest,Polar
Role interview,Asteraceae,44.99,Orange,Grassland,Arid
Author send,Asteraceae,8.67,Pink,Wetland,Subtropical
Democrat describe,Rosaceae,33.28,Pink,Forest,Temperate
Different stock,Asteraceae,37.03,Purple,Desert,Mediterranean
Arrive even,Solanaceae,3.43,Yellow,Marine,Temperate
If quickly,Poaceae,9.9,Blue,Urban,Tropical
Environmental bill,Poaceae,37.7,Orange,Tundra,Subtropical
Start politics,Orchidaceae,34.11,Red,Forest,Mediterranean
Country policy,Fabaceae,5.16,Green,Grassland,Polar
Marriage positive,Poaceae,42.68,Green,Freshwater,Subtropical
Large if,Brassicaceae,26.46,Purple,Freshwater,Polar
Financial little,Solanaceae,37.9,Pink,Marine,Tropical
Oil room,Fabaceae,4.2,Orange,Wetland,Arid
Each month,Rosaceae,31.27,Purple,Grassland,Temperate
Design common,Rosaceae,25.61,Blue,Urban,Tropical
Bank ten,Fabaceae,39.47,Red,Forest,Tropical
Front old,Poaceae,45.86,Pink,Tundra,Temperate
Price never,Rosaceae,22.32,White,Freshwater,Arid
Change hold,Solanaceae,10.95,Blue,Tundra,Mediterranean
Heart save,Asteraceae,39.29,Purple,Urban,Subtropical
Occur mission,Rosaceae,10.24,Red,Urban,Temperate
Work since,Asteraceae,36.86,Blue,Wetland,Arid
Around model,Rosaceae,47.98,White,Wetland,Subtropical
Accept parent,Solanaceae,34.56,Pink,Urban,Mediterranean
He create,Brassicaceae,22.66,Orange,Forest,Polar
Team myself,Rosaceae,26.08,Purple,Desert,Polar
Moment defense,Brassicaceae,19.16,Purple,Forest,Arid
First sister,Fabaceae,38.06,Yellow,Tundra,Arid
Policy economy,Asteraceae,7.73,Blue,Urban,Arid
Drop speak,Brassicaceae,18.38,Blue,Forest,Temperate
Recent ground,Orchidaceae,38.8,Purple,Urban,Temperate
Weight grow,Asteraceae,35.66,Red,Wetland,Polar
Meeting up,Rosaceae,5.08,Yellow,Grassland,Tropical
Account finish,Rosaceae,37.48,Orange,Forest,Mediterranean
Represent less,Brassicaceae,29.25,Pink,Urban,Mediterranean
Vote nearly,Poaceae,49.28,Orange,Wetland,Arid
Else writer,Brassicaceae,22.07,Yellow,Urban,Mediterranean
Provide behavior,Asteraceae,40.89,Yellow,Urban,Temperate
Wrong operation,Asteraceae,42.67,White,Grassland,Mediterranean
Federal ok,Fabaceae,42.69,Red,Marine,Mediterranean
Research film,Solanaceae,26.11,Yellow,Urban,Subtropical
Civil work,Asteraceae,16.69,Yellow,Freshwater,Temperate
Partner nothing,Poaceae,45.93,White,Marine,Tropical
Learn religious,Orchidaceae,34.72,Orange,Tundra,Subtropical
Former person,Solanaceae,49.8,Orange,Wetland,Polar
News effort,Fabaceae,37.75,Green,Wetland,Polar
Action candidate,Orchidaceae,5.91,Red,Urban,Tropical
Force thus,Asteraceae,34.15,Yellow,Desert,Tropical
Leg life,Solanaceae,46.79,Purple,Tundra,Arid
Everyone blood,Fabaceae,17.19,Blue,Wetland,Mediterranean
Meet listen,Solanaceae,44.2,Green,Grassland,Tropical
Ground offer,Asteraceae,41.55,Purple,Freshwater,Polar
Suddenly others,Orchidaceae,30.63,Yellow,Urban,Tropical
Learn operation,Rosaceae,42.68,Orange,Freshwater,Polar
Bit can,Orchidaceae,39.49,Purple,Desert,Subtropical
Life behind,Rosaceae,10.58,White,Desert,Polar
Teach across,Orchidaceae,38.83,Blue,Marine,Subtropical
Sign place,Fabaceae,12.89,Pink,Freshwater,Arid
Plan indicate,Asteraceae,45.95,Pink,Freshwater,Temperate
Significant cell,Rosaceae,6.99,Blue,Desert,Mediterranean
Part back,Fabaceae,33.95,Red,Marine,Arid
Resource yourself,Solanaceae,39.39,Blue,Tundra,Arid
Fear perhaps,Orchidaceae,47.11,Pink,Freshwater,Subtropical
People time,Solanaceae,39.93,Red,Urban,Polar
Tough who,Asteraceae,21.97,Blue,Marine,Polar
Old media,Poaceae,26.2,Green,Wetland,Subtropical
Ability try,Solanaceae,44.05,White,Wetland,Mediterranean
Also lose,Solanaceae,41.39,Pink,Marine,Polar
Myself current,Poaceae,26.85,Pink,Wetland,Temperate
More world,Rosaceae,46.03,Pink,Desert,Polar
Six organization,Solanaceae,2.04,Orange,Freshwater,Temperate
Matter audience,Brassicaceae,38.97,White,Marine,Arid
Girl talk,Asteraceae,19.91,Green,Marine,Polar
Theory plant,Solanaceae,42.01,Blue,Freshwater,Mediterranean
Look serve,Fabaceae,45.29,Red,Tundra,Subtropical
Positive beat,Asteraceae,12.54,Red,Forest,Tropical
Mind government,Fabaceae,30.41,Red,Grassland,Mediterranean
Challenge throw,Solanaceae,36.62,Orange,Marine,Arid
Alone successful,Orchidaceae,18.9,Pink,Forest,Mediterranean
Fill campaign,Brassicaceae,30.56,Red,Marine,Temperate
Class evidence,Solanaceae,8.08,Pink,Urban,Polar
Common man,Poaceae,7.16,Blue,Grassland,Polar
Despite follow,Asteraceae,27.81,White,Tundra,Mediterranean
Personal eye,Solanaceae,11.52,Pink,Wetland,Arid
Reality fine,Poaceae,22.53,White,Urban,Polar
Wind design,Asteraceae,6.21,Blue,Marine,Tropical
Mind second,Poaceae,19.69,Green,Desert,Temperate
Ability cut,Asteraceae,14.45,Red,Grassland,Subtropical
Yeah to,Asteraceae,19.93,Red,Desert,Temperate
Seven plan,Orchidaceae,22.86,Purple,Wetland,Subtropical
Bill avoid,Asteraceae,19.74,White,Wetland,Arid
Growth politics,Brassicaceae,12.09,Blue,Desert,Polar
Onto sea,Asteraceae,11.77,Red,Tundra,Tropical
Edge behavior,Asteraceae,20.71,Green,Forest,Subtropical
Detail civil,Brassicaceae,45.65,Green,Tundra,Polar
Book so,Brassicaceae,18.68,Purple,Freshwater,Tropical
Personal as,Poaceae,17.32,Green,Wetland,Tropical
Southern rate,Orchidaceae,29.01,Green,Marine,Temperate
Management until,Solanaceae,40.15,Red,Tundra,Subtropical
Add allow,Asteraceae,35.55,Purple,Desert,Polar
Want production,Fabaceae,2.94,Purple,Tundra,Temperate
Quite wind,Asteraceae,14.21,Pink,Tundra,Polar
Concern court,Poaceae,32.94,Pink,Urban,Mediterranean
Challenge thank,Solanaceae,48.84,Blue,Desert,Polar
Rate especially,Poaceae,1.8,Blue,Marine,Tropical
Garden former,Poaceae,47.61,Purple,Grassland,Temperate
Indeed pattern,Fabaceae,19.43,Blue,Freshwater,Tropical
Against role,Poaceae,38.07,Pink,Grassland,Arid
Truth would,Brassicaceae,22.15,White,Urban,Subtropical
Meeting low,Solanaceae,45.68,Orange,Tundra,Temperate
Material face,Orchidaceae,13.45,Blue,Urban,Polar
Audience project,Rosaceae,39.91,Blue,Forest,Tropical
Specific right,Rosaceae,14.22,White,Forest,Mediterranean
Thus consumer,Fabaceae,18.75,Purple,Marine,Arid
Reach free,Fabaceae,23.92,White,Tundra,Temperate
Night significant,Orchidaceae,36.71,Yellow,Urban,Mediterranean
Energy deep,Poaceae,25.46,Blue,Forest,Subtropical
Model most,Orchidaceae,2.04,Purple,Marine,Polar
Thank tend,Orchidaceae,30.41,Green,Forest,Tropical
Save lawyer,Asteraceae,36.83,Yellow,Marine,Arid
Hotel government,Orchidaceae,20.04,Pink,Freshwater,Arid
Ago animal,Brassicaceae,37.43,White,Freshwater,Polar
Memory able,Poaceae,35.76,Orange,Urban,Temperate
Article society,Fabaceae,11.95,Red,Desert,Polar
Camera out,Brassicaceae,16.91,Red,Marine,Tropical
Oil entire,Fabaceae,31.82,Yellow,Marine,Polar
Peace discussion,Fabaceae,9.4,Blue,Wetland,Tropical
Democratic executive,Poaceae,20.94,Yellow,Desert,Mediterranean
General necessary,Fabaceae,36.21,Red,Tundra,Tropical
Population require,Fabaceae,26.78,Blue,Freshwater,Arid
Though film,Asteraceae,31.85,White,Grassland,Polar
Weight number,Asteraceae,9.79,Red,Marine,Tropical
Year respond,Asteraceae,7.53,Purple,Wetland,Polar
Rise rise,Brassicaceae,5.17,Blue,Wetland,Arid
Contain major,Rosaceae,26.82,Pink,Desert,Temperate
Because which,Rosaceae,41.09,Green,Marine,Tropical
Under mind,Rosaceae,27.1,Orange,Desert,Temperate
Agency likely,Asteraceae,34.89,White,Wetland,Temperate
Two serious,Rosaceae,37.81,Pink,Urban,Arid
Top worker,Orchidaceae,24.66,Pink,Desert,Tropical
Piece ready,Fabaceae,36.77,Purple,Forest,Mediterranean
Only get,Orchidaceae,38.09,Red,Tundra,Tropical
Industry nothing,Poaceae,44.91,Green,Tundra,Arid
They future,Brassicaceae,31.89,Yellow,Marine,Arid
Mouth assume,Asteraceae,37.77,Blue,Grassland,Arid
Wife movie,Solanaceae,31.03,Red,Urban,Polar
Father in,Solanaceae,13.04,Pink,Desert,Mediterranean
Hard window,Rosaceae,16.49,White,Grassland,Tropical
Heart third,Solanaceae,47.08,Yellow,Urban,Mediterranean
Paper draw,Solanaceae,46.42,Blue,Marine,Arid
Example bank,Orchidaceae,39.61,Purple,Desert,Temperate
Do no,Orchidaceae,35.9,Purple,Grassland,Polar
Like allow,Brassicaceae,45.32,White,Freshwater,Arid
Week throughout,Brassicaceae,19.99,Green,Wetland,Mediterranean
Summer develop,Orchidaceae,14.67,Blue,Grassland,Polar
Nature player,Orchidaceae,38.15,Orange,Marine,Arid
Pull thought,Orchidaceae,31.51,Pink,Desert,Subtropical
Program million,Brassicaceae,14.4,Green,Marine,Arid
Dog between,Brassicaceae,43.16,Pink,Wetland,Polar
Drop raise,Fabaceae,18.68,Yellow,Forest,Arid
Less push,Fabaceae,30.44,Pink,Desert,Arid
Manager really,Orchidaceae,40.52,White,Freshwater,Subtropical
Even perform,Orchidaceae,35.53,Pink,Grassland,Tropical
Spend there,Solanaceae,41.4,Green,Forest,Mediterranean
City prevent,Solanaceae,31.07,Purple,Marine,Tropical
Avoid front,Solanaceae,4.21,Purple,Freshwater,Subtropical
Argue minute,Brassicaceae,8.63,Green,Grassland,Subtropical
Ground away,Fabaceae,36.01,Red,Grassland,Temperate
Notice house,Asteraceae,2.2,Green,Wetland,Mediterranean
Side purpose,Brassicaceae,35.09,Orange,Wetland,Polar
Fact safe,Solanaceae,46.51,Blue,Freshwater,Tropical
Congress color,Brassicaceae,40.48,Pink,Grassland,Tropical
Stage stage,Solanaceae,36.79,White,Forest,Arid
Resource day,Solanaceae,30.08,Red,Freshwater,Mediterranean
Left finally,Brassicaceae,8.99,Pink,Freshwater,Polar
Paper suddenly,Rosaceae,20.45,Red,Forest,Arid
Would one,Poaceae,41.4,Green,Desert,Subtropical
Ever tend,Brassicaceae,1.28,Purple,Forest,Tropical
Through interest,Asteraceae,43.56,Purple,Urban,Arid
Look structure,Rosaceae,8.35,Blue,Marine,Subtropical
Movement charge,Brassicaceae,47.82,White,Desert,Polar
Skill nice,Orchidaceae,18.33,Orange,Tundra,Tropical
Young Congress,Fabaceae,42.21,Orange,Tundra,Mediterranean
Yard though,Rosaceae,10.97,Purple,Wetland,Arid
Avoid small,Asteraceae,10.21,Green,Freshwater,Mediterranean
Particular continue,Orchidaceae,27.01,Red,Desert,Temperate
Central news,Asteraceae,9.75,Green,Marine,Polar
Growth start,Asteraceae,39.02,Red,Marine,Subtropical
Painting blood,Brassicaceae,24.3,Green,Grassland,Temperate
Five magazine,Orchidaceae,9.49,Green,Marine,Mediterranean
Road daughter,Brassicaceae,8.08,Green,Wetland,Temperate
And and,Solanaceae,1.06,Red,Desert,Temperate
Population guess,Brassicaceae,17.04,Pink,Wetland,Subtropical
Design painting,Solanaceae,23.32,Green,Tundra,Temperate
Thank off,Brassicaceae,40.9,Yellow,Urban,Subtropical
Research bring,Poaceae,38.1,Blue,Desert,Arid
Writer talk,Asteraceae,29.75,White,Wetland,Polar
Conference when,Poaceae,23.82,Green,Wetland,Arid
Challenge inside,Brassicaceae,8.79,Pink,Urban,Subtropical
Civil despite,Fabaceae,26.18,Purple,Tundra,Temperate
Yourself positive,Brassicaceae,19.41,Blue,Wetland,Tropical
Than door,Fabaceae,32.8,Blue,Wetland,Temperate
Glass eat,Fabaceae,36.12,White,Wetland,Subtropical
Student than,Asteraceae,7.06,Green,Grassland,Tropical
Place fear,Orchidaceae,26.45,White,Urban,Mediterranean
Simply action,Fabaceae,24.75,Blue,Tundra,Arid
Arm dark,Asteraceae,19.87,Purple,Wetland,Arid
Another series,Asteraceae,12.88,Orange,Grassland,Mediterranean
Brother garden,Solanaceae,48.97,Red,Tundra,Temperate
Teach assume,Brassicaceae,32.19,Green,Urban,Tropical
Small cover,Poaceae,46.32,Orange,Urban,Tropical
Body sense,Rosaceae,38.59,White,Desert,Tropical
Station way,Fabaceae,26.14,Orange,Desert,Arid
Office hour,Poaceae,18.63,Yellow,Desert,Mediterranean
Mean but,Asteraceae,49.54,Yellow,Desert,Arid
Bit rock,Solanaceae,47.57,Green,Desert,Tropical
Position early,Brassicaceae,42.5,Green,Forest,Arid
High his,Brassicaceae,4.06,Yellow,Marine,Subtropical
Read out,Brassicaceae,23.26,Purple,Grassland,Subtropical
Drug recently,Poaceae,41.29,Blue,Freshwater,Arid
Life attack,Orchidaceae,15.19,Red,Forest,Temperate
Long market,Rosaceae,46.72,Yellow,Tundra,Subtropical
Personal pattern,Brassicaceae,18.6,Blue,Grassland,Subtropical
My receive,Rosaceae,30.9,Green,Urban,Polar
Forward American,Orchidaceae,26.46,White,Forest,Arid
Fund them,Orchidaceae,36.48,Orange,Forest,Mediterranean
Serve eye,Solanaceae,24.09,Green,Grassland,Temperate
Raise live,Poaceae,3.59,Purple,Tundra,Subtropical
Hope sometimes,Solanaceae,17.35,Purple,Freshwater,Tropical
Director book,Rosaceae,49.27,Orange,Wetland,Polar
Bag explain,Poaceae,19.46,White,Freshwater,Subtropical
Three maintain,Orchidaceae,33.69,Pink,Marine,Tropical
Adult help,Fabaceae,45.49,Green,Grassland,Tropical
Field pattern,Brassicaceae,45.59,Orange,Grassland,Arid
Mouth toward,Poaceae,26.63,Green,Desert,Temperate
Choice anything,Orchidaceae,12.4,Red,Desert,Temperate
Deep nice,Poaceae,10.35,Red,Tundra,Subtropical
Back of,Asteraceae,21.37,Green,Freshwater,Temperate
They quite,Poaceae,34.04,Green,Wetland,Mediterranean
Break dinner,Fabaceae,25.75,Blue,Urban,Temperate
At any,Fabaceae,8.28,Yellow,Freshwater,Tropical
Dog claim,Brassicaceae,6.52,Blue,Grassland,Arid
Chair TV,Brassicaceae,46.81,Orange,Forest,Polar
Draw dog,Solanaceae,48.97,Yellow,Forest,Tropical
Forward much,Rosaceae,34.69,Pink,Urban,Mediterranean
Yard peace,Asteraceae,24.78,White,Grassland,Polar
Up second,Poaceae,12.15,Blue,Forest,Subtropical
Realize hotel,Solanaceae,13.53,Green,Desert,Polar
Particularly name,Poaceae,16.49,Blue,Marine,Subtropical
Chair wall,Asteraceae,31.32,Yellow,Grassland,Polar
While newspaper,Asteraceae,35.87,Blue,Freshwater,Mediterranean
Along across,Rosaceae,41.58,White,Forest,Temperate
Born although,Solanaceae,46.46,Yellow,Tundra,Polar
List past,Brassicaceae,43.28,Pink,Grassland,Arid
National relationship,Brassicaceae,34.96,Orange,Forest,Arid
Include step,Orchidaceae,1.05,Purple,Forest,Arid
Feel difference,Rosaceae,47.81,Orange,Urban,Subtropical
Debate defense,Solanaceae,18.42,White,Freshwater,Subtropical
Sometimes spend,Fabaceae,10.17,White,Tundra,Polar
Size toward,Solanaceae,22.96,Blue,Desert,Polar
Tv security,Brassicaceae,23.8,Green,Desert,Tropical
President into,Solanaceae,12.72,Blue,Urban,Subtropical
Call else,Asteraceae,34.9,Yellow,Wetland,Tropical
Today almost,Rosaceae,27.2,Purple,Tundra,Mediterranean
Rest difference,Asteraceae,29.58,Yellow,Freshwater,Tropical
Put government,Fabaceae,36.0,Pink,Forest,Temperate
Beat east,Orchidaceae,8.69,Green,Marine,Polar
Tonight sport,Orchidaceae,38.45,White,Marine,Polar
Maintain situation,Poaceae,44.07,Orange,Tundra,Mediterranean
Military thus,Orchidaceae,7.83,Yellow,Urban,Arid
Performance above,Brassicaceae,17.38,Pink,Tundra,Temperate
Value citizen,Brassicaceae,22.36,Red,Urban,Subtropical
Key build,Brassicaceae,24.38,White,Tundra,Mediterranean
Activity service,Asteraceae,39.17,Red,Freshwater,Tropical
Right along,Brassicaceae,44.82,White,Urban,Temperate
Measure moment,Poaceae,40.59,Green,Tundra,Mediterranean
Democrat current,Poaceae,45.36,Yellow,Freshwater,Tropical
Democrat case,Poaceae,30.49,Green,Marine,Tropical
Next though,Fabaceae,42.15,Pink,Grassland,Mediterranean
Yeah ready,Brassicaceae,16.83,Yellow,Grassland,Subtropical
Some site,Asteraceae,29.72,Red,Desert,Tropical
Game while,Orchidaceae,23.48,Orange,Wetland,Temperate
Majority figure,Orchidaceae,17.32,Purple,Grassland,Mediterranean
Whose chair,Fabaceae,18.18,Red,Grassland,Mediterranean
That picture,Orchidaceae,35.42,Yellow,Tundra,Polar
Have almost,Poaceae,1.65,Orange,Freshwater,Temperate
Soon recognize,Fabaceae,49.34,Orange,Urban,Mediterranean
Risk three,Fabaceae,8.07,Pink,Tundra,Polar
Natural environment,Solanaceae,36.98,Green,Marine,Subtropical
Dream because,Solanaceae,39.7,Green,Urban,Temperate
Soon standard,Rosaceae,27.38,Orange,Urban,Arid
Collection civil,Asteraceae,29.33,Yellow,Forest,Arid
Require office,Fabaceae,38.93,White,Desert,Subtropical
Our light,Rosaceae,33.7,Pink,Freshwater,Tropical
Mother yeah,Poaceae,11.22,Orange,Urban,Arid
He management,Rosaceae,27.14,Red,Forest,Tropical
Notice indeed,Fabaceae,36.23,Green,Desert,Tropical
Wonder again,Brassicaceae,45.52,Pink,Wetland,Temperate
Ground country,Brassicaceae,36.35,White,Urban,Mediterranean
Item community,Fabaceae,17.66,Green,Urban,Subtropical
Leg third,Asteraceae,25.25,Green,Grassland,Temperate
Buy home,Solanaceae,18.82,White,Urban,Tropical
Treat many,Asteraceae,16.37,Yellow,Urban,Temperate
Education herself,Poaceae,2.71,White,Marine,Arid
Own per,Rosaceae,39.78,Red,Tundra,Mediterranean
All Republican,Poaceae,15.51,Red,Grassland,Temperate
Take positive,Fabaceae,41.12,White,Wetland,Mediterranean
Ten establish,Rosaceae,21.31,Orange,Forest,Subtropical
Decade difference,Rosaceae,21.0,Red,Urban,Arid
Rate under,Fabaceae,42.3,Orange,Desert,Mediterranean
Mind cup,Rosaceae,4.01,Purple,Wetland,Polar
Item seat,Fabaceae,19.67,White,Wetland,Arid
If the,Brassicaceae,18.91,Blue,Urban,Tropical
Majority against,Solanaceae,46.93,Green,Marine,Polar
Remain own,Orchidaceae,45.47,Pink,Forest,Polar
Response hope,Orchidaceae,36.04,White,Marine,Subtropical
Recent manage,Asteraceae,11.95,White,Marine,Temperate
Apply decade,Orchidaceae,20.08,Pink,Forest,Arid
Respond sport,Poaceae,47.73,Orange,Wetland,Temperate
House senior,Rosaceae,12.06,Pink,Marine,Arid
Run yes,Asteraceae,8.98,Yellow,Wetland,Subtropical
Professor simple,Fabaceae,44.66,White,Urban,Subtropical
Character its,Orchidaceae,24.02,Green,Freshwater,Polar
Cover term,Poaceae,47.99,Red,Forest,Tropical
Others position,Fabaceae,9.34,Pink,Tundra,Arid
Involve several,Rosaceae,28.12,Pink,Forest,Mediterranean
Organization radio,Asteraceae,25.86,White,Freshwater,Arid
Figure each,Asteraceae,21.41,Yellow,Wetland,Subtropical
Daughter democratic,Brassicaceae,3.08,Orange,Urban,Temperate
Beautiful recently,Poaceae,32.84,White,Wetland,Arid
Choose I,Orchidaceae,9.02,Pink,Forest,Polar
Move tree,Asteraceae,30.4,Green,Marine,Arid
Just him,Fabaceae,15.33,Pink,Marine,Mediterranean
Parent national,Fabaceae,23.1,Purple,Desert,Temperate
Close heart,Brassicaceae,36.9,Yellow,Urban,Mediterranean
Soldier center,Asteraceae,41.98,Blue,Marine,Polar
Money around,Asteraceae,10.02,White,Freshwater,Mediterranean
Nothing myself,Solanaceae,5.54,Red,Tundra,Subtropical
Establish certain,Brassicaceae,23.46,Purple,Desert,Temperate
Politics cold,Fabaceae,34.4,Yellow,Wetland,Tropical
Decide and,Brassicaceae,23.64,White,Desert,Arid
More building,Brassicaceae,3.42,Blue,Freshwater,Temperate
Community wife,Poaceae,41.85,Red,Forest,Polar
Baby than,Rosaceae,5.47,Red,Urban,Subtropical
Security professor,Poaceae,37.33,Purple,Urban,Mediterranean
Begin system,Solanaceae,9.93,Orange,Forest,Subtropical
Southern name,Poaceae,38.52,Orange,Grassland,Tropical
Low guess,Fabaceae,36.79,Red,Marine,Mediterranean
Any report,Asteraceae,37.86,Blue,Urban,Arid
Put foot,Rosaceae,15.35,Pink,Wetland,Arid
Decide number,Asteraceae,15.91,Red,Freshwater,Tropical
Among test,Solanaceae,32.66,White,Tundra,Mediterranean
Top series,Solanaceae,19.82,Orange,Forest,Polar
Even bill,Rosaceae,9.6,White,Urban,Polar
Court we,Orchidaceae,34.88,Purple,Tundra,Subtropical
Last great,Solanaceae,48.0,Red,Urban,Subtropical
Large black,Orchidaceae,27.93,Purple,Urban,Tropical
Voice candidate,Orchidaceae,32.3,Green,Tundra,Temperate
Politics school,Brassicaceae,34.88,Orange,Freshwater,Polar
Maybe decide,Rosaceae,10.45,Yellow,Forest,Subtropical
Toward college,Asteraceae,9.11,Green,Desert,Mediterranean
Five down,Rosaceae,47.01,Pink,Forest,Temperate
Mouth six,Asteraceae,42.96,Yellow,Urban,Tropical
Have stock,Solanaceae,30.71,Orange,Urban,Polar
Pull win,Poaceae,14.32,Blue,Urban,Arid
By itself,Brassicaceae,33.94,Purple,Grassland,Mediterranean
World technology,Brassicaceae,27.52,Purple,Urban,Temperate
Son catch,Asteraceae,48.58,Yellow,Grassland,Tropical
Book attention,Orchidaceae,24.02,Pink,Wetland,Subtropical
Require foot,Orchidaceae,1.81,Blue,Forest,Mediterranean
Some step,Orchidaceae,4.67,Green,Urban,Temperate
Note crime,Rosaceae,32.69,White,Wetland,Polar
This forward,Poaceae,19.21,Purple,Freshwater,Tropical
Education blue,Fabaceae,21.87,Red,Urban,Subtropical
Lead evidence,Fabaceae,32.95,Purple,Freshwater,Polar
Beat social,Asteraceae,26.08,Blue,Tundra,Temperate
Improve by,Orchidaceae,30.67,Pink,Urban,Arid
Character back,Fabaceae,15.9,Red,Desert,Polar
Hospital my,Rosaceae,22.47,Red,Freshwater,Mediterranean
Me force,Rosaceae,6.43,Red,Wetland,Tropical
Keep site,Rosaceae,33.23,Red,Grassland,Temperate
Law tax,Brassicaceae,32.28,Yellow,Forest,Tropical
Imagine either,Solanaceae,37.1,White,Freshwater,Tropical
Court machine,Solanaceae,9.45,Green,Marine,Polar
Federal teach,Brassicaceae,17.35,Blue,Forest,Arid
Happy certainly,Poaceae,28.38,Orange,Urban,Subtropical
Character such,Asteraceae,35.32,Pink,Freshwater,Subtropical
Performance over,Solanaceae,25.59,Orange,Tundra,Subtropical
More political,Fabaceae,5.96,Green,Forest,Polar
Investment mother,Orchidaceae,6.78,Blue,Marine,Arid
Tough really,Brassicaceae,39.49,Blue,Freshwater,Mediterranean
Most key,Asteraceae,42.06,Yellow,Marine,Subtropical
Site us,Fabaceae,46.94,Blue,Tundra,Tropical
Same enter,Poaceae,14.19,Yellow,Wetland,Mediterranean
Indicate article,Orchidaceae,44.67,Pink,Urban,Subtropical
Foreign method,Poaceae,45.1,Pink,Urban,Temperate
Message professor,Poaceae,10.38,Yellow,Tundra,Mediterranean
Total set,Solanaceae,39.07,Yellow,Forest,Mediterranean
Majority look,Rosaceae,16.19,Pink,Marine,Temperate
Agreement newspaper,Fabaceae,30.09,Orange,Freshwater,Polar
Middle listen,Brassicaceae,24.44,Red,Forest,Temperate
Interesting office,Brassicaceae,30.39,White,Grassland,Mediterranean
Interest family,Fabaceae,13.73,Green,Grassland,Polar
Nearly certainly,Rosaceae,1.21,Blue,Desert,Arid
Claim store,Fabaceae,12.91,Blue,Desert,Tropical
Become society,Rosaceae,11.14,Yellow,Forest,Temperate
Consumer two,Solanaceae,20.33,Orange,Grassland,Arid
Nearly nation,Brassicaceae,26.88,Orange,Freshwater,Tropical
Explain note,Orchidaceae,25.39,Orange,Freshwater,Arid
Those brother,Asteraceae,34.2,Yellow,Forest,Mediterranean
Type little,Brassicaceae,32.92,Yellow,Forest,Subtropical
Both wear,Orchidaceae,29.12,Orange,Desert,Polar
Shoulder opportunity,Asteraceae,25.29,Green,Desert,Polar
Sport which,Orchidaceae,24.19,Red,Urban,Arid
Democratic weight,Brassicaceae,36.9,Purple,Desert,Tropical
Program gun,Orchidaceae,22.41,Red,Marine,Polar
Example Congress,Poaceae,38.95,Green,Freshwater,Temperate
Form song,Asteraceae,25.15,Purple,Grassland,Polar
Address worker,Rosaceae,15.84,Orange,Wetland,Arid
Region any,Fabaceae,18.59,Yellow,Marine,Tropical
Mean where,Orchidaceae,12.9,Blue,Tundra,Mediterranean
Choice together,Rosaceae,15.28,Purple,Wetland,Temperate
Forget meeting,Orchidaceae,12.31,Yellow,Forest,Subtropical
Meet trial,Solanaceae,41.87,Blue,Wetland,Temperate
Enter mind,Brassicaceae,34.04,White,Desert,Tropical
Very civil,Asteraceae,36.11,Orange,Forest,Arid
Agreement smile,Poaceae,45.49,Green,Tundra,Subtropical
Part look,Rosaceae,34.34,Green,Forest,Polar
Theory light,Fabaceae,24.94,Blue,Wetland,Subtropical
Top however,Fabaceae,16.01,Purple,Tundra,Tropical
Need old,Asteraceae,2.47,Orange,Forest,Tropical
More break,Solanaceae,38.93,Purple,Freshwater,Polar
Heart total,Brassicaceae,21.45,Blue,Urban,Polar
Light cut,Fabaceae,45.25,Pink,Tundra,Subtropical
Base away,Rosaceae,9.28,Red,Desert,Tropical
General rule,Rosaceae,45.36,Green,Forest,Arid
Use sister,Brassicaceae,40.27,Purple,Wetland,Tropical
Sister consider,Orchidaceae,21.01,Purple,Forest,Tropical
Seven once,Solanaceae,5.28,Green,Freshwater,Subtropical
Wide free,Fabaceae,24.79,Yellow,Urban,Mediterranean
Time first,Poaceae,7.53,Blue,Freshwater,Polar
Share build,Asteraceae,38.47,Blue,Desert,Temperate
Couple training,Brassicaceae,43.94,Yellow,Urban,Subtropical
Party serve,Rosaceae,19.8,Green,Urban,Polar
Rise use,Rosaceae,11.64,Red,Wetland,Arid
Deep general,Brassicaceae,8.48,Blue,Grassland,Polar
Heavy manager,Asteraceae,19.44,Yellow,Forest,Subtropical
What discover,Rosaceae,9.66,Green,Forest,Tropical
Recent whether,Orchidaceae,34.05,White,Freshwater,Arid
Show appear,Solanaceae,19.6,Green,Forest,Polar
Resource material,Rosaceae,1.15,Blue,Wetland,Arid
Happen list,Fabaceae,31.9,Purple,Wetland,Arid
None pattern,Rosaceae,1.17,Purple,Desert,Tropical
History thousand,Brassicaceae,7.22,Pink,Marine,Subtropical
Prevent skin,Poaceae,37.02,Green,Tundra,Arid
Miss official,Solanaceae,20.62,Red,Urban,Tropical
Trade low,Solanaceae,37.62,Purple,Freshwater,Temperate
Relate degree,Orchidaceae,8.37,Yellow,Freshwater,Polar
Save about,Rosaceae,48.83,Yellow,Grassland,Temperate
Material actually,Poaceae,34.56,Yellow,Desert,Mediterranean
Kitchen chair,Brassicaceae,31.36,Purple,Wetland,Mediterranean
Fly office,Rosaceae,5.85,Green,Desert,Temperate
Everybody drug,Asteraceae,13.61,Green,Tundra,Arid
Million past,Poaceae,12.78,White,Forest,Arid
Visit store,Poaceae,19.83,White,Grassland,Polar
Develop purpose,Brassicaceae,25.51,White,Freshwater,Mediterranean
Use if,Poaceae,27.65,Green,Wetland,Temperate
Quality detail,Asteraceae,8.43,White,Forest,Mediterranean
Thought short,Brassicaceae,22.51,Purple,Desert,Tropical
Party anything,Solanaceae,25.83,Yellow,Wetland,Subtropical
Somebody individual,Poaceae,4.89,Blue,Desert,Polar
Behavior question,Solanaceae,46.68,Pink,Tundra,Tropical
Discuss citizen,Solanaceae,2.35,Purple,Marine,Arid
Senior young,Solanaceae,25.19,White,Urban,Temperate
Time apply,Poaceae,29.45,Purple,Wetland,Polar
Prevent health,Poaceae,7.09,White,Marine,Arid
Maybe important,Orchidaceae,23.76,Purple,Wetland,Temperate
Former himself,Poaceae,14.68,Purple,Tundra,Arid
Whose area,Orchidaceae,28.76,Red,Wetland,Temperate
Walk key,Orchidaceae,19.54,Orange,Tundra,Temperate
Begin professor,Poaceae,17.52,Red,Grassland,Polar
Write him,Brassicaceae,47.88,Yellow,Forest,Arid
Than group,Asteraceae,8.39,Pink,Forest,Temperate
Full increase,Poaceae,35.18,Yellow,Tundra,Subtropical
Radio size,Asteraceae,29.11,Blue,Tundra,Subtropical
On draw,Poaceae,30.5,Pink,Marine,Polar
Campaign safe,Solanaceae,29.6,Red,Forest,Arid
Full difference,Poaceae,11.11,Pink,Freshwater,Subtropical
Alone employee,Orchidaceae,47.74,Blue,Tundra,Temperate
Head yourself,Asteraceae,8.58,White,Wetland,Mediterranean
Vote nice,Solanaceae,4.17,Pink,Freshwater,Polar
Enjoy laugh,Brassicaceae,23.32,White,Marine,Mediterranean
Point believe,Solanaceae,10.88,White,Freshwater,Polar
Decade write,Orchidaceae,2.08,Red,Marine,Mediterranean
Brother during,Brassicaceae,15.24,Pink,Wetland,Subtropical
Thus even,Poaceae,29.94,Pink,Freshwater,Arid
Have put,Orchidaceae,18.27,Pink,Grassland,Tropical
Entire condition,Asteraceae,49.55,Red,Marine,Temperate
Huge bill,Poaceae,45.68,Purple,Urban,Polar
Big according,Brassicaceae,24.44,Purple,Grassland,Arid
Teacher ahead,Orchidaceae,31.7,White,Forest,Temperate
Charge analysis,Brassicaceae,26.91,Orange,Grassland,Arid
Finish range,Rosaceae,42.25,Yellow,Forest,Mediterranean
Career while,Poaceae,3.1,Purple,Forest,Arid
Simple white,Poaceae,28.35,Green,Urban,Subtropical
Meet least,Fabaceae,35.8,Yellow,Urban,Arid
Cultural short,Poaceae,11.52,Blue,Freshwater,Temperate
Participant mention,Poaceae,37.15,Orange,Wetland,Mediterranean
Professional section,Rosaceae,44.72,Purple,Marine,Temperate
Behind follow,Rosaceae,40.88,Green,Urban,Mediterranean
Peace debate,Orchidaceae,36.74,White,Grassland,Arid
Ok teach,Orchidaceae,12.75,Pink,Desert,Subtropical
Might personal,Fabaceae,25.22,Yellow,Freshwater,Arid
Ball debate,Orchidaceae,10.82,Green,Wetland,Subtropical
Save wind,Poaceae,6.0,Orange,Grassland,Tropical
Culture read,Orchidaceae,6.79,Red,Wetland,Mediterranean
City see,Brassicaceae,28.63,Green,Grassland,Subtropical
Stock fish,Brassicaceae,10.93,Pink,Freshwater,Subtropical
Could sound,Rosaceae,3.68,Yellow,Forest,Subtropical
Power room,Orchidaceae,20.39,White,Marine,Tropical
Successful world,Rosaceae,32.71,Red,Forest,Arid
Fish true,Brassicaceae,42.84,Green,Urban,Polar
Theory media,Fabaceae,13.88,White,Urban,Arid
Current cost,Fabaceae,10.45,Yellow,Forest,Temperate
Red around,Asteraceae,44.06,Orange,Grassland,Arid
Five thing,Poaceae,18.02,Green,Grassland,Mediterranean
Range than,Asteraceae,37.43,Orange,Grassland,Tropical
Spring along,Rosaceae,20.97,Red,Tundra,Temperate
Factor exist,Rosaceae,15.36,Pink,Freshwater,Tropical
Now ask,Brassicaceae,11.73,Pink,Urban,Mediterranean
Management yes,Rosaceae,45.58,Green,Urban,Subtropical
Away brother,Asteraceae,38.27,Yellow,Desert,Subtropical
Teach create,Orchidaceae,34.65,Yellow,Urban,Arid
Themselves figure,Orchidaceae,43.59,Purple,Forest,Tropical
We cause,Brassicaceae,4.98,Green,Tundra,Subtropical
Manager involve,Fabaceae,23.49,Blue,Desert,Arid
Follow ahead,Fabaceae,15.01,Yellow,Freshwater,Temperate
Officer their,Brassicaceae,9.42,Purple,Urban,Temperate
Nature realize,Rosaceae,34.35,Green,Grassland,Subtropical
Of wall,Orchidaceae,48.13,Purple,Grassland,Arid
Court account,Brassicaceae,49.73,White,Desert,Temperate
Sense population,Solanaceae,48.16,Orange,Forest,Temperate
Analysis similar,Solanaceae,29.09,Orange,Grassland,Subtropical
Weight debate,Asteraceae,39.51,Blue,Tundra,Arid
Political better,Fabaceae,43.83,Red,Marine,Arid
Teach rest,Fabaceae,14.4,Red,Marine,Arid
Appear start,Fabaceae,25.03,Pink,Wetland,Temperate
Policy protect,Solanaceae,27.35,Yellow,Tundra,Arid
Activity arm,Poaceae,4.98,Blue,Tundra,Subtropical
Arrive reach,Asteraceae,42.42,Blue,Wetland,Subtropical
End TV,Brassicaceae,33.4,Pink,Tundra,Arid
Relationship challenge,Asteraceae,20.7,Green,Urban,Arid
Practice ever,Asteraceae,9.06,Green,Urban,Polar
Available source,Brassicaceae,16.99,Blue,Freshwater,Tropical
Become receive,Brassicaceae,35.82,Yellow,Urban,Arid
Past street,Brassicaceae,14.99,Pink,Forest,Polar
News base,Fabaceae,46.32,Red,Urban,Mediterranean
Painting anything,Asteraceae,18.16,Purple,Marine,Mediterranean
Guess water,Rosaceae,49.03,Pink,Grassland,Tropical
Provide you,Poaceae,10.29,Green,Tundra,Subtropical
Act both,Fabaceae,2.79,Yellow,Desert,Mediterranean
None adult,Asteraceae,21.9,Red,Grassland,Temperate
While reflect,Brassicaceae,17.65,Green,Forest,Polar
Growth lead,Asteraceae,26.74,Green,Tundra,Mediterranean
Animal within,Poaceae,30.88,Purple,Wetland,Tropical
Return wish,Rosaceae,18.81,Pink,Wetland,Mediterranean
Goal fast,Asteraceae,20.78,White,Grassland,Temperate
Table serve,Brassicaceae,29.07,Pink,Wetland,Temperate
Science ahead,Orchidaceae,5.3,Pink,Wetland,Temperate
Identify short,Orchidaceae,41.87,Purple,Wetland,Temperate
Off yard,Orchidaceae,13.71,Pink,Urban,Tropical
Attack data,Brassicaceae,33.78,Red,Freshwater,Temperate
Worker energy,Asteraceae,38.33,Green,Desert,Polar
Receive reason,Orchidaceae,14.17,Green,Desert,Temperate
Senior sure,Orchidaceae,32.82,Green,Forest,Temperate
Draw movie,Asteraceae,41.83,Yellow,Marine,Mediterranean
Radio all,Asteraceae,31.07,Orange,Wetland,Tropical
Story or,Brassicaceae,46.51,Yellow,Marine,Temperate
Forget local,Poaceae,33.39,Green,Freshwater,Temperate
Live so,Orchidaceae,22.41,Orange,Forest,Polar
Instead collection,Brassicaceae,39.14,Pink,Grassland,Subtropical
Share go,Brassicaceae,23.6,Pink,Grassland,Polar
Middle challenge,Brassicaceae,43.49,Yellow,Urban,Subtropical
American according,Orchidaceae,20.17,Blue,Forest,Mediterranean
Although Congress,Solanaceae,26.85,Green,Freshwater,Arid
Be character,Poaceae,36.99,Orange,Marine,Subtropical
Total together,Rosaceae,11.83,Red,Forest,Arid
Hit stage,Orchidaceae,21.87,Yellow,Tundra,Mediterranean
Age professor,Asteraceae,39.3,Blue,Desert,Mediterranean
Unit about,Solanaceae,13.48,Yellow,Freshwater,Polar
Color life,Poaceae,43.96,Purple,Forest,Polar
Require use,Asteraceae,45.93,Red,Marine,Arid
Public cut,Rosaceae,27.84,Purple,Marine,Subtropical
Item blue,Brassicaceae,3.6,Blue,Wetland,Arid
Up assume,Brassicaceae,46.53,Orange,Freshwater,Arid
Than game,Orchidaceae,49.63,Orange,Marine,Tropical
Money anyone,Orchidaceae,20.36,Orange,Marine,Polar
Skin product,Orchidaceae,7.32,Orange,Freshwater,Mediterranean
Amount your,Poaceae,17.99,Blue,Urban,Subtropical
Idea exactly,Poaceae,38.32,Red,Urban,Arid
Town international,Solanaceae,28.85,Purple,Marine,Arid
Suggest conference,Asteraceae,24.59,White,Desert,Mediterranean
Customer these,Asteraceae,4.37,Orange,Marine,Polar
Moment girl,Brassicaceae,30.21,Purple,Marine,Tropical
Must quite,Brassicaceae,10.85,Yellow,Freshwater,Tropical
Best student,Asteraceae,20.29,Pink,Desert,Temperate
Price sell,Fabaceae,33.63,Purple,Forest,Tropical
Series bring,Fabaceae,17.85,Pink,Forest,Arid
And leader,Rosaceae,4.61,Purple,Marine,Mediterranean
Her play,Fabaceae,23.33,Pink,Tundra,Mediterranean
Edge story,Fabaceae,34.1,Yellow,Freshwater,Arid
One rest,Solanaceae,17.21,Blue,Forest,Polar
Accept per,Brassicaceae,18.16,Pink,Desert,Mediterranean
Policy best,Solanaceae,29.96,Red,Grassland,Mediterranean
Cultural reach,Fabaceae,40.31,White,Tundra,Polar
Establish move,Asteraceae,11.25,White,Urban,Temperate
Ago foreign,Poaceae,42.19,Red,Tundra,Mediterranean
Time as,Brassicaceae,45.95,Pink,Grassland,Temperate
Project help,Rosaceae,4.94,Green,Forest,Tropical
It book,Brassicaceae,48.88,Pink,Marine,Polar
Look box,Poaceae,38.43,Orange,Wetland,Mediterranean
Without history,Brassicaceae,29.62,Orange,Forest,Arid
Skill personal,Poaceae,44.37,Yellow,Freshwater,Mediterranean
Play father,Fabaceae,42.4,White,Grassland,Mediterranean
Information since,Rosaceae,2.8,Pink,Forest,Temperate
Positive couple,Fabaceae,18.48,White,Forest,Tropical
Stage weight,Solanaceae,27.74,Blue,Marine,Mediterranean
Eight pattern,Solanaceae,48.57,Blue,Desert,Temperate
Person hit,Solanaceae,46.85,Pink,Tundra,Subtropical
Man possible,Poaceae,1.47,Purple,Grassland,Subtropical
Glass tax,Solanaceae,27.58,Orange,Wetland,Arid
Nice hope,Solanaceae,30.37,Yellow,Forest,Tropical
Instead foreign,Asteraceae,30.88,Purple,Desert,Tropical
Right program,Orchidaceae,31.41,Orange,Urban,Arid
Foreign join,Fabaceae,14.76,Red,Forest,Polar
Hand system,Rosaceae,5.96,Yellow,Urban,Temperate
Voice director,Asteraceae,42.24,Pink,Urban,Mediterranean
Fight parent,Rosaceae,19.4,White,Desert,Polar
Per live,Brassicaceae,25.23,Green,Marine,Mediterranean
National any,Asteraceae,1.38,Orange,Freshwater,Subtropical
Admit create,Fabaceae,17.77,Red,Marine,Subtropical
Moment herself,Rosaceae,38.39,Pink,Wetland,Temperate
Everything work,Solanaceae,10.01,White,Desert,Mediterranean
Story evidence,Solanaceae,10.06,Purple,Desert,Subtropical
In can,Poaceae,31.65,Pink,Wetland,Polar
Film keep,Rosaceae,5.19,Red,Marine,Tropical
Thing young,Rosaceae,5.45,Orange,Desert,Polar
More agree,Solanaceae,9.6,Orange,Wetland,Arid
Keep stuff,Brassicaceae,4.75,Yellow,Freshwater,Polar
Owner according,Rosaceae,17.97,Orange,Urban,Temperate
Blue inside,Brassicaceae,29.06,Red,Urban,Arid
How serve,Brassicaceae,22.56,Orange,Desert,Mediterranean
It effect,Solanaceae,33.8,Red,Wetland,Temperate
Finish wrong,Rosaceae,30.78,Green,Tundra,Tropical
Dinner stuff,Poaceae,10.26,White,Desert,Tropical
Huge fish,Rosaceae,14.34,Orange,Forest,Mediterranean
Stay research,Orchidaceae,14.57,Green,Forest,Arid
Media at,Brassicaceae,42.31,White,Grassland,Subtropical
Budget bed,Orchidaceae,4.82,Yellow,Forest,Arid
Suggest level,Solanaceae,45.9,Purple,Tundra,Mediterranean
Make add,Fabaceae,14.26,White,Wetland,Tropical
Tell move,Brassicaceae,16.22,Orange,Freshwater,Mediterranean
Attorney per,Orchidaceae,3.8,Pink,Tundra,Polar
Pull parent,Fabaceae,32.45,Green,Forest,Arid
Military recently,Poaceae,22.49,White,Wetland,Tropical
Yeah half,Solanaceae,14.07,White,Urban,Arid
Buy art,Brassicaceae,28.25,Orange,Forest,Subtropical
Start Congress,Poaceae,18.77,Blue,Freshwater,Arid
Although event,Rosaceae,29.04,White,Urban,Temperate
Moment brother,Brassicaceae,44.46,Pink,Desert,Subtropical
Worry chance,Brassicaceae,25.52,Green,Desert,Tropical
Ask official,Fabaceae,19.43,Blue,Desert,Polar
Stage tonight,Brassicaceae,8.16,Red,Forest,Mediterranean
Spring first,Fabaceae,6.93,Orange,Wetland,Subtropical
Late cover,Rosaceae,47.16,Orange,Grassland,Subtropical
True to,Solanaceae,15.39,Pink,Urban,Polar
Situation street,Rosaceae,20.77,Orange,Wetland,Polar
Somebody respond,Orchidaceae,2.75,Pink,Wetland,Tropical
Stuff a,Poaceae,18.23,Red,Marine,Tropical
Shake hand,Asteraceae,4.21,Orange,Marine,Polar
Third look,Poaceae,10.36,Blue,Marine,Subtropical
Visit brother,Poaceae,45.54,White,Grassland,Arid
Late professional,Poaceae,22.62,Purple,Grassland,Arid
Whom activity,Poaceae,22.93,White,Marine,Mediterranean
Born plan,Orchidaceae,8.12,Yellow,Marine,Temperate
Husband purpose,Rosaceae,41.36,Pink,Wetland,Arid
Off force,Rosaceae,45.72,Blue,Freshwater,Temperate
Computer not,Rosaceae,48.7,White,Grassland,Subtropical
Message skin,Poaceae,32.82,Purple,Tundra,Polar
Part mission,Poaceae,47.36,Blue,Marine,Temperate
Thing join,Fabaceae,44.17,White,Desert,Temperate
Ahead strategy,Brassicaceae,38.59,Orange,Marine,Mediterranean
Reflect individual,Brassicaceae,14.86,White,Desert,Tropical
Foot me,Fabaceae,32.1,Pink,Tundra,Arid
Her cost,Fabaceae,46.75,Green,Forest,Temperate
Never region,Rosaceae,23.78,Yellow,Marine,Mediterranean
Study usually,Solanaceae,2.23,Blue,Marine,Polar
Someone civil,Poaceae,34.6,Pink,Grassland,Arid
Whose example,Asteraceae,11.37,Green,Wetland,Temperate
Ask with,Orchidaceae,25.55,Blue,Tundra,Temperate
Though themselves,Asteraceae,23.61,Green,Forest,Subtropical
Operation need,Fabaceae,29.08,Orange,Tundra,Temperate
Two produce,Rosaceae,36.36,Red,Wetland,Tropical
Reality seven,Solanaceae,15.31,White,Freshwater,Tropical
Lead small,Poaceae,48.72,Pink,Grassland,Subtropical
Report for,Brassicaceae,34.28,White,Marine,Arid
With similar,Brassicaceae,46.87,Green,Marine,Tropical
Month very,Brassicaceae,25.72,Yellow,Forest,Subtropical
Medical task,Solanaceae,43.44,Pink,Grassland,Arid
Quickly benefit,Rosaceae,13.22,White,Wetland,Temperate
Whether finally,Poaceae,26.68,Orange,Urban,Tropical
Nature democratic,Brassicaceae,32.44,Blue,Marine,Tropical
Customer police,Solanaceae,18.9,Purple,Grassland,Temperate
Summer by,Solanaceae,38.14,White,Tundra,Mediterranean
Citizen wear,Asteraceae,3.53,Orange,Marine,Subtropical
Half against,Orchidaceae,46.63,Pink,Desert,Tropical
Cultural decade,Rosaceae,46.91,Purple,Wetland,Temperate
Drive early,Solanaceae,18.04,Orange,Freshwater,Mediterranean
Budget trouble,Asteraceae,49.72,Purple,Tundra,Polar
Space west,Brassicaceae,4.29,Yellow,Desert,Mediterranean
Partner use,Orchidaceae,36.19,Green,Wetland,Subtropical
Impact mouth,Solanaceae,42.18,Red,Urban,Polar
Since why,Brassicaceae,9.33,Orange,Wetland,Subtropical
Seat successful,Rosaceae,3.18,Yellow,Tundra,Mediterranean
Money yourself,Orchidaceae,20.45,White,Tundra,Temperate
Age decide,Brassicaceae,9.44,Pink,Grassland,Subtropical
Left score,Solanaceae,17.79,Green,Tundra,Temperate
Nation to,Fabaceae,11.57,Orange,Freshwater,Mediterranean
Manager often,Asteraceae,6.76,White,Desert,Arid
Realize people,Rosaceae,4.83,Blue,Wetland,Polar
Activity amount,Fabaceae,20.1,Yellow,Desert,Tropical
Positive operation,Poaceae,45.82,Pink,Grassland,Temperate
Throw hear,Brassicaceae,2.62,Purple,Urban,Subtropical
Heavy up,Brassicaceae,1.77,Blue,Wetland,Temperate
Particularly owner,Brassicaceae,44.91,Yellow,Urban,Arid
Finally mother,Asteraceae,20.87,Red,Wetland,Tropical
Although body,Orchidaceae,21.48,Blue,Forest,Arid
Guy want,Solanaceae,27.27,Orange,Grassland,Arid
Over score,Fabaceae,18.05,Red,Grassland,Mediterranean
Nothing yourself,Brassicaceae,15.3,Green,Wetland,Mediterranean
Scientist dream,Rosaceae,6.5,Orange,Urban,Polar
Ground relationship,Orchidaceae,4.52,Green,Tundra,Arid
Find position,Orchidaceae,13.83,Red,Forest,Temperate
First see,Asteraceae,48.45,White,Grassland,Tropical
Result sport,Brassicaceae,28.01,White,Freshwater,Polar
Camera example,Orchidaceae,26.87,Green,Freshwater,Subtropical
About billion,Poaceae,30.05,Pink,Tundra,Tropical
Case determine,Fabaceae,39.78,Yellow,Grassland,Polar
Here special,Orchidaceae,43.9,Green,Freshwater,Polar
Care much,Rosaceae,8.09,Purple,Freshwater,Arid
Young hear,Poaceae,28.12,Blue,Marine,Subtropical
Effect building,Orchidaceae,42.26,Yellow,Tundra,Temperate
Evening under,Brassicaceae,43.29,Yellow,Urban,Polar
Rock cost,Fabaceae,9.88,Green,Marine,Subtropical
Bring plan,Poaceae,15.7,Pink,Freshwater,Subtropical
Help popular,Asteraceae,24.77,Blue,Desert,Arid
Add all,Asteraceae,35.02,Orange,Urban,Tropical
Property should,Poaceae,47.52,Blue,Desert,Temperate
Type now,Solanaceae,35.53,Green,Marine,Mediterranean
Push skin,Rosaceae,46.3,Purple,Grassland,Mediterranean
Customer edge,Asteraceae,15.35,White,Freshwater,Subtropical
Phone week,Orchidaceae,12.36,Pink,Urban,Polar
Do tough,Orchidaceae,6.73,Orange,Desert,Arid
When respond,Brassicaceae,39.53,Purple,Marine,Subtropical
Near world,Brassicaceae,19.07,Green,Urban,Subtropical
Bad test,Rosaceae,22.8,Orange,Grassland,Polar
Window maintain,Solanaceae,31.19,Yellow,Urban,Temperate
Until sea,Poaceae,4.56,Orange,Marine,Polar
Stage animal,Rosaceae,3.37,Purple,Tundra,Subtropical
Other similar,Solanaceae,4.63,Pink,Wetland,Polar
Account weight,Solanaceae,25.43,Orange,Tundra,Polar
Moment street,Poaceae,42.05,Blue,Wetland,Temperate
Himself against,Orchidaceae,42.45,Purple,Tundra,Mediterranean
Note physical,Solanaceae,14.3,White,Wetland,Temperate
Show nothing,Brassicaceae,21.49,Purple,Wetland,Mediterranean
Such remain,Poaceae,8.92,White,Wetland,Polar
Music level,Solanaceae,28.9,Red,Freshwater,Polar
Long provide,Orchidaceae,48.66,White,Grassland,Tropical
Consumer break,Solanaceae,49.98,Red,Tundra,Tropical
Vote material,Rosaceae,46.18,Yellow,Desert,Polar
Team our,Rosaceae,38.27,Green,Tundra,Polar
Four become,Poaceae,27.94,Green,Tundra,Mediterranean
Relationship property,Orchidaceae,21.75,Orange,Urban,Mediterranean
Smile market,Brassicaceae,15.32,Red,Desert,Polar
Capital ready,Solanaceae,28.52,Orange,Urban,Subtropical
Establish bed,Poaceae,7.29,Green,Wetland,Subtropical
None unit,Solanaceae,49.07,Red,Tundra,Tropical
Deal individual,Asteraceae,21.32,Yellow,Desert,Tropical
Day peace,Asteraceae,5.9,Pink,Tundra,Arid
Right million,Rosaceae,31.91,Purple,Marine,Polar
Test push,Solanaceae,13.46,Purple,Forest,Subtropical
Husband increase,Solanaceae,43.13,Pink,Freshwater,Tropical
Point opportunity,Asteraceae,17.57,Green,Wetland,Arid
About last,Solanaceae,46.32,Pink,Wetland,Tropical
Week traditional,Brassicaceae,47.51,Purple,Forest,Subtropical
Reflect tax,Asteraceae,40.72,Pink,Urban,Polar
Large group,Poaceae,23.69,Orange,Wetland,Subtropical
Late left,Solanaceae,33.3,Blue,Forest,Mediterranean
Recent interesting,Poaceae,18.3,Yellow,Urban,Subtropical
Seem current,Rosaceae,5.86,White,Freshwater,Tropical
Appear remain,Brassicaceae,41.47,White,Grassland,Temperate
Record cultural,Fabaceae,39.48,Purple,Forest,Arid
Or common,Fabaceae,36.63,Yellow,Wetland,Mediterranean
Carry black,Rosaceae,14.5,Pink,Wetland,Polar
Add son,Asteraceae,23.37,Green,Forest,Arid
For group,Solanaceae,5.58,Purple,Marine,Temperate
Make chair,Fabaceae,40.97,Orange,Forest,Arid
Nothing item,Solanaceae,42.13,Yellow,Marine,Arid
Science especially,Orchidaceae,18.83,Blue,Freshwater,Polar
Force cold,Solanaceae,42.64,Yellow,Freshwater,Polar
Despite tend,Rosaceae,11.18,Yellow,Grassland,Arid
Size south,Rosaceae,35.49,White,Freshwater,Subtropical
Five marriage,Asteraceae,9.99,Pink,Tundra,Tropical
Record seat,Poaceae,34.06,Yellow,Marine,Polar
Scientist majority,Fabaceae,41.81,Purple,Desert,Temperate
Write threat,Orchidaceae,19.14,Yellow,Urban,Polar
Yeah hour,Fabaceae,29.11,Green,Freshwater,Mediterranean
To nothing,Fabaceae,25.57,Green,Freshwater,Temperate
Follow enough,Brassicaceae,24.97,Yellow,Desert,Tropical
Believe reality,Solanaceae,20.5,Orange,Forest,Subtropical
Human few,Poaceae,42.17,Red,Freshwater,Mediterranean
None sell,Poaceae,41.06,Purple,Marine,Arid
Interview change,Rosaceae,4.02,Pink,Tundra,Mediterranean
Water series,Rosaceae,19.64,White,Desert,Temperate
However cut,Rosaceae,15.04,Yellow,Forest,Mediterranean
Activity and,Orchidaceae,39.8,Pink,Marine,Arid
Community company,Asteraceae,39.31,White,Tundra,Arid
Into mother,Orchidaceae,45.74,Red,Tundra,Mediterranean
Around bad,Poaceae,15.29,White,Desert,Temperate
Boy very,Orchidaceae,39.7,Yellow,Freshwater,Arid
Agree from,Fabaceae,21.2,Purple,Urban,Polar
Born whatever,Asteraceae,15.04,Purple,Tundra,Mediterranean
Huge class,Orchidaceae,9.85,Pink,Urban,Temperate
Policy phone,Orchidaceae,38.59,Red,Freshwater,Tropical
Summer benefit,Poaceae,29.35,Orange,Forest,Arid
Section himself,Asteraceae,37.21,Red,Marine,Arid
Seek authority,Brassicaceae,2.07,Purple,Desert,Tropical
Skill herself,Solanaceae,28.65,Purple,Freshwater,Subtropical
Mention discuss,Poaceae,25.77,Yellow,Urban,Temperate
Act fund,Rosaceae,32.1,Yellow,Marine,Temperate
Tax article,Orchidaceae,17.46,Pink,Marine,Mediterranean
Actually service,Fabaceae,47.19,Orange,Tundra,Temperate
Could perform,Poaceae,23.26,Orange,Freshwater,Polar
Analysis kid,Asteraceae,47.99,Green,Wetland,Temperate
Suffer wrong,Solanaceae,11.83,Pink,Urban,Mediterranean
By meet,Orchidaceae,18.42,White,Desert,Temperate
Move quite,Brassicaceae,37.31,Orange,Tundra,Temperate
Campaign parent,Orchidaceae,18.57,Yellow,Freshwater,Mediterranean
Risk size,Solanaceae,17.23,Yellow,Marine,Subtropical
Edge cup,Asteraceae,29.21,Purple,Freshwater,Subtropical
Create mission,Solanaceae,20.51,White,Freshwater,Subtropical
Forward two,Asteraceae,35.07,Orange,Wetland,Subtropical
Reflect enter,Brassicaceae,3.91,Red,Urban,Arid
Past situation,Orchidaceae,43.05,Purple,Wetland,Mediterranean
Hold resource,Poaceae,27.89,Blue,Urban,Arid
There by,Brassicaceae,33.63,Pink,Grassland,Tropical
Executive yourself,Asteraceae,16.78,Red,Forest,Subtropical
Continue ago,Asteraceae,47.91,Red,Marine,Subtropical
Issue point,Brassicaceae,47.94,Yellow,Freshwater,Subtropical
Card want,Rosaceae,8.24,Green,Desert,Polar
Film manager,Brassicaceae,1.13,Orange,Urban,Mediterranean
Soldier approach,Poaceae,13.65,Pink,Urban,Tropical
Thank issue,Brassicaceae,17.61,Blue,Desert,Temperate
Set travel,Rosaceae,38.86,Pink,Wetland,Polar
Visit trip,Brassicaceae,29.52,White,Forest,Tropical
Happy election,Fabaceae,5.15,Orange,Urban,Tropical
Environment prepare,Rosaceae,45.67,Red,Wetland,Polar
Deal make,Fabaceae,3.55,Red,Urban,Subtropical
To boy,Fabaceae,29.25,Pink,Urban,Tropical
Direction from,Fabaceae,15.15,Yellow,Wetland,Subtropical
Remain eight,Brassicaceae,18.44,White,Urban,Mediterranean
Traditional or,Poaceae,32.51,White,Marine,Polar
Clear assume,Orchidaceae,39.59,Blue,Freshwater,Mediterranean
Class draw,Poaceae,11.19,Yellow,Desert,Subtropical
Generation buy,Brassicaceae,5.12,Red,Urban,Tropical
Grow do,Poaceae,15.12,Pink,Desert,Subtropical
Both look,Solanaceae,22.68,Yellow,Marine,Arid
Visit Congress,Poaceae,22.06,Purple,Tundra,Subtropical
Nothing whom,Brassicaceae,18.57,Green,Tundra,Mediterranean
Property or,Asteraceae,43.42,Red,Wetland,Subtropical
Fire TV,Fabaceae,11.98,Yellow,Tundra,Mediterranean
Heart two,Rosaceae,36.94,Red,Forest,Arid
Money voice,Solanaceae,13.6,Yellow,Freshwater,Temperate
Per great,Poaceae,28.33,Orange,Wetland,Arid
Data worker,Fabaceae,2.08,Pink,Urban,Subtropical
Game thing,Brassicaceae,44.48,Green,Tundra,Polar
Together fast,Orchidaceae,34.66,Purple,Desert,Temperate
The could,Poaceae,40.86,Pink,Marine,Temperate
Himself everybody,Asteraceae,47.15,Green,Urban,Subtropical
Anyone something,Poaceae,45.83,Purple,Marine,Mediterranean
Newspaper management,Brassicaceae,40.23,Purple,Freshwater,Mediterranean
Cold catch,Orchidaceae,42.21,Yellow,Freshwater,Subtropical
Appear seat,Solanaceae,21.69,Blue,Freshwater,Arid
Yard hundred,Fabaceae,16.7,Yellow,Grassland,Arid
Adult save,Poaceae,33.23,White,Freshwater,Subtropical
Together threat,Solanaceae,31.58,Purple,Freshwater,Polar
Respond recognize,Poaceae,4.91,Purple,Tundra,Polar
Media energy,Rosaceae,2.76,Yellow,Grassland,Tropical
Civil seat,Orchidaceae,6.76,Purple,Wetland,Subtropical
Television pattern,Fabaceae,39.69,Green,Tundra,Tropical
Nation call,Brassicaceae,37.41,Purple,Marine,Mediterranean
Federal how,Poaceae,21.97,Pink,Wetland,Subtropical
Responsibility true,Poaceae,22.38,Blue,Desert,Temperate
Pm three,Fabaceae,8.11,Orange,Tundra,Polar
Former page,Fabaceae,12.55,Yellow,Forest,Polar
Become director,Solanaceae,42.51,Green,Wetland,Arid
Blue increase,Brassicaceae,29.19,White,Grassland,Temperate
Assume involve,Orchidaceae,34.84,Green,Marine,Tropical
Voice simply,Brassicaceae,12.55,Orange,Urban,Mediterranean
Matter phone,Poaceae,43.18,Purple,Tundra,Subtropical
Nothing where,Rosaceae,18.22,Purple,Marine,Polar
Every throw,Solanaceae,7.69,Green,Freshwater,Polar
Stop new,Solanaceae,38.99,Blue,Grassland,Mediterranean
Several him,Poaceae,35.82,Purple,Grassland,Polar
Population chance,Brassicaceae,2.25,Blue,Marine,Polar
Beautiful audience,Asteraceae,1.46,Blue,Urban,Arid
Organization leave,Asteraceae,40.11,Red,Tundra,Subtropical
Form huge,Fabaceae,18.03,White,Wetland,Arid
Single set,Asteraceae,13.38,White,Urban,Subtropical
Thank option,Asteraceae,46.49,Red,Desert,Subtropical
Class color,Asteraceae,2.77,Pink,Urban,Arid
Fund weight,Orchidaceae,15.08,Purple,Urban,Subtropical
Five quickly,Orchidaceae,24.46,Blue,Marine,Subtropical
Expect during,Orchidaceae,34.58,Blue,Freshwater,Mediterranean
Someone region,Orchidaceae,19.25,Blue,Grassland,Arid
Three feel,Rosaceae,44.68,Blue,Desert,Arid
Bad live,Fabaceae,26.15,Red,Wetland,Tropical
Increase appear,Poaceae,20.27,Green,Desert,Mediterranean
Worry road,Solanaceae,41.27,Yellow,Desert,Subtropical
Now shoulder,Solanaceae,38.24,Yellow,Freshwater,Polar
Style force,Poaceae,7.33,Orange,Freshwater,Polar
Sport born,Asteraceae,10.62,Blue,Desert,Tropical
Training question,Orchidaceae,40.85,Pink,Grassland,Temperate
Treatment whole,Orchidaceae,29.15,Green,Freshwater,Mediterranean
Be can,Fabaceae,32.13,Yellow,Tundra,Tropical
Thank teach,Brassicaceae,6.16,White,Tundra,Tropical
Game as,Solanaceae,15.03,Purple,Grassland,Arid
Camera start,Brassicaceae,45.4,Pink,Forest,Mediterranean
Claim practice,Orchidaceae,19.15,Yellow,Grassland,Tropical
Goal less,Poaceae,28.13,Red,Wetland,Mediterranean
Two drug,Poaceae,24.54,Red,Forest,Polar
Speak old,Solanaceae,5.34,White,Forest,Polar
Like perhaps,Brassicaceae,41.19,Red,Marine,Mediterranean
Picture laugh,Rosaceae,13.93,Blue,Wetland,Temperate
Couple program,Rosaceae,38.97,Green,Grassland,Tropical
Value whose,Solanaceae,49.41,Pink,Tundra,Mediterranean
History professor,Rosaceae,28.43,Orange,Wetland,Arid
High summer,Rosaceae,14.07,White,Wetland,Polar
Its political,Brassicaceae,14.07,Pink,Wetland,Subtropical
Main teach,Rosaceae,22.54,White,Forest,Temperate
You serious,Fabaceae,5.58,White,Urban,Subtropical
Respond company,Solanaceae,29.0,Blue,Wetland,Subtropical
Democrat story,Asteraceae,34.73,Red,Freshwater,Temperate
Act run,Orchidaceae,23.3,Yellow,Desert,Subtropical
Seat already,Solanaceae,47.9,Purple,Desert,Tropical
Guess own,Asteraceae,33.35,Red,Freshwater,Subtropical
Between keep,Brassicaceae,38.11,Green,Desert,Mediterranean
Half official,Fabaceae,44.11,Orange,Marine,Temperate
Owner result,Poaceae,18.25,Orange,Desert,Tropical
Rather fast,Orchidaceae,43.37,Green,Freshwater,Temperate
Gas agency,Asteraceae,17.86,Purple,Forest,Polar
Drive heavy,Orchidaceae,31.66,Orange,Tundra,Tropical
Majority these,Asteraceae,49.56,Blue,Marine,Temperate
College strong,Solanaceae,15.94,Purple,Tundra,Polar
Gun sport,Brassicaceae,40.66,Pink,Forest,Subtropical
Know material,Rosaceae,37.32,Green,Marine,Temperate
Ready relate,Solanaceae,49.56,Red,Urban,Mediterranean
Would five,Brassicaceae,6.49,Pink,Urban,Temperate
Word couple,Rosaceae,25.73,White,Desert,Tropical
Protect policy,Rosaceae,40.32,Yellow,Freshwater,Polar
Whom break,Rosaceae,39.05,Orange,Desert,Mediterranean
Whose movie,Orchidaceae,26.54,Pink,Tundra,Tropical
Magazine happen,Asteraceae,31.12,Yellow,Tundra,Temperate
Next teach,Asteraceae,27.27,Red,Desert,Subtropical
Coach marriage,Solanaceae,38.38,Pink,Forest,Polar
Edge again,Poaceae,25.11,Green,Forest,Subtropical
Onto forward,Orchidaceae,10.93,White,Marine,Arid
Season receive,Poaceae,21.37,Purple,Marine,Tropical
She party,Poaceae,6.9,Yellow,Desert,Mediterranean
Back lead,Asteraceae,11.64,Green,Urban,Polar
Expert improve,Rosaceae,23.31,White,Freshwater,Polar
Bring style,Poaceae,12.73,Red,Urban,Mediterranean
Student market,Asteraceae,14.39,White,Wetland,Temperate
This rate,Solanaceae,20.01,Yellow,Forest,Polar
Factor or,Asteraceae,43.32,Yellow,Freshwater,Subtropical
Happy point,Asteraceae,15.86,Blue,Tundra,Polar
Health economy,Fabaceae,30.73,Green,Desert,Tropical
Lay evening,Brassicaceae,22.33,Blue,Desert,Temperate
Anything somebody,Brassicaceae,49.6,Green,Grassland,Polar
Present series,Asteraceae,8.51,Orange,Marine,Arid
Station often,Brassicaceae,45.8,Purple,Forest,Arid
Rock fact,Brassicaceae,35.3,Purple,Marine,Subtropical
Miss star,Asteraceae,25.53,Pink,Wetland,Mediterranean
Hard discover,Orchidaceae,40.0,Red,Wetland,Tropical
News moment,Fabaceae,3.8,Purple,Forest,Mediterranean
Lead key,Brassicaceae,34.8,Pink,Forest,Polar
Education our,Brassicaceae,34.24,Green,Grassland,Mediterranean
Good house,Brassicaceae,33.29,Pink,Desert,Subtropical
Car effect,Rosaceae,42.17,Orange,Wetland,Mediterranean
Reduce agent,Brassicaceae,27.41,Purple,Urban,Temperate
Fly number,Poaceae,48.22,Orange,Grassland,Arid
Child day,Asteraceae,49.98,Green,Tundra,Tropical
Your staff,Fabaceae,23.88,Red,Wetland,Mediterranean
Minute nation,Fabaceae,16.58,White,Forest,Arid
Hour someone,Brassicaceae,40.82,White,Freshwater,Subtropical
Fight prove,Orchidaceae,13.87,Purple,Urban,Mediterranean
Ability fear,Asteraceae,16.86,White,Forest,Arid
Hotel value,Brassicaceae,10.98,Yellow,Urban,Mediterranean
Least result,Asteraceae,46.29,Purple,Wetland,Polar
Easy writer,Asteraceae,5.01,Pink,Freshwater,Subtropical
Town deep,Rosaceae,49.55,Pink,Urban,Subtropical
Understand address,Fabaceae,22.44,Pink,Tundra,Temperate
As same,Rosaceae,3.47,Red,Desert,Temperate
Bring list,Solanaceae,13.39,Yellow,Freshwater,Temperate
Manager want,Asteraceae,46.14,Green,Marine,Polar
Network police,Asteraceae,30.8,White,Marine,Mediterranean
Although stay,Poaceae,40.1,White,Urban,Tropical
Seven safe,Brassicaceae,9.75,Green,Forest,Subtropical
Ten decide,Fabaceae,47.25,Yellow,Grassland,Tropical
Behavior politics,Solanaceae,6.4,Green,Wetland,Mediterranean
New some,Rosaceae,14.11,Orange,Forest,Arid
Officer challenge,Orchidaceae,15.72,Yellow,Tundra,Tropical
Management company,Brassicaceae,4.47,Blue,Urban,Mediterranean
Range member,Rosaceae,42.84,Blue,Freshwater,Tropical
Cost upon,Poaceae,25.41,Pink,Desert,Mediterranean
Speak entire,Fabaceae,15.13,Yellow,Urban,Tropical
When boy,Solanaceae,10.54,Orange,Desert,Arid
Develop game,Poaceae,21.49,Purple,Wetland,Tropical
Each movement,Fabaceae,18.56,Purple,Wetland,Mediterranean
Line message,Brassicaceae,28.25,Orange,Marine,Mediterranean
Part traditional,Poaceae,34.92,Pink,Freshwater,Temperate
Side war,Brassicaceae,29.49,Pink,Tundra,Tropical
Everybody down,Brassicaceae,36.27,Red,Wetland,Polar
Bring work,Asteraceae,40.76,Blue,Freshwater,Arid
Officer moment,Brassicaceae,21.59,Orange,Wetland,Tropical
Even contain,Brassicaceae,5.77,Red,Grassland,Temperate
Carry ten,Solanaceae,47.42,Green,Forest,Tropical
International rather,Solanaceae,28.09,Red,Forest,Temperate
Its politics,Orchidaceae,39.79,Blue,Marine,Mediterranean
Media above,Brassicaceae,17.02,Green,Grassland,Mediterranean
Simply section,Poaceae,14.37,Yellow,Tundra,Arid
Glass future,Brassicaceae,4.23,Green,Tundra,Polar
Prove forget,Orchidaceae,36.65,Blue,Forest,Mediterranean
Field guess,Asteraceae,48.14,Orange,Urban,Subtropical
Matter he,Rosaceae,34.77,Green,Urban,Temperate
Hospital all,Fabaceae,9.84,Green,Marine,Temperate
Will maybe,Solanaceae,25.2,Green,Marine,Temperate
Just cost,Solanaceae,4.56,Pink,Grassland,Arid
Audience station,Fabaceae,22.34,Red,Urban,Mediterranean
Away heart,Poaceae,33.38,Blue,Wetland,Tropical
Expect left,Fabaceae,46.99,Yellow,Grassland,Arid
Impact reflect,Brassicaceae,17.64,White,Desert,Polar
Family policy,Brassicaceae,1.45,Orange,Marine,Subtropical
Deal back,Orchidaceae,7.01,Blue,Grassland,Tropical
Along beat,Asteraceae,15.91,Orange,Tundra,Temperate
Determine discussion,Solanaceae,18.6,Purple,Tundra,Subtropical
Dark energy,Brassicaceae,43.61,Blue,Marine,Temperate
Sea draw,Orchidaceae,18.76,Purple,Tundra,Temperate
Enough address,Orchidaceae,43.68,Blue,Tundra,Subtropical
Mention involve,Brassicaceae,24.04,Pink,Wetland,Mediterranean
Accept wall,Fabaceae,4.09,Purple,Forest,Subtropical
Right practice,Fabaceae,25.31,Pink,Forest,Polar
Until new,Solanaceae,49.23,Orange,Grassland,Mediterranean
Expect cultural,Poaceae,17.92,Purple,Grassland,Subtropical
Picture half,Solanaceae,35.77,Green,Forest,Arid
Pretty camera,Rosaceae,10.32,Yellow,Wetland,Mediterranean
Section raise,Fabaceae,32.81,Pink,Wetland,Temperate
Provide fight,Orchidaceae,34.13,Orange,Urban,Tropical
American glass,Orchidaceae,17.36,Green,Wetland,Polar
Other like,Asteraceae,10.86,Yellow,Marine,Temperate
Whose friend,Fabaceae,21.15,Yellow,Freshwater,Polar
Write head,Fabaceae,32.11,Red,Urban,Temperate
Especially environment,Asteraceae,34.6,Orange,Grassland,Arid
Accept full,Fabaceae,40.45,White,Wetland,Mediterranean
Hold necessary,Solanaceae,26.97,White,Grassland,Arid
Feeling popular,Rosaceae,3.02,Pink,Grassland,Tropical
Certain cause,Poaceae,1.08,Orange,Desert,Polar
World yes,Poaceae,16.38,Pink,Desert,Tropical
Can work,Rosaceae,31.85,White,Forest,Mediterranean
Claim in,Poaceae,30.76,Pink,Forest,Tropical
Brother prevent,Brassicaceae,34.33,Orange,Desert,Temperate
Finally fine,Orchidaceae,25.03,Orange,Marine,Arid
Allow treat,Asteraceae,44.48,Red,Tundra,Tropical
What season,Poaceae,48.57,Yellow,Forest,Polar
Expert while,Rosaceae,25.93,Pink,Forest,Polar
That save,Brassicaceae,29.97,Blue,Urban,Arid
Reflect any,Orchidaceae,25.59,Orange,Freshwater,Arid
Think green,Asteraceae,30.18,Blue,Freshwater,Arid
Gun fund,Orchidaceae,34.67,Green,Wetland,Temperate
Garden herself,Asteraceae,38.67,Orange,Marine,Mediterranean
Serve respond,Asteraceae,36.05,Blue,Freshwater,Tropical
Probably science,Brassicaceae,31.77,Green,Forest,Temperate
Record against,Rosaceae,3.58,Red,Forest,Arid
Note back,Poaceae,26.0,Pink,Tundra,Mediterranean
Real increase,Rosaceae,48.24,Green,Desert,Polar
Allow mother,Orchidaceae,37.61,Orange,Tundra,Arid
National during,Asteraceae,11.76,Purple,Urban,Subtropical
Safe compare,Poaceae,10.66,Yellow,Wetland,Subtropical
Letter term,Poaceae,6.99,Red,Freshwater,Arid
Piece south,Poaceae,42.1,Red,Desert,Polar
Wait camera,Poaceae,1.55,Red,Forest,Arid
Democratic difference,Brassicaceae,26.47,Yellow,Urban,Subtropical
After direction,Fabaceae,28.55,Yellow,Forest,Arid
Eat green,Poaceae,16.53,Purple,Wetland,Mediterranean
Little first,Poaceae,9.17,Yellow,Tundra,Subtropical
Interview road,Solanaceae,3.96,Blue,Freshwater,Arid
Last debate,Fabaceae,11.05,White,Marine,Polar
Continue green,Rosaceae,26.89,Pink,Grassland,Tropical
For he,Asteraceae,34.88,Purple,Desert,Polar
Common would,Rosaceae,4.73,White,Wetland,Temperate
Eye cover,Fabaceae,29.53,Yellow,Freshwater,Polar
Huge ok,Brassicaceae,26.23,Yellow,Desert,Polar
Sense discover,Solanaceae,30.34,White,Freshwater,Tropical
Join wonder,Poaceae,20.14,Blue,Freshwater,Tropical
Economic single,Poaceae,6.43,Purple,Tundra,Temperate
Good democratic,Poaceae,48.94,White,Grassland,Temperate
Whose chance,Orchidaceae,42.99,Yellow,Marine,Subtropical
Another final,Asteraceae,5.13,Pink,Freshwater,Tropical
Citizen notice,Rosaceae,11.46,Orange,Freshwater,Polar
Shake face,Rosaceae,8.28,Blue,Desert,Arid
Summer race,Solanaceae,27.43,Blue,Marine,Temperate
Study any,Solanaceae,42.26,Pink,Wetland,Tropical
Weight black,Rosaceae,23.89,Blue,Marine,Mediterranean
Adult such,Rosaceae,34.55,Yellow,Desert,Mediterranean
Leader most,Solanaceae,13.26,Pink,Marine,Subtropical
Truth try,Orchidaceae,42.31,Orange,Desert,Mediterranean
Would relationship,Asteraceae,39.84,Red,Freshwater,Arid
Community rock,Poaceae,17.94,Green,Desert,Arid
Effort continue,Poaceae,49.87,Blue,Desert,Mediterranean
Bag worker,Rosaceae,24.43,Purple,Freshwater,Mediterranean
Fly determine,Solanaceae,17.57,Yellow,Grassland,Arid
Business school,Fabaceae,33.97,Blue,Wetland,Subtropical
Attention less,Fabaceae,7.55,Pink,Marine,Polar
Exist feel,Orchidaceae,9.74,Orange,Forest,Arid
Box career,Rosaceae,37.23,Orange,Tundra,Mediterranean
Necessary way,Rosaceae,47.28,Yellow,Tundra,Tropical
Painting employee,Asteraceae,11.91,Yellow,Tundra,Temperate
Experience news,Orchidaceae,25.45,Red,Wetland,Mediterranean
Away fact,Rosaceae,3.86,Green,Grassland,Arid
Woman per,Poaceae,8.26,Yellow,Urban,Temperate
New both,Fabaceae,39.53,Yellow,Urban,Temperate
Unit anything,Fabaceae,12.43,Yellow,Grassland,Polar
Main science,Asteraceae,1.01,Purple,Wetland,Temperate
Without particular,Asteraceae,31.49,Green,Wetland,Mediterranean
May seek,Orchidaceae,36.84,Pink,Marine,Polar
Meet campaign,Poaceae,2.14,Green,Wetland,Arid
Popular high,Brassicaceae,11.55,Blue,Freshwater,Tropical
Detail thought,Rosaceae,7.46,Green,Urban,Polar
Body research,Poaceae,15.53,Blue,Forest,Polar
Himself save,Poaceae,19.14,Blue,Urban,Temperate
Member whose,Orchidaceae,30.45,Red,Wetland,Tropical
Dark behavior,Fabaceae,36.15,Pink,Desert,Tropical
Threat hard,Orchidaceae,8.62,Pink,Marine,Subtropical
Analysis factor,Poaceae,1.38,Pink,Urban,Temperate
Develop anything,Fabaceae,36.43,Red,Grassland,Subtropical
Land through,Solanaceae,3.04,Red,Desert,Temperate
Anything occur,Orchidaceae,14.06,Orange,Forest,Mediterranean
Theory partner,Asteraceae,22.86,Red,Urban,Mediterranean
Project be,Fabaceae,49.73,Pink,Marine,Subtropical
Identify still,Orchidaceae,33.97,Blue,Urban,Mediterranean
Then itself,Solanaceae,31.82,White,Grassland,Subtropical
Strong food,Solanaceae,12.5,Blue,Grassland,Temperate
While direction,Asteraceae,25.96,White,Urban,Subtropical
Cut list,Solanaceae,5.63,Blue,Grassland,Polar
Message tax,Brassicaceae,28.49,White,Desert,Subtropical
Herself society,Orchidaceae,12.55,Blue,Tundra,Subtropical
Science heart,Poaceae,12.47,White,Wetland,Subtropical
Left successful,Orchidaceae,41.36,Green,Marine,Tropical
Position head,Solanaceae,49.47,Red,Desert,Subtropical
Must free,Fabaceae,15.43,Blue,Marine,Subtropical
Sea girl,Orchidaceae,47.43,Yellow,Marine,Mediterranean
Start production,Orchidaceae,19.37,Yellow,Tundra,Arid
Issue save,Brassicaceae,40.47,Orange,Desert,Subtropical
Data old,Fabaceae,23.35,Red,Marine,Mediterranean
Article attorney,Rosaceae,21.28,Blue,Tundra,Subtropical
Son glass,Orchidaceae,29.03,Orange,Wetland,Mediterranean
Great office,Brassicaceae,35.15,Blue,Forest,Subtropical
Skin bank,Fabaceae,20.65,Orange,Marine,Temperate
Plan head,Poaceae,15.37,Green,Urban,Subtropical
Than investment,Solanaceae,34.69,Purple,Urban,Tropical
Method contain,Poaceae,31.62,Pink,Desert,Polar
West the,Asteraceae,43.93,Purple,Grassland,Tropical
Half I,Orchidaceae,24.97,Yellow,Desert,Polar
Yes offer,Fabaceae,28.42,Blue,Desert,Arid
Media build,Brassicaceae,6.17,Green,Grassland,Mediterranean
Fight six,Asteraceae,6.91,White,Freshwater,Tropical
Likely big,Poaceae,37.88,Yellow,Tundra,Temperate
Rock recent,Poaceae,31.22,Purple,Tundra,Arid
Either carry,Rosaceae,49.97,Purple,Tundra,Polar
No worry,Rosaceae,33.67,Green,Tundra,Subtropical
Benefit table,Brassicaceae,4.25,Green,Urban,Tropical
Board significant,Brassicaceae,9.6,White,Forest,Temperate
Reduce however,Brassicaceae,21.03,Pink,Grassland,Temperate
Serve another,Solanaceae,40.07,Pink,Grassland,Arid
Name why,Solanaceae,29.51,Orange,Grassland,Mediterranean
Next once,Rosaceae,14.05,Yellow,Marine,Mediterranean
Top dog,Solanaceae,3.44,White,Urban,Tropical
Must research,Brassicaceae,28.42,Purple,Grassland,Mediterranean
Begin view,Fabaceae,15.23,Orange,Forest,Tropical
Physical expert,Orchidaceae,33.31,Orange,Forest,Temperate
Interesting including,Solanaceae,45.12,Red,Freshwater,Arid
Against past,Solanaceae,29.45,Yellow,Desert,Polar
Watch fill,Rosaceae,2.89,White,Tundra,Polar
Bit hit,Fabaceae,42.2,Blue,Wetland,Arid
Card perform,Brassicaceae,34.71,Green,Grassland,Polar
Else race,Rosaceae,15.94,Blue,Forest,Temperate
Candidate ask,Poaceae,17.39,Blue,Wetland,Subtropical
This mention,Solanaceae,23.23,White,Forest,Temperate
Together produce,Asteraceae,1.96,Red,Grassland,Mediterranean
Remember really,Solanaceae,39.66,Green,Marine,Tropical
Strong wife,Asteraceae,23.19,Orange,Urban,Polar
Range church,Orchidaceae,5.32,Pink,Grassland,Polar
Deal seem,Orchidaceae,14.0,Orange,Forest,Subtropical
Trouble war,Asteraceae,46.2,Blue,Urban,Tropical
Rate democratic,Poaceae,35.41,Red,Urban,Polar
Rich stock,Rosaceae,28.37,Yellow,Desert,Subtropical
So college,Fabaceae,48.01,Red,Desert,Subtropical
Read manage,Orchidaceae,38.12,Yellow,Freshwater,Subtropical
Issue American,Brassicaceae,14.8,Yellow,Tundra,Tropical
Contain paper,Solanaceae,13.75,Blue,Freshwater,Mediterranean
Behind decision,Solanaceae,20.55,Red,Urban,Tropical
Color they,Rosaceae,7.82,Pink,Urban,Temperate
Form dark,Rosaceae,33.28,Green,Grassland,Arid
Chair radio,Brassicaceae,37.51,White,Forest,Mediterranean
Information industry,Solanaceae,22.29,Yellow,Freshwater,Mediterranean
Test simply,Rosaceae,17.32,Blue,Grassland,Subtropical
Front guy,Brassicaceae,3.04,Green,Desert,Temperate
Very father,Orchidaceae,30.17,Purple,Grassland,Subtropical
Business class,Poaceae,31.72,White,Freshwater,Subtropical
Break over,Brassicaceae,28.6,Pink,Wetland,Mediterranean
Here young,Asteraceae,46.84,Green,Grassland,Polar
Than top,Poaceae,47.35,Yellow,Wetland,Temperate
Body similar,Solanaceae,29.4,Pink,Marine,Arid
Catch explain,Poaceae,44.85,Orange,Tundra,Polar
Continue director,Brassicaceae,33.33,Red,Forest,Tropical
Question box,Poaceae,9.59,Red,Tundra,Polar
Animal boy,Solanaceae,24.71,Yellow,Grassland,Arid
Property amount,Solanaceae,43.96,Blue,Grassland,Subtropical
Black relate,Brassicaceae,23.15,Pink,Forest,Arid
Will cut,Solanaceae,4.1,White,Tundra,Temperate
Should we,Rosaceae,19.6,Green,Desert,Tropical
Say answer,Rosaceae,14.25,Blue,Grassland,Tropical
See throughout,Solanaceae,32.91,Green,Urban,Mediterranean
Itself chair,Orchidaceae,32.93,Blue,Wetland,Temperate
Argue ground,Orchidaceae,41.95,Purple,Forest,Polar
Available memory,Fabaceae,18.47,White,Grassland,Mediterranean
Establish contain,Solanaceae,26.97,Purple,Marine,Subtropical
These building,Poaceae,20.58,Blue,Tundra,Tropical
Stock fight,Asteraceae,36.51,Green,Freshwater,Temperate
Turn morning,Rosaceae,3.73,Pink,Forest,Mediterranean
Drop law,Poaceae,22.17,Purple,Urban,Polar
Instead nothing,Fabaceae,38.54,Blue,Urban,Temperate
Smile nice,Poaceae,17.08,Purple,Desert,Arid
Sound country,Poaceae,39.19,Pink,Urban,Subtropical
Strong force,Rosaceae,17.76,White,Freshwater,Tropical
Director part,Orchidaceae,30.68,Pink,Tundra,Temperate
Well to,Rosaceae,17.3,Blue,Freshwater,Tropical
Meeting remain,Brassicaceae,33.65,Green,Grassland,Subtropical
Raise four,Brassicaceae,3.11,Yellow,Desert,Polar
Get bag,Orchidaceae,45.12,Yellow,Marine,Polar
Central that,Brassicaceae,41.96,Orange,Forest,Arid
Forward card,Solanaceae,23.26,Blue,Tundra,Polar
Thousand box,Poaceae,11.47,Orange,Wetland,Arid
Positive how,Poaceae,33.3,Green,Freshwater,Polar
Single large,Brassicaceae,47.91,Blue,Grassland,Temperate
Life we,Brassicaceae,44.78,Purple,Wetland,Mediterranean
Rest tend,Solanaceae,48.71,Purple,Freshwater,Tropical
Small store,Asteraceae,14.04,Orange,Tundra,Tropical
True many,Fabaceae,5.96,Purple,Freshwater,Mediterranean
Tend government,Rosaceae,35.12,White,Forest,Mediterranean
Without far,Orchidaceae,1.72,White,Tundra,Tropical
Thing film,Brassicaceae,27.05,Blue,Marine,Temperate
Certain agency,Fabaceae,22.44,Blue,Wetland,Tropical
Beat physical,Brassicaceae,8.25,Red,Freshwater,Arid
Boy even,Fabaceae,11.16,Pink,Freshwater,Arid
Machine room,Asteraceae,38.51,Pink,Forest,Tropical
Crime very,Asteraceae,4.73,Purple,Tundra,Mediterranean
Now contain,Solanaceae,39.77,Orange,Tundra,Subtropical
Hot make,Rosaceae,29.08,Yellow,Tundra,Arid
Sort pretty,Orchidaceae,25.98,Blue,Forest,Tropical
Station her,Brassicaceae,49.53,Blue,Marine,Polar
Major would,Rosaceae,23.24,Green,Grassland,Mediterranean
Party indicate,Brassicaceae,1.34,White,Tundra,Polar
Many bed,Fabaceae,2.74,Yellow,Desert,Polar
Writer card,Rosaceae,31.89,Orange,Tundra,Polar
New identify,Asteraceae,31.84,Yellow,Urban,Mediterranean
Very spend,Orchidaceae,34.15,Red,Wetland,Polar
Meeting scene,Solanaceae,15.8,Orange,Urban,Mediterranean
Standard player,Asteraceae,45.86,Orange,Tundra,Subtropical
Time environment,Brassicaceae,9.97,Purple,Wetland,Tropical
Reach seat,Orchidaceae,32.42,Yellow,Wetland,Subtropical
Pm present,Asteraceae,2.12,Green,Marine,Polar
Form word,Solanaceae,31.42,Orange,Forest,Arid
Simply election,Poaceae,23.91,White,Marine,Polar
Establish country,Orchidaceae,2.38,White,Desert,Subtropical
Doctor trade,Poaceae,11.02,Pink,Desert,Temperate
Everybody fact,Asteraceae,44.5,Red,Tundra,Arid
Brother board,Fabaceae,33.79,Yellow,Urban,Mediterranean
Red economy,Rosaceae,2.77,Purple,Urban,Temperate
Land traditional,Orchidaceae,48.58,Purple,Tundra,Arid
What cover,Asteraceae,25.81,Pink,Desert,Polar
However carry,Brassicaceae,38.03,Blue,Desert,Mediterranean
Fast cut,Poaceae,49.5,Red,Wetland,Temperate
Top notice,Brassicaceae,29.11,Orange,Wetland,Tropical
Always over,Rosaceae,1.89,Purple,Forest,Mediterranean
American fall,Brassicaceae,30.01,Blue,Freshwater,Arid
The guess,Poaceae,15.03,Pink,Desert,Polar
Plan modern,Orchidaceae,4.63,Red,Freshwater,Mediterranean
Citizen news,Asteraceae,32.83,Blue,Tundra,Polar
Practice reduce,Solanaceae,3.43,Purple,Tundra,Tropical
Child pattern,Fabaceae,2.43,Pink,Forest,Tropical
Discover character,Brassicaceae,37.04,Orange,Desert,Tropical
Certain tonight,Brassicaceae,32.34,Yellow,Freshwater,Polar
Decade teach,Brassicaceae,24.95,Yellow,Forest,Arid
With or,Orchidaceae,22.07,Red,Tundra,Polar
Describe lead,Poaceae,9.71,Green,Forest,Tropical
Edge support,Orchidaceae,46.45,Yellow,Desert,Temperate
Live which,Asteraceae,16.08,Orange,Tundra,Tropical
Foot determine,Rosaceae,20.39,Purple,Desert,Polar
Four small,Poaceae,25.84,Yellow,Freshwater,Temperate
Street case,Fabaceae,6.99,Blue,Wetland,Temperate
Low draw,Rosaceae,14.85,Yellow,Tundra,Arid
Newspaper study,Brassicaceae,14.25,White,Urban,Arid
Arm science,Rosaceae,40.97,White,Marine,Polar
Already relate,Orchidaceae,6.43,Green,Forest,Arid
Draw boy,Fabaceae,10.03,Yellow,Marine,Arid
College administration,Fabaceae,2.24,Pink,Forest,Tropical
Clearly begin,Fabaceae,41.41,Yellow,Grassland,Subtropical
Agent paper,Poaceae,44.1,Pink,Forest,Polar
Country ok,Orchidaceae,18.93,Pink,Marine,Subtropical
Staff management,Poaceae,39.85,Yellow,Forest,Subtropical
Smile peace,Brassicaceae,36.85,Purple,Forest,Polar
Here president,Brassicaceae,28.15,Pink,Marine,Arid
Speak increase,Poaceae,37.94,Blue,Desert,Mediterranean
Everything theory,Poaceae,18.15,Green,Desert,Arid
Important admit,Asteraceae,48.24,Red,Desert,Polar
Although figure,Rosaceae,30.75,Red,Wetland,Polar
Onto contain,Poaceae,9.02,Purple,Urban,Polar
Investment window,Solanaceae,14.42,Red,Urban,Arid
Garden daughter,Solanaceae,21.98,Red,Tundra,Mediterranean
New ask,Orchidaceae,32.0,Purple,Marine,Tropical
Mrs themselves,Orchidaceae,2.46,Red,Wetland,Tropical
Maintain size,Asteraceae,18.32,Purple,Urban,Polar
Wear politics,Rosaceae,17.08,White,Marine,Subtropical
Cover toward,Poaceae,28.22,Orange,Wetland,Tropical
Realize far,Solanaceae,8.7,Purple,Marine,Polar
Alone none,Rosaceae,39.33,White,Urban,Polar
Force successful,Rosaceae,21.72,Blue,Freshwater,Mediterranean
Word teacher,Orchidaceae,17.3,Yellow,Tundra,Polar
Group daughter,Brassicaceae,22.26,Green,Tundra,Tropical
Brother once,Brassicaceae,6.75,Green,Grassland,Tropical
Apply for,Orchidaceae,13.62,White,Desert,Subtropical
Within senior,Solanaceae,29.04,Pink,Tundra,Temperate
Spring short,Poaceae,24.66,Purple,Tundra,Arid
Wish game,Orchidaceae,12.93,Red,Forest,Subtropical
Generation stock,Solanaceae,28.67,Green,Freshwater,Arid
Young together,Solanaceae,31.02,Red,Desert,Temperate
Mean almost,Solanaceae,18.14,Pink,Grassland,Polar
Suffer could,Asteraceae,16.79,Orange,Desert,Polar
Effect moment,Rosaceae,36.72,Green,Freshwater,Mediterranean
Everything mean,Poaceae,34.58,White,Wetland,Mediterranean
See control,Asteraceae,43.93,Blue,Wetland,Polar
Head religious,Rosaceae,19.83,Red,Freshwater,Subtropical
Start capital,Poaceae,28.27,Red,Urban,Temperate
Production whose,Solanaceae,41.85,Purple,Desert,Temperate
Process write,Asteraceae,37.12,Yellow,Wetland,Subtropical
Cold guy,Poaceae,45.28,White,Desert,Polar
Deal growth,Orchidaceae,1.79,Yellow,Tundra,Temperate
Once billion,Brassicaceae,45.07,White,Tundra,Mediterranean
Cultural project,Rosaceae,8.73,Green,Marine,Mediterranean
Them set,Poaceae,48.68,Purple,Freshwater,Arid
Ever something,Rosaceae,26.86,Blue,Tundra,Mediterranean
Ahead weight,Asteraceae,35.98,Purple,Freshwater,Subtropical
I blue,Solanaceae,32.11,White,Marine,Tropical
Just wide,Brassicaceae,6.93,White,Tundra,Tropical
What sister,Asteraceae,10.93,White,Grassland,Temperate
Piece your,Asteraceae,14.5,Green,Marine,Subtropical
Dark article,Asteraceae,35.73,Red,Grassland,Tropical
Agree list,Brassicaceae,10.39,Orange,Forest,Subtropical
Baby long,Solanaceae,37.77,White,Freshwater,Polar
Dream lawyer,Fabaceae,48.42,Purple,Wetland,Arid
But short,Brassicaceae,36.06,Red,Forest,Polar
Always research,Orchidaceae,8.03,White,Grassland,Arid
Someone dog,Asteraceae,35.13,Green,Tundra,Subtropical
Class police,Rosaceae,15.89,Purple,Tundra,Polar
State raise,Asteraceae,4.7,Yellow,Urban,Subtropical
Thousand mission,Orchidaceae,37.95,Green,Urban,Arid
Factor lot,Solanaceae,31.08,Yellow,Wetland,Arid
Quality baby,Solanaceae,6.31,White,Desert,Polar
Trouble different,Solanaceae,3.46,Purple,Freshwater,Temperate
None investment,Asteraceae,47.72,Blue,Freshwater,Mediterranean
Two development,Brassicaceae,31.57,Yellow,Marine,Tropical
Thus huge,Brassicaceae,49.75,Pink,Wetland,Temperate
Age usually,Brassicaceae,22.08,Red,Marine,Mediterranean
Appear oil,Solanaceae,5.98,White,Wetland,Tropical
Section also,Fabaceae,48.7,Pink,Freshwater,Mediterranean
Smile safe,Rosaceae,28.22,Blue,Urban,Mediterranean
Wait attention,Solanaceae,27.73,Blue,Wetland,Temperate
Than medical,Rosaceae,31.02,Purple,Tundra,Tropical
Few carry,Fabaceae,14.06,Pink,Marine,Polar
Low thus,Asteraceae,16.02,Red,Urban,Subtropical
Upon discover,Solanaceae,14.25,Orange,Desert,Temperate
Election nor,Solanaceae,13.27,Pink,Freshwater,Subtropical
Interest very,Poaceae,34.22,Green,Tundra,Subtropical
Threat wall,Solanaceae,14.73,White,Grassland,Subtropical
Billion sort,Solanaceae,7.85,Orange,Tundra,Mediterranean
West claim,Rosaceae,8.49,Red,Freshwater,Subtropical
Seven school,Orchidaceae,26.54,Red,Desert,Mediterranean
Would growth,Solanaceae,35.68,Orange,Urban,Mediterranean
Teach degree,Orchidaceae,5.04,Pink,Grassland,Tropical
Pull your,Poaceae,38.86,Blue,Marine,Tropical
Beautiful newspaper,Brassicaceae,49.23,Green,Grassland,Tropical
Program here,Brassicaceae,34.19,Red,Tundra,Tropical
Create price,Orchidaceae,48.64,Yellow,Urban,Subtropical
Age professor,Solanaceae,25.08,Purple,Marine,Mediterranean
Person specific,Rosaceae,27.83,Blue,Urban,Temperate
Fine accept,Fabaceae,49.82,Red,Grassland,Mediterranean
Admit ever,Orchidaceae,39.71,Green,Grassland,Temperate
Good attack,Asteraceae,40.23,Red,Forest,Arid
Already production,Brassicaceae,32.37,Purple,Desert,Temperate
Maintain senior,Rosaceae,39.05,Pink,Grassland,Tropical
Contain card,Fabaceae,45.02,Pink,Freshwater,Polar
Fast quality,Brassicaceae,28.63,Green,Desert,Temperate
Yet top,Orchidaceae,25.46,Blue,Grassland,Subtropical
Reflect give,Solanaceae,12.96,Green,Urban,Temperate
Strong hospital,Asteraceae,13.56,White,Tundra,Subtropical
Could under,Solanaceae,47.83,White,Wetland,Mediterranean
Suggest sound,Asteraceae,42.67,Yellow,Wetland,Tropical
Government then,Asteraceae,16.82,Blue,Forest,Arid
Threat about,Solanaceae,25.72,Orange,Tundra,Tropical
Begin effect,Rosaceae,48.43,Blue,Marine,Tropical
Listen carry,Orchidaceae,26.57,Green,Wetland,Mediterranean
Car edge,Poaceae,25.43,Pink,Tundra,Subtropical
Explain base,Rosaceae,46.69,Green,Grassland,Subtropical
Second attorney,Poaceae,5.12,Pink,Wetland,Polar
Say indicate,Poaceae,3.99,Green,Urban,Subtropical
Behind stuff,Rosaceae,44.12,Yellow,Freshwater,Tropical
Class song,Rosaceae,44.8,Purple,Desert,Subtropical
Apply indeed,Orchidaceae,24.94,Yellow,Freshwater,Arid
Nation hand,Orchidaceae,7.74,Green,Freshwater,Mediterranean
Evidence force,Fabaceae,25.18,Orange,Tundra,Temperate
Follow down,Orchidaceae,24.28,Yellow,Wetland,Polar
Explain may,Asteraceae,47.64,Blue,Marine,Tropical
Language inside,Poaceae,2.61,Purple,Grassland,Mediterranean
None development,Solanaceae,22.99,Purple,Desert,Subtropical
Wall space,Rosaceae,15.15,Orange,Forest,Mediterranean
Center speak,Rosaceae,3.59,Purple,Wetland,Temperate
Table cover,Poaceae,21.62,Blue,Grassland,Mediterranean
Unit eye,Solanaceae,30.58,Yellow,Tundra,Mediterranean
Partner life,Brassicaceae,17.5,Red,Freshwater,Tropical
Important choose,Solanaceae,40.41,Red,Tundra,Mediterranean
Need treat,Rosaceae,16.34,Red,Forest,Arid
Cell body,Rosaceae,42.22,White,Tundra,Mediterranean
Save Republican,Fabaceae,26.58,Pink,Tundra,Polar
Light be,Fabaceae,24.87,Green,Urban,Temperate
Improve say,Fabaceae,5.56,Yellow,Desert,Temperate
Industry authority,Orchidaceae,7.57,White,Urban,Subtropical
Suggest live,Brassicaceae,37.49,Pink,Tundra,Polar
But future,Solanaceae,40.31,Orange,Grassland,Polar
Expect after,Orchidaceae,38.41,Red,Wetland,Polar
Official president,Rosaceae,39.64,Yellow,Tundra,Mediterranean
Performance shake,Rosaceae,36.44,Blue,Forest,Polar
Ten worry,Asteraceae,41.67,Blue,Grassland,Tropical
Fire these,Asteraceae,31.03,Purple,Marine,Mediterranean
Offer nearly,Rosaceae,12.69,Yellow,Tundra,Arid
Imagine age,Fabaceae,44.5,Pink,Marine,Subtropical
However person,Orchidaceae,10.8,Purple,Grassland,Subtropical
National throw,Brassicaceae,44.73,Blue,Urban,Temperate
Enough site,Poaceae,19.32,Red,Grassland,Arid
Reality visit,Asteraceae,49.48,Green,Desert,Polar
Brother available,Rosaceae,12.48,Yellow,Grassland,Mediterranean
Southern change,Fabaceae,37.92,Blue,Urban,Temperate
Face listen,Orchidaceae,9.34,Orange,Grassland,Subtropical
Tell baby,Fabaceae,22.29,White,Grassland,Tropical
Yeah writer,Fabaceae,29.02,Yellow,Tundra,Polar
Brother and,Brassicaceae,26.62,Blue,Tundra,Polar
Enter whatever,Solanaceae,40.34,White,Desert,Tropical
Win hold,Asteraceae,18.03,Blue,Forest,Arid
Find defense,Brassicaceae,32.95,Orange,Forest,Arid
Phone beat,Poaceae,24.37,Pink,Forest,Arid
Of leave,Fabaceae,14.84,Red,Grassland,Subtropical
Old computer,Rosaceae,32.78,Red,Desert,Polar
Data watch,Solanaceae,40.78,Yellow,Desert,Temperate
Research threat,Poaceae,31.7,Blue,Tundra,Tropical
Environment take,Rosaceae,16.04,Purple,Desert,Polar
Suffer ability,Rosaceae,11.25,Pink,Wetland,Subtropical
Design attorney,Solanaceae,9.45,Green,Forest,Mediterranean
Performance few,Fabaceae,18.93,Green,Desert,Subtropical
Any national,Solanaceae,9.24,Red,Forest,Mediterranean
Visit shoulder,Poaceae,25.66,Orange,Grassland,Tropical
Gun high,Brassicaceae,42.17,Blue,Freshwater,Temperate
Through defense,Poaceae,32.01,Orange,Desert,Polar
Travel too,Asteraceae,36.91,Blue,Marine,Arid
Executive Democrat,Poaceae,27.76,Blue,Wetland,Subtropical
Since serve,Asteraceae,14.72,Orange,Tundra,Tropical
Admit material,Orchidaceae,18.58,Red,Freshwater,Polar
Result a,Solanaceae,29.47,Red,Grassland,Tropical
Speech reason,Asteraceae,48.22,Red,Forest,Polar
According bill,Asteraceae,37.98,Red,Forest,Polar
Soldier soldier,Brassicaceae,2.76,White,Grassland,Polar
Expert card,Asteraceae,5.58,Orange,Marine,Tropical
Without number,Rosaceae,38.59,White,Urban,Subtropical
Remember reduce,Fabaceae,14.8,Yellow,Grassland,Temperate
Great keep,Poaceae,42.91,Pink,Tundra,Tropical
Ground benefit,Orchidaceae,20.87,White,Forest,Arid
Close party,Fabaceae,10.24,Blue,Tundra,Mediterranean
Position seven,Fabaceae,12.31,Orange,Wetland,Subtropical
Mrs participant,Brassicaceae,36.15,Green,Tundra,Polar
Heart position,Brassicaceae,48.79,Orange,Urban,Polar
Sport operation,Brassicaceae,32.01,Green,Grassland,Mediterranean
Cup since,Solanaceae,9.11,Yellow,Urban,Tropical
Third light,Orchidaceae,30.39,Orange,Wetland,Mediterranean
Not owner,Asteraceae,12.08,White,Urban,Polar
Some likely,Fabaceae,18.55,Orange,Forest,Tropical
Which open,Rosaceae,11.3,Orange,Grassland,Subtropical
Relationship listen,Brassicaceae,46.68,Orange,Grassland,Polar
Along lot,Brassicaceae,15.26,Blue,Desert,Tropical
Why born,Brassicaceae,49.04,Yellow,Marine,Mediterranean
Admit property,Asteraceae,19.14,Red,Grassland,Subtropical
According spend,Fabaceae,47.58,Red,Desert,Subtropical
Clear off,Rosaceae,43.38,Green,Desert,Arid
Two bank,Solanaceae,39.96,Pink,Freshwater,Mediterranean
Less apply,Brassicaceae,32.43,Blue,Tundra,Polar
Hair rise,Rosaceae,46.91,Orange,Urban,Tropical
Item evidence,Brassicaceae,28.42,White,Grassland,Temperate
Activity natural,Brassicaceae,15.54,Purple,Marine,Mediterranean
Result behavior,Poaceae,7.77,Green,Freshwater,Arid
Plant home,Rosaceae,48.85,Pink,Wetland,Mediterranean
Partner those,Orchidaceae,49.49,Blue,Freshwater,Temperate
Behavior sport,Solanaceae,24.66,Blue,Tundra,Polar
Yes challenge,Fabaceae,5.58,Pink,Marine,Subtropical
Music instead,Orchidaceae,4.36,Blue,Urban,Subtropical
Too site,Brassicaceae,14.04,Orange,Urban,Tropical
Treatment history,Poaceae,9.27,Yellow,Freshwater,Temperate
No read,Brassicaceae,12.45,Yellow,Freshwater,Subtropical
Process outside,Solanaceae,21.62,Red,Wetland,Subtropical
Place specific,Solanaceae,31.02,Yellow,Freshwater,Tropical
Land maybe,Rosaceae,10.79,Red,Forest,Mediterranean
Another firm,Solanaceae,30.57,Purple,Urban,Arid
Tonight remain,Solanaceae,32.91,Purple,Tundra,Mediterranean
Job state,Asteraceae,30.58,Yellow,Marine,Mediterranean
Worker miss,Fabaceae,33.08,Blue,Freshwater,Temperate
Authority should,Rosaceae,24.46,Purple,Marine,Tropical
Goal hope,Fabaceae,14.77,Red,Tundra,Arid
Discover imagine,Fabaceae,22.57,Orange,Forest,Subtropical
Down thing,Fabaceae,10.3,Blue,Freshwater,Subtropical
Large many,Orchidaceae,2.33,Yellow,Tundra,Mediterranean
Second hot,Solanaceae,5.79,Pink,Grassland,Subtropical
Computer natural,Orchidaceae,38.34,Pink,Forest,Polar
All idea,Asteraceae,4.64,Yellow,Grassland,Tropical
Site value,Brassicaceae,7.01,Orange,Marine,Temperate
Plan prove,Asteraceae,13.45,Orange,Tundra,Subtropical
As television,Rosaceae,30.47,Red,Freshwater,Arid
Few heavy,Brassicaceae,36.31,White,Forest,Arid
Force every,Solanaceae,31.45,Pink,Urban,Subtropical
Know computer,Solanaceae,34.15,Red,Grassland,Polar
Side exist,Rosaceae,34.13,Orange,Grassland,Mediterranean
These well,Poaceae,1.43,Red,Forest,Arid
Type nearly,Fabaceae,46.3,Pink,Marine,Tropical
Money development,Brassicaceae,7.59,Green,Marine,Mediterranean
Work according,Rosaceae,46.06,Blue,Tundra,Polar
Event capital,Solanaceae,43.32,Yellow,Marine,Arid
Often candidate,Rosaceae,47.01,Orange,Forest,Temperate
Sea part,Brassicaceae,12.31,Green,Desert,Temperate
Room science,Brassicaceae,3.24,White,Forest,Mediterranean
Night smile,Brassicaceae,14.0,Purple,Desert,Subtropical
Fire story,Orchidaceae,39.41,Green,Grassland,Arid
Especially image,Poaceae,41.87,Orange,Urban,Subtropical
Amount wall,Rosaceae,7.37,White,Wetland,Temperate
Certain defense,Fabaceae,11.22,Blue,Urban,Subtropical
Strategy protect,Orchidaceae,3.76,Purple,Wetland,Subtropical
This its,Solanaceae,47.94,White,Forest,Mediterranean
Effort produce,Brassicaceae,23.63,Blue,Urban,Polar
Result front,Asteraceae,30.04,Green,Tundra,Polar
Big visit,Fabaceae,40.65,Pink,Desert,Polar
Everyone local,Rosaceae,1.8,Green,Freshwater,Subtropical
Wish father,Poaceae,3.7,Yellow,Freshwater,Mediterranean
Affect court,Fabaceae,25.5,Yellow,Wetland,Mediterranean
Skin writer,Asteraceae,21.12,White,Tundra,Polar
Recognize capital,Asteraceae,26.52,Pink,Wetland,Tropical
Set get,Asteraceae,37.66,Purple,Marine,Temperate
Control cultural,Solanaceae,49.95,White,Grassland,Subtropical
Southern ability,Orchidaceae,2.15,Yellow,Freshwater,Arid
Network might,Brassicaceae,37.65,Purple,Tundra,Mediterranean
There meet,Rosaceae,22.26,Green,Tundra,Tropical
Later responsibility,Orchidaceae,15.23,Purple,Wetland,Subtropical
Community better,Poaceae,27.9,Orange,Marine,Temperate
Year base,Solanaceae,44.5,Green,Tundra,Mediterranean
Authority size,Asteraceae,15.44,Pink,Tundra,Polar
Game anything,Rosaceae,43.07,Green,Tundra,Temperate
Training have,Brassicaceae,48.83,Orange,Forest,Mediterranean
Matter sense,Fabaceae,45.42,Blue,Forest,Subtropical
Who home,Brassicaceae,43.02,Yellow,Wetland,Subtropical
Benefit language,Poaceae,45.81,Orange,Forest,Arid
Tax out,Orchidaceae,33.11,Yellow,Tundra,Mediterranean
Structure forget,Asteraceae,26.01,Blue,Urban,Tropical
Process word,Brassicaceae,15.52,Yellow,Desert,Mediterranean
Relate service,Orchidaceae,48.86,Pink,Forest,Tropical
Mind little,Orchidaceae,9.51,Orange,Marine,Mediterranean
So ball,Poaceae,4.74,Red,Wetland,Subtropical
Meet number,Rosaceae,13.03,Red,Freshwater,Temperate
Role order,Solanaceae,11.94,White,Marine,Tropical
Field modern,Brassicaceae,49.21,Purple,Wetland,Arid
Quickly baby,Fabaceae,21.02,White,Desert,Temperate
Drop everything,Brassicaceae,34.47,Blue,Tundra,Subtropical
Table share,Asteraceae,34.19,Red,Grassland,Temperate
National none,Solanaceae,32.25,Orange,Desert,Temperate
However soon,Poaceae,32.06,Purple,Marine,Subtropical
Rule game,Orchidaceae,10.1,Orange,Forest,Tropical
Local politics,Solanaceae,6.11,Orange,Wetland,Subtropical
Which it,Fabaceae,21.54,White,Desert,Polar
It step,Asteraceae,48.19,Purple,Marine,Arid
Now second,Asteraceae,30.5,White,Wetland,Arid
Lead with,Poaceae,9.75,Purple,Urban,Tropical
Meeting believe,Solanaceae,41.39,Green,Wetland,Mediterranean
Collection top,Solanaceae,46.23,Yellow,Desert,Temperate
Since public,Orchidaceae,41.01,Purple,Tundra,Tropical
Out site,Asteraceae,19.88,Pink,Tundra,Arid
Inside camera,Solanaceae,22.54,Yellow,Grassland,Mediterranean
Wish sense,Brassicaceae,4.43,Yellow,Tundra,Polar
Even with,Fabaceae,5.02,Orange,Freshwater,Arid
Edge now,Solanaceae,49.64,Blue,Grassland,Subtropical
Take maybe,Rosaceae,31.3,Orange,Desert,Temperate
Kitchen already,Fabaceae,48.0,Orange,Marine,Polar
Positive television,Solanaceae,22.24,Green,Forest,Subtropical
Eat find,Orchidaceae,21.95,Purple,Freshwater,Polar
Exactly condition,Poaceae,40.66,Yellow,Marine,Subtropical
Customer list,Solanaceae,44.45,Green,Urban,Subtropical
May probably,Rosaceae,43.76,Red,Forest,Polar
Father season,Fabaceae,49.75,Red,Urban,Mediterranean
Professor respond,Asteraceae,47.46,Blue,Freshwater,Subtropical
Day story,Brassicaceae,22.58,Yellow,Forest,Tropical
Scene life,Solanaceae,8.88,Green,Freshwater,Tropical
Walk you,Solanaceae,25.04,Green,Tundra,Temperate
Many vote,Poaceae,47.76,Green,Urban,Temperate
Be good,Orchidaceae,36.97,Red,Wetland,Polar
Language maintain,Rosaceae,14.64,Green,Forest,Mediterranean
Land adult,Orchidaceae,16.49,Yellow,Tundra,Mediterranean
Development country,Orchidaceae,25.6,Green,Marine,Temperate
South feel,Fabaceae,19.72,Orange,Freshwater,Mediterranean
Present only,Orchidaceae,17.78,Purple,Grassland,Temperate
Idea have,Solanaceae,14.13,Pink,Desert,Subtropical
Girl themselves,Solanaceae,33.3,Blue,Freshwater,Tropical
Some book,Brassicaceae,17.59,Pink,Wetland,Tropical
Physical strong,Fabaceae,3.31,Purple,Wetland,Mediterranean
Everyone challenge,Orchidaceae,8.23,Pink,Freshwater,Tropical
Hundred late,Solanaceae,9.69,Orange,Forest,Temperate
Purpose goal,Orchidaceae,6.37,Yellow,Wetland,Temperate
President early,Brassicaceae,22.35,Green,Freshwater,Subtropical
Ever scientist,Fabaceae,42.12,Green,Wetland,Temperate
Write more,Orchidaceae,29.36,Pink,Urban,Tropical
Political sound,Orchidaceae,45.45,Blue,Grassland,Mediterranean
Practice enough,Solanaceae,43.21,Purple,Wetland,Temperate
Spend central,Asteraceae,45.0,Purple,Grassland,Temperate
Local young,Rosaceae,11.0,Yellow,Wetland,Polar
Fast green,Orchidaceae,36.1,Red,Freshwater,Arid
No nation,Orchidaceae,39.38,White,Freshwater,Temperate
Bad air,Poaceae,37.95,Pink,Freshwater,Temperate
Should if,Brassicaceae,15.56,Red,Desert,Temperate
Chance parent,Solanaceae,47.54,Red,Tundra,Polar
Morning though,Rosaceae,9.48,Pink,Forest,Mediterranean
Back wife,Asteraceae,6.53,Orange,Desert,Arid
Democrat listen,Orchidaceae,26.71,Orange,Marine,Subtropical
Second financial,Solanaceae,29.27,Purple,Freshwater,Mediterranean
Lay resource,Brassicaceae,25.26,Blue,Freshwater,Polar
Open professional,Brassicaceae,25.03,White,Wetland,Subtropical
Recent those,Orchidaceae,41.31,White,Freshwater,Subtropical
Federal six,Brassicaceae,2.08,Green,Grassland,Polar
People make,Brassicaceae,35.15,Green,Desert,Polar
Activity know,Orchidaceae,11.13,Green,Freshwater,Arid
Charge smile,Fabaceae,45.31,Purple,Freshwater,Tropical
Hundred trial,Asteraceae,28.96,Red,Forest,Mediterranean
Ahead all,Poaceae,5.41,Red,Grassland,Temperate
Scientist fly,Brassicaceae,34.23,Purple,Forest,Arid
Record certainly,Poaceae,43.52,Yellow,Freshwater,Arid
Vote staff,Solanaceae,15.98,Orange,Forest,Polar
Case popular,Brassicaceae,16.48,Yellow,Wetland,Temperate
Stock each,Solanaceae,47.72,Pink,Freshwater,Arid
Team international,Orchidaceae,40.83,Red,Urban,Mediterranean
Size every,Solanaceae,28.43,Purple,Tundra,Temperate
True anything,Rosaceae,6.88,Green,Wetland,Subtropical
Compare type,Rosaceae,42.46,Orange,Tundra,Polar
High great,Brassicaceae,48.9,Green,Forest,Tropical
Cultural himself,Poaceae,10.85,Yellow,Wetland,Mediterranean
Interesting various,Rosaceae,18.67,Blue,Freshwater,Subtropical
Institution show,Brassicaceae,25.93,Purple,Marine,Temperate
Western open,Orchidaceae,41.16,Red,Tundra,Arid
Star kind,Orchidaceae,3.11,Blue,Desert,Mediterranean
Buy raise,Poaceae,44.56,White,Tundra,Arid
Past anyone,Fabaceae,41.25,Yellow,Desert,Mediterranean
Customer while,Rosaceae,26.53,Yellow,Wetland,Polar
Wait author,Fabaceae,25.22,Pink,Marine,Polar
Lay strong,Rosaceae,48.22,Purple,Grassland,Arid
Similar full,Poaceae,19.63,White,Freshwater,Subtropical
Girl half,Rosaceae,37.84,Pink,Wetland,Arid
Course civil,Asteraceae,44.36,White,Urban,Tropical
Reach time,Brassicaceae,12.49,Orange,Desert,Subtropical
It participant,Orchidaceae,14.12,Purple,Desert,Arid
Interesting people,Fabaceae,35.99,Orange,Urban,Tropical
Reflect name,Rosaceae,29.48,Red,Desert,Mediterranean
Imagine mind,Brassicaceae,8.72,Purple,Freshwater,Temperate
Pattern write,Rosaceae,27.5,White,Tundra,Tropical
Test sometimes,Poaceae,28.9,Purple,Marine,Polar
Study example,Solanaceae,48.04,Purple,Tundra,Subtropical
Control admit,Rosaceae,46.33,Blue,Grassland,Temperate
Form music,Fabaceae,18.93,Yellow,Desert,Tropical
Director ready,Brassicaceae,19.99,Orange,Wetland,Arid
Religious reality,Fabaceae,36.85,Yellow,Tundra,Subtropical
Foot out,Brassicaceae,48.47,Yellow,Tundra,Mediterranean
Minute back,Fabaceae,17.15,Orange,Desert,Temperate
Own first,Fabaceae,40.19,Orange,Freshwater,Temperate
Send always,Poaceae,15.39,White,Forest,Arid
Past century,Orchidaceae,44.4,Yellow,Marine,Tropical
Commercial open,Brassicaceae,18.67,Purple,Marine,Tropical
Truth month,Brassicaceae,22.75,Purple,Urban,Mediterranean
Have after,Brassicaceae,4.98,Green,Wetland,Polar
Least federal,Orchidaceae,4.71,Pink,Freshwater,Arid
Option sometimes,Orchidaceae,36.73,Pink,Marine,Mediterranean
Put certainly,Asteraceae,4.22,Orange,Tundra,Temperate
Discuss feeling,Asteraceae,46.31,Pink,Forest,Subtropical
Lead model,Asteraceae,14.9,Orange,Urban,Arid
Beat usually,Poaceae,3.44,Yellow,Marine,Arid
Perform truth,Fabaceae,4.25,Purple,Wetland,Temperate
Play grow,Orchidaceae,31.26,White,Marine,Temperate
Make prepare,Orchidaceae,36.83,Green,Desert,Temperate
Discover she,Fabaceae,22.79,Blue,Marine,Polar
Save manager,Poaceae,25.55,White,Marine,Temperate
Tree suggest,Rosaceae,4.65,Green,Forest,Subtropical
More remember,Rosaceae,13.62,Blue,Desert,Subtropical
Enough simply,Asteraceae,37.43,Red,Urban,Tropical
War upon,Rosaceae,45.74,Yellow,Desert,Mediterranean
Pick tax,Brassicaceae,15.2,Green,Tundra,Subtropical
Character listen,Orchidaceae,5.19,Blue,Marine,Mediterranean
Easy five,Brassicaceae,22.66,Purple,Grassland,Tropical
Customer find,Solanaceae,28.8,Yellow,Grassland,Polar
Analysis third,Solanaceae,44.01,Pink,Grassland,Arid
Even garden,Rosaceae,38.95,Yellow,Marine,Polar
Nor dark,Asteraceae,13.77,Purple,Urban,Polar
Subject of,Fabaceae,44.54,Pink,Forest,Temperate
Back agreement,Fabaceae,25.42,Yellow,Freshwater,Subtropical
Apply reason,Asteraceae,39.45,White,Marine,Temperate
Choice military,Brassicaceae,18.76,Yellow,Urban,Mediterranean
Style natural,Fabaceae,44.5,White,Freshwater,Arid
Sense unit,Brassicaceae,39.64,Orange,Desert,Mediterranean
Station color,Orchidaceae,6.15,Orange,Wetland,Mediterranean
No week,Asteraceae,6.47,Yellow,Wetland,Mediterranean
Stock protect,Asteraceae,19.22,Purple,Forest,Mediterranean
Check perform,Brassicaceae,28.58,Orange,Marine,Temperate
View world,Brassicaceae,1.22,White,Freshwater,Polar
Voice edge,Fabaceae,36.2,Red,Desert,Tropical
Chair should,Fabaceae,22.46,Orange,Forest,Temperate
Response one,Fabaceae,15.96,Red,Desert,Mediterranean
Beyond because,Solanaceae,40.35,Pink,Grassland,Arid
Level effort,Solanaceae,31.89,Purple,Tundra,Tropical
Song happy,Rosaceae,33.94,Purple,Wetland,Mediterranean
Factor safe,Poaceae,25.22,Pink,Grassland,Temperate
Attention piece,Poaceae,30.61,Orange,Marine,Temperate
Final officer,Brassicaceae,13.76,Purple,Wetland,Mediterranean
Trade peace,Orchidaceae,31.94,Yellow,Grassland,Subtropical
Most build,Rosaceae,28.64,Orange,Urban,Polar
Sometimes short,Asteraceae,23.16,Purple,Urban,Mediterranean
Prevent do,Solanaceae,39.34,Blue,Tundra,Arid
Family consider,Brassicaceae,27.66,Red,Forest,Temperate
Hospital fight,Solanaceae,17.17,Green,Urban,Subtropical
Reveal return,Rosaceae,7.68,Blue,Urban,Temperate
Number low,Orchidaceae,16.94,White,Grassland,Mediterranean
Test authority,Brassicaceae,23.0,Yellow,Grassland,Tropical
Probably yourself,Solanaceae,22.01,Red,Forest,Mediterranean
Stay under,Solanaceae,37.84,Orange,Urban,Arid
College age,Poaceae,19.81,Green,Urban,Subtropical
Wide benefit,Solanaceae,13.2,White,Freshwater,Arid
Try although,Rosaceae,17.2,Blue,Freshwater,Subtropical
Century high,Poaceae,37.23,Pink,Urban,Tropical
Join travel,Brassicaceae,17.27,Pink,Freshwater,Polar
Single amount,Brassicaceae,35.15,Yellow,Tundra,Mediterranean
Sea green,Solanaceae,14.99,Pink,Marine,Tropical
Who near,Asteraceae,27.28,Orange,Urban,Temperate
Debate field,Orchidaceae,14.11,Green,Grassland,Mediterranean
Believe rather,Orchidaceae,20.47,Purple,Desert,Temperate
Agency clear,Fabaceae,49.0,White,Grassland,Arid
Call since,Orchidaceae,32.25,Red,Desert,Tropical
Provide cultural,Solanaceae,39.63,Red,Grassland,Subtropical
Throw we,Rosaceae,25.06,Purple,Forest,Tropical
Church Mrs,Orchidaceae,34.29,Red,Forest,Subtropical
Pull age,Brassicaceae,23.97,Pink,Forest,Subtropical
Show size,Brassicaceae,38.25,Orange,Desert,Arid
Letter available,Brassicaceae,16.23,Orange,Grassland,Subtropical
Money consider,Poaceae,6.11,Blue,Desert,Tropical
Conference major,Poaceae,26.6,Blue,Desert,Mediterranean
Paper fast,Brassicaceae,6.06,Orange,Wetland,Subtropical
Something sense,Solanaceae,32.32,White,Wetland,Subtropical
Especially among,Brassicaceae,40.33,Pink,Urban,Tropical
Own look,Brassicaceae,17.18,White,Desert,Polar
Decide create,Rosaceae,19.18,Pink,Tundra,Subtropical
Personal task,Solanaceae,48.23,Pink,Tundra,Tropical
Which big,Brassicaceae,28.04,Yellow,Grassland,Polar
Serious war,Asteraceae,32.62,Orange,Grassland,Arid
Never worry,Fabaceae,21.69,Yellow,Wetland,Temperate
Crime hour,Poaceae,49.53,Purple,Tundra,Temperate
Drug last,Brassicaceae,49.21,Green,Marine,Temperate
Shoulder couple,Orchidaceae,31.46,Purple,Urban,Tropical
Laugh beat,Brassicaceae,3.34,Green,Freshwater,Subtropical
High TV,Rosaceae,25.6,Red,Freshwater,Subtropical
In responsibility,Brassicaceae,42.61,Yellow,Desert,Polar
Husband movie,Asteraceae,29.83,White,Urban,Subtropical
Deal certainly,Poaceae,22.95,White,Desert,Polar
Off appear,Fabaceae,30.37,Purple,Marine,Tropical
Force quickly,Fabaceae,43.27,Red,Forest,Polar
Within alone,Orchidaceae,19.85,Orange,Grassland,Polar
Miss make,Solanaceae,29.25,Yellow,Desert,Temperate
Situation part,Brassicaceae,6.94,Yellow,Wetland,Temperate
Region central,Orchidaceae,25.1,Yellow,Freshwater,Subtropical
Claim home,Orchidaceae,41.33,Green,Tundra,Mediterranean
Myself think,Poaceae,1.81,Green,Urban,Mediterranean
Culture body,Poaceae,28.74,White,Desert,Tropical
Marriage compare,Brassicaceae,32.28,Purple,Forest,Subtropical
Visit reach,Asteraceae,4.87,Yellow,Marine,Tropical
Newspaper likely,Rosaceae,23.52,Pink,Freshwater,Mediterranean
Bit reflect,Asteraceae,14.68,Orange,Grassland,Subtropical
Adult real,Brassicaceae,24.45,Green,Tundra,Arid
Financial recognize,Brassicaceae,25.27,Yellow,Forest,Temperate
Reason money,Asteraceae,11.71,Orange,Forest,Temperate
Property religious,Asteraceae,18.02,Red,Wetland,Mediterranean
Soldier election,Fabaceae,11.21,White,Tundra,Subtropical
Increase although,Fabaceae,33.11,White,Tundra,Tropical
Just save,Solanaceae,45.25,Red,Forest,Temperate
Prepare by,Orchidaceae,39.91,White,Tundra,Temperate
Receive last,Orchidaceae,37.49,Yellow,Wetland,Mediterranean
Her support,Rosaceae,3.78,Blue,Desert,Mediterranean
Into civil,Orchidaceae,38.07,Red,Wetland,Temperate
Government toward,Fabaceae,15.75,Purple,Urban,Polar
Machine drop,Brassicaceae,22.64,Purple,Urban,Polar
Development today,Orchidaceae,38.11,Red,Desert,Arid
Cold behind,Solanaceae,41.61,Red,Wetland,Tropical
Who account,Orchidaceae,32.65,Yellow,Urban,Subtropical
Interesting enough,Fabaceae,32.98,Purple,Freshwater,Temperate
Throughout social,Solanaceae,12.55,Blue,Freshwater,Mediterranean
Year while,Brassicaceae,27.76,Pink,Desert,Subtropical
Red what,Solanaceae,16.68,Pink,Wetland,Tropical
Dark for,Brassicaceae,48.63,White,Tundra,Tropical
Government spring,Solanaceae,37.56,Red,Marine,Polar
Off official,Solanaceae,6.16,Pink,Desert,Mediterranean
Prepare smile,Fabaceae,35.05,Pink,Urban,Polar
Congress control,Fabaceae,16.13,Orange,Desert,Subtropical
Interview party,Rosaceae,15.96,White,Grassland,Tropical
Energy life,Fabaceae,37.18,White,Tundra,Tropical
Measure child,Brassicaceae,1.48,Yellow,Wetland,Polar
Environment move,Fabaceae,9.05,Orange,Tundra,Temperate
Good opportunity,Fabaceae,48.0,Red,Tundra,Subtropical
Run professor,Fabaceae,28.19,Pink,Marine,Temperate
Mind able,Poaceae,27.64,Yellow,Tundra,Tropical
Compare audience,Solanaceae,11.85,Blue,Forest,Arid
Might hospital,Rosaceae,40.2,Purple,Forest,Arid
Bad security,Fabaceae,13.55,White,Wetland,Tropical
Trade natural,Orchidaceae,4.01,Red,Freshwater,Polar
Serve seem,Fabaceae,44.7,White,Freshwater,Tropical
My region,Fabaceae,48.78,Yellow,Desert,Temperate
Or court,Poaceae,35.14,Blue,Urban,Mediterranean
Figure together,Asteraceae,37.09,Pink,Freshwater,Tropical
Condition professor,Fabaceae,3.12,Purple,Marine,Mediterranean
Many mean,Rosaceae,22.88,White,Wetland,Arid
Cover win,Orchidaceae,16.76,Purple,Forest,Mediterranean
Court job,Fabaceae,29.17,White,Grassland,Arid
Lead meeting,Rosaceae,45.38,Green,Desert,Subtropical
She of,Asteraceae,42.14,White,Freshwater,Polar
Return guy,Brassicaceae,21.4,Blue,Forest,Temperate
Likely value,Brassicaceae,25.89,Purple,Tundra,Arid
Writer both,Rosaceae,10.91,Orange,Tundra,Temperate
Hard difference,Poaceae,26.47,Green,Grassland,Temperate
Spend goal,Fabaceae,31.28,Yellow,Marine,Polar
Nothing data,Brassicaceae,46.89,Pink,Marine,Subtropical
Entire throughout,Poaceae,42.7,Purple,Urban,Polar
Population ask,Asteraceae,36.47,Pink,Grassland,Tropical
Should spring,Rosaceae,5.71,Green,Wetland,Polar
Whole this,Brassicaceae,44.46,White,Wetland,Mediterranean
Term investment,Asteraceae,48.56,White,Tundra,Tropical
None particular,Rosaceae,24.25,White,Wetland,Polar
Later standard,Asteraceae,35.3,Yellow,Marine,Temperate
Compare close,Asteraceae,32.82,Red,Freshwater,Mediterranean
Use occur,Poaceae,26.54,Orange,Freshwater,Tropical
Peace to,Solanaceae,32.11,Purple,Desert,Arid
Teach every,Rosaceae,28.93,Pink,Urban,Arid
News per,Poaceae,34.94,Green,Marine,Polar
Four big,Orchidaceae,13.46,Purple,Urban,Tropical
Government not,Rosaceae,21.63,Red,Forest,Mediterranean
Full show,Orchidaceae,5.62,Orange,Forest,Polar
Talk particular,Orchidaceae,30.28,Purple,Forest,Polar
Development adult,Solanaceae,36.43,Orange,Wetland,Arid
Especially already,Solanaceae,17.55,Yellow,Grassland,Polar
West less,Solanaceae,21.67,Yellow,Wetland,Subtropical
Lay raise,Poaceae,7.87,Yellow,Marine,Polar
Financial religious,Poaceae,24.73,Yellow,Urban,Tropical
Movie home,Asteraceae,36.51,Yellow,Desert,Subtropical
Something really,Poaceae,29.69,Red,Tundra,Tropical
Bed travel,Solanaceae,11.08,Blue,Urban,Arid
Although poor,Orchidaceae,26.6,Pink,Wetland,Tropical
Pick hotel,Fabaceae,9.38,Yellow,Desert,Temperate
List charge,Rosaceae,29.34,Red,Urban,Tropical
Although itself,Asteraceae,40.01,Orange,Urban,Subtropical
Executive lawyer,Fabaceae,29.13,White,Freshwater,Arid
Do here,Rosaceae,31.98,Green,Desert,Mediterranean
Edge bag,Brassicaceae,18.07,White,Tundra,Polar
Mention gas,Poaceae,31.2,Blue,Urban,Mediterranean
Trade student,Solanaceae,47.11,Blue,Forest,Arid
Medical stock,Brassicaceae,23.63,White,Freshwater,Polar
Others collection,Asteraceae,10.43,Pink,Desert,Mediterranean
Story pretty,Solanaceae,44.52,Purple,Forest,Arid
Speech customer,Solanaceae,11.56,Purple,Desert,Tropical
Bag owner,Poaceae,43.87,Yellow,Desert,Polar
Foreign probably,Brassicaceae,8.9,Orange,Desert,Tropical
Me environmental,Rosaceae,29.8,Red,Desert,Polar
Race very,Poaceae,17.85,Orange,Marine,Subtropical
Mrs left,Fabaceae,9.89,Yellow,Forest,Mediterranean
Collection fast,Solanaceae,29.98,Pink,Tundra,Tropical
Attorney good,Rosaceae,13.49,Yellow,Desert,Subtropical
Wonder that,Brassicaceae,20.76,Pink,Tundra,Temperate
Much ask,Orchidaceae,43.5,Red,Grassland,Polar
Hotel current,Orchidaceae,17.4,White,Urban,Polar
Lawyer feel,Asteraceae,20.72,Purple,Grassland,Arid
Class indicate,Rosaceae,22.15,Purple,Wetland,Subtropical
Security rule,Rosaceae,18.6,Purple,Freshwater,Mediterranean
Letter rock,Fabaceae,25.1,Green,Marine,Mediterranean
Contain purpose,Orchidaceae,49.69,White,Desert,Tropical
Long follow,Solanaceae,4.05,Red,Freshwater,Mediterranean
Project plant,Asteraceae,12.99,Orange,Freshwater,Subtropical
Effort thousand,Orchidaceae,1.36,Green,Freshwater,Arid
Collection us,Poaceae,37.91,Purple,Desert,Arid
Its hospital,Asteraceae,13.81,Blue,Grassland,Mediterranean
Eight environment,Orchidaceae,2.46,Yellow,Urban,Polar
Against successful,Poaceae,29.56,Blue,Grassland,Polar
Support ok,Asteraceae,21.61,Yellow,Urban,Temperate
New city,Asteraceae,10.76,Red,Grassland,Tropical
Nor many,Fabaceae,42.18,Pink,Desert,Arid
Compare certain,Orchidaceae,32.3,Red,Forest,Tropical
Though guy,Poaceae,10.3,Red,Freshwater,Polar
Big student,Asteraceae,45.51,Pink,Marine,Polar
Manager six,Asteraceae,19.64,White,Tundra,Polar
Market on,Rosaceae,46.1,Red,Wetland,Tropical
Development system,Poaceae,12.14,Yellow,Marine,Tropical
Stuff security,Solanaceae,30.14,White,Desert,Mediterranean
Sit sure,Solanaceae,41.77,Green,Forest,Polar
Past discussion,Rosaceae,26.42,Red,Grassland,Subtropical
Imagine follow,Orchidaceae,8.59,Purple,Forest,Temperate
Explain act,Fabaceae,6.39,Blue,Urban,Polar
Draw like,Rosaceae,7.13,White,Marine,Subtropical
New sort,Poaceae,42.84,White,Urban,Mediterranean
Better page,Orchidaceae,39.84,Orange,Marine,Temperate
Window leader,Asteraceae,48.72,Red,Forest,Mediterranean
Example wall,Asteraceae,46.15,Purple,Grassland,Mediterranean
Lay American,Brassicaceae,38.17,Green,Freshwater,Polar
Body store,Poaceae,16.74,Purple,Tundra,Mediterranean
Enough account,Rosaceae,42.4,Orange,Forest,Mediterranean
Suffer piece,Brassicaceae,1.38,Green,Desert,Temperate
Direction learn,Orchidaceae,15.97,Blue,Marine,Tropical
Send expect,Orchidaceae,18.03,Orange,Urban,Temperate
Letter ever,Brassicaceae,39.25,Green,Grassland,Mediterranean
Song kid,Asteraceae,32.0,Purple,Grassland,Subtropical
Conference me,Rosaceae,20.92,White,Desert,Arid
Will shoulder,Solanaceae,5.79,Red,Urban,Arid
Painting identify,Rosaceae,18.77,Orange,Wetland,Temperate
Democratic about,Fabaceae,41.03,Yellow,Freshwater,Tropical
Better maybe,Asteraceae,33.34,Pink,Urban,Subtropical
Officer a,Orchidaceae,43.87,Yellow,Desert,Polar
Where clear,Solanaceae,49.15,White,Marine,Subtropical
Pass late,Asteraceae,16.64,Orange,Tundra,Arid
Accept key,Asteraceae,31.07,Yellow,Urban,Mediterranean
Herself left,Solanaceae,6.42,Green,Forest,Temperate
Respond lead,Asteraceae,8.98,Orange,Forest,Tropical
Job draw,Brassicaceae,49.06,Purple,Grassland,Tropical
City letter,Fabaceae,13.04,Orange,Wetland,Polar
Available necessary,Brassicaceae,42.24,Red,Tundra,Tropical
Drug good,Orchidaceae,9.54,Green,Freshwater,Subtropical
Before good,Fabaceae,41.57,Red,Grassland,Polar
Long everyone,Solanaceae,28.51,Green,Grassland,Tropical
Bit turn,Rosaceae,25.13,Red,Urban,Temperate
Stand rate,Fabaceae,16.56,Red,Desert,Temperate
Agent during,Poaceae,35.34,Blue,Marine,Polar
Thought city,Brassicaceae,18.18,Orange,Wetland,Arid
Various staff,Poaceae,26.47,Red,Freshwater,Subtropical
Hit rule,Solanaceae,18.57,Green,Wetland,Subtropical
Seat drive,Orchidaceae,15.66,White,Tundra,Tropical
Door professor,Poaceae,37.05,Red,Grassland,Mediterranean
Baby push,Fabaceae,19.57,Orange,Forest,Subtropical
Simple information,Brassicaceae,37.87,Purple,Wetland,Subtropical
First off,Fabaceae,41.94,Purple,Tundra,Subtropical
Moment street,Poaceae,18.68,Green,Desert,Mediterranean
Head four,Asteraceae,28.19,Green,Desert,Arid
Natural treatment,Rosaceae,15.76,Purple,Tundra,Arid
Bag child,Brassicaceae,20.61,White,Tundra,Arid
Body director,Asteraceae,21.15,White,Grassland,Subtropical
Base magazine,Rosaceae,2.46,Red,Urban,Arid
Actually service,Orchidaceae,45.29,White,Grassland,Polar
True month,Poaceae,22.03,Red,Freshwater,Tropical
Front industry,Asteraceae,22.75,Blue,Urban,Subtropical
Bit friend,Orchidaceae,22.1,Yellow,Desert,Mediterranean
Power network,Fabaceae,20.47,Red,Grassland,Polar
Able majority,Solanaceae,34.85,Red,Urban,Mediterranean
Risk impact,Solanaceae,12.26,White,Grassland,Arid
Make may,Fabaceae,33.6,Green,Forest,Mediterranean
Impact specific,Rosaceae,30.53,Purple,Tundra,Tropical
Low person,Asteraceae,7.13,Blue,Grassland,Arid
They radio,Rosaceae,14.99,Yellow,Desert,Arid
Drive laugh,Fabaceae,30.23,Green,Freshwater,Mediterranean
Because network,Fabaceae,4.2,Purple,Urban,Subtropical
Occur middle,Fabaceae,47.04,Green,Tundra,Subtropical
Campaign sit,Rosaceae,2.75,Green,Tundra,Subtropical
Word go,Orchidaceae,32.99,White,Marine,Temperate
Maintain my,Rosaceae,21.37,Red,Urban,Temperate
Plant various,Brassicaceae,8.08,Blue,Wetland,Arid
Job whom,Brassicaceae,10.97,Pink,Urban,Arid
Hot from,Fabaceae,19.37,Purple,Grassland,Temperate
Bring possible,Asteraceae,38.51,Orange,Wetland,Arid
Their school,Asteraceae,37.73,White,Wetland,Temperate
Sit experience,Asteraceae,12.6,Orange,Wetland,Polar
Expert strategy,Brassicaceae,20.43,Yellow,Marine,Tropical
Citizen south,Poaceae,24.49,Purple,Forest,Tropical
Significant thought,Poaceae,11.25,Purple,Urban,Polar
Century throughout,Solanaceae,35.98,Pink,Wetland,Mediterranean
Degree special,Rosaceae,14.38,Yellow,Wetland,Subtropical
Whose training,Poaceae,8.25,White,Urban,Mediterranean
Debate own,Orchidaceae,46.66,Blue,Grassland,Temperate
Development cup,Brassicaceae,28.34,Purple,Freshwater,Temperate
Inside star,Brassicaceae,38.12,Red,Marine,Temperate
Number deep,Rosaceae,41.36,Green,Marine,Arid
Center serious,Poaceae,13.51,White,Wetland,Mediterranean
State economy,Brassicaceae,31.57,Purple,Urban,Subtropical
Kind image,Orchidaceae,19.45,Purple,Tundra,Subtropical
Strategy onto,Fabaceae,36.76,Pink,Wetland,Subtropical
Finally Mr,Fabaceae,38.83,Blue,Grassland,Arid
Remain reduce,Fabaceae,41.05,Yellow,Wetland,Mediterranean
Claim relate,Fabaceae,2.57,Blue,Forest,Arid
Dark officer,Fabaceae,13.75,White,Tundra,Temperate
Example audience,Brassicaceae,30.59,Green,Tundra,Mediterranean
Tree thought,Fabaceae,31.71,Green,Wetland,Polar
Determine increase,Brassicaceae,34.51,Purple,Wetland,Mediterranean
Himself fill,Asteraceae,40.34,Green,Wetland,Subtropical
Strategy expect,Poaceae,5.88,Yellow,Tundra,Arid
Maybe American,Fabaceae,45.04,Pink,Freshwater,Arid
Girl serve,Brassicaceae,13.66,Yellow,Grassland,Subtropical
Born chair,Brassicaceae,7.4,Blue,Urban,Arid
Everybody improve,Poaceae,45.03,Pink,Wetland,Mediterranean
Goal join,Solanaceae,24.66,Blue,Wetland,Tropical
Office sure,Poaceae,32.14,Yellow,Tundra,Arid
Day condition,Rosaceae,19.05,Green,Grassland,Temperate
Type wide,Orchidaceae,35.02,Pink,Tundra,Subtropical
Their clear,Poaceae,24.63,Red,Forest,Polar
Wrong itself,Asteraceae,41.18,Blue,Urban,Polar
Whatever truth,Brassicaceae,1.55,Yellow,Urban,Temperate
Past tend,Asteraceae,14.05,Pink,Tundra,Temperate
Already general,Fabaceae,2.13,Green,Forest,Subtropical
Wait happy,Orchidaceae,36.29,Red,Urban,Temperate
Never goal,Poaceae,19.53,White,Desert,Tropical
Growth across,Fabaceae,21.2,White,Tundra,Temperate
See check,Solanaceae,37.85,White,Grassland,Tropical
Health sea,Fabaceae,6.4,Blue,Forest,Tropical
Total true,Fabaceae,17.63,Orange,Desert,Mediterranean
Cultural east,Poaceae,23.35,Red,Wetland,Arid
To end,Solanaceae,44.24,Blue,Forest,Subtropical
Scene surface,Fabaceae,13.74,Yellow,Forest,Subtropical
Improve agent,Fabaceae,20.29,Blue,Marine,Tropical
Civil change,Orchidaceae,27.18,Orange,Wetland,Temperate
Its trouble,Orchidaceae,46.47,Yellow,Forest,Arid
Technology travel,Poaceae,26.29,White,Marine,Temperate
Others early,Asteraceae,37.29,Green,Forest,Arid
Hot teacher,Fabaceae,22.6,White,Wetland,Tropical
Way child,Orchidaceae,1.23,Purple,Urban,Tropical
She everybody,Poaceae,27.39,White,Freshwater,Polar
Way consider,Fabaceae,30.88,Pink,Tundra,Tropical
West social,Poaceae,5.77,Red,Freshwater,Polar
Low by,Asteraceae,20.51,Yellow,Wetland,Tropical
Almost education,Solanaceae,4.88,Red,Tundra,Mediterranean
Big name,Fabaceae,18.4,Purple,Grassland,Mediterranean
Raise produce,Brassicaceae,2.47,Yellow,Grassland,Polar
Test thing,Solanaceae,33.49,Pink,Forest,Polar
Worry against,Orchidaceae,8.79,Orange,Desert,Tropical
Account catch,Fabaceae,38.24,Orange,Grassland,Tropical
Live food,Poaceae,12.94,Red,Wetland,Mediterranean
Mention her,Orchidaceae,13.82,Orange,Forest,Tropical
Beautiful enter,Rosaceae,4.33,Yellow,Tundra,Mediterranean
Dog somebody,Poaceae,41.41,Pink,Forest,Polar
Away mean,Fabaceae,47.96,Pink,Forest,Arid
House help,Brassicaceae,15.09,Purple,Urban,Arid
Reality I,Solanaceae,35.51,Blue,Tundra,Arid
Whole loss,Orchidaceae,20.06,Pink,Grassland,Polar
Away table,Rosaceae,10.99,Blue,Forest,Polar
Eat system,Brassicaceae,24.45,Purple,Wetland,Arid
Still young,Poaceae,42.83,Purple,Urban,Mediterranean
Up computer,Asteraceae,25.06,White,Tundra,Tropical
Respond behavior,Fabaceae,10.17,Green,Freshwater,Mediterranean
Important leave,Orchidaceae,13.38,Yellow,Marine,Polar
Realize create,Asteraceae,19.92,Yellow,Grassland,Polar
Perform democratic,Asteraceae,9.05,Red,Grassland,Polar
Camera real,Poaceae,2.51,Blue,Grassland,Arid
Us high,Solanaceae,48.56,Yellow,Forest,Temperate
Responsibility these,Poaceae,48.85,Purple,Wetland,Temperate
Task law,Poaceae,46.71,Purple,Forest,Subtropical
Art responsibility,Rosaceae,4.44,Pink,Marine,Mediterranean
Pick leave,Rosaceae,19.83,Blue,Forest,Polar
Church level,Solanaceae,17.98,Red,Grassland,Arid
Education firm,Fabaceae,31.52,Blue,Forest,Temperate
Doctor especially,Brassicaceae,21.13,Green,Desert,Polar
Some little,Fabaceae,40.29,Yellow,Desert,Subtropical
Enough huge,Fabaceae,17.5,White,Tundra,Tropical
Current history,Fabaceae,15.75,Yellow,Grassland,Arid
Sort enjoy,Asteraceae,20.7,Green,Freshwater,Subtropical
Camera course,Poaceae,22.72,Green,Freshwater,Arid
Rise election,Poaceae,18.42,Blue,Desert,Tropical
Make yeah,Brassicaceae,41.42,Red,Forest,Mediterranean
Gas gun,Orchidaceae,32.94,Purple,Freshwater,Tropical
Value day,Rosaceae,11.41,Purple,Desert,Polar
Physical care,Orchidaceae,20.84,Yellow,Tundra,Mediterranean
Key often,Orchidaceae,1.16,Pink,Freshwater,Arid
From human,Rosaceae,34.36,Purple,Marine,Tropical
Dog improve,Rosaceae,25.89,Yellow,Freshwater,Arid
Product you,Rosaceae,30.27,White,Freshwater,Polar
Their always,Orchidaceae,13.12,Orange,Freshwater,Polar
Maintain song,Poaceae,1.67,Pink,Wetland,Subtropical
Actually reason,Brassicaceae,43.17,Red,Grassland,Subtropical
Training floor,Brassicaceae,18.14,Blue,Forest,Arid
Responsibility size,Asteraceae,47.99,Blue,Urban,Tropical
Health along,Asteraceae,9.43,Green,Wetland,Subtropical
Star whatever,Poaceae,20.02,Pink,Urban,Arid
Official carry,Brassicaceae,32.54,Orange,Marine,Arid
Institution appear,Fabaceae,43.55,Blue,Grassland,Tropical
Fly investment,Poaceae,12.85,White,Wetland,Subtropical
Common successful,Orchidaceae,9.6,White,Marine,Arid
House police,Orchidaceae,7.19,Green,Freshwater,Mediterranean
Easy send,Asteraceae,5.29,Red,Marine,Temperate
Choice field,Asteraceae,37.94,Yellow,Desert,Mediterranean
Outside wind,Brassicaceae,36.11,Green,Forest,Arid
Political buy,Orchidaceae,5.38,Pink,Desert,Mediterranean
Season near,Fabaceae,7.06,Red,Marine,Polar
Sense sense,Brassicaceae,11.94,White,Urban,Polar
Glass man,Poaceae,38.92,White,Marine,Arid
Fish second,Asteraceae,2.85,Green,Marine,Arid
Center everything,Poaceae,28.31,Red,Grassland,Polar
Sound court,Rosaceae,42.33,Pink,Marine,Tropical
Those grow,Fabaceae,48.49,White,Desert,Polar
Happy sea,Brassicaceae,33.15,Yellow,Urban,Mediterranean
Theory effect,Poaceae,35.09,Pink,Desert,Mediterranean
His Democrat,Brassicaceae,26.9,White,Wetland,Subtropical
Sister visit,Solanaceae,45.7,Orange,Grassland,Arid
President report,Asteraceae,15.07,Red,Urban,Arid
Foreign dog,Brassicaceae,49.61,Orange,Grassland,Subtropical
Executive plant,Orchidaceae,35.0,Pink,Desert,Tropical
Ability another,Asteraceae,12.58,Orange,Urban,Mediterranean
It training,Solanaceae,31.23,Blue,Urban,Tropical
Tree clear,Orchidaceae,19.5,White,Freshwater,Mediterranean
May into,Fabaceae,42.56,Red,Forest,Mediterranean
Employee under,Asteraceae,16.75,Red,Grassland,Subtropical
Ability these,Brassicaceae,48.57,Red,Wetland,Arid
Process interview,Asteraceae,6.99,Blue,Forest,Tropical
Body memory,Rosaceae,45.92,Pink,Grassland,Tropical
Style officer,Orchidaceae,8.72,Red,Forest,Tropical
Bring note,Brassicaceae,40.92,Orange,Freshwater,Temperate
Act safe,Brassicaceae,6.01,White,Wetland,Tropical
Report it,Poaceae,27.78,Red,Marine,Subtropical
Participant through,Orchidaceae,16.84,Purple,Marine,Polar
Investment yard,Solanaceae,42.54,Blue,Grassland,Arid
Too lay,Rosaceae,2.13,Blue,Grassland,Subtropical
Drug specific,Poaceae,19.22,Purple,Urban,Polar
Green husband,Poaceae,44.4,Blue,Tundra,Arid
Really hope,Solanaceae,6.54,Purple,Freshwater,Subtropical
Discuss develop,Orchidaceae,42.06,Pink,Wetland,Tropical
And vote,Orchidaceae,22.77,Purple,Tundra,Temperate
Ground again,Brassicaceae,30.82,White,Freshwater,Subtropical
Growth two,Poaceae,25.65,Red,Marine,Subtropical
See use,Poaceae,43.38,Pink,Forest,Temperate
Front health,Poaceae,13.22,Purple,Freshwater,Arid
Country simply,Brassicaceae,35.14,Pink,Grassland,Polar
Many image,Rosaceae,33.02,Green,Forest,Tropical
Himself hundred,Orchidaceae,8.9,Purple,Tundra,Polar
There true,Rosaceae,23.04,Blue,Wetland,Temperate
Avoid economic,Fabaceae,45.5,Yellow,Tundra,Polar
Meeting information,Asteraceae,40.18,Purple,Wetland,Temperate
Myself home,Orchidaceae,26.14,Purple,Freshwater,Subtropical
Into usually,Rosaceae,44.41,Yellow,Wetland,Tropical
Media when,Poaceae,10.53,Red,Wetland,Tropical
Respond will,Solanaceae,31.01,Blue,Urban,Subtropical
Central should,Fabaceae,47.93,Purple,Wetland,Polar
Him suffer,Solanaceae,10.43,White,Urban,Mediterranean
Future force,Asteraceae,41.76,Purple,Desert,Arid
Seven detail,Fabaceae,4.04,Pink,Forest,Subtropical
Individual black,Solanaceae,22.1,Yellow,Forest,Subtropical
Allow produce,Solanaceae,40.33,Purple,Forest,Temperate
Tax off,Orchidaceae,43.13,Red,Urban,Subtropical
Agent mean,Solanaceae,30.54,White,Freshwater,Arid
Buy no,Orchidaceae,31.69,Red,Forest,Subtropical
Treat bar,Fabaceae,49.69,Purple,Desert,Tropical
Minute southern,Poaceae,3.98,Yellow,Forest,Temperate
Ever network,Solanaceae,49.46,Pink,Tundra,Mediterranean
Skill bring,Orchidaceae,2.8,Pink,Wetland,Tropical
All hour,Fabaceae,6.5,Red,Tundra,Polar
Financial only,Orchidaceae,43.53,White,Tundra,Arid
Movie road,Asteraceae,6.93,Green,Desert,Arid
Back industry,Rosaceae,35.91,Red,Grassland,Polar
Fly economic,Asteraceae,43.09,Purple,Marine,Tropical
Want different,Brassicaceae,40.05,Red,Freshwater,Mediterranean
Already purpose,Brassicaceae,31.63,Yellow,Freshwater,Arid
Time physical,Solanaceae,33.17,Green,Marine,Mediterranean
Machine early,Orchidaceae,23.73,Green,Grassland,Mediterranean
Far coach,Poaceae,16.61,Pink,Freshwater,Mediterranean
Feel but,Orchidaceae,1.11,Orange,Marine,Tropical
American owner,Rosaceae,14.04,Red,Tundra,Temperate
Fear change,Orchidaceae,1.35,Red,Forest,Mediterranean
Clearly chance,Brassicaceae,38.04,White,Desert,Tropical
Pay detail,Rosaceae,17.09,Purple,Wetland,Mediterranean
Question could,Orchidaceae,18.38,Yellow,Freshwater,Polar
Travel interview,Rosaceae,11.13,White,Tundra,Subtropical
I reason,Poaceae,6.48,Green,Urban,Arid
New bad,Orchidaceae,24.82,Yellow,Marine,Subtropical
Produce above,Orchidaceae,34.8,Purple,Marine,Arid
Dog shake,Solanaceae,25.45,Yellow,Urban,Temperate
Adult heart,Fabaceae,49.39,White,Forest,Tropical
Food series,Asteraceae,3.36,Yellow,Urban,Subtropical
Determine picture,Orchidaceae,46.38,Orange,Desert,Polar
Quality force,Rosaceae,37.45,Red,Grassland,Arid
War prove,Solanaceae,18.32,White,Freshwater,Arid
Painting mother,Brassicaceae,10.42,Orange,Urban,Tropical
Save responsibility,Orchidaceae,2.4,Green,Grassland,Arid
Girl account,Rosaceae,45.47,Blue,Marine,Mediterranean
Couple enough,Poaceae,2.77,Pink,Forest,Polar
Goal anyone,Poaceae,29.86,Blue,Freshwater,Temperate
So maybe,Solanaceae,26.43,Green,Grassland,Subtropical
Senior together,Orchidaceae,46.48,Blue,Tundra,Mediterranean
Teach answer,Fabaceae,42.4,Yellow,Wetland,Polar
Pull identify,Solanaceae,33.19,Orange,Tundra,Mediterranean
Government class,Fabaceae,36.08,Yellow,Urban,Arid
Foreign anything,Rosaceae,38.0,Orange,Forest,Mediterranean
Pull much,Brassicaceae,19.98,Pink,Desert,Temperate
Always over,Asteraceae,3.04,Green,Forest,Temperate
General fire,Fabaceae,41.67,Green,Grassland,Polar
Evidence bring,Solanaceae,13.47,Pink,Wetland,Arid
Writer second,Solanaceae,32.99,Orange,Freshwater,Arid
Show war,Asteraceae,43.92,Purple,Marine,Tropical
Now hotel,Poaceae,23.93,Orange,Tundra,Polar
Appear across,Rosaceae,49.0,Red,Urban,Polar
Television answer,Solanaceae,33.16,Pink,Tundra,Polar
Player any,Asteraceae,9.4,Yellow,Freshwater,Mediterranean
Radio ahead,Solanaceae,24.29,Yellow,Tundra,Polar
Discuss past,Fabaceae,31.04,Blue,Urban,Subtropical
Team attorney,Rosaceae,15.31,Yellow,Forest,Temperate
Would social,Poaceae,17.45,Pink,Wetland,Polar
System pattern,Fabaceae,23.66,Pink,Forest,Polar
Suddenly describe,Rosaceae,40.8,Pink,Forest,Polar
Job happy,Brassicaceae,35.33,Pink,Tundra,Arid
Operation current,Rosaceae,2.17,Red,Freshwater,Tropical
Space bank,Asteraceae,31.93,Purple,Wetland,Subtropical
Edge point,Poaceae,24.13,Orange,Tundra,Mediterranean
Action to,Poaceae,11.08,Red,Marine,Mediterranean
Lead seek,Asteraceae,10.74,Blue,Forest,Subtropical
There turn,Solanaceae,26.78,Pink,Desert,Tropical
Bit value,Brassicaceae,47.07,Purple,Urban,Mediterranean
Likely response,Asteraceae,37.85,Blue,Tundra,Subtropical
Magazine we,Asteraceae,34.46,White,Forest,Tropical
Coach black,Asteraceae,34.14,Red,Desert,Temperate
Campaign window,Orchidaceae,26.87,Blue,Forest,Tropical
Between someone,Brassicaceae,47.12,Pink,Desert,Mediterranean
About rise,Poaceae,8.85,Green,Desert,Tropical
Book mouth,Orchidaceae,11.39,Purple,Urban,Temperate
Cell necessary,Solanaceae,12.47,Yellow,Wetland,Subtropical
Unit skin,Fabaceae,25.82,White,Forest,Polar
And name,Fabaceae,19.37,White,Forest,Mediterranean
Suggest feel,Fabaceae,37.86,Red,Grassland,Mediterranean
Determine hard,Poaceae,20.73,Blue,Grassland,Subtropical
Word in,Rosaceae,4.35,Red,Urban,Subtropical
Decide fly,Fabaceae,11.0,White,Desert,Mediterranean
Heavy mention,Asteraceae,48.73,Yellow,Forest,Arid
Member get,Orchidaceae,47.49,White,Wetland,Subtropical
Guy business,Solanaceae,24.46,Orange,Grassland,Arid
Scene leg,Fabaceae,37.63,Orange,Marine,Subtropical
Kid message,Asteraceae,16.49,Green,Grassland,Subtropical
Throw push,Fabaceae,46.05,Blue,Desert,Arid
Challenge military,Poaceae,44.43,Green,Freshwater,Arid
Know push,Brassicaceae,10.01,White,Grassland,Mediterranean
Body other,Poaceae,27.7,Green,Forest,Mediterranean
Item benefit,Poaceae,9.11,Yellow,Desert,Mediterranean
Easy fight,Asteraceae,40.17,Yellow,Desert,Arid
Friend sister,Fabaceae,44.16,Blue,Grassland,Mediterranean
Others similar,Poaceae,25.24,White,Grassland,Subtropical
Condition save,Solanaceae,17.18,White,Urban,Subtropical
Fall area,Orchidaceae,31.25,Yellow,Forest,Temperate
Live citizen,Poaceae,10.62,Green,Forest,Arid
Better check,Solanaceae,49.3,White,Grassland,Temperate
Win society,Rosaceae,12.95,Purple,Desert,Tropical
Official each,Asteraceae,20.47,Green,Desert,Arid
Word decade,Brassicaceae,13.51,Green,Wetland,Polar
Little already,Solanaceae,29.44,Yellow,Desert,Mediterranean
Sing impact,Asteraceae,10.01,Blue,Grassland,Temperate
Fly past,Asteraceae,36.48,Green,Urban,Tropical
Value others,Poaceae,22.19,White,Forest,Mediterranean
Though many,Fabaceae,2.86,Green,Desert,Subtropical
Theory them,Brassicaceae,47.19,Orange,Tundra,Tropical
Firm human,Brassicaceae,25.78,Pink,Freshwater,Tropical
Heart rest,Solanaceae,14.83,Orange,Marine,Mediterranean
Candidate enter,Brassicaceae,14.73,Pink,Freshwater,Tropical
Thing term,Rosaceae,46.86,White,Desert,Mediterranean
Once final,Asteraceae,4.06,Orange,Urban,Mediterranean
Also cell,Poaceae,4.61,Red,Urban,Temperate
Response beyond,Orchidaceae,41.55,Green,Desert,Subtropical
Data political,Asteraceae,14.07,Yellow,Marine,Polar
Week executive,Asteraceae,25.07,Yellow,Desert,Subtropical
Network argue,Poaceae,48.86,Purple,Wetland,Polar
Simple couple,Solanaceae,23.28,Purple,Forest,Subtropical
Pick community,Brassicaceae,46.46,Green,Grassland,Mediterranean
Each middle,Fabaceae,14.8,Green,Marine,Temperate
Street pay,Asteraceae,11.05,White,Freshwater,Polar
East ahead,Solanaceae,14.65,Pink,Grassland,Subtropical
Federal alone,Brassicaceae,39.2,Pink,Marine,Temperate
Team plant,Fabaceae,33.82,Yellow,Marine,Arid
Door entire,Brassicaceae,22.63,Purple,Tundra,Temperate
Source day,Poaceae,32.17,Red,Wetland,Polar
Cup establish,Solanaceae,2.47,Green,Wetland,Subtropical
Series responsibility,Solanaceae,49.47,Green,Tundra,Subtropical
Similar another,Poaceae,41.07,Green,Tundra,Temperate
Put million,Poaceae,32.99,Blue,Marine,Temperate
Kind by,Rosaceae,17.38,Pink,Urban,Subtropical
Enjoy number,Orchidaceae,48.15,Orange,Urban,Arid
So section,Orchidaceae,41.47,White,Grassland,Tropical
Talk year,Poaceae,39.36,Yellow,Grassland,Tropical
Camera data,Brassicaceae,10.93,Green,Wetland,Temperate
Onto property,Rosaceae,31.35,Yellow,Tundra,Tropical
Product window,Solanaceae,27.18,Pink,Tundra,Mediterranean
Church second,Poaceae,25.72,Orange,Wetland,Mediterranean
Trip job,Asteraceae,38.92,Purple,Forest,Subtropical
Relationship yourself,Solanaceae,39.55,Pink,Urban,Polar
Senior expect,Asteraceae,22.57,Red,Urban,Arid
High today,Orchidaceae,42.82,Green,Tundra,Polar
Article father,Brassicaceae,2.94,Orange,Freshwater,Mediterranean
Indicate recent,Solanaceae,35.23,Green,Tundra,Tropical
Involve Congress,Orchidaceae,15.29,Green,Marine,Temperate
Market various,Orchidaceae,21.27,Orange,Forest,Tropical
City front,Fabaceae,32.19,White,Urban,Mediterranean
She generation,Fabaceae,32.84,White,Urban,Polar
First front,Poaceae,20.57,Blue,Wetland,Temperate
Throw wait,Poaceae,32.68,Red,Grassland,Mediterranean
Me begin,Orchidaceae,18.15,White,Tundra,Arid
Week threat,Orchidaceae,5.39,Red,Desert,Mediterranean
Difference about,Rosaceae,37.64,Blue,Forest,Subtropical
Court music,Brassicaceae,38.67,Pink,Urban,Temperate
Quite if,Solanaceae,36.07,Pink,Urban,Mediterranean
Kid address,Orchidaceae,1.29,Green,Tundra,Tropical
Wear give,Orchidaceae,11.22,Purple,Wetland,Arid
Hold physical,Rosaceae,1.13,Orange,Urban,Polar
Show age,Poaceae,42.53,White,Freshwater,Subtropical
Decade knowledge,Poaceae,48.38,Blue,Desert,Polar
National policy,Rosaceae,36.07,Green,Grassland,Mediterranean
Cause week,Fabaceae,39.2,Blue,Freshwater,Polar
Actually during,Asteraceae,1.92,Yellow,Urban,Temperate
Family drug,Solanaceae,10.78,Blue,Desert,Temperate
Exist success,Poaceae,21.79,Green,Wetland,Tropical
Player per,Solanaceae,46.16,Purple,Grassland,Subtropical
Team method,Rosaceae,24.51,Yellow,Freshwater,Temperate
How think,Fabaceae,1.2,Red,Forest,Mediterranean
Important garden,Fabaceae,24.48,Red,Grassland,Polar
My ten,Orchidaceae,36.77,Green,Grassland,Arid
Eight yes,Fabaceae,9.13,Pink,Grassland,Temperate
Base family,Asteraceae,29.61,Orange,Forest,Arid
Partner factor,Fabaceae,29.65,Orange,Freshwater,Tropical
Change suffer,Solanaceae,15.64,Blue,Wetland,Tropical
Everybody join,Asteraceae,3.73,Pink,Wetland,Arid
Feel debate,Poaceae,7.14,White,Grassland,Mediterranean
Professional fine,Orchidaceae,26.56,Green,Marine,Tropical
Myself will,Asteraceae,46.24,Pink,Forest,Subtropical
Stuff hit,Rosaceae,28.94,Green,Grassland,Subtropical
Age must,Orchidaceae,38.71,Yellow,Wetland,Subtropical
Analysis theory,Orchidaceae,38.21,Orange,Desert,Subtropical
Several other,Orchidaceae,31.41,Orange,Forest,Mediterranean
Cold skin,Fabaceae,45.56,Red,Tundra,Mediterranean
Despite organization,Rosaceae,17.99,Red,Freshwater,Polar
See mention,Poaceae,38.11,Blue,Forest,Subtropical
Experience raise,Asteraceae,28.66,Green,Tundra,Temperate
Throw meet,Solanaceae,29.34,Blue,Grassland,Tropical
Recognize nature,Fabaceae,42.35,Green,Marine,Polar
Beat interesting,Brassicaceae,35.38,White,Freshwater,Subtropical
Particularly deal,Asteraceae,10.38,Yellow,Forest,Subtropical
Food speech,Poaceae,4.79,Blue,Freshwater,Subtropical
Where policy,Brassicaceae,44.69,Green,Freshwater,Arid
Message attorney,Solanaceae,9.32,Green,Urban,Arid
Teach air,Asteraceae,43.7,Yellow,Grassland,Temperate
Blood into,Asteraceae,30.27,White,Forest,Subtropical
Stage recent,Orchidaceae,24.65,Yellow,Wetland,Arid
Mission work,Poaceae,13.99,Green,Grassland,Temperate
Develop should,Rosaceae,31.86,Yellow,Desert,Subtropical
Political cut,Rosaceae,26.93,Yellow,Tundra,Subtropical
Dinner decision,Solanaceae,11.89,Purple,Freshwater,Arid
Speak always,Rosaceae,39.36,Yellow,Marine,Temperate
Yet share,Solanaceae,3.39,Red,Desert,Subtropical
Center state,Asteraceae,24.04,Pink,Urban,Temperate
Itself laugh,Rosaceae,9.37,Blue,Urban,Arid
Month again,Rosaceae,7.29,Green,Urban,Polar
Head body,Orchidaceae,26.55,Blue,Marine,Polar
Including doctor,Brassicaceae,47.36,Green,Grassland,Mediterranean
Difficult teach,Poaceae,17.93,Orange,Tundra,Polar
Certainly firm,Orchidaceae,42.67,White,Forest,Polar
Little at,Solanaceae,21.86,Orange,Wetland,Temperate
With member,Asteraceae,22.7,Orange,Freshwater,Polar
Media kitchen,Rosaceae,19.34,Red,Urban,Polar
Another mean,Solanaceae,31.08,Orange,Urban,Arid
Star themselves,Rosaceae,43.37,Yellow,Forest,Arid
Often collection,Orchidaceae,40.68,Green,Wetland,Tropical
Method production,Asteraceae,12.43,Orange,Tundra,Polar
Daughter government,Solanaceae,46.96,Blue,Forest,Subtropical
Money color,Asteraceae,12.17,Purple,Freshwater,Polar
Range grow,Asteraceae,1.08,Pink,Wetland,Subtropical
Share consider,Poaceae,1.34,Yellow,Desert,Tropical
Painting traditional,Poaceae,28.74,Red,Marine,Arid
Me knowledge,Fabaceae,49.57,Green,Freshwater,Mediterranean
Identify dog,Solanaceae,37.31,Pink,Desert,Temperate
Opportunity too,Brassicaceae,6.54,Pink,Wetland,Tropical
Discuss improve,Rosaceae,45.18,Blue,Grassland,Tropical
Among cultural,Fabaceae,14.38,Pink,Marine,Tropical
Success finish,Brassicaceae,3.61,Orange,Tundra,Mediterranean
Law rise,Rosaceae,47.84,Pink,Grassland,Polar
Develop give,Solanaceae,47.25,Red,Desert,Polar
Since nice,Brassicaceae,5.69,White,Wetland,Polar
Site kid,Poaceae,36.41,Purple,Forest,Temperate
Politics into,Brassicaceae,49.68,Yellow,Wetland,Polar
Serious citizen,Solanaceae,4.46,Yellow,Urban,Subtropical
Machine person,Solanaceae,11.59,Orange,Desert,Arid
His strong,Rosaceae,40.4,Yellow,Grassland,Polar
Though before,Fabaceae,36.94,Pink,Freshwater,Mediterranean
Management trial,Solanaceae,28.49,Green,Forest,Tropical
Unit family,Rosaceae,16.5,Yellow,Tundra,Mediterranean
Laugh development,Fabaceae,10.06,Red,Freshwater,Tropical
Heavy collection,Asteraceae,22.02,Yellow,Freshwater,Tropical
Gun hand,Orchidaceae,30.05,Purple,Tundra,Arid
Heart glass,Asteraceae,15.38,Green,Marine,Tropical
Impact fire,Fabaceae,37.11,Yellow,Marine,Temperate
Play on,Poaceae,21.84,Green,Marine,Subtropical
Material protect,Solanaceae,2.73,Yellow,Desert,Tropical
After return,Brassicaceae,49.27,Yellow,Grassland,Temperate
Traditional travel,Asteraceae,1.15,Orange,Tundra,Subtropical
Cup physical,Fabaceae,44.27,Green,Desert,Subtropical
Until animal,Brassicaceae,36.85,Pink,Grassland,Subtropical
Though project,Fabaceae,3.59,Red,Grassland,Tropical
Opportunity know,Orchidaceae,1.4,Red,Forest,Mediterranean
Mother conference,Rosaceae,22.37,Green,Grassland,Subtropical
Interest throughout,Poaceae,14.93,Pink,Freshwater,Temperate
Could activity,Rosaceae,11.88,Purple,Desert,Mediterranean
Full early,Asteraceae,33.05,Red,Tundra,Temperate
Nice ball,Fabaceae,46.73,Green,Tundra,Tropical
Middle laugh,Asteraceae,16.47,Orange,Freshwater,Temperate
Move room,Rosaceae,25.1,White,Urban,Temperate
Partner sea,Rosaceae,22.62,Pink,Marine,Subtropical
Full control,Asteraceae,37.78,Yellow,Grassland,Temperate
System ten,Brassicaceae,48.2,Yellow,Forest,Arid
Wide their,Poaceae,17.66,Orange,Desert,Tropical
Strategy hit,Rosaceae,28.48,Orange,Marine,Arid
Market admit,Solanaceae,11.25,Red,Grassland,Polar
Piece wife,Solanaceae,8.58,Red,Freshwater,Temperate
Mouth this,Solanaceae,27.2,Green,Urban,Arid
Matter family,Rosaceae,13.75,Red,Wetland,Polar
Ready understand,Solanaceae,41.52,Purple,Tundra,Polar
Black chance,Orchidaceae,5.59,Green,Grassland,Tropical
Attack a,Rosaceae,41.77,Orange,Desert,Tropical
Food all,Solanaceae,23.62,Purple,Desert,Temperate
Arrive organization,Orchidaceae,46.4,Orange,Freshwater,Tropical
Tv stop,Brassicaceae,31.39,White,Grassland,Tropical
Baby drive,Solanaceae,7.79,Blue,Forest,Temperate
Reflect situation,Fabaceae,40.67,Purple,Tundra,Tropical
Rule policy,Brassicaceae,19.31,Green,Forest,Polar
Defense cause,Rosaceae,9.36,Yellow,Desert,Subtropical
Memory management,Fabaceae,40.15,Red,Desert,Mediterranean
Speech information,Brassicaceae,39.18,Yellow,Wetland,Subtropical
Lot trial,Orchidaceae,49.32,Green,Tundra,Polar
Big town,Asteraceae,22.19,Blue,Marine,Subtropical
Art music,Solanaceae,12.82,Yellow,Freshwater,Tropical
Possible agent,Solanaceae,22.75,Green,Marine,Polar
Everything nature,Orchidaceae,28.39,Red,Desert,Subtropical
Our force,Poaceae,14.85,Blue,Tundra,Tropical
Management community,Orchidaceae,46.11,Blue,Desert,Mediterranean
Decision person,Fabaceae,34.23,Pink,Grassland,Temperate
Meeting guy,Orchidaceae,2.48,Yellow,Marine,Subtropical
War can,Brassicaceae,30.07,Red,Freshwater,Tropical
Clearly home,Asteraceae,18.13,White,Wetland,Tropical
Though mention,Brassicaceae,7.56,Purple,Freshwater,Arid
Pull fall,Orchidaceae,19.23,Orange,Wetland,Polar
Cause clear,Fabaceae,35.14,White,Marine,Mediterranean
Board arrive,Orchidaceae,1.66,Purple,Freshwater,Mediterranean
Still take,Fabaceae,37.7,Green,Tundra,Arid
Pressure develop,Poaceae,3.49,Blue,Freshwater,Mediterranean
Heart explain,Orchidaceae,16.59,Blue,Grassland,Subtropical
Only upon,Rosaceae,44.99,Green,Urban,Arid
Wonder theory,Fabaceae,46.54,Green,Forest,Polar
Interest property,Rosaceae,30.38,Yellow,Freshwater,Polar
Production sport,Poaceae,11.58,Yellow,Desert,Subtropical
Window site,Fabaceae,9.48,Blue,Desert,Tropical
Discussion there,Fabaceae,6.74,Purple,Desert,Temperate
Player other,Poaceae,11.35,Red,Grassland,Tropical
Rate after,Brassicaceae,4.65,Yellow,Wetland,Mediterranean
Throughout spend,Fabaceae,16.84,Blue,Wetland,Mediterranean
Service hear,Asteraceae,15.89,Green,Wetland,Subtropical
Evidence participant,Brassicaceae,23.98,White,Freshwater,Temperate
Ability picture,Brassicaceae,30.94,Blue,Wetland,Polar
Turn value,Poaceae,21.49,White,Freshwater,Subtropical
Area less,Asteraceae,26.3,Blue,Grassland,Tropical
Half apply,Rosaceae,37.44,Orange,Grassland,Temperate
Stock south,Asteraceae,22.33,Orange,Forest,Subtropical
Million both,Poaceae,37.35,Purple,Marine,Polar
Career pull,Rosaceae,9.88,Pink,Tundra,Mediterranean
Woman more,Asteraceae,34.02,Green,Desert,Tropical
Author expert,Poaceae,47.61,Purple,Desert,Temperate
South eat,Solanaceae,27.09,Purple,Wetland,Arid
Note month,Brassicaceae,28.58,Orange,Marine,Mediterranean
Number yeah,Poaceae,16.6,Orange,Forest,Mediterranean
Address field,Orchidaceae,31.78,Blue,Urban,Subtropical
Near message,Asteraceae,48.26,Yellow,Grassland,Mediterranean
Site who,Brassicaceae,39.14,Green,Marine,Polar
Lose high,Solanaceae,43.8,Red,Urban,Arid
Trade perhaps,Fabaceae,16.17,Green,Grassland,Subtropical
General thing,Asteraceae,35.6,Pink,Forest,Arid
Business radio,Rosaceae,17.61,Pink,Urban,Mediterranean
Deep wife,Rosaceae,23.76,Green,Grassland,Subtropical
Despite artist,Brassicaceae,36.2,White,Desert,Arid
Woman executive,Fabaceae,28.41,Orange,Desert,Subtropical
Agency economic,Orchidaceae,26.52,Purple,Wetland,Subtropical
Them consider,Solanaceae,16.98,Blue,Desert,Temperate
Success source,Brassicaceae,30.94,Purple,Forest,Tropical
Record I,Rosaceae,14.16,Yellow,Wetland,Tropical
Child different,Solanaceae,31.26,Orange,Urban,Tropical
Young manage,Fabaceae,26.91,Blue,Wetland,Subtropical
Design civil,Asteraceae,9.4,Red,Forest,Mediterranean
Cell central,Asteraceae,27.74,Pink,Desert,Arid
Increase air,Asteraceae,2.84,White,Desert,Subtropical
Bit property,Brassicaceae,44.78,Pink,Urban,Temperate
Suddenly either,Fabaceae,6.89,White,Freshwater,Mediterranean
Quite party,Orchidaceae,15.08,White,Marine,Mediterranean
Thousand box,Poaceae,19.08,Green,Marine,Subtropical
Call open,Fabaceae,18.23,Pink,Freshwater,Tropical
Just soon,Asteraceae,9.36,Yellow,Wetland,Arid
Security effort,Fabaceae,1.83,Orange,Marine,Subtropical
Tonight low,Asteraceae,49.42,Pink,Tundra,Tropical
Be success,Rosaceae,24.42,White,Urban,Polar
Claim each,Solanaceae,7.4,Pink,Urban,Arid
Past suffer,Poaceae,20.52,Orange,Grassland,Polar
Popular gun,Poaceae,42.4,Blue,Urban,Polar
Compare pattern,Poaceae,24.09,White,Grassland,Subtropical
Activity current,Asteraceae,34.79,Purple,Urban,Tropical
During cell,Orchidaceae,35.56,Orange,Wetland,Temperate
Party off,Poaceae,9.53,Purple,Urban,Tropical
Protect during,Orchidaceae,42.31,Purple,Desert,Subtropical
Left pressure,Fabaceae,17.27,White,Desert,Polar
Need group,Orchidaceae,25.92,Orange,Forest,Polar
Treat father,Poaceae,8.28,Red,Grassland,Polar
Television simply,Brassicaceae,1.69,Green,Freshwater,Temperate
Particularly ten,Rosaceae,15.57,Pink,Forest,Subtropical
Particularly others,Brassicaceae,14.91,Blue,Marine,Mediterranean
Debate management,Fabaceae,25.82,Pink,Wetland,Tropical
Course around,Poaceae,17.41,Purple,Grassland,Subtropical
Personal position,Solanaceae,11.51,Purple,Marine,Mediterranean
Because church,Rosaceae,13.51,Green,Wetland,Subtropical
Firm senior,Orchidaceae,14.07,Green,Wetland,Arid
Service back,Asteraceae,18.42,Yellow,Grassland,Arid
Movement back,Poaceae,46.64,White,Freshwater,Temperate
Message tend,Orchidaceae,22.29,Green,Wetland,Subtropical
Decade gas,Rosaceae,30.74,Blue,Forest,Temperate
Decide itself,Asteraceae,28.46,Purple,Tundra,Subtropical
Laugh decision,Rosaceae,20.61,Green,Forest,Mediterranean
Special able,Poaceae,7.42,Red,Wetland,Mediterranean
Loss left,Asteraceae,31.65,Blue,Marine,Subtropical
Position claim,Fabaceae,28.17,Blue,Urban,Arid
Many improve,Solanaceae,32.42,Red,Freshwater,Polar
Young ability,Rosaceae,26.92,Red,Forest,Subtropical
Maintain alone,Poaceae,14.51,White,Urban,Polar
Party make,Orchidaceae,18.1,Orange,Freshwater,Mediterranean
Young suggest,Fabaceae,24.02,Red,Tundra,Temperate
Room feel,Solanaceae,48.13,White,Forest,Mediterranean
Career argue,Rosaceae,36.95,Red,Freshwater,Mediterranean
Language upon,Solanaceae,41.99,Yellow,Desert,Polar
Feeling involve,Orchidaceae,38.82,Blue,Tundra,Temperate
Peace two,Brassicaceae,14.56,Orange,Desert,Temperate
Fear book,Fabaceae,37.8,Red,Freshwater,Mediterranean
Democrat able,Brassicaceae,34.94,Orange,Tundra,Tropical
Ground stay,Orchidaceae,27.6,Red,Tundra,Tropical
Gun wife,Solanaceae,47.85,Green,Urban,Mediterranean
Identify career,Poaceae,40.13,Pink,Grassland,Subtropical
We event,Orchidaceae,23.21,Red,Marine,Subtropical
Lot network,Solanaceae,43.77,Blue,Freshwater,Mediterranean
Fear agent,Orchidaceae,32.29,Yellow,Wetland,Subtropical
Best response,Poaceae,26.13,Pink,Wetland,Mediterranean
Ask who,Brassicaceae,27.76,Pink,Tundra,Temperate
Usually southern,Asteraceae,9.34,Yellow,Freshwater,Subtropical
Somebody serve,Orchidaceae,49.93,Red,Marine,Mediterranean
Gas girl,Poaceae,7.94,Purple,Freshwater,Mediterranean
Now she,Orchidaceae,6.03,White,Wetland,Arid
Away degree,Rosaceae,16.8,Green,Tundra,Temperate
Push social,Solanaceae,20.55,Pink,Freshwater,Arid
Assume maintain,Solanaceae,33.13,Blue,Marine,Arid
Year recognize,Asteraceae,16.47,Blue,Marine,Mediterranean
Stop remain,Asteraceae,6.03,Blue,Wetland,Tropical
Mrs argue,Fabaceae,37.53,Blue,Desert,Tropical
Claim music,Fabaceae,19.76,White,Marine,Subtropical
Kitchen push,Asteraceae,3.76,Blue,Forest,Tropical
Become summer,Rosaceae,3.83,Pink,Freshwater,Polar
Road contain,Brassicaceae,35.35,Red,Forest,Subtropical
Term thought,Solanaceae,34.13,Blue,Tundra,Temperate
Over throw,Poaceae,45.85,Purple,Wetland,Arid
Born experience,Brassicaceae,41.46,Orange,Marine,Subtropical
Mean commercial,Solanaceae,25.08,Orange,Freshwater,Arid
Billion political,Orchidaceae,14.82,Purple,Tundra,Subtropical
House movement,Brassicaceae,15.02,Blue,Marine,Tropical
Social own,Brassicaceae,15.73,White,Tundra,Arid
Too service,Brassicaceae,13.41,White,Grassland,Arid
Police not,Asteraceae,11.75,Orange,Urban,Arid
Into mother,Solanaceae,12.84,Green,Urban,Subtropical
Reason over,Orchidaceae,2.38,Yellow,Marine,Arid
Blood need,Poaceae,15.01,Orange,Wetland,Tropical
Guy window,Orchidaceae,16.96,White,Urban,Polar
Class stage,Poaceae,44.25,White,Marine,Tropical
Painting identify,Solanaceae,14.18,Red,Tundra,Mediterranean
That present,Brassicaceae,3.46,White,Forest,Mediterranean
Southern born,Brassicaceae,25.16,Orange,Forest,Temperate
No hand,Solanaceae,39.56,White,Forest,Arid
Suddenly return,Rosaceae,47.72,Purple,Wetland,Arid
Like election,Solanaceae,36.74,Red,Wetland,Subtropical
Major reason,Asteraceae,41.74,Orange,Desert,Arid
Instead election,Brassicaceae,17.04,Orange,Forest,Tropical
Tough entire,Solanaceae,27.8,Green,Forest,Arid
View himself,Brassicaceae,8.58,Pink,Grassland,Polar
Candidate minute,Solanaceae,46.46,Green,Grassland,Arid
Book radio,Orchidaceae,21.02,Yellow,Urban,Mediterranean
Pattern sport,Brassicaceae,45.73,White,Marine,Temperate
Cut least,Poaceae,42.55,Pink,Marine,Temperate
Half state,Brassicaceae,19.61,Red,Wetland,Mediterranean
Medical central,Brassicaceae,11.38,White,Grassland,Mediterranean
Rest teach,Poaceae,48.02,Red,Grassland,Arid
In wide,Asteraceae,20.44,Purple,Wetland,Subtropical
Week we,Fabaceae,49.78,Blue,Urban,Arid
Newspaper maintain,Rosaceae,20.44,White,Wetland,Temperate
Difference until,Rosaceae,9.12,White,Freshwater,Temperate
Those air,Poaceae,47.19,Orange,Forest,Tropical
Condition understand,Asteraceae,38.75,Orange,Marine,Tropical
Population rule,Orchidaceae,36.34,Yellow,Freshwater,Mediterranean
Full religious,Rosaceae,17.58,Purple,Freshwater,Arid
About home,Orchidaceae,12.75,Yellow,Forest,Polar
Read similar,Asteraceae,2.07,Red,Urban,Subtropical
Seek capital,Solanaceae,11.64,White,Wetland,Arid
Production admit,Solanaceae,12.53,Orange,Grassland,Mediterranean
Common father,Poaceae,45.09,Purple,Tundra,Subtropical
Me increase,Asteraceae,25.86,White,Wetland,Temperate
Imagine green,Orchidaceae,12.06,Yellow,Marine,Arid
Strong court,Solanaceae,36.19,White,Tundra,Temperate
Beat investment,Orchidaceae,26.44,Pink,Marine,Arid
Arm watch,Brassicaceae,35.73,White,Desert,Mediterranean
Firm top,Solanaceae,42.39,White,Tundra,Tropical
Three second,Asteraceae,29.27,Yellow,Freshwater,Subtropical
Half deal,Orchidaceae,42.68,Green,Wetland,Tropical
Begin model,Fabaceae,12.19,Blue,Desert,Arid
Table business,Poaceae,22.41,Green,Forest,Subtropical
Production message,Fabaceae,32.78,Blue,Desert,Subtropical
Community political,Asteraceae,8.71,Blue,Desert,Subtropical
While single,Fabaceae,41.28,Pink,Forest,Tropical
Thing lay,Poaceae,10.34,Pink,Wetland,Arid
Involve buy,Poaceae,15.91,White,Freshwater,Polar
Cup not,Orchidaceae,33.91,Purple,Urban,Mediterranean
Fine trial,Asteraceae,4.6,Yellow,Tundra,Tropical
Hard fund,Solanaceae,5.1,Blue,Urban,Arid
Many really,Orchidaceae,42.05,White,Tundra,Polar
Cup same,Solanaceae,4.17,Purple,Urban,Arid
Happen since,Brassicaceae,42.27,Red,Desert,Subtropical
Because design,Rosaceae,48.86,Orange,Forest,Tropical
College light,Poaceae,44.56,Purple,Urban,Tropical
Style open,Rosaceae,28.24,White,Tundra,Arid
Military career,Rosaceae,45.92,Blue,Urban,Temperate
Tax deep,Solanaceae,41.87,White,Marine,Temperate
Both article,Rosaceae,9.88,Pink,Marine,Arid
Drug clear,Orchidaceae,15.61,Purple,Marine,Polar
Dream response,Fabaceae,3.17,Orange,Forest,Temperate
Response design,Solanaceae,43.14,Red,Marine,Arid
As fine,Fabaceae,12.3,White,Wetland,Subtropical
Voice manage,Fabaceae,38.72,Yellow,Tundra,Tropical
Reduce none,Poaceae,38.22,Purple,Desert,Temperate
To responsibility,Asteraceae,11.28,Yellow,Marine,Arid
Student job,Asteraceae,40.41,Purple,Forest,Arid
Business under,Brassicaceae,31.0,White,Tundra,Temperate
Black seat,Solanaceae,15.07,Pink,Urban,Temperate
Play idea,Orchidaceae,9.02,Green,Wetland,Temperate
Actually anyone,Asteraceae,38.97,Red,Tundra,Subtropical
Notice present,Poaceae,37.5,Green,Desert,Temperate
Catch boy,Orchidaceae,40.61,Blue,Grassland,Mediterranean
Blue board,Fabaceae,39.02,Green,Urban,Polar
Time capital,Rosaceae,3.92,Green,Urban,Arid
Last once,Rosaceae,1.13,Blue,Desert,Mediterranean
Case general,Asteraceae,49.13,White,Desert,Tropical
After whether,Rosaceae,48.13,Pink,Urban,Tropical
Protect sit,Orchidaceae,4.33,Yellow,Wetland,Mediterranean
Ever into,Orchidaceae,25.63,Yellow,Freshwater,Temperate
Very necessary,Solanaceae,28.2,Blue,Marine,Tropical
Laugh nation,Brassicaceae,9.52,Purple,Forest,Temperate
Main citizen,Poaceae,2.59,Yellow,Grassland,Arid
Key guy,Poaceae,2.46,Blue,Desert,Polar
Though health,Brassicaceae,1.4,Blue,Forest,Polar
Financial treat,Rosaceae,45.14,Yellow,Freshwater,Subtropical
By beyond,Solanaceae,35.33,Blue,Marine,Tropical
Right issue,Poaceae,11.0,Pink,Wetland,Mediterranean
Method mother,Orchidaceae,19.16,Yellow,Forest,Temperate
Read seem,Orchidaceae,2.39,Blue,Tundra,Subtropical
Thing subject,Asteraceae,19.47,Pink,Freshwater,Tropical
Enough affect,Asteraceae,16.55,Orange,Grassland,Polar
Hold according,Fabaceae,41.47,Pink,Tundra,Polar
Lose hard,Fabaceae,42.8,Blue,Tundra,Subtropical
Series than,Poaceae,34.54,Yellow,Marine,Subtropical
Data sign,Asteraceae,13.3,Yellow,Desert,Tropical
Conference itself,Rosaceae,17.64,Red,Grassland,Polar
Image sometimes,Brassicaceae,35.12,Blue,Freshwater,Temperate
Item necessary,Orchidaceae,33.8,Pink,Freshwater,Polar
Single fish,Fabaceae,45.38,Orange,Marine,Polar
Local near,Fabaceae,13.92,Orange,Desert,Subtropical
Worry clearly,Brassicaceae,48.48,Red,Grassland,Temperate
Top movie,Solanaceae,12.38,Purple,Grassland,Temperate
Support friend,Poaceae,36.89,Red,Desert,Mediterranean
Window statement,Poaceae,2.57,Blue,Marine,Arid
Mission position,Orchidaceae,21.96,Orange,Urban,Polar
Interview range,Solanaceae,2.12,Pink,Desert,Polar
Public traditional,Solanaceae,46.5,Yellow,Grassland,Temperate
Move reason,Solanaceae,25.75,White,Urban,Arid
Raise cut,Orchidaceae,42.19,Red,Tundra,Polar
Class far,Orchidaceae,29.2,Purple,Marine,Arid
Ready yes,Fabaceae,31.9,Purple,Wetland,Subtropical
Group sister,Fabaceae,4.11,Pink,Urban,Arid
Billion organization,Poaceae,32.1,Purple,Grassland,Subtropical
Cold rich,Solanaceae,12.54,Green,Urban,Polar
Receive this,Asteraceae,49.02,White,Forest,Mediterranean
Pull move,Brassicaceae,21.07,White,Forest,Tropical
Shoulder result,Fabaceae,9.58,Yellow,Grassland,Subtropical
Beyond drop,Fabaceae,1.81,Blue,Tundra,Tropical
Loss hundred,Solanaceae,20.77,Purple,Desert,Arid
Later sign,Asteraceae,34.86,Green,Forest,Arid
Argue side,Fabaceae,18.45,Red,Urban,Temperate
Series business,Brassicaceae,4.85,Purple,Marine,Tropical
Type field,Fabaceae,19.3,Red,Urban,Polar
Make officer,Brassicaceae,14.4,Red,Marine,Temperate
Change career,Fabaceae,18.81,Blue,Grassland,Subtropical
Smile politics,Solanaceae,33.43,Red,Desert,Polar
Stage property,Rosaceae,39.29,Red,Desert,Temperate
Attack knowledge,Poaceae,28.41,Blue,Marine,Temperate
Year finally,Rosaceae,46.33,Green,Urban,Arid
Concern and,Rosaceae,19.21,Purple,Freshwater,Tropical
Make recent,Orchidaceae,47.44,Yellow,Freshwater,Polar
Have eight,Rosaceae,23.76,Purple,Freshwater,Tropical
Involve political,Rosaceae,46.73,Green,Forest,Polar
Visit bit,Brassicaceae,31.32,White,Desert,Arid
Police Democrat,Brassicaceae,12.62,Purple,Urban,Polar
Good large,Solanaceae,45.69,Yellow,Forest,Subtropical
Government even,Poaceae,38.8,Orange,Forest,Polar
Send least,Fabaceae,29.79,Purple,Tundra,Polar
Deal we,Brassicaceae,22.17,Yellow,Tundra,Temperate
Old apply,Brassicaceae,36.08,Pink,Tundra,Polar
Third must,Poaceae,18.69,White,Tundra,Temperate
Personal teacher,Solanaceae,15.2,Orange,Tundra,Temperate
Carry trial,Asteraceae,25.22,Purple,Forest,Tropical
Finally every,Orchidaceae,12.45,Red,Desert,Temperate
Operation hold,Asteraceae,34.35,Purple,Tundra,Subtropical
Education blood,Asteraceae,18.16,Red,Forest,Mediterranean
Environment staff,Poaceae,8.91,Red,Tundra,Temperate
Glass scientist,Fabaceae,35.22,Yellow,Forest,Polar
West alone,Asteraceae,46.58,Orange,Wetland,Temperate
Bad whose,Rosaceae,49.55,White,Forest,Temperate
Modern state,Asteraceae,38.44,Red,Forest,Arid
Law among,Asteraceae,16.52,White,Urban,Tropical
Financial side,Fabaceae,26.52,Orange,Grassland,Temperate
Out must,Solanaceae,28.21,Green,Marine,Mediterranean
Window decide,Solanaceae,42.21,Green,Marine,Polar
House could,Brassicaceae,9.32,Purple,Desert,Subtropical
Individual fear,Poaceae,39.2,Orange,Wetland,Mediterranean
Beautiful board,Fabaceae,1.22,White,Forest,Tropical
Defense such,Brassicaceae,42.62,Purple,Tundra,Polar
Pull road,Asteraceae,24.77,Blue,Marine,Tropical
Poor need,Rosaceae,22.42,Red,Wetland,Tropical
Image character,Rosaceae,14.98,Blue,Wetland,Tropical
Bad always,Solanaceae,20.53,Green,Forest,Arid
Air and,Asteraceae,43.01,Green,Tundra,Temperate
Account sister,Rosaceae,29.17,Blue,Forest,Polar
Care film,Asteraceae,1.97,Green,Forest,Arid
Why section,Rosaceae,34.04,Green,Forest,Temperate
Official fire,Solanaceae,32.8,Green,Tundra,Polar
Best size,Asteraceae,30.71,Blue,Grassland,Arid
Talk ten,Brassicaceae,7.17,Yellow,Forest,Arid
Door room,Rosaceae,31.56,Green,Grassland,Polar
Mention store,Brassicaceae,35.9,Purple,Forest,Polar
General capital,Brassicaceae,1.95,Pink,Marine,Tropical
Including thousand,Brassicaceae,27.39,Blue,Tundra,Arid
Of program,Solanaceae,33.52,Red,Freshwater,Arid
Stuff with,Solanaceae,33.43,White,Urban,Tropical
Floor play,Asteraceae,22.13,Orange,Grassland,Tropical
Today use,Fabaceae,14.84,White,Urban,Mediterranean
Nothing sense,Orchidaceae,23.18,Green,Wetland,Polar
Remain none,Asteraceae,47.28,White,Tundra,Mediterranean
Subject push,Asteraceae,47.66,Red,Freshwater,Subtropical
Meeting appear,Asteraceae,2.28,White,Urban,Mediterranean
Blood economic,Poaceae,48.58,Red,Wetland,Temperate
Likely candidate,Fabaceae,2.9,White,Desert,Mediterranean
Sure important,Orchidaceae,8.7,Orange,Tundra,Temperate
Simply positive,Solanaceae,31.12,White,Grassland,Polar
Apply data,Fabaceae,26.52,Pink,Urban,Arid
Congress measure,Fabaceae,17.89,White,Grassland,Mediterranean
Situation fight,Poaceae,4.31,Orange,Wetland,Mediterranean
Religious wear,Rosaceae,4.78,White,Tundra,Subtropical
Piece apply,Rosaceae,16.78,Yellow,Desert,Mediterranean
Kind beat,Fabaceae,24.93,Yellow,Grassland,Polar
Figure world,Brassicaceae,35.92,Orange,Wetland,Polar
My nation,Fabaceae,14.83,Purple,Forest,Subtropical
Market condition,Orchidaceae,12.0,Orange,Wetland,Polar
Baby American,Fabaceae,4.93,Orange,Wetland,Tropical
Major mouth,Poaceae,14.11,Purple,Grassland,Mediterranean
Past alone,Asteraceae,4.5,Yellow,Tundra,Arid
Talk ability,Fabaceae,45.82,Blue,Freshwater,Subtropical
Body approach,Rosaceae,19.4,White,Urban,Polar
Far ability,Orchidaceae,8.1,Purple,Marine,Polar
Culture perform,Rosaceae,45.96,Orange,Urban,Temperate
Tough fill,Brassicaceae,8.96,Pink,Wetland,Temperate
Mean system,Poaceae,29.28,White,Forest,Temperate
Reach or,Poaceae,1.39,Purple,Desert,Subtropical
Voice until,Brassicaceae,12.53,Blue,Desert,Mediterranean
Subject each,Solanaceae,24.27,Green,Forest,Mediterranean
Chair star,Brassicaceae,28.81,Pink,Wetland,Tropical
Agency word,Solanaceae,46.94,Green,Grassland,Polar
Evening of,Solanaceae,29.78,Pink,Forest,Arid
Reflect rich,Brassicaceae,40.45,Blue,Desert,Polar
Red structure,Rosaceae,41.14,Purple,Marine,Mediterranean
Subject success,Asteraceae,12.67,Yellow,Grassland,Temperate
Anything friend,Orchidaceae,16.83,Purple,Freshwater,Tropical
Allow responsibility,Orchidaceae,19.97,Purple,Desert,Temperate
Look operation,Poaceae,7.46,Yellow,Tundra,Polar
Development here,Orchidaceae,9.98,White,Forest,Temperate
Source spring,Asteraceae,48.13,White,Urban,Polar
Watch where,Asteraceae,4.54,Orange,Grassland,Subtropical
Simply drug,Fabaceae,32.44,White,Grassland,Arid
Machine table,Fabaceae,40.89,Pink,Marine,Mediterranean
Woman director,Orchidaceae,6.26,Orange,Marine,Subtropical
Develop seven,Brassicaceae,8.65,Orange,Forest,Temperate
Recent control,Solanaceae,3.9,Pink,Freshwater,Mediterranean
Hotel media,Poaceae,11.56,Purple,Marine,Subtropical
Usually city,Poaceae,14.51,Green,Forest,Temperate
Short dinner,Poaceae,43.18,White,Forest,Polar
White top,Rosaceae,46.42,Purple,Urban,Temperate
Forget stay,Fabaceae,39.01,Purple,Desert,Mediterranean
Herself arm,Rosaceae,28.24,Orange,Wetland,Tropical
Subject leader,Brassicaceae,30.45,Green,Forest,Tropical
Drive office,Fabaceae,13.93,White,Grassland,Tropical
Score garden,Poaceae,28.9,Red,Forest,Polar
Various truth,Brassicaceae,39.46,Orange,Forest,Subtropical
Approach central,Solanaceae,13.44,Pink,Urban,Tropical
Discuss form,Fabaceae,43.68,Pink,Freshwater,Subtropical
Glass response,Asteraceae,4.91,Red,Forest,Temperate
Her century,Fabaceae,48.64,White,Marine,Polar
Agent piece,Brassicaceae,12.07,Blue,Desert,Arid
Community laugh,Asteraceae,15.83,Green,Tundra,Subtropical
Mouth police,Poaceae,33.69,Yellow,Grassland,Temperate
These might,Poaceae,35.0,Green,Urban,Tropical
Single TV,Solanaceae,9.14,Green,Wetland,Subtropical
Economic popular,Solanaceae,17.48,White,Forest,Polar
Sport best,Asteraceae,39.82,Blue,Marine,Temperate
Station wrong,Rosaceae,21.47,Pink,Forest,Arid
Economy case,Asteraceae,38.08,Yellow,Tundra,Tropical
Any suddenly,Brassicaceae,20.99,Blue,Marine,Tropical
Consider technology,Asteraceae,30.78,Orange,Marine,Tropical
Fall front,Fabaceae,32.43,Purple,Grassland,Arid
Fill present,Brassicaceae,13.32,White,Freshwater,Tropical
Design song,Asteraceae,37.38,Yellow,Marine,Subtropical
Within history,Poaceae,2.95,Green,Forest,Tropical
Within see,Poaceae,1.36,Yellow,Forest,Temperate
Fear add,Poaceae,35.77,Purple,Urban,Mediterranean
Most for,Solanaceae,28.67,Blue,Marine,Polar
Him state,Asteraceae,37.8,Red,Marine,Temperate
Down recognize,Rosaceae,9.28,Orange,Forest,Mediterranean
Human case,Solanaceae,8.9,Green,Tundra,Tropical
Respond rise,Brassicaceae,36.46,Pink,Freshwater,Tropical
Few ahead,Asteraceae,6.82,Red,Marine,Tropical
May candidate,Brassicaceae,16.17,Blue,Desert,Temperate
Series science,Solanaceae,39.67,White,Grassland,Subtropical
Door thank,Asteraceae,41.11,Yellow,Forest,Tropical
Mrs consider,Rosaceae,22.64,Orange,Freshwater,Subtropical
Score career,Orchidaceae,19.72,Purple,Tundra,Arid
Current leg,Solanaceae,7.61,White,Forest,Mediterranean
Save down,Fabaceae,10.86,Red,Desert,Polar
Rock food,Brassicaceae,24.96,Blue,Grassland,Mediterranean
Five recognize,Orchidaceae,22.48,Green,Forest,Tropical
By plan,Solanaceae,7.67,Pink,Desert,Subtropical
Beyond agency,Orchidaceae,30.68,Orange,Wetland,Arid
Total senior,Poaceae,26.64,White,Urban,Arid
Old sell,Asteraceae,19.72,Pink,Marine,Tropical
Rock individual,Asteraceae,38.74,Yellow,Freshwater,Polar
Social economy,Orchidaceae,19.57,Orange,Forest,Arid
Nothing debate,Fabaceae,11.89,Yellow,Freshwater,Subtropical
Place prevent,Brassicaceae,12.17,Yellow,Freshwater,Temperate
Risk each,Solanaceae,28.45,White,Wetland,Temperate
Apply while,Asteraceae,22.95,Red,Desert,Polar
Perform health,Brassicaceae,35.8,Yellow,Forest,Mediterranean
Bit half,Poaceae,46.82,White,Tundra,Polar
Evening physical,Asteraceae,22.4,Orange,Freshwater,Temperate
Detail common,Poaceae,9.36,Pink,Marine,Arid
Dinner minute,Brassicaceae,6.49,Blue,Tundra,Subtropical
Process discuss,Poaceae,16.2,Blue,Marine,Polar
Process drive,Poaceae,6.46,Pink,Marine,Temperate
More meet,Asteraceae,39.99,Orange,Wetland,Arid
If hour,Fabaceae,46.33,Orange,Tundra,Tropical
Important game,Rosaceae,16.1,Yellow,Desert,Arid
Society care,Orchidaceae,9.63,Orange,Forest,Subtropical
Pass system,Asteraceae,20.73,Purple,Forest,Mediterranean
Side health,Rosaceae,40.88,Red,Urban,Temperate
Significant shoulder,Asteraceae,6.72,Pink,Desert,Subtropical
Member house,Orchidaceae,40.21,Yellow,Freshwater,Polar
Opportunity shoulder,Orchidaceae,9.32,Yellow,Marine,Tropical
Detail she,Poaceae,31.15,Yellow,Marine,Mediterranean
Cost off,Rosaceae,41.25,Yellow,Urban,Subtropical
Short water,Poaceae,15.23,Pink,Grassland,Polar
Age anything,Asteraceae,2.36,White,Grassland,Temperate
Certainly seek,Rosaceae,14.2,Yellow,Grassland,Arid
Lead leave,Asteraceae,14.87,White,Marine,Arid
Detail cover,Orchidaceae,19.02,Green,Desert,Tropical
Friend old,Orchidaceae,24.91,Pink,Urban,Temperate
Great possible,Poaceae,40.57,White,Freshwater,Subtropical
Left like,Solanaceae,26.35,Purple,Urban,Tropical
Method over,Rosaceae,42.36,Purple,Grassland,Tropical
Smile into,Asteraceae,34.38,Purple,Urban,Mediterranean
Key close,Orchidaceae,7.86,White,Tundra,Temperate
By like,Poaceae,34.19,Red,Marine,Tropical
Area anyone,Poaceae,3.17,Green,Wetland,Subtropical
Million none,Rosaceae,23.23,Yellow,Desert,Arid
Bag performance,Solanaceae,23.58,Purple,Grassland,Temperate
Show protect,Rosaceae,32.98,Pink,Grassland,Subtropical
Market value,Brassicaceae,47.63,Pink,Freshwater,Tropical
Career seek,Solanaceae,35.74,Blue,Urban,Temperate
Into business,Fabaceae,8.33,Purple,Marine,Tropical
Audience would,Poaceae,27.39,Red,Marine,Subtropical
Bed start,Brassicaceae,35.19,Purple,Desert,Temperate
Brother financial,Poaceae,9.64,White,Desert,Mediterranean
Article class,Orchidaceae,29.98,Orange,Marine,Polar
Article set,Poaceae,46.93,Blue,Freshwater,Temperate
South within,Solanaceae,2.32,Orange,Marine,Temperate
Word trial,Rosaceae,12.57,Red,Desert,Arid
Effect different,Poaceae,36.22,Green,Desert,Temperate
Manage serve,Fabaceae,49.03,Yellow,Tundra,Temperate
Pretty detail,Rosaceae,2.46,Red,Tundra,Mediterranean
Page boy,Solanaceae,11.34,Orange,Urban,Temperate
Artist but,Solanaceae,34.07,Yellow,Wetland,Mediterranean
Particular environmental,Asteraceae,48.51,Red,Forest,Polar
Story price,Rosaceae,44.29,White,Grassland,Mediterranean
Story score,Rosaceae,47.56,Blue,Wetland,Temperate
Cost store,Orchidaceae,1.77,Green,Grassland,Tropical
Ask by,Fabaceae,25.22,Purple,Freshwater,Temperate
Other personal,Solanaceae,11.18,Green,Tundra,Arid
Turn full,Solanaceae,6.19,Purple,Forest,Arid
Partner however,Fabaceae,45.78,Purple,Freshwater,Arid
Miss morning,Brassicaceae,23.7,Red,Marine,Polar
Appear read,Orchidaceae,26.99,Red,Urban,Subtropical
Wrong draw,Brassicaceae,7.34,Blue,Urban,Subtropical
Manage join,Asteraceae,28.69,Orange,Freshwater,Mediterranean
Prevent color,Rosaceae,48.85,Purple,Forest,Subtropical
Marriage movement,Poaceae,35.79,White,Freshwater,Polar
Institution another,Poaceae,46.81,Orange,Grassland,Temperate
Case skin,Poaceae,21.06,Yellow,Grassland,Arid
Field increase,Orchidaceae,32.95,Green,Urban,Tropical
Soldier sit,Fabaceae,23.9,Blue,Tundra,Tropical
Which there,Solanaceae,13.28,Pink,Freshwater,Tropical
Nearly voice,Poaceae,33.51,Pink,Wetland,Mediterranean
Style leave,Asteraceae,48.69,Purple,Marine,Tropical
Against team,Fabaceae,34.28,Purple,Tundra,Subtropical
Your occur,Rosaceae,37.24,White,Wetland,Subtropical
Increase develop,Brassicaceae,49.44,Yellow,Urban,Arid
Light charge,Rosaceae,1.6,White,Tundra,Temperate
Explain base,Fabaceae,49.6,Yellow,Forest,Subtropical
Far hard,Rosaceae,5.7,Blue,Marine,Tropical
Both whole,Brassicaceae,43.68,Blue,Marine,Arid
Down entire,Solanaceae,22.79,Yellow,Desert,Subtropical
Tax couple,Orchidaceae,24.86,Pink,Wetland,Temperate
Since measure,Brassicaceae,37.92,White,Freshwater,Arid
My all,Rosaceae,12.63,Blue,Marine,Tropical
Visit baby,Brassicaceae,45.85,White,Urban,Subtropical
Against site,Solanaceae,21.78,Orange,Grassland,Temperate
Threat pretty,Poaceae,16.35,Red,Freshwater,Tropical
Rest onto,Orchidaceae,13.97,Red,Desert,Polar
Attention trade,Solanaceae,10.84,Orange,Marine,Polar
Spend teach,Orchidaceae,40.04,Orange,Urban,Arid
Walk how,Solanaceae,42.32,Green,Wetland,Temperate
Traditional similar,Orchidaceae,24.36,White,Forest,Polar
Paper operation,Fabaceae,28.64,Pink,Grassland,Polar
Culture project,Solanaceae,17.77,White,Marine,Temperate
Himself sea,Solanaceae,39.07,White,Tundra,Mediterranean
Tree stuff,Rosaceae,16.48,Green,Grassland,Tropical
Evening watch,Asteraceae,44.43,Pink,Urban,Mediterranean
Enough tree,Orchidaceae,13.26,Yellow,Grassland,Subtropical
Offer argue,Fabaceae,7.21,Yellow,Freshwater,Arid
Local computer,Orchidaceae,39.15,Red,Wetland,Mediterranean
Participant sport,Solanaceae,27.73,Yellow,Grassland,Temperate
Seek member,Poaceae,37.03,Pink,Wetland,Mediterranean
Security bed,Poaceae,49.45,Pink,Grassland,Arid
Figure help,Rosaceae,25.52,Pink,Tundra,Arid
Member wall,Rosaceae,18.03,Pink,Grassland,Subtropical
Prevent bill,Asteraceae,3.35,White,Marine,Tropical
Join low,Brassicaceae,13.18,Pink,Forest,Arid
Develop before,Fabaceae,15.73,Purple,Freshwater,Arid
Still nature,Solanaceae,44.53,Red,Tundra,Arid
If toward,Brassicaceae,13.99,Red,Wetland,Polar
Treatment debate,Asteraceae,24.07,Yellow,Freshwater,Arid
Understand society,Orchidaceae,2.44,Red,Wetland,Tropical
Feeling total,Orchidaceae,17.93,Pink,Urban,Temperate
Range save,Fabaceae,44.93,White,Marine,Subtropical
South quality,Poaceae,44.12,Purple,Urban,Temperate
Detail personal,Brassicaceae,2.15,Red,Urban,Tropical
Beat fight,Poaceae,33.3,White,Marine,Mediterranean
Citizen whose,Orchidaceae,5.69,Blue,Wetland,Subtropical
Return cup,Fabaceae,49.28,Yellow,Desert,Subtropical
Question college,Solanaceae,40.88,Red,Wetland,Polar
Once something,Asteraceae,7.24,Red,Tundra,Polar
Step oil,Brassicaceae,16.52,Blue,Urban,Tropical
Discover understand,Asteraceae,30.88,Blue,Grassland,Polar
Sort prepare,Brassicaceae,40.54,Blue,Forest,Tropical
Check sure,Asteraceae,1.61,White,Desert,Subtropical
Likely one,Solanaceae,17.64,Pink,Grassland,Polar
Avoid morning,Brassicaceae,11.2,Pink,Freshwater,Temperate
Behind who,Asteraceae,26.97,Blue,Desert,Mediterranean
Education eight,Asteraceae,44.78,Pink,Desert,Temperate
Mention natural,Orchidaceae,44.85,Yellow,Marine,Polar
Pick break,Rosaceae,6.91,Yellow,Wetland,Temperate
Air make,Orchidaceae,16.8,Blue,Forest,Polar
Process next,Solanaceae,27.76,Red,Forest,Temperate
Change clearly,Asteraceae,4.95,Blue,Marine,Temperate
Chair under,Asteraceae,18.0,Red,Urban,Tropical
With note,Orchidaceae,12.78,Purple,Tundra,Mediterranean
Surface fish,Rosaceae,15.83,Yellow,Wetland,Temperate
Image marriage,Poaceae,29.21,Pink,Urban,Arid
Write eat,Orchidaceae,5.96,Green,Urban,Tropical
Information range,Rosaceae,12.54,Red,Urban,Subtropical
Of speech,Solanaceae,6.0,Pink,Marine,Polar
Rise station,Orchidaceae,1.47,Green,Freshwater,Arid
Up rise,Asteraceae,49.18,Blue,Marine,Subtropical
Through without,Asteraceae,39.21,Orange,Urban,Subtropical
Third well,Orchidaceae,11.14,Purple,Freshwater,Mediterranean
Want message,Asteraceae,19.49,Orange,Desert,Tropical
Per ten,Fabaceae,7.33,Pink,Freshwater,Arid
Trip drive,Orchidaceae,4.4,Purple,Desert,Arid
Again provide,Orchidaceae,13.8,Blue,Freshwater,Arid
Concern sense,Brassicaceae,32.03,Red,Freshwater,Temperate
Step forget,Asteraceae,49.3,Green,Desert,Subtropical
Quite positive,Asteraceae,9.34,Orange,Urban,Tropical
Itself true,Orchidaceae,17.47,Orange,Urban,Arid
Security respond,Orchidaceae,39.43,White,Tundra,Mediterranean
Major wait,Fabaceae,16.22,Pink,Tundra,Temperate
Worry answer,Asteraceae,46.93,Orange,Desert,Arid
Mind visit,Poaceae,8.26,Green,Grassland,Tropical
Free federal,Rosaceae,14.7,Purple,Urban,Mediterranean
Deal enter,Orchidaceae,22.9,Red,Forest,Subtropical
Whatever simple,Poaceae,27.19,White,Urban,Tropical
Already Democrat,Fabaceae,25.69,Red,Marine,Mediterranean
That Democrat,Asteraceae,2.41,Orange,Freshwater,Mediterranean
South rock,Brassicaceae,46.51,Yellow,Freshwater,Polar
Assume mouth,Orchidaceae,19.78,Red,Freshwater,Polar
Avoid participant,Fabaceae,10.36,Yellow,Grassland,Tropical
Race production,Poaceae,6.67,Red,Tundra,Subtropical
Small management,Fabaceae,32.23,Blue,Urban,Arid
Cold threat,Solanaceae,29.77,Orange,Forest,Polar
Choose baby,Rosaceae,40.63,Blue,Grassland,Tropical
Physical in,Brassicaceae,10.67,Green,Grassland,Mediterranean
Work look,Orchidaceae,21.53,Orange,Forest,Arid
Early few,Asteraceae,8.3,Purple,Urban,Subtropical
Send dog,Orchidaceae,10.12,Orange,Tundra,Tropical
Son away,Orchidaceae,10.5,Pink,Desert,Mediterranean
Cause before,Poaceae,5.69,Blue,Urban,Subtropical
Realize gas,Solanaceae,38.39,Red,Forest,Mediterranean
Prevent TV,Rosaceae,3.39,Pink,Tundra,Temperate
When half,Solanaceae,31.51,Red,Desert,Tropical
Since recent,Poaceae,44.0,Purple,Marine,Polar
Hand cost,Orchidaceae,17.51,Orange,Freshwater,Subtropical
Three candidate,Brassicaceae,8.01,Yellow,Forest,Arid
Enough walk,Brassicaceae,11.65,Red,Grassland,Mediterranean
Here explain,Brassicaceae,11.72,Green,Marine,Polar
Effect middle,Solanaceae,4.96,Pink,Forest,Mediterranean
Course way,Asteraceae,7.32,Red,Grassland,Mediterranean
Represent quality,Solanaceae,2.14,Red,Wetland,Polar
Matter participant,Orchidaceae,12.07,Orange,Desert,Tropical
Development image,Rosaceae,49.92,White,Freshwater,Temperate
Next focus,Orchidaceae,18.04,Yellow,Wetland,Mediterranean
Between note,Orchidaceae,32.66,Green,Forest,Polar
Really party,Fabaceae,26.74,Orange,Wetland,Temperate
Feeling challenge,Orchidaceae,13.81,Yellow,Wetland,Arid
Phone deal,Brassicaceae,36.11,Blue,Marine,Tropical
Last him,Brassicaceae,6.41,Pink,Marine,Polar
Officer discussion,Brassicaceae,8.3,White,Wetland,Subtropical
Hospital however,Brassicaceae,46.81,Red,Forest,Temperate
Movement citizen,Rosaceae,12.47,Purple,Wetland,Temperate
Major not,Rosaceae,20.17,Yellow,Tundra,Arid
View someone,Fabaceae,11.75,Blue,Freshwater,Subtropical
West help,Solanaceae,35.48,Red,Urban,Polar
Responsibility name,Brassicaceae,10.19,Purple,Forest,Mediterranean
Already hundred,Rosaceae,36.24,White,Freshwater,Arid
Rate certainly,Brassicaceae,3.58,Blue,Freshwater,Tropical
Agreement operation,Solanaceae,15.91,Red,Freshwater,Tropical
Four thought,Poaceae,35.45,Pink,Freshwater,Subtropical
Hit door,Orchidaceae,7.37,White,Freshwater,Subtropical
Coach well,Fabaceae,13.03,Green,Forest,Mediterranean
Play we,Rosaceae,2.27,Yellow,Wetland,Temperate
Surface garden,Fabaceae,46.01,White,Forest,Mediterranean
Hand able,Fabaceae,17.82,Green,Wetland,Mediterranean
Theory option,Brassicaceae,15.46,Blue,Grassland,Arid
Unit challenge,Fabaceae,49.84,White,Forest,Polar
Fund experience,Fabaceae,33.86,Orange,Marine,Mediterranean
Many difference,Asteraceae,8.82,Orange,Tundra,Temperate
Too of,Solanaceae,19.36,Blue,Grassland,Subtropical
Movement some,Asteraceae,32.77,Blue,Grassland,Mediterranean
Television good,Rosaceae,25.43,Pink,Freshwater,Polar
Garden look,Rosaceae,23.52,Red,Desert,Arid
Night opportunity,Brassicaceae,3.22,White,Wetland,Arid
Quite four,Rosaceae,20.08,Orange,Grassland,Polar
Third line,Fabaceae,17.68,Yellow,Urban,Temperate
Operation offer,Rosaceae,25.7,Green,Tundra,Arid
Model do,Orchidaceae,38.71,Green,Desert,Tropical
Sometimes beat,Rosaceae,13.58,Blue,Urban,Mediterranean
Entire remain,Asteraceae,34.58,Purple,Marine,Mediterranean
I style,Solanaceae,31.7,Green,Forest,Tropical
Size media,Brassicaceae,1.89,Red,Urban,Tropical
Population century,Brassicaceae,3.6,Blue,Desert,Temperate
Social mission,Asteraceae,33.52,Purple,Marine,Temperate
Real type,Poaceae,42.9,Blue,Marine,Arid
Common officer,Solanaceae,3.21,Orange,Wetland,Mediterranean
Director water,Solanaceae,33.41,Blue,Tundra,Polar
Impact run,Orchidaceae,30.2,Blue,Urban,Mediterranean
Accept record,Brassicaceae,39.7,Orange,Grassland,Mediterranean
Forward skill,Fabaceae,1.71,Yellow,Desert,Tropical
Worry most,Fabaceae,44.93,Blue,Desert,Temperate
Side across,Solanaceae,39.64,Red,Freshwater,Arid
Father social,Orchidaceae,45.75,Yellow,Forest,Polar
College candidate,Poaceae,11.9,Green,Wetland,Arid
Start always,Orchidaceae,35.31,Red,Desert,Subtropical
Movement set,Poaceae,49.57,Red,Desert,Subtropical
Early daughter,Fabaceae,49.88,Red,Tundra,Polar
Field former,Rosaceae,28.09,Blue,Freshwater,Tropical
Purpose give,Orchidaceae,47.16,Yellow,Tundra,Mediterranean
Door front,Rosaceae,20.37,Pink,Urban,Mediterranean
Mind fill,Solanaceae,17.7,Green,Wetland,Tropical
Interest before,Rosaceae,47.67,Yellow,Grassland,Tropical
Career woman,Solanaceae,45.84,Purple,Desert,Mediterranean
Prevent north,Fabaceae,47.75,Red,Freshwater,Polar
Establish final,Fabaceae,15.17,Blue,Wetland,Tropical
Young break,Asteraceae,10.69,Purple,Forest,Tropical
White pull,Solanaceae,22.35,Red,Desert,Polar
Church learn,Solanaceae,11.54,Orange,Urban,Arid
Now hit,Solanaceae,20.25,White,Tundra,Tropical
Leg young,Rosaceae,31.38,Yellow,Marine,Temperate
Officer hair,Rosaceae,28.43,Red,Forest,Polar
Fly process,Poaceae,6.65,White,Grassland,Arid
Prepare high,Orchidaceae,44.75,Blue,Desert,Arid
Miss fill,Orchidaceae,32.92,Green,Desert,Arid
Choose hair,Fabaceae,36.96,Orange,Urban,Polar
Eight customer,Asteraceae,16.91,Pink,Grassland,Arid
Tv allow,Rosaceae,19.52,Yellow,Forest,Polar
Student discussion,Rosaceae,28.52,Purple,Urban,Arid
Job whose,Orchidaceae,23.83,Red,Grassland,Mediterranean
Wonder church,Fabaceae,22.25,Blue,Desert,Arid
Different resource,Asteraceae,21.4,Green,Grassland,Arid
Home answer,Poaceae,2.98,Yellow,Freshwater,Temperate
Guess recently,Fabaceae,20.16,White,Forest,Temperate
Democratic but,Rosaceae,1.1,Red,Desert,Temperate
Black ready,Asteraceae,19.48,Purple,Forest,Arid
Increase pick,Orchidaceae,40.24,Purple,Wetland,Tropical
Fight morning,Rosaceae,20.47,Yellow,Freshwater,Tropical
Sound teacher,Fabaceae,27.95,White,Urban,Temperate
Such night,Poaceae,26.1,Yellow,Desert,Mediterranean
Tv dinner,Rosaceae,46.81,Blue,Forest,Arid
Either college,Orchidaceae,8.77,Blue,Desert,Polar
Myself yard,Asteraceae,35.09,White,Forest,Temperate
Could financial,Orchidaceae,37.68,Blue,Marine,Subtropical
Detail letter,Fabaceae,42.43,Yellow,Marine,Arid
They me,Rosaceae,6.75,Pink,Wetland,Subtropical
But day,Brassicaceae,19.69,Blue,Urban,Subtropical
Easy small,Fabaceae,20.91,Blue,Freshwater,Subtropical
Organization lay,Orchidaceae,34.57,White,Tundra,Subtropical
Situation statement,Poaceae,16.17,Pink,Tundra,Polar
Relate minute,Brassicaceae,25.82,Red,Freshwater,Mediterranean
Kind reality,Brassicaceae,23.75,Blue,Desert,Subtropical
Another even,Asteraceae,39.16,Yellow,Marine,Subtropical
Only still,Solanaceae,36.65,Blue,Urban,Arid
Wind still,Rosaceae,6.91,White,Tundra,Subtropical
Place join,Rosaceae,13.27,White,Marine,Arid
Five focus,Fabaceae,24.22,White,Freshwater,Temperate
Much deal,Rosaceae,9.37,Orange,Desert,Subtropical
Far than,Orchidaceae,19.72,Yellow,Marine,Arid
Region test,Asteraceae,29.76,White,Tundra,Tropical
Security shoulder,Orchidaceae,10.8,Pink,Wetland,Arid
Poor building,Rosaceae,29.47,Green,Tundra,Polar
Official almost,Solanaceae,31.18,White,Freshwater,Arid
Could behavior,Asteraceae,8.89,Green,Marine,Arid
Property space,Fabaceae,32.04,Orange,Tundra,Tropical
Single ask,Orchidaceae,46.64,Yellow,Wetland,Arid
Measure item,Solanaceae,34.18,Green,Freshwater,Mediterranean
Effort save,Poaceae,27.62,White,Forest,Tropical
Together you,Asteraceae,25.48,Red,Urban,Temperate
Bring national,Orchidaceae,28.58,Blue,Tundra,Subtropical
Also age,Poaceae,13.88,Red,Desert,Tropical
Single only,Brassicaceae,22.9,Red,Urban,Arid
Media worker,Rosaceae,41.54,Purple,Forest,Arid
Policy vote,Rosaceae,13.93,Orange,Wetland,Arid
Activity consumer,Brassicaceae,40.29,Yellow,Forest,Polar
Pass story,Fabaceae,41.49,Purple,Grassland,Arid
Decade individual,Solanaceae,2.74,Orange,Grassland,Subtropical
Entire ago,Fabaceae,41.42,Blue,Wetland,Subtropical
Blue car,Fabaceae,7.11,Red,Wetland,Mediterranean
City sure,Brassicaceae,7.23,White,Freshwater,Temperate
Response color,Fabaceae,15.74,Blue,Wetland,Tropical
Draw themselves,Poaceae,49.39,Red,Tundra,Polar
Heart Republican,Asteraceae,44.57,Green,Desert,Tropical
Contain another,Poaceae,1.24,Green,Marine,Polar
Before yes,Orchidaceae,22.65,White,Marine,Subtropical
Leader receive,Poaceae,4.8,Purple,Forest,Temperate
Low think,Fabaceae,22.45,Red,Forest,Arid
Particular mother,Brassicaceae,36.46,Pink,Freshwater,Arid
Ok house,Solanaceae,10.72,Pink,Desert,Subtropical
Sign we,Solanaceae,13.52,Pink,Desert,Arid
Just improve,Brassicaceae,27.26,Orange,Tundra,Tropical
Fund thousand,Brassicaceae,21.81,Pink,Freshwater,Mediterranean
Him million,Brassicaceae,13.96,Yellow,Desert,Polar
Artist impact,Brassicaceae,5.97,Green,Marine,Mediterranean
Give book,Orchidaceae,41.58,Orange,Wetland,Polar
Deep others,Orchidaceae,34.83,Orange,Wetland,Mediterranean
Often list,Solanaceae,42.95,Pink,Forest,Subtropical
Though prove,Orchidaceae,1.42,Blue,Freshwater,Mediterranean
Blue data,Fabaceae,35.29,White,Freshwater,Mediterranean
Glass however,Fabaceae,4.84,Blue,Forest,Polar
Detail career,Rosaceae,37.14,Red,Freshwater,Arid
Worker performance,Orchidaceae,47.72,Red,Marine,Temperate
Card rule,Rosaceae,1.63,Yellow,Freshwater,Mediterranean
Big against,Fabaceae,27.38,White,Grassland,Subtropical
Save policy,Asteraceae,24.72,Green,Desert,Tropical
Section usually,Rosaceae,11.11,White,Desert,Tropical
Me local,Orchidaceae,18.97,Pink,Marine,Subtropical
Letter concern,Asteraceae,39.0,Blue,Forest,Polar
Administration policy,Solanaceae,15.93,Green,Tundra,Arid
Point summer,Poaceae,5.05,Green,Marine,Polar
Low two,Solanaceae,3.37,Red,Tundra,Mediterranean
Television if,Rosaceae,45.49,Pink,Urban,Polar
Level pressure,Fabaceae,4.2,White,Urban,Subtropical
Law better,Fabaceae,23.42,Red,Desert,Arid
Probably list,Brassicaceae,43.29,Red,Wetland,Polar
Shoulder citizen,Asteraceae,23.78,Green,Urban,Subtropical
Consider accept,Fabaceae,26.16,Pink,Tundra,Polar
Similar individual,Poaceae,36.63,Yellow,Desert,Temperate
Central professional,Rosaceae,44.32,Blue,Marine,Subtropical
Bill unit,Solanaceae,19.3,Yellow,Desert,Mediterranean
Bar cut,Poaceae,5.67,Orange,Tundra,Polar
Site worry,Solanaceae,46.06,Purple,Freshwater,Temperate
Provide blue,Orchidaceae,17.34,Pink,Grassland,Temperate
Make go,Poaceae,44.38,White,Marine,Tropical
Box woman,Orchidaceae,42.9,Orange,Urban,Mediterranean
Church age,Fabaceae,34.34,White,Urban,Mediterranean
Party should,Orchidaceae,22.16,Blue,Desert,Arid
Mean college,Solanaceae,30.74,Yellow,Grassland,Polar
Sea spend,Brassicaceae,18.17,Purple,Forest,Subtropical
Person add,Orchidaceae,32.07,Pink,Urban,Mediterranean
Nor buy,Orchidaceae,21.6,Yellow,Desert,Temperate
Republican majority,Rosaceae,33.76,Purple,Desert,Subtropical
Anyone choose,Solanaceae,10.8,Yellow,Forest,Temperate
Win dog,Poaceae,8.35,Pink,Urban,Arid
More member,Rosaceae,49.29,Pink,Desert,Temperate
Look father,Orchidaceae,41.5,White,Urban,Tropical
Scientist strategy,Fabaceae,14.79,Purple,Wetland,Temperate
Create no,Brassicaceae,12.82,White,Wetland,Arid
Sell do,Brassicaceae,6.9,Purple,Urban,Polar
Perform school,Solanaceae,3.35,Pink,Desert,Mediterranean
Bag stock,Poaceae,23.13,Yellow,Marine,Tropical
Try also,Solanaceae,35.83,Pink,Urban,Arid
Moment third,Fabaceae,40.13,Orange,Desert,Polar
Buy its,Poaceae,43.93,Pink,Tundra,Subtropical
Oil commercial,Asteraceae,49.58,Yellow,Freshwater,Mediterranean
Much son,Rosaceae,14.18,Purple,Freshwater,Subtropical
Camera measure,Fabaceae,31.21,Red,Grassland,Tropical
Last policy,Orchidaceae,39.41,Pink,Freshwater,Subtropical
Determine check,Asteraceae,49.68,White,Freshwater,Arid
Sure conference,Orchidaceae,41.61,Pink,Forest,Temperate
Range strategy,Asteraceae,9.93,Purple,Tundra,Mediterranean
Speech follow,Poaceae,2.25,Red,Wetland,Mediterranean
International action,Solanaceae,3.57,Blue,Marine,Temperate
Black join,Poaceae,8.09,Yellow,Grassland,Tropical
Fire audience,Orchidaceae,5.86,Blue,Tundra,Polar
Person fear,Rosaceae,35.31,Orange,Urban,Mediterranean
Pull group,Fabaceae,26.26,Red,Marine,Tropical
Wide chance,Asteraceae,32.93,Blue,Forest,Arid
Better three,Brassicaceae,8.39,Orange,Desert,Tropical
Business party,Poaceae,5.57,Purple,Grassland,Tropical
Report author,Poaceae,38.39,Green,Desert,Tropical
No thus,Orchidaceae,1.79,Red,Grassland,Temperate
Car kitchen,Solanaceae,40.64,Purple,Desert,Subtropical
Look standard,Solanaceae,1.71,Blue,Tundra,Polar
Account eye,Brassicaceae,42.49,Pink,Urban,Temperate
Foreign part,Asteraceae,6.89,White,Freshwater,Temperate
Language understand,Poaceae,44.48,Blue,Marine,Arid
Young network,Rosaceae,44.01,Yellow,Tundra,Temperate
Public itself,Orchidaceae,37.32,Purple,Wetland,Polar
Here music,Orchidaceae,2.37,Blue,Grassland,Polar
Picture indicate,Fabaceae,44.87,Orange,Forest,Arid
Door sport,Fabaceae,4.15,Orange,Forest,Tropical
Determine air,Poaceae,12.96,Yellow,Forest,Temperate
Research end,Asteraceae,1.41,Blue,Marine,Arid
Foot hope,Solanaceae,31.46,Yellow,Urban,Mediterranean
Part research,Asteraceae,23.51,Orange,Freshwater,Tropical
Possible service,Asteraceae,42.3,Green,Grassland,Tropical
Bed need,Solanaceae,15.72,Blue,Freshwater,Tropical
Specific political,Brassicaceae,24.8,Purple,Forest,Arid
West stand,Brassicaceae,18.07,Purple,Tundra,Mediterranean
We today,Orchidaceae,14.16,Pink,Tundra,Subtropical
Phone fill,Asteraceae,9.66,Yellow,Grassland,Tropical
Arm ever,Asteraceae,35.79,Purple,Marine,Tropical
Image trip,Fabaceae,31.31,Yellow,Marine,Tropical
Age four,Poaceae,49.51,White,Grassland,Subtropical
Single hit,Rosaceae,11.94,White,Marine,Subtropical
Structure real,Poaceae,25.76,Red,Forest,Subtropical
Top result,Brassicaceae,23.68,Green,Freshwater,Tropical
Themselves too,Fabaceae,30.33,Blue,Urban,Polar
Coach church,Brassicaceae,24.65,Purple,Forest,Subtropical
Let effect,Brassicaceae,35.85,Purple,Marine,Temperate
For seat,Solanaceae,37.18,Pink,Wetland,Temperate
Strong you,Orchidaceae,49.81,Orange,Forest,Mediterranean
Remain rock,Asteraceae,2.28,Red,Desert,Polar
Effort democratic,Asteraceae,26.18,Red,Desert,Polar
Question natural,Brassicaceae,3.02,Blue,Urban,Tropical
Two remember,Rosaceae,31.02,Red,Grassland,Mediterranean
Of large,Orchidaceae,16.57,Green,Urban,Subtropical
She ready,Solanaceae,24.65,Purple,Urban,Polar
Produce top,Rosaceae,2.98,Red,Wetland,Temperate
Event see,Asteraceae,16.92,Orange,Wetland,Mediterranean
Within bed,Poaceae,37.54,Blue,Forest,Temperate
Direction summer,Brassicaceae,43.19,Orange,Forest,Temperate
Cover safe,Solanaceae,12.51,Orange,Freshwater,Arid
Recognize ball,Fabaceae,47.03,Purple,Marine,Temperate
Training bill,Fabaceae,19.0,Yellow,Urban,Polar
Whom partner,Brassicaceae,39.61,Green,Tundra,Subtropical
Sing fall,Orchidaceae,36.66,Red,Urban,Mediterranean
Opportunity executive,Brassicaceae,32.69,Purple,Forest,Arid
Sell environmental,Rosaceae,36.8,Red,Freshwater,Mediterranean
Knowledge role,Solanaceae,37.55,Pink,Tundra,Polar
Themselves ten,Solanaceae,49.13,Pink,Forest,Tropical
Number grow,Poaceae,1.57,Green,Wetland,Arid
Decide reason,Asteraceae,47.11,Blue,Desert,Arid
Special unit,Orchidaceae,16.64,Purple,Forest,Subtropical
Suggest someone,Poaceae,22.23,Orange,Forest,Arid
East site,Solanaceae,38.73,White,Grassland,Polar
Discover want,Orchidaceae,36.47,Green,Desert,Mediterranean
Relationship sign,Fabaceae,49.12,Orange,Grassland,Subtropical
Item evening,Orchidaceae,24.36,Purple,Marine,Temperate
Husband usually,Orchidaceae,43.42,Green,Marine,Subtropical
Door century,Rosaceae,1.05,Red,Tundra,Polar
Upon reality,Orchidaceae,4.63,Red,Desert,Tropical
Country magazine,Fabaceae,38.56,Green,Urban,Arid
Clearly executive,Brassicaceae,11.16,Yellow,Tundra,Subtropical
Consumer exist,Rosaceae,5.11,Yellow,Tundra,Subtropical
City at,Asteraceae,29.18,Orange,Forest,Mediterranean
Travel weight,Poaceae,40.57,Orange,Urban,Temperate
According event,Fabaceae,28.29,Yellow,Grassland,Polar
Above character,Asteraceae,13.97,Green,Desert,Polar
Who meeting,Brassicaceae,6.49,Pink,Wetland,Mediterranean
Example until,Poaceae,29.78,Pink,Urban,Tropical
The nice,Asteraceae,11.76,Purple,Forest,Temperate
Need wish,Solanaceae,41.19,Purple,Desert,Arid
Nice must,Orchidaceae,11.66,Red,Urban,Subtropical
Suddenly staff,Solanaceae,46.44,Orange,Tundra,Polar
Career sell,Brassicaceae,21.92,Orange,Grassland,Temperate
He travel,Rosaceae,26.09,Orange,Marine,Arid
Treat office,Solanaceae,47.72,Red,Urban,Temperate
Issue sell,Fabaceae,44.35,Pink,Urban,Arid
Serve discussion,Rosaceae,5.69,Red,Marine,Arid
Weight indeed,Poaceae,3.64,Orange,Freshwater,Polar
Close when,Poaceae,19.09,Yellow,Grassland,Arid
Research avoid,Poaceae,22.35,Orange,Marine,Tropical
Language election,Solanaceae,2.36,Purple,Grassland,Subtropical
Nature home,Asteraceae,42.82,Pink,Tundra,Tropical
Perform miss,Solanaceae,37.47,Purple,Wetland,Polar
Camera day,Brassicaceae,12.07,Green,Freshwater,Temperate
Guess hospital,Asteraceae,1.21,Yellow,Freshwater,Mediterranean
Particularly ability,Asteraceae,26.86,Pink,Tundra,Mediterranean
Together impact,Rosaceae,37.65,White,Freshwater,Arid
Expert range,Poaceae,45.46,Yellow,Freshwater,Subtropical
Report parent,Solanaceae,32.05,Orange,Marine,Temperate
Sea nothing,Fabaceae,20.34,Yellow,Urban,Tropical
Notice occur,Solanaceae,14.19,White,Urban,Tropical
They series,Fabaceae,3.09,Purple,Marine,Tropical
Turn almost,Fabaceae,5.17,Orange,Wetland,Polar
Dark energy,Orchidaceae,5.9,Purple,Grassland,Subtropical
Operation center,Brassicaceae,40.19,Pink,Wetland,Subtropical
Adult attention,Brassicaceae,19.6,Orange,Grassland,Tropical
Late ground,Solanaceae,7.3,Purple,Desert,Temperate
Image only,Orchidaceae,16.45,Green,Urban,Tropical
Administration here,Solanaceae,38.44,Green,Tundra,Polar
Movie boy,Rosaceae,22.03,Yellow,Grassland,Arid
Local do,Brassicaceae,5.7,Pink,Urban,Subtropical
Dark big,Brassicaceae,15.67,Yellow,Marine,Polar
Citizen concern,Poaceae,49.86,Purple,Desert,Arid
Single inside,Poaceae,5.83,Yellow,Urban,Mediterranean
Be themselves,Solanaceae,16.6,Orange,Marine,Temperate
Study last,Solanaceae,33.75,White,Urban,Temperate
Attack commercial,Asteraceae,49.32,Red,Urban,Polar
Campaign miss,Solanaceae,30.47,Green,Grassland,Temperate
Quality attention,Solanaceae,48.0,Orange,Tundra,Mediterranean
My institution,Fabaceae,21.17,Blue,Freshwater,Arid
Court lawyer,Poaceae,48.15,White,Grassland,Temperate
Body near,Brassicaceae,17.05,Pink,Grassland,Tropical
Source into,Fabaceae,15.02,Blue,Forest,Polar
During organization,Orchidaceae,44.16,Yellow,Freshwater,Tropical
Whose style,Asteraceae,5.65,Orange,Grassland,Mediterranean
Watch half,Rosaceae,20.74,Red,Tundra,Temperate
Reflect before,Brassicaceae,13.36,Green,Urban,Subtropical
Relate none,Rosaceae,14.03,White,Urban,Tropical
Low poor,Orchidaceae,30.14,Green,Forest,Polar
Second blood,Fabaceae,1.71,Yellow,Marine,Temperate
Last adult,Fabaceae,14.73,White,Grassland,Arid
Brother country,Brassicaceae,37.74,Green,Tundra,Temperate
Pick exactly,Solanaceae,24.83,Orange,Grassland,Polar
Prevent thank,Brassicaceae,47.17,Orange,Freshwater,Polar
Owner itself,Asteraceae,9.17,Pink,Urban,Tropical
Usually nothing,Asteraceae,3.1,White,Urban,Arid
People hear,Brassicaceae,28.71,White,Tundra,Polar
Contain dream,Asteraceae,3.68,Red,Forest,Mediterranean
Help serve,Brassicaceae,26.12,Pink,Urban,Temperate
Answer test,Asteraceae,39.9,Blue,Wetland,Arid
Organization high,Solanaceae,1.59,Red,Freshwater,Tropical
President work,Orchidaceae,16.41,Red,Wetland,Arid
Television quite,Poaceae,3.61,Pink,Urban,Temperate
Skill fine,Poaceae,13.69,Orange,Freshwater,Subtropical
Size scene,Orchidaceae,29.69,Red,Marine,Temperate
Area establish,Solanaceae,49.45,Orange,Grassland,Subtropical
Participant eye,Asteraceae,4.54,Blue,Urban,Tropical
Wind space,Orchidaceae,26.07,White,Forest,Mediterranean
Level worker,Orchidaceae,1.73,Purple,Tundra,Arid
Color and,Asteraceae,8.88,Purple,Grassland,Subtropical
While purpose,Orchidaceae,7.35,Red,Urban,Temperate
Trouble down,Rosaceae,9.49,Yellow,Forest,Mediterranean
Decade million,Asteraceae,5.83,Yellow,Marine,Tropical
Forget power,Brassicaceae,9.77,Pink,Freshwater,Arid
Woman dog,Orchidaceae,25.84,Purple,Urban,Mediterranean
Week yeah,Solanaceae,8.07,Red,Urban,Mediterranean
Executive ten,Solanaceae,16.38,Orange,Forest,Polar
Tough even,Poaceae,12.99,Orange,Desert,Polar
Suggest tonight,Solanaceae,3.37,Yellow,Marine,Tropical
Contain outside,Solanaceae,49.23,Orange,Desert,Arid
Here lot,Solanaceae,43.93,Orange,Forest,Tropical
Southern likely,Fabaceae,18.74,Orange,Forest,Subtropical
Former far,Poaceae,11.19,White,Desert,Tropical
Billion new,Poaceae,46.62,Yellow,Urban,Tropical
Claim others,Rosaceae,41.74,Blue,Freshwater,Subtropical
List ball,Orchidaceae,2.0,Yellow,Tundra,Tropical
Civil bit,Orchidaceae,34.08,Orange,Wetland,Mediterranean
Option figure,Poaceae,25.42,Pink,Tundra,Subtropical
Piece voice,Brassicaceae,44.51,Orange,Marine,Subtropical
Visit food,Poaceae,23.47,Yellow,Forest,Temperate
Item court,Solanaceae,5.44,Orange,Forest,Tropical
Tree possible,Brassicaceae,16.34,Blue,Wetland,Polar
Bar voice,Poaceae,40.62,Yellow,Desert,Polar
Final fine,Asteraceae,34.64,Orange,Forest,Tropical
Human policy,Fabaceae,45.91,Pink,Freshwater,Tropical
Day good,Poaceae,13.38,Purple,Freshwater,Arid
Upon state,Solanaceae,34.65,Pink,Urban,Polar
Professor recent,Rosaceae,12.58,Purple,Desert,Temperate
Former stock,Rosaceae,36.79,Blue,Wetland,Arid
Central wind,Rosaceae,24.75,Orange,Desert,Subtropical
House carry,Rosaceae,37.91,Blue,Urban,Subtropical
Person state,Asteraceae,28.0,Orange,Desert,Subtropical
Modern hard,Orchidaceae,12.34,Yellow,Grassland,Arid
Firm appear,Orchidaceae,39.64,Purple,Desert,Tropical
Middle drive,Fabaceae,16.86,Blue,Freshwater,Subtropical
Hear yet,Fabaceae,1.43,Red,Marine,Polar
Often less,Solanaceae,28.93,Purple,Forest,Polar
Really middle,Solanaceae,19.49,Purple,Wetland,Mediterranean
Beyond sense,Rosaceae,27.94,Purple,Tundra,Temperate
Central occur,Orchidaceae,30.67,Yellow,Tundra,Polar
Any those,Rosaceae,14.77,Blue,Desert,Temperate
Rule notice,Rosaceae,33.82,Purple,Desert,Arid
Way like,Orchidaceae,24.37,Red,Wetland,Mediterranean
Against know,Solanaceae,2.59,Pink,Urban,Arid
Majority commercial,Orchidaceae,47.97,Blue,Marine,Polar
Phone suddenly,Orchidaceae,15.76,Red,Urban,Mediterranean
Season strong,Fabaceae,8.91,Purple,Grassland,Temperate
Build like,Rosaceae,24.29,Purple,Wetland,Subtropical
Fund create,Poaceae,16.51,Purple,Grassland,Temperate
Reason phone,Poaceae,45.47,White,Freshwater,Mediterranean
Agreement think,Poaceae,10.95,Yellow,Forest,Arid
Nearly after,Solanaceae,1.13,Orange,Wetland,Polar
Oil to,Solanaceae,13.14,Blue,Grassland,Tropical
Tonight something,Poaceae,14.78,White,Tundra,Polar
Key happy,Fabaceae,33.39,White,Tundra,Arid
Institution think,Poaceae,19.81,Orange,Freshwater,Arid
Material anything,Solanaceae,5.48,Green,Wetland,Tropical
Story marriage,Solanaceae,33.15,Purple,Wetland,Arid
Development involve,Brassicaceae,33.33,Pink,Marine,Subtropical
Possible far,Brassicaceae,43.43,Orange,Marine,Mediterranean
Light yet,Fabaceae,7.78,White,Marine,Arid
Simple sea,Poaceae,34.82,Green,Wetland,Mediterranean
Cut certain,Solanaceae,29.05,Purple,Urban,Mediterranean
Event simple,Rosaceae,4.08,White,Tundra,Polar
Top night,Brassicaceae,4.41,Pink,Wetland,Polar
Culture ask,Rosaceae,22.98,Purple,Freshwater,Mediterranean
Statement relate,Orchidaceae,19.94,Yellow,Wetland,Subtropical
Level huge,Fabaceae,7.66,Pink,Wetland,Subtropical
Property responsibility,Poaceae,4.98,Purple,Wetland,Polar
It play,Brassicaceae,22.97,Red,Desert,Subtropical
Discuss method,Fabaceae,6.39,Green,Forest,Tropical
Since student,Orchidaceae,29.79,White,Wetland,Mediterranean
Organization dark,Solanaceae,11.79,Purple,Desert,Arid
Mr fall,Orchidaceae,35.8,Orange,Freshwater,Tropical
College few,Fabaceae,14.55,Green,Tundra,Tropical
Sea not,Poaceae,46.72,White,Marine,Arid
Nothing town,Rosaceae,10.46,Yellow,Tundra,Subtropical
Site matter,Asteraceae,17.93,Green,Marine,Subtropical
Mouth suddenly,Solanaceae,16.15,Orange,Wetland,Polar
Where certain,Orchidaceae,30.06,Pink,Wetland,Tropical
Economy focus,Asteraceae,21.63,Pink,Freshwater,Arid
Walk especially,Asteraceae,39.53,Green,Tundra,Temperate
Money theory,Rosaceae,6.29,Pink,Desert,Arid
Oil security,Asteraceae,40.13,Green,Wetland,Temperate
Ago suffer,Orchidaceae,35.42,Blue,Grassland,Subtropical
Rest model,Asteraceae,10.58,Pink,Urban,Tropical
Become shake,Fabaceae,1.99,Yellow,Wetland,Tropical
Want should,Solanaceae,27.94,Orange,Marine,Tropical
Need later,Brassicaceae,32.28,Purple,Freshwater,Tropical
Debate democratic,Fabaceae,45.96,Yellow,Tundra,Mediterranean
Plan time,Poaceae,11.73,White,Wetland,Arid
Less white,Solanaceae,23.48,Purple,Marine,Arid
Me husband,Solanaceae,6.63,Orange,Freshwater,Subtropical
Reflect once,Rosaceae,49.15,Orange,Grassland,Temperate
Subject pattern,Orchidaceae,10.27,Green,Tundra,Subtropical
Run generation,Poaceae,41.48,Red,Grassland,Arid
Decide hard,Fabaceae,14.9,Pink,Freshwater,Arid
Thought offer,Orchidaceae,42.04,Blue,Tundra,Subtropical
Career around,Fabaceae,13.05,Red,Grassland,Polar
Management ground,Brassicaceae,48.89,Red,Grassland,Arid
Good into,Orchidaceae,4.26,White,Wetland,Polar
Us throw,Rosaceae,25.73,Red,Wetland,Tropical
Someone option,Asteraceae,41.86,Yellow,Tundra,Arid
Hear nearly,Asteraceae,33.86,Orange,Desert,Tropical
Throughout blood,Rosaceae,46.93,Pink,Forest,Subtropical
Stop read,Rosaceae,34.71,Blue,Forest,Arid
Goal professor,Fabaceae,6.84,Pink,Tundra,Subtropical
Day fish,Rosaceae,32.87,Pink,Freshwater,Arid
Surface history,Brassicaceae,17.29,Green,Grassland,Temperate
Suggest billion,Solanaceae,4.62,Orange,Desert,Polar
Less real,Brassicaceae,20.94,White,Urban,Arid
Level free,Poaceae,41.94,White,Desert,Mediterranean
Only two,Rosaceae,13.76,Orange,Forest,Arid
Father all,Brassicaceae,45.92,Purple,Desert,Arid
Real by,Solanaceae,5.28,Purple,Tundra,Temperate
Figure detail,Orchidaceae,24.5,Pink,Urban,Polar
Senior air,Poaceae,18.55,White,Freshwater,Subtropical
Identify car,Orchidaceae,32.92,White,Tundra,Subtropical
Voice ten,Rosaceae,39.34,Pink,Grassland,Polar
Concern growth,Poaceae,43.23,Orange,Forest,Temperate
Join term,Fabaceae,49.62,Green,Grassland,Temperate
Age total,Solanaceae,41.1,Orange,Desert,Mediterranean
End nothing,Poaceae,22.77,Blue,Grassland,Subtropical
Bed too,Asteraceae,15.14,Yellow,Tundra,Temperate
Beyond very,Rosaceae,26.71,White,Tundra,Polar
Budget nature,Orchidaceae,33.44,Purple,Freshwater,Tropical
Pass range,Poaceae,11.44,Green,Marine,Polar
You decision,Asteraceae,24.04,Purple,Tundra,Tropical
College every,Brassicaceae,33.65,White,Tundra,Subtropical
Card sure,Poaceae,28.87,Blue,Tundra,Tropical
Admit ago,Asteraceae,46.08,Red,Urban,Temperate
Keep measure,Fabaceae,24.29,Yellow,Tundra,Subtropical
Start when,Asteraceae,49.1,Yellow,Freshwater,Subtropical
Begin woman,Solanaceae,38.65,Pink,Tundra,Polar
Share throughout,Poaceae,20.0,Green,Urban,Temperate
Loss wrong,Asteraceae,37.45,Pink,Tundra,Mediterranean
State speech,Solanaceae,7.79,White,Desert,Tropical
Dark prove,Asteraceae,2.21,Yellow,Grassland,Temperate
Court exactly,Solanaceae,33.16,Orange,Grassland,Temperate
Each thank,Fabaceae,47.33,Orange,Forest,Polar
Science option,Orchidaceae,40.93,Orange,Grassland,Subtropical
Those research,Orchidaceae,1.6,Yellow,Urban,Temperate
Sell during,Brassicaceae,45.32,Green,Forest,Arid
Debate year,Poaceae,7.01,Yellow,Wetland,Mediterranean
Simply the,Poaceae,32.62,Blue,Wetland,Mediterranean
Environment line,Asteraceae,18.64,Red,Marine,Tropical
Race especially,Solanaceae,35.86,Green,Grassland,Mediterranean
Hit much,Brassicaceae,49.59,White,Forest,Polar
When character,Brassicaceae,46.83,Red,Tundra,Arid
Perform hit,Solanaceae,29.75,White,Forest,Arid
Focus region,Fabaceae,14.46,Pink,Urban,Polar
Cost time,Poaceae,41.75,Orange,Freshwater,Polar
Value apply,Rosaceae,20.56,White,Forest,Tropical
Weight blood,Brassicaceae,14.4,Green,Wetland,Tropical
Follow condition,Solanaceae,1.4,Orange,Urban,Arid
Level indicate,Rosaceae,10.26,Green,Tundra,Temperate
Environmental grow,Asteraceae,29.0,Green,Wetland,Arid
However modern,Orchidaceae,24.18,Red,Wetland,Tropical
Ten give,Rosaceae,43.08,Green,Freshwater,Tropical
Congress fund,Rosaceae,41.49,White,Grassland,Temperate
Maintain what,Poaceae,18.92,Yellow,Tundra,Tropical
Six investment,Orchidaceae,2.17,Orange,Freshwater,Tropical
Behavior letter,Solanaceae,4.45,Green,Forest,Tropical
Dream beyond,Brassicaceae,27.18,Red,Wetland,Mediterranean
Once artist,Rosaceae,45.39,Pink,Grassland,Arid
Mind space,Orchidaceae,48.56,Blue,Desert,Subtropical
System design,Poaceae,49.89,White,Wetland,Arid
Production new,Brassicaceae,43.35,Yellow,Wetland,Temperate
Low single,Brassicaceae,21.49,Red,Freshwater,Temperate
Different leave,Poaceae,3.27,Red,Desert,Subtropical
General guess,Rosaceae,9.11,Red,Wetland,Temperate
Really imagine,Rosaceae,49.27,Purple,Grassland,Mediterranean
Service TV,Fabaceae,27.68,Purple,Grassland,Temperate
Accept stand,Asteraceae,47.15,Yellow,Grassland,Subtropical
Student everybody,Orchidaceae,46.73,White,Forest,Temperate
However hot,Brassicaceae,24.0,Green,Forest,Tropical
Make physical,Asteraceae,38.06,Purple,Freshwater,Polar
Design blood,Asteraceae,18.15,Yellow,Grassland,Temperate
On painting,Fabaceae,18.44,Purple,Tundra,Temperate
Music choose,Poaceae,18.84,Blue,Desert,Temperate
Resource than,Poaceae,24.8,Yellow,Grassland,Temperate
Choice specific,Orchidaceae,21.11,White,Desert,Polar
Institution war,Solanaceae,32.66,Blue,Urban,Mediterranean
Program society,Fabaceae,37.21,Orange,Marine,Subtropical
Get practice,Poaceae,40.3,Yellow,Desert,Mediterranean
Also painting,Poaceae,5.13,White,Freshwater,Tropical
Resource performance,Solanaceae,19.11,Blue,Marine,Temperate
Consumer customer,Brassicaceae,28.95,Purple,Urban,Mediterranean
Blue present,Fabaceae,29.84,Pink,Grassland,Tropical
Long not,Brassicaceae,8.5,Purple,Grassland,Subtropical
Space suggest,Asteraceae,25.28,White,Marine,Polar
Put or,Asteraceae,31.23,White,Urban,Subtropical
Present probably,Rosaceae,16.73,Purple,Wetland,Arid
Others heart,Poaceae,32.66,Pink,Marine,Tropical
Different note,Poaceae,2.69,Yellow,Freshwater,Subtropical
Decade under,Solanaceae,10.92,Orange,Grassland,Subtropical
Mrs call,Poaceae,45.05,Blue,Desert,Tropical
Watch show,Solanaceae,44.07,Purple,Tundra,Subtropical
Sister doctor,Poaceae,20.96,Yellow,Grassland,Temperate
Shoulder show,Fabaceae,11.85,Pink,Urban,Temperate
East head,Orchidaceae,15.81,White,Freshwater,Mediterranean
Him plan,Orchidaceae,39.35,Green,Freshwater,Subtropical
Shake parent,Asteraceae,35.44,Purple,Grassland,Tropical
Question whole,Brassicaceae,39.1,Pink,Forest,Polar
Push prevent,Poaceae,20.2,Pink,Desert,Arid
Truth would,Brassicaceae,44.26,White,Freshwater,Tropical
Above six,Brassicaceae,16.68,Red,Tundra,Temperate
Consumer short,Rosaceae,22.25,Pink,Tundra,Arid
Both fine,Fabaceae,3.19,Orange,Marine,Subtropical
Budget yourself,Orchidaceae,11.14,Green,Tundra,Subtropical
Conference which,Poaceae,12.83,Pink,Forest,Arid
Television wind,Poaceae,38.68,Blue,Urban,Mediterranean
Now expect,Asteraceae,16.62,Red,Desert,Arid
Whom section,Rosaceae,35.69,Green,Grassland,Arid
Similar gas,Orchidaceae,4.57,Pink,Desert,Polar
These any,Orchidaceae,1.94,Green,Forest,Tropical
Drug really,Orchidaceae,49.44,White,Freshwater,Subtropical
Join surface,Solanaceae,26.27,Yellow,Tundra,Subtropical
Decade boy,Solanaceae,9.14,Pink,Grassland,Tropical
Customer purpose,Solanaceae,24.97,Green,Marine,Subtropical
Analysis war,Solanaceae,16.92,White,Desert,Arid
Treatment parent,Poaceae,30.2,Red,Freshwater,Mediterranean
Decide miss,Orchidaceae,36.33,Orange,Marine,Subtropical
While fear,Orchidaceae,15.88,Red,Desert,Tropical
Hand institution,Rosaceae,40.14,Purple,Marine,Arid
Answer chance,Solanaceae,16.78,Green,Marine,Temperate
Happy lay,Poaceae,27.85,Purple,Freshwater,Arid
Exist somebody,Fabaceae,6.5,Pink,Forest,Subtropical
Chance strategy,Poaceae,33.32,Blue,Urban,Arid
Beat hear,Asteraceae,7.37,Purple,Tundra,Subtropical
Right accept,Orchidaceae,34.84,Red,Marine,Tropical
Case others,Fabaceae,47.75,Yellow,Urban,Temperate
Certainly follow,Rosaceae,44.47,Pink,Grassland,Polar
Get politics,Orchidaceae,28.42,Yellow,Marine,Arid
Become because,Orchidaceae,10.52,Pink,Tundra,Polar
Arrive recent,Solanaceae,5.58,Red,Marine,Tropical
Order nature,Fabaceae,43.07,Pink,Urban,Polar
Maybe under,Rosaceae,25.78,Red,Marine,Subtropical
It main,Solanaceae,42.77,Blue,Desert,Arid
Fight agent,Solanaceae,42.29,Yellow,Tundra,Tropical
Issue protect,Brassicaceae,46.0,Blue,Tundra,Temperate
Third care,Brassicaceae,9.06,Pink,Grassland,Temperate
Writer trial,Fabaceae,19.07,Green,Wetland,Subtropical
Wife order,Solanaceae,24.32,Blue,Desert,Arid
Four hard,Solanaceae,19.12,Green,Wetland,Arid
Data board,Orchidaceae,13.45,Pink,Forest,Mediterranean
Student culture,Orchidaceae,19.15,Yellow,Freshwater,Arid
Official certain,Solanaceae,5.86,Orange,Tundra,Polar
Generation hour,Rosaceae,39.26,Purple,Freshwater,Temperate
Her political,Orchidaceae,42.1,Pink,Forest,Temperate
Week person,Fabaceae,46.94,White,Wetland,Arid
Painting particular,Fabaceae,35.77,Blue,Freshwater,Polar
She network,Asteraceae,5.51,Pink,Freshwater,Mediterranean
Number beyond,Fabaceae,29.46,Purple,Forest,Tropical
White institution,Asteraceae,26.47,Orange,Wetland,Mediterranean
Recognize campaign,Brassicaceae,7.52,Blue,Grassland,Arid
Act accept,Poaceae,16.94,Orange,Marine,Subtropical
Role box,Solanaceae,34.02,White,Tundra,Temperate
Play opportunity,Rosaceae,7.52,Blue,Freshwater,Temperate
Deal job,Orchidaceae,6.59,Red,Marine,Arid
Simply get,Rosaceae,33.69,Green,Desert,Subtropical
Themselves she,Rosaceae,39.63,Red,Grassland,Tropical
Baby doctor,Brassicaceae,14.51,Purple,Desert,Subtropical
Read necessary,Brassicaceae,47.29,Red,Grassland,Tropical
Ahead choice,Solanaceae,7.74,Blue,Desert,Temperate
Her staff,Brassicaceae,21.4,Yellow,Urban,Mediterranean
Field class,Solanaceae,24.79,Green,Desert,Tropical
Activity give,Brassicaceae,37.92,White,Wetland,Arid
Just shoulder,Rosaceae,28.9,Pink,Freshwater,Temperate
Environmental stuff,Brassicaceae,48.26,Red,Forest,Tropical
Information across,Orchidaceae,17.89,Yellow,Wetland,Polar
Matter impact,Orchidaceae,45.42,Purple,Urban,Arid
Size hot,Rosaceae,11.52,White,Marine,Temperate
Imagine field,Orchidaceae,36.99,Green,Urban,Arid
Himself again,Rosaceae,8.19,Red,Wetland,Arid
Leg edge,Brassicaceae,10.07,Green,Desert,Subtropical
Responsibility exist,Orchidaceae,1.32,Yellow,Marine,Mediterranean
Foreign nothing,Brassicaceae,41.78,Blue,Grassland,Polar
Your newspaper,Orchidaceae,3.97,Pink,Wetland,Subtropical
Beautiful yeah,Poaceae,25.66,Pink,Marine,Subtropical
Sit pull,Brassicaceae,36.13,Blue,Marine,Subtropical
Term though,Poaceae,7.78,Orange,Desert,Subtropical
Particularly even,Asteraceae,38.51,Orange,Freshwater,Tropical
Certainly great,Orchidaceae,13.02,Purple,Grassland,Polar
Think size,Poaceae,39.94,White,Wetland,Arid
Herself day,Orchidaceae,44.14,Green,Urban,Arid
Now discover,Rosaceae,1.46,Purple,Tundra,Arid
Anything happy,Brassicaceae,36.01,Yellow,Desert,Polar
North sit,Solanaceae,40.32,Red,Desert,Temperate
Yeah population,Orchidaceae,19.45,Orange,Marine,Arid
Either such,Asteraceae,30.75,Blue,Marine,Tropical
Already source,Fabaceae,4.3,Green,Tundra,Tropical
Trouble small,Asteraceae,36.23,Red,Marine,Mediterranean
Three again,Solanaceae,8.58,Pink,Desert,Arid
Off great,Brassicaceae,18.64,Purple,Forest,Arid
Wife health,Poaceae,42.57,White,Grassland,Temperate
Away ahead,Rosaceae,43.99,White,Freshwater,Mediterranean
Question professor,Rosaceae,3.93,Purple,Marine,Tropical
Ground issue,Solanaceae,13.03,Orange,Freshwater,Tropical
Ahead where,Rosaceae,33.63,Blue,Urban,Arid
Garden leader,Fabaceae,12.44,Yellow,Tundra,Polar
News fund,Asteraceae,48.06,Yellow,Freshwater,Polar
Trip program,Poaceae,7.75,Green,Urban,Mediterranean
Treatment somebody,Poaceae,2.79,Orange,Urban,Temperate
Evidence industry,Rosaceae,32.29,Yellow,Wetland,Temperate
Investment blue,Asteraceae,46.83,Pink,Urban,Mediterranean
Gun wait,Rosaceae,14.46,Yellow,Freshwater,Temperate
Skill conference,Fabaceae,14.08,Green,Desert,Mediterranean
Quickly not,Rosaceae,20.26,Purple,Tundra,Arid
Defense administration,Solanaceae,16.97,White,Freshwater,Subtropical
Think school,Fabaceae,41.33,Red,Urban,Arid
Money evening,Poaceae,31.02,Green,Tundra,Polar
Information dog,Rosaceae,48.84,Yellow,Tundra,Mediterranean
Red lawyer,Brassicaceae,18.88,Yellow,Grassland,Arid
Than herself,Brassicaceae,49.4,Green,Desert,Subtropical
Exactly lose,Rosaceae,46.21,Purple,Grassland,Polar
Weight each,Fabaceae,48.72,Orange,Wetland,Mediterranean
Final fund,Poaceae,21.73,Pink,Desert,Subtropical
Peace campaign,Poaceae,1.9,Purple,Desert,Arid
Top read,Poaceae,48.87,Blue,Freshwater,Temperate
Learn mention,Solanaceae,18.64,Green,Tundra,Arid
Whom natural,Solanaceae,29.28,Red,Grassland,Polar
Four nice,Brassicaceae,21.43,Blue,Urban,Mediterranean
Talk drive,Poaceae,43.76,Pink,Freshwater,Mediterranean
Station provide,Rosaceae,33.37,Orange,Urban,Polar
Eight when,Brassicaceae,25.72,Purple,Marine,Mediterranean
Fact may,Rosaceae,32.99,Blue,Urban,Tropical
Tend true,Poaceae,43.74,Pink,Urban,Tropical
Wait provide,Fabaceae,27.7,Blue,Freshwater,Temperate
Answer ago,Poaceae,49.28,Yellow,Marine,Arid
Agree dog,Rosaceae,47.7,Yellow,Grassland,Subtropical
Firm husband,Fabaceae,44.99,Pink,Freshwater,Tropical
None she,Rosaceae,44.27,Red,Forest,Tropical
Effect step,Poaceae,37.38,Green,Forest,Temperate
Else be,Brassicaceae,28.87,Red,Freshwater,Arid
Whom for,Poaceae,17.8,Orange,Marine,Arid
Note read,Orchidaceae,13.74,Red,Wetland,Temperate
Off respond,Solanaceae,3.89,Green,Desert,Polar
Those floor,Asteraceae,14.42,Pink,Grassland,Subtropical
Professor threat,Fabaceae,37.33,Purple,Desert,Temperate
News box,Brassicaceae,7.42,White,Grassland,Polar
Explain short,Solanaceae,49.91,Orange,Desert,Subtropical
Central doctor,Brassicaceae,21.58,Pink,Marine,Subtropical
That industry,Rosaceae,30.66,White,Wetland,Mediterranean
Such remember,Poaceae,18.26,Yellow,Desert,Tropical
Rather agreement,Orchidaceae,47.01,Yellow,Wetland,Subtropical
Hand term,Solanaceae,11.45,Red,Forest,Mediterranean
Moment piece,Fabaceae,28.41,Red,Grassland,Mediterranean
First my,Brassicaceae,6.96,Purple,Freshwater,Mediterranean
See red,Brassicaceae,21.96,Yellow,Marine,Temperate
Project they,Fabaceae,28.64,Purple,Forest,Mediterranean
Cover role,Orchidaceae,20.97,Red,Urban,Temperate
Two manager,Poaceae,42.2,White,Marine,Subtropical
Within gas,Rosaceae,39.38,Green,Forest,Temperate
Under during,Brassicaceae,48.89,Green,Tundra,Mediterranean
Affect realize,Asteraceae,2.43,Red,Wetland,Arid
Level purpose,Brassicaceae,36.07,Red,Marine,Polar
According air,Brassicaceae,25.43,Blue,Urban,Mediterranean
Develop protect,Fabaceae,43.08,Yellow,Urban,Tropical
Guy huge,Fabaceae,3.42,Green,Grassland,Polar
Get easy,Brassicaceae,34.67,Yellow,Marine,Tropical
Town and,Asteraceae,36.85,Green,Grassland,Subtropical
Degree source,Asteraceae,35.26,Red,Grassland,Arid
Majority draw,Asteraceae,37.83,Pink,Wetland,Tropical
Trip model,Poaceae,29.87,Yellow,Forest,Tropical
Yes carry,Rosaceae,35.31,Green,Marine,Subtropical
Chair appear,Orchidaceae,4.51,Red,Tundra,Polar
Recognize section,Asteraceae,43.79,Orange,Forest,Subtropical
Mouth left,Fabaceae,17.64,Blue,Grassland,Polar
Stuff baby,Fabaceae,32.75,Purple,Marine,Temperate
Thousand interesting,Rosaceae,29.28,Pink,Freshwater,Mediterranean
Join a,Poaceae,33.61,Purple,Wetland,Arid
Capital travel,Brassicaceae,5.1,Purple,Desert,Tropical
Training story,Poaceae,21.06,Orange,Tundra,Mediterranean
But upon,Asteraceae,19.02,Blue,Forest,Temperate
Wish dream,Fabaceae,31.07,Yellow,Marine,Subtropical
Him plan,Orchidaceae,39.56,Pink,Forest,Tropical
Decide its,Poaceae,8.03,Pink,Marine,Temperate
Similar country,Brassicaceae,22.33,Green,Wetland,Polar
Scene car,Rosaceae,45.98,Green,Freshwater,Temperate
Check hospital,Solanaceae,1.4,Purple,Tundra,Temperate
Sign ever,Solanaceae,4.22,White,Urban,Subtropical
Body give,Solanaceae,24.89,White,Marine,Temperate
Want mission,Asteraceae,30.39,Orange,Desert,Arid
Dream paper,Poaceae,19.88,Purple,Desert,Arid
Despite lead,Orchidaceae,41.99,Green,Grassland,Arid
Amount small,Rosaceae,24.12,Purple,Marine,Mediterranean
Bed foreign,Solanaceae,35.31,Yellow,Tundra,Polar
Society check,Orchidaceae,15.85,Yellow,Freshwater,Subtropical
Lot else,Brassicaceae,30.87,White,Tundra,Arid
Person determine,Poaceae,37.91,Green,Marine,Subtropical
Stay away,Asteraceae,36.26,Red,Tundra,Tropical
Let challenge,Brassicaceae,46.67,Blue,Freshwater,Tropical
Least off,Fabaceae,39.98,Purple,Desert,Mediterranean
Pay lawyer,Brassicaceae,25.65,Purple,Freshwater,Subtropical
Everything suddenly,Fabaceae,20.76,Green,Marine,Subtropical
Meeting long,Rosaceae,20.38,White,Freshwater,Temperate
Perform start,Orchidaceae,46.95,Pink,Marine,Arid
Radio defense,Fabaceae,12.76,Red,Tundra,Mediterranean
Rise benefit,Fabaceae,40.1,Orange,Freshwater,Tropical
Ten exist,Asteraceae,16.49,Pink,Forest,Polar
Congress number,Orchidaceae,16.95,Pink,Desert,Mediterranean
Every west,Fabaceae,34.28,Orange,Desert,Tropical
National water,Asteraceae,34.06,Purple,Tundra,Temperate
Specific race,Asteraceae,26.16,White,Marine,Mediterranean
Town amount,Rosaceae,7.59,Blue,Tundra,Polar
Very few,Rosaceae,38.15,Yellow,Marine,Temperate
Compare relationship,Fabaceae,44.76,Yellow,Marine,Temperate
Expert if,Rosaceae,35.62,Blue,Grassland,Arid
Often low,Fabaceae,46.43,Red,Tundra,Subtropical
Another film,Orchidaceae,11.07,White,Forest,Temperate
Wide rule,Fabaceae,39.39,Yellow,Marine,Arid
Quite conference,Asteraceae,31.79,Red,Freshwater,Polar
Research along,Fabaceae,14.32,Pink,Desert,Polar
Reason population,Fabaceae,23.92,Red,Forest,Subtropical
Measure western,Fabaceae,46.58,Purple,Grassland,Arid
Experience beautiful,Fabaceae,10.2,Purple,Forest,Arid
Thought determine,Solanaceae,23.13,Red,Urban,Temperate
Ever your,Orchidaceae,43.08,White,Desert,Temperate
Enough region,Solanaceae,4.09,Orange,Grassland,Arid
Quite western,Fabaceae,38.07,White,Grassland,Polar
Argue add,Brassicaceae,5.45,White,Tundra,Polar
The could,Asteraceae,14.6,Blue,Wetland,Subtropical
Tree skill,Asteraceae,1.27,Red,Grassland,Polar
Food part,Rosaceae,45.6,Purple,Wetland,Arid
Its add,Orchidaceae,15.12,Blue,Freshwater,Arid
Might issue,Solanaceae,9.48,Green,Desert,Polar
Fund with,Fabaceae,23.3,Pink,Freshwater,Arid
Size cut,Rosaceae,15.68,Orange,Wetland,Mediterranean
Student for,Asteraceae,29.86,Orange,Tundra,Mediterranean
Base suffer,Fabaceae,9.0,Purple,Freshwater,Tropical
Run agent,Rosaceae,8.95,Red,Wetland,Mediterranean
Them exactly,Asteraceae,45.76,Blue,Desert,Temperate
Last number,Asteraceae,48.86,Green,Marine,Subtropical
Step audience,Fabaceae,28.17,Blue,Forest,Tropical
Listen quality,Solanaceae,9.85,Blue,Marine,Tropical
Agency with,Rosaceae,15.35,Pink,Tundra,Subtropical
Never fast,Poaceae,41.93,Blue,Forest,Subtropical
Allow member,Brassicaceae,10.75,Yellow,Urban,Temperate
Shoulder site,Brassicaceae,21.59,Yellow,Marine,Temperate
Mouth city,Orchidaceae,32.84,Purple,Forest,Polar
Remember stuff,Fabaceae,16.39,Purple,Forest,Arid
Adult blood,Fabaceae,1.7,Blue,Forest,Arid
Government according,Solanaceae,23.19,Pink,Desert,Tropical
Enter join,Poaceae,8.26,Blue,Forest,Arid
Walk author,Orchidaceae,46.91,Yellow,Freshwater,Tropical
Coach choose,Poaceae,14.03,Pink,Freshwater,Arid
In up,Solanaceae,33.33,Red,Urban,Tropical
Approach what,Orchidaceae,42.03,Blue,Urban,Mediterranean
Direction difficult,Fabaceae,37.37,Orange,Grassland,Polar
Tv buy,Fabaceae,28.03,Pink,Wetland,Arid
Maintain increase,Solanaceae,33.46,Yellow,Urban,Polar
Discuss fill,Solanaceae,15.59,Orange,Urban,Subtropical
Avoid upon,Poaceae,24.99,Green,Desert,Temperate
Position behavior,Solanaceae,21.22,Green,Urban,Tropical
Feeling law,Fabaceae,45.02,White,Urban,Subtropical
Network front,Rosaceae,43.8,Red,Grassland,Subtropical
Develop source,Brassicaceae,8.57,Red,Urban,Tropical
Nature range,Brassicaceae,10.99,Purple,Marine,Polar
Impact sometimes,Brassicaceae,47.96,Blue,Forest,Mediterranean
Old meet,Rosaceae,16.9,White,Wetland,Polar
South bed,Asteraceae,40.06,Green,Urban,Tropical
College throw,Solanaceae,27.84,Orange,Desert,Tropical
Rate similar,Asteraceae,37.83,Red,Marine,Temperate
Science ever,Brassicaceae,46.38,White,Urban,Subtropical
They subject,Poaceae,31.16,Pink,Tundra,Arid
Peace myself,Brassicaceae,4.29,Green,Marine,Tropical
Serve somebody,Fabaceae,25.8,Green,Grassland,Subtropical
Art chance,Solanaceae,18.6,Green,Grassland,Tropical
Some thought,Brassicaceae,30.32,Green,Desert,Mediterranean
Better soldier,Asteraceae,11.63,Yellow,Wetland,Temperate
School throw,Solanaceae,38.69,Yellow,Grassland,Subtropical
Respond effort,Poaceae,6.29,Purple,Desert,Mediterranean
Property conference,Orchidaceae,43.41,Yellow,Desert,Arid
Blue step,Fabaceae,18.67,Yellow,Tundra,Tropical
Smile despite,Solanaceae,9.54,Blue,Wetland,Subtropical
Agree response,Asteraceae,9.16,Red,Freshwater,Subtropical
Else dream,Solanaceae,13.5,Blue,Forest,Mediterranean
Note answer,Solanaceae,27.43,Yellow,Freshwater,Arid
Among along,Rosaceae,9.81,White,Marine,Temperate
Strong floor,Poaceae,6.92,Blue,Marine,Mediterranean
Behind leg,Orchidaceae,27.84,Pink,Forest,Arid
Across contain,Orchidaceae,37.89,Orange,Tundra,Subtropical
Speech east,Orchidaceae,47.55,Purple,Forest,Tropical
Cut who,Solanaceae,27.55,Blue,Desert,Polar
From rest,Poaceae,5.57,Green,Grassland,Subtropical
Past imagine,Rosaceae,46.7,Pink,Grassland,Mediterranean
Four minute,Asteraceae,7.49,White,Desert,Temperate
Couple history,Solanaceae,17.54,Yellow,Urban,Arid
Thus for,Brassicaceae,26.61,White,Desert,Subtropical
You class,Orchidaceae,5.04,Pink,Desert,Mediterranean
National ground,Solanaceae,27.28,Blue,Urban,Temperate
Popular bag,Rosaceae,44.76,Blue,Grassland,Polar
View food,Fabaceae,43.84,Yellow,Tundra,Subtropical
Become modern,Asteraceae,47.85,Green,Urban,Subtropical
Employee place,Brassicaceae,14.81,Purple,Wetland,Temperate
Most move,Solanaceae,14.3,Red,Desert,Temperate
Own tonight,Brassicaceae,19.9,Purple,Urban,Temperate
Serve drug,Rosaceae,28.25,Purple,Forest,Tropical
Floor meeting,Asteraceae,46.02,Red,Tundra,Polar
Open thousand,Brassicaceae,19.77,Purple,Wetland,Mediterranean
Media magazine,Poaceae,14.15,Orange,Freshwater,Tropical
Adult threat,Poaceae,21.87,Blue,Grassland,Mediterranean
Particularly quality,Brassicaceae,13.4,Orange,Desert,Tropical
Defense ago,Solanaceae,41.66,Green,Urban,Temperate
Reach hospital,Orchidaceae,43.17,Purple,Forest,Subtropical
Officer television,Asteraceae,30.65,Red,Urban,Tropical
Learn whatever,Fabaceae,15.34,Blue,Urban,Tropical
Forward although,Poaceae,28.24,Blue,Forest,Tropical
Specific physical,Orchidaceae,15.12,Green,Tundra,Temperate
Free season,Poaceae,35.41,Red,Desert,Subtropical
Himself left,Poaceae,31.48,Red,Marine,Tropical
Before number,Rosaceae,16.3,Yellow,Forest,Tropical
Western class,Fabaceae,12.56,Red,Tundra,Temperate
Draw appear,Fabaceae,13.21,Green,Grassland,Mediterranean
Shake PM,Asteraceae,1.68,Orange,Forest,Mediterranean
Myself forward,Asteraceae,33.86,Red,Tundra,Polar
Line rise,Brassicaceae,36.1,Pink,Tundra,Temperate
Loss cause,Fabaceae,43.88,Pink,Urban,Polar
Tell however,Rosaceae,16.97,Pink,Desert,Tropical
Be physical,Asteraceae,38.87,Green,Tundra,Mediterranean
Nation within,Orchidaceae,42.91,Red,Grassland,Subtropical
Rather would,Solanaceae,5.41,Orange,Marine,Arid
Skill car,Fabaceae,24.9,Orange,Tundra,Mediterranean
World yes,Fabaceae,48.69,Green,Urban,Arid
Hour able,Orchidaceae,36.06,Blue,Grassland,Mediterranean
Night simple,Brassicaceae,46.44,Green,Tundra,Polar
Consumer into,Poaceae,14.1,Red,Wetland,Polar
Writer little,Poaceae,14.04,Red,Grassland,Tropical
Speech security,Solanaceae,45.0,Red,Grassland,Mediterranean
Develop anything,Solanaceae,2.33,Blue,Forest,Mediterranean
Seem three,Orchidaceae,45.66,Orange,Marine,Mediterranean
Bag agree,Orchidaceae,7.58,Red,Forest,Subtropical
Everybody authority,Poaceae,20.45,Pink,Urban,Arid
North book,Rosaceae,13.73,Pink,Forest,Arid
Story new,Solanaceae,18.53,Pink,Freshwater,Tropical
Consider hit,Solanaceae,43.54,Purple,Desert,Temperate
Be soon,Asteraceae,12.18,Pink,Marine,Subtropical
Turn popular,Brassicaceae,1.31,White,Desert,Arid
Despite firm,Fabaceae,9.45,Orange,Grassland,Subtropical
Book as,Rosaceae,28.61,Orange,Forest,Tropical
Manage half,Fabaceae,33.11,Pink,Grassland,Temperate
Stuff adult,Solanaceae,6.35,Orange,Forest,Subtropical
Paper book,Poaceae,27.57,White,Freshwater,Subtropical
Can must,Poaceae,48.51,Blue,Grassland,Mediterranean
Necessary health,Fabaceae,7.12,Purple,Freshwater,Temperate
Per old,Orchidaceae,9.87,Orange,Forest,Mediterranean
Could same,Orchidaceae,25.04,Green,Wetland,Tropical
Early race,Brassicaceae,5.67,Green,Freshwater,Temperate
Herself like,Asteraceae,4.0,Green,Tundra,Subtropical
Kid ever,Fabaceae,49.69,Purple,Urban,Arid
Firm certainly,Solanaceae,17.91,Blue,Freshwater,Subtropical
Join put,Rosaceae,3.03,Purple,Forest,Subtropical
Government sit,Brassicaceae,26.23,Purple,Grassland,Temperate
Young drug,Orchidaceae,37.9,Yellow,Marine,Temperate
Figure bill,Poaceae,8.98,Pink,Freshwater,Arid
Us section,Brassicaceae,36.89,Pink,Desert,Mediterranean
History school,Orchidaceae,41.87,Pink,Forest,Mediterranean
Those very,Orchidaceae,5.7,Red,Marine,Temperate
Anything cause,Solanaceae,22.68,Yellow,Desert,Arid
Cold stay,Orchidaceae,16.96,Purple,Marine,Polar
Over pattern,Orchidaceae,30.42,Yellow,Forest,Arid
Ground few,Fabaceae,47.28,Red,Urban,Arid
Address across,Fabaceae,9.68,Red,Urban,Subtropical
Within last,Orchidaceae,17.07,White,Marine,Mediterranean
Religious actually,Poaceae,32.12,Pink,Wetland,Mediterranean
Child debate,Asteraceae,34.84,Purple,Tundra,Subtropical
Speak recent,Solanaceae,34.61,Blue,Freshwater,Arid
Decide use,Solanaceae,11.64,White,Wetland,Arid
Thank part,Rosaceae,33.17,Blue,Tundra,Polar
Have lay,Fabaceae,14.45,Yellow,Wetland,Polar
Event population,Orchidaceae,23.67,Red,Forest,Subtropical
Stuff bed,Brassicaceae,12.72,Pink,Wetland,Mediterranean
Send building,Fabaceae,1.85,Blue,Urban,Subtropical
Above cell,Brassicaceae,14.71,Orange,Freshwater,Mediterranean
House success,Asteraceae,19.85,Green,Forest,Mediterranean
Hot save,Asteraceae,18.96,Yellow,Wetland,Temperate
Machine somebody,Asteraceae,3.99,Green,Marine,Subtropical
Off task,Orchidaceae,22.7,Purple,Tundra,Tropical
Daughter agree,Asteraceae,33.79,Pink,Freshwater,Arid
Month fast,Rosaceae,22.16,Blue,Desert,Polar
Foreign health,Asteraceae,44.67,Orange,Wetland,Subtropical
Suggest level,Poaceae,14.08,Pink,Urban,Mediterranean
Executive son,Rosaceae,48.52,Orange,Urban,Subtropical
Or week,Poaceae,29.17,Pink,Freshwater,Subtropical
Debate simple,Orchidaceae,47.62,Yellow,Marine,Tropical
Keep mother,Orchidaceae,12.56,Blue,Desert,Subtropical
Care game,Rosaceae,20.99,Green,Freshwater,Temperate
Follow black,Solanaceae,25.96,Blue,Forest,Polar
Finish other,Rosaceae,43.98,Green,Desert,Polar
Tell themselves,Fabaceae,48.33,Green,Freshwater,Temperate
Much if,Asteraceae,38.03,Green,Desert,Polar
Listen suffer,Fabaceae,27.0,Red,Desert,Polar
Economy large,Fabaceae,46.77,Yellow,Grassland,Tropical
Common suffer,Solanaceae,8.95,Green,Urban,Mediterranean
Style professional,Poaceae,47.62,Yellow,Desert,Temperate
Shake ready,Solanaceae,38.77,White,Marine,Mediterranean
Law least,Poaceae,5.33,Pink,Forest,Mediterranean
Successful newspaper,Rosaceae,35.49,Blue,Urban,Arid
One practice,Rosaceae,33.95,Orange,Marine,Tropical
This agreement,Solanaceae,10.51,White,Tundra,Tropical
Staff mother,Brassicaceae,49.16,Orange,Desert,Subtropical
Former tax,Poaceae,44.98,Purple,Forest,Temperate
Character everybody,Brassicaceae,48.12,Pink,Grassland,Temperate
Admit on,Solanaceae,19.78,Yellow,Grassland,Mediterranean
Both theory,Poaceae,26.4,Yellow,Forest,Polar
Democratic discussion,Fabaceae,17.34,Purple,Desert,Tropical
Whatever challenge,Solanaceae,30.48,Pink,Tundra,Tropical
Yeah process,Orchidaceae,27.15,Yellow,Freshwater,Mediterranean
Democratic recently,Fabaceae,12.89,Blue,Tundra,Temperate
Against station,Solanaceae,42.71,Blue,Forest,Polar
List hospital,Brassicaceae,11.07,Blue,Freshwater,Subtropical
Trip market,Orchidaceae,34.75,Red,Urban,Subtropical
Meeting fear,Orchidaceae,44.58,Pink,Wetland,Mediterranean
Who finish,Solanaceae,15.89,Purple,Freshwater,Polar
Bag never,Asteraceae,16.84,Pink,Urban,Mediterranean
Energy situation,Rosaceae,26.36,Purple,Freshwater,Mediterranean
Tough writer,Orchidaceae,26.96,Yellow,Freshwater,Polar
West draw,Asteraceae,7.54,Orange,Tundra,Arid
Into think,Orchidaceae,35.12,Pink,Wetland,Arid
Key growth,Asteraceae,39.45,White,Freshwater,Arid
Television season,Fabaceae,48.14,Orange,Tundra,Mediterranean
Nearly money,Poaceae,39.29,Orange,Tundra,Subtropical
Ball age,Fabaceae,38.54,Green,Wetland,Mediterranean
Ten wide,Poaceae,31.31,Orange,Freshwater,Mediterranean
Allow our,Orchidaceae,4.49,White,Wetland,Tropical
Culture mouth,Rosaceae,34.66,White,Tundra,Arid
Such knowledge,Poaceae,20.31,White,Tundra,Mediterranean
Across arrive,Poaceae,5.59,Yellow,Forest,Subtropical
Why door,Fabaceae,10.95,Orange,Freshwater,Mediterranean
Without million,Poaceae,46.28,Red,Grassland,Temperate
Inside movie,Brassicaceae,18.56,Red,Urban,Arid
Call theory,Fabaceae,11.96,Pink,Forest,Arid
Couple leader,Fabaceae,18.26,White,Wetland,Polar
Close return,Brassicaceae,20.35,Green,Wetland,Polar
She practice,Asteraceae,44.06,Purple,Wetland,Arid
Carry door,Fabaceae,6.99,Green,Urban,Tropical
Better I,Asteraceae,10.88,Yellow,Marine,Arid
Third specific,Fabaceae,27.35,Pink,Freshwater,Polar
Agree kitchen,Fabaceae,8.18,White,Grassland,Subtropical
Group husband,Fabaceae,28.3,Orange,Forest,Polar
Similar score,Brassicaceae,17.62,Pink,Wetland,Mediterranean
Of arrive,Asteraceae,47.41,Red,Wetland,Polar
Reduce act,Asteraceae,14.83,Red,Marine,Arid
Lose explain,Fabaceae,43.96,White,Forest,Arid
Mr southern,Fabaceae,17.24,Pink,Grassland,Tropical
Painting involve,Asteraceae,21.86,Pink,Desert,Mediterranean
See board,Solanaceae,48.99,Red,Forest,Arid
Final it,Solanaceae,27.52,Orange,Urban,Tropical
Back through,Asteraceae,23.79,Orange,Urban,Temperate
Wrong strong,Asteraceae,45.97,White,Grassland,Polar
Responsibility investment,Fabaceae,13.5,Yellow,Desert,Polar
Allow right,Brassicaceae,48.02,Blue,Tundra,Arid
Much brother,Asteraceae,46.08,Green,Marine,Arid
Magazine economy,Brassicaceae,3.89,Blue,Marine,Mediterranean
They man,Asteraceae,21.42,White,Urban,Mediterranean
Degree young,Asteraceae,13.95,Blue,Urban,Tropical
Dinner lose,Fabaceae,13.24,Green,Wetland,Tropical
Yourself international,Orchidaceae,2.56,Orange,Freshwater,Polar
Citizen economic,Brassicaceae,23.25,Blue,Grassland,Arid
Newspaper style,Poaceae,44.65,Red,Freshwater,Arid
Important cultural,Brassicaceae,29.26,Purple,Grassland,Arid
About movie,Brassicaceae,34.5,White,Forest,Temperate
Act generation,Orchidaceae,23.35,Yellow,Forest,Temperate
Threat son,Rosaceae,8.9,Red,Desert,Subtropical
Sea foot,Brassicaceae,23.31,Pink,Tundra,Subtropical
Good artist,Poaceae,35.71,Orange,Tundra,Polar
Letter fish,Orchidaceae,46.06,Green,Freshwater,Arid
Spend college,Orchidaceae,46.98,Red,Marine,Polar
Form beyond,Solanaceae,25.29,Green,Urban,Tropical
Pretty television,Solanaceae,3.44,Red,Grassland,Temperate
Beat opportunity,Asteraceae,46.88,Orange,Freshwater,Polar
Some method,Asteraceae,20.28,Blue,Tundra,Temperate
Mean teacher,Poaceae,4.05,Purple,Desert,Mediterranean
Eye or,Poaceae,45.57,Orange,Forest,Polar
Box clear,Orchidaceae,18.73,Red,Wetland,Temperate
From foreign,Poaceae,22.57,Pink,Marine,Temperate
Truth employee,Solanaceae,34.87,Blue,Urban,Temperate
Red case,Brassicaceae,38.22,Orange,Freshwater,Subtropical
Prevent must,Poaceae,49.96,Blue,Forest,Polar
Leg point,Rosaceae,42.53,Pink,Forest,Arid
Give together,Solanaceae,29.48,Red,Wetland,Subtropical
Soldier same,Rosaceae,42.6,Purple,Desert,Tropical
Local weight,Asteraceae,32.95,Red,Tundra,Arid
Source billion,Poaceae,32.77,Orange,Forest,Subtropical
Control get,Fabaceae,12.56,Green,Marine,Mediterranean
Modern new,Asteraceae,40.24,Pink,Marine,Temperate
Tell myself,Solanaceae,45.8,White,Forest,Tropical
Benefit affect,Rosaceae,43.72,Purple,Forest,Arid
Collection model,Fabaceae,21.83,Yellow,Wetland,Subtropical
Might technology,Asteraceae,18.53,Yellow,Tundra,Mediterranean
Positive artist,Poaceae,28.57,Green,Marine,Arid
Behavior door,Brassicaceae,35.85,Red,Urban,Polar
Figure arrive,Asteraceae,38.38,Purple,Forest,Arid
Health than,Rosaceae,25.27,Orange,Forest,Temperate
Attention ten,Asteraceae,3.36,Blue,Wetland,Temperate
Traditional bag,Asteraceae,45.12,Green,Grassland,Tropical
Your network,Solanaceae,14.01,Blue,Wetland,Mediterranean
Deal deep,Orchidaceae,37.95,Yellow,Marine,Polar
Listen hospital,Orchidaceae,5.8,Red,Forest,Subtropical
Coach about,Orchidaceae,1.16,White,Freshwater,Arid
Training forget,Poaceae,17.94,Red,Marine,Polar
Play necessary,Orchidaceae,34.18,Purple,Freshwater,Tropical
Same offer,Fabaceae,29.59,Blue,Wetland,Arid
Idea together,Poaceae,9.56,Blue,Marine,Subtropical
Song blood,Rosaceae,12.39,White,Freshwater,Polar
Could someone,Poaceae,44.09,Green,Forest,Tropical
International machine,Solanaceae,5.49,White,Forest,Temperate
Management decade,Rosaceae,4.08,White,Marine,Arid
Feeling why,Solanaceae,27.0,White,Grassland,Temperate
Charge remember,Orchidaceae,7.38,Yellow,Desert,Subtropical
With huge,Rosaceae,12.32,Green,Wetland,Temperate
We alone,Fabaceae,8.41,Purple,Forest,Mediterranean
In me,Orchidaceae,37.01,Purple,Wetland,Arid
Store together,Asteraceae,12.27,Red,Desert,Arid
Tv red,Solanaceae,46.08,Red,Urban,Polar
Describe likely,Orchidaceae,24.19,Orange,Forest,Arid
These night,Orchidaceae,3.1,Blue,Tundra,Mediterranean
Computer edge,Orchidaceae,27.71,Green,Tundra,Polar
Full hit,Rosaceae,4.4,Pink,Desert,Temperate
Long pick,Asteraceae,23.07,Blue,Wetland,Arid
Visit south,Poaceae,47.78,Green,Marine,Tropical
Produce skill,Poaceae,9.28,Purple,Marine,Mediterranean
Behavior wrong,Asteraceae,15.04,Yellow,Tundra,Temperate
Environment myself,Asteraceae,47.55,Yellow,Freshwater,Mediterranean
Action maybe,Brassicaceae,5.17,Pink,Grassland,Arid
Something hot,Fabaceae,13.78,Purple,Urban,Tropical
Group join,Fabaceae,1.88,White,Freshwater,Polar
Hear know,Brassicaceae,45.63,Purple,Freshwater,Polar
To however,Fabaceae,22.71,Red,Forest,Tropical
Quality say,Asteraceae,5.72,Yellow,Urban,Arid
Few write,Solanaceae,37.28,Blue,Marine,Mediterranean
Participant decide,Solanaceae,15.59,White,Wetland,Subtropical
Nearly safe,Solanaceae,38.56,Orange,Grassland,Mediterranean
Health around,Asteraceae,10.12,Yellow,Tundra,Polar
Nor feel,Fabaceae,6.88,Blue,Grassland,Mediterranean
Enter community,Asteraceae,10.16,Green,Marine,Arid
Question call,Solanaceae,11.68,Pink,Urban,Polar
Tree high,Brassicaceae,33.32,Blue,Forest,Polar
Against note,Orchidaceae,37.01,Purple,Freshwater,Subtropical
Great sure,Solanaceae,5.92,Green,Marine,Mediterranean
Affect rise,Orchidaceae,18.83,White,Urban,Arid
Politics step,Orchidaceae,9.41,Yellow,Urban,Subtropical
Raise second,Solanaceae,43.4,White,Urban,Subtropical
Common other,Orchidaceae,35.08,Pink,Desert,Subtropical
Bed candidate,Asteraceae,43.43,Purple,Tundra,Temperate
Soldier sister,Brassicaceae,35.8,Orange,Tundra,Subtropical
Much sing,Rosaceae,13.64,Orange,Urban,Subtropical
Apply wait,Asteraceae,34.61,Green,Desert,Mediterranean
Short magazine,Brassicaceae,48.43,Blue,Urban,Subtropical
Her design,Brassicaceae,4.44,Green,Forest,Tropical
Every view,Poaceae,2.4,Blue,Wetland,Polar
Line design,Fabaceae,29.63,Red,Wetland,Temperate
Know kind,Orchidaceae,44.11,Yellow,Urban,Temperate
Toward voice,Solanaceae,11.86,Yellow,Marine,Polar
Performance produce,Solanaceae,46.8,Green,Freshwater,Polar
Region total,Solanaceae,40.76,Green,Desert,Temperate
Tax believe,Rosaceae,19.83,Purple,Desert,Subtropical
Claim administration,Rosaceae,7.01,Green,Freshwater,Mediterranean
Make simple,Fabaceae,38.04,Purple,Grassland,Mediterranean
After election,Solanaceae,49.03,Blue,Marine,Polar
Indicate role,Orchidaceae,31.15,Green,Urban,Subtropical
Scientist with,Solanaceae,15.15,Purple,Desert,Tropical
Recognize heavy,Orchidaceae,36.1,Orange,Freshwater,Subtropical
On range,Solanaceae,11.64,Yellow,Urban,Temperate
However way,Fabaceae,19.06,White,Marine,Tropical
Commercial image,Asteraceae,5.73,Pink,Marine,Arid
Time whom,Asteraceae,31.33,White,Urban,Tropical
White past,Rosaceae,37.66,Green,Wetland,Tropical
His professor,Asteraceae,23.52,Orange,Forest,Polar
Quality expect,Rosaceae,28.96,White,Urban,Subtropical
North information,Rosaceae,20.73,Blue,Grassland,Subtropical
Medical there,Brassicaceae,27.94,Orange,Freshwater,Tropical
Use feeling,Poaceae,2.56,Red,Wetland,Polar
Lay late,Rosaceae,27.33,Green,Marine,Subtropical
Computer single,Rosaceae,32.53,White,Marine,Mediterranean
Improve street,Orchidaceae,2.12,Yellow,Freshwater,Arid
Piece center,Brassicaceae,34.46,White,Wetland,Mediterranean
Hair main,Poaceae,25.08,Orange,Grassland,Polar
Bit plan,Solanaceae,20.27,Blue,Freshwater,Temperate
Establish crime,Rosaceae,38.91,Yellow,Desert,Polar
Night task,Rosaceae,13.13,White,Grassland,Subtropical
Site enough,Brassicaceae,3.34,Orange,Wetland,Polar
Political central,Brassicaceae,32.89,Orange,Freshwater,Mediterranean
Enter design,Solanaceae,25.47,Orange,Grassland,Mediterranean
Suddenly bring,Asteraceae,13.53,Yellow,Forest,Subtropical
Body position,Fabaceae,7.51,Green,Freshwater,Mediterranean
Prepare size,Rosaceae,42.14,White,Grassland,Polar
My ok,Rosaceae,35.55,Green,Urban,Tropical
Blood product,Asteraceae,21.56,Blue,Freshwater,Tropical
My easy,Orchidaceae,33.67,Orange,Grassland,Arid
Draw risk,Rosaceae,3.24,Orange,Desert,Polar
High there,Rosaceae,20.75,Pink,Urban,Mediterranean
Spring force,Brassicaceae,11.94,Green,Forest,Temperate
Price born,Poaceae,39.49,Red,Wetland,Tropical
Voice suddenly,Asteraceae,33.54,Red,Urban,Arid
Meeting teacher,Asteraceae,29.83,White,Wetland,Mediterranean
Letter out,Poaceae,43.2,Red,Desert,Mediterranean
Will character,Rosaceae,15.89,Red,Urban,Temperate
Can garden,Asteraceae,31.57,Pink,Urban,Temperate
Stop process,Solanaceae,10.38,Blue,Urban,Arid
Want policy,Brassicaceae,9.53,White,Urban,Tropical
Audience behavior,Poaceae,6.6,Pink,Forest,Temperate
Safe wall,Fabaceae,35.32,White,Grassland,Arid
Action management,Fabaceae,45.88,Yellow,Urban,Subtropical
Land develop,Fabaceae,49.81,Blue,Tundra,Subtropical
Year south,Orchidaceae,34.12,Purple,Tundra,Temperate
Exist happen,Rosaceae,49.18,White,Wetland,Polar
Employee cell,Rosaceae,35.96,Blue,Wetland,Temperate
Sing bar,Rosaceae,34.72,Blue,Tundra,Polar
Beyond rich,Orchidaceae,44.78,Green,Forest,Subtropical
Arrive finally,Orchidaceae,21.54,Blue,Grassland,Arid
Wide where,Brassicaceae,14.18,Red,Grassland,Arid
Computer really,Solanaceae,28.46,Green,Freshwater,Subtropical
Significant situation,Brassicaceae,39.82,Orange,Wetland,Tropical
Several piece,Asteraceae,35.7,Red,Desert,Arid
Detail edge,Asteraceae,9.25,Blue,Urban,Subtropical
Cost price,Rosaceae,14.85,Red,Tundra,Polar
Only matter,Fabaceae,47.83,Pink,Tundra,Polar
Money two,Fabaceae,1.44,Red,Marine,Temperate
Oil democratic,Solanaceae,29.19,Pink,Forest,Temperate
Whom stuff,Orchidaceae,23.93,Orange,Marine,Arid
Foreign know,Fabaceae,35.24,Orange,Tundra,Subtropical
People successful,Brassicaceae,35.79,Purple,Tundra,Tropical
True mission,Solanaceae,39.09,Orange,Marine,Tropical
Feel Congress,Brassicaceae,46.06,Blue,Marine,Polar
Run military,Orchidaceae,28.82,White,Urban,Subtropical
My Mrs,Rosaceae,8.51,Yellow,Forest,Arid
Adult contain,Solanaceae,3.16,Orange,Desert,Temperate
Money opportunity,Brassicaceae,34.44,Green,Marine,Tropical
Not time,Solanaceae,2.07,Pink,Wetland,Polar
Staff able,Fabaceae,10.9,Yellow,Urban,Temperate
About win,Asteraceae,42.27,White,Grassland,Arid
Ahead range,Orchidaceae,14.23,Purple,Wetland,Temperate
Memory everybody,Fabaceae,15.02,Purple,Tundra,Tropical
Six condition,Orchidaceae,2.9,Green,Grassland,Subtropical
Ok they,Asteraceae,10.92,Blue,Forest,Tropical
Somebody who,Rosaceae,41.31,Blue,Marine,Arid
Example after,Orchidaceae,27.53,Yellow,Desert,Subtropical
Increase happen,Fabaceae,22.45,Orange,Freshwater,Polar
Short oil,Orchidaceae,1.74,Pink,Marine,Arid
Argue expect,Fabaceae,28.79,Orange,Freshwater,Tropical
Follow star,Rosaceae,26.6,Blue,Desert,Arid
Send crime,Rosaceae,45.07,Purple,Desert,Tropical
Serve civil,Brassicaceae,10.94,Red,Freshwater,Tropical
Speak person,Rosaceae,20.6,Pink,Tundra,Tropical
Social attorney,Solanaceae,23.77,Yellow,Wetland,Subtropical
