neuron_id,region,firing_rate_hz,spike_amplitude_mv,subject_species
NEUR_7471,Thalamus,0.31,21.82,Rattus norvegicus
NEUR_7698,Cortex,122.83,10.79,Rattus norvegicus
NEUR_6252,Amygdala,23.96,68.81,Macaca mulatta
NEUR_4127,Striatum,22.45,72.45,Mus musculus
NEUR_3517,Hippocampus,83.16,25.71,Rattus norvegicus
NEUR_8502,Cortex,39.91,71.22,Mus musculus
NEUR_1018,Striatum,78.19,104.76,Mus musculus
NEUR_3562,Thalamus,128.84,50.38,Macaca mulatta
NEUR_6112,Amygdala,44.73,87.47,Mus musculus
NEUR_8947,Thalamus,83.95,90.11,Danio rerio
NEUR_1651,Striatum,34.47,113.99,Mus musculus
NEUR_5695,Cerebellum,102.03,103.84,Mus musculus
NEUR_4444,Amygdala,75.56,56.56,Danio rerio
NEUR_7067,Amygdala,117.51,71.56,Mus musculus
NEUR_3329,Cerebellum,12.84,47.24,Macaca mulatta
NEUR_6460,Hypothalamus,75.75,28.45,Macaca mulatta
NEUR_2927,Cortex,58.25,63.4,Macaca mulatta
NEUR_8299,Hippocampus,65.18,82.75,Macaca mulatta
NEUR_4525,Cerebellum,88.1,63.53,Macaca mulatta
NEUR_8707,Hypothalamus,136.91,84.48,Macaca mulatta
NEUR_7305,Amygdala,4.68,40.93,Danio rerio
NEUR_3751,Cerebellum,42.53,13.64,Macaca mulatta
NEUR_8738,Cerebellum,117.52,49.44,Danio rerio
NEUR_6446,Cerebellum,62.93,30.55,Mus musculus
NEUR_1349,Hippocampus,102.64,108.45,Danio rerio
NEUR_7527,Cortex,65.03,115.26,Macaca mulatta
NEUR_7953,Thalamus,63.15,94.68,Danio rerio
NEUR_1362,Cerebellum,142.88,39.49,Macaca mulatta
NEUR_6312,Thalamus,133.57,17.18,Danio rerio
NEUR_2783,Cerebellum,148.58,88.34,Mus musculus
NEUR_5973,Cortex,99.15,100.18,Danio rerio
NEUR_5066,Cortex,44.92,108.83,Rattus norvegicus
NEUR_8450,Cortex,127.61,87.12,Macaca mulatta
NEUR_8228,Hypothalamus,99.59,107.35,Macaca mulatta
NEUR_8132,Cerebellum,84.23,97.66,Macaca mulatta
NEUR_3430,Thalamus,79.03,114.99,Danio rerio
NEUR_4739,Amygdala,61.22,50.09,Danio rerio
NEUR_5044,Striatum,44.94,108.38,Rattus norvegicus
NEUR_7958,Cerebellum,71.44,60.42,Macaca mulatta
NEUR_1432,Hypothalamus,1.75,76.67,Macaca mulatta
NEUR_6189,Hypothalamus,131.9,31.87,Danio rerio
NEUR_7964,Cortex,35.77,89.07,Rattus norvegicus
NEUR_3744,Thalamus,118.03,106.83,Mus musculus
NEUR_2255,Cerebellum,54.86,16.8,Danio rerio
NEUR_6828,Thalamus,89.6,72.31,Mus musculus
NEUR_4953,Hypothalamus,100.21,13.2,Danio rerio
NEUR_6566,Cerebellum,103.76,28.27,Rattus norvegicus
NEUR_7839,Amygdala,75.55,19.54,Danio rerio
NEUR_3977,Cortex,80.18,13.04,Danio rerio
NEUR_5603,Thalamus,31.37,102.9,Mus musculus
NEUR_9901,Cerebellum,64.72,25.1,Danio rerio
NEUR_1731,Hypothalamus,136.0,119.7,Macaca mulatta
NEUR_4737,Cerebellum,3.14,71.39,Macaca mulatta
NEUR_6083,Striatum,91.52,46.93,Macaca mulatta
NEUR_1814,Cerebellum,79.38,17.85,Macaca mulatta
NEUR_7276,Cortex,53.97,60.88,Mus musculus
NEUR_7699,Striatum,137.92,88.81,Mus musculus
NEUR_1286,Hippocampus,117.62,15.61,Macaca mulatta
NEUR_3444,Hypothalamus,133.57,45.3,Mus musculus
NEUR_3671,Cortex,69.97,85.92,Rattus norvegicus
NEUR_7093,Hypothalamus,105.32,28.18,Mus musculus
NEUR_4607,Cerebellum,39.36,32.34,Macaca mulatta
NEUR_2530,Amygdala,128.16,32.31,Rattus norvegicus
NEUR_4902,Cortex,122.03,38.63,Mus musculus
NEUR_5106,Hippocampus,117.32,34.69,Macaca mulatta
NEUR_3588,Cortex,56.83,84.75,Macaca mulatta
NEUR_2554,Amygdala,99.93,51.04,Danio rerio
NEUR_6318,Striatum,38.62,38.93,Danio rerio
NEUR_7842,Striatum,131.81,78.49,Danio rerio
NEUR_5211,Hippocampus,110.71,114.64,Mus musculus
NEUR_9232,Cortex,47.56,33.94,Mus musculus
NEUR_7341,Cortex,118.11,49.63,Macaca mulatta
NEUR_3878,Cortex,116.05,50.38,Danio rerio
NEUR_5749,Striatum,62.66,85.75,Rattus norvegicus
NEUR_4059,Cortex,12.54,78.19,Rattus norvegicus
NEUR_6353,Striatum,149.45,51.25,Mus musculus
NEUR_3770,Cerebellum,4.69,97.43,Danio rerio
NEUR_6207,Cortex,31.46,91.57,Macaca mulatta
NEUR_8471,Cerebellum,42.15,65.58,Macaca mulatta
NEUR_2930,Cortex,15.85,22.08,Mus musculus
NEUR_8142,Cortex,97.6,28.26,Rattus norvegicus
NEUR_2510,Cortex,46.43,105.73,Macaca mulatta
NEUR_4435,Thalamus,41.8,102.43,Danio rerio
NEUR_1680,Thalamus,76.87,28.33,Rattus norvegicus
NEUR_9641,Amygdala,53.43,78.52,Mus musculus
NEUR_7476,Hippocampus,67.3,71.06,Danio rerio
NEUR_4770,Hippocampus,68.86,75.42,Danio rerio
NEUR_8820,Striatum,101.83,51.49,Macaca mulatta
NEUR_8563,Cortex,30.36,88.93,Danio rerio
NEUR_9263,Striatum,143.29,16.51,Macaca mulatta
NEUR_7014,Cerebellum,107.16,68.46,Macaca mulatta
NEUR_6245,Cortex,90.84,84.87,Mus musculus
NEUR_1040,Amygdala,97.9,114.14,Macaca mulatta
NEUR_6837,Hippocampus,50.82,20.36,Macaca mulatta
NEUR_9813,Hippocampus,145.1,34.57,Mus musculus
NEUR_8479,Thalamus,111.74,22.67,Mus musculus
NEUR_2369,Hippocampus,137.25,14.25,Macaca mulatta
NEUR_4761,Thalamus,120.07,56.93,Rattus norvegicus
NEUR_3828,Hypothalamus,75.82,96.45,Danio rerio
NEUR_4061,Hypothalamus,111.41,111.99,Danio rerio
NEUR_1852,Amygdala,65.41,55.66,Mus musculus
NEUR_2553,Hypothalamus,26.56,100.47,Danio rerio
NEUR_1097,Cortex,103.14,59.54,Mus musculus
NEUR_5255,Thalamus,148.18,14.1,Rattus norvegicus
NEUR_1089,Cortex,7.21,48.59,Danio rerio
NEUR_2621,Thalamus,2.09,18.73,Macaca mulatta
NEUR_1045,Striatum,45.23,90.91,Mus musculus
NEUR_4514,Amygdala,38.66,17.14,Rattus norvegicus
NEUR_6681,Striatum,19.82,85.93,Danio rerio
NEUR_6107,Striatum,45.12,33.64,Rattus norvegicus
NEUR_9763,Thalamus,112.03,70.68,Macaca mulatta
NEUR_3597,Hypothalamus,79.9,35.98,Rattus norvegicus
NEUR_5359,Thalamus,89.33,97.38,Danio rerio
NEUR_5701,Cortex,98.94,54.87,Rattus norvegicus
NEUR_8371,Striatum,66.8,61.88,Danio rerio
NEUR_5677,Cerebellum,139.38,47.24,Macaca mulatta
NEUR_7942,Striatum,16.74,23.02,Mus musculus
NEUR_9529,Cerebellum,120.4,105.49,Danio rerio
NEUR_8859,Cerebellum,88.12,87.5,Mus musculus
NEUR_3936,Hippocampus,72.97,16.91,Danio rerio
NEUR_3569,Thalamus,0.31,20.27,Danio rerio
NEUR_9465,Hippocampus,47.42,63.59,Rattus norvegicus
NEUR_6374,Thalamus,72.44,29.35,Macaca mulatta
NEUR_7066,Hypothalamus,103.54,53.6,Macaca mulatta
NEUR_5079,Amygdala,13.04,32.42,Rattus norvegicus
NEUR_4112,Thalamus,140.8,70.44,Macaca mulatta
NEUR_1272,Cortex,45.54,39.9,Mus musculus
NEUR_5950,Amygdala,54.21,25.09,Mus musculus
NEUR_1933,Striatum,53.56,13.56,Danio rerio
NEUR_4211,Hypothalamus,135.45,70.96,Danio rerio
NEUR_8323,Hypothalamus,123.95,34.77,Rattus norvegicus
NEUR_9812,Cerebellum,86.25,74.89,Rattus norvegicus
NEUR_6700,Hypothalamus,21.95,107.97,Danio rerio
NEUR_4656,Thalamus,132.4,72.17,Mus musculus
NEUR_6431,Cortex,139.74,37.14,Danio rerio
NEUR_1336,Hippocampus,67.05,35.93,Mus musculus
NEUR_8718,Amygdala,36.84,19.77,Macaca mulatta
NEUR_3514,Amygdala,73.94,64.81,Danio rerio
NEUR_1057,Hippocampus,91.39,114.8,Danio rerio
NEUR_1666,Amygdala,27.41,57.17,Mus musculus
NEUR_7257,Cortex,97.18,115.84,Mus musculus
NEUR_5735,Amygdala,37.56,19.36,Rattus norvegicus
NEUR_4237,Cortex,29.03,68.48,Macaca mulatta
NEUR_6384,Hippocampus,132.53,83.19,Macaca mulatta
NEUR_1670,Cortex,146.84,100.74,Mus musculus
NEUR_5806,Striatum,32.63,46.26,Mus musculus
NEUR_5101,Striatum,106.08,71.74,Danio rerio
NEUR_8035,Cortex,89.27,56.87,Macaca mulatta
NEUR_7875,Striatum,130.24,70.62,Mus musculus
NEUR_8470,Cerebellum,98.81,35.24,Rattus norvegicus
NEUR_8169,Hypothalamus,24.96,117.66,Danio rerio
NEUR_7216,Thalamus,104.85,56.39,Rattus norvegicus
NEUR_2708,Hippocampus,47.33,109.75,Macaca mulatta
NEUR_2829,Thalamus,70.41,78.57,Mus musculus
NEUR_4707,Hypothalamus,21.5,18.1,Mus musculus
NEUR_9380,Amygdala,78.24,30.58,Macaca mulatta
NEUR_1513,Cerebellum,95.99,49.68,Danio rerio
NEUR_1850,Striatum,103.78,86.46,Rattus norvegicus
NEUR_4290,Amygdala,6.95,85.46,Danio rerio
NEUR_7263,Cerebellum,134.46,84.81,Mus musculus
NEUR_5921,Cerebellum,19.39,75.01,Rattus norvegicus
NEUR_3669,Cerebellum,144.43,10.93,Mus musculus
NEUR_6711,Amygdala,4.19,13.47,Mus musculus
NEUR_2884,Cerebellum,49.93,28.07,Mus musculus
NEUR_2244,Cortex,81.3,96.97,Rattus norvegicus
NEUR_7033,Cortex,144.05,104.02,Macaca mulatta
NEUR_4853,Thalamus,96.26,47.46,Rattus norvegicus
NEUR_3724,Cerebellum,33.06,55.23,Rattus norvegicus
NEUR_1181,Cerebellum,64.44,85.91,Mus musculus
NEUR_2095,Striatum,82.78,87.96,Mus musculus
NEUR_5397,Cerebellum,139.26,75.72,Macaca mulatta
NEUR_4721,Cerebellum,9.26,18.3,Rattus norvegicus
NEUR_8268,Hypothalamus,1.05,85.4,Macaca mulatta
NEUR_3194,Amygdala,78.36,105.48,Rattus norvegicus
NEUR_9503,Striatum,64.93,56.49,Mus musculus
NEUR_5113,Striatum,133.04,115.1,Mus musculus
NEUR_2928,Cerebellum,107.09,79.27,Danio rerio
NEUR_1568,Thalamus,110.43,91.4,Mus musculus
NEUR_8917,Hippocampus,147.55,73.74,Danio rerio
NEUR_5264,Hypothalamus,18.07,31.99,Rattus norvegicus
NEUR_2804,Hippocampus,69.65,21.13,Macaca mulatta
NEUR_2466,Cerebellum,40.33,32.58,Danio rerio
NEUR_2457,Cortex,143.91,92.52,Danio rerio
NEUR_6763,Hypothalamus,120.62,74.55,Rattus norvegicus
NEUR_1990,Cortex,57.55,46.69,Danio rerio
NEUR_7301,Cortex,120.22,56.86,Macaca mulatta
NEUR_6664,Cerebellum,115.65,40.03,Mus musculus
NEUR_7479,Hippocampus,132.48,43.44,Mus musculus
NEUR_3255,Hippocampus,34.72,75.73,Rattus norvegicus
NEUR_5681,Cerebellum,40.78,40.85,Danio rerio
NEUR_3388,Thalamus,107.71,85.37,Danio rerio
NEUR_1017,Cerebellum,16.07,102.3,Macaca mulatta
NEUR_5920,Hypothalamus,82.69,62.47,Mus musculus
NEUR_2966,Thalamus,32.25,27.12,Mus musculus
NEUR_7907,Thalamus,32.49,17.71,Danio rerio
NEUR_6181,Cortex,25.28,13.26,Rattus norvegicus
NEUR_8634,Amygdala,57.6,20.66,Rattus norvegicus
NEUR_1296,Amygdala,132.26,12.79,Rattus norvegicus
NEUR_7483,Cerebellum,62.65,92.13,Mus musculus
NEUR_7289,Hippocampus,108.47,39.42,Macaca mulatta
NEUR_2009,Cerebellum,146.34,47.09,Danio rerio
NEUR_3410,Cerebellum,60.77,55.67,Rattus norvegicus
NEUR_3322,Amygdala,8.19,30.08,Rattus norvegicus
NEUR_5184,Hypothalamus,46.98,97.79,Macaca mulatta
NEUR_2803,Amygdala,67.55,67.69,Macaca mulatta
NEUR_3450,Cerebellum,51.43,17.05,Mus musculus
NEUR_9376,Cortex,61.99,56.72,Danio rerio
NEUR_3747,Thalamus,66.97,17.56,Danio rerio
NEUR_8195,Cortex,32.02,28.51,Rattus norvegicus
NEUR_3005,Striatum,11.81,99.06,Mus musculus
NEUR_8530,Hypothalamus,133.68,105.97,Danio rerio
NEUR_9841,Cortex,36.15,15.03,Mus musculus
NEUR_8543,Amygdala,4.85,23.2,Rattus norvegicus
NEUR_8115,Striatum,68.82,13.17,Rattus norvegicus
NEUR_9888,Hippocampus,88.87,88.8,Rattus norvegicus
NEUR_6927,Striatum,84.3,98.5,Mus musculus
NEUR_4948,Striatum,29.19,48.69,Macaca mulatta
NEUR_2715,Amygdala,66.14,11.67,Mus musculus
NEUR_2827,Cerebellum,123.87,59.22,Macaca mulatta
NEUR_5365,Cortex,103.19,25.65,Macaca mulatta
NEUR_3280,Cortex,95.04,29.13,Danio rerio
NEUR_8218,Striatum,73.49,48.97,Mus musculus
NEUR_1574,Hippocampus,131.5,58.12,Mus musculus
NEUR_8688,Thalamus,91.32,33.56,Rattus norvegicus
NEUR_8865,Hippocampus,7.2,53.23,Danio rerio
NEUR_1369,Thalamus,81.46,21.07,Mus musculus
NEUR_6914,Cerebellum,116.17,77.98,Rattus norvegicus
NEUR_8102,Cortex,5.23,69.08,Macaca mulatta
NEUR_9412,Amygdala,130.82,107.35,Macaca mulatta
NEUR_5017,Cerebellum,107.59,24.49,Rattus norvegicus
NEUR_1616,Hippocampus,36.35,93.53,Rattus norvegicus
NEUR_7493,Cortex,112.78,84.91,Mus musculus
NEUR_6460,Striatum,49.83,22.05,Rattus norvegicus
NEUR_2551,Cerebellum,144.83,100.91,Danio rerio
NEUR_2528,Striatum,73.33,66.4,Rattus norvegicus
NEUR_6959,Striatum,127.33,56.04,Macaca mulatta
NEUR_1311,Thalamus,131.64,14.59,Rattus norvegicus
NEUR_3584,Hypothalamus,132.35,57.58,Rattus norvegicus
NEUR_1630,Cerebellum,69.75,80.94,Danio rerio
NEUR_6921,Amygdala,25.63,16.44,Danio rerio
NEUR_9007,Hippocampus,104.72,78.82,Rattus norvegicus
NEUR_8072,Hypothalamus,65.29,42.33,Rattus norvegicus
NEUR_3046,Cerebellum,56.28,23.25,Rattus norvegicus
NEUR_6390,Amygdala,128.56,33.28,Mus musculus
NEUR_3583,Cerebellum,78.79,96.11,Rattus norvegicus
NEUR_8628,Hypothalamus,2.63,31.13,Macaca mulatta
NEUR_3891,Amygdala,42.97,112.08,Danio rerio
NEUR_3601,Thalamus,77.96,109.71,Macaca mulatta
NEUR_8730,Thalamus,80.26,62.48,Danio rerio
NEUR_7820,Hypothalamus,110.03,104.72,Danio rerio
NEUR_7447,Thalamus,6.44,26.82,Mus musculus
NEUR_8259,Cerebellum,123.29,56.59,Rattus norvegicus
NEUR_2993,Amygdala,37.02,69.47,Rattus norvegicus
NEUR_5888,Hypothalamus,123.72,52.12,Macaca mulatta
NEUR_1069,Hippocampus,35.25,77.46,Macaca mulatta
NEUR_5396,Thalamus,86.5,93.35,Danio rerio
NEUR_3267,Cortex,33.41,20.08,Macaca mulatta
NEUR_6897,Thalamus,50.1,51.65,Rattus norvegicus
NEUR_5589,Hypothalamus,105.55,52.18,Macaca mulatta
NEUR_6389,Thalamus,6.82,12.32,Rattus norvegicus
NEUR_2669,Hypothalamus,99.01,29.46,Danio rerio
NEUR_2217,Thalamus,137.28,65.83,Rattus norvegicus
NEUR_6222,Hypothalamus,58.24,57.51,Rattus norvegicus
NEUR_8060,Thalamus,125.02,113.01,Macaca mulatta
NEUR_7164,Hypothalamus,132.78,15.46,Rattus norvegicus
NEUR_8923,Amygdala,77.9,82.1,Danio rerio
NEUR_8551,Amygdala,6.39,96.36,Danio rerio
NEUR_5378,Amygdala,140.31,104.69,Rattus norvegicus
NEUR_6655,Hippocampus,44.94,72.38,Rattus norvegicus
NEUR_9649,Cerebellum,81.22,15.01,Rattus norvegicus
NEUR_1530,Cortex,71.28,97.12,Rattus norvegicus
NEUR_2282,Hypothalamus,45.85,81.44,Danio rerio
NEUR_3868,Thalamus,10.07,14.59,Macaca mulatta
NEUR_7201,Thalamus,60.64,44.0,Macaca mulatta
NEUR_7743,Striatum,88.83,99.43,Macaca mulatta
NEUR_5896,Thalamus,101.63,14.83,Danio rerio
NEUR_1894,Hypothalamus,63.92,99.92,Danio rerio
NEUR_4972,Thalamus,144.92,44.65,Macaca mulatta
NEUR_6105,Hypothalamus,44.21,61.39,Rattus norvegicus
NEUR_3624,Cerebellum,18.94,112.32,Mus musculus
NEUR_1832,Hippocampus,5.16,30.09,Macaca mulatta
NEUR_1166,Amygdala,6.48,72.81,Danio rerio
NEUR_5400,Cerebellum,83.84,46.92,Macaca mulatta
NEUR_8932,Cortex,94.61,94.57,Danio rerio
NEUR_2828,Thalamus,51.46,78.75,Mus musculus
NEUR_3918,Hypothalamus,87.11,81.19,Mus musculus
NEUR_6420,Hippocampus,71.34,40.8,Rattus norvegicus
NEUR_6712,Striatum,146.89,93.03,Danio rerio
NEUR_2781,Amygdala,42.82,86.0,Danio rerio
NEUR_3156,Cerebellum,39.16,65.31,Mus musculus
NEUR_8930,Cerebellum,32.66,63.91,Macaca mulatta
NEUR_7516,Thalamus,113.93,114.66,Mus musculus
NEUR_9833,Hippocampus,111.19,41.46,Rattus norvegicus
NEUR_1841,Thalamus,135.57,36.85,Rattus norvegicus
NEUR_4296,Cerebellum,77.78,65.51,Rattus norvegicus
NEUR_1186,Thalamus,68.27,43.88,Mus musculus
NEUR_6458,Thalamus,53.28,115.92,Mus musculus
NEUR_4068,Striatum,11.45,44.83,Mus musculus
NEUR_6099,Hypothalamus,105.31,50.2,Macaca mulatta
NEUR_1932,Amygdala,72.62,78.15,Macaca mulatta
NEUR_1178,Striatum,42.43,104.42,Mus musculus
NEUR_8896,Cerebellum,86.22,17.88,Macaca mulatta
NEUR_4076,Cerebellum,134.15,35.35,Mus musculus
NEUR_3194,Amygdala,69.22,60.76,Rattus norvegicus
NEUR_3337,Cerebellum,80.45,49.42,Danio rerio
NEUR_5701,Amygdala,141.76,114.15,Mus musculus
NEUR_2014,Thalamus,128.36,115.02,Rattus norvegicus
NEUR_7889,Cerebellum,80.96,46.49,Macaca mulatta
NEUR_6407,Cortex,64.35,85.9,Macaca mulatta
NEUR_4234,Cortex,58.74,94.16,Danio rerio
NEUR_2862,Striatum,50.55,118.27,Rattus norvegicus
NEUR_7727,Cerebellum,53.3,115.53,Danio rerio
NEUR_7062,Cortex,108.23,93.79,Macaca mulatta
NEUR_4521,Striatum,118.46,71.87,Danio rerio
NEUR_2005,Hypothalamus,87.15,66.42,Macaca mulatta
NEUR_4477,Hypothalamus,9.2,109.62,Rattus norvegicus
NEUR_6922,Cerebellum,131.11,37.23,Macaca mulatta
NEUR_6575,Hypothalamus,11.46,41.81,Macaca mulatta
NEUR_6050,Cortex,8.86,29.2,Danio rerio
NEUR_5841,Cerebellum,74.19,71.04,Rattus norvegicus
NEUR_4115,Cerebellum,16.29,22.54,Danio rerio
NEUR_4204,Thalamus,102.73,55.48,Mus musculus
NEUR_6347,Cortex,95.68,19.83,Mus musculus
NEUR_9377,Cortex,12.68,13.52,Macaca mulatta
NEUR_7486,Hippocampus,101.36,80.02,Danio rerio
NEUR_4892,Hypothalamus,52.61,81.08,Rattus norvegicus
NEUR_7202,Cortex,117.9,102.0,Macaca mulatta
NEUR_4703,Hippocampus,110.61,58.62,Rattus norvegicus
NEUR_6715,Amygdala,1.31,101.65,Mus musculus
NEUR_1798,Hypothalamus,72.81,63.63,Danio rerio
NEUR_1499,Striatum,72.35,90.79,Mus musculus
NEUR_4974,Cerebellum,21.73,61.11,Rattus norvegicus
NEUR_2296,Amygdala,124.73,69.53,Rattus norvegicus
NEUR_4746,Cortex,53.97,108.36,Macaca mulatta
NEUR_4948,Hippocampus,132.66,104.09,Danio rerio
NEUR_1041,Amygdala,53.12,83.11,Danio rerio
NEUR_6367,Hippocampus,144.55,34.98,Macaca mulatta
NEUR_9817,Hippocampus,94.47,50.17,Macaca mulatta
NEUR_7847,Striatum,46.77,21.68,Rattus norvegicus
NEUR_4564,Striatum,71.89,33.32,Danio rerio
NEUR_2890,Hippocampus,35.29,50.28,Mus musculus
NEUR_2880,Hypothalamus,32.22,77.3,Mus musculus
NEUR_3260,Hypothalamus,19.15,46.68,Rattus norvegicus
NEUR_4771,Hippocampus,141.36,36.83,Danio rerio
NEUR_7370,Hippocampus,13.28,25.35,Macaca mulatta
NEUR_9449,Amygdala,79.81,66.18,Danio rerio
NEUR_1909,Striatum,0.7,95.5,Danio rerio
NEUR_8392,Thalamus,59.22,59.87,Rattus norvegicus
NEUR_1418,Hippocampus,127.46,96.9,Macaca mulatta
NEUR_4718,Cortex,8.03,23.78,Mus musculus
NEUR_8248,Amygdala,41.89,69.38,Rattus norvegicus
NEUR_2110,Cortex,124.88,31.88,Mus musculus
NEUR_5700,Hippocampus,13.07,111.11,Mus musculus
NEUR_8793,Hippocampus,8.62,59.2,Macaca mulatta
NEUR_5589,Hypothalamus,61.35,71.91,Mus musculus
NEUR_9932,Hippocampus,54.94,112.08,Mus musculus
NEUR_3759,Amygdala,69.68,118.74,Rattus norvegicus
NEUR_3458,Hippocampus,120.48,116.6,Rattus norvegicus
NEUR_5320,Hypothalamus,60.03,67.04,Rattus norvegicus
NEUR_7198,Amygdala,36.64,75.01,Mus musculus
NEUR_5765,Amygdala,54.05,79.65,Danio rerio
NEUR_9178,Cortex,8.78,59.39,Danio rerio
NEUR_2863,Cerebellum,107.0,108.07,Rattus norvegicus
NEUR_3919,Cerebellum,73.62,16.27,Mus musculus
NEUR_7662,Hippocampus,148.11,14.26,Mus musculus
NEUR_5193,Amygdala,104.58,111.52,Macaca mulatta
NEUR_1257,Striatum,143.71,32.56,Rattus norvegicus
NEUR_8178,Cerebellum,130.96,61.6,Mus musculus
NEUR_9532,Hypothalamus,132.11,55.76,Mus musculus
NEUR_5225,Amygdala,47.5,28.03,Macaca mulatta
NEUR_7484,Hippocampus,52.18,53.75,Macaca mulatta
NEUR_2370,Thalamus,88.2,19.23,Macaca mulatta
NEUR_9608,Cortex,52.06,57.89,Rattus norvegicus
NEUR_7297,Striatum,52.71,56.04,Danio rerio
NEUR_6874,Thalamus,94.88,62.93,Macaca mulatta
NEUR_1673,Hypothalamus,61.95,100.68,Danio rerio
NEUR_7395,Hypothalamus,58.92,61.77,Macaca mulatta
NEUR_7435,Striatum,84.19,118.21,Macaca mulatta
NEUR_9983,Cortex,90.16,80.75,Rattus norvegicus
NEUR_5750,Hippocampus,103.72,13.75,Rattus norvegicus
NEUR_1140,Thalamus,93.5,36.61,Rattus norvegicus
NEUR_1049,Cerebellum,48.62,102.75,Macaca mulatta
NEUR_7488,Cortex,16.49,112.15,Rattus norvegicus
NEUR_2802,Hippocampus,9.2,62.66,Mus musculus
NEUR_1633,Hypothalamus,27.44,33.48,Danio rerio
NEUR_1797,Striatum,58.05,90.62,Danio rerio
NEUR_5619,Hippocampus,119.74,100.63,Mus musculus
NEUR_7843,Thalamus,63.38,46.22,Danio rerio
NEUR_6471,Cortex,49.76,32.32,Macaca mulatta
NEUR_9147,Striatum,55.13,21.78,Macaca mulatta
NEUR_8678,Thalamus,114.18,104.08,Mus musculus
NEUR_9594,Cortex,19.48,48.84,Danio rerio
NEUR_7824,Striatum,142.1,87.55,Macaca mulatta
NEUR_2588,Amygdala,11.65,15.91,Danio rerio
NEUR_8703,Hippocampus,129.79,99.66,Danio rerio
NEUR_8964,Cerebellum,41.83,12.22,Danio rerio
NEUR_3577,Striatum,61.71,18.97,Danio rerio
NEUR_5156,Cortex,47.11,61.12,Danio rerio
NEUR_6478,Cerebellum,56.95,42.56,Rattus norvegicus
NEUR_2007,Cerebellum,124.85,73.0,Macaca mulatta
NEUR_3106,Amygdala,113.67,26.83,Rattus norvegicus
NEUR_9713,Hypothalamus,42.43,113.45,Mus musculus
NEUR_8837,Striatum,58.96,114.46,Danio rerio
NEUR_2726,Striatum,133.6,61.32,Danio rerio
NEUR_8918,Cortex,41.81,105.67,Rattus norvegicus
NEUR_2681,Striatum,70.69,60.44,Danio rerio
NEUR_2968,Hippocampus,95.2,15.17,Rattus norvegicus
NEUR_3812,Amygdala,116.24,105.17,Danio rerio
NEUR_7819,Thalamus,114.09,92.58,Macaca mulatta
NEUR_3169,Hypothalamus,14.93,63.94,Rattus norvegicus
NEUR_3063,Striatum,15.45,52.63,Macaca mulatta
NEUR_4516,Hypothalamus,107.95,111.18,Rattus norvegicus
NEUR_2155,Striatum,109.08,116.82,Danio rerio
NEUR_2726,Cerebellum,112.65,94.34,Rattus norvegicus
NEUR_2234,Hippocampus,32.87,91.0,Danio rerio
NEUR_4853,Cortex,147.53,68.57,Macaca mulatta
NEUR_3559,Cortex,43.29,97.04,Mus musculus
NEUR_1916,Striatum,138.87,26.52,Mus musculus
NEUR_8422,Hippocampus,5.4,110.6,Macaca mulatta
NEUR_4383,Thalamus,48.91,52.03,Danio rerio
NEUR_6374,Amygdala,108.4,33.4,Mus musculus
NEUR_5741,Striatum,77.23,93.45,Mus musculus
NEUR_1612,Cortex,0.46,84.11,Mus musculus
NEUR_2071,Cerebellum,1.53,79.37,Rattus norvegicus
NEUR_6846,Striatum,21.22,64.47,Macaca mulatta
NEUR_7894,Cortex,112.22,74.11,Macaca mulatta
NEUR_2453,Striatum,142.15,41.7,Macaca mulatta
NEUR_4703,Hypothalamus,70.14,71.0,Macaca mulatta
NEUR_5907,Striatum,20.05,25.2,Macaca mulatta
NEUR_1852,Cortex,43.32,87.56,Rattus norvegicus
NEUR_4152,Cortex,29.14,104.57,Mus musculus
NEUR_7271,Striatum,79.72,82.14,Mus musculus
NEUR_7942,Hippocampus,148.27,53.44,Danio rerio
NEUR_3512,Cerebellum,19.51,65.44,Rattus norvegicus
NEUR_4748,Amygdala,19.74,108.41,Macaca mulatta
NEUR_1841,Hypothalamus,14.92,117.63,Macaca mulatta
NEUR_8892,Amygdala,16.27,32.99,Rattus norvegicus
NEUR_4691,Striatum,75.56,118.73,Danio rerio
NEUR_9620,Striatum,9.38,109.6,Mus musculus
NEUR_5797,Cortex,56.49,60.86,Rattus norvegicus
NEUR_3923,Cortex,85.97,65.33,Rattus norvegicus
NEUR_6654,Cortex,16.9,56.46,Macaca mulatta
NEUR_2914,Amygdala,67.17,27.08,Macaca mulatta
NEUR_3747,Cortex,98.98,65.32,Mus musculus
NEUR_4601,Striatum,71.28,73.2,Danio rerio
NEUR_4575,Thalamus,56.45,30.95,Macaca mulatta
NEUR_9894,Striatum,78.96,71.57,Rattus norvegicus
NEUR_1876,Hippocampus,69.41,95.9,Rattus norvegicus
NEUR_5306,Hippocampus,10.77,101.98,Danio rerio
NEUR_6817,Hypothalamus,36.52,109.88,Mus musculus
NEUR_3628,Thalamus,37.13,86.14,Rattus norvegicus
NEUR_9985,Hypothalamus,22.91,52.08,Macaca mulatta
NEUR_8476,Hippocampus,61.9,18.2,Danio rerio
NEUR_1795,Amygdala,130.38,37.11,Mus musculus
NEUR_3309,Striatum,37.68,40.16,Rattus norvegicus
NEUR_9593,Thalamus,0.79,24.61,Mus musculus
NEUR_7227,Striatum,27.04,57.12,Rattus norvegicus
NEUR_5952,Amygdala,67.2,12.54,Rattus norvegicus
NEUR_8052,Striatum,8.18,12.78,Danio rerio
NEUR_7730,Thalamus,64.18,26.1,Macaca mulatta
NEUR_9193,Cerebellum,79.78,46.31,Rattus norvegicus
NEUR_8542,Cortex,115.26,83.8,Macaca mulatta
NEUR_9974,Thalamus,84.74,110.53,Rattus norvegicus
NEUR_1877,Thalamus,88.38,88.15,Rattus norvegicus
NEUR_2815,Thalamus,66.12,37.64,Danio rerio
NEUR_4854,Hypothalamus,39.07,94.6,Rattus norvegicus
NEUR_3418,Hippocampus,107.09,46.0,Mus musculus
NEUR_4094,Hippocampus,28.6,117.04,Danio rerio
NEUR_1235,Hypothalamus,73.96,83.3,Macaca mulatta
NEUR_2989,Cortex,20.18,105.77,Danio rerio
NEUR_2453,Amygdala,102.84,39.82,Mus musculus
NEUR_5238,Thalamus,58.61,104.97,Mus musculus
NEUR_4664,Hippocampus,63.15,70.87,Rattus norvegicus
NEUR_5363,Cerebellum,93.91,47.39,Rattus norvegicus
NEUR_9997,Striatum,67.45,108.7,Mus musculus
NEUR_3002,Thalamus,2.86,64.27,Macaca mulatta
NEUR_6971,Cortex,141.25,80.15,Danio rerio
NEUR_1546,Thalamus,121.37,113.05,Danio rerio
NEUR_7953,Hypothalamus,146.35,51.04,Mus musculus
NEUR_1005,Striatum,103.4,104.49,Rattus norvegicus
NEUR_2697,Cerebellum,93.93,26.0,Rattus norvegicus
NEUR_2955,Hypothalamus,77.36,50.81,Macaca mulatta
NEUR_3189,Thalamus,22.14,96.17,Rattus norvegicus
NEUR_4846,Amygdala,126.93,90.45,Macaca mulatta
NEUR_4924,Thalamus,93.21,110.6,Rattus norvegicus
NEUR_4947,Cerebellum,140.23,60.81,Macaca mulatta
NEUR_6806,Striatum,4.29,113.17,Macaca mulatta
NEUR_9430,Thalamus,3.79,92.07,Danio rerio
NEUR_4410,Hypothalamus,52.09,96.02,Danio rerio
NEUR_2478,Cerebellum,46.41,81.78,Rattus norvegicus
NEUR_7818,Amygdala,128.4,94.39,Mus musculus
NEUR_5562,Hippocampus,108.92,59.63,Rattus norvegicus
NEUR_2609,Striatum,83.05,47.51,Danio rerio
NEUR_2982,Cortex,79.39,43.89,Danio rerio
NEUR_7840,Striatum,13.67,33.17,Rattus norvegicus
NEUR_4933,Hypothalamus,102.36,21.56,Danio rerio
NEUR_1931,Amygdala,71.79,35.68,Macaca mulatta
NEUR_7810,Amygdala,128.4,72.18,Rattus norvegicus
NEUR_4866,Thalamus,96.42,108.78,Macaca mulatta
NEUR_6784,Hippocampus,5.19,14.38,Macaca mulatta
NEUR_5469,Hippocampus,98.81,55.25,Rattus norvegicus
NEUR_4321,Amygdala,85.62,46.36,Macaca mulatta
NEUR_1249,Cortex,93.62,99.44,Macaca mulatta
NEUR_1931,Cortex,106.15,64.3,Mus musculus
NEUR_9620,Thalamus,0.63,23.73,Macaca mulatta
NEUR_4964,Hippocampus,65.14,14.03,Danio rerio
NEUR_8467,Hippocampus,135.98,93.43,Danio rerio
NEUR_5337,Cortex,142.4,81.47,Mus musculus
NEUR_8375,Hippocampus,81.89,56.1,Macaca mulatta
NEUR_3362,Hypothalamus,4.91,43.32,Mus musculus
NEUR_4243,Hippocampus,96.9,112.2,Rattus norvegicus
NEUR_3243,Amygdala,116.62,64.22,Rattus norvegicus
NEUR_9495,Cerebellum,49.24,116.41,Macaca mulatta
NEUR_4342,Cortex,84.98,117.74,Macaca mulatta
NEUR_3687,Cerebellum,124.53,48.59,Macaca mulatta
NEUR_6382,Striatum,122.01,108.0,Macaca mulatta
NEUR_2005,Striatum,110.01,63.61,Macaca mulatta
NEUR_6572,Hippocampus,60.17,44.42,Macaca mulatta
NEUR_1694,Hippocampus,145.05,33.05,Mus musculus
NEUR_9514,Amygdala,76.68,111.72,Macaca mulatta
NEUR_6492,Thalamus,134.37,88.64,Macaca mulatta
NEUR_5648,Cerebellum,63.24,60.81,Macaca mulatta
NEUR_2719,Cortex,56.73,117.56,Mus musculus
NEUR_8073,Cortex,19.92,19.16,Macaca mulatta
NEUR_1881,Cortex,87.93,11.69,Danio rerio
NEUR_7255,Hippocampus,58.7,25.41,Mus musculus
NEUR_2641,Thalamus,87.86,26.84,Danio rerio
NEUR_5706,Thalamus,141.31,46.75,Mus musculus
NEUR_3900,Amygdala,128.15,71.16,Mus musculus
NEUR_8181,Hippocampus,149.39,109.24,Macaca mulatta
NEUR_7384,Hypothalamus,130.49,33.16,Danio rerio
NEUR_9004,Cortex,11.91,15.6,Macaca mulatta
NEUR_4457,Cortex,119.32,106.44,Rattus norvegicus
NEUR_6251,Cerebellum,70.71,23.21,Mus musculus
NEUR_5580,Hippocampus,130.73,105.69,Danio rerio
NEUR_7066,Thalamus,83.85,75.73,Danio rerio
NEUR_6713,Striatum,114.55,48.81,Macaca mulatta
NEUR_2162,Cerebellum,99.0,68.1,Mus musculus
NEUR_1989,Amygdala,18.95,58.89,Danio rerio
NEUR_6141,Amygdala,88.51,89.59,Rattus norvegicus
NEUR_6253,Cerebellum,29.52,15.38,Danio rerio
NEUR_9806,Striatum,129.2,32.23,Macaca mulatta
NEUR_1429,Cerebellum,19.01,13.13,Macaca mulatta
NEUR_5827,Hypothalamus,145.22,80.31,Macaca mulatta
NEUR_3527,Striatum,54.45,41.4,Rattus norvegicus
NEUR_7694,Cortex,143.53,32.87,Macaca mulatta
NEUR_7024,Hippocampus,123.65,24.81,Rattus norvegicus
NEUR_7640,Amygdala,136.28,61.23,Danio rerio
NEUR_6484,Thalamus,65.55,65.31,Danio rerio
NEUR_1637,Thalamus,64.64,38.63,Mus musculus
NEUR_5526,Thalamus,144.73,44.79,Mus musculus
NEUR_9469,Hippocampus,106.35,52.05,Mus musculus
NEUR_2958,Cerebellum,138.71,110.76,Mus musculus
NEUR_1920,Cortex,108.59,119.03,Danio rerio
NEUR_1668,Amygdala,68.08,81.95,Danio rerio
NEUR_2882,Cortex,116.1,18.12,Danio rerio
NEUR_6512,Hypothalamus,94.22,41.74,Macaca mulatta
NEUR_1200,Striatum,16.92,101.23,Danio rerio
NEUR_9035,Striatum,134.2,110.27,Rattus norvegicus
NEUR_1939,Cortex,20.58,35.02,Macaca mulatta
NEUR_5954,Striatum,45.89,70.93,Rattus norvegicus
NEUR_1153,Cerebellum,137.34,49.59,Rattus norvegicus
NEUR_8874,Striatum,21.41,12.45,Danio rerio
NEUR_2092,Cortex,0.34,24.95,Mus musculus
NEUR_7571,Cortex,80.9,63.16,Rattus norvegicus
NEUR_4922,Cortex,131.22,50.5,Macaca mulatta
NEUR_1008,Hippocampus,15.13,24.99,Rattus norvegicus
NEUR_5530,Hypothalamus,23.29,70.89,Rattus norvegicus
NEUR_9393,Hypothalamus,5.15,18.62,Rattus norvegicus
NEUR_2417,Striatum,53.1,62.42,Danio rerio
NEUR_4011,Amygdala,28.75,25.25,Danio rerio
NEUR_1688,Hippocampus,109.58,102.64,Danio rerio
NEUR_5282,Cerebellum,25.38,44.79,Rattus norvegicus
NEUR_1936,Cortex,70.19,102.56,Macaca mulatta
NEUR_9934,Thalamus,1.02,110.93,Rattus norvegicus
NEUR_2080,Hypothalamus,1.77,70.57,Macaca mulatta
NEUR_5620,Amygdala,87.13,35.51,Danio rerio
NEUR_6806,Thalamus,75.9,118.78,Macaca mulatta
NEUR_5866,Amygdala,52.29,16.9,Macaca mulatta
NEUR_4085,Hippocampus,131.83,116.33,Mus musculus
NEUR_8744,Hypothalamus,147.19,71.37,Mus musculus
NEUR_3832,Cerebellum,139.27,35.43,Macaca mulatta
NEUR_1003,Striatum,106.71,73.61,Mus musculus
NEUR_6446,Amygdala,108.11,90.98,Macaca mulatta
NEUR_7957,Hypothalamus,117.43,95.47,Rattus norvegicus
NEUR_8122,Striatum,129.81,87.77,Rattus norvegicus
NEUR_3862,Striatum,7.09,85.7,Macaca mulatta
NEUR_7377,Striatum,11.32,56.15,Mus musculus
NEUR_3424,Amygdala,38.11,91.52,Mus musculus
NEUR_1775,Cortex,107.83,29.19,Rattus norvegicus
NEUR_6619,Hippocampus,99.92,14.36,Rattus norvegicus
NEUR_9410,Cerebellum,124.85,34.93,Macaca mulatta
NEUR_9944,Cortex,147.55,101.62,Danio rerio
NEUR_9717,Striatum,126.79,16.05,Danio rerio
NEUR_2073,Hippocampus,32.38,22.97,Macaca mulatta
NEUR_1156,Cerebellum,66.37,54.44,Danio rerio
NEUR_8575,Thalamus,70.89,62.79,Mus musculus
NEUR_7152,Amygdala,120.07,50.56,Danio rerio
NEUR_3024,Cerebellum,111.87,77.71,Rattus norvegicus
NEUR_7292,Cortex,51.82,103.13,Mus musculus
NEUR_8913,Hypothalamus,108.63,107.77,Rattus norvegicus
NEUR_3845,Amygdala,40.87,66.98,Danio rerio
NEUR_1130,Amygdala,123.58,56.75,Rattus norvegicus
NEUR_1216,Cortex,62.69,15.81,Danio rerio
NEUR_4295,Striatum,89.33,13.59,Mus musculus
NEUR_8099,Hypothalamus,30.71,41.53,Rattus norvegicus
NEUR_3230,Hypothalamus,129.6,16.05,Macaca mulatta
NEUR_6985,Hippocampus,106.7,55.11,Danio rerio
NEUR_4645,Amygdala,123.91,72.5,Macaca mulatta
NEUR_1624,Hippocampus,123.31,51.55,Rattus norvegicus
NEUR_6676,Hippocampus,144.45,93.96,Rattus norvegicus
NEUR_5057,Hypothalamus,124.5,59.98,Danio rerio
NEUR_2188,Cerebellum,128.21,10.03,Macaca mulatta
NEUR_5534,Thalamus,105.66,68.04,Rattus norvegicus
NEUR_2173,Hypothalamus,149.55,89.02,Rattus norvegicus
NEUR_4212,Striatum,127.75,90.19,Rattus norvegicus
NEUR_4879,Thalamus,68.25,88.69,Macaca mulatta
NEUR_2272,Striatum,17.9,50.77,Danio rerio
NEUR_5512,Amygdala,128.62,100.06,Mus musculus
NEUR_6967,Thalamus,149.81,67.75,Rattus norvegicus
NEUR_7256,Cortex,111.56,86.37,Danio rerio
NEUR_8707,Striatum,106.7,86.4,Danio rerio
NEUR_5128,Hypothalamus,134.08,41.04,Rattus norvegicus
NEUR_4302,Striatum,90.06,35.15,Macaca mulatta
NEUR_6579,Striatum,126.45,17.01,Rattus norvegicus
NEUR_1421,Amygdala,113.88,27.06,Mus musculus
NEUR_8543,Striatum,34.97,44.05,Macaca mulatta
NEUR_1610,Cortex,48.61,24.7,Rattus norvegicus
NEUR_4116,Cortex,96.0,95.85,Macaca mulatta
NEUR_4093,Thalamus,60.58,118.68,Mus musculus
NEUR_5022,Hypothalamus,101.06,83.45,Danio rerio
NEUR_9964,Cerebellum,51.7,90.99,Rattus norvegicus
NEUR_6305,Striatum,37.83,114.74,Macaca mulatta
NEUR_3790,Thalamus,139.11,32.84,Macaca mulatta
NEUR_7860,Cerebellum,51.86,48.65,Macaca mulatta
NEUR_7084,Cortex,111.54,67.76,Danio rerio
NEUR_1856,Striatum,135.1,57.68,Mus musculus
NEUR_6372,Striatum,103.71,30.4,Rattus norvegicus
NEUR_8297,Cortex,74.21,87.52,Danio rerio
NEUR_2066,Thalamus,67.16,36.44,Rattus norvegicus
NEUR_6059,Hypothalamus,6.21,22.99,Danio rerio
NEUR_6141,Hippocampus,119.23,38.77,Danio rerio
NEUR_3255,Striatum,125.66,65.97,Mus musculus
NEUR_2192,Striatum,57.87,84.55,Macaca mulatta
NEUR_5310,Amygdala,21.88,26.38,Rattus norvegicus
NEUR_5469,Hippocampus,47.97,103.37,Macaca mulatta
NEUR_4007,Hypothalamus,71.38,18.28,Macaca mulatta
NEUR_2275,Cortex,98.45,47.85,Mus musculus
NEUR_4917,Cortex,69.72,69.5,Danio rerio
NEUR_8242,Hippocampus,84.02,57.24,Danio rerio
NEUR_5831,Thalamus,41.45,50.16,Macaca mulatta
NEUR_9881,Striatum,75.06,113.87,Danio rerio
NEUR_8625,Cerebellum,99.0,91.12,Rattus norvegicus
NEUR_3101,Striatum,120.09,99.64,Rattus norvegicus
NEUR_4959,Hypothalamus,7.84,88.63,Rattus norvegicus
NEUR_5988,Amygdala,143.82,79.57,Rattus norvegicus
NEUR_5172,Thalamus,53.16,77.99,Rattus norvegicus
NEUR_4589,Hippocampus,58.57,81.57,Rattus norvegicus
NEUR_2436,Amygdala,34.42,48.54,Danio rerio
NEUR_5060,Cortex,56.73,116.44,Macaca mulatta
NEUR_8043,Striatum,7.77,76.75,Danio rerio
NEUR_5981,Amygdala,72.09,49.21,Mus musculus
NEUR_9306,Hippocampus,71.86,54.42,Mus musculus
NEUR_9710,Cerebellum,88.41,98.8,Rattus norvegicus
NEUR_2566,Striatum,55.78,61.92,Danio rerio
NEUR_7377,Striatum,85.01,75.58,Macaca mulatta
NEUR_8048,Cortex,148.01,44.99,Macaca mulatta
NEUR_4638,Thalamus,115.3,111.19,Rattus norvegicus
NEUR_6057,Amygdala,33.72,41.41,Macaca mulatta
NEUR_3507,Hypothalamus,103.19,98.23,Mus musculus
NEUR_8676,Cortex,59.54,117.47,Macaca mulatta
NEUR_2564,Thalamus,110.76,62.19,Mus musculus
NEUR_6217,Hippocampus,28.96,71.29,Danio rerio
NEUR_7994,Cerebellum,108.53,67.77,Macaca mulatta
NEUR_3355,Cerebellum,20.39,56.15,Mus musculus
NEUR_9753,Cortex,18.27,107.96,Rattus norvegicus
NEUR_7078,Amygdala,22.97,30.33,Danio rerio
NEUR_3823,Hypothalamus,30.92,109.21,Danio rerio
NEUR_8528,Hypothalamus,121.82,45.78,Macaca mulatta
NEUR_2969,Striatum,9.54,69.48,Mus musculus
NEUR_3808,Hippocampus,28.96,24.1,Macaca mulatta
NEUR_1314,Cerebellum,54.87,86.64,Danio rerio
NEUR_9663,Cortex,109.51,35.23,Danio rerio
NEUR_5086,Hypothalamus,134.48,109.78,Danio rerio
NEUR_2016,Cortex,138.73,46.71,Mus musculus
NEUR_5349,Cortex,110.9,12.81,Mus musculus
NEUR_3671,Striatum,103.7,26.84,Mus musculus
NEUR_1216,Amygdala,46.2,91.89,Rattus norvegicus
NEUR_7425,Striatum,121.8,13.77,Danio rerio
NEUR_9923,Cerebellum,139.25,110.46,Rattus norvegicus
NEUR_8041,Cerebellum,141.6,54.17,Rattus norvegicus
NEUR_2607,Thalamus,68.16,62.97,Mus musculus
NEUR_3025,Thalamus,67.13,45.72,Danio rerio
NEUR_8892,Hippocampus,38.88,66.88,Mus musculus
NEUR_5438,Hippocampus,88.19,22.27,Rattus norvegicus
NEUR_3797,Cerebellum,81.15,113.7,Danio rerio
NEUR_5365,Cortex,26.32,96.6,Mus musculus
NEUR_3092,Thalamus,27.8,86.46,Mus musculus
NEUR_7434,Hippocampus,118.11,51.62,Mus musculus
NEUR_7622,Amygdala,86.95,14.28,Rattus norvegicus
NEUR_7370,Striatum,141.88,75.33,Macaca mulatta
NEUR_8773,Hypothalamus,57.01,56.75,Rattus norvegicus
NEUR_8247,Hippocampus,71.2,118.6,Mus musculus
NEUR_6059,Hippocampus,142.1,60.25,Danio rerio
NEUR_6740,Cortex,11.6,59.51,Danio rerio
NEUR_4996,Striatum,42.68,45.82,Mus musculus
NEUR_8714,Thalamus,126.76,90.46,Mus musculus
NEUR_2308,Amygdala,31.22,13.63,Mus musculus
NEUR_9571,Cerebellum,59.04,69.48,Mus musculus
NEUR_6321,Amygdala,117.04,65.39,Mus musculus
NEUR_9381,Hypothalamus,122.8,58.13,Danio rerio
NEUR_3201,Hypothalamus,114.56,71.71,Mus musculus
NEUR_3083,Thalamus,26.83,24.12,Macaca mulatta
NEUR_3653,Cortex,51.51,107.81,Macaca mulatta
NEUR_8602,Hippocampus,141.06,13.63,Danio rerio
NEUR_9724,Striatum,80.93,49.17,Mus musculus
NEUR_8848,Amygdala,45.76,19.45,Danio rerio
NEUR_9869,Hypothalamus,47.78,58.54,Macaca mulatta
NEUR_4427,Cerebellum,8.72,79.4,Macaca mulatta
NEUR_7103,Cerebellum,147.36,41.11,Danio rerio
NEUR_1309,Cerebellum,96.83,39.4,Rattus norvegicus
NEUR_5970,Amygdala,70.46,20.44,Rattus norvegicus
NEUR_3509,Thalamus,148.86,60.92,Danio rerio
NEUR_6184,Cortex,129.91,47.91,Danio rerio
NEUR_3517,Hippocampus,125.24,101.43,Danio rerio
NEUR_7812,Thalamus,28.88,23.2,Rattus norvegicus
NEUR_6800,Hypothalamus,112.8,26.43,Danio rerio
NEUR_9411,Amygdala,76.15,15.0,Rattus norvegicus
NEUR_8006,Striatum,71.76,48.88,Macaca mulatta
NEUR_8734,Amygdala,60.88,39.7,Macaca mulatta
NEUR_9589,Cerebellum,76.83,44.51,Danio rerio
NEUR_8398,Thalamus,20.59,75.88,Macaca mulatta
NEUR_7730,Amygdala,89.4,32.22,Macaca mulatta
NEUR_2195,Amygdala,94.91,66.47,Danio rerio
NEUR_6711,Cortex,132.26,18.85,Macaca mulatta
NEUR_6078,Cerebellum,42.64,85.93,Macaca mulatta
NEUR_5560,Striatum,15.84,31.62,Danio rerio
NEUR_3630,Cortex,63.72,11.28,Rattus norvegicus
NEUR_2184,Hippocampus,132.57,34.01,Rattus norvegicus
NEUR_1014,Amygdala,88.2,43.73,Mus musculus
NEUR_2770,Amygdala,87.34,26.62,Danio rerio
NEUR_2723,Hypothalamus,96.85,31.92,Danio rerio
NEUR_6789,Amygdala,83.17,59.52,Danio rerio
NEUR_3675,Striatum,97.72,37.01,Danio rerio
NEUR_4205,Cerebellum,77.48,52.66,Macaca mulatta
NEUR_1006,Cortex,84.34,13.8,Danio rerio
NEUR_9649,Amygdala,115.85,94.54,Mus musculus
NEUR_3246,Cerebellum,80.42,101.04,Mus musculus
NEUR_7794,Hippocampus,68.89,37.9,Macaca mulatta
NEUR_7710,Cerebellum,10.52,81.87,Macaca mulatta
NEUR_8162,Amygdala,33.15,104.88,Rattus norvegicus
NEUR_8207,Hypothalamus,75.29,49.3,Macaca mulatta
NEUR_3180,Thalamus,134.65,58.56,Rattus norvegicus
NEUR_5846,Amygdala,104.07,71.3,Rattus norvegicus
NEUR_3138,Amygdala,4.19,102.45,Macaca mulatta
NEUR_8926,Thalamus,111.71,58.84,Mus musculus
NEUR_2860,Amygdala,139.63,36.92,Macaca mulatta
NEUR_8735,Cerebellum,15.33,109.38,Macaca mulatta
NEUR_7212,Thalamus,133.75,114.55,Danio rerio
NEUR_3641,Amygdala,44.32,80.13,Macaca mulatta
NEUR_8975,Hippocampus,68.03,107.9,Mus musculus
NEUR_2556,Cerebellum,78.88,58.23,Rattus norvegicus
NEUR_8443,Amygdala,61.03,117.48,Rattus norvegicus
NEUR_3457,Hypothalamus,78.21,37.51,Mus musculus
NEUR_2721,Hippocampus,126.67,24.91,Rattus norvegicus
NEUR_8763,Cortex,23.48,58.05,Mus musculus
NEUR_7871,Striatum,142.94,27.3,Macaca mulatta
NEUR_2023,Cerebellum,109.88,32.55,Rattus norvegicus
NEUR_7099,Cerebellum,17.86,26.08,Mus musculus
NEUR_7239,Striatum,143.08,39.14,Danio rerio
NEUR_4560,Hippocampus,72.76,59.26,Rattus norvegicus
NEUR_6368,Cerebellum,105.71,75.68,Mus musculus
NEUR_6808,Striatum,52.9,43.88,Rattus norvegicus
NEUR_6922,Hypothalamus,136.61,27.62,Rattus norvegicus
NEUR_2143,Thalamus,147.93,75.84,Mus musculus
NEUR_6565,Hypothalamus,124.16,41.37,Rattus norvegicus
NEUR_2135,Hippocampus,82.39,43.45,Rattus norvegicus
NEUR_7660,Thalamus,5.24,103.05,Mus musculus
NEUR_3547,Striatum,84.03,80.32,Mus musculus
NEUR_2341,Hippocampus,91.35,75.77,Danio rerio
NEUR_2391,Cortex,145.69,106.77,Macaca mulatta
NEUR_5011,Hypothalamus,38.99,60.3,Rattus norvegicus
NEUR_2723,Thalamus,96.67,64.0,Danio rerio
NEUR_7508,Cortex,32.81,95.4,Danio rerio
NEUR_5656,Hypothalamus,103.18,84.0,Mus musculus
NEUR_6673,Amygdala,77.6,101.14,Rattus norvegicus
NEUR_9072,Cortex,114.07,105.42,Macaca mulatta
NEUR_6512,Cerebellum,70.29,24.1,Macaca mulatta
NEUR_4197,Hippocampus,11.64,80.86,Macaca mulatta
NEUR_6049,Hypothalamus,120.55,16.48,Rattus norvegicus
NEUR_7520,Striatum,86.95,63.85,Rattus norvegicus
NEUR_6249,Cerebellum,46.23,81.46,Macaca mulatta
NEUR_5706,Striatum,147.09,101.35,Danio rerio
NEUR_2634,Striatum,149.59,77.85,Rattus norvegicus
NEUR_7589,Amygdala,118.99,19.6,Macaca mulatta
NEUR_4913,Amygdala,42.88,113.37,Danio rerio
NEUR_3093,Amygdala,142.38,112.77,Danio rerio
NEUR_4310,Hypothalamus,80.42,34.57,Rattus norvegicus
NEUR_6911,Amygdala,72.24,114.65,Danio rerio
NEUR_6581,Thalamus,140.48,84.36,Mus musculus
NEUR_9212,Hippocampus,146.11,53.44,Mus musculus
NEUR_8331,Thalamus,100.81,57.07,Mus musculus
NEUR_3587,Cerebellum,19.15,14.05,Macaca mulatta
NEUR_5258,Hippocampus,112.15,30.74,Macaca mulatta
NEUR_7029,Cerebellum,17.15,52.83,Danio rerio
NEUR_5904,Amygdala,14.91,102.26,Mus musculus
NEUR_6978,Cerebellum,46.84,79.87,Mus musculus
NEUR_6186,Amygdala,29.26,105.54,Mus musculus
NEUR_6403,Cerebellum,124.14,59.84,Macaca mulatta
NEUR_5959,Cerebellum,122.21,31.31,Rattus norvegicus
NEUR_4352,Hypothalamus,145.68,45.64,Danio rerio
NEUR_6521,Hypothalamus,121.96,94.63,Mus musculus
NEUR_6346,Cerebellum,113.92,49.05,Macaca mulatta
NEUR_3992,Thalamus,134.6,105.43,Macaca mulatta
NEUR_7880,Cerebellum,0.28,38.08,Mus musculus
NEUR_4920,Hippocampus,52.47,113.11,Mus musculus
NEUR_6270,Thalamus,45.81,19.94,Rattus norvegicus
NEUR_7328,Hypothalamus,115.81,105.55,Mus musculus
NEUR_4180,Striatum,50.27,46.31,Danio rerio
NEUR_1035,Striatum,130.15,103.55,Danio rerio
NEUR_1565,Cortex,61.25,117.7,Rattus norvegicus
NEUR_4603,Striatum,140.25,79.38,Danio rerio
NEUR_5882,Striatum,37.62,52.43,Rattus norvegicus
NEUR_6270,Cerebellum,117.52,25.58,Mus musculus
NEUR_4592,Hypothalamus,52.03,88.04,Danio rerio
NEUR_1614,Hippocampus,16.84,32.51,Rattus norvegicus
NEUR_2412,Hippocampus,107.5,22.6,Rattus norvegicus
NEUR_3284,Striatum,67.13,26.39,Macaca mulatta
NEUR_4996,Amygdala,30.42,96.59,Danio rerio
NEUR_7743,Amygdala,43.52,72.56,Rattus norvegicus
NEUR_3560,Hypothalamus,10.02,86.97,Danio rerio
NEUR_9535,Hypothalamus,61.76,104.81,Macaca mulatta
NEUR_8486,Cortex,9.59,57.1,Danio rerio
NEUR_1473,Hippocampus,16.97,62.42,Macaca mulatta
NEUR_7202,Thalamus,51.3,106.06,Rattus norvegicus
NEUR_8106,Cortex,106.46,11.69,Danio rerio
NEUR_7712,Amygdala,10.64,28.72,Danio rerio
NEUR_2070,Cerebellum,21.11,71.69,Rattus norvegicus
NEUR_5423,Hippocampus,19.41,47.83,Mus musculus
NEUR_3181,Hypothalamus,126.65,50.07,Rattus norvegicus
NEUR_6877,Hippocampus,69.46,73.52,Rattus norvegicus
NEUR_1767,Thalamus,140.91,82.12,Rattus norvegicus
NEUR_5724,Hippocampus,124.93,31.05,Mus musculus
NEUR_9924,Thalamus,78.28,115.71,Macaca mulatta
NEUR_4885,Amygdala,132.73,58.49,Mus musculus
NEUR_5989,Striatum,117.55,22.4,Macaca mulatta
NEUR_2515,Striatum,20.66,106.45,Rattus norvegicus
NEUR_5432,Striatum,54.05,74.06,Rattus norvegicus
NEUR_5467,Thalamus,41.02,86.13,Mus musculus
NEUR_3996,Cerebellum,107.59,13.81,Macaca mulatta
NEUR_2244,Hypothalamus,20.31,77.03,Macaca mulatta
NEUR_2960,Thalamus,37.05,74.38,Mus musculus
NEUR_7693,Amygdala,95.24,79.01,Rattus norvegicus
NEUR_9729,Amygdala,33.86,20.47,Macaca mulatta
NEUR_7193,Cortex,120.26,46.4,Danio rerio
NEUR_5800,Cortex,88.56,32.3,Macaca mulatta
NEUR_3366,Thalamus,19.88,22.6,Danio rerio
NEUR_1245,Cortex,54.17,96.39,Macaca mulatta
NEUR_1904,Striatum,111.56,118.37,Mus musculus
NEUR_6730,Cortex,48.34,51.98,Mus musculus
NEUR_9624,Hippocampus,32.58,43.14,Mus musculus
NEUR_8614,Cerebellum,141.96,76.85,Macaca mulatta
NEUR_8523,Thalamus,73.13,23.01,Rattus norvegicus
NEUR_8780,Cerebellum,125.78,103.0,Macaca mulatta
NEUR_3299,Striatum,4.38,55.97,Mus musculus
NEUR_6440,Cortex,59.92,13.5,Rattus norvegicus
NEUR_2068,Hypothalamus,132.65,74.43,Mus musculus
NEUR_5546,Amygdala,33.21,81.87,Mus musculus
NEUR_7117,Amygdala,6.69,116.34,Rattus norvegicus
NEUR_8679,Amygdala,142.06,26.28,Mus musculus
NEUR_1461,Amygdala,37.51,38.5,Rattus norvegicus
NEUR_9998,Amygdala,124.81,16.45,Danio rerio
NEUR_6933,Hippocampus,47.69,60.37,Danio rerio
NEUR_4666,Striatum,111.15,110.13,Rattus norvegicus
NEUR_1167,Amygdala,142.7,100.49,Mus musculus
NEUR_2290,Hypothalamus,83.28,88.95,Danio rerio
NEUR_8712,Thalamus,53.49,19.73,Rattus norvegicus
NEUR_4684,Striatum,23.15,70.26,Danio rerio
NEUR_6135,Cortex,26.78,103.95,Rattus norvegicus
NEUR_3876,Cerebellum,23.07,39.0,Rattus norvegicus
NEUR_9519,Hippocampus,41.61,60.88,Rattus norvegicus
NEUR_9304,Thalamus,14.4,60.94,Macaca mulatta
NEUR_7785,Cortex,149.8,104.01,Macaca mulatta
NEUR_8581,Hypothalamus,6.71,13.79,Macaca mulatta
NEUR_1512,Thalamus,116.85,18.42,Rattus norvegicus
NEUR_3262,Cortex,44.29,33.28,Danio rerio
NEUR_4879,Hippocampus,73.52,19.44,Macaca mulatta
NEUR_4484,Cortex,32.62,103.74,Rattus norvegicus
NEUR_1040,Amygdala,16.51,101.28,Mus musculus
NEUR_3094,Amygdala,57.45,14.37,Macaca mulatta
NEUR_9446,Hypothalamus,16.61,92.81,Rattus norvegicus
NEUR_7220,Thalamus,128.94,48.24,Mus musculus
NEUR_5854,Amygdala,30.17,54.48,Rattus norvegicus
NEUR_9271,Thalamus,36.23,51.4,Danio rerio
NEUR_9800,Thalamus,23.69,100.43,Mus musculus
NEUR_9448,Cortex,44.08,89.93,Danio rerio
NEUR_6706,Hippocampus,38.95,109.95,Danio rerio
NEUR_5355,Thalamus,49.29,108.65,Mus musculus
NEUR_5538,Thalamus,20.53,46.38,Danio rerio
NEUR_2737,Cerebellum,50.42,65.58,Rattus norvegicus
NEUR_1135,Hippocampus,50.9,68.66,Macaca mulatta
NEUR_6465,Hippocampus,81.86,16.29,Macaca mulatta
NEUR_8271,Cerebellum,108.03,65.29,Macaca mulatta
NEUR_8163,Cortex,65.89,97.13,Mus musculus
NEUR_3802,Thalamus,38.16,25.52,Danio rerio
NEUR_7721,Hippocampus,73.74,11.18,Macaca mulatta
NEUR_1535,Hypothalamus,26.66,118.67,Rattus norvegicus
NEUR_7582,Hypothalamus,44.4,96.09,Macaca mulatta
NEUR_9307,Thalamus,148.97,86.12,Danio rerio
NEUR_8129,Striatum,91.54,81.01,Macaca mulatta
NEUR_7605,Hippocampus,116.07,118.4,Mus musculus
NEUR_7856,Cerebellum,22.6,67.35,Rattus norvegicus
NEUR_7868,Hippocampus,136.31,112.63,Danio rerio
NEUR_6031,Amygdala,67.16,65.32,Danio rerio
NEUR_9840,Striatum,18.0,110.58,Mus musculus
NEUR_7137,Cortex,66.3,39.72,Mus musculus
NEUR_8850,Amygdala,78.27,28.78,Macaca mulatta
NEUR_8735,Cortex,22.72,17.14,Macaca mulatta
NEUR_4736,Thalamus,53.54,84.16,Macaca mulatta
NEUR_7206,Thalamus,16.2,32.98,Macaca mulatta
NEUR_9659,Cerebellum,130.14,48.18,Mus musculus
NEUR_4286,Cerebellum,41.74,95.35,Danio rerio
NEUR_3337,Striatum,13.29,17.91,Rattus norvegicus
NEUR_3223,Cerebellum,39.19,71.09,Macaca mulatta
NEUR_3628,Amygdala,4.03,58.27,Rattus norvegicus
NEUR_7672,Hypothalamus,16.25,14.43,Macaca mulatta
NEUR_9909,Amygdala,109.39,100.7,Rattus norvegicus
NEUR_5184,Hypothalamus,20.99,69.48,Rattus norvegicus
NEUR_3280,Hippocampus,25.87,94.28,Mus musculus
NEUR_2112,Striatum,114.88,106.79,Macaca mulatta
NEUR_6396,Hypothalamus,143.29,29.65,Mus musculus
NEUR_1470,Cerebellum,124.99,26.73,Danio rerio
NEUR_2991,Striatum,40.35,105.83,Danio rerio
NEUR_7919,Hippocampus,28.53,107.45,Macaca mulatta
NEUR_9318,Cerebellum,8.33,92.28,Mus musculus
NEUR_7966,Hippocampus,65.4,15.68,Rattus norvegicus
NEUR_9355,Hippocampus,131.39,82.6,Danio rerio
NEUR_5135,Cortex,145.36,10.6,Danio rerio
NEUR_7353,Striatum,16.54,20.23,Macaca mulatta
NEUR_3235,Amygdala,120.29,80.73,Rattus norvegicus
NEUR_9692,Cortex,90.37,52.43,Rattus norvegicus
NEUR_2960,Cortex,0.34,86.63,Macaca mulatta
NEUR_2131,Cerebellum,117.42,11.48,Mus musculus
NEUR_1913,Amygdala,30.76,116.11,Mus musculus
NEUR_1110,Amygdala,97.1,89.97,Macaca mulatta
NEUR_6367,Thalamus,76.65,45.36,Macaca mulatta
NEUR_7597,Cerebellum,36.95,31.04,Danio rerio
NEUR_3652,Cortex,36.1,28.56,Macaca mulatta
NEUR_7742,Amygdala,13.76,89.63,Macaca mulatta
NEUR_5183,Striatum,71.41,32.66,Macaca mulatta
NEUR_5851,Thalamus,78.4,117.49,Macaca mulatta
NEUR_3730,Hippocampus,11.86,15.37,Macaca mulatta
NEUR_3110,Cortex,78.94,78.34,Macaca mulatta
NEUR_5955,Amygdala,66.59,24.09,Mus musculus
NEUR_9252,Thalamus,26.66,16.2,Danio rerio
NEUR_7642,Striatum,32.1,19.74,Mus musculus
NEUR_3944,Cortex,64.45,19.85,Mus musculus
NEUR_2159,Hippocampus,96.75,28.0,Macaca mulatta
NEUR_9327,Striatum,37.9,14.22,Macaca mulatta
NEUR_5998,Thalamus,68.16,105.3,Rattus norvegicus
NEUR_7928,Amygdala,139.49,112.63,Danio rerio
NEUR_5184,Amygdala,28.9,92.66,Macaca mulatta
NEUR_3748,Cerebellum,7.12,100.45,Macaca mulatta
NEUR_1082,Cortex,92.08,100.7,Mus musculus
NEUR_4252,Hypothalamus,114.45,48.97,Mus musculus
NEUR_5369,Cortex,19.81,114.34,Mus musculus
NEUR_2162,Hippocampus,52.9,71.5,Rattus norvegicus
NEUR_3614,Amygdala,69.66,60.67,Macaca mulatta
NEUR_7380,Hypothalamus,121.02,110.75,Macaca mulatta
NEUR_6417,Striatum,83.38,117.43,Mus musculus
NEUR_4532,Cortex,126.99,23.36,Rattus norvegicus
NEUR_3282,Cortex,48.37,68.82,Rattus norvegicus
NEUR_4563,Hypothalamus,16.87,41.77,Macaca mulatta
NEUR_5899,Cerebellum,102.17,80.22,Rattus norvegicus
NEUR_1706,Thalamus,117.86,51.95,Mus musculus
NEUR_3036,Cerebellum,23.87,72.11,Mus musculus
NEUR_2937,Cerebellum,101.77,33.67,Danio rerio
NEUR_9997,Cerebellum,93.33,30.46,Rattus norvegicus
NEUR_2270,Cerebellum,101.83,119.04,Macaca mulatta
NEUR_7807,Striatum,141.64,34.6,Mus musculus
NEUR_5045,Hypothalamus,120.46,40.61,Macaca mulatta
NEUR_1560,Thalamus,37.55,77.59,Mus musculus
NEUR_1833,Thalamus,61.97,35.0,Macaca mulatta
NEUR_1402,Thalamus,13.66,51.55,Mus musculus
NEUR_5160,Cortex,140.49,51.76,Rattus norvegicus
NEUR_1967,Hypothalamus,75.56,82.42,Mus musculus
NEUR_4497,Striatum,77.63,17.76,Danio rerio
NEUR_1846,Amygdala,102.52,73.57,Danio rerio
NEUR_2733,Cerebellum,49.66,16.18,Macaca mulatta
NEUR_3541,Cerebellum,13.71,52.68,Mus musculus
NEUR_4403,Cerebellum,117.62,67.84,Mus musculus
NEUR_2461,Cerebellum,58.0,85.24,Mus musculus
NEUR_9151,Cerebellum,50.91,112.08,Macaca mulatta
NEUR_9080,Thalamus,29.01,65.15,Macaca mulatta
NEUR_8397,Thalamus,107.31,65.88,Rattus norvegicus
NEUR_2444,Amygdala,142.63,69.54,Rattus norvegicus
NEUR_9549,Striatum,66.26,102.9,Mus musculus
NEUR_4030,Hypothalamus,53.42,107.24,Danio rerio
NEUR_8459,Cerebellum,89.57,27.32,Danio rerio
NEUR_2942,Hypothalamus,28.39,51.74,Mus musculus
NEUR_9227,Hypothalamus,97.38,105.33,Macaca mulatta
NEUR_5269,Striatum,0.2,75.54,Danio rerio
NEUR_3619,Striatum,36.54,90.16,Danio rerio
NEUR_8694,Cerebellum,67.23,42.01,Macaca mulatta
NEUR_7745,Thalamus,11.53,51.57,Rattus norvegicus
NEUR_1251,Cerebellum,41.01,91.88,Mus musculus
NEUR_8414,Thalamus,72.37,25.11,Macaca mulatta
NEUR_8235,Thalamus,142.73,62.61,Danio rerio
NEUR_3714,Hypothalamus,20.54,40.99,Rattus norvegicus
NEUR_2987,Thalamus,57.43,12.63,Danio rerio
NEUR_8140,Hypothalamus,69.24,28.58,Danio rerio
NEUR_9408,Thalamus,83.62,20.43,Rattus norvegicus
NEUR_8348,Thalamus,118.41,59.66,Macaca mulatta
NEUR_4504,Hippocampus,56.15,83.81,Macaca mulatta
NEUR_5511,Hypothalamus,59.1,82.71,Danio rerio
NEUR_9911,Hippocampus,119.42,47.63,Rattus norvegicus
NEUR_3474,Thalamus,78.78,13.4,Mus musculus
NEUR_4917,Cortex,26.84,35.34,Mus musculus
NEUR_6899,Thalamus,135.88,15.25,Mus musculus
NEUR_8642,Thalamus,146.81,69.88,Macaca mulatta
NEUR_3783,Amygdala,95.43,34.1,Danio rerio
NEUR_1580,Thalamus,43.27,45.67,Danio rerio
NEUR_4724,Striatum,83.55,34.67,Mus musculus
NEUR_3824,Striatum,45.81,73.47,Danio rerio
NEUR_1042,Cortex,11.49,79.82,Rattus norvegicus
NEUR_4928,Striatum,124.35,98.46,Macaca mulatta
NEUR_2667,Hippocampus,95.12,10.99,Danio rerio
NEUR_8415,Cortex,77.69,109.31,Macaca mulatta
NEUR_7773,Hippocampus,110.58,54.01,Danio rerio
NEUR_7005,Hippocampus,20.67,74.47,Mus musculus
NEUR_7912,Amygdala,22.04,52.85,Rattus norvegicus
NEUR_2618,Striatum,6.12,86.13,Macaca mulatta
NEUR_7823,Amygdala,103.15,71.61,Mus musculus
NEUR_4974,Thalamus,7.01,93.77,Rattus norvegicus
NEUR_2873,Cortex,80.6,60.94,Macaca mulatta
NEUR_4882,Cortex,12.85,35.45,Rattus norvegicus
NEUR_6963,Striatum,148.83,97.5,Macaca mulatta
NEUR_2200,Striatum,112.16,105.65,Rattus norvegicus
NEUR_1295,Hippocampus,11.71,27.99,Macaca mulatta
NEUR_9951,Amygdala,127.0,38.93,Danio rerio
NEUR_3424,Hypothalamus,95.92,62.87,Mus musculus
NEUR_5720,Hypothalamus,25.34,108.59,Danio rerio
NEUR_7082,Amygdala,31.5,58.1,Mus musculus
NEUR_4168,Amygdala,67.63,70.64,Mus musculus
NEUR_2485,Cortex,25.13,19.64,Macaca mulatta
NEUR_4175,Cerebellum,71.69,101.13,Macaca mulatta
NEUR_6237,Cerebellum,137.47,84.51,Mus musculus
NEUR_5503,Hypothalamus,114.3,37.31,Danio rerio
NEUR_8014,Striatum,133.94,70.44,Mus musculus
NEUR_4080,Hypothalamus,4.69,46.44,Macaca mulatta
NEUR_5189,Cerebellum,23.56,41.7,Danio rerio
NEUR_5854,Hypothalamus,141.17,99.3,Macaca mulatta
NEUR_3440,Hippocampus,108.66,87.34,Macaca mulatta
NEUR_4282,Cerebellum,125.55,111.54,Macaca mulatta
NEUR_4216,Hippocampus,49.92,24.49,Mus musculus
NEUR_2743,Thalamus,7.02,39.63,Mus musculus
NEUR_4821,Hippocampus,71.8,111.48,Danio rerio
NEUR_3362,Amygdala,113.21,104.11,Danio rerio
NEUR_9749,Amygdala,145.53,93.55,Macaca mulatta
NEUR_9926,Striatum,123.85,90.55,Mus musculus
NEUR_5773,Cortex,109.91,27.71,Rattus norvegicus
NEUR_5664,Amygdala,69.72,76.96,Mus musculus
NEUR_1682,Hypothalamus,44.36,115.66,Rattus norvegicus
NEUR_4296,Cortex,145.18,72.77,Macaca mulatta
NEUR_2980,Thalamus,91.16,84.81,Rattus norvegicus
NEUR_8731,Striatum,44.07,62.17,Rattus norvegicus
NEUR_7432,Striatum,90.81,34.75,Mus musculus
NEUR_2272,Cortex,146.49,22.23,Mus musculus
NEUR_2506,Hypothalamus,96.58,53.2,Rattus norvegicus
NEUR_8341,Hippocampus,71.27,38.2,Rattus norvegicus
NEUR_8396,Thalamus,149.98,22.52,Rattus norvegicus
NEUR_3791,Striatum,27.82,41.51,Danio rerio
NEUR_9904,Striatum,49.22,68.99,Mus musculus
NEUR_4894,Cortex,71.06,34.58,Danio rerio
NEUR_2233,Amygdala,104.41,119.33,Danio rerio
NEUR_3371,Amygdala,59.34,70.11,Danio rerio
NEUR_5413,Striatum,132.65,96.35,Danio rerio
NEUR_6259,Amygdala,102.86,103.25,Danio rerio
NEUR_2389,Hypothalamus,113.59,78.36,Macaca mulatta
NEUR_7364,Amygdala,64.38,84.34,Mus musculus
NEUR_8559,Striatum,84.47,115.92,Danio rerio
NEUR_6325,Thalamus,107.31,44.98,Macaca mulatta
NEUR_9711,Cortex,137.34,99.38,Rattus norvegicus
NEUR_7364,Striatum,58.92,36.86,Mus musculus
NEUR_2745,Hypothalamus,18.96,28.35,Mus musculus
NEUR_3438,Thalamus,149.17,119.71,Danio rerio
NEUR_7793,Amygdala,118.48,40.66,Rattus norvegicus
NEUR_6286,Hypothalamus,31.49,39.04,Macaca mulatta
NEUR_6277,Thalamus,3.86,36.87,Macaca mulatta
NEUR_7366,Hypothalamus,148.93,52.28,Rattus norvegicus
NEUR_6223,Cortex,44.22,19.99,Macaca mulatta
NEUR_3979,Cortex,107.23,79.66,Danio rerio
NEUR_3440,Cortex,83.13,40.81,Danio rerio
NEUR_8466,Striatum,118.07,12.01,Rattus norvegicus
NEUR_7079,Striatum,142.1,37.51,Macaca mulatta
NEUR_6681,Hypothalamus,97.8,86.98,Macaca mulatta
NEUR_4279,Cerebellum,107.08,48.59,Danio rerio
NEUR_7835,Striatum,89.0,66.54,Danio rerio
NEUR_4348,Cortex,22.77,24.28,Mus musculus
NEUR_1022,Amygdala,88.1,70.47,Mus musculus
NEUR_2502,Thalamus,127.57,13.46,Danio rerio
NEUR_3095,Cerebellum,86.23,106.63,Rattus norvegicus
NEUR_9757,Hypothalamus,65.87,54.85,Macaca mulatta
NEUR_7818,Hippocampus,112.98,94.4,Mus musculus
NEUR_5645,Amygdala,68.18,89.83,Mus musculus
NEUR_9318,Amygdala,57.07,93.31,Danio rerio
NEUR_7866,Amygdala,80.08,36.22,Mus musculus
NEUR_4152,Hippocampus,114.01,30.05,Mus musculus
NEUR_1295,Hypothalamus,21.19,51.93,Danio rerio
NEUR_4362,Cortex,139.27,76.1,Rattus norvegicus
NEUR_7788,Cortex,46.01,18.05,Danio rerio
NEUR_9031,Hypothalamus,96.55,62.15,Rattus norvegicus
NEUR_7087,Striatum,52.13,54.89,Danio rerio
NEUR_7846,Thalamus,117.77,101.12,Macaca mulatta
NEUR_4658,Striatum,125.03,21.42,Macaca mulatta
NEUR_3680,Cortex,29.82,37.11,Danio rerio
NEUR_2653,Striatum,86.52,25.78,Rattus norvegicus
NEUR_6128,Hippocampus,129.64,53.26,Danio rerio
NEUR_6907,Hypothalamus,36.93,38.55,Macaca mulatta
NEUR_1753,Hypothalamus,129.89,51.23,Mus musculus
NEUR_2349,Hypothalamus,81.97,87.06,Mus musculus
NEUR_3786,Thalamus,15.37,50.26,Danio rerio
NEUR_5856,Hypothalamus,42.07,115.4,Macaca mulatta
NEUR_6391,Cerebellum,112.89,21.12,Rattus norvegicus
NEUR_3295,Cortex,135.8,40.09,Danio rerio
NEUR_8312,Cerebellum,64.38,89.08,Mus musculus
NEUR_5290,Hippocampus,33.9,28.38,Danio rerio
NEUR_8778,Thalamus,108.9,106.88,Rattus norvegicus
NEUR_4479,Hippocampus,130.11,32.34,Macaca mulatta
NEUR_6497,Amygdala,142.81,80.68,Mus musculus
NEUR_9034,Thalamus,130.58,108.31,Danio rerio
NEUR_9829,Thalamus,133.41,32.28,Danio rerio
NEUR_5315,Hypothalamus,12.47,91.31,Rattus norvegicus
NEUR_6879,Amygdala,64.26,96.34,Danio rerio
NEUR_9924,Striatum,87.08,111.44,Danio rerio
NEUR_2403,Hippocampus,60.26,57.48,Rattus norvegicus
NEUR_6585,Hippocampus,116.28,84.43,Danio rerio
NEUR_1645,Hypothalamus,38.19,21.25,Mus musculus
NEUR_6679,Hypothalamus,40.17,24.51,Danio rerio
NEUR_5353,Cerebellum,142.39,44.26,Mus musculus
NEUR_8455,Hippocampus,138.84,89.39,Macaca mulatta
NEUR_4887,Thalamus,0.65,107.42,Mus musculus
NEUR_8357,Cerebellum,41.33,51.62,Rattus norvegicus
NEUR_5311,Thalamus,95.54,75.31,Danio rerio
NEUR_9502,Cortex,10.99,27.66,Mus musculus
NEUR_2402,Thalamus,131.45,65.4,Macaca mulatta
NEUR_6655,Cortex,51.64,78.0,Rattus norvegicus
NEUR_2438,Thalamus,70.44,91.35,Mus musculus
NEUR_2257,Cortex,14.42,28.11,Macaca mulatta
NEUR_9846,Thalamus,71.4,77.79,Danio rerio
NEUR_5040,Cerebellum,71.48,119.83,Danio rerio
NEUR_5747,Hippocampus,47.11,97.18,Danio rerio
NEUR_2464,Cortex,56.93,71.22,Danio rerio
NEUR_3595,Hypothalamus,127.41,58.75,Rattus norvegicus
NEUR_3068,Hypothalamus,122.29,113.32,Danio rerio
NEUR_1058,Striatum,106.31,101.77,Danio rerio
NEUR_3776,Thalamus,51.53,46.14,Rattus norvegicus
NEUR_2770,Amygdala,120.16,13.5,Macaca mulatta
NEUR_4930,Striatum,60.35,97.57,Rattus norvegicus
NEUR_6257,Hypothalamus,56.34,91.63,Macaca mulatta
NEUR_8504,Thalamus,145.65,42.63,Mus musculus
NEUR_8241,Cerebellum,111.92,33.03,Danio rerio
NEUR_3951,Cerebellum,123.73,92.07,Rattus norvegicus
NEUR_8717,Hippocampus,92.7,99.21,Danio rerio
NEUR_1638,Thalamus,135.7,43.06,Mus musculus
NEUR_5992,Amygdala,113.4,55.96,Danio rerio
NEUR_9836,Thalamus,127.98,87.6,Macaca mulatta
NEUR_7508,Hippocampus,58.39,70.95,Danio rerio
NEUR_6193,Hypothalamus,106.72,90.69,Mus musculus
NEUR_1279,Hippocampus,112.9,34.22,Macaca mulatta
NEUR_5801,Hypothalamus,102.99,21.03,Mus musculus
NEUR_8460,Hippocampus,72.61,34.12,Mus musculus
NEUR_4661,Cortex,117.6,102.54,Rattus norvegicus
NEUR_2298,Amygdala,141.91,67.71,Danio rerio
NEUR_9544,Cortex,28.26,32.03,Mus musculus
NEUR_7829,Striatum,71.24,18.93,Danio rerio
NEUR_4387,Cerebellum,111.89,94.59,Macaca mulatta
NEUR_9533,Amygdala,100.62,86.37,Danio rerio
NEUR_5618,Amygdala,4.86,21.7,Rattus norvegicus
NEUR_4117,Hippocampus,51.47,116.18,Rattus norvegicus
NEUR_9238,Cerebellum,146.76,77.24,Rattus norvegicus
NEUR_7852,Cortex,148.33,41.52,Macaca mulatta
NEUR_5546,Hippocampus,34.84,115.04,Mus musculus
NEUR_5567,Cortex,142.46,90.77,Rattus norvegicus
NEUR_1783,Hypothalamus,97.07,68.2,Macaca mulatta
NEUR_7260,Thalamus,78.55,29.95,Danio rerio
NEUR_1592,Striatum,70.41,109.19,Mus musculus
NEUR_6703,Amygdala,107.3,105.91,Macaca mulatta
NEUR_7460,Hypothalamus,118.48,82.22,Danio rerio
NEUR_1401,Striatum,56.02,94.46,Danio rerio
NEUR_5760,Striatum,18.4,75.25,Rattus norvegicus
NEUR_2006,Cerebellum,97.57,30.31,Rattus norvegicus
NEUR_6258,Cerebellum,98.84,97.26,Danio rerio
NEUR_4719,Thalamus,48.44,60.98,Mus musculus
NEUR_2543,Hippocampus,93.63,99.0,Rattus norvegicus
NEUR_1030,Amygdala,133.72,38.27,Danio rerio
NEUR_3271,Cerebellum,130.05,118.99,Rattus norvegicus
NEUR_6994,Striatum,134.37,64.74,Rattus norvegicus
NEUR_3751,Amygdala,57.47,51.64,Danio rerio
NEUR_5137,Thalamus,122.49,25.85,Mus musculus
NEUR_1309,Cerebellum,88.51,50.23,Danio rerio
NEUR_4866,Striatum,63.71,36.28,Danio rerio
NEUR_7672,Hypothalamus,79.86,92.93,Macaca mulatta
NEUR_2856,Amygdala,73.82,69.23,Macaca mulatta
NEUR_1032,Striatum,64.0,38.0,Rattus norvegicus
NEUR_6137,Cerebellum,60.31,38.8,Macaca mulatta
NEUR_5497,Cerebellum,84.25,12.81,Danio rerio
NEUR_6010,Striatum,60.45,34.91,Macaca mulatta
NEUR_3568,Hippocampus,119.33,103.98,Danio rerio
NEUR_4133,Hippocampus,24.63,85.07,Danio rerio
NEUR_7290,Hippocampus,4.73,109.02,Mus musculus
NEUR_2321,Thalamus,9.66,81.57,Rattus norvegicus
NEUR_5653,Cerebellum,85.58,79.43,Macaca mulatta
NEUR_4284,Thalamus,9.13,58.05,Rattus norvegicus
NEUR_2845,Thalamus,20.64,93.33,Rattus norvegicus
NEUR_4668,Thalamus,63.73,84.67,Macaca mulatta
NEUR_3265,Cortex,50.95,85.42,Danio rerio
NEUR_4913,Thalamus,99.08,118.72,Rattus norvegicus
NEUR_7794,Cortex,141.41,41.99,Rattus norvegicus
NEUR_4556,Cortex,42.64,54.56,Rattus norvegicus
NEUR_7380,Striatum,15.1,15.36,Danio rerio
NEUR_3727,Hippocampus,123.66,101.46,Rattus norvegicus
NEUR_9839,Hippocampus,75.94,109.35,Mus musculus
NEUR_9293,Hippocampus,37.71,111.45,Macaca mulatta
NEUR_7475,Hypothalamus,47.57,113.85,Mus musculus
NEUR_6599,Thalamus,88.13,10.12,Danio rerio
NEUR_4689,Cortex,119.11,99.98,Danio rerio
NEUR_8290,Amygdala,119.35,38.17,Mus musculus
NEUR_3905,Hypothalamus,137.09,55.4,Rattus norvegicus
NEUR_1151,Thalamus,144.75,65.38,Mus musculus
NEUR_6788,Cerebellum,31.01,88.51,Macaca mulatta
NEUR_8364,Cortex,93.61,92.99,Macaca mulatta
NEUR_4192,Striatum,19.82,13.63,Rattus norvegicus
NEUR_5035,Hypothalamus,31.73,17.1,Rattus norvegicus
NEUR_4727,Thalamus,16.57,55.37,Danio rerio
NEUR_6941,Hypothalamus,44.31,64.95,Mus musculus
NEUR_8424,Cortex,94.48,91.48,Rattus norvegicus
NEUR_6001,Hypothalamus,47.83,99.39,Macaca mulatta
NEUR_7672,Cerebellum,113.14,55.02,Macaca mulatta
NEUR_9678,Cortex,90.76,71.97,Danio rerio
NEUR_6654,Hypothalamus,149.53,116.26,Macaca mulatta
NEUR_7114,Hypothalamus,139.73,49.44,Danio rerio
NEUR_7833,Hypothalamus,84.78,62.7,Danio rerio
NEUR_4966,Striatum,109.24,94.22,Rattus norvegicus
NEUR_2078,Hippocampus,91.14,101.27,Macaca mulatta
NEUR_6174,Hypothalamus,3.49,17.52,Danio rerio
NEUR_2182,Amygdala,118.33,87.96,Danio rerio
NEUR_4786,Hypothalamus,84.92,111.84,Rattus norvegicus
NEUR_4377,Thalamus,124.36,87.82,Danio rerio
NEUR_2742,Amygdala,114.77,12.76,Rattus norvegicus
NEUR_6852,Hypothalamus,70.6,56.05,Danio rerio
NEUR_4035,Hippocampus,101.45,74.93,Macaca mulatta
NEUR_7617,Striatum,108.72,13.38,Mus musculus
NEUR_6598,Hypothalamus,15.65,104.83,Mus musculus
NEUR_6264,Cerebellum,109.85,52.95,Macaca mulatta
NEUR_6475,Cortex,9.29,118.37,Macaca mulatta
NEUR_6294,Thalamus,80.69,47.43,Macaca mulatta
NEUR_6709,Striatum,98.83,99.64,Mus musculus
NEUR_9513,Cerebellum,140.84,112.57,Mus musculus
NEUR_9825,Amygdala,62.77,60.58,Mus musculus
NEUR_9368,Hippocampus,29.95,88.08,Mus musculus
NEUR_1789,Hypothalamus,58.53,33.86,Macaca mulatta
NEUR_8549,Amygdala,78.9,25.38,Mus musculus
NEUR_2380,Striatum,98.02,115.68,Rattus norvegicus
NEUR_4894,Hippocampus,69.89,73.71,Mus musculus
NEUR_8657,Hypothalamus,50.5,66.6,Danio rerio
NEUR_2123,Cerebellum,125.74,47.01,Rattus norvegicus
NEUR_4046,Hypothalamus,25.22,91.13,Danio rerio
NEUR_3757,Hippocampus,29.7,86.63,Mus musculus
NEUR_2057,Hypothalamus,130.64,50.94,Mus musculus
NEUR_8191,Hippocampus,95.97,43.77,Mus musculus
NEUR_1296,Amygdala,32.12,70.56,Rattus norvegicus
NEUR_1219,Thalamus,42.11,73.61,Macaca mulatta
NEUR_9149,Hypothalamus,61.74,98.41,Macaca mulatta
NEUR_5763,Hippocampus,76.72,18.76,Macaca mulatta
NEUR_9312,Amygdala,87.43,45.19,Danio rerio
NEUR_7135,Amygdala,36.2,88.84,Rattus norvegicus
NEUR_2833,Hypothalamus,15.56,19.78,Rattus norvegicus
NEUR_5754,Cortex,115.95,17.84,Danio rerio
NEUR_5192,Cerebellum,65.24,91.29,Danio rerio
NEUR_7073,Hypothalamus,82.91,86.12,Rattus norvegicus
NEUR_6934,Hypothalamus,4.77,55.19,Rattus norvegicus
NEUR_2164,Thalamus,111.58,61.91,Mus musculus
NEUR_1778,Hippocampus,55.92,105.49,Macaca mulatta
NEUR_9021,Amygdala,139.1,22.22,Danio rerio
NEUR_8394,Amygdala,66.54,76.8,Mus musculus
NEUR_4524,Cerebellum,51.27,38.32,Rattus norvegicus
NEUR_6732,Striatum,23.11,28.88,Rattus norvegicus
NEUR_8032,Cerebellum,109.76,117.77,Rattus norvegicus
NEUR_9928,Thalamus,129.09,52.76,Rattus norvegicus
NEUR_9633,Striatum,110.09,54.49,Mus musculus
NEUR_6806,Hypothalamus,35.65,115.79,Danio rerio
NEUR_2465,Hippocampus,53.55,79.34,Macaca mulatta
NEUR_9606,Amygdala,54.35,115.55,Macaca mulatta
NEUR_6578,Hypothalamus,87.32,85.71,Macaca mulatta
NEUR_2699,Cerebellum,73.39,15.85,Macaca mulatta
NEUR_6585,Amygdala,14.14,49.13,Mus musculus
NEUR_2510,Cerebellum,55.7,60.75,Rattus norvegicus
NEUR_9042,Hypothalamus,9.61,86.27,Macaca mulatta
NEUR_5307,Cortex,97.92,77.13,Mus musculus
NEUR_2110,Cortex,52.83,98.22,Mus musculus
NEUR_3759,Cerebellum,17.86,91.02,Mus musculus
NEUR_1295,Hippocampus,75.79,101.27,Danio rerio
NEUR_2879,Cortex,91.31,14.65,Mus musculus
NEUR_3218,Amygdala,76.1,109.5,Macaca mulatta
NEUR_3392,Amygdala,71.44,61.93,Danio rerio
NEUR_6607,Hippocampus,110.93,80.15,Rattus norvegicus
NEUR_9371,Cortex,45.7,82.88,Macaca mulatta
NEUR_7904,Cortex,73.19,11.62,Mus musculus
NEUR_9492,Cortex,64.86,90.6,Rattus norvegicus
NEUR_8699,Hippocampus,138.03,75.57,Macaca mulatta
NEUR_6025,Amygdala,112.43,67.52,Mus musculus
NEUR_1308,Hippocampus,98.87,107.97,Macaca mulatta
NEUR_7703,Thalamus,51.87,45.99,Rattus norvegicus
NEUR_8078,Amygdala,48.76,19.88,Macaca mulatta
NEUR_4196,Hippocampus,128.41,37.97,Macaca mulatta
NEUR_8294,Striatum,84.08,81.02,Danio rerio
NEUR_6691,Striatum,1.65,53.93,Rattus norvegicus
NEUR_3740,Amygdala,89.65,33.51,Macaca mulatta
NEUR_2964,Cerebellum,117.29,95.2,Mus musculus
NEUR_8465,Hypothalamus,89.16,65.15,Danio rerio
NEUR_7595,Cerebellum,92.61,112.46,Rattus norvegicus
NEUR_2911,Striatum,90.34,100.59,Mus musculus
NEUR_7785,Amygdala,5.56,71.68,Danio rerio
NEUR_3082,Hypothalamus,133.78,48.51,Mus musculus
NEUR_6050,Thalamus,68.72,40.47,Mus musculus
NEUR_8812,Cerebellum,149.53,87.33,Macaca mulatta
NEUR_9794,Amygdala,57.54,85.09,Rattus norvegicus
NEUR_1913,Cerebellum,69.1,69.16,Danio rerio
NEUR_9031,Cortex,126.18,103.57,Macaca mulatta
NEUR_1136,Hippocampus,140.71,85.52,Mus musculus
NEUR_4705,Amygdala,72.34,50.53,Rattus norvegicus
NEUR_6463,Hypothalamus,134.01,82.72,Macaca mulatta
NEUR_8800,Hypothalamus,86.28,102.5,Macaca mulatta
NEUR_7500,Cerebellum,134.32,119.77,Danio rerio
NEUR_4010,Hippocampus,92.36,115.96,Mus musculus
NEUR_4464,Hippocampus,147.41,111.48,Rattus norvegicus
NEUR_2793,Hippocampus,115.64,57.64,Rattus norvegicus
NEUR_6410,Thalamus,112.99,10.97,Rattus norvegicus
NEUR_1195,Cortex,125.32,76.11,Danio rerio
NEUR_2124,Cortex,125.96,18.53,Rattus norvegicus
NEUR_9060,Thalamus,107.95,64.57,Danio rerio
NEUR_2535,Cerebellum,35.61,39.61,Mus musculus
NEUR_7247,Thalamus,61.4,88.72,Rattus norvegicus
NEUR_8861,Striatum,86.67,31.07,Mus musculus
NEUR_1223,Amygdala,66.71,70.18,Rattus norvegicus
NEUR_6632,Hippocampus,28.07,119.92,Mus musculus
NEUR_3074,Amygdala,55.26,110.46,Macaca mulatta
NEUR_2857,Amygdala,49.66,44.36,Danio rerio
NEUR_9474,Cerebellum,71.46,95.36,Mus musculus
NEUR_3405,Cerebellum,27.64,91.5,Rattus norvegicus
NEUR_3458,Cortex,56.05,83.68,Macaca mulatta
NEUR_3538,Cortex,34.15,86.21,Macaca mulatta
NEUR_2694,Hypothalamus,53.45,93.44,Mus musculus
NEUR_3670,Cortex,3.71,52.68,Rattus norvegicus
NEUR_9656,Cerebellum,27.72,96.88,Mus musculus
NEUR_8536,Hippocampus,139.85,57.92,Macaca mulatta
NEUR_1536,Hypothalamus,41.77,34.69,Rattus norvegicus
NEUR_9448,Cerebellum,84.62,82.98,Mus musculus
NEUR_2075,Hippocampus,10.21,106.63,Macaca mulatta
NEUR_3075,Striatum,0.52,56.97,Rattus norvegicus
NEUR_1588,Striatum,38.67,65.33,Mus musculus
NEUR_7480,Hippocampus,110.33,38.98,Danio rerio
NEUR_5407,Hypothalamus,68.6,104.6,Rattus norvegicus
NEUR_4766,Cerebellum,65.51,56.93,Danio rerio
NEUR_2019,Amygdala,92.05,93.84,Danio rerio
NEUR_3305,Striatum,2.24,54.86,Mus musculus
NEUR_4241,Hypothalamus,39.91,63.04,Rattus norvegicus
NEUR_9680,Amygdala,52.51,37.64,Mus musculus
NEUR_8225,Hippocampus,107.31,18.47,Mus musculus
NEUR_6292,Hippocampus,72.47,100.57,Mus musculus
NEUR_5850,Hippocampus,148.5,105.18,Mus musculus
NEUR_2604,Hippocampus,136.53,29.46,Danio rerio
NEUR_6029,Hypothalamus,142.55,57.92,Rattus norvegicus
NEUR_9662,Cortex,51.64,52.14,Danio rerio
NEUR_5254,Striatum,74.65,95.58,Danio rerio
NEUR_2732,Cortex,137.17,109.51,Rattus norvegicus
NEUR_6265,Hippocampus,141.5,15.8,Macaca mulatta
NEUR_9986,Amygdala,72.39,67.93,Rattus norvegicus
NEUR_4454,Hypothalamus,35.43,95.51,Danio rerio
NEUR_9093,Cortex,8.94,44.89,Mus musculus
NEUR_3075,Cortex,21.88,52.89,Mus musculus
NEUR_3724,Cortex,108.29,101.69,Rattus norvegicus
NEUR_6303,Cortex,0.77,62.98,Rattus norvegicus
NEUR_6364,Thalamus,48.61,31.34,Danio rerio
NEUR_6733,Cerebellum,9.31,93.84,Danio rerio
NEUR_1886,Hippocampus,26.24,69.08,Rattus norvegicus
NEUR_7354,Striatum,35.01,74.91,Mus musculus
NEUR_2814,Hippocampus,4.68,51.34,Danio rerio
NEUR_5195,Amygdala,30.5,24.23,Danio rerio
NEUR_1604,Amygdala,76.89,42.82,Mus musculus
NEUR_8596,Cortex,40.71,14.41,Macaca mulatta
NEUR_3386,Cerebellum,13.38,72.71,Mus musculus
NEUR_9546,Hippocampus,86.34,62.04,Rattus norvegicus
NEUR_6883,Cortex,82.63,77.16,Rattus norvegicus
NEUR_3162,Hippocampus,36.5,49.37,Macaca mulatta
NEUR_9118,Striatum,144.39,35.11,Danio rerio
NEUR_2901,Cerebellum,53.6,86.36,Danio rerio
NEUR_4823,Amygdala,120.94,67.8,Rattus norvegicus
NEUR_8066,Cerebellum,143.16,86.95,Danio rerio
NEUR_5249,Hypothalamus,144.18,55.82,Macaca mulatta
NEUR_5006,Cerebellum,28.03,28.63,Danio rerio
NEUR_9147,Thalamus,137.96,90.77,Mus musculus
NEUR_8432,Amygdala,110.79,110.64,Mus musculus
NEUR_5916,Hippocampus,112.72,72.4,Macaca mulatta
NEUR_9291,Amygdala,115.48,34.45,Danio rerio
NEUR_9743,Amygdala,62.42,34.74,Macaca mulatta
NEUR_5453,Cerebellum,27.87,80.34,Macaca mulatta
NEUR_4057,Cerebellum,31.31,58.72,Rattus norvegicus
NEUR_1062,Cortex,56.79,47.19,Danio rerio
NEUR_6278,Hypothalamus,113.88,45.54,Rattus norvegicus
NEUR_8529,Striatum,123.92,93.99,Mus musculus
NEUR_2110,Striatum,81.09,63.87,Macaca mulatta
NEUR_6446,Hypothalamus,121.46,42.61,Rattus norvegicus
NEUR_7807,Amygdala,31.97,62.55,Macaca mulatta
NEUR_9948,Cortex,111.03,13.21,Rattus norvegicus
NEUR_2137,Cerebellum,8.99,59.42,Rattus norvegicus
NEUR_4682,Striatum,43.07,95.42,Danio rerio
NEUR_6121,Hippocampus,147.67,28.36,Rattus norvegicus
NEUR_5793,Hippocampus,23.33,20.34,Macaca mulatta
NEUR_8818,Cortex,125.55,106.91,Danio rerio
NEUR_2429,Thalamus,49.41,50.79,Rattus norvegicus
NEUR_7763,Hypothalamus,20.57,18.48,Macaca mulatta
NEUR_3625,Amygdala,128.63,107.64,Macaca mulatta
NEUR_9789,Cortex,106.29,53.26,Mus musculus
NEUR_3889,Amygdala,129.26,109.12,Mus musculus
NEUR_1508,Hippocampus,57.77,99.95,Macaca mulatta
NEUR_6957,Thalamus,33.35,92.86,Macaca mulatta
NEUR_5354,Thalamus,81.35,21.26,Danio rerio
NEUR_9761,Hypothalamus,124.24,27.46,Mus musculus
NEUR_6595,Cortex,97.21,44.27,Mus musculus
NEUR_5530,Hypothalamus,19.33,51.16,Danio rerio
NEUR_1364,Hippocampus,89.25,101.02,Rattus norvegicus
NEUR_6398,Cortex,64.47,117.25,Mus musculus
NEUR_3453,Cortex,67.21,41.65,Danio rerio
NEUR_9253,Striatum,148.17,29.09,Rattus norvegicus
NEUR_5884,Amygdala,22.35,34.44,Macaca mulatta
NEUR_3843,Thalamus,18.4,61.89,Rattus norvegicus
NEUR_9733,Cerebellum,80.75,70.53,Rattus norvegicus
NEUR_8079,Hippocampus,43.69,50.68,Mus musculus
NEUR_5319,Striatum,110.89,45.24,Danio rerio
NEUR_5948,Cortex,141.96,12.03,Rattus norvegicus
NEUR_7959,Thalamus,12.4,82.91,Mus musculus
NEUR_7526,Hypothalamus,110.15,29.51,Mus musculus
NEUR_4935,Amygdala,28.93,44.22,Mus musculus
NEUR_2922,Cerebellum,44.94,46.42,Macaca mulatta
NEUR_1793,Striatum,58.02,88.29,Rattus norvegicus
NEUR_4924,Cortex,144.0,74.29,Rattus norvegicus
NEUR_6040,Striatum,25.87,96.66,Macaca mulatta
NEUR_4476,Cerebellum,15.19,38.1,Rattus norvegicus
NEUR_9287,Thalamus,90.67,49.21,Mus musculus
NEUR_8306,Hypothalamus,136.73,81.71,Mus musculus
NEUR_9742,Thalamus,68.04,84.92,Mus musculus
NEUR_3433,Cortex,65.46,17.69,Mus musculus
NEUR_5512,Cerebellum,47.29,24.1,Mus musculus
NEUR_9525,Striatum,69.95,77.32,Danio rerio
NEUR_7314,Cerebellum,75.2,76.89,Danio rerio
NEUR_1416,Cortex,21.36,113.97,Danio rerio
NEUR_4696,Hypothalamus,143.31,108.7,Macaca mulatta
NEUR_2811,Thalamus,18.16,79.08,Mus musculus
NEUR_1070,Cortex,65.14,32.49,Mus musculus
NEUR_3207,Hippocampus,34.13,38.43,Mus musculus
NEUR_2972,Striatum,111.13,94.61,Mus musculus
NEUR_7529,Striatum,91.65,15.79,Macaca mulatta
NEUR_5043,Amygdala,31.48,12.02,Mus musculus
NEUR_8609,Cortex,135.47,111.62,Mus musculus
NEUR_6209,Amygdala,34.13,47.27,Mus musculus
NEUR_5878,Cerebellum,4.67,15.49,Rattus norvegicus
NEUR_7101,Thalamus,19.84,38.52,Mus musculus
NEUR_8928,Hippocampus,58.04,116.85,Danio rerio
NEUR_5419,Striatum,1.77,47.18,Mus musculus
NEUR_3062,Cerebellum,22.31,64.46,Macaca mulatta
NEUR_6054,Thalamus,127.22,40.68,Rattus norvegicus
NEUR_7296,Cerebellum,11.19,94.14,Danio rerio
NEUR_2098,Hippocampus,125.46,119.93,Macaca mulatta
NEUR_5682,Hippocampus,70.46,34.87,Mus musculus
NEUR_2641,Amygdala,108.69,71.8,Macaca mulatta
NEUR_3466,Hypothalamus,120.24,87.14,Rattus norvegicus
NEUR_9945,Cerebellum,87.4,119.89,Rattus norvegicus
NEUR_4575,Thalamus,19.69,104.44,Macaca mulatta
NEUR_6982,Cerebellum,27.17,88.2,Danio rerio
NEUR_4209,Striatum,142.15,71.73,Macaca mulatta
NEUR_5078,Cerebellum,105.12,84.96,Mus musculus
NEUR_5451,Thalamus,69.79,32.28,Danio rerio
NEUR_3423,Thalamus,79.04,93.5,Mus musculus
NEUR_5635,Hippocampus,60.78,16.5,Danio rerio
NEUR_1689,Cerebellum,136.84,31.08,Macaca mulatta
NEUR_2746,Cortex,88.69,90.84,Danio rerio
NEUR_7348,Amygdala,21.53,28.96,Mus musculus
NEUR_2672,Cortex,17.61,104.56,Rattus norvegicus
NEUR_9292,Hypothalamus,27.7,91.31,Danio rerio
NEUR_5949,Cortex,116.95,96.07,Rattus norvegicus
NEUR_7222,Striatum,6.95,84.88,Danio rerio
NEUR_7516,Thalamus,10.9,97.81,Macaca mulatta
NEUR_5933,Cerebellum,149.03,117.93,Macaca mulatta
NEUR_6058,Thalamus,144.61,24.14,Danio rerio
NEUR_2649,Striatum,46.04,13.04,Macaca mulatta
NEUR_5823,Striatum,107.39,79.94,Rattus norvegicus
NEUR_2782,Cortex,44.37,61.11,Mus musculus
NEUR_4258,Hippocampus,45.94,52.15,Rattus norvegicus
NEUR_1169,Cortex,10.89,82.7,Macaca mulatta
NEUR_3610,Thalamus,44.27,10.63,Mus musculus
NEUR_4972,Cortex,75.77,12.81,Danio rerio
NEUR_8993,Amygdala,19.2,91.2,Mus musculus
NEUR_7263,Striatum,114.19,99.11,Mus musculus
NEUR_4673,Hypothalamus,115.22,74.78,Danio rerio
NEUR_4060,Amygdala,68.23,64.06,Danio rerio
NEUR_7315,Cerebellum,130.38,31.61,Macaca mulatta
NEUR_2337,Cortex,8.92,53.52,Danio rerio
NEUR_5636,Thalamus,106.07,50.36,Macaca mulatta
NEUR_9075,Cortex,59.93,36.99,Rattus norvegicus
NEUR_5625,Cerebellum,102.05,62.01,Danio rerio
NEUR_8712,Hypothalamus,56.39,110.67,Macaca mulatta
NEUR_8775,Hippocampus,1.78,67.6,Macaca mulatta
NEUR_2361,Hippocampus,109.26,66.15,Mus musculus
NEUR_1363,Cortex,48.5,72.6,Macaca mulatta
NEUR_8910,Amygdala,148.26,19.32,Rattus norvegicus
NEUR_2320,Amygdala,72.3,103.92,Mus musculus
NEUR_8580,Thalamus,121.95,57.99,Mus musculus
NEUR_7156,Amygdala,117.65,64.38,Macaca mulatta
NEUR_1478,Cerebellum,125.42,90.89,Rattus norvegicus
NEUR_2119,Cerebellum,4.05,117.37,Rattus norvegicus
NEUR_8458,Hippocampus,104.46,77.35,Danio rerio
NEUR_6572,Hippocampus,108.46,77.77,Macaca mulatta
NEUR_6049,Thalamus,31.51,112.09,Danio rerio
NEUR_3779,Striatum,106.68,61.51,Macaca mulatta
NEUR_7164,Striatum,105.07,117.59,Mus musculus
NEUR_2563,Hypothalamus,80.74,100.64,Mus musculus
NEUR_8806,Hippocampus,64.2,18.7,Rattus norvegicus
NEUR_1139,Hippocampus,77.03,17.86,Rattus norvegicus
NEUR_2164,Cerebellum,62.36,93.77,Mus musculus
NEUR_5757,Cortex,138.67,79.56,Rattus norvegicus
NEUR_4538,Amygdala,43.74,41.57,Rattus norvegicus
NEUR_6048,Striatum,136.93,81.44,Danio rerio
NEUR_5858,Hippocampus,13.89,76.64,Danio rerio
NEUR_8052,Amygdala,73.94,111.07,Mus musculus
NEUR_7323,Striatum,0.93,109.0,Mus musculus
NEUR_8403,Hypothalamus,129.43,57.3,Mus musculus
NEUR_4551,Striatum,2.59,53.64,Macaca mulatta
NEUR_8697,Amygdala,98.41,71.15,Macaca mulatta
NEUR_5036,Cortex,47.29,115.66,Danio rerio
NEUR_7809,Amygdala,84.77,73.59,Rattus norvegicus
NEUR_1486,Hypothalamus,128.78,112.29,Rattus norvegicus
NEUR_2471,Cortex,128.81,19.68,Rattus norvegicus
NEUR_8482,Hippocampus,99.28,98.09,Danio rerio
NEUR_2606,Amygdala,63.4,26.16,Macaca mulatta
NEUR_8480,Cortex,133.84,29.21,Macaca mulatta
NEUR_7361,Amygdala,55.22,49.44,Rattus norvegicus
NEUR_4695,Cerebellum,123.97,16.76,Macaca mulatta
NEUR_1507,Cortex,116.15,36.8,Mus musculus
NEUR_5937,Striatum,4.18,73.44,Macaca mulatta
NEUR_3839,Striatum,71.47,119.31,Macaca mulatta
NEUR_4585,Thalamus,72.49,78.41,Mus musculus
NEUR_3620,Cerebellum,111.92,95.91,Rattus norvegicus
NEUR_3293,Cortex,143.23,83.17,Macaca mulatta
NEUR_9588,Striatum,2.27,94.5,Rattus norvegicus
NEUR_5085,Amygdala,57.06,59.89,Mus musculus
NEUR_8536,Thalamus,14.84,97.78,Danio rerio
NEUR_3255,Hippocampus,47.42,38.68,Macaca mulatta
NEUR_8564,Hypothalamus,116.59,89.79,Macaca mulatta
NEUR_2885,Amygdala,100.26,118.85,Mus musculus
NEUR_5898,Hypothalamus,22.53,88.67,Macaca mulatta
NEUR_6997,Cortex,118.05,61.65,Rattus norvegicus
NEUR_4977,Thalamus,67.36,18.79,Mus musculus
NEUR_6850,Amygdala,3.85,119.74,Macaca mulatta
NEUR_1246,Thalamus,105.08,62.35,Danio rerio
NEUR_4054,Hippocampus,103.65,51.98,Rattus norvegicus
NEUR_8024,Hypothalamus,51.34,69.16,Danio rerio
NEUR_2372,Striatum,57.82,71.08,Rattus norvegicus
NEUR_9946,Thalamus,66.94,38.42,Danio rerio
NEUR_6272,Cerebellum,55.11,114.4,Macaca mulatta
NEUR_9544,Cortex,14.55,100.36,Danio rerio
NEUR_1122,Hippocampus,81.46,79.64,Rattus norvegicus
NEUR_4155,Thalamus,94.26,61.39,Rattus norvegicus
NEUR_6047,Hippocampus,4.26,53.62,Macaca mulatta
NEUR_2578,Striatum,14.99,88.98,Danio rerio
NEUR_4891,Amygdala,66.9,103.03,Macaca mulatta
NEUR_1103,Hypothalamus,76.06,11.84,Macaca mulatta
NEUR_9359,Hippocampus,4.64,105.14,Macaca mulatta
NEUR_2961,Striatum,49.06,94.96,Rattus norvegicus
NEUR_4838,Hypothalamus,116.39,78.89,Macaca mulatta
NEUR_4515,Striatum,24.38,28.04,Danio rerio
NEUR_8180,Hippocampus,22.23,24.65,Mus musculus
NEUR_9728,Amygdala,12.64,93.5,Macaca mulatta
NEUR_7803,Hypothalamus,27.32,77.98,Danio rerio
NEUR_1962,Hypothalamus,120.35,57.75,Danio rerio
NEUR_3096,Thalamus,139.4,19.44,Mus musculus
NEUR_7290,Striatum,32.5,88.16,Danio rerio
NEUR_6248,Striatum,20.75,11.21,Mus musculus
NEUR_7003,Cortex,50.05,108.86,Macaca mulatta
NEUR_2962,Striatum,132.24,94.7,Rattus norvegicus
NEUR_3625,Striatum,128.88,101.19,Danio rerio
NEUR_5761,Cortex,139.12,15.79,Mus musculus
NEUR_9524,Hypothalamus,41.22,52.27,Macaca mulatta
NEUR_5603,Striatum,129.66,12.64,Macaca mulatta
NEUR_3956,Cortex,8.64,10.4,Danio rerio
NEUR_7490,Amygdala,11.35,71.17,Danio rerio
NEUR_5094,Cerebellum,116.11,98.25,Macaca mulatta
NEUR_2525,Hypothalamus,107.5,10.41,Rattus norvegicus
NEUR_8272,Hypothalamus,40.11,16.26,Danio rerio
NEUR_2336,Thalamus,147.71,19.32,Macaca mulatta
NEUR_8219,Hippocampus,0.56,116.36,Mus musculus
NEUR_9624,Cortex,89.27,80.01,Macaca mulatta
NEUR_4679,Thalamus,128.58,82.38,Rattus norvegicus
NEUR_3613,Cortex,106.0,93.81,Danio rerio
NEUR_1513,Cortex,67.29,68.8,Mus musculus
NEUR_5197,Thalamus,102.23,112.31,Mus musculus
NEUR_7983,Thalamus,147.07,26.13,Macaca mulatta
NEUR_5583,Striatum,101.87,34.82,Macaca mulatta
NEUR_2562,Striatum,105.54,17.31,Danio rerio
NEUR_5566,Striatum,38.3,19.24,Danio rerio
NEUR_8215,Hippocampus,51.79,92.07,Rattus norvegicus
NEUR_6875,Hypothalamus,96.0,60.0,Danio rerio
NEUR_1491,Hypothalamus,135.22,114.45,Danio rerio
NEUR_9683,Hypothalamus,82.82,93.01,Macaca mulatta
NEUR_9335,Thalamus,65.45,103.57,Rattus norvegicus
NEUR_7387,Hippocampus,142.49,76.61,Rattus norvegicus
NEUR_9542,Hypothalamus,63.98,19.29,Macaca mulatta
NEUR_5335,Hippocampus,128.85,12.99,Danio rerio
NEUR_3439,Striatum,36.24,87.52,Macaca mulatta
NEUR_6414,Thalamus,83.46,92.06,Macaca mulatta
NEUR_2020,Thalamus,108.1,76.93,Rattus norvegicus
NEUR_3133,Hypothalamus,121.79,25.07,Danio rerio
NEUR_4787,Cerebellum,11.76,33.23,Macaca mulatta
NEUR_2973,Cerebellum,54.79,47.58,Mus musculus
NEUR_9775,Hypothalamus,7.03,86.83,Mus musculus
NEUR_1725,Cortex,36.93,39.36,Macaca mulatta
NEUR_3275,Cortex,28.98,41.78,Rattus norvegicus
NEUR_4588,Hippocampus,138.07,52.91,Rattus norvegicus
NEUR_4948,Cortex,33.54,70.75,Macaca mulatta
NEUR_4470,Cerebellum,79.46,87.76,Macaca mulatta
NEUR_3687,Cortex,87.91,31.24,Macaca mulatta
NEUR_5346,Amygdala,132.15,105.52,Rattus norvegicus
NEUR_3974,Striatum,77.04,58.28,Mus musculus
NEUR_4301,Striatum,114.47,118.91,Mus musculus
NEUR_8583,Hippocampus,65.58,109.4,Danio rerio
NEUR_7424,Hypothalamus,120.0,76.73,Mus musculus
NEUR_8192,Amygdala,144.22,25.86,Macaca mulatta
NEUR_4047,Amygdala,149.82,80.98,Danio rerio
NEUR_3420,Striatum,102.11,22.91,Mus musculus
NEUR_9992,Hypothalamus,59.34,30.23,Danio rerio
NEUR_9873,Hippocampus,9.48,48.91,Rattus norvegicus
NEUR_3847,Amygdala,99.88,31.06,Rattus norvegicus
NEUR_2720,Striatum,84.33,16.46,Macaca mulatta
NEUR_3660,Hypothalamus,107.48,102.85,Macaca mulatta
NEUR_9144,Hippocampus,66.59,96.54,Rattus norvegicus
NEUR_9214,Thalamus,2.41,109.55,Danio rerio
NEUR_2463,Striatum,145.0,116.35,Mus musculus
NEUR_9897,Hippocampus,28.46,108.85,Danio rerio
NEUR_2861,Cortex,63.71,39.47,Rattus norvegicus
NEUR_2451,Thalamus,13.32,42.73,Macaca mulatta
NEUR_8030,Hippocampus,15.25,53.42,Mus musculus
NEUR_2808,Amygdala,42.86,54.1,Rattus norvegicus
NEUR_8940,Striatum,17.66,118.84,Danio rerio
NEUR_8128,Striatum,100.86,105.35,Mus musculus
NEUR_8710,Thalamus,118.17,47.59,Mus musculus
NEUR_8003,Striatum,45.87,106.1,Danio rerio
NEUR_3467,Hypothalamus,48.82,106.66,Mus musculus
NEUR_5619,Cortex,11.26,29.26,Danio rerio
NEUR_7595,Cerebellum,66.8,79.91,Mus musculus
NEUR_7682,Hypothalamus,68.94,37.48,Mus musculus
NEUR_9681,Thalamus,104.15,108.58,Danio rerio
NEUR_1349,Thalamus,18.81,107.94,Macaca mulatta
NEUR_7789,Cerebellum,119.3,94.59,Mus musculus
NEUR_9357,Amygdala,11.27,30.06,Rattus norvegicus
NEUR_6140,Hippocampus,60.75,47.1,Rattus norvegicus
NEUR_9939,Amygdala,135.27,15.98,Rattus norvegicus
NEUR_4107,Amygdala,81.01,108.69,Rattus norvegicus
NEUR_6827,Hippocampus,131.32,54.19,Macaca mulatta
NEUR_4189,Cortex,52.93,39.58,Macaca mulatta
NEUR_3891,Cortex,3.64,92.95,Mus musculus
NEUR_6298,Hypothalamus,148.86,27.75,Danio rerio
NEUR_2806,Hippocampus,95.6,61.26,Macaca mulatta
NEUR_1024,Striatum,36.36,87.76,Mus musculus
NEUR_8610,Hippocampus,102.22,22.75,Rattus norvegicus
NEUR_8016,Cortex,61.18,10.52,Macaca mulatta
NEUR_9854,Striatum,137.9,93.63,Danio rerio
NEUR_7437,Thalamus,64.05,97.97,Mus musculus
NEUR_6538,Cortex,42.03,42.17,Macaca mulatta
NEUR_5548,Striatum,58.63,60.95,Macaca mulatta
NEUR_4895,Striatum,143.55,39.31,Danio rerio
NEUR_4121,Thalamus,36.32,63.12,Mus musculus
NEUR_2640,Cerebellum,63.17,51.17,Mus musculus
NEUR_8933,Cortex,17.65,63.78,Rattus norvegicus
NEUR_8908,Striatum,42.4,84.54,Rattus norvegicus
NEUR_8252,Hypothalamus,3.59,110.24,Rattus norvegicus
NEUR_9771,Hippocampus,103.97,42.62,Macaca mulatta
NEUR_4437,Amygdala,133.15,55.69,Mus musculus
NEUR_4168,Cerebellum,7.69,25.13,Rattus norvegicus
NEUR_8830,Cerebellum,2.03,61.55,Danio rerio
NEUR_2447,Hippocampus,9.46,66.4,Mus musculus
NEUR_6423,Hypothalamus,38.16,108.27,Danio rerio
NEUR_3189,Cortex,46.59,30.25,Rattus norvegicus
NEUR_2889,Cortex,59.67,46.9,Rattus norvegicus
NEUR_5451,Striatum,84.2,93.24,Macaca mulatta
NEUR_6076,Cortex,3.53,117.91,Macaca mulatta
NEUR_1287,Hypothalamus,97.91,82.59,Macaca mulatta
NEUR_2789,Cerebellum,17.86,50.48,Mus musculus
NEUR_5116,Cerebellum,82.67,47.52,Rattus norvegicus
NEUR_3983,Cerebellum,19.21,39.69,Macaca mulatta
NEUR_9364,Striatum,144.99,61.26,Macaca mulatta
NEUR_7670,Thalamus,43.47,86.67,Macaca mulatta
NEUR_3427,Thalamus,39.91,40.25,Rattus norvegicus
NEUR_5574,Hippocampus,67.95,40.04,Mus musculus
NEUR_9555,Hippocampus,5.72,14.88,Danio rerio
NEUR_5970,Cortex,104.22,29.34,Mus musculus
NEUR_7264,Cortex,88.03,46.7,Danio rerio
NEUR_6501,Hypothalamus,13.16,11.65,Mus musculus
NEUR_2163,Hippocampus,131.8,111.77,Danio rerio
NEUR_5747,Striatum,73.08,56.73,Rattus norvegicus
NEUR_7391,Striatum,114.53,85.02,Danio rerio
NEUR_1196,Thalamus,62.51,87.45,Danio rerio
NEUR_3792,Thalamus,29.16,100.56,Macaca mulatta
NEUR_9734,Amygdala,49.41,93.79,Mus musculus
NEUR_8545,Cortex,122.1,96.0,Mus musculus
NEUR_3700,Cortex,32.93,103.79,Mus musculus
NEUR_9632,Cortex,8.31,52.68,Danio rerio
NEUR_3697,Thalamus,3.3,93.45,Mus musculus
NEUR_3197,Cerebellum,119.32,49.02,Macaca mulatta
NEUR_4096,Hippocampus,80.26,107.07,Macaca mulatta
NEUR_5061,Hypothalamus,148.19,52.7,Danio rerio
NEUR_8387,Amygdala,122.31,45.03,Macaca mulatta
NEUR_4458,Cerebellum,53.83,11.96,Mus musculus
NEUR_7270,Striatum,85.12,89.58,Macaca mulatta
NEUR_8550,Thalamus,76.75,25.83,Macaca mulatta
NEUR_7297,Hippocampus,22.1,42.93,Macaca mulatta
NEUR_2397,Amygdala,22.79,41.39,Rattus norvegicus
NEUR_3522,Striatum,18.93,99.28,Rattus norvegicus
NEUR_1802,Hypothalamus,109.54,80.97,Mus musculus
NEUR_9781,Amygdala,111.33,73.26,Mus musculus
NEUR_3190,Cortex,81.02,82.65,Mus musculus
NEUR_3035,Amygdala,24.99,16.24,Mus musculus
NEUR_4452,Cortex,128.34,84.83,Mus musculus
NEUR_2999,Cortex,108.8,78.42,Mus musculus
NEUR_8435,Striatum,125.53,87.76,Mus musculus
NEUR_9235,Striatum,14.94,54.53,Macaca mulatta
NEUR_4929,Striatum,10.15,117.77,Macaca mulatta
NEUR_2425,Hypothalamus,7.48,37.79,Danio rerio
NEUR_3362,Hypothalamus,28.86,80.08,Mus musculus
NEUR_1379,Thalamus,27.55,74.92,Mus musculus
NEUR_5717,Hippocampus,109.7,112.63,Macaca mulatta
NEUR_4438,Striatum,100.69,70.1,Danio rerio
NEUR_8045,Cortex,19.29,25.69,Rattus norvegicus
NEUR_8189,Hypothalamus,147.07,116.32,Mus musculus
NEUR_1820,Cortex,111.87,46.61,Mus musculus
NEUR_6610,Hypothalamus,146.53,103.49,Rattus norvegicus
NEUR_8963,Hippocampus,11.75,67.41,Mus musculus
NEUR_5787,Striatum,93.89,87.43,Mus musculus
NEUR_1810,Cortex,16.5,42.55,Rattus norvegicus
NEUR_9969,Hippocampus,72.42,104.35,Macaca mulatta
NEUR_7339,Cortex,14.59,10.15,Rattus norvegicus
NEUR_4087,Amygdala,113.71,83.05,Rattus norvegicus
NEUR_7680,Cortex,92.59,117.23,Rattus norvegicus
NEUR_2053,Hypothalamus,14.06,103.19,Rattus norvegicus
NEUR_4869,Hypothalamus,142.96,16.23,Macaca mulatta
NEUR_6058,Hypothalamus,85.51,88.65,Rattus norvegicus
NEUR_4634,Striatum,112.95,22.32,Danio rerio
NEUR_9481,Striatum,21.37,58.94,Rattus norvegicus
NEUR_3518,Amygdala,34.25,29.64,Macaca mulatta
NEUR_3918,Hypothalamus,8.69,25.59,Danio rerio
NEUR_2828,Thalamus,117.96,115.63,Rattus norvegicus
NEUR_2155,Thalamus,148.78,21.84,Danio rerio
NEUR_2885,Hypothalamus,50.36,44.47,Macaca mulatta
NEUR_2055,Thalamus,124.98,73.48,Rattus norvegicus
NEUR_7611,Striatum,36.33,80.65,Mus musculus
NEUR_3058,Amygdala,56.13,105.54,Rattus norvegicus
NEUR_7837,Cerebellum,149.88,11.72,Danio rerio
NEUR_8472,Hypothalamus,126.13,57.57,Rattus norvegicus
NEUR_1328,Amygdala,49.03,96.27,Rattus norvegicus
NEUR_1445,Cortex,41.28,38.61,Rattus norvegicus
NEUR_6847,Striatum,129.57,89.33,Rattus norvegicus
NEUR_9782,Cortex,115.35,109.35,Rattus norvegicus
NEUR_4122,Cerebellum,149.81,102.4,Rattus norvegicus
NEUR_3851,Striatum,11.2,88.08,Macaca mulatta
NEUR_7056,Cerebellum,147.11,55.53,Macaca mulatta
NEUR_3528,Cortex,57.7,119.12,Danio rerio
NEUR_5246,Hippocampus,123.35,41.0,Rattus norvegicus
NEUR_4926,Hypothalamus,56.82,51.91,Rattus norvegicus
NEUR_9790,Hypothalamus,52.43,38.19,Danio rerio
NEUR_9540,Amygdala,52.6,58.55,Mus musculus
NEUR_4801,Striatum,60.68,116.8,Macaca mulatta
NEUR_4187,Hippocampus,27.58,17.46,Mus musculus
NEUR_5248,Hypothalamus,53.52,119.46,Macaca mulatta
NEUR_9533,Cerebellum,70.78,37.74,Rattus norvegicus
NEUR_7354,Striatum,2.4,90.1,Macaca mulatta
NEUR_8363,Hippocampus,106.16,113.8,Danio rerio
NEUR_3352,Hippocampus,74.45,115.51,Mus musculus
NEUR_9869,Cerebellum,91.61,110.34,Rattus norvegicus
NEUR_2153,Amygdala,101.28,24.37,Danio rerio
NEUR_3411,Thalamus,40.25,22.96,Danio rerio
NEUR_4325,Striatum,36.08,97.55,Rattus norvegicus
NEUR_9985,Striatum,142.86,92.58,Macaca mulatta
NEUR_1252,Hypothalamus,94.74,63.59,Macaca mulatta
NEUR_2012,Cortex,91.8,71.26,Mus musculus
NEUR_5095,Cerebellum,36.74,23.22,Mus musculus
NEUR_3713,Cerebellum,147.34,86.59,Danio rerio
NEUR_9575,Amygdala,50.28,16.12,Mus musculus
NEUR_9171,Cortex,66.27,33.25,Rattus norvegicus
NEUR_2065,Hippocampus,79.04,57.78,Mus musculus
NEUR_3114,Cerebellum,97.53,41.08,Macaca mulatta
NEUR_9565,Hippocampus,143.99,18.4,Mus musculus
NEUR_9369,Hypothalamus,144.65,79.4,Macaca mulatta
NEUR_3530,Amygdala,100.56,20.44,Danio rerio
NEUR_3090,Cortex,70.4,10.64,Danio rerio
NEUR_1055,Amygdala,71.98,113.96,Macaca mulatta
NEUR_3544,Hippocampus,141.57,71.66,Mus musculus
NEUR_2002,Striatum,34.82,104.28,Mus musculus
NEUR_3922,Amygdala,55.99,37.92,Danio rerio
NEUR_7699,Amygdala,126.7,81.72,Mus musculus
NEUR_5028,Hippocampus,8.45,59.13,Mus musculus
NEUR_9446,Thalamus,37.63,115.19,Mus musculus
NEUR_1160,Striatum,52.12,52.52,Macaca mulatta
NEUR_7889,Hippocampus,98.52,109.85,Mus musculus
NEUR_6360,Hippocampus,149.89,102.87,Mus musculus
NEUR_1583,Thalamus,131.32,96.75,Macaca mulatta
NEUR_3732,Thalamus,135.32,30.75,Danio rerio
NEUR_9928,Amygdala,113.82,111.57,Macaca mulatta
NEUR_4161,Cerebellum,117.93,100.05,Rattus norvegicus
NEUR_6460,Striatum,51.09,50.9,Danio rerio
NEUR_7691,Hippocampus,45.22,118.79,Danio rerio
NEUR_8275,Hypothalamus,98.64,20.53,Rattus norvegicus
NEUR_3294,Hippocampus,72.35,15.41,Mus musculus
NEUR_9436,Cerebellum,3.04,28.2,Rattus norvegicus
NEUR_6796,Hypothalamus,117.52,14.12,Mus musculus
NEUR_8735,Hypothalamus,100.65,52.8,Danio rerio
NEUR_8179,Thalamus,142.12,86.46,Mus musculus
NEUR_3123,Amygdala,76.45,32.37,Macaca mulatta
NEUR_6045,Striatum,127.08,43.5,Danio rerio
NEUR_2698,Hypothalamus,99.37,118.24,Macaca mulatta
NEUR_7334,Hypothalamus,77.72,53.97,Mus musculus
NEUR_3738,Cortex,48.51,32.93,Danio rerio
NEUR_5023,Hypothalamus,75.8,91.5,Rattus norvegicus
NEUR_3513,Hypothalamus,144.48,60.8,Mus musculus
NEUR_1116,Amygdala,110.38,64.6,Danio rerio
NEUR_9020,Cortex,129.45,81.91,Danio rerio
NEUR_8039,Cortex,136.54,97.48,Rattus norvegicus
NEUR_2005,Hippocampus,106.33,11.34,Macaca mulatta
NEUR_8533,Cortex,43.0,58.79,Mus musculus
NEUR_9519,Hypothalamus,124.88,82.91,Mus musculus
NEUR_6202,Cerebellum,7.32,44.45,Danio rerio
NEUR_6075,Hippocampus,101.25,54.75,Macaca mulatta
NEUR_1486,Hippocampus,5.26,64.59,Rattus norvegicus
NEUR_2565,Cortex,14.75,73.74,Macaca mulatta
NEUR_8975,Amygdala,42.19,108.85,Macaca mulatta
NEUR_5941,Hypothalamus,28.63,67.44,Mus musculus
NEUR_6732,Cortex,108.87,16.75,Rattus norvegicus
NEUR_7693,Amygdala,86.43,31.97,Macaca mulatta
NEUR_1594,Cerebellum,15.35,56.8,Mus musculus
NEUR_2387,Cerebellum,60.17,39.08,Mus musculus
NEUR_3659,Cortex,35.01,83.07,Rattus norvegicus
NEUR_1134,Cerebellum,82.09,97.25,Macaca mulatta
NEUR_8377,Amygdala,98.21,85.22,Danio rerio
NEUR_1272,Striatum,0.37,118.38,Mus musculus
NEUR_3383,Thalamus,63.03,10.01,Rattus norvegicus
NEUR_4773,Cortex,60.34,67.23,Macaca mulatta
NEUR_7923,Striatum,67.28,112.11,Macaca mulatta
NEUR_4834,Cerebellum,116.81,27.32,Macaca mulatta
NEUR_2472,Hippocampus,39.91,58.29,Danio rerio
NEUR_7014,Hypothalamus,69.13,12.94,Macaca mulatta
NEUR_9216,Amygdala,56.53,31.26,Macaca mulatta
NEUR_1094,Cerebellum,72.19,104.14,Rattus norvegicus
NEUR_1834,Striatum,25.78,111.38,Mus musculus
NEUR_5796,Striatum,46.89,45.2,Macaca mulatta
NEUR_7517,Striatum,41.61,97.01,Danio rerio
NEUR_9538,Thalamus,32.81,61.65,Danio rerio
NEUR_3548,Striatum,45.83,36.67,Mus musculus
NEUR_5745,Hypothalamus,111.35,76.59,Macaca mulatta
NEUR_6718,Hippocampus,104.31,100.11,Macaca mulatta
NEUR_7850,Amygdala,51.86,43.73,Mus musculus
NEUR_5641,Hypothalamus,19.25,102.65,Danio rerio
NEUR_2777,Hypothalamus,64.06,38.46,Mus musculus
NEUR_8489,Thalamus,57.98,17.69,Macaca mulatta
NEUR_1081,Hypothalamus,28.72,118.85,Mus musculus
NEUR_8028,Striatum,8.08,105.48,Macaca mulatta
NEUR_7091,Striatum,97.14,78.95,Mus musculus
NEUR_9159,Hypothalamus,144.49,103.23,Mus musculus
NEUR_5610,Striatum,81.36,99.01,Rattus norvegicus
NEUR_1164,Cortex,68.48,58.18,Macaca mulatta
NEUR_3787,Cerebellum,47.64,21.26,Danio rerio
NEUR_9418,Hypothalamus,25.58,34.88,Mus musculus
NEUR_2535,Amygdala,38.17,48.33,Mus musculus
NEUR_7858,Hippocampus,93.93,89.49,Danio rerio
NEUR_7194,Cortex,12.64,33.4,Mus musculus
NEUR_1552,Cortex,122.7,70.34,Danio rerio
NEUR_5721,Hypothalamus,147.02,88.94,Rattus norvegicus
NEUR_1241,Hippocampus,10.46,109.77,Macaca mulatta
NEUR_4773,Hypothalamus,126.83,36.14,Mus musculus
NEUR_5521,Cortex,58.72,57.94,Rattus norvegicus
NEUR_5170,Thalamus,4.17,57.09,Macaca mulatta
NEUR_1070,Thalamus,149.72,105.6,Macaca mulatta
NEUR_3660,Thalamus,17.0,31.42,Rattus norvegicus
NEUR_8614,Cortex,42.11,110.53,Mus musculus
NEUR_3403,Cerebellum,140.97,38.19,Rattus norvegicus
NEUR_8230,Cerebellum,59.8,58.84,Mus musculus
NEUR_7569,Amygdala,52.3,63.16,Macaca mulatta
NEUR_8962,Amygdala,105.03,117.36,Macaca mulatta
NEUR_3180,Cerebellum,110.87,15.79,Danio rerio
NEUR_5122,Amygdala,5.41,95.25,Danio rerio
NEUR_9147,Hippocampus,136.09,109.14,Danio rerio
NEUR_8022,Striatum,73.36,116.78,Rattus norvegicus
NEUR_2857,Thalamus,149.47,70.53,Macaca mulatta
NEUR_1637,Thalamus,107.26,63.3,Danio rerio
NEUR_9161,Cortex,104.97,27.51,Rattus norvegicus
NEUR_4675,Striatum,43.98,39.72,Mus musculus
NEUR_1930,Thalamus,85.6,16.67,Mus musculus
NEUR_9139,Cerebellum,9.36,26.03,Mus musculus
NEUR_8478,Thalamus,129.69,16.94,Danio rerio
NEUR_2097,Hypothalamus,94.54,84.82,Mus musculus
NEUR_2538,Amygdala,19.66,56.78,Danio rerio
NEUR_8731,Hypothalamus,27.37,86.03,Macaca mulatta
NEUR_1331,Cortex,65.94,42.36,Macaca mulatta
NEUR_3638,Hippocampus,37.76,42.99,Rattus norvegicus
NEUR_1453,Striatum,148.36,30.62,Danio rerio
NEUR_5818,Striatum,137.61,35.1,Mus musculus
NEUR_7884,Hippocampus,138.5,20.17,Rattus norvegicus
NEUR_4080,Cortex,3.55,104.95,Danio rerio
NEUR_6421,Cortex,47.95,17.41,Macaca mulatta
NEUR_4975,Striatum,64.23,113.43,Danio rerio
NEUR_1238,Hypothalamus,102.76,115.98,Danio rerio
NEUR_2811,Striatum,13.49,84.57,Macaca mulatta
NEUR_5221,Amygdala,107.49,94.62,Danio rerio
NEUR_4309,Hypothalamus,74.76,107.09,Mus musculus
NEUR_5396,Hippocampus,112.68,118.52,Rattus norvegicus
NEUR_1124,Hippocampus,48.58,16.57,Mus musculus
NEUR_2985,Thalamus,141.26,29.84,Danio rerio
NEUR_9968,Hypothalamus,101.3,80.62,Macaca mulatta
NEUR_9280,Cortex,18.47,83.22,Rattus norvegicus
NEUR_7800,Striatum,46.57,86.3,Macaca mulatta
NEUR_2964,Cortex,141.34,114.64,Danio rerio
NEUR_8132,Hypothalamus,76.14,73.16,Macaca mulatta
NEUR_9496,Hypothalamus,113.73,106.34,Macaca mulatta
NEUR_8749,Hippocampus,123.11,114.69,Rattus norvegicus
NEUR_3632,Striatum,134.56,96.97,Mus musculus
NEUR_3005,Cortex,79.22,104.54,Danio rerio
NEUR_5251,Hypothalamus,82.79,23.74,Rattus norvegicus
NEUR_6545,Thalamus,125.95,80.06,Rattus norvegicus
NEUR_8559,Thalamus,22.33,85.92,Rattus norvegicus
NEUR_5033,Hippocampus,93.14,94.72,Danio rerio
NEUR_9182,Hypothalamus,72.35,113.3,Mus musculus
NEUR_6563,Cortex,25.52,20.32,Mus musculus
NEUR_2862,Striatum,23.23,97.94,Mus musculus
NEUR_2028,Thalamus,106.94,94.93,Rattus norvegicus
NEUR_1834,Hypothalamus,112.71,53.54,Rattus norvegicus
NEUR_5346,Striatum,149.96,111.36,Rattus norvegicus
NEUR_4117,Hypothalamus,50.43,12.91,Rattus norvegicus
NEUR_8073,Cortex,60.4,67.66,Mus musculus
NEUR_1572,Hippocampus,107.06,110.23,Mus musculus
NEUR_4446,Hippocampus,136.46,26.99,Macaca mulatta
NEUR_2572,Cerebellum,92.6,33.75,Rattus norvegicus
NEUR_9616,Amygdala,103.59,54.06,Mus musculus
NEUR_7385,Striatum,72.45,117.54,Mus musculus
NEUR_8124,Cortex,125.91,67.28,Macaca mulatta
NEUR_8272,Hypothalamus,77.06,108.17,Danio rerio
NEUR_2550,Hypothalamus,54.32,90.25,Mus musculus
NEUR_9071,Hypothalamus,114.36,30.37,Danio rerio
NEUR_2083,Striatum,36.39,108.43,Danio rerio
NEUR_6237,Thalamus,4.81,50.93,Macaca mulatta
NEUR_6104,Hypothalamus,136.8,97.37,Mus musculus
NEUR_1346,Cortex,37.41,55.15,Macaca mulatta
NEUR_8941,Amygdala,104.43,113.7,Mus musculus
NEUR_8470,Cerebellum,30.11,85.17,Danio rerio
NEUR_7435,Hypothalamus,110.77,100.33,Macaca mulatta
NEUR_2779,Hypothalamus,58.77,119.5,Mus musculus
NEUR_8274,Hypothalamus,105.26,57.64,Danio rerio
NEUR_6638,Thalamus,3.11,59.0,Mus musculus
NEUR_3579,Hypothalamus,0.15,111.75,Rattus norvegicus
NEUR_3608,Thalamus,58.9,112.39,Rattus norvegicus
NEUR_5376,Cerebellum,48.89,40.12,Rattus norvegicus
NEUR_1503,Striatum,146.19,115.93,Rattus norvegicus
NEUR_3385,Hippocampus,83.41,103.42,Mus musculus
NEUR_8216,Amygdala,45.86,37.34,Danio rerio
NEUR_4496,Cortex,100.74,13.35,Mus musculus
NEUR_3093,Hippocampus,72.27,71.29,Rattus norvegicus
NEUR_4684,Hippocampus,15.5,49.04,Rattus norvegicus
NEUR_8490,Amygdala,62.42,48.67,Mus musculus
NEUR_2083,Thalamus,3.33,98.73,Mus musculus
NEUR_9033,Hippocampus,16.57,82.55,Rattus norvegicus
NEUR_4054,Amygdala,39.78,118.58,Mus musculus
NEUR_1084,Cortex,128.8,66.83,Mus musculus
NEUR_5101,Amygdala,107.04,26.45,Mus musculus
NEUR_2904,Striatum,12.95,24.53,Rattus norvegicus
NEUR_3938,Hypothalamus,131.63,78.46,Macaca mulatta
NEUR_8460,Striatum,42.08,96.78,Danio rerio
NEUR_3026,Cerebellum,105.99,44.51,Rattus norvegicus
NEUR_3428,Cerebellum,32.0,86.27,Danio rerio
NEUR_8047,Striatum,114.73,17.46,Danio rerio
NEUR_8623,Striatum,105.78,118.05,Mus musculus
NEUR_2975,Cerebellum,124.26,80.17,Macaca mulatta
NEUR_8585,Thalamus,122.32,51.21,Macaca mulatta
NEUR_5992,Cerebellum,117.89,48.39,Mus musculus
NEUR_6120,Cerebellum,31.77,83.1,Macaca mulatta
NEUR_3974,Hippocampus,66.99,34.33,Mus musculus
NEUR_6438,Thalamus,140.2,59.74,Danio rerio
NEUR_5938,Cortex,91.52,99.67,Rattus norvegicus
NEUR_3439,Amygdala,58.24,31.98,Danio rerio
NEUR_3319,Thalamus,61.99,111.06,Macaca mulatta
NEUR_6182,Cortex,28.23,95.42,Mus musculus
NEUR_9038,Hypothalamus,27.35,18.6,Macaca mulatta
NEUR_6237,Hippocampus,148.42,10.45,Macaca mulatta
NEUR_8164,Cortex,6.26,14.22,Danio rerio
NEUR_3001,Striatum,136.28,97.59,Mus musculus
NEUR_4287,Thalamus,106.69,102.8,Mus musculus
NEUR_8759,Hippocampus,134.28,11.44,Mus musculus
NEUR_9555,Cortex,110.63,30.3,Rattus norvegicus
NEUR_6074,Hypothalamus,143.71,30.61,Macaca mulatta
NEUR_7077,Thalamus,12.67,73.17,Mus musculus
NEUR_9001,Thalamus,58.77,10.13,Danio rerio
NEUR_5901,Amygdala,135.29,87.07,Danio rerio
NEUR_7526,Striatum,36.97,63.65,Danio rerio
NEUR_3879,Thalamus,26.85,25.33,Danio rerio
NEUR_5543,Cortex,25.86,23.3,Rattus norvegicus
NEUR_2848,Cerebellum,69.67,93.23,Mus musculus
NEUR_4725,Hippocampus,40.32,67.25,Rattus norvegicus
NEUR_4103,Thalamus,57.96,27.21,Mus musculus
NEUR_9692,Hypothalamus,149.34,118.17,Rattus norvegicus
NEUR_3371,Striatum,93.64,93.81,Rattus norvegicus
NEUR_6272,Hypothalamus,123.26,107.92,Mus musculus
NEUR_5755,Cortex,30.82,89.8,Mus musculus
NEUR_5354,Hippocampus,103.32,66.94,Macaca mulatta
NEUR_6351,Thalamus,27.94,89.25,Rattus norvegicus
NEUR_4563,Hippocampus,61.54,39.81,Danio rerio
NEUR_4552,Hypothalamus,116.76,36.72,Danio rerio
NEUR_2586,Hypothalamus,73.0,49.97,Danio rerio
NEUR_6913,Thalamus,100.14,39.04,Rattus norvegicus
NEUR_5398,Hypothalamus,100.61,60.37,Mus musculus
NEUR_6537,Cerebellum,140.31,71.31,Rattus norvegicus
NEUR_6576,Amygdala,86.2,50.37,Macaca mulatta
NEUR_1863,Cerebellum,130.5,103.06,Macaca mulatta
NEUR_1590,Cortex,103.97,86.97,Mus musculus
NEUR_2632,Cerebellum,48.4,23.83,Macaca mulatta
NEUR_9446,Hippocampus,133.26,26.21,Rattus norvegicus
NEUR_1343,Cerebellum,37.21,63.67,Rattus norvegicus
NEUR_3382,Hypothalamus,141.23,22.35,Rattus norvegicus
NEUR_4790,Amygdala,97.9,35.72,Mus musculus
NEUR_5874,Thalamus,116.28,37.25,Danio rerio
NEUR_9108,Cortex,21.4,50.54,Rattus norvegicus
NEUR_8328,Thalamus,83.41,67.54,Macaca mulatta
NEUR_5794,Hypothalamus,91.37,69.47,Macaca mulatta
NEUR_7704,Striatum,31.5,76.81,Rattus norvegicus
NEUR_9489,Amygdala,10.0,91.73,Mus musculus
NEUR_6831,Hypothalamus,47.34,50.06,Mus musculus
NEUR_6565,Cortex,19.82,67.3,Danio rerio
NEUR_6063,Thalamus,0.94,106.01,Mus musculus
NEUR_2337,Thalamus,93.98,57.49,Rattus norvegicus
NEUR_2190,Thalamus,116.22,83.53,Mus musculus
NEUR_7756,Hypothalamus,74.77,68.02,Danio rerio
NEUR_7414,Hippocampus,3.72,51.58,Macaca mulatta
NEUR_7908,Hippocampus,109.35,25.26,Macaca mulatta
NEUR_3884,Thalamus,133.2,100.58,Rattus norvegicus
NEUR_4683,Cortex,148.37,58.97,Rattus norvegicus
NEUR_2367,Cortex,82.56,37.69,Danio rerio
NEUR_2946,Thalamus,73.85,18.51,Rattus norvegicus
NEUR_1699,Striatum,56.92,40.0,Mus musculus
NEUR_2070,Cerebellum,144.97,72.63,Macaca mulatta
NEUR_7120,Hypothalamus,9.5,105.92,Mus musculus
NEUR_9195,Thalamus,68.77,114.02,Mus musculus
NEUR_1585,Cortex,90.61,105.72,Mus musculus
NEUR_9838,Cerebellum,125.83,34.24,Danio rerio
NEUR_8886,Striatum,33.0,44.33,Macaca mulatta
NEUR_5363,Striatum,22.3,14.34,Rattus norvegicus
NEUR_4830,Hypothalamus,38.71,108.42,Macaca mulatta
NEUR_1643,Cortex,116.13,65.33,Rattus norvegicus
NEUR_1272,Striatum,11.94,119.69,Danio rerio
NEUR_4401,Hippocampus,87.88,52.96,Macaca mulatta
NEUR_5400,Thalamus,136.17,119.28,Rattus norvegicus
NEUR_1203,Cortex,20.39,119.85,Rattus norvegicus
NEUR_3995,Hypothalamus,79.61,96.99,Macaca mulatta
NEUR_1993,Striatum,78.39,64.71,Macaca mulatta
NEUR_4230,Hypothalamus,67.62,21.81,Mus musculus
NEUR_6595,Hippocampus,15.78,116.2,Mus musculus
NEUR_3502,Hippocampus,32.15,24.86,Macaca mulatta
NEUR_1732,Hypothalamus,6.51,98.21,Macaca mulatta
NEUR_3065,Cerebellum,32.5,22.61,Danio rerio
NEUR_6118,Hippocampus,19.67,95.47,Macaca mulatta
NEUR_6023,Cortex,80.01,44.8,Danio rerio
NEUR_7516,Striatum,67.38,47.85,Macaca mulatta
NEUR_7790,Cerebellum,6.99,91.32,Danio rerio
NEUR_3574,Cerebellum,47.94,27.71,Danio rerio
NEUR_2627,Hypothalamus,62.04,18.81,Macaca mulatta
NEUR_5170,Hypothalamus,17.34,73.08,Danio rerio
NEUR_5973,Striatum,24.24,89.26,Rattus norvegicus
NEUR_8891,Hippocampus,29.3,75.01,Rattus norvegicus
NEUR_7147,Thalamus,131.39,12.45,Macaca mulatta
NEUR_9114,Hypothalamus,27.2,75.42,Macaca mulatta
NEUR_3048,Amygdala,65.18,87.01,Mus musculus
NEUR_2523,Amygdala,54.81,53.18,Mus musculus
NEUR_1426,Hypothalamus,79.86,80.89,Danio rerio
NEUR_5012,Amygdala,149.58,96.99,Macaca mulatta
NEUR_5395,Cortex,19.9,60.76,Danio rerio
NEUR_9655,Cerebellum,143.64,78.88,Mus musculus
NEUR_5425,Cortex,48.17,59.02,Rattus norvegicus
NEUR_1987,Striatum,125.23,55.77,Mus musculus
NEUR_1282,Hippocampus,110.23,74.73,Macaca mulatta
NEUR_5981,Cerebellum,145.33,20.25,Rattus norvegicus
NEUR_4264,Amygdala,112.81,92.69,Danio rerio
NEUR_1781,Amygdala,30.11,50.15,Danio rerio
NEUR_4750,Cortex,96.99,118.41,Mus musculus
NEUR_9622,Amygdala,110.63,114.97,Macaca mulatta
NEUR_5613,Hippocampus,143.81,109.33,Macaca mulatta
NEUR_8366,Striatum,70.94,43.9,Macaca mulatta
NEUR_4002,Hypothalamus,10.76,43.45,Mus musculus
NEUR_3806,Cortex,27.45,40.33,Danio rerio
NEUR_4408,Striatum,28.57,35.25,Mus musculus
NEUR_5581,Striatum,137.71,17.57,Mus musculus
NEUR_4092,Striatum,58.53,59.74,Macaca mulatta
NEUR_9619,Hypothalamus,16.2,71.51,Danio rerio
NEUR_6699,Cerebellum,55.29,52.32,Mus musculus
NEUR_5014,Hippocampus,139.61,52.63,Danio rerio
NEUR_7045,Striatum,37.68,35.46,Mus musculus
NEUR_5053,Amygdala,115.07,53.57,Rattus norvegicus
NEUR_5429,Hippocampus,15.97,63.24,Rattus norvegicus
NEUR_7060,Thalamus,91.26,55.63,Rattus norvegicus
NEUR_5029,Thalamus,8.16,37.44,Macaca mulatta
NEUR_6855,Cortex,102.79,39.03,Rattus norvegicus
NEUR_3059,Striatum,61.53,38.53,Macaca mulatta
NEUR_6409,Cerebellum,72.66,17.16,Danio rerio
NEUR_9102,Hippocampus,114.91,48.54,Danio rerio
NEUR_3479,Thalamus,86.7,44.13,Rattus norvegicus
NEUR_2256,Thalamus,105.12,18.05,Mus musculus
NEUR_9593,Striatum,13.03,31.4,Macaca mulatta
NEUR_1810,Striatum,21.28,95.6,Mus musculus
NEUR_8236,Striatum,9.93,90.2,Rattus norvegicus
NEUR_4182,Cerebellum,84.3,74.06,Danio rerio
NEUR_2070,Cerebellum,132.7,44.71,Danio rerio
NEUR_8101,Thalamus,17.86,111.98,Macaca mulatta
NEUR_1254,Cerebellum,113.96,45.57,Danio rerio
NEUR_7101,Thalamus,17.43,85.41,Macaca mulatta
NEUR_3166,Cerebellum,48.56,80.34,Mus musculus
NEUR_4696,Thalamus,64.3,29.88,Macaca mulatta
NEUR_5089,Cerebellum,59.54,79.75,Macaca mulatta
NEUR_6125,Cortex,32.44,98.02,Macaca mulatta
NEUR_4504,Striatum,99.22,51.99,Rattus norvegicus
NEUR_7500,Cerebellum,146.27,43.93,Danio rerio
NEUR_9514,Hippocampus,33.39,36.33,Macaca mulatta
NEUR_9870,Cerebellum,104.51,73.07,Rattus norvegicus
NEUR_6469,Amygdala,73.83,34.18,Mus musculus
NEUR_3503,Thalamus,99.04,10.42,Danio rerio
NEUR_6404,Cerebellum,63.16,11.04,Rattus norvegicus
NEUR_5791,Striatum,29.01,92.0,Mus musculus
NEUR_8723,Hypothalamus,48.67,85.51,Rattus norvegicus
NEUR_6173,Cerebellum,86.94,49.88,Danio rerio
NEUR_3129,Cortex,4.78,17.41,Mus musculus
NEUR_4500,Thalamus,10.09,72.77,Mus musculus
NEUR_1896,Hippocampus,130.3,53.39,Danio rerio
NEUR_7407,Hypothalamus,97.57,82.62,Mus musculus
NEUR_8751,Cerebellum,115.57,11.4,Danio rerio
NEUR_7549,Cortex,71.6,70.74,Mus musculus
NEUR_7880,Amygdala,145.54,78.74,Rattus norvegicus
NEUR_9847,Cerebellum,87.31,13.87,Danio rerio
NEUR_7806,Hypothalamus,37.52,80.65,Mus musculus
NEUR_2502,Thalamus,62.26,31.36,Danio rerio
NEUR_9163,Hippocampus,141.21,33.71,Danio rerio
NEUR_7025,Hippocampus,85.62,52.39,Mus musculus
NEUR_1363,Cerebellum,43.72,104.19,Danio rerio
NEUR_3115,Amygdala,93.76,56.46,Macaca mulatta
NEUR_4169,Hippocampus,75.12,15.87,Mus musculus
NEUR_1470,Amygdala,57.36,108.14,Mus musculus
NEUR_3792,Cortex,26.24,113.84,Mus musculus
NEUR_6438,Hypothalamus,93.75,100.76,Rattus norvegicus
NEUR_4862,Amygdala,131.85,24.24,Rattus norvegicus
NEUR_4376,Striatum,5.62,52.11,Danio rerio
NEUR_2977,Striatum,86.66,79.88,Mus musculus
NEUR_8270,Cortex,1.68,63.18,Rattus norvegicus
NEUR_2610,Thalamus,131.12,117.59,Rattus norvegicus
NEUR_6525,Hypothalamus,117.67,25.14,Macaca mulatta
NEUR_2919,Amygdala,73.78,83.99,Danio rerio
NEUR_4744,Thalamus,18.95,80.38,Rattus norvegicus
NEUR_9203,Thalamus,132.54,54.55,Danio rerio
NEUR_5494,Cerebellum,78.71,95.45,Mus musculus
NEUR_5161,Hippocampus,120.61,31.78,Danio rerio
NEUR_7822,Amygdala,122.21,40.36,Macaca mulatta
NEUR_3418,Striatum,102.27,19.52,Rattus norvegicus
NEUR_5651,Hypothalamus,67.11,99.58,Rattus norvegicus
NEUR_6953,Thalamus,110.91,64.44,Danio rerio
NEUR_9069,Hippocampus,63.71,55.6,Rattus norvegicus
NEUR_4763,Amygdala,82.1,10.66,Macaca mulatta
NEUR_8217,Thalamus,46.74,43.39,Rattus norvegicus
NEUR_6426,Hypothalamus,82.52,55.55,Mus musculus
NEUR_8142,Thalamus,28.45,46.19,Danio rerio
NEUR_2605,Hippocampus,92.45,77.23,Mus musculus
NEUR_6827,Striatum,26.63,48.74,Danio rerio
NEUR_2372,Hypothalamus,137.93,47.03,Macaca mulatta
NEUR_8153,Hippocampus,103.82,104.23,Macaca mulatta
NEUR_1546,Cortex,130.65,98.71,Mus musculus
NEUR_4323,Hypothalamus,26.03,46.46,Mus musculus
NEUR_6175,Thalamus,129.84,113.78,Macaca mulatta
NEUR_4707,Thalamus,7.55,28.44,Rattus norvegicus
NEUR_2948,Cerebellum,103.66,42.93,Rattus norvegicus
NEUR_6037,Cerebellum,96.47,98.97,Danio rerio
NEUR_4986,Amygdala,30.38,16.56,Mus musculus
NEUR_3173,Striatum,104.53,79.78,Macaca mulatta
NEUR_8755,Thalamus,93.79,19.41,Mus musculus
NEUR_7373,Amygdala,7.88,103.69,Danio rerio
NEUR_9336,Hippocampus,120.14,13.33,Mus musculus
NEUR_3608,Cerebellum,146.57,100.2,Mus musculus
NEUR_4945,Cerebellum,17.25,33.9,Mus musculus
NEUR_7772,Striatum,9.1,39.8,Rattus norvegicus
NEUR_1149,Amygdala,6.78,79.37,Rattus norvegicus
NEUR_1463,Striatum,141.88,72.96,Rattus norvegicus
NEUR_1563,Striatum,58.76,48.29,Macaca mulatta
NEUR_5981,Thalamus,50.4,100.81,Macaca mulatta
NEUR_3451,Cerebellum,48.49,118.88,Rattus norvegicus
NEUR_2469,Hypothalamus,1.74,79.35,Macaca mulatta
NEUR_8137,Amygdala,5.85,58.26,Rattus norvegicus
NEUR_4096,Cerebellum,143.33,36.7,Rattus norvegicus
NEUR_6563,Amygdala,94.77,50.02,Macaca mulatta
NEUR_7842,Cortex,17.1,65.28,Mus musculus
NEUR_7118,Hippocampus,127.55,42.39,Mus musculus
NEUR_8359,Hypothalamus,9.83,101.78,Macaca mulatta
NEUR_1985,Hypothalamus,123.34,22.94,Mus musculus
NEUR_1061,Cortex,8.67,71.69,Mus musculus
NEUR_7602,Striatum,148.95,113.18,Rattus norvegicus
NEUR_5520,Amygdala,102.54,27.32,Danio rerio
NEUR_6756,Striatum,35.22,16.83,Danio rerio
NEUR_5541,Amygdala,88.64,74.96,Danio rerio
NEUR_7933,Hippocampus,3.53,58.7,Mus musculus
NEUR_6169,Hippocampus,100.53,16.69,Danio rerio
NEUR_9802,Hippocampus,134.16,47.51,Macaca mulatta
NEUR_2942,Hypothalamus,43.45,102.34,Mus musculus
NEUR_7436,Amygdala,10.27,84.97,Mus musculus
NEUR_6936,Amygdala,97.07,21.74,Danio rerio
NEUR_3271,Amygdala,115.43,68.09,Rattus norvegicus
NEUR_1846,Thalamus,118.79,103.24,Danio rerio
NEUR_2434,Cortex,59.49,24.64,Mus musculus
NEUR_9001,Cortex,52.04,108.7,Macaca mulatta
NEUR_8792,Thalamus,83.01,71.39,Macaca mulatta
NEUR_7131,Hypothalamus,33.03,10.9,Rattus norvegicus
NEUR_1421,Cortex,124.02,108.32,Danio rerio
NEUR_9228,Thalamus,73.01,65.8,Macaca mulatta
NEUR_4200,Thalamus,14.23,111.89,Danio rerio
NEUR_9213,Thalamus,31.58,55.27,Mus musculus
NEUR_4505,Striatum,77.92,12.74,Mus musculus
NEUR_5765,Thalamus,3.9,93.39,Mus musculus
NEUR_4886,Striatum,147.22,15.1,Mus musculus
NEUR_8263,Hippocampus,49.68,54.31,Macaca mulatta
NEUR_1064,Striatum,116.0,107.09,Macaca mulatta
NEUR_9978,Cortex,20.27,64.29,Mus musculus
NEUR_1346,Cerebellum,104.25,37.44,Macaca mulatta
NEUR_4336,Cortex,28.69,16.99,Mus musculus
NEUR_5187,Cerebellum,31.3,102.77,Macaca mulatta
NEUR_4692,Striatum,106.99,49.34,Mus musculus
NEUR_5734,Hypothalamus,110.12,112.29,Macaca mulatta
NEUR_5894,Amygdala,56.34,110.15,Macaca mulatta
NEUR_3856,Cortex,87.64,58.71,Danio rerio
NEUR_6293,Hypothalamus,72.46,114.46,Rattus norvegicus
NEUR_7815,Cerebellum,61.57,77.43,Rattus norvegicus
NEUR_1718,Thalamus,61.17,100.58,Macaca mulatta
NEUR_8865,Striatum,88.39,40.44,Mus musculus
NEUR_8631,Striatum,85.34,24.16,Rattus norvegicus
NEUR_7965,Amygdala,17.39,103.61,Danio rerio
NEUR_6947,Thalamus,44.86,96.45,Danio rerio
NEUR_2509,Thalamus,26.29,16.86,Danio rerio
NEUR_7738,Striatum,136.33,111.76,Danio rerio
NEUR_4692,Hypothalamus,116.11,36.79,Mus musculus
NEUR_7867,Cortex,22.6,20.83,Danio rerio
NEUR_8855,Hypothalamus,112.47,96.68,Rattus norvegicus
NEUR_4532,Thalamus,52.04,65.77,Rattus norvegicus
NEUR_6612,Hypothalamus,18.51,70.08,Mus musculus
NEUR_3199,Amygdala,11.06,103.45,Danio rerio
NEUR_3915,Thalamus,73.91,83.4,Danio rerio
NEUR_6439,Amygdala,145.94,105.5,Rattus norvegicus
NEUR_2206,Striatum,97.57,70.15,Danio rerio
NEUR_3159,Striatum,43.26,36.16,Mus musculus
NEUR_7982,Cortex,21.73,44.94,Macaca mulatta
NEUR_3776,Hippocampus,149.09,117.36,Mus musculus
NEUR_4630,Cortex,98.9,106.31,Macaca mulatta
NEUR_8762,Thalamus,94.08,92.42,Mus musculus
NEUR_2942,Amygdala,146.87,87.41,Mus musculus
NEUR_3536,Hypothalamus,79.3,102.81,Danio rerio
NEUR_6709,Striatum,109.29,99.87,Mus musculus
NEUR_1219,Amygdala,55.81,74.61,Rattus norvegicus
NEUR_4318,Hippocampus,96.2,81.06,Macaca mulatta
NEUR_1124,Cerebellum,114.89,52.6,Macaca mulatta
NEUR_2041,Cortex,149.74,88.85,Danio rerio
NEUR_3799,Hypothalamus,121.83,68.23,Mus musculus
NEUR_9226,Hippocampus,119.31,97.72,Rattus norvegicus
NEUR_9398,Amygdala,28.48,101.42,Macaca mulatta
NEUR_1375,Striatum,145.01,67.49,Rattus norvegicus
NEUR_5512,Striatum,70.5,98.72,Mus musculus
NEUR_7456,Cerebellum,44.42,67.23,Rattus norvegicus
NEUR_7440,Cerebellum,65.92,40.72,Danio rerio
NEUR_9634,Amygdala,82.26,14.86,Macaca mulatta
NEUR_3818,Hippocampus,128.26,18.87,Mus musculus
NEUR_3453,Amygdala,116.9,80.57,Danio rerio
NEUR_9778,Hippocampus,117.12,78.02,Danio rerio
NEUR_9007,Thalamus,6.88,36.87,Rattus norvegicus
NEUR_9163,Cortex,93.36,22.5,Danio rerio
NEUR_2355,Thalamus,53.02,74.49,Mus musculus
NEUR_1392,Striatum,97.19,35.35,Macaca mulatta
NEUR_7480,Hippocampus,141.73,71.07,Rattus norvegicus
NEUR_5202,Cortex,30.46,22.18,Rattus norvegicus
NEUR_7959,Amygdala,98.36,98.22,Danio rerio
NEUR_1145,Cortex,54.42,71.46,Rattus norvegicus
NEUR_7869,Amygdala,18.45,11.54,Rattus norvegicus
NEUR_6890,Thalamus,44.86,34.21,Mus musculus
NEUR_3215,Striatum,113.69,42.8,Mus musculus
NEUR_6906,Striatum,28.83,28.78,Macaca mulatta
NEUR_2506,Cerebellum,116.62,14.89,Rattus norvegicus
NEUR_9740,Cerebellum,87.98,118.37,Mus musculus
NEUR_3098,Hippocampus,108.17,41.98,Macaca mulatta
NEUR_6374,Cortex,66.18,102.64,Mus musculus
NEUR_3254,Cerebellum,62.54,103.8,Macaca mulatta
NEUR_9035,Amygdala,115.73,98.02,Danio rerio
NEUR_4354,Amygdala,32.49,28.9,Danio rerio
NEUR_1531,Thalamus,92.38,63.79,Macaca mulatta
NEUR_5934,Hypothalamus,81.72,76.95,Macaca mulatta
NEUR_9421,Amygdala,127.02,44.38,Danio rerio
NEUR_5950,Thalamus,105.91,119.65,Rattus norvegicus
NEUR_4204,Hippocampus,129.86,75.2,Danio rerio
NEUR_1414,Striatum,56.25,51.79,Macaca mulatta
NEUR_4058,Cerebellum,24.63,21.24,Danio rerio
NEUR_2729,Cortex,43.83,116.93,Macaca mulatta
NEUR_1308,Cerebellum,129.38,92.08,Rattus norvegicus
NEUR_4952,Striatum,33.03,113.45,Macaca mulatta
NEUR_2867,Hypothalamus,122.36,80.99,Macaca mulatta
NEUR_2267,Amygdala,113.91,88.98,Danio rerio
NEUR_9275,Cerebellum,148.37,110.23,Rattus norvegicus
NEUR_2053,Cortex,27.84,96.21,Mus musculus
NEUR_6194,Hippocampus,50.94,65.68,Macaca mulatta
NEUR_1187,Cerebellum,52.9,110.94,Mus musculus
NEUR_6727,Hippocampus,90.49,93.84,Mus musculus
NEUR_5979,Hypothalamus,53.58,43.88,Danio rerio
NEUR_5360,Hippocampus,63.87,45.18,Macaca mulatta
NEUR_1363,Hippocampus,124.61,29.99,Macaca mulatta
NEUR_7015,Striatum,84.46,42.44,Macaca mulatta
NEUR_8338,Striatum,111.0,105.17,Macaca mulatta
NEUR_8598,Thalamus,71.68,109.73,Danio rerio
NEUR_1914,Striatum,93.94,102.18,Danio rerio
NEUR_7429,Hippocampus,27.83,115.44,Danio rerio
NEUR_1068,Striatum,46.35,82.92,Rattus norvegicus
NEUR_5187,Amygdala,118.96,59.42,Rattus norvegicus
NEUR_9753,Thalamus,80.94,26.39,Mus musculus
NEUR_6429,Hypothalamus,8.56,63.23,Danio rerio
NEUR_5723,Amygdala,95.96,72.97,Rattus norvegicus
NEUR_7530,Amygdala,109.53,61.71,Rattus norvegicus
NEUR_2402,Cerebellum,66.93,23.76,Rattus norvegicus
NEUR_5455,Amygdala,39.5,90.56,Macaca mulatta
NEUR_3161,Cortex,126.06,79.41,Danio rerio
NEUR_3584,Cortex,25.37,16.04,Mus musculus
NEUR_4981,Thalamus,114.04,29.18,Macaca mulatta
NEUR_3897,Hypothalamus,121.99,69.96,Macaca mulatta
NEUR_9318,Thalamus,123.53,48.94,Rattus norvegicus
NEUR_8119,Cerebellum,55.86,51.87,Rattus norvegicus
NEUR_7241,Thalamus,79.9,56.51,Macaca mulatta
NEUR_2029,Thalamus,133.19,42.27,Rattus norvegicus
NEUR_7974,Hippocampus,76.76,57.52,Mus musculus
NEUR_2757,Cortex,111.36,102.07,Danio rerio
NEUR_2019,Striatum,64.11,55.39,Mus musculus
NEUR_4234,Hypothalamus,27.43,107.73,Macaca mulatta
NEUR_7027,Hippocampus,61.91,62.78,Mus musculus
NEUR_3829,Amygdala,114.68,10.28,Danio rerio
NEUR_7212,Striatum,62.65,42.0,Danio rerio
NEUR_3559,Cortex,130.12,63.63,Mus musculus
NEUR_4632,Striatum,13.38,109.25,Rattus norvegicus
NEUR_6998,Hippocampus,90.57,32.71,Mus musculus
NEUR_9897,Striatum,9.04,11.66,Danio rerio
NEUR_6325,Hypothalamus,145.85,77.5,Mus musculus
NEUR_6264,Cerebellum,100.64,85.69,Danio rerio
NEUR_4749,Cortex,38.42,29.87,Rattus norvegicus
NEUR_3254,Hippocampus,73.17,27.76,Mus musculus
NEUR_6092,Cortex,116.77,26.81,Danio rerio
NEUR_6728,Cerebellum,90.01,76.32,Mus musculus
NEUR_9701,Thalamus,105.27,59.58,Macaca mulatta
NEUR_1181,Striatum,53.61,34.47,Mus musculus
NEUR_5972,Hippocampus,128.76,86.5,Mus musculus
NEUR_6557,Thalamus,35.82,80.64,Rattus norvegicus
NEUR_6586,Hippocampus,91.97,46.82,Rattus norvegicus
NEUR_9275,Cerebellum,3.21,102.98,Macaca mulatta
NEUR_3583,Striatum,40.36,81.12,Rattus norvegicus
NEUR_7712,Cerebellum,73.72,113.26,Mus musculus
NEUR_3803,Cortex,135.36,82.34,Mus musculus
NEUR_4920,Cerebellum,142.59,109.67,Mus musculus
NEUR_4552,Striatum,135.46,114.58,Rattus norvegicus
NEUR_2696,Amygdala,127.51,33.36,Danio rerio
NEUR_4824,Cortex,121.99,67.28,Danio rerio
NEUR_2825,Cortex,83.06,116.15,Danio rerio
NEUR_7951,Amygdala,32.46,34.05,Mus musculus
NEUR_8563,Thalamus,80.46,82.83,Rattus norvegicus
NEUR_4720,Cerebellum,86.46,52.31,Mus musculus
NEUR_2117,Thalamus,19.53,49.65,Rattus norvegicus
NEUR_9737,Cortex,118.56,66.62,Rattus norvegicus
NEUR_8575,Striatum,87.24,19.91,Danio rerio
NEUR_8571,Hippocampus,87.7,97.61,Mus musculus
NEUR_7535,Hippocampus,123.54,88.57,Mus musculus
NEUR_2507,Cortex,101.2,20.86,Mus musculus
NEUR_2213,Cerebellum,28.57,28.58,Macaca mulatta
NEUR_2274,Thalamus,121.43,95.7,Macaca mulatta
NEUR_2256,Striatum,76.48,82.23,Danio rerio
NEUR_9723,Hypothalamus,20.13,17.7,Rattus norvegicus
NEUR_5021,Striatum,107.09,61.19,Danio rerio
NEUR_2397,Hippocampus,119.44,31.86,Rattus norvegicus
NEUR_3613,Hippocampus,24.0,11.6,Macaca mulatta
NEUR_5506,Hippocampus,57.8,107.78,Rattus norvegicus
NEUR_5249,Thalamus,73.75,89.67,Mus musculus
NEUR_2499,Thalamus,90.77,79.25,Rattus norvegicus
NEUR_2653,Thalamus,90.58,10.23,Rattus norvegicus
NEUR_7031,Hypothalamus,136.71,63.6,Macaca mulatta
NEUR_4396,Striatum,75.53,66.68,Macaca mulatta
NEUR_3558,Cerebellum,40.8,111.11,Rattus norvegicus
NEUR_9226,Cortex,104.93,70.49,Rattus norvegicus
NEUR_9548,Amygdala,49.17,87.55,Rattus norvegicus
NEUR_4661,Hypothalamus,144.85,84.57,Macaca mulatta
NEUR_3412,Cerebellum,23.9,58.21,Rattus norvegicus
NEUR_9700,Hypothalamus,105.37,115.84,Danio rerio
NEUR_6472,Striatum,112.72,109.22,Mus musculus
NEUR_7207,Hippocampus,44.1,75.14,Rattus norvegicus
NEUR_3403,Hippocampus,135.2,117.4,Rattus norvegicus
NEUR_1863,Cerebellum,109.87,13.42,Danio rerio
NEUR_9053,Thalamus,51.36,98.04,Danio rerio
NEUR_2701,Striatum,104.31,13.05,Rattus norvegicus
NEUR_9415,Thalamus,76.44,73.84,Rattus norvegicus
NEUR_3589,Cerebellum,41.22,14.13,Macaca mulatta
NEUR_9593,Thalamus,119.17,115.77,Rattus norvegicus
NEUR_6838,Hypothalamus,93.91,30.51,Mus musculus
NEUR_6154,Striatum,29.61,78.11,Macaca mulatta
NEUR_4071,Cortex,29.08,97.33,Rattus norvegicus
NEUR_4279,Cortex,22.34,52.74,Danio rerio
NEUR_1764,Hypothalamus,50.21,69.12,Rattus norvegicus
NEUR_6179,Cerebellum,17.13,48.95,Rattus norvegicus
NEUR_2580,Cerebellum,65.61,45.58,Macaca mulatta
NEUR_2010,Amygdala,73.24,89.65,Rattus norvegicus
NEUR_8705,Hippocampus,22.17,29.51,Danio rerio
NEUR_4915,Cortex,32.7,100.29,Mus musculus
NEUR_9985,Cerebellum,67.71,86.15,Mus musculus
NEUR_3289,Cerebellum,17.97,54.55,Mus musculus
NEUR_1054,Striatum,68.65,11.66,Mus musculus
NEUR_8786,Hypothalamus,138.57,31.35,Macaca mulatta
NEUR_1264,Cortex,61.53,77.04,Mus musculus
NEUR_5415,Thalamus,28.73,31.21,Macaca mulatta
NEUR_6568,Cerebellum,81.89,49.39,Rattus norvegicus
NEUR_8302,Hypothalamus,134.78,37.02,Rattus norvegicus
NEUR_6169,Thalamus,105.99,79.28,Danio rerio
NEUR_4530,Cerebellum,35.49,69.72,Rattus norvegicus
NEUR_6300,Amygdala,106.53,114.01,Danio rerio
NEUR_3794,Thalamus,68.85,68.22,Rattus norvegicus
NEUR_1229,Amygdala,23.75,26.33,Rattus norvegicus
NEUR_1686,Striatum,13.19,90.66,Danio rerio
NEUR_5497,Cerebellum,48.4,40.07,Rattus norvegicus
NEUR_2825,Hippocampus,112.01,37.21,Mus musculus
NEUR_7575,Amygdala,104.89,115.58,Rattus norvegicus
NEUR_7341,Thalamus,27.56,38.4,Mus musculus
NEUR_4997,Cerebellum,136.44,99.96,Mus musculus
NEUR_2645,Cortex,107.61,21.76,Danio rerio
NEUR_7464,Striatum,69.65,27.95,Macaca mulatta
NEUR_6771,Cerebellum,116.01,96.07,Mus musculus
NEUR_1080,Amygdala,139.63,18.05,Danio rerio
NEUR_1408,Amygdala,51.05,11.28,Danio rerio
NEUR_3045,Cerebellum,134.08,51.32,Mus musculus
NEUR_3295,Cerebellum,38.79,104.22,Mus musculus
NEUR_6072,Hypothalamus,44.48,27.67,Macaca mulatta
NEUR_2917,Hypothalamus,96.61,90.45,Mus musculus
NEUR_3995,Amygdala,38.65,112.89,Danio rerio
NEUR_8619,Hippocampus,78.14,30.45,Danio rerio
NEUR_1152,Hippocampus,118.56,50.66,Macaca mulatta
NEUR_4877,Hypothalamus,70.99,66.85,Danio rerio
NEUR_2322,Cortex,7.39,96.71,Macaca mulatta
NEUR_8004,Cortex,116.05,29.26,Danio rerio
NEUR_9705,Cerebellum,58.47,45.75,Rattus norvegicus
NEUR_9364,Cortex,95.26,58.46,Danio rerio
NEUR_8572,Striatum,105.72,47.62,Macaca mulatta
NEUR_5694,Hippocampus,126.46,97.38,Rattus norvegicus
NEUR_1784,Striatum,144.95,71.89,Macaca mulatta
NEUR_8469,Thalamus,109.74,44.98,Macaca mulatta
NEUR_4505,Cerebellum,89.12,41.21,Danio rerio
NEUR_9192,Cortex,62.8,93.04,Danio rerio
NEUR_9697,Cortex,126.37,26.91,Rattus norvegicus
NEUR_1914,Amygdala,21.23,54.35,Mus musculus
NEUR_5428,Cerebellum,71.07,12.2,Danio rerio
NEUR_9488,Amygdala,138.91,36.72,Rattus norvegicus
NEUR_3630,Cerebellum,31.48,93.01,Mus musculus
NEUR_9609,Hypothalamus,11.2,37.2,Macaca mulatta
NEUR_6612,Hypothalamus,129.72,49.84,Danio rerio
NEUR_7834,Hippocampus,47.68,40.74,Mus musculus
NEUR_7242,Hippocampus,21.73,92.1,Danio rerio
NEUR_3938,Hypothalamus,3.65,73.88,Danio rerio
NEUR_1232,Thalamus,103.92,54.13,Macaca mulatta
NEUR_1075,Cerebellum,145.7,68.12,Rattus norvegicus
NEUR_5245,Thalamus,145.15,107.41,Danio rerio
NEUR_5482,Cerebellum,30.88,30.95,Mus musculus
NEUR_2129,Thalamus,129.63,19.75,Macaca mulatta
NEUR_3933,Cortex,111.03,18.38,Danio rerio
NEUR_4562,Cerebellum,107.9,85.77,Danio rerio
NEUR_6373,Hypothalamus,83.84,15.69,Danio rerio
NEUR_8207,Hypothalamus,42.34,31.77,Rattus norvegicus
NEUR_7639,Amygdala,23.03,17.18,Macaca mulatta
NEUR_5490,Hypothalamus,54.82,35.89,Rattus norvegicus
NEUR_7758,Hypothalamus,27.76,50.46,Macaca mulatta
NEUR_7393,Cortex,79.74,94.67,Rattus norvegicus
NEUR_3976,Striatum,76.74,90.8,Rattus norvegicus
NEUR_9811,Amygdala,130.17,16.64,Mus musculus
NEUR_9554,Cortex,138.79,93.85,Rattus norvegicus
NEUR_9699,Thalamus,119.62,56.92,Danio rerio
NEUR_5069,Striatum,37.43,13.32,Mus musculus
NEUR_9273,Amygdala,47.7,36.17,Danio rerio
NEUR_3103,Hypothalamus,147.73,56.49,Danio rerio
NEUR_5409,Thalamus,119.14,89.93,Rattus norvegicus
NEUR_7017,Hippocampus,41.68,99.42,Rattus norvegicus
NEUR_4827,Hippocampus,65.17,17.29,Rattus norvegicus
NEUR_3484,Hypothalamus,46.64,42.39,Rattus norvegicus
NEUR_3211,Cortex,127.06,109.08,Danio rerio
NEUR_6654,Striatum,135.56,103.92,Rattus norvegicus
NEUR_4527,Hypothalamus,26.48,24.85,Mus musculus
NEUR_2432,Amygdala,115.54,29.05,Macaca mulatta
NEUR_9568,Hippocampus,31.84,12.44,Rattus norvegicus
NEUR_8625,Cortex,114.97,95.85,Mus musculus
NEUR_1481,Hypothalamus,48.64,78.23,Macaca mulatta
NEUR_8061,Cerebellum,133.6,92.45,Macaca mulatta
NEUR_5446,Amygdala,95.2,15.64,Danio rerio
NEUR_8489,Amygdala,53.43,33.54,Rattus norvegicus
NEUR_8896,Hippocampus,62.21,17.57,Macaca mulatta
NEUR_6803,Cerebellum,92.12,34.31,Rattus norvegicus
NEUR_4426,Cortex,96.4,41.55,Danio rerio
NEUR_6065,Hypothalamus,148.72,96.61,Macaca mulatta
NEUR_8490,Hippocampus,129.64,102.5,Macaca mulatta
NEUR_7865,Hippocampus,68.86,27.32,Danio rerio
NEUR_1348,Amygdala,32.93,17.49,Danio rerio
NEUR_8624,Cerebellum,136.95,118.91,Danio rerio
NEUR_7504,Thalamus,148.77,62.1,Macaca mulatta
NEUR_7056,Hippocampus,110.11,43.15,Danio rerio
NEUR_5204,Cortex,118.96,86.77,Rattus norvegicus
NEUR_7569,Cerebellum,63.3,73.75,Danio rerio
NEUR_1889,Cortex,86.29,38.92,Mus musculus
NEUR_5411,Hippocampus,131.79,22.43,Macaca mulatta
NEUR_4698,Cerebellum,41.78,71.99,Danio rerio
NEUR_1914,Amygdala,141.93,76.28,Rattus norvegicus
NEUR_3931,Hypothalamus,141.09,111.86,Macaca mulatta
NEUR_7758,Amygdala,46.53,19.49,Macaca mulatta
NEUR_3121,Hypothalamus,101.7,49.87,Danio rerio
NEUR_3061,Cerebellum,16.6,93.34,Macaca mulatta
NEUR_5240,Amygdala,3.25,58.31,Macaca mulatta
NEUR_9918,Hypothalamus,105.45,22.38,Mus musculus
NEUR_3234,Cortex,83.35,28.83,Danio rerio
NEUR_3475,Thalamus,75.76,59.04,Macaca mulatta
NEUR_2889,Amygdala,60.97,57.53,Macaca mulatta
NEUR_2712,Cortex,50.62,108.03,Danio rerio
NEUR_8940,Cerebellum,42.83,62.62,Macaca mulatta
NEUR_1241,Hypothalamus,70.03,35.15,Mus musculus
NEUR_6013,Cortex,76.41,50.99,Macaca mulatta
NEUR_4690,Striatum,77.84,104.93,Mus musculus
NEUR_7263,Striatum,66.03,23.94,Mus musculus
NEUR_1870,Cortex,52.57,88.48,Mus musculus
NEUR_8612,Amygdala,124.16,20.44,Danio rerio
NEUR_2969,Amygdala,58.03,72.23,Rattus norvegicus
NEUR_7846,Striatum,141.75,46.9,Macaca mulatta
NEUR_4309,Thalamus,108.44,63.15,Rattus norvegicus
NEUR_6473,Cortex,81.61,66.85,Macaca mulatta
NEUR_2691,Cerebellum,26.67,66.46,Rattus norvegicus
NEUR_5199,Thalamus,83.74,66.51,Mus musculus
NEUR_8370,Striatum,43.59,87.51,Macaca mulatta
NEUR_6237,Cortex,103.42,111.7,Rattus norvegicus
NEUR_3969,Hippocampus,37.02,28.03,Rattus norvegicus
NEUR_4982,Cerebellum,37.97,66.93,Macaca mulatta
NEUR_1460,Cerebellum,14.65,14.17,Danio rerio
NEUR_1213,Cortex,114.25,98.48,Rattus norvegicus
NEUR_3120,Hippocampus,98.65,60.94,Rattus norvegicus
NEUR_3014,Cortex,75.04,14.26,Mus musculus
NEUR_2106,Thalamus,137.63,76.67,Mus musculus
NEUR_7492,Hippocampus,71.33,70.79,Mus musculus
NEUR_7414,Cortex,103.22,89.44,Mus musculus
NEUR_8958,Hippocampus,14.19,115.17,Rattus norvegicus
NEUR_5192,Hippocampus,88.66,95.35,Danio rerio
NEUR_5105,Hippocampus,71.13,50.05,Macaca mulatta
NEUR_6988,Amygdala,87.36,52.44,Mus musculus
NEUR_4305,Amygdala,88.36,48.69,Rattus norvegicus
NEUR_5203,Thalamus,96.93,113.24,Mus musculus
NEUR_3877,Hypothalamus,131.28,82.25,Macaca mulatta
NEUR_5623,Cortex,106.3,85.27,Rattus norvegicus
NEUR_3111,Cerebellum,89.25,119.81,Rattus norvegicus
NEUR_3608,Cortex,69.2,99.07,Mus musculus
NEUR_6708,Cortex,116.21,48.15,Mus musculus
NEUR_4169,Cerebellum,12.59,24.93,Danio rerio
NEUR_5213,Cerebellum,149.79,34.26,Danio rerio
NEUR_2973,Thalamus,135.01,69.16,Rattus norvegicus
NEUR_9897,Cortex,53.78,102.38,Macaca mulatta
NEUR_1699,Cortex,12.44,74.52,Rattus norvegicus
NEUR_9944,Cortex,103.84,104.98,Macaca mulatta
NEUR_9117,Cortex,131.68,38.72,Macaca mulatta
NEUR_4347,Striatum,28.63,37.95,Macaca mulatta
NEUR_7994,Striatum,16.04,119.07,Macaca mulatta
NEUR_4828,Cerebellum,138.57,54.97,Mus musculus
NEUR_8547,Thalamus,110.46,72.99,Mus musculus
NEUR_6713,Cerebellum,61.55,60.92,Macaca mulatta
NEUR_7425,Hippocampus,0.12,46.56,Danio rerio
NEUR_7346,Cerebellum,143.16,107.43,Mus musculus
NEUR_2134,Cerebellum,64.65,72.6,Mus musculus
NEUR_9304,Cortex,47.52,52.72,Rattus norvegicus
NEUR_9082,Amygdala,73.26,75.45,Macaca mulatta
NEUR_4066,Cortex,107.08,53.13,Macaca mulatta
NEUR_3916,Hippocampus,119.62,73.52,Macaca mulatta
NEUR_6923,Cortex,6.52,34.95,Mus musculus
NEUR_4100,Cerebellum,101.39,63.81,Danio rerio
NEUR_1228,Amygdala,1.02,117.29,Rattus norvegicus
NEUR_3678,Thalamus,136.75,10.59,Danio rerio
NEUR_1500,Hippocampus,136.73,98.22,Rattus norvegicus
NEUR_1648,Cortex,72.57,118.63,Macaca mulatta
NEUR_9493,Amygdala,27.65,90.09,Rattus norvegicus
NEUR_6183,Striatum,138.63,59.3,Macaca mulatta
NEUR_5477,Cerebellum,123.94,38.94,Macaca mulatta
NEUR_2379,Amygdala,96.64,61.92,Mus musculus
NEUR_4453,Cerebellum,79.01,107.56,Danio rerio
NEUR_8893,Striatum,120.94,89.73,Mus musculus
NEUR_4054,Striatum,108.96,111.08,Mus musculus
NEUR_5945,Thalamus,127.82,100.31,Danio rerio
NEUR_2336,Amygdala,32.0,72.94,Rattus norvegicus
NEUR_9521,Amygdala,59.99,27.05,Danio rerio
NEUR_6653,Cerebellum,128.05,69.62,Danio rerio
NEUR_5036,Hippocampus,50.71,62.15,Danio rerio
NEUR_7680,Striatum,144.12,74.27,Danio rerio
NEUR_8183,Hypothalamus,3.96,100.09,Danio rerio
NEUR_3825,Thalamus,37.77,60.82,Macaca mulatta
NEUR_8030,Hypothalamus,147.52,93.9,Macaca mulatta
NEUR_8344,Hypothalamus,28.85,92.88,Rattus norvegicus
NEUR_3846,Thalamus,50.64,35.44,Mus musculus
NEUR_7053,Thalamus,16.31,35.16,Mus musculus
NEUR_4232,Thalamus,105.99,49.85,Rattus norvegicus
NEUR_4295,Hippocampus,16.18,10.12,Rattus norvegicus
NEUR_7945,Amygdala,135.29,116.14,Macaca mulatta
NEUR_5579,Amygdala,94.71,63.05,Danio rerio
NEUR_7864,Hippocampus,43.2,85.66,Mus musculus
NEUR_6061,Striatum,110.5,11.39,Macaca mulatta
NEUR_8873,Amygdala,12.67,100.58,Macaca mulatta
NEUR_7297,Hypothalamus,128.2,24.99,Mus musculus
NEUR_3247,Amygdala,6.79,24.4,Rattus norvegicus
NEUR_4365,Thalamus,0.47,36.01,Mus musculus
NEUR_6898,Striatum,107.8,68.52,Mus musculus
NEUR_7150,Amygdala,46.16,25.17,Rattus norvegicus
NEUR_2496,Cerebellum,48.78,29.71,Macaca mulatta
NEUR_9794,Striatum,88.42,27.34,Mus musculus
NEUR_8125,Hippocampus,29.74,40.8,Macaca mulatta
NEUR_8236,Cerebellum,56.92,51.96,Macaca mulatta
NEUR_3028,Thalamus,118.17,34.94,Danio rerio
NEUR_4061,Thalamus,110.99,118.2,Macaca mulatta
NEUR_6799,Thalamus,44.15,64.42,Rattus norvegicus
NEUR_2048,Amygdala,145.63,74.99,Rattus norvegicus
NEUR_3304,Cortex,136.9,92.81,Danio rerio
NEUR_3755,Hypothalamus,33.04,109.34,Macaca mulatta
NEUR_3943,Amygdala,74.63,25.16,Danio rerio
NEUR_7364,Cerebellum,140.85,21.42,Macaca mulatta
NEUR_9565,Hypothalamus,80.49,67.79,Rattus norvegicus
NEUR_6590,Hippocampus,11.61,101.7,Danio rerio
NEUR_6146,Cerebellum,97.36,103.39,Rattus norvegicus
NEUR_1674,Thalamus,37.79,89.36,Macaca mulatta
NEUR_7525,Thalamus,110.78,94.94,Danio rerio
NEUR_7960,Hippocampus,59.32,55.27,Mus musculus
NEUR_9383,Hypothalamus,5.37,44.01,Macaca mulatta
NEUR_1513,Hippocampus,93.82,63.03,Macaca mulatta
NEUR_7246,Hippocampus,110.54,90.54,Danio rerio
NEUR_5213,Thalamus,107.85,116.62,Macaca mulatta
NEUR_9002,Cerebellum,81.09,43.3,Danio rerio
NEUR_3170,Amygdala,10.16,94.58,Rattus norvegicus
NEUR_2546,Thalamus,18.01,76.78,Danio rerio
NEUR_8025,Cerebellum,132.47,54.25,Danio rerio
NEUR_5386,Cerebellum,111.69,23.81,Mus musculus
NEUR_7525,Cerebellum,142.62,53.38,Macaca mulatta
NEUR_9045,Hippocampus,31.26,48.09,Rattus norvegicus
NEUR_4905,Cerebellum,88.29,25.69,Danio rerio
NEUR_7395,Cerebellum,48.29,65.24,Macaca mulatta
NEUR_4211,Striatum,19.14,95.92,Rattus norvegicus
NEUR_6215,Cortex,66.73,52.98,Macaca mulatta
NEUR_4127,Cerebellum,20.39,53.34,Danio rerio
NEUR_3649,Hippocampus,64.71,85.21,Macaca mulatta
NEUR_1773,Hippocampus,127.71,80.76,Macaca mulatta
NEUR_2057,Cerebellum,3.71,65.51,Danio rerio
NEUR_1202,Hippocampus,38.56,36.67,Rattus norvegicus
NEUR_6847,Cortex,28.45,41.57,Rattus norvegicus
NEUR_1118,Thalamus,11.82,43.3,Macaca mulatta
NEUR_9280,Thalamus,149.26,35.95,Rattus norvegicus
NEUR_7331,Amygdala,144.69,28.51,Danio rerio
NEUR_9655,Amygdala,33.88,17.84,Rattus norvegicus
NEUR_6841,Striatum,16.09,17.76,Rattus norvegicus
NEUR_7053,Striatum,66.91,32.15,Danio rerio
NEUR_8596,Hypothalamus,65.33,116.52,Danio rerio
NEUR_2863,Cortex,118.53,15.14,Mus musculus
NEUR_5473,Hippocampus,65.61,50.9,Rattus norvegicus
NEUR_4323,Hypothalamus,143.97,12.35,Mus musculus
NEUR_5135,Cerebellum,139.93,16.81,Rattus norvegicus
NEUR_8881,Thalamus,54.84,107.62,Danio rerio
NEUR_3709,Hypothalamus,94.89,41.13,Danio rerio
NEUR_2231,Striatum,56.35,52.76,Rattus norvegicus
NEUR_3008,Cerebellum,133.2,51.1,Mus musculus
NEUR_6473,Thalamus,97.31,18.95,Rattus norvegicus
NEUR_6898,Striatum,139.43,13.06,Mus musculus
NEUR_5196,Cerebellum,38.26,11.6,Rattus norvegicus
NEUR_5367,Cerebellum,140.95,49.85,Danio rerio
NEUR_3085,Cerebellum,147.22,78.58,Rattus norvegicus
NEUR_6134,Cerebellum,31.9,86.87,Macaca mulatta
NEUR_9766,Amygdala,6.22,37.64,Macaca mulatta
NEUR_2359,Cerebellum,64.85,29.37,Mus musculus
NEUR_5223,Amygdala,4.56,87.22,Rattus norvegicus
NEUR_7072,Amygdala,53.44,47.17,Macaca mulatta
NEUR_7854,Hypothalamus,25.34,47.78,Rattus norvegicus
NEUR_8759,Striatum,8.43,64.83,Macaca mulatta
NEUR_9337,Hippocampus,88.16,56.99,Danio rerio
NEUR_1527,Thalamus,40.34,49.08,Danio rerio
NEUR_5728,Cortex,56.31,42.27,Rattus norvegicus
NEUR_3551,Hypothalamus,147.24,45.9,Danio rerio
NEUR_8894,Thalamus,140.86,63.24,Danio rerio
NEUR_2216,Thalamus,72.24,46.5,Danio rerio
NEUR_3679,Thalamus,28.78,113.49,Mus musculus
NEUR_4630,Striatum,96.8,59.04,Danio rerio
NEUR_6248,Hippocampus,93.53,37.94,Macaca mulatta
NEUR_7968,Hypothalamus,28.87,94.62,Danio rerio
NEUR_6427,Hypothalamus,80.52,26.04,Rattus norvegicus
NEUR_8456,Thalamus,148.93,87.12,Mus musculus
NEUR_6497,Hypothalamus,68.75,88.62,Macaca mulatta
NEUR_3300,Amygdala,90.34,98.62,Mus musculus
NEUR_9253,Hypothalamus,141.35,101.31,Rattus norvegicus
NEUR_8548,Hypothalamus,67.56,48.24,Macaca mulatta
NEUR_3320,Amygdala,122.44,84.67,Macaca mulatta
NEUR_4692,Hypothalamus,63.07,91.27,Danio rerio
NEUR_9604,Thalamus,70.2,113.68,Rattus norvegicus
NEUR_2949,Hypothalamus,138.46,18.79,Macaca mulatta
NEUR_5848,Striatum,119.53,75.11,Danio rerio
NEUR_2656,Amygdala,70.54,12.35,Mus musculus
NEUR_5661,Cerebellum,21.61,49.12,Danio rerio
NEUR_3520,Cerebellum,37.61,19.03,Danio rerio
NEUR_1807,Cortex,106.09,94.53,Rattus norvegicus
NEUR_4889,Striatum,136.83,63.5,Danio rerio
NEUR_1681,Hypothalamus,114.79,45.44,Danio rerio
NEUR_2893,Hippocampus,140.57,116.52,Mus musculus
NEUR_6214,Striatum,15.54,34.24,Rattus norvegicus
NEUR_9540,Striatum,129.61,41.17,Mus musculus
NEUR_1432,Cortex,135.93,74.74,Mus musculus
NEUR_7165,Amygdala,21.5,63.37,Rattus norvegicus
NEUR_8407,Cortex,37.08,15.16,Mus musculus
NEUR_7159,Hippocampus,55.83,114.27,Rattus norvegicus
NEUR_3994,Striatum,92.54,54.22,Mus musculus
NEUR_1558,Striatum,135.36,77.38,Mus musculus
NEUR_8127,Hypothalamus,2.69,118.01,Danio rerio
NEUR_7081,Hippocampus,138.36,52.82,Macaca mulatta
NEUR_4842,Cortex,97.32,27.52,Rattus norvegicus
NEUR_3778,Thalamus,12.3,96.25,Rattus norvegicus
NEUR_7478,Hippocampus,81.13,28.12,Rattus norvegicus
NEUR_7927,Hypothalamus,74.64,16.99,Mus musculus
NEUR_7106,Cerebellum,100.22,103.91,Rattus norvegicus
NEUR_4442,Cerebellum,96.09,116.52,Macaca mulatta
NEUR_8549,Cerebellum,62.03,41.05,Mus musculus
NEUR_7183,Hypothalamus,122.69,118.01,Macaca mulatta
NEUR_2614,Cerebellum,39.89,115.11,Mus musculus
NEUR_4648,Amygdala,111.13,94.42,Mus musculus
NEUR_7643,Striatum,71.69,47.92,Mus musculus
NEUR_8315,Cerebellum,40.59,85.62,Danio rerio
NEUR_6992,Hypothalamus,92.22,107.59,Danio rerio
NEUR_1673,Hippocampus,47.21,116.58,Danio rerio
NEUR_5577,Cerebellum,15.99,18.04,Mus musculus
NEUR_4866,Cerebellum,132.58,33.58,Danio rerio
NEUR_1242,Thalamus,43.19,72.49,Rattus norvegicus
NEUR_5256,Amygdala,143.38,116.53,Rattus norvegicus
NEUR_5585,Thalamus,8.98,101.93,Rattus norvegicus
NEUR_6116,Striatum,118.77,110.9,Danio rerio
NEUR_1090,Cortex,49.58,45.27,Mus musculus
NEUR_2440,Hippocampus,10.03,88.76,Macaca mulatta
NEUR_8576,Amygdala,20.07,95.38,Danio rerio
NEUR_4564,Cerebellum,104.55,82.09,Mus musculus
NEUR_1055,Amygdala,30.31,38.39,Danio rerio
NEUR_9394,Cortex,106.12,106.0,Mus musculus
NEUR_8030,Amygdala,35.4,93.43,Macaca mulatta
NEUR_7699,Cerebellum,77.27,81.72,Danio rerio
NEUR_1016,Amygdala,138.64,68.14,Danio rerio
NEUR_3003,Amygdala,58.51,107.4,Rattus norvegicus
NEUR_3594,Striatum,146.9,90.79,Danio rerio
NEUR_1931,Hippocampus,18.47,109.72,Rattus norvegicus
NEUR_2867,Amygdala,106.73,80.97,Macaca mulatta
NEUR_6920,Cortex,110.14,102.63,Danio rerio
NEUR_5870,Hippocampus,33.67,94.64,Rattus norvegicus
NEUR_3621,Hypothalamus,50.21,16.51,Mus musculus
NEUR_2575,Thalamus,50.07,90.69,Danio rerio
NEUR_7729,Thalamus,59.25,43.94,Danio rerio
NEUR_1489,Amygdala,34.06,118.89,Rattus norvegicus
NEUR_4095,Thalamus,130.08,96.2,Mus musculus
NEUR_2179,Cortex,143.43,19.37,Danio rerio
NEUR_1413,Hypothalamus,50.38,94.16,Rattus norvegicus
NEUR_1929,Striatum,127.73,32.06,Danio rerio
NEUR_6377,Hypothalamus,121.79,88.85,Mus musculus
NEUR_3446,Hippocampus,145.36,30.76,Macaca mulatta
NEUR_1901,Hippocampus,101.95,60.04,Rattus norvegicus
NEUR_5504,Hippocampus,60.14,111.9,Mus musculus
NEUR_8877,Cortex,118.23,86.59,Danio rerio
NEUR_2654,Thalamus,1.12,109.37,Macaca mulatta
NEUR_7625,Hypothalamus,112.44,99.65,Mus musculus
NEUR_7008,Hypothalamus,53.19,101.78,Rattus norvegicus
NEUR_3923,Striatum,85.8,107.24,Rattus norvegicus
NEUR_1233,Amygdala,46.38,80.6,Mus musculus
NEUR_2430,Hippocampus,96.47,83.91,Mus musculus
NEUR_2922,Striatum,142.67,88.32,Macaca mulatta
NEUR_2309,Hypothalamus,38.03,61.17,Mus musculus
NEUR_2070,Thalamus,67.2,47.0,Mus musculus
NEUR_4538,Cortex,102.74,29.59,Rattus norvegicus
NEUR_6233,Hippocampus,27.15,82.78,Danio rerio
NEUR_3808,Hypothalamus,113.66,84.38,Mus musculus
NEUR_5879,Cortex,116.63,106.21,Mus musculus
NEUR_3350,Amygdala,46.11,79.28,Rattus norvegicus
NEUR_5001,Cerebellum,10.14,19.41,Mus musculus
NEUR_6963,Striatum,42.7,31.64,Mus musculus
NEUR_8352,Hypothalamus,56.27,37.48,Danio rerio
NEUR_4255,Hippocampus,126.59,99.69,Danio rerio
NEUR_7442,Amygdala,16.04,34.92,Mus musculus
NEUR_6189,Cortex,67.38,75.46,Rattus norvegicus
NEUR_5965,Amygdala,16.3,108.55,Macaca mulatta
NEUR_2134,Cortex,85.7,51.44,Rattus norvegicus
NEUR_5416,Hypothalamus,7.98,114.18,Danio rerio
NEUR_2352,Cerebellum,85.61,74.63,Danio rerio
NEUR_9036,Thalamus,55.55,49.49,Mus musculus
NEUR_1069,Hippocampus,105.72,72.78,Danio rerio
NEUR_5547,Hippocampus,55.01,71.17,Danio rerio
NEUR_5536,Hypothalamus,43.9,18.1,Rattus norvegicus
NEUR_7795,Striatum,95.54,118.37,Mus musculus
NEUR_8316,Hypothalamus,135.51,113.15,Mus musculus
NEUR_4166,Thalamus,56.31,79.2,Danio rerio
NEUR_3450,Hippocampus,138.65,32.61,Rattus norvegicus
NEUR_6809,Hippocampus,122.85,107.93,Mus musculus
NEUR_9091,Hypothalamus,103.12,104.74,Mus musculus
NEUR_8939,Cerebellum,128.95,17.13,Macaca mulatta
NEUR_3911,Cerebellum,139.35,79.23,Macaca mulatta
NEUR_3349,Hypothalamus,41.47,13.8,Rattus norvegicus
NEUR_7754,Thalamus,132.35,85.59,Mus musculus
NEUR_4360,Hippocampus,100.99,17.24,Mus musculus
NEUR_1629,Cerebellum,57.26,43.08,Rattus norvegicus
NEUR_6844,Cortex,118.35,108.71,Danio rerio
NEUR_3930,Hippocampus,142.66,99.91,Mus musculus
NEUR_5098,Hippocampus,135.8,107.57,Macaca mulatta
NEUR_7735,Cerebellum,5.17,33.93,Macaca mulatta
NEUR_9236,Cerebellum,20.56,77.61,Danio rerio
NEUR_1373,Amygdala,49.68,116.22,Rattus norvegicus
NEUR_8925,Striatum,131.47,119.26,Danio rerio
NEUR_3753,Cerebellum,81.68,114.93,Rattus norvegicus
NEUR_2891,Thalamus,66.1,118.13,Macaca mulatta
NEUR_1470,Hypothalamus,59.59,111.91,Danio rerio
NEUR_1283,Hippocampus,44.82,72.62,Danio rerio
NEUR_5352,Hypothalamus,37.51,59.57,Mus musculus
NEUR_8613,Hypothalamus,26.57,114.62,Mus musculus
NEUR_1493,Striatum,74.89,99.13,Mus musculus
NEUR_1176,Amygdala,48.22,79.58,Danio rerio
NEUR_9745,Amygdala,124.92,70.4,Macaca mulatta
NEUR_9235,Thalamus,43.59,82.98,Mus musculus
NEUR_8833,Amygdala,106.09,42.23,Danio rerio
NEUR_7692,Hypothalamus,28.67,51.52,Macaca mulatta
NEUR_4400,Thalamus,137.82,53.13,Rattus norvegicus
NEUR_9817,Thalamus,37.96,93.54,Danio rerio
NEUR_6584,Hypothalamus,40.87,86.84,Mus musculus
NEUR_7430,Amygdala,53.39,23.81,Mus musculus
NEUR_6819,Cortex,121.33,109.63,Danio rerio
NEUR_8301,Amygdala,83.74,15.96,Mus musculus
NEUR_2188,Hypothalamus,77.83,27.31,Macaca mulatta
NEUR_6776,Cortex,73.19,20.77,Mus musculus
NEUR_9337,Hippocampus,48.98,39.7,Mus musculus
NEUR_8413,Amygdala,109.27,96.29,Mus musculus
NEUR_5156,Hypothalamus,44.56,35.69,Macaca mulatta
NEUR_7470,Striatum,115.95,119.95,Macaca mulatta
NEUR_6109,Hypothalamus,136.42,82.39,Mus musculus
NEUR_6651,Hippocampus,66.36,75.98,Macaca mulatta
NEUR_1403,Thalamus,58.45,68.1,Mus musculus
NEUR_1453,Thalamus,41.37,26.67,Danio rerio
NEUR_7396,Cerebellum,99.17,38.38,Mus musculus
NEUR_2048,Cortex,3.84,30.3,Macaca mulatta
NEUR_5939,Cerebellum,140.47,63.77,Mus musculus
NEUR_3974,Hippocampus,34.98,109.0,Mus musculus
NEUR_2379,Striatum,71.6,109.88,Rattus norvegicus
NEUR_4113,Cerebellum,90.36,89.06,Danio rerio
NEUR_6943,Striatum,100.18,66.2,Danio rerio
NEUR_5469,Cortex,144.89,99.4,Mus musculus
NEUR_3969,Amygdala,61.1,86.62,Macaca mulatta
NEUR_8472,Striatum,148.89,37.64,Danio rerio
NEUR_4257,Thalamus,87.86,86.98,Rattus norvegicus
NEUR_8252,Thalamus,74.19,10.08,Danio rerio
NEUR_7235,Amygdala,131.27,80.16,Danio rerio
NEUR_9300,Amygdala,21.84,74.24,Danio rerio
NEUR_9579,Cerebellum,8.05,68.25,Rattus norvegicus
NEUR_5031,Cortex,71.16,88.1,Macaca mulatta
NEUR_9199,Hypothalamus,111.57,108.92,Rattus norvegicus
NEUR_2320,Striatum,21.58,72.85,Mus musculus
NEUR_2232,Cerebellum,135.97,78.88,Rattus norvegicus
NEUR_2037,Striatum,86.61,57.77,Rattus norvegicus
NEUR_4569,Striatum,7.56,20.76,Danio rerio
NEUR_3923,Amygdala,77.72,105.55,Danio rerio
NEUR_7561,Thalamus,3.03,105.97,Macaca mulatta
NEUR_6420,Hippocampus,110.35,21.09,Macaca mulatta
NEUR_3586,Hippocampus,8.45,94.9,Mus musculus
NEUR_8218,Striatum,46.3,68.21,Macaca mulatta
NEUR_9609,Hippocampus,2.25,100.89,Mus musculus
NEUR_7990,Cerebellum,26.84,40.92,Rattus norvegicus
NEUR_8156,Amygdala,69.24,50.05,Mus musculus
NEUR_8359,Striatum,69.64,88.83,Macaca mulatta
NEUR_9565,Amygdala,102.0,70.64,Rattus norvegicus
NEUR_4679,Amygdala,49.27,71.55,Danio rerio
NEUR_2772,Hippocampus,109.9,10.13,Danio rerio
NEUR_5513,Hippocampus,109.04,115.92,Mus musculus
NEUR_1737,Thalamus,121.55,33.69,Rattus norvegicus
NEUR_1597,Thalamus,94.12,93.37,Mus musculus
NEUR_6930,Hypothalamus,44.69,18.38,Rattus norvegicus
NEUR_6881,Hypothalamus,47.75,60.67,Rattus norvegicus
NEUR_9599,Hippocampus,14.2,72.39,Macaca mulatta
NEUR_3528,Striatum,74.28,75.35,Macaca mulatta
NEUR_8458,Hippocampus,19.61,75.11,Mus musculus
NEUR_9098,Hypothalamus,125.71,62.19,Danio rerio
NEUR_3251,Striatum,134.43,56.13,Rattus norvegicus
NEUR_7225,Cerebellum,36.06,119.02,Danio rerio
NEUR_6920,Hypothalamus,23.44,59.89,Macaca mulatta
NEUR_3680,Hypothalamus,55.56,54.57,Macaca mulatta
NEUR_5113,Cortex,109.51,25.42,Mus musculus
NEUR_4105,Striatum,144.65,118.34,Danio rerio
NEUR_5161,Amygdala,15.0,65.13,Macaca mulatta
NEUR_3883,Cortex,104.96,51.4,Danio rerio
NEUR_4763,Thalamus,82.02,102.37,Rattus norvegicus
NEUR_4070,Hypothalamus,54.41,56.61,Danio rerio
NEUR_2399,Hippocampus,114.0,85.46,Mus musculus
NEUR_1398,Striatum,49.49,110.95,Danio rerio
NEUR_5037,Amygdala,116.55,106.83,Mus musculus
NEUR_7541,Hypothalamus,71.91,62.96,Macaca mulatta
NEUR_8413,Amygdala,103.34,101.23,Rattus norvegicus
NEUR_2997,Hippocampus,66.24,67.23,Danio rerio
NEUR_2621,Cortex,48.49,106.84,Rattus norvegicus
NEUR_9082,Thalamus,33.45,74.76,Danio rerio
NEUR_6919,Amygdala,48.62,67.3,Danio rerio
NEUR_8758,Cerebellum,71.46,107.01,Macaca mulatta
NEUR_8585,Striatum,21.74,31.61,Rattus norvegicus
NEUR_1712,Striatum,48.6,59.02,Danio rerio
NEUR_9526,Cortex,47.77,60.82,Macaca mulatta
NEUR_7773,Hypothalamus,21.15,94.04,Rattus norvegicus
NEUR_3625,Cerebellum,101.11,83.31,Danio rerio
NEUR_9486,Cortex,55.06,13.76,Mus musculus
NEUR_8072,Cortex,123.84,76.53,Macaca mulatta
NEUR_2388,Amygdala,4.18,75.77,Danio rerio
NEUR_1320,Cerebellum,43.77,72.51,Mus musculus
NEUR_2461,Cerebellum,1.01,109.22,Danio rerio
NEUR_9797,Hippocampus,41.94,66.88,Danio rerio
NEUR_3319,Amygdala,126.57,17.62,Mus musculus
NEUR_6185,Thalamus,45.64,25.32,Mus musculus
NEUR_1732,Hypothalamus,36.82,62.99,Macaca mulatta
NEUR_9074,Striatum,5.76,74.32,Danio rerio
NEUR_9712,Thalamus,29.47,90.58,Macaca mulatta
NEUR_6852,Hippocampus,122.73,26.36,Danio rerio
NEUR_7878,Cerebellum,139.02,96.24,Macaca mulatta
NEUR_4332,Striatum,28.56,30.54,Danio rerio
NEUR_4065,Striatum,77.54,61.07,Danio rerio
NEUR_7413,Cerebellum,50.84,84.35,Mus musculus
NEUR_7852,Striatum,96.01,25.15,Danio rerio
NEUR_6274,Hypothalamus,134.84,50.22,Macaca mulatta
NEUR_3906,Hippocampus,67.62,44.75,Macaca mulatta
NEUR_4121,Amygdala,23.2,39.17,Macaca mulatta
NEUR_3146,Cortex,45.71,73.27,Danio rerio
NEUR_1569,Cortex,8.19,48.29,Danio rerio
NEUR_4621,Hippocampus,125.45,69.55,Rattus norvegicus
NEUR_4114,Striatum,141.87,12.17,Rattus norvegicus
NEUR_6424,Cerebellum,101.68,36.92,Danio rerio
NEUR_3042,Amygdala,4.23,26.8,Rattus norvegicus
NEUR_2782,Thalamus,9.82,71.46,Rattus norvegicus
NEUR_8825,Cortex,10.61,80.07,Danio rerio
NEUR_6902,Hippocampus,147.3,57.82,Macaca mulatta
NEUR_6251,Thalamus,134.44,71.0,Danio rerio
NEUR_5299,Hypothalamus,142.25,82.52,Danio rerio
NEUR_6489,Hypothalamus,143.18,110.31,Mus musculus
NEUR_5833,Hippocampus,117.61,94.36,Mus musculus
NEUR_9654,Hippocampus,112.82,32.3,Danio rerio
NEUR_2394,Hippocampus,117.89,17.29,Rattus norvegicus
NEUR_9458,Cerebellum,129.63,85.11,Mus musculus
NEUR_5391,Thalamus,95.85,116.23,Macaca mulatta
NEUR_1543,Thalamus,91.37,19.71,Mus musculus
NEUR_2190,Cortex,18.86,94.29,Mus musculus
NEUR_4175,Cerebellum,68.92,75.4,Danio rerio
NEUR_5643,Striatum,61.96,24.69,Rattus norvegicus
NEUR_4130,Hypothalamus,71.71,105.83,Danio rerio
NEUR_2147,Cortex,33.64,92.59,Mus musculus
NEUR_9089,Hypothalamus,98.78,45.03,Macaca mulatta
NEUR_1258,Amygdala,105.55,26.32,Mus musculus
NEUR_9247,Hypothalamus,32.18,78.73,Danio rerio
NEUR_2607,Striatum,69.74,66.51,Macaca mulatta
NEUR_9428,Amygdala,124.0,102.49,Rattus norvegicus
NEUR_8334,Hippocampus,127.09,77.21,Danio rerio
NEUR_8098,Thalamus,10.43,11.91,Macaca mulatta
NEUR_7088,Amygdala,65.18,36.45,Mus musculus
NEUR_7189,Cortex,30.41,85.27,Mus musculus
NEUR_4532,Cerebellum,67.48,48.18,Rattus norvegicus
NEUR_4228,Hippocampus,93.88,89.43,Macaca mulatta
NEUR_9930,Hypothalamus,100.88,100.28,Mus musculus
NEUR_5679,Striatum,55.84,99.83,Macaca mulatta
NEUR_5616,Thalamus,111.72,29.26,Macaca mulatta
NEUR_3206,Thalamus,75.96,62.21,Rattus norvegicus
NEUR_5326,Cortex,90.74,72.71,Macaca mulatta
NEUR_9109,Hippocampus,8.05,86.79,Rattus norvegicus
NEUR_7938,Striatum,11.84,62.23,Macaca mulatta
NEUR_3418,Thalamus,64.27,72.25,Macaca mulatta
NEUR_6611,Cortex,33.95,68.85,Danio rerio
NEUR_8308,Cortex,92.98,93.26,Rattus norvegicus
NEUR_4699,Striatum,50.95,38.94,Mus musculus
NEUR_4179,Cerebellum,82.6,99.75,Mus musculus
NEUR_1872,Striatum,72.17,55.8,Danio rerio
NEUR_4999,Hippocampus,11.88,42.5,Mus musculus
NEUR_5485,Cortex,127.75,85.64,Macaca mulatta
NEUR_9967,Cerebellum,70.06,39.5,Mus musculus
NEUR_9793,Hypothalamus,30.55,66.4,Macaca mulatta
NEUR_3253,Striatum,98.96,117.09,Rattus norvegicus
NEUR_5935,Cerebellum,145.85,96.34,Danio rerio
NEUR_6251,Hippocampus,9.38,46.8,Mus musculus
NEUR_4372,Hypothalamus,24.16,14.62,Macaca mulatta
NEUR_8812,Hypothalamus,42.37,25.62,Macaca mulatta
NEUR_9066,Cerebellum,32.72,34.14,Danio rerio
NEUR_3419,Cerebellum,89.38,84.5,Mus musculus
NEUR_3170,Cerebellum,57.37,47.53,Macaca mulatta
NEUR_2854,Cerebellum,54.26,75.38,Danio rerio
NEUR_2373,Striatum,149.85,23.71,Danio rerio
NEUR_8818,Amygdala,81.79,19.35,Macaca mulatta
NEUR_8917,Cortex,45.58,42.7,Rattus norvegicus
NEUR_4331,Cerebellum,29.99,40.59,Mus musculus
NEUR_8967,Thalamus,85.76,29.12,Macaca mulatta
NEUR_5487,Cerebellum,84.18,98.11,Rattus norvegicus
NEUR_1389,Striatum,73.91,37.65,Danio rerio
NEUR_4110,Cerebellum,17.01,105.38,Mus musculus
NEUR_2652,Cerebellum,67.41,27.71,Rattus norvegicus
NEUR_8361,Striatum,64.64,118.69,Mus musculus
NEUR_7647,Hippocampus,73.8,93.22,Macaca mulatta
NEUR_2629,Cerebellum,74.08,113.15,Mus musculus
NEUR_3595,Hippocampus,41.64,105.91,Rattus norvegicus
NEUR_9026,Striatum,81.53,73.23,Danio rerio
NEUR_2299,Amygdala,55.75,96.12,Macaca mulatta
NEUR_6528,Hypothalamus,75.72,72.57,Mus musculus
NEUR_5268,Cortex,104.85,17.52,Mus musculus
NEUR_3827,Hypothalamus,85.15,116.6,Rattus norvegicus
NEUR_1614,Hippocampus,42.33,41.09,Danio rerio
NEUR_2554,Cerebellum,68.37,21.57,Danio rerio
NEUR_4211,Thalamus,85.86,23.86,Mus musculus
NEUR_3970,Amygdala,72.85,57.84,Macaca mulatta
NEUR_3086,Hypothalamus,121.78,17.26,Rattus norvegicus
NEUR_7841,Thalamus,72.76,41.43,Danio rerio
NEUR_8758,Striatum,63.0,24.9,Danio rerio
NEUR_4995,Amygdala,75.18,35.69,Rattus norvegicus
NEUR_6715,Cerebellum,141.96,58.87,Rattus norvegicus
NEUR_7606,Striatum,54.66,32.78,Danio rerio
NEUR_7823,Cerebellum,100.33,64.01,Mus musculus
NEUR_8836,Thalamus,91.22,17.33,Danio rerio
NEUR_8743,Hypothalamus,88.7,22.06,Macaca mulatta
NEUR_5751,Cortex,19.5,19.18,Mus musculus
NEUR_1004,Cerebellum,144.88,115.82,Rattus norvegicus
NEUR_8913,Cerebellum,14.28,11.03,Mus musculus
NEUR_2229,Hippocampus,136.71,21.37,Danio rerio
NEUR_1980,Hippocampus,125.44,97.29,Mus musculus
NEUR_8607,Hypothalamus,72.44,62.39,Macaca mulatta
NEUR_4823,Cortex,37.39,116.25,Rattus norvegicus
NEUR_6307,Hippocampus,28.49,23.32,Macaca mulatta
NEUR_3516,Thalamus,149.23,80.97,Rattus norvegicus
NEUR_2462,Cerebellum,49.71,47.44,Rattus norvegicus
NEUR_2005,Hippocampus,120.28,37.84,Mus musculus
NEUR_2864,Thalamus,140.47,111.48,Mus musculus
NEUR_4931,Hippocampus,122.7,14.58,Mus musculus
NEUR_3630,Thalamus,143.13,24.45,Rattus norvegicus
NEUR_1162,Thalamus,55.27,65.69,Macaca mulatta
NEUR_1878,Striatum,126.95,107.83,Danio rerio
NEUR_4477,Hippocampus,64.97,55.33,Danio rerio
NEUR_3388,Cortex,53.39,115.06,Mus musculus
NEUR_9378,Amygdala,143.45,74.77,Mus musculus
NEUR_4388,Cerebellum,79.58,31.78,Rattus norvegicus
NEUR_8278,Thalamus,95.34,70.58,Macaca mulatta
NEUR_8993,Striatum,68.73,43.44,Macaca mulatta
NEUR_9141,Amygdala,131.33,30.11,Macaca mulatta
NEUR_2212,Cerebellum,125.49,26.19,Danio rerio
NEUR_5707,Striatum,2.17,93.46,Macaca mulatta
NEUR_7939,Cerebellum,54.4,87.32,Mus musculus
NEUR_5963,Hypothalamus,106.39,65.85,Danio rerio
NEUR_8367,Hypothalamus,89.62,17.97,Rattus norvegicus
NEUR_8149,Cerebellum,11.66,70.12,Macaca mulatta
NEUR_2800,Cortex,73.5,104.1,Macaca mulatta
NEUR_4591,Cerebellum,137.9,58.97,Danio rerio
NEUR_8484,Hippocampus,146.04,87.53,Mus musculus
NEUR_8287,Thalamus,146.06,108.03,Rattus norvegicus
NEUR_7483,Hypothalamus,144.73,14.62,Rattus norvegicus
NEUR_9639,Thalamus,5.57,57.07,Rattus norvegicus
NEUR_4741,Striatum,146.3,74.8,Mus musculus
NEUR_8025,Amygdala,49.36,54.54,Mus musculus
NEUR_7336,Cerebellum,45.75,58.32,Mus musculus
NEUR_2410,Thalamus,81.42,78.14,Macaca mulatta
NEUR_5245,Thalamus,90.68,81.85,Mus musculus
NEUR_7136,Hippocampus,37.29,60.87,Macaca mulatta
NEUR_7880,Cortex,89.05,113.29,Macaca mulatta
NEUR_7159,Hippocampus,79.47,93.29,Macaca mulatta
NEUR_4202,Hippocampus,131.97,75.81,Mus musculus
NEUR_7385,Hippocampus,133.59,36.48,Mus musculus
NEUR_2950,Hypothalamus,3.19,46.97,Macaca mulatta
NEUR_3470,Hippocampus,10.22,61.09,Mus musculus
NEUR_3847,Amygdala,47.93,111.68,Macaca mulatta
NEUR_9982,Amygdala,38.27,91.57,Rattus norvegicus
NEUR_8295,Cortex,91.55,80.19,Rattus norvegicus
NEUR_8411,Amygdala,8.32,19.37,Rattus norvegicus
NEUR_1335,Cerebellum,90.14,90.7,Danio rerio
NEUR_4059,Hippocampus,63.42,62.75,Danio rerio
NEUR_5567,Hippocampus,42.42,56.81,Mus musculus
NEUR_5042,Thalamus,10.5,97.08,Macaca mulatta
NEUR_6243,Thalamus,59.45,91.23,Macaca mulatta
NEUR_4565,Cortex,108.54,58.96,Rattus norvegicus
NEUR_9790,Hippocampus,16.39,81.05,Rattus norvegicus
NEUR_5876,Striatum,8.97,79.84,Rattus norvegicus
NEUR_1164,Thalamus,56.69,28.05,Rattus norvegicus
NEUR_2129,Hypothalamus,121.85,101.71,Mus musculus
NEUR_5593,Striatum,83.96,43.26,Macaca mulatta
NEUR_4165,Amygdala,33.96,33.83,Mus musculus
NEUR_8360,Cortex,98.34,34.08,Danio rerio
NEUR_8009,Hypothalamus,4.94,23.79,Danio rerio
NEUR_7765,Amygdala,13.32,43.04,Mus musculus
NEUR_4460,Amygdala,104.94,30.1,Danio rerio
NEUR_4667,Hippocampus,132.77,111.88,Macaca mulatta
NEUR_8700,Cerebellum,104.47,99.66,Rattus norvegicus
NEUR_9552,Cerebellum,131.11,76.45,Mus musculus
NEUR_8666,Cerebellum,21.26,77.58,Macaca mulatta
NEUR_4237,Striatum,68.84,91.64,Rattus norvegicus
NEUR_3932,Cerebellum,19.41,98.13,Mus musculus
NEUR_6073,Striatum,79.6,72.45,Rattus norvegicus
NEUR_7400,Cerebellum,134.91,118.99,Macaca mulatta
NEUR_4588,Hypothalamus,29.9,47.27,Rattus norvegicus
NEUR_4028,Cortex,20.79,114.62,Rattus norvegicus
NEUR_7711,Amygdala,28.5,103.94,Macaca mulatta
NEUR_7590,Cortex,126.07,20.37,Rattus norvegicus
NEUR_8378,Thalamus,14.74,13.85,Rattus norvegicus
NEUR_2166,Cortex,68.99,61.38,Danio rerio
NEUR_5329,Hippocampus,120.95,16.56,Danio rerio
NEUR_4166,Hippocampus,83.96,77.27,Macaca mulatta
NEUR_8249,Amygdala,131.45,57.31,Danio rerio
NEUR_7706,Thalamus,31.74,43.51,Rattus norvegicus
NEUR_9740,Hypothalamus,7.46,32.45,Mus musculus
NEUR_9091,Thalamus,94.59,66.41,Mus musculus
NEUR_9795,Hypothalamus,42.91,29.15,Mus musculus
NEUR_3096,Hypothalamus,78.33,16.71,Danio rerio
NEUR_4121,Amygdala,145.71,26.89,Macaca mulatta
NEUR_2014,Hypothalamus,77.68,99.99,Macaca mulatta
NEUR_6810,Cerebellum,146.2,112.31,Rattus norvegicus
NEUR_2349,Cerebellum,46.76,58.48,Mus musculus
NEUR_5469,Cortex,147.01,52.12,Rattus norvegicus
NEUR_6194,Hypothalamus,29.67,116.0,Danio rerio
NEUR_1655,Cortex,92.35,54.03,Danio rerio
NEUR_4281,Hippocampus,140.92,68.97,Rattus norvegicus
NEUR_5290,Hippocampus,144.32,42.81,Mus musculus
NEUR_4113,Cortex,139.7,36.33,Rattus norvegicus
NEUR_7789,Amygdala,142.56,62.42,Mus musculus
NEUR_5676,Striatum,1.01,49.62,Danio rerio
NEUR_3570,Amygdala,94.76,30.42,Macaca mulatta
NEUR_1440,Striatum,103.97,50.54,Rattus norvegicus
NEUR_4916,Cortex,32.74,72.85,Macaca mulatta
NEUR_3744,Hypothalamus,68.2,88.49,Mus musculus
NEUR_2399,Amygdala,105.24,69.42,Mus musculus
NEUR_8196,Amygdala,61.51,60.21,Rattus norvegicus
NEUR_4576,Hippocampus,27.3,93.65,Macaca mulatta
NEUR_5642,Striatum,77.01,63.19,Rattus norvegicus
NEUR_5278,Cerebellum,55.05,37.94,Mus musculus
NEUR_1633,Thalamus,87.77,61.7,Macaca mulatta
NEUR_4908,Thalamus,42.84,109.71,Danio rerio
NEUR_5893,Hippocampus,106.17,25.73,Rattus norvegicus
NEUR_7127,Hippocampus,61.93,34.62,Mus musculus
NEUR_6400,Hypothalamus,83.34,40.86,Danio rerio
NEUR_6712,Striatum,33.71,56.23,Mus musculus
NEUR_3433,Hippocampus,1.68,63.45,Rattus norvegicus
NEUR_1612,Thalamus,16.66,100.91,Macaca mulatta
NEUR_5834,Thalamus,53.17,13.03,Rattus norvegicus
NEUR_9206,Cerebellum,14.32,84.08,Rattus norvegicus
NEUR_3431,Cortex,4.8,52.47,Mus musculus
NEUR_2455,Hypothalamus,145.85,51.28,Mus musculus
NEUR_1929,Cerebellum,45.56,15.73,Mus musculus
NEUR_5893,Hippocampus,51.17,63.34,Macaca mulatta
NEUR_8452,Amygdala,137.53,102.48,Rattus norvegicus
NEUR_9738,Hypothalamus,136.83,48.29,Mus musculus
NEUR_6519,Thalamus,125.73,48.7,Macaca mulatta
NEUR_8227,Amygdala,74.47,45.85,Rattus norvegicus
NEUR_4841,Striatum,69.09,25.82,Mus musculus
NEUR_7041,Hypothalamus,54.59,40.97,Mus musculus
NEUR_4763,Cerebellum,27.83,108.86,Macaca mulatta
NEUR_5497,Amygdala,17.22,84.76,Mus musculus
NEUR_3106,Hypothalamus,22.29,56.78,Macaca mulatta
NEUR_5133,Cerebellum,30.4,113.0,Danio rerio
NEUR_4072,Cortex,131.63,62.34,Danio rerio
NEUR_1076,Thalamus,54.81,69.9,Danio rerio
NEUR_9062,Hippocampus,127.52,66.33,Rattus norvegicus
NEUR_1631,Thalamus,117.57,104.42,Mus musculus
NEUR_7966,Thalamus,99.8,88.28,Danio rerio
NEUR_7825,Hippocampus,83.3,89.97,Rattus norvegicus
NEUR_8615,Thalamus,68.35,98.81,Rattus norvegicus
NEUR_5885,Cortex,87.72,62.69,Mus musculus
NEUR_7870,Cerebellum,75.96,52.17,Mus musculus
NEUR_1563,Amygdala,41.44,52.55,Mus musculus
NEUR_5219,Cortex,72.25,59.24,Rattus norvegicus
NEUR_2737,Striatum,51.72,118.26,Macaca mulatta
NEUR_3718,Hippocampus,6.98,17.27,Rattus norvegicus
NEUR_1642,Thalamus,141.15,22.97,Danio rerio
NEUR_6612,Hippocampus,19.85,20.41,Rattus norvegicus
NEUR_9909,Cerebellum,87.8,103.98,Danio rerio
NEUR_8080,Thalamus,45.46,115.55,Danio rerio
NEUR_8043,Striatum,47.0,21.29,Mus musculus
NEUR_7129,Amygdala,81.07,15.2,Macaca mulatta
NEUR_5221,Amygdala,28.07,61.95,Macaca mulatta
NEUR_3237,Cortex,75.87,110.45,Rattus norvegicus
NEUR_3663,Cortex,95.28,76.32,Rattus norvegicus
NEUR_8981,Cortex,49.88,84.91,Mus musculus
NEUR_2651,Cortex,82.47,45.4,Macaca mulatta
NEUR_5287,Hypothalamus,67.26,29.66,Mus musculus
NEUR_3497,Amygdala,80.88,10.14,Rattus norvegicus
NEUR_8939,Thalamus,114.08,100.98,Danio rerio
NEUR_2583,Cortex,65.24,31.99,Rattus norvegicus
NEUR_9218,Amygdala,21.83,119.95,Macaca mulatta
NEUR_7157,Thalamus,69.81,69.43,Danio rerio
NEUR_9887,Hippocampus,105.31,114.4,Danio rerio
NEUR_7873,Amygdala,73.9,76.38,Rattus norvegicus
NEUR_2667,Amygdala,90.92,110.38,Macaca mulatta
NEUR_4882,Cortex,80.68,60.87,Rattus norvegicus
NEUR_9973,Hippocampus,44.31,42.76,Macaca mulatta
NEUR_9733,Cortex,97.88,41.61,Danio rerio
NEUR_5697,Amygdala,11.31,85.42,Rattus norvegicus
NEUR_6425,Striatum,27.79,89.99,Danio rerio
NEUR_5533,Amygdala,90.7,116.21,Rattus norvegicus
NEUR_7126,Amygdala,77.25,28.02,Danio rerio
NEUR_8145,Striatum,30.87,27.17,Macaca mulatta
NEUR_1060,Thalamus,54.1,98.11,Danio rerio
NEUR_8483,Amygdala,78.83,95.28,Mus musculus
NEUR_2138,Amygdala,43.96,16.75,Mus musculus
NEUR_4996,Striatum,64.74,42.95,Macaca mulatta
NEUR_4658,Thalamus,84.95,60.27,Danio rerio
NEUR_4107,Amygdala,64.45,10.81,Rattus norvegicus
NEUR_7415,Striatum,43.1,29.96,Rattus norvegicus
NEUR_9146,Amygdala,128.22,66.59,Mus musculus
NEUR_8334,Thalamus,18.06,116.78,Danio rerio
NEUR_7002,Thalamus,89.93,93.46,Danio rerio
NEUR_2630,Cerebellum,21.96,100.32,Rattus norvegicus
NEUR_6867,Hippocampus,79.01,21.74,Mus musculus
NEUR_1642,Hippocampus,73.82,69.31,Mus musculus
NEUR_4922,Thalamus,38.37,85.17,Macaca mulatta
NEUR_4859,Cortex,144.26,71.03,Danio rerio
NEUR_6460,Cortex,21.22,15.9,Rattus norvegicus
NEUR_1735,Cerebellum,83.25,24.73,Mus musculus
NEUR_8600,Thalamus,19.35,74.44,Rattus norvegicus
NEUR_9823,Cortex,6.06,109.11,Macaca mulatta
NEUR_7127,Cortex,87.73,11.17,Danio rerio
NEUR_4981,Cortex,52.88,78.79,Mus musculus
NEUR_4232,Striatum,144.76,111.36,Rattus norvegicus
NEUR_9576,Amygdala,78.89,116.38,Danio rerio
NEUR_2652,Cerebellum,76.62,117.56,Macaca mulatta
NEUR_6923,Thalamus,26.08,48.71,Mus musculus
NEUR_1135,Cortex,96.36,19.66,Mus musculus
NEUR_2435,Cortex,78.44,111.72,Rattus norvegicus
NEUR_3523,Striatum,11.8,110.36,Danio rerio
NEUR_7443,Hypothalamus,58.16,70.68,Mus musculus
NEUR_5769,Hippocampus,16.1,118.11,Macaca mulatta
NEUR_8171,Thalamus,74.27,92.42,Danio rerio
NEUR_5837,Amygdala,43.81,22.89,Danio rerio
NEUR_3898,Hypothalamus,112.86,79.8,Mus musculus
NEUR_3222,Striatum,73.77,36.45,Mus musculus
NEUR_3688,Hypothalamus,56.13,58.49,Macaca mulatta
NEUR_9915,Hippocampus,95.27,104.79,Danio rerio
NEUR_7742,Hippocampus,126.5,105.78,Macaca mulatta
NEUR_4705,Hypothalamus,111.58,62.27,Rattus norvegicus
NEUR_7353,Hypothalamus,84.18,77.56,Rattus norvegicus
NEUR_6448,Cerebellum,141.77,46.81,Mus musculus
NEUR_4683,Cerebellum,76.59,67.46,Danio rerio
NEUR_4806,Striatum,122.96,105.04,Mus musculus
NEUR_3310,Striatum,64.58,62.82,Rattus norvegicus
NEUR_2698,Cerebellum,59.7,49.48,Macaca mulatta
NEUR_6547,Amygdala,93.57,110.85,Rattus norvegicus
NEUR_6233,Cortex,134.61,90.18,Danio rerio
NEUR_4082,Cortex,3.1,20.55,Rattus norvegicus
NEUR_7707,Hippocampus,47.36,14.97,Danio rerio
NEUR_7027,Striatum,54.73,11.92,Danio rerio
NEUR_7169,Cortex,45.69,90.44,Macaca mulatta
NEUR_3039,Cerebellum,110.07,65.56,Danio rerio
NEUR_8721,Thalamus,144.32,108.44,Mus musculus
NEUR_4943,Striatum,38.61,107.92,Macaca mulatta
NEUR_2918,Thalamus,69.45,118.19,Macaca mulatta
NEUR_2130,Amygdala,97.56,57.35,Danio rerio
NEUR_3780,Hypothalamus,94.46,64.25,Danio rerio
NEUR_8203,Hippocampus,113.58,107.7,Rattus norvegicus
NEUR_2430,Hippocampus,65.5,115.26,Danio rerio
NEUR_9561,Striatum,127.66,66.08,Rattus norvegicus
NEUR_7344,Cortex,18.54,15.59,Mus musculus
NEUR_7858,Cortex,85.45,37.61,Rattus norvegicus
NEUR_3238,Striatum,143.2,20.57,Rattus norvegicus
NEUR_9783,Hypothalamus,5.63,27.76,Rattus norvegicus
NEUR_6647,Thalamus,122.41,110.21,Danio rerio
NEUR_8170,Cortex,26.24,55.02,Rattus norvegicus
NEUR_9649,Hippocampus,97.95,70.75,Macaca mulatta
NEUR_6404,Hypothalamus,47.74,91.69,Mus musculus
NEUR_9100,Cerebellum,23.99,91.01,Macaca mulatta
NEUR_1169,Amygdala,45.96,83.61,Mus musculus
NEUR_8996,Striatum,98.67,80.67,Rattus norvegicus
NEUR_8631,Hippocampus,58.23,11.9,Rattus norvegicus
NEUR_2120,Hippocampus,99.32,108.85,Macaca mulatta
NEUR_6919,Hippocampus,87.49,92.17,Mus musculus
NEUR_3951,Thalamus,92.9,49.9,Mus musculus
NEUR_1440,Hypothalamus,76.62,108.56,Mus musculus
NEUR_6505,Hypothalamus,139.88,23.11,Macaca mulatta
NEUR_7635,Hypothalamus,51.2,26.57,Rattus norvegicus
NEUR_4885,Cerebellum,51.93,81.78,Rattus norvegicus
NEUR_9746,Hypothalamus,127.71,21.63,Macaca mulatta
NEUR_1286,Thalamus,116.57,71.02,Macaca mulatta
NEUR_6118,Cortex,47.94,118.3,Macaca mulatta
NEUR_7067,Cerebellum,88.32,90.98,Rattus norvegicus
NEUR_6598,Amygdala,2.11,38.94,Mus musculus
NEUR_9590,Hypothalamus,58.07,90.3,Rattus norvegicus
NEUR_8662,Cerebellum,129.17,76.76,Mus musculus
NEUR_9756,Striatum,140.2,116.73,Danio rerio
NEUR_4214,Striatum,134.51,59.56,Mus musculus
NEUR_9268,Hypothalamus,102.81,11.93,Macaca mulatta
NEUR_8325,Thalamus,105.44,54.7,Mus musculus
NEUR_9083,Amygdala,96.13,75.82,Danio rerio
NEUR_5807,Amygdala,20.06,83.62,Macaca mulatta
NEUR_4373,Thalamus,78.52,111.38,Rattus norvegicus
NEUR_8730,Hypothalamus,20.12,108.27,Danio rerio
NEUR_9316,Striatum,8.2,93.94,Rattus norvegicus
NEUR_7764,Hypothalamus,25.99,41.05,Macaca mulatta
NEUR_9615,Hippocampus,113.13,79.53,Mus musculus
NEUR_4257,Thalamus,100.07,11.28,Rattus norvegicus
NEUR_2981,Hypothalamus,5.13,72.22,Mus musculus
NEUR_2197,Amygdala,98.32,25.69,Danio rerio
NEUR_2368,Hippocampus,77.47,87.58,Macaca mulatta
NEUR_7708,Amygdala,46.14,104.12,Danio rerio
NEUR_9062,Cortex,76.0,107.22,Danio rerio
NEUR_3741,Amygdala,111.93,97.89,Danio rerio
NEUR_3872,Hypothalamus,74.95,32.87,Mus musculus
NEUR_6098,Amygdala,143.17,107.74,Rattus norvegicus
NEUR_4249,Striatum,131.09,101.83,Rattus norvegicus
NEUR_1222,Cortex,120.9,10.09,Rattus norvegicus
NEUR_2302,Hypothalamus,99.03,73.03,Danio rerio
NEUR_1126,Cerebellum,42.89,60.44,Mus musculus
NEUR_3125,Hypothalamus,15.86,40.99,Rattus norvegicus
NEUR_7234,Thalamus,122.89,100.77,Danio rerio
NEUR_9307,Striatum,117.53,87.22,Rattus norvegicus
NEUR_8451,Hippocampus,20.03,53.32,Rattus norvegicus
NEUR_9093,Thalamus,143.52,69.52,Danio rerio
NEUR_7714,Thalamus,118.36,99.7,Danio rerio
NEUR_6789,Hippocampus,134.55,91.69,Rattus norvegicus
NEUR_4585,Cerebellum,106.32,97.32,Rattus norvegicus
NEUR_4977,Striatum,83.52,114.08,Mus musculus
NEUR_8094,Amygdala,136.36,64.83,Macaca mulatta
NEUR_9275,Cerebellum,2.42,45.26,Rattus norvegicus
NEUR_6136,Amygdala,52.45,13.62,Mus musculus
NEUR_7755,Cortex,13.85,43.07,Mus musculus
NEUR_6683,Thalamus,89.4,74.04,Danio rerio
NEUR_2001,Amygdala,25.82,68.48,Danio rerio
NEUR_6592,Amygdala,89.39,110.6,Rattus norvegicus
NEUR_9093,Hippocampus,36.32,51.38,Mus musculus
NEUR_9520,Cerebellum,37.25,92.0,Danio rerio
NEUR_2170,Striatum,128.67,47.28,Danio rerio
NEUR_2828,Cerebellum,105.86,54.75,Danio rerio
NEUR_3146,Striatum,84.62,52.49,Macaca mulatta
NEUR_6227,Thalamus,46.84,45.17,Rattus norvegicus
NEUR_8265,Hippocampus,117.02,72.37,Macaca mulatta
NEUR_7627,Cortex,108.63,42.21,Danio rerio
NEUR_9599,Striatum,89.82,79.47,Mus musculus
NEUR_7033,Amygdala,89.27,62.89,Rattus norvegicus
NEUR_6019,Thalamus,10.61,114.4,Macaca mulatta
NEUR_8971,Hippocampus,36.25,27.11,Danio rerio
NEUR_8022,Amygdala,12.21,48.4,Rattus norvegicus
NEUR_6596,Hypothalamus,133.63,74.81,Mus musculus
NEUR_2409,Striatum,0.47,76.36,Macaca mulatta
NEUR_6015,Cerebellum,131.7,93.45,Rattus norvegicus
NEUR_5562,Hypothalamus,141.61,118.76,Danio rerio
NEUR_5655,Striatum,102.38,37.44,Mus musculus
NEUR_7639,Hippocampus,19.41,108.25,Rattus norvegicus
NEUR_9925,Thalamus,79.76,32.51,Macaca mulatta
NEUR_5247,Cortex,86.39,103.02,Danio rerio
NEUR_6579,Amygdala,102.85,62.51,Macaca mulatta
NEUR_9303,Hypothalamus,8.16,79.21,Rattus norvegicus
NEUR_3595,Amygdala,26.88,56.85,Macaca mulatta
NEUR_2344,Cerebellum,135.57,22.36,Rattus norvegicus
NEUR_4124,Thalamus,54.27,119.05,Macaca mulatta
NEUR_3186,Hippocampus,112.85,70.13,Macaca mulatta
NEUR_5288,Striatum,92.72,14.79,Mus musculus
NEUR_8721,Hippocampus,59.1,36.57,Rattus norvegicus
NEUR_6801,Hypothalamus,67.04,17.82,Mus musculus
NEUR_9055,Cerebellum,143.33,116.78,Danio rerio
NEUR_5827,Amygdala,90.95,87.36,Macaca mulatta
NEUR_5940,Hypothalamus,109.14,28.23,Danio rerio
NEUR_6481,Hypothalamus,65.92,82.35,Rattus norvegicus
NEUR_6185,Cortex,146.04,33.76,Mus musculus
NEUR_4021,Cortex,63.39,98.19,Danio rerio
NEUR_7403,Striatum,32.65,106.68,Rattus norvegicus
NEUR_1397,Amygdala,98.94,104.28,Mus musculus
NEUR_8074,Thalamus,71.74,100.38,Macaca mulatta
NEUR_1305,Amygdala,123.55,18.95,Macaca mulatta
NEUR_2097,Cortex,63.98,43.2,Mus musculus
NEUR_3112,Hippocampus,117.73,15.33,Danio rerio
NEUR_2598,Hippocampus,34.54,51.3,Macaca mulatta
NEUR_9737,Striatum,132.05,48.18,Danio rerio
NEUR_1372,Amygdala,63.81,59.79,Rattus norvegicus
NEUR_6081,Striatum,106.35,37.13,Macaca mulatta
NEUR_4062,Hypothalamus,19.54,27.94,Macaca mulatta
NEUR_3582,Thalamus,126.33,72.65,Macaca mulatta
NEUR_1969,Striatum,78.86,30.55,Rattus norvegicus
NEUR_4196,Amygdala,70.88,51.97,Mus musculus
NEUR_9427,Cerebellum,148.01,71.56,Mus musculus
NEUR_8180,Amygdala,146.25,42.45,Rattus norvegicus
NEUR_6691,Cerebellum,64.57,113.65,Macaca mulatta
NEUR_6731,Hippocampus,73.89,75.59,Mus musculus
NEUR_3694,Thalamus,8.62,112.25,Mus musculus
NEUR_5940,Hippocampus,109.21,34.66,Macaca mulatta
NEUR_8286,Thalamus,135.75,104.47,Mus musculus
NEUR_4403,Hippocampus,31.81,15.97,Macaca mulatta
NEUR_7623,Cerebellum,104.9,106.5,Macaca mulatta
NEUR_6967,Amygdala,137.07,74.31,Rattus norvegicus
NEUR_9103,Hippocampus,144.08,65.14,Danio rerio
NEUR_9723,Striatum,96.87,42.35,Danio rerio
NEUR_3414,Cortex,45.45,71.65,Rattus norvegicus
NEUR_5338,Striatum,108.06,39.38,Macaca mulatta
NEUR_5607,Striatum,92.5,86.61,Rattus norvegicus
NEUR_3359,Cortex,56.74,47.28,Danio rerio
NEUR_7196,Cerebellum,20.46,42.85,Danio rerio
NEUR_9173,Hypothalamus,29.56,73.21,Macaca mulatta
NEUR_4066,Cerebellum,21.06,46.01,Danio rerio
NEUR_4928,Amygdala,73.6,97.28,Mus musculus
NEUR_9143,Cortex,99.2,57.52,Macaca mulatta
NEUR_9363,Cerebellum,9.09,16.81,Rattus norvegicus
NEUR_1391,Hypothalamus,55.85,66.83,Rattus norvegicus
NEUR_7098,Cortex,69.08,38.8,Rattus norvegicus
NEUR_8120,Striatum,131.43,81.12,Macaca mulatta
NEUR_5767,Striatum,25.56,116.31,Macaca mulatta
NEUR_5165,Hippocampus,56.83,94.14,Rattus norvegicus
NEUR_5103,Hypothalamus,86.33,15.63,Macaca mulatta
NEUR_8075,Striatum,57.16,35.32,Macaca mulatta
NEUR_9486,Hippocampus,130.62,116.53,Rattus norvegicus
NEUR_8642,Amygdala,129.57,27.55,Rattus norvegicus
NEUR_5194,Cerebellum,74.37,25.71,Mus musculus
NEUR_2078,Hippocampus,105.49,50.28,Mus musculus
NEUR_1797,Cortex,35.51,114.23,Mus musculus
NEUR_3319,Cortex,0.11,63.98,Danio rerio
NEUR_3253,Cortex,52.51,45.94,Danio rerio
NEUR_5011,Striatum,38.96,91.09,Macaca mulatta
NEUR_5013,Cerebellum,101.25,106.71,Macaca mulatta
NEUR_6895,Cerebellum,63.87,72.89,Macaca mulatta
NEUR_5696,Striatum,112.17,62.13,Macaca mulatta
NEUR_6592,Thalamus,144.15,16.43,Rattus norvegicus
NEUR_5149,Thalamus,5.54,71.68,Danio rerio
NEUR_3068,Hypothalamus,40.73,52.52,Mus musculus
NEUR_4780,Hypothalamus,118.09,68.65,Danio rerio
NEUR_9865,Striatum,51.82,22.9,Mus musculus
NEUR_2964,Cortex,52.82,53.94,Danio rerio
NEUR_8392,Cerebellum,80.19,116.02,Rattus norvegicus
NEUR_7933,Amygdala,147.02,60.62,Rattus norvegicus
NEUR_6653,Striatum,66.17,82.72,Macaca mulatta
NEUR_7337,Cortex,90.15,94.85,Danio rerio
NEUR_8975,Hypothalamus,105.93,62.27,Rattus norvegicus
NEUR_2822,Thalamus,15.67,32.5,Macaca mulatta
NEUR_3892,Hypothalamus,32.24,48.91,Rattus norvegicus
NEUR_2490,Amygdala,143.66,93.11,Rattus norvegicus
NEUR_3694,Amygdala,133.44,49.61,Mus musculus
NEUR_1613,Hypothalamus,63.2,47.96,Mus musculus
NEUR_7859,Amygdala,146.65,55.96,Mus musculus
NEUR_8142,Cerebellum,18.72,84.45,Rattus norvegicus
NEUR_2471,Thalamus,34.34,54.53,Danio rerio
NEUR_9164,Cortex,118.36,112.72,Mus musculus
NEUR_5672,Striatum,0.58,17.24,Danio rerio
NEUR_8296,Striatum,9.23,95.89,Rattus norvegicus
NEUR_7346,Hypothalamus,144.02,32.02,Rattus norvegicus
NEUR_6650,Cortex,97.06,12.28,Mus musculus
NEUR_3813,Hypothalamus,80.69,107.32,Rattus norvegicus
NEUR_8093,Cortex,58.2,35.84,Mus musculus
NEUR_3896,Amygdala,96.31,33.9,Macaca mulatta
NEUR_9378,Thalamus,142.61,29.72,Macaca mulatta
NEUR_6198,Hippocampus,91.8,11.07,Mus musculus
NEUR_8335,Cerebellum,44.28,12.9,Mus musculus
NEUR_1409,Thalamus,91.4,112.44,Danio rerio
NEUR_9064,Thalamus,95.95,93.67,Danio rerio
NEUR_5166,Cerebellum,60.26,98.01,Rattus norvegicus
NEUR_9756,Cerebellum,122.64,84.85,Danio rerio
NEUR_6138,Thalamus,66.78,108.28,Rattus norvegicus
NEUR_6946,Hippocampus,103.2,15.31,Mus musculus
NEUR_1306,Cortex,128.84,19.46,Rattus norvegicus
NEUR_9233,Hypothalamus,45.36,72.14,Mus musculus
NEUR_5414,Hypothalamus,95.15,67.94,Mus musculus
NEUR_3758,Thalamus,25.17,116.37,Rattus norvegicus
NEUR_5070,Amygdala,18.95,55.51,Macaca mulatta
NEUR_6973,Amygdala,77.96,102.48,Mus musculus
NEUR_3008,Cerebellum,73.03,67.49,Rattus norvegicus
NEUR_7483,Striatum,33.14,45.54,Mus musculus
NEUR_5890,Cortex,134.93,37.21,Mus musculus
NEUR_1456,Thalamus,30.55,81.28,Danio rerio
NEUR_9235,Cortex,41.13,113.87,Danio rerio
NEUR_6169,Striatum,137.49,101.99,Danio rerio
NEUR_8660,Cerebellum,149.65,60.16,Macaca mulatta
NEUR_4757,Amygdala,119.93,13.71,Macaca mulatta
NEUR_5787,Striatum,54.93,118.7,Mus musculus
NEUR_8747,Striatum,43.99,61.48,Danio rerio
NEUR_3090,Hippocampus,3.79,83.61,Rattus norvegicus
NEUR_3258,Thalamus,17.93,100.73,Macaca mulatta
NEUR_3032,Amygdala,128.12,36.67,Danio rerio
NEUR_4884,Cerebellum,36.76,37.63,Danio rerio
NEUR_9095,Hypothalamus,92.79,53.69,Danio rerio
NEUR_4024,Hypothalamus,141.86,29.44,Mus musculus
NEUR_9828,Amygdala,84.42,68.3,Mus musculus
NEUR_8120,Hippocampus,5.4,103.23,Macaca mulatta
NEUR_1848,Amygdala,139.23,114.48,Macaca mulatta
NEUR_4895,Cerebellum,96.7,19.53,Danio rerio
NEUR_4085,Cortex,62.11,107.98,Rattus norvegicus
NEUR_5623,Hypothalamus,58.94,44.86,Macaca mulatta
NEUR_3457,Hippocampus,148.93,43.71,Rattus norvegicus
NEUR_5190,Striatum,143.08,63.95,Danio rerio
NEUR_3905,Hypothalamus,57.94,114.46,Rattus norvegicus
NEUR_4489,Cortex,20.46,29.83,Macaca mulatta
NEUR_6925,Cerebellum,123.71,84.62,Mus musculus
