neuron_id,region,firing_rate_hz,spike_amplitude_mv,subject_species
NEUR_9049,Hypothalamus,142.16,113.32,Mus musculus
NEUR_3741,Hippocampus,141.55,113.34,Rattus norvegicus
NEUR_8148,Thalamus,114.8,50.97,Rattus norvegicus
NEUR_7555,Cortex,48.05,46.25,Macaca mulatta
NEUR_8998,Amygdala,138.3,22.45,Macaca mulatta
NEUR_1537,Striatum,149.74,62.68,Rattus norvegicus
NEUR_9190,Hypothalamus,62.4,15.46,Danio rerio
NEUR_6472,Striatum,146.32,23.03,Mus musculus
NEUR_9076,Cerebellum,125.18,76.38,Rattus norvegicus
NEUR_3087,Striatum,64.46,81.26,Macaca mulatta
NEUR_9724,Hypothalamus,74.59,88.54,Danio rerio
NEUR_6796,Thalamus,44.85,71.32,Macaca mulatta
NEUR_3686,Hypothalamus,111.36,44.67,Rattus norvegicus
NEUR_3141,Cerebellum,28.02,47.11,Rattus norvegicus
NEUR_9073,Striatum,56.61,10.14,Rattus norvegicus
NEUR_8048,Cerebellum,4.22,29.24,Rattus norvegicus
NEUR_4319,Cerebellum,118.35,100.97,Danio rerio
NEUR_1366,Thalamus,144.83,71.1,Danio rerio
NEUR_5627,Hypothalamus,75.29,103.64,Macaca mulatta
NEUR_7886,Amygdala,113.76,95.64,Danio rerio
NEUR_1168,Hippocampus,2.7,118.3,Mus musculus
NEUR_3971,Hypothalamus,140.39,68.54,Rattus norvegicus
NEUR_1310,Amygdala,85.95,58.83,Macaca mulatta
NEUR_4534,Amygdala,56.45,103.19,Rattus norvegicus
NEUR_6037,Thalamus,15.69,59.3,Mus musculus
NEUR_2934,Hypothalamus,54.16,104.26,Macaca mulatta
NEUR_7755,Hippocampus,48.87,70.55,Rattus norvegicus
NEUR_4254,Thalamus,113.16,54.72,Mus musculus
NEUR_6037,Amygdala,70.19,100.04,Macaca mulatta
NEUR_5487,Cerebellum,101.86,81.55,Rattus norvegicus
NEUR_8892,Striatum,2.85,119.29,Mus musculus
NEUR_3797,Cortex,103.08,42.35,Macaca mulatta
NEUR_1908,Cortex,29.77,102.14,Danio rerio
NEUR_4761,Cerebellum,136.87,43.99,Macaca mulatta
NEUR_5810,Cerebellum,8.87,117.67,Mus musculus
NEUR_3306,Hypothalamus,48.37,113.18,Danio rerio
NEUR_5449,Cerebellum,86.22,80.66,Mus musculus
NEUR_4758,Thalamus,5.8,48.35,Macaca mulatta
NEUR_2723,Cerebellum,98.44,82.52,Mus musculus
NEUR_5056,Striatum,56.8,93.79,Macaca mulatta
NEUR_1973,Hippocampus,133.14,32.62,Mus musculus
NEUR_9849,Thalamus,9.26,78.68,Rattus norvegicus
NEUR_4855,Hippocampus,124.0,101.92,Macaca mulatta
NEUR_3608,Striatum,38.16,63.89,Mus musculus
NEUR_4964,Cerebellum,105.51,20.27,Rattus norvegicus
NEUR_2601,Cortex,128.85,78.94,Mus musculus
NEUR_4528,Amygdala,85.43,16.33,Rattus norvegicus
NEUR_5121,Cerebellum,44.3,19.34,Danio rerio
NEUR_1128,Hypothalamus,8.12,81.46,Mus musculus
NEUR_1262,Striatum,126.3,79.14,Danio rerio
NEUR_3235,Hypothalamus,75.99,104.28,Rattus norvegicus
NEUR_9448,Hypothalamus,137.44,86.77,Mus musculus
NEUR_4976,Striatum,133.53,65.07,Mus musculus
NEUR_1799,Cerebellum,90.49,91.25,Rattus norvegicus
NEUR_7844,Amygdala,119.81,50.48,Danio rerio
NEUR_3357,Amygdala,116.06,107.38,Danio rerio
NEUR_8985,Hippocampus,91.18,74.36,Mus musculus
NEUR_3488,Thalamus,33.36,30.45,Danio rerio
NEUR_9875,Cortex,140.4,12.94,Macaca mulatta
NEUR_5043,Hypothalamus,97.4,108.84,Rattus norvegicus
NEUR_3338,Cerebellum,139.66,31.11,Macaca mulatta
NEUR_4522,Hippocampus,133.6,100.76,Mus musculus
NEUR_8136,Hypothalamus,65.71,94.34,Macaca mulatta
NEUR_3603,Hippocampus,133.53,37.9,Rattus norvegicus
NEUR_2825,Cerebellum,79.25,88.66,Macaca mulatta
NEUR_4238,Hypothalamus,97.8,95.2,Macaca mulatta
NEUR_4509,Cortex,117.1,49.6,Rattus norvegicus
NEUR_4682,Striatum,95.33,32.18,Mus musculus
NEUR_8271,Cerebellum,119.18,94.85,Danio rerio
NEUR_3594,Hypothalamus,72.31,100.41,Rattus norvegicus
NEUR_5365,Cortex,86.87,76.88,Macaca mulatta
NEUR_8994,Cortex,63.95,38.49,Danio rerio
NEUR_4942,Cerebellum,148.93,35.95,Danio rerio
NEUR_6237,Thalamus,80.38,119.31,Danio rerio
NEUR_8592,Hippocampus,46.98,28.9,Macaca mulatta
NEUR_9720,Amygdala,141.35,118.77,Macaca mulatta
NEUR_6050,Cerebellum,9.25,91.33,Rattus norvegicus
NEUR_7864,Hypothalamus,139.48,117.36,Danio rerio
NEUR_2339,Thalamus,145.94,68.17,Mus musculus
NEUR_4818,Striatum,28.12,74.57,Danio rerio
NEUR_8625,Hippocampus,138.23,31.09,Mus musculus
NEUR_4752,Cortex,97.82,36.43,Mus musculus
NEUR_2091,Hypothalamus,124.02,38.29,Rattus norvegicus
NEUR_5037,Cortex,0.37,57.08,Rattus norvegicus
NEUR_3782,Striatum,114.93,65.85,Danio rerio
NEUR_9724,Striatum,37.88,101.12,Rattus norvegicus
NEUR_4355,Cerebellum,28.74,67.21,Macaca mulatta
NEUR_4968,Hippocampus,54.55,115.1,Danio rerio
NEUR_7185,Striatum,8.94,73.16,Mus musculus
NEUR_4918,Striatum,74.44,101.21,Macaca mulatta
NEUR_3314,Cerebellum,19.43,80.82,Macaca mulatta
NEUR_8980,Amygdala,90.37,108.35,Danio rerio
NEUR_9240,Cerebellum,20.52,113.75,Danio rerio
NEUR_3607,Cerebellum,149.34,42.43,Danio rerio
NEUR_4585,Striatum,62.8,111.73,Danio rerio
NEUR_8258,Hippocampus,111.27,42.12,Macaca mulatta
NEUR_4455,Hippocampus,70.62,33.08,Mus musculus
NEUR_1732,Amygdala,139.7,113.99,Macaca mulatta
NEUR_6146,Cerebellum,121.79,60.93,Danio rerio
NEUR_2826,Cerebellum,79.81,64.48,Macaca mulatta
NEUR_5588,Cortex,38.36,101.03,Mus musculus
NEUR_6284,Hippocampus,85.48,119.93,Macaca mulatta
NEUR_5017,Thalamus,17.51,65.38,Macaca mulatta
NEUR_6122,Cerebellum,132.56,106.99,Rattus norvegicus
NEUR_3584,Hypothalamus,146.16,72.46,Mus musculus
NEUR_8242,Hypothalamus,37.17,88.2,Macaca mulatta
NEUR_1947,Hypothalamus,15.22,95.85,Rattus norvegicus
NEUR_7328,Cerebellum,49.2,29.22,Mus musculus
NEUR_1113,Hypothalamus,38.74,24.74,Mus musculus
NEUR_1526,Hypothalamus,88.84,93.05,Mus musculus
NEUR_8264,Amygdala,118.06,57.04,Danio rerio
NEUR_3989,Hippocampus,43.36,51.1,Danio rerio
NEUR_3295,Thalamus,62.94,112.05,Rattus norvegicus
NEUR_4492,Cortex,118.77,19.55,Mus musculus
NEUR_6810,Hippocampus,95.26,118.86,Danio rerio
NEUR_5849,Striatum,24.63,93.87,Macaca mulatta
NEUR_8929,Striatum,75.66,67.82,Rattus norvegicus
NEUR_7805,Hippocampus,23.32,21.24,Rattus norvegicus
NEUR_6401,Hypothalamus,58.36,78.77,Danio rerio
NEUR_1085,Hypothalamus,12.66,69.77,Danio rerio
NEUR_7116,Thalamus,26.41,105.11,Rattus norvegicus
NEUR_5083,Striatum,76.48,75.22,Danio rerio
NEUR_6264,Hippocampus,75.89,87.44,Rattus norvegicus
NEUR_6943,Hypothalamus,84.41,23.27,Danio rerio
NEUR_9762,Hypothalamus,22.38,24.5,Rattus norvegicus
NEUR_8850,Hypothalamus,135.22,81.66,Macaca mulatta
NEUR_8448,Thalamus,89.9,52.42,Danio rerio
NEUR_4779,Hypothalamus,120.79,111.04,Macaca mulatta
NEUR_4178,Striatum,135.48,66.53,Mus musculus
NEUR_3997,Thalamus,125.74,45.76,Macaca mulatta
NEUR_8922,Hippocampus,135.95,96.62,Danio rerio
NEUR_3513,Thalamus,114.34,50.21,Rattus norvegicus
NEUR_7179,Cerebellum,93.63,79.13,Danio rerio
NEUR_1922,Striatum,118.66,119.76,Danio rerio
NEUR_3474,Striatum,140.87,94.56,Macaca mulatta
NEUR_2592,Amygdala,86.04,23.57,Macaca mulatta
NEUR_6111,Amygdala,136.38,76.77,Danio rerio
NEUR_2405,Hippocampus,36.45,77.49,Mus musculus
NEUR_7825,Cortex,22.25,82.71,Rattus norvegicus
NEUR_1801,Amygdala,67.14,21.4,Macaca mulatta
NEUR_8248,Hippocampus,37.63,13.12,Macaca mulatta
NEUR_5598,Cortex,144.92,30.14,Rattus norvegicus
NEUR_1868,Amygdala,20.66,49.99,Danio rerio
NEUR_3645,Hippocampus,36.45,81.79,Danio rerio
NEUR_5048,Thalamus,71.0,96.59,Macaca mulatta
NEUR_6324,Thalamus,97.07,78.38,Rattus norvegicus
NEUR_7876,Thalamus,102.13,96.4,Danio rerio
NEUR_2498,Striatum,98.89,113.41,Macaca mulatta
NEUR_3030,Striatum,57.06,16.46,Macaca mulatta
NEUR_2500,Thalamus,22.84,52.93,Rattus norvegicus
NEUR_1333,Amygdala,77.04,106.0,Mus musculus
NEUR_5376,Hypothalamus,135.68,93.92,Rattus norvegicus
NEUR_5744,Cortex,91.62,76.17,Danio rerio
NEUR_9321,Hypothalamus,8.61,27.86,Macaca mulatta
NEUR_4588,Cortex,103.59,15.73,Macaca mulatta
NEUR_3079,Striatum,132.92,15.63,Mus musculus
NEUR_3003,Hypothalamus,111.15,18.9,Danio rerio
NEUR_2300,Hippocampus,46.95,38.38,Rattus norvegicus
NEUR_2021,Hippocampus,126.33,117.9,Macaca mulatta
NEUR_7290,Cortex,9.34,109.93,Mus musculus
NEUR_2817,Cerebellum,12.14,35.53,Macaca mulatta
NEUR_8618,Cerebellum,88.52,106.85,Danio rerio
NEUR_5279,Striatum,25.65,94.61,Macaca mulatta
NEUR_9502,Hypothalamus,3.53,106.12,Macaca mulatta
NEUR_5308,Thalamus,40.09,90.73,Danio rerio
NEUR_1290,Hypothalamus,36.01,42.66,Mus musculus
NEUR_9993,Hippocampus,4.88,10.58,Danio rerio
NEUR_4062,Hippocampus,92.21,106.45,Macaca mulatta
NEUR_3701,Hippocampus,93.0,94.64,Mus musculus
NEUR_8351,Hypothalamus,65.25,76.29,Rattus norvegicus
NEUR_8116,Hypothalamus,33.85,69.06,Rattus norvegicus
NEUR_5910,Striatum,8.4,66.92,Rattus norvegicus
NEUR_3651,Hippocampus,9.41,63.0,Mus musculus
NEUR_8343,Hippocampus,19.47,81.28,Rattus norvegicus
NEUR_4582,Amygdala,91.98,32.99,Rattus norvegicus
NEUR_8910,Thalamus,96.57,98.94,Mus musculus
NEUR_9707,Cortex,16.75,32.18,Rattus norvegicus
NEUR_3965,Striatum,55.37,47.71,Rattus norvegicus
NEUR_5681,Amygdala,78.15,65.89,Mus musculus
NEUR_2136,Hippocampus,98.85,75.9,Danio rerio
NEUR_8131,Striatum,22.46,98.02,Macaca mulatta
NEUR_9865,Striatum,85.21,27.54,Rattus norvegicus
NEUR_9596,Hypothalamus,96.83,93.23,Rattus norvegicus
NEUR_9256,Cerebellum,92.95,49.9,Danio rerio
NEUR_4749,Hypothalamus,143.88,16.94,Rattus norvegicus
NEUR_3856,Hippocampus,90.43,88.84,Danio rerio
NEUR_2366,Cerebellum,93.91,77.58,Danio rerio
NEUR_9735,Cerebellum,22.38,53.23,Macaca mulatta
NEUR_7686,Striatum,82.2,63.8,Danio rerio
NEUR_8914,Hippocampus,107.17,99.76,Macaca mulatta
NEUR_6103,Hypothalamus,102.39,54.05,Rattus norvegicus
NEUR_2845,Cortex,108.13,19.62,Macaca mulatta
NEUR_7389,Thalamus,3.16,18.42,Mus musculus
NEUR_8786,Cerebellum,0.68,119.0,Danio rerio
NEUR_6918,Hypothalamus,63.54,109.99,Macaca mulatta
NEUR_7080,Cerebellum,53.19,108.86,Macaca mulatta
NEUR_7672,Hippocampus,142.21,66.72,Danio rerio
NEUR_8343,Amygdala,115.9,117.89,Mus musculus
NEUR_8150,Thalamus,125.94,80.07,Rattus norvegicus
NEUR_2796,Cortex,56.17,68.04,Danio rerio
NEUR_7219,Thalamus,53.85,92.36,Danio rerio
NEUR_8096,Cortex,51.34,64.74,Danio rerio
NEUR_3721,Hypothalamus,80.36,81.81,Rattus norvegicus
NEUR_9579,Cortex,99.82,111.4,Mus musculus
NEUR_1114,Cerebellum,120.82,77.46,Macaca mulatta
NEUR_2527,Striatum,92.02,33.97,Danio rerio
NEUR_9418,Thalamus,52.27,96.63,Rattus norvegicus
NEUR_5277,Cerebellum,52.72,32.32,Mus musculus
NEUR_3443,Thalamus,131.33,53.51,Danio rerio
NEUR_9875,Cortex,52.01,23.46,Danio rerio
NEUR_3560,Striatum,126.09,70.09,Rattus norvegicus
NEUR_8554,Hypothalamus,109.88,40.42,Danio rerio
NEUR_6166,Striatum,54.72,89.49,Mus musculus
NEUR_4693,Amygdala,55.15,102.93,Danio rerio
NEUR_3427,Cortex,15.08,25.81,Mus musculus
NEUR_9325,Amygdala,90.54,42.51,Macaca mulatta
NEUR_7344,Amygdala,7.43,107.44,Rattus norvegicus
NEUR_2806,Hippocampus,67.36,58.69,Danio rerio
NEUR_8611,Cerebellum,106.6,118.26,Danio rerio
NEUR_9516,Amygdala,91.62,116.99,Danio rerio
NEUR_8511,Thalamus,31.85,30.41,Macaca mulatta
NEUR_2109,Amygdala,0.91,65.71,Macaca mulatta
NEUR_8916,Hippocampus,11.24,92.46,Macaca mulatta
NEUR_2133,Hippocampus,64.62,28.79,Rattus norvegicus
NEUR_8420,Cerebellum,86.6,57.94,Macaca mulatta
NEUR_1024,Hippocampus,23.22,56.88,Mus musculus
NEUR_2804,Striatum,95.85,17.08,Rattus norvegicus
NEUR_8258,Thalamus,97.84,103.18,Macaca mulatta
NEUR_9542,Cerebellum,112.29,62.18,Mus musculus
NEUR_4497,Cortex,19.21,26.32,Macaca mulatta
NEUR_6775,Cortex,46.64,72.17,Macaca mulatta
NEUR_2716,Striatum,111.87,89.59,Rattus norvegicus
NEUR_1208,Cortex,8.54,18.89,Danio rerio
NEUR_8157,Hypothalamus,40.08,81.96,Macaca mulatta
NEUR_2442,Striatum,42.04,108.95,Danio rerio
NEUR_3470,Cerebellum,59.33,65.77,Macaca mulatta
NEUR_7666,Hippocampus,57.29,107.46,Macaca mulatta
NEUR_6193,Amygdala,54.33,116.69,Mus musculus
NEUR_8752,Amygdala,59.45,76.11,Rattus norvegicus
NEUR_3691,Hippocampus,86.75,16.52,Rattus norvegicus
NEUR_6649,Thalamus,91.43,38.58,Rattus norvegicus
NEUR_2476,Amygdala,71.55,95.15,Danio rerio
NEUR_2857,Cortex,111.27,85.1,Mus musculus
NEUR_6994,Hypothalamus,76.72,64.14,Macaca mulatta
NEUR_7899,Amygdala,23.7,85.83,Rattus norvegicus
NEUR_5407,Thalamus,10.42,80.16,Mus musculus
NEUR_7313,Hippocampus,27.09,24.9,Macaca mulatta
NEUR_8876,Cortex,52.13,66.4,Danio rerio
NEUR_4086,Hippocampus,91.24,24.0,Mus musculus
NEUR_4344,Amygdala,78.71,47.34,Danio rerio
NEUR_6641,Cortex,114.55,82.0,Rattus norvegicus
NEUR_5156,Cerebellum,29.86,16.12,Macaca mulatta
NEUR_9101,Hippocampus,63.53,23.95,Mus musculus
NEUR_8562,Cerebellum,149.63,65.99,Rattus norvegicus
NEUR_3097,Cerebellum,71.51,105.28,Rattus norvegicus
NEUR_4151,Thalamus,126.71,91.23,Danio rerio
NEUR_8190,Striatum,1.91,41.11,Danio rerio
NEUR_6493,Striatum,16.64,115.49,Macaca mulatta
NEUR_8312,Striatum,94.69,56.39,Danio rerio
NEUR_5071,Hypothalamus,98.35,111.25,Macaca mulatta
NEUR_7442,Hippocampus,52.84,86.53,Rattus norvegicus
NEUR_8990,Amygdala,49.86,118.55,Macaca mulatta
NEUR_5053,Thalamus,112.75,54.23,Rattus norvegicus
NEUR_4427,Hippocampus,10.85,29.06,Macaca mulatta
NEUR_5178,Amygdala,18.63,103.07,Mus musculus
NEUR_9541,Hippocampus,89.44,22.76,Rattus norvegicus
NEUR_7043,Cortex,147.47,84.89,Macaca mulatta
NEUR_8027,Striatum,48.23,92.84,Mus musculus
NEUR_9608,Thalamus,49.21,40.24,Danio rerio
NEUR_7254,Cortex,60.53,49.6,Rattus norvegicus
NEUR_5547,Cerebellum,94.31,87.71,Rattus norvegicus
NEUR_4003,Hypothalamus,78.95,90.63,Mus musculus
NEUR_9708,Cerebellum,116.31,18.55,Danio rerio
NEUR_5542,Hypothalamus,7.31,25.55,Mus musculus
NEUR_8804,Cerebellum,80.71,74.23,Rattus norvegicus
NEUR_3187,Thalamus,142.97,118.95,Mus musculus
NEUR_4409,Amygdala,13.78,44.21,Danio rerio
NEUR_6521,Cerebellum,22.09,34.19,Macaca mulatta
NEUR_4235,Striatum,101.42,77.16,Macaca mulatta
NEUR_5381,Striatum,90.56,13.77,Rattus norvegicus
NEUR_9652,Hypothalamus,18.35,39.25,Rattus norvegicus
NEUR_8070,Cortex,25.88,96.1,Mus musculus
NEUR_5531,Striatum,63.1,91.27,Rattus norvegicus
NEUR_8142,Thalamus,124.37,37.07,Danio rerio
NEUR_7454,Striatum,113.39,107.92,Macaca mulatta
NEUR_2718,Striatum,89.59,71.73,Macaca mulatta
NEUR_9332,Hypothalamus,71.64,108.67,Rattus norvegicus
NEUR_8959,Hypothalamus,80.73,115.13,Macaca mulatta
NEUR_8475,Cerebellum,146.03,95.81,Rattus norvegicus
NEUR_2009,Thalamus,16.6,22.48,Mus musculus
NEUR_2300,Amygdala,94.1,29.35,Danio rerio
NEUR_7506,Hypothalamus,47.79,32.86,Macaca mulatta
NEUR_5304,Hippocampus,72.94,80.48,Mus musculus
NEUR_2921,Cerebellum,60.49,54.94,Danio rerio
NEUR_5773,Thalamus,42.86,69.27,Danio rerio
NEUR_2456,Hippocampus,64.92,45.23,Mus musculus
NEUR_9974,Cortex,57.36,98.86,Danio rerio
NEUR_1921,Cortex,144.21,66.17,Rattus norvegicus
NEUR_1059,Hippocampus,59.15,108.06,Mus musculus
NEUR_1167,Striatum,58.35,106.04,Rattus norvegicus
NEUR_4725,Cerebellum,91.64,29.09,Danio rerio
NEUR_1606,Striatum,92.28,101.45,Macaca mulatta
NEUR_7850,Striatum,16.01,97.78,Danio rerio
NEUR_5749,Hypothalamus,80.83,91.33,Rattus norvegicus
NEUR_3358,Striatum,12.58,25.55,Mus musculus
NEUR_9098,Striatum,22.63,38.27,Rattus norvegicus
NEUR_3726,Cortex,90.71,80.04,Rattus norvegicus
NEUR_8663,Amygdala,100.57,44.21,Danio rerio
NEUR_1499,Cerebellum,141.1,97.0,Macaca mulatta
NEUR_8805,Hippocampus,132.83,59.88,Macaca mulatta
NEUR_3144,Hypothalamus,94.36,80.57,Danio rerio
NEUR_2317,Amygdala,86.61,28.82,Mus musculus
NEUR_2696,Thalamus,125.16,22.38,Danio rerio
NEUR_3881,Striatum,122.28,99.72,Rattus norvegicus
NEUR_6370,Cerebellum,81.7,91.86,Mus musculus
NEUR_2703,Amygdala,13.78,98.67,Danio rerio
NEUR_4906,Striatum,32.7,72.49,Macaca mulatta
NEUR_1546,Amygdala,132.72,100.74,Macaca mulatta
NEUR_1647,Striatum,68.41,115.03,Mus musculus
NEUR_9427,Cerebellum,55.56,32.17,Rattus norvegicus
NEUR_1265,Cortex,43.21,88.43,Danio rerio
NEUR_1633,Hypothalamus,83.86,47.79,Rattus norvegicus
NEUR_2213,Amygdala,103.82,63.4,Rattus norvegicus
NEUR_8594,Amygdala,117.67,15.95,Danio rerio
NEUR_5381,Striatum,52.02,44.68,Mus musculus
NEUR_9654,Hypothalamus,25.42,115.75,Rattus norvegicus
NEUR_4343,Striatum,77.86,13.18,Danio rerio
NEUR_6380,Cerebellum,68.0,34.9,Mus musculus
NEUR_3470,Thalamus,45.96,96.23,Macaca mulatta
NEUR_1615,Hippocampus,22.22,76.5,Rattus norvegicus
NEUR_7548,Striatum,16.88,26.69,Rattus norvegicus
NEUR_4458,Cortex,5.94,111.16,Mus musculus
NEUR_4755,Striatum,83.99,46.56,Mus musculus
NEUR_6788,Hippocampus,21.3,113.77,Danio rerio
NEUR_7075,Hippocampus,94.97,41.39,Rattus norvegicus
NEUR_8103,Cortex,9.33,110.35,Macaca mulatta
NEUR_7109,Hippocampus,48.41,22.07,Macaca mulatta
NEUR_8640,Hippocampus,77.98,83.67,Mus musculus
NEUR_8460,Striatum,34.1,27.58,Rattus norvegicus
NEUR_6454,Thalamus,117.32,119.6,Danio rerio
NEUR_5560,Amygdala,8.93,94.95,Danio rerio
NEUR_9165,Hypothalamus,64.1,55.86,Danio rerio
NEUR_5821,Hypothalamus,109.08,46.02,Rattus norvegicus
NEUR_6612,Hypothalamus,149.84,94.97,Danio rerio
NEUR_3710,Amygdala,146.72,32.51,Mus musculus
NEUR_8362,Cerebellum,109.07,74.07,Rattus norvegicus
NEUR_8416,Cerebellum,120.02,76.32,Macaca mulatta
NEUR_4145,Cerebellum,112.47,34.09,Danio rerio
NEUR_8203,Hippocampus,35.13,104.99,Danio rerio
NEUR_7259,Hypothalamus,67.21,12.03,Danio rerio
NEUR_4913,Hippocampus,88.28,93.78,Macaca mulatta
NEUR_6267,Striatum,73.83,79.8,Rattus norvegicus
NEUR_9580,Cerebellum,148.38,18.73,Macaca mulatta
NEUR_2757,Amygdala,143.4,29.97,Mus musculus
NEUR_9032,Amygdala,50.95,92.53,Mus musculus
NEUR_6344,Thalamus,0.87,114.96,Danio rerio
NEUR_1931,Cerebellum,11.95,109.18,Macaca mulatta
NEUR_3931,Hippocampus,100.83,37.08,Mus musculus
NEUR_4553,Hippocampus,63.32,26.39,Danio rerio
NEUR_3401,Cerebellum,77.59,54.32,Mus musculus
NEUR_1846,Amygdala,50.81,79.1,Mus musculus
NEUR_3582,Cortex,115.41,98.48,Mus musculus
NEUR_8494,Hypothalamus,108.87,18.71,Mus musculus
NEUR_8619,Cortex,69.58,19.36,Rattus norvegicus
NEUR_8733,Striatum,39.92,50.32,Mus musculus
NEUR_1275,Thalamus,132.4,70.94,Mus musculus
NEUR_5861,Hypothalamus,109.73,53.18,Danio rerio
NEUR_8906,Cerebellum,63.67,82.4,Danio rerio
NEUR_7146,Amygdala,30.76,61.45,Macaca mulatta
NEUR_6237,Thalamus,85.52,111.44,Rattus norvegicus
NEUR_2668,Thalamus,81.11,25.39,Danio rerio
NEUR_8826,Amygdala,27.16,37.61,Danio rerio
NEUR_6117,Cerebellum,46.42,92.38,Danio rerio
NEUR_6528,Striatum,84.37,117.03,Mus musculus
NEUR_6309,Cortex,50.35,104.85,Mus musculus
NEUR_1642,Amygdala,130.61,23.01,Mus musculus
NEUR_5960,Cerebellum,76.6,94.56,Danio rerio
NEUR_2948,Cerebellum,19.93,90.71,Macaca mulatta
NEUR_3743,Hippocampus,44.27,76.27,Danio rerio
NEUR_5385,Hippocampus,94.51,117.08,Rattus norvegicus
NEUR_8866,Thalamus,87.97,91.74,Rattus norvegicus
NEUR_7392,Cortex,13.14,76.78,Rattus norvegicus
NEUR_2012,Cortex,50.5,29.59,Mus musculus
NEUR_2433,Cortex,39.67,93.31,Danio rerio
NEUR_1048,Thalamus,6.21,73.59,Macaca mulatta
NEUR_3915,Striatum,127.34,44.83,Danio rerio
NEUR_1255,Thalamus,147.7,12.47,Rattus norvegicus
NEUR_7147,Hypothalamus,110.01,18.89,Rattus norvegicus
NEUR_3929,Cerebellum,30.85,118.16,Danio rerio
NEUR_6049,Thalamus,5.88,119.25,Danio rerio
NEUR_6873,Hippocampus,95.34,74.31,Danio rerio
NEUR_9187,Cerebellum,43.98,26.87,Macaca mulatta
NEUR_5903,Striatum,74.12,112.35,Rattus norvegicus
NEUR_9363,Hypothalamus,47.12,101.08,Danio rerio
NEUR_8358,Amygdala,2.5,85.86,Danio rerio
NEUR_7063,Thalamus,141.19,78.97,Danio rerio
NEUR_6770,Striatum,92.49,21.52,Danio rerio
NEUR_1618,Striatum,42.62,19.82,Danio rerio
NEUR_6543,Striatum,76.82,97.99,Mus musculus
NEUR_7678,Cerebellum,116.52,94.78,Danio rerio
NEUR_8047,Hippocampus,69.95,21.17,Macaca mulatta
NEUR_4996,Thalamus,99.44,38.25,Rattus norvegicus
NEUR_5000,Striatum,119.72,25.66,Danio rerio
NEUR_7119,Striatum,128.96,32.16,Danio rerio
NEUR_8127,Cortex,72.89,91.37,Danio rerio
NEUR_5866,Hippocampus,130.51,25.86,Macaca mulatta
NEUR_6201,Cerebellum,140.15,69.43,Rattus norvegicus
NEUR_6137,Cerebellum,142.61,76.51,Rattus norvegicus
NEUR_1212,Cortex,7.14,65.51,Macaca mulatta
NEUR_1259,Amygdala,67.33,43.57,Mus musculus
NEUR_4724,Hypothalamus,88.47,25.07,Mus musculus
NEUR_8712,Hypothalamus,103.64,100.25,Danio rerio
NEUR_7988,Cortex,81.61,11.84,Danio rerio
NEUR_3247,Striatum,36.85,90.18,Mus musculus
NEUR_7100,Cerebellum,16.13,18.83,Danio rerio
NEUR_1011,Hypothalamus,128.7,76.12,Macaca mulatta
NEUR_9710,Striatum,22.85,42.6,Rattus norvegicus
NEUR_9126,Striatum,137.91,98.56,Mus musculus
NEUR_1611,Amygdala,61.26,54.44,Mus musculus
NEUR_2955,Amygdala,21.3,73.98,Macaca mulatta
NEUR_5691,Hippocampus,110.35,87.97,Rattus norvegicus
NEUR_3285,Hippocampus,14.9,19.26,Danio rerio
NEUR_2206,Cortex,125.05,100.84,Danio rerio
NEUR_9886,Hippocampus,75.39,80.72,Mus musculus
NEUR_6536,Amygdala,82.61,20.72,Danio rerio
NEUR_6827,Striatum,91.99,103.52,Rattus norvegicus
NEUR_3202,Cerebellum,119.45,115.57,Danio rerio
NEUR_3227,Cortex,144.48,110.05,Danio rerio
NEUR_6266,Amygdala,133.78,47.03,Macaca mulatta
NEUR_9823,Amygdala,58.09,21.07,Danio rerio
NEUR_1882,Cerebellum,18.82,52.29,Mus musculus
NEUR_2075,Cortex,82.46,93.87,Macaca mulatta
NEUR_4125,Thalamus,129.09,39.98,Macaca mulatta
NEUR_9737,Hypothalamus,83.03,118.09,Macaca mulatta
NEUR_4132,Hypothalamus,79.98,107.38,Danio rerio
NEUR_3926,Hippocampus,112.43,59.65,Rattus norvegicus
NEUR_6408,Thalamus,125.71,61.28,Rattus norvegicus
NEUR_6098,Hypothalamus,116.82,91.57,Danio rerio
NEUR_3906,Hypothalamus,22.13,75.86,Macaca mulatta
NEUR_2864,Amygdala,1.15,119.23,Rattus norvegicus
NEUR_7078,Hippocampus,64.89,76.52,Danio rerio
NEUR_7679,Hippocampus,89.03,60.87,Danio rerio
NEUR_5345,Cerebellum,47.84,20.24,Danio rerio
NEUR_3063,Hippocampus,93.18,110.61,Rattus norvegicus
NEUR_8780,Hypothalamus,44.07,39.4,Mus musculus
NEUR_5647,Thalamus,101.18,37.63,Rattus norvegicus
NEUR_5624,Thalamus,94.75,108.96,Mus musculus
NEUR_9435,Amygdala,14.59,58.38,Macaca mulatta
NEUR_5029,Amygdala,116.09,46.26,Mus musculus
NEUR_1870,Thalamus,123.61,27.15,Rattus norvegicus
NEUR_8959,Cerebellum,66.57,109.37,Danio rerio
NEUR_6538,Cerebellum,1.26,32.71,Danio rerio
NEUR_2165,Striatum,60.61,100.94,Mus musculus
NEUR_2667,Thalamus,146.11,12.3,Macaca mulatta
NEUR_9347,Cortex,65.57,37.97,Macaca mulatta
NEUR_4440,Thalamus,63.76,53.23,Danio rerio
NEUR_1860,Thalamus,59.48,59.01,Rattus norvegicus
NEUR_5920,Hippocampus,89.08,39.84,Mus musculus
NEUR_3469,Amygdala,127.91,44.87,Danio rerio
NEUR_5165,Cortex,78.0,46.25,Danio rerio
NEUR_3563,Striatum,110.36,101.64,Macaca mulatta
NEUR_9996,Thalamus,3.97,88.18,Macaca mulatta
NEUR_3687,Amygdala,128.56,117.69,Mus musculus
NEUR_5928,Amygdala,25.86,52.06,Mus musculus
NEUR_1120,Cerebellum,139.64,46.03,Mus musculus
NEUR_4263,Striatum,16.93,109.37,Rattus norvegicus
NEUR_8928,Amygdala,45.19,53.14,Macaca mulatta
NEUR_8759,Cortex,115.99,30.48,Rattus norvegicus
NEUR_4662,Thalamus,16.62,16.1,Mus musculus
NEUR_5391,Striatum,125.63,47.85,Mus musculus
NEUR_1186,Hypothalamus,30.03,101.08,Mus musculus
NEUR_9449,Hippocampus,11.68,67.07,Mus musculus
NEUR_8004,Amygdala,30.05,114.13,Macaca mulatta
NEUR_6846,Hippocampus,104.42,97.43,Mus musculus
NEUR_7175,Thalamus,59.64,107.64,Danio rerio
NEUR_9271,Cortex,130.47,72.45,Mus musculus
NEUR_5167,Striatum,104.45,85.28,Danio rerio
NEUR_3521,Cortex,142.86,69.55,Macaca mulatta
NEUR_4754,Amygdala,101.76,100.46,Mus musculus
NEUR_3894,Striatum,69.81,15.31,Danio rerio
NEUR_1684,Cerebellum,24.1,15.27,Mus musculus
NEUR_2984,Striatum,49.1,16.98,Macaca mulatta
NEUR_5602,Striatum,111.76,31.02,Danio rerio
NEUR_8160,Hippocampus,33.29,76.0,Mus musculus
NEUR_5432,Hippocampus,46.6,107.52,Rattus norvegicus
NEUR_3487,Thalamus,96.4,30.96,Macaca mulatta
NEUR_8482,Thalamus,53.49,116.68,Rattus norvegicus
NEUR_5530,Cerebellum,80.52,108.36,Mus musculus
NEUR_5016,Hypothalamus,9.45,106.17,Mus musculus
NEUR_5334,Cortex,97.0,92.31,Mus musculus
NEUR_2225,Hippocampus,8.5,23.45,Rattus norvegicus
NEUR_9964,Thalamus,124.16,46.54,Mus musculus
NEUR_6840,Amygdala,127.49,40.2,Rattus norvegicus
NEUR_5247,Hippocampus,30.67,71.26,Macaca mulatta
NEUR_4127,Striatum,112.05,39.97,Danio rerio
NEUR_7512,Hypothalamus,7.55,56.82,Macaca mulatta
NEUR_8977,Striatum,114.21,66.32,Macaca mulatta
NEUR_2568,Striatum,59.79,112.94,Mus musculus
NEUR_9460,Striatum,21.75,31.69,Danio rerio
NEUR_9774,Cortex,104.65,86.99,Danio rerio
NEUR_6792,Hippocampus,113.99,53.68,Mus musculus
NEUR_5236,Hypothalamus,24.44,89.75,Danio rerio
NEUR_9931,Hippocampus,37.72,74.49,Mus musculus
NEUR_9749,Cerebellum,70.94,114.7,Mus musculus
NEUR_8039,Hypothalamus,94.57,34.05,Rattus norvegicus
NEUR_2362,Hippocampus,126.93,29.63,Mus musculus
NEUR_5673,Cortex,115.73,92.93,Macaca mulatta
NEUR_5906,Cortex,126.06,37.79,Rattus norvegicus
NEUR_7913,Cortex,85.58,102.56,Mus musculus
NEUR_9765,Cerebellum,146.69,67.65,Macaca mulatta
NEUR_4524,Amygdala,78.04,75.5,Rattus norvegicus
NEUR_1869,Cortex,50.81,66.84,Rattus norvegicus
NEUR_9192,Thalamus,149.67,35.97,Mus musculus
NEUR_4618,Hippocampus,121.36,20.71,Rattus norvegicus
NEUR_1470,Hippocampus,37.47,34.81,Mus musculus
NEUR_5246,Amygdala,35.19,112.32,Mus musculus
NEUR_5751,Hypothalamus,127.66,29.83,Mus musculus
NEUR_1386,Thalamus,39.65,66.77,Rattus norvegicus
NEUR_4230,Hypothalamus,88.56,90.09,Mus musculus
NEUR_6608,Hippocampus,7.11,12.57,Danio rerio
NEUR_9049,Thalamus,145.64,45.32,Rattus norvegicus
NEUR_3603,Cerebellum,115.99,71.0,Danio rerio
NEUR_6057,Hippocampus,38.89,107.21,Danio rerio
NEUR_2292,Amygdala,71.53,104.58,Danio rerio
NEUR_6053,Amygdala,58.02,56.38,Danio rerio
NEUR_5579,Thalamus,18.38,52.05,Macaca mulatta
NEUR_3726,Hippocampus,90.2,90.28,Danio rerio
NEUR_8022,Hippocampus,28.27,40.29,Macaca mulatta
NEUR_7355,Striatum,96.8,99.17,Macaca mulatta
NEUR_8561,Cerebellum,86.28,83.15,Rattus norvegicus
NEUR_9934,Amygdala,125.68,109.74,Mus musculus
NEUR_9747,Hippocampus,83.5,116.72,Danio rerio
NEUR_5536,Cortex,108.2,89.74,Rattus norvegicus
NEUR_9066,Striatum,2.68,97.18,Danio rerio
NEUR_3058,Thalamus,92.28,35.16,Rattus norvegicus
NEUR_8813,Hypothalamus,48.96,96.92,Mus musculus
NEUR_2574,Hippocampus,126.67,49.78,Danio rerio
NEUR_1426,Hippocampus,120.31,62.48,Mus musculus
NEUR_5900,Striatum,26.61,70.96,Rattus norvegicus
NEUR_6276,Striatum,116.43,16.99,Mus musculus
NEUR_1413,Thalamus,81.25,95.53,Danio rerio
NEUR_7992,Cortex,39.88,54.03,Danio rerio
NEUR_8294,Thalamus,26.07,103.42,Rattus norvegicus
NEUR_2275,Hippocampus,86.23,46.11,Macaca mulatta
NEUR_4909,Thalamus,2.43,27.0,Macaca mulatta
NEUR_4750,Striatum,9.74,73.97,Danio rerio
NEUR_8435,Amygdala,125.18,30.36,Danio rerio
NEUR_8232,Cortex,65.83,27.62,Danio rerio
NEUR_9797,Amygdala,114.95,29.45,Danio rerio
NEUR_2848,Hippocampus,124.32,37.32,Mus musculus
NEUR_3290,Hippocampus,141.6,59.56,Rattus norvegicus
NEUR_7158,Amygdala,99.27,14.39,Mus musculus
NEUR_7346,Striatum,134.05,61.47,Macaca mulatta
NEUR_7528,Striatum,24.46,117.99,Mus musculus
NEUR_1750,Cortex,54.78,55.58,Rattus norvegicus
NEUR_5876,Cerebellum,39.47,106.06,Mus musculus
NEUR_4787,Hypothalamus,24.94,27.53,Mus musculus
NEUR_8671,Thalamus,146.9,67.9,Danio rerio
NEUR_8488,Striatum,5.43,49.86,Rattus norvegicus
NEUR_5079,Amygdala,139.56,93.52,Danio rerio
NEUR_6854,Hippocampus,138.63,51.47,Macaca mulatta
NEUR_6287,Amygdala,100.87,57.11,Macaca mulatta
NEUR_9100,Cerebellum,13.39,20.47,Rattus norvegicus
NEUR_3880,Amygdala,144.46,82.59,Danio rerio
NEUR_3493,Thalamus,125.75,48.02,Rattus norvegicus
NEUR_5324,Amygdala,99.45,100.48,Mus musculus
NEUR_5848,Cerebellum,73.54,23.85,Danio rerio
NEUR_7422,Thalamus,111.48,55.5,Danio rerio
NEUR_1149,Amygdala,122.73,57.13,Rattus norvegicus
NEUR_8661,Hippocampus,83.12,85.5,Danio rerio
NEUR_3911,Thalamus,62.21,88.18,Mus musculus
NEUR_7676,Hypothalamus,126.31,23.87,Danio rerio
NEUR_3564,Hippocampus,1.96,84.7,Rattus norvegicus
NEUR_8547,Cortex,19.44,69.35,Rattus norvegicus
NEUR_6879,Striatum,17.36,49.1,Rattus norvegicus
NEUR_6980,Cortex,87.76,24.75,Danio rerio
NEUR_5520,Hippocampus,110.83,78.48,Danio rerio
NEUR_6331,Cerebellum,79.11,16.77,Macaca mulatta
NEUR_7004,Hypothalamus,116.14,21.65,Macaca mulatta
NEUR_8245,Striatum,138.5,55.26,Danio rerio
NEUR_9413,Striatum,134.05,66.41,Rattus norvegicus
NEUR_6861,Hypothalamus,82.9,11.41,Rattus norvegicus
NEUR_4912,Striatum,103.79,61.43,Rattus norvegicus
NEUR_9790,Striatum,11.31,86.79,Mus musculus
NEUR_3772,Thalamus,136.84,13.56,Macaca mulatta
NEUR_4043,Amygdala,117.71,62.97,Mus musculus
NEUR_7293,Hypothalamus,126.31,112.31,Danio rerio
NEUR_9400,Cerebellum,52.01,29.28,Mus musculus
NEUR_1807,Hippocampus,148.63,28.3,Rattus norvegicus
NEUR_8988,Cerebellum,106.55,39.15,Mus musculus
NEUR_5498,Hippocampus,109.88,11.22,Danio rerio
NEUR_8112,Hippocampus,55.72,48.02,Rattus norvegicus
NEUR_8157,Amygdala,119.61,87.66,Rattus norvegicus
NEUR_5620,Striatum,65.34,93.53,Mus musculus
NEUR_9764,Hypothalamus,17.01,36.49,Mus musculus
NEUR_4933,Cerebellum,33.92,114.13,Rattus norvegicus
NEUR_2220,Cerebellum,146.08,107.92,Rattus norvegicus
NEUR_3317,Striatum,149.15,113.78,Rattus norvegicus
NEUR_1944,Hippocampus,75.13,52.55,Rattus norvegicus
NEUR_1344,Hippocampus,75.6,55.19,Rattus norvegicus
NEUR_7923,Striatum,13.52,20.36,Rattus norvegicus
NEUR_5312,Thalamus,131.53,97.22,Mus musculus
NEUR_3296,Hypothalamus,59.25,11.87,Macaca mulatta
NEUR_8575,Hippocampus,71.74,102.89,Danio rerio
NEUR_9227,Cortex,82.35,88.87,Mus musculus
NEUR_3485,Hypothalamus,13.3,85.23,Mus musculus
NEUR_1281,Amygdala,130.7,27.95,Danio rerio
NEUR_7382,Cortex,58.79,116.15,Macaca mulatta
NEUR_4206,Amygdala,131.17,106.48,Rattus norvegicus
NEUR_1284,Hippocampus,82.74,37.04,Macaca mulatta
NEUR_5877,Cortex,33.25,35.3,Danio rerio
NEUR_5913,Amygdala,96.21,57.22,Mus musculus
NEUR_4014,Cerebellum,68.89,52.02,Mus musculus
NEUR_6824,Cerebellum,73.21,71.72,Danio rerio
NEUR_4306,Cortex,142.81,90.6,Rattus norvegicus
NEUR_7934,Cerebellum,48.6,68.63,Mus musculus
NEUR_8433,Hypothalamus,117.32,56.72,Danio rerio
NEUR_5663,Hippocampus,92.33,89.14,Rattus norvegicus
NEUR_8014,Thalamus,116.31,10.08,Rattus norvegicus
NEUR_9183,Thalamus,118.26,94.05,Rattus norvegicus
NEUR_5013,Thalamus,1.76,23.66,Macaca mulatta
NEUR_8491,Cortex,134.3,38.65,Rattus norvegicus
NEUR_9493,Cerebellum,121.25,69.21,Danio rerio
NEUR_7321,Hypothalamus,46.66,30.21,Danio rerio
NEUR_6948,Striatum,66.49,119.37,Danio rerio
NEUR_7877,Hypothalamus,29.72,107.42,Macaca mulatta
NEUR_2148,Hypothalamus,51.64,53.27,Mus musculus
NEUR_5494,Amygdala,84.8,114.89,Rattus norvegicus
NEUR_8080,Amygdala,145.74,78.74,Danio rerio
NEUR_9505,Hypothalamus,109.77,20.36,Mus musculus
NEUR_1681,Cortex,14.44,47.13,Macaca mulatta
NEUR_9477,Amygdala,23.53,13.1,Rattus norvegicus
NEUR_1878,Striatum,34.16,55.18,Mus musculus
NEUR_1452,Cerebellum,57.02,70.49,Rattus norvegicus
NEUR_8769,Hippocampus,122.28,86.4,Mus musculus
NEUR_3060,Thalamus,140.11,92.72,Mus musculus
NEUR_1700,Cortex,10.59,96.03,Mus musculus
NEUR_7391,Thalamus,10.75,59.46,Rattus norvegicus
NEUR_4158,Cortex,5.73,110.31,Macaca mulatta
NEUR_7023,Thalamus,111.22,50.12,Rattus norvegicus
NEUR_7949,Amygdala,49.67,110.91,Danio rerio
NEUR_6830,Hypothalamus,100.45,72.08,Rattus norvegicus
NEUR_9459,Hippocampus,110.76,62.7,Macaca mulatta
NEUR_4400,Striatum,93.43,59.57,Mus musculus
NEUR_8754,Cerebellum,11.08,102.92,Rattus norvegicus
NEUR_4048,Cortex,63.69,26.64,Danio rerio
NEUR_4454,Hypothalamus,54.24,55.26,Rattus norvegicus
NEUR_1029,Hypothalamus,86.18,73.03,Macaca mulatta
NEUR_3796,Thalamus,96.98,83.13,Danio rerio
NEUR_1914,Thalamus,62.83,52.27,Danio rerio
NEUR_8998,Cerebellum,124.45,23.12,Macaca mulatta
NEUR_7723,Hippocampus,133.23,41.34,Macaca mulatta
NEUR_6627,Hippocampus,138.23,83.93,Danio rerio
NEUR_8829,Cortex,138.29,50.41,Danio rerio
NEUR_5483,Hippocampus,53.04,23.99,Mus musculus
NEUR_7010,Hippocampus,84.27,53.42,Rattus norvegicus
NEUR_5690,Thalamus,91.15,89.34,Macaca mulatta
NEUR_4203,Striatum,20.15,109.14,Mus musculus
NEUR_1514,Striatum,28.56,91.43,Rattus norvegicus
NEUR_9028,Striatum,30.44,26.48,Macaca mulatta
NEUR_5319,Hippocampus,72.98,43.62,Mus musculus
NEUR_3458,Cortex,134.02,90.2,Macaca mulatta
NEUR_5792,Striatum,83.21,72.83,Macaca mulatta
NEUR_4516,Cerebellum,132.3,29.08,Macaca mulatta
NEUR_4231,Hypothalamus,64.1,57.14,Danio rerio
NEUR_5121,Amygdala,30.99,19.06,Rattus norvegicus
NEUR_7507,Hypothalamus,131.45,108.77,Danio rerio
NEUR_7918,Striatum,113.57,98.77,Danio rerio
NEUR_8017,Amygdala,15.67,44.38,Danio rerio
NEUR_3664,Hypothalamus,120.45,96.89,Macaca mulatta
NEUR_3953,Hippocampus,74.77,13.19,Rattus norvegicus
NEUR_3282,Cortex,33.26,83.72,Macaca mulatta
NEUR_5869,Amygdala,73.23,69.38,Rattus norvegicus
NEUR_3132,Thalamus,84.7,89.4,Rattus norvegicus
NEUR_4685,Hypothalamus,80.5,98.21,Rattus norvegicus
NEUR_8332,Cortex,105.37,93.68,Rattus norvegicus
NEUR_2575,Striatum,140.69,106.02,Danio rerio
NEUR_2743,Hippocampus,149.67,34.71,Mus musculus
NEUR_5208,Striatum,26.7,117.52,Rattus norvegicus
NEUR_5063,Amygdala,76.36,30.63,Rattus norvegicus
NEUR_9309,Hypothalamus,75.95,36.19,Macaca mulatta
NEUR_6773,Amygdala,115.77,101.65,Rattus norvegicus
NEUR_9788,Hippocampus,97.57,114.77,Danio rerio
NEUR_8690,Striatum,105.75,41.48,Macaca mulatta
NEUR_3226,Hypothalamus,67.32,15.83,Rattus norvegicus
NEUR_6155,Hypothalamus,23.31,73.68,Danio rerio
NEUR_8889,Hippocampus,117.98,91.7,Rattus norvegicus
NEUR_6074,Cortex,12.84,106.67,Rattus norvegicus
NEUR_3038,Hippocampus,32.84,52.35,Rattus norvegicus
NEUR_4995,Thalamus,131.99,92.09,Rattus norvegicus
NEUR_4417,Cerebellum,142.38,74.14,Mus musculus
NEUR_3385,Striatum,65.03,65.32,Danio rerio
NEUR_6336,Hypothalamus,45.06,67.0,Rattus norvegicus
NEUR_6868,Striatum,33.15,80.41,Rattus norvegicus
NEUR_8840,Cortex,68.19,90.78,Macaca mulatta
NEUR_7215,Thalamus,45.69,27.1,Rattus norvegicus
NEUR_7900,Thalamus,82.23,98.45,Mus musculus
NEUR_1199,Cerebellum,143.04,106.24,Danio rerio
NEUR_9853,Cerebellum,7.43,85.16,Rattus norvegicus
NEUR_8374,Cerebellum,127.52,56.95,Mus musculus
NEUR_5329,Hippocampus,57.19,76.52,Rattus norvegicus
NEUR_2375,Amygdala,1.34,117.84,Macaca mulatta
NEUR_8200,Hippocampus,78.93,109.21,Danio rerio
NEUR_7007,Cerebellum,107.23,48.61,Macaca mulatta
NEUR_7865,Hypothalamus,96.12,42.13,Danio rerio
NEUR_8667,Hypothalamus,99.47,20.08,Macaca mulatta
NEUR_3559,Cerebellum,11.07,57.21,Mus musculus
NEUR_2256,Cortex,79.77,108.71,Rattus norvegicus
NEUR_4921,Thalamus,114.77,111.84,Danio rerio
NEUR_8424,Striatum,126.34,79.26,Macaca mulatta
NEUR_8617,Thalamus,131.7,38.18,Danio rerio
NEUR_4567,Cerebellum,36.21,20.35,Mus musculus
NEUR_5282,Thalamus,134.16,71.05,Mus musculus
NEUR_9840,Cortex,90.53,104.9,Rattus norvegicus
NEUR_9873,Cerebellum,63.94,105.11,Mus musculus
NEUR_6812,Striatum,2.89,74.89,Macaca mulatta
NEUR_9326,Cerebellum,45.76,37.36,Macaca mulatta
NEUR_9166,Hypothalamus,29.33,117.84,Rattus norvegicus
NEUR_4804,Cortex,72.11,95.48,Danio rerio
NEUR_4655,Amygdala,56.2,98.57,Mus musculus
NEUR_8027,Hippocampus,76.73,59.58,Macaca mulatta
NEUR_5486,Hippocampus,14.56,117.98,Mus musculus
NEUR_6514,Cortex,93.25,16.08,Macaca mulatta
NEUR_6671,Cortex,6.9,59.35,Danio rerio
NEUR_9577,Striatum,144.06,47.14,Mus musculus
NEUR_2528,Cerebellum,49.68,17.64,Mus musculus
NEUR_6023,Amygdala,46.47,29.72,Danio rerio
NEUR_1212,Cerebellum,0.63,49.55,Danio rerio
NEUR_9286,Striatum,3.75,64.53,Mus musculus
NEUR_1941,Cerebellum,5.24,16.46,Danio rerio
NEUR_1332,Cortex,53.18,111.42,Rattus norvegicus
NEUR_5082,Striatum,97.55,99.64,Danio rerio
NEUR_2893,Thalamus,116.6,107.64,Mus musculus
NEUR_4372,Amygdala,23.69,34.7,Rattus norvegicus
NEUR_1678,Hypothalamus,75.94,113.53,Macaca mulatta
NEUR_6779,Amygdala,8.02,51.45,Rattus norvegicus
NEUR_3559,Amygdala,136.08,104.33,Rattus norvegicus
NEUR_8198,Hippocampus,100.44,54.48,Rattus norvegicus
NEUR_8284,Amygdala,48.78,107.88,Danio rerio
NEUR_2042,Cerebellum,93.98,43.72,Rattus norvegicus
NEUR_6803,Hypothalamus,42.04,110.53,Danio rerio
NEUR_7884,Amygdala,91.36,96.6,Mus musculus
NEUR_2612,Amygdala,65.48,17.93,Rattus norvegicus
NEUR_8137,Hypothalamus,17.03,67.5,Mus musculus
NEUR_9796,Amygdala,29.8,102.21,Rattus norvegicus
NEUR_4321,Cortex,13.79,98.02,Rattus norvegicus
NEUR_6056,Hypothalamus,108.61,59.25,Danio rerio
NEUR_1727,Striatum,147.72,70.7,Danio rerio
NEUR_1672,Hippocampus,33.29,36.62,Danio rerio
NEUR_9352,Hippocampus,76.03,101.36,Mus musculus
NEUR_7691,Thalamus,101.4,56.4,Mus musculus
NEUR_3667,Cerebellum,33.13,30.14,Danio rerio
NEUR_7900,Amygdala,27.88,41.11,Mus musculus
NEUR_1040,Hippocampus,73.5,17.38,Danio rerio
NEUR_8650,Hypothalamus,33.63,119.46,Mus musculus
NEUR_1155,Cortex,79.36,44.83,Macaca mulatta
NEUR_4365,Cortex,77.45,53.98,Macaca mulatta
NEUR_2112,Hypothalamus,143.64,29.5,Mus musculus
NEUR_9084,Striatum,69.71,47.33,Macaca mulatta
NEUR_5315,Thalamus,69.75,104.81,Rattus norvegicus
NEUR_2114,Cerebellum,107.08,12.25,Danio rerio
NEUR_1852,Hippocampus,98.52,95.23,Mus musculus
NEUR_6141,Thalamus,11.53,104.38,Rattus norvegicus
NEUR_5160,Amygdala,92.17,87.95,Rattus norvegicus
NEUR_5617,Cerebellum,119.0,20.84,Rattus norvegicus
NEUR_1491,Hypothalamus,99.83,50.9,Rattus norvegicus
NEUR_8701,Cerebellum,27.52,17.89,Danio rerio
NEUR_1414,Thalamus,120.48,34.14,Macaca mulatta
NEUR_5010,Amygdala,37.35,99.32,Macaca mulatta
NEUR_5463,Hypothalamus,147.2,35.1,Macaca mulatta
NEUR_6112,Thalamus,89.34,31.94,Mus musculus
NEUR_8133,Striatum,110.01,34.79,Mus musculus
NEUR_5748,Thalamus,5.41,48.21,Mus musculus
NEUR_4714,Hypothalamus,135.06,25.01,Danio rerio
NEUR_5078,Thalamus,143.8,70.4,Macaca mulatta
NEUR_9382,Amygdala,138.6,107.69,Danio rerio
NEUR_8403,Thalamus,25.48,25.0,Danio rerio
NEUR_4932,Cerebellum,126.92,32.11,Rattus norvegicus
NEUR_1918,Hippocampus,125.46,30.59,Rattus norvegicus
NEUR_6451,Cortex,86.45,37.24,Macaca mulatta
NEUR_7045,Striatum,31.01,76.59,Mus musculus
NEUR_1359,Cortex,86.95,68.16,Rattus norvegicus
NEUR_5749,Cortex,43.3,29.86,Rattus norvegicus
NEUR_4336,Hypothalamus,78.23,49.33,Macaca mulatta
NEUR_8294,Thalamus,9.33,65.48,Macaca mulatta
NEUR_7256,Cortex,110.24,62.86,Rattus norvegicus
NEUR_2140,Thalamus,71.52,37.22,Danio rerio
NEUR_4489,Hippocampus,92.26,90.83,Danio rerio
NEUR_3312,Hypothalamus,52.35,67.22,Macaca mulatta
NEUR_4334,Hypothalamus,4.43,76.04,Macaca mulatta
NEUR_3535,Hippocampus,28.75,19.46,Rattus norvegicus
NEUR_6649,Hypothalamus,89.5,74.24,Mus musculus
NEUR_1348,Cortex,26.92,119.4,Mus musculus
NEUR_1540,Cerebellum,6.34,119.8,Macaca mulatta
NEUR_2756,Amygdala,38.13,105.48,Macaca mulatta
NEUR_7220,Striatum,24.0,102.89,Danio rerio
NEUR_5866,Amygdala,90.36,92.58,Mus musculus
NEUR_9432,Cortex,42.62,67.49,Danio rerio
NEUR_1626,Cerebellum,57.01,73.2,Mus musculus
NEUR_2288,Striatum,18.96,73.21,Danio rerio
NEUR_2460,Cortex,17.87,47.67,Rattus norvegicus
NEUR_1085,Amygdala,87.46,95.62,Macaca mulatta
NEUR_9660,Hypothalamus,29.93,118.55,Mus musculus
NEUR_3193,Striatum,74.5,38.93,Mus musculus
NEUR_4696,Cerebellum,72.65,40.06,Rattus norvegicus
NEUR_6531,Striatum,45.14,14.97,Mus musculus
NEUR_2495,Hypothalamus,110.54,38.03,Mus musculus
NEUR_1401,Thalamus,122.07,91.79,Danio rerio
NEUR_3567,Striatum,79.14,74.43,Mus musculus
NEUR_6852,Thalamus,84.73,12.68,Danio rerio
NEUR_7345,Cortex,13.16,60.77,Danio rerio
NEUR_3602,Hippocampus,21.86,34.15,Mus musculus
NEUR_9138,Cortex,53.12,13.6,Rattus norvegicus
NEUR_7006,Amygdala,40.75,102.53,Rattus norvegicus
NEUR_6963,Striatum,1.72,65.15,Mus musculus
NEUR_3861,Cerebellum,29.19,98.02,Danio rerio
NEUR_5750,Cortex,110.51,24.97,Mus musculus
NEUR_6696,Thalamus,71.65,31.13,Rattus norvegicus
NEUR_6128,Striatum,145.49,49.16,Mus musculus
NEUR_6592,Cortex,47.81,32.72,Macaca mulatta
NEUR_4844,Striatum,15.04,54.52,Danio rerio
NEUR_9566,Hypothalamus,107.71,16.32,Macaca mulatta
NEUR_3989,Cerebellum,63.34,88.78,Danio rerio
NEUR_7203,Hippocampus,1.33,79.52,Mus musculus
NEUR_2245,Amygdala,134.9,112.39,Mus musculus
NEUR_1177,Thalamus,76.84,13.99,Mus musculus
NEUR_4001,Cortex,103.14,46.68,Macaca mulatta
NEUR_6682,Hippocampus,18.69,79.1,Macaca mulatta
NEUR_2761,Striatum,50.29,60.29,Rattus norvegicus
NEUR_7492,Cortex,96.47,61.31,Rattus norvegicus
NEUR_1334,Amygdala,50.44,82.28,Rattus norvegicus
NEUR_2113,Amygdala,106.29,117.4,Mus musculus
NEUR_3731,Hypothalamus,107.18,70.5,Mus musculus
NEUR_8905,Hippocampus,79.2,102.38,Macaca mulatta
NEUR_4538,Amygdala,65.97,24.22,Rattus norvegicus
NEUR_3587,Thalamus,15.54,111.14,Danio rerio
NEUR_4865,Thalamus,19.35,102.76,Mus musculus
NEUR_6463,Cortex,9.09,43.82,Danio rerio
NEUR_6701,Hypothalamus,35.88,62.45,Mus musculus
NEUR_5647,Hypothalamus,28.04,28.86,Mus musculus
NEUR_3783,Hippocampus,70.3,66.92,Rattus norvegicus
NEUR_1585,Striatum,26.94,115.15,Macaca mulatta
NEUR_9707,Striatum,50.91,111.89,Rattus norvegicus
NEUR_1482,Cortex,90.01,85.03,Danio rerio
NEUR_8686,Thalamus,13.01,112.1,Danio rerio
NEUR_7617,Cerebellum,38.31,89.71,Rattus norvegicus
NEUR_6078,Thalamus,91.94,95.76,Danio rerio
NEUR_5690,Amygdala,0.73,95.38,Rattus norvegicus
NEUR_6536,Cortex,122.54,74.03,Macaca mulatta
NEUR_9415,Thalamus,139.54,116.44,Mus musculus
NEUR_2137,Cortex,14.36,100.15,Macaca mulatta
NEUR_4845,Striatum,92.68,102.22,Mus musculus
NEUR_5927,Amygdala,147.63,33.41,Mus musculus
NEUR_5749,Cerebellum,87.94,81.46,Rattus norvegicus
NEUR_7117,Cortex,14.66,23.28,Rattus norvegicus
NEUR_9681,Thalamus,113.62,70.51,Rattus norvegicus
NEUR_5986,Cortex,140.25,73.94,Macaca mulatta
NEUR_8198,Thalamus,109.03,90.16,Mus musculus
NEUR_7325,Amygdala,8.75,93.33,Mus musculus
NEUR_3476,Amygdala,37.08,51.04,Rattus norvegicus
NEUR_9756,Hippocampus,24.85,108.45,Macaca mulatta
NEUR_8765,Amygdala,12.9,74.93,Danio rerio
NEUR_8307,Hippocampus,132.86,47.67,Rattus norvegicus
NEUR_2991,Cerebellum,53.46,115.67,Macaca mulatta
NEUR_1858,Striatum,119.19,42.46,Danio rerio
NEUR_9149,Thalamus,4.5,100.89,Macaca mulatta
NEUR_7076,Amygdala,18.71,109.47,Macaca mulatta
NEUR_4060,Thalamus,44.53,46.25,Danio rerio
NEUR_1297,Striatum,6.36,65.08,Macaca mulatta
NEUR_6590,Cortex,65.76,70.72,Danio rerio
NEUR_6523,Striatum,92.31,103.1,Rattus norvegicus
NEUR_5617,Hippocampus,104.01,87.45,Mus musculus
NEUR_1520,Hippocampus,18.02,39.3,Danio rerio
NEUR_7138,Amygdala,39.23,100.14,Rattus norvegicus
NEUR_8128,Cerebellum,105.5,36.31,Rattus norvegicus
NEUR_3820,Amygdala,45.86,28.38,Mus musculus
NEUR_5332,Striatum,119.46,91.25,Danio rerio
NEUR_7719,Hypothalamus,6.64,61.14,Mus musculus
NEUR_3172,Hypothalamus,95.36,17.29,Macaca mulatta
NEUR_6363,Amygdala,14.64,75.87,Mus musculus
NEUR_5598,Thalamus,93.18,52.99,Mus musculus
NEUR_7876,Hippocampus,23.29,83.28,Danio rerio
NEUR_6632,Thalamus,136.07,89.95,Danio rerio
NEUR_5981,Striatum,130.33,25.31,Mus musculus
NEUR_2188,Cortex,0.68,97.36,Rattus norvegicus
NEUR_9818,Amygdala,71.89,41.38,Macaca mulatta
NEUR_9532,Cerebellum,13.65,65.1,Macaca mulatta
NEUR_6156,Cortex,4.21,20.94,Macaca mulatta
NEUR_9239,Cortex,91.59,81.83,Rattus norvegicus
NEUR_4420,Amygdala,34.48,74.22,Macaca mulatta
NEUR_4410,Hippocampus,108.18,19.69,Mus musculus
NEUR_6143,Cortex,101.87,110.07,Macaca mulatta
NEUR_6832,Thalamus,103.79,27.97,Danio rerio
NEUR_2529,Striatum,7.13,75.88,Rattus norvegicus
NEUR_6341,Cortex,53.33,75.73,Danio rerio
NEUR_5664,Hippocampus,60.81,36.65,Danio rerio
NEUR_5971,Cortex,31.18,53.55,Macaca mulatta
NEUR_4724,Thalamus,129.96,90.75,Danio rerio
NEUR_4596,Hypothalamus,87.53,17.25,Rattus norvegicus
NEUR_7873,Amygdala,98.45,106.73,Macaca mulatta
NEUR_1565,Hippocampus,70.25,37.23,Macaca mulatta
NEUR_3304,Cerebellum,21.13,30.3,Mus musculus
NEUR_3379,Hippocampus,39.12,95.68,Rattus norvegicus
NEUR_8100,Cortex,112.42,36.68,Macaca mulatta
NEUR_1752,Striatum,92.42,68.33,Mus musculus
NEUR_3814,Hippocampus,29.9,77.88,Danio rerio
NEUR_8156,Hippocampus,45.41,89.91,Macaca mulatta
NEUR_6064,Hypothalamus,56.15,94.52,Macaca mulatta
NEUR_3581,Striatum,35.02,102.24,Macaca mulatta
NEUR_1954,Cortex,147.72,88.61,Mus musculus
NEUR_4442,Striatum,40.47,84.06,Mus musculus
NEUR_6430,Cerebellum,114.91,57.1,Mus musculus
NEUR_4028,Striatum,141.52,38.36,Mus musculus
NEUR_7517,Cortex,103.28,117.96,Mus musculus
NEUR_5976,Cerebellum,128.49,96.19,Danio rerio
NEUR_6484,Striatum,1.33,70.92,Rattus norvegicus
NEUR_5565,Amygdala,31.86,103.75,Danio rerio
NEUR_5803,Amygdala,86.56,103.62,Rattus norvegicus
NEUR_9039,Amygdala,59.15,75.27,Danio rerio
NEUR_1401,Thalamus,122.35,42.77,Macaca mulatta
NEUR_5215,Thalamus,15.8,98.56,Mus musculus
NEUR_1194,Cerebellum,60.34,111.48,Macaca mulatta
NEUR_4011,Cortex,22.24,29.04,Rattus norvegicus
NEUR_9149,Amygdala,97.61,18.38,Danio rerio
NEUR_1177,Cortex,19.61,52.84,Rattus norvegicus
NEUR_4568,Amygdala,58.14,105.71,Macaca mulatta
NEUR_2866,Amygdala,149.65,104.67,Macaca mulatta
NEUR_3495,Amygdala,132.2,100.4,Macaca mulatta
NEUR_3006,Hypothalamus,77.11,108.3,Macaca mulatta
NEUR_7167,Cortex,110.86,80.86,Rattus norvegicus
NEUR_2752,Hypothalamus,90.2,62.31,Danio rerio
NEUR_3547,Amygdala,95.87,52.76,Macaca mulatta
NEUR_5374,Cortex,46.13,24.04,Danio rerio
NEUR_2210,Striatum,38.89,89.3,Rattus norvegicus
NEUR_1102,Cortex,35.31,111.21,Macaca mulatta
NEUR_9662,Cortex,11.47,45.82,Rattus norvegicus
NEUR_9235,Thalamus,38.23,17.32,Macaca mulatta
NEUR_2676,Amygdala,88.25,27.25,Mus musculus
NEUR_3030,Hippocampus,65.59,109.58,Rattus norvegicus
NEUR_5779,Amygdala,46.3,49.3,Danio rerio
NEUR_4216,Hippocampus,82.39,84.86,Danio rerio
NEUR_8849,Hippocampus,2.34,102.48,Danio rerio
NEUR_2350,Cerebellum,68.04,46.37,Danio rerio
NEUR_1633,Cerebellum,84.28,39.47,Rattus norvegicus
NEUR_9873,Hypothalamus,54.18,14.31,Rattus norvegicus
NEUR_5890,Hypothalamus,42.71,89.15,Mus musculus
NEUR_6881,Cortex,143.53,60.04,Danio rerio
NEUR_1492,Striatum,42.68,90.01,Rattus norvegicus
NEUR_4281,Striatum,134.15,106.13,Rattus norvegicus
NEUR_9954,Hypothalamus,148.02,50.68,Mus musculus
NEUR_7822,Amygdala,26.36,10.29,Mus musculus
NEUR_4860,Thalamus,121.86,63.81,Macaca mulatta
NEUR_3621,Cortex,68.31,33.89,Mus musculus
NEUR_3505,Hippocampus,63.49,81.46,Mus musculus
NEUR_9396,Hippocampus,97.77,114.36,Macaca mulatta
NEUR_1768,Hypothalamus,3.73,46.81,Danio rerio
NEUR_5866,Hypothalamus,95.12,102.27,Danio rerio
NEUR_6654,Striatum,29.55,37.86,Macaca mulatta
NEUR_1890,Amygdala,50.48,74.16,Mus musculus
NEUR_3416,Hippocampus,142.26,115.95,Rattus norvegicus
NEUR_6741,Cerebellum,36.41,103.19,Danio rerio
NEUR_7425,Hippocampus,79.88,53.25,Rattus norvegicus
NEUR_7654,Thalamus,149.71,13.1,Macaca mulatta
NEUR_3716,Amygdala,85.1,91.6,Danio rerio
NEUR_1477,Hippocampus,10.83,86.48,Danio rerio
NEUR_9179,Cerebellum,44.54,82.41,Danio rerio
NEUR_2871,Cerebellum,120.38,61.17,Mus musculus
NEUR_4718,Hippocampus,15.78,105.04,Rattus norvegicus
NEUR_8557,Cerebellum,27.09,59.94,Rattus norvegicus
NEUR_2361,Thalamus,9.36,79.39,Macaca mulatta
NEUR_4680,Amygdala,128.23,73.45,Rattus norvegicus
NEUR_9520,Hypothalamus,25.17,38.2,Macaca mulatta
NEUR_5908,Cerebellum,118.82,33.69,Mus musculus
NEUR_6748,Thalamus,37.9,32.29,Mus musculus
NEUR_8896,Hippocampus,18.06,99.87,Danio rerio
NEUR_5775,Thalamus,148.19,49.69,Rattus norvegicus
NEUR_4076,Hypothalamus,35.26,88.13,Rattus norvegicus
NEUR_1646,Cerebellum,11.35,59.0,Danio rerio
NEUR_8285,Cortex,124.89,27.47,Danio rerio
NEUR_3591,Cortex,93.0,98.83,Mus musculus
NEUR_9763,Amygdala,48.39,42.96,Rattus norvegicus
NEUR_9529,Thalamus,127.59,31.95,Macaca mulatta
NEUR_8374,Amygdala,24.12,88.8,Mus musculus
NEUR_9155,Thalamus,6.86,104.77,Mus musculus
NEUR_5108,Cerebellum,82.71,106.25,Macaca mulatta
NEUR_2563,Striatum,31.04,113.23,Mus musculus
NEUR_5600,Cerebellum,108.51,116.36,Danio rerio
NEUR_3674,Hippocampus,13.01,19.27,Mus musculus
NEUR_7626,Hypothalamus,47.19,48.82,Danio rerio
NEUR_3041,Cortex,108.03,47.29,Rattus norvegicus
NEUR_7934,Hypothalamus,21.83,111.87,Rattus norvegicus
NEUR_9715,Thalamus,27.36,23.39,Mus musculus
NEUR_5308,Cortex,82.82,101.92,Mus musculus
NEUR_9391,Cerebellum,133.75,33.33,Macaca mulatta
NEUR_1402,Hippocampus,147.36,68.55,Macaca mulatta
NEUR_3099,Striatum,122.09,50.08,Macaca mulatta
NEUR_4889,Hypothalamus,57.75,50.92,Danio rerio
NEUR_5660,Hippocampus,130.6,55.0,Mus musculus
NEUR_8016,Thalamus,68.7,37.13,Macaca mulatta
NEUR_9739,Thalamus,113.9,60.13,Macaca mulatta
NEUR_2531,Striatum,22.67,102.18,Macaca mulatta
NEUR_4239,Thalamus,114.09,107.03,Rattus norvegicus
NEUR_3143,Cortex,90.17,42.26,Danio rerio
NEUR_9773,Thalamus,109.58,79.9,Rattus norvegicus
NEUR_7699,Thalamus,63.43,53.01,Danio rerio
NEUR_9365,Amygdala,134.16,109.95,Rattus norvegicus
NEUR_7372,Striatum,15.26,21.44,Mus musculus
NEUR_4044,Amygdala,52.59,25.81,Rattus norvegicus
NEUR_2329,Amygdala,54.43,29.28,Mus musculus
NEUR_1640,Thalamus,91.83,74.34,Macaca mulatta
NEUR_8536,Amygdala,134.57,13.68,Danio rerio
NEUR_8279,Cortex,103.53,117.65,Rattus norvegicus
NEUR_4071,Hypothalamus,30.37,11.65,Danio rerio
NEUR_1881,Striatum,53.53,91.12,Mus musculus
NEUR_6817,Striatum,107.56,70.32,Mus musculus
NEUR_7901,Cerebellum,149.98,30.65,Mus musculus
NEUR_7308,Hypothalamus,85.64,56.68,Rattus norvegicus
NEUR_2415,Thalamus,32.53,78.63,Danio rerio
NEUR_6002,Striatum,0.78,23.42,Rattus norvegicus
NEUR_7130,Striatum,12.26,119.32,Rattus norvegicus
NEUR_3519,Hippocampus,26.85,84.76,Mus musculus
NEUR_1181,Hypothalamus,39.15,66.11,Mus musculus
NEUR_4977,Hypothalamus,0.59,116.49,Macaca mulatta
NEUR_8847,Hippocampus,34.39,76.85,Macaca mulatta
NEUR_7879,Amygdala,88.15,60.2,Rattus norvegicus
NEUR_8012,Hypothalamus,111.54,37.29,Rattus norvegicus
NEUR_5227,Cerebellum,52.19,46.92,Rattus norvegicus
NEUR_1451,Cerebellum,63.18,43.9,Mus musculus
NEUR_6128,Thalamus,24.92,106.22,Mus musculus
NEUR_1843,Hypothalamus,61.79,82.18,Macaca mulatta
NEUR_9540,Amygdala,46.83,40.77,Macaca mulatta
NEUR_4519,Striatum,131.89,37.45,Macaca mulatta
NEUR_7559,Thalamus,93.31,74.99,Mus musculus
NEUR_6252,Hypothalamus,96.29,41.65,Macaca mulatta
NEUR_3698,Amygdala,68.34,34.63,Mus musculus
NEUR_4690,Striatum,57.07,31.97,Mus musculus
NEUR_3469,Cerebellum,104.79,55.29,Mus musculus
NEUR_4190,Thalamus,55.17,27.16,Danio rerio
NEUR_3789,Hypothalamus,49.04,71.61,Danio rerio
NEUR_7935,Hippocampus,146.87,16.31,Macaca mulatta
NEUR_8358,Hypothalamus,131.94,12.17,Danio rerio
NEUR_1172,Cortex,112.04,75.21,Danio rerio
NEUR_9440,Amygdala,45.37,63.54,Mus musculus
NEUR_2263,Hypothalamus,54.7,100.44,Danio rerio
NEUR_3247,Thalamus,2.7,72.34,Danio rerio
NEUR_8277,Hippocampus,42.46,94.6,Macaca mulatta
NEUR_9367,Hippocampus,18.1,32.81,Macaca mulatta
NEUR_8687,Amygdala,19.86,99.26,Mus musculus
NEUR_3591,Cortex,129.3,115.02,Rattus norvegicus
NEUR_5915,Cerebellum,64.24,110.77,Rattus norvegicus
NEUR_8714,Cortex,143.87,51.93,Mus musculus
NEUR_5366,Thalamus,23.14,70.12,Mus musculus
NEUR_3127,Thalamus,51.79,100.17,Danio rerio
NEUR_7580,Thalamus,93.55,55.83,Rattus norvegicus
NEUR_4910,Hippocampus,149.93,25.65,Danio rerio
NEUR_5931,Cerebellum,126.25,27.9,Danio rerio
NEUR_8721,Cortex,107.78,86.89,Mus musculus
NEUR_4608,Amygdala,59.28,10.66,Danio rerio
NEUR_5145,Cortex,124.17,94.1,Rattus norvegicus
NEUR_8543,Thalamus,101.06,62.58,Danio rerio
NEUR_2108,Striatum,27.66,50.24,Macaca mulatta
NEUR_2688,Amygdala,100.69,63.63,Rattus norvegicus
NEUR_6176,Hypothalamus,63.46,10.38,Mus musculus
NEUR_7929,Cerebellum,139.81,82.75,Danio rerio
NEUR_9783,Cerebellum,28.21,16.09,Rattus norvegicus
NEUR_9394,Thalamus,5.93,85.04,Danio rerio
NEUR_8955,Striatum,42.23,74.97,Rattus norvegicus
NEUR_2525,Cortex,10.61,112.13,Danio rerio
NEUR_7752,Amygdala,112.96,96.12,Macaca mulatta
NEUR_6203,Cerebellum,5.22,57.16,Mus musculus
NEUR_3476,Hippocampus,125.1,20.11,Danio rerio
NEUR_5505,Hypothalamus,4.53,25.52,Mus musculus
NEUR_2797,Hippocampus,52.62,14.49,Macaca mulatta
NEUR_9254,Striatum,82.51,57.57,Macaca mulatta
NEUR_1645,Striatum,52.33,103.84,Rattus norvegicus
NEUR_1680,Striatum,136.51,85.58,Rattus norvegicus
NEUR_3649,Cerebellum,110.99,86.65,Macaca mulatta
NEUR_5253,Cerebellum,81.8,72.41,Mus musculus
NEUR_8659,Hypothalamus,93.44,60.56,Danio rerio
NEUR_9584,Hippocampus,86.03,17.12,Danio rerio
NEUR_7648,Hippocampus,105.55,43.03,Rattus norvegicus
NEUR_4434,Cortex,49.31,43.48,Macaca mulatta
NEUR_8253,Hippocampus,67.94,78.88,Macaca mulatta
NEUR_3558,Hippocampus,87.97,108.46,Danio rerio
NEUR_8482,Cerebellum,122.52,66.54,Danio rerio
NEUR_5096,Cortex,59.13,91.72,Rattus norvegicus
NEUR_5296,Hippocampus,124.93,15.11,Rattus norvegicus
NEUR_9937,Striatum,11.52,94.32,Macaca mulatta
NEUR_3422,Thalamus,126.44,31.9,Macaca mulatta
NEUR_1503,Hypothalamus,95.22,66.08,Rattus norvegicus
NEUR_4073,Striatum,74.38,95.16,Macaca mulatta
NEUR_5194,Hypothalamus,8.07,47.07,Macaca mulatta
NEUR_1740,Cortex,22.61,35.61,Rattus norvegicus
NEUR_7114,Striatum,94.77,78.54,Rattus norvegicus
NEUR_7704,Cerebellum,49.93,40.61,Rattus norvegicus
NEUR_1362,Thalamus,28.27,59.87,Mus musculus
NEUR_8929,Hypothalamus,40.46,66.07,Rattus norvegicus
NEUR_2430,Striatum,27.89,98.8,Mus musculus
NEUR_4020,Hippocampus,85.39,96.45,Rattus norvegicus
NEUR_1439,Cerebellum,135.27,78.62,Macaca mulatta
NEUR_3744,Cerebellum,80.13,45.39,Mus musculus
NEUR_7268,Striatum,127.27,84.17,Macaca mulatta
NEUR_5449,Amygdala,49.99,66.39,Rattus norvegicus
NEUR_1613,Cortex,144.3,48.49,Mus musculus
NEUR_2108,Cerebellum,81.34,51.63,Rattus norvegicus
NEUR_9219,Striatum,115.04,14.23,Macaca mulatta
NEUR_6671,Amygdala,103.19,75.25,Danio rerio
NEUR_9562,Thalamus,24.22,101.52,Macaca mulatta
NEUR_2319,Cerebellum,106.29,100.11,Macaca mulatta
NEUR_7168,Cortex,45.02,19.12,Rattus norvegicus
NEUR_6320,Hypothalamus,51.17,97.4,Mus musculus
NEUR_2302,Hippocampus,72.57,44.06,Macaca mulatta
NEUR_8210,Hypothalamus,141.86,43.51,Rattus norvegicus
NEUR_4737,Cerebellum,138.98,107.77,Rattus norvegicus
NEUR_7160,Thalamus,136.06,119.36,Rattus norvegicus
NEUR_9607,Striatum,127.32,42.09,Rattus norvegicus
NEUR_3496,Amygdala,57.07,50.83,Mus musculus
NEUR_8141,Hippocampus,106.48,25.35,Macaca mulatta
NEUR_1175,Hypothalamus,133.95,119.01,Mus musculus
NEUR_1787,Amygdala,14.63,77.48,Mus musculus
NEUR_3349,Hippocampus,119.61,119.29,Danio rerio
NEUR_5655,Cortex,130.95,63.04,Mus musculus
NEUR_5943,Striatum,6.15,102.79,Mus musculus
NEUR_7867,Hypothalamus,86.38,35.07,Danio rerio
NEUR_9716,Amygdala,49.96,11.01,Macaca mulatta
NEUR_4663,Hippocampus,128.18,20.81,Mus musculus
NEUR_9206,Striatum,25.69,85.84,Macaca mulatta
NEUR_3778,Amygdala,71.85,43.31,Danio rerio
NEUR_2574,Hypothalamus,126.78,24.76,Mus musculus
NEUR_3081,Cortex,148.05,45.43,Danio rerio
NEUR_8105,Hippocampus,80.19,85.53,Rattus norvegicus
NEUR_9370,Amygdala,101.81,71.56,Rattus norvegicus
NEUR_6694,Cortex,112.15,63.75,Mus musculus
NEUR_3404,Amygdala,140.57,99.27,Mus musculus
NEUR_9031,Amygdala,52.81,68.52,Danio rerio
NEUR_8508,Cortex,140.72,115.06,Danio rerio
NEUR_2121,Amygdala,67.56,44.87,Mus musculus
NEUR_6992,Cortex,72.14,44.79,Rattus norvegicus
NEUR_5764,Thalamus,24.16,23.41,Mus musculus
NEUR_1117,Cerebellum,36.33,69.45,Rattus norvegicus
NEUR_5591,Cortex,12.0,67.79,Macaca mulatta
NEUR_3675,Amygdala,91.34,87.56,Mus musculus
NEUR_9641,Hippocampus,21.21,48.41,Danio rerio
NEUR_6768,Cerebellum,105.37,86.24,Mus musculus
NEUR_6123,Cerebellum,107.64,97.24,Danio rerio
NEUR_9891,Hippocampus,71.36,97.83,Macaca mulatta
NEUR_9813,Hypothalamus,93.12,24.61,Macaca mulatta
NEUR_1171,Hypothalamus,116.64,40.69,Danio rerio
NEUR_4300,Amygdala,20.56,22.47,Mus musculus
NEUR_4660,Thalamus,53.51,32.38,Danio rerio
NEUR_4009,Hypothalamus,123.85,85.83,Rattus norvegicus
NEUR_1708,Thalamus,81.73,61.87,Macaca mulatta
NEUR_8826,Cortex,82.95,41.43,Rattus norvegicus
NEUR_8722,Hippocampus,85.73,26.37,Danio rerio
NEUR_9457,Cerebellum,12.63,32.62,Rattus norvegicus
NEUR_4645,Cortex,78.37,44.03,Mus musculus
NEUR_1661,Amygdala,53.1,27.12,Danio rerio
NEUR_6136,Amygdala,15.57,68.65,Rattus norvegicus
NEUR_9645,Hippocampus,131.11,119.11,Macaca mulatta
NEUR_8917,Hypothalamus,106.79,18.66,Macaca mulatta
NEUR_1315,Cortex,47.39,95.1,Danio rerio
NEUR_3193,Hippocampus,139.75,90.08,Macaca mulatta
NEUR_3207,Cortex,50.16,108.98,Danio rerio
NEUR_1512,Thalamus,32.24,50.09,Mus musculus
NEUR_5749,Cortex,47.21,77.94,Rattus norvegicus
NEUR_1047,Cerebellum,78.47,70.39,Macaca mulatta
NEUR_7375,Hypothalamus,147.66,71.9,Danio rerio
NEUR_5923,Striatum,5.07,66.82,Mus musculus
NEUR_3649,Hippocampus,40.04,34.52,Mus musculus
NEUR_3468,Cortex,97.33,60.69,Macaca mulatta
NEUR_2001,Hippocampus,76.1,12.21,Rattus norvegicus
NEUR_8349,Thalamus,48.37,57.66,Mus musculus
NEUR_8687,Striatum,73.2,82.12,Danio rerio
NEUR_8746,Amygdala,77.99,70.95,Macaca mulatta
NEUR_3042,Amygdala,90.24,20.34,Rattus norvegicus
NEUR_3571,Amygdala,95.04,77.71,Mus musculus
NEUR_2092,Cortex,96.7,51.1,Mus musculus
NEUR_3727,Cerebellum,64.75,29.37,Mus musculus
NEUR_2820,Thalamus,5.61,50.04,Mus musculus
NEUR_1197,Cortex,89.57,76.74,Macaca mulatta
NEUR_1060,Hypothalamus,79.54,22.7,Macaca mulatta
NEUR_5264,Amygdala,74.03,85.43,Rattus norvegicus
NEUR_3617,Amygdala,76.42,100.54,Rattus norvegicus
NEUR_1578,Thalamus,117.72,84.56,Rattus norvegicus
NEUR_2274,Cerebellum,95.95,78.26,Danio rerio
NEUR_1809,Cortex,148.96,57.72,Rattus norvegicus
NEUR_7731,Striatum,60.8,115.21,Mus musculus
NEUR_4390,Cerebellum,69.16,25.09,Macaca mulatta
NEUR_1200,Amygdala,8.56,101.34,Danio rerio
NEUR_3343,Hypothalamus,11.35,57.91,Rattus norvegicus
NEUR_5234,Amygdala,66.12,51.48,Mus musculus
NEUR_5409,Amygdala,89.36,72.43,Rattus norvegicus
NEUR_3181,Cerebellum,25.06,39.89,Rattus norvegicus
NEUR_9940,Striatum,4.19,32.48,Danio rerio
NEUR_9689,Hypothalamus,68.99,48.46,Macaca mulatta
NEUR_8130,Amygdala,133.36,39.43,Mus musculus
NEUR_1444,Cerebellum,25.4,55.34,Rattus norvegicus
NEUR_5832,Thalamus,122.57,66.9,Mus musculus
NEUR_4936,Amygdala,21.19,10.39,Macaca mulatta
NEUR_2338,Hippocampus,53.26,84.76,Mus musculus
NEUR_7489,Thalamus,114.85,51.45,Danio rerio
NEUR_3954,Striatum,108.98,40.24,Mus musculus
NEUR_4507,Thalamus,14.61,117.26,Rattus norvegicus
NEUR_9154,Thalamus,69.44,96.64,Mus musculus
NEUR_6572,Hippocampus,4.82,108.91,Danio rerio
NEUR_6623,Thalamus,52.43,86.95,Rattus norvegicus
NEUR_4016,Striatum,126.79,65.1,Mus musculus
NEUR_7378,Cerebellum,129.61,70.02,Mus musculus
NEUR_6450,Cerebellum,146.71,33.5,Rattus norvegicus
NEUR_4287,Cortex,110.39,80.57,Mus musculus
NEUR_6857,Amygdala,27.99,110.66,Rattus norvegicus
NEUR_5169,Hippocampus,132.56,88.99,Mus musculus
NEUR_1350,Striatum,58.86,50.89,Mus musculus
NEUR_2586,Amygdala,108.3,64.33,Mus musculus
NEUR_7572,Thalamus,119.63,108.54,Macaca mulatta
NEUR_7826,Thalamus,16.94,95.2,Mus musculus
NEUR_6012,Thalamus,6.45,77.21,Macaca mulatta
NEUR_7327,Hippocampus,129.76,74.22,Macaca mulatta
NEUR_5058,Cortex,29.41,10.62,Danio rerio
NEUR_4370,Amygdala,36.47,39.07,Mus musculus
NEUR_8100,Striatum,73.23,51.82,Danio rerio
NEUR_2411,Cerebellum,30.43,71.75,Macaca mulatta
NEUR_8697,Thalamus,24.09,104.54,Macaca mulatta
NEUR_9114,Amygdala,36.23,97.0,Mus musculus
NEUR_7947,Hypothalamus,28.45,41.56,Mus musculus
NEUR_8595,Thalamus,100.94,38.21,Rattus norvegicus
NEUR_8906,Cortex,59.48,23.13,Mus musculus
NEUR_1458,Thalamus,22.15,98.97,Macaca mulatta
NEUR_6497,Striatum,139.79,83.27,Macaca mulatta
NEUR_1881,Thalamus,16.04,96.92,Mus musculus
NEUR_1105,Cortex,76.65,57.45,Mus musculus
NEUR_9223,Cortex,117.36,85.18,Rattus norvegicus
NEUR_9254,Striatum,93.97,34.55,Macaca mulatta
NEUR_3693,Cortex,46.67,102.43,Macaca mulatta
NEUR_5960,Hippocampus,12.85,66.96,Rattus norvegicus
NEUR_8050,Cerebellum,57.89,88.51,Danio rerio
NEUR_4850,Striatum,24.23,19.97,Danio rerio
NEUR_7323,Hypothalamus,97.03,36.28,Rattus norvegicus
NEUR_7006,Hippocampus,16.85,98.25,Danio rerio
NEUR_1979,Amygdala,5.45,38.17,Mus musculus
NEUR_6162,Hippocampus,52.65,95.06,Mus musculus
NEUR_7183,Cortex,85.86,46.22,Rattus norvegicus
NEUR_1726,Striatum,46.79,85.74,Mus musculus
NEUR_1780,Striatum,116.53,98.88,Rattus norvegicus
NEUR_5021,Hippocampus,101.31,37.63,Rattus norvegicus
NEUR_6685,Amygdala,58.55,92.76,Macaca mulatta
NEUR_8016,Hypothalamus,142.31,13.84,Mus musculus
NEUR_2805,Hippocampus,109.27,54.99,Rattus norvegicus
NEUR_3707,Thalamus,10.17,14.19,Macaca mulatta
NEUR_7401,Cortex,87.12,84.05,Macaca mulatta
NEUR_2300,Cerebellum,35.95,86.1,Macaca mulatta
NEUR_1250,Striatum,127.25,47.41,Danio rerio
NEUR_9106,Cerebellum,14.04,87.6,Danio rerio
NEUR_8593,Cortex,141.12,55.31,Danio rerio
NEUR_4180,Cortex,127.07,109.08,Mus musculus
NEUR_1498,Hippocampus,14.76,29.07,Macaca mulatta
NEUR_4421,Cortex,96.7,23.33,Rattus norvegicus
NEUR_1268,Cerebellum,133.97,82.37,Rattus norvegicus
NEUR_2364,Hippocampus,148.6,51.31,Mus musculus
NEUR_2783,Cerebellum,90.04,50.15,Rattus norvegicus
NEUR_7399,Cortex,4.84,42.43,Mus musculus
NEUR_2859,Cerebellum,146.65,48.46,Mus musculus
NEUR_6546,Amygdala,140.34,81.79,Macaca mulatta
NEUR_4594,Striatum,137.85,95.31,Macaca mulatta
NEUR_6167,Amygdala,46.85,71.84,Macaca mulatta
NEUR_3613,Striatum,21.47,69.96,Macaca mulatta
NEUR_6662,Striatum,49.15,42.5,Danio rerio
NEUR_9131,Cerebellum,73.94,87.91,Rattus norvegicus
NEUR_4189,Striatum,85.93,65.62,Rattus norvegicus
NEUR_9245,Cortex,110.9,73.23,Mus musculus
NEUR_7389,Cortex,126.98,100.27,Rattus norvegicus
NEUR_7882,Hippocampus,146.55,64.12,Macaca mulatta
NEUR_6817,Amygdala,58.06,13.64,Rattus norvegicus
NEUR_1572,Cerebellum,106.45,118.49,Danio rerio
NEUR_8989,Hypothalamus,87.35,115.22,Rattus norvegicus
NEUR_6512,Thalamus,70.92,28.98,Rattus norvegicus
NEUR_6183,Thalamus,67.83,59.2,Macaca mulatta
NEUR_7799,Hippocampus,44.63,104.19,Macaca mulatta
NEUR_5602,Hypothalamus,59.52,63.46,Danio rerio
NEUR_5610,Hypothalamus,54.83,10.66,Macaca mulatta
NEUR_5439,Cortex,98.93,22.45,Danio rerio
NEUR_7263,Cerebellum,6.67,86.55,Mus musculus
NEUR_3919,Thalamus,0.13,23.3,Macaca mulatta
NEUR_1136,Cortex,112.12,10.79,Macaca mulatta
NEUR_4518,Hypothalamus,74.59,101.79,Rattus norvegicus
NEUR_3186,Cortex,32.4,12.31,Rattus norvegicus
NEUR_2738,Striatum,46.9,42.45,Mus musculus
NEUR_9815,Thalamus,45.49,57.4,Mus musculus
NEUR_2076,Amygdala,45.72,64.99,Macaca mulatta
NEUR_6528,Amygdala,19.99,12.96,Danio rerio
NEUR_8974,Cerebellum,129.45,48.77,Rattus norvegicus
NEUR_4149,Hippocampus,66.25,68.87,Macaca mulatta
NEUR_6249,Striatum,24.8,13.08,Rattus norvegicus
NEUR_9786,Cortex,100.92,16.01,Macaca mulatta
NEUR_8055,Hippocampus,46.06,63.26,Macaca mulatta
NEUR_7881,Cerebellum,29.22,29.59,Macaca mulatta
NEUR_9311,Cortex,54.39,30.56,Danio rerio
NEUR_5883,Striatum,12.75,81.26,Macaca mulatta
NEUR_5391,Hypothalamus,43.04,75.44,Danio rerio
NEUR_5848,Hypothalamus,27.92,23.0,Macaca mulatta
NEUR_8596,Cerebellum,50.97,83.26,Danio rerio
NEUR_9956,Cortex,36.21,87.31,Danio rerio
NEUR_4161,Striatum,142.25,94.0,Danio rerio
NEUR_3257,Amygdala,36.77,79.64,Rattus norvegicus
NEUR_6926,Amygdala,102.57,70.94,Mus musculus
NEUR_4328,Hypothalamus,83.63,99.81,Danio rerio
NEUR_7136,Amygdala,26.98,88.34,Rattus norvegicus
NEUR_5708,Striatum,105.99,108.6,Rattus norvegicus
NEUR_5900,Cortex,86.42,112.46,Danio rerio
NEUR_5523,Hippocampus,3.93,13.59,Rattus norvegicus
NEUR_5168,Amygdala,41.51,64.27,Mus musculus
NEUR_7706,Cerebellum,12.9,15.59,Rattus norvegicus
NEUR_3427,Amygdala,7.74,46.24,Danio rerio
NEUR_8683,Amygdala,142.75,51.79,Macaca mulatta
NEUR_7043,Amygdala,55.16,31.54,Rattus norvegicus
NEUR_4743,Hippocampus,49.5,103.78,Macaca mulatta
NEUR_3969,Striatum,124.04,91.23,Rattus norvegicus
NEUR_2173,Hippocampus,82.97,60.39,Rattus norvegicus
NEUR_8423,Striatum,142.82,14.26,Danio rerio
NEUR_5892,Hippocampus,73.04,10.3,Rattus norvegicus
NEUR_7559,Amygdala,115.56,108.72,Rattus norvegicus
NEUR_4897,Hippocampus,6.09,32.11,Danio rerio
NEUR_6497,Thalamus,25.61,34.72,Mus musculus
NEUR_6251,Hypothalamus,121.57,65.37,Macaca mulatta
NEUR_5661,Thalamus,90.47,49.24,Rattus norvegicus
NEUR_1225,Amygdala,76.53,30.24,Macaca mulatta
NEUR_6492,Amygdala,38.23,108.73,Mus musculus
NEUR_4293,Cerebellum,73.9,26.23,Rattus norvegicus
NEUR_3831,Hypothalamus,12.39,30.69,Danio rerio
NEUR_8622,Striatum,49.42,81.42,Rattus norvegicus
NEUR_9650,Cerebellum,146.74,104.31,Macaca mulatta
NEUR_6940,Striatum,40.4,117.96,Rattus norvegicus
NEUR_8816,Hippocampus,146.6,76.11,Mus musculus
NEUR_5788,Hypothalamus,146.18,108.61,Macaca mulatta
NEUR_4011,Cerebellum,24.2,107.49,Macaca mulatta
NEUR_7337,Thalamus,24.21,49.05,Macaca mulatta
NEUR_3407,Cerebellum,12.88,31.83,Mus musculus
NEUR_9767,Hippocampus,27.62,113.86,Mus musculus
NEUR_2328,Thalamus,118.23,118.52,Macaca mulatta
NEUR_8186,Cortex,138.88,49.9,Macaca mulatta
NEUR_4177,Cerebellum,98.23,102.8,Danio rerio
NEUR_4114,Hypothalamus,6.7,72.22,Rattus norvegicus
NEUR_3964,Striatum,135.3,59.55,Rattus norvegicus
NEUR_7112,Hypothalamus,60.09,10.2,Rattus norvegicus
NEUR_9076,Thalamus,31.26,19.04,Macaca mulatta
NEUR_1669,Hypothalamus,5.01,28.68,Rattus norvegicus
NEUR_9657,Cortex,33.98,32.61,Danio rerio
NEUR_1957,Amygdala,88.19,107.96,Macaca mulatta
NEUR_4549,Cerebellum,88.83,67.0,Macaca mulatta
NEUR_4846,Cortex,73.07,55.61,Macaca mulatta
NEUR_4490,Thalamus,24.47,39.63,Mus musculus
NEUR_2230,Hypothalamus,134.06,27.19,Danio rerio
NEUR_2548,Thalamus,83.09,25.74,Danio rerio
NEUR_8309,Thalamus,114.25,104.12,Rattus norvegicus
NEUR_6428,Amygdala,116.86,63.44,Danio rerio
NEUR_9682,Cortex,146.05,117.68,Mus musculus
NEUR_3408,Hippocampus,71.73,75.3,Macaca mulatta
NEUR_4486,Amygdala,137.59,105.09,Danio rerio
NEUR_2374,Striatum,34.22,118.82,Rattus norvegicus
NEUR_5522,Amygdala,63.36,105.05,Macaca mulatta
NEUR_7077,Amygdala,4.01,20.49,Mus musculus
NEUR_7151,Amygdala,13.96,74.52,Mus musculus
NEUR_9476,Cortex,23.8,110.61,Mus musculus
NEUR_6514,Amygdala,117.99,84.03,Mus musculus
NEUR_1914,Thalamus,108.33,13.66,Rattus norvegicus
NEUR_7507,Cerebellum,35.61,74.76,Macaca mulatta
NEUR_6220,Amygdala,60.97,41.75,Macaca mulatta
NEUR_5082,Thalamus,21.64,114.87,Mus musculus
NEUR_3863,Hypothalamus,80.37,34.31,Macaca mulatta
NEUR_8374,Hypothalamus,62.92,55.72,Rattus norvegicus
NEUR_3377,Cerebellum,54.85,65.42,Rattus norvegicus
NEUR_5117,Cerebellum,7.29,66.59,Danio rerio
NEUR_8913,Hypothalamus,28.9,14.84,Danio rerio
NEUR_6809,Cerebellum,101.22,110.73,Danio rerio
NEUR_7316,Hippocampus,135.69,94.44,Rattus norvegicus
NEUR_5502,Cerebellum,22.93,39.94,Mus musculus
NEUR_6019,Amygdala,17.82,28.36,Danio rerio
NEUR_3169,Cerebellum,54.6,100.9,Rattus norvegicus
NEUR_8399,Hypothalamus,69.67,66.93,Mus musculus
NEUR_6343,Amygdala,99.61,79.54,Danio rerio
NEUR_8186,Thalamus,56.72,38.37,Mus musculus
NEUR_4742,Cerebellum,54.95,105.83,Macaca mulatta
NEUR_2113,Thalamus,12.93,92.19,Macaca mulatta
NEUR_5390,Hippocampus,101.43,76.09,Rattus norvegicus
NEUR_7933,Hippocampus,59.55,80.9,Mus musculus
NEUR_4758,Amygdala,77.46,75.04,Mus musculus
NEUR_9348,Amygdala,52.47,58.22,Mus musculus
NEUR_2275,Striatum,10.04,41.98,Rattus norvegicus
NEUR_4170,Hippocampus,117.3,25.5,Mus musculus
NEUR_5447,Thalamus,90.11,12.59,Danio rerio
NEUR_9286,Cerebellum,14.91,74.05,Rattus norvegicus
NEUR_9523,Thalamus,11.27,98.87,Macaca mulatta
NEUR_6268,Thalamus,113.75,65.0,Mus musculus
NEUR_7572,Thalamus,26.54,108.05,Macaca mulatta
NEUR_6227,Cortex,76.29,30.25,Rattus norvegicus
NEUR_2124,Thalamus,117.05,50.74,Macaca mulatta
NEUR_2335,Thalamus,53.48,89.13,Mus musculus
NEUR_4132,Cortex,37.25,81.93,Macaca mulatta
NEUR_3861,Striatum,83.47,48.36,Rattus norvegicus
NEUR_5561,Cortex,44.39,96.95,Mus musculus
NEUR_4482,Hypothalamus,139.61,80.81,Rattus norvegicus
NEUR_1005,Thalamus,96.69,52.45,Mus musculus
NEUR_5001,Cortex,143.42,46.6,Danio rerio
NEUR_6568,Striatum,98.56,49.05,Rattus norvegicus
NEUR_7009,Cortex,120.13,42.53,Danio rerio
NEUR_8615,Cortex,68.31,74.82,Mus musculus
NEUR_8889,Striatum,110.58,74.01,Rattus norvegicus
NEUR_3670,Hippocampus,42.73,49.77,Mus musculus
NEUR_1714,Thalamus,89.51,23.87,Macaca mulatta
NEUR_6892,Amygdala,85.9,58.23,Macaca mulatta
NEUR_7433,Thalamus,0.21,112.8,Mus musculus
NEUR_5559,Hippocampus,126.5,59.68,Macaca mulatta
NEUR_7943,Cerebellum,72.9,107.39,Danio rerio
NEUR_7956,Amygdala,54.29,102.71,Danio rerio
NEUR_9247,Striatum,134.19,96.82,Danio rerio
NEUR_2000,Striatum,11.56,60.06,Mus musculus
NEUR_5710,Cortex,21.15,117.9,Mus musculus
NEUR_2870,Cortex,94.68,106.46,Rattus norvegicus
NEUR_6056,Amygdala,83.21,18.22,Rattus norvegicus
NEUR_8512,Hippocampus,52.92,73.8,Macaca mulatta
NEUR_5407,Cerebellum,18.04,29.56,Macaca mulatta
NEUR_2090,Hypothalamus,26.7,104.48,Rattus norvegicus
NEUR_8548,Thalamus,121.77,85.52,Danio rerio
NEUR_6422,Cortex,107.6,15.63,Danio rerio
NEUR_8634,Amygdala,133.16,19.59,Macaca mulatta
NEUR_3260,Cortex,121.65,85.44,Rattus norvegicus
NEUR_3523,Amygdala,67.94,35.64,Rattus norvegicus
NEUR_3513,Amygdala,85.78,47.43,Danio rerio
NEUR_2309,Thalamus,83.16,73.12,Rattus norvegicus
NEUR_8897,Hippocampus,94.85,33.27,Macaca mulatta
NEUR_4421,Cortex,10.99,25.26,Danio rerio
NEUR_5443,Cortex,118.47,25.43,Rattus norvegicus
NEUR_5575,Amygdala,76.27,93.26,Danio rerio
NEUR_5692,Striatum,142.67,92.52,Macaca mulatta
NEUR_7016,Cerebellum,18.17,116.41,Rattus norvegicus
NEUR_2712,Amygdala,8.51,52.32,Mus musculus
NEUR_6914,Thalamus,120.48,90.5,Danio rerio
NEUR_8550,Hippocampus,36.21,100.38,Macaca mulatta
NEUR_4989,Amygdala,109.14,107.7,Danio rerio
NEUR_1842,Striatum,6.21,12.45,Macaca mulatta
NEUR_2581,Hypothalamus,40.43,83.79,Danio rerio
NEUR_3346,Hypothalamus,65.96,114.11,Macaca mulatta
NEUR_4576,Striatum,48.7,28.59,Rattus norvegicus
NEUR_1486,Thalamus,128.71,70.26,Mus musculus
NEUR_7787,Amygdala,68.44,114.49,Macaca mulatta
NEUR_1893,Amygdala,110.23,52.76,Rattus norvegicus
NEUR_3389,Cerebellum,80.53,34.66,Danio rerio
NEUR_6359,Striatum,128.18,106.9,Macaca mulatta
NEUR_4261,Amygdala,0.63,110.85,Mus musculus
NEUR_5176,Amygdala,30.3,37.98,Rattus norvegicus
NEUR_1594,Cerebellum,62.46,18.74,Mus musculus
NEUR_6072,Cortex,129.57,13.65,Danio rerio
NEUR_7989,Striatum,57.08,26.45,Rattus norvegicus
NEUR_3177,Hypothalamus,72.1,81.64,Macaca mulatta
NEUR_3173,Thalamus,44.49,61.93,Rattus norvegicus
NEUR_9798,Hypothalamus,87.09,66.7,Mus musculus
NEUR_2304,Hippocampus,59.88,113.92,Macaca mulatta
NEUR_1219,Cerebellum,58.41,98.28,Danio rerio
NEUR_2765,Striatum,90.01,84.72,Macaca mulatta
NEUR_4326,Hippocampus,86.8,42.44,Macaca mulatta
NEUR_8179,Thalamus,141.62,111.06,Rattus norvegicus
NEUR_2892,Striatum,123.27,36.67,Rattus norvegicus
NEUR_2095,Hypothalamus,137.78,24.37,Mus musculus
NEUR_5234,Cerebellum,67.41,112.84,Mus musculus
NEUR_5476,Thalamus,94.79,75.36,Rattus norvegicus
NEUR_5614,Cortex,90.85,15.05,Rattus norvegicus
NEUR_5164,Cortex,60.59,51.93,Mus musculus
NEUR_4621,Cortex,77.93,23.24,Mus musculus
NEUR_3513,Thalamus,44.95,64.87,Danio rerio
NEUR_3980,Thalamus,85.54,88.17,Danio rerio
NEUR_2264,Amygdala,3.46,96.83,Mus musculus
NEUR_2841,Amygdala,114.68,75.0,Mus musculus
NEUR_1796,Cortex,38.74,67.17,Danio rerio
NEUR_2964,Hypothalamus,123.22,69.73,Mus musculus
NEUR_4863,Amygdala,61.58,82.46,Rattus norvegicus
NEUR_7055,Hippocampus,14.99,85.07,Rattus norvegicus
NEUR_2104,Cortex,86.95,22.48,Rattus norvegicus
NEUR_7361,Hypothalamus,132.99,106.9,Mus musculus
NEUR_6777,Thalamus,105.38,85.15,Mus musculus
NEUR_7970,Cerebellum,40.64,35.79,Rattus norvegicus
NEUR_4792,Amygdala,120.92,47.55,Rattus norvegicus
NEUR_2267,Hypothalamus,126.83,57.99,Macaca mulatta
NEUR_9313,Amygdala,125.92,16.91,Rattus norvegicus
NEUR_1632,Cortex,8.2,89.51,Mus musculus
NEUR_6520,Hypothalamus,35.93,77.03,Danio rerio
NEUR_5586,Striatum,20.24,79.32,Mus musculus
NEUR_7836,Amygdala,15.7,33.0,Rattus norvegicus
NEUR_8838,Amygdala,99.55,71.2,Rattus norvegicus
NEUR_9775,Amygdala,130.89,79.51,Rattus norvegicus
NEUR_7153,Thalamus,97.59,48.84,Rattus norvegicus
NEUR_6119,Thalamus,120.2,58.5,Rattus norvegicus
NEUR_1947,Striatum,28.28,85.4,Rattus norvegicus
NEUR_9700,Hypothalamus,48.85,22.21,Mus musculus
NEUR_5781,Amygdala,67.42,40.65,Rattus norvegicus
NEUR_4243,Amygdala,114.22,23.42,Danio rerio
NEUR_3113,Striatum,16.03,37.97,Mus musculus
NEUR_6446,Amygdala,5.43,36.19,Macaca mulatta
NEUR_4693,Cerebellum,143.06,21.1,Danio rerio
NEUR_3692,Cortex,10.72,101.6,Danio rerio
NEUR_1060,Hippocampus,129.19,72.81,Danio rerio
NEUR_7948,Hippocampus,71.28,49.33,Macaca mulatta
NEUR_8314,Cortex,52.58,40.81,Danio rerio
NEUR_2973,Hypothalamus,60.19,23.11,Rattus norvegicus
NEUR_9692,Cerebellum,34.79,98.43,Danio rerio
NEUR_1236,Amygdala,21.67,48.19,Macaca mulatta
NEUR_4193,Amygdala,37.73,56.81,Danio rerio
NEUR_3715,Amygdala,82.16,83.12,Rattus norvegicus
NEUR_7601,Amygdala,28.46,19.56,Danio rerio
NEUR_6109,Hippocampus,2.05,93.84,Macaca mulatta
NEUR_6988,Cortex,38.47,16.64,Rattus norvegicus
NEUR_2596,Amygdala,13.93,89.27,Mus musculus
NEUR_3609,Striatum,25.5,93.2,Mus musculus
NEUR_1385,Striatum,131.91,27.37,Rattus norvegicus
NEUR_9787,Cerebellum,126.49,66.26,Rattus norvegicus
NEUR_3001,Thalamus,62.14,56.86,Danio rerio
NEUR_9356,Striatum,121.3,76.33,Danio rerio
NEUR_2620,Striatum,135.96,90.71,Mus musculus
NEUR_2287,Amygdala,39.53,119.77,Macaca mulatta
NEUR_3583,Cerebellum,74.42,89.84,Mus musculus
NEUR_4420,Hypothalamus,3.2,28.45,Danio rerio
NEUR_9465,Striatum,109.17,86.71,Danio rerio
NEUR_1133,Cortex,51.23,53.41,Mus musculus
NEUR_5334,Thalamus,86.3,18.18,Mus musculus
NEUR_9268,Thalamus,118.91,73.8,Mus musculus
NEUR_1885,Hippocampus,70.23,99.78,Rattus norvegicus
NEUR_1200,Hypothalamus,57.18,70.9,Macaca mulatta
NEUR_8112,Cerebellum,103.54,82.37,Rattus norvegicus
NEUR_2288,Hippocampus,111.2,54.07,Mus musculus
NEUR_3183,Cerebellum,149.88,16.22,Mus musculus
NEUR_2448,Amygdala,15.45,85.2,Macaca mulatta
NEUR_7308,Hypothalamus,39.51,41.37,Rattus norvegicus
NEUR_5037,Hypothalamus,72.47,106.43,Macaca mulatta
NEUR_7572,Hippocampus,8.02,103.6,Mus musculus
NEUR_2571,Cerebellum,85.83,14.68,Mus musculus
NEUR_4734,Amygdala,117.88,93.76,Rattus norvegicus
NEUR_9523,Hypothalamus,79.37,13.7,Danio rerio
NEUR_8978,Hypothalamus,117.59,13.74,Danio rerio
NEUR_4124,Cerebellum,93.48,32.58,Rattus norvegicus
NEUR_2196,Thalamus,118.71,11.73,Mus musculus
NEUR_5981,Cortex,103.16,103.8,Rattus norvegicus
NEUR_3679,Cerebellum,96.04,30.11,Rattus norvegicus
NEUR_8489,Hippocampus,47.46,116.47,Danio rerio
NEUR_3080,Striatum,72.28,58.55,Danio rerio
NEUR_7507,Amygdala,80.72,114.55,Rattus norvegicus
NEUR_6039,Striatum,125.14,38.55,Mus musculus
NEUR_1746,Amygdala,20.35,25.1,Mus musculus
NEUR_8476,Thalamus,37.41,107.8,Danio rerio
NEUR_7084,Hippocampus,75.68,15.07,Macaca mulatta
NEUR_5534,Striatum,123.67,83.87,Rattus norvegicus
NEUR_5096,Striatum,36.0,106.94,Danio rerio
NEUR_2522,Hippocampus,48.68,97.02,Mus musculus
NEUR_3060,Thalamus,4.29,66.42,Mus musculus
NEUR_6052,Hippocampus,108.52,79.17,Mus musculus
NEUR_5352,Thalamus,96.0,51.32,Mus musculus
NEUR_2959,Hypothalamus,5.28,99.94,Macaca mulatta
NEUR_3488,Amygdala,59.53,114.56,Danio rerio
NEUR_7949,Cortex,77.05,35.25,Macaca mulatta
NEUR_1098,Cerebellum,56.23,116.62,Macaca mulatta
NEUR_9590,Striatum,144.6,42.94,Mus musculus
NEUR_7803,Thalamus,80.72,92.58,Danio rerio
NEUR_7441,Cortex,47.3,56.18,Macaca mulatta
NEUR_1237,Thalamus,108.91,36.66,Danio rerio
NEUR_6214,Cerebellum,108.75,39.15,Mus musculus
NEUR_9319,Amygdala,135.58,85.64,Mus musculus
NEUR_8815,Cerebellum,138.31,18.76,Mus musculus
NEUR_6682,Cortex,123.48,28.35,Macaca mulatta
NEUR_9927,Cerebellum,6.72,16.97,Rattus norvegicus
NEUR_9536,Cortex,147.44,92.56,Macaca mulatta
NEUR_4121,Hypothalamus,91.32,54.75,Mus musculus
NEUR_1168,Cerebellum,51.7,98.12,Rattus norvegicus
NEUR_6102,Cerebellum,134.48,34.63,Macaca mulatta
NEUR_6735,Hippocampus,122.34,27.13,Mus musculus
NEUR_6526,Amygdala,114.54,36.54,Mus musculus
NEUR_7983,Thalamus,20.21,59.68,Rattus norvegicus
NEUR_2607,Striatum,116.28,86.95,Macaca mulatta
NEUR_6426,Hippocampus,103.09,20.09,Mus musculus
NEUR_4214,Hypothalamus,65.96,11.95,Rattus norvegicus
NEUR_2125,Cerebellum,100.08,38.44,Rattus norvegicus
NEUR_5635,Amygdala,31.38,109.56,Mus musculus
NEUR_4777,Cortex,27.35,11.02,Danio rerio
NEUR_3149,Hypothalamus,42.73,24.26,Danio rerio
NEUR_9611,Striatum,133.32,85.87,Mus musculus
NEUR_6708,Amygdala,117.29,92.03,Danio rerio
NEUR_7228,Amygdala,92.73,119.39,Rattus norvegicus
NEUR_7630,Hypothalamus,41.0,57.91,Danio rerio
NEUR_6389,Cortex,77.37,55.4,Danio rerio
NEUR_6613,Hypothalamus,103.72,40.59,Rattus norvegicus
NEUR_6481,Cerebellum,137.9,91.76,Mus musculus
NEUR_3650,Thalamus,55.77,55.21,Mus musculus
NEUR_5904,Cerebellum,60.46,30.76,Danio rerio
NEUR_2155,Striatum,77.68,88.46,Macaca mulatta
NEUR_5177,Cortex,28.23,43.81,Rattus norvegicus
NEUR_6231,Thalamus,28.88,75.16,Mus musculus
NEUR_1546,Striatum,139.09,116.03,Rattus norvegicus
NEUR_6689,Striatum,88.83,28.13,Danio rerio
NEUR_6050,Hippocampus,9.92,17.64,Macaca mulatta
NEUR_1705,Hypothalamus,54.47,115.1,Rattus norvegicus
NEUR_6923,Hypothalamus,29.01,105.52,Mus musculus
NEUR_3679,Striatum,133.66,115.98,Macaca mulatta
NEUR_3889,Striatum,69.5,30.53,Rattus norvegicus
NEUR_5519,Cerebellum,128.49,80.05,Mus musculus
NEUR_4055,Thalamus,26.86,12.85,Macaca mulatta
NEUR_8434,Hypothalamus,59.32,82.09,Mus musculus
NEUR_6473,Hypothalamus,81.67,33.39,Rattus norvegicus
NEUR_4029,Striatum,6.44,92.11,Mus musculus
NEUR_5461,Hypothalamus,44.9,26.2,Danio rerio
NEUR_4625,Hypothalamus,128.85,40.17,Mus musculus
NEUR_4748,Striatum,138.03,80.86,Danio rerio
NEUR_9064,Striatum,87.71,38.16,Mus musculus
NEUR_6970,Amygdala,101.22,88.89,Rattus norvegicus
NEUR_1542,Amygdala,26.57,32.91,Mus musculus
NEUR_2170,Hippocampus,66.6,43.93,Macaca mulatta
NEUR_6420,Hippocampus,127.91,18.74,Rattus norvegicus
NEUR_2823,Striatum,13.96,85.13,Mus musculus
NEUR_6861,Hippocampus,46.53,57.67,Mus musculus
NEUR_1290,Hypothalamus,68.68,84.43,Mus musculus
NEUR_8902,Cortex,87.8,65.63,Rattus norvegicus
NEUR_2684,Cerebellum,131.34,84.35,Rattus norvegicus
NEUR_2128,Hypothalamus,102.81,50.47,Macaca mulatta
NEUR_8140,Cortex,125.34,81.51,Danio rerio
NEUR_5765,Thalamus,28.54,43.07,Danio rerio
NEUR_7698,Hippocampus,89.61,30.67,Rattus norvegicus
NEUR_1393,Hippocampus,61.28,74.15,Danio rerio
NEUR_7421,Hippocampus,31.61,54.5,Mus musculus
NEUR_1713,Amygdala,96.47,113.82,Rattus norvegicus
NEUR_9293,Striatum,60.04,37.33,Danio rerio
NEUR_5827,Hypothalamus,24.83,102.25,Macaca mulatta
NEUR_9170,Cerebellum,84.55,43.38,Rattus norvegicus
NEUR_7764,Cortex,41.18,11.92,Macaca mulatta
NEUR_8744,Hippocampus,4.45,39.95,Rattus norvegicus
NEUR_8051,Hypothalamus,73.51,43.96,Mus musculus
NEUR_9403,Hippocampus,133.04,84.59,Rattus norvegicus
NEUR_1374,Cerebellum,77.84,69.58,Rattus norvegicus
NEUR_6665,Cortex,1.38,33.32,Danio rerio
NEUR_9375,Cerebellum,27.05,68.33,Macaca mulatta
NEUR_4538,Cortex,35.31,113.51,Rattus norvegicus
NEUR_9104,Amygdala,138.32,90.67,Rattus norvegicus
NEUR_2949,Thalamus,19.69,44.81,Mus musculus
NEUR_5108,Striatum,112.71,61.13,Rattus norvegicus
NEUR_7050,Cerebellum,89.54,68.94,Rattus norvegicus
NEUR_6771,Hippocampus,117.56,98.32,Macaca mulatta
NEUR_1980,Hypothalamus,44.06,95.85,Danio rerio
NEUR_8985,Hypothalamus,49.49,91.63,Mus musculus
NEUR_4326,Hypothalamus,102.95,75.95,Mus musculus
NEUR_2836,Cerebellum,55.27,20.33,Macaca mulatta
NEUR_1103,Thalamus,130.02,68.41,Rattus norvegicus
NEUR_6370,Amygdala,133.62,53.47,Rattus norvegicus
NEUR_1882,Cortex,56.49,72.56,Macaca mulatta
NEUR_1037,Cerebellum,9.42,22.37,Danio rerio
NEUR_4319,Cortex,39.18,104.08,Macaca mulatta
NEUR_5983,Hippocampus,1.95,28.39,Danio rerio
NEUR_9602,Hypothalamus,132.51,45.41,Mus musculus
NEUR_4459,Hypothalamus,113.39,101.81,Danio rerio
NEUR_8211,Hypothalamus,51.75,39.1,Mus musculus
NEUR_4484,Striatum,85.57,115.94,Danio rerio
NEUR_6198,Thalamus,148.01,71.94,Rattus norvegicus
NEUR_2804,Striatum,148.34,26.48,Mus musculus
NEUR_5158,Cerebellum,128.59,81.11,Rattus norvegicus
NEUR_9094,Hippocampus,10.02,81.0,Macaca mulatta
NEUR_8893,Amygdala,79.96,38.78,Macaca mulatta
NEUR_5438,Thalamus,88.48,14.1,Rattus norvegicus
NEUR_7211,Cerebellum,104.85,102.67,Macaca mulatta
NEUR_2516,Striatum,116.23,64.68,Danio rerio
NEUR_9871,Cerebellum,113.59,11.77,Rattus norvegicus
NEUR_8378,Amygdala,1.56,71.82,Rattus norvegicus
NEUR_1189,Thalamus,116.72,91.35,Danio rerio
NEUR_8761,Hypothalamus,20.96,102.11,Macaca mulatta
NEUR_3312,Cortex,146.61,104.94,Danio rerio
NEUR_8181,Cortex,108.32,18.64,Macaca mulatta
NEUR_1507,Striatum,33.5,91.17,Macaca mulatta
NEUR_4710,Striatum,148.27,69.8,Rattus norvegicus
NEUR_8924,Cortex,27.98,78.05,Rattus norvegicus
NEUR_5565,Cerebellum,2.94,65.22,Macaca mulatta
NEUR_9051,Cerebellum,6.75,50.83,Danio rerio
NEUR_6819,Cortex,2.89,17.34,Macaca mulatta
NEUR_4944,Hypothalamus,97.25,26.38,Mus musculus
NEUR_7901,Thalamus,48.76,22.39,Rattus norvegicus
NEUR_5427,Cortex,54.32,116.94,Macaca mulatta
NEUR_8493,Hypothalamus,87.43,10.15,Mus musculus
NEUR_9170,Thalamus,17.16,70.88,Mus musculus
NEUR_8897,Thalamus,101.02,12.57,Mus musculus
NEUR_8019,Hypothalamus,98.39,12.33,Danio rerio
NEUR_6187,Thalamus,149.96,19.35,Rattus norvegicus
NEUR_1009,Thalamus,36.99,44.77,Macaca mulatta
NEUR_7890,Striatum,84.36,87.04,Mus musculus
NEUR_8015,Thalamus,97.27,27.78,Mus musculus
NEUR_5066,Cortex,88.86,64.46,Mus musculus
NEUR_5446,Striatum,73.6,17.65,Mus musculus
NEUR_6418,Hippocampus,66.23,69.25,Mus musculus
NEUR_2654,Hippocampus,20.13,27.24,Macaca mulatta
NEUR_8458,Cerebellum,110.57,85.97,Danio rerio
NEUR_2770,Striatum,93.8,30.54,Macaca mulatta
NEUR_3722,Thalamus,71.97,64.81,Macaca mulatta
NEUR_7262,Striatum,40.23,103.52,Macaca mulatta
NEUR_6374,Cortex,116.43,26.22,Mus musculus
NEUR_7339,Hippocampus,14.7,81.86,Rattus norvegicus
NEUR_4382,Thalamus,22.1,12.59,Macaca mulatta
NEUR_3774,Amygdala,14.51,71.95,Danio rerio
NEUR_9621,Thalamus,80.69,100.62,Rattus norvegicus
NEUR_7603,Cortex,58.47,108.03,Danio rerio
NEUR_3312,Amygdala,27.06,72.0,Macaca mulatta
NEUR_5268,Amygdala,106.42,85.64,Macaca mulatta
NEUR_9638,Hypothalamus,83.2,80.04,Rattus norvegicus
NEUR_3993,Thalamus,77.26,85.36,Mus musculus
NEUR_1259,Cerebellum,70.06,109.65,Mus musculus
NEUR_7210,Amygdala,17.92,111.96,Rattus norvegicus
NEUR_3446,Hippocampus,85.26,52.04,Danio rerio
NEUR_2564,Thalamus,60.49,89.31,Macaca mulatta
NEUR_7727,Striatum,77.43,74.12,Danio rerio
NEUR_5897,Striatum,112.2,14.26,Macaca mulatta
NEUR_2561,Hypothalamus,73.33,90.34,Danio rerio
NEUR_9925,Striatum,99.06,101.03,Danio rerio
NEUR_7922,Cortex,117.4,16.31,Macaca mulatta
NEUR_2509,Striatum,22.33,109.59,Rattus norvegicus
NEUR_6838,Hypothalamus,107.68,11.04,Macaca mulatta
NEUR_1760,Hippocampus,63.36,12.94,Rattus norvegicus
NEUR_9654,Hypothalamus,50.53,34.17,Danio rerio
NEUR_3705,Thalamus,33.99,58.73,Macaca mulatta
NEUR_2403,Striatum,78.93,20.37,Rattus norvegicus
NEUR_1050,Amygdala,144.73,27.35,Mus musculus
NEUR_2875,Hippocampus,73.74,119.14,Macaca mulatta
NEUR_8830,Amygdala,68.29,64.39,Danio rerio
NEUR_1328,Cortex,26.91,27.19,Macaca mulatta
NEUR_6729,Cortex,21.36,40.07,Mus musculus
NEUR_1312,Cerebellum,44.38,22.88,Danio rerio
NEUR_4454,Amygdala,26.81,45.45,Danio rerio
NEUR_3459,Hippocampus,109.4,49.76,Danio rerio
NEUR_2338,Amygdala,36.12,80.28,Danio rerio
NEUR_8818,Hypothalamus,78.57,27.11,Mus musculus
NEUR_1496,Hippocampus,1.16,34.77,Rattus norvegicus
NEUR_3493,Amygdala,48.35,35.52,Rattus norvegicus
NEUR_1313,Hypothalamus,91.29,43.01,Macaca mulatta
NEUR_8712,Hippocampus,49.71,43.01,Danio rerio
NEUR_9722,Striatum,119.54,111.95,Mus musculus
NEUR_9210,Striatum,65.07,78.1,Danio rerio
NEUR_8858,Hypothalamus,41.37,79.61,Mus musculus
NEUR_1656,Hypothalamus,128.87,107.92,Rattus norvegicus
NEUR_5173,Hypothalamus,66.04,65.6,Macaca mulatta
NEUR_9204,Cerebellum,2.46,44.06,Danio rerio
NEUR_9980,Cortex,145.17,89.87,Danio rerio
NEUR_9454,Amygdala,61.37,48.47,Rattus norvegicus
NEUR_6121,Amygdala,105.56,118.95,Rattus norvegicus
NEUR_8020,Striatum,52.57,85.2,Rattus norvegicus
NEUR_6190,Hypothalamus,91.38,106.84,Macaca mulatta
NEUR_5192,Cortex,98.7,47.05,Rattus norvegicus
NEUR_4249,Cerebellum,120.7,50.67,Danio rerio
NEUR_6820,Thalamus,14.44,46.67,Rattus norvegicus
NEUR_5555,Cortex,50.12,119.62,Mus musculus
NEUR_5958,Hippocampus,62.0,80.56,Rattus norvegicus
NEUR_1478,Cerebellum,131.54,114.49,Danio rerio
NEUR_4093,Striatum,38.87,86.12,Rattus norvegicus
NEUR_5286,Striatum,96.03,10.63,Danio rerio
NEUR_5140,Hypothalamus,132.44,19.08,Danio rerio
NEUR_5459,Hypothalamus,130.34,85.73,Macaca mulatta
NEUR_2612,Striatum,13.01,46.79,Mus musculus
NEUR_3453,Cerebellum,121.15,50.24,Danio rerio
NEUR_3749,Hippocampus,38.32,90.22,Macaca mulatta
NEUR_4931,Striatum,6.79,103.36,Danio rerio
NEUR_2144,Striatum,130.69,28.89,Rattus norvegicus
NEUR_6046,Striatum,84.73,10.78,Macaca mulatta
NEUR_8238,Hypothalamus,109.42,10.06,Rattus norvegicus
NEUR_2982,Cerebellum,121.42,86.09,Rattus norvegicus
NEUR_9147,Hippocampus,2.11,67.6,Danio rerio
NEUR_2387,Hippocampus,119.1,57.76,Macaca mulatta
NEUR_8370,Cerebellum,145.17,43.99,Rattus norvegicus
NEUR_9888,Cerebellum,72.98,65.92,Mus musculus
NEUR_8964,Striatum,136.02,71.97,Mus musculus
NEUR_1608,Cerebellum,39.36,17.5,Macaca mulatta
NEUR_7751,Thalamus,33.5,56.53,Macaca mulatta
NEUR_4398,Hypothalamus,40.37,77.47,Macaca mulatta
NEUR_4816,Amygdala,13.18,43.3,Mus musculus
NEUR_5553,Hippocampus,66.72,57.71,Macaca mulatta
NEUR_9936,Thalamus,42.03,117.31,Mus musculus
NEUR_3935,Cortex,4.99,73.5,Danio rerio
NEUR_1075,Hippocampus,81.05,11.23,Mus musculus
NEUR_7988,Hippocampus,63.6,112.84,Mus musculus
NEUR_3538,Amygdala,31.12,80.61,Macaca mulatta
NEUR_6686,Striatum,114.95,66.74,Danio rerio
NEUR_8891,Amygdala,131.85,14.31,Rattus norvegicus
NEUR_6821,Hypothalamus,12.07,97.26,Mus musculus
NEUR_7924,Striatum,22.59,56.87,Macaca mulatta
NEUR_1269,Amygdala,89.01,107.22,Macaca mulatta
NEUR_5652,Cerebellum,58.93,118.2,Macaca mulatta
NEUR_3155,Thalamus,147.11,19.76,Macaca mulatta
NEUR_6876,Thalamus,23.26,108.31,Mus musculus
NEUR_6507,Hypothalamus,47.67,28.26,Macaca mulatta
NEUR_6036,Thalamus,29.01,21.84,Mus musculus
NEUR_8319,Cortex,38.69,45.14,Macaca mulatta
NEUR_1892,Striatum,126.42,73.09,Danio rerio
NEUR_8741,Hippocampus,29.45,95.31,Mus musculus
NEUR_3860,Striatum,83.62,80.83,Rattus norvegicus
NEUR_1285,Striatum,56.85,37.91,Macaca mulatta
NEUR_8436,Thalamus,137.37,59.5,Danio rerio
NEUR_6688,Cerebellum,114.6,56.86,Rattus norvegicus
NEUR_4655,Amygdala,89.98,117.34,Mus musculus
NEUR_2287,Hypothalamus,117.49,31.75,Rattus norvegicus
NEUR_6102,Hypothalamus,43.6,33.13,Danio rerio
NEUR_5780,Striatum,121.88,84.14,Rattus norvegicus
NEUR_6447,Hypothalamus,22.16,64.35,Danio rerio
NEUR_1144,Amygdala,87.77,33.68,Danio rerio
NEUR_7355,Cerebellum,69.79,20.61,Rattus norvegicus
NEUR_9849,Cortex,120.94,103.73,Rattus norvegicus
NEUR_2705,Cortex,26.49,81.5,Danio rerio
NEUR_1931,Cortex,8.96,25.79,Rattus norvegicus
NEUR_7802,Cerebellum,149.46,105.24,Danio rerio
NEUR_7688,Hippocampus,60.52,113.14,Danio rerio
NEUR_9046,Hippocampus,39.43,10.72,Rattus norvegicus
NEUR_3589,Amygdala,47.86,18.53,Danio rerio
NEUR_5072,Cortex,120.35,43.65,Macaca mulatta
NEUR_7069,Hypothalamus,104.0,46.93,Mus musculus
NEUR_9087,Amygdala,11.82,51.39,Macaca mulatta
NEUR_9686,Hippocampus,78.19,110.15,Mus musculus
NEUR_7919,Hippocampus,54.62,63.96,Danio rerio
NEUR_9778,Cerebellum,5.31,41.18,Mus musculus
NEUR_9728,Thalamus,132.7,107.07,Mus musculus
NEUR_4367,Hypothalamus,117.97,101.16,Macaca mulatta
NEUR_9694,Cerebellum,42.31,88.55,Macaca mulatta
NEUR_1861,Striatum,21.54,55.55,Danio rerio
NEUR_9530,Thalamus,83.1,63.52,Mus musculus
NEUR_7141,Cortex,139.8,72.59,Rattus norvegicus
NEUR_4607,Thalamus,137.79,25.15,Mus musculus
NEUR_5436,Hypothalamus,72.91,77.76,Rattus norvegicus
NEUR_6131,Hippocampus,24.94,46.55,Macaca mulatta
NEUR_6323,Hippocampus,50.9,51.72,Macaca mulatta
NEUR_7901,Amygdala,102.41,60.33,Danio rerio
NEUR_2366,Amygdala,63.91,84.93,Rattus norvegicus
NEUR_6125,Thalamus,92.1,80.43,Macaca mulatta
NEUR_2612,Thalamus,9.36,115.85,Danio rerio
NEUR_5997,Thalamus,13.82,24.97,Rattus norvegicus
NEUR_1851,Thalamus,51.82,43.78,Mus musculus
NEUR_5518,Hippocampus,73.92,71.35,Danio rerio
NEUR_7341,Hypothalamus,45.94,114.98,Rattus norvegicus
NEUR_4222,Striatum,38.28,91.79,Danio rerio
NEUR_3605,Cerebellum,53.87,72.68,Mus musculus
NEUR_4247,Amygdala,95.96,76.19,Danio rerio
NEUR_1088,Hippocampus,100.79,58.6,Rattus norvegicus
NEUR_5256,Striatum,48.2,58.85,Mus musculus
NEUR_1669,Cerebellum,51.04,112.7,Macaca mulatta
NEUR_3732,Hippocampus,86.61,29.68,Danio rerio
NEUR_6725,Thalamus,91.06,98.96,Macaca mulatta
NEUR_3651,Hippocampus,94.74,94.43,Rattus norvegicus
NEUR_6347,Amygdala,67.99,91.66,Mus musculus
NEUR_5914,Thalamus,130.39,57.06,Mus musculus
NEUR_8169,Striatum,73.09,27.98,Rattus norvegicus
NEUR_3623,Amygdala,54.02,78.93,Mus musculus
NEUR_9535,Thalamus,118.66,31.32,Macaca mulatta
NEUR_5641,Cerebellum,141.71,40.21,Rattus norvegicus
NEUR_5792,Striatum,69.21,24.07,Macaca mulatta
NEUR_5431,Amygdala,29.42,20.94,Rattus norvegicus
NEUR_8726,Striatum,100.87,99.13,Mus musculus
NEUR_7490,Thalamus,11.63,22.65,Mus musculus
NEUR_1629,Striatum,2.44,29.97,Danio rerio
NEUR_1695,Hypothalamus,63.45,104.99,Mus musculus
NEUR_9118,Amygdala,148.65,116.54,Danio rerio
NEUR_7961,Hippocampus,91.45,98.19,Danio rerio
NEUR_2691,Hippocampus,84.48,79.65,Macaca mulatta
NEUR_1412,Thalamus,115.05,58.11,Mus musculus
NEUR_4177,Cerebellum,122.15,70.91,Danio rerio
NEUR_9487,Thalamus,17.85,49.41,Danio rerio
NEUR_1621,Amygdala,66.13,55.79,Rattus norvegicus
NEUR_4844,Cortex,86.23,25.04,Mus musculus
NEUR_7123,Cortex,30.87,79.86,Danio rerio
NEUR_4369,Cerebellum,37.06,54.51,Danio rerio
NEUR_2897,Striatum,102.51,101.85,Rattus norvegicus
NEUR_5790,Striatum,92.9,93.37,Mus musculus
NEUR_2445,Amygdala,50.34,91.28,Rattus norvegicus
NEUR_6297,Hippocampus,127.38,94.75,Danio rerio
NEUR_5470,Amygdala,104.21,34.41,Rattus norvegicus
NEUR_8817,Hypothalamus,29.59,26.1,Mus musculus
NEUR_1373,Hypothalamus,129.87,44.29,Mus musculus
NEUR_7001,Hippocampus,91.23,89.37,Macaca mulatta
NEUR_1221,Thalamus,111.77,63.17,Rattus norvegicus
NEUR_6404,Cortex,94.19,87.95,Rattus norvegicus
NEUR_8940,Hypothalamus,118.38,113.65,Danio rerio
NEUR_5440,Cortex,33.2,39.85,Danio rerio
NEUR_7229,Hippocampus,56.13,12.49,Rattus norvegicus
NEUR_1142,Cerebellum,141.18,27.83,Macaca mulatta
NEUR_1320,Hippocampus,7.56,86.34,Danio rerio
NEUR_7126,Hippocampus,148.23,118.63,Macaca mulatta
NEUR_8530,Hypothalamus,8.08,65.59,Danio rerio
NEUR_9385,Cerebellum,27.23,71.75,Macaca mulatta
NEUR_4195,Hypothalamus,142.53,118.06,Rattus norvegicus
NEUR_3782,Thalamus,12.6,115.13,Danio rerio
NEUR_4065,Cerebellum,109.28,101.31,Macaca mulatta
NEUR_2490,Hippocampus,92.61,92.16,Rattus norvegicus
NEUR_3909,Amygdala,113.9,43.12,Rattus norvegicus
NEUR_5107,Cerebellum,3.76,25.5,Danio rerio
NEUR_1905,Hippocampus,103.86,34.63,Rattus norvegicus
NEUR_1563,Striatum,48.0,86.06,Macaca mulatta
NEUR_1730,Amygdala,76.62,72.38,Danio rerio
NEUR_4024,Cortex,28.58,98.31,Macaca mulatta
NEUR_8513,Amygdala,17.01,42.93,Rattus norvegicus
NEUR_9675,Cerebellum,117.67,80.48,Mus musculus
NEUR_9221,Hypothalamus,127.57,119.75,Mus musculus
NEUR_9993,Cerebellum,72.27,68.14,Mus musculus
NEUR_5494,Thalamus,19.07,83.63,Macaca mulatta
NEUR_5464,Thalamus,5.35,88.92,Macaca mulatta
NEUR_3942,Cortex,142.41,15.77,Danio rerio
NEUR_5975,Amygdala,64.3,14.21,Macaca mulatta
NEUR_7621,Hypothalamus,126.09,92.34,Mus musculus
NEUR_9980,Amygdala,20.23,50.42,Mus musculus
NEUR_9058,Hypothalamus,12.71,57.1,Mus musculus
NEUR_9261,Hippocampus,14.36,86.65,Rattus norvegicus
NEUR_2648,Cerebellum,38.06,89.3,Mus musculus
NEUR_7475,Cerebellum,120.0,114.57,Mus musculus
NEUR_5878,Amygdala,78.6,97.23,Mus musculus
NEUR_9887,Amygdala,63.46,11.0,Rattus norvegicus
NEUR_9546,Cerebellum,137.61,104.67,Danio rerio
NEUR_8560,Striatum,61.5,14.16,Mus musculus
NEUR_1527,Striatum,35.74,87.87,Mus musculus
NEUR_3520,Striatum,136.54,112.35,Macaca mulatta
NEUR_2508,Hippocampus,135.53,68.32,Rattus norvegicus
NEUR_3162,Hippocampus,36.25,24.54,Rattus norvegicus
NEUR_3895,Hypothalamus,95.16,19.48,Mus musculus
NEUR_1528,Striatum,106.55,70.4,Rattus norvegicus
NEUR_6413,Thalamus,105.35,89.21,Rattus norvegicus
NEUR_3138,Thalamus,110.96,59.29,Rattus norvegicus
NEUR_4287,Cortex,87.11,118.83,Danio rerio
NEUR_9064,Hippocampus,100.1,101.47,Danio rerio
NEUR_1920,Hypothalamus,34.76,12.84,Macaca mulatta
NEUR_1216,Hippocampus,113.12,116.3,Danio rerio
NEUR_5920,Hippocampus,3.12,74.82,Rattus norvegicus
NEUR_1753,Thalamus,88.13,69.74,Danio rerio
NEUR_7843,Hippocampus,59.53,18.76,Danio rerio
NEUR_2340,Cortex,0.97,60.3,Macaca mulatta
NEUR_1045,Hypothalamus,48.47,107.01,Rattus norvegicus
NEUR_6160,Thalamus,81.82,96.67,Rattus norvegicus
NEUR_3354,Cerebellum,54.41,29.77,Macaca mulatta
NEUR_1222,Hippocampus,122.71,65.28,Rattus norvegicus
NEUR_1734,Hypothalamus,100.71,16.62,Danio rerio
NEUR_8450,Amygdala,136.47,102.11,Mus musculus
NEUR_5188,Cerebellum,145.96,24.62,Macaca mulatta
NEUR_6355,Striatum,104.04,93.49,Mus musculus
NEUR_2814,Striatum,102.85,11.36,Mus musculus
NEUR_3133,Hypothalamus,50.8,49.46,Mus musculus
NEUR_5137,Hypothalamus,71.47,18.86,Danio rerio
NEUR_4366,Amygdala,38.57,57.16,Macaca mulatta
NEUR_5690,Amygdala,127.28,50.64,Macaca mulatta
NEUR_3202,Striatum,133.68,37.09,Macaca mulatta
NEUR_4705,Hippocampus,125.09,110.74,Macaca mulatta
NEUR_4017,Cortex,25.27,10.29,Mus musculus
NEUR_3904,Amygdala,40.47,23.82,Mus musculus
NEUR_8346,Thalamus,47.3,18.96,Mus musculus
NEUR_6817,Cortex,101.76,24.43,Danio rerio
NEUR_3794,Cortex,121.05,41.84,Rattus norvegicus
NEUR_1787,Striatum,120.49,70.69,Rattus norvegicus
NEUR_9909,Amygdala,47.64,20.04,Macaca mulatta
NEUR_8723,Amygdala,53.89,112.86,Rattus norvegicus
NEUR_2101,Hippocampus,14.66,38.38,Danio rerio
NEUR_4476,Hippocampus,25.41,43.66,Macaca mulatta
NEUR_1206,Cerebellum,149.28,82.9,Rattus norvegicus
NEUR_9219,Cortex,71.56,35.12,Macaca mulatta
NEUR_2327,Hippocampus,41.0,35.47,Danio rerio
NEUR_9065,Cortex,100.1,43.63,Danio rerio
NEUR_5328,Cortex,115.49,53.04,Macaca mulatta
NEUR_6018,Hippocampus,137.23,78.14,Macaca mulatta
NEUR_3381,Thalamus,39.48,98.87,Mus musculus
NEUR_9197,Cerebellum,79.54,82.55,Mus musculus
NEUR_8513,Amygdala,127.5,101.99,Macaca mulatta
NEUR_8457,Striatum,45.53,76.03,Mus musculus
NEUR_2205,Cortex,102.06,58.38,Macaca mulatta
NEUR_9707,Thalamus,34.67,116.91,Rattus norvegicus
NEUR_1835,Hypothalamus,102.12,69.23,Mus musculus
NEUR_7825,Hippocampus,141.9,77.75,Macaca mulatta
NEUR_5523,Hippocampus,67.1,73.67,Macaca mulatta
NEUR_4011,Hippocampus,135.23,114.61,Macaca mulatta
NEUR_2689,Hypothalamus,86.91,60.36,Mus musculus
NEUR_5853,Hippocampus,18.0,71.41,Macaca mulatta
NEUR_5678,Cerebellum,20.84,77.69,Danio rerio
NEUR_2231,Thalamus,19.74,100.43,Rattus norvegicus
NEUR_7194,Hypothalamus,56.59,19.1,Danio rerio
NEUR_4980,Hypothalamus,14.47,37.42,Danio rerio
NEUR_7935,Cerebellum,101.14,60.04,Macaca mulatta
NEUR_7561,Cerebellum,149.44,22.31,Rattus norvegicus
NEUR_9586,Thalamus,110.43,74.83,Rattus norvegicus
NEUR_7209,Hypothalamus,110.65,77.78,Mus musculus
NEUR_2080,Striatum,69.67,29.12,Mus musculus
NEUR_3837,Striatum,77.85,107.7,Danio rerio
NEUR_6306,Cortex,40.9,55.18,Mus musculus
NEUR_8917,Striatum,114.2,118.27,Danio rerio
NEUR_8376,Amygdala,97.84,94.13,Macaca mulatta
NEUR_2320,Amygdala,85.3,46.78,Mus musculus
NEUR_3468,Thalamus,60.03,47.49,Mus musculus
NEUR_3147,Cortex,143.33,76.54,Danio rerio
NEUR_4065,Amygdala,139.3,85.61,Macaca mulatta
NEUR_9081,Thalamus,125.43,27.99,Mus musculus
NEUR_2760,Striatum,54.96,62.37,Macaca mulatta
NEUR_7056,Hippocampus,113.63,91.85,Macaca mulatta
NEUR_6615,Cortex,125.64,57.07,Rattus norvegicus
NEUR_1250,Striatum,79.92,22.88,Mus musculus
NEUR_4659,Cerebellum,89.79,53.33,Macaca mulatta
NEUR_6259,Amygdala,30.85,68.84,Macaca mulatta
NEUR_6708,Hippocampus,102.85,33.36,Rattus norvegicus
NEUR_3750,Thalamus,91.87,75.8,Macaca mulatta
NEUR_9839,Cortex,120.49,22.84,Macaca mulatta
NEUR_8693,Thalamus,14.1,101.73,Mus musculus
NEUR_7870,Hypothalamus,6.08,115.68,Mus musculus
NEUR_9396,Cortex,64.19,107.97,Rattus norvegicus
NEUR_4794,Thalamus,14.48,44.51,Macaca mulatta
NEUR_9737,Hypothalamus,128.6,34.65,Danio rerio
NEUR_5503,Cortex,20.46,11.24,Macaca mulatta
NEUR_6085,Cerebellum,134.49,64.62,Macaca mulatta
NEUR_9303,Thalamus,68.37,90.88,Macaca mulatta
NEUR_7940,Hippocampus,34.81,119.09,Danio rerio
NEUR_9559,Cortex,41.59,19.87,Macaca mulatta
NEUR_3915,Striatum,76.03,104.55,Macaca mulatta
NEUR_2083,Thalamus,117.12,111.45,Danio rerio
NEUR_2883,Cerebellum,35.65,54.42,Danio rerio
NEUR_5815,Hippocampus,69.54,99.99,Danio rerio
NEUR_6681,Cerebellum,46.81,73.09,Mus musculus
NEUR_4327,Striatum,35.34,96.25,Mus musculus
NEUR_6619,Amygdala,87.51,103.48,Danio rerio
NEUR_5403,Cerebellum,144.08,75.56,Macaca mulatta
NEUR_9912,Cortex,68.16,18.95,Danio rerio
NEUR_7302,Amygdala,119.01,100.78,Macaca mulatta
NEUR_2661,Cortex,131.37,57.8,Macaca mulatta
NEUR_5116,Striatum,66.94,81.97,Mus musculus
NEUR_3692,Cerebellum,34.63,65.7,Mus musculus
NEUR_5141,Thalamus,18.59,16.92,Rattus norvegicus
NEUR_2387,Cortex,93.26,33.02,Rattus norvegicus
NEUR_8172,Striatum,71.34,77.41,Mus musculus
NEUR_7621,Hypothalamus,129.87,27.74,Danio rerio
NEUR_7882,Amygdala,80.93,66.02,Rattus norvegicus
NEUR_1651,Striatum,133.79,63.94,Mus musculus
NEUR_9571,Cortex,10.18,67.47,Mus musculus
NEUR_1146,Striatum,47.62,87.64,Danio rerio
NEUR_1984,Cerebellum,145.3,77.39,Macaca mulatta
NEUR_2432,Thalamus,30.08,83.07,Danio rerio
NEUR_6487,Cortex,139.58,106.63,Mus musculus
NEUR_1023,Hippocampus,25.36,22.81,Mus musculus
NEUR_6355,Hippocampus,54.73,32.11,Rattus norvegicus
NEUR_8715,Hippocampus,10.98,50.83,Mus musculus
NEUR_3910,Amygdala,148.57,50.01,Rattus norvegicus
NEUR_7086,Amygdala,60.71,15.48,Rattus norvegicus
NEUR_4502,Cerebellum,27.35,30.98,Macaca mulatta
NEUR_4296,Cerebellum,40.84,84.41,Danio rerio
NEUR_4937,Amygdala,121.3,78.7,Mus musculus
NEUR_5080,Hippocampus,67.35,115.06,Macaca mulatta
NEUR_3862,Striatum,43.2,97.28,Mus musculus
NEUR_2435,Hippocampus,130.05,96.34,Mus musculus
NEUR_8415,Hippocampus,50.51,78.13,Macaca mulatta
NEUR_5092,Amygdala,134.57,38.2,Mus musculus
NEUR_1654,Cerebellum,73.49,57.48,Macaca mulatta
NEUR_3809,Cortex,85.17,58.07,Mus musculus
NEUR_8688,Hypothalamus,46.53,52.43,Rattus norvegicus
NEUR_8471,Thalamus,86.86,63.4,Danio rerio
NEUR_6875,Amygdala,9.42,79.86,Rattus norvegicus
NEUR_8029,Thalamus,122.51,83.66,Mus musculus
NEUR_1064,Thalamus,98.09,35.7,Rattus norvegicus
NEUR_2918,Hypothalamus,109.69,24.53,Mus musculus
NEUR_5508,Thalamus,52.51,38.59,Rattus norvegicus
NEUR_8315,Amygdala,118.29,30.68,Danio rerio
NEUR_8891,Cerebellum,42.22,114.58,Rattus norvegicus
NEUR_2903,Thalamus,124.26,98.59,Mus musculus
NEUR_7854,Cortex,136.0,19.23,Mus musculus
NEUR_6861,Cerebellum,47.08,103.51,Danio rerio
NEUR_9290,Cerebellum,136.24,110.41,Danio rerio
NEUR_8198,Striatum,142.85,38.14,Danio rerio
NEUR_3121,Striatum,84.88,79.52,Danio rerio
NEUR_1147,Cerebellum,84.59,45.53,Macaca mulatta
NEUR_5399,Hypothalamus,138.96,17.12,Danio rerio
NEUR_8867,Thalamus,30.55,100.06,Macaca mulatta
NEUR_8437,Cortex,142.14,51.39,Macaca mulatta
NEUR_8459,Hippocampus,147.8,50.09,Danio rerio
NEUR_5294,Cortex,46.57,58.73,Mus musculus
NEUR_4761,Thalamus,42.24,24.42,Danio rerio
NEUR_3773,Cortex,95.42,81.13,Rattus norvegicus
NEUR_5365,Hypothalamus,37.17,45.47,Rattus norvegicus
NEUR_3165,Amygdala,112.49,28.3,Macaca mulatta
NEUR_2987,Cerebellum,99.32,105.48,Danio rerio
NEUR_4998,Hippocampus,126.16,67.5,Macaca mulatta
NEUR_5983,Amygdala,144.63,105.73,Danio rerio
NEUR_6917,Cortex,59.29,13.47,Macaca mulatta
NEUR_3400,Cerebellum,121.84,71.19,Rattus norvegicus
NEUR_9551,Amygdala,42.29,27.2,Rattus norvegicus
NEUR_8831,Hippocampus,33.54,102.84,Mus musculus
NEUR_7894,Thalamus,147.24,30.87,Rattus norvegicus
NEUR_7102,Cerebellum,10.16,12.05,Rattus norvegicus
NEUR_2377,Thalamus,112.13,88.51,Mus musculus
NEUR_4304,Amygdala,54.61,89.43,Danio rerio
NEUR_8097,Thalamus,114.64,22.25,Rattus norvegicus
NEUR_7089,Cerebellum,61.1,56.31,Mus musculus
NEUR_7763,Amygdala,41.77,64.2,Mus musculus
NEUR_7252,Hypothalamus,37.71,113.1,Mus musculus
NEUR_9432,Cortex,22.89,12.17,Mus musculus
NEUR_7925,Cerebellum,97.71,53.7,Danio rerio
NEUR_1941,Cerebellum,119.81,91.89,Rattus norvegicus
NEUR_2180,Thalamus,87.75,52.41,Rattus norvegicus
NEUR_4597,Cortex,42.31,14.7,Macaca mulatta
NEUR_6906,Cerebellum,126.51,102.36,Mus musculus
NEUR_8207,Cortex,5.35,63.83,Mus musculus
NEUR_3867,Striatum,88.26,69.86,Rattus norvegicus
NEUR_3571,Thalamus,85.03,66.74,Rattus norvegicus
NEUR_4212,Cerebellum,123.79,115.23,Mus musculus
NEUR_1271,Cerebellum,8.54,77.78,Danio rerio
NEUR_1539,Striatum,90.86,110.78,Mus musculus
NEUR_3129,Cortex,84.26,20.35,Macaca mulatta
NEUR_6346,Cortex,93.04,42.12,Danio rerio
NEUR_3005,Thalamus,117.62,24.62,Mus musculus
NEUR_4030,Cerebellum,103.64,114.45,Danio rerio
NEUR_5877,Hippocampus,32.98,104.17,Danio rerio
NEUR_9843,Striatum,140.49,15.01,Rattus norvegicus
NEUR_6237,Cortex,65.46,93.54,Rattus norvegicus
NEUR_5840,Thalamus,76.9,83.26,Danio rerio
NEUR_9611,Cerebellum,27.59,26.71,Danio rerio
NEUR_2615,Amygdala,35.96,13.2,Danio rerio
NEUR_3061,Cerebellum,47.18,38.73,Macaca mulatta
NEUR_7667,Hippocampus,96.2,27.77,Mus musculus
NEUR_9172,Striatum,100.31,42.01,Macaca mulatta
NEUR_6383,Cerebellum,82.8,12.03,Danio rerio
NEUR_4754,Striatum,93.93,75.96,Rattus norvegicus
NEUR_9366,Thalamus,15.34,65.64,Macaca mulatta
NEUR_2193,Cerebellum,32.94,98.58,Danio rerio
NEUR_3677,Hippocampus,133.92,18.45,Rattus norvegicus
NEUR_8173,Amygdala,135.26,43.01,Rattus norvegicus
NEUR_4228,Striatum,114.65,79.04,Mus musculus
NEUR_9160,Hippocampus,22.39,72.17,Danio rerio
NEUR_3830,Amygdala,40.07,11.95,Macaca mulatta
NEUR_7244,Hippocampus,80.25,111.57,Danio rerio
NEUR_2683,Striatum,3.92,18.82,Mus musculus
NEUR_6955,Hippocampus,42.79,59.08,Mus musculus
NEUR_9602,Thalamus,139.53,102.7,Rattus norvegicus
NEUR_5832,Thalamus,124.71,109.47,Macaca mulatta
NEUR_4463,Hippocampus,112.11,96.71,Macaca mulatta
NEUR_3871,Cortex,28.69,18.35,Rattus norvegicus
NEUR_1627,Hippocampus,94.25,71.5,Danio rerio
NEUR_4454,Hypothalamus,79.68,119.71,Mus musculus
NEUR_2565,Amygdala,95.2,67.97,Mus musculus
NEUR_6172,Striatum,68.44,44.58,Rattus norvegicus
NEUR_4387,Cortex,40.21,39.49,Danio rerio
NEUR_5799,Striatum,46.79,75.79,Macaca mulatta
NEUR_4269,Hypothalamus,24.76,19.04,Macaca mulatta
NEUR_3781,Cortex,68.52,113.03,Rattus norvegicus
NEUR_1484,Cerebellum,95.96,49.57,Rattus norvegicus
NEUR_5333,Amygdala,75.22,92.54,Rattus norvegicus
NEUR_7476,Hippocampus,4.2,64.69,Danio rerio
NEUR_8413,Cortex,33.41,30.31,Rattus norvegicus
NEUR_7854,Hippocampus,58.39,38.75,Danio rerio
NEUR_4910,Hypothalamus,44.88,94.47,Macaca mulatta
NEUR_2738,Striatum,120.5,66.56,Macaca mulatta
NEUR_6378,Hypothalamus,76.94,46.48,Rattus norvegicus
NEUR_7627,Striatum,96.92,61.63,Mus musculus
NEUR_5043,Striatum,103.77,97.07,Macaca mulatta
NEUR_8864,Hypothalamus,96.01,107.05,Mus musculus
NEUR_5133,Hippocampus,38.08,40.64,Macaca mulatta
NEUR_5593,Hippocampus,143.69,88.91,Danio rerio
NEUR_3300,Amygdala,30.73,32.5,Macaca mulatta
NEUR_3879,Hippocampus,122.17,58.36,Macaca mulatta
NEUR_6984,Cerebellum,20.35,57.95,Danio rerio
NEUR_5648,Thalamus,74.49,11.94,Macaca mulatta
NEUR_3496,Cortex,90.34,106.36,Macaca mulatta
NEUR_4933,Striatum,10.09,113.19,Danio rerio
NEUR_6173,Amygdala,142.35,13.92,Danio rerio
NEUR_1105,Hippocampus,87.89,27.25,Rattus norvegicus
NEUR_9216,Cortex,115.9,49.51,Mus musculus
NEUR_2620,Cortex,1.46,72.44,Rattus norvegicus
NEUR_8728,Thalamus,10.35,19.08,Macaca mulatta
NEUR_7909,Cerebellum,16.61,74.23,Macaca mulatta
NEUR_7775,Hippocampus,59.82,23.34,Rattus norvegicus
NEUR_4079,Amygdala,68.33,62.33,Mus musculus
NEUR_4536,Cerebellum,135.31,88.19,Danio rerio
NEUR_2363,Hypothalamus,147.27,76.92,Macaca mulatta
NEUR_4638,Cortex,12.98,87.58,Macaca mulatta
NEUR_3727,Cerebellum,30.33,27.24,Macaca mulatta
NEUR_4896,Striatum,102.8,31.9,Rattus norvegicus
NEUR_5811,Hypothalamus,55.8,73.01,Danio rerio
NEUR_2974,Cortex,99.63,101.34,Danio rerio
NEUR_2137,Amygdala,31.04,54.76,Rattus norvegicus
NEUR_4955,Amygdala,81.88,33.28,Danio rerio
NEUR_6994,Cerebellum,87.71,102.17,Rattus norvegicus
NEUR_2933,Thalamus,129.46,92.24,Mus musculus
NEUR_1232,Hippocampus,52.35,92.35,Rattus norvegicus
NEUR_5092,Cortex,117.46,103.39,Mus musculus
NEUR_5554,Hypothalamus,99.0,101.76,Danio rerio
NEUR_8974,Striatum,50.13,89.09,Mus musculus
NEUR_6037,Cerebellum,139.61,78.54,Danio rerio
NEUR_9580,Hypothalamus,56.23,80.45,Macaca mulatta
NEUR_5350,Hypothalamus,52.87,42.88,Danio rerio
NEUR_5416,Hippocampus,123.18,60.82,Rattus norvegicus
NEUR_6065,Cortex,124.11,77.88,Macaca mulatta
NEUR_3863,Cortex,123.52,114.55,Rattus norvegicus
NEUR_6281,Striatum,84.91,104.73,Mus musculus
NEUR_1154,Cortex,36.66,20.82,Macaca mulatta
NEUR_3891,Cortex,38.4,58.33,Macaca mulatta
NEUR_3396,Amygdala,95.38,46.6,Rattus norvegicus
NEUR_8648,Cortex,115.35,86.53,Danio rerio
NEUR_9758,Amygdala,92.51,34.5,Danio rerio
NEUR_7256,Cerebellum,84.81,59.25,Macaca mulatta
NEUR_1965,Amygdala,96.75,61.76,Macaca mulatta
NEUR_1657,Amygdala,35.55,49.82,Mus musculus
NEUR_7342,Hippocampus,133.96,16.69,Macaca mulatta
NEUR_6383,Hippocampus,25.33,57.17,Mus musculus
NEUR_4906,Amygdala,86.43,117.34,Mus musculus
NEUR_3943,Striatum,94.24,35.02,Danio rerio
NEUR_7463,Amygdala,2.28,13.18,Mus musculus
NEUR_4848,Amygdala,7.55,94.38,Mus musculus
NEUR_7327,Thalamus,73.88,11.56,Mus musculus
NEUR_1593,Cerebellum,25.41,19.78,Danio rerio
NEUR_8365,Cerebellum,75.82,119.02,Rattus norvegicus
NEUR_9156,Cerebellum,59.19,42.48,Macaca mulatta
NEUR_9953,Amygdala,34.4,74.07,Mus musculus
NEUR_6488,Hypothalamus,82.49,107.31,Rattus norvegicus
NEUR_1450,Thalamus,48.31,15.02,Danio rerio
NEUR_2902,Cortex,89.53,59.94,Rattus norvegicus
NEUR_3122,Thalamus,33.58,38.3,Mus musculus
NEUR_1431,Striatum,93.69,82.43,Mus musculus
NEUR_4765,Hypothalamus,39.17,80.45,Rattus norvegicus
NEUR_4912,Amygdala,72.61,112.75,Danio rerio
NEUR_1255,Cerebellum,44.83,71.54,Mus musculus
NEUR_1532,Cortex,33.49,80.66,Macaca mulatta
NEUR_5657,Thalamus,110.11,19.98,Macaca mulatta
NEUR_1150,Thalamus,55.45,62.18,Rattus norvegicus
NEUR_7667,Cerebellum,4.21,109.2,Mus musculus
NEUR_7405,Cerebellum,27.89,45.15,Rattus norvegicus
NEUR_3752,Cortex,3.4,22.87,Mus musculus
NEUR_2814,Amygdala,24.15,25.12,Danio rerio
NEUR_7412,Thalamus,117.77,37.69,Rattus norvegicus
NEUR_5709,Thalamus,110.92,32.21,Macaca mulatta
NEUR_1032,Hippocampus,103.46,34.76,Danio rerio
NEUR_8683,Thalamus,27.42,64.76,Rattus norvegicus
NEUR_7495,Cortex,83.7,26.83,Rattus norvegicus
NEUR_8178,Cortex,69.74,17.12,Danio rerio
NEUR_2761,Striatum,49.22,67.24,Rattus norvegicus
NEUR_1141,Cerebellum,76.54,65.42,Danio rerio
NEUR_7820,Amygdala,100.11,67.03,Macaca mulatta
NEUR_8248,Striatum,126.81,106.95,Mus musculus
NEUR_2822,Striatum,36.45,55.82,Rattus norvegicus
NEUR_9777,Cortex,93.12,58.1,Danio rerio
NEUR_6340,Cerebellum,89.66,54.75,Mus musculus
NEUR_9252,Hypothalamus,42.97,18.06,Rattus norvegicus
NEUR_8554,Thalamus,17.55,87.43,Danio rerio
NEUR_9878,Cerebellum,116.88,30.23,Rattus norvegicus
NEUR_6035,Striatum,71.87,80.2,Rattus norvegicus
NEUR_4502,Hippocampus,104.79,116.19,Danio rerio
NEUR_2584,Hippocampus,61.17,38.37,Danio rerio
NEUR_1332,Hippocampus,101.95,24.0,Rattus norvegicus
NEUR_8842,Amygdala,122.95,81.46,Rattus norvegicus
NEUR_9266,Striatum,99.94,53.09,Macaca mulatta
NEUR_2464,Cerebellum,110.92,115.47,Mus musculus
NEUR_4178,Cerebellum,67.84,93.81,Rattus norvegicus
NEUR_6044,Cerebellum,90.58,13.63,Mus musculus
NEUR_2485,Hippocampus,103.32,84.3,Macaca mulatta
NEUR_9027,Cortex,41.25,31.73,Rattus norvegicus
NEUR_1334,Amygdala,62.31,17.14,Danio rerio
NEUR_4285,Striatum,52.66,88.46,Macaca mulatta
NEUR_8807,Cerebellum,122.77,110.73,Mus musculus
NEUR_6053,Hypothalamus,47.47,26.2,Macaca mulatta
NEUR_2815,Cerebellum,99.44,64.1,Mus musculus
NEUR_3453,Cerebellum,27.57,18.53,Rattus norvegicus
NEUR_5354,Cerebellum,143.4,107.39,Mus musculus
NEUR_3613,Hippocampus,99.81,94.24,Macaca mulatta
NEUR_6037,Thalamus,140.49,70.63,Danio rerio
NEUR_3075,Striatum,101.85,77.34,Rattus norvegicus
NEUR_1834,Hypothalamus,37.0,70.76,Mus musculus
NEUR_5619,Hippocampus,147.22,38.58,Rattus norvegicus
NEUR_2522,Amygdala,52.84,29.04,Danio rerio
NEUR_8413,Amygdala,0.62,13.13,Danio rerio
NEUR_4325,Thalamus,113.53,95.07,Mus musculus
NEUR_5772,Hippocampus,69.73,117.25,Mus musculus
NEUR_4912,Thalamus,77.67,10.81,Mus musculus
NEUR_7136,Hypothalamus,18.61,47.3,Rattus norvegicus
NEUR_7064,Thalamus,110.3,82.86,Macaca mulatta
NEUR_5751,Cortex,122.19,40.12,Danio rerio
NEUR_9312,Cerebellum,115.62,62.82,Danio rerio
NEUR_9535,Cortex,140.31,97.28,Macaca mulatta
NEUR_8295,Cortex,41.65,60.76,Macaca mulatta
NEUR_1027,Hippocampus,19.51,67.42,Rattus norvegicus
NEUR_3675,Hypothalamus,82.87,100.56,Mus musculus
NEUR_8724,Hippocampus,124.62,99.66,Rattus norvegicus
NEUR_2116,Amygdala,148.08,49.56,Macaca mulatta
NEUR_6672,Hypothalamus,53.89,39.5,Mus musculus
NEUR_3385,Cerebellum,124.3,82.52,Mus musculus
NEUR_1582,Cerebellum,86.66,47.83,Mus musculus
NEUR_9472,Cerebellum,64.75,40.6,Mus musculus
NEUR_2714,Hippocampus,43.88,58.8,Rattus norvegicus
NEUR_3663,Thalamus,93.85,70.06,Danio rerio
NEUR_7540,Cerebellum,47.1,66.84,Rattus norvegicus
NEUR_1941,Hypothalamus,86.83,60.68,Mus musculus
NEUR_3839,Striatum,95.23,85.42,Mus musculus
NEUR_6141,Striatum,148.22,36.44,Rattus norvegicus
NEUR_7946,Hippocampus,67.69,27.67,Mus musculus
NEUR_1317,Hypothalamus,42.15,118.86,Macaca mulatta
NEUR_9839,Amygdala,70.18,104.49,Mus musculus
NEUR_7156,Hypothalamus,94.95,43.6,Rattus norvegicus
NEUR_5719,Cerebellum,74.59,27.58,Mus musculus
NEUR_9789,Hippocampus,9.66,13.82,Danio rerio
NEUR_4761,Hypothalamus,47.98,20.45,Rattus norvegicus
NEUR_7789,Hypothalamus,126.03,86.7,Rattus norvegicus
NEUR_9148,Cerebellum,129.21,53.89,Rattus norvegicus
NEUR_2187,Hypothalamus,31.89,64.72,Mus musculus
NEUR_4425,Hypothalamus,24.26,36.58,Danio rerio
NEUR_1151,Hippocampus,88.55,34.63,Rattus norvegicus
NEUR_5911,Hypothalamus,112.04,32.36,Rattus norvegicus
NEUR_3695,Thalamus,7.47,71.35,Mus musculus
NEUR_6925,Thalamus,73.81,51.14,Danio rerio
NEUR_9414,Hippocampus,58.26,16.51,Mus musculus
NEUR_3986,Hippocampus,7.26,105.6,Mus musculus
NEUR_9105,Cortex,0.75,54.95,Macaca mulatta
NEUR_9537,Hippocampus,21.67,116.75,Danio rerio
NEUR_1003,Cortex,25.08,47.82,Rattus norvegicus
NEUR_7996,Thalamus,123.63,61.33,Macaca mulatta
NEUR_5754,Striatum,135.96,96.79,Mus musculus
NEUR_1888,Hypothalamus,128.48,39.71,Macaca mulatta
NEUR_3845,Cortex,4.33,29.66,Macaca mulatta
NEUR_3902,Hypothalamus,119.97,60.25,Danio rerio
NEUR_9271,Thalamus,142.12,46.44,Mus musculus
NEUR_9055,Amygdala,115.16,57.39,Macaca mulatta
NEUR_9542,Thalamus,135.67,78.54,Mus musculus
NEUR_3527,Thalamus,9.08,25.55,Rattus norvegicus
NEUR_7638,Cortex,80.16,92.05,Danio rerio
NEUR_8644,Hypothalamus,55.26,67.42,Macaca mulatta
NEUR_2310,Hypothalamus,80.13,79.55,Rattus norvegicus
NEUR_4492,Striatum,48.55,88.01,Danio rerio
NEUR_2185,Hypothalamus,106.0,12.98,Macaca mulatta
NEUR_4723,Hypothalamus,11.45,104.58,Macaca mulatta
NEUR_9347,Striatum,96.73,18.14,Danio rerio
NEUR_6920,Cortex,36.97,44.71,Danio rerio
NEUR_1293,Hippocampus,107.34,28.8,Macaca mulatta
NEUR_2369,Hippocampus,50.4,71.84,Danio rerio
NEUR_9865,Striatum,130.48,27.39,Danio rerio
NEUR_2556,Striatum,62.26,77.01,Mus musculus
NEUR_3161,Amygdala,147.03,96.13,Mus musculus
NEUR_2627,Cerebellum,34.21,79.01,Rattus norvegicus
NEUR_1433,Hippocampus,23.11,80.14,Rattus norvegicus
NEUR_4120,Thalamus,11.91,36.34,Macaca mulatta
NEUR_6238,Striatum,95.84,44.34,Macaca mulatta
NEUR_8572,Hippocampus,137.18,95.04,Danio rerio
NEUR_5876,Amygdala,4.25,23.14,Rattus norvegicus
NEUR_7975,Cerebellum,3.71,85.71,Danio rerio
NEUR_6938,Thalamus,58.51,48.24,Mus musculus
NEUR_3985,Hippocampus,43.79,29.38,Rattus norvegicus
NEUR_8874,Striatum,42.6,59.23,Mus musculus
NEUR_6821,Hippocampus,118.19,49.25,Macaca mulatta
NEUR_1979,Cortex,79.91,90.66,Mus musculus
NEUR_7895,Cerebellum,130.42,11.24,Rattus norvegicus
NEUR_3003,Cortex,0.58,53.71,Macaca mulatta
NEUR_4113,Thalamus,143.61,64.56,Rattus norvegicus
NEUR_6532,Amygdala,105.27,74.9,Danio rerio
NEUR_7531,Hippocampus,137.02,10.15,Mus musculus
NEUR_6686,Hippocampus,72.83,104.32,Danio rerio
NEUR_4764,Hypothalamus,79.26,73.26,Danio rerio
NEUR_3387,Cortex,135.15,80.56,Danio rerio
NEUR_2297,Thalamus,27.01,57.09,Mus musculus
NEUR_9081,Cortex,77.96,119.53,Danio rerio
NEUR_3745,Hypothalamus,114.91,25.0,Danio rerio
NEUR_7728,Cerebellum,137.63,103.8,Danio rerio
NEUR_8366,Thalamus,56.78,118.12,Mus musculus
NEUR_3081,Amygdala,102.12,43.99,Rattus norvegicus
NEUR_2013,Cerebellum,14.34,116.48,Rattus norvegicus
NEUR_1767,Striatum,48.82,15.8,Macaca mulatta
NEUR_7531,Cerebellum,92.51,101.02,Danio rerio
NEUR_7372,Hypothalamus,143.46,106.96,Rattus norvegicus
NEUR_9069,Cortex,142.91,55.3,Danio rerio
NEUR_7396,Cortex,31.98,99.19,Rattus norvegicus
NEUR_2461,Hippocampus,49.68,49.39,Macaca mulatta
NEUR_1626,Cortex,111.25,39.77,Danio rerio
NEUR_6382,Striatum,106.31,58.69,Mus musculus
NEUR_1803,Hippocampus,25.99,66.21,Rattus norvegicus
NEUR_6246,Striatum,137.69,65.68,Mus musculus
NEUR_4483,Hypothalamus,88.77,74.37,Rattus norvegicus
NEUR_6215,Striatum,49.8,41.11,Danio rerio
NEUR_8048,Hypothalamus,126.38,100.66,Mus musculus
NEUR_9355,Thalamus,58.87,53.66,Macaca mulatta
NEUR_9346,Hypothalamus,35.89,47.2,Macaca mulatta
NEUR_3378,Cortex,36.16,31.53,Rattus norvegicus
NEUR_6871,Amygdala,16.82,72.51,Rattus norvegicus
NEUR_5234,Amygdala,35.12,53.8,Macaca mulatta
NEUR_4697,Amygdala,76.58,108.01,Danio rerio
NEUR_1914,Amygdala,0.17,112.39,Rattus norvegicus
NEUR_1106,Hypothalamus,134.09,103.62,Mus musculus
NEUR_3974,Thalamus,52.92,79.15,Mus musculus
NEUR_1987,Hypothalamus,148.67,12.62,Danio rerio
NEUR_4100,Cortex,31.25,23.29,Rattus norvegicus
NEUR_7312,Amygdala,128.3,35.3,Mus musculus
NEUR_8233,Cerebellum,29.75,118.36,Mus musculus
NEUR_2607,Thalamus,122.44,39.99,Danio rerio
NEUR_9684,Striatum,50.9,58.38,Rattus norvegicus
NEUR_4667,Cerebellum,9.66,68.0,Mus musculus
NEUR_5079,Hippocampus,48.07,48.51,Rattus norvegicus
NEUR_9964,Hippocampus,23.36,19.38,Danio rerio
NEUR_2391,Striatum,22.76,21.89,Macaca mulatta
NEUR_6200,Hypothalamus,36.2,88.35,Mus musculus
NEUR_9769,Cerebellum,107.68,39.73,Rattus norvegicus
NEUR_8833,Striatum,97.13,105.58,Danio rerio
NEUR_2402,Hippocampus,30.35,18.26,Danio rerio
NEUR_8817,Hippocampus,144.7,13.3,Mus musculus
NEUR_4302,Cortex,22.24,59.71,Rattus norvegicus
NEUR_2811,Cortex,37.78,22.15,Mus musculus
NEUR_9569,Hypothalamus,86.27,13.08,Danio rerio
NEUR_8472,Cerebellum,101.76,33.37,Mus musculus
NEUR_8756,Amygdala,135.67,37.7,Rattus norvegicus
NEUR_7606,Hypothalamus,70.02,33.21,Mus musculus
NEUR_7653,Striatum,70.0,28.08,Mus musculus
NEUR_9647,Hypothalamus,39.32,38.99,Danio rerio
NEUR_3903,Thalamus,1.29,74.44,Danio rerio
NEUR_8959,Cortex,99.82,29.47,Danio rerio
NEUR_3111,Amygdala,89.72,15.47,Danio rerio
NEUR_5830,Amygdala,61.84,59.95,Macaca mulatta
NEUR_7107,Hypothalamus,65.15,118.71,Macaca mulatta
NEUR_6250,Amygdala,77.96,86.81,Rattus norvegicus
NEUR_3423,Hippocampus,46.88,106.21,Rattus norvegicus
NEUR_2966,Amygdala,79.9,59.21,Rattus norvegicus
NEUR_1108,Cortex,26.53,49.15,Macaca mulatta
NEUR_8518,Thalamus,113.99,85.72,Danio rerio
NEUR_5547,Hippocampus,94.28,29.38,Mus musculus
NEUR_5577,Hippocampus,14.56,36.32,Macaca mulatta
NEUR_8597,Hippocampus,111.37,90.98,Danio rerio
NEUR_2345,Amygdala,66.55,61.29,Macaca mulatta
NEUR_7658,Cerebellum,62.35,43.81,Danio rerio
NEUR_8603,Hippocampus,115.44,64.94,Macaca mulatta
NEUR_3321,Thalamus,27.13,81.95,Mus musculus
NEUR_5403,Amygdala,96.28,65.93,Danio rerio
NEUR_5878,Cerebellum,54.31,93.05,Danio rerio
NEUR_8842,Cerebellum,114.72,14.16,Rattus norvegicus
NEUR_6361,Hypothalamus,58.47,16.33,Macaca mulatta
NEUR_7015,Cortex,146.74,79.5,Macaca mulatta
NEUR_8882,Cortex,101.83,56.15,Rattus norvegicus
NEUR_1023,Hippocampus,84.96,115.39,Macaca mulatta
NEUR_7275,Cerebellum,83.28,11.69,Mus musculus
NEUR_9980,Thalamus,39.53,106.11,Macaca mulatta
NEUR_5380,Amygdala,85.3,94.89,Mus musculus
NEUR_2524,Cortex,80.67,58.05,Danio rerio
NEUR_2223,Hippocampus,134.7,86.48,Mus musculus
NEUR_5783,Cortex,20.2,40.56,Mus musculus
NEUR_9880,Cerebellum,118.0,39.8,Macaca mulatta
NEUR_3219,Thalamus,69.96,94.12,Danio rerio
NEUR_5635,Amygdala,86.81,19.6,Danio rerio
NEUR_1950,Hypothalamus,126.71,15.13,Mus musculus
NEUR_4768,Cortex,13.82,106.15,Macaca mulatta
NEUR_9724,Thalamus,64.53,37.66,Danio rerio
NEUR_5039,Cerebellum,51.84,49.98,Mus musculus
NEUR_3317,Thalamus,66.87,74.26,Danio rerio
NEUR_2781,Hippocampus,130.48,67.59,Danio rerio
NEUR_3498,Thalamus,124.16,19.27,Rattus norvegicus
NEUR_7269,Hypothalamus,97.25,106.87,Macaca mulatta
NEUR_9335,Thalamus,105.49,88.26,Macaca mulatta
NEUR_4494,Amygdala,119.02,28.04,Mus musculus
NEUR_7787,Hippocampus,33.21,29.86,Mus musculus
NEUR_9085,Hippocampus,97.04,81.63,Danio rerio
NEUR_6613,Hippocampus,1.19,61.91,Mus musculus
NEUR_5902,Thalamus,118.08,102.84,Macaca mulatta
NEUR_5158,Hypothalamus,61.86,22.92,Rattus norvegicus
NEUR_6258,Thalamus,44.84,44.0,Mus musculus
NEUR_9277,Cerebellum,47.14,58.3,Macaca mulatta
NEUR_2269,Thalamus,87.83,114.78,Mus musculus
NEUR_2303,Thalamus,15.97,109.88,Macaca mulatta
NEUR_1269,Hippocampus,115.3,36.34,Macaca mulatta
NEUR_4513,Hypothalamus,98.48,63.73,Rattus norvegicus
NEUR_7580,Amygdala,7.58,88.07,Danio rerio
NEUR_2304,Cortex,105.18,79.17,Macaca mulatta
NEUR_6593,Striatum,57.4,77.75,Mus musculus
NEUR_9365,Hippocampus,15.92,83.21,Rattus norvegicus
NEUR_9821,Amygdala,100.54,28.05,Danio rerio
NEUR_2063,Cortex,83.28,114.74,Danio rerio
NEUR_5456,Hippocampus,0.61,80.2,Rattus norvegicus
NEUR_9095,Hypothalamus,108.82,16.54,Danio rerio
NEUR_1318,Amygdala,56.07,37.04,Mus musculus
NEUR_3287,Cerebellum,3.77,20.7,Mus musculus
NEUR_5429,Thalamus,44.23,104.08,Danio rerio
NEUR_1871,Cerebellum,57.13,47.38,Rattus norvegicus
NEUR_7127,Amygdala,50.72,85.98,Macaca mulatta
NEUR_5394,Cortex,29.54,82.37,Macaca mulatta
NEUR_7758,Hypothalamus,75.54,41.01,Mus musculus
NEUR_1875,Cortex,28.67,10.6,Rattus norvegicus
NEUR_9717,Cortex,146.44,117.7,Rattus norvegicus
NEUR_8820,Amygdala,32.38,46.64,Mus musculus
NEUR_2953,Hippocampus,136.88,52.11,Mus musculus
NEUR_5726,Amygdala,104.39,61.21,Mus musculus
NEUR_3762,Amygdala,134.4,87.33,Danio rerio
NEUR_2995,Hippocampus,123.43,53.97,Macaca mulatta
NEUR_8458,Hippocampus,65.21,40.56,Macaca mulatta
NEUR_9119,Amygdala,23.4,69.91,Mus musculus
NEUR_2795,Thalamus,90.29,16.44,Mus musculus
NEUR_3371,Thalamus,16.22,24.94,Danio rerio
NEUR_6912,Amygdala,64.85,24.68,Macaca mulatta
NEUR_9828,Cerebellum,96.81,21.09,Danio rerio
NEUR_7120,Hypothalamus,44.83,63.18,Danio rerio
NEUR_9836,Striatum,69.65,110.19,Rattus norvegicus
NEUR_7364,Striatum,37.78,52.8,Macaca mulatta
NEUR_2920,Thalamus,90.26,27.13,Mus musculus
NEUR_1603,Thalamus,67.93,84.15,Mus musculus
NEUR_5965,Amygdala,127.93,117.36,Danio rerio
NEUR_4398,Hippocampus,137.64,89.68,Mus musculus
NEUR_4816,Amygdala,12.9,83.94,Danio rerio
NEUR_4721,Thalamus,54.28,49.16,Macaca mulatta
NEUR_3134,Cerebellum,28.68,54.28,Rattus norvegicus
NEUR_2818,Thalamus,126.74,89.51,Danio rerio
NEUR_3108,Hippocampus,78.71,119.58,Mus musculus
NEUR_7561,Hippocampus,30.05,54.08,Rattus norvegicus
NEUR_4542,Cortex,93.9,47.21,Rattus norvegicus
NEUR_2582,Hypothalamus,14.67,95.8,Mus musculus
NEUR_6823,Striatum,73.08,107.36,Rattus norvegicus
NEUR_2041,Striatum,48.55,59.19,Rattus norvegicus
NEUR_1290,Cortex,44.46,31.02,Danio rerio
NEUR_4095,Amygdala,12.9,10.67,Rattus norvegicus
NEUR_5964,Striatum,12.51,113.87,Danio rerio
NEUR_9597,Hippocampus,53.33,66.38,Mus musculus
NEUR_2558,Hypothalamus,106.66,58.24,Rattus norvegicus
NEUR_5783,Thalamus,112.79,83.74,Macaca mulatta
NEUR_7971,Cortex,27.93,117.64,Danio rerio
NEUR_4275,Cerebellum,2.5,64.61,Macaca mulatta
NEUR_6142,Cortex,10.92,76.82,Mus musculus
NEUR_4382,Cortex,42.29,46.26,Macaca mulatta
NEUR_3938,Amygdala,44.82,25.79,Mus musculus
NEUR_2152,Hippocampus,66.15,112.44,Rattus norvegicus
NEUR_2812,Cortex,107.62,93.71,Rattus norvegicus
NEUR_3076,Cerebellum,76.42,115.88,Danio rerio
NEUR_7800,Hypothalamus,20.38,39.01,Mus musculus
NEUR_8364,Amygdala,17.22,52.33,Danio rerio
NEUR_7220,Cerebellum,16.53,12.91,Macaca mulatta
NEUR_9847,Amygdala,103.49,82.44,Mus musculus
NEUR_9372,Thalamus,113.02,18.71,Mus musculus
NEUR_1308,Hypothalamus,27.73,117.77,Mus musculus
NEUR_4387,Hypothalamus,133.32,66.34,Macaca mulatta
NEUR_1478,Amygdala,84.0,49.2,Mus musculus
NEUR_6483,Hippocampus,9.31,110.23,Rattus norvegicus
NEUR_9065,Cerebellum,76.72,17.01,Rattus norvegicus
NEUR_6467,Cerebellum,103.78,78.83,Danio rerio
NEUR_7518,Hippocampus,129.75,83.64,Macaca mulatta
NEUR_6843,Thalamus,142.86,82.71,Macaca mulatta
NEUR_8820,Hippocampus,6.25,95.26,Danio rerio
NEUR_5081,Striatum,147.39,93.85,Macaca mulatta
NEUR_9473,Hippocampus,90.32,48.35,Macaca mulatta
NEUR_9713,Cortex,81.06,17.6,Rattus norvegicus
NEUR_1919,Thalamus,144.15,110.9,Mus musculus
NEUR_3307,Amygdala,47.38,113.07,Mus musculus
NEUR_6597,Amygdala,25.9,115.57,Rattus norvegicus
NEUR_5581,Amygdala,44.64,117.3,Danio rerio
NEUR_6720,Thalamus,88.69,92.55,Macaca mulatta
NEUR_6803,Cortex,58.37,43.2,Mus musculus
NEUR_5014,Cortex,64.06,82.83,Mus musculus
NEUR_1156,Cerebellum,30.97,112.08,Macaca mulatta
NEUR_5707,Striatum,135.65,91.29,Mus musculus
NEUR_8215,Striatum,133.5,47.78,Danio rerio
NEUR_6368,Thalamus,114.76,60.88,Rattus norvegicus
NEUR_5425,Thalamus,146.85,39.11,Macaca mulatta
NEUR_4134,Cortex,48.38,112.3,Danio rerio
NEUR_8530,Cortex,93.18,28.13,Danio rerio
NEUR_6612,Hippocampus,97.62,19.31,Macaca mulatta
NEUR_5094,Striatum,105.68,52.84,Macaca mulatta
NEUR_1760,Cerebellum,103.58,115.9,Danio rerio
NEUR_1296,Hippocampus,47.14,54.75,Mus musculus
NEUR_5466,Striatum,35.52,63.67,Danio rerio
NEUR_2773,Thalamus,8.97,98.79,Mus musculus
NEUR_6380,Cerebellum,40.98,54.39,Rattus norvegicus
NEUR_6570,Hypothalamus,8.13,71.81,Macaca mulatta
NEUR_5794,Cortex,21.08,39.78,Danio rerio
NEUR_7809,Thalamus,145.94,96.09,Rattus norvegicus
NEUR_7313,Cerebellum,62.0,25.81,Mus musculus
NEUR_6294,Hippocampus,30.72,11.16,Danio rerio
NEUR_5376,Amygdala,7.23,103.17,Mus musculus
NEUR_7039,Striatum,26.78,61.95,Rattus norvegicus
NEUR_9470,Striatum,135.79,98.5,Rattus norvegicus
NEUR_6793,Thalamus,141.68,77.84,Macaca mulatta
NEUR_1629,Cerebellum,70.85,116.71,Macaca mulatta
NEUR_9886,Hippocampus,113.32,33.61,Danio rerio
NEUR_8718,Cortex,56.8,117.48,Danio rerio
NEUR_1320,Cortex,63.84,18.87,Macaca mulatta
NEUR_5043,Hippocampus,72.77,17.02,Danio rerio
NEUR_8948,Cerebellum,53.9,110.02,Rattus norvegicus
NEUR_5236,Cortex,71.76,57.52,Rattus norvegicus
NEUR_5763,Cortex,72.64,22.2,Macaca mulatta
NEUR_5352,Cerebellum,149.69,50.33,Mus musculus
NEUR_4723,Striatum,115.05,119.31,Danio rerio
NEUR_6988,Striatum,13.68,32.61,Macaca mulatta
NEUR_2627,Striatum,149.49,60.06,Macaca mulatta
NEUR_1545,Hippocampus,105.65,102.36,Danio rerio
NEUR_7046,Hippocampus,131.5,86.6,Macaca mulatta
NEUR_6786,Striatum,39.73,56.08,Mus musculus
NEUR_1109,Thalamus,87.48,107.3,Rattus norvegicus
NEUR_9793,Striatum,63.42,114.31,Rattus norvegicus
NEUR_5170,Cerebellum,84.25,17.7,Danio rerio
NEUR_8380,Amygdala,148.47,11.06,Macaca mulatta
NEUR_4131,Thalamus,79.38,11.79,Macaca mulatta
NEUR_1006,Hippocampus,45.53,35.62,Danio rerio
NEUR_5539,Amygdala,69.26,18.12,Rattus norvegicus
NEUR_6546,Amygdala,59.41,114.08,Danio rerio
NEUR_5245,Cerebellum,8.43,65.71,Mus musculus
NEUR_5527,Thalamus,112.46,60.81,Macaca mulatta
NEUR_3949,Thalamus,54.15,39.52,Macaca mulatta
NEUR_3599,Amygdala,67.72,22.59,Rattus norvegicus
NEUR_4386,Cerebellum,16.3,31.6,Danio rerio
NEUR_1797,Striatum,25.44,108.68,Macaca mulatta
NEUR_6983,Striatum,98.78,52.52,Rattus norvegicus
NEUR_5974,Cerebellum,95.29,24.5,Danio rerio
NEUR_6338,Cerebellum,24.13,88.17,Mus musculus
NEUR_1714,Thalamus,46.87,75.78,Macaca mulatta
NEUR_4494,Hypothalamus,51.42,77.22,Rattus norvegicus
NEUR_3971,Thalamus,135.04,78.59,Danio rerio
NEUR_8642,Thalamus,78.06,77.93,Danio rerio
NEUR_5206,Hippocampus,35.35,15.52,Mus musculus
NEUR_1708,Amygdala,132.0,91.14,Danio rerio
NEUR_7922,Hypothalamus,21.51,109.7,Danio rerio
NEUR_4121,Striatum,12.37,23.57,Macaca mulatta
NEUR_8091,Cortex,9.39,66.24,Rattus norvegicus
NEUR_4240,Hippocampus,58.39,46.94,Danio rerio
NEUR_2388,Striatum,110.45,34.49,Macaca mulatta
NEUR_8243,Hypothalamus,117.24,37.65,Danio rerio
NEUR_7285,Hypothalamus,95.37,54.99,Rattus norvegicus
NEUR_1543,Amygdala,46.48,16.48,Macaca mulatta
NEUR_9303,Cortex,50.62,13.08,Danio rerio
NEUR_9253,Cortex,100.34,74.33,Rattus norvegicus
NEUR_9258,Thalamus,22.79,66.05,Macaca mulatta
NEUR_3013,Hippocampus,0.36,36.21,Rattus norvegicus
NEUR_9567,Hippocampus,40.18,113.14,Mus musculus
NEUR_2993,Cerebellum,140.64,75.7,Mus musculus
NEUR_6935,Cerebellum,117.24,85.91,Macaca mulatta
NEUR_4350,Thalamus,85.17,108.41,Mus musculus
NEUR_8112,Hypothalamus,19.99,32.45,Rattus norvegicus
NEUR_8408,Hypothalamus,66.49,116.45,Rattus norvegicus
NEUR_5146,Hypothalamus,135.93,43.42,Danio rerio
NEUR_1240,Thalamus,83.16,43.49,Danio rerio
NEUR_4533,Hypothalamus,96.92,40.19,Rattus norvegicus
NEUR_4108,Hippocampus,112.59,64.26,Macaca mulatta
NEUR_4525,Hypothalamus,78.22,107.64,Mus musculus
NEUR_9050,Striatum,16.3,104.82,Danio rerio
NEUR_6596,Striatum,15.9,80.66,Danio rerio
NEUR_7541,Hypothalamus,8.58,78.74,Danio rerio
NEUR_7325,Cerebellum,141.03,113.2,Danio rerio
NEUR_2533,Hippocampus,148.22,26.08,Danio rerio
NEUR_2393,Hypothalamus,103.34,27.2,Mus musculus
NEUR_6900,Hypothalamus,146.02,11.2,Macaca mulatta
NEUR_6220,Amygdala,74.05,29.91,Macaca mulatta
NEUR_5603,Amygdala,3.1,17.81,Mus musculus
NEUR_9965,Amygdala,136.33,38.31,Rattus norvegicus
NEUR_6146,Cerebellum,38.15,105.87,Danio rerio
NEUR_8414,Cerebellum,70.03,68.74,Mus musculus
NEUR_6932,Thalamus,93.78,83.48,Rattus norvegicus
NEUR_5248,Striatum,0.43,118.21,Danio rerio
NEUR_6635,Cerebellum,8.03,86.88,Macaca mulatta
NEUR_7866,Cortex,149.47,45.1,Mus musculus
NEUR_4652,Cerebellum,7.58,57.83,Rattus norvegicus
NEUR_7383,Thalamus,68.07,106.73,Mus musculus
NEUR_3122,Striatum,38.31,93.21,Rattus norvegicus
NEUR_9923,Thalamus,115.29,91.85,Mus musculus
NEUR_1546,Amygdala,70.97,70.57,Mus musculus
NEUR_1039,Cerebellum,117.79,102.44,Mus musculus
NEUR_7406,Striatum,49.63,37.86,Rattus norvegicus
NEUR_9889,Cerebellum,135.9,83.22,Danio rerio
NEUR_5986,Cerebellum,95.9,57.04,Danio rerio
NEUR_2800,Hippocampus,85.49,81.7,Danio rerio
NEUR_3585,Cortex,137.6,80.93,Rattus norvegicus
NEUR_8050,Hypothalamus,72.62,29.62,Danio rerio
NEUR_9110,Amygdala,46.3,97.81,Rattus norvegicus
NEUR_6947,Striatum,111.86,117.66,Mus musculus
NEUR_8951,Cortex,127.68,59.83,Danio rerio
NEUR_4132,Thalamus,82.36,60.99,Macaca mulatta
NEUR_8243,Hypothalamus,0.39,82.79,Mus musculus
NEUR_8470,Striatum,119.36,25.93,Mus musculus
NEUR_9088,Hypothalamus,106.38,37.7,Rattus norvegicus
NEUR_3669,Hippocampus,6.61,30.39,Danio rerio
NEUR_1880,Hippocampus,94.97,77.79,Danio rerio
NEUR_4611,Cortex,106.63,99.99,Macaca mulatta
NEUR_9658,Hippocampus,59.52,54.87,Mus musculus
NEUR_3408,Hippocampus,49.11,54.67,Danio rerio
NEUR_3159,Striatum,110.55,43.33,Danio rerio
NEUR_1215,Striatum,44.85,17.84,Mus musculus
NEUR_8869,Amygdala,5.03,74.73,Danio rerio
NEUR_6637,Cortex,62.25,107.82,Macaca mulatta
NEUR_6637,Cortex,76.41,96.53,Macaca mulatta
NEUR_1523,Hypothalamus,13.97,30.1,Rattus norvegicus
NEUR_8639,Hippocampus,21.2,40.67,Mus musculus
NEUR_2068,Hippocampus,5.08,47.81,Mus musculus
NEUR_6694,Amygdala,109.13,48.55,Mus musculus
NEUR_6292,Thalamus,26.51,102.18,Danio rerio
NEUR_5586,Amygdala,118.72,13.27,Danio rerio
NEUR_3967,Hypothalamus,111.27,82.14,Macaca mulatta
NEUR_2086,Cerebellum,6.09,63.31,Mus musculus
NEUR_3138,Hypothalamus,83.66,88.59,Mus musculus
NEUR_4153,Hippocampus,60.8,108.98,Mus musculus
NEUR_1470,Thalamus,131.43,92.29,Mus musculus
NEUR_6391,Cerebellum,42.27,35.88,Rattus norvegicus
NEUR_3716,Hippocampus,65.59,56.58,Mus musculus
NEUR_8057,Striatum,13.58,42.2,Danio rerio
NEUR_7492,Cortex,124.79,24.04,Danio rerio
NEUR_8158,Hippocampus,47.59,88.62,Mus musculus
NEUR_5568,Hypothalamus,125.55,117.45,Rattus norvegicus
NEUR_7777,Striatum,51.77,32.86,Danio rerio
NEUR_7325,Cortex,95.48,102.19,Danio rerio
NEUR_7248,Hippocampus,30.73,15.02,Mus musculus
NEUR_3344,Hypothalamus,133.32,109.16,Mus musculus
NEUR_1678,Cortex,47.34,37.47,Macaca mulatta
NEUR_4887,Amygdala,120.67,10.72,Macaca mulatta
NEUR_7324,Hypothalamus,138.09,42.4,Danio rerio
NEUR_1724,Striatum,120.16,97.09,Danio rerio
NEUR_4330,Striatum,94.96,51.9,Danio rerio
NEUR_5493,Striatum,134.87,100.65,Rattus norvegicus
NEUR_6389,Hypothalamus,124.44,22.29,Rattus norvegicus
NEUR_7476,Hypothalamus,2.31,44.2,Macaca mulatta
NEUR_2944,Cerebellum,80.78,59.6,Mus musculus
NEUR_8281,Cortex,79.6,76.85,Macaca mulatta
NEUR_5100,Cortex,19.76,109.82,Mus musculus
NEUR_6041,Striatum,20.27,74.7,Rattus norvegicus
NEUR_8536,Cortex,112.97,118.27,Rattus norvegicus
NEUR_4371,Cortex,67.54,60.25,Rattus norvegicus
NEUR_2938,Hippocampus,16.77,104.58,Macaca mulatta
NEUR_5593,Amygdala,126.67,41.76,Macaca mulatta
NEUR_6569,Cerebellum,83.3,60.51,Mus musculus
NEUR_6590,Striatum,96.88,117.66,Rattus norvegicus
NEUR_3063,Cerebellum,26.56,75.97,Mus musculus
NEUR_4194,Striatum,60.32,117.4,Macaca mulatta
NEUR_2839,Thalamus,1.53,94.59,Mus musculus
NEUR_9691,Thalamus,43.16,49.22,Macaca mulatta
NEUR_7293,Cortex,35.44,85.13,Danio rerio
NEUR_6653,Striatum,69.2,20.12,Mus musculus
NEUR_2492,Cerebellum,58.14,30.98,Mus musculus
NEUR_9601,Hippocampus,111.47,23.98,Macaca mulatta
NEUR_7033,Thalamus,76.99,118.16,Rattus norvegicus
NEUR_6752,Striatum,57.67,25.49,Macaca mulatta
NEUR_4297,Striatum,80.87,30.76,Rattus norvegicus
NEUR_7834,Cerebellum,15.24,112.16,Rattus norvegicus
NEUR_5554,Thalamus,147.09,93.65,Mus musculus
NEUR_4429,Hippocampus,82.04,58.77,Mus musculus
NEUR_8213,Cerebellum,72.96,19.77,Macaca mulatta
NEUR_7154,Hippocampus,100.25,17.07,Mus musculus
NEUR_6473,Hypothalamus,70.04,17.58,Macaca mulatta
NEUR_2433,Cerebellum,51.45,82.15,Rattus norvegicus
NEUR_6509,Hippocampus,27.76,58.09,Rattus norvegicus
NEUR_9530,Cortex,71.27,83.35,Mus musculus
NEUR_8116,Thalamus,113.92,55.21,Macaca mulatta
NEUR_7145,Amygdala,101.2,77.8,Mus musculus
NEUR_8061,Hippocampus,149.27,25.55,Mus musculus
NEUR_4408,Amygdala,78.77,53.09,Rattus norvegicus
NEUR_6833,Cortex,136.32,56.15,Rattus norvegicus
NEUR_6467,Cerebellum,142.79,102.05,Macaca mulatta
NEUR_3461,Cerebellum,112.12,44.62,Rattus norvegicus
NEUR_8179,Thalamus,25.98,113.0,Macaca mulatta
NEUR_8805,Amygdala,42.93,71.83,Rattus norvegicus
NEUR_9225,Striatum,86.9,34.0,Rattus norvegicus
NEUR_7425,Striatum,33.31,55.18,Danio rerio
NEUR_2924,Amygdala,10.56,117.68,Macaca mulatta
NEUR_1835,Amygdala,143.52,113.22,Rattus norvegicus
NEUR_2083,Cortex,22.28,109.31,Macaca mulatta
NEUR_7009,Striatum,83.44,62.46,Macaca mulatta
NEUR_7058,Cerebellum,75.55,10.55,Danio rerio
NEUR_1491,Striatum,4.61,55.41,Danio rerio
NEUR_3205,Amygdala,121.27,68.86,Danio rerio
NEUR_9948,Amygdala,51.22,85.57,Macaca mulatta
NEUR_6618,Hypothalamus,5.39,69.63,Danio rerio
NEUR_6790,Hippocampus,132.34,39.96,Macaca mulatta
NEUR_7599,Striatum,118.08,38.2,Danio rerio
NEUR_2544,Striatum,46.82,49.43,Danio rerio
NEUR_1803,Striatum,58.98,19.87,Macaca mulatta
NEUR_5592,Hypothalamus,75.18,17.11,Mus musculus
NEUR_1040,Cerebellum,104.47,10.13,Rattus norvegicus
NEUR_8650,Thalamus,133.22,106.41,Macaca mulatta
NEUR_4062,Hypothalamus,133.08,78.62,Mus musculus
NEUR_6115,Thalamus,92.38,41.51,Danio rerio
NEUR_2604,Cerebellum,22.71,14.55,Rattus norvegicus
NEUR_3044,Hypothalamus,81.41,85.55,Macaca mulatta
NEUR_1025,Amygdala,123.51,95.9,Rattus norvegicus
NEUR_7101,Cortex,18.05,41.43,Rattus norvegicus
NEUR_2160,Hypothalamus,50.94,30.89,Rattus norvegicus
NEUR_1048,Cortex,80.26,60.47,Danio rerio
NEUR_7669,Hippocampus,43.81,103.23,Mus musculus
NEUR_6723,Striatum,132.82,86.23,Macaca mulatta
NEUR_8295,Hippocampus,126.11,98.84,Mus musculus
NEUR_1389,Cerebellum,42.88,31.79,Mus musculus
NEUR_9845,Striatum,113.66,36.24,Mus musculus
NEUR_4856,Hypothalamus,16.85,88.75,Mus musculus
NEUR_3868,Striatum,31.22,62.25,Mus musculus
NEUR_6844,Striatum,70.32,16.8,Danio rerio
NEUR_1619,Striatum,55.5,57.08,Macaca mulatta
NEUR_4449,Hippocampus,81.55,113.78,Mus musculus
NEUR_7883,Amygdala,61.34,97.61,Mus musculus
NEUR_7646,Cortex,142.45,52.02,Macaca mulatta
NEUR_6123,Striatum,85.12,105.36,Mus musculus
NEUR_1311,Cerebellum,59.26,82.35,Mus musculus
NEUR_9235,Cerebellum,89.4,13.23,Rattus norvegicus
NEUR_2305,Striatum,3.16,118.79,Danio rerio
NEUR_7212,Striatum,101.46,36.01,Danio rerio
NEUR_4997,Cortex,23.19,86.22,Macaca mulatta
NEUR_4366,Amygdala,138.76,73.0,Mus musculus
NEUR_9602,Cerebellum,32.58,84.87,Mus musculus
NEUR_6979,Thalamus,99.51,106.32,Rattus norvegicus
NEUR_2452,Hippocampus,73.86,48.57,Mus musculus
NEUR_1551,Hippocampus,124.62,10.11,Mus musculus
NEUR_9031,Amygdala,43.72,63.31,Macaca mulatta
NEUR_5570,Cerebellum,81.55,12.92,Macaca mulatta
NEUR_5426,Thalamus,38.04,96.73,Danio rerio
NEUR_1392,Striatum,138.19,53.8,Rattus norvegicus
NEUR_4432,Amygdala,12.64,83.63,Rattus norvegicus
NEUR_5695,Hippocampus,24.22,95.13,Danio rerio
NEUR_5233,Striatum,85.0,93.22,Danio rerio
NEUR_6379,Hypothalamus,50.63,83.82,Macaca mulatta
NEUR_9714,Amygdala,8.38,78.01,Mus musculus
NEUR_4548,Cortex,32.16,28.97,Rattus norvegicus
NEUR_5953,Amygdala,78.54,62.92,Mus musculus
NEUR_7608,Amygdala,136.21,75.04,Mus musculus
NEUR_5261,Cortex,6.1,17.23,Danio rerio
NEUR_6626,Cortex,120.0,55.06,Macaca mulatta
NEUR_6905,Amygdala,51.97,107.37,Macaca mulatta
NEUR_6669,Cerebellum,137.24,113.41,Rattus norvegicus
NEUR_2878,Striatum,43.06,59.22,Danio rerio
NEUR_8324,Striatum,47.49,87.76,Rattus norvegicus
NEUR_1695,Striatum,120.15,56.9,Mus musculus
NEUR_3711,Cerebellum,35.28,11.74,Mus musculus
NEUR_3254,Cortex,96.27,53.06,Danio rerio
NEUR_1211,Cerebellum,13.14,48.32,Macaca mulatta
NEUR_1730,Cerebellum,32.04,72.42,Macaca mulatta
NEUR_6227,Thalamus,93.01,101.73,Mus musculus
NEUR_4458,Hippocampus,85.65,48.44,Danio rerio
NEUR_6432,Hypothalamus,148.63,51.96,Macaca mulatta
NEUR_1828,Cortex,50.42,50.97,Mus musculus
NEUR_9893,Hippocampus,61.26,88.1,Mus musculus
NEUR_5551,Cerebellum,116.95,55.04,Mus musculus
NEUR_5483,Cortex,41.38,62.44,Macaca mulatta
NEUR_8321,Thalamus,58.39,10.03,Macaca mulatta
NEUR_6521,Hippocampus,55.65,16.54,Macaca mulatta
NEUR_5509,Amygdala,36.73,71.03,Danio rerio
NEUR_1603,Cerebellum,43.81,43.12,Rattus norvegicus
NEUR_9822,Hypothalamus,40.44,71.57,Danio rerio
NEUR_8455,Hippocampus,26.66,11.38,Macaca mulatta
NEUR_6297,Hypothalamus,91.91,81.61,Macaca mulatta
NEUR_4849,Striatum,118.48,77.89,Macaca mulatta
NEUR_7617,Striatum,94.15,119.42,Rattus norvegicus
NEUR_4331,Striatum,11.78,42.71,Mus musculus
NEUR_1509,Thalamus,62.3,42.53,Mus musculus
NEUR_7584,Striatum,39.63,13.53,Rattus norvegicus
NEUR_1897,Thalamus,137.14,97.24,Mus musculus
NEUR_9842,Cortex,112.92,73.2,Danio rerio
NEUR_6474,Hypothalamus,21.3,15.89,Macaca mulatta
NEUR_9645,Striatum,58.97,88.06,Rattus norvegicus
NEUR_9908,Cerebellum,49.34,58.49,Macaca mulatta
NEUR_9954,Hippocampus,60.54,93.05,Rattus norvegicus
NEUR_5426,Amygdala,131.26,97.01,Macaca mulatta
NEUR_7132,Hippocampus,62.42,49.02,Rattus norvegicus
NEUR_8592,Amygdala,11.13,117.67,Macaca mulatta
NEUR_5422,Hypothalamus,78.35,49.2,Danio rerio
NEUR_6780,Thalamus,117.94,13.22,Danio rerio
NEUR_7134,Cortex,143.25,95.47,Rattus norvegicus
NEUR_1387,Thalamus,48.8,48.01,Mus musculus
NEUR_3769,Thalamus,61.98,69.35,Rattus norvegicus
NEUR_5652,Hippocampus,16.91,79.16,Rattus norvegicus
NEUR_9944,Cerebellum,54.55,87.96,Mus musculus
NEUR_2323,Striatum,147.82,79.23,Macaca mulatta
NEUR_5953,Cortex,102.39,66.69,Macaca mulatta
NEUR_2570,Striatum,125.59,22.23,Rattus norvegicus
NEUR_1634,Hypothalamus,62.34,77.88,Mus musculus
NEUR_2572,Striatum,72.94,80.18,Macaca mulatta
NEUR_2373,Cerebellum,77.59,91.14,Danio rerio
NEUR_5390,Striatum,50.75,96.33,Mus musculus
NEUR_6437,Cerebellum,73.08,76.99,Mus musculus
NEUR_9213,Amygdala,142.73,51.57,Rattus norvegicus
NEUR_5913,Cerebellum,24.47,51.6,Rattus norvegicus
NEUR_7645,Hippocampus,6.52,14.05,Rattus norvegicus
NEUR_9999,Hypothalamus,70.26,26.18,Mus musculus
NEUR_7258,Striatum,49.59,27.3,Mus musculus
NEUR_8028,Cortex,3.27,76.88,Rattus norvegicus
NEUR_2137,Cerebellum,61.42,92.63,Danio rerio
NEUR_2943,Thalamus,48.74,68.72,Macaca mulatta
NEUR_3476,Hippocampus,16.16,76.52,Macaca mulatta
NEUR_5328,Amygdala,118.93,21.42,Danio rerio
NEUR_1431,Thalamus,139.35,33.7,Mus musculus
NEUR_4957,Cortex,121.89,30.75,Rattus norvegicus
NEUR_3523,Hypothalamus,135.86,52.45,Danio rerio
NEUR_2682,Hippocampus,12.33,25.59,Danio rerio
NEUR_8782,Striatum,36.3,75.19,Macaca mulatta
NEUR_2135,Cortex,120.39,29.43,Danio rerio
NEUR_2314,Cortex,102.18,83.67,Danio rerio
NEUR_2625,Thalamus,97.13,38.15,Rattus norvegicus
NEUR_1190,Striatum,137.12,49.36,Danio rerio
NEUR_4528,Hypothalamus,79.21,22.84,Macaca mulatta
NEUR_5664,Hippocampus,51.38,92.35,Rattus norvegicus
NEUR_8562,Cerebellum,34.56,13.44,Danio rerio
NEUR_5722,Hippocampus,12.13,79.14,Danio rerio
NEUR_4966,Hypothalamus,128.73,87.41,Danio rerio
NEUR_5454,Cerebellum,71.95,32.82,Mus musculus
NEUR_5963,Cerebellum,109.12,96.8,Rattus norvegicus
NEUR_6771,Hippocampus,38.89,91.42,Danio rerio
NEUR_7950,Cortex,106.21,40.01,Rattus norvegicus
NEUR_9737,Cortex,13.11,78.37,Mus musculus
NEUR_2042,Hippocampus,115.18,53.47,Mus musculus
NEUR_5692,Hypothalamus,124.38,116.99,Rattus norvegicus
NEUR_4016,Hippocampus,66.18,41.58,Mus musculus
NEUR_1916,Amygdala,8.79,14.77,Rattus norvegicus
NEUR_4553,Cortex,128.43,29.73,Rattus norvegicus
NEUR_4382,Hippocampus,126.5,70.26,Macaca mulatta
NEUR_1084,Amygdala,75.35,71.1,Rattus norvegicus
NEUR_1830,Hippocampus,32.14,77.63,Danio rerio
NEUR_6907,Hypothalamus,132.31,58.77,Mus musculus
NEUR_4148,Striatum,92.88,111.31,Macaca mulatta
NEUR_9951,Hypothalamus,115.1,106.31,Macaca mulatta
NEUR_6335,Striatum,95.44,20.7,Macaca mulatta
NEUR_6223,Amygdala,72.07,37.23,Rattus norvegicus
NEUR_8114,Cortex,68.27,92.71,Macaca mulatta
NEUR_2865,Cerebellum,98.95,97.22,Rattus norvegicus
NEUR_5360,Hippocampus,121.91,40.93,Macaca mulatta
NEUR_9739,Hippocampus,95.45,97.08,Rattus norvegicus
NEUR_3408,Striatum,141.61,33.9,Macaca mulatta
NEUR_2371,Amygdala,77.65,13.88,Macaca mulatta
NEUR_7556,Hippocampus,18.46,28.91,Macaca mulatta
NEUR_6132,Hippocampus,146.34,23.76,Macaca mulatta
NEUR_4151,Amygdala,60.68,60.04,Rattus norvegicus
NEUR_7309,Cerebellum,73.27,59.63,Mus musculus
NEUR_7435,Hippocampus,99.24,78.95,Danio rerio
NEUR_3958,Thalamus,7.79,54.39,Macaca mulatta
NEUR_1149,Hypothalamus,134.99,24.0,Danio rerio
NEUR_2128,Hippocampus,82.04,34.34,Rattus norvegicus
NEUR_1887,Cortex,69.1,91.29,Mus musculus
NEUR_5298,Striatum,135.62,75.01,Macaca mulatta
NEUR_6637,Amygdala,53.52,75.41,Mus musculus
NEUR_7622,Cerebellum,139.13,60.14,Rattus norvegicus
NEUR_2624,Hypothalamus,15.34,17.44,Rattus norvegicus
NEUR_9683,Striatum,105.22,89.76,Macaca mulatta
NEUR_3165,Amygdala,94.12,64.39,Rattus norvegicus
NEUR_3226,Amygdala,11.12,18.66,Macaca mulatta
NEUR_3808,Hippocampus,71.84,32.35,Rattus norvegicus
NEUR_5310,Hypothalamus,81.18,119.04,Danio rerio
NEUR_2498,Amygdala,57.47,32.11,Macaca mulatta
NEUR_5474,Hypothalamus,61.32,36.99,Danio rerio
NEUR_5708,Amygdala,123.3,74.49,Macaca mulatta
NEUR_2305,Cortex,39.27,65.3,Mus musculus
NEUR_3436,Cerebellum,135.79,85.37,Danio rerio
NEUR_3847,Hypothalamus,42.62,53.33,Danio rerio
NEUR_7098,Striatum,49.51,102.4,Macaca mulatta
NEUR_9340,Thalamus,117.31,58.74,Rattus norvegicus
NEUR_5538,Cerebellum,18.46,51.72,Rattus norvegicus
NEUR_3725,Hippocampus,11.04,96.41,Rattus norvegicus
NEUR_9503,Cerebellum,45.71,115.93,Rattus norvegicus
NEUR_6359,Striatum,97.5,67.56,Rattus norvegicus
NEUR_5618,Striatum,139.96,51.69,Mus musculus
NEUR_5589,Striatum,26.1,105.23,Macaca mulatta
NEUR_1582,Striatum,35.84,20.27,Rattus norvegicus
NEUR_2881,Cortex,110.17,32.74,Danio rerio
NEUR_7737,Hypothalamus,118.42,53.93,Danio rerio
NEUR_5745,Hippocampus,57.07,110.22,Danio rerio
NEUR_4770,Hypothalamus,108.47,110.94,Macaca mulatta
NEUR_4789,Cerebellum,69.07,85.06,Macaca mulatta
NEUR_8374,Hypothalamus,78.25,82.53,Rattus norvegicus
NEUR_9161,Amygdala,53.8,39.69,Mus musculus
NEUR_5309,Thalamus,130.98,86.39,Danio rerio
NEUR_1371,Cortex,42.16,18.3,Macaca mulatta
NEUR_3535,Amygdala,88.44,70.34,Danio rerio
NEUR_3257,Thalamus,63.48,90.14,Danio rerio
NEUR_2797,Amygdala,59.99,44.61,Danio rerio
NEUR_5254,Thalamus,83.8,107.45,Rattus norvegicus
NEUR_1469,Striatum,48.06,51.27,Danio rerio
NEUR_4530,Cerebellum,7.32,92.2,Macaca mulatta
NEUR_5089,Hippocampus,97.09,90.12,Macaca mulatta
NEUR_2049,Cerebellum,114.16,32.26,Rattus norvegicus
NEUR_8664,Amygdala,21.54,102.32,Mus musculus
NEUR_9173,Hypothalamus,125.08,54.75,Rattus norvegicus
NEUR_5079,Hippocampus,78.56,18.13,Macaca mulatta
NEUR_4580,Hippocampus,142.09,83.26,Macaca mulatta
NEUR_7385,Amygdala,136.89,11.59,Macaca mulatta
NEUR_8958,Cortex,37.26,34.3,Danio rerio
NEUR_5771,Amygdala,112.29,118.01,Mus musculus
NEUR_1618,Cortex,10.17,43.22,Macaca mulatta
NEUR_6648,Cerebellum,118.49,23.94,Macaca mulatta
NEUR_7060,Hypothalamus,22.94,17.69,Rattus norvegicus
NEUR_8730,Cortex,46.13,115.5,Rattus norvegicus
NEUR_4155,Hypothalamus,105.71,70.05,Mus musculus
NEUR_8206,Amygdala,99.83,104.92,Rattus norvegicus
NEUR_9600,Thalamus,31.01,52.34,Rattus norvegicus
NEUR_6341,Striatum,102.34,35.87,Rattus norvegicus
NEUR_9024,Amygdala,147.78,29.71,Rattus norvegicus
NEUR_5895,Cortex,91.61,101.75,Rattus norvegicus
NEUR_2467,Cerebellum,125.18,41.75,Danio rerio
NEUR_9631,Thalamus,28.39,14.51,Rattus norvegicus
NEUR_4163,Cortex,65.8,77.68,Mus musculus
NEUR_7544,Cortex,37.52,74.13,Danio rerio
NEUR_6408,Striatum,42.92,77.72,Rattus norvegicus
NEUR_6859,Amygdala,142.57,51.68,Macaca mulatta
NEUR_8614,Hippocampus,28.0,112.37,Danio rerio
NEUR_7741,Hippocampus,15.45,82.04,Mus musculus
NEUR_4450,Amygdala,132.22,100.03,Rattus norvegicus
NEUR_7669,Hypothalamus,2.76,59.62,Macaca mulatta
NEUR_6261,Cortex,105.69,84.59,Danio rerio
NEUR_8963,Thalamus,70.6,33.91,Rattus norvegicus
NEUR_9326,Hypothalamus,18.92,24.59,Mus musculus
NEUR_1648,Striatum,47.56,34.92,Rattus norvegicus
NEUR_9146,Hypothalamus,62.46,56.2,Macaca mulatta
NEUR_9791,Striatum,66.64,98.65,Danio rerio
NEUR_6584,Hypothalamus,88.01,56.06,Rattus norvegicus
NEUR_2788,Hypothalamus,18.84,111.68,Danio rerio
NEUR_6409,Amygdala,123.06,94.73,Mus musculus
NEUR_9558,Hypothalamus,74.9,29.89,Macaca mulatta
NEUR_8699,Cerebellum,120.02,54.45,Rattus norvegicus
NEUR_9049,Hippocampus,68.55,10.17,Danio rerio
NEUR_9036,Amygdala,61.0,87.6,Rattus norvegicus
NEUR_4803,Thalamus,129.37,92.34,Macaca mulatta
NEUR_6403,Thalamus,111.27,119.22,Mus musculus
NEUR_3993,Hypothalamus,133.15,47.24,Mus musculus
NEUR_9228,Cerebellum,83.22,48.63,Mus musculus
NEUR_5828,Thalamus,91.56,116.19,Mus musculus
NEUR_1799,Cerebellum,51.18,98.44,Macaca mulatta
NEUR_2941,Striatum,83.88,64.68,Danio rerio
NEUR_2248,Hypothalamus,6.02,15.62,Danio rerio
NEUR_3193,Hippocampus,126.97,40.04,Mus musculus
NEUR_1193,Hypothalamus,54.83,10.06,Mus musculus
NEUR_7632,Cortex,82.2,60.28,Macaca mulatta
NEUR_1290,Amygdala,67.01,75.17,Rattus norvegicus
NEUR_4883,Thalamus,23.25,97.02,Mus musculus
NEUR_4412,Cerebellum,49.16,44.65,Rattus norvegicus
NEUR_8048,Cortex,96.62,77.38,Mus musculus
NEUR_2888,Amygdala,0.28,34.63,Rattus norvegicus
NEUR_9289,Hippocampus,56.82,96.46,Rattus norvegicus
NEUR_4474,Hypothalamus,120.21,100.11,Mus musculus
NEUR_1026,Hypothalamus,68.03,32.97,Rattus norvegicus
NEUR_2132,Cortex,94.81,37.83,Macaca mulatta
NEUR_5979,Striatum,19.83,109.04,Danio rerio
NEUR_9308,Thalamus,65.16,43.05,Macaca mulatta
NEUR_2348,Cerebellum,45.16,47.29,Mus musculus
NEUR_2025,Amygdala,38.34,100.02,Macaca mulatta
NEUR_9117,Thalamus,7.93,18.47,Macaca mulatta
NEUR_5055,Hypothalamus,71.62,79.65,Danio rerio
NEUR_8116,Hypothalamus,95.31,79.3,Mus musculus
NEUR_2929,Striatum,51.53,72.41,Danio rerio
NEUR_3642,Amygdala,97.37,78.06,Mus musculus
NEUR_7771,Thalamus,3.3,55.15,Mus musculus
NEUR_1650,Thalamus,13.01,114.14,Rattus norvegicus
NEUR_4765,Hypothalamus,1.05,65.7,Rattus norvegicus
NEUR_4467,Striatum,72.87,15.8,Mus musculus
NEUR_4447,Cerebellum,113.85,22.47,Mus musculus
NEUR_9858,Cerebellum,81.0,106.21,Macaca mulatta
NEUR_9934,Thalamus,74.29,78.48,Danio rerio
NEUR_1477,Thalamus,42.35,45.36,Rattus norvegicus
NEUR_6278,Cortex,144.83,62.91,Danio rerio
NEUR_4458,Striatum,136.64,75.2,Macaca mulatta
NEUR_7784,Amygdala,132.9,71.47,Mus musculus
NEUR_2482,Hypothalamus,6.43,96.33,Macaca mulatta
NEUR_5869,Hypothalamus,18.12,16.94,Mus musculus
NEUR_4951,Amygdala,145.28,99.03,Macaca mulatta
NEUR_4820,Cortex,103.16,107.49,Rattus norvegicus
NEUR_4692,Hypothalamus,75.72,19.45,Rattus norvegicus
NEUR_2001,Thalamus,61.16,31.7,Macaca mulatta
NEUR_4644,Hippocampus,148.67,73.66,Mus musculus
NEUR_1708,Thalamus,3.37,76.82,Danio rerio
NEUR_2681,Thalamus,45.63,52.7,Mus musculus
NEUR_1457,Cerebellum,101.66,26.3,Macaca mulatta
NEUR_8061,Cortex,143.17,26.41,Mus musculus
NEUR_4764,Striatum,104.1,85.33,Macaca mulatta
NEUR_6354,Thalamus,1.67,111.42,Mus musculus
NEUR_9939,Striatum,65.3,14.54,Rattus norvegicus
NEUR_4682,Hippocampus,98.43,80.48,Mus musculus
NEUR_4078,Striatum,56.53,65.64,Danio rerio
NEUR_6771,Thalamus,145.78,56.55,Mus musculus
NEUR_8831,Amygdala,53.7,89.68,Danio rerio
NEUR_4782,Striatum,120.74,16.75,Macaca mulatta
NEUR_7948,Striatum,105.25,11.37,Danio rerio
NEUR_6447,Hypothalamus,108.08,94.7,Rattus norvegicus
NEUR_8914,Thalamus,20.52,36.92,Rattus norvegicus
NEUR_3441,Hypothalamus,112.05,48.42,Danio rerio
NEUR_3288,Hippocampus,33.84,46.79,Mus musculus
NEUR_1219,Cortex,83.87,58.58,Mus musculus
NEUR_8977,Striatum,91.83,114.23,Danio rerio
NEUR_5156,Hippocampus,29.08,41.12,Danio rerio
NEUR_5059,Amygdala,123.63,15.62,Mus musculus
NEUR_9289,Hippocampus,25.59,74.02,Danio rerio
NEUR_1903,Thalamus,65.27,70.83,Mus musculus
NEUR_6670,Hippocampus,46.19,87.84,Danio rerio
NEUR_4676,Cerebellum,39.36,62.67,Macaca mulatta
NEUR_2004,Hypothalamus,122.62,63.16,Macaca mulatta
NEUR_8436,Cortex,114.76,50.76,Rattus norvegicus
NEUR_5627,Amygdala,4.08,31.16,Macaca mulatta
NEUR_2665,Cerebellum,10.4,84.44,Danio rerio
NEUR_5989,Hypothalamus,130.34,85.82,Mus musculus
NEUR_5220,Thalamus,118.56,118.33,Macaca mulatta
NEUR_2011,Cortex,51.9,55.51,Macaca mulatta
NEUR_8157,Cerebellum,99.0,98.86,Mus musculus
NEUR_7922,Cerebellum,103.11,97.49,Danio rerio
NEUR_1551,Amygdala,64.43,51.27,Mus musculus
NEUR_1776,Hypothalamus,57.4,100.94,Rattus norvegicus
NEUR_8341,Hypothalamus,70.51,101.26,Rattus norvegicus
NEUR_3514,Amygdala,61.35,49.8,Rattus norvegicus
NEUR_4366,Hypothalamus,144.8,95.7,Macaca mulatta
NEUR_6445,Thalamus,119.21,102.61,Rattus norvegicus
NEUR_4877,Cortex,6.68,22.89,Danio rerio
NEUR_4576,Cerebellum,99.35,81.43,Macaca mulatta
NEUR_8960,Hypothalamus,86.27,101.43,Macaca mulatta
NEUR_7555,Hypothalamus,20.76,69.32,Mus musculus
NEUR_3156,Striatum,53.17,103.11,Rattus norvegicus
NEUR_1448,Hippocampus,114.96,106.53,Macaca mulatta
NEUR_9115,Cortex,88.95,116.65,Macaca mulatta
NEUR_3896,Hippocampus,149.87,92.57,Macaca mulatta
NEUR_3132,Striatum,119.78,32.95,Mus musculus
NEUR_8871,Cerebellum,140.86,18.42,Rattus norvegicus
NEUR_5497,Cortex,13.03,82.63,Mus musculus
NEUR_6497,Amygdala,53.62,70.23,Macaca mulatta
NEUR_7320,Hypothalamus,93.89,104.38,Rattus norvegicus
NEUR_5564,Cerebellum,68.24,76.4,Macaca mulatta
NEUR_7581,Cerebellum,140.52,89.38,Danio rerio
NEUR_4337,Striatum,62.68,73.23,Mus musculus
NEUR_1856,Amygdala,108.24,60.21,Rattus norvegicus
NEUR_9261,Thalamus,63.79,41.16,Macaca mulatta
NEUR_4207,Amygdala,143.25,91.27,Macaca mulatta
NEUR_5677,Thalamus,73.08,112.39,Macaca mulatta
NEUR_9664,Hypothalamus,54.12,43.18,Mus musculus
NEUR_3855,Thalamus,27.25,32.64,Macaca mulatta
NEUR_8743,Thalamus,109.06,92.92,Rattus norvegicus
NEUR_9101,Thalamus,77.86,38.88,Mus musculus
NEUR_9737,Amygdala,127.04,118.97,Mus musculus
NEUR_8611,Cerebellum,25.83,69.17,Macaca mulatta
NEUR_2967,Hypothalamus,120.69,14.75,Macaca mulatta
NEUR_2795,Cerebellum,137.79,73.67,Rattus norvegicus
NEUR_6202,Hippocampus,38.19,50.01,Mus musculus
NEUR_6646,Striatum,125.86,41.32,Danio rerio
NEUR_5880,Striatum,16.76,101.81,Mus musculus
NEUR_6795,Striatum,56.08,33.45,Danio rerio
NEUR_6050,Thalamus,63.67,108.29,Mus musculus
NEUR_6850,Thalamus,41.07,15.53,Rattus norvegicus
NEUR_7131,Thalamus,97.98,117.42,Mus musculus
NEUR_3456,Thalamus,65.12,99.61,Macaca mulatta
NEUR_6999,Striatum,62.94,40.77,Mus musculus
NEUR_2509,Amygdala,149.41,73.76,Danio rerio
NEUR_1118,Hippocampus,122.11,102.9,Danio rerio
NEUR_2327,Cerebellum,91.5,69.49,Mus musculus
NEUR_7589,Hippocampus,30.09,11.04,Danio rerio
NEUR_4909,Thalamus,13.7,32.25,Rattus norvegicus
NEUR_6430,Cerebellum,120.38,101.76,Mus musculus
NEUR_4662,Striatum,145.55,76.72,Macaca mulatta
NEUR_8897,Thalamus,72.59,19.14,Mus musculus
NEUR_6769,Hippocampus,100.9,82.05,Macaca mulatta
NEUR_3822,Hypothalamus,44.97,108.45,Danio rerio
NEUR_1282,Cerebellum,149.35,84.3,Macaca mulatta
NEUR_3669,Striatum,70.41,104.49,Rattus norvegicus
NEUR_6894,Cerebellum,146.49,39.23,Danio rerio
NEUR_5716,Hippocampus,62.73,109.74,Rattus norvegicus
NEUR_5211,Cerebellum,65.42,103.33,Mus musculus
NEUR_7219,Amygdala,16.3,87.86,Mus musculus
NEUR_9366,Cerebellum,35.91,46.5,Danio rerio
NEUR_5171,Hippocampus,43.62,19.29,Danio rerio
NEUR_5462,Thalamus,134.58,113.99,Rattus norvegicus
NEUR_4347,Striatum,122.2,99.12,Danio rerio
NEUR_2388,Thalamus,81.44,69.71,Danio rerio
NEUR_7926,Cerebellum,136.4,91.62,Danio rerio
NEUR_2765,Striatum,52.33,90.0,Macaca mulatta
NEUR_3492,Cerebellum,47.22,39.32,Macaca mulatta
NEUR_5771,Cerebellum,33.52,42.12,Rattus norvegicus
NEUR_7241,Striatum,11.37,100.01,Rattus norvegicus
NEUR_9415,Striatum,22.53,93.84,Mus musculus
NEUR_8616,Thalamus,144.09,87.66,Rattus norvegicus
NEUR_3335,Hippocampus,62.26,101.39,Danio rerio
NEUR_4993,Hippocampus,66.27,23.18,Mus musculus
NEUR_6789,Hippocampus,43.9,41.05,Rattus norvegicus
NEUR_6497,Hypothalamus,55.03,119.47,Mus musculus
NEUR_6030,Hypothalamus,141.19,95.86,Danio rerio
NEUR_3197,Cortex,142.3,72.72,Rattus norvegicus
NEUR_4215,Thalamus,117.75,44.63,Rattus norvegicus
NEUR_6770,Hippocampus,112.75,35.51,Macaca mulatta
NEUR_5789,Thalamus,87.9,44.6,Danio rerio
NEUR_9160,Hypothalamus,146.54,47.41,Macaca mulatta
NEUR_4957,Thalamus,49.88,77.62,Mus musculus
NEUR_3033,Hypothalamus,54.73,69.66,Mus musculus
NEUR_2974,Hypothalamus,124.33,72.09,Rattus norvegicus
NEUR_9681,Cortex,103.03,97.37,Mus musculus
NEUR_5940,Cortex,54.33,34.6,Macaca mulatta
NEUR_5051,Amygdala,91.8,20.0,Danio rerio
NEUR_7699,Thalamus,104.09,114.83,Macaca mulatta
NEUR_3108,Amygdala,81.5,54.65,Macaca mulatta
NEUR_9334,Amygdala,147.73,115.95,Danio rerio
NEUR_7721,Cerebellum,5.83,91.08,Mus musculus
NEUR_1395,Hypothalamus,34.92,22.69,Mus musculus
NEUR_7858,Cortex,131.67,45.76,Mus musculus
NEUR_3502,Hippocampus,91.57,42.64,Macaca mulatta
NEUR_7925,Hippocampus,136.56,95.39,Macaca mulatta
NEUR_3100,Cortex,122.83,58.48,Rattus norvegicus
NEUR_7551,Thalamus,43.8,18.62,Rattus norvegicus
NEUR_7980,Cortex,140.02,115.23,Rattus norvegicus
NEUR_9949,Striatum,80.14,82.62,Mus musculus
NEUR_1792,Cerebellum,33.15,109.96,Danio rerio
NEUR_2727,Cortex,128.68,33.31,Danio rerio
NEUR_5449,Amygdala,43.24,30.67,Danio rerio
NEUR_8139,Amygdala,84.51,70.29,Macaca mulatta
NEUR_9117,Cerebellum,4.79,30.54,Macaca mulatta
NEUR_6045,Cortex,12.56,72.34,Mus musculus
NEUR_6972,Amygdala,82.97,18.69,Rattus norvegicus
NEUR_2087,Cortex,101.0,54.2,Macaca mulatta
NEUR_3345,Hippocampus,49.53,59.37,Mus musculus
NEUR_4572,Cerebellum,95.2,66.21,Macaca mulatta
NEUR_3644,Cerebellum,52.42,106.96,Rattus norvegicus
NEUR_4721,Hypothalamus,129.61,107.97,Macaca mulatta
NEUR_3255,Thalamus,110.88,77.5,Danio rerio
NEUR_8288,Hypothalamus,29.45,119.98,Danio rerio
NEUR_2474,Hippocampus,110.93,89.15,Macaca mulatta
NEUR_9915,Cerebellum,16.67,44.31,Macaca mulatta
NEUR_1912,Cortex,128.43,22.49,Mus musculus
NEUR_7523,Hypothalamus,128.82,49.43,Mus musculus
NEUR_9396,Striatum,106.0,50.78,Rattus norvegicus
NEUR_3377,Cortex,94.08,75.46,Mus musculus
NEUR_2605,Cortex,47.94,31.16,Macaca mulatta
NEUR_5460,Amygdala,139.23,34.11,Rattus norvegicus
NEUR_8277,Cerebellum,36.11,119.93,Macaca mulatta
NEUR_8793,Hypothalamus,50.01,114.7,Rattus norvegicus
NEUR_5084,Hippocampus,64.85,12.47,Mus musculus
NEUR_6499,Amygdala,147.6,67.61,Danio rerio
NEUR_7518,Thalamus,66.92,74.84,Macaca mulatta
NEUR_7001,Amygdala,86.84,85.86,Mus musculus
NEUR_3489,Striatum,94.17,24.81,Macaca mulatta
NEUR_7767,Striatum,52.88,65.82,Rattus norvegicus
NEUR_1211,Thalamus,17.15,94.59,Macaca mulatta
NEUR_1886,Hippocampus,148.48,116.37,Macaca mulatta
NEUR_7737,Cerebellum,111.36,10.67,Macaca mulatta
NEUR_2197,Cerebellum,1.06,103.9,Macaca mulatta
NEUR_8548,Thalamus,143.3,68.69,Rattus norvegicus
NEUR_6118,Striatum,51.99,87.65,Danio rerio
NEUR_1340,Hippocampus,108.16,71.3,Macaca mulatta
NEUR_8190,Amygdala,122.95,39.16,Rattus norvegicus
NEUR_8279,Amygdala,65.24,82.93,Rattus norvegicus
NEUR_9694,Hypothalamus,41.15,113.48,Mus musculus
NEUR_6446,Hippocampus,144.64,27.44,Mus musculus
NEUR_6735,Cerebellum,47.56,113.87,Macaca mulatta
NEUR_8178,Hypothalamus,43.93,73.49,Danio rerio
NEUR_2372,Striatum,92.32,63.36,Rattus norvegicus
NEUR_9743,Striatum,142.02,37.39,Macaca mulatta
NEUR_5537,Cerebellum,96.59,33.39,Danio rerio
NEUR_9149,Cortex,123.99,74.5,Danio rerio
NEUR_4504,Amygdala,17.62,118.03,Macaca mulatta
NEUR_8635,Cerebellum,76.19,27.3,Danio rerio
NEUR_8060,Striatum,75.39,29.81,Danio rerio
NEUR_7668,Amygdala,5.06,63.59,Rattus norvegicus
NEUR_2951,Cortex,6.79,52.28,Danio rerio
NEUR_6087,Striatum,22.47,113.21,Macaca mulatta
NEUR_3094,Hypothalamus,102.26,16.58,Mus musculus
NEUR_4414,Cortex,18.29,105.36,Mus musculus
NEUR_5297,Striatum,4.7,58.84,Mus musculus
NEUR_5751,Cortex,70.59,111.46,Macaca mulatta
NEUR_7742,Hippocampus,36.36,48.31,Danio rerio
NEUR_3148,Hypothalamus,57.08,55.45,Mus musculus
NEUR_7762,Hippocampus,87.94,87.5,Rattus norvegicus
NEUR_1525,Amygdala,86.77,62.58,Macaca mulatta
NEUR_2327,Hypothalamus,113.3,43.0,Mus musculus
NEUR_8436,Cortex,6.68,82.97,Danio rerio
NEUR_7131,Cerebellum,96.12,14.34,Macaca mulatta
NEUR_6511,Striatum,113.45,67.19,Danio rerio
NEUR_7078,Cortex,86.18,91.35,Mus musculus
NEUR_4256,Cerebellum,2.19,16.78,Mus musculus
NEUR_8824,Striatum,117.9,42.29,Mus musculus
NEUR_7043,Thalamus,63.99,44.89,Rattus norvegicus
NEUR_4724,Thalamus,102.57,61.4,Macaca mulatta
NEUR_7517,Hippocampus,111.28,79.95,Macaca mulatta
NEUR_7327,Hippocampus,142.45,39.88,Macaca mulatta
NEUR_2119,Cortex,25.03,25.57,Mus musculus
NEUR_3316,Amygdala,38.44,36.22,Macaca mulatta
NEUR_6296,Striatum,129.28,46.63,Danio rerio
NEUR_1936,Amygdala,103.79,32.22,Macaca mulatta
NEUR_1732,Thalamus,142.65,37.15,Mus musculus
NEUR_4517,Hypothalamus,7.0,100.5,Macaca mulatta
NEUR_3450,Cortex,17.1,22.71,Rattus norvegicus
NEUR_6559,Hippocampus,5.38,39.14,Danio rerio
NEUR_5858,Hippocampus,29.66,26.51,Macaca mulatta
NEUR_7294,Thalamus,83.96,42.99,Macaca mulatta
NEUR_7975,Hippocampus,9.43,80.97,Rattus norvegicus
NEUR_3435,Cortex,86.35,60.56,Mus musculus
NEUR_1554,Cerebellum,38.48,40.16,Macaca mulatta
NEUR_2056,Thalamus,147.6,63.55,Danio rerio
NEUR_9917,Striatum,43.15,61.61,Mus musculus
NEUR_7699,Hypothalamus,53.34,52.26,Rattus norvegicus
NEUR_5435,Amygdala,56.94,69.17,Mus musculus
NEUR_3049,Cortex,138.0,55.6,Rattus norvegicus
NEUR_8266,Cerebellum,23.94,22.02,Macaca mulatta
NEUR_4123,Hippocampus,34.77,43.35,Danio rerio
NEUR_8567,Hippocampus,85.8,106.22,Danio rerio
NEUR_3112,Striatum,117.6,54.16,Macaca mulatta
NEUR_3734,Hippocampus,1.51,81.42,Macaca mulatta
NEUR_4776,Hypothalamus,87.21,81.72,Macaca mulatta
NEUR_5970,Cortex,89.04,36.76,Rattus norvegicus
NEUR_8839,Striatum,20.25,30.48,Rattus norvegicus
NEUR_3852,Hippocampus,66.15,44.46,Macaca mulatta
NEUR_4164,Striatum,89.41,30.19,Macaca mulatta
NEUR_1867,Hypothalamus,66.64,89.82,Macaca mulatta
NEUR_9947,Striatum,32.15,100.24,Rattus norvegicus
NEUR_7635,Thalamus,15.31,52.08,Danio rerio
NEUR_4153,Cerebellum,54.27,44.55,Mus musculus
NEUR_8856,Hippocampus,65.46,101.23,Rattus norvegicus
NEUR_2224,Cortex,4.81,90.94,Mus musculus
NEUR_3004,Hypothalamus,98.99,76.98,Danio rerio
NEUR_3975,Thalamus,55.28,28.56,Mus musculus
NEUR_1310,Cortex,88.6,20.32,Danio rerio
NEUR_2957,Cerebellum,41.15,41.53,Danio rerio
NEUR_4108,Hippocampus,60.97,86.48,Rattus norvegicus
NEUR_6774,Cerebellum,4.25,99.69,Danio rerio
NEUR_4837,Hippocampus,38.94,119.78,Macaca mulatta
NEUR_8847,Hippocampus,18.75,70.03,Mus musculus
NEUR_6580,Thalamus,78.35,86.05,Danio rerio
NEUR_3173,Hippocampus,68.16,42.05,Danio rerio
NEUR_9768,Striatum,38.49,50.66,Macaca mulatta
NEUR_5640,Hippocampus,127.28,50.68,Mus musculus
NEUR_9825,Amygdala,35.95,43.15,Macaca mulatta
NEUR_5539,Amygdala,140.38,47.46,Mus musculus
NEUR_3997,Cortex,53.39,81.02,Rattus norvegicus
NEUR_9167,Cortex,20.36,67.61,Rattus norvegicus
NEUR_5991,Hippocampus,95.93,118.47,Macaca mulatta
NEUR_1621,Thalamus,101.95,47.76,Mus musculus
NEUR_7064,Cortex,60.54,104.48,Danio rerio
NEUR_8782,Hypothalamus,59.83,18.07,Macaca mulatta
NEUR_1329,Hypothalamus,108.17,19.38,Rattus norvegicus
NEUR_1318,Hippocampus,125.56,111.17,Macaca mulatta
NEUR_1364,Hippocampus,59.88,74.2,Macaca mulatta
NEUR_4332,Hippocampus,77.35,49.06,Macaca mulatta
NEUR_6302,Cerebellum,76.87,17.06,Danio rerio
NEUR_8592,Hippocampus,117.47,27.14,Macaca mulatta
NEUR_9220,Thalamus,23.91,104.12,Macaca mulatta
NEUR_4704,Hypothalamus,9.59,101.79,Mus musculus
NEUR_4251,Amygdala,128.9,94.7,Mus musculus
NEUR_8096,Hypothalamus,26.84,73.92,Mus musculus
NEUR_1197,Cerebellum,24.56,74.73,Danio rerio
NEUR_7451,Thalamus,78.05,66.31,Mus musculus
NEUR_1078,Striatum,104.61,38.59,Rattus norvegicus
NEUR_9600,Hypothalamus,36.72,40.68,Macaca mulatta
NEUR_7930,Thalamus,103.22,98.73,Rattus norvegicus
NEUR_5567,Cerebellum,110.38,26.43,Danio rerio
NEUR_4268,Cerebellum,103.36,43.58,Rattus norvegicus
NEUR_7932,Striatum,41.6,45.23,Danio rerio
NEUR_2641,Cerebellum,99.36,119.69,Danio rerio
NEUR_1557,Hypothalamus,7.92,90.45,Macaca mulatta
NEUR_9859,Amygdala,0.26,66.01,Rattus norvegicus
NEUR_2729,Cortex,66.69,38.67,Macaca mulatta
NEUR_4707,Cortex,76.16,78.5,Danio rerio
NEUR_4765,Amygdala,91.61,57.02,Mus musculus
NEUR_2987,Cortex,30.97,22.88,Danio rerio
NEUR_4965,Hypothalamus,121.06,67.08,Danio rerio
NEUR_2566,Thalamus,137.82,46.88,Rattus norvegicus
NEUR_1083,Hippocampus,76.43,65.69,Danio rerio
NEUR_2754,Amygdala,53.42,26.11,Danio rerio
NEUR_1892,Hippocampus,144.28,66.41,Danio rerio
NEUR_6990,Amygdala,122.84,68.75,Rattus norvegicus
NEUR_7292,Striatum,77.23,36.8,Mus musculus
NEUR_8215,Cerebellum,59.65,43.48,Rattus norvegicus
NEUR_1685,Hypothalamus,65.63,88.88,Mus musculus
NEUR_6315,Striatum,144.17,77.31,Danio rerio
NEUR_8273,Cortex,72.39,27.74,Macaca mulatta
NEUR_5665,Hippocampus,70.5,94.91,Mus musculus
NEUR_5381,Amygdala,97.19,40.97,Rattus norvegicus
NEUR_9518,Thalamus,108.96,17.12,Macaca mulatta
NEUR_3661,Hippocampus,136.84,49.67,Danio rerio
NEUR_4421,Cortex,71.69,72.13,Macaca mulatta
NEUR_1951,Striatum,15.93,45.2,Macaca mulatta
NEUR_1618,Thalamus,115.14,35.04,Mus musculus
NEUR_2612,Cortex,27.3,104.89,Danio rerio
NEUR_4429,Cerebellum,76.19,39.53,Macaca mulatta
NEUR_7887,Amygdala,144.1,106.17,Rattus norvegicus
NEUR_4222,Thalamus,52.54,61.21,Danio rerio
NEUR_7411,Amygdala,117.47,86.37,Danio rerio
NEUR_5957,Cortex,108.6,11.24,Macaca mulatta
NEUR_3389,Thalamus,135.77,103.51,Macaca mulatta
NEUR_7339,Hippocampus,66.24,60.38,Rattus norvegicus
NEUR_2772,Cerebellum,34.26,53.51,Macaca mulatta
NEUR_9128,Hypothalamus,69.04,47.39,Macaca mulatta
NEUR_5443,Cortex,103.14,61.02,Rattus norvegicus
NEUR_6367,Thalamus,95.38,34.96,Mus musculus
NEUR_9463,Hypothalamus,143.05,115.55,Danio rerio
NEUR_2022,Cerebellum,124.88,104.14,Mus musculus
NEUR_6814,Hippocampus,71.44,41.04,Mus musculus
NEUR_5922,Striatum,148.29,59.48,Mus musculus
NEUR_3647,Cortex,147.76,109.29,Danio rerio
NEUR_9955,Cortex,37.05,37.83,Macaca mulatta
NEUR_6942,Hypothalamus,145.58,66.91,Mus musculus
NEUR_4200,Cortex,123.35,114.06,Macaca mulatta
NEUR_3448,Cortex,139.96,87.46,Rattus norvegicus
NEUR_2676,Thalamus,115.28,17.66,Macaca mulatta
NEUR_3579,Thalamus,125.56,57.23,Mus musculus
NEUR_7618,Striatum,8.05,87.36,Rattus norvegicus
NEUR_2235,Thalamus,95.92,64.97,Danio rerio
NEUR_2147,Striatum,50.73,62.79,Danio rerio
NEUR_6591,Cortex,117.06,45.21,Rattus norvegicus
NEUR_3361,Cerebellum,21.19,67.56,Macaca mulatta
NEUR_5286,Cerebellum,31.79,22.43,Macaca mulatta
NEUR_6643,Cortex,85.16,90.86,Macaca mulatta
NEUR_4705,Thalamus,118.24,78.8,Mus musculus
NEUR_1636,Hippocampus,22.43,56.58,Mus musculus
NEUR_6728,Cortex,29.0,18.86,Macaca mulatta
NEUR_6709,Hippocampus,93.08,96.32,Macaca mulatta
NEUR_7511,Thalamus,31.08,104.61,Rattus norvegicus
NEUR_2354,Amygdala,80.13,110.3,Macaca mulatta
NEUR_4029,Hippocampus,39.4,56.63,Danio rerio
NEUR_3440,Cortex,15.59,28.99,Mus musculus
NEUR_3840,Cerebellum,40.96,78.53,Rattus norvegicus
NEUR_9442,Hypothalamus,25.74,62.05,Danio rerio
NEUR_3765,Cortex,134.77,102.45,Macaca mulatta
NEUR_6605,Hypothalamus,122.59,90.76,Mus musculus
NEUR_4356,Cerebellum,70.75,21.46,Macaca mulatta
NEUR_8651,Striatum,97.98,35.76,Mus musculus
NEUR_8383,Striatum,134.87,36.46,Rattus norvegicus
NEUR_8809,Thalamus,64.8,65.59,Macaca mulatta
NEUR_7046,Thalamus,95.07,87.7,Rattus norvegicus
NEUR_2801,Hippocampus,100.89,41.29,Macaca mulatta
NEUR_9165,Striatum,56.67,43.33,Macaca mulatta
NEUR_2320,Cortex,32.89,13.32,Danio rerio
NEUR_6933,Amygdala,42.33,72.8,Rattus norvegicus
NEUR_7828,Striatum,117.75,42.99,Danio rerio
NEUR_6281,Amygdala,123.88,38.97,Macaca mulatta
NEUR_1988,Striatum,117.39,82.47,Mus musculus
NEUR_8657,Striatum,72.23,97.41,Rattus norvegicus
NEUR_6422,Hippocampus,22.1,12.53,Danio rerio
NEUR_2847,Hypothalamus,56.84,88.05,Macaca mulatta
NEUR_9106,Thalamus,86.05,79.96,Mus musculus
NEUR_8204,Amygdala,0.64,57.54,Mus musculus
NEUR_3502,Striatum,40.94,101.38,Danio rerio
NEUR_2258,Thalamus,136.13,119.54,Macaca mulatta
NEUR_7150,Striatum,143.67,69.26,Danio rerio
NEUR_1183,Hypothalamus,148.86,12.04,Mus musculus
NEUR_8747,Amygdala,21.24,25.51,Danio rerio
NEUR_2727,Striatum,39.4,52.23,Macaca mulatta
NEUR_1119,Cortex,40.25,92.65,Rattus norvegicus
NEUR_1399,Hypothalamus,83.19,31.33,Macaca mulatta
NEUR_1673,Hypothalamus,19.94,109.85,Danio rerio
NEUR_7513,Amygdala,118.74,55.93,Mus musculus
NEUR_5044,Cerebellum,71.91,87.52,Mus musculus
NEUR_2355,Hypothalamus,120.84,97.18,Rattus norvegicus
NEUR_2642,Amygdala,1.91,78.55,Mus musculus
NEUR_7755,Hippocampus,110.99,100.67,Rattus norvegicus
NEUR_4704,Amygdala,132.13,50.81,Rattus norvegicus
NEUR_5862,Amygdala,0.96,70.51,Macaca mulatta
NEUR_8663,Cortex,119.13,59.82,Rattus norvegicus
NEUR_3708,Hippocampus,45.0,52.1,Mus musculus
NEUR_6153,Hippocampus,63.47,24.85,Mus musculus
NEUR_5215,Hypothalamus,123.7,77.11,Macaca mulatta
NEUR_6342,Cerebellum,29.83,24.83,Macaca mulatta
NEUR_2011,Hippocampus,7.65,75.2,Macaca mulatta
NEUR_6854,Thalamus,123.31,84.83,Mus musculus
NEUR_1009,Cortex,105.06,60.2,Macaca mulatta
NEUR_5785,Cortex,65.19,35.94,Rattus norvegicus
NEUR_8070,Cerebellum,134.77,58.39,Rattus norvegicus
NEUR_1656,Cerebellum,7.87,38.32,Mus musculus
NEUR_7321,Hypothalamus,110.34,88.39,Macaca mulatta
NEUR_7684,Hippocampus,103.89,34.53,Mus musculus
NEUR_5005,Amygdala,144.3,67.09,Rattus norvegicus
NEUR_5278,Thalamus,119.18,45.86,Danio rerio
NEUR_9881,Cortex,51.07,31.05,Rattus norvegicus
NEUR_3339,Cortex,106.18,104.97,Macaca mulatta
NEUR_8595,Hypothalamus,148.47,98.85,Mus musculus
NEUR_9690,Cortex,131.74,13.46,Macaca mulatta
NEUR_6533,Hippocampus,90.81,48.45,Danio rerio
NEUR_7537,Thalamus,136.65,72.81,Rattus norvegicus
NEUR_9127,Amygdala,38.3,30.87,Danio rerio
NEUR_6106,Hypothalamus,78.38,113.45,Danio rerio
NEUR_3457,Cerebellum,123.84,78.92,Mus musculus
NEUR_1627,Thalamus,89.65,113.63,Danio rerio
NEUR_9568,Thalamus,147.01,22.34,Mus musculus
NEUR_8422,Striatum,95.89,89.1,Macaca mulatta
NEUR_7342,Cortex,30.21,103.46,Rattus norvegicus
NEUR_5413,Cortex,10.62,48.76,Rattus norvegicus
NEUR_4044,Hippocampus,125.77,12.86,Rattus norvegicus
NEUR_3905,Thalamus,8.49,77.97,Mus musculus
NEUR_5598,Amygdala,141.29,64.72,Rattus norvegicus
NEUR_3009,Cortex,68.66,39.47,Rattus norvegicus
NEUR_4038,Hypothalamus,16.84,27.61,Mus musculus
NEUR_6399,Hypothalamus,149.81,88.75,Macaca mulatta
NEUR_5823,Cerebellum,8.47,91.71,Danio rerio
NEUR_3827,Hypothalamus,66.06,94.53,Macaca mulatta
NEUR_2186,Hippocampus,1.08,116.36,Mus musculus
NEUR_9758,Cortex,49.68,83.48,Rattus norvegicus
NEUR_3892,Thalamus,52.69,107.96,Danio rerio
NEUR_1447,Striatum,17.0,50.4,Mus musculus
NEUR_1033,Cortex,65.85,49.02,Mus musculus
NEUR_1424,Thalamus,42.07,80.16,Mus musculus
NEUR_6602,Cortex,64.17,21.24,Danio rerio
NEUR_8785,Hypothalamus,32.95,36.17,Danio rerio
NEUR_4928,Amygdala,13.99,109.22,Rattus norvegicus
NEUR_2452,Striatum,38.72,64.49,Mus musculus
NEUR_6267,Striatum,57.49,116.58,Mus musculus
NEUR_9721,Thalamus,99.18,83.84,Macaca mulatta
NEUR_1201,Cerebellum,103.27,88.0,Mus musculus
NEUR_7628,Amygdala,108.81,85.01,Macaca mulatta
NEUR_1880,Hypothalamus,140.64,32.3,Rattus norvegicus
NEUR_4534,Hypothalamus,51.63,83.27,Rattus norvegicus
NEUR_6067,Amygdala,110.9,103.34,Rattus norvegicus
NEUR_6011,Thalamus,5.91,86.96,Mus musculus
NEUR_3603,Thalamus,134.12,26.51,Danio rerio
NEUR_9444,Thalamus,76.99,93.24,Rattus norvegicus
NEUR_5819,Hypothalamus,91.24,95.34,Mus musculus
NEUR_9139,Striatum,73.83,57.3,Rattus norvegicus
NEUR_6489,Thalamus,114.44,51.99,Mus musculus
NEUR_5493,Amygdala,27.66,53.16,Rattus norvegicus
NEUR_2530,Striatum,17.91,109.06,Danio rerio
NEUR_1378,Thalamus,77.89,41.44,Rattus norvegicus
NEUR_9365,Thalamus,52.57,61.88,Rattus norvegicus
NEUR_2198,Hippocampus,104.86,29.66,Mus musculus
NEUR_2072,Cerebellum,74.67,81.99,Mus musculus
NEUR_4428,Cortex,54.83,100.29,Rattus norvegicus
NEUR_9811,Amygdala,10.92,96.45,Mus musculus
NEUR_6330,Hippocampus,29.08,72.22,Macaca mulatta
NEUR_5280,Amygdala,127.71,21.05,Rattus norvegicus
NEUR_3047,Hypothalamus,26.55,95.31,Mus musculus
NEUR_1071,Cortex,134.32,62.3,Macaca mulatta
NEUR_1201,Striatum,72.27,63.77,Macaca mulatta
NEUR_3690,Cerebellum,23.69,44.91,Macaca mulatta
NEUR_8628,Hippocampus,139.34,92.22,Macaca mulatta
NEUR_5004,Striatum,51.96,46.02,Danio rerio
NEUR_6756,Amygdala,11.79,108.67,Macaca mulatta
NEUR_6954,Striatum,55.8,56.23,Danio rerio
NEUR_3861,Hypothalamus,113.56,24.55,Macaca mulatta
NEUR_2676,Cerebellum,76.62,98.43,Rattus norvegicus
NEUR_4517,Thalamus,4.76,81.5,Rattus norvegicus
NEUR_3816,Cerebellum,105.35,25.19,Macaca mulatta
NEUR_8200,Amygdala,105.96,45.49,Mus musculus
NEUR_5548,Cortex,148.52,30.54,Macaca mulatta
NEUR_4961,Striatum,106.36,32.24,Macaca mulatta
NEUR_2620,Cerebellum,54.84,21.04,Macaca mulatta
NEUR_1254,Hippocampus,16.41,105.9,Rattus norvegicus
NEUR_5160,Hippocampus,63.46,33.05,Macaca mulatta
NEUR_4621,Cerebellum,43.32,79.9,Macaca mulatta
NEUR_3251,Hippocampus,69.01,81.28,Mus musculus
NEUR_2114,Striatum,51.13,19.3,Danio rerio
NEUR_9373,Cerebellum,132.94,110.51,Rattus norvegicus
NEUR_4733,Thalamus,90.34,114.32,Danio rerio
NEUR_7577,Cortex,16.15,113.12,Rattus norvegicus
NEUR_2021,Cortex,106.31,91.27,Macaca mulatta
NEUR_4241,Cerebellum,69.87,24.44,Danio rerio
NEUR_3194,Cortex,44.34,91.5,Rattus norvegicus
NEUR_7809,Amygdala,81.03,26.09,Rattus norvegicus
NEUR_4768,Cortex,92.33,42.43,Mus musculus
NEUR_5525,Hippocampus,141.11,47.37,Macaca mulatta
NEUR_3702,Striatum,22.06,20.51,Mus musculus
NEUR_9465,Thalamus,25.5,57.18,Rattus norvegicus
NEUR_8778,Cerebellum,124.05,109.9,Rattus norvegicus
NEUR_7213,Cerebellum,130.7,98.78,Danio rerio
NEUR_8712,Amygdala,44.87,16.67,Mus musculus
NEUR_2599,Striatum,91.25,24.27,Danio rerio
NEUR_6602,Hippocampus,31.95,97.66,Mus musculus
NEUR_4041,Amygdala,114.97,75.43,Mus musculus
NEUR_4757,Cerebellum,35.87,82.38,Rattus norvegicus
NEUR_1573,Thalamus,137.66,110.03,Macaca mulatta
NEUR_8178,Thalamus,37.84,26.26,Macaca mulatta
NEUR_4864,Thalamus,2.83,63.55,Macaca mulatta
NEUR_4064,Thalamus,83.77,68.57,Rattus norvegicus
NEUR_7714,Striatum,108.57,55.49,Danio rerio
NEUR_9147,Hippocampus,65.73,51.38,Mus musculus
NEUR_3900,Hypothalamus,94.35,101.46,Macaca mulatta
NEUR_7778,Striatum,74.22,23.59,Macaca mulatta
NEUR_3819,Hypothalamus,122.84,13.83,Rattus norvegicus
NEUR_3311,Thalamus,144.12,55.28,Danio rerio
NEUR_9569,Cerebellum,148.97,107.61,Rattus norvegicus
NEUR_3961,Cortex,109.88,34.59,Macaca mulatta
NEUR_6889,Striatum,40.38,105.5,Danio rerio
NEUR_3866,Cortex,48.93,44.65,Rattus norvegicus
NEUR_1093,Hypothalamus,24.13,19.47,Macaca mulatta
NEUR_5735,Thalamus,30.0,59.93,Macaca mulatta
NEUR_2427,Hypothalamus,22.64,65.58,Danio rerio
NEUR_6118,Hippocampus,133.46,100.77,Macaca mulatta
NEUR_2107,Cortex,60.79,60.03,Rattus norvegicus
NEUR_2422,Cerebellum,81.6,22.8,Macaca mulatta
NEUR_8677,Cortex,119.31,29.71,Mus musculus
NEUR_4292,Thalamus,34.94,79.54,Mus musculus
NEUR_3593,Hippocampus,15.12,73.0,Rattus norvegicus
NEUR_4851,Cortex,74.2,101.64,Mus musculus
NEUR_7141,Cerebellum,113.0,88.63,Mus musculus
NEUR_8324,Striatum,101.55,45.2,Mus musculus
NEUR_7042,Cerebellum,49.3,116.44,Macaca mulatta
NEUR_2812,Thalamus,103.77,46.9,Rattus norvegicus
NEUR_9262,Hypothalamus,7.77,12.48,Mus musculus
NEUR_6900,Cortex,120.64,64.18,Macaca mulatta
NEUR_9033,Striatum,17.18,54.28,Mus musculus
NEUR_2153,Amygdala,124.62,15.01,Macaca mulatta
NEUR_6151,Cerebellum,135.42,91.66,Danio rerio
NEUR_4527,Hypothalamus,125.72,82.8,Danio rerio
NEUR_5296,Cortex,104.96,43.27,Rattus norvegicus
NEUR_7055,Amygdala,97.45,31.76,Mus musculus
NEUR_4454,Hippocampus,138.1,84.21,Danio rerio
NEUR_3353,Striatum,52.25,13.43,Mus musculus
NEUR_4808,Striatum,72.18,100.51,Mus musculus
NEUR_1709,Amygdala,134.22,35.92,Mus musculus
NEUR_1207,Hippocampus,104.23,97.07,Mus musculus
NEUR_8345,Hypothalamus,117.8,13.11,Rattus norvegicus
NEUR_3216,Cerebellum,84.68,92.84,Danio rerio
NEUR_6525,Hypothalamus,118.73,55.44,Rattus norvegicus
NEUR_3730,Thalamus,92.5,37.42,Danio rerio
NEUR_2941,Striatum,17.75,22.11,Danio rerio
NEUR_5985,Amygdala,136.51,96.37,Rattus norvegicus
NEUR_6363,Striatum,115.8,12.23,Rattus norvegicus
NEUR_8725,Amygdala,62.93,29.41,Mus musculus
NEUR_9307,Hippocampus,148.88,101.59,Macaca mulatta
NEUR_7935,Striatum,11.42,30.43,Macaca mulatta
NEUR_5499,Striatum,59.86,51.86,Danio rerio
NEUR_8581,Cerebellum,46.72,26.89,Macaca mulatta
NEUR_6602,Amygdala,111.86,55.17,Rattus norvegicus
NEUR_1191,Hypothalamus,10.06,32.42,Danio rerio
NEUR_9724,Cortex,69.38,56.32,Danio rerio
NEUR_3694,Hippocampus,63.96,42.33,Rattus norvegicus
NEUR_8462,Striatum,80.36,55.93,Danio rerio
NEUR_6575,Cerebellum,59.74,16.28,Mus musculus
NEUR_6383,Hypothalamus,29.07,26.17,Danio rerio
NEUR_3020,Hypothalamus,31.97,77.15,Macaca mulatta
NEUR_9115,Amygdala,53.51,61.7,Macaca mulatta
NEUR_8155,Hippocampus,64.98,39.09,Mus musculus
NEUR_7922,Hippocampus,69.44,108.14,Danio rerio
NEUR_6053,Hypothalamus,8.96,101.67,Danio rerio
NEUR_4864,Thalamus,128.36,92.89,Macaca mulatta
NEUR_6229,Hypothalamus,85.95,106.96,Rattus norvegicus
NEUR_9358,Hypothalamus,117.25,41.65,Mus musculus
NEUR_8755,Amygdala,132.38,44.91,Danio rerio
NEUR_1487,Striatum,32.77,13.61,Macaca mulatta
NEUR_8529,Cortex,27.4,66.8,Macaca mulatta
NEUR_7065,Hypothalamus,122.64,16.18,Mus musculus
NEUR_7503,Cerebellum,147.9,55.76,Mus musculus
NEUR_6704,Hippocampus,144.69,91.52,Mus musculus
NEUR_6875,Hypothalamus,91.2,28.45,Rattus norvegicus
NEUR_1987,Hippocampus,114.19,114.31,Macaca mulatta
NEUR_2473,Cerebellum,97.95,21.52,Mus musculus
NEUR_3800,Striatum,108.01,79.33,Macaca mulatta
NEUR_7495,Amygdala,85.74,51.72,Mus musculus
NEUR_2006,Thalamus,143.35,66.99,Macaca mulatta
NEUR_2472,Cerebellum,26.16,14.66,Macaca mulatta
NEUR_2360,Striatum,24.46,100.0,Danio rerio
NEUR_9539,Thalamus,114.99,90.01,Macaca mulatta
NEUR_2556,Thalamus,145.47,12.83,Macaca mulatta
NEUR_1262,Cerebellum,42.19,118.9,Mus musculus
NEUR_5148,Thalamus,112.41,15.37,Rattus norvegicus
NEUR_6127,Cerebellum,135.35,89.04,Rattus norvegicus
NEUR_2755,Hypothalamus,125.69,41.59,Macaca mulatta
NEUR_7799,Amygdala,113.28,81.03,Rattus norvegicus
NEUR_1848,Thalamus,88.75,49.31,Danio rerio
NEUR_1751,Amygdala,73.47,51.41,Mus musculus
NEUR_6302,Cerebellum,56.05,105.33,Danio rerio
NEUR_8164,Hypothalamus,12.1,84.07,Rattus norvegicus
NEUR_9349,Thalamus,144.67,85.16,Mus musculus
NEUR_5921,Hippocampus,62.97,117.16,Rattus norvegicus
NEUR_9190,Striatum,83.02,50.13,Rattus norvegicus
NEUR_4136,Thalamus,95.41,28.23,Mus musculus
NEUR_7413,Amygdala,123.12,83.88,Macaca mulatta
NEUR_6199,Cortex,92.46,84.26,Rattus norvegicus
NEUR_7181,Cerebellum,55.8,64.37,Mus musculus
NEUR_4124,Cerebellum,16.6,30.93,Rattus norvegicus
NEUR_6118,Cerebellum,84.46,119.83,Mus musculus
NEUR_3507,Cortex,81.26,24.32,Danio rerio
NEUR_2273,Hippocampus,37.57,12.57,Rattus norvegicus
NEUR_2120,Thalamus,98.53,53.16,Danio rerio
NEUR_3467,Cortex,129.79,82.36,Danio rerio
NEUR_4064,Cerebellum,85.97,108.52,Macaca mulatta
NEUR_2456,Cerebellum,21.7,119.54,Macaca mulatta
NEUR_7313,Thalamus,38.87,103.94,Macaca mulatta
NEUR_3391,Amygdala,38.87,43.78,Rattus norvegicus
NEUR_2868,Cortex,102.02,18.4,Mus musculus
NEUR_6510,Hypothalamus,26.17,59.11,Mus musculus
NEUR_7376,Hypothalamus,62.46,95.8,Danio rerio
NEUR_4353,Hippocampus,107.5,33.2,Macaca mulatta
NEUR_4153,Cerebellum,76.33,27.25,Rattus norvegicus
NEUR_6363,Hypothalamus,70.4,65.26,Rattus norvegicus
NEUR_1371,Hippocampus,20.47,118.2,Danio rerio
NEUR_3611,Cerebellum,120.74,44.79,Rattus norvegicus
NEUR_9739,Striatum,19.53,79.87,Danio rerio
NEUR_9073,Cortex,21.76,67.71,Rattus norvegicus
NEUR_6532,Striatum,75.63,81.13,Macaca mulatta
NEUR_8975,Hippocampus,2.65,98.94,Mus musculus
NEUR_5370,Cortex,53.57,97.16,Mus musculus
NEUR_8009,Striatum,91.8,45.83,Rattus norvegicus
NEUR_4894,Thalamus,98.24,74.63,Macaca mulatta
NEUR_6844,Cerebellum,96.44,62.11,Danio rerio
NEUR_3681,Cortex,11.22,58.18,Mus musculus
NEUR_6587,Amygdala,74.44,95.6,Mus musculus
NEUR_5899,Amygdala,107.17,11.44,Macaca mulatta
NEUR_7263,Cortex,40.85,59.16,Macaca mulatta
NEUR_9786,Cerebellum,96.04,19.83,Rattus norvegicus
NEUR_5605,Hippocampus,76.74,26.88,Danio rerio
NEUR_5543,Thalamus,6.96,12.14,Rattus norvegicus
NEUR_3987,Hippocampus,117.03,27.9,Rattus norvegicus
NEUR_8581,Striatum,114.37,44.59,Rattus norvegicus
NEUR_5983,Cerebellum,92.91,40.87,Mus musculus
NEUR_9167,Cerebellum,65.45,80.73,Mus musculus
NEUR_5683,Thalamus,57.93,104.35,Mus musculus
NEUR_7147,Striatum,142.93,44.8,Macaca mulatta
NEUR_3072,Cortex,111.68,45.35,Mus musculus
NEUR_6486,Amygdala,83.22,102.87,Rattus norvegicus
NEUR_8096,Striatum,144.68,106.77,Danio rerio
NEUR_4238,Cortex,59.59,91.47,Danio rerio
NEUR_5987,Hippocampus,39.2,114.92,Mus musculus
NEUR_8440,Hypothalamus,146.22,39.53,Mus musculus
NEUR_1063,Hypothalamus,49.69,106.36,Danio rerio
NEUR_6598,Hypothalamus,141.73,22.39,Rattus norvegicus
NEUR_2086,Hypothalamus,26.61,38.72,Danio rerio
NEUR_8858,Amygdala,77.37,110.66,Macaca mulatta
NEUR_2799,Hippocampus,114.83,36.54,Danio rerio
NEUR_4164,Hypothalamus,15.04,90.7,Rattus norvegicus
NEUR_6248,Amygdala,124.09,101.08,Danio rerio
NEUR_8552,Amygdala,21.98,14.6,Mus musculus
NEUR_9199,Hypothalamus,57.09,48.46,Mus musculus
NEUR_6145,Cerebellum,92.56,88.33,Rattus norvegicus
NEUR_4353,Cortex,36.94,43.07,Danio rerio
NEUR_5288,Hypothalamus,78.64,46.32,Macaca mulatta
NEUR_7982,Amygdala,109.05,108.48,Mus musculus
NEUR_4855,Amygdala,94.05,25.29,Rattus norvegicus
NEUR_1817,Cerebellum,4.23,27.4,Mus musculus
NEUR_4957,Cortex,45.39,116.22,Rattus norvegicus
NEUR_5581,Hippocampus,39.21,18.11,Macaca mulatta
NEUR_7057,Cerebellum,119.71,40.16,Rattus norvegicus
NEUR_6639,Hypothalamus,127.07,66.59,Danio rerio
NEUR_8870,Cerebellum,48.23,55.5,Mus musculus
NEUR_4999,Hypothalamus,105.56,55.37,Rattus norvegicus
NEUR_7249,Cortex,37.84,50.02,Mus musculus
NEUR_4639,Thalamus,121.18,28.75,Danio rerio
NEUR_9991,Hypothalamus,73.03,38.12,Macaca mulatta
NEUR_5753,Hippocampus,66.47,55.92,Danio rerio
NEUR_3858,Amygdala,136.06,90.32,Mus musculus
NEUR_9821,Thalamus,138.61,116.81,Danio rerio
NEUR_1961,Cortex,100.06,28.75,Rattus norvegicus
NEUR_8604,Cortex,38.89,20.04,Danio rerio
NEUR_4697,Hippocampus,113.84,68.06,Mus musculus
NEUR_9167,Cerebellum,45.55,94.17,Mus musculus
NEUR_7393,Hypothalamus,145.6,113.58,Rattus norvegicus
NEUR_3814,Hippocampus,120.06,107.41,Mus musculus
NEUR_8973,Thalamus,115.45,100.48,Rattus norvegicus
NEUR_8510,Hippocampus,43.94,66.3,Rattus norvegicus
NEUR_7596,Striatum,81.75,85.3,Macaca mulatta
NEUR_8382,Hippocampus,31.68,59.22,Mus musculus
NEUR_4368,Hippocampus,4.33,15.06,Danio rerio
NEUR_3878,Hippocampus,146.77,36.74,Macaca mulatta
NEUR_6065,Thalamus,145.52,54.47,Mus musculus
NEUR_9329,Amygdala,30.45,88.13,Rattus norvegicus
NEUR_8149,Thalamus,136.74,96.97,Macaca mulatta
NEUR_1737,Cerebellum,78.83,36.54,Rattus norvegicus
NEUR_4677,Cerebellum,25.02,83.56,Mus musculus
NEUR_7258,Hippocampus,79.02,82.14,Mus musculus
NEUR_7747,Hypothalamus,60.75,31.76,Rattus norvegicus
NEUR_4969,Thalamus,23.24,32.95,Macaca mulatta
NEUR_5384,Striatum,107.03,56.42,Danio rerio
NEUR_3682,Thalamus,93.47,71.89,Macaca mulatta
NEUR_9765,Amygdala,2.49,86.15,Mus musculus
NEUR_3293,Amygdala,82.66,14.74,Danio rerio
NEUR_4179,Hippocampus,32.32,93.2,Rattus norvegicus
NEUR_8402,Cerebellum,92.32,80.95,Macaca mulatta
NEUR_4316,Hippocampus,122.02,66.88,Macaca mulatta
NEUR_9299,Striatum,78.29,42.8,Rattus norvegicus
NEUR_7202,Striatum,38.83,70.16,Danio rerio
NEUR_6992,Hippocampus,109.5,76.03,Rattus norvegicus
NEUR_3502,Hypothalamus,26.56,45.81,Mus musculus
NEUR_8071,Hypothalamus,145.42,87.68,Macaca mulatta
NEUR_8917,Hypothalamus,33.54,103.69,Mus musculus
NEUR_6735,Hippocampus,139.64,53.9,Danio rerio
NEUR_7867,Amygdala,66.33,76.6,Danio rerio
NEUR_4631,Amygdala,104.87,53.52,Rattus norvegicus
NEUR_9205,Cerebellum,26.14,110.93,Mus musculus
NEUR_9895,Cortex,1.31,117.36,Mus musculus
NEUR_4845,Thalamus,146.7,117.95,Rattus norvegicus
NEUR_1761,Thalamus,125.35,75.74,Macaca mulatta
NEUR_4245,Hippocampus,82.5,65.03,Mus musculus
NEUR_8633,Cerebellum,134.0,112.62,Mus musculus
NEUR_9400,Thalamus,38.36,15.26,Danio rerio
NEUR_9765,Striatum,85.1,42.6,Rattus norvegicus
NEUR_8708,Striatum,149.52,92.79,Macaca mulatta
NEUR_1367,Cerebellum,79.19,13.76,Rattus norvegicus
NEUR_5700,Cerebellum,26.27,41.0,Danio rerio
NEUR_5146,Cerebellum,131.89,110.99,Danio rerio
NEUR_6361,Striatum,51.34,43.4,Macaca mulatta
NEUR_8312,Thalamus,71.99,117.33,Danio rerio
NEUR_8148,Striatum,111.63,110.3,Mus musculus
NEUR_9579,Hippocampus,112.37,41.85,Mus musculus
NEUR_4182,Striatum,66.0,48.74,Danio rerio
NEUR_8119,Hypothalamus,103.47,22.45,Danio rerio
NEUR_2189,Cerebellum,66.27,53.92,Mus musculus
NEUR_2673,Striatum,80.43,77.34,Rattus norvegicus
NEUR_3072,Hippocampus,84.06,36.93,Rattus norvegicus
NEUR_2671,Hypothalamus,138.75,77.86,Macaca mulatta
NEUR_3283,Cerebellum,75.38,58.8,Macaca mulatta
NEUR_8668,Striatum,141.68,104.16,Danio rerio
NEUR_5538,Hypothalamus,126.67,21.86,Danio rerio
NEUR_1059,Striatum,104.56,48.1,Macaca mulatta
NEUR_2877,Hippocampus,41.55,92.93,Rattus norvegicus
NEUR_6291,Striatum,80.3,107.64,Danio rerio
NEUR_3347,Hypothalamus,84.93,15.02,Mus musculus
NEUR_5120,Hypothalamus,127.6,78.15,Danio rerio
NEUR_8551,Hypothalamus,115.02,104.71,Rattus norvegicus
NEUR_7113,Hypothalamus,8.56,111.8,Danio rerio
NEUR_8389,Hippocampus,140.57,70.92,Rattus norvegicus
NEUR_7490,Hypothalamus,148.7,111.71,Macaca mulatta
NEUR_4695,Amygdala,112.76,10.31,Rattus norvegicus
NEUR_6996,Hippocampus,0.46,81.36,Mus musculus
NEUR_6973,Striatum,146.09,94.38,Macaca mulatta
NEUR_7832,Cortex,9.93,10.95,Danio rerio
NEUR_6010,Cerebellum,106.83,118.14,Danio rerio
NEUR_6572,Thalamus,39.08,100.24,Rattus norvegicus
NEUR_1346,Hippocampus,11.43,71.7,Danio rerio
NEUR_9183,Striatum,135.61,106.51,Mus musculus
NEUR_7297,Striatum,126.69,108.31,Rattus norvegicus
NEUR_4249,Hippocampus,104.4,27.24,Rattus norvegicus
NEUR_9501,Striatum,146.53,73.94,Danio rerio
NEUR_9772,Hippocampus,38.48,73.04,Macaca mulatta
NEUR_2232,Hypothalamus,48.91,31.94,Macaca mulatta
NEUR_9305,Hypothalamus,83.78,74.86,Danio rerio
NEUR_2056,Hypothalamus,72.01,43.52,Macaca mulatta
NEUR_4584,Amygdala,27.27,92.0,Mus musculus
NEUR_6520,Cerebellum,131.73,111.18,Mus musculus
NEUR_6847,Striatum,6.54,39.24,Rattus norvegicus
NEUR_3366,Cerebellum,8.32,34.82,Danio rerio
NEUR_9949,Thalamus,78.19,70.49,Rattus norvegicus
NEUR_5314,Cortex,110.97,27.58,Macaca mulatta
NEUR_2048,Hypothalamus,41.84,65.6,Mus musculus
NEUR_3012,Thalamus,112.95,28.33,Macaca mulatta
NEUR_7794,Hippocampus,14.64,29.44,Mus musculus
NEUR_2327,Striatum,56.64,101.9,Danio rerio
NEUR_5410,Hypothalamus,148.84,93.17,Macaca mulatta
NEUR_8522,Thalamus,24.99,28.05,Macaca mulatta
NEUR_7238,Thalamus,134.61,62.45,Rattus norvegicus
NEUR_3602,Hypothalamus,118.81,62.31,Rattus norvegicus
NEUR_1935,Amygdala,44.03,41.42,Mus musculus
NEUR_9753,Hippocampus,4.59,32.94,Danio rerio
NEUR_8285,Amygdala,47.18,33.99,Danio rerio
NEUR_7053,Hypothalamus,13.52,117.99,Mus musculus
NEUR_8675,Striatum,7.29,69.5,Danio rerio
NEUR_3077,Amygdala,0.5,49.54,Danio rerio
NEUR_3627,Thalamus,126.66,67.43,Rattus norvegicus
NEUR_8514,Hippocampus,135.34,30.15,Macaca mulatta
NEUR_6051,Amygdala,2.83,53.24,Rattus norvegicus
NEUR_8079,Hippocampus,80.65,23.24,Mus musculus
NEUR_7809,Cortex,27.89,12.99,Rattus norvegicus
NEUR_5535,Cerebellum,69.71,46.44,Mus musculus
NEUR_2448,Amygdala,100.14,55.57,Rattus norvegicus
NEUR_7462,Striatum,94.02,68.31,Mus musculus
NEUR_6390,Cerebellum,10.62,50.76,Danio rerio
NEUR_9682,Hippocampus,114.96,56.27,Rattus norvegicus
NEUR_5429,Amygdala,1.49,34.87,Mus musculus
NEUR_3375,Hippocampus,28.65,12.4,Macaca mulatta
NEUR_7084,Thalamus,22.26,14.57,Danio rerio
NEUR_1748,Cerebellum,75.98,28.14,Mus musculus
NEUR_4667,Hypothalamus,7.36,100.46,Rattus norvegicus
NEUR_6953,Thalamus,106.06,53.46,Macaca mulatta
NEUR_4668,Cerebellum,0.41,19.7,Danio rerio
NEUR_6613,Cerebellum,90.81,35.8,Macaca mulatta
NEUR_2735,Striatum,17.25,66.64,Rattus norvegicus
NEUR_5791,Hypothalamus,17.29,93.67,Rattus norvegicus
NEUR_6432,Cerebellum,99.23,37.0,Rattus norvegicus
NEUR_7083,Cerebellum,36.64,40.38,Rattus norvegicus
NEUR_7351,Hypothalamus,102.46,18.59,Danio rerio
NEUR_7964,Hypothalamus,84.09,60.04,Danio rerio
NEUR_7105,Thalamus,94.52,75.0,Mus musculus
NEUR_7675,Cortex,14.27,31.28,Danio rerio
NEUR_2776,Hypothalamus,78.28,97.38,Rattus norvegicus
NEUR_6097,Hypothalamus,19.71,107.65,Mus musculus
NEUR_7918,Striatum,63.77,109.65,Mus musculus
NEUR_1920,Thalamus,60.89,49.83,Rattus norvegicus
NEUR_7250,Amygdala,140.66,80.04,Macaca mulatta
NEUR_5235,Hippocampus,49.8,33.53,Rattus norvegicus
NEUR_3198,Cerebellum,32.38,13.28,Rattus norvegicus
NEUR_6175,Hypothalamus,106.66,85.78,Rattus norvegicus
NEUR_8035,Amygdala,122.86,79.27,Macaca mulatta
NEUR_5024,Cortex,31.87,113.7,Macaca mulatta
NEUR_7706,Thalamus,76.59,49.48,Rattus norvegicus
NEUR_5002,Hypothalamus,60.53,110.56,Danio rerio
NEUR_5672,Hippocampus,42.74,75.75,Danio rerio
NEUR_2276,Cortex,124.5,51.81,Mus musculus
NEUR_1792,Hypothalamus,106.09,67.47,Macaca mulatta
NEUR_6336,Hypothalamus,62.36,16.95,Mus musculus
NEUR_1775,Hypothalamus,3.48,44.45,Mus musculus
NEUR_3998,Amygdala,90.69,41.23,Rattus norvegicus
NEUR_7718,Cerebellum,13.1,48.72,Danio rerio
NEUR_8665,Hypothalamus,23.19,16.68,Rattus norvegicus
NEUR_2480,Thalamus,57.63,66.45,Macaca mulatta
NEUR_2584,Thalamus,77.49,96.31,Mus musculus
NEUR_3950,Thalamus,104.89,42.93,Rattus norvegicus
NEUR_9016,Cerebellum,42.85,102.51,Mus musculus
NEUR_6104,Hippocampus,74.13,78.42,Macaca mulatta
NEUR_8634,Hippocampus,68.68,55.87,Rattus norvegicus
NEUR_1638,Cerebellum,27.26,71.15,Rattus norvegicus
NEUR_7005,Amygdala,134.26,56.04,Macaca mulatta
NEUR_3376,Cortex,140.02,54.24,Macaca mulatta
NEUR_3766,Hypothalamus,49.34,99.31,Mus musculus
NEUR_2554,Hypothalamus,57.1,95.11,Rattus norvegicus
NEUR_7948,Cortex,6.99,24.75,Rattus norvegicus
NEUR_6784,Hippocampus,136.06,103.84,Rattus norvegicus
NEUR_7885,Cerebellum,59.13,51.54,Mus musculus
NEUR_4091,Amygdala,6.49,70.06,Mus musculus
NEUR_6327,Striatum,6.92,81.91,Rattus norvegicus
NEUR_3956,Amygdala,86.49,92.64,Macaca mulatta
NEUR_3423,Amygdala,81.59,38.09,Danio rerio
NEUR_2083,Thalamus,91.38,54.31,Macaca mulatta
NEUR_9357,Thalamus,138.82,26.79,Rattus norvegicus
NEUR_5437,Amygdala,98.8,60.05,Danio rerio
NEUR_1038,Cortex,54.2,117.17,Rattus norvegicus
NEUR_1584,Cortex,76.2,53.15,Mus musculus
NEUR_7244,Striatum,55.22,63.88,Macaca mulatta
NEUR_1196,Striatum,87.11,26.04,Rattus norvegicus
NEUR_4191,Cortex,12.53,37.32,Rattus norvegicus
NEUR_3386,Thalamus,119.96,23.88,Danio rerio
NEUR_5917,Cortex,123.4,43.12,Macaca mulatta
NEUR_6364,Striatum,127.17,112.58,Rattus norvegicus
NEUR_2257,Hypothalamus,131.29,28.03,Danio rerio
NEUR_3755,Hippocampus,26.08,29.41,Danio rerio
NEUR_2629,Hippocampus,141.75,66.77,Danio rerio
NEUR_2165,Thalamus,6.3,37.47,Macaca mulatta
NEUR_3463,Thalamus,132.3,64.54,Rattus norvegicus
NEUR_6866,Cerebellum,139.23,65.25,Rattus norvegicus
NEUR_3390,Cortex,108.05,114.85,Danio rerio
NEUR_4255,Cortex,80.58,51.08,Macaca mulatta
NEUR_9226,Thalamus,6.61,61.26,Mus musculus
NEUR_6403,Thalamus,76.44,13.61,Mus musculus
NEUR_7506,Striatum,77.29,28.76,Macaca mulatta
NEUR_4943,Cerebellum,121.44,80.14,Rattus norvegicus
NEUR_2656,Thalamus,21.86,41.71,Rattus norvegicus
NEUR_5191,Striatum,53.59,25.66,Danio rerio
NEUR_4097,Hypothalamus,30.11,68.62,Macaca mulatta
NEUR_7756,Amygdala,135.38,70.61,Rattus norvegicus
NEUR_3100,Thalamus,119.48,61.28,Danio rerio
NEUR_8612,Cortex,124.4,49.58,Danio rerio
NEUR_6860,Cerebellum,3.41,23.15,Rattus norvegicus
NEUR_8829,Amygdala,73.7,80.89,Macaca mulatta
NEUR_9603,Amygdala,81.74,58.31,Mus musculus
NEUR_8409,Cortex,84.91,105.74,Danio rerio
NEUR_5627,Cerebellum,59.63,45.82,Mus musculus
NEUR_2543,Thalamus,19.28,78.66,Danio rerio
NEUR_4703,Striatum,22.51,14.91,Mus musculus
NEUR_3910,Thalamus,30.37,18.93,Danio rerio
NEUR_8326,Hypothalamus,121.39,52.25,Rattus norvegicus
NEUR_2037,Thalamus,16.74,95.75,Danio rerio
NEUR_1955,Hypothalamus,51.72,14.45,Mus musculus
NEUR_6054,Cortex,126.41,119.78,Mus musculus
NEUR_9203,Cerebellum,135.96,69.02,Rattus norvegicus
NEUR_8995,Hypothalamus,128.66,51.94,Mus musculus
NEUR_2087,Hypothalamus,74.03,71.41,Macaca mulatta
NEUR_4318,Amygdala,14.45,114.37,Macaca mulatta
NEUR_4552,Cortex,108.38,92.89,Mus musculus
NEUR_3373,Amygdala,79.3,98.02,Macaca mulatta
NEUR_2497,Hypothalamus,39.5,106.29,Macaca mulatta
NEUR_3689,Cortex,94.06,73.82,Macaca mulatta
NEUR_8684,Cortex,5.54,117.91,Rattus norvegicus
NEUR_5193,Thalamus,0.65,100.22,Macaca mulatta
NEUR_2558,Hippocampus,3.57,40.53,Danio rerio
NEUR_4830,Thalamus,81.37,107.83,Danio rerio
NEUR_2891,Striatum,37.61,64.43,Danio rerio
NEUR_7293,Cerebellum,74.61,90.94,Macaca mulatta
NEUR_7201,Amygdala,142.54,45.49,Mus musculus
NEUR_3889,Thalamus,30.52,117.73,Danio rerio
NEUR_6138,Cortex,10.26,49.63,Danio rerio
NEUR_4054,Cortex,102.18,97.66,Rattus norvegicus
NEUR_1626,Cortex,58.78,49.42,Rattus norvegicus
NEUR_5639,Striatum,94.01,14.13,Rattus norvegicus
NEUR_2514,Hypothalamus,56.18,36.62,Rattus norvegicus
NEUR_5638,Hypothalamus,77.26,108.07,Danio rerio
NEUR_6765,Hippocampus,55.48,55.63,Mus musculus
NEUR_1097,Hypothalamus,128.01,96.51,Rattus norvegicus
NEUR_7718,Cerebellum,75.33,46.34,Rattus norvegicus
NEUR_2302,Thalamus,145.99,71.94,Mus musculus
NEUR_3571,Hippocampus,139.92,16.14,Rattus norvegicus
NEUR_3099,Hippocampus,132.39,118.32,Mus musculus
NEUR_8404,Thalamus,116.27,27.61,Mus musculus
NEUR_8361,Cerebellum,61.5,76.0,Macaca mulatta
NEUR_9596,Striatum,94.99,17.47,Rattus norvegicus
NEUR_7698,Hypothalamus,51.93,74.47,Mus musculus
NEUR_9470,Hypothalamus,130.15,53.03,Mus musculus
NEUR_6726,Hypothalamus,109.68,18.02,Danio rerio
NEUR_5568,Cortex,146.84,73.4,Danio rerio
NEUR_8315,Cortex,89.28,88.8,Rattus norvegicus
NEUR_3796,Cortex,3.33,57.54,Mus musculus
NEUR_5706,Thalamus,22.36,94.17,Macaca mulatta
NEUR_9825,Amygdala,16.24,109.86,Rattus norvegicus
NEUR_2240,Cerebellum,64.7,28.13,Rattus norvegicus
NEUR_4421,Cortex,36.51,81.85,Macaca mulatta
NEUR_3343,Amygdala,66.84,87.48,Macaca mulatta
NEUR_1991,Hypothalamus,30.05,57.14,Rattus norvegicus
NEUR_9112,Thalamus,94.35,23.8,Macaca mulatta
NEUR_9423,Cortex,79.82,32.79,Macaca mulatta
NEUR_4915,Cerebellum,41.4,41.14,Mus musculus
NEUR_8196,Hippocampus,66.67,57.68,Danio rerio
NEUR_3987,Striatum,23.19,109.01,Macaca mulatta
NEUR_3000,Hippocampus,108.29,12.61,Danio rerio
NEUR_6786,Cerebellum,15.89,71.33,Macaca mulatta
NEUR_3572,Hypothalamus,68.27,60.99,Danio rerio
NEUR_2750,Striatum,62.65,27.51,Rattus norvegicus
NEUR_9176,Cortex,76.29,79.58,Mus musculus
NEUR_9994,Hypothalamus,49.74,109.34,Danio rerio
NEUR_8716,Striatum,14.14,66.08,Mus musculus
NEUR_4961,Thalamus,17.19,103.26,Danio rerio
NEUR_1276,Hippocampus,34.68,110.24,Mus musculus
NEUR_4786,Cortex,113.09,103.89,Mus musculus
NEUR_5234,Amygdala,8.48,119.37,Mus musculus
NEUR_5727,Hippocampus,83.89,68.09,Macaca mulatta
NEUR_1342,Hypothalamus,17.77,46.3,Danio rerio
NEUR_7653,Cortex,11.65,103.59,Rattus norvegicus
NEUR_8300,Cortex,92.24,87.11,Rattus norvegicus
NEUR_2873,Hypothalamus,143.94,13.57,Macaca mulatta
NEUR_8298,Hippocampus,26.85,99.01,Macaca mulatta
NEUR_9540,Hippocampus,130.27,54.98,Macaca mulatta
NEUR_7301,Cortex,46.38,79.99,Danio rerio
NEUR_1602,Amygdala,120.04,61.75,Danio rerio
NEUR_4775,Striatum,20.61,113.02,Macaca mulatta
NEUR_2367,Thalamus,129.31,78.29,Rattus norvegicus
NEUR_5163,Hippocampus,40.15,115.4,Rattus norvegicus
NEUR_3570,Hypothalamus,78.86,47.68,Macaca mulatta
NEUR_8927,Amygdala,9.77,101.99,Mus musculus
NEUR_5528,Amygdala,70.54,49.9,Macaca mulatta
NEUR_9686,Cerebellum,81.29,72.64,Danio rerio
NEUR_3033,Cerebellum,62.36,96.53,Rattus norvegicus
NEUR_7838,Thalamus,130.21,51.32,Rattus norvegicus
NEUR_4472,Striatum,102.54,36.9,Mus musculus
NEUR_6837,Thalamus,28.59,39.39,Danio rerio
NEUR_2028,Cortex,53.12,106.27,Mus musculus
NEUR_5349,Thalamus,18.5,41.18,Mus musculus
NEUR_1893,Hypothalamus,99.97,111.78,Rattus norvegicus
NEUR_1890,Amygdala,43.34,47.51,Mus musculus
NEUR_2836,Thalamus,146.09,22.71,Rattus norvegicus
NEUR_3456,Striatum,2.51,116.1,Rattus norvegicus
NEUR_5055,Cerebellum,21.69,35.85,Mus musculus
NEUR_4583,Cortex,39.87,25.47,Mus musculus
NEUR_1323,Thalamus,37.07,75.27,Mus musculus
NEUR_7842,Thalamus,6.24,85.01,Mus musculus
NEUR_2985,Thalamus,12.45,60.41,Macaca mulatta
NEUR_9715,Thalamus,130.51,116.02,Rattus norvegicus
NEUR_6630,Cerebellum,104.3,16.55,Danio rerio
NEUR_5044,Striatum,93.79,78.01,Danio rerio
NEUR_9802,Striatum,51.99,73.08,Mus musculus
NEUR_5131,Hypothalamus,46.86,46.76,Mus musculus
NEUR_5968,Hypothalamus,135.3,95.53,Rattus norvegicus
NEUR_8063,Cortex,82.36,84.79,Mus musculus
NEUR_3205,Striatum,104.04,84.92,Rattus norvegicus
NEUR_9624,Striatum,113.04,107.3,Mus musculus
NEUR_5134,Striatum,31.22,66.93,Mus musculus
NEUR_1796,Hypothalamus,104.8,81.91,Macaca mulatta
NEUR_2604,Cerebellum,34.27,31.91,Mus musculus
NEUR_6231,Amygdala,38.77,82.71,Danio rerio
NEUR_3420,Thalamus,53.02,106.01,Macaca mulatta
NEUR_2450,Amygdala,50.27,74.35,Danio rerio
NEUR_3260,Thalamus,100.72,59.84,Danio rerio
NEUR_7648,Striatum,18.58,16.04,Rattus norvegicus
NEUR_4329,Amygdala,74.67,65.09,Rattus norvegicus
NEUR_1268,Striatum,144.24,59.14,Mus musculus
NEUR_9970,Hypothalamus,46.1,43.8,Danio rerio
NEUR_1661,Hippocampus,52.77,29.05,Macaca mulatta
NEUR_6965,Cortex,94.35,103.37,Danio rerio
NEUR_3591,Cortex,66.05,113.92,Macaca mulatta
NEUR_2692,Cortex,94.15,30.95,Rattus norvegicus
NEUR_9416,Amygdala,94.2,113.41,Rattus norvegicus
NEUR_9819,Amygdala,13.03,44.1,Danio rerio
NEUR_9602,Thalamus,78.83,92.54,Danio rerio
NEUR_3538,Amygdala,115.41,33.44,Mus musculus
NEUR_6914,Amygdala,127.17,118.68,Mus musculus
NEUR_2035,Amygdala,49.89,59.21,Macaca mulatta
NEUR_3922,Cerebellum,28.58,63.93,Danio rerio
NEUR_1762,Thalamus,71.05,15.71,Mus musculus
NEUR_5880,Thalamus,63.29,40.82,Macaca mulatta
NEUR_3351,Amygdala,132.67,13.0,Rattus norvegicus
NEUR_7545,Cortex,118.94,57.89,Mus musculus
NEUR_3724,Cortex,97.1,87.64,Danio rerio
NEUR_2084,Amygdala,120.94,112.4,Macaca mulatta
NEUR_7778,Hypothalamus,124.05,19.18,Macaca mulatta
NEUR_3514,Hypothalamus,5.55,100.85,Danio rerio
NEUR_4289,Hypothalamus,137.4,59.2,Rattus norvegicus
NEUR_9330,Cerebellum,74.84,117.18,Rattus norvegicus
NEUR_5162,Cortex,52.64,109.21,Macaca mulatta
NEUR_5479,Thalamus,148.06,99.51,Macaca mulatta
NEUR_4032,Cerebellum,102.97,78.36,Danio rerio
NEUR_7302,Cerebellum,103.11,56.87,Macaca mulatta
NEUR_5620,Amygdala,16.4,77.66,Macaca mulatta
NEUR_5361,Hippocampus,42.28,12.07,Mus musculus
NEUR_7339,Hippocampus,8.76,70.67,Mus musculus
NEUR_8852,Hippocampus,95.08,32.65,Mus musculus
NEUR_8498,Cerebellum,136.46,87.87,Danio rerio
NEUR_5464,Amygdala,58.05,113.9,Rattus norvegicus
NEUR_7041,Cerebellum,99.95,97.18,Danio rerio
NEUR_9479,Cerebellum,8.87,98.15,Macaca mulatta
NEUR_2327,Thalamus,83.08,24.63,Danio rerio
NEUR_6019,Cerebellum,19.47,102.48,Rattus norvegicus
NEUR_4152,Amygdala,3.63,11.92,Mus musculus
NEUR_9108,Amygdala,49.04,26.43,Danio rerio
NEUR_1790,Hypothalamus,143.37,63.39,Macaca mulatta
NEUR_1263,Thalamus,28.02,50.66,Mus musculus
NEUR_5788,Cerebellum,79.78,42.38,Danio rerio
NEUR_3030,Amygdala,51.81,104.82,Mus musculus
NEUR_8725,Cortex,142.84,31.89,Rattus norvegicus
NEUR_5935,Striatum,20.28,19.76,Mus musculus
NEUR_5672,Thalamus,49.41,43.8,Mus musculus
NEUR_9079,Cortex,123.26,21.03,Macaca mulatta
NEUR_6995,Thalamus,6.05,35.76,Mus musculus
NEUR_5130,Cortex,12.42,27.67,Rattus norvegicus
NEUR_8242,Cerebellum,78.53,90.49,Macaca mulatta
NEUR_8892,Cortex,25.97,116.41,Macaca mulatta
NEUR_6528,Hippocampus,44.45,99.82,Rattus norvegicus
NEUR_5354,Hippocampus,43.64,96.3,Danio rerio
NEUR_5950,Cerebellum,96.54,14.0,Rattus norvegicus
NEUR_1295,Striatum,132.98,92.19,Danio rerio
NEUR_5361,Hypothalamus,113.13,40.2,Mus musculus
NEUR_1167,Striatum,133.75,56.92,Rattus norvegicus
NEUR_7065,Cortex,16.65,27.97,Rattus norvegicus
NEUR_8305,Cerebellum,36.98,47.85,Danio rerio
NEUR_9201,Hippocampus,58.89,18.67,Mus musculus
NEUR_4445,Cerebellum,97.44,84.68,Danio rerio
NEUR_9151,Hypothalamus,148.38,83.72,Macaca mulatta
NEUR_6753,Thalamus,10.08,86.39,Macaca mulatta
NEUR_7241,Cortex,104.47,77.54,Macaca mulatta
NEUR_9114,Hypothalamus,35.74,88.94,Rattus norvegicus
NEUR_3533,Striatum,91.73,118.98,Danio rerio
NEUR_3500,Amygdala,54.11,46.81,Mus musculus
NEUR_9530,Hippocampus,125.04,51.29,Mus musculus
NEUR_1346,Amygdala,125.14,117.52,Rattus norvegicus
NEUR_9787,Hippocampus,90.28,112.21,Mus musculus
NEUR_6460,Amygdala,21.42,72.87,Macaca mulatta
NEUR_9484,Hippocampus,14.38,63.31,Macaca mulatta
NEUR_5718,Hippocampus,68.35,95.92,Danio rerio
NEUR_4086,Striatum,28.29,29.15,Macaca mulatta
NEUR_5369,Thalamus,147.07,44.82,Mus musculus
NEUR_1509,Hypothalamus,109.45,51.29,Macaca mulatta
NEUR_5618,Amygdala,94.85,94.42,Rattus norvegicus
NEUR_3750,Amygdala,16.33,28.09,Rattus norvegicus
NEUR_3864,Hypothalamus,85.51,101.74,Macaca mulatta
NEUR_5918,Hippocampus,1.29,119.33,Mus musculus
NEUR_1458,Cortex,137.58,69.32,Macaca mulatta
NEUR_8353,Hypothalamus,118.4,61.87,Macaca mulatta
NEUR_4745,Hypothalamus,2.17,31.49,Danio rerio
NEUR_5485,Hypothalamus,60.72,65.59,Mus musculus
NEUR_4004,Hypothalamus,41.84,40.72,Danio rerio
NEUR_1107,Striatum,135.15,17.09,Mus musculus
NEUR_4761,Cerebellum,79.44,28.8,Rattus norvegicus
NEUR_6636,Striatum,106.16,36.48,Danio rerio
NEUR_4941,Thalamus,52.64,40.48,Danio rerio
NEUR_1045,Cortex,95.64,94.71,Rattus norvegicus
NEUR_9541,Thalamus,62.2,79.47,Macaca mulatta
NEUR_3664,Hypothalamus,87.78,109.93,Rattus norvegicus
NEUR_2737,Striatum,47.06,21.2,Rattus norvegicus
NEUR_3949,Cerebellum,100.96,66.89,Rattus norvegicus
NEUR_8656,Striatum,93.99,11.3,Rattus norvegicus
NEUR_8564,Cortex,134.77,32.66,Macaca mulatta
NEUR_6067,Hippocampus,33.39,39.94,Mus musculus
NEUR_1631,Cerebellum,1.18,18.78,Danio rerio
NEUR_2835,Cortex,46.29,115.29,Mus musculus
NEUR_9273,Striatum,11.22,11.34,Mus musculus
NEUR_8027,Striatum,15.2,50.65,Macaca mulatta
NEUR_5266,Cortex,109.01,28.36,Mus musculus
NEUR_9386,Hypothalamus,118.82,99.14,Rattus norvegicus
NEUR_1845,Amygdala,75.57,74.33,Mus musculus
NEUR_6130,Amygdala,56.58,43.39,Mus musculus
NEUR_9134,Amygdala,57.06,111.03,Rattus norvegicus
NEUR_4792,Amygdala,22.81,28.23,Mus musculus
NEUR_7416,Cortex,125.76,14.26,Macaca mulatta
NEUR_5378,Amygdala,137.75,111.69,Danio rerio
NEUR_2625,Hippocampus,84.39,95.13,Mus musculus
NEUR_5478,Amygdala,95.74,46.41,Macaca mulatta
NEUR_6255,Striatum,111.67,14.89,Mus musculus
NEUR_3483,Amygdala,38.92,55.42,Mus musculus
NEUR_2831,Thalamus,64.72,74.04,Rattus norvegicus
NEUR_6074,Cortex,129.37,109.41,Mus musculus
NEUR_1244,Cortex,105.01,53.22,Rattus norvegicus
NEUR_4614,Cortex,65.67,66.64,Mus musculus
NEUR_9492,Hippocampus,10.23,46.52,Macaca mulatta
NEUR_2017,Cerebellum,107.66,20.81,Danio rerio
NEUR_2306,Cortex,77.52,90.27,Macaca mulatta
NEUR_3387,Hypothalamus,116.26,72.76,Danio rerio
NEUR_7254,Thalamus,23.93,45.15,Macaca mulatta
NEUR_5860,Hippocampus,39.84,16.15,Macaca mulatta
NEUR_5837,Striatum,117.05,55.73,Mus musculus
NEUR_4404,Hypothalamus,55.82,19.59,Macaca mulatta
NEUR_1182,Amygdala,16.13,36.28,Mus musculus
NEUR_6462,Cerebellum,86.15,112.54,Mus musculus
NEUR_2914,Thalamus,13.69,71.63,Mus musculus
NEUR_2891,Cortex,33.46,35.96,Rattus norvegicus
NEUR_5806,Cerebellum,21.19,47.35,Mus musculus
NEUR_3020,Thalamus,102.82,65.75,Danio rerio
NEUR_7974,Amygdala,147.03,112.48,Macaca mulatta
NEUR_1830,Amygdala,88.69,54.15,Danio rerio
NEUR_6761,Amygdala,128.77,11.39,Danio rerio
NEUR_2738,Amygdala,18.67,47.41,Rattus norvegicus
NEUR_6421,Cortex,47.1,13.67,Mus musculus
NEUR_9356,Hippocampus,23.31,112.07,Macaca mulatta
NEUR_1961,Cortex,61.22,92.94,Macaca mulatta
NEUR_2278,Hypothalamus,137.34,41.19,Danio rerio
NEUR_4831,Striatum,46.1,57.86,Rattus norvegicus
NEUR_6655,Cerebellum,89.2,97.81,Mus musculus
NEUR_1204,Hippocampus,74.1,76.73,Mus musculus
NEUR_9289,Striatum,44.26,11.16,Danio rerio
NEUR_6864,Cerebellum,142.02,36.7,Macaca mulatta
NEUR_4003,Hippocampus,5.09,19.33,Mus musculus
NEUR_8327,Cerebellum,44.14,92.44,Mus musculus
NEUR_5598,Cerebellum,53.03,88.28,Danio rerio
NEUR_5853,Thalamus,125.84,84.18,Mus musculus
NEUR_7842,Hippocampus,137.95,96.13,Rattus norvegicus
NEUR_5605,Striatum,126.96,25.84,Danio rerio
NEUR_1670,Hypothalamus,82.41,19.16,Rattus norvegicus
NEUR_1141,Cortex,31.68,14.02,Macaca mulatta
NEUR_5318,Hippocampus,86.21,80.51,Rattus norvegicus
NEUR_5904,Striatum,114.59,99.22,Rattus norvegicus
NEUR_2384,Hippocampus,94.93,111.9,Mus musculus
NEUR_3173,Cortex,121.85,109.99,Danio rerio
NEUR_1464,Hypothalamus,142.99,54.93,Danio rerio
NEUR_7938,Cortex,25.04,17.16,Rattus norvegicus
NEUR_4851,Striatum,118.61,14.8,Rattus norvegicus
NEUR_4705,Thalamus,28.03,64.23,Rattus norvegicus
NEUR_8979,Striatum,72.41,30.94,Macaca mulatta
NEUR_2302,Striatum,66.73,13.93,Mus musculus
NEUR_9343,Thalamus,124.58,50.55,Mus musculus
NEUR_6089,Striatum,111.51,41.7,Danio rerio
NEUR_4055,Hypothalamus,116.89,109.5,Mus musculus
NEUR_9189,Hypothalamus,40.66,35.05,Macaca mulatta
NEUR_7648,Thalamus,55.39,73.77,Mus musculus
NEUR_1225,Thalamus,37.33,94.81,Danio rerio
NEUR_8190,Cerebellum,64.65,108.35,Macaca mulatta
NEUR_6189,Hippocampus,117.49,27.13,Mus musculus
NEUR_8505,Hippocampus,91.0,50.61,Macaca mulatta
NEUR_8517,Striatum,72.07,83.01,Rattus norvegicus
NEUR_1552,Striatum,11.61,19.81,Danio rerio
NEUR_3620,Cerebellum,93.51,58.27,Danio rerio
NEUR_5478,Cortex,96.46,84.58,Macaca mulatta
NEUR_1169,Hypothalamus,118.58,103.4,Danio rerio
NEUR_6310,Thalamus,127.3,37.57,Danio rerio
NEUR_6099,Hypothalamus,103.9,76.92,Rattus norvegicus
NEUR_3436,Thalamus,148.53,52.58,Macaca mulatta
NEUR_7999,Hypothalamus,30.24,65.57,Danio rerio
NEUR_5247,Thalamus,67.49,108.0,Mus musculus
NEUR_7283,Striatum,94.3,67.8,Macaca mulatta
NEUR_1179,Striatum,58.07,25.85,Mus musculus
NEUR_9932,Thalamus,20.4,109.1,Macaca mulatta
NEUR_2434,Cortex,34.05,85.31,Danio rerio
NEUR_8489,Hippocampus,129.92,94.05,Mus musculus
NEUR_2266,Hippocampus,74.05,116.86,Macaca mulatta
NEUR_9508,Striatum,19.84,29.12,Danio rerio
NEUR_7380,Amygdala,36.53,117.63,Rattus norvegicus
NEUR_2306,Cortex,85.56,26.34,Danio rerio
NEUR_8245,Striatum,100.31,63.82,Macaca mulatta
NEUR_9007,Cerebellum,141.27,108.21,Macaca mulatta
NEUR_4952,Hippocampus,57.08,54.64,Mus musculus
NEUR_9823,Cerebellum,60.85,70.86,Macaca mulatta
NEUR_9802,Cortex,93.61,48.06,Macaca mulatta
