neuron_id,region,firing_rate_hz,spike_amplitude_mv,subject_species
NEUR_7281,Cerebellum,135.22,76.09,Mus musculus
NEUR_6584,Cerebellum,45.87,76.98,Macaca mulatta
NEUR_3341,Hippocampus,98.29,88.08,Mus musculus
NEUR_9702,Thalamus,16.4,85.86,Danio rerio
NEUR_8141,Amygdala,62.93,88.95,Mus musculus
NEUR_4293,Striatum,112.77,19.17,Mus musculus
NEUR_3127,Hypothalamus,14.29,56.63,Danio rerio
NEUR_3163,Cerebellum,119.45,55.64,Rattus norvegicus
NEUR_9042,Hypothalamus,94.86,67.59,Macaca mulatta
NEUR_5523,Striatum,66.8,76.78,Macaca mulatta
NEUR_5263,Amygdala,28.41,87.65,Mus musculus
NEUR_9259,Cerebellum,78.37,59.85,Macaca mulatta
NEUR_8730,Cerebellum,143.98,44.79,Rattus norvegicus
NEUR_5138,Cerebellum,13.62,40.19,Mus musculus
NEUR_5380,Striatum,2.12,26.76,Danio rerio
NEUR_6382,Striatum,122.53,82.07,Rattus norvegicus
NEUR_4249,Amygdala,89.47,97.68,Rattus norvegicus
NEUR_2855,Hippocampus,67.66,34.68,Danio rerio
NEUR_1751,Hippocampus,72.59,32.2,Mus musculus
NEUR_2967,Cerebellum,10.87,98.78,Mus musculus
NEUR_4330,Striatum,48.29,100.32,Macaca mulatta
NEUR_9719,Cerebellum,28.94,98.94,Mus musculus
NEUR_3108,Striatum,46.25,104.86,Mus musculus
NEUR_5263,Striatum,115.38,110.9,Macaca mulatta
NEUR_2135,Cerebellum,85.47,73.02,Macaca mulatta
NEUR_9142,Striatum,93.54,24.06,Macaca mulatta
NEUR_2821,Cerebellum,68.68,90.26,Danio rerio
NEUR_1293,Hippocampus,48.37,40.11,Rattus norvegicus
NEUR_6125,Hippocampus,32.97,14.02,Macaca mulatta
NEUR_1912,Cerebellum,141.26,92.08,Mus musculus
NEUR_4813,Hippocampus,10.2,13.52,Rattus norvegicus
NEUR_3525,Amygdala,20.53,17.1,Danio rerio
NEUR_3859,Amygdala,143.17,119.13,Macaca mulatta
NEUR_2648,Striatum,144.2,40.1,Macaca mulatta
NEUR_5693,Hippocampus,26.41,104.64,Macaca mulatta
NEUR_3849,Hypothalamus,72.91,43.37,Rattus norvegicus
NEUR_6501,Cortex,4.27,96.04,Danio rerio
NEUR_8090,Cerebellum,69.49,75.34,Mus musculus
NEUR_6596,Striatum,11.69,82.39,Rattus norvegicus
NEUR_7102,Hypothalamus,42.97,17.5,Macaca mulatta
NEUR_4307,Amygdala,6.58,56.85,Macaca mulatta
NEUR_3837,Hypothalamus,57.63,57.58,Danio rerio
NEUR_5766,Striatum,140.32,41.14,Rattus norvegicus
NEUR_2851,Thalamus,20.15,60.8,Rattus norvegicus
NEUR_1427,Thalamus,28.55,27.49,Danio rerio
NEUR_4467,Cerebellum,67.4,21.62,Mus musculus
NEUR_1760,Striatum,33.64,17.5,Rattus norvegicus
NEUR_8674,Cortex,59.85,41.84,Danio rerio
NEUR_4477,Amygdala,10.2,97.91,Macaca mulatta
NEUR_9006,Striatum,139.58,57.04,Rattus norvegicus
NEUR_2227,Cerebellum,32.51,41.3,Mus musculus
NEUR_6830,Amygdala,64.52,118.65,Rattus norvegicus
NEUR_7641,Thalamus,105.04,35.57,Rattus norvegicus
NEUR_3758,Thalamus,87.14,72.26,Danio rerio
NEUR_3603,Cerebellum,40.66,83.45,Macaca mulatta
NEUR_6847,Amygdala,37.2,85.03,Mus musculus
NEUR_7725,Cerebellum,149.78,99.02,Danio rerio
NEUR_5534,Cortex,148.2,40.67,Rattus norvegicus
NEUR_4212,Hypothalamus,33.43,95.8,Rattus norvegicus
NEUR_3848,Cerebellum,135.94,86.38,Mus musculus
NEUR_4131,Cortex,89.11,38.82,Mus musculus
NEUR_2315,Cortex,89.27,49.68,Mus musculus
NEUR_3900,Hippocampus,144.19,73.32,Rattus norvegicus
NEUR_6042,Cortex,29.26,111.07,Rattus norvegicus
NEUR_5568,Cortex,25.89,48.37,Macaca mulatta
NEUR_4794,Cortex,128.76,83.22,Danio rerio
NEUR_7292,Hippocampus,17.83,32.58,Rattus norvegicus
NEUR_2674,Cortex,118.18,53.77,Danio rerio
NEUR_8897,Hippocampus,124.14,91.82,Mus musculus
NEUR_7530,Hypothalamus,46.84,22.09,Danio rerio
NEUR_2580,Cerebellum,90.06,51.18,Danio rerio
NEUR_2632,Cerebellum,76.96,98.15,Danio rerio
NEUR_4488,Cerebellum,56.32,26.31,Rattus norvegicus
NEUR_7365,Cortex,95.05,42.08,Macaca mulatta
NEUR_4797,Striatum,1.01,79.54,Macaca mulatta
NEUR_3475,Hypothalamus,73.58,10.93,Rattus norvegicus
NEUR_8342,Striatum,114.31,33.71,Macaca mulatta
NEUR_5798,Striatum,84.99,91.25,Macaca mulatta
NEUR_4370,Amygdala,2.22,64.08,Rattus norvegicus
NEUR_2099,Amygdala,22.24,27.22,Rattus norvegicus
NEUR_3708,Cortex,100.1,108.62,Danio rerio
NEUR_7854,Striatum,143.2,115.26,Mus musculus
NEUR_5020,Cerebellum,58.71,13.33,Rattus norvegicus
NEUR_9132,Amygdala,107.24,27.73,Macaca mulatta
NEUR_8495,Striatum,119.01,12.47,Macaca mulatta
NEUR_9941,Cerebellum,83.88,25.6,Mus musculus
NEUR_6234,Amygdala,116.17,50.85,Macaca mulatta
NEUR_2423,Striatum,125.35,26.94,Mus musculus
NEUR_8563,Cerebellum,41.94,59.56,Mus musculus
NEUR_1434,Cerebellum,140.48,14.01,Rattus norvegicus
NEUR_4486,Cerebellum,44.82,92.32,Rattus norvegicus
NEUR_1132,Cortex,109.05,41.15,Mus musculus
NEUR_6231,Cerebellum,46.96,35.81,Macaca mulatta
NEUR_7196,Amygdala,1.45,100.02,Rattus norvegicus
NEUR_6302,Cortex,101.61,55.26,Macaca mulatta
NEUR_8057,Thalamus,115.72,63.31,Danio rerio
NEUR_3266,Cerebellum,49.1,93.48,Macaca mulatta
NEUR_8939,Hippocampus,62.38,98.83,Rattus norvegicus
NEUR_7209,Hippocampus,148.6,53.16,Rattus norvegicus
NEUR_5339,Cortex,128.83,12.78,Rattus norvegicus
NEUR_1451,Thalamus,148.07,115.92,Danio rerio
NEUR_5393,Amygdala,149.47,65.32,Danio rerio
NEUR_3823,Cortex,46.1,38.44,Rattus norvegicus
NEUR_5436,Amygdala,103.77,110.6,Mus musculus
NEUR_2504,Hippocampus,73.38,98.81,Macaca mulatta
NEUR_3625,Cerebellum,149.05,74.96,Macaca mulatta
NEUR_6752,Cerebellum,108.2,114.94,Macaca mulatta
NEUR_5520,Amygdala,81.94,53.38,Danio rerio
NEUR_4035,Cortex,26.62,113.74,Macaca mulatta
NEUR_5262,Cerebellum,51.84,27.2,Mus musculus
NEUR_8014,Hippocampus,6.53,91.16,Rattus norvegicus
NEUR_5686,Amygdala,39.64,30.86,Danio rerio
NEUR_5360,Hippocampus,123.32,76.68,Mus musculus
NEUR_3635,Striatum,139.11,97.51,Macaca mulatta
NEUR_4581,Cerebellum,134.63,14.24,Danio rerio
NEUR_7005,Striatum,85.52,75.27,Rattus norvegicus
NEUR_9971,Cortex,104.14,68.6,Macaca mulatta
NEUR_9825,Hypothalamus,138.08,72.68,Mus musculus
NEUR_8978,Amygdala,90.32,74.74,Mus musculus
NEUR_7005,Thalamus,81.33,80.17,Danio rerio
NEUR_3717,Hippocampus,1.92,116.7,Danio rerio
NEUR_7205,Hippocampus,105.26,119.87,Macaca mulatta
NEUR_5303,Hypothalamus,3.83,33.58,Mus musculus
NEUR_9425,Hypothalamus,77.06,108.15,Danio rerio
NEUR_2004,Hippocampus,18.08,37.81,Macaca mulatta
NEUR_1126,Thalamus,27.91,77.72,Macaca mulatta
NEUR_8919,Amygdala,81.27,34.14,Rattus norvegicus
NEUR_9124,Amygdala,25.5,99.05,Macaca mulatta
NEUR_7456,Cerebellum,141.61,63.86,Rattus norvegicus
NEUR_6995,Thalamus,4.39,112.81,Macaca mulatta
NEUR_8345,Amygdala,99.84,23.27,Rattus norvegicus
NEUR_1413,Hippocampus,78.66,30.73,Mus musculus
NEUR_6264,Thalamus,89.57,99.16,Danio rerio
NEUR_7942,Cerebellum,100.09,97.29,Macaca mulatta
NEUR_6941,Hippocampus,121.19,105.34,Mus musculus
NEUR_1425,Cortex,144.81,82.13,Rattus norvegicus
NEUR_6103,Striatum,108.32,53.85,Rattus norvegicus
NEUR_9503,Cortex,131.22,82.83,Macaca mulatta
NEUR_8353,Amygdala,71.09,109.52,Macaca mulatta
NEUR_9668,Hippocampus,76.82,112.79,Macaca mulatta
NEUR_3400,Cerebellum,113.02,89.92,Danio rerio
NEUR_6317,Hypothalamus,144.14,14.72,Macaca mulatta
NEUR_2637,Cerebellum,64.1,85.05,Rattus norvegicus
NEUR_6627,Striatum,83.5,71.95,Rattus norvegicus
NEUR_3473,Hypothalamus,62.63,101.64,Macaca mulatta
NEUR_1765,Amygdala,110.61,42.27,Danio rerio
NEUR_2204,Striatum,65.33,60.07,Rattus norvegicus
NEUR_2569,Amygdala,139.76,68.34,Rattus norvegicus
NEUR_6010,Hippocampus,55.73,58.04,Macaca mulatta
NEUR_1640,Hippocampus,67.73,79.55,Rattus norvegicus
NEUR_3260,Hypothalamus,22.83,22.88,Mus musculus
NEUR_4374,Hippocampus,70.89,70.26,Macaca mulatta
NEUR_3766,Hippocampus,38.83,86.67,Macaca mulatta
NEUR_2762,Striatum,148.95,116.32,Mus musculus
NEUR_7714,Thalamus,137.55,84.16,Mus musculus
NEUR_8754,Cerebellum,92.3,23.54,Rattus norvegicus
NEUR_1615,Hypothalamus,0.57,117.33,Danio rerio
NEUR_6101,Amygdala,91.03,30.52,Mus musculus
NEUR_6197,Cerebellum,35.7,53.6,Rattus norvegicus
NEUR_4327,Cortex,55.01,70.61,Rattus norvegicus
NEUR_4457,Cerebellum,51.6,99.27,Danio rerio
NEUR_6164,Cerebellum,116.08,101.75,Rattus norvegicus
NEUR_4127,Cortex,128.53,16.65,Danio rerio
NEUR_1661,Amygdala,63.43,25.86,Macaca mulatta
NEUR_3376,Striatum,114.36,104.45,Rattus norvegicus
NEUR_7671,Cerebellum,118.97,52.89,Macaca mulatta
NEUR_7165,Thalamus,113.2,104.99,Danio rerio
NEUR_8402,Cerebellum,54.11,27.59,Macaca mulatta
NEUR_3847,Hippocampus,62.62,44.36,Mus musculus
NEUR_1229,Amygdala,57.41,36.43,Danio rerio
NEUR_7203,Striatum,101.85,34.46,Macaca mulatta
NEUR_5159,Cortex,64.88,77.08,Rattus norvegicus
NEUR_2859,Cerebellum,60.0,49.12,Danio rerio
NEUR_2252,Cerebellum,110.78,48.95,Mus musculus
NEUR_7602,Cortex,101.15,60.11,Macaca mulatta
NEUR_7719,Hypothalamus,74.0,25.22,Rattus norvegicus
NEUR_8115,Amygdala,115.2,17.51,Danio rerio
NEUR_3179,Cortex,90.81,50.82,Macaca mulatta
NEUR_5391,Thalamus,71.98,57.37,Macaca mulatta
NEUR_5286,Hippocampus,136.14,119.72,Macaca mulatta
NEUR_4599,Amygdala,28.74,71.7,Rattus norvegicus
NEUR_5776,Hippocampus,8.77,39.12,Rattus norvegicus
NEUR_2803,Cortex,141.08,58.33,Rattus norvegicus
NEUR_8557,Cortex,106.7,116.14,Rattus norvegicus
NEUR_4796,Amygdala,144.51,35.78,Macaca mulatta
NEUR_9139,Hippocampus,98.36,27.19,Rattus norvegicus
NEUR_7523,Amygdala,40.01,42.94,Mus musculus
NEUR_3365,Hippocampus,52.66,51.35,Rattus norvegicus
NEUR_7077,Striatum,104.07,85.18,Mus musculus
NEUR_2925,Cortex,16.38,95.31,Macaca mulatta
NEUR_5052,Striatum,40.81,43.03,Rattus norvegicus
NEUR_4999,Amygdala,19.07,59.8,Macaca mulatta
NEUR_2543,Amygdala,44.04,15.87,Macaca mulatta
NEUR_9950,Cerebellum,47.82,111.46,Danio rerio
NEUR_6598,Hippocampus,72.25,88.46,Mus musculus
NEUR_3796,Hypothalamus,63.42,59.5,Macaca mulatta
NEUR_1062,Hypothalamus,139.8,53.48,Macaca mulatta
NEUR_2081,Striatum,26.84,69.86,Mus musculus
NEUR_4072,Cortex,25.54,119.33,Danio rerio
NEUR_9760,Cortex,74.97,85.53,Mus musculus
NEUR_5604,Thalamus,112.41,52.22,Danio rerio
NEUR_5327,Thalamus,20.01,77.23,Mus musculus
NEUR_3445,Hypothalamus,38.1,76.46,Mus musculus
NEUR_9673,Thalamus,42.0,95.81,Danio rerio
NEUR_7552,Cortex,40.55,46.6,Macaca mulatta
NEUR_6106,Hypothalamus,146.16,52.08,Rattus norvegicus
NEUR_7753,Thalamus,79.23,82.08,Macaca mulatta
NEUR_1900,Cerebellum,93.8,17.33,Danio rerio
NEUR_4008,Cerebellum,112.92,89.59,Rattus norvegicus
NEUR_3424,Hippocampus,73.42,95.03,Macaca mulatta
NEUR_8635,Cortex,71.78,64.27,Rattus norvegicus
NEUR_3383,Thalamus,87.7,22.37,Mus musculus
NEUR_6321,Amygdala,49.84,34.22,Mus musculus
NEUR_1942,Hypothalamus,50.93,38.2,Rattus norvegicus
NEUR_9574,Thalamus,14.81,66.21,Danio rerio
NEUR_8399,Cortex,99.41,33.25,Danio rerio
NEUR_5124,Hypothalamus,57.6,51.07,Danio rerio
NEUR_8066,Thalamus,100.49,89.96,Mus musculus
NEUR_7996,Cortex,39.0,99.29,Macaca mulatta
NEUR_3312,Striatum,109.68,43.78,Danio rerio
NEUR_7960,Hippocampus,143.17,89.3,Macaca mulatta
NEUR_1912,Amygdala,13.88,109.52,Macaca mulatta
NEUR_6444,Striatum,143.01,60.1,Rattus norvegicus
NEUR_3024,Thalamus,94.98,35.52,Rattus norvegicus
NEUR_9338,Amygdala,44.15,39.96,Macaca mulatta
NEUR_3237,Hypothalamus,54.9,44.54,Mus musculus
NEUR_1686,Cortex,65.3,11.61,Mus musculus
NEUR_8424,Hypothalamus,129.84,21.16,Danio rerio
NEUR_7872,Hippocampus,24.95,33.73,Macaca mulatta
NEUR_7856,Striatum,57.44,100.32,Danio rerio
NEUR_5599,Cortex,42.69,113.63,Rattus norvegicus
NEUR_2428,Thalamus,16.49,107.82,Macaca mulatta
NEUR_8131,Hypothalamus,57.34,109.01,Macaca mulatta
NEUR_9606,Amygdala,91.95,113.24,Mus musculus
NEUR_7139,Striatum,16.7,105.18,Macaca mulatta
NEUR_7143,Cortex,25.52,74.2,Mus musculus
NEUR_7518,Hippocampus,93.19,66.03,Danio rerio
NEUR_7652,Amygdala,80.2,18.91,Mus musculus
NEUR_6192,Amygdala,141.58,20.28,Rattus norvegicus
NEUR_2477,Thalamus,58.49,95.68,Mus musculus
NEUR_4582,Cerebellum,22.96,88.57,Mus musculus
NEUR_6469,Cerebellum,134.54,109.59,Danio rerio
NEUR_8110,Hypothalamus,65.73,119.3,Macaca mulatta
NEUR_7118,Thalamus,48.32,47.84,Mus musculus
NEUR_6097,Cortex,54.75,44.18,Rattus norvegicus
NEUR_6039,Hippocampus,120.8,69.49,Macaca mulatta
NEUR_8221,Cortex,120.89,25.07,Rattus norvegicus
NEUR_9931,Cerebellum,84.68,112.89,Macaca mulatta
NEUR_4341,Cortex,35.64,100.27,Rattus norvegicus
NEUR_4249,Amygdala,100.08,113.31,Macaca mulatta
NEUR_8862,Hippocampus,108.95,116.87,Danio rerio
NEUR_9490,Cortex,124.61,85.99,Mus musculus
NEUR_4791,Hippocampus,97.25,15.73,Mus musculus
NEUR_4365,Thalamus,71.89,100.24,Rattus norvegicus
NEUR_1021,Hippocampus,123.96,83.92,Macaca mulatta
NEUR_4090,Striatum,95.19,87.5,Rattus norvegicus
NEUR_9727,Striatum,68.28,57.14,Danio rerio
NEUR_9323,Cortex,8.32,99.46,Danio rerio
NEUR_2923,Cerebellum,81.84,27.26,Mus musculus
NEUR_4295,Amygdala,84.13,39.98,Macaca mulatta
NEUR_1021,Cortex,24.41,39.29,Rattus norvegicus
NEUR_1155,Amygdala,115.52,34.14,Rattus norvegicus
NEUR_6550,Hippocampus,102.17,88.34,Macaca mulatta
NEUR_2219,Hippocampus,76.53,98.61,Mus musculus
NEUR_9221,Amygdala,0.93,102.7,Mus musculus
NEUR_5725,Thalamus,64.78,78.91,Rattus norvegicus
NEUR_8341,Cerebellum,13.12,42.07,Danio rerio
NEUR_1928,Amygdala,38.83,17.62,Rattus norvegicus
NEUR_9599,Cerebellum,41.29,67.81,Danio rerio
NEUR_9990,Thalamus,136.52,63.92,Danio rerio
NEUR_9727,Thalamus,98.56,72.0,Mus musculus
NEUR_7231,Thalamus,36.1,87.58,Mus musculus
NEUR_1603,Cerebellum,105.03,49.78,Macaca mulatta
NEUR_6974,Cortex,83.79,65.85,Danio rerio
NEUR_1432,Cortex,113.61,58.11,Rattus norvegicus
NEUR_8182,Cerebellum,11.11,27.04,Mus musculus
NEUR_1017,Cerebellum,91.54,119.66,Danio rerio
NEUR_2820,Thalamus,95.06,45.47,Mus musculus
NEUR_7054,Hippocampus,107.39,34.03,Macaca mulatta
NEUR_4142,Hippocampus,89.78,37.47,Rattus norvegicus
NEUR_1682,Cortex,47.48,109.1,Danio rerio
NEUR_8081,Thalamus,34.66,78.73,Mus musculus
NEUR_3230,Hypothalamus,6.22,20.5,Danio rerio
NEUR_7579,Cortex,60.88,88.32,Macaca mulatta
NEUR_1352,Hypothalamus,85.42,48.54,Rattus norvegicus
NEUR_7322,Cerebellum,68.44,15.11,Danio rerio
NEUR_5365,Hypothalamus,136.0,38.78,Mus musculus
NEUR_1163,Amygdala,42.53,52.82,Danio rerio
NEUR_6727,Cerebellum,70.57,17.57,Macaca mulatta
NEUR_8281,Thalamus,90.61,110.69,Macaca mulatta
NEUR_7359,Striatum,90.65,97.08,Rattus norvegicus
NEUR_5160,Hippocampus,5.68,59.57,Mus musculus
NEUR_3187,Striatum,34.03,101.08,Danio rerio
NEUR_4822,Cerebellum,147.14,24.25,Macaca mulatta
NEUR_7850,Cortex,12.04,47.51,Macaca mulatta
NEUR_7559,Hippocampus,36.19,54.91,Danio rerio
NEUR_4792,Cerebellum,23.41,82.96,Rattus norvegicus
NEUR_8239,Cortex,21.87,48.5,Danio rerio
NEUR_1564,Hippocampus,42.1,17.76,Mus musculus
NEUR_5599,Thalamus,88.67,82.41,Danio rerio
NEUR_8279,Cerebellum,52.45,24.52,Mus musculus
NEUR_1697,Hippocampus,140.04,82.31,Rattus norvegicus
NEUR_7705,Striatum,16.92,63.27,Mus musculus
NEUR_8135,Striatum,29.51,71.62,Mus musculus
NEUR_2576,Striatum,20.8,63.61,Macaca mulatta
NEUR_4619,Striatum,132.93,22.52,Mus musculus
NEUR_8143,Cortex,105.58,52.26,Macaca mulatta
NEUR_6542,Hippocampus,71.28,95.37,Danio rerio
NEUR_8269,Cerebellum,140.15,59.01,Mus musculus
NEUR_7019,Cortex,60.26,97.83,Rattus norvegicus
NEUR_8635,Cortex,97.98,93.77,Mus musculus
NEUR_7289,Striatum,37.8,108.65,Mus musculus
NEUR_9236,Hypothalamus,130.47,21.58,Macaca mulatta
NEUR_8022,Cortex,21.9,64.67,Mus musculus
NEUR_5864,Hippocampus,110.71,36.49,Rattus norvegicus
NEUR_2296,Cerebellum,132.58,103.22,Danio rerio
NEUR_3047,Cortex,24.2,44.85,Rattus norvegicus
NEUR_6893,Striatum,81.18,77.54,Rattus norvegicus
NEUR_8380,Cortex,85.1,23.59,Rattus norvegicus
NEUR_4332,Thalamus,12.18,50.4,Danio rerio
NEUR_6537,Cortex,94.75,75.93,Mus musculus
NEUR_2799,Cerebellum,13.73,12.99,Mus musculus
NEUR_7964,Cortex,44.32,72.63,Mus musculus
NEUR_9438,Cerebellum,61.99,17.08,Danio rerio
NEUR_7100,Hippocampus,120.5,109.12,Danio rerio
NEUR_9932,Hippocampus,33.59,87.5,Rattus norvegicus
NEUR_5067,Cerebellum,24.8,63.17,Rattus norvegicus
NEUR_2992,Cortex,41.72,88.61,Danio rerio
NEUR_8922,Striatum,3.29,12.47,Danio rerio
NEUR_8267,Hypothalamus,112.77,91.33,Macaca mulatta
NEUR_2464,Cortex,75.89,28.24,Macaca mulatta
NEUR_2359,Striatum,46.78,89.74,Macaca mulatta
NEUR_5753,Hypothalamus,106.12,52.36,Mus musculus
NEUR_6426,Hypothalamus,105.77,42.49,Danio rerio
NEUR_3557,Cortex,67.58,107.35,Macaca mulatta
NEUR_1116,Hypothalamus,28.38,48.97,Mus musculus
NEUR_6087,Cerebellum,22.98,96.93,Mus musculus
NEUR_9373,Thalamus,68.71,67.46,Danio rerio
NEUR_7563,Amygdala,141.65,13.26,Danio rerio
NEUR_2256,Amygdala,126.74,31.31,Macaca mulatta
NEUR_9332,Cortex,103.95,24.18,Macaca mulatta
NEUR_8899,Thalamus,90.54,74.99,Macaca mulatta
NEUR_6711,Cortex,16.59,24.47,Danio rerio
NEUR_5681,Thalamus,2.3,40.68,Danio rerio
NEUR_2670,Striatum,138.26,112.13,Rattus norvegicus
NEUR_6337,Cortex,20.53,98.67,Macaca mulatta
NEUR_7317,Cortex,2.35,14.62,Rattus norvegicus
NEUR_1522,Cortex,29.51,83.69,Danio rerio
NEUR_5067,Cerebellum,135.36,114.7,Rattus norvegicus
NEUR_5971,Hypothalamus,93.61,78.97,Mus musculus
NEUR_5712,Cerebellum,113.27,81.18,Mus musculus
NEUR_9913,Thalamus,63.13,41.28,Macaca mulatta
NEUR_7006,Cortex,48.52,84.05,Danio rerio
NEUR_3415,Striatum,87.07,71.65,Mus musculus
NEUR_6138,Cortex,127.65,70.65,Danio rerio
NEUR_7942,Cerebellum,3.15,69.93,Danio rerio
NEUR_6712,Cortex,86.88,53.31,Danio rerio
NEUR_3685,Hippocampus,98.0,102.02,Danio rerio
NEUR_1810,Cerebellum,34.11,108.31,Macaca mulatta
NEUR_2781,Cortex,98.91,13.59,Rattus norvegicus
NEUR_8844,Amygdala,100.9,10.28,Rattus norvegicus
NEUR_1117,Cerebellum,1.39,112.05,Rattus norvegicus
NEUR_3109,Hypothalamus,77.06,49.27,Mus musculus
NEUR_3443,Striatum,143.64,23.0,Danio rerio
NEUR_7301,Cortex,99.7,35.58,Macaca mulatta
NEUR_1273,Cortex,96.63,25.67,Rattus norvegicus
NEUR_2833,Striatum,13.58,73.0,Danio rerio
NEUR_9563,Cortex,115.95,73.0,Mus musculus
NEUR_5428,Thalamus,61.74,12.94,Mus musculus
NEUR_6305,Cortex,29.02,70.82,Macaca mulatta
NEUR_1569,Cortex,67.51,41.02,Macaca mulatta
NEUR_2676,Hypothalamus,99.21,58.96,Danio rerio
NEUR_4737,Hippocampus,53.39,22.43,Danio rerio
NEUR_4731,Hypothalamus,81.89,50.57,Rattus norvegicus
NEUR_7482,Amygdala,26.92,103.38,Danio rerio
NEUR_7252,Cortex,147.44,107.84,Rattus norvegicus
NEUR_8262,Cortex,86.93,34.78,Macaca mulatta
NEUR_7644,Striatum,34.87,110.99,Macaca mulatta
NEUR_9990,Cortex,69.47,108.6,Mus musculus
NEUR_3538,Thalamus,121.08,75.42,Rattus norvegicus
NEUR_9654,Cerebellum,111.68,93.37,Rattus norvegicus
NEUR_2011,Hippocampus,2.14,119.8,Danio rerio
NEUR_5876,Striatum,18.09,84.08,Mus musculus
NEUR_3543,Amygdala,43.44,108.77,Danio rerio
NEUR_9349,Hippocampus,26.23,114.14,Rattus norvegicus
NEUR_2048,Cortex,58.05,80.82,Rattus norvegicus
NEUR_4223,Cortex,10.27,53.28,Macaca mulatta
NEUR_8890,Thalamus,78.1,58.24,Rattus norvegicus
NEUR_2670,Amygdala,11.4,28.48,Mus musculus
NEUR_2931,Cerebellum,75.2,92.87,Danio rerio
NEUR_6203,Thalamus,13.6,42.79,Macaca mulatta
NEUR_9043,Cerebellum,13.81,12.45,Macaca mulatta
NEUR_6713,Hypothalamus,117.24,109.74,Rattus norvegicus
NEUR_1773,Cerebellum,37.33,117.21,Rattus norvegicus
NEUR_3350,Cerebellum,13.05,113.13,Rattus norvegicus
NEUR_4584,Hypothalamus,136.49,11.08,Rattus norvegicus
NEUR_2618,Thalamus,53.72,119.47,Rattus norvegicus
NEUR_8231,Cerebellum,59.74,44.81,Danio rerio
NEUR_7434,Hypothalamus,43.97,80.05,Danio rerio
NEUR_3676,Striatum,60.8,105.47,Mus musculus
NEUR_6274,Hippocampus,31.42,51.69,Mus musculus
NEUR_2111,Hippocampus,107.76,46.76,Danio rerio
NEUR_3114,Amygdala,81.78,92.18,Mus musculus
NEUR_4035,Hypothalamus,43.31,44.58,Mus musculus
NEUR_2873,Amygdala,100.74,102.02,Mus musculus
NEUR_3269,Thalamus,54.81,69.89,Danio rerio
NEUR_7258,Cerebellum,42.37,40.48,Danio rerio
NEUR_4528,Amygdala,16.76,51.23,Macaca mulatta
NEUR_2871,Cerebellum,75.79,21.27,Mus musculus
NEUR_5753,Amygdala,56.23,119.42,Macaca mulatta
NEUR_4485,Cerebellum,109.21,85.79,Mus musculus
NEUR_7534,Striatum,136.95,13.26,Danio rerio
NEUR_4913,Hypothalamus,9.11,106.9,Macaca mulatta
NEUR_6146,Thalamus,105.55,84.86,Rattus norvegicus
NEUR_7005,Hypothalamus,54.11,73.34,Macaca mulatta
NEUR_5864,Thalamus,102.37,78.1,Mus musculus
NEUR_2475,Striatum,107.42,66.33,Danio rerio
NEUR_3704,Hypothalamus,53.33,26.07,Danio rerio
NEUR_6771,Thalamus,28.33,77.04,Macaca mulatta
NEUR_6363,Thalamus,102.67,75.19,Rattus norvegicus
NEUR_5919,Hippocampus,79.66,63.03,Mus musculus
NEUR_8460,Thalamus,147.9,69.67,Danio rerio
NEUR_4035,Thalamus,25.36,83.7,Danio rerio
NEUR_9779,Cerebellum,105.17,60.39,Macaca mulatta
NEUR_2942,Cortex,118.65,42.07,Rattus norvegicus
NEUR_7560,Hypothalamus,143.38,111.6,Macaca mulatta
NEUR_4385,Cortex,136.45,75.38,Mus musculus
NEUR_6197,Cortex,43.76,81.08,Danio rerio
NEUR_2897,Amygdala,108.39,64.97,Mus musculus
NEUR_4710,Hypothalamus,81.36,11.24,Rattus norvegicus
NEUR_7425,Striatum,86.97,44.56,Danio rerio
NEUR_8920,Hippocampus,20.04,97.16,Mus musculus
NEUR_5230,Cerebellum,29.43,41.22,Mus musculus
NEUR_6421,Thalamus,91.44,84.0,Mus musculus
NEUR_3703,Cortex,32.46,20.53,Danio rerio
NEUR_9581,Hippocampus,56.69,55.37,Mus musculus
NEUR_6335,Hypothalamus,75.51,34.55,Rattus norvegicus
NEUR_7542,Thalamus,89.34,54.73,Danio rerio
NEUR_5884,Thalamus,41.51,51.36,Danio rerio
NEUR_4482,Striatum,4.35,79.15,Rattus norvegicus
NEUR_9557,Cortex,99.74,89.1,Macaca mulatta
NEUR_1129,Striatum,63.97,47.93,Rattus norvegicus
NEUR_8734,Cerebellum,43.87,24.13,Mus musculus
NEUR_9432,Cerebellum,5.7,101.22,Mus musculus
NEUR_2372,Hypothalamus,40.45,98.56,Rattus norvegicus
NEUR_6673,Cerebellum,26.24,54.32,Danio rerio
NEUR_6347,Cortex,9.15,12.25,Macaca mulatta
NEUR_4464,Amygdala,52.62,27.86,Danio rerio
NEUR_9913,Hypothalamus,107.83,57.81,Rattus norvegicus
NEUR_5411,Thalamus,22.98,110.43,Macaca mulatta
NEUR_9487,Hippocampus,53.0,11.75,Macaca mulatta
NEUR_3897,Amygdala,95.64,74.92,Rattus norvegicus
NEUR_1146,Cortex,143.79,34.9,Danio rerio
NEUR_5982,Cortex,62.7,114.23,Rattus norvegicus
NEUR_9894,Striatum,133.58,108.74,Macaca mulatta
NEUR_3139,Striatum,29.71,89.64,Danio rerio
NEUR_9440,Cerebellum,43.62,86.63,Macaca mulatta
NEUR_6761,Cerebellum,112.47,20.38,Danio rerio
NEUR_3399,Hypothalamus,37.06,53.91,Macaca mulatta
NEUR_8677,Cortex,65.45,92.2,Mus musculus
NEUR_6119,Thalamus,60.81,44.33,Rattus norvegicus
NEUR_3840,Cortex,89.59,96.11,Macaca mulatta
NEUR_2628,Cerebellum,63.58,81.23,Rattus norvegicus
NEUR_1397,Thalamus,0.7,79.78,Macaca mulatta
NEUR_3202,Amygdala,25.59,55.82,Macaca mulatta
NEUR_7330,Cerebellum,10.89,68.89,Danio rerio
NEUR_7797,Hypothalamus,62.34,11.85,Danio rerio
NEUR_7647,Cerebellum,16.76,35.17,Rattus norvegicus
NEUR_8525,Cerebellum,55.49,45.44,Rattus norvegicus
NEUR_7366,Cerebellum,72.6,107.39,Danio rerio
NEUR_9098,Hypothalamus,71.14,99.56,Mus musculus
NEUR_6422,Striatum,116.87,90.4,Danio rerio
NEUR_3836,Hypothalamus,22.73,73.66,Mus musculus
NEUR_1906,Hypothalamus,32.77,98.96,Macaca mulatta
NEUR_7732,Striatum,39.04,62.42,Rattus norvegicus
NEUR_6624,Cerebellum,36.61,60.04,Danio rerio
NEUR_7570,Amygdala,100.43,20.8,Macaca mulatta
NEUR_2222,Thalamus,5.91,77.44,Danio rerio
NEUR_7211,Cortex,56.79,60.81,Danio rerio
NEUR_5503,Thalamus,10.99,103.8,Rattus norvegicus
NEUR_1351,Thalamus,121.04,95.99,Mus musculus
NEUR_6932,Thalamus,56.36,51.16,Mus musculus
NEUR_1494,Hypothalamus,20.16,91.46,Rattus norvegicus
NEUR_2416,Thalamus,123.27,20.4,Macaca mulatta
NEUR_7637,Cerebellum,27.59,74.96,Rattus norvegicus
NEUR_2910,Cerebellum,41.05,90.62,Danio rerio
NEUR_2387,Striatum,66.94,49.74,Mus musculus
NEUR_9273,Thalamus,7.55,39.57,Danio rerio
NEUR_8025,Hypothalamus,136.42,32.8,Macaca mulatta
NEUR_8980,Striatum,28.93,86.96,Rattus norvegicus
NEUR_6387,Cerebellum,134.07,53.14,Mus musculus
NEUR_2093,Striatum,105.75,75.5,Rattus norvegicus
NEUR_8776,Striatum,49.13,35.98,Mus musculus
NEUR_7908,Hypothalamus,146.88,61.64,Danio rerio
NEUR_1430,Cortex,145.81,16.6,Rattus norvegicus
NEUR_7306,Thalamus,88.1,98.26,Macaca mulatta
NEUR_6662,Hippocampus,14.4,105.28,Danio rerio
NEUR_8053,Amygdala,138.7,66.37,Macaca mulatta
NEUR_7220,Cerebellum,60.52,86.58,Mus musculus
NEUR_8280,Cortex,74.47,88.32,Rattus norvegicus
NEUR_1373,Cortex,99.39,60.66,Danio rerio
NEUR_6273,Hippocampus,31.06,94.16,Rattus norvegicus
NEUR_5789,Thalamus,113.39,79.48,Mus musculus
NEUR_2002,Hypothalamus,78.59,54.3,Rattus norvegicus
NEUR_5424,Cerebellum,58.15,49.32,Mus musculus
NEUR_8581,Thalamus,149.46,52.67,Mus musculus
NEUR_5485,Amygdala,147.5,102.02,Rattus norvegicus
NEUR_3102,Hypothalamus,70.41,79.92,Macaca mulatta
NEUR_6035,Hippocampus,82.73,105.93,Macaca mulatta
NEUR_5196,Hypothalamus,84.72,118.49,Macaca mulatta
NEUR_8228,Hypothalamus,31.7,36.74,Rattus norvegicus
NEUR_2429,Amygdala,87.28,114.96,Danio rerio
NEUR_2293,Thalamus,78.67,76.93,Macaca mulatta
NEUR_3020,Hippocampus,14.34,47.52,Macaca mulatta
NEUR_5819,Striatum,128.47,66.49,Danio rerio
NEUR_1404,Cortex,46.45,15.4,Macaca mulatta
NEUR_9760,Striatum,105.95,93.51,Rattus norvegicus
NEUR_7598,Cerebellum,140.31,71.29,Mus musculus
NEUR_2583,Hippocampus,148.82,36.36,Rattus norvegicus
NEUR_1113,Hippocampus,128.46,31.02,Macaca mulatta
NEUR_2876,Striatum,35.78,14.16,Rattus norvegicus
NEUR_1358,Hippocampus,5.42,44.89,Danio rerio
NEUR_8651,Cerebellum,110.14,60.0,Mus musculus
NEUR_4248,Cerebellum,136.41,103.51,Rattus norvegicus
NEUR_5170,Striatum,130.16,109.98,Danio rerio
NEUR_1737,Cerebellum,128.43,96.15,Rattus norvegicus
NEUR_3204,Thalamus,67.68,78.53,Rattus norvegicus
NEUR_3002,Striatum,81.61,70.07,Rattus norvegicus
NEUR_3301,Thalamus,149.99,25.41,Macaca mulatta
NEUR_9503,Thalamus,144.34,50.6,Danio rerio
NEUR_9489,Cerebellum,121.96,48.71,Macaca mulatta
NEUR_3808,Thalamus,39.31,52.56,Rattus norvegicus
NEUR_8227,Striatum,80.11,115.0,Danio rerio
NEUR_7078,Amygdala,94.44,20.58,Macaca mulatta
NEUR_5248,Cortex,137.65,11.78,Rattus norvegicus
NEUR_3906,Amygdala,34.37,40.5,Mus musculus
NEUR_8573,Amygdala,47.47,88.77,Danio rerio
NEUR_7780,Cerebellum,133.43,42.52,Rattus norvegicus
NEUR_3276,Cortex,68.07,96.17,Rattus norvegicus
NEUR_2480,Striatum,17.27,69.87,Mus musculus
NEUR_6996,Amygdala,84.26,106.62,Rattus norvegicus
NEUR_9182,Striatum,18.54,49.07,Danio rerio
NEUR_5115,Amygdala,113.69,50.0,Danio rerio
NEUR_5930,Amygdala,32.14,115.14,Rattus norvegicus
NEUR_7010,Cortex,16.14,36.33,Danio rerio
NEUR_9844,Striatum,52.58,91.88,Macaca mulatta
NEUR_4034,Hypothalamus,36.74,74.19,Rattus norvegicus
NEUR_5080,Amygdala,140.31,72.84,Mus musculus
NEUR_2481,Striatum,91.43,30.37,Macaca mulatta
NEUR_2905,Thalamus,47.51,57.45,Rattus norvegicus
NEUR_8018,Cortex,44.16,112.92,Rattus norvegicus
NEUR_1018,Amygdala,106.42,81.38,Mus musculus
NEUR_9481,Cerebellum,1.68,25.36,Danio rerio
NEUR_3992,Striatum,41.14,100.49,Mus musculus
NEUR_1391,Cortex,24.25,26.03,Rattus norvegicus
NEUR_5186,Cortex,32.26,81.52,Rattus norvegicus
NEUR_2711,Hippocampus,34.29,78.42,Danio rerio
NEUR_8716,Cortex,58.09,18.28,Rattus norvegicus
NEUR_8366,Striatum,79.58,115.0,Rattus norvegicus
NEUR_9323,Cerebellum,109.5,46.85,Rattus norvegicus
NEUR_8220,Thalamus,16.26,83.74,Macaca mulatta
NEUR_4656,Cerebellum,110.55,33.97,Macaca mulatta
NEUR_2258,Hippocampus,7.27,64.34,Danio rerio
NEUR_4405,Thalamus,62.0,54.33,Mus musculus
NEUR_3921,Hippocampus,106.15,71.89,Mus musculus
NEUR_4965,Hippocampus,3.72,32.27,Danio rerio
NEUR_1001,Hypothalamus,137.57,102.57,Macaca mulatta
NEUR_1731,Amygdala,2.21,36.92,Rattus norvegicus
NEUR_8522,Thalamus,111.63,101.51,Mus musculus
NEUR_1193,Cerebellum,42.4,84.25,Macaca mulatta
NEUR_2682,Amygdala,28.05,89.67,Macaca mulatta
NEUR_9966,Cerebellum,17.64,116.54,Mus musculus
NEUR_3922,Thalamus,85.74,101.65,Mus musculus
NEUR_9982,Amygdala,31.61,116.39,Macaca mulatta
NEUR_6399,Hypothalamus,4.7,98.42,Macaca mulatta
NEUR_2243,Striatum,137.9,109.59,Mus musculus
NEUR_3665,Hypothalamus,129.45,12.88,Rattus norvegicus
NEUR_5375,Cortex,115.19,116.61,Rattus norvegicus
NEUR_8328,Cerebellum,86.16,103.91,Macaca mulatta
NEUR_9790,Hypothalamus,95.56,118.59,Rattus norvegicus
NEUR_3858,Striatum,129.4,76.99,Danio rerio
NEUR_8989,Striatum,56.54,53.07,Danio rerio
NEUR_2246,Striatum,66.91,55.19,Mus musculus
NEUR_6275,Striatum,147.2,97.13,Danio rerio
NEUR_5765,Hypothalamus,78.52,81.59,Mus musculus
NEUR_6127,Thalamus,145.34,96.0,Macaca mulatta
NEUR_3936,Hypothalamus,44.81,68.27,Danio rerio
NEUR_5649,Thalamus,50.28,32.3,Macaca mulatta
NEUR_8478,Hypothalamus,60.99,31.69,Rattus norvegicus
NEUR_7482,Cortex,50.04,38.4,Mus musculus
NEUR_9651,Hippocampus,65.92,42.43,Rattus norvegicus
NEUR_3940,Cerebellum,94.78,73.23,Danio rerio
NEUR_8498,Cortex,70.79,79.23,Mus musculus
NEUR_2253,Amygdala,94.49,68.0,Rattus norvegicus
NEUR_5711,Striatum,100.62,30.31,Mus musculus
NEUR_6247,Cerebellum,107.11,29.88,Danio rerio
NEUR_9017,Cortex,147.74,27.91,Macaca mulatta
NEUR_6993,Striatum,135.36,67.1,Rattus norvegicus
NEUR_1396,Hypothalamus,137.36,34.11,Danio rerio
NEUR_4705,Cortex,51.76,105.7,Rattus norvegicus
NEUR_2164,Thalamus,10.18,96.75,Rattus norvegicus
NEUR_5914,Striatum,16.53,52.37,Macaca mulatta
NEUR_3075,Cerebellum,20.2,36.95,Macaca mulatta
NEUR_8122,Thalamus,33.48,37.55,Rattus norvegicus
NEUR_5770,Amygdala,81.27,99.14,Macaca mulatta
NEUR_7999,Thalamus,135.05,71.45,Macaca mulatta
NEUR_3430,Amygdala,43.71,115.62,Danio rerio
NEUR_9224,Cortex,25.8,71.04,Macaca mulatta
NEUR_9197,Thalamus,91.7,111.39,Rattus norvegicus
NEUR_1840,Cortex,92.3,54.04,Mus musculus
NEUR_8343,Thalamus,149.77,92.83,Rattus norvegicus
NEUR_2393,Striatum,77.97,48.96,Macaca mulatta
NEUR_4486,Thalamus,113.04,23.59,Mus musculus
NEUR_4859,Hippocampus,133.72,47.56,Rattus norvegicus
NEUR_4695,Thalamus,12.05,26.06,Macaca mulatta
NEUR_5634,Hippocampus,113.55,29.56,Danio rerio
NEUR_7852,Hippocampus,10.6,78.13,Macaca mulatta
NEUR_8783,Striatum,116.76,59.04,Rattus norvegicus
NEUR_7158,Cerebellum,115.82,112.61,Rattus norvegicus
NEUR_6487,Cortex,93.36,42.01,Rattus norvegicus
NEUR_1871,Hippocampus,38.78,52.62,Macaca mulatta
NEUR_9313,Thalamus,122.7,104.01,Mus musculus
NEUR_8519,Hippocampus,13.24,56.01,Mus musculus
NEUR_4489,Cerebellum,64.41,69.18,Rattus norvegicus
NEUR_6031,Thalamus,5.54,62.68,Mus musculus
NEUR_4814,Striatum,148.58,57.96,Mus musculus
NEUR_5094,Cortex,146.26,115.11,Rattus norvegicus
NEUR_8959,Hypothalamus,118.11,64.43,Danio rerio
NEUR_8140,Cortex,60.89,51.26,Macaca mulatta
NEUR_8662,Thalamus,135.15,80.75,Danio rerio
NEUR_5605,Cerebellum,96.02,92.69,Macaca mulatta
NEUR_1305,Hippocampus,97.5,75.31,Mus musculus
NEUR_4380,Striatum,42.97,112.31,Danio rerio
NEUR_2176,Hippocampus,54.23,46.96,Danio rerio
NEUR_5536,Hypothalamus,69.64,40.94,Macaca mulatta
NEUR_4990,Cerebellum,120.1,83.38,Macaca mulatta
NEUR_3067,Hippocampus,102.64,78.75,Macaca mulatta
NEUR_8823,Hypothalamus,66.0,101.55,Danio rerio
NEUR_6628,Amygdala,9.57,65.69,Mus musculus
NEUR_8214,Hippocampus,36.99,63.37,Danio rerio
NEUR_2342,Striatum,25.55,85.35,Mus musculus
NEUR_5138,Cortex,13.66,18.53,Mus musculus
NEUR_4796,Hippocampus,46.42,76.85,Macaca mulatta
NEUR_8281,Thalamus,30.03,46.27,Macaca mulatta
NEUR_6278,Cerebellum,134.77,61.78,Mus musculus
NEUR_8456,Cerebellum,94.4,21.65,Rattus norvegicus
NEUR_6579,Striatum,28.12,102.67,Rattus norvegicus
NEUR_3630,Amygdala,44.72,95.84,Rattus norvegicus
NEUR_7679,Hippocampus,65.34,101.46,Mus musculus
NEUR_6356,Cortex,31.82,94.59,Rattus norvegicus
NEUR_6333,Hypothalamus,63.67,29.69,Macaca mulatta
NEUR_2140,Cortex,46.64,105.22,Mus musculus
NEUR_3095,Hypothalamus,147.18,31.93,Danio rerio
NEUR_3390,Striatum,90.74,20.22,Mus musculus
NEUR_9054,Cortex,52.23,22.32,Mus musculus
NEUR_9510,Thalamus,88.75,72.94,Rattus norvegicus
NEUR_8374,Amygdala,58.01,27.45,Danio rerio
NEUR_7818,Striatum,94.72,32.0,Rattus norvegicus
NEUR_5498,Striatum,31.66,84.35,Macaca mulatta
NEUR_1963,Amygdala,128.66,34.08,Danio rerio
NEUR_8660,Striatum,116.93,110.63,Mus musculus
NEUR_4038,Hippocampus,149.14,10.37,Rattus norvegicus
NEUR_6662,Hippocampus,56.13,51.05,Rattus norvegicus
NEUR_4551,Hypothalamus,92.16,89.91,Macaca mulatta
NEUR_8321,Striatum,78.95,34.69,Macaca mulatta
NEUR_9280,Cortex,89.57,78.65,Mus musculus
NEUR_7639,Thalamus,56.89,101.17,Mus musculus
NEUR_1712,Cortex,88.88,64.34,Rattus norvegicus
NEUR_6936,Cerebellum,3.52,29.85,Rattus norvegicus
NEUR_9199,Hypothalamus,97.83,74.06,Danio rerio
NEUR_2803,Hippocampus,134.81,60.21,Rattus norvegicus
NEUR_9131,Cerebellum,60.0,35.52,Mus musculus
NEUR_4332,Cerebellum,120.91,92.26,Macaca mulatta
NEUR_7367,Thalamus,145.06,92.81,Mus musculus
NEUR_6089,Hippocampus,103.38,99.89,Danio rerio
NEUR_8166,Hypothalamus,4.62,79.13,Mus musculus
NEUR_9759,Cerebellum,127.49,86.16,Mus musculus
NEUR_4775,Hippocampus,17.97,79.09,Danio rerio
NEUR_7005,Cortex,0.56,59.8,Danio rerio
NEUR_4053,Cortex,14.28,105.61,Rattus norvegicus
NEUR_1331,Cortex,7.88,30.23,Mus musculus
NEUR_6527,Cortex,73.01,46.38,Danio rerio
NEUR_1932,Amygdala,7.84,38.14,Mus musculus
NEUR_5090,Hippocampus,46.6,34.33,Danio rerio
NEUR_3806,Thalamus,38.39,67.5,Mus musculus
NEUR_7121,Thalamus,129.28,55.01,Macaca mulatta
NEUR_9690,Thalamus,145.54,107.63,Rattus norvegicus
NEUR_3548,Hippocampus,7.49,42.85,Macaca mulatta
NEUR_8879,Striatum,123.73,55.04,Macaca mulatta
NEUR_6629,Thalamus,31.78,39.17,Macaca mulatta
NEUR_4940,Hippocampus,38.94,37.66,Danio rerio
NEUR_5047,Cerebellum,11.2,40.79,Danio rerio
NEUR_3199,Cortex,56.2,57.28,Danio rerio
NEUR_3338,Hippocampus,18.92,24.6,Rattus norvegicus
NEUR_9719,Cortex,16.93,95.05,Rattus norvegicus
NEUR_6666,Striatum,60.99,41.52,Danio rerio
NEUR_6413,Striatum,26.1,18.4,Danio rerio
NEUR_4672,Amygdala,40.01,103.85,Macaca mulatta
NEUR_4639,Striatum,136.77,22.56,Rattus norvegicus
NEUR_6566,Striatum,134.36,77.82,Rattus norvegicus
NEUR_5883,Cerebellum,77.73,51.06,Rattus norvegicus
NEUR_6916,Amygdala,82.3,86.15,Mus musculus
NEUR_8705,Cerebellum,130.35,94.42,Rattus norvegicus
NEUR_3191,Thalamus,127.72,38.56,Mus musculus
NEUR_3804,Hypothalamus,73.54,95.04,Rattus norvegicus
NEUR_6214,Hippocampus,23.57,80.26,Mus musculus
NEUR_4737,Striatum,28.7,18.86,Rattus norvegicus
NEUR_8428,Hypothalamus,53.75,54.84,Danio rerio
NEUR_2979,Cortex,67.9,95.41,Mus musculus
NEUR_8210,Striatum,95.1,15.48,Rattus norvegicus
NEUR_9678,Hippocampus,128.29,102.11,Macaca mulatta
NEUR_1572,Cortex,43.44,42.89,Macaca mulatta
NEUR_7419,Cerebellum,140.73,30.55,Macaca mulatta
NEUR_9880,Cortex,148.65,27.63,Macaca mulatta
NEUR_8120,Hippocampus,115.03,82.02,Mus musculus
NEUR_9466,Striatum,83.57,60.96,Rattus norvegicus
NEUR_7217,Cortex,30.56,70.96,Rattus norvegicus
NEUR_6485,Hypothalamus,149.62,82.51,Macaca mulatta
NEUR_6801,Hypothalamus,102.78,60.09,Danio rerio
NEUR_9804,Cortex,68.26,16.77,Danio rerio
NEUR_3972,Hypothalamus,149.73,113.16,Macaca mulatta
NEUR_8122,Striatum,122.69,51.08,Mus musculus
NEUR_3501,Amygdala,119.78,68.97,Macaca mulatta
NEUR_8176,Amygdala,135.05,33.01,Mus musculus
NEUR_2778,Striatum,83.59,92.93,Mus musculus
NEUR_6350,Cortex,22.41,31.29,Rattus norvegicus
NEUR_6768,Hippocampus,19.33,97.49,Macaca mulatta
NEUR_6754,Striatum,117.59,115.56,Danio rerio
NEUR_7965,Cortex,83.53,115.52,Macaca mulatta
NEUR_3345,Hippocampus,16.88,115.4,Macaca mulatta
NEUR_2270,Cerebellum,146.92,109.56,Mus musculus
NEUR_1030,Cerebellum,58.96,22.73,Mus musculus
NEUR_7326,Hippocampus,123.97,72.12,Macaca mulatta
NEUR_1587,Cortex,43.29,116.77,Macaca mulatta
NEUR_1954,Amygdala,80.2,13.8,Mus musculus
NEUR_2347,Amygdala,129.37,91.51,Mus musculus
NEUR_1984,Hippocampus,2.37,52.72,Rattus norvegicus
NEUR_3217,Cerebellum,122.56,37.43,Macaca mulatta
NEUR_2565,Cerebellum,129.55,40.14,Mus musculus
NEUR_2034,Hypothalamus,78.72,111.66,Mus musculus
NEUR_6240,Hippocampus,107.13,92.95,Danio rerio
NEUR_7391,Thalamus,6.59,108.93,Macaca mulatta
NEUR_9061,Hypothalamus,68.96,43.86,Danio rerio
NEUR_4224,Amygdala,7.86,19.09,Rattus norvegicus
NEUR_2714,Cerebellum,126.07,25.66,Macaca mulatta
NEUR_3667,Amygdala,113.48,112.14,Mus musculus
NEUR_7950,Thalamus,59.67,91.98,Macaca mulatta
NEUR_1062,Hypothalamus,67.14,36.42,Rattus norvegicus
NEUR_8489,Thalamus,28.84,79.77,Macaca mulatta
NEUR_8899,Striatum,52.5,83.71,Macaca mulatta
NEUR_3172,Hypothalamus,21.43,47.83,Rattus norvegicus
NEUR_8850,Striatum,4.86,88.06,Danio rerio
NEUR_2826,Hypothalamus,76.08,87.57,Mus musculus
NEUR_3873,Striatum,55.93,75.39,Mus musculus
NEUR_4397,Amygdala,144.03,76.79,Danio rerio
NEUR_6480,Hypothalamus,84.23,53.7,Danio rerio
NEUR_3480,Striatum,117.73,75.97,Macaca mulatta
NEUR_4028,Striatum,102.21,97.3,Rattus norvegicus
NEUR_3374,Thalamus,19.61,68.19,Mus musculus
NEUR_6482,Thalamus,42.91,77.88,Mus musculus
NEUR_5902,Cortex,97.74,20.52,Mus musculus
NEUR_9444,Cerebellum,103.8,39.97,Danio rerio
NEUR_8170,Thalamus,19.5,73.59,Danio rerio
NEUR_8568,Cortex,120.44,42.0,Macaca mulatta
NEUR_9006,Striatum,4.56,64.71,Macaca mulatta
NEUR_4490,Striatum,80.21,50.28,Macaca mulatta
NEUR_8261,Hypothalamus,134.25,14.04,Macaca mulatta
NEUR_7476,Cerebellum,81.01,90.57,Macaca mulatta
NEUR_6177,Hippocampus,101.96,18.97,Mus musculus
NEUR_7918,Cerebellum,109.96,58.01,Rattus norvegicus
NEUR_2768,Cerebellum,121.73,46.71,Danio rerio
NEUR_8452,Cortex,80.09,19.15,Macaca mulatta
NEUR_9253,Amygdala,129.15,96.16,Mus musculus
NEUR_3506,Thalamus,51.72,57.6,Rattus norvegicus
NEUR_1738,Striatum,124.29,58.72,Rattus norvegicus
NEUR_8023,Cerebellum,27.63,77.93,Rattus norvegicus
NEUR_3335,Striatum,87.08,13.66,Rattus norvegicus
NEUR_5058,Amygdala,42.37,68.81,Macaca mulatta
NEUR_9282,Cerebellum,9.92,81.82,Mus musculus
NEUR_7285,Striatum,102.34,27.71,Rattus norvegicus
NEUR_2578,Cerebellum,56.87,114.05,Rattus norvegicus
NEUR_4837,Hypothalamus,14.14,37.5,Macaca mulatta
NEUR_8307,Hippocampus,91.6,30.17,Danio rerio
NEUR_1589,Hippocampus,137.84,75.35,Macaca mulatta
NEUR_4033,Hypothalamus,11.51,109.55,Danio rerio
NEUR_9174,Cortex,90.97,52.08,Mus musculus
NEUR_2111,Hypothalamus,20.52,55.98,Macaca mulatta
NEUR_5416,Cortex,6.57,93.21,Rattus norvegicus
NEUR_7487,Striatum,64.57,51.25,Rattus norvegicus
NEUR_5463,Striatum,19.77,50.03,Rattus norvegicus
NEUR_9678,Cortex,9.61,65.13,Rattus norvegicus
NEUR_5205,Striatum,138.41,112.93,Rattus norvegicus
NEUR_5671,Striatum,17.4,12.39,Danio rerio
NEUR_8403,Cerebellum,116.33,77.62,Rattus norvegicus
NEUR_9130,Thalamus,46.64,90.07,Danio rerio
NEUR_5521,Hypothalamus,118.06,113.82,Danio rerio
NEUR_5332,Striatum,6.89,19.39,Rattus norvegicus
NEUR_1512,Hypothalamus,81.14,23.38,Macaca mulatta
NEUR_6297,Cerebellum,61.73,27.48,Rattus norvegicus
NEUR_2695,Amygdala,138.58,54.89,Mus musculus
NEUR_3375,Thalamus,117.94,109.96,Danio rerio
NEUR_9245,Thalamus,42.03,29.32,Mus musculus
NEUR_5256,Hypothalamus,5.86,87.28,Mus musculus
NEUR_5917,Amygdala,149.7,81.33,Macaca mulatta
NEUR_5242,Striatum,88.11,20.05,Rattus norvegicus
NEUR_2681,Amygdala,17.08,34.31,Macaca mulatta
NEUR_7735,Hypothalamus,73.26,10.51,Rattus norvegicus
NEUR_6073,Hippocampus,113.99,80.82,Macaca mulatta
NEUR_2819,Striatum,90.49,29.66,Macaca mulatta
NEUR_4951,Hypothalamus,143.88,98.22,Macaca mulatta
NEUR_1740,Hypothalamus,4.01,24.21,Macaca mulatta
NEUR_8056,Hippocampus,12.5,33.71,Danio rerio
NEUR_2625,Amygdala,29.48,21.95,Mus musculus
NEUR_5820,Thalamus,147.17,80.69,Macaca mulatta
NEUR_3980,Hypothalamus,47.58,97.28,Mus musculus
NEUR_1073,Hippocampus,141.95,92.63,Rattus norvegicus
NEUR_7113,Hippocampus,133.34,102.85,Rattus norvegicus
NEUR_6094,Thalamus,144.9,88.42,Macaca mulatta
NEUR_2735,Thalamus,123.59,50.46,Mus musculus
NEUR_4479,Striatum,69.2,73.73,Mus musculus
NEUR_3697,Cerebellum,82.43,34.25,Danio rerio
NEUR_9831,Cerebellum,78.69,91.68,Danio rerio
NEUR_2917,Striatum,66.49,81.7,Macaca mulatta
NEUR_1698,Hypothalamus,51.08,89.53,Rattus norvegicus
NEUR_3248,Striatum,113.16,51.62,Rattus norvegicus
NEUR_3525,Cerebellum,99.63,13.54,Rattus norvegicus
NEUR_5102,Hippocampus,136.81,43.89,Macaca mulatta
NEUR_6805,Hypothalamus,114.68,29.65,Danio rerio
NEUR_3635,Thalamus,131.54,58.27,Macaca mulatta
NEUR_6393,Striatum,142.56,55.76,Macaca mulatta
NEUR_3305,Hippocampus,89.13,72.06,Rattus norvegicus
NEUR_2336,Amygdala,98.34,85.81,Mus musculus
NEUR_9346,Hypothalamus,104.0,104.05,Danio rerio
NEUR_2718,Cortex,39.77,70.38,Danio rerio
NEUR_6852,Thalamus,10.48,98.23,Mus musculus
NEUR_7342,Amygdala,100.11,61.91,Danio rerio
NEUR_3361,Striatum,6.87,60.11,Mus musculus
NEUR_9689,Striatum,60.58,108.07,Macaca mulatta
NEUR_9579,Hippocampus,54.71,17.84,Macaca mulatta
NEUR_4991,Striatum,24.46,114.28,Macaca mulatta
NEUR_8963,Hippocampus,51.8,44.2,Macaca mulatta
NEUR_2336,Striatum,91.54,115.82,Danio rerio
NEUR_8786,Amygdala,33.02,115.67,Rattus norvegicus
NEUR_9404,Cortex,78.83,116.57,Danio rerio
NEUR_6114,Striatum,8.72,15.79,Rattus norvegicus
NEUR_4350,Hypothalamus,8.49,99.28,Macaca mulatta
NEUR_6455,Striatum,7.6,13.7,Rattus norvegicus
NEUR_1286,Cerebellum,91.35,111.39,Macaca mulatta
NEUR_5250,Hippocampus,23.87,26.25,Mus musculus
NEUR_8844,Cerebellum,39.93,37.91,Mus musculus
NEUR_5240,Hypothalamus,105.81,63.17,Macaca mulatta
NEUR_8916,Cerebellum,137.63,85.0,Danio rerio
NEUR_9002,Hypothalamus,44.7,83.52,Danio rerio
NEUR_8255,Hypothalamus,18.73,108.94,Danio rerio
NEUR_8733,Striatum,27.53,53.88,Mus musculus
NEUR_9444,Hippocampus,149.38,110.05,Mus musculus
NEUR_4936,Hypothalamus,95.82,114.93,Danio rerio
NEUR_2406,Hypothalamus,110.43,118.47,Danio rerio
NEUR_9716,Cortex,29.41,87.28,Rattus norvegicus
NEUR_3497,Hypothalamus,20.72,10.29,Danio rerio
NEUR_6204,Thalamus,2.77,90.13,Rattus norvegicus
NEUR_7370,Hippocampus,101.67,110.31,Danio rerio
NEUR_9141,Striatum,66.45,83.96,Macaca mulatta
NEUR_3791,Cortex,17.29,35.54,Mus musculus
NEUR_7196,Amygdala,3.53,20.52,Mus musculus
NEUR_4162,Thalamus,93.3,72.05,Rattus norvegicus
NEUR_2078,Amygdala,132.79,89.59,Danio rerio
NEUR_7352,Cortex,32.21,12.33,Rattus norvegicus
NEUR_5862,Striatum,104.78,55.18,Danio rerio
NEUR_6701,Cortex,5.44,21.45,Mus musculus
NEUR_7307,Striatum,99.82,100.97,Danio rerio
NEUR_9851,Striatum,84.37,107.2,Danio rerio
NEUR_5737,Striatum,100.85,28.22,Macaca mulatta
NEUR_7481,Hypothalamus,113.2,12.42,Rattus norvegicus
NEUR_1129,Cerebellum,73.57,39.28,Macaca mulatta
NEUR_6162,Amygdala,101.38,55.75,Mus musculus
NEUR_2622,Hippocampus,15.38,97.19,Macaca mulatta
NEUR_7952,Striatum,13.53,62.28,Mus musculus
NEUR_8588,Cerebellum,121.2,97.55,Rattus norvegicus
NEUR_2679,Hypothalamus,143.78,55.54,Macaca mulatta
NEUR_1410,Hippocampus,142.03,39.85,Macaca mulatta
NEUR_3830,Hypothalamus,2.08,117.21,Rattus norvegicus
NEUR_6384,Hippocampus,1.1,66.49,Mus musculus
NEUR_6316,Hippocampus,76.79,118.28,Danio rerio
NEUR_3525,Hypothalamus,137.46,112.4,Danio rerio
NEUR_4684,Hypothalamus,15.64,118.87,Danio rerio
NEUR_8444,Striatum,113.96,103.76,Rattus norvegicus
NEUR_4887,Amygdala,141.26,63.65,Mus musculus
NEUR_4504,Cerebellum,138.0,69.64,Mus musculus
NEUR_2137,Thalamus,64.56,43.21,Macaca mulatta
NEUR_8244,Cerebellum,65.9,110.95,Macaca mulatta
NEUR_9137,Hippocampus,33.96,14.53,Mus musculus
NEUR_1860,Cortex,125.6,19.21,Danio rerio
NEUR_4672,Cortex,99.31,96.91,Macaca mulatta
NEUR_3160,Thalamus,9.95,111.11,Macaca mulatta
NEUR_7013,Amygdala,11.09,56.8,Rattus norvegicus
NEUR_7021,Amygdala,13.88,102.83,Mus musculus
NEUR_5443,Thalamus,32.58,64.94,Danio rerio
NEUR_9156,Amygdala,97.61,118.61,Rattus norvegicus
NEUR_2154,Cortex,34.23,52.49,Mus musculus
NEUR_6713,Striatum,103.67,81.22,Macaca mulatta
NEUR_3067,Hippocampus,54.45,27.78,Rattus norvegicus
NEUR_7442,Hippocampus,120.71,114.84,Macaca mulatta
NEUR_8172,Striatum,137.97,69.78,Macaca mulatta
NEUR_5914,Cerebellum,73.51,98.82,Rattus norvegicus
NEUR_4604,Thalamus,115.23,12.69,Rattus norvegicus
NEUR_4126,Hypothalamus,61.39,46.05,Macaca mulatta
NEUR_7022,Cerebellum,31.4,23.45,Rattus norvegicus
NEUR_7308,Thalamus,147.72,97.35,Danio rerio
NEUR_8532,Hippocampus,130.33,78.3,Macaca mulatta
NEUR_7502,Cerebellum,9.67,106.88,Rattus norvegicus
NEUR_7511,Striatum,39.61,78.31,Danio rerio
NEUR_1770,Amygdala,93.71,54.88,Danio rerio
NEUR_7961,Thalamus,86.88,102.93,Danio rerio
NEUR_2153,Cortex,106.88,80.57,Danio rerio
NEUR_8650,Thalamus,43.49,69.12,Macaca mulatta
NEUR_9181,Cortex,19.14,108.8,Macaca mulatta
NEUR_8368,Cerebellum,61.67,80.8,Rattus norvegicus
NEUR_2212,Hippocampus,32.05,37.01,Mus musculus
NEUR_1134,Hypothalamus,75.84,38.55,Macaca mulatta
NEUR_7305,Cerebellum,28.65,88.32,Macaca mulatta
NEUR_5481,Cerebellum,88.29,29.29,Rattus norvegicus
NEUR_7071,Cortex,106.47,43.66,Mus musculus
NEUR_6825,Amygdala,136.0,101.56,Danio rerio
NEUR_5069,Amygdala,124.98,93.28,Macaca mulatta
NEUR_8269,Cerebellum,85.47,19.48,Rattus norvegicus
NEUR_8551,Amygdala,129.88,13.53,Mus musculus
NEUR_7042,Cerebellum,13.31,101.93,Rattus norvegicus
NEUR_5301,Cerebellum,72.77,104.61,Macaca mulatta
NEUR_6771,Hippocampus,52.5,18.41,Danio rerio
NEUR_4412,Cortex,39.88,56.76,Rattus norvegicus
NEUR_1436,Cerebellum,136.15,19.13,Macaca mulatta
NEUR_3323,Hippocampus,21.73,92.06,Mus musculus
NEUR_3367,Amygdala,77.29,90.89,Macaca mulatta
NEUR_7199,Amygdala,40.53,97.29,Rattus norvegicus
NEUR_3137,Thalamus,90.57,30.92,Macaca mulatta
NEUR_9124,Thalamus,105.59,12.61,Rattus norvegicus
NEUR_9390,Amygdala,69.33,59.32,Mus musculus
NEUR_7217,Hypothalamus,12.07,37.07,Macaca mulatta
NEUR_9681,Striatum,0.5,118.25,Macaca mulatta
NEUR_7109,Cerebellum,34.12,53.68,Danio rerio
NEUR_1595,Cortex,121.58,104.79,Mus musculus
NEUR_1667,Hypothalamus,49.18,96.47,Macaca mulatta
NEUR_1908,Amygdala,3.15,54.0,Rattus norvegicus
NEUR_6503,Cortex,122.91,83.56,Danio rerio
NEUR_6202,Cerebellum,34.83,110.19,Danio rerio
NEUR_2179,Cerebellum,32.68,83.86,Rattus norvegicus
NEUR_4830,Hypothalamus,101.99,33.21,Macaca mulatta
NEUR_4441,Hippocampus,37.96,87.33,Macaca mulatta
NEUR_2916,Amygdala,125.68,99.55,Rattus norvegicus
NEUR_8425,Thalamus,6.47,19.48,Danio rerio
NEUR_8013,Thalamus,85.14,18.35,Mus musculus
NEUR_8167,Hypothalamus,141.23,117.21,Rattus norvegicus
NEUR_9537,Striatum,128.19,24.24,Mus musculus
NEUR_3182,Cerebellum,55.02,98.12,Danio rerio
NEUR_8965,Hypothalamus,148.87,24.26,Rattus norvegicus
NEUR_3806,Hippocampus,38.98,101.67,Rattus norvegicus
NEUR_8815,Thalamus,49.24,31.0,Rattus norvegicus
NEUR_5443,Hippocampus,104.09,100.97,Danio rerio
NEUR_4827,Hippocampus,79.68,22.14,Mus musculus
NEUR_8596,Thalamus,122.27,24.65,Danio rerio
NEUR_7114,Striatum,97.85,92.85,Rattus norvegicus
NEUR_8067,Amygdala,87.84,59.89,Mus musculus
NEUR_7315,Striatum,120.34,28.01,Danio rerio
NEUR_4169,Hypothalamus,131.64,58.57,Rattus norvegicus
NEUR_4982,Hippocampus,14.09,39.38,Rattus norvegicus
NEUR_1267,Cerebellum,149.07,107.03,Rattus norvegicus
NEUR_1478,Striatum,66.39,65.96,Danio rerio
NEUR_3483,Thalamus,27.82,87.79,Danio rerio
NEUR_1517,Cortex,87.22,115.62,Macaca mulatta
NEUR_8113,Amygdala,59.89,81.17,Rattus norvegicus
NEUR_7344,Hippocampus,130.96,75.16,Macaca mulatta
NEUR_9403,Striatum,146.87,45.5,Danio rerio
NEUR_4050,Thalamus,22.36,83.18,Rattus norvegicus
NEUR_6512,Cortex,88.09,103.26,Macaca mulatta
NEUR_8293,Cortex,107.28,117.25,Mus musculus
NEUR_2158,Hypothalamus,90.07,119.39,Macaca mulatta
NEUR_7650,Hypothalamus,100.45,46.31,Rattus norvegicus
NEUR_6179,Hypothalamus,146.54,107.65,Danio rerio
NEUR_7147,Cortex,27.68,118.15,Macaca mulatta
NEUR_1801,Thalamus,11.8,16.78,Macaca mulatta
NEUR_3441,Thalamus,115.51,85.39,Rattus norvegicus
NEUR_4854,Amygdala,84.46,28.1,Danio rerio
NEUR_5835,Hypothalamus,33.58,96.78,Rattus norvegicus
NEUR_5143,Striatum,112.74,24.94,Rattus norvegicus
NEUR_4457,Hypothalamus,128.58,24.64,Danio rerio
NEUR_8599,Cerebellum,98.82,20.91,Mus musculus
NEUR_4449,Cerebellum,130.94,75.93,Mus musculus
NEUR_3210,Cortex,84.69,29.5,Danio rerio
NEUR_5802,Cerebellum,0.25,26.9,Rattus norvegicus
NEUR_4327,Amygdala,56.67,73.57,Danio rerio
NEUR_9849,Hypothalamus,77.41,106.24,Macaca mulatta
NEUR_3050,Thalamus,121.33,35.87,Macaca mulatta
NEUR_5890,Amygdala,5.56,115.2,Macaca mulatta
NEUR_6839,Amygdala,137.91,60.63,Danio rerio
NEUR_4388,Hypothalamus,104.0,52.92,Macaca mulatta
NEUR_5069,Thalamus,22.41,118.12,Mus musculus
NEUR_6418,Hippocampus,42.9,78.78,Danio rerio
NEUR_2443,Amygdala,29.91,91.45,Danio rerio
NEUR_9369,Hypothalamus,33.82,52.46,Danio rerio
NEUR_4123,Amygdala,134.49,74.44,Macaca mulatta
NEUR_6402,Amygdala,129.26,90.61,Macaca mulatta
NEUR_4461,Thalamus,90.19,44.54,Rattus norvegicus
NEUR_8848,Hippocampus,122.07,34.25,Mus musculus
NEUR_2346,Striatum,20.56,43.88,Mus musculus
NEUR_1673,Striatum,18.61,95.0,Danio rerio
NEUR_1638,Amygdala,39.52,78.26,Macaca mulatta
NEUR_9641,Hypothalamus,46.15,103.05,Macaca mulatta
NEUR_4685,Amygdala,138.98,86.09,Macaca mulatta
NEUR_8065,Striatum,103.32,110.02,Danio rerio
NEUR_7859,Thalamus,142.19,83.03,Macaca mulatta
NEUR_8720,Thalamus,137.5,93.95,Macaca mulatta
NEUR_4418,Striatum,71.87,117.68,Mus musculus
NEUR_6792,Thalamus,114.26,59.13,Macaca mulatta
NEUR_4641,Cortex,35.14,93.84,Danio rerio
NEUR_6641,Amygdala,144.74,89.94,Mus musculus
NEUR_3957,Striatum,42.4,56.99,Macaca mulatta
NEUR_4819,Thalamus,117.61,39.87,Rattus norvegicus
NEUR_4860,Cortex,62.24,19.31,Rattus norvegicus
NEUR_9429,Striatum,95.91,101.62,Rattus norvegicus
NEUR_4494,Hypothalamus,41.29,52.02,Danio rerio
NEUR_6385,Amygdala,105.65,46.45,Macaca mulatta
NEUR_5321,Hippocampus,26.39,64.83,Macaca mulatta
NEUR_9381,Cerebellum,134.18,69.56,Danio rerio
NEUR_3387,Hypothalamus,1.66,111.52,Macaca mulatta
NEUR_3951,Amygdala,131.97,36.87,Mus musculus
NEUR_5694,Hypothalamus,88.46,87.1,Macaca mulatta
NEUR_6834,Hippocampus,60.07,27.56,Danio rerio
NEUR_2236,Hypothalamus,41.73,71.2,Danio rerio
NEUR_9425,Thalamus,135.88,105.21,Danio rerio
NEUR_9089,Hippocampus,58.83,28.43,Mus musculus
NEUR_2856,Cerebellum,51.08,94.26,Macaca mulatta
NEUR_8162,Cerebellum,0.58,14.01,Rattus norvegicus
NEUR_1943,Amygdala,147.39,23.91,Mus musculus
NEUR_4640,Hippocampus,60.48,83.71,Macaca mulatta
NEUR_1031,Cortex,119.11,102.54,Mus musculus
NEUR_2519,Cerebellum,36.18,48.62,Mus musculus
NEUR_8742,Amygdala,49.79,82.55,Danio rerio
NEUR_3884,Striatum,113.74,51.09,Danio rerio
NEUR_3477,Striatum,20.55,10.88,Rattus norvegicus
NEUR_3033,Striatum,66.9,20.46,Rattus norvegicus
NEUR_8141,Striatum,136.51,79.75,Mus musculus
NEUR_7440,Hippocampus,65.0,28.54,Rattus norvegicus
NEUR_7454,Amygdala,119.57,113.07,Rattus norvegicus
NEUR_4141,Hippocampus,129.58,57.66,Macaca mulatta
NEUR_6928,Thalamus,44.36,85.73,Danio rerio
NEUR_7408,Thalamus,18.5,19.28,Mus musculus
NEUR_7043,Hippocampus,112.54,24.58,Rattus norvegicus
NEUR_6543,Striatum,105.59,113.92,Danio rerio
NEUR_3339,Cerebellum,92.31,36.99,Mus musculus
NEUR_4627,Cerebellum,104.84,67.08,Rattus norvegicus
NEUR_2727,Hippocampus,64.26,74.35,Macaca mulatta
NEUR_6699,Amygdala,59.87,75.69,Macaca mulatta
NEUR_4605,Cerebellum,66.65,35.11,Mus musculus
NEUR_6574,Amygdala,143.27,45.58,Rattus norvegicus
NEUR_1481,Thalamus,49.1,15.32,Danio rerio
NEUR_1998,Cerebellum,4.86,28.01,Danio rerio
NEUR_8611,Hypothalamus,87.5,26.78,Rattus norvegicus
NEUR_1052,Hippocampus,75.39,74.79,Macaca mulatta
NEUR_4344,Amygdala,77.99,11.73,Danio rerio
NEUR_6286,Amygdala,28.45,26.62,Rattus norvegicus
NEUR_9420,Thalamus,54.52,94.0,Rattus norvegicus
NEUR_3070,Cortex,18.06,88.11,Danio rerio
NEUR_4857,Striatum,141.87,76.36,Mus musculus
NEUR_4279,Thalamus,149.98,116.27,Mus musculus
NEUR_5436,Thalamus,19.48,45.65,Macaca mulatta
NEUR_6724,Cortex,105.42,17.92,Macaca mulatta
NEUR_3455,Cortex,42.19,62.05,Macaca mulatta
NEUR_1647,Thalamus,25.99,41.51,Macaca mulatta
NEUR_3060,Thalamus,62.44,48.45,Mus musculus
NEUR_9033,Hippocampus,87.72,20.35,Mus musculus
NEUR_8022,Hypothalamus,65.14,81.92,Macaca mulatta
NEUR_2315,Cerebellum,22.29,109.22,Danio rerio
NEUR_7745,Hippocampus,122.8,60.56,Macaca mulatta
NEUR_6826,Cortex,35.1,38.18,Macaca mulatta
NEUR_8957,Thalamus,35.89,101.31,Mus musculus
NEUR_3232,Thalamus,55.14,82.01,Rattus norvegicus
NEUR_5267,Thalamus,99.53,74.3,Danio rerio
NEUR_1102,Hippocampus,59.92,12.54,Danio rerio
NEUR_1302,Amygdala,149.51,14.81,Danio rerio
NEUR_9631,Amygdala,65.8,65.37,Danio rerio
NEUR_5331,Hypothalamus,143.13,37.24,Danio rerio
NEUR_8042,Striatum,13.77,109.79,Rattus norvegicus
NEUR_1722,Amygdala,98.15,16.91,Danio rerio
NEUR_2221,Cortex,62.08,12.59,Mus musculus
NEUR_7176,Amygdala,41.55,18.36,Rattus norvegicus
NEUR_8219,Thalamus,63.53,113.69,Danio rerio
NEUR_1888,Hypothalamus,66.48,67.83,Danio rerio
NEUR_9915,Striatum,4.29,91.35,Macaca mulatta
NEUR_6197,Amygdala,77.64,47.92,Rattus norvegicus
NEUR_2273,Cortex,52.44,117.7,Mus musculus
NEUR_8034,Hippocampus,86.47,10.33,Danio rerio
NEUR_7366,Cerebellum,0.11,12.78,Danio rerio
NEUR_9655,Hippocampus,34.67,67.83,Rattus norvegicus
NEUR_4645,Thalamus,17.27,88.01,Rattus norvegicus
NEUR_8548,Amygdala,12.13,83.66,Rattus norvegicus
NEUR_4282,Cerebellum,10.28,78.32,Mus musculus
NEUR_7387,Cortex,86.43,65.68,Mus musculus
NEUR_1719,Hippocampus,104.59,80.03,Macaca mulatta
NEUR_8824,Amygdala,11.07,83.57,Rattus norvegicus
NEUR_8413,Hypothalamus,146.37,13.17,Macaca mulatta
NEUR_7023,Hypothalamus,117.72,70.33,Danio rerio
NEUR_8101,Thalamus,77.7,82.75,Macaca mulatta
NEUR_5049,Hypothalamus,84.84,78.52,Rattus norvegicus
NEUR_1881,Thalamus,132.74,43.41,Danio rerio
NEUR_6671,Thalamus,51.42,119.4,Macaca mulatta
NEUR_3875,Cerebellum,56.02,105.13,Mus musculus
NEUR_4977,Cerebellum,64.61,101.06,Rattus norvegicus
NEUR_7426,Striatum,147.97,84.69,Rattus norvegicus
NEUR_6876,Amygdala,87.78,93.13,Rattus norvegicus
NEUR_7688,Hypothalamus,118.16,65.12,Rattus norvegicus
NEUR_3270,Amygdala,38.31,51.25,Danio rerio
NEUR_3834,Hypothalamus,71.88,55.15,Macaca mulatta
NEUR_2515,Striatum,61.63,63.5,Macaca mulatta
NEUR_6858,Cortex,89.28,118.06,Macaca mulatta
NEUR_4412,Hippocampus,141.93,28.19,Macaca mulatta
NEUR_8857,Cortex,16.09,57.99,Rattus norvegicus
NEUR_5486,Hippocampus,117.84,89.11,Mus musculus
NEUR_5214,Striatum,8.32,63.93,Macaca mulatta
NEUR_8162,Cortex,122.58,98.62,Rattus norvegicus
NEUR_7430,Hippocampus,39.65,35.73,Macaca mulatta
NEUR_2132,Striatum,94.57,29.54,Mus musculus
NEUR_9138,Cortex,108.69,105.34,Mus musculus
NEUR_8837,Thalamus,76.04,10.25,Rattus norvegicus
NEUR_4130,Cerebellum,122.6,115.53,Mus musculus
NEUR_2225,Cortex,11.18,16.41,Macaca mulatta
NEUR_3559,Hypothalamus,70.82,33.52,Danio rerio
NEUR_6123,Cerebellum,78.91,33.2,Danio rerio
NEUR_2018,Hippocampus,85.52,34.13,Macaca mulatta
NEUR_1604,Thalamus,61.19,44.94,Macaca mulatta
NEUR_3544,Cortex,36.94,109.21,Rattus norvegicus
NEUR_5419,Cerebellum,75.16,49.9,Rattus norvegicus
NEUR_8611,Amygdala,78.26,12.47,Rattus norvegicus
NEUR_5103,Hypothalamus,89.95,84.93,Rattus norvegicus
NEUR_1895,Cerebellum,47.83,12.94,Macaca mulatta
NEUR_2721,Amygdala,114.06,61.95,Danio rerio
NEUR_3786,Cortex,125.85,10.92,Danio rerio
NEUR_4661,Striatum,122.25,113.09,Rattus norvegicus
NEUR_3872,Hypothalamus,45.06,43.49,Macaca mulatta
NEUR_9596,Hippocampus,147.37,98.01,Rattus norvegicus
NEUR_2329,Amygdala,26.46,76.03,Mus musculus
NEUR_1220,Thalamus,118.7,23.11,Mus musculus
NEUR_7972,Cortex,58.59,98.77,Danio rerio
NEUR_1673,Hippocampus,121.5,102.98,Mus musculus
NEUR_9032,Cortex,6.4,43.99,Rattus norvegicus
NEUR_4626,Amygdala,122.09,80.03,Macaca mulatta
NEUR_6147,Hippocampus,53.19,11.32,Rattus norvegicus
NEUR_1510,Hippocampus,127.54,90.69,Mus musculus
NEUR_3558,Hippocampus,105.32,69.41,Rattus norvegicus
NEUR_2248,Thalamus,140.69,10.75,Danio rerio
NEUR_8777,Cerebellum,118.54,24.27,Mus musculus
NEUR_7642,Hippocampus,132.44,109.36,Danio rerio
NEUR_8838,Amygdala,92.44,37.77,Mus musculus
NEUR_2705,Thalamus,9.26,24.77,Mus musculus
NEUR_9324,Striatum,55.15,18.8,Rattus norvegicus
NEUR_5698,Cerebellum,107.46,27.7,Macaca mulatta
NEUR_1355,Hippocampus,14.31,36.98,Mus musculus
NEUR_5237,Hippocampus,73.97,109.48,Mus musculus
NEUR_7188,Amygdala,94.38,67.98,Macaca mulatta
NEUR_5762,Cortex,59.7,14.95,Rattus norvegicus
NEUR_8912,Thalamus,52.81,95.41,Macaca mulatta
NEUR_7917,Thalamus,141.19,68.46,Rattus norvegicus
NEUR_9500,Hypothalamus,111.83,30.22,Macaca mulatta
NEUR_2467,Amygdala,99.29,75.01,Danio rerio
NEUR_2800,Striatum,78.67,31.12,Macaca mulatta
NEUR_1973,Amygdala,65.87,100.65,Danio rerio
NEUR_2113,Amygdala,120.0,13.44,Mus musculus
NEUR_3561,Cerebellum,31.21,85.37,Danio rerio
NEUR_4246,Striatum,88.51,52.87,Danio rerio
NEUR_3167,Amygdala,31.16,68.02,Danio rerio
NEUR_4994,Amygdala,21.07,12.59,Macaca mulatta
NEUR_6670,Cortex,148.02,93.67,Rattus norvegicus
NEUR_1812,Cortex,42.94,41.97,Rattus norvegicus
NEUR_6484,Amygdala,145.27,72.26,Macaca mulatta
NEUR_5001,Cerebellum,115.1,117.27,Macaca mulatta
NEUR_3092,Cortex,42.01,62.24,Rattus norvegicus
NEUR_3127,Striatum,41.21,39.86,Rattus norvegicus
NEUR_9998,Hippocampus,25.84,85.86,Rattus norvegicus
NEUR_2756,Thalamus,12.23,114.98,Danio rerio
NEUR_3728,Thalamus,118.36,72.74,Macaca mulatta
NEUR_7044,Striatum,74.72,80.03,Mus musculus
NEUR_8590,Hypothalamus,46.6,86.84,Mus musculus
NEUR_8391,Cortex,51.28,110.58,Rattus norvegicus
NEUR_9218,Amygdala,0.85,11.41,Mus musculus
NEUR_8650,Cortex,44.81,22.25,Danio rerio
NEUR_4293,Cortex,75.81,26.37,Danio rerio
NEUR_1877,Cortex,135.67,10.99,Danio rerio
NEUR_5686,Striatum,42.68,18.03,Mus musculus
NEUR_6596,Hypothalamus,5.12,76.88,Macaca mulatta
NEUR_6437,Cerebellum,125.04,51.94,Rattus norvegicus
NEUR_2428,Hippocampus,143.01,40.15,Mus musculus
NEUR_3945,Striatum,101.45,115.93,Mus musculus
NEUR_1645,Amygdala,24.35,36.66,Danio rerio
NEUR_7832,Hippocampus,42.97,12.73,Mus musculus
NEUR_5587,Cerebellum,36.27,34.16,Macaca mulatta
NEUR_7328,Striatum,42.71,111.38,Macaca mulatta
NEUR_8843,Amygdala,66.01,86.0,Macaca mulatta
NEUR_9726,Hypothalamus,21.96,88.9,Danio rerio
NEUR_2155,Cortex,45.79,51.17,Macaca mulatta
NEUR_5231,Thalamus,97.86,35.76,Rattus norvegicus
NEUR_2078,Amygdala,96.47,113.16,Rattus norvegicus
NEUR_7878,Striatum,147.04,99.17,Mus musculus
NEUR_7027,Cortex,114.36,68.25,Macaca mulatta
NEUR_3171,Amygdala,24.02,45.14,Macaca mulatta
NEUR_5639,Hippocampus,116.89,70.43,Mus musculus
NEUR_6603,Thalamus,129.91,111.27,Macaca mulatta
NEUR_4225,Thalamus,147.82,22.11,Mus musculus
NEUR_8054,Cerebellum,140.45,87.93,Mus musculus
NEUR_8502,Cerebellum,3.82,104.65,Rattus norvegicus
NEUR_1528,Thalamus,119.51,115.96,Macaca mulatta
NEUR_5555,Hypothalamus,5.67,30.67,Mus musculus
NEUR_9199,Cortex,83.91,36.45,Macaca mulatta
NEUR_2254,Hypothalamus,84.63,73.97,Rattus norvegicus
NEUR_1260,Hippocampus,36.07,63.8,Macaca mulatta
NEUR_2729,Hippocampus,57.82,71.42,Mus musculus
NEUR_7644,Hypothalamus,130.22,81.93,Macaca mulatta
NEUR_9617,Hypothalamus,91.96,103.11,Danio rerio
NEUR_1800,Hypothalamus,33.64,76.38,Danio rerio
NEUR_4199,Cerebellum,117.47,44.43,Mus musculus
NEUR_4233,Hypothalamus,117.09,43.51,Rattus norvegicus
NEUR_7972,Hypothalamus,94.52,21.61,Rattus norvegicus
NEUR_8012,Cortex,81.15,59.23,Rattus norvegicus
NEUR_3790,Thalamus,69.39,62.68,Macaca mulatta
NEUR_6697,Striatum,99.5,80.15,Rattus norvegicus
NEUR_9376,Amygdala,144.27,28.55,Danio rerio
NEUR_6928,Amygdala,66.78,45.27,Macaca mulatta
NEUR_9938,Hippocampus,38.98,73.45,Mus musculus
NEUR_8579,Amygdala,80.85,35.15,Macaca mulatta
NEUR_5096,Striatum,80.18,77.32,Macaca mulatta
NEUR_6890,Cerebellum,77.15,100.59,Macaca mulatta
NEUR_9779,Hypothalamus,59.5,92.17,Macaca mulatta
NEUR_9208,Cortex,72.58,13.69,Rattus norvegicus
NEUR_5493,Cerebellum,80.06,67.58,Mus musculus
NEUR_4605,Thalamus,70.36,33.87,Danio rerio
NEUR_4251,Thalamus,61.33,95.91,Macaca mulatta
NEUR_9022,Striatum,146.36,30.33,Macaca mulatta
NEUR_2921,Cortex,29.93,88.67,Macaca mulatta
NEUR_9076,Cerebellum,44.25,67.05,Rattus norvegicus
NEUR_4628,Hypothalamus,94.68,53.92,Rattus norvegicus
NEUR_5514,Amygdala,146.07,89.19,Danio rerio
NEUR_6054,Cortex,69.72,107.94,Rattus norvegicus
NEUR_6722,Thalamus,73.47,114.6,Danio rerio
NEUR_7028,Striatum,47.21,96.11,Macaca mulatta
NEUR_6294,Striatum,85.67,47.4,Macaca mulatta
NEUR_2912,Amygdala,27.84,114.82,Mus musculus
NEUR_8511,Hypothalamus,144.11,101.45,Danio rerio
NEUR_1216,Cerebellum,94.65,104.71,Rattus norvegicus
NEUR_6890,Cerebellum,109.73,63.02,Rattus norvegicus
NEUR_6700,Hypothalamus,83.13,66.76,Macaca mulatta
NEUR_9293,Hypothalamus,2.23,36.26,Macaca mulatta
NEUR_3614,Cerebellum,0.51,114.57,Macaca mulatta
NEUR_7377,Striatum,127.81,91.4,Danio rerio
NEUR_7279,Cortex,33.74,76.95,Mus musculus
NEUR_5493,Hippocampus,49.78,105.73,Rattus norvegicus
NEUR_3191,Cerebellum,55.21,35.81,Macaca mulatta
NEUR_1133,Cortex,68.42,42.56,Rattus norvegicus
NEUR_5507,Amygdala,17.57,56.84,Rattus norvegicus
NEUR_1379,Amygdala,8.7,36.3,Rattus norvegicus
NEUR_5246,Amygdala,88.22,33.09,Rattus norvegicus
NEUR_5612,Hypothalamus,83.35,83.85,Mus musculus
NEUR_5409,Thalamus,51.87,55.52,Macaca mulatta
NEUR_1349,Cortex,70.3,72.77,Danio rerio
NEUR_8036,Striatum,57.56,94.32,Danio rerio
NEUR_1027,Cortex,83.95,95.52,Rattus norvegicus
NEUR_4562,Hypothalamus,139.01,118.24,Rattus norvegicus
NEUR_6478,Striatum,69.85,109.69,Macaca mulatta
NEUR_1034,Thalamus,86.62,111.67,Danio rerio
NEUR_7178,Hippocampus,145.53,31.59,Macaca mulatta
NEUR_7597,Cerebellum,147.63,45.68,Macaca mulatta
NEUR_8388,Hippocampus,21.55,26.61,Macaca mulatta
NEUR_5045,Hypothalamus,96.19,15.77,Mus musculus
NEUR_2114,Striatum,110.31,83.61,Mus musculus
NEUR_7504,Striatum,147.43,101.94,Rattus norvegicus
NEUR_5479,Hypothalamus,9.98,23.25,Rattus norvegicus
NEUR_6695,Amygdala,81.35,81.93,Danio rerio
NEUR_8376,Hypothalamus,29.71,44.81,Rattus norvegicus
NEUR_2194,Striatum,43.55,46.64,Macaca mulatta
NEUR_2606,Amygdala,3.21,33.34,Rattus norvegicus
NEUR_4918,Hippocampus,148.17,20.09,Danio rerio
NEUR_2964,Cerebellum,88.7,73.32,Macaca mulatta
NEUR_4474,Hypothalamus,62.68,27.01,Danio rerio
NEUR_2807,Cerebellum,42.4,116.63,Mus musculus
NEUR_4646,Hippocampus,25.09,18.0,Macaca mulatta
NEUR_7375,Thalamus,96.2,25.25,Danio rerio
NEUR_3597,Hippocampus,61.58,73.07,Macaca mulatta
NEUR_1472,Hippocampus,122.7,112.07,Danio rerio
NEUR_9708,Striatum,119.92,114.58,Danio rerio
NEUR_1427,Cerebellum,79.56,30.52,Mus musculus
NEUR_6524,Hippocampus,136.49,28.76,Mus musculus
NEUR_6703,Hypothalamus,62.73,90.5,Rattus norvegicus
NEUR_5020,Hippocampus,9.18,100.21,Rattus norvegicus
NEUR_2441,Cerebellum,142.96,74.85,Macaca mulatta
NEUR_1878,Cerebellum,73.02,101.13,Mus musculus
NEUR_1806,Cerebellum,115.58,106.94,Rattus norvegicus
NEUR_8350,Cerebellum,132.92,30.34,Danio rerio
NEUR_1920,Amygdala,6.07,31.05,Mus musculus
NEUR_4935,Thalamus,80.46,88.59,Macaca mulatta
NEUR_8759,Striatum,29.66,78.88,Mus musculus
NEUR_3185,Amygdala,126.06,79.46,Mus musculus
NEUR_3954,Hypothalamus,112.45,70.6,Rattus norvegicus
NEUR_8925,Amygdala,21.39,100.82,Rattus norvegicus
NEUR_2043,Cortex,102.13,71.17,Rattus norvegicus
NEUR_8437,Cortex,99.78,93.92,Danio rerio
NEUR_9652,Hypothalamus,36.06,108.64,Rattus norvegicus
NEUR_7169,Thalamus,134.89,91.6,Macaca mulatta
NEUR_3121,Hypothalamus,144.81,102.51,Rattus norvegicus
NEUR_5783,Cerebellum,32.63,37.99,Mus musculus
NEUR_1820,Cortex,48.18,75.07,Mus musculus
NEUR_9625,Cortex,36.88,98.16,Rattus norvegicus
NEUR_4212,Cerebellum,148.48,116.15,Mus musculus
NEUR_3377,Hippocampus,80.19,34.68,Macaca mulatta
NEUR_7245,Cerebellum,86.44,49.44,Macaca mulatta
NEUR_5669,Striatum,65.17,39.89,Macaca mulatta
NEUR_1073,Amygdala,69.07,72.85,Macaca mulatta
NEUR_2295,Thalamus,143.55,99.84,Rattus norvegicus
NEUR_3414,Hippocampus,36.79,63.66,Macaca mulatta
NEUR_2728,Cortex,63.9,117.99,Mus musculus
NEUR_9765,Thalamus,51.81,97.01,Macaca mulatta
NEUR_4365,Striatum,67.43,59.52,Rattus norvegicus
NEUR_9357,Thalamus,145.32,102.63,Mus musculus
NEUR_8523,Cerebellum,2.25,116.81,Macaca mulatta
NEUR_1213,Cortex,16.38,78.99,Danio rerio
NEUR_5497,Cortex,72.37,52.53,Macaca mulatta
NEUR_3156,Thalamus,140.09,84.97,Mus musculus
NEUR_4210,Hypothalamus,22.38,97.78,Macaca mulatta
NEUR_1992,Hippocampus,140.27,41.29,Rattus norvegicus
NEUR_5866,Hypothalamus,69.92,115.39,Rattus norvegicus
NEUR_6592,Cerebellum,105.58,84.79,Danio rerio
NEUR_1484,Cerebellum,58.07,22.84,Rattus norvegicus
NEUR_5097,Hypothalamus,36.08,96.87,Macaca mulatta
NEUR_3181,Hypothalamus,46.98,65.81,Macaca mulatta
NEUR_6400,Amygdala,16.94,80.39,Rattus norvegicus
NEUR_7082,Thalamus,83.58,69.32,Mus musculus
NEUR_9396,Cerebellum,147.12,114.47,Mus musculus
NEUR_5188,Hypothalamus,39.75,102.15,Mus musculus
NEUR_2344,Hypothalamus,35.42,22.07,Danio rerio
NEUR_8275,Hippocampus,136.88,108.78,Danio rerio
NEUR_2131,Cerebellum,123.89,44.89,Danio rerio
NEUR_3293,Hypothalamus,81.12,10.0,Macaca mulatta
NEUR_9122,Thalamus,18.44,72.78,Danio rerio
NEUR_9639,Thalamus,0.9,68.15,Rattus norvegicus
NEUR_6906,Cortex,49.29,26.9,Rattus norvegicus
NEUR_8193,Striatum,147.44,56.39,Danio rerio
NEUR_3220,Cerebellum,55.88,110.28,Rattus norvegicus
NEUR_3551,Cerebellum,57.96,32.91,Danio rerio
NEUR_5394,Striatum,49.01,33.91,Mus musculus
NEUR_4275,Hippocampus,29.74,111.26,Danio rerio
NEUR_6680,Amygdala,45.8,114.97,Mus musculus
NEUR_4974,Amygdala,30.47,43.87,Mus musculus
NEUR_5140,Hippocampus,93.44,82.03,Mus musculus
NEUR_8310,Amygdala,118.31,25.67,Macaca mulatta
NEUR_3620,Cerebellum,44.07,69.36,Macaca mulatta
NEUR_2149,Striatum,16.28,88.11,Rattus norvegicus
NEUR_3031,Cerebellum,98.34,29.66,Danio rerio
NEUR_9977,Striatum,24.41,44.81,Macaca mulatta
NEUR_4714,Hippocampus,41.64,46.52,Danio rerio
NEUR_4386,Striatum,113.46,91.62,Rattus norvegicus
NEUR_5985,Striatum,32.11,117.72,Danio rerio
NEUR_2332,Hypothalamus,130.32,75.06,Rattus norvegicus
NEUR_9985,Hippocampus,145.4,78.37,Macaca mulatta
NEUR_9976,Hippocampus,109.22,24.03,Mus musculus
NEUR_5943,Hypothalamus,120.85,28.38,Macaca mulatta
NEUR_2555,Thalamus,94.75,78.67,Mus musculus
NEUR_6188,Hippocampus,57.3,96.81,Rattus norvegicus
NEUR_5406,Amygdala,38.43,88.58,Rattus norvegicus
NEUR_2196,Cerebellum,103.42,102.36,Macaca mulatta
NEUR_9081,Thalamus,148.49,64.28,Macaca mulatta
NEUR_3599,Cortex,120.99,63.68,Rattus norvegicus
NEUR_7202,Hypothalamus,73.07,77.33,Rattus norvegicus
NEUR_1729,Hypothalamus,61.05,48.85,Mus musculus
NEUR_7563,Amygdala,112.08,84.44,Macaca mulatta
NEUR_3666,Hypothalamus,102.24,108.14,Rattus norvegicus
NEUR_3442,Hippocampus,110.03,35.11,Danio rerio
NEUR_4448,Amygdala,58.0,90.95,Mus musculus
NEUR_8573,Cerebellum,149.6,113.4,Danio rerio
NEUR_3555,Cerebellum,60.57,68.84,Rattus norvegicus
NEUR_7932,Hypothalamus,2.81,83.91,Macaca mulatta
NEUR_3055,Cortex,47.33,64.52,Mus musculus
NEUR_3556,Striatum,62.37,88.46,Macaca mulatta
NEUR_7203,Hippocampus,59.83,71.36,Mus musculus
NEUR_4446,Hippocampus,20.98,116.2,Macaca mulatta
NEUR_4995,Hippocampus,107.96,79.42,Mus musculus
NEUR_3593,Thalamus,55.18,55.06,Rattus norvegicus
NEUR_2987,Thalamus,43.56,114.61,Macaca mulatta
NEUR_1710,Hypothalamus,111.01,96.35,Danio rerio
NEUR_9721,Striatum,26.5,94.61,Danio rerio
NEUR_4803,Amygdala,129.85,33.4,Rattus norvegicus
NEUR_8295,Hippocampus,131.61,52.37,Rattus norvegicus
NEUR_9775,Striatum,145.82,51.33,Mus musculus
NEUR_6280,Thalamus,17.69,96.92,Rattus norvegicus
NEUR_6412,Thalamus,17.63,82.39,Danio rerio
NEUR_6698,Striatum,5.07,41.51,Danio rerio
NEUR_7469,Hippocampus,110.49,96.47,Rattus norvegicus
NEUR_9702,Thalamus,68.07,21.38,Macaca mulatta
NEUR_8922,Amygdala,117.37,107.71,Rattus norvegicus
NEUR_6580,Cortex,59.36,23.64,Danio rerio
NEUR_2442,Cerebellum,79.54,71.14,Rattus norvegicus
NEUR_8501,Striatum,116.71,94.43,Rattus norvegicus
NEUR_2491,Thalamus,129.37,10.83,Danio rerio
NEUR_6099,Cortex,39.93,60.94,Rattus norvegicus
NEUR_1442,Thalamus,92.07,81.22,Rattus norvegicus
NEUR_8194,Striatum,51.25,89.53,Macaca mulatta
NEUR_6443,Striatum,113.22,35.92,Danio rerio
NEUR_9252,Amygdala,92.57,99.62,Mus musculus
NEUR_9558,Cerebellum,73.86,66.94,Rattus norvegicus
NEUR_8851,Thalamus,144.01,72.17,Macaca mulatta
NEUR_8465,Cortex,66.23,68.27,Rattus norvegicus
NEUR_2147,Thalamus,38.31,90.84,Macaca mulatta
NEUR_7577,Thalamus,25.79,102.13,Danio rerio
NEUR_6472,Amygdala,131.58,15.95,Rattus norvegicus
NEUR_8435,Amygdala,34.5,101.64,Danio rerio
NEUR_2823,Cortex,146.18,43.32,Rattus norvegicus
NEUR_6437,Cerebellum,77.43,24.53,Danio rerio
NEUR_8978,Amygdala,89.7,68.55,Macaca mulatta
NEUR_5516,Hypothalamus,2.79,58.04,Danio rerio
NEUR_2268,Striatum,74.38,65.41,Mus musculus
NEUR_3885,Amygdala,59.93,81.73,Danio rerio
NEUR_9188,Cerebellum,48.94,11.1,Mus musculus
NEUR_1885,Cortex,132.91,34.39,Danio rerio
NEUR_1463,Cortex,89.9,52.08,Mus musculus
NEUR_9254,Cerebellum,81.48,102.93,Rattus norvegicus
NEUR_4487,Cerebellum,95.14,77.07,Danio rerio
NEUR_3992,Hypothalamus,91.55,91.65,Danio rerio
NEUR_5159,Hippocampus,124.55,83.47,Macaca mulatta
NEUR_5472,Thalamus,21.77,16.13,Macaca mulatta
NEUR_2483,Thalamus,19.01,110.46,Macaca mulatta
NEUR_4137,Hippocampus,12.72,92.16,Danio rerio
NEUR_9429,Amygdala,15.74,41.44,Danio rerio
NEUR_2265,Thalamus,105.8,67.9,Macaca mulatta
NEUR_6763,Hippocampus,81.87,116.17,Mus musculus
NEUR_5684,Cortex,144.42,110.52,Mus musculus
NEUR_9934,Hypothalamus,14.57,65.49,Danio rerio
NEUR_6248,Amygdala,15.24,72.36,Mus musculus
NEUR_1152,Cerebellum,87.69,21.41,Macaca mulatta
NEUR_4324,Striatum,12.19,25.45,Danio rerio
NEUR_6425,Cortex,71.63,95.36,Macaca mulatta
NEUR_1142,Hypothalamus,11.1,36.01,Macaca mulatta
NEUR_9092,Thalamus,106.17,48.94,Danio rerio
NEUR_9238,Hypothalamus,96.23,35.66,Rattus norvegicus
NEUR_2229,Striatum,36.21,15.58,Mus musculus
NEUR_6335,Striatum,53.68,24.78,Rattus norvegicus
NEUR_8723,Hypothalamus,101.93,47.3,Rattus norvegicus
NEUR_8555,Hypothalamus,11.59,42.92,Rattus norvegicus
NEUR_5551,Striatum,147.94,75.6,Mus musculus
NEUR_4342,Cortex,110.98,31.24,Mus musculus
NEUR_1602,Hypothalamus,77.39,90.02,Mus musculus
NEUR_3353,Striatum,89.37,98.97,Rattus norvegicus
NEUR_4057,Thalamus,98.96,110.17,Mus musculus
NEUR_8714,Cerebellum,45.93,78.1,Mus musculus
NEUR_8076,Striatum,40.95,26.54,Macaca mulatta
NEUR_9666,Cortex,144.3,47.08,Danio rerio
NEUR_2877,Cortex,95.61,108.07,Macaca mulatta
NEUR_4564,Cerebellum,132.8,68.79,Macaca mulatta
NEUR_4753,Thalamus,93.14,96.63,Rattus norvegicus
NEUR_9704,Striatum,12.91,116.52,Mus musculus
NEUR_6613,Amygdala,74.9,62.55,Danio rerio
NEUR_2100,Amygdala,13.84,114.62,Macaca mulatta
NEUR_3267,Hippocampus,131.51,10.67,Danio rerio
NEUR_6534,Cerebellum,123.12,31.83,Mus musculus
NEUR_9646,Cerebellum,35.62,117.12,Danio rerio
NEUR_5028,Amygdala,100.09,89.62,Rattus norvegicus
NEUR_2453,Hypothalamus,1.39,11.45,Danio rerio
NEUR_9656,Amygdala,76.14,105.97,Mus musculus
NEUR_5159,Cerebellum,107.19,87.31,Danio rerio
NEUR_4133,Hypothalamus,128.76,29.24,Danio rerio
NEUR_7686,Cortex,63.56,72.09,Mus musculus
NEUR_3658,Hypothalamus,58.49,113.48,Macaca mulatta
NEUR_5738,Cortex,11.49,11.52,Danio rerio
NEUR_8406,Hypothalamus,37.57,73.17,Danio rerio
NEUR_1693,Cortex,0.38,60.05,Macaca mulatta
NEUR_1619,Amygdala,32.26,99.48,Rattus norvegicus
NEUR_8699,Cortex,86.75,48.7,Danio rerio
NEUR_1855,Thalamus,63.48,38.97,Rattus norvegicus
NEUR_5140,Amygdala,94.04,69.21,Rattus norvegicus
NEUR_1978,Cortex,71.76,83.29,Danio rerio
NEUR_2305,Hippocampus,40.43,101.45,Danio rerio
NEUR_3894,Hippocampus,37.87,48.01,Rattus norvegicus
NEUR_8268,Hippocampus,50.64,70.84,Macaca mulatta
NEUR_8533,Hypothalamus,111.99,25.5,Rattus norvegicus
NEUR_3844,Cerebellum,68.07,27.52,Mus musculus
NEUR_5027,Amygdala,74.12,118.48,Mus musculus
NEUR_1663,Striatum,38.79,54.48,Rattus norvegicus
NEUR_6277,Cortex,64.43,25.33,Danio rerio
NEUR_8691,Cerebellum,49.67,88.91,Danio rerio
NEUR_5433,Striatum,75.16,88.34,Mus musculus
NEUR_7756,Striatum,140.18,40.72,Macaca mulatta
NEUR_2397,Thalamus,58.65,31.83,Macaca mulatta
NEUR_9976,Cortex,66.88,78.59,Macaca mulatta
NEUR_7457,Amygdala,145.94,19.76,Mus musculus
NEUR_7476,Hippocampus,65.74,113.47,Danio rerio
NEUR_2401,Hypothalamus,25.78,15.35,Danio rerio
NEUR_6394,Cerebellum,17.39,95.51,Mus musculus
NEUR_4844,Cortex,19.16,109.67,Danio rerio
NEUR_9108,Cortex,95.61,81.48,Macaca mulatta
NEUR_1468,Amygdala,12.39,52.69,Danio rerio
NEUR_4212,Cerebellum,30.41,70.68,Mus musculus
NEUR_3384,Hippocampus,123.76,88.96,Macaca mulatta
NEUR_5478,Hippocampus,47.8,82.08,Rattus norvegicus
NEUR_6584,Cortex,62.99,92.92,Danio rerio
NEUR_8597,Hippocampus,75.25,103.84,Mus musculus
NEUR_9040,Cortex,3.26,56.67,Rattus norvegicus
NEUR_8703,Striatum,104.71,63.32,Danio rerio
NEUR_9988,Hippocampus,117.64,10.01,Mus musculus
NEUR_5740,Thalamus,43.43,67.08,Rattus norvegicus
NEUR_7892,Cerebellum,148.97,65.09,Mus musculus
NEUR_9837,Cortex,43.51,118.05,Macaca mulatta
NEUR_4152,Hippocampus,31.82,51.59,Mus musculus
NEUR_8332,Hypothalamus,22.9,63.51,Macaca mulatta
NEUR_9230,Hypothalamus,63.94,103.82,Macaca mulatta
NEUR_6211,Cerebellum,95.3,32.97,Macaca mulatta
NEUR_3410,Thalamus,111.55,107.26,Rattus norvegicus
NEUR_6937,Thalamus,20.79,25.05,Macaca mulatta
NEUR_9202,Cerebellum,113.66,77.93,Macaca mulatta
NEUR_1828,Amygdala,120.14,47.08,Danio rerio
NEUR_4320,Amygdala,145.71,55.32,Mus musculus
NEUR_9576,Amygdala,87.8,38.44,Macaca mulatta
NEUR_6123,Amygdala,94.96,89.75,Rattus norvegicus
NEUR_3691,Thalamus,81.34,35.73,Danio rerio
NEUR_2234,Amygdala,5.04,116.09,Rattus norvegicus
NEUR_1409,Hippocampus,111.62,87.27,Macaca mulatta
NEUR_1455,Thalamus,104.14,98.93,Danio rerio
NEUR_6431,Thalamus,146.06,48.91,Rattus norvegicus
NEUR_8677,Cortex,67.1,14.04,Danio rerio
NEUR_6144,Thalamus,20.03,82.94,Danio rerio
NEUR_3555,Cortex,124.83,41.12,Macaca mulatta
NEUR_7265,Hippocampus,26.85,41.68,Macaca mulatta
NEUR_9154,Striatum,23.57,37.77,Rattus norvegicus
NEUR_3591,Cerebellum,65.03,71.56,Mus musculus
NEUR_8318,Cerebellum,21.22,66.61,Danio rerio
NEUR_7059,Cerebellum,9.78,65.59,Rattus norvegicus
NEUR_1918,Hypothalamus,136.37,68.49,Mus musculus
NEUR_2940,Thalamus,124.42,103.24,Macaca mulatta
NEUR_6077,Hypothalamus,56.21,38.81,Danio rerio
NEUR_5435,Hippocampus,12.07,71.96,Rattus norvegicus
NEUR_4379,Hypothalamus,59.49,107.86,Mus musculus
NEUR_1568,Thalamus,63.39,69.78,Macaca mulatta
NEUR_9054,Striatum,56.1,115.16,Mus musculus
NEUR_7698,Hypothalamus,108.0,56.26,Mus musculus
NEUR_4082,Cerebellum,123.7,99.84,Macaca mulatta
NEUR_9949,Thalamus,91.79,87.46,Macaca mulatta
NEUR_3962,Cortex,64.87,19.53,Macaca mulatta
NEUR_3692,Hippocampus,137.48,106.31,Danio rerio
NEUR_9480,Striatum,134.16,25.84,Macaca mulatta
NEUR_7511,Hypothalamus,34.87,83.05,Mus musculus
NEUR_1426,Striatum,143.69,110.4,Danio rerio
NEUR_8224,Hypothalamus,75.76,47.08,Mus musculus
NEUR_1251,Cortex,38.78,76.58,Mus musculus
NEUR_4677,Hippocampus,69.02,20.96,Danio rerio
NEUR_2888,Hippocampus,35.59,100.34,Danio rerio
NEUR_1923,Thalamus,140.29,29.61,Rattus norvegicus
NEUR_4655,Cortex,51.2,15.58,Rattus norvegicus
NEUR_6562,Hypothalamus,87.4,94.56,Danio rerio
NEUR_9551,Cerebellum,68.62,25.65,Mus musculus
NEUR_8004,Amygdala,43.35,59.83,Rattus norvegicus
NEUR_6529,Cortex,138.14,105.82,Macaca mulatta
NEUR_8002,Striatum,89.09,112.4,Danio rerio
NEUR_8331,Cerebellum,35.56,64.86,Danio rerio
NEUR_2805,Thalamus,49.06,69.3,Danio rerio
NEUR_4423,Amygdala,74.82,95.52,Danio rerio
NEUR_1809,Amygdala,149.05,28.22,Rattus norvegicus
NEUR_3329,Amygdala,38.82,89.36,Mus musculus
NEUR_2554,Thalamus,59.12,99.99,Danio rerio
NEUR_5312,Amygdala,9.62,75.95,Macaca mulatta
NEUR_9531,Thalamus,124.29,55.77,Macaca mulatta
NEUR_6234,Thalamus,97.76,45.66,Danio rerio
NEUR_5591,Striatum,43.76,55.98,Mus musculus
NEUR_8306,Hypothalamus,85.62,62.03,Mus musculus
NEUR_9529,Cortex,149.79,102.19,Macaca mulatta
NEUR_5974,Hippocampus,80.75,60.85,Rattus norvegicus
NEUR_9324,Cerebellum,118.85,48.93,Macaca mulatta
NEUR_1504,Amygdala,113.27,43.41,Mus musculus
NEUR_8715,Hypothalamus,146.46,15.48,Macaca mulatta
NEUR_7167,Amygdala,71.52,90.97,Mus musculus
NEUR_1011,Striatum,110.1,84.47,Mus musculus
NEUR_1485,Hippocampus,123.66,66.97,Mus musculus
NEUR_2262,Cortex,58.55,55.06,Macaca mulatta
NEUR_5672,Hippocampus,61.52,115.49,Mus musculus
NEUR_5853,Striatum,133.81,42.72,Mus musculus
NEUR_3709,Striatum,124.41,56.76,Mus musculus
NEUR_1558,Hypothalamus,104.68,77.11,Rattus norvegicus
NEUR_4905,Thalamus,133.55,83.44,Danio rerio
NEUR_4358,Hippocampus,3.49,39.6,Rattus norvegicus
NEUR_1021,Hypothalamus,117.94,77.71,Mus musculus
NEUR_6621,Hypothalamus,121.05,77.26,Rattus norvegicus
NEUR_9041,Cerebellum,103.83,56.47,Rattus norvegicus
NEUR_8453,Amygdala,108.03,41.0,Danio rerio
NEUR_1420,Cortex,104.5,99.95,Mus musculus
NEUR_3151,Striatum,93.49,111.46,Danio rerio
NEUR_3066,Thalamus,7.05,76.31,Rattus norvegicus
NEUR_1557,Hippocampus,20.27,54.83,Macaca mulatta
NEUR_5354,Thalamus,105.57,31.89,Rattus norvegicus
NEUR_3164,Cerebellum,1.26,22.11,Danio rerio
NEUR_1381,Cerebellum,29.84,73.16,Mus musculus
NEUR_7200,Cortex,32.84,16.17,Macaca mulatta
NEUR_8280,Cerebellum,126.9,15.35,Mus musculus
NEUR_6272,Cortex,16.31,92.0,Danio rerio
NEUR_6769,Amygdala,116.61,75.92,Mus musculus
NEUR_4748,Striatum,1.26,11.98,Danio rerio
NEUR_8718,Striatum,23.08,79.98,Mus musculus
NEUR_4357,Hypothalamus,148.57,118.42,Rattus norvegicus
NEUR_1401,Striatum,33.53,47.95,Macaca mulatta
NEUR_6679,Cortex,52.16,60.93,Rattus norvegicus
NEUR_7402,Amygdala,128.75,37.13,Danio rerio
NEUR_4193,Striatum,17.86,24.33,Rattus norvegicus
NEUR_5450,Hypothalamus,59.0,51.53,Danio rerio
NEUR_2213,Thalamus,44.34,78.76,Mus musculus
NEUR_6368,Cerebellum,35.01,114.98,Mus musculus
NEUR_9825,Striatum,143.21,81.98,Mus musculus
NEUR_1945,Cortex,12.01,55.35,Macaca mulatta
NEUR_9116,Hippocampus,0.23,10.98,Mus musculus
NEUR_2727,Thalamus,90.45,116.73,Mus musculus
NEUR_2682,Amygdala,138.79,42.98,Rattus norvegicus
NEUR_2985,Striatum,125.08,26.15,Macaca mulatta
NEUR_8021,Cerebellum,64.28,74.65,Danio rerio
NEUR_2409,Amygdala,26.33,95.31,Danio rerio
NEUR_1412,Cortex,60.25,72.07,Macaca mulatta
NEUR_2087,Cerebellum,99.46,87.51,Danio rerio
NEUR_5900,Amygdala,40.57,50.54,Rattus norvegicus
NEUR_7260,Hypothalamus,1.88,119.83,Danio rerio
NEUR_6664,Thalamus,129.82,113.48,Danio rerio
NEUR_4957,Amygdala,34.28,48.5,Macaca mulatta
NEUR_3982,Hippocampus,108.28,96.36,Danio rerio
NEUR_4373,Hippocampus,133.07,40.48,Danio rerio
NEUR_8819,Cerebellum,119.55,113.73,Rattus norvegicus
NEUR_5704,Amygdala,144.96,89.44,Mus musculus
NEUR_6362,Cortex,121.57,53.48,Rattus norvegicus
NEUR_6935,Hypothalamus,140.46,40.65,Danio rerio
NEUR_7613,Striatum,62.3,94.5,Macaca mulatta
NEUR_1738,Amygdala,112.64,118.69,Mus musculus
NEUR_8931,Striatum,40.39,82.22,Danio rerio
NEUR_6278,Hypothalamus,41.93,13.61,Rattus norvegicus
NEUR_6036,Hypothalamus,44.86,37.38,Rattus norvegicus
NEUR_1897,Hypothalamus,52.86,84.67,Mus musculus
NEUR_5442,Cortex,133.34,23.6,Mus musculus
NEUR_9068,Hypothalamus,124.19,87.19,Mus musculus
NEUR_9705,Cerebellum,108.85,52.71,Danio rerio
NEUR_5963,Hypothalamus,122.19,113.08,Macaca mulatta
NEUR_5502,Thalamus,28.66,27.77,Macaca mulatta
NEUR_2313,Cerebellum,49.72,81.52,Danio rerio
NEUR_3831,Striatum,44.72,117.24,Mus musculus
NEUR_5032,Hypothalamus,11.64,115.48,Danio rerio
NEUR_3006,Cortex,85.56,62.56,Rattus norvegicus
NEUR_5777,Cortex,57.29,27.69,Macaca mulatta
NEUR_9180,Amygdala,67.26,109.81,Macaca mulatta
NEUR_5496,Hippocampus,129.39,93.05,Macaca mulatta
NEUR_1657,Striatum,16.4,41.64,Macaca mulatta
NEUR_8901,Hippocampus,83.77,94.25,Mus musculus
NEUR_4102,Cortex,65.89,25.11,Rattus norvegicus
NEUR_3967,Thalamus,141.66,53.79,Macaca mulatta
NEUR_5867,Hypothalamus,99.13,64.0,Mus musculus
NEUR_1396,Hypothalamus,118.77,31.44,Macaca mulatta
NEUR_5041,Striatum,125.67,103.62,Macaca mulatta
NEUR_5941,Cerebellum,144.22,56.63,Danio rerio
NEUR_2372,Cortex,39.68,114.76,Mus musculus
NEUR_3152,Hippocampus,67.09,108.63,Danio rerio
NEUR_5485,Amygdala,146.01,14.51,Danio rerio
NEUR_7072,Hippocampus,15.32,49.1,Mus musculus
NEUR_3749,Hippocampus,69.88,59.58,Rattus norvegicus
NEUR_5185,Striatum,43.13,87.54,Rattus norvegicus
NEUR_6318,Amygdala,5.77,74.09,Rattus norvegicus
NEUR_8126,Hippocampus,81.71,38.03,Macaca mulatta
NEUR_1905,Thalamus,21.55,31.86,Mus musculus
NEUR_3023,Amygdala,49.47,18.25,Macaca mulatta
NEUR_4236,Striatum,25.94,21.92,Rattus norvegicus
NEUR_2243,Cerebellum,111.82,69.76,Mus musculus
NEUR_1422,Striatum,123.79,65.78,Rattus norvegicus
NEUR_2025,Cerebellum,45.16,87.26,Macaca mulatta
NEUR_4387,Amygdala,93.8,90.74,Rattus norvegicus
NEUR_3370,Cerebellum,28.79,47.18,Danio rerio
NEUR_3404,Hypothalamus,97.46,87.45,Macaca mulatta
NEUR_4427,Amygdala,101.26,13.74,Danio rerio
NEUR_6928,Cortex,106.95,95.37,Rattus norvegicus
NEUR_8861,Hippocampus,28.87,64.49,Danio rerio
NEUR_1603,Hypothalamus,86.06,46.56,Rattus norvegicus
NEUR_6216,Thalamus,68.04,35.94,Macaca mulatta
NEUR_3246,Hypothalamus,129.04,95.57,Rattus norvegicus
NEUR_2816,Hypothalamus,142.55,97.31,Macaca mulatta
NEUR_7161,Amygdala,76.89,99.17,Rattus norvegicus
NEUR_4395,Amygdala,82.14,102.51,Rattus norvegicus
NEUR_3754,Cerebellum,121.73,68.92,Macaca mulatta
NEUR_8869,Cortex,11.65,54.85,Mus musculus
NEUR_5413,Hypothalamus,72.8,111.26,Danio rerio
NEUR_5738,Hippocampus,36.99,110.13,Rattus norvegicus
NEUR_2249,Cortex,29.23,30.97,Macaca mulatta
NEUR_4195,Thalamus,138.34,79.09,Macaca mulatta
NEUR_4907,Striatum,78.43,45.31,Rattus norvegicus
NEUR_2368,Hypothalamus,29.52,116.2,Danio rerio
NEUR_1557,Hippocampus,52.69,11.07,Danio rerio
NEUR_9543,Cortex,23.52,53.01,Mus musculus
NEUR_4676,Cortex,125.5,60.78,Rattus norvegicus
NEUR_7838,Cerebellum,128.26,69.12,Macaca mulatta
NEUR_3732,Hippocampus,109.06,68.36,Danio rerio
NEUR_5329,Thalamus,118.61,102.36,Danio rerio
NEUR_6772,Thalamus,71.69,35.15,Rattus norvegicus
NEUR_5259,Thalamus,14.79,23.27,Macaca mulatta
NEUR_6476,Striatum,138.46,81.48,Rattus norvegicus
NEUR_3178,Striatum,67.15,70.69,Rattus norvegicus
NEUR_6570,Striatum,62.12,39.93,Danio rerio
NEUR_1944,Striatum,20.04,54.82,Macaca mulatta
NEUR_2308,Cortex,63.97,42.51,Macaca mulatta
NEUR_1210,Cerebellum,21.35,52.0,Danio rerio
NEUR_3006,Cortex,122.86,29.14,Danio rerio
NEUR_9153,Striatum,148.54,38.42,Mus musculus
NEUR_6940,Striatum,7.78,108.86,Macaca mulatta
NEUR_9535,Hypothalamus,84.46,15.0,Mus musculus
NEUR_5837,Amygdala,106.65,60.52,Rattus norvegicus
NEUR_3075,Thalamus,120.63,105.57,Rattus norvegicus
NEUR_3754,Hippocampus,5.18,32.86,Danio rerio
NEUR_7293,Hippocampus,13.89,39.73,Rattus norvegicus
NEUR_5307,Thalamus,43.65,55.25,Danio rerio
NEUR_7284,Hippocampus,117.97,84.95,Rattus norvegicus
NEUR_6596,Cortex,123.97,85.57,Danio rerio
NEUR_8909,Striatum,2.58,15.64,Mus musculus
NEUR_6624,Cortex,29.64,66.67,Rattus norvegicus
NEUR_9826,Hypothalamus,70.91,99.67,Macaca mulatta
NEUR_4093,Thalamus,8.55,18.1,Danio rerio
NEUR_2193,Striatum,46.85,92.11,Mus musculus
NEUR_9761,Amygdala,78.03,118.14,Macaca mulatta
NEUR_7318,Thalamus,26.18,101.63,Danio rerio
NEUR_3681,Amygdala,140.63,119.82,Mus musculus
NEUR_4289,Thalamus,103.32,99.51,Rattus norvegicus
NEUR_4259,Thalamus,4.42,48.78,Rattus norvegicus
NEUR_3755,Amygdala,118.56,16.26,Rattus norvegicus
NEUR_9371,Hippocampus,26.03,48.98,Danio rerio
NEUR_6100,Cortex,116.97,79.57,Mus musculus
NEUR_9778,Hippocampus,6.0,24.34,Macaca mulatta
NEUR_2201,Thalamus,20.09,19.46,Rattus norvegicus
NEUR_8530,Thalamus,126.89,13.91,Mus musculus
NEUR_2990,Thalamus,87.3,23.18,Rattus norvegicus
NEUR_7992,Hypothalamus,46.14,111.73,Danio rerio
NEUR_2881,Hippocampus,37.46,102.52,Rattus norvegicus
NEUR_2597,Thalamus,76.88,105.03,Danio rerio
NEUR_8827,Cortex,5.34,81.87,Mus musculus
NEUR_4412,Amygdala,141.4,28.7,Rattus norvegicus
NEUR_8816,Hippocampus,54.03,111.76,Danio rerio
NEUR_7765,Cerebellum,130.91,53.01,Mus musculus
NEUR_6513,Hippocampus,96.82,59.44,Mus musculus
NEUR_4455,Thalamus,88.19,78.15,Macaca mulatta
NEUR_2178,Cortex,32.07,46.2,Rattus norvegicus
NEUR_9985,Cerebellum,51.33,116.0,Danio rerio
NEUR_2550,Thalamus,71.87,29.81,Danio rerio
NEUR_1697,Hypothalamus,100.4,77.41,Mus musculus
NEUR_7648,Hippocampus,77.82,99.87,Rattus norvegicus
NEUR_2715,Cerebellum,127.61,29.51,Rattus norvegicus
NEUR_6374,Cerebellum,137.04,19.22,Macaca mulatta
NEUR_6361,Cerebellum,131.93,117.39,Mus musculus
NEUR_5107,Thalamus,52.39,36.99,Mus musculus
NEUR_5505,Thalamus,58.34,15.71,Mus musculus
NEUR_2285,Cortex,34.16,47.85,Rattus norvegicus
NEUR_7673,Cerebellum,70.47,101.23,Mus musculus
NEUR_9357,Cerebellum,143.23,113.01,Danio rerio
NEUR_2313,Thalamus,124.4,101.22,Rattus norvegicus
NEUR_7898,Cerebellum,96.92,40.45,Mus musculus
NEUR_6326,Hypothalamus,3.26,50.34,Danio rerio
NEUR_4524,Cerebellum,42.7,39.27,Macaca mulatta
NEUR_3624,Cerebellum,72.08,114.38,Rattus norvegicus
NEUR_5945,Hypothalamus,46.54,104.64,Macaca mulatta
NEUR_6779,Striatum,63.33,116.71,Mus musculus
NEUR_3104,Hippocampus,101.47,28.64,Mus musculus
NEUR_4814,Cerebellum,146.82,93.49,Macaca mulatta
NEUR_5524,Cortex,131.55,96.96,Mus musculus
NEUR_8202,Hippocampus,19.74,28.95,Mus musculus
NEUR_5303,Hippocampus,100.58,38.29,Rattus norvegicus
NEUR_7401,Cortex,123.14,62.25,Danio rerio
NEUR_8839,Thalamus,68.36,86.98,Macaca mulatta
NEUR_1662,Cerebellum,3.55,103.54,Rattus norvegicus
NEUR_2878,Cortex,81.74,109.9,Mus musculus
NEUR_6905,Striatum,13.75,103.37,Danio rerio
NEUR_8827,Cerebellum,14.11,79.34,Rattus norvegicus
NEUR_3566,Cerebellum,120.48,57.35,Mus musculus
NEUR_3817,Cerebellum,131.77,37.9,Mus musculus
NEUR_4210,Hypothalamus,140.26,67.92,Mus musculus
NEUR_8284,Hypothalamus,131.64,95.24,Mus musculus
NEUR_1855,Cerebellum,8.95,116.0,Mus musculus
NEUR_6058,Hypothalamus,7.91,108.39,Mus musculus
NEUR_1591,Amygdala,31.73,110.92,Macaca mulatta
NEUR_1123,Striatum,104.64,57.32,Macaca mulatta
NEUR_6073,Amygdala,113.59,60.32,Rattus norvegicus
NEUR_7263,Striatum,86.06,105.77,Macaca mulatta
NEUR_1608,Thalamus,120.93,118.58,Rattus norvegicus
NEUR_5491,Hypothalamus,51.14,66.24,Danio rerio
NEUR_9788,Amygdala,3.7,12.59,Rattus norvegicus
NEUR_6648,Striatum,59.24,18.44,Macaca mulatta
NEUR_5589,Thalamus,33.18,47.45,Macaca mulatta
NEUR_3492,Amygdala,144.05,50.34,Rattus norvegicus
NEUR_4360,Hippocampus,126.88,17.87,Danio rerio
NEUR_3670,Cortex,107.09,11.28,Danio rerio
NEUR_7779,Cortex,11.65,118.58,Danio rerio
NEUR_2332,Hippocampus,133.54,67.29,Mus musculus
NEUR_8782,Hippocampus,73.18,78.64,Danio rerio
NEUR_9491,Striatum,147.29,63.01,Rattus norvegicus
NEUR_4203,Thalamus,79.28,74.83,Rattus norvegicus
NEUR_4780,Cerebellum,68.58,70.2,Rattus norvegicus
NEUR_8640,Hippocampus,17.88,92.01,Macaca mulatta
NEUR_4289,Amygdala,13.65,85.37,Danio rerio
NEUR_5675,Hypothalamus,62.16,15.93,Mus musculus
NEUR_3091,Hippocampus,64.26,82.85,Mus musculus
NEUR_2714,Hippocampus,77.52,17.21,Rattus norvegicus
NEUR_7040,Cortex,139.3,66.94,Rattus norvegicus
NEUR_9152,Cortex,116.66,61.56,Rattus norvegicus
NEUR_7619,Cortex,78.87,100.4,Rattus norvegicus
NEUR_3989,Striatum,59.05,63.87,Mus musculus
NEUR_8291,Amygdala,21.71,49.35,Macaca mulatta
NEUR_6361,Hypothalamus,130.91,55.99,Macaca mulatta
NEUR_3810,Amygdala,4.12,85.46,Danio rerio
NEUR_3326,Thalamus,147.84,16.63,Rattus norvegicus
NEUR_3087,Thalamus,101.64,116.65,Mus musculus
NEUR_8932,Hypothalamus,126.52,29.67,Rattus norvegicus
NEUR_7863,Hypothalamus,105.76,19.54,Danio rerio
NEUR_4428,Cerebellum,74.4,96.2,Rattus norvegicus
NEUR_7305,Cortex,120.87,19.14,Rattus norvegicus
NEUR_1827,Amygdala,60.62,32.48,Macaca mulatta
NEUR_4416,Cerebellum,18.5,57.25,Danio rerio
NEUR_6975,Hypothalamus,134.11,91.0,Danio rerio
NEUR_5124,Cortex,60.41,42.28,Macaca mulatta
NEUR_1854,Striatum,105.28,20.08,Danio rerio
NEUR_9919,Striatum,33.97,44.61,Macaca mulatta
NEUR_4624,Hippocampus,28.52,68.85,Mus musculus
NEUR_6588,Hippocampus,1.61,46.8,Macaca mulatta
NEUR_6244,Striatum,1.42,53.3,Danio rerio
NEUR_9431,Cerebellum,145.11,24.58,Macaca mulatta
NEUR_6191,Hippocampus,7.91,50.03,Mus musculus
NEUR_4687,Hippocampus,2.12,22.3,Mus musculus
NEUR_3576,Hypothalamus,85.1,32.62,Macaca mulatta
NEUR_4463,Thalamus,71.57,77.26,Macaca mulatta
NEUR_3714,Hippocampus,129.56,49.4,Mus musculus
NEUR_3557,Striatum,1.43,117.5,Danio rerio
NEUR_3495,Thalamus,63.18,102.4,Danio rerio
NEUR_3631,Thalamus,44.0,25.85,Danio rerio
NEUR_2979,Cortex,62.32,37.11,Rattus norvegicus
NEUR_3268,Hypothalamus,6.35,26.39,Rattus norvegicus
NEUR_4024,Amygdala,15.13,59.43,Mus musculus
NEUR_5808,Thalamus,55.69,42.87,Danio rerio
NEUR_2844,Amygdala,122.23,114.37,Macaca mulatta
NEUR_8921,Cortex,75.08,80.04,Macaca mulatta
NEUR_4922,Cortex,94.15,21.47,Rattus norvegicus
NEUR_8271,Hypothalamus,115.36,26.09,Mus musculus
NEUR_9498,Cerebellum,18.35,88.16,Danio rerio
NEUR_9610,Hippocampus,125.92,18.78,Mus musculus
NEUR_4034,Hypothalamus,2.29,60.28,Mus musculus
NEUR_7741,Thalamus,98.5,75.7,Danio rerio
NEUR_1190,Amygdala,62.83,19.96,Mus musculus
NEUR_1374,Cortex,69.03,68.31,Mus musculus
NEUR_8989,Hippocampus,139.93,62.49,Danio rerio
NEUR_7378,Striatum,147.1,83.69,Mus musculus
NEUR_6909,Hippocampus,10.78,16.62,Macaca mulatta
NEUR_9039,Amygdala,75.75,64.57,Rattus norvegicus
NEUR_7954,Thalamus,33.79,69.0,Rattus norvegicus
NEUR_8144,Striatum,48.63,17.76,Danio rerio
NEUR_3838,Striatum,115.17,74.89,Danio rerio
NEUR_6463,Cortex,67.0,101.94,Macaca mulatta
NEUR_7915,Cerebellum,110.7,69.62,Rattus norvegicus
NEUR_2204,Striatum,23.22,61.08,Mus musculus
NEUR_2864,Thalamus,97.82,76.89,Macaca mulatta
NEUR_8524,Cortex,31.05,33.89,Rattus norvegicus
NEUR_2773,Hypothalamus,8.33,112.14,Danio rerio
NEUR_9256,Hypothalamus,109.87,100.69,Danio rerio
NEUR_5129,Cerebellum,59.65,69.57,Mus musculus
NEUR_3445,Cortex,138.5,73.2,Macaca mulatta
NEUR_8231,Hypothalamus,70.28,94.85,Mus musculus
NEUR_4480,Cortex,149.4,83.27,Danio rerio
NEUR_5658,Amygdala,136.38,87.1,Macaca mulatta
NEUR_3067,Thalamus,47.67,93.07,Rattus norvegicus
NEUR_9495,Hippocampus,91.34,19.75,Mus musculus
NEUR_9667,Hypothalamus,96.48,42.86,Rattus norvegicus
NEUR_5373,Cerebellum,80.51,66.64,Danio rerio
NEUR_1158,Striatum,74.99,58.13,Macaca mulatta
NEUR_7729,Striatum,113.8,70.45,Danio rerio
NEUR_5839,Striatum,80.3,20.83,Rattus norvegicus
NEUR_1060,Thalamus,7.96,109.12,Macaca mulatta
NEUR_5352,Hippocampus,18.84,33.74,Macaca mulatta
NEUR_2920,Cerebellum,54.64,15.62,Macaca mulatta
NEUR_4463,Amygdala,10.81,106.46,Mus musculus
NEUR_4452,Amygdala,74.01,49.91,Danio rerio
NEUR_2947,Hippocampus,127.81,89.69,Macaca mulatta
NEUR_6074,Thalamus,43.73,18.45,Danio rerio
NEUR_5755,Striatum,6.53,41.04,Mus musculus
NEUR_2882,Cerebellum,114.2,103.89,Danio rerio
NEUR_5266,Amygdala,97.36,58.61,Macaca mulatta
NEUR_6336,Cortex,46.81,117.22,Macaca mulatta
NEUR_7594,Cerebellum,69.87,87.19,Danio rerio
NEUR_9216,Amygdala,124.89,39.25,Macaca mulatta
NEUR_1830,Amygdala,17.97,76.87,Macaca mulatta
NEUR_7887,Hippocampus,135.69,73.19,Mus musculus
NEUR_2753,Hippocampus,43.22,117.93,Macaca mulatta
NEUR_7798,Thalamus,81.2,50.63,Mus musculus
NEUR_9632,Amygdala,4.23,105.63,Danio rerio
NEUR_7079,Cortex,132.82,89.66,Rattus norvegicus
NEUR_7753,Thalamus,50.72,71.82,Macaca mulatta
NEUR_3425,Hippocampus,32.15,40.21,Rattus norvegicus
NEUR_2021,Hippocampus,13.43,86.1,Macaca mulatta
NEUR_5838,Amygdala,77.62,49.72,Rattus norvegicus
NEUR_2521,Cortex,132.95,60.79,Mus musculus
NEUR_6043,Cerebellum,149.45,97.6,Macaca mulatta
NEUR_7640,Cortex,99.62,42.57,Rattus norvegicus
NEUR_1288,Thalamus,66.57,66.44,Rattus norvegicus
NEUR_6136,Hypothalamus,21.53,61.37,Mus musculus
NEUR_6889,Hypothalamus,61.0,70.76,Rattus norvegicus
NEUR_6301,Cortex,28.94,81.58,Macaca mulatta
NEUR_7893,Cortex,34.55,64.83,Mus musculus
NEUR_6463,Cerebellum,35.53,40.48,Rattus norvegicus
NEUR_8774,Striatum,117.9,28.9,Mus musculus
NEUR_4073,Striatum,70.27,24.99,Rattus norvegicus
NEUR_6214,Striatum,108.13,77.47,Macaca mulatta
NEUR_7225,Amygdala,36.25,111.6,Macaca mulatta
NEUR_3320,Cerebellum,2.5,83.22,Mus musculus
NEUR_5564,Cerebellum,99.09,88.77,Rattus norvegicus
NEUR_1501,Cerebellum,141.48,54.46,Danio rerio
NEUR_3719,Striatum,130.86,89.59,Macaca mulatta
NEUR_7598,Striatum,63.94,69.28,Mus musculus
NEUR_7481,Amygdala,104.08,98.95,Macaca mulatta
NEUR_6631,Hippocampus,25.2,81.57,Mus musculus
NEUR_2846,Amygdala,93.38,107.05,Macaca mulatta
NEUR_5223,Thalamus,10.44,106.04,Rattus norvegicus
NEUR_2654,Cortex,146.54,29.75,Macaca mulatta
NEUR_7617,Hippocampus,105.44,65.92,Rattus norvegicus
NEUR_3830,Cerebellum,105.77,81.9,Macaca mulatta
NEUR_9540,Striatum,110.85,49.17,Rattus norvegicus
NEUR_6066,Amygdala,35.02,76.16,Macaca mulatta
NEUR_1231,Hippocampus,14.48,64.49,Danio rerio
NEUR_3391,Hypothalamus,43.21,88.41,Macaca mulatta
NEUR_2117,Amygdala,26.95,103.88,Danio rerio
NEUR_7971,Hypothalamus,119.44,75.79,Mus musculus
NEUR_8947,Striatum,106.42,60.76,Rattus norvegicus
NEUR_9140,Hypothalamus,113.52,40.92,Macaca mulatta
NEUR_8562,Striatum,127.3,60.08,Danio rerio
NEUR_4652,Thalamus,104.19,73.4,Mus musculus
NEUR_4484,Cortex,65.45,19.87,Mus musculus
NEUR_2184,Hippocampus,35.26,32.22,Rattus norvegicus
NEUR_1459,Cortex,126.23,61.46,Macaca mulatta
NEUR_3607,Thalamus,35.06,93.0,Danio rerio
NEUR_8478,Thalamus,126.92,92.02,Rattus norvegicus
NEUR_7040,Thalamus,33.24,22.6,Danio rerio
NEUR_5440,Cerebellum,83.02,42.58,Danio rerio
NEUR_2864,Hippocampus,111.98,101.64,Macaca mulatta
NEUR_5538,Cerebellum,55.56,103.03,Rattus norvegicus
NEUR_3169,Striatum,81.5,83.63,Rattus norvegicus
NEUR_3554,Amygdala,67.11,107.98,Rattus norvegicus
NEUR_8449,Hippocampus,135.07,101.04,Mus musculus
NEUR_2176,Striatum,54.8,113.96,Macaca mulatta
NEUR_9978,Striatum,9.5,80.95,Macaca mulatta
NEUR_4436,Striatum,26.89,92.08,Macaca mulatta
NEUR_6438,Hypothalamus,136.09,24.62,Macaca mulatta
NEUR_9346,Amygdala,28.48,23.14,Mus musculus
NEUR_8586,Hypothalamus,7.98,78.26,Mus musculus
NEUR_9236,Hypothalamus,90.67,24.6,Macaca mulatta
NEUR_7763,Hypothalamus,133.13,86.36,Macaca mulatta
NEUR_5110,Thalamus,95.4,48.13,Macaca mulatta
NEUR_5303,Cortex,142.33,73.3,Mus musculus
NEUR_8883,Hypothalamus,18.43,57.9,Danio rerio
NEUR_5676,Cerebellum,34.06,41.85,Danio rerio
NEUR_8773,Amygdala,103.4,100.17,Rattus norvegicus
NEUR_9236,Cerebellum,41.83,112.81,Rattus norvegicus
NEUR_1571,Cerebellum,5.52,86.95,Macaca mulatta
NEUR_1469,Hippocampus,57.15,10.72,Danio rerio
NEUR_9589,Thalamus,68.66,71.22,Danio rerio
NEUR_5488,Cortex,89.04,38.98,Danio rerio
NEUR_7356,Cerebellum,70.72,24.2,Danio rerio
NEUR_8624,Thalamus,28.25,86.2,Danio rerio
NEUR_5935,Cortex,58.35,108.9,Rattus norvegicus
NEUR_2285,Hypothalamus,141.58,93.67,Mus musculus
NEUR_5262,Hippocampus,95.52,89.77,Mus musculus
NEUR_8683,Cerebellum,91.5,102.88,Danio rerio
NEUR_4083,Thalamus,10.62,118.19,Danio rerio
NEUR_9023,Hippocampus,90.07,48.46,Mus musculus
NEUR_7095,Thalamus,86.07,67.17,Danio rerio
NEUR_5486,Striatum,91.15,85.76,Danio rerio
NEUR_6725,Hippocampus,50.39,113.5,Mus musculus
NEUR_5514,Cortex,145.0,96.13,Rattus norvegicus
NEUR_1468,Striatum,102.95,115.13,Rattus norvegicus
NEUR_4648,Hippocampus,70.62,36.25,Mus musculus
NEUR_1251,Thalamus,73.27,104.74,Mus musculus
NEUR_1827,Amygdala,106.9,90.88,Rattus norvegicus
NEUR_2981,Hypothalamus,18.57,108.97,Mus musculus
NEUR_3609,Hypothalamus,6.47,113.69,Danio rerio
NEUR_3870,Amygdala,93.88,102.18,Danio rerio
NEUR_7374,Hypothalamus,48.93,60.31,Macaca mulatta
NEUR_7889,Striatum,2.51,64.77,Mus musculus
NEUR_7880,Cerebellum,78.06,32.47,Rattus norvegicus
NEUR_1573,Thalamus,71.2,107.26,Macaca mulatta
NEUR_8278,Cerebellum,147.0,44.93,Macaca mulatta
NEUR_1190,Striatum,109.05,114.71,Macaca mulatta
NEUR_9799,Cortex,101.57,96.42,Mus musculus
NEUR_1235,Hippocampus,115.95,74.7,Rattus norvegicus
NEUR_9355,Thalamus,138.49,89.18,Rattus norvegicus
NEUR_3232,Hippocampus,22.2,83.55,Danio rerio
NEUR_2934,Cortex,37.47,16.92,Macaca mulatta
NEUR_2473,Amygdala,76.81,99.31,Mus musculus
NEUR_8464,Cerebellum,20.65,105.83,Danio rerio
NEUR_6822,Hippocampus,51.48,67.4,Mus musculus
NEUR_1243,Thalamus,17.11,83.88,Rattus norvegicus
NEUR_9520,Thalamus,136.54,20.3,Rattus norvegicus
NEUR_6925,Amygdala,132.56,57.54,Mus musculus
NEUR_3894,Amygdala,26.53,65.92,Mus musculus
NEUR_3166,Cortex,88.04,18.47,Danio rerio
NEUR_9676,Amygdala,133.27,59.75,Mus musculus
NEUR_1604,Striatum,11.74,113.94,Rattus norvegicus
NEUR_8251,Amygdala,118.14,78.71,Macaca mulatta
NEUR_7513,Cerebellum,114.27,34.3,Mus musculus
NEUR_8887,Hypothalamus,148.8,85.46,Macaca mulatta
NEUR_8333,Amygdala,107.74,70.82,Macaca mulatta
NEUR_3309,Thalamus,133.88,65.06,Danio rerio
NEUR_9061,Striatum,141.92,30.42,Rattus norvegicus
NEUR_9022,Hippocampus,34.82,90.19,Macaca mulatta
NEUR_3928,Hypothalamus,54.85,102.0,Mus musculus
NEUR_6167,Cerebellum,114.64,60.27,Rattus norvegicus
NEUR_8223,Hypothalamus,59.03,34.41,Macaca mulatta
NEUR_2189,Thalamus,45.6,70.16,Mus musculus
NEUR_2705,Hippocampus,34.94,16.8,Danio rerio
NEUR_9093,Thalamus,137.73,98.15,Mus musculus
NEUR_7842,Thalamus,98.09,45.81,Mus musculus
NEUR_3266,Hippocampus,117.05,15.59,Macaca mulatta
NEUR_4301,Thalamus,33.46,71.63,Macaca mulatta
NEUR_1680,Thalamus,23.62,51.54,Macaca mulatta
NEUR_3215,Hippocampus,128.56,65.52,Macaca mulatta
NEUR_6659,Hypothalamus,11.96,53.58,Mus musculus
NEUR_3738,Striatum,149.22,98.72,Mus musculus
NEUR_1009,Hippocampus,14.42,109.63,Danio rerio
NEUR_9433,Cerebellum,44.23,98.59,Rattus norvegicus
NEUR_2585,Thalamus,67.86,46.72,Mus musculus
NEUR_8671,Hippocampus,5.24,118.22,Danio rerio
NEUR_7546,Hippocampus,144.23,19.13,Rattus norvegicus
NEUR_5432,Amygdala,32.61,50.6,Mus musculus
NEUR_1119,Hippocampus,71.76,110.91,Rattus norvegicus
NEUR_4383,Striatum,130.49,114.68,Mus musculus
NEUR_6215,Hypothalamus,119.54,54.9,Danio rerio
NEUR_5511,Hypothalamus,64.5,66.05,Macaca mulatta
NEUR_9559,Thalamus,76.28,20.89,Macaca mulatta
NEUR_3726,Amygdala,88.47,46.12,Mus musculus
NEUR_5741,Cerebellum,137.37,109.44,Macaca mulatta
NEUR_7023,Cerebellum,110.07,91.97,Macaca mulatta
NEUR_7324,Cortex,7.37,101.74,Rattus norvegicus
NEUR_7619,Hippocampus,125.67,58.19,Mus musculus
NEUR_8777,Cortex,65.59,36.77,Danio rerio
NEUR_4595,Cortex,20.11,67.92,Macaca mulatta
NEUR_7604,Hypothalamus,148.87,69.32,Danio rerio
NEUR_9258,Cortex,16.88,30.01,Danio rerio
NEUR_8020,Cortex,88.26,85.35,Macaca mulatta
NEUR_1840,Cortex,121.76,90.87,Danio rerio
NEUR_7390,Cerebellum,38.49,29.02,Mus musculus
NEUR_6631,Hypothalamus,24.93,51.73,Macaca mulatta
NEUR_6353,Cerebellum,129.23,29.32,Mus musculus
NEUR_2383,Striatum,139.12,78.99,Mus musculus
NEUR_3645,Cortex,67.29,77.07,Macaca mulatta
NEUR_2914,Striatum,78.32,112.39,Macaca mulatta
NEUR_7981,Hippocampus,49.76,76.18,Rattus norvegicus
NEUR_6588,Hippocampus,12.87,46.35,Macaca mulatta
NEUR_3090,Hypothalamus,35.22,17.6,Macaca mulatta
NEUR_6059,Thalamus,60.48,116.79,Mus musculus
NEUR_7088,Hippocampus,143.62,62.46,Mus musculus
NEUR_4916,Amygdala,12.08,99.35,Mus musculus
NEUR_1173,Hypothalamus,26.92,93.82,Mus musculus
NEUR_7813,Cerebellum,67.41,20.63,Macaca mulatta
NEUR_8887,Striatum,38.38,56.82,Danio rerio
NEUR_6848,Cortex,23.42,41.2,Mus musculus
NEUR_9842,Thalamus,15.23,62.14,Danio rerio
NEUR_9599,Cortex,121.47,77.02,Macaca mulatta
NEUR_8376,Amygdala,115.75,98.45,Rattus norvegicus
NEUR_6793,Cortex,149.62,116.2,Mus musculus
NEUR_3100,Amygdala,15.8,84.65,Macaca mulatta
NEUR_3801,Cerebellum,56.08,63.11,Danio rerio
NEUR_1049,Cortex,68.0,29.09,Mus musculus
NEUR_7495,Amygdala,61.95,35.02,Mus musculus
NEUR_6505,Cerebellum,116.07,62.01,Rattus norvegicus
NEUR_2085,Hippocampus,149.58,94.76,Macaca mulatta
NEUR_8521,Cerebellum,7.04,47.32,Rattus norvegicus
NEUR_9694,Striatum,75.67,76.72,Danio rerio
NEUR_4923,Thalamus,53.89,24.76,Mus musculus
NEUR_3140,Striatum,96.32,95.16,Macaca mulatta
NEUR_7490,Thalamus,95.52,61.13,Danio rerio
NEUR_8616,Striatum,132.41,48.04,Rattus norvegicus
NEUR_2462,Cortex,112.23,107.47,Rattus norvegicus
NEUR_5705,Cortex,137.43,67.36,Danio rerio
NEUR_4300,Thalamus,27.89,25.48,Danio rerio
NEUR_2826,Cortex,29.27,77.32,Danio rerio
NEUR_1401,Cortex,121.65,109.01,Mus musculus
NEUR_9744,Hypothalamus,22.48,69.43,Danio rerio
NEUR_8502,Cortex,135.4,69.85,Mus musculus
NEUR_5187,Amygdala,141.87,75.15,Danio rerio
NEUR_4773,Hippocampus,33.97,40.99,Macaca mulatta
NEUR_6111,Striatum,68.83,111.79,Rattus norvegicus
NEUR_7132,Hypothalamus,0.37,32.32,Danio rerio
NEUR_1406,Hypothalamus,25.34,23.45,Macaca mulatta
NEUR_4385,Hypothalamus,43.38,100.05,Mus musculus
NEUR_9560,Cortex,88.36,36.22,Macaca mulatta
NEUR_5842,Thalamus,42.58,95.83,Rattus norvegicus
NEUR_7555,Hippocampus,39.47,81.7,Rattus norvegicus
NEUR_5226,Cerebellum,101.17,70.07,Danio rerio
NEUR_9669,Hippocampus,43.12,95.8,Danio rerio
NEUR_9427,Amygdala,35.96,50.85,Macaca mulatta
NEUR_7532,Hypothalamus,59.09,85.03,Rattus norvegicus
NEUR_8610,Hypothalamus,8.47,64.15,Rattus norvegicus
NEUR_5780,Cortex,15.7,30.95,Mus musculus
NEUR_2183,Cerebellum,42.16,15.73,Mus musculus
NEUR_7832,Striatum,149.09,48.49,Mus musculus
NEUR_9769,Hippocampus,88.74,93.39,Macaca mulatta
NEUR_4481,Cortex,113.09,12.61,Rattus norvegicus
NEUR_1534,Striatum,139.78,61.52,Macaca mulatta
NEUR_6559,Cerebellum,19.2,86.81,Danio rerio
NEUR_3131,Amygdala,144.48,101.07,Rattus norvegicus
NEUR_9707,Striatum,149.57,17.34,Mus musculus
NEUR_6290,Hypothalamus,89.03,41.39,Danio rerio
NEUR_3106,Cerebellum,37.02,21.55,Macaca mulatta
NEUR_7642,Hippocampus,2.25,41.85,Rattus norvegicus
NEUR_2900,Hypothalamus,38.59,71.57,Rattus norvegicus
NEUR_8009,Hippocampus,69.37,48.05,Macaca mulatta
NEUR_4574,Hippocampus,79.8,56.98,Rattus norvegicus
NEUR_8114,Cerebellum,55.13,90.15,Rattus norvegicus
NEUR_9930,Hippocampus,129.37,24.91,Danio rerio
NEUR_8700,Striatum,123.45,44.55,Rattus norvegicus
NEUR_4648,Thalamus,59.3,33.81,Mus musculus
NEUR_1260,Cortex,131.57,45.18,Danio rerio
NEUR_8729,Cortex,95.49,21.21,Rattus norvegicus
NEUR_2946,Striatum,14.29,99.53,Mus musculus
NEUR_3277,Hypothalamus,53.75,56.59,Mus musculus
NEUR_4464,Amygdala,101.64,91.75,Danio rerio
NEUR_4497,Thalamus,20.44,70.99,Rattus norvegicus
NEUR_2699,Cerebellum,43.34,38.51,Danio rerio
NEUR_7510,Hippocampus,16.65,65.21,Danio rerio
NEUR_6954,Cerebellum,61.15,107.56,Danio rerio
NEUR_6733,Amygdala,132.19,110.85,Mus musculus
NEUR_7301,Striatum,11.54,65.28,Mus musculus
NEUR_9488,Cortex,17.83,63.51,Danio rerio
NEUR_1750,Cerebellum,37.83,17.2,Mus musculus
NEUR_8260,Cortex,74.86,87.44,Rattus norvegicus
NEUR_3510,Cerebellum,62.5,109.69,Danio rerio
NEUR_1814,Hypothalamus,88.09,90.97,Danio rerio
NEUR_7043,Amygdala,73.19,12.88,Danio rerio
NEUR_2405,Amygdala,63.04,99.65,Macaca mulatta
NEUR_5399,Striatum,92.55,72.11,Danio rerio
NEUR_7538,Thalamus,136.52,113.29,Mus musculus
NEUR_5201,Cortex,106.19,91.63,Rattus norvegicus
NEUR_4744,Striatum,0.56,119.11,Macaca mulatta
NEUR_8153,Striatum,98.92,115.0,Rattus norvegicus
NEUR_9464,Cortex,34.18,111.71,Mus musculus
NEUR_6346,Cortex,55.02,68.52,Rattus norvegicus
NEUR_9065,Hippocampus,6.89,95.08,Rattus norvegicus
NEUR_9523,Thalamus,29.44,38.68,Mus musculus
NEUR_1965,Hippocampus,56.62,65.28,Danio rerio
NEUR_3574,Striatum,64.06,105.9,Rattus norvegicus
NEUR_8346,Cortex,40.84,108.49,Rattus norvegicus
NEUR_1880,Hypothalamus,85.79,50.56,Rattus norvegicus
NEUR_9654,Hypothalamus,53.06,93.42,Rattus norvegicus
NEUR_6154,Striatum,4.68,94.25,Rattus norvegicus
NEUR_6263,Hypothalamus,61.57,69.21,Rattus norvegicus
NEUR_4714,Cortex,30.5,111.47,Macaca mulatta
NEUR_6378,Hypothalamus,149.97,34.85,Rattus norvegicus
NEUR_4915,Cerebellum,17.06,91.47,Rattus norvegicus
NEUR_7339,Striatum,121.76,60.56,Mus musculus
NEUR_2242,Cerebellum,115.34,39.94,Mus musculus
NEUR_5278,Cortex,138.63,87.28,Macaca mulatta
NEUR_9145,Thalamus,122.24,25.58,Mus musculus
NEUR_7401,Thalamus,121.92,71.96,Danio rerio
NEUR_1797,Hypothalamus,103.97,92.0,Rattus norvegicus
NEUR_9532,Amygdala,25.06,115.54,Rattus norvegicus
NEUR_2846,Thalamus,12.02,93.74,Rattus norvegicus
NEUR_3061,Cerebellum,38.01,26.27,Rattus norvegicus
NEUR_6313,Striatum,85.97,105.66,Macaca mulatta
NEUR_6791,Hypothalamus,47.21,80.13,Mus musculus
NEUR_2186,Hypothalamus,146.54,102.88,Danio rerio
NEUR_3781,Hypothalamus,79.0,48.38,Rattus norvegicus
NEUR_7640,Amygdala,68.8,82.51,Danio rerio
NEUR_1782,Striatum,143.03,100.65,Danio rerio
NEUR_8119,Cortex,6.71,23.78,Rattus norvegicus
NEUR_3100,Striatum,117.42,78.29,Rattus norvegicus
NEUR_8907,Cerebellum,127.04,61.47,Mus musculus
NEUR_3294,Cerebellum,53.58,40.67,Macaca mulatta
NEUR_4681,Hypothalamus,106.47,35.95,Mus musculus
NEUR_5486,Hippocampus,36.75,88.68,Mus musculus
NEUR_7172,Cortex,142.69,42.36,Macaca mulatta
NEUR_1973,Striatum,90.36,27.13,Macaca mulatta
NEUR_8427,Thalamus,35.08,87.01,Macaca mulatta
NEUR_8968,Cortex,146.23,98.82,Rattus norvegicus
NEUR_3300,Amygdala,96.31,19.21,Mus musculus
NEUR_1955,Thalamus,5.44,26.96,Rattus norvegicus
NEUR_3733,Cortex,29.27,62.32,Mus musculus
NEUR_4853,Hypothalamus,83.45,58.62,Mus musculus
NEUR_2939,Cerebellum,1.64,72.17,Rattus norvegicus
NEUR_9111,Cerebellum,128.48,75.8,Rattus norvegicus
NEUR_1682,Hippocampus,5.68,46.24,Macaca mulatta
NEUR_2445,Hypothalamus,29.37,16.04,Mus musculus
NEUR_2207,Cerebellum,84.61,26.81,Mus musculus
NEUR_3801,Cerebellum,132.17,25.59,Danio rerio
NEUR_3597,Hypothalamus,135.2,118.43,Mus musculus
NEUR_2328,Amygdala,125.06,22.52,Macaca mulatta
NEUR_4659,Hippocampus,80.78,51.62,Rattus norvegicus
NEUR_9480,Cerebellum,96.7,42.33,Mus musculus
NEUR_8774,Striatum,44.95,85.11,Rattus norvegicus
NEUR_9843,Amygdala,11.92,24.91,Macaca mulatta
NEUR_9784,Amygdala,5.66,14.82,Danio rerio
NEUR_7657,Cerebellum,110.51,27.86,Mus musculus
NEUR_8230,Hippocampus,136.53,84.18,Danio rerio
NEUR_1456,Amygdala,101.69,50.87,Macaca mulatta
NEUR_5493,Hypothalamus,52.83,108.19,Mus musculus
NEUR_2976,Hypothalamus,32.23,76.3,Mus musculus
NEUR_8033,Hypothalamus,52.46,33.46,Macaca mulatta
NEUR_6324,Hippocampus,59.36,91.02,Rattus norvegicus
NEUR_5482,Cerebellum,12.25,84.74,Mus musculus
NEUR_7677,Hippocampus,126.95,18.96,Macaca mulatta
NEUR_8269,Cortex,60.79,14.22,Macaca mulatta
NEUR_4448,Thalamus,15.55,25.73,Macaca mulatta
NEUR_9243,Cortex,11.21,95.85,Mus musculus
NEUR_7853,Striatum,100.55,59.14,Macaca mulatta
NEUR_1219,Cerebellum,4.98,11.96,Macaca mulatta
NEUR_9774,Hypothalamus,71.31,90.12,Macaca mulatta
NEUR_2568,Cortex,7.89,61.79,Macaca mulatta
NEUR_4347,Amygdala,43.04,29.69,Rattus norvegicus
NEUR_1177,Hypothalamus,50.1,11.87,Rattus norvegicus
NEUR_9598,Hypothalamus,54.33,56.41,Rattus norvegicus
NEUR_3453,Hypothalamus,58.89,72.23,Mus musculus
NEUR_9942,Striatum,140.82,21.94,Danio rerio
NEUR_9523,Cerebellum,36.5,31.77,Mus musculus
NEUR_2391,Hypothalamus,101.43,70.79,Danio rerio
NEUR_5622,Hypothalamus,125.97,95.39,Rattus norvegicus
NEUR_5147,Amygdala,27.89,46.74,Danio rerio
NEUR_4966,Hippocampus,107.39,61.59,Danio rerio
NEUR_3267,Striatum,24.23,88.49,Danio rerio
NEUR_7970,Hypothalamus,148.06,64.1,Macaca mulatta
NEUR_5087,Hypothalamus,55.32,90.47,Danio rerio
NEUR_3588,Cortex,68.82,106.72,Mus musculus
NEUR_4186,Thalamus,30.03,47.01,Mus musculus
NEUR_8551,Cortex,143.56,63.67,Rattus norvegicus
NEUR_9841,Hippocampus,22.13,63.86,Mus musculus
NEUR_5784,Hypothalamus,35.91,90.31,Macaca mulatta
NEUR_2296,Hypothalamus,72.16,86.44,Mus musculus
NEUR_1970,Amygdala,10.58,21.87,Danio rerio
NEUR_7839,Hypothalamus,16.85,110.71,Macaca mulatta
NEUR_4265,Hippocampus,109.11,108.2,Danio rerio
NEUR_4078,Hypothalamus,137.96,15.9,Mus musculus
NEUR_9116,Hippocampus,147.51,52.83,Rattus norvegicus
NEUR_5211,Hypothalamus,20.08,21.97,Rattus norvegicus
NEUR_4577,Striatum,24.3,60.32,Danio rerio
NEUR_4028,Striatum,73.37,98.81,Mus musculus
NEUR_5832,Cerebellum,12.86,23.73,Macaca mulatta
NEUR_5215,Striatum,143.5,56.69,Rattus norvegicus
NEUR_4626,Amygdala,106.81,94.87,Mus musculus
NEUR_5609,Striatum,26.15,54.28,Rattus norvegicus
NEUR_4667,Cerebellum,85.08,62.69,Danio rerio
NEUR_2473,Hypothalamus,60.72,108.08,Mus musculus
NEUR_8562,Hippocampus,144.42,36.66,Rattus norvegicus
NEUR_3632,Hippocampus,21.06,57.34,Macaca mulatta
NEUR_4928,Cortex,47.94,73.51,Danio rerio
NEUR_5274,Cerebellum,106.11,108.93,Danio rerio
NEUR_3104,Hippocampus,129.6,80.56,Macaca mulatta
NEUR_3081,Hippocampus,83.77,34.98,Rattus norvegicus
NEUR_6362,Thalamus,48.6,67.39,Rattus norvegicus
NEUR_1185,Amygdala,139.4,26.82,Macaca mulatta
NEUR_3747,Hippocampus,75.11,88.17,Macaca mulatta
NEUR_6731,Hippocampus,142.25,37.93,Rattus norvegicus
NEUR_9707,Cerebellum,0.82,101.47,Macaca mulatta
NEUR_1977,Striatum,1.91,13.77,Danio rerio
NEUR_2859,Hippocampus,129.56,11.4,Danio rerio
NEUR_1214,Cerebellum,110.36,21.8,Macaca mulatta
NEUR_1446,Thalamus,140.92,77.35,Danio rerio
NEUR_8938,Cerebellum,137.4,34.18,Mus musculus
NEUR_4276,Thalamus,15.82,90.85,Mus musculus
NEUR_8118,Hippocampus,3.66,108.27,Danio rerio
NEUR_7687,Hypothalamus,53.56,111.06,Macaca mulatta
NEUR_8487,Cortex,19.31,71.09,Rattus norvegicus
NEUR_6699,Striatum,10.05,103.62,Mus musculus
NEUR_8470,Cortex,131.31,64.45,Danio rerio
NEUR_9105,Cortex,79.59,113.53,Macaca mulatta
NEUR_5535,Hippocampus,55.43,45.12,Danio rerio
NEUR_3234,Cerebellum,139.04,62.63,Mus musculus
NEUR_3972,Hypothalamus,125.79,50.33,Rattus norvegicus
NEUR_9340,Striatum,98.6,106.89,Danio rerio
NEUR_7816,Cortex,68.63,45.54,Mus musculus
NEUR_1441,Cortex,140.26,68.76,Rattus norvegicus
NEUR_7953,Striatum,14.08,90.34,Mus musculus
NEUR_9872,Cerebellum,73.87,66.94,Rattus norvegicus
NEUR_1611,Hippocampus,0.58,36.11,Macaca mulatta
NEUR_8452,Hippocampus,86.13,20.68,Danio rerio
NEUR_2359,Cortex,126.66,52.86,Mus musculus
NEUR_3465,Hypothalamus,91.82,104.1,Rattus norvegicus
NEUR_1187,Cerebellum,119.09,108.6,Macaca mulatta
NEUR_1489,Cortex,9.72,88.2,Danio rerio
NEUR_6317,Hypothalamus,72.31,32.02,Danio rerio
NEUR_8565,Striatum,74.65,13.59,Rattus norvegicus
NEUR_7974,Thalamus,89.39,60.83,Danio rerio
NEUR_1326,Cerebellum,40.7,92.65,Mus musculus
NEUR_2737,Hypothalamus,100.87,84.49,Rattus norvegicus
NEUR_1184,Hippocampus,30.41,112.88,Rattus norvegicus
NEUR_8622,Amygdala,53.76,86.74,Mus musculus
NEUR_7848,Amygdala,8.97,78.36,Macaca mulatta
NEUR_9148,Hypothalamus,79.58,119.64,Macaca mulatta
NEUR_6460,Thalamus,85.3,112.22,Macaca mulatta
NEUR_6988,Cerebellum,36.8,51.52,Mus musculus
NEUR_1464,Cortex,96.07,20.96,Danio rerio
NEUR_5829,Amygdala,127.74,54.37,Danio rerio
NEUR_6005,Cortex,92.62,68.99,Macaca mulatta
NEUR_3656,Hippocampus,9.82,10.32,Macaca mulatta
NEUR_8404,Cortex,21.36,45.6,Rattus norvegicus
NEUR_2256,Cerebellum,58.71,79.22,Mus musculus
NEUR_3790,Striatum,126.45,91.49,Macaca mulatta
NEUR_3956,Hippocampus,4.71,86.52,Macaca mulatta
NEUR_4081,Hypothalamus,26.73,31.74,Rattus norvegicus
NEUR_8767,Amygdala,12.2,47.19,Mus musculus
NEUR_2691,Striatum,58.29,35.45,Macaca mulatta
NEUR_6250,Striatum,115.95,74.36,Rattus norvegicus
NEUR_7037,Striatum,79.91,12.95,Mus musculus
NEUR_6778,Cortex,119.84,50.04,Rattus norvegicus
NEUR_9407,Thalamus,134.4,65.3,Macaca mulatta
NEUR_8426,Amygdala,72.22,31.72,Macaca mulatta
NEUR_4081,Thalamus,99.55,101.23,Danio rerio
NEUR_2944,Cortex,118.64,104.11,Rattus norvegicus
NEUR_9835,Hypothalamus,33.27,101.24,Mus musculus
NEUR_7608,Hippocampus,116.39,19.87,Rattus norvegicus
NEUR_9460,Striatum,124.28,10.92,Mus musculus
NEUR_5040,Cerebellum,123.14,38.64,Mus musculus
NEUR_2532,Hypothalamus,36.01,10.29,Mus musculus
NEUR_3347,Amygdala,76.28,74.83,Rattus norvegicus
NEUR_8606,Hippocampus,48.17,29.54,Mus musculus
NEUR_3345,Cerebellum,100.91,39.16,Danio rerio
NEUR_6176,Amygdala,83.75,44.81,Mus musculus
NEUR_7353,Striatum,31.23,69.47,Mus musculus
NEUR_2469,Amygdala,105.0,12.77,Danio rerio
NEUR_1355,Cerebellum,63.26,44.62,Danio rerio
NEUR_7018,Hippocampus,134.08,39.32,Macaca mulatta
NEUR_9712,Hippocampus,43.36,17.01,Mus musculus
NEUR_7827,Cortex,135.5,49.99,Macaca mulatta
NEUR_6630,Striatum,67.61,111.67,Mus musculus
NEUR_4273,Thalamus,106.06,104.5,Rattus norvegicus
NEUR_1005,Cerebellum,88.59,42.22,Mus musculus
NEUR_2319,Cortex,61.75,106.92,Macaca mulatta
NEUR_2297,Thalamus,80.14,71.1,Danio rerio
NEUR_6605,Cortex,132.8,51.57,Danio rerio
NEUR_4774,Cortex,10.9,32.16,Macaca mulatta
NEUR_8143,Thalamus,54.0,63.04,Rattus norvegicus
NEUR_9124,Hippocampus,58.56,70.04,Mus musculus
NEUR_5105,Cerebellum,41.47,119.13,Danio rerio
NEUR_5580,Thalamus,132.29,25.32,Danio rerio
NEUR_9368,Cortex,81.52,33.77,Danio rerio
NEUR_1637,Hypothalamus,102.54,10.58,Mus musculus
NEUR_8366,Amygdala,117.61,94.05,Mus musculus
NEUR_8489,Amygdala,8.0,21.07,Macaca mulatta
NEUR_3509,Amygdala,55.18,106.89,Macaca mulatta
NEUR_3839,Cerebellum,79.29,75.99,Danio rerio
NEUR_7254,Cortex,139.7,25.74,Macaca mulatta
NEUR_1160,Hippocampus,79.57,31.73,Mus musculus
NEUR_4015,Thalamus,148.61,91.73,Macaca mulatta
NEUR_4963,Hippocampus,112.24,47.79,Danio rerio
NEUR_5158,Cortex,125.63,28.66,Rattus norvegicus
NEUR_4318,Amygdala,105.6,84.42,Mus musculus
NEUR_9247,Amygdala,57.46,66.48,Rattus norvegicus
NEUR_5172,Cerebellum,126.52,47.34,Mus musculus
NEUR_3918,Thalamus,107.52,45.85,Mus musculus
NEUR_1109,Cerebellum,88.09,92.7,Macaca mulatta
NEUR_4645,Cortex,85.48,73.37,Rattus norvegicus
NEUR_8878,Hypothalamus,104.91,51.23,Macaca mulatta
NEUR_4854,Thalamus,111.6,78.55,Rattus norvegicus
NEUR_9905,Amygdala,50.95,118.79,Danio rerio
NEUR_4168,Striatum,143.05,91.66,Macaca mulatta
NEUR_5168,Cortex,65.79,28.09,Mus musculus
NEUR_7617,Amygdala,108.41,56.23,Macaca mulatta
NEUR_4869,Thalamus,84.5,42.08,Rattus norvegicus
NEUR_7919,Hippocampus,69.45,109.85,Mus musculus
NEUR_6920,Hypothalamus,132.54,77.18,Danio rerio
NEUR_8766,Hippocampus,8.28,108.51,Mus musculus
NEUR_6101,Hippocampus,21.37,74.74,Macaca mulatta
NEUR_4069,Cerebellum,4.49,69.54,Macaca mulatta
NEUR_6947,Hippocampus,112.27,95.13,Danio rerio
NEUR_3073,Hippocampus,86.96,56.73,Macaca mulatta
NEUR_4428,Amygdala,32.62,48.69,Macaca mulatta
NEUR_6701,Amygdala,70.81,94.04,Macaca mulatta
NEUR_7057,Hippocampus,91.56,100.11,Danio rerio
NEUR_8227,Hypothalamus,69.87,10.6,Danio rerio
NEUR_3503,Cortex,126.89,97.47,Danio rerio
NEUR_6628,Hypothalamus,2.91,76.74,Danio rerio
NEUR_2642,Cerebellum,7.9,45.64,Macaca mulatta
NEUR_2245,Amygdala,107.84,26.72,Mus musculus
NEUR_8089,Amygdala,111.81,75.67,Rattus norvegicus
NEUR_6459,Amygdala,127.44,48.95,Rattus norvegicus
NEUR_4889,Amygdala,53.4,39.45,Rattus norvegicus
NEUR_4005,Thalamus,0.76,89.73,Rattus norvegicus
NEUR_9384,Hippocampus,83.42,112.78,Danio rerio
NEUR_6246,Hippocampus,132.04,81.55,Danio rerio
NEUR_6509,Cerebellum,81.99,82.32,Mus musculus
NEUR_7031,Hypothalamus,41.02,84.73,Mus musculus
NEUR_1767,Cortex,74.49,80.3,Mus musculus
NEUR_8664,Cerebellum,1.33,73.79,Macaca mulatta
NEUR_4119,Cerebellum,36.97,75.1,Rattus norvegicus
NEUR_8793,Thalamus,41.05,13.54,Rattus norvegicus
NEUR_7367,Cerebellum,137.1,93.87,Danio rerio
NEUR_7671,Cerebellum,144.42,63.19,Danio rerio
NEUR_8372,Cerebellum,21.21,113.18,Mus musculus
NEUR_1337,Amygdala,89.21,118.53,Macaca mulatta
NEUR_1940,Cerebellum,141.47,85.66,Mus musculus
NEUR_4256,Striatum,103.66,32.87,Mus musculus
NEUR_8946,Hypothalamus,147.39,91.11,Mus musculus
NEUR_8207,Amygdala,64.23,90.56,Rattus norvegicus
NEUR_6110,Hippocampus,28.55,47.23,Macaca mulatta
NEUR_6624,Thalamus,89.92,97.91,Mus musculus
NEUR_5764,Amygdala,81.7,72.17,Rattus norvegicus
NEUR_1870,Amygdala,69.61,77.55,Mus musculus
NEUR_8190,Cortex,118.06,19.25,Rattus norvegicus
NEUR_1107,Hypothalamus,113.09,79.22,Danio rerio
NEUR_1437,Thalamus,47.28,70.21,Danio rerio
NEUR_4174,Hypothalamus,58.8,65.4,Rattus norvegicus
NEUR_2252,Striatum,69.08,65.34,Macaca mulatta
NEUR_2080,Amygdala,74.75,86.13,Mus musculus
NEUR_3151,Hippocampus,31.44,51.29,Danio rerio
NEUR_6413,Hypothalamus,15.81,43.09,Rattus norvegicus
NEUR_8794,Cerebellum,23.16,73.59,Mus musculus
NEUR_7237,Cerebellum,120.56,15.25,Danio rerio
NEUR_6221,Cortex,96.62,106.46,Danio rerio
NEUR_6960,Striatum,19.65,70.49,Macaca mulatta
NEUR_4635,Thalamus,82.96,31.0,Macaca mulatta
NEUR_6721,Amygdala,61.19,25.02,Rattus norvegicus
NEUR_2096,Hypothalamus,96.1,54.39,Macaca mulatta
NEUR_3741,Thalamus,20.46,101.62,Rattus norvegicus
NEUR_2637,Cortex,89.23,90.99,Rattus norvegicus
NEUR_3853,Hypothalamus,122.96,98.63,Rattus norvegicus
NEUR_5381,Amygdala,111.91,51.51,Mus musculus
NEUR_8505,Striatum,34.91,107.94,Danio rerio
NEUR_2338,Striatum,117.04,62.81,Macaca mulatta
NEUR_4313,Amygdala,125.92,52.08,Macaca mulatta
NEUR_6496,Thalamus,105.42,99.5,Danio rerio
NEUR_8291,Amygdala,36.65,12.9,Danio rerio
NEUR_6562,Hypothalamus,9.49,106.68,Mus musculus
NEUR_7920,Cortex,113.31,45.66,Danio rerio
NEUR_8616,Hippocampus,71.93,32.78,Macaca mulatta
NEUR_7530,Cortex,73.33,53.62,Rattus norvegicus
NEUR_8740,Cerebellum,45.44,17.89,Mus musculus
NEUR_9217,Thalamus,70.31,18.59,Macaca mulatta
NEUR_1509,Cerebellum,87.94,118.91,Mus musculus
NEUR_6239,Striatum,115.5,27.76,Macaca mulatta
NEUR_3380,Striatum,108.77,76.53,Danio rerio
NEUR_8826,Hypothalamus,120.97,115.9,Rattus norvegicus
NEUR_5594,Cortex,106.55,106.5,Rattus norvegicus
NEUR_8076,Cortex,144.53,18.44,Danio rerio
NEUR_2880,Hypothalamus,90.81,38.77,Rattus norvegicus
NEUR_3696,Amygdala,120.2,59.41,Mus musculus
NEUR_9190,Hippocampus,55.17,100.85,Danio rerio
NEUR_3299,Thalamus,3.57,73.74,Rattus norvegicus
NEUR_3943,Striatum,119.39,48.86,Rattus norvegicus
NEUR_7102,Striatum,54.34,18.15,Mus musculus
NEUR_3450,Cortex,131.91,55.68,Macaca mulatta
NEUR_9982,Cerebellum,84.84,96.91,Danio rerio
NEUR_5333,Amygdala,62.42,77.69,Macaca mulatta
NEUR_4645,Cerebellum,107.56,40.89,Mus musculus
NEUR_9786,Striatum,112.3,26.52,Danio rerio
NEUR_4564,Thalamus,6.94,26.48,Macaca mulatta
NEUR_2409,Hippocampus,47.73,106.03,Macaca mulatta
NEUR_3036,Hypothalamus,43.19,53.23,Mus musculus
NEUR_5448,Cerebellum,0.94,70.24,Rattus norvegicus
NEUR_7690,Hypothalamus,76.71,116.23,Rattus norvegicus
NEUR_7728,Amygdala,145.49,84.22,Rattus norvegicus
NEUR_6117,Hippocampus,129.8,14.76,Macaca mulatta
NEUR_2876,Hypothalamus,67.87,14.37,Danio rerio
NEUR_9757,Hippocampus,93.46,64.24,Danio rerio
NEUR_3865,Cortex,141.05,67.48,Danio rerio
NEUR_7114,Cortex,85.35,49.72,Danio rerio
NEUR_5161,Cortex,89.51,46.1,Danio rerio
NEUR_8263,Hypothalamus,111.63,64.47,Danio rerio
NEUR_9252,Cortex,74.06,59.99,Mus musculus
NEUR_6407,Hippocampus,29.09,99.47,Macaca mulatta
NEUR_6931,Thalamus,109.94,36.06,Rattus norvegicus
NEUR_4170,Hypothalamus,32.84,20.75,Rattus norvegicus
NEUR_8473,Thalamus,139.74,32.64,Macaca mulatta
NEUR_3940,Cerebellum,15.3,28.23,Danio rerio
NEUR_4421,Cortex,87.58,67.11,Danio rerio
NEUR_1828,Hypothalamus,122.86,33.19,Rattus norvegicus
NEUR_8841,Hippocampus,78.17,23.05,Macaca mulatta
NEUR_9322,Thalamus,63.33,52.36,Macaca mulatta
NEUR_5124,Hypothalamus,49.59,110.76,Mus musculus
NEUR_4935,Cerebellum,27.95,64.23,Mus musculus
NEUR_8454,Amygdala,42.69,94.27,Mus musculus
NEUR_2329,Hypothalamus,89.61,22.51,Danio rerio
NEUR_6255,Cerebellum,125.62,68.74,Macaca mulatta
NEUR_8151,Hypothalamus,10.65,119.71,Rattus norvegicus
NEUR_5936,Amygdala,0.39,85.76,Macaca mulatta
NEUR_2596,Hippocampus,116.56,29.18,Rattus norvegicus
NEUR_4305,Hypothalamus,39.28,57.15,Mus musculus
NEUR_9799,Amygdala,105.92,76.08,Rattus norvegicus
NEUR_6814,Amygdala,89.09,58.92,Rattus norvegicus
NEUR_5033,Thalamus,47.48,59.49,Rattus norvegicus
NEUR_8510,Amygdala,65.84,61.53,Danio rerio
NEUR_4164,Cortex,2.84,88.1,Danio rerio
NEUR_8789,Amygdala,89.66,110.9,Mus musculus
NEUR_2188,Hippocampus,2.39,29.78,Danio rerio
NEUR_5794,Cortex,65.39,37.02,Mus musculus
NEUR_9531,Cerebellum,34.93,20.45,Danio rerio
NEUR_2414,Hippocampus,135.17,21.42,Mus musculus
NEUR_1980,Hippocampus,48.6,41.9,Mus musculus
NEUR_8306,Hippocampus,19.96,103.06,Mus musculus
NEUR_3221,Cortex,67.3,81.92,Rattus norvegicus
NEUR_4929,Cerebellum,81.5,116.22,Rattus norvegicus
NEUR_2071,Cerebellum,68.69,24.16,Danio rerio
NEUR_5431,Amygdala,49.5,44.67,Danio rerio
NEUR_5919,Cortex,143.89,90.01,Rattus norvegicus
NEUR_5380,Amygdala,146.44,48.9,Rattus norvegicus
NEUR_4234,Cortex,62.28,18.8,Rattus norvegicus
NEUR_5177,Cerebellum,141.26,48.04,Macaca mulatta
NEUR_3126,Striatum,0.26,73.38,Danio rerio
NEUR_6025,Thalamus,36.41,40.39,Macaca mulatta
NEUR_9346,Striatum,115.07,91.13,Macaca mulatta
NEUR_8368,Striatum,3.63,20.92,Rattus norvegicus
NEUR_2585,Hypothalamus,41.83,71.21,Danio rerio
NEUR_9931,Hypothalamus,63.57,20.37,Rattus norvegicus
NEUR_3576,Striatum,78.93,92.6,Mus musculus
NEUR_7325,Amygdala,39.53,38.3,Rattus norvegicus
NEUR_4817,Cerebellum,38.96,80.73,Macaca mulatta
NEUR_1631,Hypothalamus,103.14,62.27,Rattus norvegicus
NEUR_2849,Amygdala,122.86,84.76,Rattus norvegicus
NEUR_9927,Striatum,73.44,112.99,Danio rerio
NEUR_8688,Thalamus,9.62,40.53,Macaca mulatta
NEUR_3156,Hypothalamus,57.8,46.02,Macaca mulatta
NEUR_3443,Cerebellum,122.15,110.74,Macaca mulatta
NEUR_8020,Thalamus,142.15,114.1,Mus musculus
NEUR_2200,Cerebellum,55.41,43.61,Mus musculus
NEUR_6365,Hippocampus,26.99,53.7,Macaca mulatta
NEUR_5893,Thalamus,33.15,17.28,Mus musculus
NEUR_2268,Thalamus,72.16,104.9,Mus musculus
NEUR_3919,Striatum,101.54,20.93,Macaca mulatta
NEUR_7928,Thalamus,41.3,71.18,Macaca mulatta
NEUR_9158,Amygdala,143.15,114.89,Macaca mulatta
NEUR_4190,Cerebellum,112.34,110.94,Danio rerio
NEUR_2627,Cortex,79.19,113.63,Macaca mulatta
NEUR_7009,Cerebellum,120.3,115.21,Macaca mulatta
NEUR_9513,Cortex,138.82,52.23,Macaca mulatta
NEUR_2106,Cerebellum,69.58,44.4,Macaca mulatta
NEUR_3666,Thalamus,28.3,36.74,Danio rerio
NEUR_4997,Cortex,149.58,79.34,Macaca mulatta
NEUR_7263,Striatum,136.09,10.94,Danio rerio
NEUR_7747,Hypothalamus,39.67,20.59,Mus musculus
NEUR_3352,Hippocampus,37.41,67.74,Danio rerio
NEUR_5434,Cortex,137.06,111.77,Mus musculus
NEUR_9202,Striatum,149.05,17.05,Macaca mulatta
NEUR_2995,Cerebellum,57.45,35.26,Danio rerio
NEUR_9678,Striatum,44.86,20.54,Danio rerio
NEUR_5651,Hippocampus,141.8,117.77,Macaca mulatta
NEUR_6452,Hippocampus,96.98,14.82,Macaca mulatta
NEUR_6942,Cortex,24.56,98.69,Macaca mulatta
NEUR_8328,Cerebellum,143.29,53.41,Danio rerio
NEUR_4234,Cortex,128.4,85.24,Mus musculus
NEUR_7902,Striatum,26.67,51.53,Rattus norvegicus
NEUR_7664,Hippocampus,51.76,112.34,Macaca mulatta
NEUR_4139,Amygdala,38.87,60.62,Mus musculus
NEUR_3637,Amygdala,9.51,16.56,Mus musculus
NEUR_3417,Cortex,38.44,32.61,Danio rerio
NEUR_3283,Thalamus,123.16,10.41,Rattus norvegicus
NEUR_1806,Cerebellum,143.99,114.76,Mus musculus
NEUR_8405,Striatum,61.1,58.65,Rattus norvegicus
NEUR_9667,Thalamus,19.64,109.46,Macaca mulatta
NEUR_6508,Amygdala,114.75,69.14,Rattus norvegicus
NEUR_5722,Hypothalamus,80.46,100.45,Macaca mulatta
NEUR_4992,Cerebellum,81.1,115.77,Mus musculus
NEUR_5375,Cortex,142.26,51.26,Mus musculus
NEUR_4004,Hypothalamus,36.03,47.21,Danio rerio
NEUR_7428,Cerebellum,4.81,83.11,Mus musculus
NEUR_2041,Cerebellum,87.97,25.46,Danio rerio
NEUR_7216,Hippocampus,133.79,73.65,Mus musculus
NEUR_7281,Striatum,38.82,27.58,Mus musculus
NEUR_4741,Cortex,74.91,24.68,Macaca mulatta
NEUR_9863,Cerebellum,82.93,98.99,Macaca mulatta
NEUR_2111,Striatum,127.08,69.27,Rattus norvegicus
NEUR_8513,Hypothalamus,136.81,63.65,Macaca mulatta
NEUR_8913,Hypothalamus,31.36,99.92,Macaca mulatta
NEUR_8097,Cortex,115.14,17.16,Macaca mulatta
NEUR_9721,Cerebellum,127.09,66.77,Macaca mulatta
NEUR_7464,Cortex,16.86,26.72,Danio rerio
NEUR_2483,Amygdala,136.45,102.09,Macaca mulatta
NEUR_4751,Hippocampus,107.8,82.33,Mus musculus
NEUR_4448,Amygdala,147.9,109.28,Mus musculus
NEUR_1435,Striatum,68.97,12.41,Rattus norvegicus
NEUR_3052,Amygdala,89.28,23.54,Rattus norvegicus
NEUR_5863,Hippocampus,23.84,42.53,Macaca mulatta
NEUR_4724,Hypothalamus,2.63,23.43,Danio rerio
NEUR_7850,Amygdala,79.67,60.94,Danio rerio
NEUR_9484,Striatum,47.91,92.69,Rattus norvegicus
NEUR_2334,Cortex,4.29,108.24,Macaca mulatta
NEUR_5636,Amygdala,119.24,56.34,Macaca mulatta
NEUR_1139,Thalamus,135.64,93.91,Danio rerio
NEUR_9009,Striatum,16.31,12.99,Mus musculus
NEUR_3913,Amygdala,83.56,41.75,Rattus norvegicus
NEUR_2124,Hippocampus,146.21,77.91,Macaca mulatta
NEUR_4404,Striatum,72.22,16.2,Macaca mulatta
NEUR_9709,Striatum,65.24,114.54,Macaca mulatta
NEUR_2712,Amygdala,37.22,99.23,Rattus norvegicus
NEUR_7885,Cerebellum,15.28,27.04,Mus musculus
NEUR_2595,Amygdala,2.58,73.28,Rattus norvegicus
NEUR_3310,Hippocampus,136.69,79.1,Danio rerio
NEUR_2273,Cortex,135.59,87.88,Danio rerio
NEUR_3496,Hippocampus,74.56,17.16,Mus musculus
NEUR_9028,Cortex,62.13,94.82,Mus musculus
NEUR_3349,Striatum,15.89,27.24,Rattus norvegicus
NEUR_9244,Striatum,113.17,115.68,Rattus norvegicus
NEUR_7778,Cerebellum,107.45,20.66,Danio rerio
NEUR_9509,Thalamus,52.89,31.44,Rattus norvegicus
NEUR_8012,Cerebellum,95.13,90.38,Danio rerio
NEUR_3005,Amygdala,118.21,25.39,Rattus norvegicus
NEUR_9435,Striatum,59.26,47.18,Danio rerio
NEUR_3449,Thalamus,97.17,34.83,Danio rerio
NEUR_9232,Hypothalamus,126.21,33.94,Danio rerio
NEUR_4048,Amygdala,66.23,18.34,Rattus norvegicus
NEUR_8642,Cortex,89.07,46.35,Rattus norvegicus
NEUR_4447,Hypothalamus,55.07,118.01,Rattus norvegicus
NEUR_4079,Hypothalamus,80.33,42.6,Rattus norvegicus
NEUR_5503,Amygdala,66.07,27.09,Rattus norvegicus
NEUR_4341,Cerebellum,79.51,33.37,Danio rerio
NEUR_6815,Striatum,142.07,104.95,Macaca mulatta
NEUR_3047,Cerebellum,27.05,89.15,Danio rerio
NEUR_4731,Cerebellum,62.36,34.22,Macaca mulatta
NEUR_7020,Cerebellum,11.94,81.91,Danio rerio
NEUR_4195,Striatum,148.02,92.14,Macaca mulatta
NEUR_3295,Thalamus,145.97,66.88,Macaca mulatta
NEUR_4183,Cortex,21.96,31.74,Mus musculus
NEUR_3089,Amygdala,133.05,18.69,Macaca mulatta
NEUR_7053,Striatum,21.74,45.93,Danio rerio
NEUR_6297,Hippocampus,130.42,56.01,Mus musculus
NEUR_2886,Cerebellum,127.51,44.52,Macaca mulatta
NEUR_6620,Striatum,122.92,110.87,Mus musculus
NEUR_3847,Cerebellum,91.92,79.86,Rattus norvegicus
NEUR_6859,Cortex,66.05,36.76,Rattus norvegicus
NEUR_4429,Striatum,44.68,37.79,Rattus norvegicus
NEUR_8181,Amygdala,44.9,77.83,Danio rerio
NEUR_7418,Cortex,31.78,18.13,Macaca mulatta
NEUR_5487,Thalamus,113.31,76.66,Macaca mulatta
NEUR_4043,Cerebellum,132.58,59.69,Mus musculus
NEUR_7998,Striatum,138.46,114.68,Macaca mulatta
NEUR_2628,Cortex,123.83,103.6,Mus musculus
NEUR_9224,Hippocampus,26.75,95.75,Mus musculus
NEUR_7821,Striatum,5.66,33.02,Rattus norvegicus
NEUR_4254,Amygdala,104.23,51.54,Danio rerio
NEUR_8876,Cortex,61.71,44.71,Macaca mulatta
NEUR_9268,Hypothalamus,66.6,75.31,Mus musculus
NEUR_6604,Hypothalamus,31.08,48.76,Danio rerio
NEUR_8890,Thalamus,82.43,88.35,Mus musculus
NEUR_7396,Cerebellum,87.5,91.06,Rattus norvegicus
NEUR_6775,Striatum,118.12,38.64,Rattus norvegicus
NEUR_8415,Thalamus,89.97,84.52,Danio rerio
NEUR_6116,Striatum,48.1,89.33,Danio rerio
NEUR_4483,Hippocampus,77.31,13.07,Danio rerio
NEUR_3991,Thalamus,123.41,11.4,Rattus norvegicus
NEUR_8026,Striatum,91.41,108.59,Mus musculus
NEUR_9622,Thalamus,74.93,114.01,Danio rerio
NEUR_2615,Hypothalamus,60.42,107.9,Mus musculus
NEUR_2505,Thalamus,125.79,88.36,Rattus norvegicus
NEUR_6499,Cerebellum,76.64,65.35,Mus musculus
NEUR_5498,Hippocampus,133.77,113.24,Macaca mulatta
NEUR_1135,Hippocampus,103.2,80.36,Macaca mulatta
NEUR_9500,Thalamus,73.17,106.86,Mus musculus
NEUR_2128,Thalamus,143.7,61.05,Macaca mulatta
NEUR_9441,Cerebellum,49.49,36.88,Danio rerio
NEUR_3772,Striatum,71.88,20.93,Danio rerio
NEUR_8586,Hypothalamus,10.3,93.22,Mus musculus
NEUR_6590,Hippocampus,138.84,42.67,Rattus norvegicus
NEUR_2439,Striatum,143.43,114.91,Macaca mulatta
NEUR_4337,Amygdala,120.41,31.49,Macaca mulatta
NEUR_7300,Hypothalamus,82.79,40.51,Danio rerio
NEUR_6797,Hypothalamus,87.36,108.52,Mus musculus
NEUR_1783,Striatum,91.28,118.5,Rattus norvegicus
NEUR_8933,Hypothalamus,37.61,107.66,Danio rerio
NEUR_1581,Amygdala,55.72,110.27,Macaca mulatta
NEUR_6522,Striatum,57.11,19.47,Macaca mulatta
NEUR_5632,Cortex,113.39,19.46,Rattus norvegicus
NEUR_9349,Hippocampus,7.29,119.45,Danio rerio
NEUR_1314,Hypothalamus,62.79,52.18,Rattus norvegicus
NEUR_3072,Amygdala,148.87,106.39,Mus musculus
NEUR_1514,Striatum,0.22,105.33,Danio rerio
NEUR_3807,Cerebellum,43.48,116.91,Macaca mulatta
NEUR_5918,Striatum,6.91,67.58,Mus musculus
NEUR_5937,Hippocampus,115.34,113.25,Rattus norvegicus
NEUR_6961,Thalamus,93.59,97.2,Mus musculus
NEUR_5688,Cerebellum,91.36,83.15,Mus musculus
NEUR_3479,Cortex,130.53,28.26,Rattus norvegicus
NEUR_6095,Hypothalamus,139.83,72.7,Macaca mulatta
NEUR_5509,Hypothalamus,15.46,46.93,Mus musculus
NEUR_6083,Cortex,75.54,119.23,Danio rerio
NEUR_9838,Hippocampus,43.06,83.63,Rattus norvegicus
NEUR_5081,Cerebellum,7.92,31.18,Rattus norvegicus
NEUR_3218,Hippocampus,80.1,98.96,Mus musculus
NEUR_1083,Hippocampus,48.38,95.14,Danio rerio
NEUR_7855,Striatum,1.03,99.7,Rattus norvegicus
NEUR_5362,Amygdala,28.67,85.05,Rattus norvegicus
NEUR_2839,Cerebellum,83.14,60.36,Danio rerio
NEUR_6115,Hippocampus,55.85,75.42,Mus musculus
NEUR_6777,Striatum,145.14,95.82,Mus musculus
NEUR_4926,Cortex,86.45,41.74,Danio rerio
NEUR_5711,Hypothalamus,19.45,95.5,Danio rerio
NEUR_3032,Thalamus,115.01,64.17,Rattus norvegicus
NEUR_2249,Amygdala,126.63,111.77,Rattus norvegicus
NEUR_3453,Striatum,14.24,109.7,Macaca mulatta
NEUR_8344,Thalamus,73.26,115.82,Danio rerio
NEUR_6368,Amygdala,10.65,104.78,Rattus norvegicus
NEUR_8665,Cortex,15.89,18.42,Mus musculus
NEUR_3897,Amygdala,128.91,25.51,Danio rerio
NEUR_1156,Hippocampus,128.79,70.34,Mus musculus
NEUR_8774,Hypothalamus,114.55,10.75,Rattus norvegicus
NEUR_5338,Hypothalamus,49.79,119.56,Mus musculus
NEUR_5948,Cortex,62.75,13.39,Rattus norvegicus
NEUR_7302,Cortex,136.84,34.55,Rattus norvegicus
NEUR_8540,Amygdala,71.29,88.26,Macaca mulatta
NEUR_9380,Cortex,4.15,76.16,Rattus norvegicus
NEUR_3821,Hypothalamus,71.45,112.1,Macaca mulatta
NEUR_2081,Cortex,75.23,53.8,Danio rerio
NEUR_8760,Striatum,75.29,66.73,Rattus norvegicus
NEUR_9527,Cortex,122.14,26.02,Macaca mulatta
NEUR_3851,Thalamus,120.33,84.39,Rattus norvegicus
NEUR_9997,Amygdala,110.72,45.82,Rattus norvegicus
NEUR_2096,Cortex,21.2,97.46,Danio rerio
NEUR_5380,Cerebellum,54.78,10.26,Mus musculus
NEUR_2349,Amygdala,38.32,60.34,Danio rerio
NEUR_7481,Thalamus,87.27,51.7,Danio rerio
NEUR_3849,Striatum,38.66,96.1,Rattus norvegicus
NEUR_5002,Amygdala,90.34,54.79,Mus musculus
NEUR_1360,Amygdala,79.8,26.65,Rattus norvegicus
NEUR_6970,Thalamus,117.19,92.53,Danio rerio
NEUR_9257,Cerebellum,20.49,55.04,Mus musculus
NEUR_3160,Cerebellum,1.09,53.41,Danio rerio
NEUR_2838,Amygdala,148.02,62.97,Mus musculus
NEUR_2701,Thalamus,107.62,46.74,Rattus norvegicus
NEUR_3185,Thalamus,78.13,104.82,Mus musculus
NEUR_6320,Cortex,118.03,22.2,Rattus norvegicus
NEUR_3244,Cortex,140.91,80.33,Macaca mulatta
NEUR_3515,Thalamus,134.05,34.94,Mus musculus
NEUR_3866,Striatum,82.8,77.08,Rattus norvegicus
NEUR_7501,Thalamus,50.31,37.43,Danio rerio
NEUR_1411,Thalamus,89.0,104.8,Macaca mulatta
NEUR_9062,Cerebellum,45.87,53.49,Macaca mulatta
NEUR_5907,Hypothalamus,91.61,64.62,Danio rerio
NEUR_6663,Amygdala,99.43,108.26,Macaca mulatta
NEUR_8793,Thalamus,101.28,26.03,Danio rerio
NEUR_8282,Amygdala,146.77,111.27,Rattus norvegicus
NEUR_2338,Hippocampus,131.43,40.43,Mus musculus
NEUR_1455,Hypothalamus,118.8,83.73,Mus musculus
NEUR_1523,Cortex,73.58,98.33,Rattus norvegicus
NEUR_1822,Amygdala,58.52,46.1,Danio rerio
NEUR_5535,Cortex,113.32,96.23,Macaca mulatta
NEUR_5185,Thalamus,108.8,43.41,Rattus norvegicus
NEUR_4553,Hypothalamus,64.19,119.78,Rattus norvegicus
NEUR_7654,Hippocampus,83.86,28.35,Macaca mulatta
NEUR_5792,Cerebellum,126.43,107.32,Mus musculus
NEUR_8489,Striatum,70.67,28.53,Macaca mulatta
NEUR_9825,Amygdala,147.54,54.35,Danio rerio
NEUR_5302,Cortex,143.16,28.59,Rattus norvegicus
NEUR_8633,Striatum,31.28,36.46,Mus musculus
NEUR_8927,Hippocampus,38.25,56.69,Danio rerio
NEUR_4254,Striatum,13.59,43.46,Danio rerio
NEUR_5697,Cerebellum,132.71,115.55,Danio rerio
NEUR_6668,Thalamus,138.62,74.02,Rattus norvegicus
NEUR_9914,Hypothalamus,86.33,42.37,Danio rerio
NEUR_1899,Hypothalamus,74.92,83.86,Danio rerio
NEUR_2225,Thalamus,33.36,82.35,Mus musculus
NEUR_3218,Hypothalamus,130.84,116.15,Mus musculus
NEUR_4385,Amygdala,75.9,31.13,Macaca mulatta
NEUR_5679,Striatum,127.92,74.04,Danio rerio
NEUR_3100,Thalamus,54.69,89.91,Rattus norvegicus
NEUR_5762,Cerebellum,123.26,74.48,Macaca mulatta
NEUR_5289,Hypothalamus,54.07,92.71,Danio rerio
NEUR_1514,Amygdala,40.1,119.46,Danio rerio
NEUR_8026,Striatum,40.5,54.44,Mus musculus
NEUR_9121,Thalamus,63.76,88.93,Rattus norvegicus
NEUR_3338,Cerebellum,77.31,108.86,Danio rerio
NEUR_6051,Striatum,67.63,116.74,Rattus norvegicus
NEUR_9888,Amygdala,111.43,20.79,Macaca mulatta
NEUR_8000,Striatum,70.65,17.01,Danio rerio
NEUR_6262,Amygdala,123.86,88.4,Rattus norvegicus
NEUR_6825,Hypothalamus,22.16,86.94,Macaca mulatta
NEUR_5844,Cerebellum,111.68,14.71,Macaca mulatta
NEUR_6359,Amygdala,64.77,32.1,Macaca mulatta
NEUR_2132,Thalamus,4.44,62.17,Macaca mulatta
